timestamp,epoch,iteration,loss,throughput_samp_s,comm_latency_ms,iter_time_ms,rank,world_size,arch
1778165566.8887722,1,0,2.362833,23.92,384.403,1331.307,2,4,ring_ar
1778165567.340202,1,1,2.454235,74.44,365.641,424.461,2,4,ring_ar
1778165567.7494583,1,2,2.264755,86.22,337.055,362.204,2,4,ring_ar
1778165568.1183004,1,3,2.223486,90.85,323.797,344.489,2,4,ring_ar
1778165568.4848037,1,4,2.327817,93.36,318.327,335.211,2,4,ring_ar
1778165568.8616738,1,5,2.428864,90.02,326.741,346.424,2,4,ring_ar
1778165569.2448156,1,6,2.456459,91.78,325.44,339.879,2,4,ring_ar
1778165569.6344576,1,7,2.252867,85.95,346.434,363.34,2,4,ring_ar
1778165570.0081139,1,8,2.115302,87.68,328.139,356.455,2,4,ring_ar
1778165570.3774602,1,9,2.265685,92.12,321.339,338.691,2,4,ring_ar
1778165570.7527237,1,10,2.110266,88.28,337.354,353.689,2,4,ring_ar
1778165571.1256971,1,11,2.175115,87.82,327.266,355.545,2,4,ring_ar
1778165571.4933412,1,12,2.334437,90.07,323.271,347.776,2,4,ring_ar
1778165571.8637908,1,13,2.204682,88.39,337.07,353.401,2,4,ring_ar
1778165572.2311442,1,14,2.056198,90.71,326.729,343.754,2,4,ring_ar
1778165572.5967124,1,15,2.030345,89.65,321.505,349.746,2,4,ring_ar
1778165572.9662695,1,16,2.212903,88.62,328.641,352.58,2,4,ring_ar
1778165573.3424344,1,17,1.992035,88.83,327.236,351.051,2,4,ring_ar
1778165573.7042644,1,18,2.186255,90.49,320.689,344.812,2,4,ring_ar
1778165574.075302,1,19,2.193252,88.25,336.01,353.947,2,4,ring_ar
1778165574.4516225,1,20,2.188199,88.52,331.655,352.539,2,4,ring_ar
1778165574.822017,1,21,2.144805,92.71,321.786,337.121,2,4,ring_ar
1778165575.190507,1,22,1.931869,94.01,317.276,331.495,2,4,ring_ar
1778165575.564747,1,23,2.008544,89.24,327.017,349.954,2,4,ring_ar
1778165575.942439,1,24,2.04388,86.77,335.256,360.934,2,4,ring_ar
1778165576.3245938,1,25,1.801526,89.28,312.889,350.365,2,4,ring_ar
1778165576.7077425,1,26,2.053242,87.33,330.845,358.265,2,4,ring_ar
1778165577.0804777,1,27,1.864522,90.62,326.278,344.31,2,4,ring_ar
1778165577.5259948,1,28,2.176604,75.53,398.955,414.64,2,4,ring_ar
1778165577.941967,1,29,1.964071,81.69,352.331,382.845,2,4,ring_ar
1778165578.3508732,1,30,2.100612,84.97,343.938,367.552,2,4,ring_ar
1778165578.7664251,1,31,2.01073,83.29,342.479,375.168,2,4,ring_ar
1778165579.1618726,1,32,1.822865,86.12,343.366,362.726,2,4,ring_ar
1778165579.5654576,1,33,2.015563,82.64,359.709,380.142,2,4,ring_ar
1778165580.005242,1,34,2.067414,75.05,380.683,418.204,2,4,ring_ar
1778165580.4117053,1,35,1.921317,84.78,346.91,369.374,2,4,ring_ar
1778165580.7957788,1,36,1.835575,90.16,330.151,346.332,2,4,ring_ar
1778165581.1877348,1,37,2.2212,83.64,344.763,373.863,2,4,ring_ar
1778165581.5763986,1,38,1.83402,84.38,347.185,370.46,2,4,ring_ar
1778165581.9664638,1,39,1.993672,88.84,335.864,351.414,2,4,ring_ar
1778165582.352988,1,40,1.758785,88.19,330.783,354.182,2,4,ring_ar
1778165582.7541754,1,41,1.906285,84.21,352.171,372.53,2,4,ring_ar
1778165583.1535766,1,42,1.680026,82.64,355.991,378.999,2,4,ring_ar
1778165583.5349,1,43,2.120982,90.71,309.802,344.126,2,4,ring_ar
1778165583.9240391,1,44,2.043802,84.16,342.558,371.594,2,4,ring_ar
1778165584.3265684,1,45,1.770408,84.1,356.238,372.428,2,4,ring_ar
1778165584.715107,1,46,1.789047,86.72,333.098,360.372,2,4,ring_ar
1778165585.1022701,1,47,1.559299,85.99,336.936,363.141,2,4,ring_ar
1778165585.5031114,1,48,1.838338,84.92,347.237,368.136,2,4,ring_ar
1778165585.8976982,1,49,1.926778,83.14,341.871,375.988,2,4,ring_ar
1778165586.2823737,1,50,1.940025,86.9,336.618,359.291,2,4,ring_ar
1778165586.686599,1,51,1.819057,81.13,352.346,387.244,2,4,ring_ar
1778165587.0758905,1,52,2.018511,88.52,337.817,352.591,2,4,ring_ar
1778165587.4865768,1,53,1.87068,79.6,372.048,393.888,2,4,ring_ar
1778165587.8971314,1,54,1.914671,84.98,343.197,367.549,2,4,ring_ar
1778165588.2787693,1,55,1.887491,87.38,333.839,357.659,2,4,ring_ar
1778165588.675409,1,56,1.894733,85.22,347.248,366.483,2,4,ring_ar
1778165589.082842,1,57,1.7531,84.13,354.389,372.275,2,4,ring_ar
1778165589.4866474,1,58,1.957161,82.08,364.458,381.064,2,4,ring_ar
1778165589.8845382,1,59,1.997832,85.12,347.888,367.079,2,4,ring_ar
1778165590.2705638,1,60,1.840991,86.49,328.53,360.925,2,4,ring_ar
1778165590.659007,1,61,1.952406,87.34,330.041,357.347,2,4,ring_ar
1778165591.0412202,1,62,1.753319,95.1,311.404,327.607,2,4,ring_ar
1778165591.4292805,1,63,2.215371,86.79,329.962,361.094,2,4,ring_ar
1778165591.8171422,1,64,2.001928,84.5,343.725,369.815,2,4,ring_ar
1778165592.2051637,1,65,1.808406,88.87,338.338,351.264,2,4,ring_ar
1778165592.5920346,1,66,1.719375,86.22,337.239,362.08,2,4,ring_ar
1778165592.9761608,1,67,1.706084,88.01,335.37,354.615,2,4,ring_ar
1778165593.3712964,1,68,1.780676,84.5,343.2,369.704,2,4,ring_ar
1778165593.768709,1,69,1.395604,86.95,330.15,358.996,2,4,ring_ar
1778165594.149904,1,70,1.638976,86.03,346.751,363.062,2,4,ring_ar
1778165594.5477397,1,71,1.594734,85.66,349.227,364.574,2,4,ring_ar
1778165594.9393308,1,72,1.536788,86.31,325.575,361.689,2,4,ring_ar
1778165595.3324754,1,73,1.734535,86.98,342.566,358.919,2,4,ring_ar
1778165595.7401447,1,74,1.707064,80.33,365.862,389.08,2,4,ring_ar
1778165596.1377459,1,75,1.794129,85.76,341.827,364.18,2,4,ring_ar
1778165596.5457876,1,76,2.057543,83.97,345.411,373.992,2,4,ring_ar
1778165596.992355,1,77,1.881264,73.81,393.242,425.577,2,4,ring_ar
1778165597.396166,1,78,1.672965,83.05,354.36,376.552,2,4,ring_ar
1778165597.7953045,1,79,1.835006,82.47,350.023,379.403,2,4,ring_ar
1778165598.1786554,1,80,1.951792,89.37,327.858,349.995,2,4,ring_ar
1778165598.5618606,1,81,1.692011,88.81,335.782,352.393,2,4,ring_ar
1778165598.9471183,1,82,1.60744,87.3,339.46,358.922,2,4,ring_ar
1778165599.3475153,1,83,1.552156,81.88,350.06,382.534,2,4,ring_ar
1778165599.7642515,1,84,1.906926,78.68,380.067,397.724,2,4,ring_ar
1778165600.164635,1,85,1.57035,84.22,353.954,370.85,2,4,ring_ar
1778165600.5608423,1,86,1.617695,85.98,336.787,363.813,2,4,ring_ar
1778165600.953354,1,87,1.972559,87.53,340.299,356.615,2,4,ring_ar
1778165601.3573885,1,88,1.49937,81.03,357.265,386.003,2,4,ring_ar
1778165601.7650862,1,89,1.711666,81.63,356.092,384.653,2,4,ring_ar
1778165602.1545951,1,90,1.644144,84.18,348.468,371.673,2,4,ring_ar
1778165602.5620239,1,91,1.867521,81.34,361.712,384.603,2,4,ring_ar
1778165602.9413154,1,92,1.707549,86.46,335.902,361.131,2,4,ring_ar
1778165603.3332567,1,93,1.726951,86.8,338.689,360.647,2,4,ring_ar
1778165603.7263217,1,94,1.292227,86.41,342.773,361.449,2,4,ring_ar
1778165604.1150837,1,95,1.58303,85.49,343.832,365.692,2,4,ring_ar
1778165604.495637,1,96,1.388387,90.13,316.093,347.487,2,4,ring_ar
1778165604.8835669,1,97,1.782709,84.6,346.121,369.622,2,4,ring_ar
1778165605.2685282,1,98,1.477603,88.97,326.784,350.423,2,4,ring_ar
1778165605.6582272,1,99,1.562899,84.22,352.62,372.143,2,4,ring_ar
1778165606.0528436,1,100,1.451374,85.22,339.627,366.727,2,4,ring_ar
1778165606.4405987,1,101,1.394191,86.96,335.318,360.027,2,4,ring_ar
1778165606.833584,1,102,1.541434,83.42,349.741,374.84,2,4,ring_ar
1778165607.2253177,1,103,1.753821,85.11,335.717,366.878,2,4,ring_ar
1778165607.6512392,1,104,1.534854,76.69,382.513,408.467,2,4,ring_ar
1778165608.0597382,1,105,1.500852,82.15,350.685,380.433,2,4,ring_ar
1778165608.4546762,1,106,1.547993,87.53,341.682,356.896,2,4,ring_ar
1778165608.8386655,1,107,1.783187,88.68,335.945,352.352,2,4,ring_ar
1778165609.229829,1,108,1.97603,84.81,353.279,368.482,2,4,ring_ar
1778165609.63237,1,109,1.707212,81.23,367.56,384.92,2,4,ring_ar
1778165610.0455253,1,110,1.419521,80.66,363.011,388.447,2,4,ring_ar
1778165610.468604,1,111,1.401558,78.44,368.816,399.144,2,4,ring_ar
1778165610.8593228,1,112,1.625181,85.43,341.419,365.485,2,4,ring_ar
1778165611.252499,1,113,1.708966,83.25,348.531,375.631,2,4,ring_ar
1778165611.6477818,1,114,1.7058,85.32,342.487,365.794,2,4,ring_ar
1778165612.0325599,1,115,1.829588,89.89,328.548,347.122,2,4,ring_ar
1778165612.4281392,1,116,1.738007,84.32,342.564,370.954,2,4,ring_ar
1778165612.8381133,1,117,1.581322,84.65,351.227,369.336,2,4,ring_ar
1778165613.2264216,1,118,1.468181,86.52,340.184,360.948,2,4,ring_ar
1778165613.6174111,1,119,1.960001,85.84,344.63,364.397,2,4,ring_ar
1778165614.0124812,1,120,1.572491,86.05,329.439,362.755,2,4,ring_ar
1778165614.4051313,1,121,1.513721,86.87,337.683,360.1,2,4,ring_ar
1778165614.8214607,1,122,1.713329,78.74,372.194,397.544,2,4,ring_ar
1778165615.2183506,1,123,1.558054,85.62,346.418,364.651,2,4,ring_ar
1778165615.6018887,1,124,1.39219,87.6,333.454,356.592,2,4,ring_ar
1778165615.99685,1,125,1.850512,86.01,346.61,363.326,2,4,ring_ar
1778165616.3928092,1,126,1.431894,86.9,334.18,359.441,2,4,ring_ar
1778165616.7862096,1,127,1.801786,84.76,344.02,368.412,2,4,ring_ar
1778165617.184206,1,128,1.859802,83.07,358.316,377.091,2,4,ring_ar
1778165617.6041873,1,129,1.821967,80.68,371.732,387.987,2,4,ring_ar
1778165617.991868,1,130,1.538573,85.83,346.341,363.959,2,4,ring_ar
1778165618.3944118,1,131,1.733268,81.51,362.365,383.671,2,4,ring_ar
1778165618.7896893,1,132,1.568931,83.72,352.346,373.726,2,4,ring_ar
1778165619.1803699,1,133,1.592865,83.79,323.697,372.918,2,4,ring_ar
1778165619.5959382,1,134,1.505145,82.78,358.516,379.277,2,4,ring_ar
1778165619.9879642,1,135,1.662285,83.94,344.968,372.434,2,4,ring_ar
1778165620.3814316,1,136,1.517118,84.92,347.319,369.653,2,4,ring_ar
1778165620.7842581,1,137,1.605161,81.56,366.482,384.611,2,4,ring_ar
1778165621.2035277,1,138,1.483347,79.91,373.315,392.274,2,4,ring_ar
1778165621.6089869,1,139,1.710882,80.86,369.847,387.458,2,4,ring_ar
1778165621.9963658,1,140,1.683055,84.85,342.154,368.582,2,4,ring_ar
1778165622.3851113,1,141,1.581046,85.57,341.969,366.476,2,4,ring_ar
1778165622.7941551,1,142,1.49486,79.99,370.378,391.95,2,4,ring_ar
1778165623.1816626,1,143,1.678797,85.05,341.307,367.147,2,4,ring_ar
1778165623.5723333,1,144,1.725698,83.87,349.088,374.073,2,4,ring_ar
1778165623.9764545,1,145,1.330905,83.02,354.56,376.641,2,4,ring_ar
1778165624.3639479,1,146,1.728856,86.75,333.627,360.318,2,4,ring_ar
1778165624.751117,1,147,1.390705,86.02,339.244,362.916,2,4,ring_ar
1778165625.158618,1,148,1.455683,82.56,358.315,379.174,2,4,ring_ar
1778165625.5476935,1,149,1.592666,84.14,354.65,371.74,2,4,ring_ar
1778165625.9411442,1,150,1.585265,84.69,352.504,369.021,2,4,ring_ar
1778165626.3529866,1,151,1.522611,85.72,345.474,364.72,2,4,ring_ar
1778165626.7545066,1,152,1.673988,87.37,317.945,357.695,2,4,ring_ar
1778165627.145225,1,153,1.573409,86.48,337.827,361.342,2,4,ring_ar
1778165627.5762424,1,154,1.564374,76.13,372.962,411.234,2,4,ring_ar
1778165627.9647279,1,155,1.646142,87.77,338.322,356.09,2,4,ring_ar
1778165628.376565,1,156,1.961875,84.01,351.076,371.9,2,4,ring_ar
1778165628.7915711,1,157,1.276417,83.23,342.366,375.599,2,4,ring_ar
1778165629.204374,1,158,1.362827,82.21,353.667,380.252,2,4,ring_ar
1778165629.6441166,1,159,1.786925,77.5,387.531,403.978,2,4,ring_ar
1778165630.0616243,1,160,1.535047,82.81,359.249,377.405,2,4,ring_ar
1778165630.487781,1,161,1.58027,77.56,375.52,403.847,2,4,ring_ar
1778165630.9130542,1,162,1.980997,79.41,373.109,394.451,2,4,ring_ar
1778165631.3326964,1,163,1.552415,78.2,380.634,400.566,2,4,ring_ar
1778165631.7421389,1,164,1.282681,81.56,365.676,383.328,2,4,ring_ar
1778165632.1365354,1,165,1.42961,85.69,338.746,364.725,2,4,ring_ar
1778165632.5315082,1,166,1.354784,84.99,346.119,367.8,2,4,ring_ar
1778165632.9503345,1,167,1.363401,79.39,376.945,394.219,2,4,ring_ar
1778165633.3385065,1,168,1.872378,88.06,334.037,354.638,2,4,ring_ar
1778165633.7489955,1,169,1.345115,82.15,358.84,380.503,2,4,ring_ar
1778165634.1491466,1,170,1.433382,81.78,364.742,382.729,2,4,ring_ar
1778165634.5484025,1,171,1.308496,84.8,349.239,368.626,2,4,ring_ar
1778165634.9409804,1,172,1.593216,88.43,332.014,354.204,2,4,ring_ar
1778165635.3459852,1,173,1.182909,80.97,353.163,386.79,2,4,ring_ar
1778165635.7317202,1,174,1.41937,88.96,336.438,352.646,2,4,ring_ar
1778165636.1233,1,175,1.189479,83.79,354.556,373.329,2,4,ring_ar
1778165636.5134964,1,176,1.576562,86.4,337.655,361.382,2,4,ring_ar
1778165636.909245,1,177,1.600598,88.39,338.682,353.53,2,4,ring_ar
1778165637.2987127,1,178,1.500234,84.33,353.684,370.726,2,4,ring_ar
1778165637.7552466,1,179,1.317954,73.43,401.163,426.737,2,4,ring_ar
1778165638.1473684,1,180,1.554879,88.81,333.684,351.948,2,4,ring_ar
1778165638.5404153,1,181,1.503081,84.81,334.648,368.581,2,4,ring_ar
1778165638.9250977,1,182,1.69704,88.39,330.955,352.981,2,4,ring_ar
1778165639.3132021,1,183,1.283746,85.56,341.076,365.247,2,4,ring_ar
1778165639.740926,1,184,1.467851,78.84,380.421,396.93,2,4,ring_ar
1778165640.156977,1,185,1.68652,82.25,359.294,380.933,2,4,ring_ar
1778165640.5808423,1,186,1.472956,79.67,375.734,392.552,2,4,ring_ar
1778165640.9885068,1,187,1.524275,80.3,367.803,389.799,2,4,ring_ar
1778165641.3805966,1,188,1.403127,83.69,348.312,373.394,2,4,ring_ar
1778165641.7647336,1,189,1.247017,87.52,333.876,356.69,2,4,ring_ar
1778165642.184268,1,190,1.80731,80.84,366.214,386.63,2,4,ring_ar
1778165642.5834103,1,191,1.574469,84.14,343.094,371.801,2,4,ring_ar
1778165642.9961019,1,192,1.409891,83.12,350.813,376.397,2,4,ring_ar
1778165643.394516,1,193,1.40116,82.37,360.547,379.426,2,4,ring_ar
1778165643.7836738,1,194,1.984618,86.91,335.261,360.667,2,4,ring_ar
1778165644.1842005,1,195,1.511901,81.91,357.295,382.404,2,4,ring_ar
1778165644.582459,1,196,1.675152,82.35,351.175,379.56,2,4,ring_ar
1778165644.9730275,1,197,1.436054,83.97,347.21,372.217,2,4,ring_ar
1778165645.3724742,1,198,1.57681,86.64,344.075,360.448,2,4,ring_ar
1778165645.7587729,1,199,1.831314,87.34,338.861,357.357,2,4,ring_ar
1778165646.1607838,1,200,1.369978,82.97,351.171,376.784,2,4,ring_ar
1778165646.563361,1,201,1.931261,83.39,348.113,374.693,2,4,ring_ar
1778165646.950534,1,202,1.389693,84.28,339.458,370.774,2,4,ring_ar
1778165647.343627,1,203,1.478864,83.37,345.688,376.417,2,4,ring_ar
1778165647.7713568,1,204,1.387356,78.09,366.163,400.765,2,4,ring_ar
1778165648.15871,1,205,1.302085,88.0,339.406,354.551,2,4,ring_ar
1778165648.569507,1,206,1.630391,82.92,360.762,377.044,2,4,ring_ar
1778165648.9621334,1,207,1.767469,86.83,336.493,359.655,2,4,ring_ar
1778165649.3746848,1,208,1.77009,83.12,360.061,376.605,2,4,ring_ar
1778165649.8148425,1,209,1.697331,76.7,374.221,408.768,2,4,ring_ar
1778165650.2152054,1,210,1.51608,86.58,338.547,361.427,2,4,ring_ar
1778165650.6751297,1,211,1.546879,73.83,403.833,425.095,2,4,ring_ar
1778165651.0809238,1,212,1.557312,83.51,351.169,374.02,2,4,ring_ar
1778165651.4694731,1,213,1.540851,88.91,337.695,352.315,2,4,ring_ar
1778165651.856941,1,214,1.716317,89.04,334.403,351.03,2,4,ring_ar
1778165652.265418,1,215,1.546157,83.38,360.628,375.101,2,4,ring_ar
1778165652.6745865,1,216,1.348302,82.26,357.663,381.621,2,4,ring_ar
1778165653.082614,1,217,1.789872,80.82,369.537,387.102,2,4,ring_ar
1778165653.4937088,1,218,1.599367,83.27,355.161,377.1,2,4,ring_ar
1778165653.8828506,1,219,1.345581,84.06,354.767,371.995,2,4,ring_ar
1778165654.2701755,1,220,1.238362,87.65,335.747,356.213,2,4,ring_ar
1778165654.6626527,1,221,1.179052,85.99,338.708,363.309,2,4,ring_ar
1778165655.0490456,1,222,1.482496,88.05,338.163,354.676,2,4,ring_ar
1778165655.4375074,1,223,1.553726,86.98,342.715,360.497,2,4,ring_ar
1778165655.8346562,1,224,1.261929,84.85,342.144,368.216,2,4,ring_ar
1778165656.2216003,1,225,1.524731,87.97,339.993,354.856,2,4,ring_ar
1778165656.6271281,1,226,1.067314,83.02,356.91,376.517,2,4,ring_ar
1778165657.0137322,1,227,1.401195,88.89,332.37,350.785,2,4,ring_ar
1778165657.4123378,1,228,1.57377,85.42,344.689,365.825,2,4,ring_ar
1778165657.8205569,1,229,1.649175,80.5,370.099,388.79,2,4,ring_ar
1778165658.2141623,1,230,1.386018,88.81,333.237,350.944,2,4,ring_ar
1778165658.6043832,1,231,1.603674,84.03,355.714,372.569,2,4,ring_ar
1778165659.008606,1,232,1.726618,87.21,327.901,357.872,2,4,ring_ar
1778165659.3972595,1,233,1.446809,89.97,333.492,346.686,2,4,ring_ar
1778165659.802389,1,234,1.343527,82.33,354.716,379.807,2,4,ring_ar
1778165660.1998503,1,235,1.424651,82.45,362.263,379.155,2,4,ring_ar
1778165660.5929544,1,236,1.189049,84.38,353.23,371.538,2,4,ring_ar
1778165660.980805,1,237,1.340484,84.43,346.994,370.772,2,4,ring_ar
1778165661.3752332,1,238,1.48272,84.86,345.081,369.637,2,4,ring_ar
1778165661.7688637,1,239,1.423059,83.39,353.657,375.166,2,4,ring_ar
1778165662.162056,1,240,1.367981,85.57,349.817,364.99,2,4,ring_ar
1778165662.5758407,1,241,1.425859,80.36,366.158,389.29,2,4,ring_ar
1778165662.977203,1,242,1.270261,84.03,344.656,373.025,2,4,ring_ar
1778165663.3925364,1,243,1.412709,81.88,362.325,382.066,2,4,ring_ar
1778165663.8039021,1,244,1.571981,82.97,356.737,377.13,2,4,ring_ar
1778165664.188841,1,245,1.371325,86.9,342.413,360.6,2,4,ring_ar
1778165664.5916426,1,246,1.289295,81.32,360.512,384.923,2,4,ring_ar
1778165664.9931076,1,247,1.138571,86.2,342.617,361.758,2,4,ring_ar
1778165665.3753297,1,248,1.272891,90.45,326.547,345.905,2,4,ring_ar
1778165665.7772331,1,249,1.111815,81.57,366.876,383.357,2,4,ring_ar
1778165666.1599727,1,250,1.433616,89.31,334.956,350.111,2,4,ring_ar
1778165666.5450227,1,251,1.234136,88.06,327.844,354.602,2,4,ring_ar
1778165666.9506733,1,252,1.474731,83.09,357.976,377.428,2,4,ring_ar
1778165667.341226,1,253,1.411059,84.0,355.186,372.066,2,4,ring_ar
1778165667.767416,1,254,1.475574,78.08,378.165,401.331,2,4,ring_ar
1778165668.1830494,1,255,1.131045,81.47,363.308,384.138,2,4,ring_ar
1778165668.5758123,1,256,1.593297,87.41,342.52,357.249,2,4,ring_ar
1778165668.9622188,1,257,1.420302,88.76,335.168,352.128,2,4,ring_ar
1778165669.3575907,1,258,1.253376,85.13,349.081,367.158,2,4,ring_ar
1778165669.7663324,1,259,1.694133,81.47,364.001,384.425,2,4,ring_ar
1778165670.1665943,1,260,1.357388,84.54,350.591,369.823,2,4,ring_ar
1778165670.5611343,1,261,1.52873,87.1,338.271,359.638,2,4,ring_ar
1778165670.9513085,1,262,1.483074,83.91,354.747,372.151,2,4,ring_ar
1778165671.3548565,1,263,1.277933,83.94,351.563,372.538,2,4,ring_ar
1778165671.7470825,1,264,1.548511,85.47,337.082,365.602,2,4,ring_ar
1778165672.1486604,1,265,1.3704,86.23,348.09,362.123,2,4,ring_ar
1778165672.5542278,1,266,1.489744,80.78,370.471,387.51,2,4,ring_ar
1778165672.9444664,1,267,1.664438,84.23,350.433,370.711,2,4,ring_ar
1778165673.3405256,1,268,1.397577,84.8,351.043,369.239,2,4,ring_ar
1778165673.7472477,1,269,1.736498,80.56,359.927,388.84,2,4,ring_ar
1778165674.1732109,1,270,1.413464,78.52,377.452,398.92,2,4,ring_ar
1778165674.5808434,1,271,1.164554,80.68,346.31,387.576,2,4,ring_ar
1778165674.9819646,1,272,1.793273,83.37,357.38,375.098,2,4,ring_ar
1778165675.3795142,1,273,1.309505,83.78,348.425,373.161,2,4,ring_ar
1778165675.7814126,1,274,1.301752,86.24,337.816,363.454,2,4,ring_ar
1778165676.170539,1,275,1.352839,84.41,337.8,370.245,2,4,ring_ar
1778165676.5590467,1,276,1.492357,85.72,337.974,364.506,2,4,ring_ar
1778165676.9555476,1,277,1.248032,85.2,349.57,368.04,2,4,ring_ar
1778165677.350322,1,278,1.513634,84.69,350.129,368.699,2,4,ring_ar
1778165677.784869,1,279,1.314159,77.45,382.841,404.283,2,4,ring_ar
1778165678.2036207,1,280,1.139242,80.07,372.582,390.474,2,4,ring_ar
1778165678.6005237,1,281,1.268514,86.75,343.347,360.357,2,4,ring_ar
1778165678.9978817,1,282,1.743747,84.4,342.231,371.431,2,4,ring_ar
1778165679.4005258,1,283,1.570483,81.67,364.886,382.8,2,4,ring_ar
1778165679.814075,1,284,0.978672,81.33,362.873,384.544,2,4,ring_ar
1778165680.2099893,1,285,1.211968,83.01,357.346,376.819,2,4,ring_ar
1778165680.6032383,1,286,1.387081,83.27,356.08,375.75,2,4,ring_ar
1778165680.9975421,1,287,1.566701,83.01,350.621,376.789,2,4,ring_ar
1778165681.396757,1,288,1.70852,86.77,343.303,360.077,2,4,ring_ar
1778165681.8001895,1,289,1.387239,84.2,348.833,370.572,2,4,ring_ar
1778165682.1946547,1,290,1.423393,83.13,358.733,376.088,2,4,ring_ar
1778165682.5847416,1,291,1.598044,88.7,334.183,351.929,2,4,ring_ar
1778165682.9848723,1,292,1.354061,84.02,352.873,372.293,2,4,ring_ar
1778165683.383868,1,293,1.391005,83.39,347.343,375.012,2,4,ring_ar
1778165683.7914457,1,294,1.194255,82.62,357.024,378.589,2,4,ring_ar
1778165684.2023213,1,295,1.503848,82.83,351.667,377.379,2,4,ring_ar
1778165684.6005533,1,296,1.628495,87.04,344.125,358.531,2,4,ring_ar
1778165685.0461395,1,297,1.335381,75.83,396.362,414.517,2,4,ring_ar
1778165685.4512985,1,298,1.652903,80.98,347.905,386.195,2,4,ring_ar
1778165685.8549025,1,299,1.273242,83.57,355.867,374.896,2,4,ring_ar
1778165686.2763033,1,300,1.719832,82.41,349.447,379.59,2,4,ring_ar
1778165686.6678114,1,301,1.515207,83.89,348.966,373.257,2,4,ring_ar
1778165687.073399,1,302,1.345977,85.88,347.304,364.217,2,4,ring_ar
1778165687.488293,1,303,1.575818,79.02,370.304,396.198,2,4,ring_ar
1778165687.8966503,1,304,1.437288,83.19,350.829,375.557,2,4,ring_ar
1778165688.3053253,1,305,1.524513,83.04,347.174,376.926,2,4,ring_ar
1778165688.7054543,1,306,1.613101,84.79,343.129,369.178,2,4,ring_ar
1778165689.0922043,1,307,1.504044,90.71,324.617,345.423,2,4,ring_ar
1778165689.501563,1,308,1.590007,80.09,371.538,390.794,2,4,ring_ar
1778165689.9062498,1,309,1.369606,84.35,351.951,370.548,2,4,ring_ar
1778165690.2998238,1,310,1.222903,83.43,351.031,375.337,2,4,ring_ar
1778165690.7066336,1,311,1.087321,81.92,363.084,381.567,2,4,ring_ar
1778165691.1001647,1,312,1.418382,86.96,340.61,359.875,2,4,ring_ar
1778165691.514433,1,313,1.463202,81.95,361.308,382.38,2,4,ring_ar
1778165691.9164586,1,314,1.188928,85.07,339.285,367.566,2,4,ring_ar
1778165692.3156087,1,315,1.150811,85.25,343.474,366.393,2,4,ring_ar
1778165692.70482,1,316,1.485384,85.82,339.356,364.301,2,4,ring_ar
1778165693.1048024,1,317,1.448195,84.91,340.417,368.577,2,4,ring_ar
1778165693.499285,1,318,1.321491,83.15,337.462,376.054,2,4,ring_ar
1778165693.9030573,1,319,1.287526,82.7,362.055,379.284,2,4,ring_ar
1778165694.2974477,1,320,1.176841,83.29,351.963,375.227,2,4,ring_ar
1778165694.695585,1,321,1.040794,84.82,351.546,368.597,2,4,ring_ar
1778165695.1028094,1,322,1.027552,83.59,352.462,373.777,2,4,ring_ar
1778165695.517394,1,323,0.834007,83.48,354.618,374.639,2,4,ring_ar
1778165695.9173703,1,324,1.540692,83.04,357.084,376.389,2,4,ring_ar
1778165696.3240638,1,325,1.083642,81.59,358.923,383.317,2,4,ring_ar
1778165696.72628,1,326,1.324223,81.41,355.362,384.221,2,4,ring_ar
1778165697.1296403,1,327,1.423908,83.92,345.916,372.419,2,4,ring_ar
1778165697.5666156,1,328,1.195727,78.46,379.33,399.353,2,4,ring_ar
1778165697.9732316,1,329,1.477063,84.89,349.032,368.26,2,4,ring_ar
1778165698.3776681,1,330,1.377824,85.27,350.204,366.637,2,4,ring_ar
1778165698.778943,1,331,1.361997,81.81,353.795,382.695,2,4,ring_ar
1778165699.1785085,1,332,1.046873,82.77,347.787,378.769,2,4,ring_ar
1778165699.5881746,1,333,1.467529,83.3,348.429,376.141,2,4,ring_ar
1778165699.9857547,1,334,1.50567,88.47,334.636,353.0,2,4,ring_ar
1778165700.3776355,1,335,1.212793,86.52,342.28,362.281,2,4,ring_ar
1778165700.7811425,1,336,1.498605,83.05,361.246,377.06,2,4,ring_ar
1778165701.1733322,1,337,1.199276,87.6,335.853,356.352,2,4,ring_ar
1778165701.5776126,1,338,1.691873,83.84,352.164,372.605,2,4,ring_ar
1778165701.9875374,1,339,1.252692,82.57,352.634,380.35,2,4,ring_ar
1778165702.379092,1,340,1.628317,83.73,354.62,373.321,2,4,ring_ar
1778165702.797541,1,341,1.154668,80.56,365.842,389.001,2,4,ring_ar
1778165703.193934,1,342,1.702288,84.67,324.749,368.877,2,4,ring_ar
1778165703.5955184,1,343,1.644964,85.2,349.48,367.017,2,4,ring_ar
1778165703.992615,1,344,1.411811,84.05,354.693,371.997,2,4,ring_ar
1778165704.391547,1,345,1.455221,84.31,356.413,370.7,2,4,ring_ar
1778165704.782878,1,346,0.983713,87.28,333.526,357.637,2,4,ring_ar
1778165705.1802104,1,347,1.218196,87.02,342.048,358.807,2,4,ring_ar
1778165705.5751393,1,348,1.215891,84.49,351.512,370.269,2,4,ring_ar
1778165705.9875126,1,349,0.993966,84.22,356.561,372.632,2,4,ring_ar
1778165706.4194133,1,350,1.580233,77.88,383.763,402.177,2,4,ring_ar
1778165706.8230212,1,351,1.207888,84.45,345.342,370.846,2,4,ring_ar
1778165707.2172546,1,352,1.226858,83.0,357.93,376.904,2,4,ring_ar
1778165707.7090714,1,353,1.064002,68.64,436.965,457.161,2,4,ring_ar
1778165708.1017487,1,354,1.282105,90.12,325.703,346.853,2,4,ring_ar
1778165708.5178673,1,355,1.223943,80.11,366.921,391.058,2,4,ring_ar
1778165708.9189453,1,356,1.385245,86.87,342.284,359.544,2,4,ring_ar
1778165709.3178663,1,357,1.172386,86.15,328.019,364.051,2,4,ring_ar
1778165709.748542,1,358,1.532809,77.32,379.088,404.991,2,4,ring_ar
1778165710.1562912,1,359,1.49922,82.11,350.343,380.702,2,4,ring_ar
1778165710.5531363,1,360,1.23126,87.29,339.29,357.815,2,4,ring_ar
1778165710.9697607,1,361,1.619573,78.62,379.318,398.438,2,4,ring_ar
1778165711.3638752,1,362,1.300429,86.63,337.381,360.9,2,4,ring_ar
1778165711.7653902,1,363,1.301187,85.35,348.607,366.096,2,4,ring_ar
1778165712.174828,1,364,1.371217,84.2,355.119,372.318,2,4,ring_ar
1778165712.5691571,1,365,1.278999,83.09,345.619,377.761,2,4,ring_ar
1778165712.9735303,1,366,1.392429,81.11,357.961,386.135,2,4,ring_ar
1778165713.411563,1,367,1.704964,79.04,371.36,395.963,2,4,ring_ar
1778165713.8303468,1,368,1.028692,80.77,342.957,387.252,2,4,ring_ar
1778165714.2594633,1,369,1.356469,78.27,369.17,399.754,2,4,ring_ar
1778165714.6592548,1,370,1.34754,84.04,346.783,371.721,2,4,ring_ar
1778165715.0666513,1,371,1.110932,82.96,358.893,377.217,2,4,ring_ar
1778165715.487124,1,372,1.443407,78.2,360.819,400.486,2,4,ring_ar
1778165715.8986964,1,373,1.525147,84.16,351.137,371.376,2,4,ring_ar
1778165716.3107505,1,374,1.693145,83.54,356.318,374.008,2,4,ring_ar
1778165716.7489052,1,375,1.31709,77.24,380.936,406.021,2,4,ring_ar
1778165717.1727176,1,376,1.200681,79.78,368.519,392.471,2,4,ring_ar
1778165717.6236932,1,377,1.217654,75.25,395.615,416.417,2,4,ring_ar
1778165718.0257986,1,378,1.104608,86.19,340.689,362.26,2,4,ring_ar
1778165718.4240053,1,379,1.421483,85.69,345.951,365.366,2,4,ring_ar
1778165718.8389668,1,380,1.179848,83.23,356.42,375.705,2,4,ring_ar
1778165719.2465456,1,381,1.009161,83.62,350.513,373.568,2,4,ring_ar
1778165719.6567805,1,382,1.1757,83.71,353.088,373.51,2,4,ring_ar
1778165720.0839665,1,383,1.538831,76.73,374.969,407.968,2,4,ring_ar
1778165720.5038385,1,384,1.273764,80.57,372.675,388.748,2,4,ring_ar
1778165720.9016693,1,385,1.119558,86.25,340.78,362.337,2,4,ring_ar
1778165721.3400798,1,386,1.605598,74.74,401.614,419.344,2,4,ring_ar
1778165721.7697284,1,387,1.392468,78.58,369.815,398.503,2,4,ring_ar
1778165722.175158,1,388,1.32914,84.33,352.657,370.118,2,4,ring_ar
1778165722.5776918,1,389,1.289798,84.51,326.901,370.038,2,4,ring_ar
1778165723.0355325,1,390,1.653628,44.35,301.884,442.529,2,4,ring_ar
1778165726.6707726,2,0,1.231992,85.1,350.414,366.996,2,4,ring_ar
1778165727.050808,2,1,0.960088,90.86,317.791,343.061,2,4,ring_ar
1778165727.4569466,2,2,1.490326,81.95,366.202,382.401,2,4,ring_ar
1778165727.8961105,2,3,1.152738,78.57,374.612,398.619,2,4,ring_ar
1778165728.2712884,2,4,1.140197,91.74,324.995,340.002,2,4,ring_ar
1778165728.6513467,2,5,1.272084,88.7,329.703,351.887,2,4,ring_ar
1778165729.057718,2,6,0.939022,83.49,356.229,374.341,2,4,ring_ar
1778165729.4384377,2,7,1.008863,87.91,338.402,355.306,2,4,ring_ar
1778165729.8363583,2,8,1.260048,82.24,348.423,380.162,2,4,ring_ar
1778165730.2332356,2,9,1.345806,82.45,354.934,379.746,2,4,ring_ar
1778165730.6119854,2,10,1.13562,86.56,336.078,361.29,2,4,ring_ar
1778165730.9929993,2,11,1.574594,87.77,332.801,355.625,2,4,ring_ar
1778165731.3919988,2,12,1.444724,85.31,349.359,365.916,2,4,ring_ar
1778165731.773,2,13,1.391547,91.54,324.196,340.496,2,4,ring_ar
1778165732.1531475,2,14,0.801569,89.21,332.81,349.99,2,4,ring_ar
1778165732.548495,2,15,1.12503,85.63,348.954,365.51,2,4,ring_ar
1778165732.9266748,2,16,1.283888,87.85,338.152,355.61,2,4,ring_ar
1778165733.309605,2,17,0.815827,88.05,336.96,354.599,2,4,ring_ar
1778165733.6970365,2,18,1.275481,87.91,337.217,355.201,2,4,ring_ar
1778165734.0826926,2,19,1.320916,88.82,333.253,351.195,2,4,ring_ar
1778165734.48559,2,20,1.114868,83.48,348.738,374.38,2,4,ring_ar
1778165734.8729267,2,21,1.367137,87.33,330.45,357.442,2,4,ring_ar
1778165735.2570274,2,22,1.175177,90.29,322.571,345.445,2,4,ring_ar
1778165735.64618,2,23,1.216846,88.2,338.036,354.027,2,4,ring_ar
1778165736.032358,2,24,1.519073,84.97,341.373,368.039,2,4,ring_ar
1778165736.4226012,2,25,1.18402,86.95,343.004,359.245,2,4,ring_ar
1778165736.8076136,2,26,1.261032,85.1,343.557,367.223,2,4,ring_ar
1778165737.1882455,2,27,1.45882,90.09,325.524,346.524,2,4,ring_ar
1778165737.6368668,2,28,1.399695,75.8,392.432,413.233,2,4,ring_ar
1778165738.0556438,2,29,1.191651,82.78,359.349,377.66,2,4,ring_ar
1778165738.465201,2,30,1.304063,83.29,349.045,375.247,2,4,ring_ar
1778165738.863123,2,31,1.268361,83.74,348.844,372.927,2,4,ring_ar
1778165739.2677715,2,32,1.012468,83.58,354.084,373.687,2,4,ring_ar
1778165739.6618488,2,33,1.249638,85.81,342.684,365.157,2,4,ring_ar
1778165740.0545914,2,34,1.261437,83.73,342.567,373.373,2,4,ring_ar
1778165740.4507184,2,35,1.37309,85.62,348.136,364.845,2,4,ring_ar
1778165740.836619,2,36,1.500965,86.07,336.286,362.902,2,4,ring_ar
1778165741.229664,2,37,1.308831,85.86,342.371,364.167,2,4,ring_ar
1778165741.622607,2,38,1.450555,84.77,341.663,368.355,2,4,ring_ar
1778165742.0121381,2,39,1.236836,84.16,353.131,371.143,2,4,ring_ar
1778165742.397594,2,40,1.368502,87.77,321.507,356.977,2,4,ring_ar
1778165742.7931736,2,41,1.25408,82.99,349.038,376.755,2,4,ring_ar
1778165743.171839,2,42,1.468393,88.5,333.376,353.501,2,4,ring_ar
1778165743.5607076,2,43,1.409269,88.01,335.614,355.048,2,4,ring_ar
1778165743.9530008,2,44,1.158817,87.93,331.609,355.088,2,4,ring_ar
1778165744.3366356,2,45,1.0555,87.62,332.631,356.248,2,4,ring_ar
1778165744.7279365,2,46,1.07526,86.25,325.933,362.215,2,4,ring_ar
1778165745.1140473,2,47,1.109789,90.62,325.283,344.245,2,4,ring_ar
1778165745.5092075,2,48,1.270999,85.96,344.889,364.646,2,4,ring_ar
1778165745.9044325,2,49,0.914818,83.0,336.553,376.597,2,4,ring_ar
1778165746.287189,2,50,0.824543,88.21,332.467,353.72,2,4,ring_ar
1778165746.6887748,2,51,1.128683,85.2,346.367,366.46,2,4,ring_ar
1778165747.100171,2,52,1.219696,82.25,360.781,380.285,2,4,ring_ar
1778165747.4900575,2,53,1.118334,88.24,336.116,354.17,2,4,ring_ar
1778165747.9013383,2,54,1.132211,80.9,352.626,386.969,2,4,ring_ar
1778165748.3001044,2,55,1.397392,83.53,348.386,375.773,2,4,ring_ar
1778165748.7033617,2,56,0.96028,81.16,349.505,386.518,2,4,ring_ar
1778165749.1151829,2,57,1.458794,79.72,354.194,392.674,2,4,ring_ar
1778165749.5116901,2,58,0.963775,85.2,323.367,366.791,2,4,ring_ar
1778165749.9102407,2,59,1.340912,84.82,350.915,368.588,2,4,ring_ar
1778165750.2953956,2,60,1.049243,87.93,337.458,355.148,2,4,ring_ar
1778165750.690534,2,61,1.167271,85.7,342.858,364.587,2,4,ring_ar
1778165751.080937,2,62,1.021917,86.96,322.443,359.436,2,4,ring_ar
1778165751.4735115,2,63,0.798738,86.9,338.47,359.531,2,4,ring_ar
1778165751.8932056,2,64,1.64192,80.76,360.603,387.907,2,4,ring_ar
1778165752.337219,2,65,1.003842,75.52,384.755,415.083,2,4,ring_ar
1778165752.8019617,2,66,1.152465,71.91,409.551,436.273,2,4,ring_ar
1778165753.2347283,2,67,1.666525,78.12,380.521,400.714,2,4,ring_ar
1778165753.6704152,2,68,1.59141,76.72,384.232,409.14,2,4,ring_ar
1778165754.110732,2,69,1.193259,78.17,371.163,401.668,2,4,ring_ar
1778165754.5270052,2,70,1.457139,79.06,363.644,396.742,2,4,ring_ar
1778165754.947693,2,71,1.142405,81.08,359.159,385.802,2,4,ring_ar
1778165755.363925,2,72,1.439321,78.97,360.097,396.807,2,4,ring_ar
1778165755.7872553,2,73,1.469072,81.17,365.046,385.246,2,4,ring_ar
1778165756.2153964,2,74,1.254985,77.99,376.041,401.859,2,4,ring_ar
1778165756.6226563,2,75,1.23779,83.84,350.734,373.006,2,4,ring_ar
1778165757.0307543,2,76,0.880895,84.73,351.378,368.722,2,4,ring_ar
1778165757.4622197,2,77,1.073566,78.22,376.959,401.931,2,4,ring_ar
1778165757.912836,2,78,1.412705,74.11,392.562,423.106,2,4,ring_ar
1778165758.328036,2,79,1.240248,79.03,370.126,397.279,2,4,ring_ar
1778165758.7552981,2,80,0.932438,80.34,358.172,389.469,2,4,ring_ar
1778165759.1717606,2,81,0.768738,81.12,361.758,385.39,2,4,ring_ar
1778165759.6314461,2,82,1.286354,72.4,403.116,432.954,2,4,ring_ar
1778165760.0831246,2,83,1.337336,77.57,375.463,403.772,2,4,ring_ar
1778165760.5109236,2,84,1.146541,79.76,368.33,392.706,2,4,ring_ar
1778165760.9452822,2,85,1.378474,78.37,376.344,401.176,2,4,ring_ar
1778165761.361533,2,86,1.401205,78.99,376.063,396.278,2,4,ring_ar
1778165761.7865248,2,87,1.274048,80.68,368.006,388.018,2,4,ring_ar
1778165762.2046642,2,88,1.470708,82.58,354.031,378.64,2,4,ring_ar
1778165762.6173418,2,89,0.876574,83.29,350.246,375.423,2,4,ring_ar
1778165763.0483847,2,90,1.171024,77.89,372.111,402.268,2,4,ring_ar
1778165763.4707205,2,91,1.300767,77.79,362.821,402.419,2,4,ring_ar
1778165763.889485,2,92,1.247933,80.71,359.615,387.551,2,4,ring_ar
1778165764.3188314,2,93,1.066028,78.44,380.109,398.945,2,4,ring_ar
1778165764.739639,2,94,1.405295,81.14,358.664,385.451,2,4,ring_ar
1778165765.1531427,2,95,1.002706,80.77,358.558,387.193,2,4,ring_ar
1778165765.5761168,2,96,1.190325,80.99,355.052,387.309,2,4,ring_ar
1778165765.9893553,2,97,1.441867,80.73,370.051,388.807,2,4,ring_ar
1778165766.4106507,2,98,0.997606,77.79,382.681,402.431,2,4,ring_ar
1778165766.832262,2,99,0.779506,77.94,370.577,401.637,2,4,ring_ar
1778165767.2451558,2,100,1.308395,81.32,357.605,384.623,2,4,ring_ar
1778165767.746014,2,101,0.872747,65.52,440.988,479.491,2,4,ring_ar
1778165768.1647782,2,102,1.010864,79.78,358.707,392.294,2,4,ring_ar
1778165768.5845075,2,103,1.297284,80.63,365.314,389.667,2,4,ring_ar
1778165769.023076,2,104,1.353666,78.69,359.25,397.827,2,4,ring_ar
1778165769.4411387,2,105,1.205094,83.01,351.789,376.643,2,4,ring_ar
1778165769.887992,2,106,1.431244,74.7,396.46,420.524,2,4,ring_ar
1778165770.345373,2,107,1.157578,73.11,397.86,430.085,2,4,ring_ar
1778165770.7811131,2,108,0.807012,78.89,375.794,396.921,2,4,ring_ar
1778165771.2143774,2,109,1.474905,78.7,363.019,397.782,2,4,ring_ar
1778165771.6367037,2,110,1.127119,81.39,367.998,384.631,2,4,ring_ar
1778165772.0530767,2,111,1.156278,80.52,360.896,389.575,2,4,ring_ar
1778165772.4876592,2,112,1.121856,75.67,377.228,414.113,2,4,ring_ar
1778165772.9168327,2,113,1.003696,79.84,369.958,391.905,2,4,ring_ar
1778165773.3300629,2,114,1.152602,81.12,367.568,387.108,2,4,ring_ar
1778165773.7279966,2,115,1.048543,82.49,346.098,378.75,2,4,ring_ar
1778165774.1245,2,116,1.049436,82.61,347.564,379.112,2,4,ring_ar
1778165774.54895,2,117,0.82998,78.96,377.888,397.583,2,4,ring_ar
1778165774.9612858,2,118,1.192699,82.11,360.598,381.306,2,4,ring_ar
1778165775.3830798,2,119,1.097062,80.93,369.773,386.48,2,4,ring_ar
1778165775.8000572,2,120,1.357555,79.89,364.526,392.231,2,4,ring_ar
1778165776.20355,2,121,1.156278,83.18,348.187,375.509,2,4,ring_ar
1778165776.6041815,2,122,1.17688,84.99,345.549,368.291,2,4,ring_ar
1778165777.0173476,2,123,1.287969,83.83,347.2,372.861,2,4,ring_ar
1778165777.4150035,2,124,0.912642,82.53,344.237,378.704,2,4,ring_ar
1778165777.8772597,2,125,0.908772,73.19,403.963,428.249,2,4,ring_ar
1778165778.2745166,2,126,1.554428,84.45,341.011,370.321,2,4,ring_ar
1778165778.6769192,2,127,1.161282,85.71,344.353,364.463,2,4,ring_ar
1778165779.0916796,2,128,1.170874,81.88,359.105,382.154,2,4,ring_ar
1778165779.4873574,2,129,1.06066,86.06,342.219,362.862,2,4,ring_ar
1778165779.899015,2,130,1.184365,80.92,366.77,386.557,2,4,ring_ar
1778165780.310611,2,131,1.139529,81.87,359.633,381.947,2,4,ring_ar
1778165780.7029922,2,132,1.526136,88.04,339.061,354.566,2,4,ring_ar
1778165781.1343586,2,133,1.015785,77.96,369.915,401.86,2,4,ring_ar
1778165781.5556846,2,134,0.888824,80.87,356.673,386.828,2,4,ring_ar
1778165781.9497209,2,135,1.048597,84.63,342.08,368.48,2,4,ring_ar
1778165782.3462698,2,136,0.79857,84.48,341.934,369.881,2,4,ring_ar
1778165782.7412465,2,137,1.275975,84.71,345.112,368.833,2,4,ring_ar
1778165783.1311672,2,138,1.027139,85.17,338.509,366.997,2,4,ring_ar
1778165783.5390365,2,139,1.07956,83.55,352.396,373.974,2,4,ring_ar
1778165783.931314,2,140,1.191458,86.09,331.409,363.519,2,4,ring_ar
1778165784.3161395,2,141,1.177657,88.73,336.281,351.867,2,4,ring_ar
1778165784.7159526,2,142,0.752659,84.09,350.285,372.162,2,4,ring_ar
1778165785.1016877,2,143,0.971954,86.44,333.0,361.229,2,4,ring_ar
1778165785.4898617,2,144,0.978663,85.48,345.854,365.467,2,4,ring_ar
1778165785.9123297,2,145,1.420918,79.86,372.269,391.97,2,4,ring_ar
1778165786.3314412,2,146,1.331096,81.66,366.952,384.549,2,4,ring_ar
1778165786.7422588,2,147,1.270527,82.39,343.995,379.869,2,4,ring_ar
1778165787.1718173,2,148,1.289608,76.24,374.757,410.809,2,4,ring_ar
1778165787.610886,2,149,0.963978,77.7,377.836,403.213,2,4,ring_ar
1778165788.0184944,2,150,0.922777,88.49,319.644,353.042,2,4,ring_ar
1778165788.4108257,2,151,1.272498,88.22,330.443,355.375,2,4,ring_ar
1778165788.8068893,2,152,0.968113,85.26,345.236,367.173,2,4,ring_ar
1778165789.254753,2,153,1.652056,75.06,384.95,418.179,2,4,ring_ar
1778165789.686077,2,154,0.81091,76.21,381.169,411.497,2,4,ring_ar
1778165790.1231468,2,155,0.928988,77.02,380.38,406.791,2,4,ring_ar
1778165790.5362437,2,156,1.354545,82.32,354.441,379.891,2,4,ring_ar
1778165790.9193995,2,157,0.875429,88.93,330.756,351.001,2,4,ring_ar
1778165791.3167665,2,158,1.052144,83.92,349.143,372.881,2,4,ring_ar
1778165791.7434645,2,159,1.018221,79.22,377.711,395.414,2,4,ring_ar
1778165792.1481435,2,160,1.064454,83.65,345.901,373.964,2,4,ring_ar
1778165792.5302472,2,161,1.341843,85.88,346.554,363.791,2,4,ring_ar
1778165792.9279299,2,162,0.896074,84.15,352.182,371.745,2,4,ring_ar
1778165793.3134224,2,163,1.033587,87.45,333.224,356.951,2,4,ring_ar
1778165793.7032998,2,164,1.235625,88.96,333.945,351.478,2,4,ring_ar
1778165794.0942512,2,165,0.97911,83.94,334.322,372.108,2,4,ring_ar
1778165794.4798295,2,166,0.999451,89.6,324.455,348.02,2,4,ring_ar
1778165794.8633263,2,167,0.940526,89.27,332.319,349.928,2,4,ring_ar
1778165795.2557135,2,168,1.307413,87.19,335.585,358.158,2,4,ring_ar
1778165795.6362832,2,169,1.432779,88.77,334.295,351.435,2,4,ring_ar
1778165796.019672,2,170,1.206629,93.2,306.308,334.726,2,4,ring_ar
1778165796.4110239,2,171,0.784121,91.05,327.051,342.612,2,4,ring_ar
1778165796.7970142,2,172,1.249863,88.54,332.011,352.281,2,4,ring_ar
1778165797.1879358,2,173,1.768947,85.28,346.327,366.158,2,4,ring_ar
1778165797.635107,2,174,0.872197,74.65,396.402,420.041,2,4,ring_ar
1778165798.0459146,2,175,1.36312,80.77,352.09,387.372,2,4,ring_ar
1778165798.4683983,2,176,0.918112,80.35,365.504,389.413,2,4,ring_ar
1778165798.8597326,2,177,1.027605,86.67,334.218,360.141,2,4,ring_ar
1778165799.243977,2,178,1.167927,86.55,337.804,360.591,2,4,ring_ar
1778165799.6428978,2,179,1.497887,86.8,342.279,359.819,2,4,ring_ar
1778165800.0336647,2,180,0.737228,86.29,331.099,361.991,2,4,ring_ar
1778165800.4182613,2,181,1.205023,87.88,328.698,355.226,2,4,ring_ar
1778165800.8134131,2,182,1.376886,86.64,342.465,360.356,2,4,ring_ar
1778165801.2049005,2,183,0.808135,85.38,341.395,365.947,2,4,ring_ar
1778165801.6061442,2,184,1.094018,82.52,357.937,378.943,2,4,ring_ar
1778165802.007472,2,185,1.480201,81.91,347.006,382.926,2,4,ring_ar
1778165802.4134886,2,186,0.989298,80.78,367.347,388.587,2,4,ring_ar
1778165802.813322,2,187,1.035431,83.55,341.573,374.83,2,4,ring_ar
1778165803.2009478,2,188,1.050332,84.77,348.346,368.603,2,4,ring_ar
1778165803.597816,2,189,1.043359,85.19,339.098,368.155,2,4,ring_ar
1778165803.9916656,2,190,1.289768,83.18,348.787,377.541,2,4,ring_ar
1778165804.3819897,2,191,0.938396,88.93,328.775,350.733,2,4,ring_ar
1778165804.7709906,2,192,1.347906,85.83,341.986,364.133,2,4,ring_ar
1778165805.1695678,2,193,1.333738,85.24,344.578,367.052,2,4,ring_ar
1778165805.5707052,2,194,0.960269,84.08,344.361,371.685,2,4,ring_ar
1778165805.9547062,2,195,1.181963,87.93,335.459,354.976,2,4,ring_ar
1778165806.3508203,2,196,0.993357,85.87,345.885,364.334,2,4,ring_ar
1778165806.735755,2,197,0.829874,87.24,328.152,357.881,2,4,ring_ar
1778165807.1231065,2,198,0.875248,89.65,332.648,348.038,2,4,ring_ar
1778165807.5318983,2,199,1.207343,82.12,362.734,380.808,2,4,ring_ar
1778165807.9414165,2,200,1.16704,83.5,347.874,374.337,2,4,ring_ar
1778165808.3296907,2,201,1.339589,88.78,336.119,351.903,2,4,ring_ar
1778165808.7410543,2,202,0.670641,81.03,363.794,385.903,2,4,ring_ar
1778165809.1209576,2,203,1.529571,90.19,327.268,345.937,2,4,ring_ar
1778165809.5085833,2,204,1.026089,86.38,345.303,361.784,2,4,ring_ar
1778165809.920507,2,205,0.855778,81.18,360.576,385.987,2,4,ring_ar
1778165810.3063004,2,206,1.185048,89.8,330.58,349.103,2,4,ring_ar
1778165810.7051182,2,207,0.886374,83.55,349.386,374.263,2,4,ring_ar
1778165811.0942955,2,208,1.300084,86.04,340.199,363.002,2,4,ring_ar
1778165811.4814935,2,209,1.037266,86.16,339.105,362.376,2,4,ring_ar
1778165811.8738346,2,210,1.312123,85.18,343.879,366.884,2,4,ring_ar
1778165812.2706065,2,211,1.140686,85.92,343.606,363.71,2,4,ring_ar
1778165812.6544,2,212,1.237598,88.85,333.038,351.261,2,4,ring_ar
1778165813.0495448,2,213,1.217685,85.63,343.735,364.838,2,4,ring_ar
1778165813.4326074,2,214,1.066635,85.66,329.473,364.704,2,4,ring_ar
1778165813.8169005,2,215,1.094726,88.21,325.296,353.41,2,4,ring_ar
1778165814.2179317,2,216,1.422206,83.38,352.422,376.288,2,4,ring_ar
1778165814.5984478,2,217,1.324062,86.13,335.247,362.796,2,4,ring_ar
1778165814.995133,2,218,0.907626,87.71,338.377,356.365,2,4,ring_ar
1778165815.38422,2,219,1.136045,86.48,344.487,361.215,2,4,ring_ar
1778165815.7658813,2,220,0.825074,88.95,333.326,352.104,2,4,ring_ar
1778165816.1443274,2,221,1.132898,86.7,338.175,360.416,2,4,ring_ar
1778165816.5433068,2,222,0.789291,85.77,346.074,364.201,2,4,ring_ar
1778165816.9202812,2,223,1.316018,86.86,341.241,361.014,2,4,ring_ar
1778165817.2980435,2,224,0.972433,87.93,338.722,355.603,2,4,ring_ar
1778165817.7432559,2,225,1.250177,73.35,400.966,427.49,2,4,ring_ar
1778165818.1300318,2,226,1.035873,87.94,334.685,355.133,2,4,ring_ar
1778165818.5279286,2,227,1.281659,85.63,343.017,364.674,2,4,ring_ar
1778165818.9318008,2,228,0.960543,83.86,344.098,372.627,2,4,ring_ar
1778165819.313482,2,229,1.464195,89.06,315.995,350.299,2,4,ring_ar
1778165819.717929,2,230,0.970582,84.27,353.912,370.567,2,4,ring_ar
1778165820.1138587,2,231,1.037974,85.18,338.848,366.804,2,4,ring_ar
1778165820.4931915,2,232,1.530762,89.13,328.819,349.967,2,4,ring_ar
1778165820.876642,2,233,0.860987,85.37,340.824,366.068,2,4,ring_ar
1778165821.2568092,2,234,1.241325,87.28,330.558,357.564,2,4,ring_ar
1778165821.6344023,2,235,1.314184,90.86,326.942,343.187,2,4,ring_ar
1778165822.0192895,2,236,0.884258,87.1,336.474,358.813,2,4,ring_ar
1778165822.4039977,2,237,0.96414,86.51,344.42,362.379,2,4,ring_ar
1778165822.791647,2,238,1.011963,84.65,343.522,369.285,2,4,ring_ar
1778165823.182875,2,239,0.996015,87.29,340.209,357.63,2,4,ring_ar
1778165823.5849948,2,240,1.082994,82.74,354.899,379.588,2,4,ring_ar
1778165823.9739993,2,241,1.124142,86.18,323.783,362.862,2,4,ring_ar
1778165824.3622735,2,242,0.802177,88.87,336.389,351.402,2,4,ring_ar
1778165824.738466,2,243,1.066779,88.84,319.789,351.285,2,4,ring_ar
1778165825.1225202,2,244,1.075754,88.79,330.787,351.661,2,4,ring_ar
1778165825.5135083,2,245,1.130632,83.72,357.214,373.481,2,4,ring_ar
1778165825.8931975,2,246,1.095909,88.14,336.905,355.78,2,4,ring_ar
1778165826.2687747,2,247,0.782556,87.26,333.323,358.248,2,4,ring_ar
1778165826.6807632,2,248,1.04482,85.22,338.286,367.413,2,4,ring_ar
1778165827.0887537,2,249,1.436644,82.44,349.178,380.883,2,4,ring_ar
1778165827.5040371,2,250,0.998004,82.55,356.414,379.041,2,4,ring_ar
1778165827.939237,2,251,1.124483,75.59,393.979,414.507,2,4,ring_ar
1778165828.3284302,2,252,0.998486,86.04,344.767,363.222,2,4,ring_ar
1778165828.7263176,2,253,0.807831,83.82,352.203,372.864,2,4,ring_ar
1778165829.1153538,2,254,0.868057,87.23,340.1,358.217,2,4,ring_ar
1778165829.4959927,2,255,0.99009,86.07,345.168,362.927,2,4,ring_ar
1778165829.9045491,2,256,1.293915,82.47,360.253,379.626,2,4,ring_ar
1778165830.2882848,2,257,1.081395,88.95,326.509,351.37,2,4,ring_ar
1778165830.6757255,2,258,0.965234,84.59,344.833,369.368,2,4,ring_ar
1778165831.071324,2,259,0.898455,86.29,342.641,362.127,2,4,ring_ar
1778165831.4742265,2,260,0.864466,83.84,347.753,372.716,2,4,ring_ar
1778165831.8957686,2,261,0.775374,81.07,361.657,385.727,2,4,ring_ar
1778165832.3298397,2,262,1.159379,79.52,368.583,394.097,2,4,ring_ar
1778165832.745815,2,263,1.318703,82.55,353.762,378.883,2,4,ring_ar
1778165833.143073,2,264,1.317378,86.36,337.395,361.683,2,4,ring_ar
1778165833.5379033,2,265,1.32854,83.14,351.041,375.649,2,4,ring_ar
1778165833.9315176,2,266,0.94195,85.35,348.179,366.155,2,4,ring_ar
1778165834.3419454,2,267,0.982117,82.18,355.221,380.865,2,4,ring_ar
1778165834.7327008,2,268,1.351288,89.63,323.467,347.902,2,4,ring_ar
1778165835.110949,2,269,1.026559,91.32,320.266,341.463,2,4,ring_ar
1778165835.4977164,2,270,1.29653,88.6,336.335,352.602,2,4,ring_ar
1778165835.8950293,2,271,1.047379,85.44,341.469,366.905,2,4,ring_ar
1778165836.2793067,2,272,0.911037,85.26,345.923,367.651,2,4,ring_ar
1778165836.671252,2,273,1.703091,83.51,346.932,375.488,2,4,ring_ar
1778165837.0650144,2,274,1.262057,83.42,337.969,374.51,2,4,ring_ar
1778165837.450713,2,275,1.034044,84.92,336.109,367.813,2,4,ring_ar
1778165837.898719,2,276,1.05198,75.07,399.983,417.565,2,4,ring_ar
1778165838.2818034,2,277,1.079106,85.7,340.659,364.406,2,4,ring_ar
1778165838.6607792,2,278,0.732664,88.53,327.069,352.628,2,4,ring_ar
1778165839.0607517,2,279,0.931592,85.17,344.562,367.619,2,4,ring_ar
1778165839.4441504,2,280,1.301345,89.92,330.276,347.816,2,4,ring_ar
1778165839.8529017,2,281,0.929728,83.82,355.609,372.888,2,4,ring_ar
1778165840.2458043,2,282,1.137711,84.81,346.154,369.697,2,4,ring_ar
1778165840.6304238,2,283,1.285463,85.2,346.833,367.024,2,4,ring_ar
1778165841.0118449,2,284,1.138846,87.61,338.849,357.548,2,4,ring_ar
1778165841.40139,2,285,0.865465,84.32,351.686,370.626,2,4,ring_ar
1778165841.7933083,2,286,0.743924,84.91,350.141,368.283,2,4,ring_ar
1778165842.1833093,2,287,1.032245,83.94,353.89,373.052,2,4,ring_ar
1778165842.5760937,2,288,1.386216,88.08,322.36,355.714,2,4,ring_ar
1778165842.9713166,2,289,0.939225,82.92,357.331,376.95,2,4,ring_ar
1778165843.3642757,2,290,1.410805,85.17,343.905,366.925,2,4,ring_ar
1778165843.75554,2,291,0.897898,88.14,336.341,354.136,2,4,ring_ar
1778165844.145235,2,292,0.911362,85.84,339.693,364.119,2,4,ring_ar
1778165844.548573,2,293,0.955407,83.35,351.295,375.104,2,4,ring_ar
1778165844.9629827,2,294,1.2128,82.02,338.986,381.398,2,4,ring_ar
1778165845.3681738,2,295,1.562688,84.32,351.049,370.377,2,4,ring_ar
1778165845.7720401,2,296,0.995123,83.43,353.758,374.489,2,4,ring_ar
1778165846.167208,2,297,1.166187,82.89,350.889,377.067,2,4,ring_ar
1778165846.5499127,2,298,1.286158,87.56,331.219,356.725,2,4,ring_ar
1778165846.9261012,2,299,1.144673,91.53,326.093,340.718,2,4,ring_ar
1778165847.3045502,2,300,0.885525,87.89,329.911,355.315,2,4,ring_ar
1778165847.7332182,2,301,0.857844,79.89,372.488,391.596,2,4,ring_ar
1778165848.1334946,2,302,1.080323,84.03,348.82,371.832,2,4,ring_ar
1778165848.522279,2,303,1.042632,84.28,343.671,371.249,2,4,ring_ar
1778165848.9148562,2,304,1.041567,86.44,343.966,361.536,2,4,ring_ar
1778165849.3035684,2,305,1.056394,85.33,324.736,366.045,2,4,ring_ar
1778165849.7013574,2,306,0.922372,82.35,353.19,380.083,2,4,ring_ar
1778165850.0999477,2,307,1.57924,86.16,343.428,364.027,2,4,ring_ar
1778165850.4850883,2,308,1.146743,85.31,335.341,366.079,2,4,ring_ar
1778165850.8676367,2,309,0.909073,88.12,332.155,354.188,2,4,ring_ar
1778165851.2651918,2,310,1.03646,82.34,356.694,379.946,2,4,ring_ar
1778165851.6551375,2,311,0.935567,86.33,342.689,362.608,2,4,ring_ar
1778165852.040078,2,312,1.001408,87.05,341.092,360.075,2,4,ring_ar
1778165852.4397678,2,313,0.776674,82.03,355.551,381.14,2,4,ring_ar
1778165852.8330934,2,314,1.165884,83.29,347.521,375.509,2,4,ring_ar
1778165853.2183638,2,315,0.931788,84.98,350.895,367.922,2,4,ring_ar
1778165853.616419,2,316,1.193257,87.03,340.402,358.932,2,4,ring_ar
1778165854.0010436,2,317,1.034243,85.17,348.997,366.94,2,4,ring_ar
1778165854.3905132,2,318,0.997024,84.12,341.261,371.928,2,4,ring_ar
1778165854.7990377,2,319,0.828197,82.81,359.124,377.485,2,4,ring_ar
1778165855.1905344,2,320,0.840988,87.43,335.937,357.893,2,4,ring_ar
1778165855.597515,2,321,0.983165,82.27,350.921,381.141,2,4,ring_ar
1778165856.0001054,2,322,0.978445,83.96,345.708,372.187,2,4,ring_ar
1778165856.3892996,2,323,0.753597,88.67,334.35,352.87,2,4,ring_ar
1778165856.7837029,2,324,1.029499,85.28,343.885,367.475,2,4,ring_ar
1778165857.1786165,2,325,0.838586,82.94,342.521,377.084,2,4,ring_ar
1778165857.5871491,2,326,1.246214,83.32,357.134,375.246,2,4,ring_ar
1778165858.0055206,2,327,0.888171,81.26,340.561,386.203,2,4,ring_ar
1778165858.3949463,2,328,0.987571,89.02,323.375,350.674,2,4,ring_ar
1778165858.7853456,2,329,1.396763,85.5,335.47,365.717,2,4,ring_ar
1778165859.185067,2,330,1.101118,85.58,345.284,365.738,2,4,ring_ar
1778165859.5722399,2,331,0.688532,86.67,337.887,360.287,2,4,ring_ar
1778165859.9766552,2,332,0.78989,82.39,354.303,379.304,2,4,ring_ar
1778165860.3859105,2,333,0.708321,84.47,353.896,369.897,2,4,ring_ar
1778165860.771914,2,334,0.959592,87.39,332.336,357.497,2,4,ring_ar
1778165861.1582265,2,335,1.181547,88.1,334.127,354.434,2,4,ring_ar
1778165861.5585551,2,336,0.803791,84.92,349.265,368.422,2,4,ring_ar
1778165861.9444,2,337,0.806967,89.16,334.419,350.148,2,4,ring_ar
1778165862.331992,2,338,1.002578,86.73,338.997,360.599,2,4,ring_ar
1778165862.7328656,2,339,1.536103,82.97,349.422,376.959,2,4,ring_ar
1778165863.1195543,2,340,0.798932,87.81,338.152,355.405,2,4,ring_ar
1778165863.5084212,2,341,1.343197,86.63,337.652,361.229,2,4,ring_ar
1778165863.9132144,2,342,1.386584,83.73,351.421,373.159,2,4,ring_ar
1778165864.302975,2,343,1.049868,88.18,336.837,354.237,2,4,ring_ar
1778165864.6997788,2,344,0.747004,85.87,344.781,363.952,2,4,ring_ar
1778165865.0898066,2,345,1.053874,84.27,350.387,370.937,2,4,ring_ar
1778165865.4805114,2,346,1.011652,86.96,326.735,359.072,2,4,ring_ar
1778165865.8937414,2,347,0.812609,81.92,362.515,382.02,2,4,ring_ar
1778165866.3008885,2,348,1.010131,80.69,366.292,387.677,2,4,ring_ar
1778165866.6950567,2,349,1.102992,83.45,340.87,374.655,2,4,ring_ar
1778165867.0911105,2,350,0.704811,84.21,351.667,371.281,2,4,ring_ar
1778165867.478642,2,351,1.043629,84.98,338.426,368.904,2,4,ring_ar
1778165867.9220247,2,352,0.997962,73.71,397.313,425.572,2,4,ring_ar
1778165868.3230305,2,353,0.889243,82.49,361.095,379.076,2,4,ring_ar
1778165868.7153351,2,354,0.811144,83.54,356.182,374.349,2,4,ring_ar
1778165869.1041214,2,355,1.013584,85.76,346.46,364.401,2,4,ring_ar
1778165869.5049477,2,356,0.900262,81.94,363.486,381.976,2,4,ring_ar
1778165869.9079185,2,357,1.300349,82.85,348.158,377.572,2,4,ring_ar
1778165870.304491,2,358,1.140371,85.18,350.107,367.088,2,4,ring_ar
1778165870.692099,2,359,0.874227,86.75,316.148,359.982,2,4,ring_ar
1778165871.0735552,2,360,0.999372,87.29,336.848,357.676,2,4,ring_ar
1778165871.476561,2,361,0.981232,83.02,358.057,376.526,2,4,ring_ar
1778165871.8656065,2,362,1.332798,87.31,330.975,357.729,2,4,ring_ar
1778165872.2524955,2,363,0.983262,84.62,341.063,369.67,2,4,ring_ar
1778165872.6470108,2,364,1.084877,86.77,343.638,361.245,2,4,ring_ar
1778165873.031552,2,365,1.07592,92.9,317.071,335.94,2,4,ring_ar
1778165873.4149833,2,366,1.033962,88.91,329.92,350.701,2,4,ring_ar
1778165873.8146415,2,367,0.763792,81.93,358.216,381.432,2,4,ring_ar
1778165874.1971862,2,368,0.831161,89.39,314.557,348.984,2,4,ring_ar
1778165874.5779526,2,369,1.221606,89.26,333.346,350.239,2,4,ring_ar
1778165874.9748876,2,370,0.735364,84.23,348.893,370.955,2,4,ring_ar
1778165875.3672323,2,371,0.761088,83.52,336.54,374.322,2,4,ring_ar
1778165875.766908,2,372,1.277148,82.01,352.624,381.088,2,4,ring_ar
1778165876.165444,2,373,1.219579,83.67,353.225,373.624,2,4,ring_ar
1778165876.5811,2,374,0.659501,82.04,363.691,381.082,2,4,ring_ar
1778165876.9923792,2,375,0.760067,79.64,360.676,392.85,2,4,ring_ar
1778165877.3804922,2,376,0.683883,88.53,336.048,352.707,2,4,ring_ar
1778165877.817998,2,377,0.672448,77.86,384.223,401.89,2,4,ring_ar
1778165878.2302897,2,378,0.985826,82.66,357.571,378.672,2,4,ring_ar
1778165878.6296828,2,379,1.550564,83.67,347.048,374.084,2,4,ring_ar
1778165879.0172374,2,380,1.147971,87.38,334.154,357.446,2,4,ring_ar
1778165879.3951948,2,381,1.037181,90.75,327.407,343.986,2,4,ring_ar
1778165879.7855392,2,382,1.068151,85.45,347.911,365.412,2,4,ring_ar
1778165880.167229,2,383,1.060963,87.87,336.281,355.33,2,4,ring_ar
1778165880.5584881,2,384,0.742377,83.68,347.911,373.904,2,4,ring_ar
1778165880.9396746,2,385,0.919332,90.76,317.844,343.61,2,4,ring_ar
1778165881.3200552,2,386,1.140226,91.69,322.976,340.118,2,4,ring_ar
1778165881.7159736,2,387,1.17313,85.87,340.366,363.868,2,4,ring_ar
1778165882.100774,2,388,0.795407,87.5,328.839,356.729,2,4,ring_ar
1778165882.4854233,2,389,0.731605,87.37,334.358,357.783,2,4,ring_ar
1778165882.8441882,2,390,0.813448,57.95,316.73,336.657,2,4,ring_ar
1778165886.155036,3,0,0.871867,96.48,308.339,323.011,2,4,ring_ar
1778165886.52375,3,1,1.394934,89.06,330.783,351.757,2,4,ring_ar
1778165886.8934574,3,2,0.854485,88.27,336.847,353.579,2,4,ring_ar
1778165887.3119736,3,3,0.580488,80.27,367.154,390.375,2,4,ring_ar
1778165887.750599,3,4,0.885908,76.4,390.292,410.384,2,4,ring_ar
1778165888.14295,3,5,0.880173,86.55,340.699,362.412,2,4,ring_ar
1778165888.5362942,3,6,1.439727,85.35,337.084,366.128,2,4,ring_ar
1778165888.9236078,3,7,0.914232,88.29,336.308,353.328,2,4,ring_ar
1778165889.3125882,3,8,1.13592,87.12,339.735,358.156,2,4,ring_ar
1778165889.7062936,3,9,0.953034,86.57,341.868,360.86,2,4,ring_ar
1778165890.093022,3,10,1.094826,86.09,327.25,363.08,2,4,ring_ar
1778165890.477643,3,11,1.201759,88.77,333.376,351.92,2,4,ring_ar
1778165890.8611887,3,12,1.135563,91.14,326.332,343.57,2,4,ring_ar
1778165891.2454567,3,13,0.75259,85.24,330.833,366.626,2,4,ring_ar
1778165891.6391377,3,14,1.111048,86.5,333.423,361.205,2,4,ring_ar
1778165892.0273106,3,15,0.951931,88.38,331.154,353.118,2,4,ring_ar
1778165892.4081917,3,16,0.86233,89.18,331.784,350.114,2,4,ring_ar
1778165892.7966354,3,17,0.759274,90.6,308.604,345.892,2,4,ring_ar
1778165893.1796525,3,18,0.891888,85.77,345.637,364.212,2,4,ring_ar
1778165893.560335,3,19,0.915459,89.27,330.728,350.007,2,4,ring_ar
1778165893.9572768,3,20,0.704813,85.1,349.472,367.787,2,4,ring_ar
1778165894.3417423,3,21,0.733713,89.27,330.524,350.056,2,4,ring_ar
1778165894.7228668,3,22,1.125984,89.2,331.826,349.994,2,4,ring_ar
1778165895.11796,3,23,0.750258,86.03,346.454,363.027,2,4,ring_ar
1778165895.5057654,3,24,0.727123,87.76,338.144,355.711,2,4,ring_ar
1778165895.890288,3,25,1.314752,87.65,331.327,356.559,2,4,ring_ar
1778165896.2847908,3,26,0.781747,88.02,334.065,354.656,2,4,ring_ar
1778165896.6606812,3,27,1.068173,88.02,336.545,354.647,2,4,ring_ar
1778165897.0454013,3,28,0.724358,85.11,349.361,367.95,2,4,ring_ar
1778165897.4371092,3,29,0.394162,87.02,336.326,358.633,2,4,ring_ar
1778165897.9029756,3,30,0.801804,71.79,419.182,436.78,2,4,ring_ar
1778165898.31668,3,31,0.923653,79.19,364.897,395.165,2,4,ring_ar
1778165898.7077532,3,32,0.698393,87.29,340.554,357.667,2,4,ring_ar
1778165899.0938926,3,33,1.577639,89.52,333.594,348.357,2,4,ring_ar
1778165899.4843788,3,34,0.9692,85.34,341.936,367.137,2,4,ring_ar
1778165899.8842163,3,35,0.790326,82.02,336.814,381.127,2,4,ring_ar
1778165900.2632709,3,36,1.082198,91.4,326.094,341.141,2,4,ring_ar
1778165900.6492414,3,37,0.72398,91.3,328.836,343.067,2,4,ring_ar
1778165901.0381863,3,38,0.640718,88.66,332.476,352.387,2,4,ring_ar
1778165901.423776,3,39,1.027226,86.35,337.701,362.066,2,4,ring_ar
1778165901.8217952,3,40,1.176003,86.81,329.368,360.101,2,4,ring_ar
1778165902.2028146,3,41,0.799097,89.48,328.65,348.948,2,4,ring_ar
1778165902.5845606,3,42,1.364379,88.08,326.799,354.926,2,4,ring_ar
1778165902.9797053,3,43,0.907747,86.42,321.464,361.182,2,4,ring_ar
1778165903.3622417,3,44,0.908401,85.72,332.328,364.427,2,4,ring_ar
1778165903.7547982,3,45,0.937317,86.57,342.763,360.645,2,4,ring_ar
1778165904.1471186,3,46,0.927622,88.45,334.56,352.933,2,4,ring_ar
1778165904.5302973,3,47,0.703499,86.67,336.242,360.42,2,4,ring_ar
1778165904.912865,3,48,0.807386,87.98,337.124,354.531,2,4,ring_ar
1778165905.3007927,3,49,0.689475,87.89,333.681,355.144,2,4,ring_ar
1778165905.691709,3,50,0.866512,85.45,341.748,366.393,2,4,ring_ar
1778165906.0915995,3,51,1.144175,85.51,345.271,365.583,2,4,ring_ar
1778165906.4780471,3,52,0.770406,86.77,339.795,360.121,2,4,ring_ar
1778165906.8581765,3,53,0.952443,87.66,335.094,355.998,2,4,ring_ar
1778165907.2553124,3,54,0.977576,85.54,345.158,366.428,2,4,ring_ar
1778165907.66299,3,55,1.034177,80.39,369.698,390.666,2,4,ring_ar
1778165908.071499,3,56,0.703671,87.49,328.902,356.483,2,4,ring_ar
1778165908.4858449,3,57,0.707939,80.61,359.851,389.469,2,4,ring_ar
1778165908.8991685,3,58,0.65296,79.37,340.118,394.306,2,4,ring_ar
1778165909.2888596,3,59,1.162885,86.08,336.587,362.82,2,4,ring_ar
1778165909.6863112,3,60,0.96272,84.03,352.546,372.115,2,4,ring_ar
1778165910.0758207,3,61,1.138671,89.29,334.875,351.146,2,4,ring_ar
1778165910.4658647,3,62,1.155686,84.16,344.416,372.522,2,4,ring_ar
1778165910.8689952,3,63,0.856082,81.37,328.14,384.405,2,4,ring_ar
1778165911.241009,3,64,0.899009,89.91,330.373,347.044,2,4,ring_ar
1778165911.6258245,3,65,1.03708,86.8,338.717,359.74,2,4,ring_ar
1778165912.0135388,3,66,1.239564,86.98,335.24,359.02,2,4,ring_ar
1778165912.3950205,3,67,1.08765,87.47,338.988,357.044,2,4,ring_ar
1778165912.791458,3,68,1.081951,85.08,348.757,366.992,2,4,ring_ar
1778165913.17472,3,69,1.163715,90.92,324.103,343.249,2,4,ring_ar
1778165913.5545237,3,70,1.0899,87.6,324.497,356.3,2,4,ring_ar
1778165913.9495857,3,71,1.225103,84.13,331.656,371.7,2,4,ring_ar
1778165914.344179,3,72,0.961222,85.32,342.312,366.846,2,4,ring_ar
1778165914.7324748,3,73,0.852419,86.17,340.02,362.422,2,4,ring_ar
1778165915.1217368,3,74,1.139017,87.19,337.03,358.054,2,4,ring_ar
1778165915.5058045,3,75,1.331901,85.44,346.876,365.888,2,4,ring_ar
1778165915.893384,3,76,0.988423,84.43,338.452,370.129,2,4,ring_ar
1778165916.2900507,3,77,1.156631,84.22,345.277,371.258,2,4,ring_ar
1778165916.672729,3,78,0.772551,88.99,328.757,350.557,2,4,ring_ar
1778165917.0534909,3,79,0.712765,87.55,334.191,356.389,2,4,ring_ar
1778165917.4654725,3,80,0.833994,81.29,361.099,384.926,2,4,ring_ar
1778165917.9076939,3,81,1.294537,74.01,402.242,423.443,2,4,ring_ar
1778165918.2979717,3,82,0.610244,85.6,346.925,364.843,2,4,ring_ar
1778165918.6954432,3,83,1.16668,82.5,355.04,378.944,2,4,ring_ar
1778165919.0988646,3,84,1.220702,84.0,352.132,372.111,2,4,ring_ar
1778165919.50814,3,85,1.053952,84.16,349.759,371.378,2,4,ring_ar
1778165919.9205804,3,86,1.095677,82.38,349.851,379.781,2,4,ring_ar
1778165920.3131974,3,87,0.705526,84.81,342.324,368.405,2,4,ring_ar
1778165920.700665,3,88,1.018301,85.94,337.759,363.581,2,4,ring_ar
1778165921.0878963,3,89,0.727259,87.91,337.528,355.105,2,4,ring_ar
1778165921.4813251,3,90,0.702753,84.78,345.627,368.453,2,4,ring_ar
1778165921.8788698,3,91,0.771953,84.43,352.674,370.961,2,4,ring_ar
1778165922.2785323,3,92,0.969616,84.18,350.663,371.672,2,4,ring_ar
1778165922.6683419,3,93,0.58546,84.03,349.67,371.918,2,4,ring_ar
1778165923.068207,3,94,0.656007,81.94,363.645,382.356,2,4,ring_ar
1778165923.4645896,3,95,1.02423,82.71,346.768,378.389,2,4,ring_ar
1778165923.8498225,3,96,1.130861,85.12,335.169,367.858,2,4,ring_ar
1778165924.254663,3,97,0.833295,81.89,358.231,381.754,2,4,ring_ar
1778165924.639632,3,98,0.963588,88.03,336.862,354.668,2,4,ring_ar
1778165925.0234802,3,99,0.899093,87.12,336.917,358.366,2,4,ring_ar
1778165925.4220452,3,100,0.764856,83.73,348.375,373.272,2,4,ring_ar
1778165925.824629,3,101,0.972196,82.3,352.257,379.71,2,4,ring_ar
1778165926.239298,3,102,1.129882,80.93,360.621,386.663,2,4,ring_ar
1778165926.669553,3,103,0.912889,79.41,364.417,395.867,2,4,ring_ar
1778165927.0725968,3,104,1.402122,82.19,348.103,380.888,2,4,ring_ar
1778165927.4697456,3,105,0.83442,84.7,342.742,369.049,2,4,ring_ar
1778165927.9097798,3,106,1.168917,76.58,383.224,410.696,2,4,ring_ar
1778165928.2989802,3,107,0.985595,84.34,339.882,370.209,2,4,ring_ar
1778165928.7043116,3,108,1.167085,83.37,354.144,374.743,2,4,ring_ar
1778165929.0864441,3,109,0.784525,87.36,330.854,357.725,2,4,ring_ar
1778165929.4877608,3,110,0.795587,83.44,346.763,374.631,2,4,ring_ar
1778165929.9475155,3,111,0.896394,73.48,403.87,426.695,2,4,ring_ar
1778165930.356375,3,112,1.013946,83.24,348.613,375.556,2,4,ring_ar
1778165930.7428808,3,113,0.996477,89.0,331.881,350.581,2,4,ring_ar
1778165931.1303825,3,114,0.818083,88.3,326.671,353.737,2,4,ring_ar
1778165931.5082002,3,115,1.001398,92.95,320.597,335.312,2,4,ring_ar
1778165931.900082,3,116,0.659721,85.14,343.233,367.0,2,4,ring_ar
1778165932.289061,3,117,1.003934,87.7,333.449,357.19,2,4,ring_ar
1778165932.688273,3,118,0.754986,87.27,342.772,357.832,2,4,ring_ar
1778165933.0864985,3,119,0.964862,82.34,352.59,379.977,2,4,ring_ar
1778165933.479008,3,120,1.053253,88.08,336.064,354.826,2,4,ring_ar
1778165933.8641913,3,121,0.847568,88.52,330.003,352.611,2,4,ring_ar
1778165934.2646086,3,122,0.750329,83.17,353.315,376.425,2,4,ring_ar
1778165934.6524274,3,123,0.830386,84.55,351.744,369.87,2,4,ring_ar
1778165935.0443058,3,124,0.896822,85.0,342.635,367.544,2,4,ring_ar
1778165935.4207208,3,125,1.002756,89.67,327.103,349.351,2,4,ring_ar
1778165935.7911882,3,126,0.892227,88.77,321.16,351.942,2,4,ring_ar
1778165936.1710265,3,127,1.032694,90.12,324.843,346.29,2,4,ring_ar
1778165936.5643513,3,128,0.907078,85.98,338.216,363.137,2,4,ring_ar
1778165936.946328,3,129,1.067187,88.22,336.338,353.864,2,4,ring_ar
1778165937.3243008,3,130,0.731858,88.78,320.129,351.477,2,4,ring_ar
1778165937.7542472,3,131,1.211646,78.76,374.954,398.221,2,4,ring_ar
1778165938.1455088,3,132,1.303655,87.52,335.556,356.584,2,4,ring_ar
1778165938.5331595,3,133,0.7944,87.62,339.494,356.664,2,4,ring_ar
1778165938.930531,3,134,0.565418,83.63,347.799,373.832,2,4,ring_ar
1778165939.3163974,3,135,1.050078,87.79,335.373,356.819,2,4,ring_ar
1778165939.7032247,3,136,0.960928,84.78,348.626,370.319,2,4,ring_ar
1778165940.1118646,3,137,0.514018,80.15,372.399,390.308,2,4,ring_ar
1778165940.5111423,3,138,0.794711,86.23,343.574,362.357,2,4,ring_ar
1778165940.9112616,3,139,1.462987,85.89,344.771,364.795,2,4,ring_ar
1778165941.3064353,3,140,0.743525,86.36,331.998,361.793,2,4,ring_ar
1778165941.6942356,3,141,0.7514,87.84,329.12,355.619,2,4,ring_ar
1778165942.0777047,3,142,0.878607,89.44,321.532,350.105,2,4,ring_ar
1778165942.4660792,3,143,1.308466,84.62,345.404,369.357,2,4,ring_ar
1778165942.85431,3,144,0.988053,89.49,325.105,348.482,2,4,ring_ar
1778165943.2408526,3,145,0.790726,86.73,327.608,360.202,2,4,ring_ar
1778165943.6292968,3,146,0.834082,87.03,339.25,358.966,2,4,ring_ar
1778165944.009285,3,147,1.211413,92.78,317.572,335.867,2,4,ring_ar
1778165944.4065835,3,148,1.097527,85.45,348.877,366.015,2,4,ring_ar
1778165944.794553,3,149,1.147639,87.31,339.028,357.601,2,4,ring_ar
1778165945.1755686,3,150,0.679784,87.02,340.392,358.601,2,4,ring_ar
1778165945.5663464,3,151,0.913622,89.36,333.033,349.175,2,4,ring_ar
1778165945.950764,3,152,0.627249,88.18,330.752,354.201,2,4,ring_ar
1778165946.3305583,3,153,0.749749,88.27,330.695,353.592,2,4,ring_ar
1778165946.7246828,3,154,0.942411,83.13,351.006,376.197,2,4,ring_ar
1778165947.1059601,3,155,0.995971,88.21,322.863,353.608,2,4,ring_ar
1778165947.4976885,3,156,0.680875,86.16,340.191,362.896,2,4,ring_ar
1778165947.9453208,3,157,0.53192,74.25,400.936,422.046,2,4,ring_ar
1778165948.3282433,3,158,0.82734,85.64,339.933,364.392,2,4,ring_ar
1778165948.7141306,3,159,0.895738,87.05,334.955,358.491,2,4,ring_ar
1778165949.110177,3,160,0.879695,82.72,345.327,378.018,2,4,ring_ar
1778165949.4978461,3,161,0.504619,89.01,332.35,350.759,2,4,ring_ar
1778165949.8910124,3,162,1.056858,84.98,343.27,368.011,2,4,ring_ar
1778165950.2887764,3,163,0.808995,82.37,360.585,379.458,2,4,ring_ar
1778165950.669429,3,164,0.860381,87.18,327.537,358.172,2,4,ring_ar
1778165951.0703552,3,165,0.986877,86.08,337.124,364.314,2,4,ring_ar
1778165951.4935923,3,166,0.902053,77.67,368.672,404.367,2,4,ring_ar
1778165951.8827124,3,167,0.86061,84.48,341.039,370.027,2,4,ring_ar
1778165952.272204,3,168,1.018359,88.44,331.938,352.743,2,4,ring_ar
1778165952.6602442,3,169,0.874979,88.76,334.029,351.507,2,4,ring_ar
1778165953.045339,3,170,1.123313,88.15,332.043,354.525,2,4,ring_ar
1778165953.427947,3,171,1.168987,87.94,336.693,355.239,2,4,ring_ar
1778165953.8096707,3,172,1.164625,87.59,335.094,357.824,2,4,ring_ar
1778165954.1958265,3,173,0.844198,84.87,347.002,368.846,2,4,ring_ar
1778165954.5819895,3,174,0.758211,84.92,345.322,368.06,2,4,ring_ar
1778165954.9663107,3,175,1.00386,85.55,323.219,365.3,2,4,ring_ar
1778165955.3448687,3,176,1.124928,91.29,320.968,341.969,2,4,ring_ar
1778165955.7348597,3,177,0.74347,87.8,337.774,355.59,2,4,ring_ar
1778165956.124392,3,178,0.627479,88.4,334.869,352.919,2,4,ring_ar
1778165956.5134447,3,179,1.035208,86.07,340.033,362.893,2,4,ring_ar
1778165956.9075904,3,180,0.90261,86.03,339.027,363.253,2,4,ring_ar
1778165957.2887557,3,181,0.820955,86.2,340.751,362.149,2,4,ring_ar
1778165957.6933072,3,182,0.568509,83.63,336.135,374.054,2,4,ring_ar
1778165958.1111894,3,183,0.687665,82.32,353.914,379.64,2,4,ring_ar
1778165958.4952042,3,184,0.775209,88.69,330.929,351.847,2,4,ring_ar
1778165958.8834548,3,185,0.694794,88.39,334.289,353.146,2,4,ring_ar
1778165959.287585,3,186,0.81201,83.95,349.306,372.276,2,4,ring_ar
1778165959.6677825,3,187,0.779755,87.61,332.394,356.642,2,4,ring_ar
1778165960.0716026,3,188,0.651142,83.06,353.442,376.468,2,4,ring_ar
1778165960.4670787,3,189,1.056655,84.1,348.191,371.464,2,4,ring_ar
1778165960.8497515,3,190,1.301697,89.04,332.366,350.633,2,4,ring_ar
1778165961.232101,3,191,0.86645,90.47,329.043,344.88,2,4,ring_ar
1778165961.6306572,3,192,0.801507,84.19,347.557,371.849,2,4,ring_ar
1778165962.0367393,3,193,0.905136,83.73,343.304,373.174,2,4,ring_ar
1778165962.4242525,3,194,1.02877,88.44,308.27,353.348,2,4,ring_ar
1778165962.8134964,3,195,1.162276,86.23,336.85,363.668,2,4,ring_ar
1778165963.1955075,3,196,0.940135,86.01,338.462,364.418,2,4,ring_ar
1778165963.5896318,3,197,0.570211,83.26,349.556,375.624,2,4,ring_ar
1778165963.9719994,3,198,0.830779,89.48,325.899,348.722,2,4,ring_ar
1778165964.356493,3,199,0.989964,90.46,328.736,345.174,2,4,ring_ar
1778165964.7547562,3,200,0.993832,84.13,348.132,371.479,2,4,ring_ar
1778165965.143783,3,201,0.995561,85.74,343.037,364.161,2,4,ring_ar
1778165965.5243673,3,202,0.862261,90.43,324.067,345.147,2,4,ring_ar
1778165965.9217267,3,203,1.12963,86.18,341.576,362.142,2,4,ring_ar
1778165966.309782,3,204,0.988578,87.14,337.072,359.965,2,4,ring_ar
1778165966.7039154,3,205,0.692284,83.26,355.644,375.535,2,4,ring_ar
1778165967.099101,3,206,0.806672,88.2,338.635,353.766,2,4,ring_ar
1778165967.4890025,3,207,0.847647,88.97,336.051,351.403,2,4,ring_ar
1778165967.9321828,3,208,0.758498,77.23,391.482,405.723,2,4,ring_ar
1778165968.3206651,3,209,1.118344,89.61,329.191,347.984,2,4,ring_ar
1778165968.7083113,3,210,0.925396,89.46,335.629,349.956,2,4,ring_ar
1778165969.097992,3,211,0.898005,85.95,341.925,363.665,2,4,ring_ar
1778165969.4941368,3,212,0.74539,86.09,336.195,363.032,2,4,ring_ar
1778165969.8922987,3,213,0.745798,84.68,349.775,369.368,2,4,ring_ar
1778165970.286914,3,214,0.960054,84.99,330.648,367.352,2,4,ring_ar
1778165970.6703882,3,215,0.966647,90.98,316.043,342.665,2,4,ring_ar
1778165971.0548174,3,216,1.08189,87.18,335.856,357.821,2,4,ring_ar
1778165971.450212,3,217,0.598994,86.1,343.108,362.9,2,4,ring_ar
1778165971.8345623,3,218,0.996433,88.01,326.416,354.814,2,4,ring_ar
1778165972.224084,3,219,0.849362,86.56,341.37,362.078,2,4,ring_ar
1778165972.6463535,3,220,0.884566,77.76,375.106,402.741,2,4,ring_ar
1778165973.0420756,3,221,1.109821,87.15,332.787,358.158,2,4,ring_ar
1778165973.4288695,3,222,1.017939,84.79,347.518,368.621,2,4,ring_ar
1778165973.8244622,3,223,1.034759,84.64,342.583,369.726,2,4,ring_ar
1778165974.2074683,3,224,0.976774,89.95,317.777,347.284,2,4,ring_ar
1778165974.5904403,3,225,0.610717,87.42,338.215,356.942,2,4,ring_ar
1778165974.9871492,3,226,0.795381,82.69,348.563,378.075,2,4,ring_ar
1778165975.3748157,3,227,0.650559,84.54,336.323,369.457,2,4,ring_ar
1778165975.7743845,3,228,0.931062,83.34,356.225,375.06,2,4,ring_ar
1778165976.162588,3,229,0.857913,88.51,333.766,352.861,2,4,ring_ar
1778165976.5454507,3,230,0.892404,87.17,341.328,358.087,2,4,ring_ar
1778165976.929055,3,231,1.011098,86.84,342.057,359.615,2,4,ring_ar
1778165977.3143423,3,232,1.282424,86.58,342.751,360.558,2,4,ring_ar
1778165977.7203822,3,233,0.878239,83.43,356.665,375.928,2,4,ring_ar
1778165978.1206927,3,234,0.633051,85.09,341.451,367.181,2,4,ring_ar
1778165978.507104,3,235,0.618639,88.35,329.636,353.132,2,4,ring_ar
1778165978.8949945,3,236,0.863785,84.59,350.914,369.214,2,4,ring_ar
1778165979.291555,3,237,0.721981,84.39,351.046,370.297,2,4,ring_ar
1778165979.6719604,3,238,0.654569,89.04,326.068,350.486,2,4,ring_ar
1778165980.0791643,3,239,0.809023,82.78,349.869,377.72,2,4,ring_ar
1778165980.4798894,3,240,0.982719,85.04,351.099,367.689,2,4,ring_ar
1778165980.8659759,3,241,0.727612,86.62,343.156,360.623,2,4,ring_ar
1778165981.2468467,3,242,1.005116,86.08,336.992,362.991,2,4,ring_ar
1778165981.642382,3,243,1.108613,84.78,350.442,368.744,2,4,ring_ar
1778165982.0262735,3,244,1.195303,89.47,332.253,349.065,2,4,ring_ar
1778165982.4108572,3,245,0.839615,88.32,333.942,353.654,2,4,ring_ar
1778165982.8089063,3,246,1.279527,84.16,348.546,371.884,2,4,ring_ar
1778165983.2143507,3,247,0.696805,81.08,362.742,385.787,2,4,ring_ar
1778165983.6051996,3,248,0.857071,87.78,337.756,355.566,2,4,ring_ar
1778165983.9934316,3,249,0.774747,87.76,337.475,357.006,2,4,ring_ar
1778165984.3794715,3,250,0.684013,86.37,335.491,361.322,2,4,ring_ar
1778165984.770441,3,251,1.084817,87.5,337.346,357.004,2,4,ring_ar
1778165985.155711,3,252,0.927763,87.15,337.164,358.239,2,4,ring_ar
1778165985.553732,3,253,0.394701,84.83,347.722,368.2,2,4,ring_ar
1778165985.949968,3,254,0.663781,83.9,348.392,372.535,2,4,ring_ar
1778165986.3315535,3,255,0.923282,87.93,321.947,354.929,2,4,ring_ar
1778165986.7174938,3,256,0.753692,87.34,337.504,358.735,2,4,ring_ar
1778165987.1135795,3,257,0.636393,82.78,355.469,379.061,2,4,ring_ar
1778165987.4975696,3,258,0.829506,85.53,338.552,365.248,2,4,ring_ar
1778165987.9299884,3,259,1.139275,78.41,384.06,399.578,2,4,ring_ar
1778165988.3221862,3,260,0.914572,85.67,342.504,365.121,2,4,ring_ar
1778165988.7034633,3,261,0.946929,90.22,327.501,345.826,2,4,ring_ar
1778165989.084178,3,262,0.868694,91.02,328.291,342.897,2,4,ring_ar
1778165989.4782674,3,263,0.588662,86.61,334.319,360.815,2,4,ring_ar
1778165989.87027,3,264,1.120574,86.57,338.986,360.912,2,4,ring_ar
1778165990.2574139,3,265,0.677116,85.83,335.18,364.198,2,4,ring_ar
1778165990.6454608,3,266,1.090954,88.93,332.497,350.841,2,4,ring_ar
1778165991.0290542,3,267,0.749219,87.79,331.107,355.396,2,4,ring_ar
1778165991.4184976,3,268,0.814889,88.01,335.142,354.716,2,4,ring_ar
1778165991.808,3,269,1.046125,89.05,335.748,350.369,2,4,ring_ar
1778165992.1941664,3,270,1.00794,86.57,328.788,360.878,2,4,ring_ar
1778165992.591383,3,271,0.754183,85.4,343.239,365.699,2,4,ring_ar
1778165992.9793684,3,272,0.698913,87.25,329.115,357.832,2,4,ring_ar
1778165993.3623238,3,273,0.695995,87.48,333.544,356.904,2,4,ring_ar
1778165993.7771447,3,274,0.909603,78.84,378.997,397.209,2,4,ring_ar
1778165994.1668463,3,275,0.940173,84.25,350.51,370.769,2,4,ring_ar
1778165994.5528061,3,276,0.65592,88.84,314.857,351.314,2,4,ring_ar
1778165994.9504244,3,277,0.812993,85.61,344.299,365.348,2,4,ring_ar
1778165995.3385067,3,278,1.003099,87.45,340.784,357.729,2,4,ring_ar
1778165995.7165253,3,279,1.073903,91.79,324.097,339.488,2,4,ring_ar
1778165996.1106048,3,280,0.947881,86.49,328.593,360.915,2,4,ring_ar
1778165996.4928024,3,281,0.89103,89.83,328.913,347.467,2,4,ring_ar
1778165996.8837683,3,282,1.232969,85.3,348.535,366.097,2,4,ring_ar
1778165997.2865074,3,283,0.684032,82.91,353.273,377.14,2,4,ring_ar
1778165997.671017,3,284,0.782915,89.53,332.236,349.536,2,4,ring_ar
1778165998.0707989,3,285,0.833496,86.47,334.932,361.207,2,4,ring_ar
1778165998.465186,3,286,0.707396,84.09,341.437,371.661,2,4,ring_ar
1778165998.85089,3,287,0.746897,85.13,338.987,366.856,2,4,ring_ar
1778165999.236724,3,288,1.078574,86.92,337.171,359.413,2,4,ring_ar
1778165999.6215367,3,289,0.695345,86.75,340.84,360.755,2,4,ring_ar
1778166000.0189798,3,290,0.979724,82.69,363.711,379.641,2,4,ring_ar
1778166000.4113786,3,291,0.661383,87.25,336.099,358.067,2,4,ring_ar
1778166000.7966046,3,292,1.245594,85.26,347.018,366.945,2,4,ring_ar
1778166001.1777642,3,293,1.013162,88.63,335.238,352.315,2,4,ring_ar
1778166001.5678768,3,294,0.645066,83.97,356.83,373.411,2,4,ring_ar
1778166001.9501514,3,295,0.788388,85.95,344.131,363.766,2,4,ring_ar
1778166002.3319035,3,296,0.921465,88.07,332.586,354.574,2,4,ring_ar
1778166002.7367573,3,297,0.739351,84.17,350.666,372.621,2,4,ring_ar
1778166003.1228008,3,298,0.689072,85.15,332.101,367.625,2,4,ring_ar
1778166003.5088732,3,299,0.947098,89.82,331.605,347.697,2,4,ring_ar
1778166003.908057,3,300,0.926004,85.28,347.697,366.051,2,4,ring_ar
1778166004.3168814,3,301,0.835525,85.55,350.647,365.577,2,4,ring_ar
1778166004.7128987,3,302,0.846837,85.11,339.764,367.287,2,4,ring_ar
1778166005.125399,3,303,1.05121,80.64,363.739,388.249,2,4,ring_ar
1778166005.5117757,3,304,1.036821,89.1,328.744,350.085,2,4,ring_ar
1778166005.8976288,3,305,0.84201,86.7,325.709,360.199,2,4,ring_ar
1778166006.2918954,3,306,0.564932,85.36,342.682,366.952,2,4,ring_ar
1778166006.6808925,3,307,0.626214,87.84,335.63,355.539,2,4,ring_ar
1778166007.0721967,3,308,0.724512,84.93,344.375,368.287,2,4,ring_ar
1778166007.474439,3,309,0.803044,84.45,350.158,370.23,2,4,ring_ar
1778166007.9096518,3,310,1.056147,77.27,381.304,404.858,2,4,ring_ar
1778166008.3089852,3,311,1.043771,84.78,345.373,368.799,2,4,ring_ar
1778166008.6944008,3,312,0.658339,85.16,348.586,366.914,2,4,ring_ar
1778166009.0765662,3,313,1.152792,87.66,335.67,357.329,2,4,ring_ar
1778166009.4679163,3,314,0.79666,83.76,354.115,373.094,2,4,ring_ar
1778166009.8638725,3,315,1.070158,83.01,345.581,377.023,2,4,ring_ar
1778166010.2530363,3,316,0.842594,86.93,325.663,359.993,2,4,ring_ar
1778166010.6496153,3,317,1.091401,82.73,359.306,378.606,2,4,ring_ar
1778166011.0343602,3,318,0.73279,87.22,335.665,358.916,2,4,ring_ar
1778166011.415573,3,319,0.585508,88.93,334.733,351.136,2,4,ring_ar
1778166011.8101354,3,320,0.738877,85.43,347.096,366.407,2,4,ring_ar
1778166012.1901488,3,321,1.290416,86.27,344.543,363.619,2,4,ring_ar
1778166012.578357,3,322,1.308032,87.23,338.617,357.924,2,4,ring_ar
1778166012.9915676,3,323,0.870824,79.2,375.499,395.381,2,4,ring_ar
1778166013.3870797,3,324,0.7468,83.02,340.006,376.563,2,4,ring_ar
1778166013.7755616,3,325,1.063049,87.89,335.175,355.138,2,4,ring_ar
1778166014.1656802,3,326,0.932948,87.43,340.175,358.436,2,4,ring_ar
1778166014.5524678,3,327,0.862589,84.87,352.766,369.52,2,4,ring_ar
1778166014.9619296,3,328,0.875288,80.05,374.094,391.057,2,4,ring_ar
1778166015.3661697,3,329,0.855583,81.19,361.796,385.366,2,4,ring_ar
1778166015.750919,3,330,0.697262,85.23,322.288,366.909,2,4,ring_ar
1778166016.1370564,3,331,0.833297,86.58,335.243,360.571,2,4,ring_ar
1778166016.5316148,3,332,0.653103,85.1,338.805,366.925,2,4,ring_ar
1778166016.9192731,3,333,0.667902,90.38,331.02,345.095,2,4,ring_ar
1778166017.3187053,3,334,1.166619,83.5,354.979,374.249,2,4,ring_ar
1778166017.7148633,3,335,0.92655,85.21,347.929,366.945,2,4,ring_ar
1778166018.118388,3,336,0.802634,88.36,324.502,353.229,2,4,ring_ar
1778166018.5275033,3,337,1.178575,81.62,357.54,384.455,2,4,ring_ar
1778166018.92422,3,338,0.81412,86.75,344.347,360.223,2,4,ring_ar
1778166019.3123178,3,339,0.720134,85.81,336.606,363.962,2,4,ring_ar
1778166019.7208831,3,340,0.809093,83.88,354.304,372.971,2,4,ring_ar
1778166020.1355984,3,341,0.810361,82.46,362.428,380.822,2,4,ring_ar
1778166020.53207,3,342,0.734737,82.73,357.841,377.925,2,4,ring_ar
1778166020.9388666,3,343,0.822515,83.5,349.819,374.105,2,4,ring_ar
1778166021.326836,3,344,0.994892,88.06,334.769,354.358,2,4,ring_ar
1778166021.7162745,3,345,0.852627,89.71,331.942,348.19,2,4,ring_ar
1778166022.1124926,3,346,0.714545,86.72,340.199,360.124,2,4,ring_ar
1778166022.4966757,3,347,0.803766,90.62,327.341,344.332,2,4,ring_ar
1778166022.8954153,3,348,1.037279,86.05,341.366,362.824,2,4,ring_ar
1778166023.285853,3,349,0.988852,88.33,330.49,353.535,2,4,ring_ar
1778166023.6704175,3,350,0.803803,88.07,335.224,354.427,2,4,ring_ar
1778166024.0692503,3,351,0.666613,85.62,342.467,364.847,2,4,ring_ar
1778166024.4591353,3,352,0.983007,86.11,335.435,362.472,2,4,ring_ar
1778166024.847954,3,353,1.037156,85.91,341.143,362.932,2,4,ring_ar
1778166025.254439,3,354,1.002923,83.34,348.443,375.968,2,4,ring_ar
1778166025.6614842,3,355,1.203897,82.49,354.765,378.974,2,4,ring_ar
1778166026.052782,3,356,0.926624,86.67,338.325,360.625,2,4,ring_ar
1778166026.4607577,3,357,0.805394,81.37,352.164,384.368,2,4,ring_ar
1778166026.8525143,3,358,0.551155,86.71,340.576,360.145,2,4,ring_ar
1778166027.243287,3,359,0.94297,86.87,341.319,359.186,2,4,ring_ar
1778166027.6587863,3,360,0.9788,81.8,355.319,383.894,2,4,ring_ar
1778166028.0813491,3,361,1.028557,80.44,365.273,389.545,2,4,ring_ar
1778166028.4791024,3,362,0.799289,82.57,345.698,378.535,2,4,ring_ar
1778166028.8703165,3,363,1.031473,85.44,337.744,365.553,2,4,ring_ar
1778166029.2587843,3,364,0.667296,84.46,351.808,369.857,2,4,ring_ar
1778166029.653486,3,365,0.677378,84.66,351.686,369.194,2,4,ring_ar
1778166030.0577502,3,366,1.055441,85.55,345.555,365.293,2,4,ring_ar
1778166030.4431465,3,367,1.096871,86.85,337.41,359.491,2,4,ring_ar
1778166030.8340511,3,368,0.63118,87.54,343.696,357.854,2,4,ring_ar
1778166031.2222948,3,369,0.794746,84.72,350.983,368.84,2,4,ring_ar
1778166031.6118388,3,370,0.549649,84.05,348.016,371.789,2,4,ring_ar
1778166032.003367,3,371,0.962422,85.13,340.368,366.935,2,4,ring_ar
1778166032.3763893,3,372,0.630458,90.67,325.81,344.134,2,4,ring_ar
1778166032.759075,3,373,0.464683,88.01,338.774,354.827,2,4,ring_ar
1778166033.1481588,3,374,0.667947,84.13,351.84,371.903,2,4,ring_ar
1778166033.5343294,3,375,0.960935,87.23,333.004,357.85,2,4,ring_ar
1778166033.910511,3,376,0.772416,89.12,333.354,350.31,2,4,ring_ar
1778166034.3046591,3,377,0.807748,87.67,338.677,356.671,2,4,ring_ar
1778166034.6895297,3,378,0.945611,89.36,332.692,349.948,2,4,ring_ar
1778166035.0783386,3,379,1.07962,85.36,344.558,366.065,2,4,ring_ar
1778166035.4701986,3,380,0.969041,85.42,338.476,365.627,2,4,ring_ar
1778166035.850761,3,381,0.584247,90.09,331.757,346.529,2,4,ring_ar
1778166036.2587986,3,382,0.693985,81.83,357.638,381.964,2,4,ring_ar
1778166036.6509826,3,383,0.492913,87.1,333.532,359.185,2,4,ring_ar
1778166037.032825,3,384,0.971997,89.12,333.475,350.148,2,4,ring_ar
1778166037.458253,3,385,0.942309,78.37,375.206,399.941,2,4,ring_ar
1778166037.9235106,3,386,0.462765,72.42,388.771,433.345,2,4,ring_ar
1778166038.3342044,3,387,0.938909,84.99,351.689,367.156,2,4,ring_ar
1778166038.761113,3,388,0.658284,78.53,370.043,398.536,2,4,ring_ar
1778166039.183923,3,389,0.721472,80.35,362.76,389.241,2,4,ring_ar
1778166039.5838327,3,390,0.835238,51.81,357.017,377.361,2,4,ring_ar
1778166042.9407744,4,0,0.656092,89.13,330.411,350.213,2,4,ring_ar
1778166043.3247392,4,1,1.061949,88.16,328.576,354.329,2,4,ring_ar
1778166043.704912,4,2,0.899807,88.06,330.901,354.34,2,4,ring_ar
1778166044.0972292,4,3,0.748652,86.1,343.87,362.899,2,4,ring_ar
1778166044.4821799,4,4,1.008443,88.77,327.121,351.476,2,4,ring_ar
1778166044.870551,4,5,0.647756,86.56,335.677,361.127,2,4,ring_ar
1778166045.2829494,4,6,0.993557,83.95,354.868,372.335,2,4,ring_ar
1778166045.680654,4,7,0.599272,87.22,336.197,358.224,2,4,ring_ar
1778166046.0791302,4,8,0.82551,83.05,351.198,376.341,2,4,ring_ar
1778166046.4775176,4,9,0.66886,84.24,344.14,370.99,2,4,ring_ar
1778166046.8861985,4,10,0.710538,84.09,353.844,371.659,2,4,ring_ar
1778166047.268837,4,11,0.745218,88.15,331.414,354.048,2,4,ring_ar
1778166047.6674156,4,12,0.78612,86.24,345.702,362.123,2,4,ring_ar
1778166048.0836337,4,13,0.562124,78.72,360.994,397.58,2,4,ring_ar
1778166048.4732792,4,14,0.532453,85.17,345.506,368.01,2,4,ring_ar
1778166048.8731413,4,15,0.959031,82.27,340.536,380.059,2,4,ring_ar
1778166049.2647104,4,16,1.074901,86.24,340.788,361.879,2,4,ring_ar
1778166049.6622105,4,17,0.506787,82.48,351.473,379.353,2,4,ring_ar
1778166050.0660248,4,18,0.544297,85.92,344.077,363.759,2,4,ring_ar
1778166050.4436045,4,19,0.472339,88.38,337.805,354.43,2,4,ring_ar
1778166050.835926,4,20,0.784973,86.46,340.64,361.335,2,4,ring_ar
1778166051.2162547,4,21,0.655241,86.46,341.844,361.223,2,4,ring_ar
1778166051.6054063,4,22,0.733044,87.0,338.275,359.039,2,4,ring_ar
1778166051.996649,4,23,0.652005,85.32,339.597,366.113,2,4,ring_ar
1778166052.3723135,4,24,0.693262,92.39,319.594,337.442,2,4,ring_ar
1778166052.7621202,4,25,0.998832,85.89,341.434,363.685,2,4,ring_ar
1778166053.153758,4,26,0.576957,85.28,343.249,366.604,2,4,ring_ar
1778166053.5460358,4,27,0.935111,85.85,343.297,363.747,2,4,ring_ar
1778166053.9275193,4,28,0.64311,88.44,330.674,353.15,2,4,ring_ar
1778166054.3256214,4,29,0.653568,83.32,356.554,375.06,2,4,ring_ar
1778166054.7131143,4,30,0.830707,87.06,332.59,358.466,2,4,ring_ar
1778166055.0934525,4,31,0.723438,87.93,331.075,355.188,2,4,ring_ar
1778166055.491321,4,32,0.595602,85.63,343.621,365.521,2,4,ring_ar
1778166055.871008,4,33,0.764321,87.56,334.859,356.742,2,4,ring_ar
1778166056.2589693,4,34,0.932346,87.57,321.592,356.666,2,4,ring_ar
1778166056.6575844,4,35,0.607321,86.02,348.262,363.445,2,4,ring_ar
1778166057.0423603,4,36,0.970519,86.77,333.697,359.881,2,4,ring_ar
1778166057.4556265,4,37,0.683735,79.11,369.051,395.653,2,4,ring_ar
1778166057.9254904,4,38,0.888365,69.64,415.211,450.386,2,4,ring_ar
1778166058.3085175,4,39,0.722096,88.02,338.651,356.066,2,4,ring_ar
1778166058.7019608,4,40,0.98968,85.93,339.824,363.462,2,4,ring_ar
1778166059.0906644,4,41,0.392934,87.67,336.088,356.049,2,4,ring_ar
1778166059.4714503,4,42,0.859986,87.46,332.142,357.302,2,4,ring_ar
1778166059.8647885,4,43,0.745278,86.25,343.314,362.294,2,4,ring_ar
1778166060.262675,4,44,0.822821,87.02,336.98,358.927,2,4,ring_ar
1778166060.641512,4,45,0.841661,91.97,323.769,340.408,2,4,ring_ar
1778166061.032385,4,46,0.730823,83.84,354.95,372.897,2,4,ring_ar
1778166061.4156885,4,47,1.251519,89.02,332.957,350.643,2,4,ring_ar
1778166061.804645,4,48,1.136892,87.19,339.467,358.246,2,4,ring_ar
1778166062.2020996,4,49,0.685683,84.1,348.839,371.937,2,4,ring_ar
1778166062.5861173,4,50,0.566208,85.36,340.002,365.776,2,4,ring_ar
1778166062.9837546,4,51,0.679765,88.36,334.457,353.241,2,4,ring_ar
1778166063.36155,4,52,0.720476,88.9,333.849,351.708,2,4,ring_ar
1778166063.7322252,4,53,0.470266,93.33,318.6,334.048,2,4,ring_ar
1778166064.106917,4,54,1.32578,89.53,333.919,348.705,2,4,ring_ar
1778166064.4922643,4,55,0.850291,88.23,334.484,354.005,2,4,ring_ar
1778166064.8661249,4,56,0.56744,91.61,323.105,340.516,2,4,ring_ar
1778166065.24504,4,57,0.763257,89.04,331.922,350.188,2,4,ring_ar
1778166065.6407728,4,58,0.543778,85.3,349.011,366.076,2,4,ring_ar
1778166066.0252576,4,59,0.815162,91.02,313.391,342.502,2,4,ring_ar
1778166066.401494,4,60,0.592313,88.9,327.878,351.267,2,4,ring_ar
1778166066.7998793,4,61,1.311706,86.42,343.242,361.089,2,4,ring_ar
1778166067.1758003,4,62,0.547068,90.87,328.003,343.069,2,4,ring_ar
1778166067.5635765,4,63,0.650878,87.3,338.169,357.726,2,4,ring_ar
1778166068.0213125,4,64,0.721577,73.98,406.012,423.766,2,4,ring_ar
1778166068.417399,4,65,0.707559,86.55,343.537,360.772,2,4,ring_ar
1778166068.8132322,4,66,1.317072,84.93,343.204,368.198,2,4,ring_ar
1778166069.2025018,4,67,0.526439,86.48,336.046,362.848,2,4,ring_ar
1778166069.5816271,4,68,0.700256,86.48,331.784,363.323,2,4,ring_ar
1778166069.9807487,4,69,0.891323,82.14,364.947,380.785,2,4,ring_ar
1778166070.3699296,4,70,0.897457,87.58,332.46,356.626,2,4,ring_ar
1778166070.7444606,4,71,0.85263,89.97,314.073,346.588,2,4,ring_ar
1778166071.129926,4,72,0.826052,89.54,332.912,348.42,2,4,ring_ar
1778166071.515498,4,73,0.8806,88.15,336.287,354.104,2,4,ring_ar
1778166071.8919702,4,74,0.422696,93.17,319.976,334.65,2,4,ring_ar
1778166072.2721875,4,75,0.546191,88.95,334.202,352.653,2,4,ring_ar
1778166072.6496103,4,76,0.659815,86.95,340.942,359.197,2,4,ring_ar
1778166073.0321145,4,77,0.650271,85.72,327.831,364.96,2,4,ring_ar
1778166073.4168427,4,78,0.550958,89.7,323.495,349.159,2,4,ring_ar
1778166073.7948985,4,79,0.60275,86.93,337.279,359.353,2,4,ring_ar
1778166074.1796823,4,80,0.856958,86.24,318.971,362.175,2,4,ring_ar
1778166074.5689344,4,81,0.597863,87.84,339.618,355.326,2,4,ring_ar
1778166074.9447272,4,82,0.637085,89.84,321.786,347.116,2,4,ring_ar
1778166075.3240552,4,83,1.048345,88.17,335.761,353.947,2,4,ring_ar
1778166075.7156966,4,84,0.831195,89.09,336.01,350.163,2,4,ring_ar
1778166076.0890143,4,85,0.775502,90.93,326.084,342.835,2,4,ring_ar
1778166076.4727645,4,86,0.695831,86.88,333.262,359.344,2,4,ring_ar
1778166076.8647385,4,87,0.541955,87.85,340.204,355.65,2,4,ring_ar
1778166077.2388744,4,88,0.827042,91.34,322.262,341.438,2,4,ring_ar
1778166077.6216614,4,89,0.61615,88.59,338.031,353.11,2,4,ring_ar
1778166078.0593739,4,90,0.522299,76.4,383.933,411.202,2,4,ring_ar
1778166078.444852,4,91,0.836232,85.1,342.091,367.293,2,4,ring_ar
1778166078.8541338,4,92,0.652297,82.15,351.934,380.732,2,4,ring_ar
1778166079.2472234,4,93,0.704699,86.28,344.647,361.83,2,4,ring_ar
1778166079.6259696,4,94,0.464363,88.47,332.544,352.997,2,4,ring_ar
1778166080.0232642,4,95,0.508212,85.38,350.327,365.764,2,4,ring_ar
1778166080.411118,4,96,0.670351,88.24,330.749,353.942,2,4,ring_ar
1778166080.7920156,4,97,0.702174,88.03,337.707,354.694,2,4,ring_ar
1778166081.1793687,4,98,0.509395,87.4,339.176,357.132,2,4,ring_ar
1778166081.5622814,4,99,0.568414,88.66,333.65,351.974,2,4,ring_ar
1778166081.9391675,4,100,0.824292,88.27,330.929,353.906,2,4,ring_ar
1778166082.3254244,4,101,1.245623,84.86,348.105,368.895,2,4,ring_ar
1778166082.7048407,4,102,0.611101,86.44,335.841,361.262,2,4,ring_ar
1778166083.0858965,4,103,0.572366,87.56,341.722,357.351,2,4,ring_ar
1778166083.4862323,4,104,0.994453,81.8,364.051,382.115,2,4,ring_ar
1778166083.8704712,4,105,0.708641,90.75,328.495,343.515,2,4,ring_ar
1778166084.255541,4,106,0.490147,86.22,340.144,362.249,2,4,ring_ar
1778166084.6450965,4,107,0.843772,84.98,348.637,367.797,2,4,ring_ar
1778166085.023963,4,108,0.75643,88.04,328.91,354.86,2,4,ring_ar
1778166085.4049938,4,109,0.575478,89.89,332.83,347.86,2,4,ring_ar
1778166085.7995703,4,110,0.329185,83.2,348.721,375.916,2,4,ring_ar
1778166086.184696,4,111,0.630517,90.28,318.067,345.468,2,4,ring_ar
1778166086.5589209,4,112,0.510411,91.35,321.182,342.406,2,4,ring_ar
1778166086.9502366,4,113,0.669864,85.61,340.962,364.926,2,4,ring_ar
1778166087.3270388,4,114,0.81246,89.22,333.187,349.85,2,4,ring_ar
1778166087.7143788,4,115,0.590964,87.46,337.716,357.21,2,4,ring_ar
1778166088.1358678,4,116,0.375864,80.95,347.123,386.411,2,4,ring_ar
1778166088.523103,4,117,0.973078,85.44,345.348,365.785,2,4,ring_ar
1778166088.9182718,4,118,0.923772,83.83,342.407,372.862,2,4,ring_ar
1778166089.3503778,4,119,0.644553,75.84,373.037,413.518,2,4,ring_ar
1778166089.769742,4,120,0.625352,81.42,359.179,385.338,2,4,ring_ar
1778166090.1729105,4,121,1.039627,81.27,362.221,385.075,2,4,ring_ar
1778166090.5630848,4,122,0.670068,88.27,335.783,353.803,2,4,ring_ar
1778166090.9544497,4,123,0.889316,86.49,338.225,361.18,2,4,ring_ar
1778166091.3410814,4,124,0.784572,87.79,336.142,356.031,2,4,ring_ar
1778166091.7241688,4,125,0.899556,87.78,336.934,355.893,2,4,ring_ar
1778166092.105618,4,126,0.492222,87.62,332.379,356.76,2,4,ring_ar
1778166092.493204,4,127,0.631437,87.75,334.086,355.921,2,4,ring_ar
1778166092.877276,4,128,0.795324,87.73,328.682,356.014,2,4,ring_ar
1778166093.2622445,4,129,0.993983,87.49,337.491,357.208,2,4,ring_ar
1778166093.6567278,4,130,0.790648,85.96,342.696,363.47,2,4,ring_ar
1778166094.0366492,4,131,0.906497,86.3,330.599,362.025,2,4,ring_ar
1778166094.4163642,4,132,0.811227,88.93,330.791,350.714,2,4,ring_ar
1778166094.8056867,4,133,0.870807,84.88,330.493,369.739,2,4,ring_ar
1778166095.1921751,4,134,1.005086,87.9,334.321,354.761,2,4,ring_ar
1778166095.5694795,4,135,0.521066,88.65,332.039,352.03,2,4,ring_ar
1778166095.9632866,4,136,0.633511,87.3,343.652,357.592,2,4,ring_ar
1778166096.3487055,4,137,0.850254,86.81,337.721,359.73,2,4,ring_ar
1778166096.7363276,4,138,0.790267,87.96,340.183,356.27,2,4,ring_ar
1778166097.1316679,4,139,0.905175,82.65,347.738,378.491,2,4,ring_ar
1778166097.5119734,4,140,0.681554,88.63,333.48,352.683,2,4,ring_ar
1778166097.9517634,4,141,0.606265,75.32,388.811,416.477,2,4,ring_ar
1778166098.3408744,4,142,1.098367,84.26,350.562,372.185,2,4,ring_ar
1778166098.7238913,4,143,0.74482,85.69,348.064,365.809,2,4,ring_ar
1778166099.1209488,4,144,0.700085,86.48,344.258,361.002,2,4,ring_ar
1778166099.5094614,4,145,0.756738,87.58,331.087,356.782,2,4,ring_ar
1778166099.9194505,4,146,0.730045,79.81,363.914,392.385,2,4,ring_ar
1778166100.3431542,4,147,0.719887,81.57,364.093,384.564,2,4,ring_ar
1778166100.7266006,4,148,0.682042,85.7,345.785,364.387,2,4,ring_ar
1778166101.1137323,4,149,0.589428,86.29,337.17,362.042,2,4,ring_ar
1778166101.5117428,4,150,1.04202,83.16,354.551,375.801,2,4,ring_ar
1778166101.8933117,4,151,0.944625,88.34,324.989,353.209,2,4,ring_ar
1778166102.2728624,4,152,0.550505,89.41,327.159,348.71,2,4,ring_ar
1778166102.665772,4,153,0.702283,90.13,319.57,346.228,2,4,ring_ar
1778166103.042778,4,154,0.49616,89.26,328.075,349.5,2,4,ring_ar
1778166103.423485,4,155,0.59584,87.76,332.463,355.586,2,4,ring_ar
1778166103.8138142,4,156,0.645039,89.2,334.629,351.279,2,4,ring_ar
1778166104.1995933,4,157,0.742376,84.99,344.956,367.32,2,4,ring_ar
1778166104.585004,4,158,0.670103,88.65,335.782,352.377,2,4,ring_ar
1778166104.9785562,4,159,0.422421,86.37,332.683,361.951,2,4,ring_ar
1778166105.3679078,4,160,0.452117,84.87,343.242,368.147,2,4,ring_ar
1778166105.766443,4,161,0.438938,82.22,356.242,381.37,2,4,ring_ar
1778166106.1795616,4,162,0.704268,82.37,357.258,380.467,2,4,ring_ar
1778166106.5738626,4,163,1.148909,86.28,344.437,363.16,2,4,ring_ar
1778166106.9764676,4,164,1.198341,81.47,352.257,384.687,2,4,ring_ar
1778166107.3901756,4,165,0.298608,80.95,363.592,386.581,2,4,ring_ar
1778166107.802798,4,166,0.455437,80.85,365.049,388.344,2,4,ring_ar
1778166108.2358704,4,167,1.131614,77.63,372.205,403.507,2,4,ring_ar
1778166108.6295438,4,168,0.629423,83.51,355.215,374.373,2,4,ring_ar
1778166109.0299132,4,169,0.434953,85.34,344.006,366.504,2,4,ring_ar
1778166109.4373841,4,170,0.870785,83.67,349.961,373.821,2,4,ring_ar
1778166109.8315012,4,171,0.858632,84.97,338.898,367.661,2,4,ring_ar
1778166110.2568796,4,172,1.05541,80.8,367.675,386.987,2,4,ring_ar
1778166110.6878705,4,173,0.633524,78.28,374.064,400.077,2,4,ring_ar
1778166111.1011174,4,174,0.533856,79.43,370.687,394.408,2,4,ring_ar
1778166111.5322003,4,175,0.635141,79.25,376.939,396.2,2,4,ring_ar
1778166111.9368522,4,176,0.807381,84.71,348.57,368.817,2,4,ring_ar
1778166112.3356671,4,177,0.491467,84.93,350.788,368.437,2,4,ring_ar
1778166112.7438142,4,178,0.679041,83.3,342.522,375.543,2,4,ring_ar
1778166113.1444037,4,179,0.815261,83.02,352.954,376.609,2,4,ring_ar
1778166113.5397325,4,180,1.117938,86.78,341.197,360.082,2,4,ring_ar
1778166113.9473965,4,181,0.727957,80.47,369.955,388.55,2,4,ring_ar
1778166114.346597,4,182,0.803912,84.28,346.063,371.126,2,4,ring_ar
1778166114.7461522,4,183,1.016296,85.62,337.093,366.166,2,4,ring_ar
1778166115.1486988,4,184,0.892695,81.76,360.251,382.583,2,4,ring_ar
1778166115.567667,4,185,0.807164,83.19,360.731,376.776,2,4,ring_ar
1778166115.991483,4,186,0.68464,80.7,369.042,387.512,2,4,ring_ar
1778166116.4269402,4,187,0.540961,77.68,372.236,402.909,2,4,ring_ar
1778166116.828577,4,188,0.52813,86.61,332.887,360.387,2,4,ring_ar
1778166117.241102,4,189,1.067294,82.0,348.161,381.534,2,4,ring_ar
1778166117.6344006,4,190,0.486862,87.1,340.773,359.866,2,4,ring_ar
1778166118.095674,4,191,0.498902,71.54,414.912,438.457,2,4,ring_ar
1778166118.525336,4,192,0.855099,79.53,351.532,393.537,2,4,ring_ar
1778166118.9624944,4,193,1.080649,76.27,390.138,410.866,2,4,ring_ar
1778166119.3788517,4,194,0.772934,81.7,361.304,382.955,2,4,ring_ar
1778166119.7876234,4,195,1.0165,81.47,358.772,384.24,2,4,ring_ar
1778166120.2119153,4,196,0.636481,79.05,369.509,396.194,2,4,ring_ar
1778166120.619465,4,197,0.783945,83.26,353.715,375.562,2,4,ring_ar
1778166121.0210261,4,198,1.081502,84.97,349.502,369.137,2,4,ring_ar
1778166121.4398155,4,199,0.566653,79.04,363.78,396.365,2,4,ring_ar
1778166121.8612833,4,200,0.596366,80.36,358.644,389.293,2,4,ring_ar
1778166122.2606902,4,201,0.681794,87.49,337.712,356.783,2,4,ring_ar
1778166122.6621683,4,202,1.035163,83.5,354.1,374.517,2,4,ring_ar
1778166123.0704997,4,203,0.725437,81.72,353.103,382.701,2,4,ring_ar
1778166123.4684002,4,204,0.90245,88.55,337.934,352.377,2,4,ring_ar
1778166123.883492,4,205,1.094223,82.36,361.056,379.833,2,4,ring_ar
1778166124.2852058,4,206,0.623996,84.6,332.426,370.416,2,4,ring_ar
1778166124.6767225,4,207,0.523924,85.74,346.233,364.369,2,4,ring_ar
1778166125.0773406,4,208,0.357689,85.46,344.281,365.306,2,4,ring_ar
1778166125.4739568,4,209,0.771228,82.71,350.546,377.799,2,4,ring_ar
1778166125.8673942,4,210,0.739897,85.0,333.959,367.697,2,4,ring_ar
1778166126.271199,4,211,0.656828,82.42,359.158,379.259,2,4,ring_ar
1778166126.673595,4,212,0.620609,86.33,340.037,362.05,2,4,ring_ar
1778166127.1110878,4,213,0.656043,75.16,396.836,417.399,2,4,ring_ar
1778166127.5245392,4,214,0.538663,83.41,352.417,374.749,2,4,ring_ar
1778166127.9861252,4,215,0.662675,72.26,409.194,433.73,2,4,ring_ar
1778166128.3925622,4,216,0.79509,85.29,345.866,366.216,2,4,ring_ar
1778166128.7931128,4,217,0.626379,83.39,349.41,374.944,2,4,ring_ar
1778166129.1962574,4,218,0.703807,82.69,353.691,378.141,2,4,ring_ar
1778166129.599841,4,219,0.664342,81.3,365.927,384.996,2,4,ring_ar
1778166130.001739,4,220,0.771453,85.84,345.684,363.942,2,4,ring_ar
1778166130.4022088,4,221,0.807836,84.42,350.506,370.174,2,4,ring_ar
1778166130.8097198,4,222,0.69703,82.59,358.64,379.825,2,4,ring_ar
1778166131.210606,4,223,0.645425,81.89,363.208,381.498,2,4,ring_ar
1778166131.6143794,4,224,0.686305,85.83,348.432,364.08,2,4,ring_ar
1778166132.049517,4,225,0.958725,78.48,358.257,398.688,2,4,ring_ar
1778166132.464304,4,226,1.026697,80.37,355.088,389.199,2,4,ring_ar
1778166132.8787906,4,227,0.643465,81.23,361.258,385.489,2,4,ring_ar
1778166133.2849178,4,228,1.143537,84.29,350.102,370.863,2,4,ring_ar
1778166133.684019,4,229,1.032405,84.48,347.168,369.945,2,4,ring_ar
1778166134.0844321,4,230,0.795254,85.78,346.835,364.379,2,4,ring_ar
1778166134.479649,4,231,0.645168,87.41,331.163,357.243,2,4,ring_ar
1778166134.8728921,4,232,0.501538,86.12,330.821,362.666,2,4,ring_ar
1778166135.2748728,4,233,0.829913,83.32,357.16,375.031,2,4,ring_ar
1778166135.6733031,4,234,0.875004,87.4,337.464,357.441,2,4,ring_ar
1778166136.1149235,4,235,0.731716,78.14,369.589,400.837,2,4,ring_ar
1778166136.5411382,4,236,0.66526,80.89,358.169,387.272,2,4,ring_ar
1778166136.9345107,4,237,1.024232,85.74,335.043,364.58,2,4,ring_ar
1778166137.340321,4,238,0.800685,83.55,351.132,375.431,2,4,ring_ar
1778166137.7522438,4,239,0.564895,79.6,375.013,395.016,2,4,ring_ar
1778166138.1957898,4,240,0.63362,76.77,373.529,408.149,2,4,ring_ar
1778166138.6179295,4,241,0.675836,80.06,365.096,390.801,2,4,ring_ar
1778166139.031424,4,242,0.608154,82.05,362.137,381.929,2,4,ring_ar
1778166139.4414847,4,243,0.620414,82.51,359.9,380.513,2,4,ring_ar
1778166139.856321,4,244,0.549756,80.3,359.006,390.096,2,4,ring_ar
1778166140.2826388,4,245,0.695939,79.77,369.363,392.477,2,4,ring_ar
1778166140.6999583,4,246,0.663703,81.66,359.923,384.204,2,4,ring_ar
1778166141.1151273,4,247,0.797489,82.16,361.153,380.767,2,4,ring_ar
1778166141.5232205,4,248,0.832999,82.93,358.591,378.12,2,4,ring_ar
1778166141.9510827,4,249,0.694919,76.73,383.955,409.796,2,4,ring_ar
1778166142.3901038,4,250,0.588197,74.84,382.954,420.197,2,4,ring_ar
1778166142.8375092,4,251,0.505693,77.79,368.769,403.79,2,4,ring_ar
1778166143.26791,4,252,0.732073,78.77,360.148,397.42,2,4,ring_ar
1778166143.6843698,4,253,1.011061,81.83,356.941,381.982,2,4,ring_ar
1778166144.0912683,4,254,0.847812,82.76,356.126,377.828,2,4,ring_ar
1778166144.5049007,4,255,0.972723,83.44,356.261,375.203,2,4,ring_ar
1778166144.898282,4,256,0.638254,86.42,343.395,361.551,2,4,ring_ar
1778166145.3017673,4,257,0.670378,82.37,359.015,379.854,2,4,ring_ar
1778166145.7038312,4,258,0.521305,84.52,347.414,369.738,2,4,ring_ar
1778166146.1068027,4,259,0.815392,82.99,354.03,377.061,2,4,ring_ar
1778166146.508151,4,260,0.794547,87.25,342.018,358.303,2,4,ring_ar
1778166146.9191644,4,261,0.647448,81.26,364.25,385.021,2,4,ring_ar
1778166147.3102598,4,262,0.727492,85.86,341.783,363.625,2,4,ring_ar
1778166147.7201967,4,263,0.973011,84.45,352.938,370.15,2,4,ring_ar
1778166148.1574612,4,264,0.540489,74.91,372.367,418.349,2,4,ring_ar
1778166148.5548322,4,265,0.964826,86.63,336.596,362.055,2,4,ring_ar
1778166148.9591575,4,266,0.751005,81.38,363.771,384.653,2,4,ring_ar
1778166149.3646786,4,267,0.568161,83.49,349.145,374.456,2,4,ring_ar
1778166149.7591705,4,268,0.5665,86.52,337.718,361.565,2,4,ring_ar
1778166150.177043,4,269,0.797251,80.05,372.038,390.849,2,4,ring_ar
1778166150.567518,4,270,0.903101,86.89,341.434,359.382,2,4,ring_ar
1778166150.9894588,4,271,0.805584,79.97,369.075,391.115,2,4,ring_ar
1778166151.4031756,4,272,0.8183,82.08,357.639,380.91,2,4,ring_ar
1778166151.8036256,4,273,1.112071,85.48,344.639,365.627,2,4,ring_ar
1778166152.208742,4,274,0.539692,83.44,350.32,374.979,2,4,ring_ar
1778166152.6054688,4,275,0.788214,84.21,342.939,371.793,2,4,ring_ar
1778166153.0063348,4,276,0.630255,84.89,343.697,368.215,2,4,ring_ar
1778166153.4370234,4,277,1.102031,78.85,372.582,397.503,2,4,ring_ar
1778166153.8449986,4,278,0.526185,83.41,356.363,375.034,2,4,ring_ar
1778166154.2432773,4,279,0.796259,83.78,352.146,373.165,2,4,ring_ar
1778166154.6420026,4,280,0.887726,85.85,342.131,363.814,2,4,ring_ar
1778166155.0347412,4,281,0.74748,85.39,347.282,365.985,2,4,ring_ar
1778166155.4411845,4,282,0.64862,82.49,360.759,379.311,2,4,ring_ar
1778166155.843301,4,283,0.637799,82.13,361.947,381.482,2,4,ring_ar
1778166156.2429175,4,284,0.935077,84.68,350.205,368.886,2,4,ring_ar
1778166156.6563635,4,285,0.510152,81.85,364.026,382.393,2,4,ring_ar
1778166157.057554,4,286,0.663726,81.18,335.485,385.45,2,4,ring_ar
1778166157.4571605,4,287,0.786063,82.76,351.757,377.648,2,4,ring_ar
1778166157.900945,4,288,0.776485,76.64,389.97,408.325,2,4,ring_ar
1778166158.3054712,4,289,1.008399,82.63,347.198,378.412,2,4,ring_ar
1778166158.7013197,4,290,1.149686,84.46,351.7,369.971,2,4,ring_ar
1778166159.117326,4,291,0.635613,83.62,346.531,374.035,2,4,ring_ar
1778166159.5069592,4,292,0.852383,86.81,340.372,359.534,2,4,ring_ar
1778166159.9010136,4,293,0.743205,85.88,342.367,363.62,2,4,ring_ar
1778166160.30221,4,294,0.968092,84.25,347.412,370.993,2,4,ring_ar
1778166160.6911538,4,295,0.409666,88.05,336.462,354.557,2,4,ring_ar
1778166161.0917916,4,296,0.763319,84.43,352.093,370.071,2,4,ring_ar
1778166161.5018146,4,297,0.958337,80.06,360.408,391.008,2,4,ring_ar
1778166161.8951893,4,298,0.717489,86.76,344.451,359.981,2,4,ring_ar
1778166162.295878,4,299,0.399321,85.96,347.112,363.412,2,4,ring_ar
1778166162.6932313,4,300,0.736102,84.16,346.793,372.018,2,4,ring_ar
1778166163.0883715,4,301,1.02194,88.48,334.813,353.716,2,4,ring_ar
1778166163.4937856,4,302,0.690878,80.83,361.813,387.179,2,4,ring_ar
1778166163.8994217,4,303,0.852431,83.35,352.084,375.073,2,4,ring_ar
1778166164.310878,4,304,0.778123,79.93,352.734,391.746,2,4,ring_ar
1778166164.71407,4,305,0.926062,83.52,352.242,374.411,2,4,ring_ar
1778166165.1100183,4,306,0.8061,85.7,344.653,365.466,2,4,ring_ar
1778166165.5053833,4,307,0.919965,84.45,345.059,369.987,2,4,ring_ar
1778166165.9061484,4,308,0.765155,87.02,336.683,358.885,2,4,ring_ar
1778166166.300183,4,309,0.82527,89.45,319.203,348.666,2,4,ring_ar
1778166166.7061617,4,310,0.847884,83.39,357.924,375.3,2,4,ring_ar
1778166167.102696,4,311,0.549622,83.27,350.279,375.386,2,4,ring_ar
1778166167.495457,4,312,0.763749,85.75,336.243,364.52,2,4,ring_ar
1778166167.9474175,4,313,1.133733,73.23,402.313,428.277,2,4,ring_ar
1778166168.329011,4,314,0.727147,90.24,326.915,345.491,2,4,ring_ar
1778166168.7140512,4,315,0.552604,88.97,331.409,350.825,2,4,ring_ar
1778166169.1148481,4,316,1.000464,83.75,354.559,373.166,2,4,ring_ar
1778166169.5128224,4,317,0.955501,88.34,335.354,353.513,2,4,ring_ar
1778166169.9045434,4,318,0.847183,85.52,345.472,365.288,2,4,ring_ar
1778166170.3222094,4,319,0.695526,80.03,363.183,391.868,2,4,ring_ar
1778166170.708926,4,320,0.874099,90.74,327.578,343.676,2,4,ring_ar
1778166171.1119866,4,321,0.48809,82.97,357.397,376.978,2,4,ring_ar
1778166171.5175946,4,322,1.020467,80.73,367.293,387.783,2,4,ring_ar
1778166171.9067583,4,323,0.832201,86.88,339.483,359.285,2,4,ring_ar
1778166172.3057888,4,324,0.691548,85.22,342.383,366.693,2,4,ring_ar
1778166172.707195,4,325,0.834026,84.93,344.387,368.066,2,4,ring_ar
1778166173.0984385,4,326,0.569302,85.88,345.086,363.983,2,4,ring_ar
1778166173.497498,4,327,0.83842,83.52,344.603,374.148,2,4,ring_ar
1778166173.895006,4,328,0.567191,84.09,349.344,372.214,2,4,ring_ar
1778166174.2846065,4,329,0.519018,89.35,327.467,348.871,2,4,ring_ar
1778166174.717355,4,330,0.618385,77.86,378.805,402.25,2,4,ring_ar
1778166175.1297548,4,331,0.771196,81.76,351.985,382.657,2,4,ring_ar
1778166175.5208826,4,332,0.885225,83.77,344.805,373.036,2,4,ring_ar
1778166175.9350185,4,333,0.707854,80.67,367.208,387.668,2,4,ring_ar
1778166176.3275657,4,334,1.036563,88.6,332.581,352.492,2,4,ring_ar
1778166176.7182019,4,335,0.780611,86.98,337.866,359.018,2,4,ring_ar
1778166177.127303,4,336,0.836177,81.43,361.481,384.081,2,4,ring_ar
1778166177.521064,4,337,0.683714,83.31,350.631,375.157,2,4,ring_ar
1778166177.9509857,4,338,0.699696,77.55,379.831,403.629,2,4,ring_ar
1778166178.375031,4,339,0.660217,80.49,369.0,388.832,2,4,ring_ar
1778166178.7793322,4,340,0.559866,83.68,335.849,373.462,2,4,ring_ar
1778166179.1811645,4,341,0.868914,84.13,349.198,372.302,2,4,ring_ar
1778166179.584205,4,342,1.012597,87.54,334.92,356.841,2,4,ring_ar
1778166179.981726,4,343,0.612515,82.62,359.825,378.498,2,4,ring_ar
1778166180.4029558,4,344,0.496741,80.31,359.725,389.827,2,4,ring_ar
1778166180.8259327,4,345,0.784381,78.54,379.375,399.296,2,4,ring_ar
1778166181.245402,4,346,0.480605,80.86,359.279,387.678,2,4,ring_ar
1778166181.6865406,4,347,0.731733,76.9,382.515,407.614,2,4,ring_ar
1778166182.1068306,4,348,0.752605,81.9,358.251,381.919,2,4,ring_ar
1778166182.5307875,4,349,0.450333,77.26,373.094,405.134,2,4,ring_ar
1778166182.9827652,4,350,0.761631,75.48,382.772,415.394,2,4,ring_ar
1778166183.4151754,4,351,0.519299,77.54,381.12,403.951,2,4,ring_ar
1778166183.837859,4,352,0.818205,79.38,365.064,394.576,2,4,ring_ar
1778166184.2481582,4,353,0.940301,82.95,345.6,377.233,2,4,ring_ar
1778166184.6558177,4,354,0.873465,82.63,354.273,380.0,2,4,ring_ar
1778166185.080211,4,355,0.568545,80.45,363.618,388.809,2,4,ring_ar
1778166185.5140426,4,356,0.766972,78.52,368.174,398.879,2,4,ring_ar
1778166185.9334671,4,357,0.692152,80.05,352.311,392.082,2,4,ring_ar
1778166186.3334827,4,358,0.734526,82.0,360.926,381.269,2,4,ring_ar
1778166186.7253835,4,359,0.694516,86.62,343.567,360.504,2,4,ring_ar
1778166187.1221135,4,360,0.646823,85.17,343.932,366.933,2,4,ring_ar
1778166187.526136,4,361,0.495437,84.57,340.293,369.873,2,4,ring_ar
1778166187.954397,4,362,0.529723,77.61,377.005,403.728,2,4,ring_ar
1778166188.3551571,4,363,0.660407,85.17,346.962,366.988,2,4,ring_ar
1778166188.7463427,4,364,0.985514,87.82,334.277,355.605,2,4,ring_ar
1778166189.1407073,4,365,0.790821,86.34,343.695,361.612,2,4,ring_ar
1778166189.550349,4,366,0.739864,84.67,354.445,369.135,2,4,ring_ar
1778166189.9437525,4,367,0.653883,85.64,342.115,364.528,2,4,ring_ar
1778166190.33437,4,368,0.652078,85.95,340.229,363.342,2,4,ring_ar
1778166190.741831,4,369,0.588876,83.57,353.0,374.241,2,4,ring_ar
1778166191.137192,4,370,0.74698,84.4,350.205,370.866,2,4,ring_ar
1778166191.5229235,4,371,0.772719,86.82,330.659,360.075,2,4,ring_ar
1778166191.924619,4,372,0.680476,84.6,335.361,369.35,2,4,ring_ar
1778166192.3191187,4,373,0.636483,85.77,346.414,364.159,2,4,ring_ar
1778166192.7118983,4,374,0.573153,87.47,341.55,357.196,2,4,ring_ar
1778166193.113344,4,375,0.656021,85.29,344.765,366.527,2,4,ring_ar
1778166193.5027936,4,376,0.668195,85.87,340.76,364.658,2,4,ring_ar
1778166193.899868,4,377,0.958894,86.59,342.881,360.583,2,4,ring_ar
1778166194.3009484,4,378,0.838998,84.27,341.588,372.235,2,4,ring_ar
1778166194.6904256,4,379,0.417053,88.74,334.554,351.804,2,4,ring_ar
1778166195.0841222,4,380,0.531061,85.62,339.201,364.906,2,4,ring_ar
1778166195.4813025,4,381,0.766726,84.42,348.142,369.987,2,4,ring_ar
1778166195.8885674,4,382,0.779079,82.74,353.178,378.443,2,4,ring_ar
1778166196.3090777,4,383,0.760606,79.48,364.481,393.77,2,4,ring_ar
1778166196.7062275,4,384,0.850048,85.99,334.643,364.813,2,4,ring_ar
1778166197.0998223,4,385,0.803817,83.49,335.421,374.226,2,4,ring_ar
1778166197.5063307,4,386,0.678112,80.53,360.914,388.458,2,4,ring_ar
1778166197.9284806,4,387,0.881301,82.04,363.246,381.542,2,4,ring_ar
1778166198.3346763,4,388,0.54049,85.03,340.406,367.321,2,4,ring_ar
1778166198.737868,4,389,0.718899,83.83,351.482,372.899,2,4,ring_ar
1778166199.097056,4,390,0.673118,58.99,312.277,330.03,2,4,ring_ar
1778166202.4216053,5,0,0.813872,89.08,333.364,350.372,2,4,ring_ar
1778166202.8102589,5,1,0.781188,84.32,340.261,371.448,2,4,ring_ar
1778166203.2032812,5,2,0.909902,85.75,336.393,364.254,2,4,ring_ar
1778166203.5925827,5,3,0.936783,88.28,334.107,353.578,2,4,ring_ar
1778166203.9842968,5,4,0.517557,87.37,338.912,357.366,2,4,ring_ar
1778166204.382275,5,5,1.044829,84.22,345.42,372.578,2,4,ring_ar
1778166204.7668521,5,6,0.604246,88.7,330.724,351.688,2,4,ring_ar
1778166205.161991,5,7,0.830196,87.27,340.953,357.759,2,4,ring_ar
1778166205.5548458,5,8,0.47218,85.85,344.347,363.805,2,4,ring_ar
1778166205.940065,5,9,0.76008,88.4,335.436,353.17,2,4,ring_ar
1778166206.3379598,5,10,0.962526,85.19,346.707,366.66,2,4,ring_ar
1778166206.7493353,5,11,0.552203,81.81,361.495,382.889,2,4,ring_ar
1778166207.1504173,5,12,1.097215,83.26,346.61,375.871,2,4,ring_ar
1778166207.5516357,5,13,0.520999,87.57,342.941,356.447,2,4,ring_ar
1778166207.983342,5,14,0.635528,77.43,379.298,405.266,2,4,ring_ar
1778166208.370824,5,15,1.158573,85.88,336.047,363.528,2,4,ring_ar
1778166208.7733366,5,16,0.958034,84.36,337.3,371.632,2,4,ring_ar
1778166209.1623828,5,17,0.478715,84.23,344.251,371.011,2,4,ring_ar
1778166209.5540378,5,18,0.728629,86.35,344.821,361.776,2,4,ring_ar
1778166209.9608881,5,19,0.616685,83.7,354.65,374.196,2,4,ring_ar
1778166210.3593416,5,20,1.097242,83.58,353.154,373.668,2,4,ring_ar
1778166210.7532437,5,21,0.402742,86.4,338.4,361.481,2,4,ring_ar
1778166211.1542597,5,22,0.59847,84.06,325.514,371.771,2,4,ring_ar
1778166211.543239,5,23,0.594539,86.67,333.394,360.243,2,4,ring_ar
1778166211.944839,5,24,0.976181,82.73,349.944,377.967,2,4,ring_ar
1778166212.3383768,5,25,0.427706,85.05,349.938,367.925,2,4,ring_ar
1778166212.7281249,5,26,0.556595,85.92,342.347,363.402,2,4,ring_ar
1778166213.1266575,5,27,0.611355,83.19,358.463,375.409,2,4,ring_ar
1778166213.5121026,5,28,0.500757,87.21,340.59,358.081,2,4,ring_ar
1778166213.901449,5,29,0.93763,89.07,335.815,351.698,2,4,ring_ar
1778166214.304356,5,30,0.582074,81.35,360.584,384.374,2,4,ring_ar
1778166214.6956477,5,31,0.955578,88.51,337.926,353.306,2,4,ring_ar
1778166215.0815403,5,32,0.405468,85.07,338.1,367.847,2,4,ring_ar
1778166215.4759095,5,33,0.785571,89.37,332.401,348.988,2,4,ring_ar
1778166215.8664842,5,34,0.893808,86.9,340.594,359.38,2,4,ring_ar
1778166216.2576022,5,35,0.634064,87.07,338.882,358.573,2,4,ring_ar
1778166216.6571553,5,36,0.657604,82.71,356.068,377.953,2,4,ring_ar
1778166217.0450735,5,37,0.798716,86.87,339.063,359.339,2,4,ring_ar
1778166217.4895582,5,38,0.744852,73.64,390.189,425.972,2,4,ring_ar
1778166217.925553,5,39,0.901383,78.27,375.948,400.241,2,4,ring_ar
1778166218.3308208,5,40,0.692089,85.55,341.131,365.111,2,4,ring_ar
1778166218.7334309,5,41,0.852803,82.3,362.261,380.235,2,4,ring_ar
1778166219.1280477,5,42,0.385143,86.57,336.991,360.7,2,4,ring_ar
1778166219.512954,5,43,0.55926,88.84,315.762,351.017,2,4,ring_ar
1778166219.9171417,5,44,0.650132,80.99,355.839,386.558,2,4,ring_ar
1778166220.3057475,5,45,0.500469,86.61,332.066,360.923,2,4,ring_ar
1778166220.6985803,5,46,0.984553,85.59,344.474,364.946,2,4,ring_ar
1778166221.1004844,5,47,0.58382,85.16,350.017,367.02,2,4,ring_ar
1778166221.513397,5,48,0.723005,81.48,346.792,384.639,2,4,ring_ar
1778166221.9160745,5,49,0.705603,81.57,365.315,383.151,2,4,ring_ar
1778166222.3156788,5,50,0.533416,83.6,343.491,373.699,2,4,ring_ar
1778166222.7048218,5,51,0.38435,85.1,348.391,367.131,2,4,ring_ar
1778166223.1159582,5,52,0.461239,81.9,357.02,381.82,2,4,ring_ar
1778166223.5121086,5,53,0.489042,83.44,354.687,374.699,2,4,ring_ar
1778166223.896276,5,54,0.620005,88.03,333.35,354.636,2,4,ring_ar
1778166224.29037,5,55,0.675116,88.48,337.913,353.535,2,4,ring_ar
1778166224.679897,5,56,0.735901,86.21,342.161,362.717,2,4,ring_ar
1778166225.0950165,5,57,0.407328,81.14,366.54,385.61,2,4,ring_ar
1778166225.5326312,5,58,0.429641,76.93,381.169,406.973,2,4,ring_ar
1778166225.9483304,5,59,0.495215,80.09,358.973,390.624,2,4,ring_ar
1778166226.3554995,5,60,0.900759,82.76,353.079,378.671,2,4,ring_ar
1778166226.7565086,5,61,0.496812,83.38,352.035,374.988,2,4,ring_ar
1778166227.145739,5,62,0.611037,86.73,328.216,360.532,2,4,ring_ar
1778166227.5293822,5,63,0.538614,91.78,320.736,339.877,2,4,ring_ar
1778166228.0063205,5,64,0.954328,70.64,417.687,444.427,2,4,ring_ar
1778166228.421774,5,65,0.646601,84.03,338.413,372.234,2,4,ring_ar
1778166228.8203967,5,66,0.416938,85.23,346.693,366.889,2,4,ring_ar
1778166229.2254043,5,67,0.676633,82.81,352.547,377.224,2,4,ring_ar
1778166229.6238225,5,68,0.65118,84.37,344.239,370.321,2,4,ring_ar
1778166230.0261407,5,69,0.907489,83.11,358.465,376.542,2,4,ring_ar
1778166230.4297187,5,70,0.758398,82.27,360.977,380.401,2,4,ring_ar
1778166230.8320715,5,71,0.579998,83.47,346.023,375.13,2,4,ring_ar
1778166231.2217646,5,72,0.627473,85.81,347.915,364.067,2,4,ring_ar
1778166231.6060371,5,73,0.790741,85.44,336.962,365.768,2,4,ring_ar
1778166231.9866965,5,74,0.37,90.35,326.929,345.326,2,4,ring_ar
1778166232.3765616,5,75,0.555632,88.01,333.861,354.49,2,4,ring_ar
1778166232.7673073,5,76,0.660859,88.25,337.323,354.824,2,4,ring_ar
1778166233.1519854,5,77,0.593504,89.05,331.982,350.314,2,4,ring_ar
1778166233.5521538,5,78,0.655612,84.33,341.854,370.762,2,4,ring_ar
1778166233.9440181,5,79,0.351015,84.37,351.338,370.636,2,4,ring_ar
1778166234.3281126,5,80,0.779557,86.14,345.387,363.03,2,4,ring_ar
1778166234.724498,5,81,0.672904,86.07,338.98,362.851,2,4,ring_ar
1778166235.1115167,5,82,0.408682,87.17,339.898,358.32,2,4,ring_ar
1778166235.5030236,5,83,0.844535,84.56,347.173,369.78,2,4,ring_ar
1778166235.8908706,5,84,0.62922,84.56,351.119,369.611,2,4,ring_ar
1778166236.2797148,5,85,1.003999,86.23,344.604,362.381,2,4,ring_ar
1778166236.6755676,5,86,0.607301,84.46,336.237,369.833,2,4,ring_ar
1778166237.0703623,5,87,0.748853,85.62,345.655,366.111,2,4,ring_ar
1778166237.460259,5,88,0.688639,87.05,338.831,358.536,2,4,ring_ar
1778166237.8671367,5,89,0.504818,80.51,361.338,388.971,2,4,ring_ar
1778166238.275856,5,90,0.485366,86.21,337.151,362.172,2,4,ring_ar
1778166238.6830714,5,91,0.529404,80.36,365.807,389.903,2,4,ring_ar
1778166239.0977619,5,92,0.679269,81.41,359.724,384.117,2,4,ring_ar
1778166239.4859548,5,93,0.593117,89.57,330.437,348.436,2,4,ring_ar
1778166239.8676195,5,94,0.529466,88.18,326.02,353.898,2,4,ring_ar
1778166240.2902074,5,95,0.624477,81.37,362.741,384.323,2,4,ring_ar
1778166240.677939,5,96,0.441376,87.6,337.758,356.361,2,4,ring_ar
1778166241.0599425,5,97,0.476465,88.08,334.324,354.115,2,4,ring_ar
1778166241.454321,5,98,0.74054,88.04,338.364,354.896,2,4,ring_ar
1778166241.8414261,5,99,0.487135,87.74,326.936,355.699,2,4,ring_ar
1778166242.2328274,5,100,0.780786,87.9,340.227,355.2,2,4,ring_ar
1778166242.6232696,5,101,0.732716,87.74,334.284,355.821,2,4,ring_ar
1778166243.0071769,5,102,0.458516,86.36,343.813,362.44,2,4,ring_ar
1778166243.4031537,5,103,0.784081,82.78,345.397,378.876,2,4,ring_ar
1778166243.79287,5,104,0.80912,84.18,342.539,371.505,2,4,ring_ar
1778166244.1768236,5,105,0.779928,89.88,326.749,347.155,2,4,ring_ar
1778166244.5649128,5,106,0.781902,85.03,349.128,367.465,2,4,ring_ar
1778166244.9543116,5,107,0.738472,86.35,338.961,361.882,2,4,ring_ar
1778166245.337441,5,108,0.53717,87.71,338.649,356.088,2,4,ring_ar
1778166245.7390218,5,109,0.796012,82.81,360.493,377.861,2,4,ring_ar
1778166246.1256793,5,110,0.677397,84.75,343.567,368.704,2,4,ring_ar
1778166246.5070786,5,111,0.597815,90.29,330.348,345.599,2,4,ring_ar
1778166246.9208431,5,112,0.527349,82.93,358.941,377.212,2,4,ring_ar
1778166247.3045878,5,113,0.748817,86.58,342.151,360.633,2,4,ring_ar
1778166247.6923795,5,114,0.529336,86.61,342.833,360.738,2,4,ring_ar
1778166248.1456494,5,115,0.629443,72.99,401.007,429.524,2,4,ring_ar
1778166248.5254626,5,116,0.570001,91.16,328.2,343.535,2,4,ring_ar
1778166248.9071808,5,117,0.448798,85.9,337.317,364.949,2,4,ring_ar
1778166249.3265486,5,118,0.908555,79.3,368.201,394.587,2,4,ring_ar
1778166249.7381246,5,119,0.818658,81.85,356.427,381.978,2,4,ring_ar
1778166250.1452107,5,120,0.653638,82.8,353.639,377.683,2,4,ring_ar
1778166250.540975,5,121,0.506346,84.72,348.124,368.89,2,4,ring_ar
1778166250.9227397,5,122,0.530672,87.0,337.488,360.317,2,4,ring_ar
1778166251.3052769,5,123,0.792528,89.31,331.667,350.022,2,4,ring_ar
1778166251.696965,5,124,0.711637,87.69,336.125,355.5,2,4,ring_ar
1778166252.0793848,5,125,1.098356,88.79,333.096,351.379,2,4,ring_ar
1778166252.4759262,5,126,0.740775,85.8,346.995,364.309,2,4,ring_ar
1778166252.86212,5,127,0.350068,89.11,329.656,350.367,2,4,ring_ar
1778166253.243355,5,128,0.86232,86.86,341.029,359.52,2,4,ring_ar
1778166253.6497836,5,129,0.789721,83.66,343.905,373.482,2,4,ring_ar
1778166254.0420003,5,130,0.604587,85.36,337.827,365.855,2,4,ring_ar
1778166254.4252155,5,131,0.388947,88.38,320.534,352.921,2,4,ring_ar
1778166254.8241525,5,132,0.593343,84.84,347.336,368.389,2,4,ring_ar
1778166255.2110496,5,133,0.518375,88.11,326.766,354.285,2,4,ring_ar
1778166255.5931807,5,134,0.553801,89.34,333.579,349.17,2,4,ring_ar
1778166255.989385,5,135,0.534146,86.62,342.469,360.635,2,4,ring_ar
1778166256.3825946,5,136,0.595657,85.25,328.536,366.311,2,4,ring_ar
1778166256.76592,5,137,0.930567,94.96,302.999,328.274,2,4,ring_ar
1778166257.1564436,5,138,0.547099,84.78,348.33,368.545,2,4,ring_ar
1778166257.5441756,5,139,0.614849,86.97,339.782,358.99,2,4,ring_ar
1778166257.9694643,5,140,0.535927,78.78,368.005,397.491,2,4,ring_ar
1778166258.3791368,5,141,0.681673,86.01,341.993,363.336,2,4,ring_ar
1778166258.7675796,5,142,0.372245,87.79,333.021,355.53,2,4,ring_ar
1778166259.1672583,5,143,0.596263,81.85,354.502,382.197,2,4,ring_ar
1778166259.553396,5,144,0.605156,87.83,329.571,355.261,2,4,ring_ar
1778166259.9711204,5,145,0.600686,80.92,370.077,387.877,2,4,ring_ar
1778166260.3918943,5,146,0.462752,77.92,383.929,401.658,2,4,ring_ar
1778166260.7745764,5,147,0.738513,90.14,331.877,345.862,2,4,ring_ar
1778166261.1571622,5,148,0.869696,89.67,332.135,349.387,2,4,ring_ar
1778166261.5538986,5,149,0.69442,84.52,329.673,370.081,2,4,ring_ar
1778166261.9459884,5,150,0.731054,85.39,339.732,365.954,2,4,ring_ar
1778166262.3259861,5,151,0.713048,90.15,315.594,347.405,2,4,ring_ar
1778166262.7153304,5,152,0.723332,84.06,350.016,371.796,2,4,ring_ar
1778166263.0947876,5,153,1.126079,89.94,330.57,346.9,2,4,ring_ar
1778166263.4702857,5,154,0.568999,89.06,331.554,350.513,2,4,ring_ar
1778166263.8669624,5,155,0.470513,84.2,350.867,371.126,2,4,ring_ar
1778166264.2452471,5,156,0.798042,86.69,340.994,360.214,2,4,ring_ar
1778166264.626168,5,157,0.887813,85.95,345.182,363.321,2,4,ring_ar
1778166265.0216882,5,158,0.530747,84.56,352.114,369.306,2,4,ring_ar
1778166265.402699,5,159,0.589558,91.0,329.722,342.931,2,4,ring_ar
1778166265.781975,5,160,0.923101,89.33,329.155,349.251,2,4,ring_ar
1778166266.1771684,5,161,0.511015,86.83,343.727,359.764,2,4,ring_ar
1778166266.5587416,5,162,0.365075,87.04,335.699,358.501,2,4,ring_ar
1778166266.9418383,5,163,1.05064,88.99,335.65,351.893,2,4,ring_ar
1778166267.3300445,5,164,0.896813,84.57,349.787,369.533,2,4,ring_ar
1778166267.7130778,5,165,0.747219,89.28,334.794,350.775,2,4,ring_ar
1778166268.1504502,5,166,0.547548,74.83,394.078,418.627,2,4,ring_ar
1778166268.533864,5,167,0.985126,88.2,335.62,354.276,2,4,ring_ar
1778166268.9126508,5,168,0.971327,88.51,335.055,352.536,2,4,ring_ar
1778166269.3034635,5,169,0.680828,86.69,342.837,361.117,2,4,ring_ar
1778166269.684142,5,170,0.941131,86.32,342.812,362.001,2,4,ring_ar
1778166270.0819871,5,171,0.564961,86.25,345.953,362.248,2,4,ring_ar
1778166270.4863253,5,172,0.633428,82.64,359.591,378.747,2,4,ring_ar
1778166270.898412,5,173,0.595854,83.47,352.453,376.057,2,4,ring_ar
1778166271.2836287,5,174,0.633936,85.41,340.086,365.957,2,4,ring_ar
1778166271.678722,5,175,0.498207,84.27,352.753,370.905,2,4,ring_ar
1778166272.06185,5,176,0.825039,88.17,336.648,353.951,2,4,ring_ar
1778166272.4416227,5,177,0.690355,88.84,330.603,351.214,2,4,ring_ar
1778166272.836713,5,178,0.540146,82.8,350.036,377.466,2,4,ring_ar
1778166273.2234123,5,179,0.659429,89.79,332.365,347.26,2,4,ring_ar
1778166273.606052,5,180,0.838938,89.13,316.296,350.002,2,4,ring_ar
1778166274.0027852,5,181,0.537874,84.26,348.537,370.954,2,4,ring_ar
1778166274.3850315,5,182,0.796129,89.48,317.849,348.494,2,4,ring_ar
1778166274.7718487,5,183,0.644559,87.75,319.706,355.814,2,4,ring_ar
1778166275.1664758,5,184,0.740662,86.13,340.194,362.802,2,4,ring_ar
1778166275.5477877,5,185,0.448469,87.74,333.618,357.252,2,4,ring_ar
1778166275.9377074,5,186,0.440164,86.31,342.672,363.027,2,4,ring_ar
1778166276.3305137,5,187,0.610198,85.24,337.44,366.374,2,4,ring_ar
1778166276.7140632,5,188,0.832452,87.17,337.885,359.869,2,4,ring_ar
1778166277.10303,5,189,1.010613,84.13,351.946,371.799,2,4,ring_ar
1778166277.488809,5,190,0.6998,86.25,333.494,362.452,2,4,ring_ar
1778166277.8813818,5,191,0.83715,86.02,333.3,363.448,2,4,ring_ar
1778166278.2953994,5,192,0.721729,84.8,345.851,368.392,2,4,ring_ar
1778166278.6872125,5,193,0.490767,84.85,340.882,367.761,2,4,ring_ar
1778166279.0815413,5,194,0.553919,87.03,339.674,358.901,2,4,ring_ar
1778166279.4790711,5,195,0.601928,85.75,344.519,364.247,2,4,ring_ar
1778166279.870184,5,196,0.618208,87.83,337.431,355.44,2,4,ring_ar
1778166280.2715511,5,197,0.36388,81.49,364.327,383.947,2,4,ring_ar
1778166280.6659803,5,198,0.797503,84.18,348.126,370.914,2,4,ring_ar
1778166281.0564203,5,199,0.453015,85.42,343.015,366.895,2,4,ring_ar
1778166281.4621084,5,200,0.571898,81.29,353.013,384.763,2,4,ring_ar
1778166281.8622391,5,201,0.557785,84.16,342.86,371.119,2,4,ring_ar
1778166282.2472343,5,202,0.639876,87.57,336.787,356.386,2,4,ring_ar
1778166282.6294518,5,203,0.768575,92.4,318.711,337.734,2,4,ring_ar
1778166283.0253668,5,204,0.479566,84.39,348.475,370.477,2,4,ring_ar
1778166283.4181561,5,205,0.421075,85.96,343.111,364.941,2,4,ring_ar
1778166283.8018386,5,206,0.687001,85.52,346.371,365.514,2,4,ring_ar
1778166284.1877973,5,207,0.465243,86.54,325.736,360.961,2,4,ring_ar
1778166284.5749452,5,208,0.715117,87.69,337.918,356.137,2,4,ring_ar
1778166284.9603288,5,209,0.575293,85.13,350.247,367.242,2,4,ring_ar
1778166285.3458855,5,210,0.524311,85.08,339.625,367.348,2,4,ring_ar
1778166285.7256496,5,211,0.440072,87.95,337.147,354.936,2,4,ring_ar
1778166286.1136918,5,212,0.663984,87.01,340.345,358.907,2,4,ring_ar
1778166286.5005066,5,213,0.931526,87.31,331.432,357.641,2,4,ring_ar
1778166286.8847952,5,214,0.654943,88.46,334.201,352.63,2,4,ring_ar
1778166287.273899,5,215,0.951292,86.97,339.557,358.934,2,4,ring_ar
1778166287.6596963,5,216,0.42248,87.47,336.529,356.901,2,4,ring_ar
1778166288.0944467,5,217,0.598572,77.56,384.65,405.033,2,4,ring_ar
1778166288.4852252,5,218,0.915431,83.83,346.447,374.213,2,4,ring_ar
1778166288.8709023,5,219,1.193419,85.11,339.3,367.563,2,4,ring_ar
1778166289.2572386,5,220,1.037547,88.08,325.395,354.367,2,4,ring_ar
1778166289.6565187,5,221,0.598579,82.09,355.692,380.767,2,4,ring_ar
1778166290.0383942,5,222,0.620393,88.76,332.464,351.467,2,4,ring_ar
1778166290.4304805,5,223,0.566971,86.56,336.36,361.442,2,4,ring_ar
1778166290.823834,5,224,0.352448,83.7,355.244,373.576,2,4,ring_ar
1778166291.2115815,5,225,0.763527,89.48,332.77,348.781,2,4,ring_ar
1778166291.5940323,5,226,0.935022,85.63,344.938,364.833,2,4,ring_ar
1778166292.012649,5,227,0.562451,82.75,334.558,378.962,2,4,ring_ar
1778166292.409656,5,228,0.541426,84.25,344.353,371.17,2,4,ring_ar
1778166292.8024306,5,229,0.337853,86.89,343.655,359.685,2,4,ring_ar
1778166293.194085,5,230,0.904415,85.98,336.057,363.22,2,4,ring_ar
1778166293.5691626,5,231,0.282299,93.01,321.525,335.882,2,4,ring_ar
1778166293.9486275,5,232,0.8573,86.33,338.133,362.395,2,4,ring_ar
1778166294.3271763,5,233,0.53332,86.84,343.014,360.744,2,4,ring_ar
1778166294.7030833,5,234,0.772692,87.19,343.302,359.503,2,4,ring_ar
1778166295.0952067,5,235,0.402585,86.64,340.674,360.556,2,4,ring_ar
1778166295.470127,5,236,0.739897,90.85,321.638,343.359,2,4,ring_ar
1778166295.8520892,5,237,0.581314,89.31,332.024,349.553,2,4,ring_ar
1778166296.245056,5,238,0.544927,83.27,348.545,375.424,2,4,ring_ar
1778166296.6269374,5,239,0.639089,90.65,325.874,344.087,2,4,ring_ar
1778166297.0047572,5,240,0.873546,86.77,342.805,359.941,2,4,ring_ar
1778166297.4023237,5,241,0.649241,85.0,345.03,368.68,2,4,ring_ar
1778166297.7886975,5,242,1.067419,84.92,344.649,367.92,2,4,ring_ar
1778166298.206189,5,243,0.787923,79.13,374.678,395.808,2,4,ring_ar
1778166298.6001089,5,244,0.634648,85.05,349.574,367.393,2,4,ring_ar
1778166298.9904418,5,245,0.610751,86.8,344.649,360.176,2,4,ring_ar
1778166299.3783445,5,246,0.642839,88.25,331.441,354.665,2,4,ring_ar
1778166299.7669277,5,247,0.849496,85.83,346.083,363.65,2,4,ring_ar
1778166300.1652856,5,248,0.506829,83.5,352.019,374.145,2,4,ring_ar
1778166300.5477114,5,249,0.785057,89.07,319.956,350.685,2,4,ring_ar
1778166300.9334967,5,250,0.631248,88.03,327.657,354.467,2,4,ring_ar
1778166301.367316,5,251,0.691397,78.16,375.649,400.473,2,4,ring_ar
1778166301.7630591,5,252,0.707465,83.94,346.319,372.955,2,4,ring_ar
1778166302.144868,5,253,0.593882,89.18,326.979,350.013,2,4,ring_ar
1778166302.544375,5,254,0.756813,86.43,338.893,361.393,2,4,ring_ar
1778166302.9537685,5,255,0.888342,81.66,366.825,384.681,2,4,ring_ar
1778166303.3460267,5,256,0.745072,83.66,345.52,373.811,2,4,ring_ar
1778166303.7272308,5,257,1.160742,87.57,335.775,356.415,2,4,ring_ar
1778166304.125829,5,258,0.67768,84.22,351.693,370.932,2,4,ring_ar
1778166304.5118523,5,259,0.345243,86.48,340.609,362.004,2,4,ring_ar
1778166304.8904743,5,260,0.706468,87.75,339.023,355.742,2,4,ring_ar
1778166305.287991,5,261,0.661282,83.9,355.039,372.354,2,4,ring_ar
1778166305.6648839,5,262,0.69515,89.12,332.093,349.981,2,4,ring_ar
1778166306.0456777,5,263,0.807155,90.24,328.411,346.39,2,4,ring_ar
1778166306.43951,5,264,0.563888,83.85,355.556,372.557,2,4,ring_ar
1778166306.824421,5,265,0.496651,88.31,335.608,354.084,2,4,ring_ar
1778166307.2048965,5,266,1.020379,86.83,338.194,359.489,2,4,ring_ar
1778166307.605198,5,267,0.710577,83.15,359.628,377.234,2,4,ring_ar
1778166308.0094397,5,268,0.654167,81.04,370.379,387.251,2,4,ring_ar
1778166308.395576,5,269,0.665763,87.19,335.632,357.966,2,4,ring_ar
1778166308.7835312,5,270,0.831906,86.23,334.447,362.231,2,4,ring_ar
1778166309.1784518,5,271,0.751479,86.5,342.492,361.039,2,4,ring_ar
1778166309.5590482,5,272,0.46963,92.33,324.14,337.926,2,4,ring_ar
1778166309.9413424,5,273,0.515366,89.64,326.034,348.279,2,4,ring_ar
1778166310.3322804,5,274,0.609788,87.0,343.676,360.072,2,4,ring_ar
1778166310.7235253,5,275,0.844661,83.99,336.554,371.968,2,4,ring_ar
1778166311.1063097,5,276,0.625949,89.49,327.393,348.558,2,4,ring_ar
1778166311.4855022,5,277,0.458426,87.68,331.43,356.096,2,4,ring_ar
1778166311.867862,5,278,0.616461,90.59,330.979,345.713,2,4,ring_ar
1778166312.2510993,5,279,0.689882,88.26,325.612,354.291,2,4,ring_ar
1778166312.6337488,5,280,0.685996,89.6,329.797,349.61,2,4,ring_ar
1778166313.1032383,5,281,0.331217,69.93,421.314,448.43,2,4,ring_ar
1778166313.532254,5,282,0.611261,80.05,355.183,392.111,2,4,ring_ar
1778166313.94328,5,283,0.51912,79.91,359.396,392.151,2,4,ring_ar
1778166314.3532417,5,284,0.4782,81.46,358.921,383.738,2,4,ring_ar
1778166314.735663,5,285,0.617166,89.04,330.991,350.36,2,4,ring_ar
1778166315.1184723,5,286,0.478725,87.44,334.621,356.702,2,4,ring_ar
1778166315.5116363,5,287,0.875079,87.16,338.724,358.282,2,4,ring_ar
1778166315.893697,5,288,0.513109,85.74,347.925,364.592,2,4,ring_ar
1778166316.275563,5,289,0.501531,87.14,331.172,358.109,2,4,ring_ar
1778166316.664229,5,290,0.543762,87.96,328.929,356.189,2,4,ring_ar
1778166317.039537,5,291,0.752366,87.48,340.21,357.129,2,4,ring_ar
1778166317.4233067,5,292,0.526015,86.29,337.561,362.019,2,4,ring_ar
1778166317.808186,5,293,0.401682,85.45,324.48,366.055,2,4,ring_ar
1778166318.2380455,5,294,0.779703,78.87,377.35,396.68,2,4,ring_ar
1778166318.6320555,5,295,0.726512,86.13,339.248,363.128,2,4,ring_ar
1778166319.0189078,5,296,0.52839,87.44,330.188,357.101,2,4,ring_ar
1778166319.4122145,5,297,0.883551,86.33,345.292,361.855,2,4,ring_ar
1778166319.8178134,5,298,0.730897,84.78,346.815,368.931,2,4,ring_ar
1778166320.2172434,5,299,0.422745,82.63,359.228,378.42,2,4,ring_ar
1778166320.603582,5,300,0.844733,86.23,332.807,362.228,2,4,ring_ar
1778166321.0031428,5,301,0.66032,84.84,350.44,368.824,2,4,ring_ar
1778166321.3849404,5,302,0.638983,88.75,332.763,351.87,2,4,ring_ar
1778166321.7716908,5,303,0.432595,87.47,339.898,357.085,2,4,ring_ar
1778166322.1719604,5,304,0.615561,85.23,340.911,366.459,2,4,ring_ar
1778166322.5529163,5,305,0.596307,87.78,333.099,356.22,2,4,ring_ar
1778166322.9372108,5,306,0.64734,87.7,337.457,356.145,2,4,ring_ar
1778166323.336371,5,307,0.679998,84.21,349.23,371.296,2,4,ring_ar
1778166323.7366152,5,308,0.53602,85.09,330.789,367.83,2,4,ring_ar
1778166324.142552,5,309,0.610146,83.75,348.588,373.325,2,4,ring_ar
1778166324.5332606,5,310,0.638597,86.76,330.64,360.022,2,4,ring_ar
1778166324.9179385,5,311,0.581815,88.57,335.041,352.273,2,4,ring_ar
1778166325.3029466,5,312,0.842097,87.34,336.898,359.209,2,4,ring_ar
1778166325.6811447,5,313,0.631985,86.9,341.343,359.157,2,4,ring_ar
1778166326.0576982,5,314,0.450629,90.51,328.089,344.417,2,4,ring_ar
1778166326.4512963,5,315,0.84055,88.18,334.937,354.035,2,4,ring_ar
1778166326.833178,5,316,0.582056,89.92,321.742,346.914,2,4,ring_ar
1778166327.2180846,5,317,0.373381,86.53,334.964,360.866,2,4,ring_ar
1778166327.6056325,5,318,0.640975,89.5,334.837,349.399,2,4,ring_ar
1778166328.0147772,5,319,0.404042,80.07,368.003,390.752,2,4,ring_ar
1778166328.407281,5,320,0.631363,87.22,333.805,357.949,2,4,ring_ar
1778166328.8056488,5,321,0.511425,83.04,356.201,376.607,2,4,ring_ar
1778166329.192555,5,322,0.517364,86.9,335.268,359.248,2,4,ring_ar
1778166329.5822423,5,323,0.561272,86.95,338.413,359.315,2,4,ring_ar
1778166329.9761245,5,324,0.52593,85.37,348.209,366.101,2,4,ring_ar
1778166330.3708198,5,325,0.430202,84.57,344.354,369.271,2,4,ring_ar
1778166330.7585711,5,326,0.485776,87.37,340.009,357.46,2,4,ring_ar
1778166331.14673,5,327,0.716418,87.68,338.618,357.495,2,4,ring_ar
1778166331.536372,5,328,0.509508,84.2,342.232,372.449,2,4,ring_ar
1778166331.9270577,5,329,0.544228,83.91,340.222,373.704,2,4,ring_ar
1778166332.32198,5,330,0.671784,84.75,334.33,369.018,2,4,ring_ar
1778166332.7039034,5,331,0.896452,90.0,329.625,346.689,2,4,ring_ar
1778166333.092706,5,332,0.531877,84.25,346.172,370.896,2,4,ring_ar
1778166333.4797957,5,333,0.478697,88.06,331.472,354.416,2,4,ring_ar
1778166333.8733885,5,334,0.564898,83.98,333.917,372.529,2,4,ring_ar
1778166334.2701068,5,335,0.519538,85.63,341.634,366.252,2,4,ring_ar
1778166334.674755,5,336,0.744101,86.44,342.448,361.724,2,4,ring_ar
1778166335.0593352,5,337,0.526833,90.14,325.048,345.98,2,4,ring_ar
1778166335.4543967,5,338,0.436531,84.66,353.895,370.232,2,4,ring_ar
1778166335.8454108,5,339,0.62754,86.72,341.307,359.901,2,4,ring_ar
1778166336.227885,5,340,0.727917,91.04,324.062,342.414,2,4,ring_ar
1778166336.6270025,5,341,0.88698,83.63,351.854,374.002,2,4,ring_ar
1778166337.0129485,5,342,0.4413,89.84,331.912,347.805,2,4,ring_ar
1778166337.404929,5,343,0.385702,87.38,340.651,357.278,2,4,ring_ar
1778166337.8039715,5,344,0.915591,85.71,338.75,365.21,2,4,ring_ar
1778166338.2249255,5,345,0.558818,80.58,361.177,388.195,2,4,ring_ar
1778166338.6069605,5,346,0.901813,86.87,342.336,359.502,2,4,ring_ar
1778166339.015161,5,347,0.55475,82.38,361.178,379.483,2,4,ring_ar
1778166339.4007785,5,348,0.338421,87.27,339.79,357.859,2,4,ring_ar
1778166339.785485,5,349,0.311252,88.38,328.518,353.549,2,4,ring_ar
1778166340.1930866,5,350,0.421597,83.7,349.758,373.55,2,4,ring_ar
1778166340.5790803,5,351,0.550228,87.85,333.981,355.306,2,4,ring_ar
1778166340.9637651,5,352,0.50393,87.65,333.631,356.729,2,4,ring_ar
1778166341.3556929,5,353,0.456489,88.79,330.397,351.384,2,4,ring_ar
1778166341.738676,5,354,0.593738,87.89,331.533,355.206,2,4,ring_ar
1778166342.1338017,5,355,0.552591,85.27,348.102,366.12,2,4,ring_ar
1778166342.524482,5,356,0.910629,86.57,337.425,360.589,2,4,ring_ar
1778166342.9133806,5,357,0.483013,87.28,339.169,357.551,2,4,ring_ar
1778166343.3068135,5,358,0.75772,87.09,341.034,358.81,2,4,ring_ar
1778166343.6894388,5,359,0.517931,91.01,325.078,342.795,2,4,ring_ar
1778166344.07857,5,360,0.76184,86.05,335.832,362.872,2,4,ring_ar
1778166344.4708188,5,361,0.416626,85.95,346.542,363.419,2,4,ring_ar
1778166344.8518379,5,362,0.856979,89.58,319.897,348.42,2,4,ring_ar
1778166345.2622287,5,363,0.630689,81.72,363.945,382.866,2,4,ring_ar
1778166345.6748917,5,364,0.628392,79.34,365.41,394.359,2,4,ring_ar
1778166346.0659647,5,365,0.614962,87.11,341.556,358.632,2,4,ring_ar
1778166346.4524066,5,366,0.59568,84.71,347.596,369.204,2,4,ring_ar
1778166346.8539898,5,367,0.738548,81.76,363.335,382.868,2,4,ring_ar
1778166347.2414987,5,368,1.057212,87.23,329.298,358.501,2,4,ring_ar
1778166347.6200285,5,369,0.47499,88.54,330.092,352.721,2,4,ring_ar
1778166348.0512547,5,370,0.926906,77.58,380.7,405.088,2,4,ring_ar
1778166348.4497356,5,371,0.817175,85.3,338.702,366.114,2,4,ring_ar
1778166348.8324206,5,372,0.952264,88.76,325.864,351.685,2,4,ring_ar
1778166349.2346084,5,373,0.459276,86.03,341.939,363.121,2,4,ring_ar
1778166349.623572,5,374,0.450737,87.69,330.557,356.052,2,4,ring_ar
1778166350.0196934,5,375,0.502622,84.85,349.014,368.543,2,4,ring_ar
1778166350.418064,5,376,0.731549,85.27,338.167,366.368,2,4,ring_ar
1778166350.7994444,5,377,0.569657,87.69,328.989,355.952,2,4,ring_ar
1778166351.1931937,5,378,0.451923,85.36,346.023,367.133,2,4,ring_ar
1778166351.574664,5,379,0.535003,86.23,342.405,362.114,2,4,ring_ar
1778166351.9572861,5,380,0.35454,85.53,340.519,365.518,2,4,ring_ar
1778166352.3512251,5,381,0.421286,86.94,335.201,359.056,2,4,ring_ar
1778166352.7392066,5,382,0.49601,84.51,346.071,370.483,2,4,ring_ar
1778166353.1247938,5,383,1.120673,85.27,344.62,366.348,2,4,ring_ar
1778166353.5280247,5,384,0.949705,82.17,363.602,380.908,2,4,ring_ar
1778166353.9119892,5,385,0.58856,86.66,323.156,360.432,2,4,ring_ar
1778166354.2980149,5,386,0.720639,89.72,332.654,347.764,2,4,ring_ar
1778166354.7040794,5,387,0.510543,82.15,357.869,380.719,2,4,ring_ar
1778166355.093005,5,388,0.492642,89.3,331.443,350.334,2,4,ring_ar
1778166355.475208,5,389,0.88023,88.03,334.458,356.042,2,4,ring_ar
1778166355.8814077,5,390,0.783587,51.19,357.079,381.919,2,4,ring_ar
