timestamp,epoch,iteration,loss,throughput_samp_s,comm_latency_ms,iter_time_ms,rank,world_size,arch
1778165566.887721,1,0,2.416162,23.8,384.384,1338.876,3,4,ring_ar
1778165567.3377216,1,1,2.45135,74.22,368.69,427.415,3,4,ring_ar
1778165567.749344,1,2,2.292628,79.75,343.132,392.538,3,4,ring_ar
1778165568.1192808,1,3,2.353578,90.44,326.653,345.17,3,4,ring_ar
1778165568.486055,1,4,2.352323,92.17,322.069,339.083,3,4,ring_ar
1778165568.861586,1,5,2.390741,89.09,327.888,350.314,3,4,ring_ar
1778165569.2447174,1,6,2.490436,90.27,327.817,345.613,3,4,ring_ar
1778165569.6334193,1,7,2.057242,87.29,341.407,358.863,3,4,ring_ar
1778165570.008362,1,8,2.017494,92.45,321.065,337.009,3,4,ring_ar
1778165570.377269,1,9,2.206735,90.8,319.091,343.842,3,4,ring_ar
1778165570.7526538,1,10,2.136126,90.25,332.372,345.806,3,4,ring_ar
1778165571.1259391,1,11,2.344195,91.99,322.043,338.761,3,4,ring_ar
1778165571.4948313,1,12,2.224304,92.75,321.997,335.999,3,4,ring_ar
1778165571.8638978,1,13,2.245046,91.48,319.063,340.823,3,4,ring_ar
1778165572.2309282,1,14,2.415466,95.82,307.219,325.049,3,4,ring_ar
1778165572.5977008,1,15,2.031559,95.19,314.821,328.296,3,4,ring_ar
1778165572.9652395,1,16,2.24807,91.13,323.515,343.456,3,4,ring_ar
1778165573.3425941,1,17,1.955096,90.81,321.724,343.54,3,4,ring_ar
1778165573.7030826,1,18,2.030241,92.76,320.617,337.233,3,4,ring_ar
1778165574.0754373,1,19,2.286951,91.6,323.031,340.389,3,4,ring_ar
1778165574.4514384,1,20,2.378308,87.23,327.516,357.991,3,4,ring_ar
1778165574.8226283,1,21,2.074301,89.75,325.201,347.67,3,4,ring_ar
1778165575.189232,1,22,2.156014,93.19,314.863,335.872,3,4,ring_ar
1778165575.5633032,1,23,1.998056,87.69,333.151,357.293,3,4,ring_ar
1778165575.9415255,1,24,2.170336,92.38,322.943,338.003,3,4,ring_ar
1778165576.3251276,1,25,2.152015,87.21,335.429,358.013,3,4,ring_ar
1778165576.7083538,1,26,2.079591,90.95,325.635,342.964,3,4,ring_ar
1778165577.0787776,1,27,2.05817,93.87,320.749,333.73,3,4,ring_ar
1778165577.52586,1,28,2.277353,73.0,406.08,429.553,3,4,ring_ar
1778165577.9419372,1,29,2.084929,83.39,348.831,374.802,3,4,ring_ar
1778165578.3507407,1,30,2.197374,80.11,372.506,390.543,3,4,ring_ar
1778165578.7651417,1,31,2.029856,81.31,362.899,386.04,3,4,ring_ar
1778165579.1620486,1,32,2.039507,82.82,353.201,377.142,3,4,ring_ar
1778165579.566332,1,33,1.730879,83.4,357.725,375.899,3,4,ring_ar
1778165580.0058994,1,34,2.165049,77.38,371.101,404.712,3,4,ring_ar
1778165580.4123564,1,35,1.848236,81.14,364.218,385.488,3,4,ring_ar
1778165580.7961845,1,36,1.937157,88.09,337.255,354.37,3,4,ring_ar
1778165581.1875358,1,37,1.764406,89.58,326.815,348.617,3,4,ring_ar
1778165581.576483,1,38,2.044861,86.39,335.443,361.418,3,4,ring_ar
1778165581.9652376,1,39,1.576199,86.24,340.04,363.54,3,4,ring_ar
1778165582.352883,1,40,2.155391,84.76,335.878,368.658,3,4,ring_ar
1778165582.7553937,1,41,2.046297,83.94,355.382,372.525,3,4,ring_ar
1778165583.1523154,1,42,1.801352,88.37,331.718,354.646,3,4,ring_ar
1778165583.5347326,1,43,1.799474,87.13,335.731,358.532,3,4,ring_ar
1778165583.9238856,1,44,1.604064,86.5,344.236,361.27,3,4,ring_ar
1778165584.3271937,1,45,1.756367,82.23,364.641,380.276,3,4,ring_ar
1778165584.7140114,1,46,2.116759,87.99,331.038,356.166,3,4,ring_ar
1778165585.1022973,1,47,2.027852,86.92,339.071,359.766,3,4,ring_ar
1778165585.5033514,1,48,1.833525,83.11,359.674,376.092,3,4,ring_ar
1778165585.8970644,1,49,1.920276,86.28,339.5,362.457,3,4,ring_ar
1778165586.2810495,1,50,1.912711,90.15,329.332,347.336,3,4,ring_ar
1778165586.6875865,1,51,1.842214,84.61,332.641,370.143,3,4,ring_ar
1778165587.075692,1,52,1.964986,87.27,332.854,357.712,3,4,ring_ar
1778165587.485292,1,53,1.617457,82.77,361.541,378.915,3,4,ring_ar
1778165587.896965,1,54,2.000188,80.74,357.284,387.407,3,4,ring_ar
1778165588.2786677,1,55,1.842632,87.42,330.624,357.166,3,4,ring_ar
1778165588.6742866,1,56,1.923493,86.58,344.498,361.942,3,4,ring_ar
1778165589.0829833,1,57,1.630239,82.28,361.142,379.998,3,4,ring_ar
1778165589.4868243,1,58,1.676293,84.61,351.838,369.108,3,4,ring_ar
1778165589.8833807,1,59,1.426418,86.8,339.843,361.25,3,4,ring_ar
1778165590.2703137,1,60,1.5863,84.82,342.957,368.383,3,4,ring_ar
1778165590.6576374,1,61,1.494266,84.56,348.825,370.743,3,4,ring_ar
1778165591.0410979,1,62,1.905903,85.45,347.119,365.626,3,4,ring_ar
1778165591.4305446,1,63,1.799341,85.57,333.91,364.998,3,4,ring_ar
1778165591.8170075,1,64,1.514878,86.87,331.675,359.563,3,4,ring_ar
1778165592.205056,1,65,1.79518,84.46,353.392,370.088,3,4,ring_ar
1778165592.591777,1,66,1.648844,84.78,335.026,368.593,3,4,ring_ar
1778165592.9760106,1,67,1.910195,86.14,346.847,362.54,3,4,ring_ar
1778165593.3701613,1,68,1.825454,83.16,338.086,377.382,3,4,ring_ar
1778165593.7682211,1,69,1.738651,82.5,354.339,379.383,3,4,ring_ar
1778165594.149828,1,70,1.544367,87.64,334.008,356.351,3,4,ring_ar
1778165594.5475628,1,71,1.812924,84.44,345.302,369.938,3,4,ring_ar
1778165594.9380836,1,72,1.627597,84.12,337.919,373.117,3,4,ring_ar
1778165595.3322532,1,73,1.750771,83.16,351.245,376.016,3,4,ring_ar
1778165595.7401285,1,74,1.495738,81.75,364.507,381.937,3,4,ring_ar
1778165596.137999,1,75,1.654771,82.57,355.347,378.229,3,4,ring_ar
1778165596.5470505,1,76,1.919056,84.58,350.458,369.699,3,4,ring_ar
1778165596.9918358,1,77,1.664312,77.83,381.734,404.062,3,4,ring_ar
1778165597.394644,1,78,1.814403,85.69,348.852,366.092,3,4,ring_ar
1778165597.7954342,1,79,1.90667,83.61,342.48,373.938,3,4,ring_ar
1778165598.177696,1,80,1.73466,88.67,323.177,353.74,3,4,ring_ar
1778165598.5609064,1,81,1.824276,85.72,349.598,365.998,3,4,ring_ar
1778165598.9481518,1,82,1.682367,84.67,324.105,369.284,3,4,ring_ar
1778165599.348159,1,83,1.735682,85.14,338.54,366.844,3,4,ring_ar
1778165599.764165,1,84,1.519757,81.09,364.663,385.555,3,4,ring_ar
1778165600.1644611,1,85,1.822121,82.73,354.559,377.867,3,4,ring_ar
1778165600.5606735,1,86,1.6253,82.73,345.729,378.154,3,4,ring_ar
1778165600.951682,1,87,1.67967,83.88,349.94,374.163,3,4,ring_ar
1778165601.3560414,1,88,1.510981,83.48,356.619,375.751,3,4,ring_ar
1778165601.766689,1,89,1.516603,79.83,364.35,391.819,3,4,ring_ar
1778165602.1547058,1,90,1.554755,87.42,337.506,357.047,3,4,ring_ar
1778165602.5618188,1,91,1.510089,82.21,352.233,380.628,3,4,ring_ar
1778165602.941179,1,92,1.853939,87.82,338.279,355.567,3,4,ring_ar
1778165603.332235,1,93,1.475803,85.18,348.137,368.501,3,4,ring_ar
1778165603.7264082,1,94,1.850281,83.15,358.554,375.984,3,4,ring_ar
1778165604.1135595,1,95,1.610888,86.72,330.23,361.268,3,4,ring_ar
1778165604.4965844,1,96,1.780787,87.9,335.469,355.374,3,4,ring_ar
1778165604.8836162,1,97,1.484128,86.84,341.275,359.73,3,4,ring_ar
1778165605.268291,1,98,1.596438,86.11,345.546,362.517,3,4,ring_ar
1778165605.658768,1,99,1.542866,88.3,338.328,354.006,3,4,ring_ar
1778165606.0506356,1,100,1.857657,84.69,341.475,370.335,3,4,ring_ar
1778165606.4412527,1,101,1.525604,87.78,332.711,355.613,3,4,ring_ar
1778165606.8325043,1,102,1.721892,87.15,341.238,359.417,3,4,ring_ar
1778165607.2250648,1,103,1.413556,83.46,325.301,374.483,3,4,ring_ar
1778165607.6506734,1,104,1.748462,78.53,378.045,399.466,3,4,ring_ar
1778165608.060002,1,105,1.676009,80.1,362.969,390.152,3,4,ring_ar
1778165608.4546676,1,106,1.886311,84.24,348.174,371.048,3,4,ring_ar
1778165608.8377097,1,107,1.758617,85.72,344.914,365.691,3,4,ring_ar
1778165609.229731,1,108,1.665332,83.48,348.566,374.503,3,4,ring_ar
1778165609.6311662,1,109,1.893526,84.55,350.827,370.74,3,4,ring_ar
1778165610.0461316,1,110,1.444384,80.51,360.429,388.588,3,4,ring_ar
1778165610.4684746,1,111,1.628635,80.85,363.76,386.947,3,4,ring_ar
1778165610.859126,1,112,1.60986,83.95,351.546,372.217,3,4,ring_ar
1778165611.2524076,1,113,1.9706,85.23,346.657,366.674,3,4,ring_ar
1778165611.647521,1,114,1.497916,84.45,345.513,369.901,3,4,ring_ar
1778165612.0309262,1,115,1.637605,85.58,340.106,366.675,3,4,ring_ar
1778165612.4268749,1,116,1.703796,82.82,345.173,378.633,3,4,ring_ar
1778165612.8366332,1,117,2.114267,80.15,364.206,391.975,3,4,ring_ar
1778165613.2267392,1,118,1.451178,83.97,355.755,372.127,3,4,ring_ar
1778165613.6173947,1,119,2.120822,85.86,346.887,364.227,3,4,ring_ar
1778165614.0117235,1,120,1.746175,85.35,342.49,366.875,3,4,ring_ar
1778165614.4058106,1,121,1.789961,83.34,354.461,375.062,3,4,ring_ar
1778165614.8213623,1,122,1.592217,80.99,369.905,386.536,3,4,ring_ar
1778165615.2180889,1,123,1.844973,85.68,344.981,364.83,3,4,ring_ar
1778165615.6007216,1,124,1.450647,89.55,333.882,349.655,3,4,ring_ar
1778165615.9969628,1,125,1.982115,82.79,361.873,377.556,3,4,ring_ar
1778165616.3930721,1,126,1.932153,83.15,340.886,376.459,3,4,ring_ar
1778165616.7860394,1,127,1.63766,85.7,344.32,364.58,3,4,ring_ar
1778165617.182561,1,128,1.692253,87.27,343.094,360.311,3,4,ring_ar
1778165617.6043098,1,129,1.939471,78.97,376.256,396.406,3,4,ring_ar
1778165617.992006,1,130,1.256728,87.68,336.265,355.875,3,4,ring_ar
1778165618.3942082,1,131,1.905734,83.53,358.848,374.346,3,4,ring_ar
1778165618.789532,1,132,1.678746,85.84,345.026,363.944,3,4,ring_ar
1778165619.1802864,1,133,1.631483,85.75,339.317,364.195,3,4,ring_ar
1778165619.5977228,1,134,1.500699,80.34,360.216,389.469,3,4,ring_ar
1778165619.9863179,1,135,1.401015,90.06,333.656,348.092,3,4,ring_ar
1778165620.383031,1,136,1.639716,82.73,349.933,377.963,3,4,ring_ar
1778165620.7835648,1,137,1.544416,85.07,346.134,367.876,3,4,ring_ar
1778165621.2037091,1,138,1.592843,78.2,367.512,400.673,3,4,ring_ar
1778165621.609424,1,139,1.958665,84.19,352.686,371.156,3,4,ring_ar
1778165621.9966013,1,140,1.467958,87.99,335.114,354.907,3,4,ring_ar
1778165622.3865244,1,141,1.779773,89.02,334.122,350.385,3,4,ring_ar
1778165622.7947214,1,142,2.072202,84.29,356.187,370.818,3,4,ring_ar
1778165623.1814096,1,143,1.622247,86.41,339.911,361.354,3,4,ring_ar
1778165623.5735717,1,144,1.443762,86.32,345.104,361.745,3,4,ring_ar
1778165623.9766738,1,145,1.827947,82.98,351.23,376.481,3,4,ring_ar
1778165624.3640778,1,146,1.754109,84.74,344.808,368.956,3,4,ring_ar
1778165624.7508085,1,147,1.297789,88.97,334.557,350.738,3,4,ring_ar
1778165625.1588514,1,148,1.25695,83.39,358.59,374.717,3,4,ring_ar
1778165625.5467336,1,149,1.531241,86.11,346.557,364.023,3,4,ring_ar
1778165625.9413087,1,150,1.279513,83.14,338.372,375.934,3,4,ring_ar
1778165626.3518274,1,151,1.657103,83.23,349.845,376.841,3,4,ring_ar
1778165626.753073,1,152,1.401027,82.26,322.937,381.138,3,4,ring_ar
1778165627.145416,1,153,1.521335,83.83,352.756,373.041,3,4,ring_ar
1778165627.576048,1,154,1.802711,79.02,355.847,395.855,3,4,ring_ar
1778165627.964971,1,155,1.662763,84.67,351.089,368.72,3,4,ring_ar
1778165628.3767698,1,156,1.309012,82.11,363.14,380.486,3,4,ring_ar
1778165628.791437,1,157,1.684117,80.75,357.313,387.467,3,4,ring_ar
1778165629.2031784,1,158,1.330344,82.47,355.943,380.245,3,4,ring_ar
1778165629.6422403,1,159,1.652295,77.09,386.512,407.801,3,4,ring_ar
1778165630.060089,1,160,1.581114,78.43,377.845,400.459,3,4,ring_ar
1778165630.4865496,1,161,1.457395,76.97,385.333,408.262,3,4,ring_ar
1778165630.9131398,1,162,1.594348,77.07,368.511,406.308,3,4,ring_ar
1778165631.3328726,1,163,2.004376,79.66,364.534,392.819,3,4,ring_ar
1778165631.741971,1,164,1.722085,83.6,354.568,373.862,3,4,ring_ar
1778165632.1364505,1,165,1.579784,83.08,353.172,376.665,3,4,ring_ar
1778165632.531254,1,166,1.592501,84.17,345.142,371.596,3,4,ring_ar
1778165632.9497573,1,167,1.47175,80.28,362.744,390.469,3,4,ring_ar
1778165633.3382988,1,168,1.793794,84.58,349.973,369.967,3,4,ring_ar
1778165633.7491114,1,169,1.286522,79.73,374.683,391.919,3,4,ring_ar
1778165634.1489766,1,170,1.434621,86.5,343.574,361.128,3,4,ring_ar
1778165634.5484772,1,171,1.482519,83.9,349.542,372.348,3,4,ring_ar
1778165634.9419127,1,172,1.281185,83.64,334.368,374.095,3,4,ring_ar
1778165635.3454905,1,173,1.564716,85.76,346.165,364.499,3,4,ring_ar
1778165635.7328672,1,174,1.429118,88.51,332.818,353.544,3,4,ring_ar
1778165636.1229923,1,175,1.610601,87.93,335.481,355.905,3,4,ring_ar
1778165636.5133538,1,176,1.570682,84.1,331.527,371.595,3,4,ring_ar
1778165636.9094927,1,177,1.79715,83.7,350.858,373.372,3,4,ring_ar
1778165637.2989948,1,178,1.299949,86.99,337.336,359.0,3,4,ring_ar
1778165637.755061,1,179,1.479342,72.78,403.65,430.754,3,4,ring_ar
1778165638.1475182,1,180,1.302729,83.69,345.468,373.432,3,4,ring_ar
1778165638.5394633,1,181,1.449042,83.6,341.835,374.994,3,4,ring_ar
1778165638.9237604,1,182,1.242622,85.36,341.665,367.115,3,4,ring_ar
1778165639.3129745,1,183,1.2514,84.26,347.446,371.052,3,4,ring_ar
1778165639.740991,1,184,1.780739,78.07,376.848,401.304,3,4,ring_ar
1778165640.1569052,1,185,1.607588,81.26,359.578,385.199,3,4,ring_ar
1778165640.5806944,1,186,1.610861,79.69,367.407,392.949,3,4,ring_ar
1778165640.9883611,1,187,1.326161,82.32,345.977,379.886,3,4,ring_ar
1778165641.3802483,1,188,1.210691,86.68,342.571,360.296,3,4,ring_ar
1778165641.7644677,1,189,1.579083,85.42,349.157,365.483,3,4,ring_ar
1778165642.1840258,1,190,1.64152,77.99,383.754,401.598,3,4,ring_ar
1778165642.5835266,1,191,1.359272,81.93,350.535,381.797,3,4,ring_ar
1778165642.9950802,1,192,1.476752,83.35,358.382,376.205,3,4,ring_ar
1778165643.3943255,1,193,1.553334,83.57,330.894,374.265,3,4,ring_ar
1778165643.7849653,1,194,1.692022,83.96,355.6,372.267,3,4,ring_ar
1778165644.1841276,1,195,1.493645,85.88,341.972,363.676,3,4,ring_ar
1778165644.5823362,1,196,1.791245,85.27,329.957,366.271,3,4,ring_ar
1778165644.972855,1,197,1.701509,85.64,344.984,364.742,3,4,ring_ar
1778165645.370754,1,198,1.486003,82.21,355.482,382.011,3,4,ring_ar
1778165645.7576008,1,199,1.838047,85.15,342.326,368.023,3,4,ring_ar
1778165646.1590877,1,200,1.582898,81.59,359.761,384.886,3,4,ring_ar
1778165646.5632498,1,201,1.237603,81.54,350.506,383.6,3,4,ring_ar
1778165646.9504418,1,202,1.750401,88.74,333.744,351.775,3,4,ring_ar
1778165647.3448462,1,203,1.525428,84.37,344.557,370.207,3,4,ring_ar
1778165647.7700555,1,204,1.701171,78.38,380.389,400.579,3,4,ring_ar
1778165648.1585174,1,205,1.465063,84.59,341.64,369.37,3,4,ring_ar
1778165648.5694225,1,206,1.677995,84.26,340.379,371.083,3,4,ring_ar
1778165648.9623592,1,207,1.238233,83.54,351.106,373.943,3,4,ring_ar
1778165649.3746161,1,208,1.781208,80.6,360.307,388.405,3,4,ring_ar
1778165649.815212,1,209,1.561613,76.1,386.787,411.532,3,4,ring_ar
1778165650.2142184,1,210,2.090129,85.08,348.099,368.848,3,4,ring_ar
1778165650.67364,1,211,1.434757,71.1,426.758,442.741,3,4,ring_ar
1778165651.0807524,1,212,1.44037,80.94,355.869,386.507,3,4,ring_ar
1778165651.470663,1,213,1.274272,85.77,343.205,364.247,3,4,ring_ar
1778165651.8568392,1,214,1.251593,84.82,350.253,368.377,3,4,ring_ar
1778165652.2652056,1,215,1.706447,82.93,362.328,377.462,3,4,ring_ar
1778165652.6754756,1,216,1.434104,81.23,368.058,385.42,3,4,ring_ar
1778165653.0827355,1,217,1.508389,83.96,346.927,372.298,3,4,ring_ar
1778165653.49488,1,218,1.666563,82.19,360.449,380.992,3,4,ring_ar
1778165653.8819373,1,219,1.641445,85.99,342.438,364.386,3,4,ring_ar
1778165654.2699664,1,220,1.532681,84.47,353.631,370.045,3,4,ring_ar
1778165654.6624825,1,221,1.617464,86.71,343.297,360.195,3,4,ring_ar
1778165655.0478375,1,222,1.527446,86.41,342.541,362.84,3,4,ring_ar
1778165655.4379292,1,223,1.482666,84.01,344.854,372.159,3,4,ring_ar
1778165655.834916,1,224,1.20045,87.92,336.806,354.736,3,4,ring_ar
1778165656.2214446,1,225,1.704423,89.94,331.884,347.05,3,4,ring_ar
1778165656.6269023,1,226,1.495579,82.19,353.464,380.662,3,4,ring_ar
1778165657.0136495,1,227,1.160442,85.04,333.782,367.449,3,4,ring_ar
1778165657.4111238,1,228,1.395969,85.67,348.985,366.238,3,4,ring_ar
1778165657.820759,1,229,1.386844,81.91,362.603,381.704,3,4,ring_ar
1778165658.2141774,1,230,1.69635,86.84,340.143,359.02,3,4,ring_ar
1778165658.6031036,1,231,1.594184,89.5,336.138,349.827,3,4,ring_ar
1778165659.0085568,1,232,1.338526,80.92,370.21,386.435,3,4,ring_ar
1778165659.3971395,1,233,1.434272,88.02,336.214,354.699,3,4,ring_ar
1778165659.802482,1,234,1.383506,82.3,363.428,379.981,3,4,ring_ar
1778165660.199994,1,235,1.570899,83.71,349.845,373.627,3,4,ring_ar
1778165660.594338,1,236,0.95871,86.84,336.189,359.3,3,4,ring_ar
1778165660.9807584,1,237,1.404566,86.2,341.7,362.896,3,4,ring_ar
1778165661.3765304,1,238,1.308896,84.49,350.094,369.738,3,4,ring_ar
1778165661.7687051,1,239,1.475948,85.29,342.637,366.092,3,4,ring_ar
1778165662.1603568,1,240,1.586594,86.31,343.191,363.435,3,4,ring_ar
1778165662.5760016,1,241,1.186924,78.92,373.166,396.694,3,4,ring_ar
1778165662.976278,1,242,1.284825,81.99,351.501,382.279,3,4,ring_ar
1778165663.3913853,1,243,1.55072,78.91,377.377,397.835,3,4,ring_ar
1778165663.8023605,1,244,1.773043,83.18,343.155,377.392,3,4,ring_ar
1778165664.190124,1,245,1.626934,84.67,338.321,369.114,3,4,ring_ar
1778165664.590329,1,246,1.721962,84.94,351.655,369.018,3,4,ring_ar
1778165664.992795,1,247,1.417645,81.63,360.13,382.796,3,4,ring_ar
1778165665.376678,1,248,1.604735,85.5,347.996,365.851,3,4,ring_ar
1778165665.7771273,1,249,1.67249,83.99,355.146,372.023,3,4,ring_ar
1778165666.1598992,1,250,1.668329,87.9,325.233,355.889,3,4,ring_ar
1778165666.5448434,1,251,1.68022,89.08,326.898,350.569,3,4,ring_ar
1778165666.9516885,1,252,1.728091,82.01,357.544,381.441,3,4,ring_ar
1778165667.341208,1,253,1.718466,86.14,339.342,362.798,3,4,ring_ar
1778165667.7675529,1,254,1.352354,78.05,375.546,401.298,3,4,ring_ar
1778165668.18317,1,255,2.016941,78.8,380.378,397.186,3,4,ring_ar
1778165668.5758977,1,256,1.545334,84.65,344.673,369.035,3,4,ring_ar
1778165668.9621603,1,257,1.338271,88.62,331.892,352.11,3,4,ring_ar
1778165669.3581452,1,258,1.284801,87.84,330.029,355.976,3,4,ring_ar
1778165669.7662046,1,259,1.847824,84.06,353.804,372.241,3,4,ring_ar
1778165670.1665769,1,260,1.502016,83.11,346.113,375.888,3,4,ring_ar
1778165670.561791,1,261,1.578628,83.59,343.048,374.239,3,4,ring_ar
1778165670.951093,1,262,1.563326,85.67,348.388,364.522,3,4,ring_ar
1778165671.354732,1,263,1.545757,81.1,363.669,385.64,3,4,ring_ar
1778165671.7465327,1,264,1.562692,88.19,337.378,354.43,3,4,ring_ar
1778165672.1484888,1,265,1.528692,84.43,354.987,370.169,3,4,ring_ar
1778165672.554098,1,266,1.230231,84.08,347.508,372.028,3,4,ring_ar
1778165672.944141,1,267,1.074775,85.42,339.855,365.601,3,4,ring_ar
1778165673.3411186,1,268,1.408354,82.61,349.913,378.508,3,4,ring_ar
1778165673.7472892,1,269,1.425086,83.74,351.828,373.358,3,4,ring_ar
1778165674.172909,1,270,1.309662,78.58,375.81,398.292,3,4,ring_ar
1778165674.5806963,1,271,1.463869,83.57,353.787,373.943,3,4,ring_ar
1778165674.9821763,1,272,1.227269,81.6,356.497,383.402,3,4,ring_ar
1778165675.3794255,1,273,1.492409,84.7,345.446,369.055,3,4,ring_ar
1778165675.7825377,1,274,1.209658,84.04,344.941,372.544,3,4,ring_ar
1778165676.1704283,1,275,1.82517,89.69,328.796,347.887,3,4,ring_ar
1778165676.5578134,1,276,1.528234,86.49,336.689,362.328,3,4,ring_ar
1778165676.9567432,1,277,1.562849,81.91,365.622,381.843,3,4,ring_ar
1778165677.350086,1,278,1.353626,88.38,332.079,353.751,3,4,ring_ar
1778165677.7847807,1,279,1.166589,77.29,386.853,405.052,3,4,ring_ar
1778165678.2033932,1,280,1.329606,80.92,367.318,386.74,3,4,ring_ar
1778165678.6003635,1,281,1.478471,82.65,348.967,378.097,3,4,ring_ar
1778165678.9988039,1,282,1.801022,84.47,351.743,370.332,3,4,ring_ar
1778165679.4004185,1,283,1.399254,85.01,346.379,367.534,3,4,ring_ar
1778165679.8143451,1,284,1.218003,80.33,371.304,389.363,3,4,ring_ar
1778165680.210103,1,285,1.337904,86.48,345.314,361.117,3,4,ring_ar
1778165680.6022577,1,286,1.80481,87.27,334.76,358.91,3,4,ring_ar
1778165680.997364,1,287,1.543263,85.71,347.643,364.519,3,4,ring_ar
1778165681.395603,1,288,1.969799,83.44,353.615,376.114,3,4,ring_ar
1778165681.800205,1,289,1.364703,81.15,354.553,385.142,3,4,ring_ar
1778165682.1945455,1,290,1.127773,86.34,338.554,361.821,3,4,ring_ar
1778165682.5848923,1,291,1.106378,88.67,334.368,353.127,3,4,ring_ar
1778165682.9849966,1,292,1.417514,86.71,346.896,360.271,3,4,ring_ar
1778165683.3836262,1,293,1.424104,82.17,346.528,380.78,3,4,ring_ar
1778165683.7916045,1,294,1.169688,81.73,353.256,382.48,3,4,ring_ar
1778165684.2005866,1,295,1.238499,84.97,339.532,369.327,3,4,ring_ar
1778165684.5992234,1,296,1.44308,82.26,364.75,381.286,3,4,ring_ar
1778165685.047035,1,297,1.542256,73.18,403.639,428.51,3,4,ring_ar
1778165685.451187,1,298,1.168571,87.21,340.152,358.056,3,4,ring_ar
1778165685.8540075,1,299,1.39066,82.9,356.938,378.737,3,4,ring_ar
1778165686.2761874,1,300,1.504936,81.65,362.757,384.056,3,4,ring_ar
1778165686.6684225,1,301,1.920733,85.01,342.912,367.548,3,4,ring_ar
1778165687.0729084,1,302,1.504167,82.76,356.19,378.903,3,4,ring_ar
1778165687.48806,1,303,1.301392,84.22,354.033,371.134,3,4,ring_ar
1778165687.8964033,1,304,1.583881,81.29,365.506,384.931,3,4,ring_ar
1778165688.305423,1,305,1.320328,80.19,372.393,390.575,3,4,ring_ar
1778165688.7051606,1,306,1.232216,85.81,341.076,364.179,3,4,ring_ar
1778165689.0937877,1,307,1.709764,87.55,340.884,356.57,3,4,ring_ar
1778165689.5010338,1,308,1.334523,83.12,358.162,376.972,3,4,ring_ar
1778165689.9065444,1,309,1.452214,80.77,366.314,387.008,3,4,ring_ar
1778165690.3003905,1,310,1.313036,84.1,354.271,371.597,3,4,ring_ar
1778165690.7064269,1,311,1.548953,81.96,355.656,381.559,3,4,ring_ar
1778165691.0991237,1,312,1.358433,83.56,357.818,375.726,3,4,ring_ar
1778165691.513444,1,313,1.312461,79.12,372.208,396.669,3,4,ring_ar
1778165691.9163177,1,314,1.419434,83.26,336.261,375.395,3,4,ring_ar
1778165692.3142874,1,315,1.561771,83.74,352.142,374.559,3,4,ring_ar
1778165692.704917,1,316,1.439035,84.04,341.219,372.228,3,4,ring_ar
1778165693.1053576,1,317,1.463113,84.94,348.551,367.836,3,4,ring_ar
1778165693.4982905,1,318,1.518978,85.27,346.684,367.495,3,4,ring_ar
1778165693.9042659,1,319,1.087926,80.78,359.062,387.221,3,4,ring_ar
1778165694.2972476,1,320,1.412467,85.73,338.072,364.258,3,4,ring_ar
1778165694.695506,1,321,1.920261,86.79,344.565,359.799,3,4,ring_ar
1778165695.1014407,1,322,1.57568,80.69,372.271,388.885,3,4,ring_ar
1778165695.517272,1,323,0.980193,79.02,377.759,396.146,3,4,ring_ar
1778165695.917135,1,324,1.30764,82.07,351.594,380.948,3,4,ring_ar
1778165696.3243883,1,325,1.624966,82.37,356.617,379.266,3,4,ring_ar
1778165696.726532,1,326,1.924635,84.53,348.826,369.392,3,4,ring_ar
1778165697.1295998,1,327,1.18396,84.82,347.113,368.499,3,4,ring_ar
1778165697.5667303,1,328,1.50423,76.84,382.684,407.485,3,4,ring_ar
1778165697.9733741,1,329,1.043837,87.59,339.947,356.165,3,4,ring_ar
1778165698.3777862,1,330,1.192612,82.08,354.704,380.918,3,4,ring_ar
1778165698.7779744,1,331,1.211171,84.64,347.207,370.378,3,4,ring_ar
1778165699.1776032,1,332,1.252144,82.13,358.405,382.291,3,4,ring_ar
1778165699.5887227,1,333,1.027685,79.85,370.369,392.39,3,4,ring_ar
1778165699.9859004,1,334,1.393023,82.76,359.763,377.902,3,4,ring_ar
1778165700.3786178,1,335,1.182985,83.36,343.789,375.267,3,4,ring_ar
1778165700.7813191,1,336,1.318136,85.77,346.568,364.63,3,4,ring_ar
1778165701.173487,1,337,1.584959,85.67,346.796,364.477,3,4,ring_ar
1778165701.5773785,1,338,1.372805,83.89,350.474,372.586,3,4,ring_ar
1778165701.9892292,1,339,1.362449,81.38,359.523,384.353,3,4,ring_ar
1778165702.379003,1,340,1.308354,88.17,329.741,354.002,3,4,ring_ar
1778165702.7977197,1,341,1.000659,78.88,380.005,396.801,3,4,ring_ar
1778165703.192679,1,342,1.852582,85.86,338.981,365.015,3,4,ring_ar
1778165703.5943396,1,343,1.473123,81.84,351.183,383.41,3,4,ring_ar
1778165703.992511,1,344,1.564317,82.28,352.135,380.333,3,4,ring_ar
1778165704.3914056,1,345,1.34074,85.23,344.1,366.614,3,4,ring_ar
1778165704.7815888,1,346,1.262932,84.72,355.188,370.346,3,4,ring_ar
1778165705.178476,1,347,1.311597,82.64,341.993,379.99,3,4,ring_ar
1778165705.5750332,1,348,1.160236,82.73,359.197,377.985,3,4,ring_ar
1778165705.988809,1,349,1.097874,79.83,369.16,391.815,3,4,ring_ar
1778165706.4195642,1,350,1.330795,79.33,374.63,394.314,3,4,ring_ar
1778165706.8235362,1,351,1.041145,81.86,360.235,382.037,3,4,ring_ar
1778165707.2173584,1,352,1.13516,86.28,338.806,362.294,3,4,ring_ar
1778165707.7093344,1,353,0.906105,66.44,450.68,472.406,3,4,ring_ar
1778165708.10006,1,354,1.471043,84.34,335.864,372.165,3,4,ring_ar
1778165708.517779,1,355,1.544804,78.38,378.777,399.926,3,4,ring_ar
1778165708.9191184,1,356,1.650198,84.16,352.309,371.234,3,4,ring_ar
1778165709.319146,1,357,1.319014,85.88,342.073,364.099,3,4,ring_ar
1778165709.7479973,1,358,1.08605,78.94,375.276,397.354,3,4,ring_ar
1778165710.1560378,1,359,1.570275,82.99,349.236,376.8,3,4,ring_ar
1778165710.552579,1,360,1.225699,83.83,354.589,373.567,3,4,ring_ar
1778165710.969987,1,361,1.488146,80.12,367.167,390.333,3,4,ring_ar
1778165711.3640754,1,362,1.294389,83.25,348.593,375.455,3,4,ring_ar
1778165711.7655783,1,363,1.359429,81.69,354.324,383.39,3,4,ring_ar
1778165712.1758857,1,364,1.295272,83.11,353.489,376.236,3,4,ring_ar
1778165712.5704918,1,365,1.269996,86.06,342.469,362.945,3,4,ring_ar
1778165712.9722893,1,366,1.264097,82.94,356.539,378.541,3,4,ring_ar
1778165713.4103026,1,367,1.056096,75.04,379.713,418.817,3,4,ring_ar
1778165713.830616,1,368,1.008781,78.18,376.198,400.382,3,4,ring_ar
1778165714.25922,1,369,1.402995,76.65,377.922,408.757,3,4,ring_ar
1778165714.6594696,1,370,1.292139,83.14,337.573,377.29,3,4,ring_ar
1778165715.0665112,1,371,1.550999,83.33,350.038,375.316,3,4,ring_ar
1778165715.4857738,1,372,1.179529,80.96,367.994,387.799,3,4,ring_ar
1778165715.8975112,1,373,1.376722,79.74,370.36,393.57,3,4,ring_ar
1778165716.310594,1,374,1.095765,79.59,368.3,393.162,3,4,ring_ar
1778165716.7491474,1,375,1.374407,77.22,380.801,406.388,3,4,ring_ar
1778165717.1726284,1,376,1.678166,80.06,367.019,391.009,3,4,ring_ar
1778165717.6225138,1,377,1.701367,74.13,402.542,424.1,3,4,ring_ar
1778165718.0260296,1,378,1.698091,81.74,355.756,382.312,3,4,ring_ar
1778165718.4248047,1,379,1.10979,82.16,352.05,380.59,3,4,ring_ar
1778165718.8390973,1,380,1.317546,81.51,364.853,383.602,3,4,ring_ar
1778165719.2447498,1,381,1.19072,83.72,352.183,374.5,3,4,ring_ar
1778165719.65663,1,382,1.274152,79.56,365.299,393.361,3,4,ring_ar
1778165720.0838134,1,383,1.247493,78.88,368.468,396.714,3,4,ring_ar
1778165720.503795,1,384,1.360527,77.97,383.329,401.544,3,4,ring_ar
1778165720.9017036,1,385,1.347885,82.35,360.51,379.67,3,4,ring_ar
1778165721.3399906,1,386,1.329547,76.65,383.237,408.458,3,4,ring_ar
1778165721.769489,1,387,1.309632,79.42,369.744,394.208,3,4,ring_ar
1778165722.1751442,1,388,1.264027,83.25,343.696,375.251,3,4,ring_ar
1778165722.577705,1,389,1.311359,84.39,346.198,369.912,3,4,ring_ar
1778165723.0358593,1,390,0.985728,44.9,292.782,437.31,3,4,ring_ar
1778165726.670426,2,0,1.199632,82.65,362.528,378.355,3,4,ring_ar
1778165727.05053,2,1,1.162171,87.22,330.826,357.944,3,4,ring_ar
1778165727.457101,2,2,1.392395,84.52,351.362,369.657,3,4,ring_ar
1778165727.8948376,2,3,1.306845,77.61,377.685,404.943,3,4,ring_ar
1778165728.2700744,2,4,1.43553,89.98,322.792,348.077,3,4,ring_ar
1778165728.6516228,2,5,1.481734,87.62,331.055,356.812,3,4,ring_ar
1778165729.057081,2,6,1.188709,83.62,355.929,374.365,3,4,ring_ar
1778165729.438661,2,7,1.185114,86.01,339.021,363.134,3,4,ring_ar
1778165729.8365679,2,8,1.186247,85.53,343.824,365.005,3,4,ring_ar
1778165730.2330744,2,9,1.170161,87.17,343.21,358.909,3,4,ring_ar
1778165730.6121652,2,10,0.926033,88.46,330.998,353.274,3,4,ring_ar
1778165730.9926202,2,11,1.164349,88.35,336.154,353.307,3,4,ring_ar
1778165731.3917909,2,12,1.187764,84.8,350.854,368.737,3,4,ring_ar
1778165731.772781,2,13,0.890046,87.37,328.587,357.343,3,4,ring_ar
1778165732.1521583,2,14,1.277566,86.38,341.624,362.84,3,4,ring_ar
1778165732.5474925,2,15,1.10543,82.82,353.4,379.118,3,4,ring_ar
1778165732.9267433,2,16,1.665409,86.37,336.76,361.686,3,4,ring_ar
1778165733.3097415,2,17,1.595039,85.61,334.729,364.681,3,4,ring_ar
1778165733.697252,2,18,1.561615,89.2,332.499,349.606,3,4,ring_ar
1778165734.0824974,2,19,1.137704,84.97,338.673,367.65,3,4,ring_ar
1778165734.485583,2,20,1.695034,85.32,346.424,366.038,3,4,ring_ar
1778165734.8727155,2,21,1.354231,87.36,331.76,357.358,3,4,ring_ar
1778165735.2556825,2,22,1.488208,90.6,330.159,345.476,3,4,ring_ar
1778165735.6461716,2,23,1.192445,83.91,346.739,372.562,3,4,ring_ar
1778165736.032494,2,24,1.079588,88.79,331.33,351.539,3,4,ring_ar
1778165736.4228604,2,25,0.9578,85.03,345.08,367.24,3,4,ring_ar
1778165736.807777,2,26,1.108654,90.6,323.097,344.529,3,4,ring_ar
1778165737.188352,2,27,1.450247,86.14,330.729,362.6,3,4,ring_ar
1778165737.6370518,2,28,1.022987,74.76,391.951,418.921,3,4,ring_ar
1778165738.0556688,2,29,1.333921,78.56,378.159,398.312,3,4,ring_ar
1778165738.4650702,2,30,1.158797,82.46,350.079,379.279,3,4,ring_ar
1778165738.8628845,2,31,1.226735,83.81,349.786,372.804,3,4,ring_ar
1778165739.2672975,2,32,0.972306,82.81,359.483,377.563,3,4,ring_ar
1778165739.6631181,2,33,1.300766,86.45,343.481,361.087,3,4,ring_ar
1778165740.0546253,2,34,1.236867,86.56,340.028,360.563,3,4,ring_ar
1778165740.4508805,2,35,1.307041,83.77,353.413,372.944,3,4,ring_ar
1778165740.8353527,2,36,1.245928,88.35,328.879,354.52,3,4,ring_ar
1778165741.2286842,2,37,1.205,83.35,348.532,376.336,3,4,ring_ar
1778165741.622352,2,38,1.278289,87.43,336.46,357.003,3,4,ring_ar
1778165742.0119286,2,39,1.016125,86.12,335.267,362.664,3,4,ring_ar
1778165742.3987873,2,40,1.499399,84.71,342.15,369.206,3,4,ring_ar
1778165742.7929962,2,41,1.120965,85.11,348.778,367.162,3,4,ring_ar
1778165743.1724586,2,42,1.192961,91.03,324.017,342.671,3,4,ring_ar
1778165743.5607984,2,43,0.729901,86.05,341.575,363.27,3,4,ring_ar
1778165743.9513175,2,44,1.242251,86.39,335.45,363.181,3,4,ring_ar
1778165744.334895,2,45,0.907092,85.57,334.023,366.689,3,4,ring_ar
1778165744.7280838,2,46,0.900376,83.31,349.24,375.173,3,4,ring_ar
1778165745.1139379,2,47,1.057866,90.65,323.644,344.236,3,4,ring_ar
1778165745.5104623,2,48,1.341879,84.74,350.532,368.595,3,4,ring_ar
1778165745.9047298,2,49,0.999569,84.27,347.283,371.269,3,4,ring_ar
1778165746.2868037,2,50,1.374759,88.43,328.509,352.954,3,4,ring_ar
1778165746.6883943,2,51,1.209931,86.17,336.331,362.435,3,4,ring_ar
1778165747.10039,2,52,1.364235,80.92,369.282,386.781,3,4,ring_ar
1778165747.4901316,2,53,0.956688,86.16,338.781,362.321,3,4,ring_ar
1778165747.9014604,2,54,0.969059,85.0,343.372,367.994,3,4,ring_ar
1778165748.3006153,2,55,0.764165,85.21,331.85,366.517,3,4,ring_ar
1778165748.7044797,2,56,1.152533,82.89,359.701,377.102,3,4,ring_ar
1778165749.1153727,2,57,1.390467,82.83,350.906,377.742,3,4,ring_ar
1778165749.5099936,2,58,1.075125,85.66,340.853,366.306,3,4,ring_ar
1778165749.9100301,2,59,1.348146,81.92,341.29,381.991,3,4,ring_ar
1778165750.2955923,2,60,1.170869,84.95,338.33,367.669,3,4,ring_ar
1778165750.690354,2,61,1.064551,84.83,332.151,368.399,3,4,ring_ar
1778165751.0807772,2,62,1.719236,86.06,339.026,363.692,3,4,ring_ar
1778165751.473528,2,63,1.460969,86.82,339.25,359.75,3,4,ring_ar
1778165751.8931785,2,64,1.380018,80.8,360.887,387.38,3,4,ring_ar
1778165752.3362067,2,65,1.052183,77.3,385.699,406.706,3,4,ring_ar
1778165752.8016875,2,66,1.578906,72.49,411.274,432.985,3,4,ring_ar
1778165753.2345808,2,67,1.19829,75.78,382.109,413.693,3,4,ring_ar
1778165753.6709492,2,68,1.363956,77.31,379.236,405.077,3,4,ring_ar
1778165754.1121955,2,69,1.316306,74.37,375.632,421.353,3,4,ring_ar
1778165754.5277398,2,70,1.061259,80.96,355.073,386.912,3,4,ring_ar
1778165754.9478729,2,71,1.17477,77.97,382.815,401.475,3,4,ring_ar
1778165755.363858,2,72,1.506512,80.72,362.647,387.6,3,4,ring_ar
1778165755.7859082,2,73,1.201162,81.45,363.22,385.139,3,4,ring_ar
1778165756.2152996,2,74,1.295825,76.46,372.502,409.974,3,4,ring_ar
1778165756.6226165,2,75,1.384457,82.16,355.953,380.669,3,4,ring_ar
1778165757.03036,2,76,0.990407,82.18,358.521,380.444,3,4,ring_ar
1778165757.4622877,2,77,1.489466,78.96,375.564,396.699,3,4,ring_ar
1778165757.9126012,2,78,0.945407,76.31,367.55,410.387,3,4,ring_ar
1778165758.329216,2,79,1.35675,81.58,356.854,383.737,3,4,ring_ar
1778165758.754139,2,80,0.957108,77.26,372.232,407.029,3,4,ring_ar
1778165759.1713166,2,81,1.030737,79.07,362.491,395.719,3,4,ring_ar
1778165759.6318758,2,82,1.18996,74.82,397.213,418.224,3,4,ring_ar
1778165760.0832703,2,83,1.135073,79.57,364.561,392.986,3,4,ring_ar
1778165760.510462,2,84,1.134627,76.7,382.954,408.303,3,4,ring_ar
1778165760.9462824,2,85,1.002276,77.86,357.267,403.567,3,4,ring_ar
1778165761.3612688,2,86,1.425035,83.27,355.632,375.384,3,4,ring_ar
1778165761.7864401,2,87,0.86835,77.04,382.568,406.643,3,4,ring_ar
1778165762.2045493,2,88,1.534124,80.13,365.719,390.464,3,4,ring_ar
1778165762.6161065,2,89,1.015075,79.69,369.171,393.867,3,4,ring_ar
1778165763.0484436,2,90,1.317949,75.85,392.446,413.219,3,4,ring_ar
1778165763.4706693,2,91,1.318324,81.87,339.965,382.082,3,4,ring_ar
1778165763.8893874,2,92,1.021955,80.72,365.511,387.886,3,4,ring_ar
1778165764.3186128,2,93,1.019225,79.69,366.842,392.677,3,4,ring_ar
1778165764.7379513,2,94,1.302184,78.22,379.56,401.852,3,4,ring_ar
1778165765.1518247,2,95,1.292225,79.29,377.242,395.846,3,4,ring_ar
1778165765.5751479,2,96,1.587548,78.43,358.353,400.179,3,4,ring_ar
1778165765.990572,2,97,1.131708,78.9,360.969,396.792,3,4,ring_ar
1778165766.4104917,2,98,1.140685,85.52,336.795,365.476,3,4,ring_ar
1778165766.832155,2,99,1.502238,80.17,355.264,390.553,3,4,ring_ar
1778165767.2453043,2,100,1.265801,79.17,379.218,395.029,3,4,ring_ar
1778165767.746283,2,101,1.428709,67.42,441.619,465.572,3,4,ring_ar
1778165768.1646144,2,102,1.220515,82.27,350.962,380.215,3,4,ring_ar
1778165768.5857162,2,103,1.173887,81.21,365.52,385.05,3,4,ring_ar
1778165769.0232966,2,104,1.222371,76.32,376.435,410.708,3,4,ring_ar
1778165769.4405055,2,105,1.017925,82.3,359.433,380.605,3,4,ring_ar
1778165769.8889308,2,106,1.07739,73.94,405.391,423.901,3,4,ring_ar
1778165770.3465545,2,107,0.915027,71.62,402.817,437.981,3,4,ring_ar
1778165770.7810016,2,108,0.872707,77.42,377.74,404.922,3,4,ring_ar
1778165771.213189,2,109,1.027773,78.13,370.827,401.935,3,4,ring_ar
1778165771.6355276,2,110,0.845782,80.01,366.168,392.512,3,4,ring_ar
1778165772.0543098,2,111,1.043432,79.49,366.548,395.04,3,4,ring_ar
1778165772.4872177,2,112,1.042516,77.1,369.683,406.148,3,4,ring_ar
1778165772.9156528,2,113,0.945029,79.99,372.007,392.375,3,4,ring_ar
1778165773.3309734,2,114,0.860738,79.16,376.398,395.776,3,4,ring_ar
1778165773.72586,2,115,1.02498,84.61,347.092,370.973,3,4,ring_ar
1778165774.1236482,2,116,1.007399,84.25,347.1,372.386,3,4,ring_ar
1778165774.5501297,2,117,1.515805,80.41,368.876,388.98,3,4,ring_ar
1778165774.9610865,2,118,1.149101,79.86,358.146,391.806,3,4,ring_ar
1778165775.3828914,2,119,1.262669,77.61,368.711,403.524,3,4,ring_ar
1778165775.8006268,2,120,1.124243,80.59,361.848,388.184,3,4,ring_ar
1778165776.2032647,2,121,1.298093,84.26,350.616,370.697,3,4,ring_ar
1778165776.6045206,2,122,0.896436,81.72,366.042,383.493,3,4,ring_ar
1778165777.0171125,2,123,1.477326,84.89,345.459,368.275,3,4,ring_ar
1778165777.413533,2,124,1.179512,86.49,343.239,362.352,3,4,ring_ar
1778165777.8768766,2,125,1.402142,70.73,409.916,443.509,3,4,ring_ar
1778165778.2746706,2,126,1.206456,82.6,360.371,378.389,3,4,ring_ar
1778165778.67697,2,127,1.007145,81.44,355.569,383.999,3,4,ring_ar
1778165779.0910318,2,128,1.023338,83.08,362.04,377.292,3,4,ring_ar
1778165779.4872205,2,129,1.344817,82.9,358.469,377.117,3,4,ring_ar
1778165779.8977225,2,130,1.088586,79.75,360.023,393.547,3,4,ring_ar
1778165780.3103688,2,131,1.380437,79.44,366.024,393.993,3,4,ring_ar
1778165780.7028682,2,132,1.147019,83.46,352.635,374.607,3,4,ring_ar
1778165781.1334481,2,133,1.412161,76.18,391.531,412.531,3,4,ring_ar
1778165781.556279,2,134,1.081243,80.97,355.513,386.734,3,4,ring_ar
1778165781.948934,2,135,0.985129,86.63,338.369,360.394,3,4,ring_ar
1778165782.3460612,2,136,1.251703,84.54,345.11,369.845,3,4,ring_ar
1778165782.7410944,2,137,0.946874,84.74,343.73,368.717,3,4,ring_ar
1778165783.1314685,2,138,0.917027,86.98,337.077,358.856,3,4,ring_ar
1778165783.5388837,2,139,1.298403,82.67,360.842,378.304,3,4,ring_ar
1778165783.9294884,2,140,0.917073,83.97,343.062,373.941,3,4,ring_ar
1778165784.3159473,2,141,0.989558,84.89,336.136,368.06,3,4,ring_ar
1778165784.716108,2,142,0.933965,84.09,344.077,372.065,3,4,ring_ar
1778165785.1018481,2,143,1.102452,88.33,329.192,353.174,3,4,ring_ar
1778165785.4881246,2,144,1.02347,90.76,328.399,345.31,3,4,ring_ar
1778165785.912306,2,145,1.140138,77.41,383.665,404.498,3,4,ring_ar
1778165786.3324573,2,146,1.772271,78.0,365.501,402.601,3,4,ring_ar
1778165786.7422822,2,147,1.228422,82.75,358.529,377.865,3,4,ring_ar
1778165787.1712034,2,148,1.054938,78.15,371.081,401.061,3,4,ring_ar
1778165787.6108828,2,149,1.082738,75.6,382.211,414.307,3,4,ring_ar
1778165788.0185256,2,150,1.652468,82.82,335.225,377.63,3,4,ring_ar
1778165788.4110503,2,151,1.202589,91.51,322.4,340.634,3,4,ring_ar
1778165788.807532,2,152,1.561527,84.23,343.585,371.118,3,4,ring_ar
1778165789.2556674,2,153,0.958757,74.8,385.184,420.652,3,4,ring_ar
1778165789.6843433,2,154,0.967711,81.57,357.222,385.562,3,4,ring_ar
1778165790.1230159,2,155,1.437358,78.65,361.827,398.155,3,4,ring_ar
1778165790.5349953,2,156,1.123776,79.84,369.75,393.25,3,4,ring_ar
1778165790.919574,2,157,1.06628,85.18,349.853,366.549,3,4,ring_ar
1778165791.3169827,2,158,1.084028,83.87,337.941,372.638,3,4,ring_ar
1778165791.743673,2,159,1.194959,78.39,380.455,399.038,3,4,ring_ar
1778165792.1483777,2,160,1.144794,83.15,352.32,375.933,3,4,ring_ar
1778165792.5285878,2,161,1.130906,89.62,328.961,349.789,3,4,ring_ar
1778165792.9278426,2,162,1.006989,81.98,359.006,382.031,3,4,ring_ar
1778165793.313385,2,163,1.529017,87.54,339.511,356.855,3,4,ring_ar
1778165793.7038364,2,164,1.186604,84.51,351.177,369.824,3,4,ring_ar
1778165794.0943081,2,165,1.012318,86.41,342.301,361.26,3,4,ring_ar
1778165794.4795685,2,166,1.138897,85.01,341.378,367.396,3,4,ring_ar
1778165794.8623364,2,167,1.407969,85.56,347.324,366.272,3,4,ring_ar
1778165795.254486,2,168,1.03617,87.25,335.205,359.024,3,4,ring_ar
1778165795.636059,2,169,1.425623,85.87,345.387,363.799,3,4,ring_ar
1778165796.0184717,2,170,1.3015,85.73,343.031,365.837,3,4,ring_ar
1778165796.4107773,2,171,1.059569,83.81,341.866,372.805,3,4,ring_ar
1778165796.7968266,2,172,1.244765,84.84,336.537,368.341,3,4,ring_ar
1778165797.1878262,2,173,1.271388,85.67,344.808,364.662,3,4,ring_ar
1778165797.635121,2,174,1.012389,75.65,392.559,414.501,3,4,ring_ar
1778165798.0457687,2,175,1.276577,83.42,345.965,374.779,3,4,ring_ar
1778165798.4682112,2,176,1.22602,80.39,358.421,389.281,3,4,ring_ar
1778165798.859529,2,177,1.358149,85.69,347.782,364.473,3,4,ring_ar
1778165799.2437427,2,178,1.082093,85.3,342.072,366.145,3,4,ring_ar
1778165799.6430416,2,179,1.508998,81.94,354.74,381.431,3,4,ring_ar
1778165800.0335057,2,180,1.23474,84.16,347.596,371.405,3,4,ring_ar
1778165800.4180992,2,181,1.134039,87.41,334.886,357.595,3,4,ring_ar
1778165800.8132591,2,182,0.943377,82.88,359.568,377.307,3,4,ring_ar
1778165801.204334,2,183,1.46512,87.42,339.38,357.783,3,4,ring_ar
1778165801.6062655,2,184,1.114909,85.12,344.357,366.835,3,4,ring_ar
1778165802.0086603,2,185,0.956476,84.63,332.221,369.879,3,4,ring_ar
1778165802.4146416,2,186,1.391029,86.79,334.96,359.802,3,4,ring_ar
1778165802.8138528,2,187,0.857432,87.09,339.57,358.68,3,4,ring_ar
1778165803.2007518,2,188,1.117251,88.4,328.198,353.251,3,4,ring_ar
1778165803.5991297,2,189,0.967534,85.9,347.728,363.877,3,4,ring_ar
1778165803.992618,2,190,1.085816,84.8,351.727,369.384,3,4,ring_ar
1778165804.3818142,2,191,1.029387,87.07,329.959,358.589,3,4,ring_ar
1778165804.7711995,2,192,1.229802,89.74,332.745,347.561,3,4,ring_ar
1778165805.1686661,2,193,0.896269,85.44,343.829,367.114,3,4,ring_ar
1778165805.5693765,2,194,1.517426,83.13,348.254,377.182,3,4,ring_ar
1778165805.95481,2,195,0.951049,85.12,346.7,366.678,3,4,ring_ar
1778165806.3509274,2,196,1.396867,84.07,351.13,371.783,3,4,ring_ar
1778165806.7359753,2,197,1.15443,89.46,332.543,348.491,3,4,ring_ar
1778165807.1228924,2,198,0.768319,85.83,342.603,364.076,3,4,ring_ar
1778165807.5308642,2,199,0.727547,84.96,351.976,369.376,3,4,ring_ar
1778165807.9416673,2,200,1.521737,80.56,363.679,388.09,3,4,ring_ar
1778165808.3294146,2,201,1.123892,84.67,346.275,368.978,3,4,ring_ar
1778165808.739749,2,202,1.306085,81.3,366.908,385.97,3,4,ring_ar
1778165809.1208882,2,203,1.169586,85.98,346.352,363.238,3,4,ring_ar
1778165809.5084321,2,204,0.979677,88.36,332.828,353.389,3,4,ring_ar
1778165809.9211092,2,205,1.200717,82.71,355.159,378.028,3,4,ring_ar
1778165810.3075962,2,206,1.139761,85.02,338.565,367.462,3,4,ring_ar
1778165810.7052991,2,207,1.078928,86.25,344.429,362.314,3,4,ring_ar
1778165811.0938475,2,208,0.922744,87.03,336.256,359.555,3,4,ring_ar
1778165811.4808753,2,209,1.226892,86.31,345.671,362.374,3,4,ring_ar
1778165811.873564,2,210,0.859096,87.1,337.459,358.704,3,4,ring_ar
1778165812.2707,2,211,1.626972,86.84,339.096,359.645,3,4,ring_ar
1778165812.6544774,2,212,0.747918,89.85,329.967,347.191,3,4,ring_ar
1778165813.047819,2,213,1.009324,83.33,345.642,377.487,3,4,ring_ar
1778165813.4323857,2,214,1.16775,89.34,326.342,349.462,3,4,ring_ar
1778165813.8168955,2,215,1.031499,87.25,325.555,357.322,3,4,ring_ar
1778165814.218962,2,216,1.118815,82.3,362.789,380.241,3,4,ring_ar
1778165814.5986793,2,217,0.97214,87.8,335.285,355.452,3,4,ring_ar
1778165814.9948947,2,218,1.214577,86.8,340.255,360.055,3,4,ring_ar
1778165815.382687,2,219,1.094075,87.79,341.23,357.112,3,4,ring_ar
1778165815.7670686,2,220,1.344093,85.34,338.199,366.357,3,4,ring_ar
1778165816.1445255,2,221,1.3784,89.12,324.008,349.946,3,4,ring_ar
1778165816.5435054,2,222,1.014503,84.08,347.962,371.868,3,4,ring_ar
1778165816.9214213,2,223,1.043163,88.69,335.154,352.103,3,4,ring_ar
1778165817.2982798,2,224,1.083906,89.85,329.168,347.16,3,4,ring_ar
1778165817.7433922,2,225,1.130515,76.01,393.323,412.081,3,4,ring_ar
1778165818.128916,2,226,1.236286,88.22,335.168,355.217,3,4,ring_ar
1778165818.5278544,2,227,1.11146,82.38,325.072,379.751,3,4,ring_ar
1778165818.9301293,2,228,1.087355,81.59,359.766,384.922,3,4,ring_ar
1778165819.3121502,2,229,1.499699,86.08,343.121,363.972,3,4,ring_ar
1778165819.7177634,2,230,1.274219,83.43,358.591,374.928,3,4,ring_ar
1778165820.1141596,2,231,1.523882,84.26,352.201,371.234,3,4,ring_ar
1778165820.4918404,2,232,0.99211,88.47,329.215,353.944,3,4,ring_ar
1778165820.8763921,2,233,1.097965,88.34,335.427,353.42,3,4,ring_ar
1778165821.2553868,2,234,0.836394,90.71,327.377,345.184,3,4,ring_ar
1778165821.634219,2,235,0.902243,86.46,334.348,361.376,3,4,ring_ar
1778165822.019448,2,236,1.041498,86.65,337.554,360.461,3,4,ring_ar
1778165822.4054682,2,237,1.080931,89.09,330.93,350.695,3,4,ring_ar
1778165822.791775,2,238,1.231308,88.45,336.687,353.546,3,4,ring_ar
1778165823.1829975,2,239,1.427832,86.77,338.485,360.454,3,4,ring_ar
1778165823.5838683,2,240,0.932183,85.76,351.663,365.95,3,4,ring_ar
1778165823.9730287,2,241,1.358403,84.24,347.9,372.153,3,4,ring_ar
1778165824.36212,2,242,0.878675,86.97,336.794,359.257,3,4,ring_ar
1778165824.7387218,2,243,0.937889,87.08,338.128,359.246,3,4,ring_ar
1778165825.1227095,2,244,1.063312,88.75,333.949,351.54,3,4,ring_ar
1778165825.513408,2,245,0.927365,87.15,339.79,358.288,3,4,ring_ar
1778165825.8950286,2,246,1.320876,85.93,337.245,363.707,3,4,ring_ar
1778165826.2686636,2,247,0.754336,90.26,328.256,345.834,3,4,ring_ar
1778165826.6806064,2,248,0.922029,80.79,370.252,387.234,3,4,ring_ar
1778165827.0896482,2,249,1.007701,80.57,353.296,389.143,3,4,ring_ar
1778165827.5039647,2,250,0.848979,80.94,362.421,386.619,3,4,ring_ar
1778165827.9386098,2,251,1.104263,80.51,359.771,389.332,3,4,ring_ar
1778165828.3285708,2,252,0.837182,83.98,346.235,371.988,3,4,ring_ar
1778165828.7265632,2,253,0.802776,82.58,352.267,378.373,3,4,ring_ar
1778165829.1155324,2,254,1.450656,88.3,334.181,353.301,3,4,ring_ar
1778165829.4960883,2,255,1.306986,89.07,324.425,350.959,3,4,ring_ar
1778165829.9047122,2,256,1.139249,81.63,364.318,383.435,3,4,ring_ar
1778165830.288487,2,257,1.307563,86.98,339.567,358.804,3,4,ring_ar
1778165830.675537,2,258,1.486415,87.16,339.885,358.311,3,4,ring_ar
1778165831.0713844,2,259,1.298354,86.3,337.168,362.083,3,4,ring_ar
1778165831.4743476,2,260,1.186442,82.09,357.548,380.704,3,4,ring_ar
1778165831.8955276,2,261,1.037003,80.62,368.465,387.99,3,4,ring_ar
1778165832.3288746,2,262,1.432776,78.42,369.437,400.649,3,4,ring_ar
1778165832.7455819,2,263,1.110874,82.24,356.955,380.398,3,4,ring_ar
1778165833.1433134,2,264,1.069546,82.72,345.771,377.717,3,4,ring_ar
1778165833.537619,2,265,1.258819,89.61,333.699,348.207,3,4,ring_ar
1778165833.9315846,2,266,1.141521,85.32,337.556,366.226,3,4,ring_ar
1778165834.3416865,2,267,0.82663,83.08,352.56,376.399,3,4,ring_ar
1778165834.7324462,2,268,1.480177,86.03,336.011,363.011,3,4,ring_ar
1778165835.1106875,2,269,1.222548,89.36,328.54,349.185,3,4,ring_ar
1778165835.4979622,2,270,0.867175,89.53,329.98,348.211,3,4,ring_ar
1778165835.8963764,2,271,0.670817,82.34,351.49,379.561,3,4,ring_ar
1778165836.2803192,2,272,1.245917,88.44,336.38,353.236,3,4,ring_ar
1778165836.6725733,2,273,1.018434,88.64,338.655,351.888,3,4,ring_ar
1778165837.0647736,2,274,1.100801,86.91,339.558,359.249,3,4,ring_ar
1778165837.4505258,2,275,1.632441,87.22,335.166,358.238,3,4,ring_ar
1778165837.8986633,2,276,1.113559,72.92,402.446,429.802,3,4,ring_ar
1778165838.2815793,2,277,0.86945,89.62,326.291,348.262,3,4,ring_ar
1778165838.660528,2,278,1.162931,92.9,322.469,335.632,3,4,ring_ar
1778165839.059599,2,279,1.071226,82.08,363.483,382.093,3,4,ring_ar
1778165839.4439719,2,280,1.142996,85.43,347.179,365.883,3,4,ring_ar
1778165839.852816,2,281,1.291133,81.56,364.677,383.504,3,4,ring_ar
1778165840.2470303,2,282,1.117153,83.12,348.407,376.061,3,4,ring_ar
1778165840.629203,2,283,0.878802,88.71,335.909,353.025,3,4,ring_ar
1778165841.0131567,2,284,0.808757,85.43,343.148,365.769,3,4,ring_ar
1778165841.4015832,2,285,1.282365,86.74,340.806,359.859,3,4,ring_ar
1778165841.7934756,2,286,1.107658,86.74,338.334,360.147,3,4,ring_ar
1778165842.1803577,2,287,1.296846,87.99,339.643,357.552,3,4,ring_ar
1778165842.5770895,2,288,0.780543,82.78,347.118,377.871,3,4,ring_ar
1778165842.9715576,2,289,1.149254,84.49,347.856,369.573,3,4,ring_ar
1778165843.3630438,2,290,1.216348,83.65,357.468,374.979,3,4,ring_ar
1778165843.7553966,2,291,0.904113,83.77,354.88,373.042,3,4,ring_ar
1778165844.1454997,2,292,0.88663,83.99,355.062,372.634,3,4,ring_ar
1778165844.5473807,2,293,1.075179,83.38,357.326,376.47,3,4,ring_ar
1778165844.9632192,2,294,1.185098,79.55,363.818,393.265,3,4,ring_ar
1778165845.3679688,2,295,1.032369,82.58,342.834,378.577,3,4,ring_ar
1778165845.771808,2,296,1.247975,81.79,362.282,382.404,3,4,ring_ar
1778165846.167075,2,297,1.000371,84.51,349.425,369.655,3,4,ring_ar
1778165846.5489826,2,298,1.443915,88.76,317.021,352.805,3,4,ring_ar
1778165846.9248135,2,299,0.997887,87.21,331.729,359.318,3,4,ring_ar
1778165847.3048203,2,300,1.32847,86.21,332.448,362.123,3,4,ring_ar
1778165847.7333202,2,301,1.330554,80.65,372.822,387.768,3,4,ring_ar
1778165848.1333246,2,302,1.123658,85.76,321.204,364.281,3,4,ring_ar
1778165848.5224218,2,303,0.966309,87.43,336.115,357.166,3,4,ring_ar
1778165848.9136827,2,304,1.449697,87.8,339.391,356.867,3,4,ring_ar
1778165849.3033507,2,305,1.041062,87.91,337.068,355.103,3,4,ring_ar
1778165849.7012024,2,306,1.220483,84.06,353.758,372.398,3,4,ring_ar
1778165850.1013105,2,307,1.077142,82.21,358.374,380.641,3,4,ring_ar
1778165850.4837732,2,308,1.035511,89.83,325.674,348.822,3,4,ring_ar
1778165850.8674822,2,309,0.796667,85.39,341.392,365.889,3,4,ring_ar
1778165851.26543,2,310,0.909442,84.02,349.282,371.873,3,4,ring_ar
1778165851.6550634,2,311,0.869392,86.35,333.194,361.736,3,4,ring_ar
1778165852.0413747,2,312,1.235619,87.7,333.809,356.037,3,4,ring_ar
1778165852.4395847,2,313,1.213988,83.56,354.352,374.123,3,4,ring_ar
1778165852.8332741,2,314,1.496956,86.39,339.201,361.312,3,4,ring_ar
1778165853.2182798,2,315,0.808897,89.15,331.369,350.312,3,4,ring_ar
1778165853.6166058,2,316,1.379528,86.0,345.496,362.993,3,4,ring_ar
1778165854.0012906,2,317,0.860573,87.9,329.605,354.858,3,4,ring_ar
1778165854.390777,2,318,1.13855,87.39,337.756,357.081,3,4,ring_ar
1778165854.7986848,2,319,1.323783,82.85,359.411,377.459,3,4,ring_ar
1778165855.190437,2,320,1.016984,85.57,347.981,365.745,3,4,ring_ar
1778165855.5987391,2,321,0.879301,80.62,368.912,388.745,3,4,ring_ar
1778165856.000143,2,322,1.255562,81.82,355.51,382.167,3,4,ring_ar
1778165856.3880496,2,323,1.287443,88.02,327.759,356.311,3,4,ring_ar
1778165856.784985,2,324,1.099616,82.56,353.113,378.618,3,4,ring_ar
1778165857.1780093,2,325,0.979787,88.66,332.871,352.843,3,4,ring_ar
1778165857.5865848,2,326,0.954062,83.45,340.248,375.385,3,4,ring_ar
1778165858.0069368,2,327,0.762989,83.6,339.228,373.897,3,4,ring_ar
1778165858.3937452,2,328,1.153535,85.39,347.078,367.129,3,4,ring_ar
1778165858.7854295,2,329,1.061043,83.79,355.735,373.028,3,4,ring_ar
1778165859.184981,2,330,0.637342,83.83,350.646,372.818,3,4,ring_ar
1778165859.5720255,2,331,0.761321,89.64,324.665,348.206,3,4,ring_ar
1778165859.9764738,2,332,1.146356,83.09,340.036,376.263,3,4,ring_ar
1778165860.3860803,2,333,0.887742,79.94,353.65,391.276,3,4,ring_ar
1778165860.7706287,2,334,0.837412,85.29,338.952,367.798,3,4,ring_ar
1778165861.158032,2,335,1.031826,84.6,352.777,369.592,3,4,ring_ar
1778165861.5572886,2,336,1.125488,81.99,355.3,382.772,3,4,ring_ar
1778165861.9433231,2,337,0.850499,86.88,342.225,360.523,3,4,ring_ar
1778165862.3321776,2,338,1.028131,84.36,341.534,370.771,3,4,ring_ar
1778165862.731217,2,339,1.051552,85.08,346.227,368.891,3,4,ring_ar
1778165863.1193051,2,340,0.876012,84.54,353.297,369.659,3,4,ring_ar
1778165863.5074418,2,341,0.722206,86.87,340.272,360.783,3,4,ring_ar
1778165863.9129615,2,342,0.846369,80.85,343.754,386.958,3,4,ring_ar
1778165864.3032072,2,343,1.029852,85.06,343.89,367.133,3,4,ring_ar
1778165864.6997876,2,344,0.706708,84.93,346.597,368.127,3,4,ring_ar
1778165865.0900376,2,345,1.354407,85.32,346.922,365.89,3,4,ring_ar
1778165865.4791589,2,346,0.880225,86.94,341.633,360.62,3,4,ring_ar
1778165865.8937476,2,347,1.297541,79.09,369.877,395.973,3,4,ring_ar
1778165866.3008206,2,348,0.949644,84.73,341.703,368.786,3,4,ring_ar
1778165866.695238,2,349,1.051908,86.13,335.475,362.773,3,4,ring_ar
1778165867.0910037,2,350,0.819309,86.05,341.483,362.905,3,4,ring_ar
1778165867.480006,2,351,0.841213,86.8,340.036,359.548,3,4,ring_ar
1778165867.92226,2,352,0.716809,75.61,395.014,414.43,3,4,ring_ar
1778165868.3232317,2,353,0.74431,85.19,348.277,366.532,3,4,ring_ar
1778165868.7154553,2,354,0.898986,85.69,347.266,364.493,3,4,ring_ar
1778165869.1043797,2,355,1.644082,86.64,343.147,360.351,3,4,ring_ar
1778165869.5051122,2,356,0.956928,85.91,348.183,363.843,3,4,ring_ar
1778165869.9076436,2,357,0.658785,85.65,350.54,364.748,3,4,ring_ar
1778165870.3033874,2,358,0.928121,82.75,349.029,379.261,3,4,ring_ar
1778165870.692289,2,359,0.789323,84.96,334.429,368.864,3,4,ring_ar
1778165871.0732884,2,360,0.466539,88.32,337.219,353.672,3,4,ring_ar
1778165871.4752624,2,361,0.568539,81.45,353.894,385.152,3,4,ring_ar
1778165871.8653975,2,362,0.520213,84.18,351.426,371.226,3,4,ring_ar
1778165872.252727,2,363,1.714765,86.55,342.777,360.624,3,4,ring_ar
1778165872.6479728,2,364,1.195926,82.76,359.844,378.299,3,4,ring_ar
1778165873.0298626,2,365,1.096078,93.36,314.291,335.578,3,4,ring_ar
1778165873.4148033,2,366,1.149379,85.25,349.03,366.432,3,4,ring_ar
1778165873.8143504,2,367,1.515456,83.48,352.058,374.739,3,4,ring_ar
1778165874.1969259,2,368,1.24867,88.43,331.219,352.98,3,4,ring_ar
1778165874.5777051,2,369,1.075539,86.31,339.804,361.916,3,4,ring_ar
1778165874.9753158,2,370,1.613629,86.0,339.327,362.762,3,4,ring_ar
1778165875.3674805,2,371,1.014863,85.92,335.188,363.574,3,4,ring_ar
1778165875.7665303,2,372,0.958414,85.28,346.792,366.521,3,4,ring_ar
1778165876.1652467,2,373,1.090522,86.0,347.084,363.204,3,4,ring_ar
1778165876.5808883,2,374,0.674996,81.25,365.752,384.963,3,4,ring_ar
1778165876.992249,2,375,1.157002,82.22,363.928,380.71,3,4,ring_ar
1778165877.3805993,2,376,1.093839,93.47,308.119,333.399,3,4,ring_ar
1778165877.816625,2,377,0.939205,78.13,384.054,402.137,3,4,ring_ar
1778165878.2301688,2,378,0.923297,79.36,360.482,394.453,3,4,ring_ar
1778165878.6294563,2,379,1.067062,84.13,347.383,371.502,3,4,ring_ar
1778165879.016046,2,380,1.20943,88.65,336.539,353.281,3,4,ring_ar
1778165879.3942037,2,381,1.052046,86.62,344.522,362.093,3,4,ring_ar
1778165879.7853432,2,382,1.127761,83.73,352.725,373.362,3,4,ring_ar
1778165880.1678154,2,383,0.939566,85.87,345.794,363.753,3,4,ring_ar
1778165880.5575573,2,384,1.275809,87.31,340.005,359.003,3,4,ring_ar
1778165880.9394565,2,385,0.789365,85.87,342.599,363.748,3,4,ring_ar
1778165881.3199794,2,386,0.951729,86.14,339.426,362.559,3,4,ring_ar
1778165881.7142162,2,387,0.911784,85.6,348.612,366.763,3,4,ring_ar
1778165882.1005569,2,388,1.063331,87.89,315.484,355.251,3,4,ring_ar
1778165882.4855444,2,389,1.386885,85.12,342.097,367.215,3,4,ring_ar
1778165882.8428533,2,390,1.348547,57.02,315.517,343.267,3,4,ring_ar
1778165886.155159,3,0,0.932495,92.83,317.889,336.074,3,4,ring_ar
1778165886.5251243,3,1,1.10775,92.57,320.072,336.686,3,4,ring_ar
1778165886.8935573,3,2,0.636226,90.8,322.606,343.801,3,4,ring_ar
1778165887.3118212,3,3,0.917736,78.84,357.105,397.024,3,4,ring_ar
1778165887.7493203,3,4,1.22855,76.19,386.12,412.228,3,4,ring_ar
1778165888.1443245,3,5,0.971797,83.11,353.4,376.137,3,4,ring_ar
1778165888.5364141,3,6,0.646206,87.16,339.337,358.161,3,4,ring_ar
1778165888.9222155,3,7,0.94986,84.92,352.046,369.159,3,4,ring_ar
1778165889.3125484,3,8,0.894451,87.93,328.437,354.86,3,4,ring_ar
1778165889.7061143,3,9,1.245227,87.71,339.346,356.078,3,4,ring_ar
1778165890.0914104,3,10,0.566869,85.02,347.796,368.591,3,4,ring_ar
1778165890.4764004,3,11,0.910257,85.08,350.991,368.281,3,4,ring_ar
1778165890.862622,3,12,0.810983,85.26,348.835,366.213,3,4,ring_ar
1778165891.245655,3,13,0.78483,87.78,334.967,355.733,3,4,ring_ar
1778165891.637984,3,14,0.773224,85.82,342.861,365.265,3,4,ring_ar
1778165892.0260148,3,15,1.149866,84.73,319.91,370.01,3,4,ring_ar
1778165892.4069872,3,16,0.777761,86.09,331.214,364.098,3,4,ring_ar
1778165892.7976365,3,17,1.362709,83.87,355.164,372.952,3,4,ring_ar
1778165893.1799154,3,18,0.69856,88.24,330.453,354.347,3,4,ring_ar
1778165893.5601819,3,19,0.928976,89.13,327.105,350.047,3,4,ring_ar
1778165893.9559455,3,20,0.890518,85.43,348.171,367.18,3,4,ring_ar
1778165894.3413546,3,21,1.143802,86.2,341.742,362.329,3,4,ring_ar
1778165894.7227936,3,22,0.823671,87.51,337.006,356.786,3,4,ring_ar
1778165895.1177592,3,23,1.659268,85.06,344.2,367.347,3,4,ring_ar
1778165895.5055096,3,24,0.725197,84.52,342.597,369.602,3,4,ring_ar
1778165895.8905191,3,25,0.996615,86.64,334.318,360.387,3,4,ring_ar
1778165896.28465,3,26,0.846574,84.32,351.002,370.706,3,4,ring_ar
1778165896.6605093,3,27,0.712258,91.08,319.214,342.585,3,4,ring_ar
1778165897.0443974,3,28,1.161726,87.13,334.311,359.61,3,4,ring_ar
1778165897.4368405,3,29,0.847288,83.54,343.003,374.139,3,4,ring_ar
1778165897.9031408,3,30,0.908533,71.12,419.21,440.784,3,4,ring_ar
1778165898.316608,3,31,0.701784,80.12,371.779,390.487,3,4,ring_ar
1778165898.7075822,3,32,0.955301,85.46,347.334,365.583,3,4,ring_ar
1778165899.0936754,3,33,0.967335,88.3,337.051,353.645,3,4,ring_ar
1778165899.4855573,3,34,1.058534,87.06,341.328,358.631,3,4,ring_ar
1778165899.8841343,3,35,0.906338,83.59,350.461,373.885,3,4,ring_ar
1778165900.263095,3,36,1.150521,86.57,343.805,360.758,3,4,ring_ar
1778165900.6503396,3,37,0.935711,87.67,339.194,356.469,3,4,ring_ar
1778165901.0383122,3,38,0.655554,87.64,334.665,356.485,3,4,ring_ar
1778165901.4238744,3,39,1.038138,89.23,314.995,350.182,3,4,ring_ar
1778165901.8220224,3,40,1.1264,82.22,351.039,380.316,3,4,ring_ar
1778165902.2026148,3,41,0.711857,88.53,332.397,352.586,3,4,ring_ar
1778165902.5842414,3,42,1.06915,85.8,345.014,364.006,3,4,ring_ar
1778165902.9796367,3,43,1.153418,86.13,344.061,362.462,3,4,ring_ar
1778165903.3604362,3,44,0.836524,88.14,335.111,355.862,3,4,ring_ar
1778165903.753188,3,45,0.583897,83.53,341.175,375.776,3,4,ring_ar
1778165904.1458623,3,46,0.844878,83.74,341.724,374.813,3,4,ring_ar
1778165904.530119,3,47,0.803045,85.34,332.615,366.167,3,4,ring_ar
1778165904.9128852,3,48,0.988352,87.03,323.328,359.181,3,4,ring_ar
1778165905.3010762,3,49,0.682598,85.16,336.517,366.509,3,4,ring_ar
1778165905.6916685,3,50,1.007931,85.46,333.612,365.521,3,4,ring_ar
1778165906.0915086,3,51,1.149095,86.41,342.705,361.478,3,4,ring_ar
1778165906.4782512,3,52,1.197316,90.99,324.948,342.659,3,4,ring_ar
1778165906.8562346,3,53,0.559034,88.13,336.305,355.854,3,4,ring_ar
1778165907.2566652,3,54,0.846351,81.73,353.35,382.399,3,4,ring_ar
1778165907.6639438,3,55,0.824389,85.42,331.708,366.207,3,4,ring_ar
1778165908.0712116,3,56,0.834146,86.39,338.712,361.455,3,4,ring_ar
1778165908.4870725,3,57,1.038363,78.66,366.292,398.05,3,4,ring_ar
1778165908.8990014,3,58,0.702705,82.99,355.162,376.835,3,4,ring_ar
1778165909.2886672,3,59,0.755786,84.1,341.015,371.614,3,4,ring_ar
1778165909.6864452,3,60,0.583705,82.48,352.238,379.014,3,4,ring_ar
1778165910.0770757,3,61,1.13151,85.13,349.802,367.121,3,4,ring_ar
1778165910.4668176,3,62,0.997491,85.85,346.465,363.874,3,4,ring_ar
1778165910.8691554,3,63,0.918153,86.45,335.541,361.097,3,4,ring_ar
1778165911.2408576,3,64,0.764714,89.95,322.203,347.186,3,4,ring_ar
1778165911.6245534,3,65,0.888202,87.1,337.185,360.033,3,4,ring_ar
1778165912.013844,3,66,0.938446,84.39,341.362,370.688,3,4,ring_ar
1778165912.3952396,3,67,0.567798,85.79,338.716,364.257,3,4,ring_ar
1778165912.7912445,3,68,1.192346,86.02,343.871,362.983,3,4,ring_ar
1778165913.1745467,3,69,0.719548,90.56,326.115,344.769,3,4,ring_ar
1778165913.5543485,3,70,0.912565,89.8,327.913,347.427,3,4,ring_ar
1778165913.9494915,3,71,0.931836,86.91,343.692,359.617,3,4,ring_ar
1778165914.3447945,3,72,0.931277,84.28,345.316,370.866,3,4,ring_ar
1778165914.7307317,3,73,0.721631,86.67,333.825,361.954,3,4,ring_ar
1778165915.1217237,3,74,0.928644,83.83,355.71,372.735,3,4,ring_ar
1778165915.506064,3,75,1.210047,87.74,331.316,355.53,3,4,ring_ar
1778165915.8936837,3,76,0.998642,87.8,337.226,356.142,3,4,ring_ar
1778165916.290153,3,77,0.974729,83.98,348.848,372.171,3,4,ring_ar
1778165916.6725328,3,78,0.877484,92.12,324.235,338.53,3,4,ring_ar
1778165917.0532126,3,79,0.744592,85.79,334.203,364.1,3,4,ring_ar
1778165917.465684,3,80,0.681338,82.1,362.76,380.868,3,4,ring_ar
1778165917.9063408,3,81,0.713926,77.22,389.451,406.783,3,4,ring_ar
1778165918.297848,3,82,0.789571,83.71,350.576,373.349,3,4,ring_ar
1778165918.6942246,3,83,1.237314,85.5,346.932,366.852,3,4,ring_ar
1778165919.098751,3,84,1.201793,81.05,367.29,386.057,3,4,ring_ar
1778165919.5080633,3,85,0.742115,81.59,355.975,383.433,3,4,ring_ar
1778165919.9207416,3,86,0.67096,83.19,346.914,375.973,3,4,ring_ar
1778165920.311467,3,87,0.815991,85.19,349.239,368.321,3,4,ring_ar
1778165920.7000866,3,88,0.841749,84.28,345.86,371.59,3,4,ring_ar
1778165921.0880864,3,89,0.930313,87.55,333.629,356.426,3,4,ring_ar
1778165921.4810667,3,90,1.026235,85.75,345.726,364.424,3,4,ring_ar
1778165921.879453,3,91,0.962762,84.3,352.754,370.638,3,4,ring_ar
1778165922.2787755,3,92,1.059885,82.11,342.772,380.983,3,4,ring_ar
1778165922.6669962,3,93,0.833314,89.11,334.911,351.573,3,4,ring_ar
1778165923.0688064,3,94,0.982633,85.82,342.877,364.804,3,4,ring_ar
1778165923.4647424,3,95,0.865314,85.8,346.665,364.309,3,4,ring_ar
1778165923.8480327,3,96,0.891443,87.51,340.889,358.44,3,4,ring_ar
1778165924.2544625,3,97,0.865334,80.62,353.516,388.124,3,4,ring_ar
1778165924.6396472,3,98,1.121109,85.03,348.377,367.721,3,4,ring_ar
1778165925.0232813,3,99,0.890251,85.48,347.92,365.486,3,4,ring_ar
1778165925.4218767,3,100,1.043403,82.94,358.572,377.064,3,4,ring_ar
1778165925.823255,3,101,0.898668,84.36,337.379,371.624,3,4,ring_ar
1778165926.239194,3,102,1.10873,78.96,353.705,396.611,3,4,ring_ar
1778165926.6711335,3,103,0.658578,80.2,361.854,390.772,3,4,ring_ar
1778165927.0728645,3,104,0.973101,84.93,340.067,368.119,3,4,ring_ar
1778165927.4694746,3,105,0.650735,85.66,343.612,364.62,3,4,ring_ar
1778165927.9115217,3,106,0.87868,76.99,387.641,406.719,3,4,ring_ar
1778165928.298753,3,107,0.689201,86.95,338.49,359.424,3,4,ring_ar
1778165928.704096,3,108,0.844469,82.43,360.291,379.187,3,4,ring_ar
1778165929.0863595,3,109,0.820025,85.85,332.95,363.979,3,4,ring_ar
1778165929.4881456,3,110,0.956949,82.45,350.197,378.82,3,4,ring_ar
1778165929.9475677,3,111,0.796351,74.14,399.593,422.852,3,4,ring_ar
1778165930.356264,3,112,0.640916,83.26,352.637,375.424,3,4,ring_ar
1778165930.7427912,3,113,0.791301,88.23,316.136,353.713,3,4,ring_ar
1778165931.129104,3,114,0.915005,89.61,307.173,349.482,3,4,ring_ar
1778165931.508049,3,115,0.910451,89.83,330.392,347.387,3,4,ring_ar
1778165931.900224,3,116,0.717466,85.93,344.739,363.36,3,4,ring_ar
1778165932.289841,3,117,0.822007,84.21,352.778,371.812,3,4,ring_ar
1778165932.6880856,3,118,1.243574,85.05,346.464,367.274,3,4,ring_ar
1778165933.0854175,3,119,0.920247,84.76,348.899,370.164,3,4,ring_ar
1778165933.4791226,3,120,0.676256,85.29,341.078,366.358,3,4,ring_ar
1778165933.864412,3,121,0.911975,88.02,334.264,354.48,3,4,ring_ar
1778165934.2635143,3,122,0.653228,85.2,332.379,367.982,3,4,ring_ar
1778165934.6526163,3,123,0.937268,90.72,312.861,343.826,3,4,ring_ar
1778165935.0440657,3,124,0.907209,83.65,355.812,373.765,3,4,ring_ar
1778165935.422132,3,125,0.73801,90.34,324.048,345.088,3,4,ring_ar
1778165935.7912586,3,126,0.804713,93.18,320.75,334.642,3,4,ring_ar
1778165936.17094,3,127,0.783404,86.24,346.324,362.335,3,4,ring_ar
1778165936.5641162,3,128,1.183674,85.02,349.181,367.363,3,4,ring_ar
1778165936.9465134,3,129,0.883029,85.79,324.216,364.257,3,4,ring_ar
1778165937.3229494,3,130,0.694932,87.11,342.539,359.63,3,4,ring_ar
1778165937.7541742,3,131,0.753638,75.94,389.848,412.611,3,4,ring_ar
1778165938.1453533,3,132,1.057407,86.62,330.801,360.545,3,4,ring_ar
1778165938.5333033,3,133,0.982622,89.54,331.312,348.382,3,4,ring_ar
1778165938.9306712,3,134,0.808093,84.51,345.287,369.661,3,4,ring_ar
1778165939.3175254,3,135,0.808683,86.55,338.82,360.95,3,4,ring_ar
1778165939.7044528,3,136,0.937122,88.02,335.181,354.529,3,4,ring_ar
1778165940.1116867,3,137,0.9285,81.67,360.629,382.995,3,4,ring_ar
1778165940.511339,3,138,0.601769,83.96,353.762,372.136,3,4,ring_ar
1778165940.912212,3,139,0.803923,81.75,358.786,382.673,3,4,ring_ar
1778165941.3063722,3,140,0.973167,83.27,338.189,375.384,3,4,ring_ar
1778165941.6943393,3,141,0.909708,85.45,340.646,365.663,3,4,ring_ar
1778165942.0790381,3,142,0.624554,87.15,334.054,358.362,3,4,ring_ar
1778165942.4663095,3,143,0.91466,87.57,327.995,356.259,3,4,ring_ar
1778165942.8540945,3,144,0.990366,88.35,337.099,353.792,3,4,ring_ar
1778165943.240949,3,145,0.916751,84.67,352.216,369.077,3,4,ring_ar
1778165943.6295445,3,146,0.820679,85.69,340.596,364.325,3,4,ring_ar
1778165944.0091224,3,147,1.029794,90.6,327.438,344.233,3,4,ring_ar
1778165944.4066594,3,148,0.842391,84.49,349.237,370.082,3,4,ring_ar
1778165944.7932017,3,149,1.302629,90.58,322.977,345.632,3,4,ring_ar
1778165945.175361,3,150,0.757843,85.92,322.596,363.494,3,4,ring_ar
1778165945.5650923,3,151,1.016682,84.14,354.162,372.991,3,4,ring_ar
1778165945.9509876,3,152,0.762657,85.34,329.584,366.008,3,4,ring_ar
1778165946.3304837,3,153,0.754033,88.24,336.064,353.816,3,4,ring_ar
1778165946.7248726,3,154,0.78447,85.8,349.007,364.078,3,4,ring_ar
1778165947.10574,3,155,0.887341,87.13,336.349,358.394,3,4,ring_ar
1778165947.4967153,3,156,0.915322,84.13,345.222,372.822,3,4,ring_ar
1778165947.94514,3,157,1.091484,73.02,388.774,429.453,3,4,ring_ar
1778165948.3282557,3,158,0.863882,87.46,337.52,356.659,3,4,ring_ar
1778165948.7138848,3,159,1.110082,85.0,324.585,367.62,3,4,ring_ar
1778165949.110653,3,160,1.23335,84.19,341.605,372.15,3,4,ring_ar
1778165949.4980533,3,161,0.663045,88.96,333.467,350.794,3,4,ring_ar
1778165949.889862,3,162,1.347658,86.17,338.06,364.187,3,4,ring_ar
1778165950.2889252,3,163,1.313745,86.4,341.376,361.123,3,4,ring_ar
1778165950.6692002,3,164,0.94847,86.1,336.978,362.928,3,4,ring_ar
1778165951.0721786,3,165,0.93528,82.98,355.106,376.451,3,4,ring_ar
1778165951.4948428,3,166,0.989501,79.51,369.844,393.542,3,4,ring_ar
1778165951.8828964,3,167,0.617282,85.9,340.44,363.527,3,4,ring_ar
1778165952.2720718,3,168,0.680427,87.52,338.478,356.776,3,4,ring_ar
1778165952.6585116,3,169,0.907168,84.97,349.793,369.319,3,4,ring_ar
1778165953.045555,3,170,0.871769,85.61,336.4,365.051,3,4,ring_ar
1778165953.4279306,3,171,0.729114,87.53,338.189,357.504,3,4,ring_ar
1778165953.8106875,3,172,0.903599,89.02,329.802,351.521,3,4,ring_ar
1778165954.1964662,3,173,0.862363,90.37,330.674,345.182,3,4,ring_ar
1778165954.582001,3,174,0.764931,88.04,337.447,354.972,3,4,ring_ar
1778165954.9663785,3,175,1.01434,86.95,329.235,358.985,3,4,ring_ar
1778165955.3450618,3,176,0.723616,91.24,315.491,341.821,3,4,ring_ar
1778165955.7347512,3,177,0.762287,85.01,349.447,367.446,3,4,ring_ar
1778165956.124142,3,178,0.866224,85.64,336.66,364.67,3,4,ring_ar
1778165956.5132744,3,179,0.713413,87.21,339.413,358.18,3,4,ring_ar
1778165956.9076862,3,180,0.728597,84.8,345.812,368.573,3,4,ring_ar
1778165957.2885225,3,181,0.771659,88.28,328.406,353.539,3,4,ring_ar
1778165957.6931443,3,182,1.228545,82.79,358.594,377.889,3,4,ring_ar
1778165958.1109953,3,183,0.876315,82.68,358.502,378.23,3,4,ring_ar
1778165958.495003,3,184,0.705545,86.8,334.176,359.753,3,4,ring_ar
1778165958.883588,3,185,0.910279,87.61,336.903,356.213,3,4,ring_ar
1778165959.2862632,3,186,1.229047,82.48,363.577,380.31,3,4,ring_ar
1778165959.6678505,3,187,1.252543,85.98,345.994,363.323,3,4,ring_ar
1778165960.071886,3,188,0.860001,83.01,352.553,376.393,3,4,ring_ar
1778165960.4668672,3,189,0.795475,87.8,335.518,355.645,3,4,ring_ar
1778165960.8495467,3,190,0.619042,85.75,344.227,364.602,3,4,ring_ar
1778165961.2322304,3,191,0.914948,88.79,333.172,351.413,3,4,ring_ar
1778165961.6304681,3,192,0.969085,86.05,340.782,363.074,3,4,ring_ar
1778165962.0349405,3,193,0.827376,81.42,345.39,385.78,3,4,ring_ar
1778165962.4236293,3,194,0.85772,84.44,348.471,371.089,3,4,ring_ar
1778165962.8148499,3,195,0.940613,88.81,326.69,351.275,3,4,ring_ar
1778165963.196818,3,196,0.899124,89.27,332.932,349.495,3,4,ring_ar
1778165963.5896225,3,197,0.968502,87.36,337.183,357.281,3,4,ring_ar
1778165963.9718115,3,198,1.004407,88.86,332.876,351.398,3,4,ring_ar
1778165964.3566809,3,199,0.860763,87.35,332.621,357.557,3,4,ring_ar
1778165964.7534435,3,200,0.828381,85.5,334.739,366.65,3,4,ring_ar
1778165965.1434374,3,201,0.842697,90.71,327.828,343.892,3,4,ring_ar
1778165965.523788,3,202,0.891313,86.2,346.177,363.246,3,4,ring_ar
1778165965.9199967,3,203,1.146808,84.73,351.931,370.188,3,4,ring_ar
1778165966.3115635,3,204,0.644909,83.88,333.866,372.494,3,4,ring_ar
1778165966.702664,3,205,0.62927,85.03,342.961,368.651,3,4,ring_ar
1778165967.0988834,3,206,0.691307,82.86,359.622,377.187,3,4,ring_ar
1778165967.4888117,3,207,1.02314,87.32,342.635,357.709,3,4,ring_ar
1778165967.932322,3,208,0.706721,77.3,391.339,405.103,3,4,ring_ar
1778165968.3203993,3,209,1.315355,85.55,347.202,365.314,3,4,ring_ar
1778165968.7092917,3,210,0.781776,86.27,343.613,362.213,3,4,ring_ar
1778165969.0965242,3,211,0.614195,88.39,326.604,354.741,3,4,ring_ar
1778165969.493892,3,212,0.743399,86.14,339.282,362.704,3,4,ring_ar
1778165969.8912263,3,213,0.72228,83.16,359.371,377.377,3,4,ring_ar
1778165970.286781,3,214,1.111665,82.92,345.295,376.893,3,4,ring_ar
1778165970.670207,3,215,0.797675,86.25,342.223,362.058,3,4,ring_ar
1778165971.054537,3,216,0.752267,85.23,349.072,366.487,3,4,ring_ar
1778165971.4500537,3,217,0.532271,85.16,340.655,366.95,3,4,ring_ar
1778165971.834425,3,218,1.384918,86.98,335.89,359.002,3,4,ring_ar
1778165972.2254643,3,219,1.098153,85.33,344.863,366.19,3,4,ring_ar
1778165972.646523,3,220,0.578253,81.99,347.255,381.291,3,4,ring_ar
1778165973.0423872,3,221,0.686918,84.28,337.311,371.11,3,4,ring_ar
1778165973.4291358,3,222,0.776786,87.05,321.603,359.562,3,4,ring_ar
1778165973.8242338,3,223,0.781119,87.47,342.358,356.86,3,4,ring_ar
1778165974.205877,3,224,0.711562,87.07,333.993,359.935,3,4,ring_ar
1778165974.5899968,3,225,0.799866,85.47,336.297,365.574,3,4,ring_ar
1778165974.987434,3,226,0.834435,86.19,345.267,362.256,3,4,ring_ar
1778165975.374468,3,227,0.473598,86.56,337.993,360.822,3,4,ring_ar
1778165975.7728584,3,228,0.805848,82.17,354.764,381.701,3,4,ring_ar
1778165976.1613984,3,229,0.868527,88.15,333.345,355.667,3,4,ring_ar
1778165976.5441573,3,230,0.895864,89.44,331.665,350.342,3,4,ring_ar
1778165976.9289775,3,231,0.829552,85.04,342.093,367.379,3,4,ring_ar
1778165977.3140953,3,232,1.082839,88.52,329.096,352.634,3,4,ring_ar
1778165977.7201865,3,233,1.162372,82.58,357.909,378.811,3,4,ring_ar
1778165978.1209621,3,234,1.019186,87.85,333.674,355.008,3,4,ring_ar
1778165978.5069673,3,235,0.867971,86.44,342.557,361.243,3,4,ring_ar
1778165978.8947704,3,236,0.599926,86.56,342.622,360.787,3,4,ring_ar
1778165979.2914717,3,237,0.893286,82.61,347.624,378.568,3,4,ring_ar
1778165979.6717207,3,238,1.109171,88.15,334.012,354.457,3,4,ring_ar
1778165980.0781167,3,239,0.896337,82.15,359.349,381.661,3,4,ring_ar
1778165980.4800234,3,240,0.790237,81.58,360.462,383.378,3,4,ring_ar
1778165980.8661778,3,241,0.49503,88.51,334.908,352.371,3,4,ring_ar
1778165981.247052,3,242,0.802992,91.55,325.704,340.553,3,4,ring_ar
1778165981.6425881,3,243,0.98581,84.67,344.642,368.843,3,4,ring_ar
1778165982.0263593,3,244,0.903639,90.74,328.809,344.242,3,4,ring_ar
1778165982.4110708,3,245,0.683775,89.32,317.081,349.378,3,4,ring_ar
1778165982.8088462,3,246,0.834878,84.15,349.769,371.199,3,4,ring_ar
1778165983.2131476,3,247,0.725426,83.25,347.651,376.546,3,4,ring_ar
1778165983.6055055,3,248,1.033614,84.03,337.644,372.289,3,4,ring_ar
1778165983.9947577,3,249,1.214334,86.83,334.069,359.517,3,4,ring_ar
1778165984.379491,3,250,1.114815,88.31,334.881,353.268,3,4,ring_ar
1778165984.770252,3,251,0.82469,87.52,336.737,356.978,3,4,ring_ar
1778165985.1556337,3,252,0.93782,85.13,327.36,367.187,3,4,ring_ar
1778165985.5534587,3,253,0.631244,84.78,346.456,368.645,3,4,ring_ar
1778165985.9498641,3,254,0.741145,82.63,357.339,378.446,3,4,ring_ar
1778165986.3313293,3,255,0.661791,90.54,328.45,344.701,3,4,ring_ar
1778165986.7188365,3,256,1.10311,88.4,334.078,353.017,3,4,ring_ar
1778165987.1145592,3,257,0.848854,87.46,342.803,357.32,3,4,ring_ar
1778165987.4974802,3,258,0.677881,89.86,325.779,347.278,3,4,ring_ar
1778165987.930136,3,259,1.076845,78.13,381.927,400.435,3,4,ring_ar
1778165988.3223488,3,260,1.040046,88.48,330.988,352.84,3,4,ring_ar
1778165988.7033696,3,261,0.44007,86.04,338.41,362.984,3,4,ring_ar
1778165989.0843604,3,262,0.908905,87.01,341.547,358.892,3,4,ring_ar
1778165989.4780157,3,263,0.408386,84.99,347.723,367.546,3,4,ring_ar
1778165989.8704054,3,264,0.474456,84.7,339.846,369.004,3,4,ring_ar
1778165990.2565112,3,265,1.080848,89.96,329.395,348.275,3,4,ring_ar
1778165990.6455598,3,266,1.091175,84.39,343.227,370.656,3,4,ring_ar
1778165991.0288289,3,267,0.725834,86.92,333.779,359.195,3,4,ring_ar
1778165991.4171326,3,268,0.723574,86.83,343.095,361.037,3,4,ring_ar
1778165991.8077621,3,269,0.591949,84.14,344.942,371.671,3,4,ring_ar
1778165992.1939857,3,270,0.441618,86.61,343.159,360.982,3,4,ring_ar
1778165992.591239,3,271,0.976077,84.28,352.134,370.76,3,4,ring_ar
1778165992.9779882,3,272,0.936835,84.82,342.261,369.728,3,4,ring_ar
1778165993.3620682,3,273,0.756428,85.32,342.316,366.412,3,4,ring_ar
1778165993.7772012,3,274,0.754456,83.23,357.404,375.559,3,4,ring_ar
1778165994.1665623,3,275,1.124472,85.64,330.751,364.884,3,4,ring_ar
1778165994.5531363,3,276,0.971983,84.82,345.677,368.709,3,4,ring_ar
1778165994.950323,3,277,0.808297,84.7,347.431,368.942,3,4,ring_ar
1778165995.337485,3,278,0.622322,89.72,331.952,349.393,3,4,ring_ar
1778165995.7163324,3,279,0.87307,86.54,344.183,360.826,3,4,ring_ar
1778165996.1092536,3,280,0.871382,86.81,339.561,360.952,3,4,ring_ar
1778165996.492584,3,281,0.979608,85.53,348.619,365.501,3,4,ring_ar
1778165996.88363,3,282,0.972903,87.21,340.745,358.059,3,4,ring_ar
1778165997.286282,3,283,0.770607,81.44,354.799,383.993,3,4,ring_ar
1778165997.6716185,3,284,0.813605,88.15,325.966,354.207,3,4,ring_ar
1778165998.0709267,3,285,0.949834,82.5,349.579,379.247,3,4,ring_ar
1778165998.4654725,3,286,0.641954,84.96,334.025,368.282,3,4,ring_ar
1778165998.851093,3,287,0.972115,86.37,336.656,361.274,3,4,ring_ar
1778165999.2367923,3,288,0.745918,87.86,339.5,355.311,3,4,ring_ar
1778165999.622144,3,289,0.742104,89.67,326.526,348.053,3,4,ring_ar
1778166000.019838,3,290,0.812846,87.13,343.979,359.041,3,4,ring_ar
1778166000.4115648,3,291,1.105252,87.26,332.967,357.721,3,4,ring_ar
1778166000.7965062,3,292,0.875574,88.18,335.4,354.083,3,4,ring_ar
1778166001.1779778,3,293,0.464675,87.56,331.395,356.386,3,4,ring_ar
1778166001.5690527,3,294,1.083058,86.01,339.421,363.168,3,4,ring_ar
1778166001.950344,3,295,0.99604,89.47,325.049,348.748,3,4,ring_ar
1778166002.33067,3,296,0.736723,89.36,334.83,350.525,3,4,ring_ar
1778166002.738041,3,297,0.92777,82.15,362.772,380.514,3,4,ring_ar
1778166003.1217802,3,298,0.928743,89.59,328.501,349.975,3,4,ring_ar
1778166003.5091596,3,299,0.520713,84.73,339.564,368.401,3,4,ring_ar
1778166003.907774,3,300,0.903781,85.4,348.835,365.644,3,4,ring_ar
1778166004.314871,3,301,0.847385,80.72,360.981,389.132,3,4,ring_ar
1778166004.713047,3,302,0.469743,82.48,354.935,379.039,3,4,ring_ar
1778166005.1250534,3,303,0.595823,82.37,360.752,379.666,3,4,ring_ar
1778166005.5105288,3,304,0.730476,87.21,342.794,359.207,3,4,ring_ar
1778166005.8974097,3,305,0.546547,84.75,346.252,368.789,3,4,ring_ar
1778166006.291575,3,306,1.026053,84.46,344.664,370.075,3,4,ring_ar
1778166006.6811545,3,307,1.145494,86.85,334.87,359.34,3,4,ring_ar
1778166007.0720954,3,308,0.645513,88.76,336.195,352.024,3,4,ring_ar
1778166007.4746373,3,309,0.754384,83.53,335.752,374.15,3,4,ring_ar
1778166007.9096413,3,310,1.014658,76.54,386.771,408.824,3,4,ring_ar
1778166008.3092585,3,311,0.928384,85.62,343.876,364.66,3,4,ring_ar
1778166008.6946194,3,312,0.96272,87.38,332.802,357.051,3,4,ring_ar
1778166009.0780654,3,313,0.689465,87.76,334.576,355.434,3,4,ring_ar
1778166009.4678936,3,314,0.91128,86.85,339.559,359.48,3,4,ring_ar
1778166009.862577,3,315,0.690834,85.7,345.978,365.679,3,4,ring_ar
1778166010.2520463,3,316,0.865514,85.9,341.537,364.96,3,4,ring_ar
1778166010.649431,3,317,0.715941,87.0,341.189,359.056,3,4,ring_ar
1778166011.0349553,3,318,0.699953,87.11,337.521,358.547,3,4,ring_ar
1778166011.4143195,3,319,0.941267,89.24,330.818,350.863,3,4,ring_ar
1778166011.8107343,3,320,0.884611,82.67,352.137,378.203,3,4,ring_ar
1778166012.1913922,3,321,0.44899,87.92,337.437,355.002,3,4,ring_ar
1778166012.578184,3,322,0.666743,87.52,338.913,356.773,3,4,ring_ar
1778166012.9920824,3,323,0.704867,82.46,358.28,379.291,3,4,ring_ar
1778166013.386965,3,324,0.519117,86.04,341.34,363.084,3,4,ring_ar
1778166013.7753053,3,325,0.977765,86.05,344.26,363.159,3,4,ring_ar
1778166014.1666934,3,326,0.581049,85.28,348.926,366.545,3,4,ring_ar
1778166014.553753,3,327,0.782448,86.45,344.026,361.188,3,4,ring_ar
1778166014.9621136,3,328,0.948128,83.64,356.925,373.888,3,4,ring_ar
1778166015.3663645,3,329,0.704525,86.3,336.013,361.609,3,4,ring_ar
1778166015.7511024,3,330,0.732434,87.06,341.847,358.765,3,4,ring_ar
1778166016.136841,3,331,0.869837,87.6,337.171,356.469,3,4,ring_ar
1778166016.5313854,3,332,0.524113,83.3,351.563,375.309,3,4,ring_ar
1778166016.9194767,3,333,1.089458,87.91,335.339,355.081,3,4,ring_ar
1778166017.3188581,3,334,0.660592,84.34,345.46,370.233,3,4,ring_ar
1778166017.7131972,3,335,0.713159,83.26,334.026,377.091,3,4,ring_ar
1778166018.1186202,3,336,0.832721,86.33,337.782,361.533,3,4,ring_ar
1778166018.5288076,3,337,0.867357,81.35,357.154,384.451,3,4,ring_ar
1778166018.9243784,3,338,0.951696,85.79,346.995,363.867,3,4,ring_ar
1778166019.3122709,3,339,0.93777,87.74,337.738,355.707,3,4,ring_ar
1778166019.720772,3,340,0.68713,83.06,356.276,376.924,3,4,ring_ar
1778166020.1367896,3,341,1.370259,81.8,361.683,382.278,3,4,ring_ar
1778166020.5308325,3,342,0.550712,88.97,334.659,351.924,3,4,ring_ar
1778166020.9386492,3,343,0.628418,80.76,364.482,387.422,3,4,ring_ar
1778166021.326588,3,344,0.832425,84.65,340.01,369.18,3,4,ring_ar
1778166021.7152748,3,345,0.773131,87.97,339.231,356.209,3,4,ring_ar
1778166022.1124024,3,346,0.578176,82.89,345.453,377.253,3,4,ring_ar
1778166022.4964645,3,347,0.629404,87.68,330.531,356.387,3,4,ring_ar
1778166022.8941233,3,348,1.087858,83.63,353.94,374.786,3,4,ring_ar
1778166023.2857525,3,349,0.771764,84.07,319.934,372.04,3,4,ring_ar
1778166023.6702292,3,350,0.824196,88.21,317.984,354.258,3,4,ring_ar
1778166024.0694904,3,351,0.855687,82.15,358.102,381.114,3,4,ring_ar
1778166024.4588106,3,352,0.779512,85.26,347.925,366.372,3,4,ring_ar
1778166024.8473375,3,353,0.798158,87.22,335.807,357.954,3,4,ring_ar
1778166025.2535875,3,354,0.990231,80.67,358.444,388.827,3,4,ring_ar
1778166025.6617203,3,355,0.981559,83.78,350.095,372.841,3,4,ring_ar
1778166026.0530024,3,356,0.623097,87.56,334.868,356.399,3,4,ring_ar
1778166026.4605942,3,357,0.838648,81.43,366.248,384.687,3,4,ring_ar
1778166026.8524492,3,358,0.687753,85.52,344.814,365.268,3,4,ring_ar
1778166027.2431073,3,359,0.700011,85.81,341.489,363.906,3,4,ring_ar
1778166027.660028,3,360,0.936808,79.93,362.427,391.387,3,4,ring_ar
1778166028.0820029,3,361,0.768766,81.39,356.509,384.262,3,4,ring_ar
1778166028.4777973,3,362,0.711635,84.59,351.619,370.716,3,4,ring_ar
1778166028.8700619,3,363,0.696187,83.71,341.05,373.567,3,4,ring_ar
1778166029.257428,3,364,0.961018,85.59,335.827,366.108,3,4,ring_ar
1778166029.6533773,3,365,0.732169,85.59,331.963,365.085,3,4,ring_ar
1778166030.0564592,3,366,0.506286,83.6,353.816,375.132,3,4,ring_ar
1778166030.443349,3,367,0.635811,84.8,352.558,368.123,3,4,ring_ar
1778166030.8353684,3,368,1.016324,85.5,340.939,365.235,3,4,ring_ar
1778166031.2221396,3,369,0.808934,86.37,329.283,361.557,3,4,ring_ar
1778166031.6120718,3,370,0.725561,86.8,339.222,360.233,3,4,ring_ar
1778166032.003464,3,371,0.800027,85.11,317.349,366.908,3,4,ring_ar
1778166032.376529,3,372,0.627895,89.64,318.792,348.046,3,4,ring_ar
1778166032.7588913,3,373,0.779533,88.04,332.809,354.784,3,4,ring_ar
1778166033.1485672,3,374,0.952318,84.89,350.69,368.634,3,4,ring_ar
1778166033.5342703,3,375,1.014725,86.76,332.873,360.603,3,4,ring_ar
1778166033.9093084,3,376,0.641263,90.54,330.801,345.787,3,4,ring_ar
1778166034.3044357,3,377,0.574308,83.0,353.973,376.51,3,4,ring_ar
1778166034.6892574,3,378,0.885818,88.57,335.722,352.376,3,4,ring_ar
1778166035.0785193,3,379,1.137844,88.16,337.481,353.965,3,4,ring_ar
1778166035.4699755,3,380,0.747258,85.96,334.895,363.362,3,4,ring_ar
1778166035.849968,3,381,0.895263,86.23,340.083,363.166,3,4,ring_ar
1778166036.2575197,3,382,0.726253,84.42,351.068,371.235,3,4,ring_ar
1778166036.650136,3,383,0.930063,83.89,346.758,374.025,3,4,ring_ar
1778166037.0325775,3,384,0.764959,88.05,327.423,354.478,3,4,ring_ar
1778166037.4573755,3,385,0.602717,79.82,376.747,393.418,3,4,ring_ar
1778166037.923263,3,386,0.976577,73.24,403.156,428.168,3,4,ring_ar
1778166038.3341796,3,387,0.989588,80.78,357.847,386.819,3,4,ring_ar
1778166038.7612586,3,388,0.952133,78.28,376.218,399.99,3,4,ring_ar
1778166039.1821227,3,389,1.246831,77.92,383.82,403.444,3,4,ring_ar
1778166039.583681,3,390,1.030861,50.75,348.506,385.182,3,4,ring_ar
1778166042.9406593,4,0,0.69088,90.12,330.299,346.318,3,4,ring_ar
1778166043.3248649,4,1,0.92938,90.07,323.302,346.329,3,4,ring_ar
1778166043.7047408,4,2,1.068717,89.97,330.43,346.789,3,4,ring_ar
1778166044.0956068,4,3,0.817851,84.64,353.94,370.931,3,4,ring_ar
1778166044.4821417,4,4,0.890351,85.03,338.164,367.347,3,4,ring_ar
1778166044.869588,4,5,1.231966,86.96,340.352,360.327,3,4,ring_ar
1778166045.2816896,4,6,0.800871,81.72,356.624,384.144,3,4,ring_ar
1778166045.6796641,4,7,0.872051,82.77,347.435,379.134,3,4,ring_ar
1778166046.0788991,4,8,0.877006,82.19,352.318,380.546,3,4,ring_ar
1778166046.477296,4,9,0.57654,82.28,353.664,380.006,3,4,ring_ar
1778166046.8850665,4,10,0.549205,80.54,356.878,389.684,3,4,ring_ar
1778166047.2686274,4,11,0.670107,85.81,345.902,364.031,3,4,ring_ar
1778166047.66726,4,12,0.474719,82.18,360.071,380.444,3,4,ring_ar
1778166048.0835392,4,13,0.783462,82.91,356.03,377.073,3,4,ring_ar
1778166048.4745429,4,14,0.952082,83.81,355.223,372.831,3,4,ring_ar
1778166048.8718987,4,15,0.860298,87.17,340.592,359.399,3,4,ring_ar
1778166049.2644563,4,16,0.654915,83.57,347.668,374.029,3,4,ring_ar
1778166049.6620004,4,17,0.604961,84.13,352.092,371.686,3,4,ring_ar
1778166050.066262,4,18,1.029784,81.4,363.372,384.109,3,4,ring_ar
1778166050.4449701,4,19,0.600153,90.11,331.275,346.053,3,4,ring_ar
1778166050.8361998,4,20,0.578328,85.44,343.892,365.549,3,4,ring_ar
1778166051.2160866,4,21,0.727471,89.27,325.564,349.544,3,4,ring_ar
1778166051.604193,4,22,0.416746,88.24,334.987,354.956,3,4,ring_ar
1778166051.996493,4,23,0.875351,83.61,347.895,373.728,3,4,ring_ar
1778166052.3722212,4,24,1.171319,89.27,324.975,349.56,3,4,ring_ar
1778166052.7619414,4,25,0.565246,85.93,338.534,363.696,3,4,ring_ar
1778166053.1539493,4,26,0.90909,87.83,337.086,355.227,3,4,ring_ar
1778166053.5458145,4,27,0.656794,83.68,333.669,373.546,3,4,ring_ar
1778166053.9275756,4,28,0.920263,89.44,328.4,349.357,3,4,ring_ar
1778166054.3242748,4,29,0.705415,82.7,352.935,379.729,3,4,ring_ar
1778166054.7129066,4,30,0.978062,88.15,334.157,354.079,3,4,ring_ar
1778166055.0932891,4,31,0.533673,86.18,345.799,362.402,3,4,ring_ar
1778166055.490335,4,32,0.843048,84.04,343.065,373.5,3,4,ring_ar
1778166055.8709235,4,33,0.865616,86.31,321.648,362.094,3,4,ring_ar
1778166056.2576327,4,34,0.787402,86.49,344.994,362.432,3,4,ring_ar
1778166056.6577482,4,35,0.792393,81.82,354.993,382.263,3,4,ring_ar
1778166057.0422156,4,36,0.40489,85.34,336.654,366.106,3,4,ring_ar
1778166057.4555295,4,37,1.07254,81.25,360.336,385.44,3,4,ring_ar
1778166057.924713,4,38,0.784601,73.58,408.757,426.033,3,4,ring_ar
1778166058.3097599,4,39,0.477994,85.39,347.247,365.843,3,4,ring_ar
1778166058.7003279,4,40,0.786128,86.32,344.286,363.432,3,4,ring_ar
1778166059.0904346,4,41,0.926803,84.13,337.939,371.38,3,4,ring_ar
1778166059.4702084,4,42,0.805821,89.76,331.695,349.051,3,4,ring_ar
1778166059.863565,4,43,0.713235,85.59,342.149,365.957,3,4,ring_ar
1778166060.262298,4,44,0.915515,84.97,321.472,367.904,3,4,ring_ar
1778166060.6427445,4,45,0.614327,88.6,330.274,352.327,3,4,ring_ar
1778166061.0325935,4,46,0.903134,87.81,331.999,355.205,3,4,ring_ar
1778166061.4158762,4,47,0.782989,85.57,343.527,364.812,3,4,ring_ar
1778166061.805047,4,48,0.856003,84.12,340.808,371.069,3,4,ring_ar
1778166062.202333,4,49,0.956317,84.08,345.533,371.552,3,4,ring_ar
1778166062.585925,4,50,0.985855,88.8,332.728,351.452,3,4,ring_ar
1778166062.9835992,4,51,0.691191,86.49,335.155,361.232,3,4,ring_ar
1778166063.3621156,4,52,0.616171,90.09,324.46,346.31,3,4,ring_ar
1778166063.730483,4,53,0.904999,90.68,320.348,346.58,3,4,ring_ar
1778166064.1071503,4,54,0.534048,86.91,332.762,359.181,3,4,ring_ar
1778166064.4910007,4,55,0.720191,87.73,325.973,357.027,3,4,ring_ar
1778166064.8662748,4,56,0.806301,87.44,339.883,356.967,3,4,ring_ar
1778166065.2447944,4,57,0.629056,86.47,340.383,361.092,3,4,ring_ar
1778166065.640521,4,58,0.847072,82.72,357.222,378.328,3,4,ring_ar
1778166066.0249891,4,59,0.869428,85.57,328.96,365.048,3,4,ring_ar
1778166066.4018595,4,60,0.646125,89.87,328.882,347.04,3,4,ring_ar
1778166066.7996492,4,61,0.520263,85.54,344.011,365.137,3,4,ring_ar
1778166067.1756768,4,62,0.679656,86.86,335.517,359.472,3,4,ring_ar
1778166067.5618389,4,63,0.613432,88.56,335.365,354.057,3,4,ring_ar
1778166068.0212133,4,64,0.664715,71.2,422.612,440.627,3,4,ring_ar
1778166068.4160874,4,65,0.603508,86.67,343.762,361.448,3,4,ring_ar
1778166068.8122337,4,66,1.209915,84.26,355.201,372.111,3,4,ring_ar
1778166069.2034998,4,67,0.718575,84.1,338.202,372.345,3,4,ring_ar
1778166069.5838618,4,68,0.733773,89.13,332.899,350.182,3,4,ring_ar
1778166069.980282,4,69,0.70758,88.05,339.995,354.704,3,4,ring_ar
1778166070.370119,4,70,0.865815,87.56,334.153,356.462,3,4,ring_ar
1778166070.7441645,4,71,0.549833,89.95,328.279,346.719,3,4,ring_ar
1778166071.129806,4,72,0.802109,85.7,330.694,364.472,3,4,ring_ar
1778166071.515354,4,73,0.894389,87.22,340.731,358.062,3,4,ring_ar
1778166071.8918765,4,74,0.861127,89.04,323.244,350.644,3,4,ring_ar
1778166072.2735076,4,75,0.814945,88.63,331.681,352.743,3,4,ring_ar
1778166072.6494524,4,76,0.470527,91.09,326.31,342.536,3,4,ring_ar
1778166073.0312555,4,77,0.697465,87.26,340.85,358.504,3,4,ring_ar
1778166073.4179838,4,78,0.650355,84.74,346.239,368.789,3,4,ring_ar
1778166073.794635,4,79,0.611992,88.39,334.24,353.086,3,4,ring_ar
1778166074.1784823,4,80,0.924867,88.41,333.732,354.245,3,4,ring_ar
1778166074.5676818,4,81,0.775737,88.11,338.799,355.543,3,4,ring_ar
1778166074.9433355,4,82,0.94,87.57,336.059,357.615,3,4,ring_ar
1778166075.3239229,4,83,0.65058,86.07,333.184,362.875,3,4,ring_ar
1778166075.7143314,4,84,0.503353,88.58,338.835,353.493,3,4,ring_ar
1778166076.088868,4,85,0.606393,87.81,317.924,355.361,3,4,ring_ar
1778166076.4730558,4,86,0.917362,90.92,326.048,342.735,3,4,ring_ar
1778166076.86484,4,87,0.771296,85.04,341.489,367.752,3,4,ring_ar
1778166077.238278,4,88,0.756617,89.69,330.702,348.585,3,4,ring_ar
1778166077.6218064,4,89,0.694291,85.38,340.027,366.457,3,4,ring_ar
1778166078.0607693,4,90,0.847934,79.16,379.472,395.146,3,4,ring_ar
1778166078.444874,4,91,0.906709,87.84,334.101,355.197,3,4,ring_ar
1778166078.8541863,4,92,0.831821,82.98,351.445,377.383,3,4,ring_ar
1778166079.2470756,4,93,0.775505,89.16,331.867,350.205,3,4,ring_ar
1778166079.625893,4,94,0.49808,86.37,336.182,361.467,3,4,ring_ar
1778166080.0232089,4,95,0.912803,88.46,328.596,352.784,3,4,ring_ar
1778166080.4113152,4,96,0.998085,88.12,338.463,354.198,3,4,ring_ar
1778166080.7918015,4,97,0.769452,86.03,337.275,363.109,3,4,ring_ar
1778166081.1780765,4,98,0.530217,85.64,346.985,365.889,3,4,ring_ar
1778166081.5624785,4,99,0.685858,85.51,333.638,365.501,3,4,ring_ar
1778166081.939385,4,100,0.998348,89.15,322.795,350.019,3,4,ring_ar
1778166082.3260357,4,101,1.436377,90.42,319.314,345.088,3,4,ring_ar
1778166082.703524,4,102,0.585029,88.71,331.355,353.156,3,4,ring_ar
1778166083.0864384,4,103,0.375475,85.68,339.765,364.743,3,4,ring_ar
1778166083.4849555,4,104,0.522635,85.01,352.618,368.639,3,4,ring_ar
1778166083.8701851,4,105,0.740643,85.28,337.226,366.459,3,4,ring_ar
1778166084.2557738,4,106,0.765248,88.66,333.898,351.781,3,4,ring_ar
1778166084.645289,4,107,0.641729,86.78,338.762,360.51,3,4,ring_ar
1778166085.0240846,4,108,0.611161,89.99,324.297,346.84,3,4,ring_ar
1778166085.4055479,4,109,0.961461,85.86,325.983,363.917,3,4,ring_ar
1778166085.7981887,4,110,0.813134,84.72,350.69,370.066,3,4,ring_ar
1778166086.1833024,4,111,0.636549,85.23,346.845,368.126,3,4,ring_ar
1778166086.5595398,4,112,0.81841,93.62,316.365,332.949,3,4,ring_ar
1778166086.9488938,4,113,1.269491,84.1,345.595,372.867,3,4,ring_ar
1778166087.3258421,4,114,0.498083,87.0,330.22,360.342,3,4,ring_ar
1778166087.71456,4,115,0.652068,87.41,338.385,357.091,3,4,ring_ar
1778166088.134491,4,116,0.738972,78.85,373.538,398.217,3,4,ring_ar
1778166088.52345,4,117,0.829528,88.16,333.726,353.833,3,4,ring_ar
1778166088.9184983,4,118,0.880029,88.4,338.56,352.852,3,4,ring_ar
1778166089.3504808,4,119,0.519009,76.57,377.401,408.869,3,4,ring_ar
1778166089.7707534,4,120,0.88136,81.24,364.003,385.122,3,4,ring_ar
1778166090.1729553,4,121,1.081973,84.1,353.902,371.713,3,4,ring_ar
1778166090.5627794,4,122,0.385525,86.4,336.919,361.338,3,4,ring_ar
1778166090.9546683,4,123,0.849242,83.55,356.795,374.059,3,4,ring_ar
1778166091.3420463,4,124,0.695469,84.54,335.023,370.635,3,4,ring_ar
1778166091.723042,4,125,1.006023,88.27,315.162,355.531,3,4,ring_ar
1778166092.1054637,4,126,0.803303,85.65,342.719,364.776,3,4,ring_ar
1778166092.4930296,4,127,0.576889,84.49,349.884,370.191,3,4,ring_ar
1778166092.8759892,4,128,0.72777,89.22,325.969,351.103,3,4,ring_ar
1778166093.2623632,4,129,0.724184,84.84,341.671,368.509,3,4,ring_ar
1778166093.6567097,4,130,0.491931,84.16,354.122,371.345,3,4,ring_ar
1778166094.035367,4,131,0.708867,90.18,326.553,347.414,3,4,ring_ar
1778166094.4161024,4,132,0.565856,86.22,343.89,362.076,3,4,ring_ar
1778166094.8073719,4,133,0.654623,85.59,348.121,365.45,3,4,ring_ar
1778166095.1918247,4,134,0.866893,89.09,329.067,350.306,3,4,ring_ar
1778166095.5682673,4,135,0.827314,87.12,342.364,359.674,3,4,ring_ar
1778166095.9635284,4,136,0.583767,83.05,342.385,376.226,3,4,ring_ar
1778166096.3474708,4,137,0.476866,90.15,328.243,347.315,3,4,ring_ar
1778166096.7375298,4,138,0.891358,83.89,344.18,372.546,3,4,ring_ar
1778166097.1319556,4,139,0.673863,85.84,340.006,363.871,3,4,ring_ar
1778166097.5109873,4,140,0.61592,89.87,325.168,348.38,3,4,ring_ar
1778166097.9518886,4,141,0.600569,74.23,391.614,422.564,3,4,ring_ar
1778166098.342107,4,142,0.589479,87.21,338.158,358.077,3,4,ring_ar
1778166098.7249122,4,143,0.761906,87.47,320.585,357.117,3,4,ring_ar
1778166099.1208372,4,144,0.915948,86.56,329.1,361.201,3,4,ring_ar
1778166099.5096755,4,145,0.711633,86.33,336.072,361.732,3,4,ring_ar
1778166099.9193287,4,146,0.432923,83.38,358.545,374.87,3,4,ring_ar
1778166100.3443444,4,147,0.522079,78.19,373.945,400.465,3,4,ring_ar
1778166100.7263253,4,148,0.560605,90.04,323.713,346.388,3,4,ring_ar
1778166101.113958,4,149,0.852632,86.23,342.095,361.978,3,4,ring_ar
1778166101.511596,4,150,0.469525,84.09,347.394,371.626,3,4,ring_ar
1778166101.8919952,4,151,0.799785,91.37,323.362,343.052,3,4,ring_ar
1778166102.2726088,4,152,0.747745,86.08,339.554,362.821,3,4,ring_ar
1778166102.665876,4,153,0.459902,85.13,349.812,367.218,3,4,ring_ar
1778166103.0426672,4,154,0.593267,92.03,323.686,338.882,3,4,ring_ar
1778166103.423372,4,155,0.681333,89.79,319.319,347.742,3,4,ring_ar
1778166103.8148394,4,156,0.452607,85.98,344.902,363.47,3,4,ring_ar
1778166104.1979086,4,157,0.619147,88.23,338.109,355.258,3,4,ring_ar
1778166104.584919,4,158,0.726701,84.73,343.151,369.09,3,4,ring_ar
1778166104.9787657,4,159,0.673255,86.05,343.897,363.064,3,4,ring_ar
1778166105.3681142,4,160,0.730327,88.59,333.745,352.131,3,4,ring_ar
1778166105.7672813,4,161,0.975428,87.19,342.13,358.287,3,4,ring_ar
1778166106.1787589,4,162,0.594034,82.52,355.446,379.79,3,4,ring_ar
1778166106.5750256,4,163,0.721142,84.18,347.185,371.313,3,4,ring_ar
1778166106.9770446,4,164,0.806102,83.76,354.717,373.23,3,4,ring_ar
1778166107.3888357,4,165,0.638768,83.15,356.431,377.295,3,4,ring_ar
1778166107.802684,4,166,0.596475,79.13,372.548,395.477,3,4,ring_ar
1778166108.235924,4,167,0.747446,81.43,349.639,384.111,3,4,ring_ar
1778166108.6282656,4,168,1.045484,86.67,336.658,361.61,3,4,ring_ar
1778166109.0289266,4,169,0.584904,82.89,360.204,378.318,3,4,ring_ar
1778166109.4375877,4,170,0.916167,80.21,371.466,390.198,3,4,ring_ar
1778166109.8312929,4,171,0.684415,83.21,357.131,375.993,3,4,ring_ar
1778166110.2556875,4,172,0.554747,78.28,377.465,400.995,3,4,ring_ar
1778166110.6880183,4,173,0.911713,75.99,392.757,412.045,3,4,ring_ar
1778166111.101273,4,174,0.67447,83.7,351.787,373.707,3,4,ring_ar
1778166111.5333955,4,175,0.773723,77.21,385.285,405.516,3,4,ring_ar
1778166111.9355605,4,176,0.482749,83.66,348.918,374.796,3,4,ring_ar
1778166112.335421,4,177,0.490341,81.96,349.185,381.569,3,4,ring_ar
1778166112.7428663,4,178,0.717648,83.66,356.96,374.793,3,4,ring_ar
1778166113.1432254,4,179,0.578756,82.11,348.934,381.983,3,4,ring_ar
1778166113.539959,4,180,0.737256,82.65,350.471,378.23,3,4,ring_ar
1778166113.9471915,4,181,0.70806,84.33,351.747,370.57,3,4,ring_ar
1778166114.3456578,4,182,0.894474,83.6,357.18,375.373,3,4,ring_ar
1778166114.7475126,4,183,1.046907,81.88,360.728,382.773,3,4,ring_ar
1778166115.149097,4,184,0.680886,84.73,330.431,368.469,3,4,ring_ar
1778166115.5683012,4,185,1.365945,80.51,362.17,388.521,3,4,ring_ar
1778166115.9913726,4,186,0.684949,79.92,362.912,392.042,3,4,ring_ar
1778166116.4268007,4,187,0.962155,77.7,377.293,402.738,3,4,ring_ar
1778166116.8283608,4,188,0.669063,82.14,340.218,380.664,3,4,ring_ar
1778166117.239944,4,189,0.745198,82.7,357.625,379.391,3,4,ring_ar
1778166117.635595,4,190,0.814624,83.08,357.358,376.243,3,4,ring_ar
1778166118.0956225,4,191,0.674574,73.54,407.824,426.683,3,4,ring_ar
1778166118.525492,4,192,0.614135,78.72,370.068,397.486,3,4,ring_ar
1778166118.9627268,4,193,0.739544,77.73,360.023,403.816,3,4,ring_ar
1778166119.3786485,4,194,0.51137,82.51,358.704,379.482,3,4,ring_ar
1778166119.787898,4,195,0.711596,80.03,372.298,391.053,3,4,ring_ar
1778166120.2122657,4,196,0.720391,79.75,371.258,392.148,3,4,ring_ar
1778166120.619413,4,197,0.770702,84.1,352.181,372.553,3,4,ring_ar
1778166121.0220518,4,198,0.64517,83.52,347.947,374.54,3,4,ring_ar
1778166121.4399016,4,199,0.314846,81.48,360.708,384.136,3,4,ring_ar
1778166121.861119,4,200,0.878577,82.61,356.872,378.417,3,4,ring_ar
1778166122.2605102,4,201,0.940575,82.11,352.669,380.847,3,4,ring_ar
1778166122.6620073,4,202,0.909706,84.42,350.607,370.29,3,4,ring_ar
1778166123.0707843,4,203,0.525744,80.35,357.015,389.145,3,4,ring_ar
1778166123.468239,4,204,0.799627,83.9,350.313,372.537,3,4,ring_ar
1778166123.8821514,4,205,0.726976,79.17,368.92,396.575,3,4,ring_ar
1778166124.2843103,4,206,1.009911,84.31,347.648,372.356,3,4,ring_ar
1778166124.6765127,4,207,0.816009,83.73,346.924,373.594,3,4,ring_ar
1778166125.077181,4,208,0.608032,82.84,357.611,377.304,3,4,ring_ar
1778166125.4737523,4,209,0.727236,85.38,346.138,365.95,3,4,ring_ar
1778166125.8671799,4,210,0.887423,83.3,355.54,375.53,3,4,ring_ar
1778166126.2698455,4,211,0.515527,87.38,326.836,358.554,3,4,ring_ar
1778166126.6734097,4,212,0.35619,81.38,342.585,384.772,3,4,ring_ar
1778166127.1109276,4,213,0.852145,76.63,379.801,409.433,3,4,ring_ar
1778166127.522844,4,214,0.999643,82.15,357.743,382.286,3,4,ring_ar
1778166127.9860485,4,215,0.527306,70.59,414.58,444.362,3,4,ring_ar
1778166128.3923454,4,216,0.773615,80.85,366.955,386.917,3,4,ring_ar
1778166128.7933831,4,217,0.667425,83.31,338.977,374.892,3,4,ring_ar
1778166129.1965024,4,218,0.89432,84.38,350.989,370.072,3,4,ring_ar
1778166129.600112,4,219,0.651747,83.62,349.171,373.734,3,4,ring_ar
1778166130.0022328,4,220,0.676371,83.36,356.225,375.569,3,4,ring_ar
1778166130.4025238,4,221,1.084729,87.44,339.686,357.282,3,4,ring_ar
1778166130.8110144,4,222,0.486081,81.33,354.112,384.455,3,4,ring_ar
1778166131.2106028,4,223,0.890522,83.89,351.828,372.123,3,4,ring_ar
1778166131.6142159,4,224,0.596473,81.26,352.269,385.06,3,4,ring_ar
1778166132.0476627,4,225,0.681094,75.6,383.068,416.078,3,4,ring_ar
1778166132.4645157,4,226,0.777608,78.85,375.026,396.841,3,4,ring_ar
1778166132.8788319,4,227,0.749705,82.14,359.343,380.791,3,4,ring_ar
1778166133.283668,4,228,0.80314,84.58,348.009,370.752,3,4,ring_ar
1778166133.6823606,4,229,0.571161,83.97,348.343,373.906,3,4,ring_ar
1778166134.0834928,4,230,0.703615,81.76,363.977,383.607,3,4,ring_ar
1778166134.4798987,4,231,0.541286,82.91,356.208,378.318,3,4,ring_ar
1778166134.8716252,4,232,0.660091,89.24,335.157,350.83,3,4,ring_ar
1778166135.2735376,4,233,0.639841,81.69,365.75,384.521,3,4,ring_ar
1778166135.6731675,4,234,0.312709,82.21,360.5,380.447,3,4,ring_ar
1778166136.1148953,4,235,0.609804,77.47,372.28,404.245,3,4,ring_ar
1778166136.5410252,4,236,0.87794,78.52,377.975,398.731,3,4,ring_ar
1778166136.9346793,4,237,0.630729,83.48,355.731,374.43,3,4,ring_ar
1778166137.3413184,4,238,0.696433,83.35,357.378,375.555,3,4,ring_ar
1778166137.7542708,4,239,0.627088,82.3,353.48,380.145,3,4,ring_ar
1778166138.1959288,4,240,1.06441,78.74,365.925,397.604,3,4,ring_ar
1778166138.617767,4,241,0.976085,79.94,361.284,391.601,3,4,ring_ar
1778166139.0311635,4,242,0.640498,82.93,350.813,377.086,3,4,ring_ar
1778166139.4425752,4,243,0.635693,82.23,356.845,380.309,3,4,ring_ar
1778166139.855036,4,244,0.497491,83.87,346.079,374.242,3,4,ring_ar
1778166140.2828002,4,245,0.53693,79.06,372.451,395.787,3,4,ring_ar
1778166140.6988919,4,246,0.7461,81.35,356.038,386.736,3,4,ring_ar
1778166141.1152835,4,247,0.638511,78.89,375.805,397.498,3,4,ring_ar
1778166141.5243294,4,248,0.705687,82.69,358.432,377.929,3,4,ring_ar
1778166141.9523404,4,249,0.447928,77.88,376.841,402.874,3,4,ring_ar
1778166142.3908215,4,250,0.742845,78.18,381.853,400.672,3,4,ring_ar
1778166142.838514,4,251,0.708095,74.56,395.054,420.512,3,4,ring_ar
1778166143.2677546,4,252,0.849911,77.97,361.395,401.525,3,4,ring_ar
1778166143.6841435,4,253,0.541809,80.25,368.875,389.824,3,4,ring_ar
1778166144.0914714,4,254,0.99474,85.53,345.542,365.089,3,4,ring_ar
1778166144.5040085,4,255,0.462008,81.9,362.924,382.455,3,4,ring_ar
1778166144.898202,4,256,0.868648,83.35,340.125,375.664,3,4,ring_ar
1778166145.301686,4,257,0.774673,81.29,356.931,384.988,3,4,ring_ar
1778166145.7042098,4,258,0.667213,83.53,355.396,374.6,3,4,ring_ar
1778166146.1070032,4,259,0.665769,81.29,355.884,385.645,3,4,ring_ar
1778166146.5071669,4,260,0.732134,84.43,352.607,371.524,3,4,ring_ar
1778166146.91794,4,261,0.803227,79.74,352.096,393.662,3,4,ring_ar
1778166147.3099914,4,262,0.743029,87.75,337.512,355.876,3,4,ring_ar
1778166147.720386,4,263,0.794682,81.66,364.604,382.801,3,4,ring_ar
1778166148.1561713,4,264,0.738308,77.19,375.625,406.873,3,4,ring_ar
1778166148.5560725,4,265,0.899816,82.1,348.418,381.044,3,4,ring_ar
1778166148.9589756,4,266,0.787624,83.0,340.087,376.73,3,4,ring_ar
1778166149.3624854,4,267,0.612192,82.23,360.217,382.41,3,4,ring_ar
1778166149.7597651,4,268,0.438588,82.55,361.057,378.782,3,4,ring_ar
1778166150.1769545,4,269,0.557237,78.54,379.971,398.554,3,4,ring_ar
1778166150.5677648,4,270,0.748429,86.38,322.358,361.277,3,4,ring_ar
1778166150.9893184,4,271,0.715182,80.0,371.126,391.088,3,4,ring_ar
1778166151.4029434,4,272,0.730199,79.35,365.152,394.681,3,4,ring_ar
1778166151.8038304,4,273,0.704694,83.64,354.115,373.513,3,4,ring_ar
1778166152.2089877,4,274,0.637512,84.22,351.358,370.899,3,4,ring_ar
1778166152.606201,4,275,0.767151,84.02,348.269,371.915,3,4,ring_ar
1778166153.0051682,4,276,0.859267,85.13,345.569,368.214,3,4,ring_ar
1778166153.4365687,4,277,0.736729,76.06,387.14,411.775,3,4,ring_ar
1778166153.8452096,4,278,0.603542,81.64,361.492,383.042,3,4,ring_ar
1778166154.2435267,4,279,0.701337,86.76,343.609,360.097,3,4,ring_ar
1778166154.6418438,4,280,0.899991,82.37,345.073,379.632,3,4,ring_ar
1778166155.0349338,4,281,0.509826,83.42,343.655,374.806,3,4,ring_ar
1778166155.4413996,4,282,0.681173,85.08,350.08,367.016,3,4,ring_ar
1778166155.8419347,4,283,0.778408,84.09,345.94,373.01,3,4,ring_ar
1778166156.242705,4,284,0.606892,81.9,346.78,381.742,3,4,ring_ar
1778166156.6561549,4,285,1.013221,79.17,362.977,395.338,3,4,ring_ar
1778166157.0577314,4,286,0.697051,84.42,345.991,370.087,3,4,ring_ar
1778166157.4569395,4,287,0.884803,85.42,346.265,365.809,3,4,ring_ar
1778166157.900722,4,288,0.803638,73.71,384.35,425.404,3,4,ring_ar
1778166158.3057137,4,289,0.530771,86.19,336.663,362.112,3,4,ring_ar
1778166158.7000096,4,290,0.825172,84.79,349.968,369.635,3,4,ring_ar
1778166159.1175725,4,291,1.077472,82.68,348.461,379.352,3,4,ring_ar
1778166159.5067246,4,292,0.79499,85.78,338.169,364.063,3,4,ring_ar
1778166159.9009004,4,293,0.593338,83.16,358.089,375.834,3,4,ring_ar
1778166160.3009183,4,294,0.706752,82.11,344.324,382.02,3,4,ring_ar
1778166160.6913948,4,295,0.722478,83.97,349.681,372.642,3,4,ring_ar
1778166161.0904667,4,296,0.646869,86.99,344.473,360.594,3,4,ring_ar
1778166161.5000935,4,297,0.59104,83.84,351.986,374.491,3,4,ring_ar
1778166161.8952658,4,298,0.842802,82.98,338.194,376.62,3,4,ring_ar
1778166162.2946384,4,299,0.740757,85.96,347.566,364.618,3,4,ring_ar
1778166162.6929417,4,300,1.187936,82.28,356.359,380.053,3,4,ring_ar
1778166163.088189,4,301,0.710969,85.61,344.825,364.839,3,4,ring_ar
1778166163.4922302,4,302,0.627741,83.81,350.468,374.591,3,4,ring_ar
1778166163.8992121,4,303,0.688378,80.77,367.325,387.515,3,4,ring_ar
1778166164.309913,4,304,0.692399,84.96,352.524,369.178,3,4,ring_ar
1778166164.7138357,4,305,0.504822,82.59,354.627,378.921,3,4,ring_ar
1778166165.1097822,4,306,0.354865,85.27,340.934,366.53,3,4,ring_ar
1778166165.5051901,4,307,0.660101,85.37,343.895,366.012,3,4,ring_ar
1778166165.90593,4,308,0.778476,81.89,342.196,381.87,3,4,ring_ar
1778166166.3001268,4,309,0.575283,83.22,359.128,375.671,3,4,ring_ar
1778166166.7047694,4,310,0.791696,85.47,350.368,366.962,3,4,ring_ar
1778166167.101353,4,311,0.756106,82.87,353.11,378.546,3,4,ring_ar
1778166167.4942472,4,312,0.847204,83.47,347.084,375.875,3,4,ring_ar
1778166167.9472764,4,313,0.972955,72.13,415.592,434.995,3,4,ring_ar
1778166168.3288758,4,314,0.625643,90.26,328.101,345.657,3,4,ring_ar
1778166168.712709,4,315,0.568216,87.34,340.885,358.685,3,4,ring_ar
1778166169.1148593,4,316,0.491225,81.74,363.365,382.653,3,4,ring_ar
1778166169.512995,4,317,0.894635,84.51,339.059,369.729,3,4,ring_ar
1778166169.90473,4,318,0.462256,85.46,342.525,365.33,3,4,ring_ar
1778166170.3211958,4,319,0.603472,80.22,373.716,391.426,3,4,ring_ar
1778166170.7087448,4,320,0.842152,86.42,343.045,361.454,3,4,ring_ar
1778166171.111808,4,321,0.71479,84.79,350.667,368.755,3,4,ring_ar
1778166171.5175095,4,322,0.474452,83.51,354.937,374.582,3,4,ring_ar
1778166171.9065166,4,323,0.42799,86.91,341.198,359.419,3,4,ring_ar
1778166172.3060586,4,324,0.503991,86.1,341.108,362.593,3,4,ring_ar
1778166172.706932,4,325,0.584865,83.81,347.302,373.362,3,4,ring_ar
1778166173.098284,4,326,0.888156,83.83,344.908,372.81,3,4,ring_ar
1778166173.4962423,4,327,0.882868,83.81,356.793,374.083,3,4,ring_ar
1778166173.8935146,4,328,1.140223,82.69,360.247,379.368,3,4,ring_ar
1778166174.2843945,4,329,0.913323,83.92,350.249,372.11,3,4,ring_ar
1778166174.7172813,4,330,0.6587,77.9,379.219,402.14,3,4,ring_ar
1778166175.1299403,4,331,0.925213,79.53,355.458,393.321,3,4,ring_ar
1778166175.521064,4,332,0.653406,86.35,337.767,361.395,3,4,ring_ar
1778166175.9351485,4,333,0.868071,83.18,359.024,375.514,3,4,ring_ar
1778166176.3277655,4,334,0.763411,85.69,336.616,364.565,3,4,ring_ar
1778166176.716538,4,335,0.669364,87.18,324.581,359.778,3,4,ring_ar
1778166177.127156,4,336,0.641155,81.45,353.449,384.084,3,4,ring_ar
1778166177.520877,4,337,0.888371,84.53,343.939,369.666,3,4,ring_ar
1778166177.9508705,4,338,0.418437,79.21,372.875,395.064,3,4,ring_ar
1778166178.3753088,4,339,0.885915,79.85,368.927,392.506,3,4,ring_ar
1778166178.779038,4,340,0.800408,84.18,347.852,371.292,3,4,ring_ar
1778166179.1800237,4,341,0.685113,84.52,343.291,371.026,3,4,ring_ar
1778166179.5844388,4,342,0.555549,81.14,364.29,385.37,3,4,ring_ar
1778166179.9817977,4,343,0.621814,84.35,326.862,370.619,3,4,ring_ar
1778166180.401635,4,344,0.831524,78.38,360.684,400.506,3,4,ring_ar
1778166180.8257265,4,345,0.670955,81.09,355.385,385.684,3,4,ring_ar
1778166181.2451286,4,346,0.826492,78.19,380.655,400.444,3,4,ring_ar
1778166181.6864378,4,347,0.982313,77.67,381.544,403.12,3,4,ring_ar
1778166182.1056154,4,348,0.730875,80.16,360.6,391.88,3,4,ring_ar
1778166182.5309188,4,349,0.808233,80.04,363.327,390.998,3,4,ring_ar
1778166182.9817863,4,350,0.488642,75.26,390.607,417.66,3,4,ring_ar
1778166183.415049,4,351,0.570779,76.01,371.174,412.381,3,4,ring_ar
1778166183.8377619,4,352,0.635778,77.97,362.145,401.76,3,4,ring_ar
1778166184.2471633,4,353,0.473926,81.48,358.532,385.213,3,4,ring_ar
1778166184.656807,4,354,1.238885,79.96,372.817,391.804,3,4,ring_ar
1778166185.0801017,4,355,0.411013,80.49,369.044,388.644,3,4,ring_ar
1778166185.513897,4,356,0.733563,78.54,367.271,398.886,3,4,ring_ar
1778166185.934738,4,357,0.401342,82.38,357.064,380.243,3,4,ring_ar
1778166186.3321257,4,358,0.791964,86.58,337.416,361.841,3,4,ring_ar
1778166186.725108,4,359,0.42387,87.28,340.956,357.761,3,4,ring_ar
1778166187.12197,4,360,0.919617,84.23,346.303,371.148,3,4,ring_ar
1778166187.5263782,4,361,0.527456,84.2,345.444,371.174,3,4,ring_ar
1778166187.9526918,4,362,0.847496,80.2,375.723,392.002,3,4,ring_ar
1778166188.3550355,4,363,0.643064,81.74,360.034,382.858,3,4,ring_ar
1778166188.7451422,4,364,0.678606,88.13,335.1,355.487,3,4,ring_ar
1778166189.1406155,4,365,0.570413,83.64,352.382,373.641,3,4,ring_ar
1778166189.5488348,4,366,0.823074,81.9,362.089,383.461,3,4,ring_ar
1778166189.9434729,4,367,0.951752,83.23,357.349,375.612,3,4,ring_ar
1778166190.334288,4,368,0.718973,83.94,337.598,372.205,3,4,ring_ar
1778166190.741635,4,369,0.533616,83.43,355.096,374.684,3,4,ring_ar
1778166191.136163,4,370,0.526369,84.62,350.575,370.5,3,4,ring_ar
1778166191.5219507,4,371,0.952867,84.93,353.127,369.073,3,4,ring_ar
1778166191.9245238,4,372,0.750266,85.46,349.578,365.698,3,4,ring_ar
1778166192.3188677,4,373,0.92704,84.91,349.01,368.127,3,4,ring_ar
1778166192.7117236,4,374,0.50356,84.72,348.171,368.998,3,4,ring_ar
1778166193.1134548,4,375,0.504106,81.76,344.61,382.563,3,4,ring_ar
1778166193.5020304,4,376,0.829326,84.29,354.052,371.646,3,4,ring_ar
1778166193.8999193,4,377,0.53228,83.99,353.729,372.247,3,4,ring_ar
1778166194.3019617,4,378,0.575533,82.53,348.335,379.092,3,4,ring_ar
1778166194.6904042,4,379,0.852272,87.01,337.608,358.802,3,4,ring_ar
1778166195.0841885,4,380,0.782149,84.68,341.907,368.877,3,4,ring_ar
1778166195.4812024,4,381,0.553226,86.27,337.915,362.171,3,4,ring_ar
1778166195.8883786,4,382,0.688697,80.44,370.697,389.124,3,4,ring_ar
1778166196.3084955,4,383,0.841298,79.58,368.342,393.891,3,4,ring_ar
1778166196.7075489,4,384,0.832868,82.42,340.85,379.317,3,4,ring_ar
1778166197.0995605,4,385,0.687322,87.55,339.297,356.666,3,4,ring_ar
1778166197.505125,4,386,0.536134,82.68,359.433,379.38,3,4,ring_ar
1778166197.9285088,4,387,0.628505,78.79,372.149,397.322,3,4,ring_ar
1778166198.3344865,4,388,0.52955,85.98,338.652,363.209,3,4,ring_ar
1778166198.7381506,4,389,0.475659,85.09,349.24,366.857,3,4,ring_ar
1778166199.0968132,4,390,0.773323,59.04,310.916,329.773,3,4,ring_ar
1778166202.4218123,5,0,0.825781,94.61,303.437,329.143,3,4,ring_ar
1778166202.8093746,5,1,0.711037,86.6,340.483,362.275,3,4,ring_ar
1778166203.2020214,5,2,0.57593,83.56,345.005,375.576,3,4,ring_ar
1778166203.5924509,5,3,0.666237,88.3,334.884,353.497,3,4,ring_ar
1778166203.984174,5,4,0.539146,88.03,337.14,354.672,3,4,ring_ar
1778166204.3810196,5,5,0.585785,86.3,321.552,363.906,3,4,ring_ar
1778166204.7666602,5,6,0.492167,85.87,346.646,363.799,3,4,ring_ar
1778166205.1607087,5,7,0.851665,85.41,342.585,367.392,3,4,ring_ar
1778166205.5546381,5,8,0.493191,83.37,351.554,374.927,3,4,ring_ar
1778166205.940274,5,9,0.742905,84.96,350.304,367.612,3,4,ring_ar
1778166206.3378558,5,10,0.682689,85.2,343.949,366.675,3,4,ring_ar
1778166206.7499526,5,11,0.613131,84.51,349.389,369.721,3,4,ring_ar
1778166207.1503265,5,12,0.3938,81.81,351.02,382.508,3,4,ring_ar
1778166207.5514848,5,13,0.779732,84.81,346.534,368.431,3,4,ring_ar
1778166207.9831324,5,14,0.842242,76.23,391.901,411.217,3,4,ring_ar
1778166208.370494,5,15,0.643079,85.92,335.34,363.494,3,4,ring_ar
1778166208.7745907,5,16,0.855496,83.21,356.85,375.551,3,4,ring_ar
1778166209.1610875,5,17,0.878318,86.24,338.31,363.553,3,4,ring_ar
1778166209.5543203,5,18,0.560558,83.35,352.56,375.76,3,4,ring_ar
1778166209.9615095,5,19,0.983425,82.61,352.62,378.654,3,4,ring_ar
1778166210.3591616,5,20,0.366735,87.8,307.598,355.48,3,4,ring_ar
1778166210.753136,5,21,0.651004,84.42,342.387,370.4,3,4,ring_ar
1778166211.1540375,5,22,0.592669,86.98,338.115,359.153,3,4,ring_ar
1778166211.5434654,5,23,0.534621,86.61,342.284,360.358,3,4,ring_ar
1778166211.9437122,5,24,0.629575,83.37,350.396,376.102,3,4,ring_ar
1778166212.337449,5,25,0.677724,83.49,341.597,375.471,3,4,ring_ar
1778166212.7280333,5,26,0.606479,83.85,344.125,372.677,3,4,ring_ar
1778166213.126446,5,27,0.871577,82.19,352.744,380.328,3,4,ring_ar
1778166213.5123036,5,28,0.55454,86.43,335.346,361.078,3,4,ring_ar
1778166213.9023519,5,29,0.761179,84.01,347.576,372.263,3,4,ring_ar
1778166214.3041785,5,30,0.723683,84.63,346.15,369.333,3,4,ring_ar
1778166214.6962464,5,31,0.573017,83.75,354.305,373.237,3,4,ring_ar
1778166215.0812588,5,32,0.865723,86.23,334.668,362.053,3,4,ring_ar
1778166215.4758122,5,33,0.506347,85.85,349.056,363.907,3,4,ring_ar
1778166215.8667302,5,34,0.735595,86.81,337.28,360.003,3,4,ring_ar
1778166216.2563708,5,35,0.421628,88.33,338.642,354.575,3,4,ring_ar
1778166216.656542,5,36,0.724683,82.07,350.11,381.496,3,4,ring_ar
1778166217.0448115,5,37,0.791759,84.15,351.119,371.396,3,4,ring_ar
1778166217.4895866,5,38,0.772467,76.06,390.475,412.168,3,4,ring_ar
1778166217.9242344,5,39,0.797494,77.01,377.905,408.24,3,4,ring_ar
1778166218.331009,5,40,1.133974,86.56,339.724,361.23,3,4,ring_ar
1778166218.733249,5,41,0.589114,85.9,349.107,363.647,3,4,ring_ar
1778166219.1278481,5,42,0.490016,83.28,342.859,375.316,3,4,ring_ar
1778166219.5122054,5,43,1.039888,85.28,348.569,366.245,3,4,ring_ar
1778166219.917383,5,44,0.694918,83.25,348.477,375.714,3,4,ring_ar
1778166220.3059807,5,45,0.751686,88.31,333.697,353.427,3,4,ring_ar
1778166220.6980062,5,46,0.501685,83.75,346.375,373.131,3,4,ring_ar
1778166221.1002352,5,47,0.346494,81.41,365.407,384.181,3,4,ring_ar
1778166221.5139878,5,48,0.791598,83.05,354.347,376.466,3,4,ring_ar
1778166221.9163115,5,49,0.564881,83.42,353.413,375.206,3,4,ring_ar
1778166222.3154685,5,50,0.911356,83.64,342.992,373.631,3,4,ring_ar
1778166222.7047806,5,51,0.60138,86.94,336.885,359.165,3,4,ring_ar
1778166223.114815,5,52,0.646352,82.04,354.563,382.256,3,4,ring_ar
1778166223.5108511,5,53,0.811252,86.48,338.006,362.302,3,4,ring_ar
1778166223.8965044,5,54,0.618749,84.89,337.977,367.878,3,4,ring_ar
1778166224.2901366,5,55,0.858024,83.18,354.673,375.778,3,4,ring_ar
1778166224.679692,5,56,0.490994,89.18,325.769,349.861,3,4,ring_ar
1778166225.0948603,5,57,0.854075,80.35,361.836,389.591,3,4,ring_ar
1778166225.5324101,5,58,0.502622,76.97,375.144,406.934,3,4,ring_ar
1778166225.9460714,5,59,0.350845,79.36,365.835,396.581,3,4,ring_ar
1778166226.3555748,5,60,0.850612,80.1,359.51,390.625,3,4,ring_ar
1778166226.7563443,5,61,0.900482,85.21,341.836,366.979,3,4,ring_ar
1778166227.1442168,5,62,0.571899,86.87,342.722,360.616,3,4,ring_ar
1778166227.5292642,5,63,0.577224,85.09,350.276,367.357,3,4,ring_ar
1778166228.0063515,5,64,0.68485,71.25,416.716,439.667,3,4,ring_ar
1778166228.4219942,5,65,0.679461,83.06,351.882,376.192,3,4,ring_ar
1778166228.820517,5,66,0.929587,84.24,347.006,371.002,3,4,ring_ar
1778166229.2250752,5,67,0.481549,85.02,344.361,367.409,3,4,ring_ar
1778166229.623625,5,68,0.827034,84.41,347.129,370.358,3,4,ring_ar
1778166230.0259562,5,69,0.757427,81.35,367.066,384.563,3,4,ring_ar
1778166230.4298422,5,70,0.965056,84.85,348.992,368.416,3,4,ring_ar
1778166230.8326566,5,71,0.684576,81.29,360.317,384.828,3,4,ring_ar
1778166231.2215943,5,72,0.973251,87.61,337.94,356.323,3,4,ring_ar
1778166231.6063442,5,73,0.514374,88.5,332.971,353.092,3,4,ring_ar
1778166231.9854286,5,74,0.553979,87.71,335.542,357.222,3,4,ring_ar
1778166232.3764389,5,75,0.548808,83.9,348.991,372.444,3,4,ring_ar
1778166232.7686296,5,76,0.71623,87.17,334.814,357.812,3,4,ring_ar
1778166233.151791,5,77,0.661341,90.87,328.504,343.271,3,4,ring_ar
1778166233.5511475,5,78,1.033998,85.44,339.288,366.77,3,4,ring_ar
1778166233.9440246,5,79,0.352917,85.24,344.014,366.89,3,4,ring_ar
1778166234.3279803,5,80,0.542817,90.18,317.777,346.067,3,4,ring_ar
1778166234.7250416,5,81,0.369275,82.68,343.019,378.615,3,4,ring_ar
1778166235.1117375,5,82,0.600072,87.22,337.774,358.042,3,4,ring_ar
1778166235.5028791,5,83,0.435531,87.84,339.61,355.455,3,4,ring_ar
1778166235.8910956,5,84,0.687979,86.37,326.56,361.322,3,4,ring_ar
1778166236.2795398,5,85,0.479048,86.22,339.935,362.159,3,4,ring_ar
1778166236.6737554,5,86,0.703873,83.03,349.728,378.123,3,4,ring_ar
1778166237.0717177,5,87,0.68003,82.63,350.37,378.564,3,4,ring_ar
1778166237.4600394,5,88,0.378232,88.07,327.981,354.492,3,4,ring_ar
1778166237.8672512,5,89,0.521598,82.78,355.813,377.76,3,4,ring_ar
1778166238.2757518,5,90,0.795165,84.48,341.568,369.862,3,4,ring_ar
1778166238.6817014,5,91,0.495423,82.3,353.928,381.077,3,4,ring_ar
1778166239.096405,5,92,0.520927,85.22,351.9,367.756,3,4,ring_ar
1778166239.486188,5,93,0.77861,84.26,348.469,370.562,3,4,ring_ar
1778166239.8664155,5,94,0.714145,89.46,332.625,349.899,3,4,ring_ar
1778166240.2899895,5,95,0.769266,77.19,387.692,406.063,3,4,ring_ar
1778166240.6777585,5,96,0.565225,84.64,350.656,369.181,3,4,ring_ar
1778166241.0596533,5,97,0.867494,89.18,331.919,349.944,3,4,ring_ar
1778166241.4542084,5,98,0.614644,83.9,353.433,372.803,3,4,ring_ar
1778166241.841221,5,99,0.651219,85.9,342.069,363.538,3,4,ring_ar
1778166242.231218,5,100,0.83371,85.44,349.096,367.313,3,4,ring_ar
1778166242.623185,5,101,0.639563,84.12,339.82,371.579,3,4,ring_ar
1778166243.0077314,5,102,0.495768,85.1,336.371,367.153,3,4,ring_ar
1778166243.404824,5,103,0.665231,85.61,345.176,364.667,3,4,ring_ar
1778166243.7926328,5,104,0.60207,87.91,334.102,355.143,3,4,ring_ar
1778166244.1770627,5,105,0.813336,86.9,340.958,359.121,3,4,ring_ar
1778166244.5651648,5,106,0.527077,88.78,333.895,351.458,3,4,ring_ar
1778166244.9544785,5,107,0.733306,84.37,338.655,370.541,3,4,ring_ar
1778166245.337681,5,108,0.688391,86.7,343.165,359.955,3,4,ring_ar
1778166245.7391531,5,109,0.883959,83.24,344.696,375.601,3,4,ring_ar
1778166246.1254907,5,110,0.638508,87.71,335.254,356.138,3,4,ring_ar
1778166246.5073147,5,111,0.449311,87.27,336.326,357.599,3,4,ring_ar
1778166246.9206212,5,112,0.74433,82.3,362.078,380.389,3,4,ring_ar
1778166247.3043735,5,113,0.785769,85.48,343.037,365.432,3,4,ring_ar
1778166247.6922054,5,114,0.58543,87.61,337.975,356.772,3,4,ring_ar
1778166248.1456325,5,115,0.608631,71.98,410.682,435.513,3,4,ring_ar
1778166248.5267982,5,116,0.575997,86.03,337.901,362.994,3,4,ring_ar
1778166248.9081151,5,117,0.494621,87.62,331.871,356.442,3,4,ring_ar
1778166249.326333,5,118,0.655418,79.34,375.489,394.868,3,4,ring_ar
1778166249.7379093,5,119,0.572467,79.58,357.253,393.244,3,4,ring_ar
1778166250.1450493,5,120,0.388353,82.9,356.12,377.195,3,4,ring_ar
1778166250.5395277,5,121,0.54465,83.28,349.044,377.009,3,4,ring_ar
1778166250.9219522,5,122,0.355634,85.76,347.25,364.641,3,4,ring_ar
1778166251.3054736,5,123,0.881517,88.32,330.657,353.39,3,4,ring_ar
1778166251.696958,5,124,0.856937,85.59,335.236,364.428,3,4,ring_ar
1778166252.079148,5,125,0.64408,90.86,319.357,343.257,3,4,ring_ar
1778166252.4761221,5,126,0.398627,82.42,357.17,379.244,3,4,ring_ar
1778166252.8599842,5,127,0.54172,85.46,344.474,367.757,3,4,ring_ar
1778166253.2431211,5,128,0.782287,85.53,339.141,365.514,3,4,ring_ar
1778166253.6484628,5,129,0.768689,83.89,346.965,373.99,3,4,ring_ar
1778166254.0419097,5,130,0.712547,83.44,348.937,374.561,3,4,ring_ar
1778166254.4249518,5,131,0.460812,88.4,331.905,353.01,3,4,ring_ar
1778166254.8239148,5,132,0.496194,82.01,363.609,381.426,3,4,ring_ar
1778166255.2097516,5,133,0.633581,87.43,337.155,358.354,3,4,ring_ar
1778166255.5933795,5,134,0.335078,85.43,335.553,365.307,3,4,ring_ar
1778166255.9895859,5,135,1.121232,86.09,343.687,362.618,3,4,ring_ar
1778166256.382115,5,136,0.398565,87.15,340.594,358.47,3,4,ring_ar
1778166256.764826,5,137,0.323287,85.6,347.991,366.144,3,4,ring_ar
1778166257.1562655,5,138,0.337975,83.86,340.438,372.863,3,4,ring_ar
1778166257.5443466,5,139,1.027854,84.55,343.663,369.299,3,4,ring_ar
1778166257.9692943,5,140,0.784331,78.01,382.657,401.846,3,4,ring_ar
1778166258.3793445,5,141,0.95765,81.87,343.411,381.993,3,4,ring_ar
1778166258.7673965,5,142,0.499002,85.9,344.164,363.684,3,4,ring_ar
1778166259.1670296,5,143,0.427974,85.1,351.983,367.642,3,4,ring_ar
1778166259.552858,5,144,0.508918,88.44,330.721,352.768,3,4,ring_ar
1778166259.9725204,5,145,0.604241,82.5,364.272,379.696,3,4,ring_ar
1778166260.391693,5,146,0.533549,81.84,363.758,382.181,3,4,ring_ar
1778166260.7733295,5,147,0.775652,85.93,345.266,364.158,3,4,ring_ar
1778166261.1583943,5,148,0.536074,86.13,345.329,362.657,3,4,ring_ar
1778166261.5525131,5,149,0.491078,84.79,351.924,369.586,3,4,ring_ar
1778166261.945756,5,150,1.23548,88.1,338.18,354.298,3,4,ring_ar
1778166262.327157,5,151,0.674043,86.89,329.059,359.484,3,4,ring_ar
1778166262.715134,5,152,0.651119,87.86,340.93,355.474,3,4,ring_ar
1778166263.0934994,5,153,0.615438,86.6,345.4,361.947,3,4,ring_ar
1778166263.4684489,5,154,0.508805,87.36,342.846,359.46,3,4,ring_ar
1778166263.8671505,5,155,0.652295,82.03,354.166,381.148,3,4,ring_ar
1778166264.245448,5,156,0.565226,90.27,326.184,345.527,3,4,ring_ar
1778166264.6259713,5,157,0.620646,89.16,329.909,349.913,3,4,ring_ar
1778166265.0213385,5,158,0.584144,85.49,342.173,365.365,3,4,ring_ar
1778166265.4029217,5,159,0.491294,87.85,338.987,355.412,3,4,ring_ar
1778166265.7806942,5,160,0.652432,86.7,336.076,361.474,3,4,ring_ar
1778166266.17731,5,161,0.544292,84.48,352.43,369.858,3,4,ring_ar
1778166266.5585392,5,162,0.718113,91.06,326.372,342.463,3,4,ring_ar
1778166266.9430215,5,163,0.857904,85.27,348.639,366.663,3,4,ring_ar
1778166267.3299916,5,164,0.913036,87.21,330.862,358.048,3,4,ring_ar
1778166267.7144578,5,165,0.696164,87.07,337.408,358.394,3,4,ring_ar
1778166268.1503239,5,166,0.676564,76.3,393.292,410.408,3,4,ring_ar
1778166268.5321739,5,167,0.636622,85.92,347.501,364.789,3,4,ring_ar
1778166268.9120452,5,168,0.73595,86.27,343.162,362.458,3,4,ring_ar
1778166269.3040116,5,169,0.603296,83.65,356.644,373.757,3,4,ring_ar
1778166269.684336,5,170,0.47873,88.55,334.545,352.393,3,4,ring_ar
1778166270.0818415,5,171,0.78736,82.38,352.006,379.867,3,4,ring_ar
1778166270.4864082,5,172,1.102431,82.47,361.45,379.319,3,4,ring_ar
1778166270.8993428,5,173,0.902044,81.56,358.138,383.72,3,4,ring_ar
1778166271.284101,5,174,0.805365,89.66,321.473,347.916,3,4,ring_ar
1778166271.677091,5,175,0.482447,85.98,347.215,364.91,3,4,ring_ar
1778166272.0617476,5,176,0.619257,87.26,336.134,358.071,3,4,ring_ar
1778166272.4414234,5,177,0.600002,87.33,340.668,357.535,3,4,ring_ar
1778166272.8364773,5,178,0.677422,85.66,346.852,364.734,3,4,ring_ar
1778166273.2232177,5,179,0.609313,84.8,337.918,368.406,3,4,ring_ar
1778166273.605944,5,180,0.594044,88.16,331.899,353.984,3,4,ring_ar
1778166274.0025976,5,181,0.745446,82.5,356.004,379.09,3,4,ring_ar
1778166274.3849344,5,182,0.653899,90.45,326.814,344.818,3,4,ring_ar
1778166274.7720447,5,183,0.293155,87.65,336.039,355.937,3,4,ring_ar
1778166275.164811,5,184,0.771183,83.33,351.12,376.822,3,4,ring_ar
1778166275.549011,5,185,0.756884,85.42,340.735,365.794,3,4,ring_ar
1778166275.9371917,5,186,0.635875,86.43,342.446,362.423,3,4,ring_ar
1778166276.330271,5,187,0.531009,87.13,338.544,358.352,3,4,ring_ar
1778166276.7156053,5,188,0.957592,85.53,341.779,365.035,3,4,ring_ar
1778166277.1032407,5,189,0.598976,89.56,333.313,348.806,3,4,ring_ar
1778166277.4886198,5,190,0.454736,90.21,327.428,345.712,3,4,ring_ar
1778166277.8802447,5,191,0.649468,83.54,348.682,375.475,3,4,ring_ar
1778166278.2946835,5,192,0.735173,82.33,347.964,380.37,3,4,ring_ar
1778166278.68652,5,193,0.483151,86.8,341.803,359.675,3,4,ring_ar
1778166279.0814898,5,194,1.018805,84.28,342.656,371.191,3,4,ring_ar
1778166279.4792867,5,195,0.45587,85.69,346.497,364.241,3,4,ring_ar
1778166279.8703997,5,196,0.720426,85.01,340.425,367.26,3,4,ring_ar
1778166280.271667,5,197,0.55231,85.63,345.927,364.582,3,4,ring_ar
1778166280.6658995,5,198,0.618062,85.13,343.438,366.895,3,4,ring_ar
1778166281.05752,5,199,0.589425,88.91,335.678,351.125,3,4,ring_ar
1778166281.4622889,5,200,0.361849,84.18,350.857,371.078,3,4,ring_ar
1778166281.8620155,5,201,0.523198,82.22,360.473,380.358,3,4,ring_ar
1778166282.247032,5,202,0.747282,85.1,340.548,367.056,3,4,ring_ar
1778166282.6282556,5,203,0.615858,87.35,342.281,358.485,3,4,ring_ar
1778166283.024324,5,204,0.390198,82.99,343.243,377.793,3,4,ring_ar
1778166283.4192994,5,205,0.658157,84.78,344.961,368.752,3,4,ring_ar
1778166283.8006334,5,206,0.511151,88.2,333.681,355.34,3,4,ring_ar
1778166284.1876142,5,207,0.685177,85.12,333.636,366.999,3,4,ring_ar
1778166284.5750048,5,208,0.558775,84.66,340.712,368.748,3,4,ring_ar
1778166284.9604735,5,209,0.82052,88.55,332.295,352.552,3,4,ring_ar
1778166285.3437195,5,210,0.557129,88.43,330.217,355.119,3,4,ring_ar
1778166285.7249992,5,211,0.856033,85.95,321.63,363.895,3,4,ring_ar
1778166286.113438,5,212,0.487996,84.29,354.268,370.977,3,4,ring_ar
1778166286.5007634,5,213,0.327249,84.77,337.586,368.409,3,4,ring_ar
1778166286.8845732,5,214,0.670054,87.24,339.331,357.791,3,4,ring_ar
1778166287.272714,5,215,0.503543,84.38,354.855,371.429,3,4,ring_ar
1778166287.6599529,5,216,0.594687,84.87,339.077,367.882,3,4,ring_ar
1778166288.095614,5,217,0.623271,76.59,386.334,409.126,3,4,ring_ar
1778166288.4864373,5,218,0.69948,86.82,341.711,359.701,3,4,ring_ar
1778166288.8706512,5,219,0.778396,88.72,327.976,351.701,3,4,ring_ar
1778166289.2574499,5,220,0.423512,87.05,336.918,358.427,3,4,ring_ar
1778166289.656288,5,221,0.624155,86.37,345.61,361.47,3,4,ring_ar
1778166290.0383785,5,222,0.430775,87.79,332.052,355.503,3,4,ring_ar
1778166290.4311824,5,223,0.633581,84.2,339.082,371.117,3,4,ring_ar
1778166290.8239276,5,224,0.787859,86.47,338.547,360.931,3,4,ring_ar
1778166291.2118814,5,225,0.425386,87.43,335.641,356.901,3,4,ring_ar
1778166291.5927339,5,226,0.655991,92.36,321.23,338.761,3,4,ring_ar
1778166292.0132833,5,227,0.55999,80.07,371.057,390.824,3,4,ring_ar
1778166292.4097993,5,228,0.609951,83.34,328.442,375.213,3,4,ring_ar
1778166292.8024862,5,229,0.402923,86.8,339.495,359.714,3,4,ring_ar
1778166293.1938586,5,230,0.53411,87.02,324.708,359.11,3,4,ring_ar
1778166293.5697448,5,231,0.588748,88.94,332.483,350.917,3,4,ring_ar
1778166293.9492033,5,232,0.47189,89.06,331.295,350.414,3,4,ring_ar
1778166294.3283606,5,233,0.90716,89.65,325.275,348.269,3,4,ring_ar
1778166294.7041566,5,234,0.580619,90.32,328.151,345.859,3,4,ring_ar
1778166295.093508,5,235,0.371854,87.04,342.516,360.454,3,4,ring_ar
1778166295.4703844,5,236,0.704952,87.09,330.409,358.35,3,4,ring_ar
1778166295.8523338,5,237,0.630207,89.27,331.992,349.341,3,4,ring_ar
1778166296.2449403,5,238,0.534961,84.4,346.176,370.311,3,4,ring_ar
1778166296.627373,5,239,0.603277,86.6,339.07,360.93,3,4,ring_ar
1778166297.0049562,5,240,0.640323,89.14,332.849,349.981,3,4,ring_ar
1778166297.4029071,5,241,0.639286,83.97,349.993,372.722,3,4,ring_ar
1778166297.7888987,5,242,0.834302,86.24,337.406,361.958,3,4,ring_ar
1778166298.2063165,5,243,0.575763,79.9,374.411,391.462,3,4,ring_ar
1778166298.6003292,5,244,0.892781,86.37,340.578,361.429,3,4,ring_ar
1778166298.9902318,5,245,0.493009,88.79,335.809,351.624,3,4,ring_ar
1778166299.3782656,5,246,0.6931,84.6,350.225,369.711,3,4,ring_ar
1778166299.7667022,5,247,0.45309,87.37,335.359,357.286,3,4,ring_ar
1778166300.1651013,5,248,0.6311,82.22,363.805,380.243,3,4,ring_ar
1778166300.5475788,5,249,0.45488,88.48,332.677,353.112,3,4,ring_ar
1778166300.9331868,5,250,0.624589,88.08,335.075,354.559,3,4,ring_ar
1778166301.3671808,5,251,0.865908,78.21,374.268,400.249,3,4,ring_ar
1778166301.7616856,5,252,0.548941,86.06,346.293,364.045,3,4,ring_ar
1778166302.1437192,5,253,0.466737,86.0,331.758,364.289,3,4,ring_ar
1778166302.5437891,5,254,0.483365,81.77,364.766,383.319,3,4,ring_ar
1778166302.9550765,5,255,0.576929,79.68,374.681,393.142,3,4,ring_ar
1778166303.3454583,5,256,0.872743,87.09,341.99,359.329,3,4,ring_ar
1778166303.7270486,5,257,0.640943,88.59,330.17,352.296,3,4,ring_ar
1778166304.1260898,5,258,0.693913,82.03,354.273,380.862,3,4,ring_ar
1778166304.51206,5,259,0.65613,88.45,337.053,353.368,3,4,ring_ar
1778166304.8903449,5,260,0.75372,86.64,331.109,360.493,3,4,ring_ar
1778166305.2877982,5,261,0.798864,86.46,346.837,361.224,3,4,ring_ar
1778166305.6646695,5,262,0.440087,86.94,342.364,359.081,3,4,ring_ar
1778166306.0446143,5,263,1.162108,86.22,346.311,363.864,3,4,ring_ar
1778166306.4392574,5,264,0.557551,82.96,353.481,377.023,3,4,ring_ar
1778166306.8229895,5,265,0.723638,87.64,337.613,357.407,3,4,ring_ar
1778166307.2047095,5,266,0.284686,85.69,337.582,364.723,3,4,ring_ar
1778166307.606681,5,267,0.621677,86.46,344.148,361.096,3,4,ring_ar
1778166308.0105424,5,268,0.750348,83.74,355.826,373.364,3,4,ring_ar
1778166308.3939087,5,269,0.686907,90.16,326.97,347.275,3,4,ring_ar
1778166308.7822385,5,270,0.635482,84.39,339.726,371.664,3,4,ring_ar
1778166309.1771312,5,271,0.517225,84.92,347.129,369.414,3,4,ring_ar
1778166309.5574794,5,272,0.550106,86.07,345.318,364.248,3,4,ring_ar
1778166309.9411077,5,273,0.412132,88.7,332.749,352.121,3,4,ring_ar
1778166310.333517,5,274,0.538141,83.38,358.59,374.822,3,4,ring_ar
1778166310.723612,5,275,0.439833,88.84,316.152,351.807,3,4,ring_ar
1778166311.1062996,5,276,0.60304,89.01,331.605,350.484,3,4,ring_ar
1778166311.485257,5,277,0.533323,90.88,328.082,343.551,3,4,ring_ar
1778166311.8690913,5,278,0.440006,85.42,332.14,365.668,3,4,ring_ar
1778166312.2509806,5,279,0.778825,88.26,335.818,353.721,3,4,ring_ar
1778166312.6347172,5,280,0.709139,88.3,337.36,353.669,3,4,ring_ar
1778166313.102239,5,281,0.366282,72.43,412.085,433.867,3,4,ring_ar
1778166313.533631,5,282,0.750479,76.55,371.407,408.981,3,4,ring_ar
1778166313.9420013,5,283,0.602203,82.16,351.545,382.133,3,4,ring_ar
1778166314.3529556,5,284,0.362093,79.67,364.697,392.723,3,4,ring_ar
1778166314.733915,5,285,0.333075,88.03,334.968,356.186,3,4,ring_ar
1778166315.1185226,5,286,0.503456,85.31,339.139,365.764,3,4,ring_ar
1778166315.5113878,5,287,0.675043,85.33,339.509,366.084,3,4,ring_ar
1778166315.892481,5,288,0.640257,88.0,335.71,356.045,3,4,ring_ar
1778166316.2741334,5,289,0.785984,86.02,347.795,364.622,3,4,ring_ar
1778166316.6656647,5,290,0.714107,83.7,347.587,373.266,3,4,ring_ar
1778166317.0398014,5,291,0.521048,90.02,315.959,346.347,3,4,ring_ar
1778166317.423442,5,292,0.601222,85.31,336.819,365.981,3,4,ring_ar
1778166317.808274,5,293,0.686127,87.02,338.713,358.883,3,4,ring_ar
1778166318.2378511,5,294,0.859916,77.38,383.73,404.64,3,4,ring_ar
1778166318.6315503,5,295,0.559821,83.13,357.71,376.08,3,4,ring_ar
1778166319.0177822,5,296,0.455237,89.55,330.042,349.522,3,4,ring_ar
1778166319.4120603,5,297,0.620831,87.02,340.359,359.908,3,4,ring_ar
1778166319.8168175,5,298,0.891893,84.1,353.059,372.758,3,4,ring_ar
1778166320.2175238,5,299,0.603446,84.85,348.652,367.893,3,4,ring_ar
1778166320.6034145,5,300,0.733338,88.17,329.332,354.045,3,4,ring_ar
1778166321.0028942,5,301,0.747328,84.55,343.987,369.748,3,4,ring_ar
1778166321.3837132,5,302,0.528944,90.66,330.205,345.338,3,4,ring_ar
1778166321.771698,5,303,0.474971,84.47,328.317,369.896,3,4,ring_ar
1778166322.1718276,5,304,0.758535,83.45,350.371,374.519,3,4,ring_ar
1778166322.5527341,5,305,0.475893,85.98,334.32,363.248,3,4,ring_ar
1778166322.9374938,5,306,0.321582,86.74,339.829,359.853,3,4,ring_ar
1778166323.3354337,5,307,0.505972,84.45,340.281,371.184,3,4,ring_ar
1778166323.7364457,5,308,0.681217,85.12,348.739,367.333,3,4,ring_ar
1778166324.1424773,5,309,0.592753,80.98,357.032,386.325,3,4,ring_ar
1778166324.5334373,5,310,0.671913,83.96,336.958,372.154,3,4,ring_ar
1778166324.917666,5,311,0.82383,85.28,344.033,366.436,3,4,ring_ar
1778166325.3039596,5,312,0.597188,84.83,351.561,369.267,3,4,ring_ar
1778166325.6810236,5,313,0.641147,88.96,333.259,350.879,3,4,ring_ar
1778166326.057469,5,314,0.358958,90.62,323.489,344.175,3,4,ring_ar
1778166326.4511886,5,315,0.555614,85.37,348.462,365.977,3,4,ring_ar
1778166326.833332,5,316,0.856106,85.94,344.78,363.531,3,4,ring_ar
1778166327.2168343,5,317,0.36487,87.24,342.354,359.088,3,4,ring_ar
1778166327.6064603,5,318,0.504677,84.14,354.586,371.509,3,4,ring_ar
1778166328.0145373,5,319,0.745032,84.65,349.352,369.371,3,4,ring_ar
1778166328.4072406,5,320,0.450414,88.29,328.211,353.521,3,4,ring_ar
1778166328.8059223,5,321,0.801933,84.78,351.167,368.366,3,4,ring_ar
1778166329.1924813,5,322,1.126616,88.1,337.48,354.295,3,4,ring_ar
1778166329.582012,5,323,0.762323,87.52,337.128,357.017,3,4,ring_ar
1778166329.9749207,5,324,0.705048,86.36,341.17,362.974,3,4,ring_ar
1778166330.3707237,5,325,0.988777,82.9,353.061,377.112,3,4,ring_ar
1778166330.7585368,5,326,0.616839,85.51,339.598,365.485,3,4,ring_ar
1778166331.148058,5,327,0.800004,85.2,340.975,366.641,3,4,ring_ar
1778166331.5373816,5,328,0.748813,86.76,337.563,360.406,3,4,ring_ar
1778166331.9278393,5,329,0.564156,88.07,319.041,354.979,3,4,ring_ar
1778166332.3222249,5,330,0.612156,83.2,336.063,375.76,3,4,ring_ar
1778166332.704185,5,331,0.55285,87.0,323.696,359.057,3,4,ring_ar
1778166333.0921474,5,332,0.408733,86.08,345.005,363.462,3,4,ring_ar
1778166333.479506,5,333,0.805997,84.76,337.672,368.764,3,4,ring_ar
1778166333.8730316,5,334,0.673584,87.74,337.462,355.915,3,4,ring_ar
1778166334.270007,5,335,0.636073,83.84,355.493,373.003,3,4,ring_ar
1778166334.6750326,5,336,0.719389,81.19,360.969,385.408,3,4,ring_ar
1778166335.05913,5,337,0.461924,89.19,331.356,349.947,3,4,ring_ar
1778166335.4555151,5,338,0.413406,82.64,356.173,378.397,3,4,ring_ar
1778166335.845157,5,339,0.467459,87.72,321.645,355.777,3,4,ring_ar
1778166336.227602,5,340,0.725867,87.12,330.789,358.423,3,4,ring_ar
1778166336.6257007,5,341,0.754253,82.19,355.926,381.729,3,4,ring_ar
1778166337.011298,5,342,0.432098,87.75,333.199,357.459,3,4,ring_ar
1778166337.4048526,5,343,0.778719,85.5,342.963,365.387,3,4,ring_ar
1778166337.8042214,5,344,0.519462,82.98,354.444,376.888,3,4,ring_ar
1778166338.2251527,5,345,0.643899,79.17,379.422,394.983,3,4,ring_ar
1778166338.6068623,5,346,0.804437,85.82,334.467,364.136,3,4,ring_ar
1778166339.0152526,5,347,0.560015,84.07,351.097,371.584,3,4,ring_ar
1778166339.3996027,5,348,0.341411,85.22,341.863,367.787,3,4,ring_ar
1778166339.7857192,5,349,0.743087,84.81,340.828,368.381,3,4,ring_ar
1778166340.1933324,5,350,0.402615,82.76,351.659,377.599,3,4,ring_ar
1778166340.5791614,5,351,0.869867,87.89,333.048,354.889,3,4,ring_ar
1778166340.964019,5,352,0.826624,87.5,335.479,356.786,3,4,ring_ar
1778166341.3555334,5,353,0.696042,84.9,342.457,367.902,3,4,ring_ar
1778166341.7385662,5,354,0.496644,88.3,335.985,353.483,3,4,ring_ar
1778166342.133578,5,355,0.78571,82.86,355.9,377.231,3,4,ring_ar
1778166342.5231404,5,356,0.448699,85.96,332.501,364.475,3,4,ring_ar
1778166342.9130406,5,357,0.554911,84.18,338.656,371.349,3,4,ring_ar
1778166343.3059094,5,358,0.333957,83.41,358.827,375.863,3,4,ring_ar
1778166343.689568,5,359,0.409372,85.79,335.122,364.201,3,4,ring_ar
1778166344.077184,5,360,0.406791,86.34,340.035,362.909,3,4,ring_ar
1778166344.469513,5,361,0.656901,83.59,354.863,375.163,3,4,ring_ar
1778166344.8520339,5,362,0.727286,85.86,345.266,363.604,3,4,ring_ar
1778166345.262061,5,363,0.751175,84.35,353.299,370.676,3,4,ring_ar
1778166345.6752002,5,364,0.617043,82.37,345.15,380.137,3,4,ring_ar
1778166346.066178,5,365,0.467274,86.19,328.758,362.13,3,4,ring_ar
1778166346.4525716,5,366,0.455379,86.57,342.704,360.58,3,4,ring_ar
1778166346.8528028,5,367,0.765321,84.62,350.871,370.524,3,4,ring_ar
1778166347.2411952,5,368,0.839913,86.35,324.034,361.764,3,4,ring_ar
1778166347.6205013,5,369,0.657153,87.48,324.986,356.793,3,4,ring_ar
1778166348.0524797,5,370,0.566312,79.01,378.066,396.29,3,4,ring_ar
1778166348.4494915,5,371,0.50717,86.28,335.897,362.046,3,4,ring_ar
1778166348.8322575,5,372,0.942189,87.83,341.578,355.915,3,4,ring_ar
1778166349.2333083,5,373,0.627568,84.52,346.275,370.888,3,4,ring_ar
1778166349.6237314,5,374,0.671664,83.96,356.816,372.215,3,4,ring_ar
1778166350.0198271,5,375,0.598028,82.75,359.726,377.847,3,4,ring_ar
1778166350.4183064,5,376,0.60101,82.53,313.199,378.423,3,4,ring_ar
1778166350.7993581,5,377,0.98598,87.72,336.488,355.949,3,4,ring_ar
1778166351.1941032,5,378,0.794966,85.25,347.046,366.647,3,4,ring_ar
1778166351.5744815,5,379,0.53919,87.99,335.889,354.798,3,4,ring_ar
1778166351.956055,5,380,0.506532,87.6,336.347,357.79,3,4,ring_ar
1778166352.3510337,5,381,0.863805,84.12,353.955,371.692,3,4,ring_ar
1778166352.739798,5,382,0.938368,88.72,331.189,351.812,3,4,ring_ar
1778166353.1254952,5,383,0.653577,88.22,333.137,353.247,3,4,ring_ar
1778166353.5268166,5,384,0.707477,83.32,350.489,376.75,3,4,ring_ar
1778166353.9107757,5,385,0.666454,87.86,329.995,356.469,3,4,ring_ar
1778166354.298029,5,386,0.69173,84.59,353.364,369.446,3,4,ring_ar
1778166354.7043214,5,387,0.989162,83.83,350.699,372.597,3,4,ring_ar
1778166355.0917158,5,388,0.613018,85.76,341.386,365.532,3,4,ring_ar
1778166355.4763944,5,389,0.945089,86.57,336.51,360.834,3,4,ring_ar
1778166355.8800924,5,390,0.463623,52.44,348.544,373.966,3,4,ring_ar
