timestamp,epoch,iteration,loss,throughput_samp_s,comm_latency_ms,iter_time_ms,rank,world_size,arch
1778166771.295529,1,0,2.416162,23.15,837.151,1376.948,3,4,ps
1778166771.82472,1,1,2.451331,63.83,441.72,496.824,3,4,ps
1778166772.2889853,1,2,2.292693,71.05,410.171,442.175,3,4,ps
1778166772.8330941,1,3,2.351458,61.67,481.378,510.197,3,4,ps
1778166773.2602782,1,4,2.352859,80.37,361.458,390.668,3,4,ps
1778166773.6613483,1,5,2.387024,84.12,348.714,372.447,3,4,ps
1778166774.0849757,1,6,2.493689,78.73,370.015,397.498,3,4,ps
1778166774.4842358,1,7,2.065089,86.47,338.456,361.216,3,4,ps
1778166774.929406,1,8,2.027789,73.61,373.779,425.959,3,4,ps
1778166775.3452845,1,9,2.19628,81.94,358.119,381.838,3,4,ps
1778166775.7442825,1,10,2.111554,84.38,350.805,370.393,3,4,ps
1778166776.208042,1,11,2.345526,72.43,409.674,432.903,3,4,ps
1778166776.6298518,1,12,2.251227,80.05,368.624,390.72,3,4,ps
1778166777.042782,1,13,2.256241,81.58,365.639,384.836,3,4,ps
1778166777.4829998,1,14,2.357782,75.33,397.649,417.289,3,4,ps
1778166777.935367,1,15,2.04833,74.03,395.355,423.29,3,4,ps
1778166778.3784707,1,16,2.235483,76.89,366.903,407.695,3,4,ps
1778166778.803664,1,17,1.926291,82.26,353.106,380.35,3,4,ps
1778166779.199507,1,18,2.041214,84.56,352.778,371.192,3,4,ps
1778166779.6017618,1,19,2.227071,84.59,335.775,371.108,3,4,ps
1778166780.001278,1,20,2.360493,82.36,353.927,379.551,3,4,ps
1778166780.3945293,1,21,2.108901,85.42,335.491,365.59,3,4,ps
1778166780.7994573,1,22,2.152407,82.73,352.333,377.86,3,4,ps
1778166781.2071981,1,23,1.961048,84.87,339.873,368.503,3,4,ps
1778166781.6030104,1,24,2.161083,82.84,356.055,378.086,3,4,ps
1778166782.0216005,1,25,2.195037,78.24,372.067,400.127,3,4,ps
1778166782.4146361,1,26,2.038802,84.98,349.31,367.664,3,4,ps
1778166782.900629,1,27,2.01996,68.0,442.431,461.971,3,4,ps
1778166783.3176398,1,28,2.249958,80.85,364.278,387.006,3,4,ps
1778166783.7267807,1,29,2.070634,80.18,361.72,390.184,3,4,ps
1778166784.145015,1,30,2.190555,81.37,365.599,384.755,3,4,ps
1778166784.5544062,1,31,2.003636,83.3,348.161,375.053,3,4,ps
1778166784.9837084,1,32,2.040074,78.2,376.094,400.369,3,4,ps
1778166785.4130867,1,33,1.700085,80.21,372.624,390.981,3,4,ps
1778166785.8155994,1,34,2.175432,81.62,362.873,382.831,3,4,ps
1778166786.2222984,1,35,1.861424,85.89,341.825,363.71,3,4,ps
1778166786.642046,1,36,1.921878,81.25,365.938,384.78,3,4,ps
1778166787.0510602,1,37,1.660124,81.94,356.803,382.92,3,4,ps
1778166787.4616935,1,38,2.047281,80.56,369.626,389.554,3,4,ps
1778166787.8851068,1,39,1.626389,77.48,373.494,404.101,3,4,ps
1778166788.3185132,1,40,2.060318,79.64,364.259,392.747,3,4,ps
1778166788.7542107,1,41,1.945026,77.36,384.401,404.78,3,4,ps
1778166789.1874883,1,42,1.767567,77.89,378.602,403.15,3,4,ps
1778166789.6056955,1,43,1.800269,81.26,357.355,385.587,3,4,ps
1778166790.0226266,1,44,1.606484,81.2,334.043,385.29,3,4,ps
1778166790.4259255,1,45,1.765275,83.93,352.93,372.345,3,4,ps
1778166790.8362007,1,46,2.059385,81.7,360.311,383.111,3,4,ps
1778166791.248756,1,47,2.028522,81.59,350.963,384.563,3,4,ps
1778166791.653516,1,48,1.75424,81.08,353.957,385.55,3,4,ps
1778166792.070169,1,49,1.875815,81.48,364.387,385.057,3,4,ps
1778166792.4844396,1,50,1.907117,79.37,334.023,394.446,3,4,ps
1778166792.932078,1,51,1.758362,74.85,396.482,418.716,3,4,ps
1778166793.3841481,1,52,1.981365,72.31,393.711,433.474,3,4,ps
1778166793.7993488,1,53,1.59267,81.04,365.795,386.166,3,4,ps
1778166794.2115026,1,54,1.97609,82.69,352.53,378.498,3,4,ps
1778166794.6297174,1,55,1.784854,78.71,375.254,397.758,3,4,ps
1778166795.060094,1,56,1.90597,79.94,375.987,393.236,3,4,ps
1778166795.472192,1,57,1.627106,79.66,371.422,393.081,3,4,ps
1778166795.8859038,1,58,1.736336,81.67,363.081,382.765,3,4,ps
1778166796.2879274,1,59,1.535058,83.14,357.331,375.925,3,4,ps
1778166796.7058027,1,60,1.533916,80.75,358.044,387.448,3,4,ps
1778166797.1108923,1,61,1.490952,83.67,350.646,373.425,3,4,ps
1778166797.5177813,1,62,1.829475,83.93,350.998,373.743,3,4,ps
1778166797.9407482,1,63,1.471533,77.53,382.274,403.943,3,4,ps
1778166798.3645892,1,64,1.470511,81.64,365.711,383.076,3,4,ps
1778166798.775684,1,65,1.878674,83.57,350.203,374.406,3,4,ps
1778166799.1914027,1,66,1.563302,79.34,370.365,394.531,3,4,ps
1778166799.6350381,1,67,1.914951,75.03,392.456,417.732,3,4,ps
1778166800.1111,1,68,1.704815,71.03,417.104,442.14,3,4,ps
1778166800.5191107,1,69,1.552288,83.65,353.192,373.572,3,4,ps
1778166800.9215577,1,70,1.544118,84.3,342.874,371.167,3,4,ps
1778166801.3454268,1,71,1.80957,78.25,381.565,400.321,3,4,ps
1778166801.7538462,1,72,1.612653,81.35,365.683,384.315,3,4,ps
1778166802.1581476,1,73,1.733071,83.84,352.418,373.03,3,4,ps
1778166802.5810056,1,74,1.519568,79.98,364.516,390.974,3,4,ps
1778166803.007383,1,75,1.599793,79.75,362.805,392.51,3,4,ps
1778166803.434456,1,76,1.891056,78.85,361.286,398.404,3,4,ps
1778166803.851189,1,77,1.658367,82.89,347.617,377.221,3,4,ps
1778166804.2582452,1,78,1.7704,81.32,360.01,386.363,3,4,ps
1778166804.6835346,1,79,1.970739,78.61,358.479,398.341,3,4,ps
1778166805.1006567,1,80,1.62745,79.97,339.489,391.98,3,4,ps
1778166805.5019062,1,81,1.778094,81.65,365.114,383.052,3,4,ps
1778166805.9234772,1,82,1.704563,79.44,362.802,394.086,3,4,ps
1778166806.3243845,1,83,1.797807,83.63,352.065,373.346,3,4,ps
1778166806.7374728,1,84,1.6159,80.69,364.357,387.909,3,4,ps
1778166807.1409676,1,85,1.934929,83.26,352.507,375.445,3,4,ps
1778166807.5566008,1,86,1.655208,81.61,363.008,384.469,3,4,ps
1778166807.9853904,1,87,1.681908,76.43,380.954,409.791,3,4,ps
1778166808.39231,1,88,1.559644,84.27,345.656,370.546,3,4,ps
1778166808.8177521,1,89,1.558104,79.75,371.36,392.467,3,4,ps
1778166809.2440584,1,90,1.545143,79.3,368.252,394.958,3,4,ps
1778166809.650736,1,91,1.40182,83.72,339.517,373.281,3,4,ps
1778166810.079007,1,92,1.859143,79.51,373.177,393.609,3,4,ps
1778166810.5171242,1,93,1.37584,79.9,350.166,391.81,3,4,ps
1778166810.9295793,1,94,1.780963,82.27,353.902,381.31,3,4,ps
1778166811.3502326,1,95,1.650143,77.96,376.612,403.258,3,4,ps
1778166811.76118,1,96,1.722908,79.93,365.043,391.839,3,4,ps
1778166812.1634939,1,97,1.416184,84.37,351.364,370.527,3,4,ps
1778166812.5829036,1,98,1.524975,78.11,377.926,402.556,3,4,ps
1778166813.0099094,1,99,1.537254,78.05,359.352,401.415,3,4,ps
1778166813.4238513,1,100,1.84266,81.76,363.892,382.518,3,4,ps
1778166813.8544753,1,101,1.629844,77.34,383.717,405.003,3,4,ps
1778166814.268155,1,102,1.687308,82.55,350.879,378.671,3,4,ps
1778166814.7084153,1,103,1.455135,76.97,378.097,407.535,3,4,ps
1778166815.133777,1,104,1.795357,80.25,354.705,389.823,3,4,ps
1778166815.5452561,1,105,1.633376,80.77,365.986,387.5,3,4,ps
1778166815.971306,1,106,1.919289,77.04,380.71,406.717,3,4,ps
1778166816.3539858,1,107,1.901977,88.54,321.943,352.469,3,4,ps
1778166816.7566047,1,108,1.716048,83.31,352.515,375.227,3,4,ps
1778166817.1742635,1,109,1.882766,78.25,366.16,399.979,3,4,ps
1778166817.5731351,1,110,1.481409,82.83,343.618,377.461,3,4,ps
1778166817.9773934,1,111,1.698147,81.06,369.197,387.065,3,4,ps
1778166818.3919084,1,112,1.573564,79.39,357.859,394.131,3,4,ps
1778166818.792047,1,113,2.050033,83.07,357.922,376.414,3,4,ps
1778166819.2405875,1,114,1.548623,75.17,394.237,416.969,3,4,ps
1778166819.6519957,1,115,1.701516,83.11,355.735,376.148,3,4,ps
1778166820.062218,1,116,1.76879,83.06,357.771,376.364,3,4,ps
1778166820.4805799,1,117,2.072144,81.33,366.045,385.862,3,4,ps
1778166820.9017153,1,118,1.487143,77.8,384.285,402.384,3,4,ps
1778166821.3359306,1,119,2.210933,78.27,380.235,401.633,3,4,ps
1778166821.743481,1,120,1.706364,81.01,349.063,387.378,3,4,ps
1778166822.145745,1,121,1.856986,84.46,344.669,369.995,3,4,ps
1778166822.5719512,1,122,1.590653,78.25,370.919,400.165,3,4,ps
1778166823.003056,1,123,1.731306,80.85,355.443,388.615,3,4,ps
1778166823.4115732,1,124,1.409932,83.18,351.096,375.768,3,4,ps
1778166823.82744,1,125,2.078623,82.36,356.346,381.27,3,4,ps
1778166824.237975,1,126,1.936798,79.79,369.63,392.823,3,4,ps
1778166824.6560845,1,127,1.738335,80.58,366.041,389.508,3,4,ps
1778166825.0888498,1,128,1.613288,79.62,369.408,392.639,3,4,ps
1778166825.5108433,1,129,1.932792,80.98,370.181,387.654,3,4,ps
1778166825.930404,1,130,1.311266,79.31,365.691,395.296,3,4,ps
1778166826.3332653,1,131,1.809088,86.52,326.318,361.044,3,4,ps
1778166826.7380865,1,132,1.681272,83.54,350.46,374.037,3,4,ps
1778166827.1521997,1,133,1.665728,79.1,370.143,396.892,3,4,ps
1778166827.5630558,1,134,1.51726,82.43,355.426,379.702,3,4,ps
1778166827.9655447,1,135,1.397795,85.42,344.534,365.804,3,4,ps
1778166828.3770273,1,136,1.513669,82.91,350.317,376.727,3,4,ps
1778166828.7764351,1,137,1.573057,85.04,348.578,367.309,3,4,ps
1778166829.184156,1,138,1.669032,83.1,357.084,376.164,3,4,ps
1778166829.616634,1,139,1.957035,77.36,383.913,404.71,3,4,ps
1778166830.0237055,1,140,1.502904,83.25,357.489,377.122,3,4,ps
1778166830.4450765,1,141,1.768378,77.74,384.676,402.867,3,4,ps
1778166830.8570313,1,142,2.034355,79.8,365.632,392.025,3,4,ps
1778166831.265126,1,143,1.685861,82.89,356.668,377.151,3,4,ps
1778166831.7230175,1,144,1.446635,72.74,404.153,431.778,3,4,ps
1778166832.170183,1,145,1.710715,75.6,387.243,414.558,3,4,ps
1778166832.5920093,1,146,1.793785,79.4,367.524,394.349,3,4,ps
1778166833.0246851,1,147,1.269307,77.08,379.587,406.035,3,4,ps
1778166833.4312034,1,148,1.384984,84.17,353.954,371.32,3,4,ps
1778166833.8446634,1,149,1.579448,82.11,359.547,380.815,3,4,ps
1778166834.2402916,1,150,1.303816,87.38,317.336,357.375,3,4,ps
1778166834.6623766,1,151,1.638123,78.57,374.027,398.356,3,4,ps
1778166835.0938942,1,152,1.578716,79.5,366.135,395.244,3,4,ps
1778166835.495219,1,153,1.599955,81.91,358.957,381.89,3,4,ps
1778166835.910716,1,154,1.673655,81.69,366.42,384.129,3,4,ps
1778166836.319051,1,155,1.57027,81.59,351.95,383.279,3,4,ps
1778166836.722116,1,156,1.388923,83.5,349.301,374.536,3,4,ps
1778166837.1364899,1,157,1.636314,81.32,357.474,384.635,3,4,ps
1778166837.5377815,1,158,1.376704,82.7,352.788,377.984,3,4,ps
1778166837.9436276,1,159,1.613482,81.47,364.695,383.778,3,4,ps
1778166838.3531914,1,160,1.529237,82.86,359.479,378.049,3,4,ps
1778166838.7616549,1,161,1.320394,81.89,359.837,382.064,3,4,ps
1778166839.1667428,1,162,1.64475,84.26,347.493,371.749,3,4,ps
1778166839.5810983,1,163,1.893094,81.19,354.731,386.847,3,4,ps
1778166840.008954,1,164,1.961486,78.03,372.19,401.23,3,4,ps
1778166840.4518352,1,165,1.670805,74.15,389.189,422.602,3,4,ps
1778166840.868061,1,166,1.68288,81.38,361.38,384.385,3,4,ps
1778166841.2741392,1,167,1.553958,80.7,368.417,387.559,3,4,ps
1778166841.7114525,1,168,1.772812,78.35,382.159,400.49,3,4,ps
1778166842.1211746,1,169,1.318077,81.99,355.165,381.386,3,4,ps
1778166842.5531957,1,170,1.469012,77.24,386.105,405.507,3,4,ps
1778166843.0396736,1,171,1.532725,71.45,378.96,439.208,3,4,ps
1778166843.4374359,1,172,1.205167,82.42,347.272,379.693,3,4,ps
1778166843.8490858,1,173,1.521672,83.97,356.135,373.436,3,4,ps
1778166844.262422,1,174,1.428291,79.68,353.221,393.381,3,4,ps
1778166844.6623752,1,175,1.622988,82.14,352.888,380.495,3,4,ps
1778166845.123304,1,176,1.651886,74.03,402.983,423.298,3,4,ps
1778166845.5333667,1,177,1.7827,82.85,353.74,377.434,3,4,ps
1778166845.9436123,1,178,1.323687,80.01,369.125,391.108,3,4,ps
1778166846.363052,1,179,1.536789,80.79,364.415,388.53,3,4,ps
1778166846.7772763,1,180,1.377293,79.19,366.64,394.965,3,4,ps
1778166847.199628,1,181,1.471652,78.83,374.938,396.857,3,4,ps
1778166847.6176696,1,182,1.426314,83.51,352.559,374.28,3,4,ps
1778166848.0180984,1,183,1.179529,85.04,324.242,367.542,3,4,ps
1778166848.4293563,1,184,1.890859,82.89,351.888,377.383,3,4,ps
1778166848.8410127,1,185,1.596069,80.94,364.897,386.514,3,4,ps
1778166849.2437465,1,186,1.51924,84.64,350.833,369.372,3,4,ps
1778166849.6592863,1,187,1.333243,82.19,355.714,380.636,3,4,ps
1778166850.0574894,1,188,1.346252,83.43,355.942,374.733,3,4,ps
1778166850.4616942,1,189,1.612878,84.2,352.39,372.421,3,4,ps
1778166850.881419,1,190,1.521018,78.37,378.842,400.097,3,4,ps
1778166851.2887273,1,191,1.273101,80.41,369.829,388.928,3,4,ps
1778166851.6880999,1,192,1.496639,82.05,357.741,381.677,3,4,ps
1778166852.09202,1,193,1.443036,81.42,356.759,384.219,3,4,ps
1778166852.498143,1,194,1.665292,83.22,352.958,375.504,3,4,ps
1778166852.9588668,1,195,1.500587,73.21,410.192,428.287,3,4,ps
1778166853.3872073,1,196,1.815311,79.41,365.802,394.225,3,4,ps
1778166853.7934732,1,197,1.720276,81.74,363.799,382.89,3,4,ps
1778166854.2109437,1,198,1.558438,79.84,372.487,391.902,3,4,ps
1778166854.610228,1,199,1.865252,85.01,346.93,368.192,3,4,ps
1778166855.0339265,1,200,1.567151,80.77,367.347,387.195,3,4,ps
1778166855.4463887,1,201,1.373845,80.66,360.865,387.683,3,4,ps
1778166855.868432,1,202,1.813396,80.25,365.816,390.133,3,4,ps
1778166856.2809818,1,203,1.516253,80.94,362.523,387.557,3,4,ps
1778166856.68746,1,204,1.775431,84.69,350.004,370.061,3,4,ps
1778166857.0920978,1,205,1.525632,80.93,364.335,386.565,3,4,ps
1778166857.539648,1,206,1.685211,75.11,394.578,417.185,3,4,ps
1778166857.941098,1,207,1.333795,83.45,350.03,374.679,3,4,ps
1778166858.3382764,1,208,1.828537,86.86,337.984,360.281,3,4,ps
1778166858.7511516,1,209,1.541493,79.43,371.952,393.826,3,4,ps
1778166859.152548,1,210,2.030087,86.28,342.904,362.008,3,4,ps
1778166859.5571156,1,211,1.439482,82.58,357.315,378.51,3,4,ps
1778166859.968107,1,212,1.43592,83.67,351.553,373.598,3,4,ps
1778166860.3686087,1,213,1.302231,86.26,345.282,361.96,3,4,ps
1778166860.7722337,1,214,1.204297,84.55,344.815,369.604,3,4,ps
1778166861.1999557,1,215,1.716967,80.95,334.6,386.326,3,4,ps
1778166861.609519,1,216,1.455566,82.51,354.875,378.863,3,4,ps
1778166862.0252829,1,217,1.547804,81.73,364.032,384.278,3,4,ps
1778166862.4247909,1,218,1.584216,82.24,352.349,380.405,3,4,ps
1778166862.866167,1,219,1.706105,74.67,400.493,419.717,3,4,ps
1778166863.2852669,1,220,1.536967,79.78,369.4,392.099,3,4,ps
1778166863.698247,1,221,1.549586,81.51,360.325,383.93,3,4,ps
1778166864.122599,1,222,1.355342,79.85,364.638,392.087,3,4,ps
1778166864.5389867,1,223,1.590671,81.36,365.131,384.533,3,4,ps
1778166864.9548829,1,224,1.210899,81.15,366.192,385.315,3,4,ps
1778166865.348159,1,225,1.654125,91.39,328.396,342.379,3,4,ps
1778166865.7588615,1,226,1.593347,81.39,345.858,384.434,3,4,ps
1778166866.1778238,1,227,1.164646,80.81,367.798,386.938,3,4,ps
1778166866.5942898,1,228,1.393531,82.39,359.744,379.513,3,4,ps
1778166867.0008821,1,229,1.323402,83.5,354.066,376.018,3,4,ps
1778166867.4049046,1,230,1.672886,81.23,358.561,385.258,3,4,ps
1778166867.8382425,1,231,1.669594,78.04,384.05,401.242,3,4,ps
1778166868.2437222,1,232,1.342429,82.92,351.948,378.974,3,4,ps
1778166868.6492116,1,233,1.435236,82.56,359.375,379.608,3,4,ps
1778166869.0604439,1,234,1.369089,81.96,356.378,381.665,3,4,ps
1778166869.483295,1,235,1.440149,79.68,375.4,392.668,3,4,ps
1778166869.887489,1,236,1.077564,85.6,349.496,365.049,3,4,ps
1778166870.3052533,1,237,1.523367,83.61,343.453,373.726,3,4,ps
1778166870.7026684,1,238,1.274379,83.97,349.589,372.176,3,4,ps
1778166871.1163626,1,239,1.582228,81.09,361.447,385.881,3,4,ps
1778166871.535167,1,240,1.58904,83.53,338.003,374.128,3,4,ps
1778166871.9425218,1,241,1.233075,83.19,353.259,375.756,3,4,ps
1778166872.351566,1,242,1.268676,85.58,338.923,366.676,3,4,ps
1778166872.8018851,1,243,1.603523,72.64,401.843,432.127,3,4,ps
1778166873.2055545,1,244,1.752479,85.27,340.918,366.301,3,4,ps
1778166873.6130526,1,245,1.632271,84.34,349.174,370.527,3,4,ps
1778166874.0045798,1,246,1.705877,87.25,339.632,357.857,3,4,ps
1778166874.425463,1,247,1.545613,80.04,355.548,392.649,3,4,ps
1778166874.859364,1,248,1.456689,76.62,374.17,409.059,3,4,ps
1778166875.2589872,1,249,1.758934,84.34,345.758,370.573,3,4,ps
1778166875.6757567,1,250,1.619919,82.09,356.116,380.928,3,4,ps
1778166876.0754175,1,251,1.72505,84.29,343.515,371.454,3,4,ps
1778166876.5006905,1,252,1.618307,76.97,374.987,407.026,3,4,ps
1778166876.9209344,1,253,1.680544,81.32,363.914,385.152,3,4,ps
1778166877.3293612,1,254,1.425702,85.84,343.463,364.045,3,4,ps
1778166877.7393403,1,255,2.043115,82.59,360.724,379.045,3,4,ps
1778166878.1880703,1,256,1.582187,76.16,380.638,411.223,3,4,ps
1778166878.591516,1,257,1.295942,83.44,349.079,374.623,3,4,ps
1778166879.0138526,1,258,1.214396,82.06,360.799,381.034,3,4,ps
1778166879.4297035,1,259,1.670204,81.26,357.728,384.668,3,4,ps
1778166879.8414874,1,260,1.530167,82.99,356.779,376.507,3,4,ps
1778166880.285197,1,261,1.558059,75.99,392.441,412.287,3,4,ps
1778166880.6943016,1,262,1.701443,83.68,350.748,374.859,3,4,ps
1778166881.101239,1,263,1.460174,81.37,363.858,384.356,3,4,ps
1778166881.518666,1,264,1.576126,81.9,359.129,382.128,3,4,ps
1778166881.940317,1,265,1.620928,77.98,380.246,401.374,3,4,ps
1778166882.3686378,1,266,1.252078,77.93,381.623,401.847,3,4,ps
1778166882.8338695,1,267,0.988256,71.76,414.171,436.973,3,4,ps
1778166883.240102,1,268,1.333915,83.29,346.482,375.362,3,4,ps
1778166883.6595457,1,269,1.384138,82.45,360.466,379.204,3,4,ps
1778166884.0645177,1,270,1.191583,84.1,347.83,371.731,3,4,ps
1778166884.4705725,1,271,1.342707,84.52,349.024,369.947,3,4,ps
1778166884.895279,1,272,1.235973,80.72,368.969,387.551,3,4,ps
1778166885.326893,1,273,1.415718,78.64,368.842,398.088,3,4,ps
1778166885.756247,1,274,1.050962,78.28,377.124,399.904,3,4,ps
1778166886.1638892,1,275,1.668439,83.39,354.516,374.697,3,4,ps
1778166886.5633767,1,276,1.51265,88.16,325.14,353.955,3,4,ps
1778166887.0247533,1,277,1.750693,73.3,406.242,427.844,3,4,ps
1778166887.4346359,1,278,1.431013,82.74,354.811,377.929,3,4,ps
1778166887.8576062,1,279,1.191489,82.13,365.377,381.991,3,4,ps
1778166888.2807918,1,280,1.326988,82.36,360.587,379.548,3,4,ps
1778166888.7033544,1,281,1.509355,80.11,369.316,390.735,3,4,ps
1778166889.137172,1,282,1.719537,79.07,378.126,395.975,3,4,ps
1778166889.5464082,1,283,1.450181,80.76,365.044,387.355,3,4,ps
1778166889.9453776,1,284,1.300459,85.68,345.581,364.493,3,4,ps
1778166890.3622816,1,285,1.278707,81.97,363.362,381.435,3,4,ps
1778166890.7724295,1,286,1.699891,83.22,353.503,375.7,3,4,ps
1778166891.1804101,1,287,1.659246,81.52,359.877,383.523,3,4,ps
1778166891.6033442,1,288,2.114364,80.92,365.423,386.576,3,4,ps
1778166892.026957,1,289,1.403611,80.19,371.363,390.327,3,4,ps
1778166892.4502563,1,290,1.219517,78.76,373.237,397.45,3,4,ps
1778166892.9187047,1,291,1.000091,72.27,408.326,433.961,3,4,ps
1778166893.3285892,1,292,1.550413,82.35,350.296,380.504,3,4,ps
1778166893.7430341,1,293,1.462141,80.19,362.402,390.938,3,4,ps
1778166894.1478288,1,294,1.291757,81.04,356.811,387.683,3,4,ps
1778166894.5678146,1,295,1.337373,79.24,367.061,395.308,3,4,ps
1778166894.994318,1,296,1.497923,80.38,355.36,389.24,3,4,ps
1778166895.4073424,1,297,1.388422,80.95,355.014,386.145,3,4,ps
1778166895.8435495,1,298,1.315037,76.24,378.128,410.934,3,4,ps
1778166896.279835,1,299,1.391632,75.22,395.566,416.586,3,4,ps
1778166896.692991,1,300,1.383368,82.96,360.28,378.419,3,4,ps
1778166897.130907,1,301,1.988305,78.64,369.172,397.594,3,4,ps
1778166897.5467157,1,302,1.412378,81.88,350.056,382.021,3,4,ps
1778166897.9683242,1,303,1.329441,77.67,384.494,403.202,3,4,ps
1778166898.3768835,1,304,1.599115,80.37,370.412,389.033,3,4,ps
1778166898.788021,1,305,1.367138,83.11,357.901,376.316,3,4,ps
1778166899.2016933,1,306,1.287489,82.1,361.768,380.893,3,4,ps
1778166899.6049314,1,307,1.701717,83.11,357.882,376.284,3,4,ps
1778166900.0083597,1,308,1.352099,82.36,351.912,380.403,3,4,ps
1778166900.4191058,1,309,1.44518,82.34,358.844,380.813,3,4,ps
1778166900.828044,1,310,1.275214,80.27,359.021,389.867,3,4,ps
1778166901.2398498,1,311,1.430089,82.74,357.529,377.58,3,4,ps
1778166901.6530743,1,312,1.370116,80.57,365.223,388.378,3,4,ps
1778166902.0540564,1,313,1.320523,83.71,354.33,373.379,3,4,ps
1778166902.4954798,1,314,1.612378,75.53,394.737,414.802,3,4,ps
1778166902.9709442,1,315,1.670486,70.84,425.916,443.535,3,4,ps
1778166903.3812892,1,316,1.343636,79.93,372.307,391.37,3,4,ps
1778166903.803773,1,317,1.464441,79.25,375.984,396.485,3,4,ps
1778166904.226779,1,318,1.536034,77.95,371.063,401.815,3,4,ps
1778166904.6757498,1,319,0.954043,74.43,399.866,422.336,3,4,ps
1778166905.121034,1,320,1.3004,75.3,390.741,417.212,3,4,ps
1778166905.538424,1,321,1.833259,78.78,364.792,397.256,3,4,ps
1778166905.947916,1,322,1.448609,83.39,357.683,375.251,3,4,ps
1778166906.3642073,1,323,1.010699,79.93,367.254,392.581,3,4,ps
1778166906.7982147,1,324,1.461007,75.61,391.77,414.408,3,4,ps
1778166907.2137523,1,325,1.639077,83.5,329.413,375.931,3,4,ps
1778166907.6373994,1,326,1.724536,77.44,385.45,404.663,3,4,ps
1778166908.0563965,1,327,1.125918,80.4,362.899,390.389,3,4,ps
1778166908.4924421,1,328,1.471888,75.4,392.888,415.439,3,4,ps
1778166908.9080577,1,329,1.129949,83.84,346.136,372.722,3,4,ps
1778166909.3322408,1,330,1.206289,79.62,372.005,393.203,3,4,ps
1778166909.7570562,1,331,1.410047,77.9,382.139,401.743,3,4,ps
1778166910.1892898,1,332,1.206525,77.12,386.292,406.138,3,4,ps
1778166910.5763454,1,333,1.118738,88.4,330.097,353.131,3,4,ps
1778166910.9716508,1,334,1.335728,86.27,341.828,361.813,3,4,ps
1778166911.374495,1,335,1.150453,85.85,346.798,364.113,3,4,ps
1778166911.7720647,1,336,1.297718,85.64,343.898,366.07,3,4,ps
1778166912.1723042,1,337,1.595739,86.49,340.625,361.217,3,4,ps
1778166912.5875163,1,338,1.300923,79.0,378.031,397.42,3,4,ps
1778166913.0721915,1,339,1.456442,67.31,434.225,466.544,3,4,ps
1778166913.4851184,1,340,1.372509,82.75,356.327,377.934,3,4,ps
1778166913.9025154,1,341,0.99684,80.77,365.024,387.301,3,4,ps
1778166914.3170507,1,342,1.957778,81.14,362.479,385.306,3,4,ps
1778166914.7495787,1,343,1.478407,80.16,368.982,390.505,3,4,ps
1778166915.1668737,1,344,1.695818,80.69,362.558,387.684,3,4,ps
1778166915.5732515,1,345,1.316858,83.56,350.122,373.96,3,4,ps
1778166915.986147,1,346,1.235915,81.66,365.281,382.91,3,4,ps
1778166916.397465,1,347,1.277633,82.67,360.181,378.262,3,4,ps
1778166916.7969472,1,348,1.108594,82.08,364.316,382.501,3,4,ps
1778166917.2284594,1,349,1.173885,77.65,383.898,404.894,3,4,ps
1778166917.6563983,1,350,1.389995,76.66,389.367,408.461,3,4,ps
1778166918.108879,1,351,1.096322,75.79,396.211,413.421,3,4,ps
1778166918.525141,1,352,1.050469,81.88,358.215,383.431,3,4,ps
1778166918.9387157,1,353,0.830841,82.43,354.292,379.45,3,4,ps
1778166919.379346,1,354,1.540934,76.75,381.914,409.099,3,4,ps
1778166919.8020515,1,355,1.575207,77.66,382.773,403.14,3,4,ps
1778166920.2088006,1,356,1.542821,82.84,355.554,377.349,3,4,ps
1778166920.6084082,1,357,1.324144,85.56,341.312,366.715,3,4,ps
1778166921.0141551,1,358,1.25335,82.97,357.101,377.407,3,4,ps
1778166921.432454,1,359,1.547876,79.58,362.872,393.3,3,4,ps
1778166921.8328943,1,360,1.292897,82.06,361.911,381.177,3,4,ps
1778166922.2441907,1,361,1.47398,81.25,357.804,384.785,3,4,ps
1778166922.6512718,1,362,1.217628,84.04,341.311,373.19,3,4,ps
1778166923.0863447,1,363,1.366008,76.1,381.807,411.749,3,4,ps
1778166923.507067,1,364,1.174,79.86,365.589,391.898,3,4,ps
1778166923.9297023,1,365,1.207871,78.54,369.624,398.709,3,4,ps
1778166924.3390265,1,366,1.141844,81.47,365.85,383.733,3,4,ps
1778166924.7442648,1,367,0.989642,83.78,352.666,374.642,3,4,ps
1778166925.1651962,1,368,0.983415,80.28,359.109,389.844,3,4,ps
1778166925.5705466,1,369,1.40184,81.63,364.502,383.319,3,4,ps
1778166925.9835212,1,370,1.230515,81.37,358.135,384.631,3,4,ps
1778166926.407464,1,371,1.545707,81.41,361.858,384.354,3,4,ps
1778166926.8180292,1,372,1.252383,82.56,354.638,380.453,3,4,ps
1778166927.2389703,1,373,1.426687,79.87,370.152,391.866,3,4,ps
1778166927.650126,1,374,1.067907,84.84,348.44,368.226,3,4,ps
1778166928.084724,1,375,1.32669,79.03,377.327,396.666,3,4,ps
1778166928.5346656,1,376,1.546988,76.17,373.559,411.235,3,4,ps
1778166928.9439683,1,377,1.636256,84.74,349.073,369.353,3,4,ps
1778166929.3623939,1,378,1.645486,79.24,366.276,394.846,3,4,ps
1778166929.7997844,1,379,1.195421,76.39,388.371,409.694,3,4,ps
1778166930.2099617,1,380,1.44962,82.55,355.939,379.485,3,4,ps
1778166930.6219652,1,381,1.063576,80.07,368.131,390.819,3,4,ps
1778166931.0270088,1,382,1.115175,84.05,350.349,371.851,3,4,ps
1778166931.4278364,1,383,1.266152,83.61,357.141,375.136,3,4,ps
1778166931.837361,1,384,1.246691,84.43,346.345,370.138,3,4,ps
1778166932.2348058,1,385,1.167042,86.85,343.483,359.525,3,4,ps
1778166932.6465683,1,386,1.307048,81.58,364.253,385.115,3,4,ps
1778166933.0891492,1,387,1.277698,77.91,378.713,403.412,3,4,ps
1778166933.4921439,1,388,1.242198,83.82,343.758,372.867,3,4,ps
1778166933.922592,1,389,1.237756,76.61,374.125,408.755,3,4,ps
1778166934.3760343,1,390,0.958004,45.69,291.623,429.036,3,4,ps
1778166937.832788,2,0,1.167449,80.88,364.563,386.428,3,4,ps
1778166938.2519617,2,1,1.307858,80.23,366.017,389.869,3,4,ps
1778166938.6980107,2,2,1.454849,73.99,400.671,423.733,3,4,ps
1778166939.1423013,2,3,1.431115,76.32,385.099,410.529,3,4,ps
1778166939.5618088,2,4,1.416315,82.18,365.239,380.751,3,4,ps
1778166939.9678845,2,5,1.402816,83.62,342.373,373.897,3,4,ps
1778166940.3737133,2,6,1.140903,82.32,351.877,380.027,3,4,ps
1778166940.7740793,2,7,1.190085,83.12,347.63,377.185,3,4,ps
1778166941.1804423,2,8,1.098321,83.45,352.016,375.862,3,4,ps
1778166941.5837717,2,9,1.239843,81.31,364.992,384.714,3,4,ps
1778166941.984473,2,10,0.842736,84.63,353.1,369.833,3,4,ps
1778166942.3855872,2,11,1.224784,81.79,354.028,382.34,3,4,ps
1778166942.8278663,2,12,1.186364,76.42,381.977,410.04,3,4,ps
1778166943.2309926,2,13,1.003389,83.8,348.686,372.87,3,4,ps
1778166943.6313424,2,14,1.304344,85.35,350.262,366.705,3,4,ps
1778166944.063112,2,15,1.236928,77.5,366.4,403.67,3,4,ps
1778166944.47264,2,16,1.654266,82.28,360.199,380.209,3,4,ps
1778166944.900388,2,17,1.641176,78.56,370.596,398.569,3,4,ps
1778166945.333305,2,18,1.533928,76.87,378.86,408.699,3,4,ps
1778166945.7413666,2,19,1.147586,80.54,353.542,388.399,3,4,ps
1778166946.1669166,2,20,1.57349,77.0,387.805,407.345,3,4,ps
1778166946.5723305,2,21,1.472495,83.54,353.779,373.959,3,4,ps
1778166946.9870942,2,22,1.327028,81.58,364.301,383.483,3,4,ps
1778166947.3889961,2,23,1.13623,86.37,342.253,363.121,3,4,ps
1778166947.8021884,2,24,1.089959,80.57,360.945,388.32,3,4,ps
1778166948.215306,2,25,1.153529,82.01,360.95,381.367,3,4,ps
1778166948.6143775,2,26,1.162434,83.91,340.412,372.649,3,4,ps
1778166949.016102,2,27,1.646735,84.43,349.585,369.99,3,4,ps
1778166949.470176,2,28,1.060338,74.59,381.403,420.131,3,4,ps
1778166949.9064686,2,29,1.265454,78.93,377.5,396.594,3,4,ps
1778166950.3082764,2,30,1.188127,82.64,360.036,379.649,3,4,ps
1778166950.7163098,2,31,1.470663,80.37,362.538,390.641,3,4,ps
1778166951.1166902,2,32,1.141031,83.42,356.865,374.778,3,4,ps
1778166951.5237043,2,33,1.313282,81.92,363.525,381.855,3,4,ps
1778166951.9259787,2,34,1.136636,85.81,347.203,363.919,3,4,ps
1778166952.3459408,2,35,1.331019,79.03,366.036,396.181,3,4,ps
1778166952.839905,2,36,1.131345,67.45,433.542,465.925,3,4,ps
1778166953.2729592,2,37,1.308463,77.61,370.097,403.343,3,4,ps
1778166953.665354,2,38,1.142403,84.18,353.574,372.887,3,4,ps
1778166954.0892797,2,39,1.111417,77.41,374.751,405.57,3,4,ps
1778166954.5225666,2,40,1.743894,75.66,396.951,414.054,3,4,ps
1778166954.9419098,2,41,1.174804,80.64,365.473,387.925,3,4,ps
1778166955.3532414,2,42,1.154455,81.61,361.563,383.074,3,4,ps
1778166955.7660139,2,43,0.702786,80.61,366.255,388.725,3,4,ps
1778166956.1726124,2,44,1.150274,80.58,358.786,389.724,3,4,ps
1778166956.6015027,2,45,1.014755,77.58,384.696,403.844,3,4,ps
1778166957.0344396,2,46,0.89584,78.74,379.22,397.757,3,4,ps
1778166957.565258,2,47,1.093354,65.3,458.395,481.422,3,4,ps
1778166958.0480704,2,48,1.17196,71.68,406.196,437.574,3,4,ps
1778166958.5036325,2,49,1.025955,75.04,392.07,417.422,3,4,ps
1778166958.9494915,2,50,1.236845,74.69,397.767,419.518,3,4,ps
1778166959.3597686,2,51,1.286325,82.76,354.885,379.007,3,4,ps
1778166959.7833977,2,52,1.271229,77.41,370.397,404.507,3,4,ps
1778166960.2311025,2,53,1.027383,74.55,385.84,420.402,3,4,ps
1778166960.6518476,2,54,1.029448,80.26,365.522,390.848,3,4,ps
1778166961.0554013,2,55,0.735608,82.84,347.603,377.101,3,4,ps
1778166961.452545,2,56,1.136354,87.08,334.763,358.647,3,4,ps
1778166961.8562036,2,57,1.377469,83.1,357.125,377.874,3,4,ps
1778166962.2503717,2,58,1.130824,83.3,358.152,376.901,3,4,ps
1778166962.6450784,2,59,1.167897,86.03,342.534,363.271,3,4,ps
1778166963.1000025,2,60,1.316264,73.62,400.399,425.58,3,4,ps
1778166963.5065901,2,61,1.048957,83.01,348.446,376.478,3,4,ps
1778166963.9113991,2,62,1.647296,82.81,350.182,377.789,3,4,ps
1778166964.3192582,2,63,1.458097,83.73,352.601,373.951,3,4,ps
1778166964.7370045,2,64,1.384465,78.44,368.146,399.211,3,4,ps
1778166965.1622431,2,65,0.934086,80.58,362.133,388.28,3,4,ps
1778166965.566646,2,66,1.449926,83.24,347.834,375.384,3,4,ps
1778166965.9718618,2,67,1.253239,83.6,351.164,373.883,3,4,ps
1778166966.390883,2,68,1.394344,79.65,368.68,394.167,3,4,ps
1778166966.7922814,2,69,1.289798,81.69,365.772,384.077,3,4,ps
1778166967.1940386,2,70,1.117648,81.43,353.844,385.641,3,4,ps
1778166967.6020997,2,71,1.052879,80.37,359.743,389.25,3,4,ps
1778166968.0046194,2,72,1.665612,81.39,365.161,384.644,3,4,ps
1778166968.401052,2,73,1.136793,84.97,348.369,367.942,3,4,ps
1778166968.796478,2,74,1.202014,86.47,341.577,361.099,3,4,ps
1778166969.1980069,2,75,1.285823,82.82,352.269,377.587,3,4,ps
1778166969.6028237,2,76,0.977381,87.18,342.066,358.797,3,4,ps
1778166970.0257046,2,77,1.352878,79.62,365.254,393.133,3,4,ps
1778166970.4478202,2,78,1.070785,79.98,369.751,391.54,3,4,ps
1778166970.8926268,2,79,1.27794,75.3,393.607,417.758,3,4,ps
1778166971.3202455,2,80,1.026654,76.77,373.459,407.808,3,4,ps
1778166971.7246625,2,81,1.042763,83.99,351.525,372.129,3,4,ps
1778166972.142902,2,82,1.259552,80.15,372.685,392.068,3,4,ps
1778166972.552587,2,83,0.928308,79.97,359.032,391.33,3,4,ps
1778166973.0251646,2,84,1.123537,70.56,420.742,444.667,3,4,ps
1778166973.4174607,2,85,1.098233,84.73,344.372,368.734,3,4,ps
1778166973.8106258,2,86,1.41884,88.09,338.569,354.221,3,4,ps
1778166974.2365785,2,87,0.819967,80.65,367.78,387.769,3,4,ps
1778166974.6489546,2,88,1.54895,80.42,370.323,389.991,3,4,ps
1778166975.0724964,2,89,0.975055,77.34,382.834,406.138,3,4,ps
1778166975.4835584,2,90,1.354612,84.27,345.099,370.909,3,4,ps
1778166975.894986,2,91,1.301733,81.89,361.388,381.686,3,4,ps
1778166976.3049476,2,92,1.052967,81.37,362.645,385.936,3,4,ps
1778166976.7153387,2,93,0.875854,79.95,352.782,391.464,3,4,ps
1778166977.1507835,2,94,1.327722,78.61,368.255,398.055,3,4,ps
1778166977.550757,2,95,1.339335,84.41,347.59,371.033,3,4,ps
1778166977.9500325,2,96,1.649943,83.69,346.317,373.496,3,4,ps
1778166978.3507488,2,97,1.071652,85.33,347.737,365.995,3,4,ps
1778166978.7622046,2,98,1.18382,82.05,357.269,381.209,3,4,ps
1778166979.1656675,2,99,1.553115,82.88,359.428,377.207,3,4,ps
1778166979.5552874,2,100,1.21723,88.48,332.139,354.441,3,4,ps
1778166979.9624307,2,101,1.322436,80.55,360.89,388.557,3,4,ps
1778166980.3903122,2,102,1.378986,77.2,385.349,405.777,3,4,ps
1778166980.7859027,2,103,1.058689,87.76,340.671,356.961,3,4,ps
1778166981.1924314,2,104,1.092648,84.09,339.934,371.709,3,4,ps
1778166981.6494663,2,105,0.941415,73.84,399.778,424.555,3,4,ps
1778166982.0793784,2,106,1.126156,80.1,363.68,390.635,3,4,ps
1778166982.4759886,2,107,0.820381,86.01,345.773,363.34,3,4,ps
1778166982.932868,2,108,0.975405,74.3,399.318,421.804,3,4,ps
1778166983.33902,2,109,1.2076,81.78,363.652,382.447,3,4,ps
1778166983.7559037,2,110,0.74111,81.59,348.679,384.143,3,4,ps
1778166984.150915,2,111,1.103178,83.15,345.198,377.189,3,4,ps
1778166984.5539765,2,112,1.01685,82.9,345.969,378.598,3,4,ps
1778166984.9694912,2,113,1.040896,78.76,379.022,397.419,3,4,ps
1778166985.3799639,2,114,0.925086,83.31,349.403,375.498,3,4,ps
1778166985.8266125,2,115,0.994841,73.67,387.926,425.513,3,4,ps
1778166986.282581,2,116,1.057417,73.58,367.673,427.234,3,4,ps
1778166986.7223418,2,117,1.575187,75.34,383.338,415.733,3,4,ps
1778166987.1564007,2,118,1.155145,78.31,373.27,400.581,3,4,ps
1778166987.5890326,2,119,1.215566,79.92,364.505,391.333,3,4,ps
1778166987.9903316,2,120,1.030873,85.39,331.864,365.692,3,4,ps
1778166988.3973844,2,121,1.253567,82.12,356.72,382.063,3,4,ps
1778166988.8281615,2,122,0.860233,79.91,372.618,391.377,3,4,ps
1778166989.2538028,2,123,1.498934,80.51,365.195,388.835,3,4,ps
1778166989.6479528,2,124,1.449761,85.96,342.3,363.335,3,4,ps
1778166990.0517266,2,125,1.662018,83.32,343.906,375.109,3,4,ps
1778166990.4539301,2,126,1.204972,81.43,365.199,384.186,3,4,ps
1778166990.8700154,2,127,1.013264,83.33,356.369,375.54,3,4,ps
1778166991.277531,2,128,1.148726,82.08,357.503,380.972,3,4,ps
1778166991.68723,2,129,1.127148,82.2,358.918,382.191,3,4,ps
1778166992.118019,2,130,1.175696,77.24,378.864,405.699,3,4,ps
1778166992.5480456,2,131,1.460496,79.25,368.369,395.027,3,4,ps
1778166993.0177257,2,132,1.105676,70.48,426.07,445.255,3,4,ps
1778166993.4247293,2,133,1.447961,83.16,343.733,376.046,3,4,ps
1778166993.8301048,2,134,1.0736,83.37,348.543,376.089,3,4,ps
1778166994.2276793,2,135,1.095686,85.48,346.789,365.405,3,4,ps
1778166994.6369984,2,136,1.115503,82.18,361.688,380.45,3,4,ps
1778166995.0534322,2,137,1.034089,82.36,362.495,379.671,3,4,ps
1778166995.453245,2,138,0.932834,84.75,348.995,369.122,3,4,ps
1778166995.8796065,2,139,1.299829,79.29,371.206,395.35,3,4,ps
1778166996.2964776,2,140,0.888767,79.64,350.735,392.879,3,4,ps
1778166996.7174964,2,141,1.074136,78.07,368.537,401.264,3,4,ps
1778166997.153635,2,142,0.971918,77.05,376.636,406.27,3,4,ps
1778166997.5839283,2,143,1.10167,78.87,355.244,396.932,3,4,ps
1778166998.0086586,2,144,1.106132,78.73,376.807,397.928,3,4,ps
1778166998.4243212,2,145,1.351055,80.32,370.596,389.55,3,4,ps
1778166998.8252916,2,146,1.690678,85.3,344.699,366.861,3,4,ps
1778166999.231474,2,147,1.213744,82.2,332.142,380.691,3,4,ps
1778166999.6357296,2,148,1.06607,86.57,334.205,360.596,3,4,ps
1778167000.037833,2,149,0.986084,83.36,351.71,375.206,3,4,ps
1778167000.426365,2,150,1.733129,86.95,326.658,358.988,3,4,ps
1778167000.829901,2,151,1.24302,86.04,347.048,363.126,3,4,ps
1778167001.253291,2,152,1.388416,78.93,378.051,396.448,3,4,ps
1778167001.6511219,2,153,1.085232,87.06,338.93,358.62,3,4,ps
1778167002.058877,2,154,0.968767,82.28,357.132,380.171,3,4,ps
1778167002.5071616,2,155,1.541153,73.85,405.429,424.457,3,4,ps
1778167003.0063882,2,156,1.155271,66.61,448.885,471.562,3,4,ps
1778167003.4266105,2,157,1.167978,79.89,368.924,391.948,3,4,ps
1778167003.8290792,2,158,1.088621,84.41,345.92,370.063,3,4,ps
1778167004.235992,2,159,1.262648,82.05,354.707,380.965,3,4,ps
1778167004.6175675,2,160,1.146178,91.28,326.565,342.344,3,4,ps
1778167005.0115407,2,161,1.083433,87.05,339.876,360.351,3,4,ps
1778167005.3987865,2,162,0.938646,84.74,352.462,370.091,3,4,ps
1778167005.7935221,2,163,1.583179,84.31,345.797,370.589,3,4,ps
1778167006.2056625,2,164,0.953675,80.88,364.587,386.508,3,4,ps
1778167006.6204545,2,165,0.994763,80.62,369.554,388.153,3,4,ps
1778167007.0488613,2,166,1.172058,77.92,381.241,401.857,3,4,ps
1778167007.4431114,2,167,1.234888,85.34,349.337,367.217,3,4,ps
1778167007.844479,2,168,0.943257,81.68,363.664,382.986,3,4,ps
1778167008.253209,2,169,1.450905,81.79,362.724,382.181,3,4,ps
1778167008.647163,2,170,1.286134,85.75,345.681,364.251,3,4,ps
1778167009.043277,2,171,1.009449,85.71,343.094,364.587,3,4,ps
1778167009.4407866,2,172,1.152828,85.52,332.821,365.385,3,4,ps
1778167009.84394,2,173,1.253318,82.92,358.462,376.824,3,4,ps
1778167010.240899,2,174,1.214871,85.82,349.482,365.223,3,4,ps
1778167010.6373334,2,175,1.350218,83.15,339.805,375.906,3,4,ps
1778167011.0374398,2,176,1.144769,84.6,347.072,369.343,3,4,ps
1778167011.4559166,2,177,1.331442,80.83,346.546,387.107,3,4,ps
1778167011.8642826,2,178,1.14203,83.7,351.626,373.413,3,4,ps
1778167012.2654502,2,179,1.648173,82.57,353.291,378.479,3,4,ps
1778167012.676681,2,180,1.327842,81.06,362.917,385.643,3,4,ps
1778167013.1243227,2,181,1.179423,75.77,388.952,413.738,3,4,ps
1778167013.535039,2,182,1.003693,81.4,360.186,385.19,3,4,ps
1778167013.959583,2,183,1.43949,79.61,372.712,394.625,3,4,ps
1778167014.3535316,2,184,1.130689,83.32,354.216,375.175,3,4,ps
1778167014.7456262,2,185,0.941767,84.29,352.07,370.868,3,4,ps
1778167015.1690283,2,186,1.392349,79.47,375.014,394.413,3,4,ps
1778167015.565921,2,187,0.745362,82.55,360.739,378.825,3,4,ps
1778167015.9629178,2,188,1.026332,86.53,346.366,362.114,3,4,ps
1778167016.3559473,2,189,1.08463,83.56,345.301,375.232,3,4,ps
1778167016.7799933,2,190,1.010721,79.58,374.337,393.345,3,4,ps
1778167017.188566,2,191,0.949216,81.98,360.311,381.482,3,4,ps
1778167017.6162248,2,192,1.173685,77.25,385.457,405.434,3,4,ps
1778167018.018904,2,193,0.929064,86.76,339.593,361.526,3,4,ps
1778167018.4415343,2,194,1.45748,77.49,385.691,404.118,3,4,ps
1778167018.8544219,2,195,0.822611,80.72,364.006,388.46,3,4,ps
1778167019.265729,2,196,1.358547,81.76,358.258,382.535,3,4,ps
1778167019.6647596,2,197,1.274631,85.62,349.563,364.959,3,4,ps
1778167020.0653644,2,198,0.773092,83.46,351.451,376.14,3,4,ps
1778167020.4548926,2,199,0.675141,84.16,345.595,371.428,3,4,ps
1778167020.852379,2,200,1.422695,87.37,337.983,357.415,3,4,ps
1778167021.2435148,2,201,1.202773,88.34,333.806,353.487,3,4,ps
1778167021.6426272,2,202,1.220088,83.78,351.259,373.73,3,4,ps
1778167022.0517213,2,203,1.218483,81.31,349.053,384.797,3,4,ps
1778167022.457785,2,204,1.097619,83.64,355.487,373.617,3,4,ps
1778167022.8991332,2,205,1.135975,76.73,387.176,408.42,3,4,ps
1778167023.3100362,2,206,0.864537,85.88,344.169,363.662,3,4,ps
1778167023.7035928,2,207,1.08574,84.78,343.107,368.462,3,4,ps
1778167024.110913,2,208,1.020994,83.99,354.477,372.153,3,4,ps
1778167024.5291138,2,209,1.246475,81.86,359.235,383.264,3,4,ps
1778167024.9353535,2,210,0.856777,84.47,346.973,370.2,3,4,ps
1778167025.3420804,2,211,1.389044,84.48,352.427,370.105,3,4,ps
1778167025.7371576,2,212,0.708127,84.37,349.516,371.166,3,4,ps
1778167026.1266263,2,213,0.999049,84.94,349.635,369.502,3,4,ps
1778167026.5265994,2,214,1.220688,81.88,358.838,381.964,3,4,ps
1778167026.9534576,2,215,1.052925,77.43,375.946,404.496,3,4,ps
1778167027.346984,2,216,1.147185,86.29,326.731,363.138,3,4,ps
1778167027.7569344,2,217,0.938175,83.17,342.423,375.892,3,4,ps
1778167028.1579208,2,218,1.336338,85.65,342.728,364.86,3,4,ps
1778167028.5623085,2,219,1.328489,83.84,351.14,372.812,3,4,ps
1778167028.9671235,2,220,1.158161,84.44,351.26,372.275,3,4,ps
1778167029.3678346,2,221,1.365965,81.86,363.827,382.292,3,4,ps
1778167029.7978294,2,222,0.8926,77.44,381.367,404.471,3,4,ps
1778167030.2055404,2,223,1.069335,85.73,345.056,364.377,3,4,ps
1778167030.597,2,224,1.02957,87.58,340.227,357.776,3,4,ps
1778167031.0010064,2,225,1.058659,84.02,347.869,372.217,3,4,ps
1778167031.3962624,2,226,1.234977,84.18,344.821,372.469,3,4,ps
1778167031.8007624,2,227,0.987635,82.33,356.947,379.843,3,4,ps
1778167032.219078,2,228,1.141558,81.02,361.408,386.303,3,4,ps
1778167032.6176956,2,229,1.332613,83.86,349.908,372.711,3,4,ps
1778167033.0787702,2,230,1.409622,74.31,402.264,421.518,3,4,ps
1778167033.4880571,2,231,1.5355,84.24,349.341,371.02,3,4,ps
1778167033.8992543,2,232,1.115832,82.67,352.337,378.065,3,4,ps
1778167034.3098385,2,233,1.013847,81.29,359.338,384.987,3,4,ps
1778167034.7132957,2,234,0.683305,83.96,353.837,373.68,3,4,ps
1778167035.1651373,2,235,0.98323,72.57,400.41,432.032,3,4,ps
1778167035.5802648,2,236,1.20017,79.97,364.287,391.079,3,4,ps
1778167035.9697413,2,237,1.047385,87.52,333.231,356.733,3,4,ps
1778167036.3533366,2,238,1.262394,88.61,334.477,352.038,3,4,ps
1778167036.7416081,2,239,1.300162,87.56,337.748,356.581,3,4,ps
1778167037.1353343,2,240,0.886565,84.4,341.608,370.406,3,4,ps
1778167037.5441542,2,241,1.386961,83.34,350.83,374.872,3,4,ps
1778167037.9443827,2,242,0.798804,85.1,340.665,368.262,3,4,ps
1778167038.3366945,2,243,0.896706,83.69,340.642,373.568,3,4,ps
1778167038.728298,2,244,0.930406,87.94,335.256,355.354,3,4,ps
1778167039.122163,2,245,0.840149,88.46,335.45,352.868,3,4,ps
1778167039.5100555,2,246,1.300804,87.69,334.907,355.575,3,4,ps
1778167039.9085839,2,247,0.826059,85.01,349.213,367.873,3,4,ps
1778167040.316541,2,248,1.011667,83.28,356.642,375.391,3,4,ps
1778167040.7008994,2,249,0.952152,86.78,314.167,359.928,3,4,ps
1778167041.1023118,2,250,0.871662,84.61,350.48,369.176,3,4,ps
1778167041.5010543,2,251,0.987689,84.92,344.928,368.243,3,4,ps
1778167041.8961604,2,252,0.608995,86.01,343.85,363.235,3,4,ps
1778167042.3106182,2,253,0.80562,81.96,362.053,383.256,3,4,ps
1778167042.7200465,2,254,1.308752,80.21,355.464,391.552,3,4,ps
1778167043.154665,2,255,1.271142,77.21,373.5,406.432,3,4,ps
1778167043.5530949,2,256,1.086338,82.43,354.482,379.741,3,4,ps
1778167043.964402,2,257,1.25277,82.42,357.148,379.187,3,4,ps
1778167044.3580937,2,258,1.523458,84.68,343.722,369.133,3,4,ps
1778167044.7474818,2,259,1.184784,87.15,334.308,358.964,3,4,ps
1778167045.1637824,2,260,1.102329,81.71,365.164,384.075,3,4,ps
1778167045.5989394,2,261,1.084637,75.22,388.294,417.654,3,4,ps
1778167046.013739,2,262,1.316662,81.3,360.016,384.764,3,4,ps
1778167046.404007,2,263,1.124057,87.97,338.452,356.561,3,4,ps
1778167046.8026886,2,264,1.047939,82.23,361.59,380.23,3,4,ps
1778167047.1959717,2,265,1.255858,85.43,345.272,365.498,3,4,ps
1778167047.6036167,2,266,1.237792,81.74,360.142,382.517,3,4,ps
1778167048.0100777,2,267,0.83566,83.81,343.963,372.935,3,4,ps
1778167048.4102812,2,268,1.4539,86.48,331.392,361.125,3,4,ps
1778167048.8128343,2,269,1.087644,84.05,354.96,371.721,3,4,ps
1778167049.2168877,2,270,0.866813,83.19,355.839,375.744,3,4,ps
1778167049.6095765,2,271,0.767306,84.79,350.33,368.414,3,4,ps
1778167050.009205,2,272,1.261939,84.77,351.83,368.273,3,4,ps
1778167050.4061508,2,273,1.013841,86.58,338.626,360.737,3,4,ps
1778167050.8076766,2,274,0.9882,84.35,349.944,370.679,3,4,ps
1778167051.2375355,2,275,1.44491,79.11,379.876,395.606,3,4,ps
1778167051.6361957,2,276,1.106848,86.52,345.896,362.093,3,4,ps
1778167052.030028,2,277,0.876143,85.7,343.958,364.62,3,4,ps
1778167052.4333265,2,278,1.249142,83.95,351.783,372.578,3,4,ps
1778167052.8852565,2,279,0.941429,73.66,400.862,426.548,3,4,ps
1778167053.2942686,2,280,1.136331,83.81,335.173,373.008,3,4,ps
1778167053.6961503,2,281,1.267183,83.37,347.519,376.07,3,4,ps
1778167054.095941,2,282,1.231448,82.09,354.097,380.806,3,4,ps
1778167054.4945333,2,283,0.934723,82.2,363.441,380.583,3,4,ps
1778167054.888537,2,284,0.921508,87.9,338.034,356.565,3,4,ps
1778167055.2962916,2,285,1.414527,86.28,341.284,361.888,3,4,ps
1778167055.7072334,2,286,1.078444,81.82,363.705,382.36,3,4,ps
1778167056.1204984,2,287,1.159384,82.4,360.666,379.607,3,4,ps
1778167056.5424376,2,288,0.675795,79.59,368.079,393.124,3,4,ps
1778167056.9518,2,289,1.129058,81.47,355.194,384.608,3,4,ps
1778167057.3514898,2,290,0.970889,84.94,346.777,367.794,3,4,ps
1778167057.7442837,2,291,0.977549,84.82,342.945,368.423,3,4,ps
1778167058.1670136,2,292,0.888149,80.96,369.819,386.468,3,4,ps
1778167058.579234,2,293,1.025826,81.6,362.694,383.242,3,4,ps
1778167058.978252,2,294,1.08685,85.3,336.499,366.939,3,4,ps
1778167059.3931777,2,295,1.077419,82.03,354.024,381.392,3,4,ps
1778167059.7938838,2,296,1.403081,85.36,348.09,367.278,3,4,ps
1778167060.1950424,2,297,0.946755,81.65,357.712,382.988,3,4,ps
1778167060.62026,2,298,1.578322,79.77,372.473,394.228,3,4,ps
1778167061.019738,2,299,0.904207,84.95,341.436,367.597,3,4,ps
1778167061.4256196,2,300,1.37589,83.64,356.291,373.762,3,4,ps
1778167061.8346615,2,301,1.145319,81.74,357.245,382.579,3,4,ps
1778167062.223752,2,302,1.091982,88.23,337.345,354.725,3,4,ps
1778167062.630246,2,303,0.960752,80.67,361.55,389.111,3,4,ps
1778167063.088339,2,304,1.35427,74.56,403.973,421.951,3,4,ps
1778167063.492362,2,305,1.086311,83.95,348.7,373.148,3,4,ps
1778167063.8963604,2,306,1.410644,83.08,350.109,376.321,3,4,ps
1778167064.2885253,2,307,0.844603,84.76,349.959,368.566,3,4,ps
1778167064.6884828,2,308,0.933332,81.9,362.701,382.039,3,4,ps
1778167065.1074271,2,309,0.752223,80.72,363.347,387.582,3,4,ps
1778167065.5029693,2,310,0.80236,86.05,345.478,363.605,3,4,ps
1778167065.9086154,2,311,0.77183,80.71,362.625,388.212,3,4,ps
1778167066.3048878,2,312,1.140779,85.59,345.877,365.045,3,4,ps
1778167066.718217,2,313,1.20505,81.0,351.108,386.209,3,4,ps
1778167067.129749,2,314,1.331706,83.64,348.509,373.774,3,4,ps
1778167067.5201275,2,315,0.889221,85.78,337.072,363.962,3,4,ps
1778167067.906808,2,316,1.246356,87.99,336.324,356.331,3,4,ps
1778167068.3167014,2,317,0.906708,79.99,359.029,392.825,3,4,ps
1778167068.7386367,2,318,1.0697,77.85,381.767,403.518,3,4,ps
1778167069.1542525,2,319,1.313912,78.88,358.227,396.762,3,4,ps
1778167069.5741448,2,320,1.041467,80.99,361.927,386.268,3,4,ps
1778167069.9661725,2,321,0.852826,86.28,335.975,361.88,3,4,ps
1778167070.3672507,2,322,1.312314,85.56,348.205,365.34,3,4,ps
1778167070.758295,2,323,1.354519,85.26,342.866,366.37,3,4,ps
1778167071.1480567,2,324,1.148127,86.71,339.473,360.086,3,4,ps
1778167071.542173,2,325,1.116025,86.73,345.087,360.214,3,4,ps
1778167071.9394176,2,326,0.999312,85.02,343.882,367.57,3,4,ps
1778167072.3321562,2,327,0.655085,90.08,327.129,346.345,3,4,ps
1778167072.730897,2,328,0.964852,83.37,338.477,375.021,3,4,ps
1778167073.161257,2,329,1.159936,78.04,376.713,402.312,3,4,ps
1778167073.5825753,2,330,0.673922,79.31,369.248,394.682,3,4,ps
1778167073.9858022,2,331,0.782789,85.48,339.995,365.593,3,4,ps
1778167074.3858259,2,332,1.072232,83.6,345.203,373.578,3,4,ps
1778167074.7879386,2,333,0.819659,84.0,347.021,371.853,3,4,ps
1778167075.2034795,2,334,1.019206,78.74,366.551,398.262,3,4,ps
1778167075.593765,2,335,0.969775,87.26,340.295,357.814,3,4,ps
1778167076.001835,2,336,1.255834,82.2,360.593,380.421,3,4,ps
1778167076.468907,2,337,0.919952,72.41,416.382,434.409,3,4,ps
1778167076.8826656,2,338,1.152872,79.32,376.42,396.138,3,4,ps
1778167077.2777843,2,339,1.001014,83.0,351.607,376.395,3,4,ps
1778167077.6956694,2,340,0.969477,81.38,363.228,384.834,3,4,ps
1778167078.1115806,2,341,0.695818,79.9,359.324,393.205,3,4,ps
1778167078.5100195,2,342,0.832758,87.23,336.791,359.496,3,4,ps
1778167078.9228754,2,343,1.205203,79.59,373.533,393.162,3,4,ps
1778167079.3215783,2,344,0.717822,85.46,344.944,365.553,3,4,ps
1778167079.7178218,2,345,1.481286,84.47,346.178,370.355,3,4,ps
1778167080.110814,2,346,0.802687,86.08,344.451,363.95,3,4,ps
1778167080.516452,2,347,1.159511,82.16,356.409,380.378,3,4,ps
1778167080.913907,2,348,0.961106,85.38,348.194,365.926,3,4,ps
1778167081.3204374,2,349,1.004933,82.16,359.513,380.558,3,4,ps
1778167081.7197454,2,350,0.805457,85.1,344.093,368.77,3,4,ps
1778167082.123486,2,351,0.627898,85.01,347.733,367.555,3,4,ps
1778167082.5173032,2,352,0.690009,87.39,341.084,357.34,3,4,ps
1778167082.9847958,2,353,0.768285,73.84,395.033,424.303,3,4,ps
1778167083.3771508,2,354,1.006468,87.4,338.35,358.316,3,4,ps
1778167083.765422,2,355,1.476856,84.46,341.344,370.891,3,4,ps
1778167084.1814432,2,356,0.856243,82.0,348.614,381.28,3,4,ps
1778167084.575948,2,357,0.680968,85.35,347.812,366.59,3,4,ps
1778167085.0072498,2,358,1.116654,75.82,395.682,413.09,3,4,ps
1778167085.406005,2,359,0.694001,85.6,322.03,364.963,3,4,ps
1778167085.7976477,2,360,0.468007,85.44,347.619,365.583,3,4,ps
1778167086.1999476,2,361,0.605995,84.91,352.661,369.092,3,4,ps
1778167086.593963,2,362,0.614959,83.18,354.978,377.461,3,4,ps
1778167086.982282,2,363,1.578803,84.13,349.562,371.282,3,4,ps
1778167087.380915,2,364,1.086238,82.15,351.393,381.201,3,4,ps
1778167087.771197,2,365,1.140885,88.51,334.675,352.787,3,4,ps
1778167088.1767044,2,366,1.171535,84.4,352.318,370.442,3,4,ps
1778167088.5908535,2,367,1.332402,81.37,365.874,384.35,3,4,ps
1778167088.9791546,2,368,1.08931,87.13,336.437,359.719,3,4,ps
1778167089.3794646,2,369,1.018947,83.85,315.071,373.403,3,4,ps
1778167089.7830868,2,370,1.496621,81.26,356.985,385.252,3,4,ps
1778167090.1687632,2,371,1.098316,87.34,338.788,357.61,3,4,ps
1778167090.5583806,2,372,1.096566,85.61,340.031,366.0,3,4,ps
1778167090.959132,2,373,1.192145,81.9,362.984,381.914,3,4,ps
1778167091.3500519,2,374,0.817452,88.12,334.659,354.073,3,4,ps
1778167091.7430303,2,375,1.311548,85.69,337.721,364.492,3,4,ps
1778167092.1333945,2,376,1.0162,86.17,345.336,362.484,3,4,ps
1778167092.521843,2,377,0.964469,88.81,333.625,352.105,3,4,ps
1778167092.9624658,2,378,0.943327,74.12,404.094,423.019,3,4,ps
1778167093.3666236,2,379,0.807559,84.93,346.577,367.799,3,4,ps
1778167093.7556214,2,380,1.265877,86.47,336.402,361.128,3,4,ps
1778167094.16188,2,381,1.090461,82.41,361.569,379.634,3,4,ps
1778167094.557013,2,382,1.195781,90.03,327.879,346.507,3,4,ps
1778167094.9593208,2,383,0.92776,85.62,348.412,364.879,3,4,ps
1778167095.3579326,2,384,1.169183,84.26,352.469,370.901,3,4,ps
1778167095.746953,2,385,0.769079,87.58,317.519,356.507,3,4,ps
1778167096.131216,2,386,1.040115,87.52,332.394,356.666,3,4,ps
1778167096.5213747,2,387,0.901128,87.0,340.152,359.053,3,4,ps
1778167096.9079022,2,388,1.319614,87.34,340.931,359.22,3,4,ps
1778167097.301693,2,389,1.277315,83.37,357.858,375.541,3,4,ps
1778167097.6714818,2,390,1.308136,56.52,321.434,345.907,3,4,ps
1778167101.0449314,3,0,0.877627,87.98,338.638,355.516,3,4,ps
1778167101.4170144,3,1,1.149309,88.29,330.687,354.822,3,4,ps
1778167101.8191438,3,2,0.659315,83.91,348.494,372.435,3,4,ps
1778167102.2070625,3,3,0.894055,87.58,329.44,357.076,3,4,ps
1778167102.601706,3,4,1.25114,83.03,356.951,376.594,3,4,ps
1778167103.068776,3,5,0.97225,72.21,412.078,434.33,3,4,ps
1778167103.4520752,3,6,0.689789,86.39,345.586,362.734,3,4,ps
1778167103.833546,3,7,0.977023,85.91,346.204,363.673,3,4,ps
1778167104.2235985,3,8,0.920049,87.61,336.996,356.336,3,4,ps
1778167104.6269417,3,9,1.27135,83.03,356.286,378.114,3,4,ps
1778167105.0294678,3,10,0.548834,81.33,367.702,384.485,3,4,ps
1778167105.456429,3,11,1.037526,78.7,369.822,398.344,3,4,ps
1778167105.8550792,3,12,0.834974,82.24,352.869,380.187,3,4,ps
1778167106.255991,3,13,0.793904,83.68,353.92,373.429,3,4,ps
1778167106.6551125,3,14,0.733862,85.75,342.334,364.072,3,4,ps
1778167107.0444255,3,15,1.204394,85.44,350.584,365.619,3,4,ps
1778167107.4514313,3,16,0.841517,82.08,355.874,380.78,3,4,ps
1778167107.8527734,3,17,1.310597,83.61,351.613,373.842,3,4,ps
1778167108.2436388,3,18,0.637943,86.47,339.329,361.167,3,4,ps
1778167108.6515622,3,19,0.930475,82.92,355.997,377.042,3,4,ps
1778167109.0470078,3,20,0.898795,85.7,344.971,366.12,3,4,ps
1778167109.4595563,3,21,1.096343,82.93,355.156,377.229,3,4,ps
1778167109.8989122,3,22,1.054023,76.57,390.911,409.004,3,4,ps
1778167110.289015,3,23,1.709831,87.09,339.373,358.274,3,4,ps
1778167110.7004974,3,24,0.715796,81.85,364.399,382.015,3,4,ps
1778167111.09104,3,25,0.912628,88.53,332.639,353.448,3,4,ps
1778167111.4838371,3,26,0.932659,85.48,341.93,365.496,3,4,ps
1778167111.8835745,3,27,0.809363,82.91,359.416,376.917,3,4,ps
1778167112.2826164,3,28,1.101109,84.87,346.597,368.366,3,4,ps
1778167112.6781883,3,29,0.838925,86.09,346.354,362.832,3,4,ps
1778167113.135835,3,30,1.01249,73.69,407.651,425.437,3,4,ps
1778167113.5285933,3,31,0.758528,88.14,340.328,353.963,3,4,ps
1778167113.9167771,3,32,1.002836,85.27,347.847,366.384,3,4,ps
1778167114.3050814,3,33,0.910071,88.73,334.926,352.395,3,4,ps
1778167114.69592,3,34,1.141151,87.42,319.158,357.167,3,4,ps
1778167115.111625,3,35,1.059492,81.2,368.675,386.981,3,4,ps
1778167115.5131404,3,36,1.074631,84.32,351.899,370.844,3,4,ps
1778167115.9066508,3,37,0.89027,87.13,337.426,358.363,3,4,ps
1778167116.3182492,3,38,0.718992,81.49,363.245,384.802,3,4,ps
1778167116.7165797,3,39,1.016628,83.54,353.705,374.146,3,4,ps
1778167117.1178946,3,40,1.197164,83.8,352.684,373.783,3,4,ps
1778167117.519666,3,41,0.652262,82.53,355.411,379.593,3,4,ps
1778167117.9210021,3,42,1.014704,81.72,349.177,382.59,3,4,ps
1778167118.3083887,3,43,1.097143,85.99,338.691,364.485,3,4,ps
1778167118.702618,3,44,0.938686,83.04,353.12,377.934,3,4,ps
1778167119.0910587,3,45,0.587833,84.37,353.578,370.855,3,4,ps
1778167119.47304,3,46,0.823262,89.64,332.652,349.331,3,4,ps
1778167119.8842623,3,47,0.786645,79.53,368.724,393.244,3,4,ps
1778167120.3063233,3,48,0.96875,81.24,352.639,385.0,3,4,ps
1778167120.7156827,3,49,0.753195,83.0,346.048,376.602,3,4,ps
1778167121.1121082,3,50,1.034969,86.06,340.535,362.962,3,4,ps
1778167121.5145128,3,51,1.181285,84.55,344.721,369.622,3,4,ps
1778167121.914987,3,52,1.235815,83.57,353.443,374.043,3,4,ps
1778167122.3262255,3,53,0.642472,82.87,357.949,377.301,3,4,ps
1778167122.7219367,3,54,0.736188,86.54,339.21,360.98,3,4,ps
1778167123.2093074,3,55,0.892445,68.19,443.812,460.558,3,4,ps
1778167123.6078765,3,56,0.804929,84.2,348.01,372.531,3,4,ps
1778167124.001517,3,57,1.012032,83.29,348.162,376.008,3,4,ps
1778167124.3995905,3,58,0.727664,82.31,362.935,379.847,3,4,ps
1778167124.795473,3,59,0.749583,86.18,341.966,362.386,3,4,ps
1778167125.21202,3,60,0.712174,84.52,346.983,370.611,3,4,ps
1778167125.6078963,3,61,1.114336,86.1,336.735,362.794,3,4,ps
1778167125.9986887,3,62,1.0389,85.46,341.925,365.61,3,4,ps
1778167126.4005332,3,63,0.912432,84.62,354.917,370.013,3,4,ps
1778167126.7974758,3,64,0.81381,84.79,344.774,369.791,3,4,ps
1778167127.196811,3,65,0.812516,84.03,347.675,371.974,3,4,ps
1778167127.6025712,3,66,0.877846,82.79,357.314,377.756,3,4,ps
1778167128.004837,3,67,0.642972,84.92,349.729,368.044,3,4,ps
1778167128.399772,3,68,1.058143,84.28,352.96,370.789,3,4,ps
1778167128.8010623,3,69,0.661216,84.24,352.513,370.921,3,4,ps
1778167129.2031252,3,70,0.969771,84.47,349.597,369.966,3,4,ps
1778167129.612817,3,71,0.941125,80.67,360.004,387.951,3,4,ps
1778167130.0255685,3,72,0.924051,83.0,356.893,376.554,3,4,ps
1778167130.4091804,3,73,0.613812,88.67,325.671,351.952,3,4,ps
1778167130.8140833,3,74,0.901886,83.8,349.338,373.469,3,4,ps
1778167131.2304935,3,75,1.196605,82.83,350.261,377.419,3,4,ps
1778167131.6092844,3,76,1.011906,89.74,332.698,347.75,3,4,ps
1778167132.002505,3,77,1.012755,85.45,345.891,365.578,3,4,ps
1778167132.4034278,3,78,0.960269,84.84,348.293,368.296,3,4,ps
1778167132.8076255,3,79,0.867166,84.33,352.461,370.898,3,4,ps
1778167133.246052,3,80,0.645055,76.82,368.351,408.292,3,4,ps
1778167133.650409,3,81,0.75412,82.0,351.829,382.481,3,4,ps
1778167134.1049035,3,82,0.70882,73.25,403.968,428.114,3,4,ps
1778167134.547881,3,83,1.268247,76.24,386.118,411.111,3,4,ps
1778167134.9667292,3,84,1.345354,78.6,364.621,400.076,3,4,ps
1778167135.376439,3,85,0.68029,85.04,344.322,367.347,3,4,ps
1778167135.7748942,3,86,0.721632,85.41,334.348,365.701,3,4,ps
1778167136.1852925,3,87,0.763271,80.56,360.909,388.308,3,4,ps
1778167136.5743792,3,88,0.81711,85.48,336.406,365.182,3,4,ps
1778167136.994318,3,89,1.009218,81.18,364.558,385.569,3,4,ps
1778167137.394099,3,90,0.920816,86.26,341.424,363.35,3,4,ps
1778167137.8035326,3,91,0.896093,79.92,366.265,391.348,3,4,ps
1778167138.2078996,3,92,1.139954,84.25,353.569,370.981,3,4,ps
1778167138.634347,3,93,0.993798,78.0,376.336,401.499,3,4,ps
1778167139.0789092,3,94,0.886953,76.4,382.095,411.325,3,4,ps
1778167139.4960258,3,95,0.746659,78.78,374.937,397.419,3,4,ps
1778167139.9158041,3,96,0.859726,80.72,369.391,387.54,3,4,ps
1778167140.3122168,3,97,0.869969,85.06,341.542,368.958,3,4,ps
1778167140.7058794,3,98,1.019132,83.27,346.282,375.271,3,4,ps
1778167141.100294,3,99,0.847256,82.95,349.268,376.775,3,4,ps
1778167141.5456505,3,100,0.844037,75.23,385.221,417.64,3,4,ps
1778167141.954121,3,101,0.982189,82.89,351.603,377.08,3,4,ps
1778167142.3504353,3,102,1.109394,83.67,351.087,373.653,3,4,ps
1778167142.7596817,3,103,0.679361,82.54,352.322,378.623,3,4,ps
1778167143.269006,3,104,0.911912,66.04,445.421,475.747,3,4,ps
1778167143.712297,3,105,0.567929,77.66,384.236,403.675,3,4,ps
1778167144.1339312,3,106,0.859185,78.85,374.105,397.13,3,4,ps
1778167144.5243146,3,107,0.66243,86.92,335.783,360.893,3,4,ps
1778167144.9370158,3,108,1.002925,82.29,358.245,379.836,3,4,ps
1778167145.3320165,3,109,0.961979,85.15,344.406,366.69,3,4,ps
1778167145.7225611,3,110,0.910801,87.31,337.915,359.257,3,4,ps
1778167146.1104674,3,111,0.925642,87.32,335.897,357.503,3,4,ps
1778167146.5100076,3,112,0.578965,82.89,354.04,377.086,3,4,ps
1778167146.924687,3,113,0.709064,83.21,361.922,377.318,3,4,ps
1778167147.324893,3,114,0.820126,83.69,345.759,373.57,3,4,ps
1778167147.7232122,3,115,0.869072,84.09,353.914,371.876,3,4,ps
1778167148.1394217,3,116,0.613476,82.26,364.235,381.248,3,4,ps
1778167148.5414634,3,117,0.896753,81.57,355.898,383.374,3,4,ps
1778167148.9358423,3,118,1.149156,84.74,344.05,368.853,3,4,ps
1778167149.3432736,3,119,0.876706,80.64,370.089,387.834,3,4,ps
1778167149.736238,3,120,0.732639,86.77,342.393,361.022,3,4,ps
1778167150.1341555,3,121,0.820596,82.38,345.641,380.186,3,4,ps
1778167150.537504,3,122,0.649433,85.24,342.011,366.402,3,4,ps
1778167150.9273148,3,123,0.959492,88.31,326.492,353.333,3,4,ps
1778167151.3209035,3,124,0.983279,87.33,338.863,359.121,3,4,ps
1778167151.7436647,3,125,0.688062,77.39,380.145,404.647,3,4,ps
1778167152.1690342,3,126,0.797144,79.5,371.423,395.18,3,4,ps
1778167152.6217313,3,127,0.800565,74.2,398.01,423.583,3,4,ps
1778167153.0670397,3,128,1.191391,73.43,395.818,427.017,3,4,ps
1778167153.4705226,3,129,0.806759,82.48,359.975,379.379,3,4,ps
1778167153.8768885,3,130,0.657513,82.81,360.903,377.662,3,4,ps
1778167154.2772694,3,131,0.735377,84.47,348.541,370.107,3,4,ps
1778167154.6705177,3,132,1.092853,86.02,343.954,364.375,3,4,ps
1778167155.1024754,3,133,0.995905,75.9,382.475,412.792,3,4,ps
1778167155.50271,3,134,0.745191,86.0,344.469,363.481,3,4,ps
1778167155.9050226,3,135,0.946657,86.41,341.719,361.478,3,4,ps
1778167156.300888,3,136,0.938124,82.92,344.642,378.095,3,4,ps
1778167156.6854413,3,137,0.914878,86.28,336.56,362.305,3,4,ps
1778167157.0938978,3,138,0.590946,83.5,349.235,374.62,3,4,ps
1778167157.4872363,3,139,0.808442,87.07,338.973,359.398,3,4,ps
1778167157.8825812,3,140,1.018956,85.99,346.261,363.217,3,4,ps
1778167158.2965803,3,141,0.886702,81.19,358.438,386.382,3,4,ps
1778167158.711855,3,142,0.616609,78.85,377.407,396.856,3,4,ps
1778167159.1089046,3,143,0.854602,83.4,357.204,374.567,3,4,ps
1778167159.5300596,3,144,0.996007,80.08,367.749,390.837,3,4,ps
1778167159.9272506,3,145,0.96635,86.13,344.753,362.674,3,4,ps
1778167160.3225703,3,146,0.939056,85.07,346.292,367.217,3,4,ps
1778167160.727763,3,147,1.003924,82.24,354.531,380.197,3,4,ps
1778167161.121181,3,148,0.932969,84.47,351.901,370.109,3,4,ps
1778167161.5082579,3,149,1.265661,86.56,338.592,360.884,3,4,ps
1778167161.9153962,3,150,0.766877,80.91,368.098,386.653,3,4,ps
1778167162.3108995,3,151,1.050053,86.87,331.6,359.134,3,4,ps
1778167162.7660077,3,152,0.816993,74.17,402.754,422.59,3,4,ps
1778167163.2032437,3,153,0.861734,77.76,357.07,404.449,3,4,ps
1778167163.5847988,3,154,0.821938,85.86,346.86,363.851,3,4,ps
1778167163.9887967,3,155,0.810978,84.61,351.81,369.096,3,4,ps
1778167164.3720667,3,156,0.875336,85.59,335.905,365.02,3,4,ps
1778167164.7558298,3,157,1.049521,86.61,336.313,360.423,3,4,ps
1778167165.1751106,3,158,0.862412,80.67,371.567,388.163,3,4,ps
1778167165.5609386,3,159,1.091234,87.3,337.221,357.933,3,4,ps
1778167165.9414625,3,160,1.460683,91.01,315.218,342.884,3,4,ps
1778167166.3414881,3,161,0.69907,83.55,347.771,374.064,3,4,ps
1778167166.7263186,3,162,1.334815,86.94,338.068,359.038,3,4,ps
1778167167.124379,3,163,1.359707,85.59,347.237,366.161,3,4,ps
1778167167.5397334,3,164,0.938018,81.88,342.289,383.552,3,4,ps
1778167167.9458616,3,165,0.758147,80.59,366.22,388.141,3,4,ps
1778167168.34228,3,166,1.079636,83.36,351.025,374.922,3,4,ps
1778167168.7323678,3,167,0.650426,87.47,329.719,356.937,3,4,ps
1778167169.120696,3,168,0.699183,87.96,340.461,354.916,3,4,ps
1778167169.51691,3,169,0.876618,85.71,350.138,365.768,3,4,ps
1778167169.9288187,3,170,0.999553,81.14,356.975,385.263,3,4,ps
1778167170.3214738,3,171,0.95943,85.33,340.068,366.321,3,4,ps
1778167170.744064,3,172,0.907503,78.9,373.167,396.763,3,4,ps
1778167171.1272423,3,173,0.846473,88.69,336.338,353.2,3,4,ps
1778167171.5184524,3,174,0.851374,86.98,324.355,359.162,3,4,ps
1778167171.9276721,3,175,1.099702,81.36,366.784,384.528,3,4,ps
1778167172.3225448,3,176,0.793569,84.19,350.85,371.52,3,4,ps
1778167172.7176452,3,177,0.69648,86.23,334.208,362.205,3,4,ps
1778167173.1825678,3,178,0.834348,73.29,410.862,428.434,3,4,ps
1778167173.597523,3,179,0.612263,81.29,357.032,385.103,3,4,ps
1778167174.006021,3,180,0.66947,82.59,337.255,379.814,3,4,ps
1778167174.4074159,3,181,0.758248,81.79,353.568,382.471,3,4,ps
1778167174.7929854,3,182,1.018285,86.35,332.866,361.835,3,4,ps
1778167175.196888,3,183,0.826663,83.67,355.686,373.489,3,4,ps
1778167175.5853312,3,184,0.779056,89.17,332.945,350.71,3,4,ps
1778167175.977722,3,185,0.837124,83.44,351.942,374.355,3,4,ps
1778167176.3683918,3,186,1.28139,85.64,343.39,364.912,3,4,ps
1778167176.7550313,3,187,1.251669,85.89,339.077,363.624,3,4,ps
1778167177.1371186,3,188,0.850721,90.78,327.108,344.344,3,4,ps
1778167177.5507753,3,189,0.781806,79.11,378.409,395.814,3,4,ps
1778167177.9500673,3,190,0.667845,84.26,339.212,370.763,3,4,ps
1778167178.3498824,3,191,0.930391,84.86,347.667,368.242,3,4,ps
1778167178.7538724,3,192,1.028522,82.26,356.096,380.013,3,4,ps
1778167179.1431043,3,193,0.684131,86.11,334.392,362.633,3,4,ps
1778167179.5472877,3,194,0.94393,82.8,356.764,377.627,3,4,ps
1778167179.948524,3,195,0.804035,85.18,330.413,367.15,3,4,ps
1778167180.347594,3,196,1.042224,84.5,345.519,370.023,3,4,ps
1778167180.7567823,3,197,1.037637,83.36,350.71,376.054,3,4,ps
1778167181.1516972,3,198,0.964885,88.22,337.843,353.774,3,4,ps
1778167181.5446012,3,199,0.960436,86.06,340.852,362.942,3,4,ps
1778167181.951833,3,200,0.791121,81.82,358.62,382.456,3,4,ps
1778167182.3686116,3,201,0.880771,78.7,363.303,397.605,3,4,ps
1778167182.7739284,3,202,0.943328,80.65,355.418,387.933,3,4,ps
1778167183.2354426,3,203,1.150999,72.95,412.127,430.383,3,4,ps
1778167183.629837,3,204,0.767987,86.72,342.242,360.123,3,4,ps
1778167184.0508382,3,205,0.568292,78.8,378.606,397.414,3,4,ps
1778167184.4780836,3,206,0.694665,79.77,372.744,392.416,3,4,ps
1778167184.8673897,3,207,0.947054,88.25,330.54,353.595,3,4,ps
1778167185.2842693,3,208,0.7525,80.92,366.337,386.535,3,4,ps
1778167185.6879742,3,209,1.157147,84.41,351.465,370.801,3,4,ps
1778167186.079279,3,210,0.766023,83.78,355.44,374.725,3,4,ps
1778167186.481662,3,211,0.556811,84.02,352.453,371.207,3,4,ps
1778167186.8741298,3,212,0.717881,86.66,335.532,360.135,3,4,ps
1778167187.2555602,3,213,0.795345,89.23,331.42,349.64,3,4,ps
1778167187.6549823,3,214,1.068138,83.57,354.058,374.795,3,4,ps
1778167188.070456,3,215,0.789605,83.02,355.774,376.862,3,4,ps
1778167188.4914298,3,216,0.74478,80.32,370.102,389.292,3,4,ps
1778167188.9302468,3,217,0.507125,75.93,386.922,412.452,3,4,ps
1778167189.3299644,3,218,1.217686,86.7,334.984,360.339,3,4,ps
1778167189.7342725,3,219,0.966371,83.01,352.759,376.528,3,4,ps
1778167190.1373758,3,220,0.523069,84.09,349.893,371.658,3,4,ps
1778167190.5325258,3,221,0.644807,84.25,354.202,372.567,3,4,ps
1778167190.9391122,3,222,0.71927,85.69,349.154,365.379,3,4,ps
1778167191.3367002,3,223,0.649979,82.39,348.806,379.605,3,4,ps
1778167191.7368543,3,224,0.6619,84.19,347.27,371.223,3,4,ps
1778167192.148967,3,225,0.900487,80.79,369.417,387.459,3,4,ps
1778167192.5480266,3,226,0.889278,84.38,345.52,371.721,3,4,ps
1778167192.9621844,3,227,0.615374,79.03,374.463,396.984,3,4,ps
1778167193.4075637,3,228,0.723173,78.68,348.527,397.858,3,4,ps
1778167193.80117,3,229,0.667843,86.86,344.647,361.216,3,4,ps
1778167194.2301726,3,230,0.977884,76.38,387.221,410.249,3,4,ps
1778167194.643471,3,231,0.797767,81.91,360.735,383.492,3,4,ps
1778167195.0448973,3,232,1.162961,81.58,355.492,383.834,3,4,ps
1778167195.437575,3,233,1.065002,86.85,335.995,359.664,3,4,ps
1778167195.8173807,3,234,0.999621,89.73,314.516,347.683,3,4,ps
1778167196.197822,3,235,0.800175,88.56,334.295,353.616,3,4,ps
1778167196.6030335,3,236,0.704807,84.72,352.87,368.681,3,4,ps
1778167196.987971,3,237,0.888312,88.11,336.709,356.08,3,4,ps
1778167197.3876667,3,238,0.990023,81.83,365.415,383.377,3,4,ps
1778167197.8118858,3,239,0.875461,81.0,366.303,387.86,3,4,ps
1778167198.2014225,3,240,0.888794,86.95,328.982,359.218,3,4,ps
1778167198.5994027,3,241,0.457959,84.54,342.779,370.215,3,4,ps
1778167199.018595,3,242,0.827754,81.07,367.276,385.861,3,4,ps
1778167199.4076526,3,243,0.978601,85.42,348.249,367.184,3,4,ps
1778167199.8066244,3,244,0.93437,82.15,344.547,380.807,3,4,ps
1778167200.2004046,3,245,0.736288,86.64,340.739,362.09,3,4,ps
1778167200.5889976,3,246,0.786156,84.26,345.664,372.107,3,4,ps
1778167200.9889739,3,247,0.505774,82.03,349.982,381.932,3,4,ps
1778167201.3844929,3,248,1.100015,82.86,349.877,377.391,3,4,ps
1778167201.770324,3,249,1.107608,87.02,340.256,358.814,3,4,ps
1778167202.1678662,3,250,1.053816,83.52,355.223,374.244,3,4,ps
1778167202.5614657,3,251,0.797913,84.07,354.052,372.259,3,4,ps
1778167202.9795282,3,252,0.863584,81.91,361.707,381.807,3,4,ps
1778167203.4022753,3,253,0.718305,82.19,349.033,380.809,3,4,ps
1778167203.7987905,3,254,0.687667,86.49,332.275,362.34,3,4,ps
1778167204.2026947,3,255,0.640191,81.13,349.314,386.783,3,4,ps
1778167204.6058109,3,256,1.196498,81.45,362.55,383.945,3,4,ps
1778167205.0184278,3,257,0.885982,81.34,352.558,384.519,3,4,ps
1778167205.457905,3,258,0.661595,76.0,392.93,412.188,3,4,ps
1778167205.8780904,3,259,1.074735,79.74,365.007,394.142,3,4,ps
1778167206.2774737,3,260,0.865518,82.03,355.505,381.26,3,4,ps
1778167206.6870968,3,261,0.531059,81.99,357.896,381.184,3,4,ps
1778167207.0857625,3,262,0.877332,83.73,354.446,373.225,3,4,ps
1778167207.4753067,3,263,0.413416,88.92,332.912,351.058,3,4,ps
1778167207.8754134,3,264,0.543743,84.22,348.638,371.101,3,4,ps
1778167208.2718172,3,265,0.971716,85.01,342.389,367.418,3,4,ps
1778167208.6691718,3,266,0.92105,82.94,352.952,376.928,3,4,ps
1778167209.0952454,3,267,0.732918,79.35,371.163,394.644,3,4,ps
1778167209.4868753,3,268,0.77428,85.25,344.658,366.521,3,4,ps
1778167209.8873801,3,269,0.669417,85.14,347.091,368.094,3,4,ps
1778167210.2934022,3,270,0.449718,80.84,355.116,386.895,3,4,ps
1778167210.6860032,3,271,0.856018,84.51,349.38,369.699,3,4,ps
1778167211.0934443,3,272,0.966869,82.07,359.848,380.815,3,4,ps
1778167211.4995701,3,273,0.884112,81.59,361.915,383.348,3,4,ps
1778167211.891985,3,274,0.737475,85.91,337.856,363.449,3,4,ps
1778167212.3092513,3,275,0.95615,79.62,374.584,393.218,3,4,ps
1778167212.723541,3,276,0.91999,79.19,364.173,395.382,3,4,ps
1778167213.1992393,3,277,0.75421,70.93,420.175,442.33,3,4,ps
1778167213.6019475,3,278,0.551649,83.73,354.624,373.358,3,4,ps
1778167214.0148196,3,279,0.865128,80.9,367.931,386.633,3,4,ps
1778167214.416556,3,280,0.833425,84.0,353.144,372.045,3,4,ps
1778167214.839537,3,281,0.956424,79.73,365.432,394.077,3,4,ps
1778167215.2623627,3,282,0.861995,81.01,367.941,386.051,3,4,ps
1778167215.6641302,3,283,0.724497,81.45,359.532,383.893,3,4,ps
1778167216.0908103,3,284,0.773593,79.34,376.892,394.521,3,4,ps
1778167216.5045645,3,285,1.008509,83.24,357.655,375.691,3,4,ps
1778167216.9105337,3,286,0.507215,81.82,358.18,382.11,3,4,ps
1778167217.3072212,3,287,0.73334,84.25,336.084,372.547,3,4,ps
1778167217.6976388,3,288,0.777805,83.99,354.023,371.961,3,4,ps
1778167218.0991518,3,289,0.686853,81.57,357.6,383.513,3,4,ps
1778167218.4940367,3,290,0.648248,86.35,336.989,361.578,3,4,ps
1778167218.8850403,3,291,1.065404,85.66,341.741,364.697,3,4,ps
1778167219.298844,3,292,0.785549,79.87,355.458,391.732,3,4,ps
1778167219.696793,3,293,0.42773,83.88,343.277,372.708,3,4,ps
1778167220.0927188,3,294,1.1096,85.73,343.846,364.506,3,4,ps
1778167220.5017076,3,295,1.1971,81.99,354.733,381.506,3,4,ps
1778167220.8988023,3,296,0.815271,87.4,339.915,357.172,3,4,ps
1778167221.3126004,3,297,0.932224,81.21,365.471,385.116,3,4,ps
1778167221.7213426,3,298,0.913684,81.21,358.819,385.043,3,4,ps
1778167222.1403086,3,299,0.585007,81.18,357.469,385.332,3,4,ps
1778167222.5447247,3,300,0.804614,84.09,355.082,373.084,3,4,ps
1778167222.9596608,3,301,0.822592,84.21,354.989,372.609,3,4,ps
1778167223.3735933,3,302,0.507113,80.25,346.658,389.828,3,4,ps
1778167223.7735767,3,303,0.566505,83.73,335.911,373.238,3,4,ps
1778167224.1807554,3,304,0.912429,84.81,347.574,368.904,3,4,ps
1778167224.5820017,3,305,0.5808,85.43,343.386,365.556,3,4,ps
1778167224.9925125,3,306,0.872646,82.27,351.636,380.012,3,4,ps
1778167225.3935971,3,307,1.098421,85.59,335.195,364.96,3,4,ps
1778167225.8054636,3,308,0.605472,82.08,358.729,381.141,3,4,ps
1778167226.2046933,3,309,0.670686,84.8,348.314,368.461,3,4,ps
1778167226.6214726,3,310,0.94421,78.54,368.258,398.54,3,4,ps
1778167227.0428288,3,311,0.922242,77.97,373.852,403.122,3,4,ps
1778167227.4244246,3,312,1.099112,87.72,330.449,355.967,3,4,ps
1778167227.8124282,3,313,0.83706,86.7,343.684,360.116,3,4,ps
1778167228.2068367,3,314,0.809483,85.03,351.202,369.049,3,4,ps
1778167228.5906124,3,315,0.776093,87.17,341.105,358.359,3,4,ps
1778167228.9780571,3,316,0.853798,85.38,343.686,365.846,3,4,ps
1778167229.3884377,3,317,0.72386,82.26,358.197,382.031,3,4,ps
1778167229.7809162,3,318,0.750498,84.07,343.174,371.529,3,4,ps
1778167230.1782832,3,319,1.016961,85.36,340.702,365.916,3,4,ps
1778167230.5900726,3,320,0.904366,81.94,352.876,383.168,3,4,ps
1778167230.9796793,3,321,0.534858,84.06,350.166,371.733,3,4,ps
1778167231.3711355,3,322,0.670374,87.03,337.181,358.749,3,4,ps
1778167231.776772,3,323,0.747008,83.07,353.627,376.322,3,4,ps
1778167232.1630056,3,324,0.491084,85.18,337.708,366.584,3,4,ps
1778167232.5598326,3,325,0.935302,85.0,347.536,367.453,3,4,ps
1778167232.9694095,3,326,0.608433,81.25,360.506,385.113,3,4,ps
1778167233.3721514,3,327,0.820453,86.85,332.747,359.706,3,4,ps
1778167233.7687473,3,328,1.028857,85.71,345.993,364.435,3,4,ps
1778167234.163566,3,329,0.734861,86.87,342.584,359.586,3,4,ps
1778167234.5586703,3,330,0.694811,85.27,340.574,367.268,3,4,ps
1778167234.9595313,3,331,1.045506,82.09,354.703,381.023,3,4,ps
1778167235.3562455,3,332,0.554739,84.06,353.173,372.118,3,4,ps
1778167235.7537646,3,333,1.099882,85.5,340.202,365.08,3,4,ps
1778167236.158072,3,334,0.629516,84.35,355.24,371.282,3,4,ps
1778167236.5490148,3,335,0.570467,83.83,354.719,372.638,3,4,ps
1778167236.943172,3,336,0.87051,86.63,335.01,360.718,3,4,ps
1778167237.3776107,3,337,1.026483,76.22,381.381,410.772,3,4,ps
1778167237.7956429,3,338,0.90663,81.27,360.149,384.894,3,4,ps
1778167238.1965,3,339,0.863698,84.49,351.193,369.725,3,4,ps
1778167238.5937278,3,340,0.769667,85.9,337.569,363.684,3,4,ps
1778167238.9785004,3,341,1.281483,88.7,334.585,351.95,3,4,ps
1778167239.374122,3,342,0.506452,85.03,341.313,368.353,3,4,ps
1778167239.7762005,3,343,0.449552,82.82,358.385,377.453,3,4,ps
1778167240.1648247,3,344,0.71585,87.29,336.943,357.63,3,4,ps
1778167240.5603344,3,345,0.758144,83.63,356.308,373.617,3,4,ps
1778167240.9579616,3,346,0.66811,85.06,342.396,367.344,3,4,ps
1778167241.3498793,3,347,0.580404,86.93,327.449,359.352,3,4,ps
1778167241.7592545,3,348,1.168655,84.79,350.891,368.553,3,4,ps
1778167242.1639392,3,349,0.686046,83.77,354.411,373.165,3,4,ps
1778167242.5636063,3,350,0.984141,83.8,350.452,372.878,3,4,ps
1778167243.0054643,3,351,0.842186,77.01,383.331,408.07,3,4,ps
1778167243.4245524,3,352,0.745646,78.83,360.636,396.939,3,4,ps
1778167243.8318472,3,353,0.977154,82.04,354.361,381.061,3,4,ps
1778167244.2281055,3,354,0.824455,84.82,351.371,368.236,3,4,ps
1778167244.6126075,3,355,0.997765,88.48,334.038,352.669,3,4,ps
1778167245.0265691,3,356,0.647374,84.34,356.057,370.131,3,4,ps
1778167245.4377677,3,357,0.692487,80.87,360.442,386.901,3,4,ps
1778167245.8362145,3,358,0.740908,83.38,350.864,374.823,3,4,ps
1778167246.236842,3,359,0.84876,86.54,346.99,361.037,3,4,ps
1778167246.6281376,3,360,1.116799,84.56,351.304,369.59,3,4,ps
1778167247.026282,3,361,0.746931,84.0,351.28,372.223,3,4,ps
1778167247.4297955,3,362,0.769316,82.51,357.471,379.027,3,4,ps
1778167247.8249023,3,363,0.705243,84.4,349.31,371.809,3,4,ps
1778167248.247585,3,364,1.102643,77.46,377.806,404.453,3,4,ps
1778167248.6569598,3,365,0.662147,82.66,351.856,378.165,3,4,ps
1778167249.054689,3,366,0.557209,84.05,353.868,372.278,3,4,ps
1778167249.4558384,3,367,0.625311,84.77,353.79,370.244,3,4,ps
1778167249.8541157,3,368,0.882458,85.05,347.434,367.667,3,4,ps
1778167250.27659,3,369,0.785709,77.34,381.826,404.827,3,4,ps
1778167250.681229,3,370,0.705164,82.6,353.662,378.414,3,4,ps
1778167251.0800025,3,371,0.779855,85.54,344.791,365.443,3,4,ps
1778167251.47684,3,372,0.70201,85.32,346.872,366.254,3,4,ps
1778167251.9058685,3,373,0.779511,79.99,374.099,391.371,3,4,ps
1778167252.2953806,3,374,0.938358,86.58,339.568,361.486,3,4,ps
1778167252.6918514,3,375,1.071861,87.64,340.624,356.159,3,4,ps
1778167253.14907,3,376,0.720052,73.55,405.23,427.358,3,4,ps
1778167253.544046,3,377,0.597474,87.39,339.875,358.953,3,4,ps
1778167253.9388096,3,378,0.943926,83.19,353.711,375.653,3,4,ps
1778167254.3429024,3,379,1.192219,83.08,358.31,376.024,3,4,ps
1778167254.7407048,3,380,0.847061,86.27,342.355,362.729,3,4,ps
1778167255.158321,3,381,0.92768,78.37,372.451,399.401,3,4,ps
1778167255.5705712,3,382,0.700891,82.32,345.895,379.796,3,4,ps
1778167255.9689238,3,383,0.783611,85.31,347.642,366.15,3,4,ps
1778167256.3753524,3,384,0.75316,84.81,342.794,368.541,3,4,ps
1778167256.781758,3,385,0.592844,83.34,350.25,374.821,3,4,ps
1778167257.1781192,3,386,0.953603,85.96,347.688,364.213,3,4,ps
1778167257.576568,3,387,0.929356,88.21,334.481,353.875,3,4,ps
1778167257.970151,3,388,0.892213,85.95,342.893,363.343,3,4,ps
1778167258.36885,3,389,1.047291,84.43,343.756,370.341,3,4,ps
1778167258.7567747,3,390,0.991128,55.11,331.158,355.363,3,4,ps
1778167262.1353073,4,0,0.62996,87.45,339.512,356.922,3,4,ps
1778167262.521592,4,1,1.037573,88.36,336.654,353.356,3,4,ps
1778167262.9329615,4,2,1.04544,81.79,361.217,382.485,3,4,ps
1778167263.3612,4,3,0.856269,80.15,368.65,391.709,3,4,ps
1778167263.754253,4,4,1.110456,84.12,340.66,371.458,3,4,ps
1778167264.148935,4,5,1.10151,86.23,339.133,361.939,3,4,ps
1778167264.542736,4,6,0.995374,84.9,345.708,367.998,3,4,ps
1778167264.9324787,4,7,0.685844,85.4,343.53,367.402,3,4,ps
1778167265.3433876,4,8,0.939914,79.83,355.137,392.002,3,4,ps
1778167265.7574754,4,9,0.627884,80.89,368.025,386.681,3,4,ps
1778167266.1656106,4,10,0.674668,82.16,361.819,380.456,3,4,ps
1778167266.6259263,4,11,0.694027,74.15,403.036,422.337,3,4,ps
1778167267.0487394,4,12,0.498961,79.91,367.175,391.564,3,4,ps
1778167267.477901,4,13,0.773823,77.06,365.621,406.479,3,4,ps
1778167267.90725,4,14,0.98878,79.46,370.87,395.545,3,4,ps
1778167268.32398,4,15,0.939941,78.62,368.759,399.049,3,4,ps
1778167268.7221239,4,16,0.913153,85.64,341.499,364.719,3,4,ps
1778167269.1187165,4,17,0.616893,87.31,342.227,357.567,3,4,ps
1778167269.5587342,4,18,0.930963,76.66,386.586,408.499,3,4,ps
1778167269.97896,4,19,0.611543,83.63,350.708,373.982,3,4,ps
1778167270.3696783,4,20,0.687729,84.0,336.585,371.956,3,4,ps
1778167270.7819457,4,21,0.70957,80.86,369.32,387.253,3,4,ps
1778167271.1819189,4,22,0.397849,86.56,339.146,360.885,3,4,ps
1778167271.577742,4,23,0.884069,83.86,345.51,372.662,3,4,ps
1778167271.9896665,4,24,1.044194,82.16,356.839,380.728,3,4,ps
1778167272.3965209,4,25,0.483994,83.79,355.496,372.999,3,4,ps
1778167272.7924674,4,26,0.881424,82.73,359.653,378.542,3,4,ps
1778167273.2663682,4,27,0.725122,68.84,437.304,457.58,3,4,ps
1778167273.673823,4,28,0.910023,80.59,351.592,388.899,3,4,ps
1778167274.069929,4,29,0.717352,83.84,353.913,372.915,3,4,ps
1778167274.475529,4,30,1.027192,85.27,341.43,367.287,3,4,ps
1778167274.8699687,4,31,0.591951,83.85,353.424,372.629,3,4,ps
1778167275.283232,4,32,0.943622,82.6,359.817,378.515,3,4,ps
1778167275.6792185,4,33,0.99475,86.3,336.904,363.104,3,4,ps
1778167276.0964813,4,34,0.643631,80.75,363.191,387.568,3,4,ps
1778167276.50362,4,35,0.782816,82.63,360.079,378.549,3,4,ps
1778167276.9183903,4,36,0.457804,83.36,360.841,376.211,3,4,ps
1778167277.322827,4,37,0.939334,81.91,346.376,383.339,3,4,ps
1778167277.7372284,4,38,0.7163,79.02,377.992,396.148,3,4,ps
1778167278.1679432,4,39,0.548258,76.32,376.062,410.388,3,4,ps
1778167278.590736,4,40,0.901528,77.69,374.461,403.663,3,4,ps
1778167279.0249426,4,41,0.888124,78.32,374.342,400.325,3,4,ps
1778167279.4166968,4,42,0.664663,88.09,332.785,355.239,3,4,ps
1778167279.8181033,4,43,0.802171,81.63,349.273,383.24,3,4,ps
1778167280.2404213,4,44,0.741065,81.02,357.498,386.127,3,4,ps
1778167280.632485,4,45,0.619923,85.96,335.311,363.377,3,4,ps
1778167281.0233905,4,46,0.866063,86.21,343.191,362.752,3,4,ps
1778167281.434475,4,47,0.899895,83.18,347.357,375.741,3,4,ps
1778167281.8351436,4,48,0.879666,83.3,349.425,375.297,3,4,ps
1778167282.2379339,4,49,0.860963,83.87,350.044,372.672,3,4,ps
1778167282.6410468,4,50,1.039343,85.84,345.624,363.804,3,4,ps
1778167283.0648549,4,51,0.71592,79.93,367.584,391.742,3,4,ps
1778167283.4952278,4,52,0.609097,81.85,353.256,383.19,3,4,ps
1778167283.8882887,4,53,0.716003,83.58,351.549,374.079,3,4,ps
1778167284.2873964,4,54,0.56667,83.88,355.428,372.833,3,4,ps
1778167284.6811268,4,55,0.597191,86.85,331.881,360.256,3,4,ps
1778167285.0741768,4,56,0.705773,87.45,337.091,356.897,3,4,ps
1778167285.4763737,4,57,0.650802,85.08,341.415,367.935,3,4,ps
1778167285.8749762,4,58,0.748187,85.01,338.551,367.416,3,4,ps
1778167286.2842028,4,59,0.826879,82.47,358.389,379.027,3,4,ps
1778167286.6886759,4,60,0.59627,86.86,335.836,360.867,3,4,ps
1778167287.0880568,4,61,0.572842,82.1,364.872,380.802,3,4,ps
1778167287.4980445,4,62,0.753898,82.92,356.689,377.005,3,4,ps
1778167287.940261,4,63,0.493205,76.19,390.446,410.939,3,4,ps
1778167288.335612,4,64,0.689428,86.67,339.386,360.115,3,4,ps
1778167288.7369037,4,65,0.545789,84.66,347.418,369.196,3,4,ps
1778167289.1418602,4,66,1.245213,82.97,354.486,376.815,3,4,ps
1778167289.5398548,4,67,0.786635,84.42,350.631,370.391,3,4,ps
1778167289.9264789,4,68,0.651,85.49,337.902,367.117,3,4,ps
1778167290.339483,4,69,0.823213,82.69,353.338,378.004,3,4,ps
1778167290.7871501,4,70,0.934001,76.2,388.236,411.167,3,4,ps
1778167291.2202146,4,71,0.580343,79.24,364.97,395.108,3,4,ps
1778167291.6606333,4,72,0.861243,76.85,380.733,407.446,3,4,ps
1778167292.0801642,4,73,0.815496,80.17,340.169,390.173,3,4,ps
1778167292.5199485,4,74,0.80846,76.96,382.575,408.181,3,4,ps
1778167292.955963,4,75,0.80154,75.19,383.184,417.35,3,4,ps
1778167293.4041383,4,76,0.528317,75.53,392.031,415.047,3,4,ps
1778167293.8326242,4,77,0.636365,79.16,368.647,396.197,3,4,ps
1778167294.237899,4,78,0.728384,85.79,326.406,364.004,3,4,ps
1778167294.6535602,4,79,0.665176,80.53,369.113,388.564,3,4,ps
1778167295.0583248,4,80,0.929704,83.74,352.242,374.882,3,4,ps
1778167295.4684432,4,81,0.720813,79.93,370.568,391.359,3,4,ps
1778167295.885209,4,82,0.997671,81.41,361.723,384.197,3,4,ps
1778167296.2931461,4,83,0.539211,83.12,359.257,376.312,3,4,ps
1778167296.7252047,4,84,0.481686,76.75,382.498,408.486,3,4,ps
1778167297.1470792,4,85,0.627229,83.22,353.386,375.814,3,4,ps
1778167297.5644321,4,86,1.054141,80.41,351.032,389.666,3,4,ps
1778167297.9860346,4,87,0.758883,80.99,365.237,385.983,3,4,ps
1778167298.4104736,4,88,0.779432,79.98,361.964,392.384,3,4,ps
1778167298.8266542,4,89,0.694733,78.79,372.681,397.431,3,4,ps
1778167299.2477245,4,90,0.770935,79.53,373.829,393.358,3,4,ps
1778167299.6618242,4,91,0.845998,80.75,367.04,387.255,3,4,ps
1778167300.0763001,4,92,0.839141,82.08,356.694,381.757,3,4,ps
1778167300.4998138,4,93,0.863734,77.55,370.965,405.003,3,4,ps
1778167300.9060178,4,94,0.611144,82.56,348.212,378.664,3,4,ps
1778167301.3619177,4,95,0.863712,73.48,401.424,426.828,3,4,ps
1778167301.8091166,4,96,1.074227,73.46,391.659,427.313,3,4,ps
1778167302.2277625,4,97,0.939046,80.55,355.626,390.392,3,4,ps
1778167302.6892304,4,98,0.457706,70.87,412.018,442.667,3,4,ps
1778167303.1536067,4,99,1.016395,71.58,419.269,438.318,3,4,ps
1778167303.5824347,4,100,0.762788,81.67,361.316,383.561,3,4,ps
1778167304.0243232,4,101,1.450877,78.86,370.41,397.096,3,4,ps
1778167304.4296849,4,102,0.546129,82.64,350.53,378.031,3,4,ps
1778167304.8436792,4,103,0.43805,82.2,360.799,380.448,3,4,ps
1778167305.2800763,4,104,0.590767,77.36,383.205,404.949,3,4,ps
1778167305.6896966,4,105,0.7315,81.76,359.138,382.29,3,4,ps
1778167306.1151638,4,106,0.73011,77.06,366.462,406.329,3,4,ps
1778167306.5204444,4,107,0.667428,82.04,355.656,381.163,3,4,ps
1778167306.9208245,4,108,0.674387,84.6,327.452,369.099,3,4,ps
1778167307.361041,4,109,0.880028,76.05,389.789,411.951,3,4,ps
1778167307.7768633,4,110,0.758758,80.31,364.922,391.174,3,4,ps
1778167308.1905816,4,111,0.787039,79.38,373.282,394.464,3,4,ps
1778167308.621373,4,112,0.718435,78.64,368.76,398.229,3,4,ps
1778167309.028172,4,113,1.325852,82.14,354.447,380.786,3,4,ps
1778167309.4443717,4,114,0.538324,80.33,370.628,389.537,3,4,ps
1778167309.8616476,4,115,0.658908,81.79,362.787,382.45,3,4,ps
1778167310.2623858,4,116,0.804689,85.84,344.635,363.863,3,4,ps
1778167310.6769214,4,117,0.820296,82.0,357.269,381.502,3,4,ps
1778167311.079429,4,118,0.744363,85.82,342.622,364.113,3,4,ps
1778167311.4877377,4,119,0.495832,82.18,360.702,381.653,3,4,ps
1778167311.9086227,4,120,0.957237,77.9,379.903,403.571,3,4,ps
1778167312.3695126,4,121,0.904849,71.73,405.94,438.178,3,4,ps
1778167312.8011093,4,122,0.356381,76.08,376.102,411.727,3,4,ps
1778167313.290685,4,123,0.696938,69.54,426.5,451.355,3,4,ps
1778167313.7196038,4,124,0.724478,78.19,377.367,400.403,3,4,ps
1778167314.1606503,4,125,0.882819,74.68,366.323,420.222,3,4,ps
1778167314.5698261,4,126,0.791438,83.52,338.112,374.249,3,4,ps
1778167314.9853828,4,127,0.52996,82.71,355.481,378.264,3,4,ps
1778167315.4350567,4,128,0.674329,74.96,377.561,418.071,3,4,ps
1778167315.8386679,4,129,0.649171,84.15,336.108,371.349,3,4,ps
1778167316.268723,4,130,0.51586,77.82,381.208,402.345,3,4,ps
1778167316.6745903,4,131,0.732918,83.99,354.376,372.63,3,4,ps
1778167317.0773568,4,132,0.560218,84.98,349.903,367.791,3,4,ps
1778167317.5267596,4,133,0.510931,76.56,391.232,410.414,3,4,ps
1778167317.9457712,4,134,0.823455,80.95,365.224,386.481,3,4,ps
1778167318.389314,4,135,0.853319,78.0,380.171,402.85,3,4,ps
1778167318.8779676,4,136,0.642487,68.5,419.627,460.551,3,4,ps
1778167319.368292,4,137,0.473603,71.15,410.695,440.995,3,4,ps
1778167319.8284419,4,138,0.794288,73.74,393.203,425.089,3,4,ps
1778167320.2739446,4,139,0.657351,76.41,382.902,411.583,3,4,ps
1778167320.6939971,4,140,0.671678,80.91,360.494,387.825,3,4,ps
1778167321.1065536,4,141,0.521465,83.41,351.711,375.482,3,4,ps
1778167321.5072494,4,142,0.677153,83.14,349.312,376.031,3,4,ps
1778167321.919097,4,143,0.5565,83.89,341.395,374.248,3,4,ps
1778167322.3269422,4,144,0.923247,80.5,358.127,390.359,3,4,ps
1778167322.778376,4,145,0.691843,72.51,407.097,432.528,3,4,ps
1778167323.3648272,4,146,0.428494,56.91,525.345,553.429,3,4,ps
1778167323.8162892,4,147,0.686924,75.25,392.276,416.4,3,4,ps
1778167324.2586136,4,148,0.525913,75.44,384.725,415.517,3,4,ps
1778167324.70297,4,149,0.796431,77.42,381.899,404.995,3,4,ps
1778167325.1136718,4,150,0.394132,83.62,345.792,373.812,3,4,ps
1778167325.5400023,4,151,0.917372,79.5,374.743,393.894,3,4,ps
1778167325.9361968,4,152,0.7167,85.62,345.134,365.1,3,4,ps
1778167326.3355954,4,153,0.415271,82.11,347.418,380.871,3,4,ps
1778167326.744422,4,154,0.654982,83.77,354.201,374.749,3,4,ps
1778167327.1429596,4,155,0.730491,84.75,345.35,368.651,3,4,ps
1778167327.547792,4,156,0.531781,83.99,353.481,372.295,3,4,ps
1778167327.9815555,4,157,0.53532,78.36,377.608,399.539,3,4,ps
1778167328.3824081,4,158,0.657152,83.93,345.057,373.516,3,4,ps
1778167328.8142357,4,159,0.654526,76.09,374.382,411.642,3,4,ps
1778167329.2247322,4,160,0.832408,81.71,363.803,383.444,3,4,ps
1778167329.6301017,4,161,0.931988,84.1,352.685,371.976,3,4,ps
1778167330.0500505,4,162,0.430538,79.04,371.037,396.822,3,4,ps
1778167330.4593096,4,163,0.793534,80.32,347.489,389.734,3,4,ps
1778167330.864714,4,164,0.827609,82.77,354.059,377.597,3,4,ps
1778167331.2783651,4,165,0.64427,82.28,347.673,380.199,3,4,ps
1778167331.687948,4,166,0.54935,84.46,352.769,369.804,3,4,ps
1778167332.093964,4,167,0.681045,84.96,348.519,367.97,3,4,ps
1778167332.5056334,4,168,0.917437,82.4,355.341,380.256,3,4,ps
1778167332.903809,4,169,0.661552,83.61,356.689,374.967,3,4,ps
1778167333.4028382,4,170,0.86499,65.41,447.446,480.17,3,4,ps
1778167333.8585334,4,171,0.774706,74.57,401.392,419.869,3,4,ps
1778167334.2905145,4,172,0.532897,78.9,377.54,396.644,3,4,ps
1778167334.7098804,4,173,0.9868,79.89,343.234,391.933,3,4,ps
1778167335.1125488,4,174,0.829886,81.46,363.74,383.909,3,4,ps
1778167335.524856,4,175,0.731361,80.05,372.524,390.889,3,4,ps
1778167335.9251375,4,176,0.552287,85.11,321.724,367.679,3,4,ps
1778167336.3279974,4,177,0.47548,82.83,358.622,377.432,3,4,ps
1778167336.7403295,4,178,0.771088,81.0,366.339,386.935,3,4,ps
1778167337.1446583,4,179,0.641357,84.31,351.697,371.438,3,4,ps
1778167337.5460098,4,180,0.880748,81.71,360.421,384.365,3,4,ps
1778167337.9546466,4,181,0.583624,80.19,371.533,390.237,3,4,ps
1778167338.3863165,4,182,0.853063,75.86,381.751,413.213,3,4,ps
1778167338.7937727,4,183,1.15146,83.2,354.03,376.301,3,4,ps
1778167339.251488,4,184,0.651751,75.16,375.353,418.722,3,4,ps
1778167339.656496,4,185,1.168754,82.63,353.939,378.432,3,4,ps
1778167340.074101,4,186,0.710864,83.13,358.195,375.921,3,4,ps
1778167340.4908671,4,187,0.955225,82.99,356.319,377.027,3,4,ps
1778167340.8936422,4,188,0.563175,84.09,348.066,371.843,3,4,ps
1778167341.305998,4,189,0.845001,82.61,360.357,378.721,3,4,ps
1778167341.7387028,4,190,0.765546,76.72,387.655,409.738,3,4,ps
1778167342.1547701,4,191,0.766129,78.98,339.025,397.838,3,4,ps
1778167342.5902472,4,192,0.517092,75.34,371.445,416.023,3,4,ps
1778167343.0090587,4,193,0.85831,81.05,353.291,387.09,3,4,ps
1778167343.4980435,4,194,0.524258,67.06,443.399,467.906,3,4,ps
1778167343.936395,4,195,0.608063,77.82,372.075,402.287,3,4,ps
1778167344.3639824,4,196,0.809869,78.68,374.978,397.843,3,4,ps
1778167344.860521,4,197,0.8414,68.72,434.004,456.93,3,4,ps
1778167345.335142,4,198,0.602536,73.09,391.242,429.034,3,4,ps
1778167345.7362862,4,199,0.272961,84.76,349.402,369.878,3,4,ps
1778167346.1535892,4,200,0.820436,79.91,365.734,391.259,3,4,ps
1778167346.548396,4,201,1.047535,86.18,340.35,362.617,3,4,ps
1778167346.9543552,4,202,0.858869,82.2,350.55,380.67,3,4,ps
1778167347.3721387,4,203,0.538564,82.76,355.603,377.748,3,4,ps
1778167347.779375,4,204,0.812538,82.44,359.009,379.155,3,4,ps
1778167348.2074864,4,205,0.767219,79.54,367.287,393.541,3,4,ps
1778167348.6063344,4,206,1.133435,84.85,341.398,369.141,3,4,ps
1778167349.0250292,4,207,0.83946,79.26,358.583,394.759,3,4,ps
1778167349.4622803,4,208,0.637656,77.77,383.705,402.565,3,4,ps
1778167349.8647616,4,209,0.614393,83.41,358.267,376.671,3,4,ps
1778167350.2733562,4,210,0.816603,82.51,358.489,378.656,3,4,ps
1778167350.688896,4,211,0.492774,80.94,357.552,386.756,3,4,ps
1778167351.0883574,4,212,0.339056,87.45,340.733,356.81,3,4,ps
1778167351.4960992,4,213,0.866009,81.0,362.916,386.033,3,4,ps
1778167351.9036746,4,214,0.976127,82.7,351.71,378.077,3,4,ps
1778167352.306896,4,215,0.575557,83.82,349.204,373.121,3,4,ps
1778167352.7231772,4,216,0.863166,82.76,362.971,379.526,3,4,ps
1778167353.1824102,4,217,0.639055,71.63,404.662,438.341,3,4,ps
1778167353.627261,4,218,0.901634,81.94,361.864,383.43,3,4,ps
1778167354.0976176,4,219,0.63543,72.65,410.413,431.772,3,4,ps
1778167354.516316,4,220,0.485988,83.52,354.974,374.272,3,4,ps
1778167354.9167347,4,221,0.940128,84.3,347.505,371.37,3,4,ps
1778167355.3614545,4,222,0.492725,74.74,390.804,419.088,3,4,ps
1778167355.7737784,4,223,0.794692,84.75,352.754,368.701,3,4,ps
1778167356.1940699,4,224,0.656573,80.63,367.9,388.057,3,4,ps
1778167356.5930648,4,225,0.674894,85.12,339.582,367.058,3,4,ps
1778167356.994589,4,226,0.813481,83.51,352.015,375.535,3,4,ps
1778167357.429394,4,227,0.725475,78.42,382.291,399.21,3,4,ps
1778167357.823048,4,228,0.7874,84.25,352.992,370.968,3,4,ps
1778167358.2218509,4,229,0.55516,82.18,349.231,380.413,3,4,ps
1778167358.6522992,4,230,0.617727,77.59,383.436,405.13,3,4,ps
1778167359.10341,4,231,0.515614,75.52,387.178,414.884,3,4,ps
1778167359.5196712,4,232,0.599049,84.05,341.638,372.046,3,4,ps
1778167359.9338608,4,233,0.577493,81.94,360.299,381.637,3,4,ps
1778167360.3458238,4,234,0.350871,82.84,356.58,377.243,3,4,ps
1778167360.7580905,4,235,0.613835,81.1,360.54,385.747,3,4,ps
1778167361.156228,4,236,0.938931,84.01,344.336,371.933,3,4,ps
1778167361.5554726,4,237,0.52343,88.7,337.832,351.831,3,4,ps
1778167361.9741323,4,238,0.720101,80.24,367.151,389.925,3,4,ps
1778167362.3723772,4,239,0.521813,84.21,347.249,371.186,3,4,ps
1778167362.77334,4,240,1.175368,81.76,351.696,382.447,3,4,ps
1778167363.229017,4,241,0.884033,72.46,401.608,433.308,3,4,ps
1778167363.6363885,4,242,0.525887,85.83,342.875,365.582,3,4,ps
1778167364.0404105,4,243,0.614477,85.04,350.995,367.515,3,4,ps
1778167364.4822896,4,244,0.499053,74.11,389.601,422.818,3,4,ps
1778167364.9038606,4,245,0.610249,79.89,362.427,391.535,3,4,ps
1778167365.3418489,4,246,0.702232,76.46,382.121,409.743,3,4,ps
1778167365.747293,4,247,0.729565,83.41,331.619,374.831,3,4,ps
1778167366.1676593,4,248,0.714335,80.88,350.567,386.628,3,4,ps
1778167366.6191595,4,249,0.606148,76.25,376.73,410.677,3,4,ps
1778167367.0184867,4,250,0.720216,83.53,345.882,374.339,3,4,ps
1778167367.4276822,4,251,0.78261,84.15,348.896,371.253,3,4,ps
1778167367.840789,4,252,0.75904,81.38,334.489,384.202,3,4,ps
1778167368.2366996,4,253,0.521147,84.83,339.995,368.248,3,4,ps
1778167368.6508045,4,254,0.913285,80.91,360.283,387.748,3,4,ps
1778167369.049492,4,255,0.474938,85.56,333.188,364.965,3,4,ps
1778167369.4582071,4,256,0.897964,81.83,365.342,383.999,3,4,ps
1778167369.879789,4,257,0.799325,82.38,356.987,379.479,3,4,ps
1778167370.280906,4,258,0.65599,81.76,362.56,382.605,3,4,ps
1778167370.6872532,4,259,0.621959,83.36,354.143,375.224,3,4,ps
1778167371.1093051,4,260,0.707155,78.05,373.48,401.066,3,4,ps
1778167371.5067973,4,261,0.825443,86.42,323.651,361.514,3,4,ps
1778167371.9139452,4,262,0.720768,82.29,361.034,380.725,3,4,ps
1778167372.3168025,4,263,0.901636,84.86,348.07,369.821,3,4,ps
1778167372.7180104,4,264,0.601698,81.74,356.726,383.135,3,4,ps
1778167373.1504276,4,265,1.058242,77.16,362.845,406.176,3,4,ps
1778167373.5648248,4,266,0.599385,85.7,336.863,366.137,3,4,ps
1778167373.953345,4,267,0.556446,84.4,345.258,370.266,3,4,ps
1778167374.3842373,4,268,0.432549,79.82,373.324,391.993,3,4,ps
1778167374.8226643,4,269,0.593537,78.15,379.966,400.449,3,4,ps
1778167375.2508414,4,270,0.750644,78.59,373.777,398.263,3,4,ps
1778167375.673979,4,271,0.602438,81.15,360.213,385.238,3,4,ps
1778167376.0799468,4,272,0.749613,83.2,356.815,376.003,3,4,ps
1778167376.5318196,4,273,0.671889,73.33,405.942,428.074,3,4,ps
1778167376.988973,4,274,0.562592,73.15,401.71,430.239,3,4,ps
1778167377.4274108,4,275,0.734737,75.15,390.429,416.95,3,4,ps
1778167377.860565,4,276,0.968394,78.2,378.379,400.373,3,4,ps
1778167378.2755544,4,277,0.766245,83.41,351.422,374.773,3,4,ps
1778167378.681836,4,278,0.525882,82.79,350.488,377.761,3,4,ps
1778167379.0959609,4,279,0.691802,83.2,355.555,376.015,3,4,ps
1778167379.4885576,4,280,0.774334,85.72,343.916,364.63,3,4,ps
1778167379.9148324,4,281,0.429379,79.13,373.461,395.488,3,4,ps
1778167380.3319561,4,282,0.662875,79.92,360.087,391.63,3,4,ps
1778167380.7360816,4,283,0.692654,83.21,350.44,375.734,3,4,ps
1778167381.1653843,4,284,0.64123,80.15,374.009,390.205,3,4,ps
1778167381.5998538,4,285,1.039378,77.56,377.594,403.672,3,4,ps
1778167382.0128872,4,286,0.932143,81.31,355.339,384.717,3,4,ps
1778167382.4199944,4,287,0.751907,82.39,353.975,381.31,3,4,ps
1778167382.8179634,4,288,0.754065,82.48,362.049,380.302,3,4,ps
1778167383.285293,4,289,0.469688,71.76,407.153,437.092,3,4,ps
1778167383.7059402,4,290,0.953756,81.1,354.625,385.793,3,4,ps
1778167384.1065118,4,291,1.054421,84.44,341.184,370.068,3,4,ps
1778167384.5572972,4,292,0.808377,74.44,394.594,421.106,3,4,ps
1778167385.0159569,4,293,0.46464,71.61,403.739,437.996,3,4,ps
1778167385.496268,4,294,0.699944,70.96,410.797,442.057,3,4,ps
1778167385.9602053,4,295,0.620628,72.61,403.44,431.885,3,4,ps
1778167386.3837512,4,296,0.630544,80.65,369.615,388.015,3,4,ps
1778167386.8363545,4,297,0.595692,76.01,388.166,412.119,3,4,ps
1778167387.270728,4,298,0.802306,78.96,375.993,397.115,3,4,ps
1778167387.7207603,4,299,0.73347,72.93,407.328,430.031,3,4,ps
1778167388.2160413,4,300,1.243666,67.44,432.124,465.674,3,4,ps
1778167388.653766,4,301,0.731395,76.44,370.354,410.028,3,4,ps
1778167389.084551,4,302,0.654365,81.32,366.766,385.775,3,4,ps
1778167389.5258274,4,303,0.613843,77.61,373.395,403.565,3,4,ps
1778167389.9195614,4,304,0.801451,87.42,331.565,357.342,3,4,ps
1778167390.3479357,4,305,0.482183,77.95,380.554,401.673,3,4,ps
1778167390.7487717,4,306,0.378206,85.27,344.841,367.647,3,4,ps
1778167391.1465647,4,307,0.651206,82.52,350.6,378.849,3,4,ps
1778167391.5833938,4,308,0.728563,75.78,394.818,413.424,3,4,ps
1778167391.9824746,4,309,0.655246,85.77,343.515,364.932,3,4,ps
1778167392.3866324,4,310,0.760132,81.11,364.716,385.767,3,4,ps
1778167392.7919004,4,311,0.820479,86.07,332.445,362.473,3,4,ps
1778167393.2250965,4,312,0.826764,77.0,384.519,406.885,3,4,ps
1778167393.6399856,4,313,0.813776,82.0,356.824,383.04,3,4,ps
1778167394.0356007,4,314,0.478688,82.97,358.737,377.453,3,4,ps
1778167394.439583,4,315,0.519785,81.11,361.409,385.641,3,4,ps
1778167394.8372867,4,316,0.451127,86.58,343.195,361.444,3,4,ps
1778167395.261466,4,317,0.872429,78.46,377.993,399.045,3,4,ps
1778167395.6859899,4,318,0.464932,79.89,363.63,391.746,3,4,ps
1778167396.102912,4,319,0.56153,79.71,367.426,392.734,3,4,ps
1778167396.5059738,4,320,0.902629,84.08,331.83,371.631,3,4,ps
1778167396.9182057,4,321,0.675713,83.16,354.935,376.049,3,4,ps
1778167397.3264089,4,322,0.535016,81.46,354.565,385.222,3,4,ps
1778167397.730937,4,323,0.676023,80.92,369.275,386.504,3,4,ps
1778167398.1660166,4,324,0.513274,76.82,387.847,407.693,3,4,ps
1778167398.5858338,4,325,0.472616,82.41,353.31,379.304,3,4,ps
1778167398.9811058,4,326,0.752421,84.52,345.631,369.984,3,4,ps
1778167399.391639,4,327,0.978351,82.15,359.336,380.745,3,4,ps
1778167399.7854633,4,328,1.10711,83.43,347.46,374.24,3,4,ps
1778167400.1779056,4,329,0.773248,85.9,340.947,364.232,3,4,ps
1778167400.598189,4,330,0.562085,79.85,367.032,391.777,3,4,ps
1778167400.9967961,4,331,1.002955,84.39,335.3,370.23,3,4,ps
1778167401.4070308,4,332,0.694196,83.08,351.942,376.234,3,4,ps
1778167401.8170884,4,333,0.790941,80.94,359.644,387.083,3,4,ps
1778167402.2206075,4,334,0.723342,81.23,352.394,385.095,3,4,ps
1778167402.6150386,4,335,0.59012,83.07,341.624,376.378,3,4,ps
1778167403.030112,4,336,0.678202,82.35,359.204,380.476,3,4,ps
1778167403.4630206,4,337,0.800434,76.76,383.85,407.949,3,4,ps
1778167403.864853,4,338,0.381011,85.24,346.375,366.464,3,4,ps
1778167404.2728853,4,339,0.827376,85.89,342.853,363.502,3,4,ps
1778167404.6659422,4,340,0.761633,85.91,343.706,363.55,3,4,ps
1778167405.074652,4,341,0.804281,80.17,366.108,391.856,3,4,ps
1778167405.4842088,4,342,0.513272,80.03,356.443,391.063,3,4,ps
1778167405.8982208,4,343,0.563989,80.64,365.856,389.544,3,4,ps
1778167406.315979,4,344,0.800253,81.14,361.061,385.479,3,4,ps
1778167406.7241619,4,345,0.549651,85.39,343.261,365.755,3,4,ps
1778167407.1556826,4,346,0.92302,76.5,392.256,411.049,3,4,ps
1778167407.567074,4,347,0.929678,84.73,351.054,368.816,3,4,ps
1778167407.96432,4,348,0.711917,83.58,347.011,373.982,3,4,ps
1778167408.3732884,4,349,0.808866,82.5,358.357,379.081,3,4,ps
1778167408.8052723,4,350,0.592415,77.69,381.66,403.092,3,4,ps
1778167409.223383,4,351,0.508351,81.25,357.667,384.815,3,4,ps
1778167409.6331718,4,352,0.614736,80.86,368.791,388.072,3,4,ps
1778167410.0365813,4,353,0.495297,81.47,363.097,384.102,3,4,ps
1778167410.4295065,4,354,1.096789,85.07,341.685,367.246,3,4,ps
1778167410.83891,4,355,0.53868,81.35,354.227,384.476,3,4,ps
1778167411.2540033,4,356,0.816763,81.5,363.306,385.102,3,4,ps
1778167411.6636534,4,357,0.503274,80.04,368.512,391.304,3,4,ps
1778167412.075294,4,358,0.721134,82.83,355.525,377.26,3,4,ps
1778167412.4730847,4,359,0.498588,84.24,352.537,371.812,3,4,ps
1778167412.889779,4,360,0.922834,78.55,368.327,398.533,3,4,ps
1778167413.3754294,4,361,0.627675,69.28,431.768,452.944,3,4,ps
1778167413.7812045,4,362,0.895787,84.26,354.072,370.924,3,4,ps
1778167414.196792,4,363,0.520499,81.78,362.403,384.369,3,4,ps
1778167414.597738,4,364,0.788208,84.14,341.708,371.516,3,4,ps
1778167414.9967008,4,365,0.612536,84.17,352.197,371.341,3,4,ps
1778167415.4287214,4,366,0.809023,80.96,367.471,386.314,3,4,ps
1778167415.8225098,4,367,1.105972,83.95,351.99,372.277,3,4,ps
1778167416.2505906,4,368,0.595532,78.99,376.284,397.65,3,4,ps
1778167416.654405,4,369,0.636069,81.33,362.467,384.613,3,4,ps
1778167417.0693588,4,370,0.528155,83.13,352.243,376.019,3,4,ps
1778167417.4782016,4,371,0.925681,82.89,350.473,377.445,3,4,ps
1778167417.8589888,4,372,0.716949,89.18,329.704,349.784,3,4,ps
1778167418.2392077,4,373,0.863861,90.15,329.758,346.025,3,4,ps
1778167418.6423914,4,374,0.456653,83.71,356.041,373.457,3,4,ps
1778167419.0282056,4,375,0.560464,89.13,334.706,350.419,3,4,ps
1778167419.4470284,4,376,0.755977,81.87,362.584,381.981,3,4,ps
1778167419.8732793,4,377,0.644203,79.04,371.207,397.266,3,4,ps
1778167420.2689748,4,378,0.663541,82.8,353.454,377.804,3,4,ps
1778167420.6583495,4,379,0.928783,85.51,340.911,365.305,3,4,ps
1778167421.0527053,4,380,0.833148,86.36,343.287,361.668,3,4,ps
1778167421.4682643,4,381,0.630978,79.96,369.291,391.415,3,4,ps
1778167421.876658,4,382,0.674977,80.22,353.747,389.936,3,4,ps
1778167422.2829707,4,383,0.772956,82.73,351.178,377.744,3,4,ps
1778167422.6805122,4,384,0.920849,83.26,356.774,376.824,3,4,ps
1778167423.0804017,4,385,0.606809,85.06,334.559,367.496,3,4,ps
1778167423.5308886,4,386,0.618676,75.0,370.288,417.757,3,4,ps
1778167423.9276884,4,387,0.576232,85.21,341.764,366.83,3,4,ps
1778167424.3357365,4,388,0.645685,80.91,343.719,387.227,3,4,ps
1778167424.7333019,4,389,0.430896,85.75,331.414,364.258,3,4,ps
1778167425.0863538,4,390,0.78728,59.13,307.771,329.371,3,4,ps
1778167428.472004,5,0,0.76973,87.97,339.578,354.956,3,4,ps
1778167428.8619454,5,1,0.758023,85.63,331.833,365.95,3,4,ps
1778167429.2505858,5,2,0.519521,84.4,350.755,370.213,3,4,ps
1778167429.652708,5,3,0.659782,83.15,352.936,375.592,3,4,ps
1778167430.064503,5,4,0.58809,82.41,360.638,379.425,3,4,ps
1778167430.476946,5,5,0.635902,81.21,362.653,385.22,3,4,ps
1778167430.881766,5,6,0.626804,83.57,354.036,373.814,3,4,ps
1778167431.2773077,5,7,0.939688,82.94,350.652,376.571,3,4,ps
1778167431.686424,5,8,0.455786,82.86,353.107,377.411,3,4,ps
1778167432.091722,5,9,0.837751,83.43,351.969,374.828,3,4,ps
1778167432.4947832,5,10,0.677715,84.12,340.648,372.405,3,4,ps
1778167432.897589,5,11,0.540191,84.8,334.309,369.761,3,4,ps
1778167433.3588686,5,12,0.386413,70.89,423.548,442.388,3,4,ps
1778167433.753265,5,13,0.712808,85.92,344.216,364.32,3,4,ps
1778167434.1577609,5,14,0.776274,82.13,361.89,380.996,3,4,ps
1778167434.5715122,5,15,0.662219,80.18,364.949,391.082,3,4,ps
1778167434.9629064,5,16,0.713668,83.78,354.035,373.108,3,4,ps
1778167435.381539,5,17,0.800976,78.42,380.465,399.218,3,4,ps
1778167435.7801085,5,18,0.508026,83.34,345.414,375.279,3,4,ps
1778167436.1716776,5,19,0.971898,84.31,354.124,372.323,3,4,ps
1778167436.574993,5,20,0.487478,84.62,349.272,369.361,3,4,ps
1778167436.9846928,5,21,0.613712,84.1,347.882,371.644,3,4,ps
1778167437.3744915,5,22,0.474905,84.1,352.556,371.476,3,4,ps
1778167437.8221624,5,23,0.639842,75.12,394.765,417.297,3,4,ps
1778167438.2207606,5,24,0.906514,84.96,342.536,367.857,3,4,ps
1778167438.6200335,5,25,0.757261,84.26,348.829,370.486,3,4,ps
1778167439.0227125,5,26,0.545437,83.66,346.982,373.811,3,4,ps
1778167439.4229796,5,27,0.757829,83.65,348.552,374.045,3,4,ps
1778167439.827435,5,28,0.580446,86.21,345.882,362.276,3,4,ps
1778167440.2349055,5,29,0.644524,81.93,354.81,382.377,3,4,ps
1778167440.6448839,5,30,0.646156,79.8,363.022,392.046,3,4,ps
1778167441.0739887,5,31,0.706105,78.11,373.096,400.792,3,4,ps
1778167441.4657257,5,32,0.856157,85.75,340.674,365.498,3,4,ps
1778167441.8559804,5,33,0.518218,84.16,343.989,371.502,3,4,ps
1778167442.2758749,5,34,0.726129,80.06,369.154,390.893,3,4,ps
1778167442.700057,5,35,0.423751,80.06,372.855,390.595,3,4,ps
1778167443.0873237,5,36,0.608883,89.76,332.024,348.869,3,4,ps
1778167443.5337467,5,37,0.742148,75.2,383.781,417.32,3,4,ps
1778167443.9236643,5,38,0.786842,84.08,340.544,371.665,3,4,ps
1778167444.3181531,5,39,0.771978,84.64,346.559,370.125,3,4,ps
1778167444.7093716,5,40,1.18135,86.67,337.496,360.179,3,4,ps
1778167445.096388,5,41,0.700756,87.85,337.44,355.23,3,4,ps
1778167445.4959822,5,42,0.545734,88.04,331.112,354.633,3,4,ps
1778167445.8886447,5,43,0.919084,85.02,335.191,367.461,3,4,ps
1778167446.2693834,5,44,0.789633,87.65,338.917,357.33,3,4,ps
1778167446.667715,5,45,0.802055,82.19,354.777,382.259,3,4,ps
1778167447.0633383,5,46,0.480266,82.82,338.062,377.604,3,4,ps
1778167447.4672673,5,47,0.314872,83.27,348.937,375.537,3,4,ps
1778167447.8733044,5,48,0.71392,84.01,354.146,373.037,3,4,ps
1778167448.2663147,5,49,0.508845,84.31,350.706,370.825,3,4,ps
1778167448.645357,5,50,0.969819,88.26,328.028,353.507,3,4,ps
1778167449.039985,5,51,0.563591,84.8,350.483,368.558,3,4,ps
1778167449.4216144,5,52,0.693664,91.18,328.029,343.343,3,4,ps
1778167449.8015275,5,53,0.934264,89.22,330.685,350.46,3,4,ps
1778167450.1957667,5,54,0.739653,84.86,347.963,369.421,3,4,ps
1778167450.5849361,5,55,0.660612,84.39,339.859,370.363,3,4,ps
1778167450.9635863,5,56,0.541531,87.69,337.347,357.697,3,4,ps
1778167451.3929958,5,57,0.895481,76.23,389.224,410.93,3,4,ps
1778167451.7974222,5,58,0.438002,82.76,355.648,377.539,3,4,ps
1778167452.1845677,5,59,0.403704,86.67,340.059,360.303,3,4,ps
1778167452.5989585,5,60,1.075423,81.66,360.65,382.973,3,4,ps
1778167452.9872313,5,61,0.824067,87.78,333.029,355.499,3,4,ps
1778167453.454735,5,62,0.586701,71.26,419.954,441.332,3,4,ps
1778167453.8442757,5,63,0.552827,84.28,344.418,371.457,3,4,ps
1778167454.2456698,5,64,0.634156,84.44,342.087,370.486,3,4,ps
1778167454.6367493,5,65,0.793123,85.55,345.603,365.075,3,4,ps
1778167455.0271232,5,66,0.860131,87.92,338.357,356.795,3,4,ps
1778167455.4292202,5,67,0.4445,81.53,353.258,383.612,3,4,ps
1778167455.8312855,5,68,0.758944,84.1,349.64,371.668,3,4,ps
1778167456.226912,5,69,0.680928,86.92,341.596,359.307,3,4,ps
1778167456.612528,5,70,0.889071,89.42,331.017,348.936,3,4,ps
1778167457.0159013,5,71,0.71298,82.93,354.229,377.026,3,4,ps
1778167457.3997338,5,72,0.898944,86.71,340.566,361.933,3,4,ps
1778167457.8034668,5,73,0.627284,81.34,358.749,384.428,3,4,ps
1778167458.2191129,5,74,0.689037,81.53,352.484,383.679,3,4,ps
1778167458.6338298,5,75,0.611721,78.87,379.862,396.821,3,4,ps
1778167459.0265749,5,76,0.784375,86.99,341.205,359.65,3,4,ps
1778167459.4323752,5,77,0.640986,80.98,366.053,386.401,3,4,ps
1778167459.828031,5,78,1.060691,83.89,350.165,372.519,3,4,ps
1778167460.2187233,5,79,0.300624,87.89,337.023,356.176,3,4,ps
1778167460.614476,5,80,0.563866,86.12,337.971,362.837,3,4,ps
1778167461.0024288,5,81,0.40439,89.95,333.418,347.028,3,4,ps
1778167461.4039948,5,82,0.500347,83.91,351.929,373.236,3,4,ps
1778167461.795534,5,83,0.40085,86.76,338.051,359.661,3,4,ps
1778167462.2033784,5,84,0.676428,84.06,351.515,371.857,3,4,ps
1778167462.6114686,5,85,0.538093,81.57,360.23,383.625,3,4,ps
1778167463.0105822,5,86,0.883061,85.91,326.977,363.313,3,4,ps
1778167463.4731972,5,87,0.718161,72.78,407.277,430.785,3,4,ps
1778167463.875569,5,88,0.430732,84.04,346.869,371.636,3,4,ps
1778167464.2742414,5,89,0.518125,85.21,349.089,367.255,3,4,ps
1778167464.667637,5,90,0.77964,85.8,333.708,365.575,3,4,ps
1778167465.06029,5,91,0.569542,83.56,356.231,374.051,3,4,ps
1778167465.4593678,5,92,0.452349,84.05,351.916,371.727,3,4,ps
1778167465.858109,5,93,0.771988,85.25,346.035,366.31,3,4,ps
1778167466.2541022,5,94,0.726585,85.26,335.605,366.533,3,4,ps
1778167466.6388116,5,95,0.635732,87.87,338.307,355.391,3,4,ps
1778167467.0412147,5,96,0.632323,83.65,356.258,373.814,3,4,ps
1778167467.4259586,5,97,0.860234,87.33,329.041,358.727,3,4,ps
1778167467.832954,5,98,0.54059,82.38,352.983,380.808,3,4,ps
1778167468.2452297,5,99,0.717979,81.95,359.604,383.256,3,4,ps
1778167468.635668,5,100,0.803772,83.91,349.685,373.095,3,4,ps
1778167469.0327291,5,101,0.669401,82.54,357.721,380.54,3,4,ps
1778167469.4463158,5,102,0.573258,80.03,363.618,390.965,3,4,ps
1778167469.8489304,5,103,0.58168,85.51,340.524,365.093,3,4,ps
1778167470.254956,5,104,0.536448,81.59,363.221,383.511,3,4,ps
1778167470.672718,5,105,0.660682,82.89,355.45,377.3,3,4,ps
1778167471.0612304,5,106,0.426425,86.37,337.168,361.698,3,4,ps
1778167471.4571836,5,107,0.645406,84.58,342.356,369.487,3,4,ps
1778167471.8610384,5,108,0.818198,83.72,346.48,373.069,3,4,ps
1778167472.258308,5,109,0.799063,85.17,351.459,368.138,3,4,ps
1778167472.691598,5,110,0.668343,75.44,379.355,415.632,3,4,ps
1778167473.122643,5,111,0.499806,77.67,370.478,403.276,3,4,ps
1778167473.5528073,5,112,0.71898,78.81,367.172,398.564,3,4,ps
1778167473.9576268,5,113,0.731267,82.73,349.702,377.891,3,4,ps
1778167474.35407,5,114,0.576405,86.16,338.255,363.72,3,4,ps
1778167474.7489693,5,115,0.554017,86.59,344.476,360.779,3,4,ps
1778167475.1522245,5,116,0.571362,85.18,341.688,366.67,3,4,ps
1778167475.5624685,5,117,0.456374,79.69,374.576,392.862,3,4,ps
1778167475.9673069,5,118,0.752203,80.83,355.891,387.091,3,4,ps
1778167476.3670087,5,119,0.66043,85.09,344.918,367.054,3,4,ps
1778167476.7777092,5,120,0.406105,81.87,361.315,381.917,3,4,ps
1778167477.185896,5,121,0.595866,81.45,359.962,383.893,3,4,ps
1778167477.5978532,5,122,0.346468,81.31,358.519,384.787,3,4,ps
1778167477.9941752,5,123,0.828567,84.84,349.645,368.223,3,4,ps
1778167478.40791,5,124,0.907281,80.24,363.796,389.931,3,4,ps
1778167478.7984614,5,125,0.678005,88.43,336.405,354.625,3,4,ps
1778167479.1917443,5,126,0.439938,83.33,352.952,375.298,3,4,ps
1778167479.607389,5,127,0.515117,81.15,355.544,385.621,3,4,ps
1778167480.0054593,5,128,0.713433,84.14,347.459,371.073,3,4,ps
1778167480.4200275,5,129,0.754924,80.19,365.794,390.269,3,4,ps
1778167480.8211484,5,130,0.81952,85.27,336.625,366.42,3,4,ps
1778167481.1950645,5,131,0.384739,92.49,320.552,338.85,3,4,ps
1778167481.5841796,5,132,0.487491,87.16,335.094,359.344,3,4,ps
1778167481.9730933,5,133,0.51986,84.41,354.766,371.834,3,4,ps
1778167482.3590503,5,134,0.322088,84.85,347.588,368.42,3,4,ps
1778167482.7475321,5,135,1.121481,85.47,347.826,366.667,3,4,ps
1778167483.155952,5,136,0.429444,84.49,348.639,370.099,3,4,ps
1778167483.598067,5,137,0.328561,75.44,387.066,415.416,3,4,ps
1778167483.9993174,5,138,0.394464,84.54,340.665,369.697,3,4,ps
1778167484.3900218,5,139,1.017996,86.71,337.304,360.18,3,4,ps
1778167484.7792838,5,140,0.791996,84.08,329.887,371.49,3,4,ps
1778167485.1817923,5,141,0.862494,83.16,352.712,375.966,3,4,ps
1778167485.5812545,5,142,0.515626,85.96,347.403,363.176,3,4,ps
1778167485.9662569,5,143,0.52437,86.66,339.85,360.56,3,4,ps
1778167486.385903,5,144,0.509383,79.83,371.021,392.032,3,4,ps
1778167486.7816856,5,145,0.615851,88.72,321.512,351.87,3,4,ps
1778167487.1792068,5,146,0.436642,85.54,347.191,365.331,3,4,ps
1778167487.5806053,5,147,0.726271,84.62,351.472,370.607,3,4,ps
1778167487.972977,5,148,0.43187,83.57,344.884,374.096,3,4,ps
1778167488.3711972,5,149,0.546437,83.73,355.568,373.287,3,4,ps
1778167488.7539098,5,150,1.278748,86.73,333.117,360.185,3,4,ps
1778167489.1498876,5,151,0.540992,85.83,347.159,363.977,3,4,ps
1778167489.5439286,5,152,0.721819,86.29,342.982,363.472,3,4,ps
1778167489.9320168,5,153,0.646982,84.74,342.05,369.891,3,4,ps
1778167490.3155303,5,154,0.53329,86.08,346.058,363.034,3,4,ps
1778167490.7084196,5,155,0.64747,86.26,332.63,363.984,3,4,ps
1778167491.0943758,5,156,0.499252,84.93,342.696,367.79,3,4,ps
1778167491.4727635,5,157,0.586467,88.45,335.955,352.889,3,4,ps
1778167491.8870735,5,158,0.584449,79.62,367.699,393.127,3,4,ps
1778167492.2855508,5,159,0.398804,85.89,346.986,363.67,3,4,ps
1778167492.6838264,5,160,0.454641,84.09,354.333,371.779,3,4,ps
1778167493.087426,5,161,0.534881,86.63,334.979,362.256,3,4,ps
1778167493.5578992,5,162,0.814572,69.43,426.839,451.912,3,4,ps
1778167493.9708955,5,163,0.851321,82.45,361.763,379.393,3,4,ps
1778167494.391037,5,164,0.819025,78.1,366.909,402.57,3,4,ps
1778167494.7809591,5,165,0.813175,86.98,336.176,359.028,3,4,ps
1778167495.1789823,5,166,0.666227,84.69,346.992,369.124,3,4,ps
1778167495.5819526,5,167,0.718992,81.45,355.226,383.846,3,4,ps
1778167495.9624305,5,168,0.707263,90.54,328.801,344.614,3,4,ps
1778167496.3604116,5,169,0.630592,85.27,341.939,368.056,3,4,ps
1778167496.7537832,5,170,0.379033,83.43,351.495,375.625,3,4,ps
1778167497.1516368,5,171,0.711611,88.29,333.531,353.237,3,4,ps
1778167497.5603013,5,172,1.148025,84.71,354.067,369.177,3,4,ps
1778167497.9480133,5,173,0.850342,87.19,337.369,359.314,3,4,ps
1778167498.3420525,5,174,0.888278,83.16,332.324,377.257,3,4,ps
1778167498.7433202,5,175,0.449649,82.82,357.358,379.102,3,4,ps
1778167499.1395824,5,176,0.750874,82.78,347.298,377.355,3,4,ps
1778167499.5322852,5,177,0.618048,85.23,348.059,366.421,3,4,ps
1778167499.9383872,5,178,0.703579,82.19,355.87,380.417,3,4,ps
1778167500.3276262,5,179,0.709583,86.37,324.537,362.118,3,4,ps
1778167500.749352,5,180,0.524929,80.02,355.744,391.183,3,4,ps
1778167501.1423864,5,181,0.739249,85.33,347.022,366.157,3,4,ps
1778167501.538673,5,182,0.794916,83.83,347.578,372.618,3,4,ps
1778167501.9423804,5,183,0.33033,85.83,350.408,363.988,3,4,ps
1778167502.339786,5,184,0.678576,84.5,347.209,371.396,3,4,ps
1778167502.735056,5,185,0.646797,82.87,360.79,377.251,3,4,ps
1778167503.138821,5,186,0.584552,83.82,352.992,372.815,3,4,ps
1778167503.5652838,5,187,0.562226,80.76,365.029,387.407,3,4,ps
1778167503.9578998,5,188,0.889036,89.1,335.588,350.515,3,4,ps
1778167504.3641584,5,189,0.654824,83.53,350.306,375.393,3,4,ps
1778167504.7862506,5,190,0.386822,77.69,370.099,403.066,3,4,ps
1778167505.1938062,5,191,0.689692,83.2,348.02,375.912,3,4,ps
1778167505.635247,5,192,0.78286,74.71,389.108,419.435,3,4,ps
1778167506.029723,5,193,0.390191,85.86,345.456,363.718,3,4,ps
1778167506.4349914,5,194,1.038138,82.43,361.381,380.307,3,4,ps
1778167506.8420355,5,195,0.423039,80.47,364.473,388.753,3,4,ps
1778167507.239583,5,196,0.662583,84.75,350.638,368.397,3,4,ps
1778167507.645409,5,197,0.513623,82.88,356.886,377.335,3,4,ps
1778167508.041787,5,198,0.731435,86.36,339.163,361.542,3,4,ps
1778167508.431632,5,199,0.474348,87.3,341.037,358.799,3,4,ps
1778167508.8439643,5,200,0.414667,79.33,362.958,395.757,3,4,ps
1778167509.2417333,5,201,0.552895,82.45,354.179,379.002,3,4,ps
1778167509.6355176,5,202,0.767961,87.85,337.978,356.574,3,4,ps
1778167510.0567992,5,203,0.570896,78.9,373.222,396.529,3,4,ps
1778167510.4548147,5,204,0.418232,83.41,350.567,374.828,3,4,ps
1778167510.8661609,5,205,0.89608,81.04,363.684,386.597,3,4,ps
1778167511.2675598,5,206,0.533221,86.08,341.36,362.552,3,4,ps
1778167511.6633613,5,207,0.696407,84.17,339.055,371.133,3,4,ps
1778167512.0681694,5,208,0.637232,83.14,353.435,376.135,3,4,ps
1778167512.4630704,5,209,0.673805,87.97,333.995,354.567,3,4,ps
1778167512.852073,5,210,0.498293,85.82,342.908,363.883,3,4,ps
1778167513.2859726,5,211,0.779824,78.96,382.802,397.553,3,4,ps
1778167513.6919749,5,212,0.538195,87.3,337.877,357.762,3,4,ps
1778167514.0907338,5,213,0.33705,83.46,355.887,376.153,3,4,ps
1778167514.498406,5,214,0.768232,80.72,344.397,387.72,3,4,ps
1778167514.8887272,5,215,0.537672,85.51,332.279,365.938,3,4,ps
1778167515.3125935,5,216,0.60337,79.74,371.913,394.57,3,4,ps
1778167515.7311118,5,217,0.729216,80.29,352.171,389.88,3,4,ps
1778167516.116427,5,218,0.721193,85.02,349.509,367.288,3,4,ps
1778167516.5040047,5,219,0.810038,86.97,342.199,360.282,3,4,ps
1778167516.9098506,5,220,0.498803,81.97,358.177,381.602,3,4,ps
1778167517.310201,5,221,0.597194,84.44,341.869,370.134,3,4,ps
1778167517.7041516,5,222,0.64182,87.72,340.44,356.005,3,4,ps
1778167518.0958238,5,223,0.496749,86.82,340.792,359.787,3,4,ps
1778167518.5258763,5,224,0.564328,77.92,346.172,401.795,3,4,ps
1778167518.9307418,5,225,0.428353,84.36,347.075,372.113,3,4,ps
1778167519.349872,5,226,0.71908,78.23,379.375,400.131,3,4,ps
1778167519.7719905,5,227,0.518875,81.5,360.846,383.926,3,4,ps
1778167520.1748977,5,228,0.73409,84.31,343.098,370.609,3,4,ps
1778167520.5742679,5,229,0.364589,83.54,355.809,374.099,3,4,ps
1778167520.9761415,5,230,0.515735,84.02,347.707,371.963,3,4,ps
1778167521.3831825,5,231,0.630281,82.53,360.504,379.946,3,4,ps
1778167521.7722433,5,232,0.532492,84.22,342.093,370.839,3,4,ps
1778167522.1688814,5,233,0.894015,85.66,345.528,364.744,3,4,ps
1778167522.5722852,5,234,0.563105,86.03,344.067,362.807,3,4,ps
1778167522.9608386,5,235,0.420983,89.5,331.776,349.795,3,4,ps
1778167523.4185708,5,236,0.635526,71.34,420.343,439.713,3,4,ps
1778167523.8105426,5,237,0.700743,83.75,346.25,373.19,3,4,ps
1778167524.2056303,5,238,0.487194,84.57,352.267,371.262,3,4,ps
1778167524.6320689,5,239,0.509135,78.27,377.411,399.89,3,4,ps
1778167525.023883,5,240,0.580059,85.98,342.971,363.213,3,4,ps
1778167525.4552054,5,241,0.647438,76.05,392.977,411.946,3,4,ps
1778167525.8868337,5,242,0.825518,77.75,377.273,403.278,3,4,ps
1778167526.3114266,5,243,0.642762,80.77,367.3,386.801,3,4,ps
1778167526.7623744,5,244,0.990043,73.54,392.727,426.096,3,4,ps
1778167527.154204,5,245,0.583285,85.35,340.007,367.168,3,4,ps
1778167527.5487514,5,246,0.61424,83.09,357.581,376.141,3,4,ps
1778167527.964692,5,247,0.578673,81.36,367.912,386.171,3,4,ps
1778167528.3555837,5,248,0.567111,86.9,333.819,360.625,3,4,ps
1778167528.7652092,5,249,0.473146,83.8,354.589,373.023,3,4,ps
1778167529.1579025,5,250,0.74209,86.34,338.882,363.048,3,4,ps
1778167529.5471103,5,251,0.686659,84.51,345.581,370.673,3,4,ps
1778167529.9568484,5,252,0.576716,80.49,359.303,388.864,3,4,ps
1778167530.368169,5,253,0.460512,82.31,359.925,380.098,3,4,ps
1778167530.7726464,5,254,0.556803,83.13,357.716,375.979,3,4,ps
1778167531.1922553,5,255,0.618177,79.83,367.771,391.744,3,4,ps
1778167531.596333,5,256,0.880358,82.24,350.856,380.227,3,4,ps
1778167531.994939,5,257,0.58696,84.69,346.269,368.52,3,4,ps
1778167532.4115133,5,258,0.723944,80.58,361.423,388.3,3,4,ps
1778167532.8028333,5,259,0.590395,85.93,340.474,363.212,3,4,ps
1778167533.1958942,5,260,0.770582,85.89,343.872,363.767,3,4,ps
1778167533.6292977,5,261,0.756877,79.6,363.265,393.84,3,4,ps
1778167534.0268133,5,262,0.430424,84.29,352.548,370.736,3,4,ps
1778167534.415711,5,263,1.157537,85.91,340.264,364.848,3,4,ps
1778167534.8262343,5,264,0.572779,79.86,375.051,392.994,3,4,ps
1778167535.2195547,5,265,0.669417,83.87,349.744,372.565,3,4,ps
1778167535.6403003,5,266,0.306619,79.82,372.562,391.972,3,4,ps
1778167536.0359175,5,267,0.540084,88.78,333.13,352.225,3,4,ps
1778167536.4501076,5,268,0.720165,81.04,365.823,386.102,3,4,ps
1778167536.8867242,5,269,0.727814,76.32,361.321,410.735,3,4,ps
1778167537.2783813,5,270,0.617681,85.83,326.392,364.185,3,4,ps
1778167537.6696246,5,271,0.639032,86.95,334.972,360.688,3,4,ps
1778167538.0784414,5,272,0.594171,81.7,364.262,384.275,3,4,ps
1778167538.4628131,5,273,0.388151,86.64,341.857,360.557,3,4,ps
1778167538.8562055,5,274,0.57474,86.32,341.409,361.714,3,4,ps
1778167539.2574208,5,275,0.486944,82.56,359.737,378.912,3,4,ps
1778167539.649339,5,276,0.631692,85.13,340.77,366.939,3,4,ps
1778167540.0543694,5,277,0.520376,81.46,358.33,384.147,3,4,ps
1778167540.4530745,5,278,0.48523,85.25,337.659,368.106,3,4,ps
1778167540.8520002,5,279,0.842693,82.17,348.096,380.566,3,4,ps
1778167541.2782626,5,280,0.630691,79.06,362.381,396.58,3,4,ps
1778167541.6869483,5,281,0.342932,83.02,355.161,376.511,3,4,ps
1778167542.088983,5,282,0.713129,82.57,359.916,378.653,3,4,ps
1778167542.5028477,5,283,0.673828,80.52,371.149,388.655,3,4,ps
1778167542.90566,5,284,0.319455,83.24,345.552,375.547,3,4,ps
1778167543.3604155,5,285,0.382997,72.93,410.472,430.866,3,4,ps
1778167543.776498,5,286,0.50382,81.01,359.538,387.298,3,4,ps
1778167544.1642041,5,287,0.636075,84.57,350.529,369.495,3,4,ps
1778167544.5545418,5,288,0.486492,86.78,331.586,360.029,3,4,ps
1778167544.9602306,5,289,0.695914,82.78,332.494,377.635,3,4,ps
1778167545.350043,5,290,0.633469,84.98,350.017,367.778,3,4,ps
1778167545.7464488,5,291,0.688211,88.32,335.24,354.378,3,4,ps
1778167546.143097,5,292,0.588689,85.79,342.908,364.239,3,4,ps
1778167546.5317132,5,293,0.84872,86.43,337.686,361.213,3,4,ps
1778167546.9291298,5,294,0.85528,83.45,352.45,374.65,3,4,ps
1778167547.369451,5,295,0.553675,75.49,388.162,415.161,3,4,ps
1778167547.7959344,5,296,0.446453,80.35,368.988,389.178,3,4,ps
1778167548.200454,5,297,0.575887,83.57,355.743,373.944,3,4,ps
1778167548.5957048,5,298,0.814219,85.51,341.338,365.556,3,4,ps
1778167548.9832523,5,299,0.684781,88.61,337.653,352.184,3,4,ps
1778167549.380087,5,300,0.800578,84.56,351.835,369.617,3,4,ps
1778167549.7670147,5,301,0.992318,88.53,333.754,352.77,3,4,ps
1778167550.1497724,5,302,0.482052,92.5,324.858,337.148,3,4,ps
1778167550.5698118,5,303,0.565677,79.18,370.375,394.754,3,4,ps
1778167550.9590173,5,304,0.864808,85.98,344.93,363.437,3,4,ps
1778167551.355112,5,305,0.49991,86.58,341.239,360.908,3,4,ps
1778167551.7583222,5,306,0.317908,84.96,348.418,369.305,3,4,ps
1778167552.152485,5,307,0.415049,84.43,344.181,370.073,3,4,ps
1778167552.5454855,5,308,0.668944,87.78,338.78,355.435,3,4,ps
1778167552.9483173,5,309,0.59655,83.5,352.241,374.392,3,4,ps
1778167553.3940573,5,310,0.642603,75.37,396.189,416.002,3,4,ps
1778167553.8014042,5,311,0.781356,85.16,349.686,366.716,3,4,ps
1778167554.1922865,5,312,0.50187,88.22,334.551,353.97,3,4,ps
1778167554.5818577,5,313,0.680121,88.36,335.15,353.286,3,4,ps
1778167554.9842489,5,314,0.35141,83.8,350.921,372.839,3,4,ps
1778167555.375425,5,315,0.406992,85.64,343.114,364.535,3,4,ps
1778167555.7816525,5,316,0.864353,81.26,344.386,384.786,3,4,ps
1778167556.209679,5,317,0.385408,78.07,382.756,401.151,3,4,ps
1778167556.5996625,5,318,0.43391,86.45,336.741,361.093,3,4,ps
1778167556.9944308,5,319,0.764831,85.81,341.693,363.966,3,4,ps
1778167557.402981,5,320,0.43865,83.53,354.271,374.013,3,4,ps
1778167557.8168457,5,321,0.721044,80.14,372.882,391.49,3,4,ps
1778167558.248375,5,322,0.884139,76.08,379.451,411.649,3,4,ps
1778167558.642037,5,323,0.661333,85.05,342.048,367.429,3,4,ps
1778167559.0309954,5,324,0.811489,86.15,344.117,362.575,3,4,ps
1778167559.4319708,5,325,1.045244,84.3,351.509,370.76,3,4,ps
1778167559.8227775,5,326,0.526595,85.74,337.026,364.93,3,4,ps
1778167560.2228343,5,327,0.792801,83.04,359.411,376.446,3,4,ps
1778167560.6263714,5,328,0.786109,82.29,362.0,380.666,3,4,ps
1778167561.030879,5,329,0.661215,82.19,352.564,380.437,3,4,ps
1778167561.4332445,5,330,0.560733,83.22,355.919,375.442,3,4,ps
1778167561.8354475,5,331,0.563998,84.69,349.979,368.935,3,4,ps
1778167562.2291436,5,332,0.438975,88.47,338.922,354.577,3,4,ps
1778167562.6430347,5,333,0.728755,79.35,372.011,394.484,3,4,ps
1778167563.044171,5,334,0.554803,82.8,350.528,377.417,3,4,ps
1778167563.4863727,5,335,0.572213,76.69,386.671,408.413,3,4,ps
1778167563.9015398,5,336,0.535259,80.78,360.294,387.279,3,4,ps
1778167564.2846868,5,337,0.370272,88.11,334.776,354.118,3,4,ps
1778167564.6689444,5,338,0.509094,87.08,334.548,358.762,3,4,ps
1778167565.0573146,5,339,0.514237,88.0,335.805,354.498,3,4,ps
1778167565.4510727,5,340,0.817323,86.6,326.614,361.363,3,4,ps
1778167565.8449948,5,341,0.716926,83.21,353.805,377.162,3,4,ps
1778167566.2553637,5,342,0.458909,88.17,330.503,353.894,3,4,ps
1778167566.6491435,5,343,0.907242,86.42,342.916,361.264,3,4,ps
1778167567.0379744,5,344,0.480979,88.54,336.842,353.77,3,4,ps
1778167567.430687,5,345,0.610183,83.63,342.718,373.799,3,4,ps
1778167567.822427,5,346,0.749265,87.44,338.515,358.273,3,4,ps
1778167568.212306,5,347,0.446674,84.19,341.547,371.168,3,4,ps
1778167568.6307595,5,348,0.419774,83.78,358.173,374.43,3,4,ps
1778167569.0357008,5,349,0.876078,82.66,354.09,379.938,3,4,ps
1778167569.4405332,5,350,0.489221,80.82,370.111,388.37,3,4,ps
1778167569.8460784,5,351,0.849277,81.09,354.399,385.799,3,4,ps
1778167570.2393203,5,352,0.787607,85.36,349.873,367.196,3,4,ps
1778167570.6383598,5,353,0.585754,82.07,364.852,381.12,3,4,ps
1778167571.0225303,5,354,0.476216,89.06,321.83,351.024,3,4,ps
1778167571.414263,5,355,0.803067,83.7,347.605,373.589,3,4,ps
1778167571.8212643,5,356,0.57383,83.29,356.775,375.119,3,4,ps
1778167572.2120476,5,357,0.521751,87.04,336.778,360.515,3,4,ps
1778167572.6052938,5,358,0.296578,83.34,348.461,374.856,3,4,ps
1778167573.0059366,5,359,0.474784,81.95,362.757,381.616,3,4,ps
1778167573.4515061,5,360,0.352411,74.95,399.27,417.964,3,4,ps
1778167573.8461235,5,361,0.729623,84.73,349.5,370.113,3,4,ps
1778167574.2414398,5,362,0.558735,83.02,360.002,378.332,3,4,ps
1778167574.6332862,5,363,0.714553,87.7,336.841,355.862,3,4,ps
1778167575.0315971,5,364,0.640535,83.53,350.051,374.675,3,4,ps
1778167575.4512267,5,365,0.452395,81.89,362.704,381.731,3,4,ps
1778167575.868588,5,366,0.511294,81.6,362.812,383.004,3,4,ps
1778167576.2782347,5,367,0.757682,84.73,347.606,368.616,3,4,ps
1778167576.6751888,5,368,0.77605,85.84,345.745,363.811,3,4,ps
1778167577.0662048,5,369,0.724744,85.65,322.723,364.641,3,4,ps
1778167577.4622993,5,370,0.530207,85.6,348.536,364.886,3,4,ps
1778167577.855229,5,371,0.58238,87.25,331.559,357.938,3,4,ps
1778167578.241268,5,372,0.873524,85.8,347.064,364.145,3,4,ps
1778167578.6280692,5,373,0.592343,87.62,331.283,356.486,3,4,ps
1778167579.016836,5,374,0.549872,85.01,349.602,367.506,3,4,ps
1778167579.430073,5,375,0.535716,83.57,354.334,373.764,3,4,ps
1778167579.820656,5,376,0.655399,87.86,331.481,356.023,3,4,ps
1778167580.214408,5,377,0.910985,83.77,344.039,372.821,3,4,ps
1778167580.604868,5,378,0.647289,86.84,340.944,359.516,3,4,ps
1778167580.9973783,5,379,0.559747,86.79,338.652,359.684,3,4,ps
1778167581.3805685,5,380,0.476072,88.9,334.298,352.815,3,4,ps
1778167581.7764928,5,381,0.872145,82.72,351.21,378.013,3,4,ps
1778167582.174538,5,382,0.889319,84.18,354.856,372.412,3,4,ps
1778167582.5593982,5,383,0.674036,85.17,325.034,366.976,3,4,ps
1778167582.9558585,5,384,0.675712,89.71,320.533,347.827,3,4,ps
1778167583.3905523,5,385,0.743533,78.02,381.775,401.501,3,4,ps
1778167583.7827227,5,386,0.668272,89.6,320.419,348.193,3,4,ps
1778167584.1823936,5,387,0.882027,81.9,365.806,383.491,3,4,ps
1778167584.5733244,5,388,0.62416,84.01,353.363,372.192,3,4,ps
1778167584.9681306,5,389,0.916408,86.09,346.808,363.988,3,4,ps
1778167585.3341646,5,390,0.48044,55.62,328.115,350.736,3,4,ps
