timestamp,epoch,iteration,loss,throughput_samp_s,comm_latency_ms,iter_time_ms,rank,world_size,arch
1778166771.2942407,1,0,2.403997,23.68,840.653,1346.936,1,4,ps
1778166771.8251486,1,1,2.392939,64.65,437.073,490.128,1,4,ps
1778166772.2893715,1,2,2.300729,73.77,370.495,425.249,1,4,ps
1778166772.832949,1,3,2.387379,61.21,485.635,514.23,1,4,ps
1778166773.2615304,1,4,2.38082,79.8,367.597,392.204,1,4,ps
1778166773.6618586,1,5,2.179076,81.96,354.582,381.883,1,4,ps
1778166774.0851104,1,6,2.354166,80.19,372.332,390.023,1,4,ps
1778166774.4844952,1,7,2.205385,84.66,342.642,369.069,1,4,ps
1778166774.929499,1,8,2.233895,75.58,392.779,414.57,1,4,ps
1778166775.343786,1,9,2.412644,82.99,347.125,378.337,1,4,ps
1778166775.7440803,1,10,2.384043,81.96,362.758,381.711,1,4,ps
1778166776.2068608,1,11,2.4024,70.66,420.748,445.091,1,4,ps
1778166776.6296692,1,12,2.183359,78.29,363.592,399.899,1,4,ps
1778166777.0432553,1,13,2.212502,79.47,362.741,394.538,1,4,ps
1778166777.483398,1,14,2.06101,79.01,377.179,397.044,1,4,ps
1778166777.9346755,1,15,2.140419,74.03,394.61,424.048,1,4,ps
1778166778.3774357,1,16,2.33976,74.2,398.403,423.532,1,4,ps
1778166778.8029418,1,17,2.279818,79.05,354.984,396.871,1,4,ps
1778166779.2000215,1,18,2.289741,82.57,358.987,379.848,1,4,ps
1778166779.6034925,1,19,1.949947,81.18,362.84,385.307,1,4,ps
1778166780.0010474,1,20,2.22342,83.56,348.716,374.235,1,4,ps
1778166780.3944888,1,21,1.911636,83.45,352.372,374.434,1,4,ps
1778166780.7995396,1,22,1.946621,80.79,367.614,386.965,1,4,ps
1778166781.207354,1,23,2.057238,82.21,353.596,380.578,1,4,ps
1778166781.603487,1,24,2.270585,87.59,337.973,356.613,1,4,ps
1778166782.021437,1,25,2.237862,81.19,366.564,385.46,1,4,ps
1778166782.4147499,1,26,2.057782,83.42,348.054,374.609,1,4,ps
1778166782.8991432,1,27,1.748673,67.33,441.435,468.008,1,4,ps
1778166783.3169715,1,28,1.856824,78.62,369.124,398.907,1,4,ps
1778166783.7250683,1,29,1.938693,83.56,355.357,375.697,1,4,ps
1778166784.144916,1,30,2.037796,78.17,379.667,400.568,1,4,ps
1778166784.5543988,1,31,1.808386,81.57,362.055,383.183,1,4,ps
1778166784.9838147,1,32,2.005421,78.87,369.955,396.813,1,4,ps
1778166785.4139454,1,33,2.094727,77.87,383.0,402.17,1,4,ps
1778166785.815312,1,34,1.669769,86.66,341.801,360.329,1,4,ps
1778166786.222338,1,35,2.004732,81.57,358.265,383.436,1,4,ps
1778166786.6417153,1,36,2.142033,81.71,363.417,383.084,1,4,ps
1778166787.051682,1,37,2.124593,80.02,355.238,392.428,1,4,ps
1778166787.462839,1,38,1.924772,81.16,345.523,385.462,1,4,ps
1778166787.8834505,1,39,2.060798,79.43,361.552,395.91,1,4,ps
1778166788.3182123,1,40,1.966095,75.58,388.148,414.591,1,4,ps
1778166788.752599,1,41,2.093781,75.53,400.155,416.783,1,4,ps
1778166789.1879573,1,42,1.952444,80.99,362.104,387.008,1,4,ps
1778166789.6063836,1,43,1.852525,78.59,366.68,398.249,1,4,ps
1778166790.0223203,1,44,1.812128,80.45,362.452,389.408,1,4,ps
1778166790.424151,1,45,2.037945,81.62,344.143,384.847,1,4,ps
1778166790.834794,1,46,2.122732,83.75,355.397,375.142,1,4,ps
1778166791.2499926,1,47,1.771858,81.34,354.859,384.477,1,4,ps
1778166791.653396,1,48,1.948328,85.89,344.831,363.66,1,4,ps
1778166792.071272,1,49,1.766994,78.43,376.069,399.236,1,4,ps
1778166792.4845002,1,50,1.767877,81.66,358.577,383.058,1,4,ps
1778166792.9321845,1,51,1.813617,75.65,390.866,414.134,1,4,ps
1778166793.3838773,1,52,1.752081,73.5,385.374,426.564,1,4,ps
1778166793.7992098,1,53,1.496583,81.08,356.915,386.096,1,4,ps
1778166794.2119062,1,54,2.034137,81.78,355.81,382.658,1,4,ps
1778166794.6297338,1,55,1.71413,81.44,353.205,384.458,1,4,ps
1778166795.0605617,1,56,1.828942,79.56,376.88,394.462,1,4,ps
1778166795.4704645,1,57,1.64625,81.23,368.599,386.749,1,4,ps
1778166795.884045,1,58,1.841063,80.9,362.792,388.29,1,4,ps
1778166796.2861962,1,59,1.642332,81.54,366.593,385.188,1,4,ps
1778166796.7041063,1,60,1.663139,78.43,379.662,400.774,1,4,ps
1778166797.110968,1,61,1.747266,81.94,360.562,381.419,1,4,ps
1778166797.5183492,1,62,1.638957,82.36,361.618,380.953,1,4,ps
1778166797.9408395,1,63,1.837097,78.37,374.246,399.452,1,4,ps
1778166798.362624,1,64,2.149611,80.39,362.455,390.752,1,4,ps
1778166798.7751253,1,65,1.977382,79.63,360.891,393.936,1,4,ps
1778166799.1915312,1,66,1.924348,81.03,351.418,386.002,1,4,ps
1778166799.6346817,1,67,1.594059,75.08,397.325,417.582,1,4,ps
1778166800.1095989,1,68,1.59822,68.85,436.619,457.502,1,4,ps
1778166800.519156,1,69,1.646218,80.3,353.674,389.527,1,4,ps
1778166800.9216514,1,70,1.778914,83.09,352.674,376.66,1,4,ps
1778166801.3448114,1,71,2.013934,79.61,361.309,393.821,1,4,ps
1778166801.7519958,1,72,1.777952,80.56,371.405,390.004,1,4,ps
1778166802.1575975,1,73,2.12233,80.85,361.087,387.582,1,4,ps
1778166802.5791633,1,74,1.952598,79.5,369.665,395.354,1,4,ps
1778166803.005961,1,75,2.143906,79.73,358.711,394.11,1,4,ps
1778166803.4348762,1,76,1.669672,77.23,381.75,407.341,1,4,ps
1778166803.8501153,1,77,1.427983,82.17,346.967,381.841,1,4,ps
1778166804.2587,1,78,2.021209,80.46,369.954,390.155,1,4,ps
1778166804.6820083,1,79,1.625012,77.36,377.652,406.429,1,4,ps
1778166805.1014345,1,80,1.798069,78.38,367.087,399.346,1,4,ps
1778166805.5013335,1,81,1.628266,85.85,332.709,364.743,1,4,ps
1778166805.921989,1,82,2.005894,78.11,381.242,402.455,1,4,ps
1778166806.3223166,1,83,1.915361,81.88,350.405,383.544,1,4,ps
1778166806.735977,1,84,1.718444,79.54,376.239,395.154,1,4,ps
1778166807.1398578,1,85,1.722277,86.18,342.449,363.76,1,4,ps
1778166807.5578122,1,86,1.784262,78.52,377.549,398.707,1,4,ps
1778166807.9836528,1,87,1.79997,78.45,377.564,400.709,1,4,ps
1778166808.3919857,1,88,2.040231,80.35,350.744,389.328,1,4,ps
1778166808.8170335,1,89,1.728834,76.96,381.146,407.663,1,4,ps
1778166809.2434373,1,90,1.873423,76.82,374.76,408.735,1,4,ps
1778166809.6489618,1,91,1.707932,80.86,369.862,388.535,1,4,ps
1778166810.0779243,1,92,1.829301,76.38,379.139,411.195,1,4,ps
1778166810.516688,1,93,2.030715,75.18,389.6,417.901,1,4,ps
1778166810.9307582,1,94,1.705256,82.04,355.024,381.266,1,4,ps
1778166811.3507257,1,95,1.849759,79.69,372.61,393.92,1,4,ps
1778166811.7596533,1,96,1.778667,82.91,355.677,378.775,1,4,ps
1778166812.162375,1,97,1.949268,81.45,352.768,385.279,1,4,ps
1778166812.5840688,1,98,1.88188,79.3,366.431,395.318,1,4,ps
1778166813.0099816,1,99,1.717649,82.14,305.678,380.991,1,4,ps
1778166813.4232056,1,100,1.392408,81.91,363.865,382.773,1,4,ps
1778166813.8541908,1,101,1.809842,79.68,368.912,393.003,1,4,ps
1778166814.2679696,1,102,1.750276,80.93,352.858,386.601,1,4,ps
1778166814.7087517,1,103,1.746735,77.63,381.609,403.913,1,4,ps
1778166815.1335955,1,104,1.774044,77.65,379.615,403.685,1,4,ps
1778166815.543775,1,105,1.711127,80.18,357.944,392.059,1,4,ps
1778166815.9713166,1,106,1.726554,79.45,365.964,393.872,1,4,ps
1778166816.3533053,1,107,1.839922,90.69,329.727,344.643,1,4,ps
1778166816.7570572,1,108,1.781556,81.04,364.742,385.753,1,4,ps
1778166817.174073,1,109,1.592257,81.11,344.061,385.728,1,4,ps
1778166817.573247,1,110,1.751692,83.73,345.862,373.214,1,4,ps
1778166817.9778867,1,111,2.037124,85.34,349.931,366.759,1,4,ps
1778166818.3901455,1,112,1.851676,82.64,354.666,380.04,1,4,ps
1778166818.791966,1,113,1.926348,84.86,343.989,368.325,1,4,ps
1778166819.2395122,1,114,1.493863,73.06,411.799,430.339,1,4,ps
1778166819.6522067,1,115,1.639193,79.63,363.153,392.752,1,4,ps
1778166820.061187,1,116,1.740039,85.81,348.943,365.179,1,4,ps
1778166820.4810421,1,117,1.664564,78.27,357.559,400.623,1,4,ps
1778166820.8999171,1,118,1.571792,82.1,347.849,382.62,1,4,ps
1778166821.3363488,1,119,1.567445,75.25,386.361,417.676,1,4,ps
1778166821.7439346,1,120,1.703636,83.27,349.867,376.169,1,4,ps
1778166822.1458292,1,121,1.746288,81.69,359.856,382.878,1,4,ps
1778166822.5713716,1,122,1.746693,76.94,377.303,407.645,1,4,ps
1778166823.0035226,1,123,1.771823,77.66,379.037,404.409,1,4,ps
1778166823.4108741,1,124,1.537484,80.61,358.279,388.736,1,4,ps
1778166823.827907,1,125,1.524573,82.61,360.57,379.625,1,4,ps
1778166824.2387292,1,126,1.781033,81.7,356.116,382.892,1,4,ps
1778166824.6566014,1,127,1.765553,82.12,357.39,381.77,1,4,ps
1778166825.0888386,1,128,1.457414,78.17,374.531,400.021,1,4,ps
1778166825.5113027,1,129,1.55294,77.55,374.139,404.568,1,4,ps
1778166825.931135,1,130,1.481562,78.05,376.139,401.034,1,4,ps
1778166826.3329096,1,131,1.634846,81.62,363.051,383.247,1,4,ps
1778166826.7377865,1,132,1.478756,82.7,349.407,378.088,1,4,ps
1778166827.1527157,1,133,1.964209,83.82,355.015,373.676,1,4,ps
1778166827.5631082,1,134,1.281062,81.74,348.208,382.716,1,4,ps
1778166827.9654117,1,135,1.713228,81.46,361.607,384.098,1,4,ps
1778166828.3770013,1,136,1.534875,79.67,364.897,392.398,1,4,ps
1778166828.7765315,1,137,1.634701,82.01,350.978,381.128,1,4,ps
1778166829.1824377,1,138,1.584052,80.71,358.593,389.444,1,4,ps
1778166829.616033,1,139,1.447595,75.75,372.875,414.519,1,4,ps
1778166830.0253289,1,140,1.474334,80.21,360.006,390.086,1,4,ps
1778166830.445282,1,141,1.566142,80.34,363.173,389.332,1,4,ps
1778166830.8552322,1,142,1.928656,83.33,347.376,376.797,1,4,ps
1778166831.2651637,1,143,1.62455,80.05,368.142,391.101,1,4,ps
1778166831.7234948,1,144,1.704729,72.64,403.477,431.923,1,4,ps
1778166832.1687114,1,145,1.712738,76.01,388.552,413.759,1,4,ps
1778166832.5902054,1,146,1.460303,77.82,364.788,404.036,1,4,ps
1778166833.0245237,1,147,1.59877,76.19,369.534,411.105,1,4,ps
1778166833.4310374,1,148,1.711622,84.5,351.647,369.825,1,4,ps
1778166833.843988,1,149,1.596688,80.58,359.151,389.091,1,4,ps
1778166834.2392087,1,150,1.566448,83.16,357.117,377.43,1,4,ps
1778166834.6621861,1,151,1.804286,81.79,364.605,382.477,1,4,ps
1778166835.0944054,1,152,1.600231,76.17,365.521,412.653,1,4,ps
1778166835.4936967,1,153,1.65094,85.15,338.644,368.542,1,4,ps
1778166835.911146,1,154,1.787342,78.52,369.932,399.326,1,4,ps
1778166836.319136,1,155,1.46353,86.01,344.36,363.015,1,4,ps
1778166836.7207203,1,156,1.428077,82.95,358.938,378.629,1,4,ps
1778166837.1363215,1,157,1.676182,78.95,370.343,396.623,1,4,ps
1778166837.5359886,1,158,1.566619,86.98,344.17,360.734,1,4,ps
1778166837.9418135,1,159,1.935437,82.84,342.518,379.085,1,4,ps
1778166838.3536603,1,160,1.614606,79.54,364.067,393.604,1,4,ps
1778166838.7614172,1,161,1.516366,80.42,359.784,389.142,1,4,ps
1778166839.167021,1,162,1.556357,82.45,355.704,379.579,1,4,ps
1778166839.5815866,1,163,1.830467,79.09,361.441,396.847,1,4,ps
1778166840.0079796,1,164,1.461293,77.47,387.384,405.276,1,4,ps
1778166840.451909,1,165,1.431627,76.01,389.726,411.985,1,4,ps
1778166840.8681958,1,166,1.71325,81.36,355.558,384.681,1,4,ps
1778166841.2743971,1,167,1.337198,81.76,363.142,382.286,1,4,ps
1778166841.711807,1,168,1.330813,77.51,381.15,404.256,1,4,ps
1778166842.1200678,1,169,1.392401,80.54,357.657,389.571,1,4,ps
1778166842.5525708,1,170,1.833352,78.12,376.532,401.524,1,4,ps
1778166843.0397186,1,171,1.468774,67.1,446.085,468.087,1,4,ps
1778166843.435939,1,172,1.381715,85.79,333.339,365.783,1,4,ps
1778166843.849565,1,173,1.460354,79.18,369.107,396.01,1,4,ps
1778166844.263198,1,174,1.796003,82.44,351.188,379.222,1,4,ps
1778166844.66206,1,175,1.595448,85.28,345.219,366.417,1,4,ps
1778166845.1215894,1,176,1.251113,72.28,409.426,435.4,1,4,ps
1778166845.5313911,1,177,1.503,80.13,359.849,392.257,1,4,ps
1778166845.9437232,1,178,1.479625,84.22,342.016,371.101,1,4,ps
1778166846.36421,1,179,1.501504,79.78,371.841,392.053,1,4,ps
1778166846.775311,1,180,1.400101,81.58,362.787,385.166,1,4,ps
1778166847.1989243,1,181,1.367898,77.17,379.176,406.437,1,4,ps
1778166847.6165133,1,182,1.64851,78.64,369.185,399.192,1,4,ps
1778166848.0174904,1,183,1.88602,81.88,349.935,382.699,1,4,ps
1778166848.4286914,1,184,1.491736,80.75,362.226,388.259,1,4,ps
1778166848.8410985,1,185,1.798904,79.44,354.551,393.888,1,4,ps
1778166849.2426443,1,186,1.235407,84.92,351.553,369.245,1,4,ps
1778166849.6592855,1,187,1.288718,81.31,366.498,384.65,1,4,ps
1778166850.056182,1,188,1.619473,86.38,338.557,363.066,1,4,ps
1778166850.4622438,1,189,1.544256,80.77,369.734,388.306,1,4,ps
1778166850.8822825,1,190,1.542171,81.56,356.446,383.425,1,4,ps
1778166851.2888825,1,191,1.299068,83.52,351.763,374.333,1,4,ps
1778166851.6885679,1,192,1.505083,84.48,347.364,370.115,1,4,ps
1778166852.0920975,1,193,1.116629,83.68,348.423,373.838,1,4,ps
1778166852.4963634,1,194,1.590469,82.74,360.733,379.485,1,4,ps
1778166852.9578478,1,195,1.30904,70.78,412.184,444.351,1,4,ps
1778166853.3866682,1,196,1.47038,80.74,364.769,388.497,1,4,ps
1778166853.7922468,1,197,1.517534,84.53,349.304,370.657,1,4,ps
1778166854.2092435,1,198,1.971747,78.5,368.461,400.417,1,4,ps
1778166854.610946,1,199,1.622582,83.04,349.799,376.405,1,4,ps
1778166855.0338063,1,200,1.656725,79.87,374.579,391.756,1,4,ps
1778166855.4445632,1,201,1.458044,81.89,360.863,383.532,1,4,ps
1778166855.86853,1,202,1.454093,77.26,373.461,405.609,1,4,ps
1778166856.2811127,1,203,1.422054,81.66,363.246,383.084,1,4,ps
1778166856.6879032,1,204,1.587019,82.05,355.919,381.755,1,4,ps
1778166857.092253,1,205,1.528893,83.65,350.617,373.803,1,4,ps
1778166857.538588,1,206,1.501118,73.23,400.297,429.228,1,4,ps
1778166857.9411855,1,207,1.425973,85.83,337.276,363.96,1,4,ps
1778166858.3390758,1,208,1.763503,85.3,341.876,366.227,1,4,ps
1778166858.7509742,1,209,1.772114,83.83,355.4,372.824,1,4,ps
1778166859.15263,1,210,1.438383,82.68,359.618,378.031,1,4,ps
1778166859.557129,1,211,1.725638,84.65,352.47,369.05,1,4,ps
1778166859.96814,1,212,1.487019,79.68,358.124,392.727,1,4,ps
1778166860.367977,1,213,1.69471,81.9,362.041,382.631,1,4,ps
1778166860.7720878,1,214,1.525179,81.12,357.584,385.665,1,4,ps
1778166861.199821,1,215,1.533326,80.4,349.904,389.225,1,4,ps
1778166861.6092288,1,216,1.490201,84.33,353.009,370.734,1,4,ps
1778166862.0268288,1,217,1.776275,79.75,364.857,392.442,1,4,ps
1778166862.4234197,1,218,1.260766,86.57,338.266,362.521,1,4,ps
1778166862.8655674,1,219,1.539049,73.94,404.268,424.556,1,4,ps
1778166863.2849889,1,220,1.761034,79.34,367.807,394.448,1,4,ps
1778166863.696995,1,221,1.42383,82.62,356.666,379.817,1,4,ps
1778166864.122367,1,222,1.448965,79.87,363.283,391.81,1,4,ps
1778166864.537908,1,223,1.419933,81.63,362.774,384.416,1,4,ps
1778166864.9530606,1,224,1.449563,78.92,370.256,398.28,1,4,ps
1778166865.348625,1,225,1.307468,83.06,354.028,377.25,1,4,ps
1778166865.7589376,1,226,1.230599,83.17,338.517,375.926,1,4,ps
1778166866.1779394,1,227,1.107558,80.75,367.64,387.102,1,4,ps
1778166866.5944421,1,228,1.616949,83.17,358.819,375.788,1,4,ps
1778166867.0014966,1,229,2.019801,83.38,345.243,376.359,1,4,ps
1778166867.405022,1,230,1.301683,82.65,359.279,378.212,1,4,ps
1778166867.8371565,1,231,2.108316,77.01,389.68,407.767,1,4,ps
1778166868.2440722,1,232,1.42783,80.53,355.211,389.774,1,4,ps
1778166868.6499329,1,233,1.415058,80.69,358.807,387.742,1,4,ps
1778166869.059335,1,234,1.442395,81.28,365.753,386.001,1,4,ps
1778166869.481644,1,235,1.325127,77.6,381.383,405.184,1,4,ps
1778166869.8869088,1,236,1.817168,80.85,362.889,387.648,1,4,ps
1778166870.3050125,1,237,1.285943,78.47,366.885,398.96,1,4,ps
1778166870.7027504,1,238,1.441673,86.69,339.464,360.151,1,4,ps
1778166871.114554,1,239,1.476218,81.47,360.559,385.526,1,4,ps
1778166871.5344446,1,240,1.438719,78.12,374.61,402.452,1,4,ps
1778166871.9423053,1,241,1.231698,80.28,371.67,389.569,1,4,ps
1778166872.3520439,1,242,1.535813,83.67,356.974,374.781,1,4,ps
1778166872.801746,1,243,1.350298,73.41,409.438,427.734,1,4,ps
1778166873.203805,1,244,1.600768,84.41,337.951,371.914,1,4,ps
1778166873.6129117,1,245,1.288203,80.3,349.062,389.919,1,4,ps
1778166874.004412,1,246,1.199015,88.44,331.834,352.896,1,4,ps
1778166874.4258773,1,247,1.567035,79.16,377.029,396.659,1,4,ps
1778166874.8579218,1,248,1.508953,76.15,393.334,413.053,1,4,ps
1778166875.2590926,1,249,1.419024,81.99,360.28,381.369,1,4,ps
1778166875.6746676,1,250,1.393039,79.79,367.105,393.492,1,4,ps
1778166876.075887,1,251,1.56486,82.0,360.831,381.512,1,4,ps
1778166876.4999108,1,252,1.354417,79.55,371.936,394.083,1,4,ps
1778166876.9199293,1,253,1.726008,77.85,370.161,403.682,1,4,ps
1778166877.3278592,1,254,1.305739,81.06,351.336,387.663,1,4,ps
1778166877.737942,1,255,1.699715,79.89,375.497,393.275,1,4,ps
1778166878.1881788,1,256,1.82002,72.86,409.97,430.162,1,4,ps
1778166878.591594,1,257,1.30313,84.27,351.935,370.811,1,4,ps
1778166879.013748,1,258,0.981282,79.63,367.213,393.033,1,4,ps
1778166879.429437,1,259,1.289815,81.32,356.515,384.606,1,4,ps
1778166879.8414974,1,260,1.174376,79.54,368.824,393.235,1,4,ps
1778166880.283312,1,261,1.303898,76.29,389.389,412.253,1,4,ps
1778166880.6949415,1,262,1.626299,81.04,355.991,387.644,1,4,ps
1778166881.0996232,1,263,1.257226,84.2,344.844,372.764,1,4,ps
1778166881.5180166,1,264,1.236018,81.22,351.078,386.027,1,4,ps
1778166881.9385674,1,265,1.461435,82.81,358.662,379.256,1,4,ps
1778166882.3686502,1,266,1.352079,76.18,380.641,411.197,1,4,ps
1778166882.8321471,1,267,1.25657,72.69,405.101,432.979,1,4,ps
1778166883.2400093,1,268,1.204497,84.19,345.898,371.278,1,4,ps
1778166883.6575737,1,269,1.094194,79.66,365.384,394.451,1,4,ps
1778166884.063232,1,270,1.287017,81.13,367.857,386.8,1,4,ps
1778166884.4690976,1,271,1.320437,80.87,349.997,388.505,1,4,ps
1778166884.8941867,1,272,1.22339,77.27,360.985,406.311,1,4,ps
1778166885.3262465,1,273,1.637642,76.02,389.184,412.705,1,4,ps
1778166885.7563415,1,274,1.214466,79.13,369.034,395.42,1,4,ps
1778166886.1622155,1,275,1.509092,82.02,361.007,382.772,1,4,ps
1778166886.5616288,1,276,1.631583,82.25,346.901,381.814,1,4,ps
1778166887.024307,1,277,1.109798,70.73,409.205,444.314,1,4,ps
1778166887.434046,1,278,1.31387,82.87,357.185,377.96,1,4,ps
1778166887.8588295,1,279,1.323183,79.41,372.315,394.119,1,4,ps
1778166888.2807646,1,280,1.457828,77.83,378.56,402.332,1,4,ps
1778166888.7019029,1,281,1.05334,80.4,369.045,390.712,1,4,ps
1778166889.1364672,1,282,1.285532,77.57,382.079,404.5,1,4,ps
1778166889.5451746,1,283,1.063312,83.06,342.917,377.492,1,4,ps
1778166889.9436908,1,284,1.522077,82.32,342.67,381.405,1,4,ps
1778166890.361626,1,285,1.518108,78.45,369.435,399.729,1,4,ps
1778166890.7722583,1,286,1.27724,81.54,361.655,383.809,1,4,ps
1778166891.1801734,1,287,1.536178,84.16,353.326,371.338,1,4,ps
1778166891.6016653,1,288,1.42253,81.28,343.842,386.593,1,4,ps
1778166892.027067,1,289,1.539806,77.01,377.791,406.588,1,4,ps
1778166892.4504826,1,290,1.33309,81.14,355.963,385.709,1,4,ps
1778166892.9176068,1,291,1.477871,72.45,390.302,433.979,1,4,ps
1778166893.329026,1,292,1.467906,79.87,372.867,392.067,1,4,ps
1778166893.7438247,1,293,1.597918,81.66,359.945,382.94,1,4,ps
1778166894.1483152,1,294,1.73854,82.38,357.159,380.719,1,4,ps
1778166894.5676455,1,295,1.624221,80.86,366.912,386.939,1,4,ps
1778166894.9944239,1,296,1.680612,77.95,379.183,401.502,1,4,ps
1778166895.4054615,1,297,1.023747,81.31,366.367,386.281,1,4,ps
1778166895.8437326,1,298,1.358098,74.69,401.195,419.538,1,4,ps
1778166896.279402,1,299,1.258419,76.31,388.185,410.503,1,4,ps
1778166896.6934228,1,300,1.214303,79.2,339.861,396.208,1,4,ps
1778166897.13093,1,301,1.946509,77.87,379.858,401.602,1,4,ps
1778166897.546881,1,302,1.455209,81.63,353.381,382.949,1,4,ps
1778166897.9683676,1,303,1.579127,79.12,367.421,395.634,1,4,ps
1778166898.376639,1,304,1.313803,83.78,349.126,373.08,1,4,ps
1778166898.7879949,1,305,1.391263,82.37,356.53,379.805,1,4,ps
1778166899.2006216,1,306,1.505022,80.67,359.856,388.946,1,4,ps
1778166899.6038237,1,307,1.504562,81.33,337.633,385.802,1,4,ps
1778166900.009036,1,308,1.613925,81.0,357.402,386.196,1,4,ps
1778166900.4194667,1,309,1.510669,81.79,354.1,382.987,1,4,ps
1778166900.8269794,1,310,1.368366,81.82,357.008,383.33,1,4,ps
1778166901.23963,1,311,1.671909,82.56,359.092,378.727,1,4,ps
1778166901.6524675,1,312,1.208537,79.55,354.469,394.063,1,4,ps
1778166902.0529068,1,313,0.913801,81.95,363.235,382.718,1,4,ps
1778166902.4947102,1,314,1.413375,74.16,402.007,423.341,1,4,ps
1778166902.971756,1,315,1.45332,68.56,436.17,457.722,1,4,ps
1778166903.3812678,1,316,1.312961,81.39,359.271,384.179,1,4,ps
1778166903.804273,1,317,1.601368,79.94,368.938,392.955,1,4,ps
1778166904.226849,1,318,1.186488,82.82,358.096,377.578,1,4,ps
1778166904.6764328,1,319,1.176733,74.76,392.951,419.893,1,4,ps
1778166905.1214113,1,320,1.311524,75.26,385.595,416.999,1,4,ps
1778166905.5375848,1,321,1.403472,80.44,355.48,388.956,1,4,ps
1778166905.9470527,1,322,1.259163,81.93,349.285,382.717,1,4,ps
1778166906.3648589,1,323,1.584055,78.46,371.634,399.708,1,4,ps
1778166906.7972534,1,324,1.428654,79.04,365.215,396.793,1,4,ps
1778166907.2142224,1,325,1.317298,78.55,376.284,399.656,1,4,ps
1778166907.6356277,1,326,1.047624,80.55,366.511,390.167,1,4,ps
1778166908.0567958,1,327,1.786967,80.86,365.349,387.743,1,4,ps
1778166908.4906924,1,328,1.374487,78.4,371.984,401.164,1,4,ps
1778166908.9079063,1,329,1.013657,78.78,362.949,397.423,1,4,ps
1778166909.3321745,1,330,1.359138,77.26,385.92,405.097,1,4,ps
1778166909.7567701,1,331,1.627776,77.94,375.15,401.823,1,4,ps
1778166910.1877768,1,332,1.268678,79.71,372.526,394.109,1,4,ps
1778166910.5747545,1,333,1.572491,84.5,352.881,371.353,1,4,ps
1778166910.9714022,1,334,1.515937,82.98,357.605,376.773,1,4,ps
1778166911.3730261,1,335,1.644418,82.81,356.226,379.196,1,4,ps
1778166911.7725315,1,336,1.382685,82.16,362.982,381.471,1,4,ps
1778166912.1716177,1,337,1.529198,83.95,341.301,373.062,1,4,ps
1778166912.588654,1,338,1.404142,81.15,363.338,385.599,1,4,ps
1778166913.07064,1,339,1.519341,70.76,427.061,445.201,1,4,ps
1778166913.4839897,1,340,1.402962,79.24,369.623,396.066,1,4,ps
1778166913.9025638,1,341,1.675184,78.54,346.007,398.594,1,4,ps
1778166914.3166764,1,342,1.512608,81.15,361.585,385.5,1,4,ps
1778166914.7484467,1,343,1.588501,77.27,381.896,406.398,1,4,ps
1778166915.1667788,1,344,1.283022,78.33,375.112,399.878,1,4,ps
1778166915.5714827,1,345,1.293107,83.95,353.252,373.971,1,4,ps
1778166915.9862046,1,346,1.44581,79.11,365.341,395.45,1,4,ps
1778166916.3970654,1,347,1.143724,79.78,357.87,392.687,1,4,ps
1778166916.7979455,1,348,1.458417,82.57,351.416,378.757,1,4,ps
1778166917.2300954,1,349,1.216341,78.49,374.874,398.916,1,4,ps
1778166917.656422,1,350,1.223305,79.31,372.779,394.47,1,4,ps
1778166918.1090276,1,351,1.215742,76.43,390.435,409.753,1,4,ps
1778166918.525017,1,352,1.385128,80.26,366.562,390.02,1,4,ps
1778166918.938735,1,353,1.320981,81.54,355.776,383.565,1,4,ps
1778166919.379831,1,354,1.042359,74.32,372.91,421.78,1,4,ps
1778166919.8013058,1,355,1.278808,81.04,359.675,386.606,1,4,ps
1778166920.207229,1,356,1.31231,84.93,347.844,369.814,1,4,ps
1778166920.6087587,1,357,1.393077,81.8,359.715,383.534,1,4,ps
1778166921.014564,1,358,1.166669,80.69,369.432,388.023,1,4,ps
1778166921.4312828,1,359,1.378191,81.88,365.295,383.173,1,4,ps
1778166921.8329728,1,360,1.510503,85.45,344.479,365.556,1,4,ps
1778166922.2447014,1,361,1.316702,81.99,361.097,381.053,1,4,ps
1778166922.6516101,1,362,1.032716,86.02,349.17,363.949,1,4,ps
1778166923.0855706,1,363,1.16073,81.88,360.127,382.676,1,4,ps
1778166923.507114,1,364,1.210314,81.48,355.655,383.879,1,4,ps
1778166923.92912,1,365,1.152695,78.65,376.274,398.745,1,4,ps
1778166924.338856,1,366,1.349411,82.35,345.77,379.719,1,4,ps
1778166924.744693,1,367,1.040337,82.81,357.709,378.287,1,4,ps
1778166925.1641207,1,368,1.21833,78.3,358.616,401.042,1,4,ps
1778166925.568738,1,369,1.576478,80.99,359.922,387.8,1,4,ps
1778166925.9834569,1,370,1.294565,82.23,362.327,380.575,1,4,ps
1778166926.4064023,1,371,1.653062,79.28,374.134,396.398,1,4,ps
1778166926.8185375,1,372,1.572145,79.79,362.334,393.394,1,4,ps
1778166927.2388015,1,373,1.107493,78.06,373.073,401.421,1,4,ps
1778166927.649549,1,374,1.618024,81.34,364.939,385.172,1,4,ps
1778166928.085245,1,375,1.043759,77.16,381.308,405.978,1,4,ps
1778166928.5347533,1,376,1.528554,73.69,389.828,425.239,1,4,ps
1778166928.9447052,1,377,1.526567,82.74,350.379,377.783,1,4,ps
1778166929.360634,1,378,1.16497,82.84,358.603,379.269,1,4,ps
1778166929.799775,1,379,1.27303,74.72,391.83,418.986,1,4,ps
1778166930.2104297,1,380,1.206773,82.63,360.429,378.628,1,4,ps
1778166930.6202905,1,381,1.364625,82.14,356.921,382.401,1,4,ps
1778166931.0263119,1,382,1.148338,80.75,370.077,388.126,1,4,ps
1778166931.4283543,1,383,1.395353,81.51,360.873,384.549,1,4,ps
1778166931.8356442,1,384,1.417638,84.83,352.442,370.115,1,4,ps
1778166932.234678,1,385,1.246243,82.09,351.386,380.956,1,4,ps
1778166932.6469784,1,386,1.59498,81.49,359.337,384.976,1,4,ps
1778166933.0895112,1,387,1.241774,77.83,353.933,402.965,1,4,ps
1778166933.492115,1,388,1.599815,84.73,344.918,368.771,1,4,ps
1778166933.9208198,1,389,1.260345,77.99,380.983,403.085,1,4,ps
1778166934.3743563,1,390,1.276945,45.88,309.777,428.633,1,4,ps
1778166937.8327038,2,0,1.096753,86.1,343.136,362.44,1,4,ps
1778166938.252039,2,1,1.130621,80.84,365.988,386.768,1,4,ps
1778166938.697216,2,2,1.238092,76.34,391.118,411.128,1,4,ps
1778166939.1423137,2,3,1.277668,74.25,384.566,422.013,1,4,ps
1778166939.5619462,2,4,1.143831,78.26,370.139,400.034,1,4,ps
1778166939.9676623,2,5,1.241471,83.65,349.244,374.0,1,4,ps
1778166940.3722067,2,6,1.123438,83.51,355.0,376.009,1,4,ps
1778166940.774533,2,7,0.967324,81.68,350.084,383.536,1,4,ps
1778166941.181664,2,8,1.045408,80.48,363.15,388.77,1,4,ps
1778166941.5834775,2,9,1.227045,84.58,345.865,369.684,1,4,ps
1778166941.9849753,2,10,1.113172,81.54,361.521,383.954,1,4,ps
1778166942.3845065,2,11,1.245381,85.24,344.761,367.601,1,4,ps
1778166942.8268716,2,12,1.467047,74.1,403.623,424.441,1,4,ps
1778166943.2296574,2,13,1.439525,82.02,344.845,382.514,1,4,ps
1778166943.6318161,2,14,1.056315,81.52,364.793,383.906,1,4,ps
1778166944.0627997,2,15,1.241574,77.35,380.154,404.975,1,4,ps
1778166944.4717093,2,16,0.925705,80.17,365.478,391.529,1,4,ps
1778166944.898713,2,17,1.132881,76.9,389.396,408.965,1,4,ps
1778166945.3337848,2,18,1.384873,75.41,393.018,416.207,1,4,ps
1778166945.7414095,2,19,1.006097,83.29,351.985,375.309,1,4,ps
1778166946.1673763,2,20,0.98382,78.78,343.166,397.542,1,4,ps
1778166946.5713005,2,21,1.194109,83.72,350.753,374.087,1,4,ps
1778166946.9859579,2,22,1.388456,80.62,367.205,389.279,1,4,ps
1778166947.3894534,2,23,1.151001,81.34,359.102,385.329,1,4,ps
1778166947.801071,2,24,1.407328,80.81,361.488,388.324,1,4,ps
1778166948.2142787,2,25,1.324529,83.14,357.636,377.296,1,4,ps
1778166948.6137905,2,26,1.502292,83.19,346.864,376.546,1,4,ps
1778166949.0143292,2,27,1.410171,81.78,352.416,383.989,1,4,ps
1778166949.4683945,2,28,1.324958,72.1,401.851,436.562,1,4,ps
1778166949.905354,2,29,1.204128,77.81,382.037,403.941,1,4,ps
1778166950.3095615,2,30,1.493669,81.15,353.78,385.342,1,4,ps
1778166950.7160378,2,31,1.14378,84.92,349.919,367.822,1,4,ps
1778166951.1165066,2,32,0.968854,83.44,355.043,374.967,1,4,ps
1778166951.5229897,2,33,1.271019,82.07,354.466,381.652,1,4,ps
1778166951.925775,2,34,1.129933,81.59,350.418,383.4,1,4,ps
1778166952.3444479,2,35,1.655627,79.38,374.578,395.901,1,4,ps
1778166952.840229,2,36,1.179975,66.02,441.335,476.616,1,4,ps
1778166953.2711868,2,37,0.959952,82.88,351.07,378.863,1,4,ps
1778166953.6658013,2,38,1.408249,83.09,349.972,377.446,1,4,ps
1778166954.089706,2,39,1.120764,79.88,371.879,392.792,1,4,ps
1778166954.5226853,2,40,1.436119,78.15,381.824,400.389,1,4,ps
1778166954.942046,2,41,0.923373,79.04,367.436,395.845,1,4,ps
1778166955.353312,2,42,1.352271,82.42,347.985,379.119,1,4,ps
1778166955.766448,2,43,1.285287,80.52,362.214,388.834,1,4,ps
1778166956.173022,2,44,1.306375,85.14,346.976,367.997,1,4,ps
1778166956.600728,2,45,1.598354,77.72,384.994,403.692,1,4,ps
1778166957.0333874,2,46,1.042561,75.9,381.792,414.021,1,4,ps
1778166957.5634208,2,47,0.941894,62.67,468.27,503.438,1,4,ps
1778166958.046981,2,48,1.178705,69.33,430.557,453.987,1,4,ps
1778166958.50346,2,49,1.022118,72.03,413.817,435.439,1,4,ps
1778166958.9483817,2,50,1.129342,79.39,371.695,395.867,1,4,ps
1778166959.3602507,2,51,0.982586,81.01,366.084,386.802,1,4,ps
1778166959.7818286,2,52,1.598356,79.09,371.85,397.384,1,4,ps
1778166960.2300608,2,53,1.239405,73.09,403.155,430.052,1,4,ps
1778166960.6522572,2,54,1.19103,80.17,367.203,390.861,1,4,ps
1778166961.055182,2,55,1.491943,84.65,342.562,369.137,1,4,ps
1778166961.4514544,2,56,0.917518,82.68,358.894,379.787,1,4,ps
1778166961.8566525,2,57,1.068665,83.42,351.76,376.022,1,4,ps
1778166962.2508492,2,58,1.075407,84.7,347.646,370.062,1,4,ps
1778166962.6444228,2,59,1.343798,83.4,356.209,375.601,1,4,ps
1778166963.1000786,2,60,1.24337,73.59,387.405,425.685,1,4,ps
1778166963.506796,2,61,1.602225,81.27,365.127,385.03,1,4,ps
1778166963.9098015,2,62,1.07165,83.19,359.345,377.391,1,4,ps
1778166964.3197217,2,63,1.229102,80.09,362.752,390.857,1,4,ps
1778166964.7367983,2,64,1.144668,80.05,368.416,390.923,1,4,ps
1778166965.1612186,2,65,1.070288,80.79,362.39,388.275,1,4,ps
1778166965.5648627,2,66,1.148268,81.41,362.537,385.892,1,4,ps
1778166965.9718995,2,67,1.086173,80.88,351.265,386.796,1,4,ps
1778166966.391374,2,68,1.25555,78.05,366.289,401.943,1,4,ps
1778166966.7927969,2,69,1.272651,83.38,352.339,375.644,1,4,ps
1778166967.194391,2,70,1.243116,82.75,359.155,378.947,1,4,ps
1778166967.602154,2,71,1.323518,81.95,355.736,381.615,1,4,ps
1778166968.00401,2,72,1.288271,83.35,358.49,375.818,1,4,ps
1778166968.399567,2,73,1.298532,82.97,357.768,378.517,1,4,ps
1778166968.7944732,2,74,1.058381,84.51,346.428,371.438,1,4,ps
1778166969.1969345,2,75,1.213328,81.36,355.864,385.61,1,4,ps
1778166969.6024241,2,76,1.129926,80.99,364.131,386.266,1,4,ps
1778166970.024751,2,77,1.225705,79.06,361.367,396.684,1,4,ps
1778166970.4471622,2,78,1.134693,80.12,370.997,391.596,1,4,ps
1778166970.8942132,2,79,1.134192,73.32,402.168,427.677,1,4,ps
1778166971.3184392,2,80,1.039919,80.25,362.427,391.522,1,4,ps
1778166971.7248096,2,81,1.08062,83.96,352.188,372.017,1,4,ps
1778166972.143379,2,82,0.997012,80.19,366.358,391.373,1,4,ps
1778166972.5517833,2,83,1.288762,80.82,367.892,387.752,1,4,ps
1778166973.0245068,2,84,1.390895,69.13,428.287,454.729,1,4,ps
1778166973.415724,2,85,1.165771,83.7,338.982,375.053,1,4,ps
1778166973.8103397,2,86,1.108285,84.59,350.74,369.417,1,4,ps
1778166974.2350142,2,87,1.344767,79.14,375.826,396.714,1,4,ps
1778166974.6494243,2,88,1.438577,83.85,339.122,372.958,1,4,ps
1778166975.0728912,2,89,1.023748,81.39,364.198,385.321,1,4,ps
1778166975.4817834,2,90,0.898365,80.43,366.813,390.646,1,4,ps
1778166975.8950806,2,91,1.191136,80.92,356.071,386.23,1,4,ps
1778166976.3054116,2,92,1.254553,82.13,356.6,381.891,1,4,ps
1778166976.7143002,2,93,1.172743,81.97,363.815,382.706,1,4,ps
1778166977.1489956,2,94,1.115364,76.71,374.605,409.903,1,4,ps
1778166977.5512476,2,95,1.319102,81.46,366.357,384.36,1,4,ps
1778166977.9498603,2,96,0.736952,84.53,346.063,369.904,1,4,ps
1778166978.3500843,2,97,1.025072,83.83,352.525,373.413,1,4,ps
1778166978.7622714,2,98,1.347652,81.08,356.374,385.833,1,4,ps
1778166979.16387,2,99,1.117237,85.06,340.496,369.118,1,4,ps
1778166979.556869,2,100,1.004339,83.47,354.813,374.567,1,4,ps
1778166979.962525,2,101,1.110457,85.37,351.641,365.776,1,4,ps
1778166980.3888845,2,102,1.06676,78.23,381.793,401.759,1,4,ps
1778166980.786342,2,103,1.073304,82.52,361.311,379.764,1,4,ps
1778166981.1912603,2,104,1.374904,82.28,359.122,381.695,1,4,ps
1778166981.6484113,2,105,0.956216,71.61,413.741,439.159,1,4,ps
1778166982.0790129,2,106,1.45166,77.08,387.693,406.323,1,4,ps
1778166982.4753678,2,107,1.266333,84.28,352.787,371.556,1,4,ps
1778166982.931774,2,108,1.002205,74.08,403.732,424.176,1,4,ps
1778166983.3374,2,109,1.082016,80.87,368.266,388.448,1,4,ps
1778166983.7564096,2,110,1.035548,83.13,355.24,376.303,1,4,ps
1778166984.1520135,2,111,0.994185,88.11,337.497,354.404,1,4,ps
1778166984.5543332,2,112,1.393824,83.65,342.297,374.278,1,4,ps
1778166984.9695532,2,113,1.602132,81.24,363.229,384.913,1,4,ps
1778166985.3800824,2,114,1.250232,80.75,359.547,387.513,1,4,ps
1778166985.8255599,2,115,1.368509,77.35,384.066,405.872,1,4,ps
1778166986.2830958,2,116,0.969209,72.88,394.718,430.931,1,4,ps
1778166986.7221274,2,117,1.308645,77.23,381.748,405.507,1,4,ps
1778166987.1569228,2,118,1.36308,80.57,364.951,388.557,1,4,ps
1778166987.5872445,2,119,1.111257,79.71,369.884,394.236,1,4,ps
1778166987.9901,2,120,0.859178,81.81,359.751,382.398,1,4,ps
1778166988.3984864,2,121,1.3444,82.73,356.731,378.091,1,4,ps
1778166988.8278353,2,122,1.391166,79.18,372.801,395.694,1,4,ps
1778166989.2521102,2,123,1.022071,78.34,375.457,401.209,1,4,ps
1778166989.6467984,2,124,1.446718,83.05,345.68,377.537,1,4,ps
1778166990.0518584,2,125,1.75129,80.91,367.314,387.066,1,4,ps
1778166990.453998,2,126,1.049512,83.69,351.614,373.548,1,4,ps
1778166990.8694215,2,127,0.710138,81.28,363.835,385.591,1,4,ps
1778166991.2764108,2,128,0.893419,80.52,349.754,389.862,1,4,ps
1778166991.6883929,2,129,0.78942,79.45,364.332,394.144,1,4,ps
1778166992.1178248,2,130,1.443179,78.02,370.452,401.379,1,4,ps
1778166992.5481536,2,131,1.329312,80.73,359.591,387.913,1,4,ps
1778166993.0170412,2,132,1.40315,71.88,411.081,437.483,1,4,ps
1778166993.424735,2,133,1.216881,83.11,357.976,376.498,1,4,ps
1778166993.8305707,2,134,1.357765,82.7,359.797,378.918,1,4,ps
1778166994.2276971,2,135,1.141173,84.28,344.48,370.726,1,4,ps
1778166994.6359653,2,136,1.079419,84.08,353.736,372.9,1,4,ps
1778166995.0517473,2,137,0.976668,78.78,378.11,398.965,1,4,ps
1778166995.4533546,2,138,0.797758,83.01,349.698,377.28,1,4,ps
1778166995.880201,2,139,1.242572,78.35,377.309,399.356,1,4,ps
1778166996.2957647,2,140,1.168947,84.22,332.98,371.78,1,4,ps
1778166996.71757,2,141,0.879338,79.89,366.254,391.684,1,4,ps
1778166997.1533742,2,142,0.777527,77.79,374.632,402.63,1,4,ps
1778166997.583685,2,143,1.284986,76.36,382.732,410.342,1,4,ps
1778166998.008192,2,144,1.340528,81.3,356.369,385.318,1,4,ps
1778166998.4233427,2,145,1.256463,80.54,369.818,389.733,1,4,ps
1778166998.8259106,2,146,1.07946,81.49,364.63,384.093,1,4,ps
1778166999.2308102,2,147,1.527076,83.62,356.382,374.694,1,4,ps
1778166999.6355941,2,148,1.066672,80.84,369.177,386.945,1,4,ps
1778167000.0364015,2,149,1.278697,84.56,346.187,371.205,1,4,ps
1778167000.4263718,2,150,1.566827,84.28,349.675,370.516,1,4,ps
1778167000.829973,2,151,0.928299,84.21,331.504,371.131,1,4,ps
1778167001.251549,2,152,1.403987,79.06,371.417,397.528,1,4,ps
1778167001.650391,2,153,1.223739,82.37,357.682,380.289,1,4,ps
1778167002.0578709,2,154,0.897359,80.39,370.837,390.421,1,4,ps
1778167002.5073056,2,155,0.942914,72.86,391.118,430.132,1,4,ps
1778167003.0062528,2,156,1.490928,67.19,438.706,467.509,1,4,ps
1778167003.426446,2,157,1.250297,79.95,352.441,391.544,1,4,ps
1778167003.8287718,2,158,0.849789,84.49,344.097,369.987,1,4,ps
1778167004.2360048,2,159,1.053804,80.41,368.758,389.046,1,4,ps
1778167004.6183896,2,160,1.080447,88.77,331.883,351.35,1,4,ps
1778167005.0119853,2,161,1.029677,85.56,341.874,366.311,1,4,ps
1778167005.3999472,2,162,1.343995,88.44,328.812,353.215,1,4,ps
1778167005.7918544,2,163,0.81209,88.44,338.721,354.552,1,4,ps
1778167006.2037768,2,164,1.315351,83.82,354.959,374.519,1,4,ps
1778167006.619481,2,165,1.034657,79.08,368.137,396.945,1,4,ps
1778167007.04816,2,166,0.880652,79.57,364.754,394.061,1,4,ps
1778167007.4435294,2,167,0.831508,84.75,345.037,369.487,1,4,ps
1778167007.8442707,2,168,1.022633,84.63,347.457,369.364,1,4,ps
1778167008.251459,2,169,0.920405,83.01,350.982,378.185,1,4,ps
1778167008.646253,2,170,0.977769,83.06,342.33,376.986,1,4,ps
1778167009.0414717,2,171,1.271233,85.15,344.061,368.661,1,4,ps
1778167009.4407995,2,172,1.109069,82.14,353.189,380.696,1,4,ps
1778167009.8420136,2,173,1.096744,85.09,347.476,368.812,1,4,ps
1778167010.2422152,2,174,1.075032,81.88,344.818,381.779,1,4,ps
1778167010.6366217,2,175,1.236332,87.32,337.449,358.261,1,4,ps
1778167011.0358229,2,176,1.168646,82.05,364.066,382.724,1,4,ps
1778167011.4559586,2,177,0.888857,77.95,377.335,402.126,1,4,ps
1778167011.86431,2,178,0.993924,84.58,348.543,369.422,1,4,ps
1778167012.265173,2,179,1.21423,83.67,354.187,373.626,1,4,ps
1778167012.676401,2,180,1.265134,81.12,364.86,385.594,1,4,ps
1778167013.1243565,2,181,0.913977,75.05,389.04,417.426,1,4,ps
1778167013.5357687,2,182,0.800653,81.27,340.5,385.108,1,4,ps
1778167013.959942,2,183,1.313763,78.05,377.17,402.242,1,4,ps
1778167014.3525243,2,184,0.958926,85.47,340.589,366.745,1,4,ps
1778167014.7449827,2,185,1.422258,83.47,337.152,375.16,1,4,ps
1778167015.169506,2,186,0.90814,77.27,374.457,405.453,1,4,ps
1778167015.5642927,2,187,0.868895,85.5,344.883,367.063,1,4,ps
1778167015.9633749,2,188,1.052808,82.1,354.559,381.562,1,4,ps
1778167016.3564374,2,189,1.158197,86.4,341.209,362.174,1,4,ps
1778167016.7800877,2,190,1.498558,77.22,374.808,405.532,1,4,ps
1778167017.1873775,2,191,0.952947,83.25,357.713,376.577,1,4,ps
1778167017.6147704,2,192,1.314135,76.55,375.278,410.723,1,4,ps
1778167018.0193322,2,193,0.966165,81.17,338.326,386.472,1,4,ps
1778167018.4418871,2,194,1.639289,79.26,365.958,395.027,1,4,ps
1778167018.8551888,2,195,0.905807,80.58,360.064,388.669,1,4,ps
1778167019.2643206,2,196,1.262054,82.83,345.209,378.518,1,4,ps
1778167019.6646295,2,197,1.010274,81.78,335.702,382.666,1,4,ps
1778167020.0669606,2,198,1.337839,83.1,344.657,376.24,1,4,ps
1778167020.4538674,2,199,1.310136,85.12,336.31,368.167,1,4,ps
1778167020.8514183,2,200,1.276289,82.6,348.835,380.027,1,4,ps
1778167021.2421498,2,201,0.917108,83.91,353.161,374.297,1,4,ps
1778167021.6425242,2,202,1.395937,81.92,356.412,381.985,1,4,ps
1778167022.051046,2,203,1.390593,83.99,342.315,372.928,1,4,ps
1778167022.4559188,2,204,1.169515,83.78,355.409,374.777,1,4,ps
1778167022.899005,2,205,0.771656,73.81,403.009,424.932,1,4,ps
1778167023.3093665,2,206,1.364754,82.61,349.053,379.115,1,4,ps
1778167023.703535,2,207,1.447495,83.31,344.64,374.872,1,4,ps
1778167024.1111598,2,208,0.979987,84.46,352.04,369.919,1,4,ps
1778167024.5295231,2,209,1.21409,82.62,360.055,379.146,1,4,ps
1778167024.9348044,2,210,1.123845,86.79,337.314,360.627,1,4,ps
1778167025.3414478,2,211,1.11817,83.45,351.675,375.326,1,4,ps
1778167025.7378716,2,212,1.08399,82.73,349.994,378.018,1,4,ps
1778167026.1271112,2,213,1.219929,87.65,338.506,357.575,1,4,ps
1778167026.5249324,2,214,1.127422,83.54,341.846,375.769,1,4,ps
1778167026.951541,2,215,0.843283,76.31,394.507,412.142,1,4,ps
1778167027.347371,2,216,1.337393,82.92,360.415,377.769,1,4,ps
1778167027.756286,2,217,1.259446,85.67,342.743,365.373,1,4,ps
1778167028.1578043,2,218,0.99044,81.71,354.031,383.246,1,4,ps
1778167028.5620198,2,219,0.775628,84.69,353.027,368.888,1,4,ps
1778167028.9675927,2,220,0.841057,82.59,360.268,379.3,1,4,ps
1778167029.3679113,2,221,1.162595,83.43,349.382,374.796,1,4,ps
1778167029.7957125,2,222,1.05083,80.1,377.205,392.291,1,4,ps
1778167030.205544,2,223,0.775505,79.93,372.854,392.032,1,4,ps
1778167030.5975053,2,224,0.81428,85.7,346.101,365.353,1,4,ps
1778167031.0011072,2,225,0.9328,82.92,358.233,377.123,1,4,ps
1778167031.3974543,2,226,1.029702,82.64,360.133,378.346,1,4,ps
1778167031.7996843,2,227,1.033644,84.31,352.99,371.938,1,4,ps
1778167032.2184212,2,228,0.829335,78.15,383.362,401.316,1,4,ps
1778167032.6166372,2,229,0.611522,85.0,346.278,368.69,1,4,ps
1778167033.0785246,2,230,0.859454,70.7,426.196,443.859,1,4,ps
1778167033.4880714,2,231,0.751453,85.13,350.916,367.03,1,4,ps
1778167033.8974671,2,232,1.081982,82.21,357.992,381.978,1,4,ps
1778167034.3099453,2,233,1.362224,79.31,372.415,394.663,1,4,ps
1778167034.7138443,2,234,1.139587,84.75,352.087,369.664,1,4,ps
1778167035.165291,2,235,1.124862,74.59,387.288,420.029,1,4,ps
1778167035.580016,2,236,0.719816,81.66,362.446,383.051,1,4,ps
1778167035.9686134,2,237,1.300902,86.56,341.462,361.966,1,4,ps
1778167036.353574,2,238,1.270321,85.07,351.457,366.923,1,4,ps
1778167036.7418354,2,239,1.184229,85.68,336.433,364.633,1,4,ps
1778167037.135362,2,240,0.999551,88.15,327.95,354.212,1,4,ps
1778167037.544267,2,241,0.900981,80.37,363.927,388.997,1,4,ps
1778167037.9449577,2,242,0.917231,84.57,343.605,370.169,1,4,ps
1778167038.3367064,2,243,1.086017,86.83,335.05,359.688,1,4,ps
1778167038.726764,2,244,0.974982,84.05,346.5,373.518,1,4,ps
1778167039.120509,2,245,1.115492,83.68,341.397,375.195,1,4,ps
1778167039.5100453,2,246,1.293636,84.37,343.652,369.909,1,4,ps
1778167039.9068716,2,247,0.713526,84.75,352.394,370.363,1,4,ps
1778167040.3156598,2,248,1.494682,80.14,365.861,391.044,1,4,ps
1778167040.6992402,2,249,1.22281,85.55,343.249,366.846,1,4,ps
1778167041.1004653,2,250,1.14179,81.62,356.649,384.802,1,4,ps
1778167041.5004783,2,251,1.114148,82.01,358.794,381.379,1,4,ps
1778167041.8955853,2,252,0.942398,86.18,339.421,363.126,1,4,ps
1778167042.3110368,2,253,0.961051,81.04,362.898,387.287,1,4,ps
1778167042.7211223,2,254,0.838509,81.49,345.497,383.908,1,4,ps
1778167043.155112,2,255,0.882649,75.47,393.113,415.581,1,4,ps
1778167043.5529792,2,256,0.986285,85.85,342.826,364.093,1,4,ps
1778167043.9642382,2,257,1.028458,82.04,356.149,381.141,1,4,ps
1778167044.3575094,2,258,1.827006,83.41,356.932,376.024,1,4,ps
1778167044.7481997,2,259,1.127522,84.38,352.432,370.171,1,4,ps
1778167045.16501,2,260,0.983345,80.65,369.775,387.913,1,4,ps
1778167045.5994253,2,261,1.0577,80.15,375.912,391.067,1,4,ps
1778167046.0131779,2,262,0.921523,81.43,361.615,384.707,1,4,ps
1778167046.4043093,2,263,1.094079,83.9,340.529,373.649,1,4,ps
1778167046.8027232,2,264,1.43483,84.22,352.268,371.033,1,4,ps
1778167047.1956549,2,265,1.360453,83.35,348.513,375.127,1,4,ps
1778167047.6019025,2,266,1.54218,80.65,358.751,389.516,1,4,ps
1778167048.0090458,2,267,1.246266,80.91,349.97,387.704,1,4,ps
1778167048.4092648,2,268,0.857772,84.04,340.996,372.927,1,4,ps
1778167048.8111463,2,269,1.212423,83.7,355.135,375.056,1,4,ps
1778167049.2152731,2,270,0.963737,81.1,350.016,387.269,1,4,ps
1778167049.6079562,2,271,0.917917,83.56,337.122,375.6,1,4,ps
1778167050.0071945,2,272,0.850922,85.38,349.871,367.577,1,4,ps
1778167050.4044292,2,273,1.073647,82.79,354.32,379.264,1,4,ps
1778167050.8077466,2,274,1.098612,81.28,362.749,385.166,1,4,ps
1778167051.2358642,2,275,0.957716,77.73,379.515,404.448,1,4,ps
1778167051.6367197,2,276,1.175835,83.25,353.202,376.173,1,4,ps
1778167052.029381,2,277,0.970919,83.39,349.706,375.946,1,4,ps
1778167052.4317813,2,278,0.757537,81.41,363.679,385.825,1,4,ps
1778167052.8858032,2,279,0.961306,71.96,406.312,436.221,1,4,ps
1778167053.2942631,2,280,0.933105,84.64,337.497,369.642,1,4,ps
1778167053.6965566,2,281,1.053595,84.37,349.353,371.129,1,4,ps
1778167054.0961823,2,282,1.307057,84.26,347.174,370.675,1,4,ps
1778167054.4931428,2,283,0.836372,84.4,354.266,371.784,1,4,ps
1778167054.8896723,2,284,0.891541,82.72,359.619,378.824,1,4,ps
1778167055.2963707,2,285,0.677274,85.06,337.417,367.165,1,4,ps
1778167055.7057629,2,286,0.92172,82.13,360.466,382.367,1,4,ps
1778167056.1195092,2,287,1.124559,79.34,353.149,395.737,1,4,ps
1778167056.5422184,2,288,1.093264,77.69,368.51,403.052,1,4,ps
1778167056.9525034,2,289,0.730009,79.74,361.436,392.503,1,4,ps
1778167057.3503263,2,290,1.05967,85.26,343.8,367.559,1,4,ps
1778167057.7436726,2,291,1.346234,83.24,345.095,376.404,1,4,ps
1778167058.166938,2,292,0.715084,80.02,372.827,391.06,1,4,ps
1778167058.579311,2,293,1.099956,80.76,360.413,387.531,1,4,ps
1778167058.9790406,2,294,1.330185,85.14,347.701,366.847,1,4,ps
1778167059.3933127,2,295,1.037367,84.64,351.423,369.232,1,4,ps
1778167059.7943652,2,296,1.29687,83.47,340.564,375.226,1,4,ps
1778167060.1943498,2,297,1.119528,82.63,361.812,379.045,1,4,ps
1778167060.6217885,2,298,1.166676,80.25,367.273,389.962,1,4,ps
1778167061.0194497,2,299,0.849386,82.44,348.002,379.377,1,4,ps
1778167061.4257445,2,300,0.769415,82.75,352.72,377.782,1,4,ps
1778167061.8346932,2,301,0.754653,80.34,366.276,389.367,1,4,ps
1778167062.2240582,2,302,0.999846,84.22,353.503,371.173,1,4,ps
1778167062.6308339,2,303,0.77975,86.1,347.974,363.796,1,4,ps
1778167063.0886471,2,304,0.624868,71.33,422.787,441.339,1,4,ps
1778167063.4930198,2,305,0.894921,83.93,341.996,372.572,1,4,ps
1778167063.8956742,2,306,0.984597,84.98,345.577,368.439,1,4,ps
1778167064.2886016,2,307,1.076355,83.44,341.695,374.454,1,4,ps
1778167064.6886027,2,308,0.878094,84.66,347.185,369.272,1,4,ps
1778167065.1075325,2,309,0.674043,80.7,365.744,387.628,1,4,ps
1778167065.5037436,2,310,0.819817,85.86,341.528,363.693,1,4,ps
1778167065.909301,2,311,0.97737,82.77,356.346,377.667,1,4,ps
1778167066.3038142,2,312,0.869581,84.92,351.24,369.073,1,4,ps
1778167066.7182343,2,313,0.714288,79.26,366.571,394.854,1,4,ps
1778167067.129653,2,314,1.113891,81.11,364.444,385.904,1,4,ps
1778167067.5198534,2,315,1.259398,86.51,340.089,361.06,1,4,ps
1778167067.9072142,2,316,1.184749,86.92,343.147,360.406,1,4,ps
1778167068.3182664,2,317,0.992001,80.99,357.944,386.48,1,4,ps
1778167068.7391117,2,318,1.024485,81.64,357.276,384.013,1,4,ps
1778167069.1521935,2,319,0.716588,81.39,360.213,386.019,1,4,ps
1778167069.5734472,2,320,1.204798,82.88,359.423,377.943,1,4,ps
1778167069.9657776,2,321,0.982982,83.7,341.491,373.6,1,4,ps
1778167070.3666847,2,322,0.624011,81.73,363.062,383.385,1,4,ps
1778167070.758402,2,323,0.850524,87.03,333.19,358.641,1,4,ps
1778167071.1462557,2,324,0.916337,86.18,342.158,364.008,1,4,ps
1778167071.5410283,2,325,1.12884,82.93,356.294,378.178,1,4,ps
1778167071.939256,2,326,1.335772,82.36,361.621,379.879,1,4,ps
1778167072.3310397,2,327,1.133541,85.14,335.375,368.144,1,4,ps
1778167072.7298398,2,328,0.705689,85.38,342.301,367.058,1,4,ps
1778167073.1617131,2,329,0.875224,76.29,374.837,411.204,1,4,ps
1778167073.580783,2,330,1.243607,79.92,368.102,393.14,1,4,ps
1778167073.9851732,2,331,0.769065,82.11,344.246,381.668,1,4,ps
1778167074.3856742,2,332,0.88736,82.01,347.434,381.281,1,4,ps
1778167074.788048,2,333,1.025785,84.99,349.608,367.367,1,4,ps
1778167075.2042649,2,334,1.318203,82.4,350.957,379.933,1,4,ps
1778167075.5925982,2,335,0.851148,89.04,335.16,351.679,1,4,ps
1778167076.0019476,2,336,1.083334,79.9,362.737,391.519,1,4,ps
1778167076.4693804,2,337,0.923943,71.17,418.524,441.545,1,4,ps
1778167076.8830967,2,338,1.306232,80.62,362.144,389.302,1,4,ps
1778167077.2758014,2,339,1.013176,85.42,342.872,367.427,1,4,ps
1778167077.6963658,2,340,1.135458,77.86,383.646,402.123,1,4,ps
1778167078.1120143,2,341,0.937497,83.54,353.906,375.338,1,4,ps
1778167078.510489,2,342,1.160507,82.38,356.973,380.722,1,4,ps
1778167078.9229693,2,343,1.17034,83.37,351.341,375.031,1,4,ps
1778167079.3209362,2,344,1.157127,83.79,350.255,373.678,1,4,ps
1778167079.717889,2,345,1.069442,82.61,358.561,378.528,1,4,ps
1778167080.1112187,2,346,1.127789,85.06,346.254,368.042,1,4,ps
1778167080.5146663,2,347,1.225794,81.71,367.161,384.306,1,4,ps
1778167080.9140306,2,348,1.313962,81.97,352.285,381.365,1,4,ps
1778167081.319297,2,349,1.358309,82.4,357.553,380.59,1,4,ps
1778167081.7201884,2,350,0.783213,81.69,364.915,384.053,1,4,ps
1778167082.1223936,2,351,1.184323,82.65,346.793,379.443,1,4,ps
1778167082.5167575,2,352,0.933138,82.99,350.592,377.445,1,4,ps
1778167082.9840486,2,353,1.051986,70.07,414.547,448.54,1,4,ps
1778167083.3775668,2,354,1.230036,83.51,340.307,374.928,1,4,ps
1778167083.7639947,2,355,0.850923,87.7,325.708,357.656,1,4,ps
1778167084.1812253,2,356,1.020916,78.99,355.311,396.491,1,4,ps
1778167084.5763688,2,357,1.108144,85.73,345.327,364.508,1,4,ps
1778167085.005619,2,358,0.925715,77.77,384.582,404.443,1,4,ps
1778167085.405578,2,359,1.331173,84.43,351.65,370.183,1,4,ps
1778167085.7977178,2,360,1.080232,88.23,337.317,353.681,1,4,ps
1778167086.2003677,2,361,0.909576,83.92,355.761,373.092,1,4,ps
1778167086.5944932,2,362,0.766226,86.16,345.582,363.8,1,4,ps
1778167086.9820821,2,363,0.772773,88.01,329.99,354.889,1,4,ps
1778167087.3794866,2,364,1.286562,82.91,358.924,378.516,1,4,ps
1778167087.7711263,2,365,0.886961,83.67,355.907,373.612,1,4,ps
1778167088.176601,2,366,0.856161,82.55,360.161,379.33,1,4,ps
1778167088.5907552,2,367,1.407019,79.03,374.862,396.084,1,4,ps
1778167088.9802449,2,368,0.595684,84.22,340.122,371.237,1,4,ps
1778167089.3801844,2,369,1.246028,85.44,340.993,365.55,1,4,ps
1778167089.7832997,2,370,0.950547,82.98,357.245,377.02,1,4,ps
1778167090.1688395,2,371,1.05274,88.24,317.8,353.727,1,4,ps
1778167090.558771,2,372,1.079256,85.73,342.784,364.729,1,4,ps
1778167090.9591427,2,373,1.212962,84.2,353.181,371.249,1,4,ps
1778167091.3482084,2,374,1.175358,90.25,328.924,347.337,1,4,ps
1778167091.7428515,2,375,0.982211,82.92,350.549,377.084,1,4,ps
1778167092.133223,2,376,1.005893,84.25,348.931,371.073,1,4,ps
1778167092.52237,2,377,1.016712,85.84,345.527,364.041,1,4,ps
1778167092.9613836,2,378,1.10222,76.14,390.718,412.648,1,4,ps
1778167093.366478,2,379,0.871682,81.94,349.04,381.674,1,4,ps
1778167093.7549648,2,380,0.722341,87.56,336.172,357.158,1,4,ps
1778167094.161831,2,381,0.786817,80.43,371.886,389.374,1,4,ps
1778167094.5571332,2,382,0.868608,87.27,325.461,357.566,1,4,ps
1778167094.959331,2,383,0.826762,83.04,358.016,376.438,1,4,ps
1778167095.3577898,2,384,0.859006,82.49,343.771,379.081,1,4,ps
1778167095.7459006,2,385,1.313319,87.84,334.332,356.49,1,4,ps
1778167096.1294653,2,386,0.838515,85.44,350.137,367.299,1,4,ps
1778167096.5198307,2,387,0.913167,84.11,354.937,373.271,1,4,ps
1778167096.9095168,2,388,1.099213,84.38,340.581,370.469,1,4,ps
1778167097.3022113,2,389,0.95282,86.85,338.217,359.729,1,4,ps
1778167097.6719398,2,390,1.279602,57.11,320.506,341.485,1,4,ps
1778167101.0456548,3,0,0.758444,90.96,327.81,342.916,1,4,ps
1778167101.4174902,3,1,0.869552,89.89,322.959,347.885,1,4,ps
1778167101.8185577,3,2,1.09164,83.11,356.709,376.708,1,4,ps
1778167102.2075906,3,3,0.913833,85.56,341.834,365.173,1,4,ps
1778167102.6006403,3,4,0.784497,88.93,337.363,352.146,1,4,ps
1778167103.0688572,3,5,1.412189,69.72,424.261,450.137,1,4,ps
1778167103.4524572,3,6,1.096283,89.15,333.669,350.663,1,4,ps
1778167103.8324564,3,7,0.874998,89.16,331.303,351.194,1,4,ps
1778167104.2236793,3,8,0.82121,83.66,353.393,373.562,1,4,ps
1778167104.6285672,3,9,0.969147,82.71,349.685,377.948,1,4,ps
1778167105.0290742,3,10,1.036172,85.23,344.383,366.555,1,4,ps
1778167105.4571586,3,11,1.023327,79.3,367.977,394.549,1,4,ps
1778167105.854078,3,12,1.196612,85.91,346.571,364.812,1,4,ps
1778167106.255711,3,13,0.888029,81.62,353.623,383.56,1,4,ps
1778167106.6552134,3,14,0.865555,83.88,352.68,372.406,1,4,ps
1778167107.0444753,3,15,0.927919,89.17,334.332,349.912,1,4,ps
1778167107.4512286,3,16,1.4916,82.12,342.442,380.803,1,4,ps
1778167107.8520534,3,17,1.354614,82.79,339.97,378.365,1,4,ps
1778167108.243757,3,18,0.843551,83.61,349.912,373.74,1,4,ps
1778167108.651702,3,19,0.960154,82.89,356.385,377.023,1,4,ps
1778167109.0485659,3,20,1.338442,83.54,354.708,374.212,1,4,ps
1778167109.4596736,3,21,1.097772,79.59,369.72,393.343,1,4,ps
1778167109.8982062,3,22,1.063461,76.84,381.5,408.377,1,4,ps
1778167110.288734,3,23,1.105472,84.1,344.874,371.606,1,4,ps
1778167110.6987808,3,24,0.883923,81.37,363.741,386.027,1,4,ps
1778167111.0912955,3,25,0.931302,83.49,356.483,375.289,1,4,ps
1778167111.482707,3,26,1.200506,83.66,356.994,374.794,1,4,ps
1778167111.883274,3,27,0.971685,81.82,344.816,382.415,1,4,ps
1778167112.2812135,3,28,0.734024,86.12,348.416,364.562,1,4,ps
1778167112.6767483,3,29,1.220682,82.9,361.189,378.335,1,4,ps
1778167113.1351924,3,30,1.080612,71.26,423.295,440.778,1,4,ps
1778167113.5287757,3,31,1.087001,83.29,348.585,375.255,1,4,ps
1778167113.916844,3,32,0.887602,86.2,338.807,362.18,1,4,ps
1778167114.305819,3,33,0.966418,85.05,349.326,367.25,1,4,ps
1778167114.6961055,3,34,0.877182,86.36,338.198,361.713,1,4,ps
1778167115.1121986,3,35,0.865759,80.27,361.638,391.227,1,4,ps
1778167115.5123403,3,36,0.919844,81.74,364.63,383.554,1,4,ps
1778167115.9059906,3,37,1.011044,83.23,346.144,376.153,1,4,ps
1778167116.3189838,3,38,0.968077,79.63,376.185,392.967,1,4,ps
1778167116.7154489,3,39,1.283356,86.03,346.339,364.192,1,4,ps
1778167117.1180022,3,40,0.999679,81.19,358.665,385.946,1,4,ps
1778167117.5204828,3,41,1.060239,82.37,350.796,379.744,1,4,ps
1778167117.9191582,3,42,0.890307,85.95,345.658,365.111,1,4,ps
1778167118.309084,3,43,0.809068,84.06,353.982,372.971,1,4,ps
1778167118.7030795,3,44,0.81064,84.42,332.78,370.945,1,4,ps
1778167119.091176,3,45,0.958665,86.23,334.455,362.548,1,4,ps
1778167119.4735265,3,46,0.923321,87.53,340.23,357.446,1,4,ps
1778167119.8824813,3,47,0.764121,81.14,353.195,387.055,1,4,ps
1778167120.3061156,3,48,0.964673,77.55,368.453,403.976,1,4,ps
1778167120.7150238,3,49,0.673266,81.87,361.345,382.67,1,4,ps
1778167121.1114995,3,50,1.103033,82.81,360.358,378.168,1,4,ps
1778167121.5145836,3,51,0.764035,81.63,358.792,383.09,1,4,ps
1778167121.9138916,3,52,0.515505,84.69,350.365,370.272,1,4,ps
1778167122.3250895,3,53,0.865559,84.87,350.3,369.405,1,4,ps
1778167122.7208765,3,54,0.985684,82.89,358.156,378.312,1,4,ps
1778167123.2093856,3,55,1.559314,66.72,447.978,470.682,1,4,ps
1778167123.608474,3,56,0.931113,82.07,352.695,382.127,1,4,ps
1778167124.0019789,3,57,1.000092,84.66,351.299,369.395,1,4,ps
1778167124.3996625,3,58,0.716776,84.04,355.001,371.717,1,4,ps
1778167124.7960217,3,59,0.761324,84.22,346.481,370.956,1,4,ps
1778167125.212221,3,60,0.792393,80.11,374.116,390.786,1,4,ps
1778167125.6067507,3,61,0.810355,85.41,340.355,366.504,1,4,ps
1778167125.9980412,3,62,0.886351,88.4,333.147,353.799,1,4,ps
1778167126.4009955,3,63,0.95375,83.31,334.949,375.488,1,4,ps
1778167126.797964,3,64,0.502058,84.68,342.108,369.823,1,4,ps
1778167127.196138,3,65,0.718866,82.2,352.801,381.147,1,4,ps
1778167127.6014645,3,66,0.986607,80.77,362.4,388.501,1,4,ps
1778167128.004252,3,67,0.960357,84.2,328.973,371.825,1,4,ps
1778167128.3986049,3,68,0.898038,86.36,340.941,362.766,1,4,ps
1778167128.7999578,3,69,1.148479,81.61,366.102,384.305,1,4,ps
1778167129.2013674,3,70,1.402999,81.5,354.505,385.413,1,4,ps
1778167129.611741,3,71,0.999002,80.04,369.474,392.28,1,4,ps
1778167130.0237732,3,72,0.721527,79.4,366.901,395.877,1,4,ps
1778167130.407456,3,73,1.398226,85.64,339.46,366.438,1,4,ps
1778167130.8126743,3,74,1.26197,80.93,368.81,388.287,1,4,ps
1778167131.2287903,3,75,0.701185,79.71,372.63,394.261,1,4,ps
1778167131.6081717,3,76,1.07136,86.36,342.818,362.786,1,4,ps
1778167132.002621,3,77,0.670313,86.65,342.69,360.299,1,4,ps
1778167132.4035208,3,78,0.984102,83.46,346.915,374.471,1,4,ps
1778167132.8062038,3,79,1.014091,84.63,354.153,370.876,1,4,ps
1778167133.2466521,3,80,0.841241,74.61,386.596,420.127,1,4,ps
1778167133.651048,3,81,0.851617,84.16,352.368,372.163,1,4,ps
1778167134.1047006,3,82,0.881707,72.06,406.118,435.437,1,4,ps
1778167134.547247,3,83,1.09084,74.49,387.434,421.446,1,4,ps
1778167134.9673455,3,84,0.950944,80.87,344.705,388.126,1,4,ps
1778167135.3768423,3,85,1.230976,81.12,348.189,385.192,1,4,ps
1778167135.7749274,3,86,0.973259,84.84,349.85,368.174,1,4,ps
1778167136.1847305,3,87,0.77019,84.09,346.922,372.352,1,4,ps
1778167136.5727148,3,88,0.809676,89.04,334.492,351.761,1,4,ps
1778167136.994115,3,89,0.934387,78.28,372.796,400.426,1,4,ps
1778167137.3952808,3,90,0.944372,85.29,339.974,366.291,1,4,ps
1778167137.8028271,3,91,1.263339,82.73,359.625,378.513,1,4,ps
1778167138.207214,3,92,0.766141,81.08,361.925,386.453,1,4,ps
1778167138.6342,3,93,0.620347,76.51,391.294,409.697,1,4,ps
1778167139.080075,3,94,0.736306,76.21,385.605,411.042,1,4,ps
1778167139.494941,3,95,0.930322,80.25,360.705,391.105,1,4,ps
1778167139.9151235,3,96,1.009961,80.18,367.884,390.897,1,4,ps
1778167140.313832,3,97,0.846367,82.27,358.051,380.318,1,4,ps
1778167140.7055964,3,98,1.159677,85.66,339.677,364.605,1,4,ps
1778167141.0995846,3,99,0.990494,85.07,346.372,367.929,1,4,ps
1778167141.5460877,3,100,1.192247,73.51,390.371,427.127,1,4,ps
1778167141.952324,3,101,0.735834,81.01,362.099,387.753,1,4,ps
1778167142.3494105,3,102,0.664524,83.91,343.497,373.698,1,4,ps
1778167142.7598054,3,103,0.877675,80.0,372.148,390.898,1,4,ps
1778167143.268808,3,104,0.7098,66.09,426.823,475.682,1,4,ps
1778167143.7111545,3,105,0.68107,75.66,393.773,415.219,1,4,ps
1778167144.1324313,3,106,0.679211,81.56,364.124,385.13,1,4,ps
1778167144.5247424,3,107,0.966742,83.68,344.728,374.645,1,4,ps
1778167144.935135,3,108,0.887806,80.03,364.848,392.812,1,4,ps
1778167145.3311303,3,109,0.980102,82.88,351.473,377.984,1,4,ps
1778167145.723045,3,110,0.989403,83.65,350.656,374.826,1,4,ps
1778167146.1097853,3,111,0.822656,84.91,349.299,369.017,1,4,ps
1778167146.5089426,3,112,0.935035,82.04,364.525,382.221,1,4,ps
1778167146.9253442,3,113,0.77199,78.78,370.361,398.386,1,4,ps
1778167147.3246887,3,114,1.07259,82.24,341.483,380.87,1,4,ps
1778167147.7234144,3,115,0.925441,85.86,342.755,364.629,1,4,ps
1778167148.1405902,3,116,0.644608,80.36,360.885,389.3,1,4,ps
1778167148.5412583,3,117,0.912319,85.58,349.184,365.268,1,4,ps
1778167148.9359012,3,118,0.889293,84.77,350.908,368.519,1,4,ps
1778167149.34294,3,119,0.891372,82.4,355.977,379.476,1,4,ps
1778167149.7366955,3,120,0.902435,84.98,350.304,368.34,1,4,ps
1778167150.1345696,3,121,0.879264,84.19,353.042,371.495,1,4,ps
1778167150.537311,3,122,0.903527,81.57,350.978,383.652,1,4,ps
1778167150.9271033,3,123,1.382057,83.98,341.779,372.157,1,4,ps
1778167151.3213573,3,124,0.97321,84.46,351.934,370.855,1,4,ps
1778167151.7437663,3,125,1.037877,80.58,359.93,388.546,1,4,ps
1778167152.1710348,3,126,0.751301,80.81,356.994,387.211,1,4,ps
1778167152.622217,3,127,0.869677,74.12,388.17,423.6,1,4,ps
1778167153.0670962,3,128,0.710117,78.0,379.586,401.474,1,4,ps
1778167153.4698193,3,129,0.651004,82.66,351.279,379.055,1,4,ps
1778167153.8757906,3,130,1.161283,80.6,360.461,389.32,1,4,ps
1778167154.2757745,3,131,1.104734,81.88,360.149,383.562,1,4,ps
1778167154.6716037,3,132,0.985964,82.92,347.108,377.227,1,4,ps
1778167155.1018543,3,133,0.673128,80.15,372.382,390.995,1,4,ps
1778167155.5011668,3,134,1.082263,82.14,363.829,382.585,1,4,ps
1778167155.9050343,3,135,1.181149,81.03,363.274,386.152,1,4,ps
1778167156.3013003,3,136,0.895566,86.4,332.835,362.088,1,4,ps
1778167156.6849356,3,137,0.957867,85.48,344.52,366.255,1,4,ps
1778167157.092593,3,138,0.655575,83.77,350.833,374.6,1,4,ps
1778167157.485947,3,139,0.894716,83.44,359.458,376.185,1,4,ps
1778167157.881614,3,140,0.84331,85.31,343.172,367.436,1,4,ps
1778167158.2970366,3,141,1.023504,80.28,368.015,390.587,1,4,ps
1778167158.71112,3,142,0.925715,82.34,356.34,380.364,1,4,ps
1778167159.1086054,3,143,0.775295,87.4,339.248,357.31,1,4,ps
1778167159.5285442,3,144,0.866293,77.96,382.135,403.388,1,4,ps
1778167159.9273694,3,145,0.601997,82.27,358.891,380.002,1,4,ps
1778167160.3207905,3,146,0.755226,86.4,339.206,363.205,1,4,ps
1778167160.7266026,3,147,1.164364,80.74,363.182,388.645,1,4,ps
1778167161.120116,3,148,0.964464,83.29,350.57,376.514,1,4,ps
1778167161.5083215,3,149,0.801744,84.44,341.88,370.138,1,4,ps
1778167161.9136467,3,150,1.16986,84.41,350.13,372.19,1,4,ps
1778167162.3105414,3,151,0.837659,83.36,340.872,374.988,1,4,ps
1778167162.764894,3,152,0.571904,74.35,405.823,422.631,1,4,ps
1778167163.2037547,3,153,0.764267,74.88,376.419,419.703,1,4,ps
1778167163.5831485,3,154,1.018736,87.76,333.913,357.424,1,4,ps
1778167163.9887705,3,155,0.993997,82.86,350.869,377.106,1,4,ps
1778167164.3709257,3,156,1.683382,86.84,343.126,360.744,1,4,ps
1778167164.7555382,3,157,1.320472,85.16,345.329,366.983,1,4,ps
1778167165.1744442,3,158,1.27728,80.81,370.392,388.109,1,4,ps
1778167165.5594585,3,159,0.941461,85.24,350.826,368.239,1,4,ps
1778167165.9399462,3,160,0.859597,86.12,348.216,364.317,1,4,ps
1778167166.3404706,3,161,0.596909,82.01,362.85,382.598,1,4,ps
1778167166.726394,3,162,0.905352,84.85,348.65,367.918,1,4,ps
1778167167.1247616,3,163,1.035929,82.82,360.681,378.244,1,4,ps
1778167167.54136,3,164,1.241616,82.71,349.591,377.977,1,4,ps
1778167167.9448044,3,165,1.020336,86.56,335.34,362.86,1,4,ps
1778167168.3412085,3,166,0.936173,82.68,362.321,379.277,1,4,ps
1778167168.7306404,3,167,1.04846,84.29,327.757,372.454,1,4,ps
1778167169.1204693,3,168,0.781169,87.41,338.263,357.337,1,4,ps
1778167169.5173767,3,169,1.3515,84.45,346.897,371.062,1,4,ps
1778167169.928955,3,170,0.585292,79.72,366.356,392.2,1,4,ps
1778167170.3214817,3,171,0.87681,84.41,345.608,370.062,1,4,ps
1778167170.7430258,3,172,0.851735,80.01,374.904,392.43,1,4,ps
1778167171.1276858,3,173,0.902744,85.34,344.724,366.882,1,4,ps
1778167171.5187755,3,174,0.872204,85.06,341.544,367.574,1,4,ps
1778167171.9265683,3,175,0.957311,83.3,358.373,376.576,1,4,ps
1778167172.3219638,3,176,0.587234,82.8,350.965,378.419,1,4,ps
1778167172.7176535,3,177,1.142313,84.39,351.013,370.173,1,4,ps
1778167173.183296,3,178,1.200962,72.59,411.278,431.911,1,4,ps
1778167173.5957282,3,179,0.828366,84.88,353.336,369.844,1,4,ps
1778167174.0071301,3,180,0.822601,80.69,355.654,387.816,1,4,ps
1778167174.4062934,3,181,0.75118,85.64,341.429,365.959,1,4,ps
1778167174.791526,3,182,1.214943,85.06,351.943,368.939,1,4,ps
1778167175.1967432,3,183,0.926926,80.82,369.143,387.145,1,4,ps
1778167175.5858455,3,184,0.693517,86.21,340.559,362.527,1,4,ps
1778167175.9762135,3,185,0.712774,86.54,342.756,362.129,1,4,ps
1778167176.3677833,3,186,0.793925,83.59,354.907,374.556,1,4,ps
1778167176.7548213,3,187,1.10633,84.84,340.14,368.485,1,4,ps
1778167177.1375098,3,188,1.258801,87.05,344.197,358.979,1,4,ps
1778167177.5508878,3,189,0.773829,80.38,367.212,389.846,1,4,ps
1778167177.9502304,3,190,0.70333,89.14,322.406,349.869,1,4,ps
1778167178.350168,3,191,1.148084,83.04,347.772,376.594,1,4,ps
1778167178.753082,3,192,1.656466,83.28,352.421,376.02,1,4,ps
1778167179.141315,3,193,0.782044,84.38,340.594,372.033,1,4,ps
1778167179.5466142,3,194,0.528195,80.69,359.069,388.372,1,4,ps
1778167179.9472702,3,195,1.298807,84.61,340.721,370.567,1,4,ps
1778167180.3468513,3,196,0.917351,82.23,360.991,381.02,1,4,ps
1778167180.756156,3,197,0.95544,80.95,351.88,387.084,1,4,ps
1778167181.1514707,3,198,0.857475,84.5,351.317,369.962,1,4,ps
1778167181.5446725,3,199,1.274337,84.21,344.82,371.054,1,4,ps
1778167181.9507942,3,200,0.920951,82.05,355.912,382.477,1,4,ps
1778167182.3686862,3,201,0.98896,80.78,360.047,387.043,1,4,ps
1778167182.7739403,3,202,0.643378,82.24,361.445,380.223,1,4,ps
1778167183.2358952,3,203,0.464717,71.57,419.502,438.632,1,4,ps
1778167183.6296918,3,204,0.99707,83.17,358.371,376.026,1,4,ps
1778167184.0506315,3,205,1.257947,78.84,374.45,397.23,1,4,ps
1778167184.4776323,3,206,0.882337,78.31,370.174,400.781,1,4,ps
1778167184.8674722,3,207,0.744913,86.36,341.573,361.39,1,4,ps
1778167185.283178,3,208,0.572034,78.69,373.053,398.831,1,4,ps
1778167185.6884136,3,209,0.853195,82.55,351.678,378.937,1,4,ps
1778167186.0797586,3,210,0.755433,86.26,338.738,363.284,1,4,ps
1778167186.4811683,3,211,0.967238,85.09,349.372,367.092,1,4,ps
1778167186.8738418,3,212,0.630972,84.89,336.377,368.088,1,4,ps
1778167187.2548716,3,213,0.829611,88.36,327.425,353.886,1,4,ps
1778167187.6555152,3,214,1.179894,81.67,357.543,383.164,1,4,ps
1778167188.0703444,3,215,0.911899,80.51,360.458,388.576,1,4,ps
1778167188.491494,3,216,0.730776,79.32,370.802,394.314,1,4,ps
1778167188.9285605,3,217,0.929827,77.0,382.263,408.684,1,4,ps
1778167189.3298037,3,218,0.613811,82.09,358.814,381.021,1,4,ps
1778167189.7325187,3,219,1.110916,82.52,361.371,380.562,1,4,ps
1778167190.1367943,3,220,0.928703,81.06,366.866,386.55,1,4,ps
1778167190.5330944,3,221,1.136868,82.63,354.041,379.669,1,4,ps
1778167190.9398682,3,222,1.014376,80.44,372.171,388.793,1,4,ps
1778167191.3367352,3,223,1.012296,85.11,348.463,367.023,1,4,ps
1778167191.7368803,3,224,1.500652,84.17,346.488,371.505,1,4,ps
1778167192.1472294,3,225,0.941737,81.13,369.394,387.196,1,4,ps
1778167192.5484838,3,226,0.667679,81.77,363.342,383.074,1,4,ps
1778167192.961257,3,227,0.756981,80.72,368.023,389.955,1,4,ps
1778167193.4069297,3,228,0.719238,79.66,350.834,393.446,1,4,ps
1778167193.801617,3,229,0.611654,87.71,339.064,357.262,1,4,ps
1778167194.229623,3,230,0.568839,79.04,373.991,396.691,1,4,ps
1778167194.6439674,3,231,0.793989,80.17,372.251,392.126,1,4,ps
1778167195.04349,3,232,0.579124,82.84,351.027,379.091,1,4,ps
1778167195.436796,3,233,1.007498,83.7,335.219,374.515,1,4,ps
1778167195.8171093,3,234,0.880629,87.84,337.697,355.679,1,4,ps
1778167196.1983652,3,235,1.500244,89.5,331.572,349.501,1,4,ps
1778167196.6028137,3,236,0.806784,82.04,364.032,381.175,1,4,ps
1778167196.9884784,3,237,0.608399,89.01,328.687,351.868,1,4,ps
1778167197.3881059,3,238,0.62122,87.67,322.587,356.866,1,4,ps
1778167197.8124642,3,239,0.882426,77.8,362.225,405.449,1,4,ps
1778167198.2003853,3,240,0.929946,85.2,344.493,367.842,1,4,ps
1778167198.599934,3,241,0.657533,82.75,357.591,377.926,1,4,ps
1778167199.0174809,3,242,1.218071,79.1,370.366,396.761,1,4,ps
1778167199.4081645,3,243,0.577303,87.1,337.808,359.431,1,4,ps
1778167199.8050082,3,244,0.655447,85.07,351.069,369.243,1,4,ps
1778167200.2014287,3,245,0.988935,82.77,359.534,377.931,1,4,ps
1778167200.5901012,3,246,1.094302,87.58,338.169,356.579,1,4,ps
1778167200.9896405,3,247,0.908091,84.0,344.773,372.044,1,4,ps
1778167201.3846617,3,248,0.730788,86.06,343.882,362.897,1,4,ps
1778167201.7704155,3,249,0.820092,89.48,330.662,348.615,1,4,ps
1778167202.1680388,3,250,1.113713,85.27,343.045,366.014,1,4,ps
1778167202.5618834,3,251,0.663391,86.03,339.022,363.139,1,4,ps
1778167202.97944,3,252,0.745957,79.48,375.372,393.902,1,4,ps
1778167203.4025185,3,253,0.938697,78.7,373.212,398.452,1,4,ps
1778167203.8000395,3,254,0.688396,85.3,346.199,366.228,1,4,ps
1778167204.2031455,3,255,0.614905,84.56,352.152,370.262,1,4,ps
1778167204.6055741,3,256,1.172248,83.2,349.517,375.96,1,4,ps
1778167205.0174422,3,257,0.92083,80.71,368.298,389.515,1,4,ps
1778167205.457974,3,258,0.8988,74.87,388.119,418.558,1,4,ps
1778167205.8785532,3,259,0.716145,81.27,362.461,386.069,1,4,ps
1778167206.2763746,3,260,0.812848,83.43,352.72,375.834,1,4,ps
1778167206.6868634,3,261,0.722412,82.89,341.714,377.158,1,4,ps
1778167207.085283,3,262,1.264585,81.93,354.873,382.347,1,4,ps
1778167207.4742053,3,263,0.947407,84.28,352.145,371.974,1,4,ps
1778167207.8750377,3,264,0.79771,83.88,336.451,372.76,1,4,ps
1778167208.270075,3,265,0.676657,86.32,346.137,363.425,1,4,ps
1778167208.668209,3,266,0.762377,82.21,363.441,381.547,1,4,ps
1778167209.094637,3,267,0.815858,77.14,382.627,406.816,1,4,ps
1778167209.4855208,3,268,1.090968,83.92,353.136,373.662,1,4,ps
1778167209.8876643,3,269,0.722293,81.45,358.701,384.757,1,4,ps
1778167210.2927406,3,270,0.796405,86.65,342.026,361.017,1,4,ps
1778167210.6853287,3,271,1.083427,83.47,358.202,375.145,1,4,ps
1778167211.0934544,3,272,0.682384,80.28,358.823,389.473,1,4,ps
1778167211.498479,3,273,1.319349,84.42,351.925,371.329,1,4,ps
1778167211.8917398,3,274,0.727918,83.33,357.315,375.165,1,4,ps
1778167212.3085845,3,275,0.883074,81.39,364.371,385.08,1,4,ps
1778167212.721934,3,276,0.952924,82.49,340.341,380.215,1,4,ps
1778167213.1981392,3,277,0.852723,70.99,426.724,443.074,1,4,ps
1778167213.6012876,3,278,0.684053,81.29,366.179,385.543,1,4,ps
1778167214.0140572,3,279,0.718839,79.32,369.31,395.302,1,4,ps
1778167214.4166958,3,280,0.974245,83.95,348.505,372.061,1,4,ps
1778167214.840014,3,281,1.026935,77.5,383.944,405.156,1,4,ps
1778167215.262434,3,282,0.906438,78.93,378.158,396.471,1,4,ps
1778167215.6642373,3,283,0.697665,83.15,357.33,375.808,1,4,ps
1778167216.0897882,3,284,0.923628,77.98,372.721,402.616,1,4,ps
1778167216.5030606,3,285,0.923966,79.51,349.455,395.343,1,4,ps
1778167216.9106207,3,286,0.682288,80.34,350.286,389.229,1,4,ps
1778167217.307657,3,287,0.729247,84.14,343.39,372.543,1,4,ps
1778167217.6974275,3,288,0.768898,85.6,342.624,365.039,1,4,ps
1778167218.0988574,3,289,0.688256,82.6,357.149,378.593,1,4,ps
1778167218.4922373,3,290,0.709602,84.91,344.958,369.642,1,4,ps
1778167218.8846917,3,291,1.037857,83.48,348.614,374.558,1,4,ps
1778167219.2989178,3,292,1.046021,82.98,346.26,376.604,1,4,ps
1778167219.6951241,3,293,1.193206,84.26,351.401,372.631,1,4,ps
1778167220.0917287,3,294,0.931894,82.65,359.717,379.468,1,4,ps
1778167220.500763,3,295,0.75301,80.44,359.553,390.048,1,4,ps
1778167220.8980825,3,296,1.012379,82.77,347.579,378.314,1,4,ps
1778167221.3124743,3,297,0.856836,81.45,363.268,384.123,1,4,ps
1778167221.7206988,3,298,0.759768,82.2,362.682,381.407,1,4,ps
1778167222.1401272,3,299,0.815154,78.15,378.748,400.472,1,4,ps
1778167222.5451925,3,300,0.969969,84.44,354.798,371.147,1,4,ps
1778167222.9601367,3,301,1.109027,79.47,373.748,394.34,1,4,ps
1778167223.373477,3,302,1.05839,83.05,341.708,376.528,1,4,ps
1778167223.7736645,3,303,0.992048,84.6,330.86,369.269,1,4,ps
1778167224.1808133,3,304,1.025482,81.33,359.136,384.64,1,4,ps
1778167224.5803678,3,305,1.325848,84.03,348.484,373.528,1,4,ps
1778167224.990915,3,306,0.614192,80.04,359.99,392.685,1,4,ps
1778167225.3919384,3,307,1.001272,81.71,348.036,384.531,1,4,ps
1778167225.8054776,3,308,0.882674,81.19,361.965,385.382,1,4,ps
1778167226.2047732,3,309,0.517426,83.9,347.88,372.454,1,4,ps
1778167226.6216414,3,310,0.848183,81.18,363.881,385.29,1,4,ps
1778167227.0432649,3,311,0.754189,80.84,366.464,388.021,1,4,ps
1778167227.4243362,3,312,0.88903,86.13,327.577,362.92,1,4,ps
1778167227.8125,3,313,1.100583,89.17,335.672,349.762,1,4,ps
1778167228.2073238,3,314,0.841296,84.22,336.331,372.236,1,4,ps
1778167228.5891268,3,315,0.924617,85.86,347.763,365.442,1,4,ps
1778167228.9782233,3,316,0.549568,87.4,338.358,357.405,1,4,ps
1778167229.3887894,3,317,0.92588,82.18,357.301,381.788,1,4,ps
1778167229.781003,3,318,0.456247,88.94,330.175,350.588,1,4,ps
1778167230.1765738,3,319,0.774273,85.75,346.815,365.911,1,4,ps
1778167230.5905294,3,320,0.503651,79.13,376.954,396.259,1,4,ps
1778167230.9797647,3,321,0.911573,85.93,342.239,363.42,1,4,ps
1778167231.3699577,3,322,0.634896,88.63,337.343,353.314,1,4,ps
1778167231.7768557,3,323,0.910438,80.61,364.472,388.035,1,4,ps
1778167232.1627412,3,324,0.910622,84.9,343.497,368.156,1,4,ps
1778167232.5596821,3,325,0.73071,82.55,356.618,378.949,1,4,ps
1778167232.9683936,3,326,0.847938,82.29,356.407,381.274,1,4,ps
1778167233.3710773,3,327,0.881344,83.01,352.362,377.828,1,4,ps
1778167233.7688997,3,328,0.796344,82.35,356.443,379.577,1,4,ps
1778167234.1634145,3,329,0.908142,84.22,344.393,371.083,1,4,ps
1778167234.5591397,3,330,1.074481,86.97,345.218,359.453,1,4,ps
1778167234.9595993,3,331,0.909444,86.94,336.816,359.158,1,4,ps
1778167235.3559773,3,332,0.790865,84.07,352.865,371.9,1,4,ps
1778167235.7517285,3,333,0.883021,84.13,346.328,373.279,1,4,ps
1778167236.1587696,3,334,1.136605,80.44,359.972,388.948,1,4,ps
1778167236.548942,3,335,0.938584,86.01,338.876,363.055,1,4,ps
1778167236.941395,3,336,0.880112,83.01,360.283,378.35,1,4,ps
1778167237.3772814,3,337,1.209944,75.19,390.143,417.097,1,4,ps
1778167237.794492,3,338,0.925314,81.33,365.962,385.753,1,4,ps
1778167238.1966066,3,339,1.102345,81.58,365.507,383.192,1,4,ps
1778167238.5926507,3,340,0.831226,84.47,350.678,371.175,1,4,ps
1778167238.9779007,3,341,0.826282,85.09,347.183,367.902,1,4,ps
1778167239.3745677,3,342,0.708582,83.04,349.79,376.88,1,4,ps
1778167239.7759023,3,343,1.165647,83.76,345.668,373.306,1,4,ps
1778167240.163641,3,344,0.711603,86.53,334.213,362.078,1,4,ps
1778167240.5603998,3,345,1.181843,82.68,356.802,378.027,1,4,ps
1778167240.9573555,3,346,0.871036,85.21,328.605,367.308,1,4,ps
1778167241.3484066,3,347,0.855446,85.41,341.637,367.414,1,4,ps
1778167241.758106,3,348,0.722543,79.84,365.616,393.174,1,4,ps
1778167242.1636908,3,349,0.845247,80.91,360.902,386.563,1,4,ps
1778167242.5629373,3,350,0.763033,82.05,351.846,381.69,1,4,ps
1778167243.0058584,3,351,0.598665,74.26,383.507,423.059,1,4,ps
1778167243.4239523,3,352,0.689047,80.38,358.97,389.813,1,4,ps
1778167243.831762,3,353,0.800391,82.08,353.933,380.928,1,4,ps
1778167244.2263117,3,354,0.82972,87.46,343.647,358.638,1,4,ps
1778167244.6108072,3,355,1.044824,87.66,334.939,357.764,1,4,ps
1778167245.0254543,3,356,0.774788,78.89,380.764,397.274,1,4,ps
1778167245.4365404,3,357,0.863804,84.55,341.218,371.032,1,4,ps
1778167245.8345435,3,358,0.726812,88.18,312.873,355.656,1,4,ps
1778167246.2357738,3,359,0.630507,81.72,366.826,383.911,1,4,ps
1778167246.6264615,3,360,0.683856,85.87,345.646,365.499,1,4,ps
1778167247.0257092,3,361,0.454702,85.13,347.065,367.687,1,4,ps
1778167247.429599,3,362,0.829304,83.42,351.249,374.855,1,4,ps
1778167247.8253512,3,363,1.070503,84.65,351.543,370.242,1,4,ps
1778167248.245934,3,364,0.707004,79.2,373.684,396.95,1,4,ps
1778167248.6569948,3,365,1.013873,81.87,359.476,381.866,1,4,ps
1778167249.0539458,3,366,0.837342,84.18,347.085,372.102,1,4,ps
1778167249.4562786,3,367,0.497476,82.8,355.999,378.732,1,4,ps
1778167249.854058,3,368,0.855281,82.51,344.473,378.926,1,4,ps
1778167250.2766328,3,369,0.756184,80.23,372.805,389.952,1,4,ps
1778167250.6796103,3,370,0.407772,82.09,364.093,382.657,1,4,ps
1778167251.078896,3,371,0.861412,82.91,350.404,378.259,1,4,ps
1778167251.4756682,3,372,0.817731,82.5,350.214,380.142,1,4,ps
1778167251.9050398,3,373,0.529729,76.16,385.257,412.147,1,4,ps
1778167252.296072,3,374,1.494168,83.87,340.972,372.663,1,4,ps
1778167252.691907,3,375,0.74774,83.74,354.555,373.101,1,4,ps
1778167253.1497395,3,376,0.636662,72.78,404.264,430.872,1,4,ps
1778167253.5456383,3,377,1.031215,84.23,343.167,371.074,1,4,ps
1778167253.937091,3,378,0.501358,86.19,345.436,363.991,1,4,ps
1778167254.342609,3,379,0.57681,80.88,359.534,386.871,1,4,ps
1778167254.7413254,3,380,0.680665,85.22,339.204,366.978,1,4,ps
1778167255.1566005,3,381,0.923262,81.77,345.683,384.13,1,4,ps
1778167255.5703723,3,382,0.581349,79.04,368.798,396.252,1,4,ps
1778167255.969037,3,383,0.532026,83.5,353.448,374.249,1,4,ps
1778167256.3744013,3,384,0.932776,83.22,350.232,377.162,1,4,ps
1778167256.7818701,3,385,0.842814,80.63,355.812,387.774,1,4,ps
1778167257.1786118,3,386,0.653132,84.05,337.428,372.168,1,4,ps
1778167257.576691,3,387,0.677099,85.37,343.824,366.279,1,4,ps
1778167257.9698231,3,388,0.509096,85.1,343.488,367.21,1,4,ps
1778167258.3681517,3,389,1.256989,85.48,343.059,366.151,1,4,ps
1778167258.7571733,3,390,0.585881,52.33,343.473,374.002,1,4,ps
1778167262.1351416,4,0,1.145679,91.62,325.373,340.498,1,4,ps
1778167262.5216095,4,1,1.285857,87.19,335.234,358.135,1,4,ps
1778167262.9328156,4,2,0.887662,79.59,367.107,393.349,1,4,ps
1778167263.3617077,4,3,0.497934,78.17,377.581,401.266,1,4,ps
1778167263.7539406,4,4,0.807031,85.07,341.027,367.583,1,4,ps
1778167264.1486497,4,5,0.631397,82.97,333.816,376.802,1,4,ps
1778167264.5420227,4,6,0.703909,83.2,349.138,376.337,1,4,ps
1778167264.9329371,4,7,0.632795,83.78,344.196,374.179,1,4,ps
1778167265.3416839,4,8,0.683999,83.36,349.182,376.658,1,4,ps
1778167265.7557235,4,9,0.69147,79.2,369.221,396.842,1,4,ps
1778167266.1653757,4,10,0.530972,79.89,367.56,391.654,1,4,ps
1778167266.625846,4,11,0.725044,72.1,405.02,435.207,1,4,ps
1778167267.0476654,4,12,1.139744,80.13,367.617,391.605,1,4,ps
1778167267.4773092,4,13,0.732712,76.26,382.591,411.447,1,4,ps
1778167267.9087746,4,14,0.566133,77.62,382.158,403.521,1,4,ps
1778167268.3242924,4,15,0.76622,80.0,340.999,391.293,1,4,ps
1778167268.721428,4,16,0.713129,82.73,359.451,378.586,1,4,ps
1778167269.1180708,4,17,0.614906,82.55,361.104,379.428,1,4,ps
1778167269.558572,4,18,0.797009,74.42,389.241,421.124,1,4,ps
1778167269.978761,4,19,0.560125,82.13,351.088,380.716,1,4,ps
1778167270.3679805,4,20,0.882306,85.2,334.807,368.324,1,4,ps
1778167270.7818217,4,21,1.006796,79.1,370.219,396.194,1,4,ps
1778167271.1813152,4,22,0.979586,82.57,353.295,379.583,1,4,ps
1778167271.5765843,4,23,0.635086,84.11,344.972,372.898,1,4,ps
1778167271.989002,4,24,1.066463,79.32,377.067,395.276,1,4,ps
1778167272.3965528,4,25,0.498872,80.35,366.764,389.37,1,4,ps
1778167272.793488,4,26,0.493705,84.87,342.78,367.999,1,4,ps
1778167273.2668698,4,27,0.709347,71.01,423.39,442.879,1,4,ps
1778167273.6744561,4,28,0.555845,81.18,351.598,385.207,1,4,ps
1778167274.0684726,4,29,1.148494,86.91,342.495,360.85,1,4,ps
1778167274.4762657,4,30,0.473934,81.12,361.857,385.608,1,4,ps
1778167274.8702545,4,31,0.760397,85.6,338.909,364.754,1,4,ps
1778167275.2831066,4,32,0.545488,82.49,361.364,379.112,1,4,ps
1778167275.6804695,4,33,0.701316,82.97,355.913,377.038,1,4,ps
1778167276.0947528,4,34,0.988049,79.26,367.362,396.634,1,4,ps
1778167276.5036774,4,35,0.924793,80.11,372.26,390.644,1,4,ps
1778167276.9188678,4,36,0.858514,79.51,375.594,394.292,1,4,ps
1778167277.3232968,4,37,0.384608,85.32,349.351,367.269,1,4,ps
1778167277.7355003,4,38,0.611148,80.17,354.381,391.953,1,4,ps
1778167278.1672995,4,39,0.892252,79.41,370.637,395.087,1,4,ps
1778167278.591343,4,40,1.31818,79.39,371.595,394.728,1,4,ps
1778167279.0232594,4,41,0.482407,78.63,366.872,399.75,1,4,ps
1778167279.4174602,4,42,0.661474,85.74,336.23,364.193,1,4,ps
1778167279.817133,4,43,0.786358,83.78,355.782,374.215,1,4,ps
1778167280.2404315,4,44,0.67315,81.67,352.097,382.882,1,4,ps
1778167280.6308234,4,45,0.99158,86.25,335.946,363.75,1,4,ps
1778167281.0220313,4,46,0.590339,83.79,345.454,374.601,1,4,ps
1778167281.4342961,4,47,0.545377,79.8,359.22,392.163,1,4,ps
1778167281.8332367,4,48,0.56095,84.84,348.656,369.892,1,4,ps
1778167282.2372415,4,49,0.720974,81.02,368.278,386.771,1,4,ps
1778167282.640898,4,50,1.207476,81.2,367.918,385.389,1,4,ps
1778167283.0642335,4,51,0.848701,80.0,373.076,391.719,1,4,ps
1778167283.4957025,4,52,0.686498,76.95,370.706,407.627,1,4,ps
1778167283.8872008,4,53,0.494373,86.26,335.684,363.268,1,4,ps
1778167284.2859821,4,54,0.74635,82.32,353.4,381.489,1,4,ps
1778167284.6818883,4,55,0.651374,82.9,348.923,377.032,1,4,ps
1778167285.0739784,4,56,0.988711,85.82,345.476,364.032,1,4,ps
1778167285.4749806,4,57,0.327497,88.31,331.721,355.32,1,4,ps
1778167285.8741813,4,58,0.677911,82.76,340.245,378.422,1,4,ps
1778167286.28419,4,59,0.562488,79.98,372.736,391.273,1,4,ps
1778167286.6891177,4,60,0.810015,81.65,359.784,383.84,1,4,ps
1778167287.0878034,4,61,0.723034,83.44,344.666,374.685,1,4,ps
1778167287.4969106,4,62,0.644251,80.81,362.684,388.274,1,4,ps
1778167287.9385366,4,63,0.7675,74.1,395.595,424.476,1,4,ps
1778167288.3357124,4,64,0.743497,82.52,343.861,378.884,1,4,ps
1778167288.7358956,4,65,0.594196,83.41,353.757,376.524,1,4,ps
1778167289.1412017,4,66,0.931089,80.96,368.573,387.133,1,4,ps
1778167289.5391932,4,67,0.741743,82.39,350.263,380.344,1,4,ps
1778167289.9280655,4,68,0.732467,89.95,327.032,347.011,1,4,ps
1778167290.3377604,4,69,0.607934,79.98,359.577,392.782,1,4,ps
1778167290.7860737,4,70,0.813995,72.96,396.673,430.987,1,4,ps
1778167291.2202737,4,71,0.803598,75.71,374.942,413.905,1,4,ps
1778167291.6594057,4,72,0.569877,77.84,380.344,403.417,1,4,ps
1778167292.0783365,4,73,1.039439,78.48,341.38,400.57,1,4,ps
1778167292.5211515,4,74,0.73388,76.76,383.874,408.163,1,4,ps
1778167292.9564135,4,75,0.88867,79.18,376.287,395.484,1,4,ps
1778167293.4039788,4,76,1.072497,74.21,380.755,422.421,1,4,ps
1778167293.8331578,4,77,0.715955,79.84,366.926,392.178,1,4,ps
1778167294.2361026,4,78,0.803372,86.04,343.17,364.667,1,4,ps
1778167294.6536624,4,79,0.729338,78.6,365.912,398.27,1,4,ps
1778167295.058898,4,80,0.345119,83.63,354.779,375.365,1,4,ps
1778167295.4676304,4,81,0.519925,81.77,358.182,383.364,1,4,ps
1778167295.8840942,4,82,0.757502,78.79,365.78,398.47,1,4,ps
1778167296.2927186,4,83,0.539537,80.23,363.75,390.916,1,4,ps
1778167296.724176,4,84,0.676423,80.03,374.449,392.461,1,4,ps
1778167297.145629,4,85,0.68245,77.86,359.038,403.695,1,4,ps
1778167297.5651627,4,86,0.814986,78.4,358.148,399.294,1,4,ps
1778167297.986023,4,87,0.780365,79.29,370.28,394.436,1,4,ps
1778167298.4109015,4,88,1.124294,79.89,362.95,392.309,1,4,ps
1778167298.8247712,4,89,0.742317,82.93,351.653,378.752,1,4,ps
1778167299.2459211,4,90,0.660902,77.83,375.982,403.948,1,4,ps
1778167299.6616247,4,91,0.623591,78.93,368.788,396.559,1,4,ps
1778167300.0775247,4,92,0.927611,80.24,370.19,389.63,1,4,ps
1778167300.5010185,4,93,0.710045,79.48,355.162,393.699,1,4,ps
1778167300.9060392,4,94,0.877128,84.3,344.788,370.611,1,4,ps
1778167301.3618927,4,95,0.536866,72.83,399.29,430.714,1,4,ps
1778167301.8096461,4,96,0.612268,75.61,384.658,415.4,1,4,ps
1778167302.2293427,4,97,1.141369,78.62,359.244,398.291,1,4,ps
1778167302.6885533,4,98,0.854564,72.37,407.969,434.103,1,4,ps
1778167303.1521144,4,99,0.473986,70.59,411.95,446.135,1,4,ps
1778167303.5831728,4,100,0.975304,80.78,362.644,387.119,1,4,ps
1778167304.0237093,4,101,0.403145,77.48,372.888,404.864,1,4,ps
1778167304.4276938,4,102,0.565241,84.85,347.31,369.88,1,4,ps
1778167304.8418877,4,103,0.578685,79.22,366.084,396.818,1,4,ps
1778167305.2797048,4,104,0.803745,74.92,386.119,418.42,1,4,ps
1778167305.6898782,4,105,0.510127,81.76,355.73,382.686,1,4,ps
1778167306.1133564,4,106,0.57944,79.43,358.608,395.718,1,4,ps
1778167306.5197566,4,107,0.774504,80.84,351.451,387.676,1,4,ps
1778167306.9205692,4,108,1.015946,81.85,361.121,382.21,1,4,ps
1778167307.3610845,4,109,0.818442,77.94,380.376,401.729,1,4,ps
1778167307.7773075,4,110,0.758263,78.81,375.819,398.321,1,4,ps
1778167308.1889908,4,111,0.645251,81.95,356.078,383.431,1,4,ps
1778167308.6207137,4,112,0.554801,75.98,384.744,413.068,1,4,ps
1778167309.027956,4,113,0.396369,80.63,368.275,388.333,1,4,ps
1778167309.443717,4,114,0.917044,83.05,357.179,377.233,1,4,ps
1778167309.8605714,4,115,0.433928,80.73,368.759,388.638,1,4,ps
1778167310.2626991,4,116,0.564051,81.6,363.816,383.185,1,4,ps
1778167310.6769876,4,117,0.713334,81.11,364.961,385.671,1,4,ps
1778167311.0795095,4,118,0.587235,81.58,358.497,383.461,1,4,ps
1778167311.4883578,4,119,0.871559,82.06,355.826,382.114,1,4,ps
1778167311.9090161,4,120,0.52989,78.69,378.942,399.023,1,4,ps
1778167312.3701844,4,121,0.593942,72.78,391.625,430.667,1,4,ps
1778167312.7999535,4,122,0.53207,77.38,373.937,405.945,1,4,ps
1778167313.2902238,4,123,0.678439,69.0,430.333,455.866,1,4,ps
1778167313.717997,4,124,0.723644,76.59,389.754,410.539,1,4,ps
1778167314.1610975,4,125,0.521537,77.93,380.322,401.892,1,4,ps
1778167314.5691152,4,126,0.913702,80.41,369.977,389.759,1,4,ps
1778167314.984778,4,127,0.675027,78.97,367.765,397.122,1,4,ps
1778167315.4336894,4,128,0.919519,74.96,383.345,419.138,1,4,ps
1778167315.8368034,4,129,0.846956,81.33,367.62,386.192,1,4,ps
1778167316.2687943,4,130,0.693614,75.85,371.748,412.953,1,4,ps
1778167316.675274,4,131,1.012088,83.14,355.656,375.923,1,4,ps
1778167317.0762777,4,132,0.989199,86.55,341.83,362.092,1,4,ps
1778167317.527856,4,133,0.755561,75.95,370.204,412.807,1,4,ps
1778167317.9447973,4,134,0.755435,82.02,361.482,382.646,1,4,ps
1778167318.3897202,4,135,0.747182,73.86,403.664,424.947,1,4,ps
1778167318.8803873,4,136,0.871062,66.91,431.511,470.051,1,4,ps
1778167319.3671572,4,137,0.576652,69.01,415.621,456.655,1,4,ps
1778167319.8268728,4,138,0.567605,71.54,400.851,440.048,1,4,ps
1778167320.2743268,4,139,0.608467,73.48,384.099,427.926,1,4,ps
1778167320.6944485,4,140,0.714595,78.28,367.035,400.478,1,4,ps
1778167321.1074312,4,141,0.729666,79.49,357.115,393.56,1,4,ps
1778167321.5055902,4,142,0.600413,86.25,344.813,363.783,1,4,ps
1778167321.9195797,4,143,0.767774,79.18,368.688,396.446,1,4,ps
1778167322.3286088,4,144,0.985533,82.08,361.354,381.098,1,4,ps
1778167322.777462,4,145,0.896971,74.28,398.51,422.894,1,4,ps
1778167323.364838,4,146,0.798531,55.55,540.165,567.472,1,4,ps
1778167323.8160985,4,147,0.676094,75.92,390.154,412.563,1,4,ps
1778167324.2587118,4,148,0.541305,74.06,390.909,423.325,1,4,ps
1778167324.7033913,4,149,0.662964,75.53,389.333,414.895,1,4,ps
1778167325.1137536,4,150,0.42161,83.49,344.455,374.349,1,4,ps
1778167325.53941,4,151,0.538158,78.87,368.941,397.654,1,4,ps
1778167325.9347384,4,152,0.726351,84.2,343.733,372.843,1,4,ps
1778167326.3354175,4,153,1.342521,83.97,344.979,372.47,1,4,ps
1778167326.7448707,4,154,0.796353,84.56,352.938,370.728,1,4,ps
1778167327.1412776,4,155,0.920029,82.45,359.275,381.016,1,4,ps
1778167327.5463245,4,156,0.915343,80.97,365.59,387.934,1,4,ps
1778167327.981245,4,157,1.075137,75.39,394.738,415.621,1,4,ps
1778167328.3827307,4,158,0.946619,85.0,346.647,368.365,1,4,ps
1778167328.8142867,4,159,0.631753,78.26,359.315,399.945,1,4,ps
1778167329.2252393,4,160,0.837232,80.76,367.544,387.522,1,4,ps
1778167329.6292188,4,161,0.915748,82.14,363.127,381.507,1,4,ps
1778167330.0506175,4,162,0.964568,80.56,360.685,388.703,1,4,ps
1778167330.457807,4,163,0.45262,84.96,348.245,369.477,1,4,ps
1778167330.8645906,4,164,0.432926,80.63,369.824,388.043,1,4,ps
1778167331.2780957,4,165,0.648575,81.44,362.874,384.264,1,4,ps
1778167331.6862504,4,166,0.779013,82.24,362.126,381.737,1,4,ps
1778167332.0940776,4,167,0.711029,80.39,362.104,389.18,1,4,ps
1778167332.5063148,4,168,0.42821,81.38,345.079,384.538,1,4,ps
1778167332.9042346,4,169,0.774838,85.62,349.377,365.561,1,4,ps
1778167333.4011412,4,170,0.531823,66.67,441.675,472.671,1,4,ps
1778167333.8581374,4,171,0.78459,71.58,419.622,438.298,1,4,ps
1778167334.2898424,4,172,0.723264,76.82,386.159,408.265,1,4,ps
1778167334.710005,4,173,0.63336,78.61,375.272,398.228,1,4,ps
1778167335.1126657,4,174,0.690474,84.32,347.078,370.493,1,4,ps
1778167335.524097,4,175,0.754071,81.34,365.615,385.248,1,4,ps
1778167335.9259567,4,176,0.60445,81.87,356.402,381.74,1,4,ps
1778167336.3269033,4,177,1.027132,85.48,347.318,366.59,1,4,ps
1778167336.7411103,4,178,0.864477,79.05,366.965,395.834,1,4,ps
1778167337.1451602,4,179,0.483516,82.47,352.453,379.393,1,4,ps
1778167337.5464401,4,180,1.070134,85.71,345.73,365.662,1,4,ps
1778167337.9537323,4,181,0.708451,81.52,366.049,384.867,1,4,ps
1778167338.3862514,4,182,0.72939,79.78,375.507,392.23,1,4,ps
1778167338.7920885,4,183,0.666269,81.88,362.827,383.652,1,4,ps
1778167339.2518716,4,184,0.888894,73.02,407.922,430.233,1,4,ps
1778167339.6563237,4,185,1.031738,80.98,367.307,386.487,1,4,ps
1778167340.073799,4,186,0.694277,79.92,364.505,391.538,1,4,ps
1778167340.4901686,4,187,0.543302,78.94,371.584,397.249,1,4,ps
1778167340.8930345,4,188,0.511359,81.31,366.266,385.398,1,4,ps
1778167341.304926,4,189,0.51635,79.53,375.674,394.565,1,4,ps
1778167341.7390513,4,190,0.702402,75.39,393.248,416.746,1,4,ps
1778167342.155186,4,191,0.743342,79.62,374.251,393.769,1,4,ps
1778167342.5903347,4,192,0.685872,76.79,380.243,407.638,1,4,ps
1778167343.0101438,4,193,0.694841,79.87,361.817,391.84,1,4,ps
1778167343.496384,4,194,0.638281,67.96,420.857,463.924,1,4,ps
1778167343.9364505,4,195,1.192811,77.83,365.318,402.166,1,4,ps
1778167344.363876,4,196,0.481587,77.91,374.678,402.288,1,4,ps
1778167344.8606915,4,197,0.640411,66.73,443.8,470.425,1,4,ps
1778167345.3350575,4,198,0.65921,69.21,388.107,453.685,1,4,ps
1778167345.736727,4,199,1.069987,83.41,352.569,375.425,1,4,ps
1778167346.15333,4,200,0.484734,79.0,361.173,396.173,1,4,ps
1778167346.5478063,4,201,0.963536,83.15,349.939,376.754,1,4,ps
1778167346.9538088,4,202,0.865394,84.95,349.767,368.887,1,4,ps
1778167347.3710732,4,203,0.632098,82.07,358.894,382.273,1,4,ps
1778167347.7792675,4,204,1.019944,82.89,354.632,377.169,1,4,ps
1778167348.2063482,4,205,0.421034,77.43,387.387,405.632,1,4,ps
1778167348.6069913,4,206,0.469698,83.82,347.413,372.928,1,4,ps
1778167349.0250788,4,207,0.957956,80.82,359.722,387.035,1,4,ps
1778167349.461221,4,208,0.720348,76.92,382.691,408.255,1,4,ps
1778167349.8651419,4,209,0.728661,81.24,366.774,386.204,1,4,ps
1778167350.2731016,4,210,0.576904,80.32,367.56,389.476,1,4,ps
1778167350.688576,4,211,0.654559,78.88,364.576,396.818,1,4,ps
1778167351.0881243,4,212,0.771298,82.02,358.631,381.334,1,4,ps
1778167351.4944746,4,213,0.764216,82.18,359.23,382.127,1,4,ps
1778167351.9037652,4,214,0.928561,80.49,352.533,388.55,1,4,ps
1778167352.3068492,4,215,0.89309,82.13,354.639,380.732,1,4,ps
1778167352.7236025,4,216,0.429659,80.29,369.812,391.181,1,4,ps
1778167353.1814432,4,217,0.549313,74.88,390.583,419.97,1,4,ps
1778167353.6277807,4,218,0.990028,77.18,365.958,406.679,1,4,ps
1778167354.0965831,4,219,0.741507,69.95,420.084,449.887,1,4,ps
1778167354.5152636,4,220,0.8042,78.7,362.804,398.888,1,4,ps
1778167354.9173892,4,221,0.630421,81.67,350.286,383.125,1,4,ps
1778167355.361279,4,222,0.920805,75.28,390.413,416.16,1,4,ps
1778167355.7726395,4,223,0.673511,79.65,370.687,394.109,1,4,ps
1778167356.1940885,4,224,0.45565,77.75,371.397,402.668,1,4,ps
1778167356.5919795,4,225,0.634263,83.59,356.452,375.045,1,4,ps
1778167356.995682,4,226,0.496518,80.79,366.641,387.364,1,4,ps
1778167357.428703,4,227,0.535405,77.42,379.02,405.234,1,4,ps
1778167357.823185,4,228,0.69093,83.2,357.64,375.61,1,4,ps
1778167358.2222466,4,229,0.625875,85.39,340.481,365.508,1,4,ps
1778167358.6527116,4,230,0.711009,79.57,376.122,394.498,1,4,ps
1778167359.103573,4,231,0.766358,74.78,392.871,419.0,1,4,ps
1778167359.5196931,4,232,0.691849,86.03,341.642,363.099,1,4,ps
1778167359.9327788,4,233,0.764306,83.89,354.752,373.693,1,4,ps
1778167360.3440132,4,234,0.706385,79.58,364.171,394.889,1,4,ps
1778167360.7569945,4,235,0.946632,79.35,365.768,395.575,1,4,ps
1778167361.154372,4,236,0.811278,82.6,351.322,380.154,1,4,ps
1778167361.553784,4,237,0.397313,82.13,362.383,382.343,1,4,ps
1778167361.9723332,4,238,0.679211,78.36,367.661,401.164,1,4,ps
1778167362.3724444,4,239,0.377176,84.86,343.354,368.17,1,4,ps
1778167362.7730887,4,240,0.941755,83.71,354.207,373.996,1,4,ps
1778167363.2296312,4,241,0.641109,71.69,418.22,437.772,1,4,ps
1778167363.6368716,4,242,0.678054,82.68,357.956,379.311,1,4,ps
1778167364.039735,4,243,0.789504,81.31,363.095,385.464,1,4,ps
1778167364.4823067,4,244,0.497163,76.81,368.898,407.64,1,4,ps
1778167364.9020615,4,245,0.81751,79.46,370.977,395.462,1,4,ps
1778167365.3413477,4,246,0.919736,74.61,391.737,420.858,1,4,ps
1778167365.7462192,4,247,0.821084,81.93,355.157,382.872,1,4,ps
1778167366.1675332,4,248,0.759766,77.95,377.361,401.647,1,4,ps
1778167366.617331,4,249,0.715091,75.13,394.496,418.723,1,4,ps
1778167367.018593,4,250,0.910519,81.67,351.26,382.979,1,4,ps
1778167367.4268825,4,251,0.329421,83.47,353.733,375.141,1,4,ps
1778167367.8390293,4,252,0.548531,79.61,366.972,394.659,1,4,ps
1778167368.234896,4,253,0.649295,82.71,351.681,379.674,1,4,ps
1778167368.6514623,4,254,1.03029,78.54,370.061,398.49,1,4,ps
1778167369.0495605,4,255,0.591819,85.52,342.033,365.03,1,4,ps
1778167369.458688,4,256,0.380879,83.71,350.571,374.689,1,4,ps
1778167369.8795705,4,257,0.913725,78.11,373.199,400.949,1,4,ps
1778167370.2800283,4,258,0.95481,83.25,355.046,376.745,1,4,ps
1778167370.6858277,4,259,0.902042,80.79,362.533,388.815,1,4,ps
1778167371.1091607,4,260,0.673273,77.52,368.256,404.218,1,4,ps
1778167371.5068018,4,261,0.559677,85.23,347.617,366.599,1,4,ps
1778167371.914631,4,262,0.563098,80.29,356.36,389.681,1,4,ps
1778167372.3172517,4,263,0.795599,84.74,345.459,369.924,1,4,ps
1778167372.7176974,4,264,0.782038,83.7,347.967,373.339,1,4,ps
1778167373.1505165,4,265,0.718952,77.86,381.401,402.47,1,4,ps
1778167373.5664244,4,266,0.700997,84.42,336.484,370.221,1,4,ps
1778167373.9522104,4,267,0.382666,85.81,345.121,365.194,1,4,ps
1778167374.3836327,4,268,0.65268,75.86,385.106,413.583,1,4,ps
1778167374.8223956,4,269,0.547339,74.7,381.681,419.645,1,4,ps
1778167375.250955,4,270,0.475432,77.74,374.938,403.053,1,4,ps
1778167375.6737764,4,271,0.836782,82.61,356.68,378.476,1,4,ps
1778167376.0794997,4,272,0.595979,85.08,348.688,367.916,1,4,ps
1778167376.5321565,4,273,0.605004,73.26,404.07,428.076,1,4,ps
1778167376.9894183,4,274,0.543639,71.7,389.222,438.958,1,4,ps
1778167377.4267824,4,275,0.728433,76.34,374.878,410.972,1,4,ps
1778167377.8609242,4,276,0.799209,76.66,385.261,408.407,1,4,ps
1778167378.2752132,4,277,0.827877,84.04,352.368,371.899,1,4,ps
1778167378.6816826,4,278,1.18157,82.82,353.581,377.705,1,4,ps
1778167379.09451,4,279,0.550029,81.02,358.295,387.737,1,4,ps
1778167379.4874291,4,280,1.067375,83.44,356.676,376.288,1,4,ps
1778167379.9141827,4,281,0.700017,76.69,383.992,409.106,1,4,ps
1778167380.3305883,4,282,0.567782,79.02,356.453,397.184,1,4,ps
1778167380.7361627,4,283,0.550523,80.9,367.603,386.657,1,4,ps
1778167381.1635993,4,284,0.79123,77.61,378.571,405.082,1,4,ps
1778167381.5987008,4,285,0.889116,75.15,386.963,418.048,1,4,ps
1778167382.0112138,4,286,0.787822,79.55,373.211,395.098,1,4,ps
1778167382.4211128,4,287,0.758858,79.94,369.948,391.638,1,4,ps
1778167382.8190887,4,288,1.072748,84.26,348.365,370.953,1,4,ps
1778167383.2847037,4,289,0.478039,70.15,411.144,447.955,1,4,ps
1778167383.7060456,4,290,0.690228,81.91,348.07,381.883,1,4,ps
1778167384.106465,4,291,0.782934,82.69,359.856,378.096,1,4,ps
1778167384.5562332,4,292,0.732024,72.75,406.024,432.089,1,4,ps
1778167385.0149853,4,293,0.711723,72.84,401.652,431.902,1,4,ps
1778167385.495566,4,294,0.806433,69.64,404.942,451.45,1,4,ps
1778167385.9586384,4,295,0.967231,73.39,405.848,428.897,1,4,ps
1778167386.3822985,4,296,0.617149,77.42,385.616,406.088,1,4,ps
1778167386.8353045,4,297,0.60511,72.58,413.36,433.152,1,4,ps
1778167387.2714827,4,298,0.896923,74.89,388.598,418.721,1,4,ps
1778167387.7205973,4,299,0.825767,74.29,389.28,422.189,1,4,ps
1778167388.214573,4,300,0.811792,68.83,423.632,457.305,1,4,ps
1778167388.6527987,4,301,0.796893,75.59,389.332,415.475,1,4,ps
1778167389.0849988,4,302,0.629267,76.03,373.191,412.734,1,4,ps
1778167389.52594,4,303,0.748205,74.66,382.815,419.82,1,4,ps
1778167389.9183824,4,304,0.650493,86.74,333.111,361.261,1,4,ps
1778167390.3472989,4,305,0.7981,76.38,382.3,410.771,1,4,ps
1778167390.7492828,4,306,0.722445,82.51,353.889,379.894,1,4,ps
1778167391.14635,4,307,0.565868,84.9,342.107,368.259,1,4,ps
1778167391.5834985,4,308,0.958643,79.35,372.207,394.273,1,4,ps
1778167391.983212,4,309,0.505699,84.86,343.956,368.538,1,4,ps
1778167392.385147,4,310,0.790681,84.79,346.625,370.069,1,4,ps
1778167392.7897897,4,311,0.550386,81.08,368.207,387.361,1,4,ps
1778167393.2251036,4,312,0.776901,75.17,397.935,416.98,1,4,ps
1778167393.6404228,4,313,0.687529,79.75,356.449,393.648,1,4,ps
1778167394.0360754,4,314,0.874033,84.51,335.881,369.96,1,4,ps
1778167394.438502,4,315,0.819721,83.09,351.726,377.535,1,4,ps
1778167394.837858,4,316,0.711079,82.01,360.819,381.62,1,4,ps
1778167395.2607172,4,317,0.62761,79.36,351.694,395.04,1,4,ps
1778167395.6860824,4,318,0.68802,77.17,385.458,406.066,1,4,ps
1778167396.10225,4,319,0.720022,80.64,367.351,388.795,1,4,ps
1778167396.5060518,4,320,0.329818,81.18,362.959,385.182,1,4,ps
1778167396.9183335,4,321,0.852288,82.29,339.35,380.07,1,4,ps
1778167397.3275142,4,322,0.541094,81.2,365.185,385.261,1,4,ps
1778167397.7302876,4,323,0.737714,84.91,348.305,368.582,1,4,ps
1778167398.1661103,4,324,0.77647,75.06,382.927,417.386,1,4,ps
1778167398.5840108,4,325,0.832665,78.49,369.735,400.455,1,4,ps
1778167398.9800017,4,326,0.791143,82.77,353.181,378.945,1,4,ps
1778167399.3916569,4,327,0.593004,79.71,344.106,392.601,1,4,ps
1778167399.783146,4,328,0.825423,85.64,332.827,366.4,1,4,ps
1778167400.1783535,4,329,0.941639,82.89,359.735,377.383,1,4,ps
1778167400.5974922,4,330,0.563003,77.98,375.684,402.6,1,4,ps
1778167400.9964972,4,331,0.478152,82.44,351.3,379.433,1,4,ps
1778167401.4053688,4,332,0.678253,81.64,364.966,384.695,1,4,ps
1778167401.8177502,4,333,0.523793,79.58,361.311,393.152,1,4,ps
1778167402.2206836,4,334,0.374792,84.42,354.107,370.454,1,4,ps
1778167402.6144261,4,335,0.768259,85.41,346.857,366.756,1,4,ps
1778167403.0307982,4,336,0.601311,82.2,359.678,380.525,1,4,ps
1778167403.4624572,4,337,0.748382,79.81,368.278,392.672,1,4,ps
1778167403.865049,4,338,0.313269,81.39,361.12,384.384,1,4,ps
1778167404.2729774,4,339,0.776749,81.73,355.866,382.435,1,4,ps
1778167404.6660404,4,340,0.560824,84.96,344.572,367.738,1,4,ps
1778167405.0751407,4,341,0.79943,82.1,361.011,382.031,1,4,ps
1778167405.4832127,4,342,0.622091,82.1,363.135,382.063,1,4,ps
1778167405.8986182,4,343,0.488436,78.85,380.367,398.148,1,4,ps
1778167406.3160436,4,344,0.352699,78.55,369.951,398.612,1,4,ps
1778167406.72424,4,345,0.827321,84.47,343.505,369.806,1,4,ps
1778167407.156104,4,346,0.773056,78.69,379.414,398.999,1,4,ps
1778167407.5659623,4,347,0.723017,84.14,351.061,372.566,1,4,ps
1778167407.963631,4,348,0.497219,82.37,363.109,380.23,1,4,ps
1778167408.3726008,4,349,0.786977,80.02,373.616,391.77,1,4,ps
1778167408.8038073,4,350,0.661105,75.94,394.985,414.078,1,4,ps
1778167409.2214751,4,351,0.801382,79.03,367.384,397.728,1,4,ps
1778167409.633625,4,352,0.729011,79.41,377.005,394.812,1,4,ps
1778167410.0346398,4,353,0.945488,83.1,352.651,377.923,1,4,ps
1778167410.42881,4,354,0.72216,83.17,346.305,376.556,1,4,ps
1778167410.8389635,4,355,0.674649,79.82,361.746,391.901,1,4,ps
1778167411.2544827,4,356,0.771763,78.72,379.242,398.507,1,4,ps
1778167411.6637979,4,357,0.856727,81.19,367.101,385.072,1,4,ps
1778167412.0749676,4,358,0.611658,81.34,358.473,384.666,1,4,ps
1778167412.4738033,4,359,0.663825,82.18,362.694,380.834,1,4,ps
1778167412.8887138,4,360,0.506639,80.95,363.976,387.525,1,4,ps
1778167413.3755004,4,361,0.882883,67.0,447.054,468.602,1,4,ps
1778167413.7802386,4,362,0.57356,85.39,350.507,367.042,1,4,ps
1778167414.1971564,4,363,0.527301,78.71,380.813,398.983,1,4,ps
1778167414.5978193,4,364,0.653441,81.74,349.718,382.541,1,4,ps
1778167414.9967499,4,365,0.587826,84.41,350.355,370.254,1,4,ps
1778167415.4288034,4,366,0.659928,78.63,368.294,398.957,1,4,ps
1778167415.8213897,4,367,0.483883,86.96,341.885,360.218,1,4,ps
1778167416.2509544,4,368,0.593964,76.25,366.665,411.722,1,4,ps
1778167416.6544244,4,369,0.495176,86.98,338.671,359.025,1,4,ps
1778167417.0687246,4,370,0.435529,80.7,355.21,388.27,1,4,ps
1778167417.4767663,4,371,0.763237,81.52,366.35,385.325,1,4,ps
1778167417.8571584,4,372,0.618258,86.04,346.53,364.684,1,4,ps
1778167418.23849,4,373,0.532522,87.51,336.048,357.369,1,4,ps
1778167418.641697,4,374,0.596566,81.05,357.613,386.638,1,4,ps
1778167419.028279,4,375,0.848152,84.87,349.399,368.307,1,4,ps
1778167419.4465058,4,376,0.644705,81.82,366.172,383.247,1,4,ps
1778167419.8744855,4,377,0.51812,78.77,371.559,397.491,1,4,ps
1778167420.2674541,4,378,0.590489,86.22,344.959,364.031,1,4,ps
1778167420.656622,4,379,0.811693,84.25,348.588,372.59,1,4,ps
1778167421.0515854,4,380,0.920624,89.43,325.238,350.114,1,4,ps
1778167421.4675736,4,381,0.602731,78.64,381.607,398.776,1,4,ps
1778167421.8749938,4,382,0.754893,85.06,352.652,368.902,1,4,ps
1778167422.2829568,4,383,0.464271,86.38,343.024,361.214,1,4,ps
1778167422.6807222,4,384,0.615686,85.93,347.212,364.654,1,4,ps
1778167423.079747,4,385,0.572069,82.03,364.696,382.073,1,4,ps
1778167423.5302343,4,386,0.372742,72.72,411.668,431.852,1,4,ps
1778167423.9270523,4,387,0.727533,82.51,353.548,379.817,1,4,ps
1778167424.3362565,4,388,0.727294,80.01,368.363,391.414,1,4,ps
1778167424.731556,4,389,0.815511,82.99,354.153,378.374,1,4,ps
1778167425.085283,4,390,0.486065,57.68,321.758,339.016,1,4,ps
1778167428.4714687,5,0,0.836533,88.06,340.163,355.255,1,4,ps
1778167428.8624413,5,1,0.930223,87.44,319.71,358.042,1,4,ps
1778167429.2507184,5,2,0.458074,86.35,344.292,361.506,1,4,ps
1778167429.6524186,5,3,0.684062,84.15,347.39,371.557,1,4,ps
1778167430.063402,5,4,0.811146,80.18,358.476,391.447,1,4,ps
1778167430.4770215,5,5,0.675018,79.25,353.288,394.892,1,4,ps
1778167430.8818727,5,6,0.430408,83.0,350.985,376.385,1,4,ps
1778167431.2758129,5,7,0.816939,87.55,339.703,357.79,1,4,ps
1778167431.6857145,5,8,0.649141,79.99,372.844,391.994,1,4,ps
1778167432.0911288,5,9,0.449156,80.91,360.988,387.389,1,4,ps
1778167432.4953659,5,10,0.345522,85.43,340.701,366.464,1,4,ps
1778167432.8980608,5,11,0.537327,86.52,340.418,361.765,1,4,ps
1778167433.3585682,5,12,0.611059,72.33,393.974,433.673,1,4,ps
1778167433.7516532,5,13,0.676945,89.24,334.703,351.351,1,4,ps
1778167434.1563168,5,14,0.805171,80.93,361.974,388.253,1,4,ps
1778167434.572205,5,15,0.654079,82.47,360.324,379.016,1,4,ps
1778167434.9622746,5,16,0.536218,85.84,346.538,364.601,1,4,ps
1778167435.3816,5,17,0.491886,78.21,382.362,400.256,1,4,ps
1778167435.779936,5,18,1.081673,82.33,343.9,379.781,1,4,ps
1778167436.1732624,5,19,0.392181,84.86,346.483,368.318,1,4,ps
1778167436.574868,5,20,0.451896,81.57,364.962,383.652,1,4,ps
1778167436.9849994,5,21,0.553477,80.69,369.389,387.684,1,4,ps
1778167437.3742526,5,22,0.796024,88.43,333.307,353.123,1,4,ps
1778167437.8214295,5,23,0.603132,76.12,396.488,412.448,1,4,ps
1778167438.2196467,5,24,0.676519,82.35,352.027,380.908,1,4,ps
1778167438.6187544,5,25,0.640435,82.01,359.996,382.231,1,4,ps
1778167439.0227833,5,26,0.687364,81.36,350.771,384.53,1,4,ps
1778167439.4226367,5,27,1.047753,81.84,352.091,382.173,1,4,ps
1778167439.8275547,5,28,1.056487,83.54,338.334,374.024,1,4,ps
1778167440.2355702,5,29,0.807184,82.6,353.986,378.526,1,4,ps
1778167440.6446424,5,30,0.78054,83.67,356.861,373.72,1,4,ps
1778167441.0734427,5,31,0.526985,78.21,375.078,400.798,1,4,ps
1778167441.4661815,5,32,0.706029,83.65,346.714,374.374,1,4,ps
1778167441.8549502,5,33,0.879241,87.26,334.583,359.152,1,4,ps
1778167442.2747667,5,34,0.792117,81.1,353.309,386.893,1,4,ps
1778167442.698202,5,35,1.152948,80.39,360.629,390.824,1,4,ps
1778167443.0877993,5,36,0.619545,84.16,354.125,372.091,1,4,ps
1778167443.5342145,5,37,0.430468,73.3,409.014,427.86,1,4,ps
1778167443.9237392,5,38,0.534715,86.11,341.475,362.692,1,4,ps
1778167444.3184876,5,39,0.78839,84.57,330.526,370.161,1,4,ps
1778167444.7094975,5,40,0.612132,83.83,344.727,372.818,1,4,ps
1778167445.096105,5,41,0.983721,87.92,333.877,355.178,1,4,ps
1778167445.4949203,5,42,0.473563,82.07,366.221,382.093,1,4,ps
1778167445.8879483,5,43,0.669083,83.46,352.879,375.173,1,4,ps
1778167446.2705514,5,44,0.900236,85.72,346.343,364.459,1,4,ps
1778167446.6682296,5,45,0.693401,84.19,355.098,372.469,1,4,ps
1778167447.0626771,5,46,0.519398,84.22,338.204,371.885,1,4,ps
1778167447.466278,5,47,0.533357,87.05,339.824,359.563,1,4,ps
1778167447.873675,5,48,0.857731,80.3,373.005,390.191,1,4,ps
1778167448.266119,5,49,0.89482,84.37,351.241,370.396,1,4,ps
1778167448.6438196,5,50,0.639643,89.63,327.511,349.216,1,4,ps
1778167449.0385444,5,51,0.449666,83.26,359.108,377.075,1,4,ps
1778167449.4221058,5,52,0.776425,85.66,333.318,365.383,1,4,ps
1778167449.8020096,5,53,0.774114,87.12,326.765,358.634,1,4,ps
1778167450.1969352,5,54,0.622237,84.58,347.405,369.465,1,4,ps
1778167450.5838375,5,55,0.79539,86.66,342.666,361.482,1,4,ps
1778167450.9640384,5,56,0.542849,86.24,337.793,363.379,1,4,ps
1778167451.3918118,5,57,0.479813,78.21,376.035,401.485,1,4,ps
1778167451.79719,5,58,0.604266,81.0,350.097,386.399,1,4,ps
1778167452.1835632,5,59,0.704694,84.73,346.595,369.884,1,4,ps
1778167452.597553,5,60,0.994231,78.96,372.21,397.532,1,4,ps
1778167452.9870114,5,61,0.638554,85.95,334.096,363.492,1,4,ps
1778167453.454986,5,62,0.55593,69.73,433.522,450.822,1,4,ps
1778167453.8451562,5,63,0.532703,87.77,336.005,355.416,1,4,ps
1778167454.2442124,5,64,0.428309,85.67,345.17,366.245,1,4,ps
1778167454.6351087,5,65,0.55151,83.94,356.361,374.09,1,4,ps
1778167455.0276074,5,66,0.520111,86.2,321.562,363.584,1,4,ps
1778167455.42811,5,67,0.554952,84.83,345.325,369.677,1,4,ps
1778167455.8310843,5,68,0.667772,81.35,366.754,384.255,1,4,ps
1778167456.225099,5,69,0.583236,84.55,346.547,371.37,1,4,ps
1778167456.6118243,5,70,0.702868,84.96,344.306,368.381,1,4,ps
1778167457.0152562,5,71,0.519812,81.11,357.289,386.259,1,4,ps
1778167457.400159,5,72,0.760314,85.23,350.141,367.682,1,4,ps
1778167457.80366,5,73,0.68199,83.22,338.646,375.669,1,4,ps
1778167458.2180471,5,74,0.518812,80.12,368.903,391.692,1,4,ps
1778167458.633148,5,75,0.613646,81.95,361.465,382.31,1,4,ps
1778167459.0273328,5,76,0.728705,83.12,357.933,376.293,1,4,ps
1778167459.4314218,5,77,0.578394,84.11,351.576,372.767,1,4,ps
1778167459.8281455,5,78,0.841789,83.87,353.54,372.822,1,4,ps
1778167460.219156,5,79,0.669445,88.13,338.802,354.434,1,4,ps
1778167460.614487,5,80,0.413154,85.13,348.087,367.077,1,4,ps
1778167461.0013263,5,81,0.710998,88.23,337.345,355.06,1,4,ps
1778167461.4044755,5,82,0.680793,81.27,357.448,385.057,1,4,ps
1778167461.7953994,5,83,0.493552,83.93,349.583,372.103,1,4,ps
1778167462.2022588,5,84,0.454387,81.73,361.211,383.833,1,4,ps
1778167462.6100926,5,85,0.501604,80.41,357.526,390.689,1,4,ps
1778167463.0083745,5,86,0.426907,82.57,343.313,380.289,1,4,ps
1778167463.4732106,5,87,0.661055,70.27,418.55,446.358,1,4,ps
1778167463.8752816,5,88,0.935739,82.36,344.82,379.516,1,4,ps
1778167464.274718,5,89,0.790159,85.1,347.286,367.345,1,4,ps
1778167464.6680748,5,90,0.321294,85.78,344.033,365.214,1,4,ps
1778167465.0603547,5,91,0.418588,86.55,336.332,360.807,1,4,ps
1778167465.457575,5,92,0.385708,83.57,352.533,375.638,1,4,ps
1778167465.8580415,5,93,0.699133,81.71,360.989,382.688,1,4,ps
1778167466.2538445,5,94,0.414631,84.41,343.292,370.282,1,4,ps
1778167466.6388984,5,95,0.827602,85.96,341.786,363.398,1,4,ps
1778167467.0405333,5,96,0.502347,82.92,351.678,377.935,1,4,ps
1778167467.426492,5,97,0.494799,85.16,346.336,367.636,1,4,ps
1778167467.8333642,5,98,0.38272,82.81,352.659,377.779,1,4,ps
1778167468.2458074,5,99,0.735732,82.63,358.226,379.433,1,4,ps
1778167468.6363902,5,100,0.710564,85.63,341.414,364.638,1,4,ps
1778167469.034238,5,101,0.602357,85.2,345.075,366.726,1,4,ps
1778167469.4466276,5,102,0.79239,84.28,349.434,370.634,1,4,ps
1778167469.848702,5,103,0.694137,85.56,346.742,365.112,1,4,ps
1778167470.2532263,5,104,0.641289,84.99,349.716,369.352,1,4,ps
1778167470.6716878,5,105,0.775588,79.88,361.386,392.834,1,4,ps
1778167471.0606196,5,106,0.407945,84.23,354.221,371.666,1,4,ps
1778167471.4566042,5,107,0.530639,83.21,348.634,376.339,1,4,ps
1778167471.858949,5,108,0.501455,83.29,343.742,376.996,1,4,ps
1778167472.2588947,5,109,0.693329,81.91,355.369,382.962,1,4,ps
1778167472.6906333,5,110,0.740934,76.93,377.737,408.266,1,4,ps
1778167473.1212177,5,111,0.302012,76.56,378.516,410.635,1,4,ps
1778167473.5532968,5,112,0.849603,75.9,383.237,413.449,1,4,ps
1778167473.9569402,5,113,0.65379,81.17,366.288,386.069,1,4,ps
1778167474.355152,5,114,0.556108,82.36,359.574,379.862,1,4,ps
1778167474.7484608,5,115,0.770158,84.72,347.26,369.863,1,4,ps
1778167475.1515028,5,116,0.549652,83.2,357.651,376.324,1,4,ps
1778167475.5609543,5,117,0.458288,81.98,362.746,383.146,1,4,ps
1778167475.966209,5,118,0.595659,83.43,354.566,375.817,1,4,ps
1778167476.3651702,5,119,0.620991,82.32,344.439,381.483,1,4,ps
1778167476.777772,5,120,0.735394,79.23,377.808,394.909,1,4,ps
1778167477.1842,5,121,0.322022,80.18,366.962,391.852,1,4,ps
1778167477.5972097,5,122,0.734396,83.01,358.718,377.299,1,4,ps
1778167477.9942594,5,123,0.484227,82.55,350.711,378.617,1,4,ps
1778167478.4072046,5,124,0.494886,81.19,367.886,385.972,1,4,ps
1778167478.7989557,5,125,0.591916,83.62,354.738,374.987,1,4,ps
1778167479.1918483,5,126,0.561035,84.47,345.971,370.019,1,4,ps
1778167479.605907,5,127,0.719953,81.44,364.047,385.632,1,4,ps
1778167480.0054152,5,128,0.603408,82.02,356.366,381.11,1,4,ps
1778167480.4194465,5,129,0.836651,79.13,378.119,396.25,1,4,ps
1778167480.8205209,5,130,0.460899,84.34,347.679,371.275,1,4,ps
1778167481.1955755,5,131,0.598806,87.56,338.461,357.521,1,4,ps
1778167481.58529,5,132,0.453803,90.88,325.226,343.116,1,4,ps
1778167481.9746425,5,133,0.558842,85.68,335.11,364.661,1,4,ps
1778167482.357524,5,134,0.65377,87.52,334.194,358.374,1,4,ps
1778167482.747995,5,135,0.377034,83.93,338.823,373.233,1,4,ps
1778167483.1553566,5,136,0.67038,80.52,351.576,389.363,1,4,ps
1778167483.596373,5,137,0.357742,74.61,385.065,421.95,1,4,ps
1778167483.9993606,5,138,0.83365,81.4,365.058,384.52,1,4,ps
1778167484.3901489,5,139,0.525195,84.02,340.744,371.86,1,4,ps
1778167484.7790844,5,140,0.674358,87.42,340.807,357.225,1,4,ps
1778167485.1812272,5,141,0.714432,84.18,351.985,372.285,1,4,ps
1778167485.5813086,5,142,0.570415,81.82,365.758,382.246,1,4,ps
1778167485.966078,5,143,0.714221,88.62,330.24,352.335,1,4,ps
1778167486.3850298,5,144,0.405807,80.01,374.7,392.185,1,4,ps
1778167486.7810006,5,145,0.541636,83.99,334.644,372.838,1,4,ps
1778167487.1792228,5,146,0.543646,82.21,355.344,380.416,1,4,ps
1778167487.5817575,5,147,0.596176,85.89,341.574,363.796,1,4,ps
1778167487.973169,5,148,0.714474,88.88,335.209,351.104,1,4,ps
1778167488.3700671,5,149,0.731224,84.9,345.867,369.267,1,4,ps
1778167488.754042,5,150,0.881876,85.56,333.263,365.175,1,4,ps
1778167489.1488082,5,151,0.735068,85.19,345.403,367.944,1,4,ps
1778167489.5442836,5,152,0.576163,82.78,360.861,378.614,1,4,ps
1778167489.9331346,5,153,0.549206,87.05,338.869,358.755,1,4,ps
1778167490.3140507,5,154,0.726053,89.63,329.664,349.806,1,4,ps
1778167490.7100325,5,155,0.684032,82.75,351.067,377.932,1,4,ps
1778167491.0942323,5,156,0.425233,91.08,326.149,342.456,1,4,ps
1778167491.472825,5,157,0.502626,92.0,319.791,338.883,1,4,ps
1778167491.886841,5,158,0.869062,79.64,373.685,393.263,1,4,ps
1778167492.2856138,5,159,0.462022,84.06,351.727,371.721,1,4,ps
1778167492.6823175,5,160,0.568825,82.48,362.169,380.751,1,4,ps
1778167493.0890064,5,161,0.656196,80.46,372.483,388.957,1,4,ps
1778167493.5576708,5,162,0.752237,70.69,419.73,443.809,1,4,ps
1778167493.9698784,5,163,0.849141,81.49,361.968,385.055,1,4,ps
1778167494.392535,5,164,0.549656,80.91,358.784,386.638,1,4,ps
1778167494.7798645,5,165,0.794977,84.6,340.282,370.474,1,4,ps
1778167495.1786768,5,166,0.337949,82.13,352.65,380.813,1,4,ps
1778167495.5817516,5,167,0.374432,83.42,356.812,374.807,1,4,ps
1778167495.961778,5,168,0.422414,89.83,330.789,347.925,1,4,ps
1778167496.3620331,5,169,0.654349,81.82,364.409,382.272,1,4,ps
1778167496.7541914,5,170,0.618827,85.77,343.395,364.717,1,4,ps
1778167497.1514633,5,171,0.762874,87.36,331.787,357.275,1,4,ps
1778167497.5588918,5,172,0.290546,80.28,370.107,391.393,1,4,ps
1778167497.948461,5,173,0.797988,84.19,344.561,371.965,1,4,ps
1778167498.3425305,5,174,0.739802,87.1,339.183,359.339,1,4,ps
1778167498.744931,5,175,0.259513,82.48,357.125,379.093,1,4,ps
1778167499.1391256,5,176,0.530678,85.58,341.119,365.034,1,4,ps
1778167499.532531,5,177,0.52311,83.28,348.459,375.159,1,4,ps
1778167499.9381971,5,178,0.679582,80.69,356.957,388.114,1,4,ps
1778167500.3277676,5,179,0.728809,85.38,343.428,365.918,1,4,ps
1778167500.748301,5,180,0.520719,79.36,376.654,395.525,1,4,ps
1778167501.1418061,5,181,0.567074,83.35,357.285,375.745,1,4,ps
1778167501.5368378,5,182,0.403412,82.91,350.851,378.68,1,4,ps
1778167501.9418378,5,183,0.400651,80.96,360.453,387.035,1,4,ps
1778167502.3402674,5,184,0.466,83.49,354.024,375.483,1,4,ps
1778167502.7351668,5,185,0.720981,84.62,351.632,369.2,1,4,ps
1778167503.1372132,5,186,0.635917,85.11,352.805,368.702,1,4,ps
1778167503.56533,5,187,0.696378,78.63,378.855,398.083,1,4,ps
1778167503.9563773,5,188,0.559958,83.88,327.76,374.276,1,4,ps
1778167504.365337,5,189,0.658501,80.12,366.769,390.81,1,4,ps
1778167504.7862685,5,190,0.547027,79.76,367.739,392.386,1,4,ps
1778167505.1934016,5,191,0.643268,82.41,357.395,379.908,1,4,ps
1778167505.6341202,5,192,0.656799,77.34,370.911,405.969,1,4,ps
1778167506.0290477,5,193,0.526581,82.96,346.561,377.592,1,4,ps
1778167506.4354668,5,194,0.683681,80.57,371.101,388.501,1,4,ps
1778167506.8403213,5,195,0.503148,84.02,353.095,373.574,1,4,ps
1778167507.23927,5,196,0.669083,81.85,356.396,382.021,1,4,ps
1778167507.6439552,5,197,0.509023,83.53,358.546,375.993,1,4,ps
1778167508.0400817,5,198,0.940194,85.0,346.726,369.192,1,4,ps
1778167508.4328995,5,199,0.984755,83.45,357.277,374.413,1,4,ps
1778167508.8444955,5,200,0.538859,82.25,347.642,380.907,1,4,ps
1778167509.2407544,5,201,0.813739,84.77,345.405,369.201,1,4,ps
1778167509.6360142,5,202,0.449946,82.8,354.45,378.275,1,4,ps
1778167510.0568855,5,203,0.722305,77.75,383.444,402.489,1,4,ps
1778167510.4548929,5,204,0.639159,85.18,349.672,366.708,1,4,ps
1778167510.8665278,5,205,0.76527,80.95,368.694,386.607,1,4,ps
1778167511.2672734,5,206,0.581418,83.32,344.361,375.328,1,4,ps
1778167511.6616435,5,207,0.671356,82.99,351.318,378.462,1,4,ps
1778167512.0680208,5,208,0.553626,80.54,358.294,388.772,1,4,ps
1778167512.4627504,5,209,0.54101,84.35,348.005,370.416,1,4,ps
1778167512.8517015,5,210,0.59952,84.99,346.448,367.928,1,4,ps
1778167513.2858622,5,211,0.609557,76.45,388.66,410.703,1,4,ps
1778167513.691777,5,212,1.026506,83.22,356.304,375.977,1,4,ps
1778167514.0911376,5,213,0.627228,85.14,347.781,368.113,1,4,ps
1778167514.4977918,5,214,0.662829,82.82,357.127,378.299,1,4,ps
1778167514.8891284,5,215,0.818285,87.52,339.661,356.718,1,4,ps
1778167515.3114948,5,216,0.384349,80.82,368.558,388.427,1,4,ps
1778167515.7311895,5,217,0.441958,85.13,347.1,367.102,1,4,ps
1778167516.1145456,5,218,0.419207,87.17,338.39,359.907,1,4,ps
1778167516.5051231,5,219,0.680657,83.82,353.081,372.991,1,4,ps
1778167516.9099207,5,220,0.722851,83.68,342.995,373.495,1,4,ps
1778167517.3100412,5,221,0.769376,84.47,351.723,369.955,1,4,ps
1778167517.7040517,5,222,0.34237,84.93,347.182,368.115,1,4,ps
1778167518.0948079,5,223,0.593705,86.12,338.636,363.811,1,4,ps
1778167518.5257313,5,224,0.673131,77.2,380.978,405.789,1,4,ps
1778167518.9312353,5,225,0.424864,84.21,348.594,372.589,1,4,ps
1778167519.3490071,5,226,0.575279,81.37,351.542,385.583,1,4,ps
1778167519.7713318,5,227,0.458379,80.0,366.492,392.283,1,4,ps
1778167520.1737432,5,228,0.549579,82.87,347.585,378.382,1,4,ps
1778167520.5726552,5,229,0.597534,82.14,349.13,382.26,1,4,ps
1778167520.9750714,5,230,0.74312,81.55,366.75,384.644,1,4,ps
1778167521.384387,5,231,0.57968,80.04,362.768,391.012,1,4,ps
1778167521.7703536,5,232,0.300429,85.34,348.84,367.749,1,4,ps
1778167522.1678228,5,233,0.548397,82.46,355.98,380.384,1,4,ps
1778167522.5720105,5,234,0.264583,81.28,357.922,384.832,1,4,ps
1778167522.9612978,5,235,0.688325,87.4,332.064,357.868,1,4,ps
1778167523.4174678,5,236,0.538722,72.37,408.564,434.427,1,4,ps
1778167523.8098557,5,237,0.575429,86.37,339.681,362.26,1,4,ps
1778167524.2060406,5,238,0.613129,82.73,351.668,379.038,1,4,ps
1778167524.631822,5,239,0.544446,76.95,385.555,407.145,1,4,ps
1778167525.0240154,5,240,0.901665,83.54,355.548,373.981,1,4,ps
1778167525.4552248,5,241,0.663415,77.68,383.569,403.114,1,4,ps
1778167525.8873441,5,242,0.751181,79.2,356.211,395.237,1,4,ps
1778167526.3113346,5,243,0.558846,81.29,367.282,384.458,1,4,ps
1778167526.7621322,5,244,0.594559,75.04,399.644,417.662,1,4,ps
1778167527.1547258,5,245,0.557732,87.49,333.634,357.529,1,4,ps
1778167527.5471344,5,246,0.453377,84.24,350.753,372.546,1,4,ps
1778167527.9651523,5,247,0.510671,78.56,372.183,399.721,1,4,ps
1778167528.3560488,5,248,0.684242,87.72,337.963,356.567,1,4,ps
1778167528.7640054,5,249,0.721418,84.04,352.622,372.972,1,4,ps
1778167529.1584404,5,250,0.649805,83.22,358.523,376.545,1,4,ps
1778167529.5474577,5,251,0.568235,86.91,334.735,359.55,1,4,ps
1778167529.9554427,5,252,0.678684,82.47,357.554,380.692,1,4,ps
1778167530.3666964,5,253,0.692974,81.75,360.544,384.241,1,4,ps
1778167530.7723997,5,254,0.468113,80.69,358.458,387.906,1,4,ps
1778167531.1919763,5,255,0.788473,77.95,364.588,401.684,1,4,ps
1778167531.5957448,5,256,0.495205,84.1,354.343,372.399,1,4,ps
1778167531.9945002,5,257,0.90622,82.31,355.522,379.935,1,4,ps
1778167532.4104583,5,258,0.858344,80.2,362.854,391.471,1,4,ps
1778167532.8029294,5,259,0.566476,83.55,355.566,373.702,1,4,ps
1778167533.195365,5,260,0.743892,86.95,338.869,359.791,1,4,ps
1778167533.63043,5,261,0.563689,75.48,376.298,414.93,1,4,ps
1778167534.026783,5,262,0.473858,85.73,345.685,364.424,1,4,ps
1778167534.41615,5,263,0.718488,84.89,351.339,368.9,1,4,ps
1778167534.8266056,5,264,0.753429,80.97,358.611,387.375,1,4,ps
1778167535.21967,5,265,0.801347,87.85,331.307,355.224,1,4,ps
1778167535.639487,5,266,0.828894,79.99,365.681,391.789,1,4,ps
1778167536.0352814,5,267,0.470412,82.87,357.455,378.008,1,4,ps
1778167536.4495513,5,268,0.490649,79.04,378.639,396.652,1,4,ps
1778167536.8867369,5,269,0.308385,76.31,377.159,410.551,1,4,ps
1778167537.2772503,5,270,0.40988,88.06,326.813,355.682,1,4,ps
1778167537.6699882,5,271,0.440729,83.43,349.66,375.853,1,4,ps
1778167538.078937,5,272,0.461049,80.09,359.927,391.6,1,4,ps
1778167538.4630845,5,273,0.713545,89.7,324.875,348.073,1,4,ps
1778167538.855564,5,274,0.671098,86.47,336.407,361.735,1,4,ps
1778167539.2557425,5,275,0.46248,81.89,355.412,383.525,1,4,ps
1778167539.6475642,5,276,0.726375,85.53,344.646,366.884,1,4,ps
1778167540.052877,5,277,0.361934,80.89,356.781,388.38,1,4,ps
1778167540.4535992,5,278,0.537241,82.13,361.11,381.913,1,4,ps
1778167540.8507233,5,279,0.600099,85.2,337.931,367.835,1,4,ps
1778167541.2787113,5,280,0.602238,76.64,386.656,408.837,1,4,ps
1778167541.6862803,5,281,0.53212,82.31,355.007,380.534,1,4,ps
1778167542.087908,5,282,0.92543,81.58,341.214,384.621,1,4,ps
1778167542.5029466,5,283,0.561432,79.02,367.52,396.092,1,4,ps
1778167542.9056728,5,284,0.763988,85.2,344.21,366.601,1,4,ps
1778167543.3592126,5,285,0.757282,75.69,394.732,415.574,1,4,ps
1778167543.7776768,5,286,0.674149,79.17,360.272,395.307,1,4,ps
1778167544.1642685,5,287,0.662636,86.3,338.352,361.854,1,4,ps
1778167544.5526302,5,288,0.645529,86.23,342.694,363.907,1,4,ps
1778167544.9595551,5,289,0.609969,80.57,359.907,388.905,1,4,ps
1778167545.3491478,5,290,0.88726,84.18,342.095,372.357,1,4,ps
1778167545.7469368,5,291,0.868569,85.76,338.575,364.783,1,4,ps
1778167546.1428578,5,292,0.441848,86.7,341.874,360.222,1,4,ps
1778167546.5319128,5,293,1.135381,85.49,344.817,365.314,1,4,ps
1778167546.9285653,5,294,0.656168,84.46,346.999,370.658,1,4,ps
1778167547.3681676,5,295,0.808107,75.71,393.454,414.984,1,4,ps
1778167547.7955413,5,296,0.649077,81.37,368.196,384.354,1,4,ps
1778167548.1987543,5,297,0.543113,81.17,369.057,386.966,1,4,ps
1778167548.5950654,5,298,0.73092,82.76,360.43,378.523,1,4,ps
1778167548.9825876,5,299,0.488771,84.49,348.191,370.425,1,4,ps
1778167549.3798459,5,300,0.358669,82.39,362.098,379.772,1,4,ps
1778167549.766307,5,301,0.541197,88.72,330.665,352.68,1,4,ps
1778167550.149818,5,302,0.928796,85.58,339.328,364.979,1,4,ps
1778167550.5693207,5,303,1.173155,78.07,370.078,401.02,1,4,ps
1778167550.959072,5,304,0.667723,86.57,340.405,360.779,1,4,ps
1778167551.354046,5,305,0.56972,82.89,360.695,378.446,1,4,ps
1778167551.7588096,5,306,0.899841,81.11,356.053,386.449,1,4,ps
1778167552.1507673,5,307,0.728113,87.74,341.882,357.502,1,4,ps
1778167552.545328,5,308,0.711867,83.03,359.409,376.718,1,4,ps
1778167552.948401,5,309,0.894327,84.52,349.308,369.666,1,4,ps
1778167553.3923416,5,310,0.551976,75.68,400.21,415.687,1,4,ps
1778167553.8015177,5,311,0.718044,80.58,353.642,388.046,1,4,ps
1778167554.1905768,5,312,0.647536,85.79,345.947,365.902,1,4,ps
1778167554.5816567,5,313,0.58959,85.97,339.722,363.496,1,4,ps
1778167554.9825115,5,314,0.735523,84.9,346.536,370.003,1,4,ps
1778167555.3754463,5,315,0.33333,83.59,341.576,373.662,1,4,ps
1778167555.7799191,5,316,0.66158,87.39,335.784,358.955,1,4,ps
1778167556.209024,5,317,0.324859,76.48,370.677,410.307,1,4,ps
1778167556.597926,5,318,0.844561,84.23,355.569,372.682,1,4,ps
1778167556.9926827,5,319,0.559336,82.94,360.438,378.606,1,4,ps
1778167557.4027333,5,320,0.640313,81.38,364.784,384.392,1,4,ps
1778167557.8172066,5,321,0.52417,81.71,363.808,383.385,1,4,ps
1778167558.2477467,5,322,0.637346,78.04,375.521,401.828,1,4,ps
1778167558.6401098,5,323,0.669937,83.74,344.867,374.949,1,4,ps
1778167559.0313914,5,324,0.443557,83.88,346.368,372.8,1,4,ps
1778167559.4319978,5,325,0.655035,84.58,350.203,369.427,1,4,ps
1778167559.8232832,5,326,0.670148,84.72,346.352,368.997,1,4,ps
1778167560.2216763,5,327,0.483229,84.19,332.496,372.528,1,4,ps
1778167560.6269045,5,328,0.715498,80.86,359.538,387.924,1,4,ps
1778167561.031021,5,329,0.581195,85.54,343.528,365.07,1,4,ps
1778167561.432253,5,330,0.493503,82.81,350.586,378.317,1,4,ps
1778167561.8354871,5,331,0.628631,81.24,360.516,385.524,1,4,ps
1778167562.2295055,5,332,0.617048,83.23,356.993,376.709,1,4,ps
1778167562.642454,5,333,0.37328,82.28,357.783,380.75,1,4,ps
1778167563.0424235,5,334,0.786938,85.86,340.081,365.633,1,4,ps
1778167563.486328,5,335,0.718469,73.58,403.421,426.182,1,4,ps
1778167563.901682,5,336,0.925467,83.44,359.008,374.547,1,4,ps
1778167564.282891,5,337,0.660742,87.58,341.075,358.085,1,4,ps
1778167564.6682456,5,338,0.891901,84.93,345.272,368.545,1,4,ps
1778167565.057085,5,339,0.714007,84.2,336.933,371.119,1,4,ps
1778167565.4515839,5,340,0.466539,85.58,341.835,365.162,1,4,ps
1778167565.8453922,5,341,0.570381,85.15,343.196,367.754,1,4,ps
1778167566.2550287,5,342,0.793656,80.81,363.241,387.206,1,4,ps
1778167566.6493154,5,343,0.527771,88.03,333.086,354.199,1,4,ps
1778167567.038324,5,344,1.03344,86.5,336.721,361.924,1,4,ps
1778167567.4307559,5,345,0.646195,88.32,333.792,353.429,1,4,ps
1778167567.8228667,5,346,0.464041,83.5,355.507,375.12,1,4,ps
1778167568.2110782,5,347,0.417302,86.33,319.036,362.703,1,4,ps
1778167568.6312006,5,348,0.445631,79.45,364.734,394.551,1,4,ps
1778167569.0362132,5,349,0.73786,85.2,344.948,367.88,1,4,ps
1778167569.4409854,5,350,0.566841,83.03,355.793,377.208,1,4,ps
1778167569.8453786,5,351,0.316785,83.12,348.5,376.796,1,4,ps
1778167570.2397974,5,352,0.344856,87.13,341.653,359.433,1,4,ps
1778167570.636423,5,353,0.643568,86.97,340.941,360.801,1,4,ps
1778167571.02327,5,354,0.737187,84.85,350.346,368.05,1,4,ps
1778167571.4143584,5,355,0.578407,85.57,345.096,365.111,1,4,ps
1778167571.821039,5,356,0.793312,83.29,357.572,375.396,1,4,ps
1778167572.212589,5,357,0.830342,85.08,337.587,368.461,1,4,ps
1778167572.6053538,5,358,0.518059,85.8,339.062,363.867,1,4,ps
1778167573.0053055,5,359,0.847711,83.16,344.619,376.537,1,4,ps
1778167573.4519105,5,360,0.783766,75.66,389.874,413.91,1,4,ps
1778167573.8465607,5,361,0.548818,86.46,341.646,362.086,1,4,ps
1778167574.2420197,5,362,0.580967,83.87,350.596,374.206,1,4,ps
1778167574.6331081,5,363,0.853994,83.76,350.337,373.224,1,4,ps
1778167575.0312786,5,364,0.862705,85.23,350.245,366.78,1,4,ps
1778167575.4514337,5,365,0.414148,80.22,370.2,389.691,1,4,ps
1778167575.868435,5,366,0.858758,81.64,365.64,383.233,1,4,ps
1778167576.2780812,5,367,0.722721,81.31,363.36,384.617,1,4,ps
1778167576.6752589,5,368,0.387848,83.62,354.17,373.624,1,4,ps
1778167577.0655427,5,369,0.62959,88.79,332.279,352.259,1,4,ps
1778167577.461283,5,370,0.859169,82.69,362.808,379.207,1,4,ps
1778167577.8553097,5,371,0.766948,83.37,348.256,374.897,1,4,ps
1778167578.240162,5,372,0.786939,88.96,334.621,352.056,1,4,ps
1778167578.626678,5,373,0.6987,84.78,352.183,370.199,1,4,ps
1778167579.016272,5,374,0.561629,84.25,353.504,371.511,1,4,ps
1778167579.4290662,5,375,0.860513,82.4,354.013,380.397,1,4,ps
1778167579.8213925,5,376,0.631396,83.76,341.178,373.354,1,4,ps
1778167580.2140396,5,377,0.628099,85.64,338.073,364.869,1,4,ps
1778167580.6042213,5,378,0.464614,87.0,337.996,359.537,1,4,ps
1778167580.997142,5,379,0.556498,87.99,336.024,354.748,1,4,ps
1778167581.3821306,5,380,0.781551,86.54,338.253,361.085,1,4,ps
1778167581.7766225,5,381,0.657568,84.6,344.001,369.273,1,4,ps
1778167582.174927,5,382,0.559022,85.02,351.487,368.232,1,4,ps
1778167582.5579114,5,383,0.730324,87.55,330.274,358.291,1,4,ps
1778167582.955993,5,384,0.379778,82.24,363.189,380.181,1,4,ps
1778167583.3905253,5,385,0.710734,77.34,377.618,404.884,1,4,ps
1778167583.7828135,5,386,0.545487,88.46,329.954,352.682,1,4,ps
1778167584.184027,5,387,0.402346,84.32,346.719,370.869,1,4,ps
1778167584.5734286,5,388,0.665734,89.66,325.954,347.826,1,4,ps
1778167584.9693363,5,389,0.331729,84.88,345.79,368.068,1,4,ps
1778167585.3330123,5,390,0.559998,58.21,313.72,336.021,1,4,ps
