timestamp,epoch,iteration,loss,throughput_samp_s,comm_latency_ms,iter_time_ms,rank,world_size,arch
1778166771.2946837,1,0,2.417121,39.91,364.869,796.78,0,4,ps
1778166771.82598,1,1,2.333611,63.01,438.473,504.007,0,4,ps
1778166772.2894773,1,2,2.300301,72.87,405.186,430.403,0,4,ps
1778166772.8319304,1,3,2.296866,62.34,473.079,505.893,0,4,ps
1778166773.261624,1,4,2.363068,77.02,370.362,406.514,0,4,ps
1778166773.660336,1,5,2.336864,84.59,351.088,371.059,0,4,ps
1778166774.0844038,1,6,2.351217,80.56,370.768,389.269,0,4,ps
1778166774.4841034,1,7,2.222225,87.46,336.549,357.185,0,4,ps
1778166774.9296777,1,8,2.215069,75.19,394.275,416.766,0,4,ps
1778166775.345381,1,9,2.192266,81.06,350.142,386.04,0,4,ps
1778166775.74425,1,10,2.442327,84.96,343.731,367.504,0,4,ps
1778166776.208161,1,11,2.181138,72.49,407.656,432.529,0,4,ps
1778166776.6296792,1,12,2.435539,80.93,344.474,386.509,0,4,ps
1778166777.043776,1,13,2.193206,83.94,356.33,372.74,0,4,ps
1778166777.4840562,1,14,2.41461,76.61,388.162,408.979,0,4,ps
1778166777.9354758,1,15,1.955171,72.79,393.233,430.51,0,4,ps
1778166778.3789024,1,16,2.204026,78.6,374.387,398.09,0,4,ps
1778166778.8037314,1,17,2.09227,77.48,359.293,403.99,0,4,ps
1778166779.2005124,1,18,2.1351,85.46,345.907,366.221,0,4,ps
1778166779.603104,1,19,2.11632,83.18,358.395,376.538,0,4,ps
1778166780.0010653,1,20,1.993416,86.91,340.717,359.317,0,4,ps
1778166780.394582,1,21,1.999509,84.43,350.912,369.727,0,4,ps
1778166780.7993236,1,22,1.816164,83.19,353.74,375.786,0,4,ps
1778166781.2074504,1,23,2.085475,83.05,348.743,376.668,0,4,ps
1778166781.6035624,1,24,2.010149,87.83,337.363,355.585,0,4,ps
1778166782.020205,1,25,2.187104,80.25,369.517,391.273,0,4,ps
1778166782.4144933,1,26,2.174693,87.51,339.713,356.814,0,4,ps
1778166782.9007354,1,27,2.014768,68.57,436.275,457.849,0,4,ps
1778166783.317468,1,28,2.057424,83.27,346.469,375.654,0,4,ps
1778166783.7268384,1,29,2.067487,81.54,363.818,384.517,0,4,ps
1778166784.1431808,1,30,2.025292,79.78,371.782,393.841,0,4,ps
1778166784.5546489,1,31,1.845168,79.97,359.152,391.155,0,4,ps
1778166784.9821143,1,32,2.160393,76.63,381.7,410.401,0,4,ps
1778166785.413698,1,33,2.032491,77.74,372.606,402.918,0,4,ps
1778166785.8153532,1,34,2.13662,84.67,347.641,368.981,0,4,ps
1778166786.220738,1,35,1.959683,83.63,356.099,375.231,0,4,ps
1778166786.6417863,1,36,2.238012,77.9,384.058,401.877,0,4,ps
1778166787.052283,1,37,2.086487,81.87,353.335,382.187,0,4,ps
1778166787.4628441,1,38,2.024535,82.83,353.025,377.449,0,4,ps
1778166787.8838508,1,39,1.706803,81.79,357.472,383.611,0,4,ps
1778166788.3183076,1,40,1.803724,76.62,380.537,408.729,0,4,ps
1778166788.752919,1,41,2.071848,79.99,375.097,392.343,0,4,ps
1778166789.1879785,1,42,2.074132,75.61,393.168,414.96,0,4,ps
1778166789.604836,1,43,1.649843,83.91,344.127,374.106,0,4,ps
1778166790.0225685,1,44,1.854481,78.64,378.714,398.171,0,4,ps
1778166790.4246552,1,45,2.059158,85.94,347.557,364.722,0,4,ps
1778166790.8351996,1,46,1.679495,82.75,360.575,379.043,0,4,ps
1778166791.250094,1,47,2.000998,79.08,364.735,395.611,0,4,ps
1778166791.653528,1,48,1.915578,83.1,352.597,375.797,0,4,ps
1778166792.071118,1,49,1.831227,81.09,356.421,385.98,0,4,ps
1778166792.484622,1,50,1.916946,82.46,353.254,379.203,0,4,ps
1778166792.932312,1,51,1.785132,74.8,393.795,418.789,0,4,ps
1778166793.3827994,1,52,1.877345,74.37,398.472,422.616,0,4,ps
1778166793.797859,1,53,1.441192,79.31,371.477,396.2,0,4,ps
1778166794.2106178,1,54,1.730002,79.45,373.592,395.099,0,4,ps
1778166794.629826,1,55,1.855411,83.09,349.824,376.297,0,4,ps
1778166795.0616484,1,56,1.825285,78.24,380.5,400.2,0,4,ps
1778166795.4709117,1,57,2.098101,85.2,352.487,367.945,0,4,ps
1778166795.8861136,1,58,1.755017,80.51,360.05,388.381,0,4,ps
1778166796.2866733,1,59,1.679193,88.72,339.078,352.999,0,4,ps
1778166796.70462,1,60,1.627115,82.45,362.872,380.393,0,4,ps
1778166797.1107333,1,61,1.69663,80.99,358.841,386.267,0,4,ps
1778166797.5189755,1,62,1.267437,80.32,355.529,389.461,0,4,ps
1778166797.9401455,1,63,1.791768,83.25,360.418,376.225,0,4,ps
1778166798.36452,1,64,1.749956,77.22,387.443,405.547,0,4,ps
1778166798.775488,1,65,2.041574,81.84,357.483,382.502,0,4,ps
1778166799.1908927,1,66,1.670846,83.04,344.504,377.141,0,4,ps
1778166799.6332283,1,67,1.761194,75.34,390.907,417.487,0,4,ps
1778166800.1112206,1,68,1.859849,71.03,399.795,441.712,0,4,ps
1778166800.517367,1,69,1.943759,82.3,353.534,381.605,0,4,ps
1778166800.9220426,1,70,1.610973,81.01,359.202,385.628,0,4,ps
1778166801.345333,1,71,1.741748,78.27,372.41,400.386,0,4,ps
1778166801.7537785,1,72,1.791691,84.13,338.813,371.573,0,4,ps
1778166802.1582627,1,73,1.980214,82.16,349.458,380.68,0,4,ps
1778166802.580812,1,74,1.518562,81.6,355.664,383.846,0,4,ps
1778166803.0064309,1,75,1.854884,81.25,351.396,386.148,0,4,ps
1778166803.4356296,1,76,1.677677,77.83,376.932,402.681,0,4,ps
1778166803.8512964,1,77,1.644866,81.9,351.653,381.825,0,4,ps
1778166804.2598033,1,78,1.84518,83.5,353.288,374.595,0,4,ps
1778166804.6836343,1,79,1.73685,78.79,374.655,397.378,0,4,ps
1778166805.1012583,1,80,1.906058,79.84,351.424,392.054,0,4,ps
1778166805.5020444,1,81,1.982957,83.0,345.162,376.6,0,4,ps
1778166805.923913,1,82,1.588365,80.96,357.875,386.23,0,4,ps
1778166806.3239052,1,83,1.434522,83.49,337.736,374.521,0,4,ps
1778166806.7364523,1,84,1.466868,80.87,364.124,388.215,0,4,ps
1778166807.1403413,1,85,1.60976,81.74,346.352,383.269,0,4,ps
1778166807.5579615,1,86,1.501386,83.02,358.97,376.363,0,4,ps
1778166807.9853792,1,87,2.135521,79.06,375.998,395.915,0,4,ps
1778166808.3920314,1,88,1.942627,81.77,359.326,382.405,0,4,ps
1778166808.8178248,1,89,1.815879,77.44,384.583,404.218,0,4,ps
1778166809.244142,1,90,1.618342,79.86,364.569,391.786,0,4,ps
1778166809.6505563,1,91,1.93548,82.89,357.092,377.335,0,4,ps
1778166810.0783646,1,92,1.662881,78.1,375.41,401.705,0,4,ps
1778166810.517226,1,93,1.603904,76.07,337.277,411.92,0,4,ps
1778166810.930545,1,94,1.78605,80.48,367.68,388.937,0,4,ps
1778166811.3512156,1,95,1.452432,80.27,367.475,390.452,0,4,ps
1778166811.7601604,1,96,1.847168,82.59,355.889,380.1,0,4,ps
1778166812.16357,1,97,1.9977,82.66,351.74,378.42,0,4,ps
1778166812.5842528,1,98,1.637588,79.26,365.729,394.85,0,4,ps
1778166813.0101314,1,99,1.885323,81.48,358.845,383.949,0,4,ps
1778166813.4239688,1,100,1.68263,81.74,360.258,382.818,0,4,ps
1778166813.8542037,1,101,1.539234,79.67,365.33,392.889,0,4,ps
1778166814.2668836,1,102,1.517483,79.76,357.747,393.701,0,4,ps
1778166814.7088795,1,103,1.781722,77.6,381.922,403.677,0,4,ps
1778166815.133623,1,104,1.760041,79.0,359.135,396.256,0,4,ps
1778166815.5442736,1,105,1.564471,82.54,349.396,380.02,0,4,ps
1778166815.9713273,1,106,1.58097,79.45,373.436,393.915,0,4,ps
1778166816.3540835,1,107,2.033011,87.01,338.503,358.752,0,4,ps
1778166816.7567172,1,108,1.901485,83.29,340.464,375.557,0,4,ps
1778166817.1729734,1,109,1.881669,81.2,367.53,386.369,0,4,ps
1778166817.573322,1,110,1.628028,86.39,340.444,361.32,0,4,ps
1778166817.978557,1,111,1.790878,84.28,350.562,370.821,0,4,ps
1778166818.3917985,1,112,2.012095,82.29,352.817,380.184,0,4,ps
1778166818.7908988,1,113,1.73577,86.02,347.21,364.423,0,4,ps
1778166819.2406871,1,114,1.899321,74.45,392.962,421.317,0,4,ps
1778166819.651813,1,115,1.774102,83.62,355.991,373.85,0,4,ps
1778166820.061614,1,116,1.603124,81.07,365.908,386.462,0,4,ps
1778166820.48151,1,117,1.674965,80.28,359.091,389.921,0,4,ps
1778166820.90052,1,118,1.719418,79.83,374.471,393.58,0,4,ps
1778166821.3369842,1,119,1.488279,76.42,381.322,410.842,0,4,ps
1778166821.7444189,1,120,2.009786,86.61,341.913,360.845,0,4,ps
1778166822.1459954,1,121,1.641764,83.59,355.038,373.816,0,4,ps
1778166822.571798,1,122,1.593001,78.28,374.147,400.13,0,4,ps
1778166823.0046334,1,123,1.623684,76.46,385.593,409.775,0,4,ps
1778166823.4117005,1,124,1.539144,82.28,352.93,379.872,0,4,ps
1778166823.8290467,1,125,1.431568,80.36,366.707,389.331,0,4,ps
1778166824.2385817,1,126,1.411321,81.42,362.233,384.14,0,4,ps
1778166824.6571193,1,127,1.512885,82.22,355.112,380.568,0,4,ps
1778166825.0888624,1,128,1.436045,80.42,367.484,388.573,0,4,ps
1778166825.5120137,1,129,1.933409,79.78,362.584,392.24,0,4,ps
1778166825.9309714,1,130,1.627684,80.79,368.414,387.239,0,4,ps
1778166826.332963,1,131,1.43298,82.88,354.122,377.166,0,4,ps
1778166826.737855,1,132,1.813524,81.13,356.517,385.495,0,4,ps
1778166827.1531944,1,133,1.671111,82.84,359.82,377.629,0,4,ps
1778166827.5632308,1,134,1.714011,81.55,361.762,383.643,0,4,ps
1778166827.9638531,1,135,1.792361,83.99,349.117,373.705,0,4,ps
1778166828.377021,1,136,1.854953,82.03,353.221,380.834,0,4,ps
1778166828.7764113,1,137,1.742172,84.78,346.095,368.553,0,4,ps
1778166829.1839538,1,138,1.65063,83.11,354.508,376.453,0,4,ps
1778166829.6167095,1,139,1.944948,76.59,390.421,408.891,0,4,ps
1778166830.0254073,1,140,1.735384,81.96,344.844,381.523,0,4,ps
1778166830.445295,1,141,1.800093,80.37,369.957,389.384,0,4,ps
1778166830.857221,1,142,1.659268,82.95,350.094,377.223,0,4,ps
1778166831.2652392,1,143,1.395971,81.97,355.278,381.367,0,4,ps
1778166831.723624,1,144,1.548235,73.28,404.401,427.888,0,4,ps
1778166832.1692076,1,145,1.578149,77.25,384.212,406.617,0,4,ps
1778166832.5906277,1,146,1.80952,79.85,366.711,393.147,0,4,ps
1778166833.0233939,1,147,2.098715,79.12,365.269,396.738,0,4,ps
1778166833.4292305,1,148,1.580753,80.99,364.078,387.859,0,4,ps
1778166833.844755,1,149,1.804276,78.84,370.266,397.117,0,4,ps
1778166834.2403774,1,150,1.786445,87.89,336.483,355.23,0,4,ps
1778166834.6610823,1,151,1.709074,81.04,348.886,387.233,0,4,ps
1778166835.0955822,1,152,1.456629,76.85,366.743,407.62,0,4,ps
1778166835.4953191,1,153,1.882822,84.2,350.11,371.26,0,4,ps
1778166835.9119055,1,154,1.446497,80.59,361.899,388.118,0,4,ps
1778166836.3172827,1,155,1.442098,82.81,359.234,379.233,0,4,ps
1778166836.7221816,1,156,1.553756,80.94,358.702,386.593,0,4,ps
1778166837.1352415,1,157,1.702883,82.4,358.276,380.769,0,4,ps
1778166837.5375903,1,158,1.748192,81.61,356.425,383.392,0,4,ps
1778166837.9438164,1,159,1.525717,82.29,358.504,380.058,0,4,ps
1778166838.3537562,1,160,1.592567,81.88,361.587,381.992,0,4,ps
1778166838.7615175,1,161,1.528531,82.79,356.785,377.681,0,4,ps
1778166839.1670637,1,162,1.625237,82.47,352.555,379.239,0,4,ps
1778166839.5828183,1,163,1.679224,80.03,362.889,391.085,0,4,ps
1778166840.0084877,1,164,1.534146,79.7,370.911,393.538,0,4,ps
1778166840.4522333,1,165,1.638471,76.68,384.438,408.405,0,4,ps
1778166840.868291,1,166,1.603774,80.75,367.599,387.553,0,4,ps
1778166841.2728941,1,167,1.390725,85.55,350.535,366.787,0,4,ps
1778166841.7118943,1,168,1.63781,76.74,389.365,408.222,0,4,ps
1778166842.1206586,1,169,1.340618,83.83,351.736,373.689,0,4,ps
1778166842.5530608,1,170,1.409363,75.75,384.711,413.797,0,4,ps
1778166843.039793,1,171,1.736274,68.2,438.221,460.27,0,4,ps
1778166843.4364247,1,172,2.000588,83.87,347.895,373.847,0,4,ps
1778166843.8504052,1,173,1.316816,81.78,365.836,382.666,0,4,ps
1778166844.2630036,1,174,1.232582,82.49,357.139,379.096,0,4,ps
1778166844.6609526,1,175,1.626802,85.54,348.898,366.401,0,4,ps
1778166845.1221638,1,176,1.69477,71.01,422.801,442.949,0,4,ps
1778166845.533556,1,177,1.958764,83.71,351.199,373.607,0,4,ps
1778166845.9430516,1,178,1.571594,83.29,352.924,376.085,0,4,ps
1778166846.3642175,1,179,1.65675,77.81,382.506,402.247,0,4,ps
1778166846.776834,1,180,1.414846,82.06,357.851,381.134,0,4,ps
1778166847.1995814,1,181,1.66998,79.62,370.926,392.798,0,4,ps
1778166847.6170678,1,182,1.549124,80.16,362.903,390.967,0,4,ps
1778166848.0182798,1,183,1.476134,84.08,345.837,371.888,0,4,ps
1778166848.4294782,1,184,1.380917,83.42,350.436,374.729,0,4,ps
1778166848.8411684,1,185,1.07198,81.72,360.741,382.454,0,4,ps
1778166849.2438343,1,186,1.370393,83.25,348.089,375.597,0,4,ps
1778166849.6582456,1,187,1.380343,79.05,373.247,397.008,0,4,ps
1778166850.056666,1,188,1.388861,82.64,349.84,379.327,0,4,ps
1778166850.462785,1,189,1.690905,82.23,361.639,380.451,0,4,ps
1778166850.8803675,1,190,1.725835,79.5,366.275,395.291,0,4,ps
1778166851.288511,1,191,1.495589,83.31,354.974,375.301,0,4,ps
1778166851.6885793,1,192,1.279382,84.46,345.162,369.966,0,4,ps
1778166852.0915427,1,193,1.386866,83.02,344.29,377.214,0,4,ps
1778166852.4979978,1,194,1.873924,80.59,353.233,388.247,0,4,ps
1778166852.9582167,1,195,1.663445,73.07,411.684,429.772,0,4,ps
1778166853.387335,1,196,1.431878,77.42,367.132,404.435,0,4,ps
1778166853.7929814,1,197,1.488133,85.5,334.849,365.416,0,4,ps
1778166854.2098384,1,198,1.632043,81.6,355.008,384.53,0,4,ps
1778166854.6093833,1,199,1.272133,82.56,345.048,380.503,0,4,ps
1778166855.032737,1,200,1.742861,77.48,373.092,405.283,0,4,ps
1778166855.4462292,1,201,1.874863,83.27,350.037,375.386,0,4,ps
1778166855.8678527,1,202,1.505316,81.18,369.49,386.318,0,4,ps
1778166856.2811582,1,203,1.646243,79.36,375.412,394.428,0,4,ps
1778166856.688607,1,204,1.726674,82.72,346.304,377.895,0,4,ps
1778166857.0923932,1,205,1.657866,83.61,348.482,373.573,0,4,ps
1778166857.5390172,1,206,1.464936,75.23,398.673,417.488,0,4,ps
1778166857.940095,1,207,1.715967,86.12,344.685,363.784,0,4,ps
1778166858.3388872,1,208,1.192683,82.29,360.842,380.17,0,4,ps
1778166858.7509882,1,209,1.55103,80.52,369.531,388.478,0,4,ps
1778166859.1524768,1,210,1.892298,84.45,350.218,370.034,0,4,ps
1778166859.557192,1,211,1.270939,83.43,352.997,374.588,0,4,ps
1778166859.9682224,1,212,1.746577,83.65,350.138,373.668,0,4,ps
1778166860.3686953,1,213,1.555882,83.54,350.821,373.994,0,4,ps
1778166860.7710073,1,214,1.735151,83.93,350.895,373.559,0,4,ps
1778166861.1987603,1,215,1.50777,78.36,374.263,400.656,0,4,ps
1778166861.6092951,1,216,1.776883,80.86,366.44,386.934,0,4,ps
1778166862.0262299,1,217,1.346978,79.87,365.583,392.461,0,4,ps
1778166862.425132,1,218,1.222908,83.5,352.766,374.267,0,4,ps
1778166862.8662608,1,219,1.296812,75.38,392.1,415.555,0,4,ps
1778166863.2842977,1,220,1.830872,81.08,366.142,386.41,0,4,ps
1778166863.6974661,1,221,1.581354,79.23,372.999,395.779,0,4,ps
1778166864.120647,1,222,1.302107,77.71,383.56,404.524,0,4,ps
1778166864.5391111,1,223,1.610854,78.44,373.874,399.124,0,4,ps
1778166864.9546635,1,224,1.51092,81.42,364.229,384.237,0,4,ps
1778166865.349189,1,225,1.701125,84.36,351.557,370.673,0,4,ps
1778166865.7578793,1,226,1.519093,82.65,354.157,379.461,0,4,ps
1778166866.1776643,1,227,1.695191,78.02,374.896,401.433,0,4,ps
1778166866.5941432,1,228,1.310725,79.93,366.619,391.826,0,4,ps
1778166867.002512,1,229,1.190104,83.88,348.435,372.653,0,4,ps
1778166867.4047465,1,230,1.656574,85.31,340.725,366.332,0,4,ps
1778166867.8376284,1,231,1.160959,75.66,388.167,414.835,0,4,ps
1778166868.2451215,1,232,1.177317,81.74,362.711,382.759,0,4,ps
1778166868.6482,1,233,1.586791,86.36,346.45,363.363,0,4,ps
1778166869.0605404,1,234,1.212195,79.5,361.504,393.731,0,4,ps
1778166869.4831288,1,235,1.253741,78.9,374.871,396.699,0,4,ps
1778166869.8875878,1,236,1.401573,82.75,357.764,377.888,0,4,ps
1778166870.3040864,1,237,1.873418,80.36,362.859,390.455,0,4,ps
1778166870.7025416,1,238,1.488156,86.46,343.112,361.306,0,4,ps
1778166871.1161306,1,239,1.331948,81.96,361.688,381.662,0,4,ps
1778166871.5352669,1,240,1.791399,79.68,367.343,392.636,0,4,ps
1778166871.9424665,1,241,1.422504,82.62,352.664,378.127,0,4,ps
1778166872.353396,1,242,1.465328,82.05,363.519,381.514,0,4,ps
1778166872.8019428,1,243,1.549061,75.5,391.206,415.932,0,4,ps
1778166873.204239,1,244,1.343757,85.44,346.15,366.966,0,4,ps
1778166873.611549,1,245,1.612558,82.09,357.437,382.329,0,4,ps
1778166874.0026155,1,246,1.347213,83.96,347.166,373.951,0,4,ps
1778166874.4270275,1,247,1.6103,77.21,370.912,405.727,0,4,ps
1778166874.8583474,1,248,1.52425,79.09,365.249,396.893,0,4,ps
1778166875.2591584,1,249,1.380611,84.07,342.49,371.571,0,4,ps
1778166875.6751142,1,250,1.349528,81.34,366.097,385.162,0,4,ps
1778166876.075935,1,251,1.212254,84.6,338.725,369.437,0,4,ps
1778166876.5004027,1,252,1.690603,79.58,373.766,393.425,0,4,ps
1778166876.9203598,1,253,1.518978,79.55,374.481,394.532,0,4,ps
1778166877.3294692,1,254,1.190498,83.89,346.446,372.606,0,4,ps
1778166877.7383296,1,255,1.473197,84.01,355.456,373.404,0,4,ps
1778166878.188284,1,256,1.301341,75.41,383.171,415.164,0,4,ps
1778166878.5911007,1,257,1.398017,84.4,345.097,371.475,0,4,ps
1778166879.0126565,1,258,1.448974,77.74,371.655,404.035,0,4,ps
1778166879.4294777,1,259,1.170266,80.51,360.34,388.509,0,4,ps
1778166879.8415167,1,260,1.233838,80.5,361.603,388.319,0,4,ps
1778166880.2837937,1,261,1.571551,76.21,387.418,412.287,0,4,ps
1778166880.695298,1,262,1.48627,80.93,363.215,386.819,0,4,ps
1778166881.1000414,1,263,1.187741,84.25,345.001,372.139,0,4,ps
1778166881.518865,1,264,1.285146,78.26,368.581,400.094,0,4,ps
1778166881.93917,1,265,1.198585,80.96,366.796,387.559,0,4,ps
1778166882.3688488,1,266,1.269467,77.5,383.58,404.095,0,4,ps
1778166882.832594,1,267,1.834798,70.64,409.897,445.346,0,4,ps
1778166883.238979,1,268,1.73172,80.96,367.18,387.489,0,4,ps
1778166883.659224,1,269,1.360572,77.95,366.165,401.639,0,4,ps
1778166884.0637214,1,270,1.413787,82.5,360.957,379.65,0,4,ps
1778166884.4695652,1,271,1.63925,85.07,351.381,368.581,0,4,ps
1778166884.895368,1,272,1.062709,77.82,381.989,402.19,0,4,ps
1778166885.3267367,1,273,1.541014,78.7,370.185,397.853,0,4,ps
1778166885.7556498,1,274,1.236548,78.41,372.869,399.97,0,4,ps
1778166886.1637056,1,275,1.337265,80.5,359.214,388.662,0,4,ps
1778166886.563224,1,276,1.587125,83.46,349.268,374.677,0,4,ps
1778166887.024953,1,277,1.202355,72.56,412.618,432.109,0,4,ps
1778166887.4346926,1,278,1.26444,82.73,354.318,377.95,0,4,ps
1778166887.8589082,1,279,1.353645,79.4,370.533,393.965,0,4,ps
1778166888.2807803,1,280,1.457158,79.06,366.004,395.859,0,4,ps
1778166888.7023654,1,281,1.41844,80.31,369.435,390.732,0,4,ps
1778166889.1371627,1,282,1.325291,77.43,384.758,404.41,0,4,ps
1778166889.545942,1,283,1.380839,83.8,346.647,373.697,0,4,ps
1778166889.9441082,1,284,1.552098,83.27,357.323,376.516,0,4,ps
1778166890.3623524,1,285,1.201722,80.31,366.29,389.717,0,4,ps
1778166890.7707372,1,286,1.652501,83.63,352.49,375.387,0,4,ps
1778166891.1801853,1,287,1.694697,80.06,360.18,390.826,0,4,ps
1778166891.6021345,1,288,1.131205,81.17,362.49,386.523,0,4,ps
1778166892.0252986,1,289,1.166726,79.73,367.5,394.179,0,4,ps
1778166892.4500413,1,290,1.218494,77.45,383.207,404.337,0,4,ps
1778166892.9191144,1,291,1.33593,70.94,410.412,442.166,0,4,ps
1778166893.3276951,1,292,1.024864,81.69,358.349,384.447,0,4,ps
1778166893.7440572,1,293,1.623737,78.79,367.502,397.178,0,4,ps
1778166894.1493754,1,294,1.039419,83.01,353.625,376.733,0,4,ps
1778166894.5658674,1,295,1.272176,81.22,361.408,386.776,0,4,ps
1778166894.9945073,1,296,1.528579,78.7,366.392,397.544,0,4,ps
1778166895.4075298,1,297,1.796423,81.72,361.795,382.643,0,4,ps
1778166895.8437364,1,298,1.039962,80.05,368.71,390.664,0,4,ps
1778166896.279435,1,299,1.430239,76.29,376.338,410.674,0,4,ps
1778166896.6944056,1,300,1.532646,81.55,363.627,383.679,0,4,ps
1778166897.1293356,1,301,1.560805,78.97,356.036,397.882,0,4,ps
1778166897.5466294,1,302,1.62404,79.11,371.958,395.583,0,4,ps
1778166897.9684393,1,303,1.100629,80.38,369.128,389.264,0,4,ps
1778166898.376752,1,304,1.622451,84.92,348.191,367.934,0,4,ps
1778166898.7880065,1,305,1.289754,79.63,337.061,393.082,0,4,ps
1778166899.2018082,1,306,1.558604,82.92,355.309,377.001,0,4,ps
1778166899.6050422,1,307,1.570105,85.76,347.271,364.38,0,4,ps
1778166900.0074055,1,308,1.407803,83.4,351.524,376.42,0,4,ps
1778166900.420145,1,309,1.192723,82.42,350.943,379.324,0,4,ps
1778166900.8274627,1,310,1.604257,82.55,351.339,379.42,0,4,ps
1778166901.2397304,1,311,1.396164,79.56,370.592,393.238,0,4,ps
1778166901.6529233,1,312,1.226108,81.49,360.914,384.026,0,4,ps
1778166902.0541217,1,313,1.468769,87.03,341.387,358.699,0,4,ps
1778166902.495573,1,314,1.191581,76.99,386.82,406.562,0,4,ps
1778166902.9715703,1,315,1.321669,70.88,416.573,442.589,0,4,ps
1778166903.3812912,1,316,1.315393,85.73,340.746,364.264,0,4,ps
1778166903.8053865,1,317,1.900054,79.71,366.889,392.588,0,4,ps
1778166904.2258177,1,318,1.321192,81.47,364.651,385.022,0,4,ps
1778166904.676909,1,319,1.305613,72.59,411.669,431.994,0,4,ps
1778166905.1224523,1,320,1.397514,76.46,382.442,409.34,0,4,ps
1778166905.5376623,1,321,1.521322,80.43,369.711,389.018,0,4,ps
1778166905.9480145,1,322,1.012582,84.26,354.348,370.997,0,4,ps
1778166906.365151,1,323,1.076895,80.54,364.481,388.642,0,4,ps
1778166906.7979336,1,324,1.246756,80.69,363.849,387.741,0,4,ps
1778166907.2147458,1,325,1.313356,81.79,356.978,383.027,0,4,ps
1778166907.6361372,1,326,1.143264,80.48,361.129,390.08,0,4,ps
1778166908.0575483,1,327,1.550875,77.93,376.087,401.979,0,4,ps
1778166908.49231,1,328,1.197831,79.61,375.45,393.165,0,4,ps
1778166908.907992,1,329,1.402307,79.66,371.953,392.824,0,4,ps
1778166909.3318627,1,330,1.382525,78.9,370.273,396.749,0,4,ps
1778166909.756831,1,331,1.127927,79.5,373.902,393.683,0,4,ps
1778166910.1882029,1,332,1.562271,78.06,377.585,402.319,0,4,ps
1778166910.5762496,1,333,1.465349,86.52,342.326,361.036,0,4,ps
1778166910.970287,1,334,1.236086,87.94,336.491,356.246,0,4,ps
1778166911.3734655,1,335,1.127614,81.22,367.778,386.39,0,4,ps
1778166911.7730575,1,336,1.20396,83.6,351.203,374.152,0,4,ps
1778166912.1725168,1,337,1.411551,85.57,342.61,365.832,0,4,ps
1778166912.5884962,1,338,1.212649,80.38,361.132,389.512,0,4,ps
1778166913.0710201,1,339,1.360482,69.45,433.405,453.032,0,4,ps
1778166913.484541,1,340,1.25263,80.4,371.581,390.047,0,4,ps
1778166913.9026377,1,341,1.486154,81.56,362.743,383.313,0,4,ps
1778166914.3170056,1,342,1.144122,80.33,359.921,389.725,0,4,ps
1778166914.7496698,1,343,1.571792,77.33,374.12,404.893,0,4,ps
1778166915.1652255,1,344,1.253182,81.92,345.655,383.396,0,4,ps
1778166915.5731108,1,345,1.695707,81.87,351.573,382.115,0,4,ps
1778166915.9860284,1,346,1.56504,81.79,355.001,382.415,0,4,ps
1778166916.3976119,1,347,1.273458,81.53,358.712,383.476,0,4,ps
1778166916.79798,1,348,1.382956,84.32,352.157,370.721,0,4,ps
1778166917.2295341,1,349,1.508186,77.84,377.531,402.89,0,4,ps
1778166917.6565063,1,350,1.551412,77.28,372.031,405.087,0,4,ps
1778166918.1087306,1,351,1.435682,72.59,395.857,432.186,0,4,ps
1778166918.5243921,1,352,1.375076,80.4,344.399,389.722,0,4,ps
1778166918.9388335,1,353,1.780186,79.28,373.346,395.093,0,4,ps
1778166919.3783507,1,354,1.574506,78.43,381.972,400.693,0,4,ps
1778166919.8021357,1,355,1.343293,79.26,371.822,394.714,0,4,ps
1778166920.207538,1,356,1.358049,86.38,345.416,362.743,0,4,ps
1778166920.6098893,1,357,1.638047,82.56,354.62,378.982,0,4,ps
1778166921.014652,1,358,1.443284,84.14,347.868,371.43,0,4,ps
1778166921.4325693,1,359,1.293641,81.18,360.869,385.283,0,4,ps
1778166921.8331401,1,360,1.346798,83.67,335.931,373.369,0,4,ps
1778166922.244035,1,361,1.289611,82.12,357.008,380.748,0,4,ps
1778166922.652132,1,362,1.147349,80.4,368.376,389.478,0,4,ps
1778166923.0859776,1,363,1.216433,77.06,359.959,406.909,0,4,ps
1778166923.5071952,1,364,1.353339,78.1,362.742,401.015,0,4,ps
1778166923.9297934,1,365,1.218043,79.31,369.209,394.704,0,4,ps
1778166924.3377328,1,366,1.330271,83.45,356.433,375.716,0,4,ps
1778166924.74557,1,367,1.23563,80.36,358.392,389.497,0,4,ps
1778166925.1655939,1,368,1.398809,80.18,360.998,390.422,0,4,ps
1778166925.5692225,1,369,1.4373,85.49,332.614,366.612,0,4,ps
1778166925.9823687,1,370,1.004235,79.41,366.334,395.475,0,4,ps
1778166926.4070938,1,371,1.117421,79.91,365.25,392.674,0,4,ps
1778166926.8196616,1,372,1.339623,84.39,352.453,370.695,0,4,ps
1778166927.2372458,1,373,1.27346,81.03,365.134,387.691,0,4,ps
1778166927.650242,1,374,1.310122,79.41,366.483,393.909,0,4,ps
1778166928.0854588,1,375,1.645754,77.87,373.871,402.078,0,4,ps
1778166928.5348134,1,376,1.061307,75.42,386.263,415.308,0,4,ps
1778166928.944681,1,377,1.196794,80.18,369.044,390.149,0,4,ps
1778166929.3621776,1,378,1.439182,78.39,374.016,399.45,0,4,ps
1778166929.798246,1,379,1.600578,77.01,372.226,407.806,0,4,ps
1778166930.2089443,1,380,1.389519,79.73,362.118,394.198,0,4,ps
1778166930.620761,1,381,1.394484,79.48,371.853,395.03,0,4,ps
1778166931.027104,1,382,1.329924,82.31,353.358,379.955,0,4,ps
1778166931.4290702,1,383,1.30158,84.5,347.839,369.867,0,4,ps
1778166931.8361084,1,384,1.558594,83.83,354.716,374.233,0,4,ps
1778166932.2347586,1,385,0.941396,83.26,351.955,375.428,0,4,ps
1778166932.6481807,1,386,1.154113,81.18,361.406,385.252,0,4,ps
1778166933.090278,1,387,1.305943,77.69,361.125,402.898,0,4,ps
1778166933.492155,1,388,1.358146,82.93,348.269,377.069,0,4,ps
1778166933.921281,1,389,1.677939,80.21,362.032,391.327,0,4,ps
1778166934.3758285,1,390,0.883937,44.62,315.271,439.415,0,4,ps
1778166937.8323743,2,0,1.125775,80.15,347.022,390.366,0,4,ps
1778166938.2518342,2,1,1.411716,80.25,364.58,389.854,0,4,ps
1778166938.6980183,2,2,1.08975,74.6,394.117,420.214,0,4,ps
1778166939.142473,2,3,1.3988,75.32,379.226,415.752,0,4,ps
1778166939.5602782,2,4,1.18081,81.87,364.832,383.76,0,4,ps
1778166939.966182,2,5,1.356271,80.88,364.921,388.576,0,4,ps
1778166940.3738348,2,6,1.204177,80.59,368.662,388.345,0,4,ps
1778166940.7752666,2,7,1.38025,83.88,352.197,372.474,0,4,ps
1778166941.1814532,2,8,1.540571,84.13,351.097,371.836,0,4,ps
1778166941.583529,2,9,1.261476,84.56,348.799,369.626,0,4,ps
1778166941.9850388,2,10,1.397793,86.02,350.231,363.145,0,4,ps
1778166942.3858893,2,11,0.966514,84.94,347.429,368.291,0,4,ps
1778166942.8278434,2,12,1.051518,75.69,392.253,414.472,0,4,ps
1778166943.230071,2,13,1.461827,84.3,350.599,371.43,0,4,ps
1778166943.6319385,2,14,1.521957,82.71,350.877,378.032,0,4,ps
1778166944.0628662,2,15,0.985721,78.09,376.251,400.979,0,4,ps
1778166944.472273,2,16,1.152444,82.65,359.244,379.778,0,4,ps
1778166944.9005692,2,17,1.132074,78.56,371.826,398.832,0,4,ps
1778166945.334288,2,18,1.247807,81.4,364.496,384.481,0,4,ps
1778166945.7414942,2,19,1.398133,82.45,359.798,379.129,0,4,ps
1778166946.1659248,2,20,1.330521,80.63,371.043,389.884,0,4,ps
1778166946.5723226,2,21,1.349601,80.63,359.78,387.787,0,4,ps
1778166946.986448,2,22,1.046869,80.53,365.179,389.176,0,4,ps
1778166947.3899488,2,23,1.141111,83.19,353.755,375.915,0,4,ps
1778166947.802297,2,24,1.254612,82.21,363.154,380.363,0,4,ps
1778166948.214675,2,25,1.170512,79.49,362.252,394.376,0,4,ps
1778166948.6144607,2,26,1.28931,84.78,346.353,368.605,0,4,ps
1778166949.0159304,2,27,1.151288,83.44,354.91,374.7,0,4,ps
1778166949.4687603,2,28,1.302406,75.57,390.843,415.845,0,4,ps
1778166949.9066536,2,29,1.166217,74.87,378.779,418.844,0,4,ps
1778166950.30955,2,30,1.269982,85.31,349.687,366.139,0,4,ps
1778166950.7158504,2,31,1.302996,83.63,346.734,373.814,0,4,ps
1778166951.116601,2,32,1.294271,85.2,347.89,366.73,0,4,ps
1778166951.5237117,2,33,1.263658,83.62,353.326,373.64,0,4,ps
1778166951.924687,2,34,1.152682,83.41,332.171,375.979,0,4,ps
1778166952.3450465,2,35,1.23303,77.92,382.687,403.264,0,4,ps
1778166952.839756,2,36,1.436178,68.01,434.222,461.811,0,4,ps
1778166953.2716992,2,37,1.261007,82.25,356.551,381.278,0,4,ps
1778166953.6662908,2,38,0.987657,85.73,343.315,365.096,0,4,ps
1778166954.0904648,2,39,1.154836,79.96,367.397,391.27,0,4,ps
1778166954.522826,2,40,1.300722,78.09,376.354,400.561,0,4,ps
1778166954.9418728,2,41,1.76595,81.93,365.305,381.765,0,4,ps
1778166955.3530352,2,42,1.389072,81.65,347.167,383.047,0,4,ps
1778166955.7665274,2,43,1.446817,80.5,365.387,388.643,0,4,ps
1778166956.1737475,2,44,1.084907,82.33,361.598,380.131,0,4,ps
1778166956.6012304,2,45,1.443505,79.17,369.018,395.532,0,4,ps
1778166957.0337791,2,46,1.112124,78.31,377.091,400.756,0,4,ps
1778166957.5651467,2,47,1.100106,65.08,449.082,483.037,0,4,ps
1778166958.0477414,2,48,1.320744,69.18,411.92,454.123,0,4,ps
1778166958.5023723,2,49,1.1574,74.11,380.862,424.186,0,4,ps
1778166958.9488673,2,50,1.26001,73.53,391.78,426.97,0,4,ps
1778166959.3609402,2,51,1.146699,79.88,362.217,391.638,0,4,ps
1778166959.7832937,2,52,1.43387,80.39,364.263,389.322,0,4,ps
1778166960.2305155,2,53,1.117691,75.21,392.145,417.287,0,4,ps
1778166960.6530266,2,54,0.809963,77.55,378.944,403.723,0,4,ps
1778166961.055195,2,55,1.162524,83.37,343.721,374.887,0,4,ps
1778166961.4519053,2,56,1.37232,84.47,351.971,370.661,0,4,ps
1778166961.8577628,2,57,1.020595,80.81,359.643,387.376,0,4,ps
1778166962.2513356,2,58,1.099593,86.41,338.475,362.121,0,4,ps
1778166962.645191,2,59,1.442705,88.91,334.367,350.997,0,4,ps
1778166963.099871,2,60,1.004529,73.6,383.844,425.881,0,4,ps
1778166963.506512,2,61,1.236633,82.17,361.991,380.453,0,4,ps
1778166963.91135,2,62,1.366823,83.69,351.982,373.573,0,4,ps
1778166964.3200033,2,63,1.090445,81.91,354.382,381.917,0,4,ps
1778166964.7357266,2,64,1.446417,81.91,366.409,383.093,0,4,ps
1778166965.1616468,2,65,1.141132,77.15,385.037,406.572,0,4,ps
1778166965.5651274,2,66,0.894995,82.47,360.758,380.328,0,4,ps
1778166965.971974,2,67,1.253844,83.57,348.44,373.92,0,4,ps
1778166966.3920438,2,68,1.131496,80.21,366.495,390.137,0,4,ps
1778166966.7932749,2,69,1.004778,83.27,356.114,375.679,0,4,ps
1778166967.1955614,2,70,1.215217,84.28,348.561,370.746,0,4,ps
1778166967.602571,2,71,1.38254,81.89,355.105,381.674,0,4,ps
1778166968.004777,2,72,0.922924,85.39,346.511,365.764,0,4,ps
1778166968.4000158,2,73,1.486714,86.89,344.766,360.654,0,4,ps
1778166968.7961411,2,74,1.293794,83.03,348.555,376.606,0,4,ps
1778166969.1974325,2,75,1.328562,82.09,362.583,381.721,0,4,ps
1778166969.6012936,2,76,1.237956,82.18,350.171,381.632,0,4,ps
1778166970.0255089,2,77,1.377616,77.43,372.281,404.382,0,4,ps
1778166970.4475873,2,78,1.313015,77.54,374.8,404.329,0,4,ps
1778166970.893656,2,79,1.169386,75.87,389.114,413.69,0,4,ps
1778166971.3200836,2,80,0.928767,80.69,366.496,387.722,0,4,ps
1778166971.7248368,2,81,1.007206,81.0,364.029,386.289,0,4,ps
1778166972.1445043,2,82,0.986031,80.64,363.129,388.061,0,4,ps
1778166972.5523765,2,83,1.059877,82.8,342.759,377.443,0,4,ps
1778166973.025257,2,84,1.762988,71.18,418.736,440.67,0,4,ps
1778166973.4162421,2,85,0.89881,86.83,339.709,361.029,0,4,ps
1778166973.809259,2,86,1.137042,83.32,355.689,376.348,0,4,ps
1778166974.2362483,2,87,1.187091,77.14,376.287,405.869,0,4,ps
1778166974.6495144,2,88,0.894781,80.46,360.147,388.874,0,4,ps
1778166975.0735755,2,89,1.197137,79.65,369.554,393.251,0,4,ps
1778166975.4834802,2,90,1.102192,84.29,346.12,370.843,0,4,ps
1778166975.8947601,2,91,0.841259,82.67,360.046,378.148,0,4,ps
1778166976.306517,2,92,1.543897,81.05,355.876,386.384,0,4,ps
1778166976.71475,2,93,1.430198,81.85,352.73,383.013,0,4,ps
1778166977.1506207,2,94,1.233984,75.25,378.029,416.394,0,4,ps
1778166977.5497303,2,95,1.111695,86.51,343.997,362.729,0,4,ps
1778166977.9483335,2,96,1.158355,82.49,346.836,380.623,0,4,ps
1778166978.3508315,2,97,1.00377,81.65,354.156,382.885,0,4,ps
1778166978.762499,2,98,0.906556,81.87,362.064,381.787,0,4,ps
1778166979.16551,2,99,1.032477,82.92,352.07,377.307,0,4,ps
1778166979.5562804,2,100,1.455346,84.96,346.777,368.471,0,4,ps
1778166979.962268,2,101,1.477205,83.64,352.936,373.679,0,4,ps
1778166980.3903759,2,102,0.897835,80.3,368.078,389.78,0,4,ps
1778166980.7868514,2,103,1.320467,85.29,346.397,366.485,0,4,ps
1778166981.1924853,2,104,1.431572,84.95,345.404,367.757,0,4,ps
1778166981.6488886,2,105,1.580049,73.88,399.131,425.057,0,4,ps
1778166982.077951,2,106,1.32291,78.79,370.684,398.356,0,4,ps
1778166982.475898,2,107,1.401641,82.43,355.92,379.657,0,4,ps
1778166982.9323747,2,108,0.931197,71.97,415.688,436.447,0,4,ps
1778166983.3378098,2,109,1.282833,82.04,355.273,382.554,0,4,ps
1778166983.7564995,2,110,1.230785,80.63,368.55,388.064,0,4,ps
1778166984.1519194,2,111,0.943883,84.16,350.016,371.558,0,4,ps
1778166984.5550673,2,112,1.360685,84.35,340.378,370.461,0,4,ps
1778166984.9696596,2,113,1.441953,82.07,362.357,380.843,0,4,ps
1778166985.3799284,2,114,1.037955,81.64,355.99,383.147,0,4,ps
1778166985.8267343,2,115,1.24155,76.4,383.495,409.963,0,4,ps
1778166986.2836046,2,116,1.524683,73.44,394.045,427.05,0,4,ps
1778166986.7222567,2,117,1.358686,77.95,380.995,401.669,0,4,ps
1778166987.1555238,2,118,1.364483,79.77,372.503,393.888,0,4,ps
1778166987.588807,2,119,1.519674,75.64,369.34,414.326,0,4,ps
1778166987.9901688,2,120,1.155527,83.72,341.439,373.337,0,4,ps
1778166988.3983862,2,121,1.086709,84.14,352.476,371.717,0,4,ps
1778166988.827846,2,122,1.144709,78.4,374.181,399.407,0,4,ps
1778166989.2537932,2,123,1.086192,78.81,369.807,397.232,0,4,ps
1778166989.647287,2,124,1.218959,86.11,347.117,363.35,0,4,ps
1778166990.051517,2,125,1.019232,82.5,353.078,379.084,0,4,ps
1778166990.4524357,2,126,1.335362,84.94,348.449,369.443,0,4,ps
1778166990.8701098,2,127,1.446922,78.45,378.888,399.094,0,4,ps
1778166991.2768633,2,128,1.00263,83.08,352.546,376.964,0,4,ps
1778166991.6885147,2,129,1.228088,80.64,364.994,388.382,0,4,ps
1778166992.116414,2,130,1.143334,77.57,384.222,405.193,0,4,ps
1778166992.5479417,2,131,1.160428,76.11,378.929,412.068,0,4,ps
1778166993.017735,2,132,1.212508,70.91,410.724,442.489,0,4,ps
1778166993.424821,2,133,0.820085,83.09,357.978,376.119,0,4,ps
1778166993.8310697,2,134,1.152289,82.59,354.484,378.938,0,4,ps
1778166994.2280302,2,135,0.994159,84.2,351.918,371.018,0,4,ps
1778166994.6370382,2,136,1.538964,82.19,354.349,380.415,0,4,ps
1778166995.0522435,2,137,1.169505,80.7,355.134,388.989,0,4,ps
1778166995.4517305,2,138,1.117101,84.22,346.049,372.948,0,4,ps
1778166995.8784006,2,139,1.301142,80.28,367.605,391.69,0,4,ps
1778166996.296963,2,140,1.283268,83.95,342.692,372.064,0,4,ps
1778166996.7165322,2,141,1.544075,81.47,363.154,385.138,0,4,ps
1778166997.1533787,2,142,1.004709,77.03,373.846,406.677,0,4,ps
1778166997.583797,2,143,0.765594,78.08,380.739,400.998,0,4,ps
1778166998.0087423,2,144,1.09321,79.63,367.703,393.428,0,4,ps
1778166998.4244025,2,145,1.250651,80.3,366.761,389.544,0,4,ps
1778166998.8243744,2,146,1.271698,83.7,344.13,374.948,0,4,ps
1778166999.231267,2,147,1.210129,80.57,367.716,388.527,0,4,ps
1778166999.634618,2,148,0.904447,84.82,352.658,369.774,0,4,ps
1778167000.0368671,2,149,1.292701,81.62,355.12,384.333,0,4,ps
1778167000.4264116,2,150,1.069496,88.86,329.351,351.302,0,4,ps
1778167000.8301845,2,151,0.930728,83.52,347.282,374.267,0,4,ps
1778167001.252107,2,152,1.252659,81.19,369.917,386.494,0,4,ps
1778167001.6511745,2,153,0.968847,84.02,351.71,371.9,0,4,ps
1778167002.0582573,2,154,1.279501,82.42,354.184,380.16,0,4,ps
1778167002.5054066,2,155,1.008218,75.62,390.258,415.969,0,4,ps
1778167003.0052428,2,156,1.295935,65.31,454.998,482.271,0,4,ps
1778167003.4249525,2,157,0.919493,78.33,370.359,401.356,0,4,ps
1778167003.8289142,2,158,1.142434,81.43,348.692,384.053,0,4,ps
1778167004.2357266,2,159,0.94992,82.96,356.65,376.839,0,4,ps
1778167004.618167,2,160,0.851051,88.98,326.279,350.77,0,4,ps
1778167005.013113,2,161,1.344673,84.42,350.318,370.385,0,4,ps
1778167005.4000173,2,162,1.234747,90.92,326.813,343.17,0,4,ps
1778167005.793389,2,163,1.267041,85.24,345.952,366.579,0,4,ps
1778167006.2054765,2,164,1.11551,80.92,367.042,386.533,0,4,ps
1778167006.620564,2,165,0.936896,84.53,353.245,369.669,0,4,ps
1778167007.0486367,2,166,0.896739,79.47,366.153,394.098,0,4,ps
1778167007.4442694,2,167,1.269568,87.37,341.728,357.314,0,4,ps
1778167007.8427765,2,168,0.713102,84.03,349.141,373.562,0,4,ps
1778167008.251913,2,169,0.901808,80.09,369.924,391.836,0,4,ps
1778167008.646667,2,170,1.349019,88.05,338.58,354.771,0,4,ps
1778167009.0431783,2,171,0.861235,82.73,346.691,378.185,0,4,ps
1778167009.4409802,2,172,0.840718,84.43,346.428,369.972,0,4,ps
1778167009.8425062,2,173,1.506342,85.9,346.672,364.999,0,4,ps
1778167010.2426167,2,174,1.371093,84.97,348.095,367.919,0,4,ps
1778167010.6374686,2,175,1.537459,86.15,334.458,362.418,0,4,ps
1778167011.0362263,2,176,0.995476,83.7,346.786,374.64,0,4,ps
1778167011.4553752,2,177,1.211032,79.71,369.52,393.334,0,4,ps
1778167011.864427,2,178,1.113513,81.17,363.674,385.23,0,4,ps
1778167012.265201,2,179,0.911839,85.28,345.582,366.439,0,4,ps
1778167012.6764646,2,180,1.063942,80.29,371.594,389.718,0,4,ps
1778167013.1228285,2,181,0.954522,76.07,387.447,413.259,0,4,ps
1778167013.5340755,2,182,0.993251,79.92,370.887,393.147,0,4,ps
1778167013.9610775,2,183,1.38961,79.77,367.3,392.315,0,4,ps
1778167014.353631,2,184,0.880566,85.48,343.452,365.371,0,4,ps
1778167014.7457051,2,185,0.816553,87.99,336.849,354.656,0,4,ps
1778167015.1680248,2,186,0.92773,80.39,364.43,390.809,0,4,ps
1778167015.565882,2,187,0.966801,85.14,346.858,367.163,0,4,ps
1778167015.9640896,2,188,1.704567,83.74,355.322,373.507,0,4,ps
1778167016.3571477,2,189,1.472821,84.42,341.378,370.15,0,4,ps
1778167016.77987,2,190,1.064527,79.64,368.076,393.171,0,4,ps
1778167017.1885753,2,191,1.017582,82.78,356.159,377.599,0,4,ps
1778167017.616316,2,192,1.199409,80.38,369.866,389.273,0,4,ps
1778167018.0204568,2,193,1.35503,86.39,339.694,361.526,0,4,ps
1778167018.4417648,2,194,1.207536,81.15,365.892,385.374,0,4,ps
1778167018.8552632,2,195,0.984416,81.46,355.995,384.336,0,4,ps
1778167019.2648067,2,196,1.024881,82.72,357.082,378.721,0,4,ps
1778167019.663255,2,197,0.888352,84.86,349.759,370.038,0,4,ps
1778167020.067079,2,198,1.137834,81.25,356.351,384.973,0,4,ps
1778167020.454964,2,199,0.841936,87.17,336.364,358.245,0,4,ps
1778167020.8518744,2,200,1.027767,85.59,338.793,365.518,0,4,ps
1778167021.2436147,2,201,1.279322,88.57,333.556,352.526,0,4,ps
1778167021.6423485,2,202,0.856708,85.03,346.502,367.39,0,4,ps
1778167022.051803,2,203,1.064658,82.76,322.78,377.727,0,4,ps
1778167022.457944,2,204,0.934697,84.41,350.583,370.241,0,4,ps
1778167022.897912,2,205,1.147346,76.95,382.42,409.063,0,4,ps
1778167023.3101413,2,206,0.98084,83.3,349.741,375.141,0,4,ps
1778167023.7031841,2,207,1.232182,84.83,343.25,368.296,0,4,ps
1778167024.109813,2,208,0.941538,80.57,359.544,389.36,0,4,ps
1778167024.5302575,2,209,1.040332,79.95,357.264,391.298,0,4,ps
1778167024.9355812,2,210,1.010639,83.03,357.86,376.942,0,4,ps
1778167025.3421288,2,211,0.984259,82.46,359.288,379.326,0,4,ps
1778167025.7362022,2,212,0.90559,87.41,338.365,358.833,0,4,ps
1778167026.128246,2,213,1.189485,83.61,350.107,373.975,0,4,ps
1778167026.5254338,2,214,1.435446,85.28,330.534,367.54,0,4,ps
1778167026.952015,2,215,1.099026,80.84,369.659,388.157,0,4,ps
1778167027.3479164,2,216,1.003491,84.31,347.724,370.886,0,4,ps
1778167027.7570105,2,217,1.492315,80.37,352.179,389.283,0,4,ps
1778167028.1580145,2,218,0.974681,87.47,340.543,357.005,0,4,ps
1778167028.5618784,2,219,0.979744,84.14,349.134,371.442,0,4,ps
1778167028.9683015,2,220,0.762163,83.3,353.577,375.25,0,4,ps
1778167029.368034,2,221,1.088075,87.09,341.021,358.409,0,4,ps
1778167029.7972503,2,222,1.448009,77.47,377.402,404.446,0,4,ps
1778167030.2056696,2,223,0.789161,81.31,365.123,384.424,0,4,ps
1778167030.5980098,2,224,0.820619,88.44,332.554,353.266,0,4,ps
1778167031.0011678,2,225,1.275841,84.01,352.332,372.317,0,4,ps
1778167031.3975844,2,226,1.287809,86.95,342.66,358.92,0,4,ps
1778167031.800269,2,227,0.810427,82.47,354.238,380.113,0,4,ps
1778167032.219096,2,228,1.224112,80.16,361.688,390.341,0,4,ps
1778167032.6171248,2,229,1.389963,87.68,338.592,356.671,0,4,ps
1778167033.0785306,2,230,0.956557,72.34,400.267,433.495,0,4,ps
1778167033.4874675,2,231,1.229725,80.97,354.018,386.921,0,4,ps
1778167033.8990376,2,232,1.218142,79.61,357.686,393.184,0,4,ps
1778167034.3088853,2,233,1.007922,81.49,358.54,384.938,0,4,ps
1778167034.7143202,2,234,1.596966,80.76,368.945,387.82,0,4,ps
1778167035.1650355,2,235,0.931765,73.93,393.877,424.165,0,4,ps
1778167035.5800872,2,236,1.116951,81.67,357.32,383.027,0,4,ps
1778167035.9691143,2,237,0.947439,87.68,333.348,356.729,0,4,ps
1778167036.353174,2,238,1.065843,86.78,338.089,359.987,0,4,ps
1778167036.741472,2,239,1.342818,84.29,347.343,370.871,0,4,ps
1778167037.1354637,2,240,0.770038,86.2,339.235,362.354,0,4,ps
1778167037.5441244,2,241,0.978687,83.37,347.035,374.861,0,4,ps
1778167037.945467,2,242,1.037166,81.78,353.924,382.395,0,4,ps
1778167038.336773,2,243,0.763148,85.04,347.303,367.403,0,4,ps
1778167038.7283556,2,244,0.539159,85.07,348.221,367.275,0,4,ps
1778167039.1209474,2,245,0.836107,84.93,339.129,369.282,0,4,ps
1778167039.5084472,2,246,1.237418,86.0,338.92,364.331,0,4,ps
1778167039.9073744,2,247,0.85703,82.06,365.107,382.579,0,4,ps
1778167040.3164828,2,248,1.043027,81.55,364.715,383.285,0,4,ps
1778167040.7008102,2,249,1.225462,86.8,335.088,359.918,0,4,ps
1778167041.102079,2,250,1.268659,84.68,348.943,369.261,0,4,ps
1778167041.5005143,2,251,0.945652,84.14,351.146,371.531,0,4,ps
1778167041.8960786,2,252,0.977151,85.11,339.889,367.258,0,4,ps
1778167042.3115325,2,253,1.128809,80.11,372.082,391.325,0,4,ps
1778167042.721221,2,254,0.814056,81.48,350.445,383.752,0,4,ps
1778167043.1552026,2,255,1.102725,78.71,365.722,397.787,0,4,ps
1778167043.55158,2,256,1.296226,84.35,345.133,372.169,0,4,ps
1778167043.9630706,2,257,1.027351,81.06,367.218,387.235,0,4,ps
1778167044.358116,2,258,1.01767,86.49,338.642,361.435,0,4,ps
1778167044.7482126,2,259,0.988444,87.01,335.841,358.647,0,4,ps
1778167045.1651363,2,260,0.968264,80.61,369.063,388.0,0,4,ps
1778167045.599935,2,261,1.581671,78.36,383.477,399.659,0,4,ps
1778167046.013821,2,262,1.565037,82.12,359.079,380.603,0,4,ps
1778167046.4053917,2,263,1.111739,84.82,337.025,368.452,0,4,ps
1778167046.8031757,2,264,1.399992,86.31,342.97,361.6,0,4,ps
1778167047.1956968,2,265,0.861218,85.2,340.074,366.653,0,4,ps
1778167047.60232,2,266,1.299524,83.72,353.659,374.651,0,4,ps
1778167048.0094893,2,267,0.919078,82.88,355.439,377.921,0,4,ps
1778167048.409657,2,268,0.782122,84.78,347.286,369.21,0,4,ps
1778167048.8126936,2,269,0.901451,81.38,360.96,384.403,0,4,ps
1778167049.215663,2,270,1.036732,83.45,343.987,376.097,0,4,ps
1778167049.6082857,2,271,0.874458,87.5,340.177,358.042,0,4,ps
1778167050.0089195,2,272,0.992675,81.75,352.565,383.142,0,4,ps
1778167050.406006,2,273,1.099845,84.71,346.225,368.902,0,4,ps
1778167050.8078396,2,274,1.031226,83.56,349.453,374.059,0,4,ps
1778167051.2363784,2,275,1.193637,77.61,385.426,404.639,0,4,ps
1778167051.6373832,2,276,0.951552,81.71,355.291,382.684,0,4,ps
1778167052.0301657,2,277,1.071005,85.56,344.17,364.923,0,4,ps
1778167052.432337,2,278,0.583893,84.16,343.847,372.496,0,4,ps
1778167052.8858752,2,279,0.916491,73.46,402.942,426.842,0,4,ps
1778167053.294114,2,280,1.747633,85.31,341.242,366.609,0,4,ps
1778167053.6972377,2,281,0.811155,84.87,344.025,368.214,0,4,ps
1778167054.0965066,2,282,0.801974,85.08,340.819,366.8,0,4,ps
1778167054.493527,2,283,1.195253,86.64,342.344,361.634,0,4,ps
1778167054.889096,2,284,1.129618,86.75,327.785,360.552,0,4,ps
1778167055.294556,2,285,0.949816,82.21,355.368,382.001,0,4,ps
1778167055.7064717,2,286,1.053987,79.7,360.411,393.564,0,4,ps
1778167056.1205673,2,287,0.918661,81.55,359.561,383.858,0,4,ps
1778167056.5423336,2,288,0.805616,81.27,353.125,384.976,0,4,ps
1778167056.950825,2,289,1.434155,82.56,356.095,380.397,0,4,ps
1778167057.3515623,2,290,0.849644,81.68,351.999,382.763,0,4,ps
1778167057.7443855,2,291,1.041817,86.64,339.522,360.398,0,4,ps
1778167058.165864,2,292,1.003498,77.89,385.31,403.248,0,4,ps
1778167058.5794024,2,293,1.132005,79.34,362.073,394.241,0,4,ps
1778167058.978863,2,294,1.079233,81.96,354.331,381.609,0,4,ps
1778167059.3921382,2,295,1.079103,81.43,348.922,385.28,0,4,ps
1778167059.794879,2,296,1.057112,81.37,354.851,384.622,0,4,ps
1778167060.1950612,2,297,1.076468,85.1,348.417,367.058,0,4,ps
1778167060.6218266,2,298,0.942295,78.35,370.845,399.596,0,4,ps
1778167061.0195084,2,299,1.257156,84.91,348.298,368.007,0,4,ps
1778167061.425497,2,300,1.089069,81.99,358.266,381.663,0,4,ps
1778167061.8347495,2,301,0.985474,81.7,359.475,382.995,0,4,ps
1778167062.2241561,2,302,1.329333,86.26,341.428,362.08,0,4,ps
1778167062.631404,2,303,1.084339,85.94,349.587,363.6,0,4,ps
1778167063.0897415,2,304,1.07502,74.47,390.634,421.338,0,4,ps
1778167063.4913802,2,305,0.984289,86.89,339.573,361.074,0,4,ps
1778167063.8964336,2,306,1.083129,81.31,355.914,384.675,0,4,ps
1778167064.2887425,2,307,0.913344,86.56,336.908,360.503,0,4,ps
1778167064.688385,2,308,1.167321,84.81,346.823,368.429,0,4,ps
1778167065.1058173,2,309,0.903422,78.47,370.009,400.539,0,4,ps
1778167065.5035336,2,310,1.075636,82.53,349.361,378.836,0,4,ps
1778167065.907611,2,311,1.414275,83.09,355.707,377.853,0,4,ps
1778167066.3052666,2,312,1.316153,82.33,358.074,380.277,0,4,ps
1778167066.7183373,2,313,1.097965,82.68,360.374,378.079,0,4,ps
1778167067.1286256,2,314,1.116683,80.26,366.977,391.313,0,4,ps
1778167067.519964,2,315,1.275251,84.93,345.058,367.839,0,4,ps
1778167067.9076946,2,316,0.925669,84.48,352.928,370.581,0,4,ps
1778167068.3183286,2,317,1.49179,82.18,359.807,380.517,0,4,ps
1778167068.7397845,2,318,1.198118,79.87,363.007,391.849,0,4,ps
1778167069.1537428,2,319,1.036597,83.63,355.404,374.22,0,4,ps
1778167069.5742254,2,320,1.007648,78.04,381.435,401.046,0,4,ps
1778167069.9658513,2,321,1.145139,85.37,338.761,366.017,0,4,ps
1778167070.3671057,2,322,1.104244,83.32,348.345,375.41,0,4,ps
1778167070.7581763,2,323,0.877425,83.8,344.937,372.953,0,4,ps
1778167071.1478608,2,324,0.924458,85.81,343.966,364.183,0,4,ps
1778167071.5414755,2,325,1.315858,83.66,357.552,374.392,0,4,ps
1778167071.939631,2,326,0.810539,84.08,353.014,371.698,0,4,ps
1778167072.332235,2,327,0.880425,86.73,335.912,360.023,0,4,ps
1778167072.7302616,2,328,0.860732,82.27,353.263,380.886,0,4,ps
1778167073.1624327,2,329,1.018973,80.12,363.632,390.456,0,4,ps
1778167073.582813,2,330,1.00724,81.72,365.649,383.127,0,4,ps
1778167073.9856377,2,331,1.070498,83.66,340.743,373.861,0,4,ps
1778167074.3856835,2,332,1.052296,85.5,343.408,365.443,0,4,ps
1778167074.7877474,2,333,1.048075,83.17,354.38,375.9,0,4,ps
1778167075.2025027,2,334,0.898099,82.59,360.739,380.275,0,4,ps
1778167075.5938299,2,335,1.02037,83.82,347.183,372.885,0,4,ps
1778167076.0012558,2,336,0.806933,82.0,364.391,381.984,0,4,ps
1778167076.470192,2,337,0.923651,71.57,415.051,438.169,0,4,ps
1778167076.8844419,2,338,1.300231,81.39,358.924,384.545,0,4,ps
1778167077.2778041,2,339,1.290758,87.26,336.432,357.553,0,4,ps
1778167077.6947854,2,340,0.854724,80.07,365.718,392.264,0,4,ps
1778167078.1125386,2,341,1.0106,78.47,367.402,399.521,0,4,ps
1778167078.5112047,2,342,1.318518,84.43,337.668,370.435,0,4,ps
1778167078.9216735,2,343,0.884002,83.8,349.18,374.173,0,4,ps
1778167079.3216107,2,344,1.04029,81.9,352.204,381.776,0,4,ps
1778167079.717968,2,345,0.853893,85.19,344.712,366.799,0,4,ps
1778167080.1119583,2,346,1.192358,84.91,347.734,368.087,0,4,ps
1778167080.5162308,2,347,1.471541,82.21,356.026,380.374,0,4,ps
1778167080.9137468,2,348,1.37613,84.5,352.128,369.941,0,4,ps
1778167081.3207088,2,349,1.06497,82.14,359.018,380.774,0,4,ps
1778167081.7215843,2,350,1.155346,86.39,342.768,361.418,0,4,ps
1778167082.122882,2,351,0.992157,86.02,345.226,363.857,0,4,ps
1778167082.517138,2,352,0.680305,83.76,349.268,373.356,0,4,ps
1778167082.9848318,2,353,0.746084,71.22,420.172,440.246,0,4,ps
1778167083.3784888,2,354,1.1131,88.09,337.545,354.314,0,4,ps
1778167083.7648196,2,355,0.903497,88.49,336.32,353.63,0,4,ps
1778167084.1812627,2,356,1.09417,82.02,347.038,381.427,0,4,ps
1778167084.5764613,2,357,1.164135,85.69,339.849,364.715,0,4,ps
1778167085.0059557,2,358,1.014381,80.22,376.276,391.194,0,4,ps
1778167085.405657,2,359,1.187485,82.28,348.696,380.026,0,4,ps
1778167085.79699,2,360,0.618839,83.71,339.833,374.001,0,4,ps
1778167086.2010689,2,361,1.242189,81.01,359.32,386.087,0,4,ps
1778167086.595569,2,362,0.762973,85.89,341.832,363.725,0,4,ps
1778167086.982069,2,363,1.03582,86.83,339.505,359.706,0,4,ps
1778167087.3809245,2,364,1.180296,87.42,342.124,357.309,0,4,ps
1778167087.770004,2,365,0.836156,87.79,329.537,356.726,0,4,ps
1778167088.175088,2,366,1.134162,80.87,358.502,388.403,0,4,ps
1778167088.5898335,2,367,1.199301,80.81,362.281,388.576,0,4,ps
1778167088.9802303,2,368,1.292824,86.34,338.132,361.576,0,4,ps
1778167089.3799682,2,369,0.933163,85.51,346.057,365.425,0,4,ps
1778167089.7814128,2,370,1.02817,83.4,339.616,376.489,0,4,ps
1778167090.167109,2,371,1.008107,85.02,350.882,369.151,0,4,ps
1778167090.5588832,2,372,0.751246,83.65,347.107,373.691,0,4,ps
1778167090.9592257,2,373,0.911173,86.82,341.044,359.697,0,4,ps
1778167091.3498478,2,374,0.841564,85.03,341.594,367.677,0,4,ps
1778167091.7418017,2,375,0.956254,86.18,341.536,363.598,0,4,ps
1778167092.1321428,2,376,1.033768,84.0,349.428,373.3,0,4,ps
1778167092.5225775,2,377,0.915178,83.87,350.495,372.689,0,4,ps
1778167092.9618347,2,378,1.006132,77.62,378.391,404.259,0,4,ps
1778167093.3664958,2,379,1.058159,83.15,352.946,376.031,0,4,ps
1778167093.7557259,2,380,1.004677,84.35,341.685,370.313,0,4,ps
1778167094.160384,2,381,1.784242,83.59,355.573,375.557,0,4,ps
1778167094.5553827,2,382,0.650234,83.15,357.955,377.716,0,4,ps
1778167094.958883,2,383,1.256637,81.23,367.777,386.002,0,4,ps
1778167095.3567088,2,384,1.073374,85.59,342.79,366.351,0,4,ps
1778167095.7470467,2,385,0.826244,84.06,350.196,371.719,0,4,ps
1778167096.1310527,2,386,1.151968,88.56,334.352,352.667,0,4,ps
1778167096.5214603,2,387,0.686373,87.19,337.972,358.277,0,4,ps
1778167096.9095936,2,388,1.327151,86.03,336.533,363.14,0,4,ps
1778167097.300714,2,389,0.809935,85.3,344.807,367.925,0,4,ps
1778167097.6720095,2,390,0.960235,55.02,325.007,354.675,0,4,ps
1778167101.0455596,3,0,1.153043,86.9,315.058,359.399,0,4,ps
1778167101.418227,3,1,1.172336,90.74,327.87,344.185,0,4,ps
1778167101.8192313,3,2,1.022596,84.74,350.01,368.603,0,4,ps
1778167102.2076175,3,3,0.993345,86.74,341.232,359.969,0,4,ps
1778167102.6011045,3,4,0.821944,85.07,351.396,368.132,0,4,ps
1778167103.0681355,3,5,0.791496,71.02,419.321,442.476,0,4,ps
1778167103.453183,3,6,0.703868,85.1,337.295,367.051,0,4,ps
1778167103.8329399,3,7,0.873509,89.04,335.111,351.339,0,4,ps
1778167104.2230484,3,8,1.199238,84.97,326.901,368.293,0,4,ps
1778167104.6286592,3,9,1.232581,80.69,370.633,387.608,0,4,ps
1778167105.0291939,3,10,1.023004,82.63,360.92,378.256,0,4,ps
1778167105.4570367,3,11,0.967971,76.56,385.782,409.138,0,4,ps
1778167105.8551462,3,12,1.062951,85.66,341.129,364.598,0,4,ps
1778167106.2558248,3,13,0.972575,83.7,349.672,373.421,0,4,ps
1778167106.6532216,3,14,1.097125,85.34,349.226,367.768,0,4,ps
1778167107.0438125,3,15,0.919324,83.89,349.168,373.153,0,4,ps
1778167107.450061,3,16,1.232012,84.99,352.545,368.766,0,4,ps
1778167107.8528886,3,17,0.955325,81.43,358.879,383.998,0,4,ps
1778167108.2440062,3,18,0.955885,84.58,350.849,369.402,0,4,ps
1778167108.6517904,3,19,1.304403,84.17,344.163,371.203,0,4,ps
1778167109.0486498,3,20,1.029548,83.52,354.654,374.219,0,4,ps
1778167109.4598956,3,21,0.657069,83.72,355.314,373.607,0,4,ps
1778167109.8989959,3,22,0.86135,76.67,383.783,408.389,0,4,ps
1778167110.2888076,3,23,1.154325,88.42,336.511,352.925,0,4,ps
1778167110.7003431,3,24,1.131675,81.05,361.153,386.145,0,4,ps
1778167111.0920448,3,25,1.039489,86.41,336.402,361.623,0,4,ps
1778167111.4839058,3,26,0.812051,87.38,341.106,357.356,0,4,ps
1778167111.8832903,3,27,0.985866,85.63,342.939,364.888,0,4,ps
1778167112.2827122,3,28,1.051531,82.11,344.551,381.015,0,4,ps
1778167112.6772275,3,29,0.706262,84.26,349.989,371.67,0,4,ps
1778167113.1358397,3,30,0.709509,72.37,414.487,433.183,0,4,ps
1778167113.5284817,3,31,1.125591,86.35,344.089,361.51,0,4,ps
1778167113.9151056,3,32,0.881015,86.6,337.214,362.226,0,4,ps
1778167114.305683,3,33,0.855876,84.03,345.056,371.956,0,4,ps
1778167114.6958542,3,34,0.636513,85.48,346.721,365.485,0,4,ps
1778167115.1132278,3,35,0.92946,80.06,373.216,391.054,0,4,ps
1778167115.5131407,3,36,1.278949,83.41,351.682,374.636,0,4,ps
1778167115.9067564,3,37,1.002096,86.44,334.108,361.125,0,4,ps
1778167116.3188853,3,38,1.058237,81.4,354.823,384.266,0,4,ps
1778167116.7159796,3,39,1.141587,84.37,346.429,371.091,0,4,ps
1778167117.117705,3,40,1.250779,82.98,351.184,376.778,0,4,ps
1778167117.5202422,3,41,1.090573,83.98,352.938,372.192,0,4,ps
1778167117.920788,3,42,0.883574,84.94,348.682,367.979,0,4,ps
1778167118.309363,3,43,0.930325,85.75,337.321,364.599,0,4,ps
1778167118.7037938,3,44,0.81005,86.08,346.302,363.164,0,4,ps
1778167119.0901282,3,45,0.996301,86.83,343.668,361.021,0,4,ps
1778167119.474029,3,46,1.02336,85.93,335.668,363.736,0,4,ps
1778167119.8845189,3,47,1.193377,81.74,365.103,382.622,0,4,ps
1778167120.3046873,3,48,0.97787,82.38,353.136,381.125,0,4,ps
1778167120.7157464,3,49,1.153634,79.72,355.515,392.448,0,4,ps
1778167121.1121936,3,50,1.001394,86.04,340.745,363.016,0,4,ps
1778167121.5146646,3,51,1.124385,88.25,334.854,353.607,0,4,ps
1778167121.9151452,3,52,0.818665,84.41,349.04,371.039,0,4,ps
1778167122.3255477,3,53,1.09586,80.51,365.372,389.28,0,4,ps
1778167122.7220526,3,54,1.121532,85.57,348.001,365.093,0,4,ps
1778167123.209478,3,55,0.661794,68.16,435.619,460.494,0,4,ps
1778167123.6090045,3,56,0.92001,83.11,354.747,376.27,0,4,ps
1778167124.0020404,3,57,1.074226,86.48,338.568,361.162,0,4,ps
1778167124.3998716,3,58,1.350666,88.45,325.317,353.25,0,4,ps
1778167124.7950654,3,59,0.737113,82.83,350.714,377.579,0,4,ps
1778167125.2123597,3,60,0.886791,78.4,379.797,399.328,0,4,ps
1778167125.6075194,3,61,0.532303,85.7,343.313,364.521,0,4,ps
1778167125.998528,3,62,0.844205,83.91,335.515,372.868,0,4,ps
1778167126.3995416,3,63,0.990133,86.09,350.101,364.499,0,4,ps
1778167126.798459,3,64,0.959348,82.22,361.721,380.464,0,4,ps
1778167127.1969562,3,65,0.738003,84.9,351.787,367.984,0,4,ps
1778167127.602038,3,66,1.263565,83.19,357.775,376.858,0,4,ps
1778167128.004906,3,67,1.256727,81.33,353.525,384.594,0,4,ps
1778167128.3990445,3,68,1.066489,83.1,354.024,376.882,0,4,ps
1778167128.800404,3,69,0.804634,83.24,356.781,376.274,0,4,ps
1778167129.2018495,3,70,1.013854,85.09,349.227,368.495,0,4,ps
1778167129.6128862,3,71,0.998148,84.09,353.811,371.73,0,4,ps
1778167130.0253549,3,72,0.693516,82.58,361.106,378.795,0,4,ps
1778167130.409093,3,73,0.885781,88.59,326.48,352.442,0,4,ps
1778167130.814156,3,74,0.919183,83.76,347.03,373.464,0,4,ps
1778167131.2292292,3,75,0.754254,81.47,345.621,385.193,0,4,ps
1778167131.6093578,3,76,0.843242,87.59,338.888,356.413,0,4,ps
1778167132.001926,3,77,0.63534,86.56,344.652,361.384,0,4,ps
1778167132.4032533,3,78,0.924881,81.73,355.335,382.826,0,4,ps
1778167132.8066642,3,79,1.124116,81.09,366.283,386.988,0,4,ps
1778167133.2467315,3,80,0.861457,75.71,382.144,413.732,0,4,ps
1778167133.6516917,3,81,0.797507,85.19,346.387,366.643,0,4,ps
1778167134.104764,3,82,0.712549,74.66,394.434,420.09,0,4,ps
1778167134.5479016,3,83,0.64648,77.02,377.504,406.57,0,4,ps
1778167134.9682553,3,84,1.002853,80.79,363.028,388.1,0,4,ps
1778167135.3764057,3,85,0.689231,82.45,358.586,379.248,0,4,ps
1778167135.775004,3,86,0.904097,82.29,360.513,379.892,0,4,ps
1778167136.1853817,3,87,1.091809,83.04,359.104,376.308,0,4,ps
1778167136.5742352,3,88,0.928703,87.51,327.614,357.022,0,4,ps
1778167136.9942136,3,89,0.701887,81.21,346.794,385.313,0,4,ps
1778167137.395332,3,90,0.798395,82.3,358.31,379.905,0,4,ps
1778167137.803612,3,91,1.157563,81.71,356.344,382.781,0,4,ps
1778167138.2076826,3,92,1.339026,84.08,352.988,371.827,0,4,ps
1778167138.6327038,3,93,1.093198,78.3,380.113,401.437,0,4,ps
1778167139.0799263,3,94,0.872622,73.21,395.252,428.551,0,4,ps
1778167139.4961245,3,95,1.024379,82.46,330.005,379.479,0,4,ps
1778167139.9156332,3,96,0.972387,78.14,369.772,400.95,0,4,ps
1778167140.3132024,3,97,1.090919,87.53,337.871,357.399,0,4,ps
1778167140.7056675,3,98,1.318906,85.61,346.599,364.734,0,4,ps
1778167141.0999868,3,99,0.867567,85.12,342.1,367.272,0,4,ps
1778167141.546716,3,100,0.881629,75.72,385.495,413.785,0,4,ps
1778167141.9528112,3,101,1.09753,84.48,351.467,371.078,0,4,ps
1778167142.3508122,3,102,0.941487,82.28,360.772,380.407,0,4,ps
1778167142.7596033,3,103,0.9731,81.71,346.476,382.667,0,4,ps
1778167143.267371,3,104,0.719592,65.15,432.569,483.983,0,4,ps
1778167143.7116747,3,105,0.909817,73.69,394.822,426.185,0,4,ps
1778167144.1328814,3,106,0.842553,81.37,365.943,385.827,0,4,ps
1778167144.5257094,3,107,0.829124,85.66,338.291,365.44,0,4,ps
1778167144.936906,3,108,0.953393,84.05,351.482,371.874,0,4,ps
1778167145.33201,3,109,0.514849,87.92,335.163,354.843,0,4,ps
1778167145.7242532,3,110,0.69256,86.68,337.753,360.341,0,4,ps
1778167146.1105666,3,111,0.991361,86.36,332.475,361.492,0,4,ps
1778167146.5093384,3,112,0.822765,85.22,349.932,367.282,0,4,ps
1778167146.9255784,3,113,0.708664,81.33,364.249,385.363,0,4,ps
1778167147.3231966,3,114,0.708103,84.1,344.472,373.236,0,4,ps
1778167147.723094,3,115,0.869039,81.94,355.966,381.868,0,4,ps
1778167148.1407743,3,116,1.094242,79.55,367.979,393.619,0,4,ps
1778167148.5413384,3,117,1.022012,83.58,336.206,374.061,0,4,ps
1778167148.9359918,3,118,0.821195,85.78,344.821,363.95,0,4,ps
1778167149.342974,3,119,0.902547,83.33,357.299,375.102,0,4,ps
1778167149.7371955,3,120,0.787793,83.04,356.565,376.592,0,4,ps
1778167150.1347163,3,121,1.23683,85.97,343.251,363.365,0,4,ps
1778167150.5362256,3,122,0.713453,85.34,343.627,367.253,0,4,ps
1778167150.9260795,3,123,0.977695,87.04,340.944,360.059,0,4,ps
1778167151.3218505,3,124,1.161606,82.77,359.416,378.384,0,4,ps
1778167151.7438502,3,125,1.392002,82.13,359.493,380.621,0,4,ps
1778167152.170732,3,126,0.840144,78.38,380.67,399.249,0,4,ps
1778167152.6229734,3,127,0.879425,72.39,403.921,433.216,0,4,ps
1778167153.0671902,3,128,1.30409,74.68,398.876,419.52,0,4,ps
1778167153.4706128,3,129,1.239574,84.2,344.452,371.449,0,4,ps
1778167153.8762681,3,130,0.887757,83.46,355.41,375.323,0,4,ps
1778167154.2762516,3,131,0.76588,83.81,357.782,374.334,0,4,ps
1778167154.6714764,3,132,1.205932,83.99,352.323,372.415,0,4,ps
1778167155.1028214,3,133,0.790005,76.88,385.427,407.017,0,4,ps
1778167155.5028477,3,134,1.044067,83.33,349.927,375.171,0,4,ps
1778167155.9044206,3,135,1.179379,83.78,349.662,373.771,0,4,ps
1778167156.3018105,3,136,0.681234,87.61,333.67,356.449,0,4,ps
1778167156.685536,3,137,0.623204,87.17,332.549,358.281,0,4,ps
1778167157.092965,3,138,0.982765,83.68,339.335,374.693,0,4,ps
1778167157.487161,3,139,0.795742,87.19,331.649,358.212,0,4,ps
1778167157.8826632,3,140,0.611217,87.86,337.588,355.302,0,4,ps
1778167158.2975705,3,141,1.110347,82.67,362.702,378.341,0,4,ps
1778167158.7119455,3,142,0.914714,80.52,361.443,388.354,0,4,ps
1778167159.1086335,3,143,0.829322,85.68,327.929,364.582,0,4,ps
1778167159.5301669,3,144,1.053902,80.88,361.648,386.842,0,4,ps
1778167159.927153,3,145,0.714147,87.78,337.49,355.737,0,4,ps
1778167160.3224099,3,146,0.960616,86.51,338.377,361.101,0,4,ps
1778167160.7278457,3,147,0.938592,83.9,352.075,372.487,0,4,ps
1778167161.120613,3,148,0.921227,88.03,338.605,355.39,0,4,ps
1778167161.5066009,3,149,0.727814,86.0,337.14,364.892,0,4,ps
1778167161.914166,3,150,0.8996,84.29,340.102,372.121,0,4,ps
1778167162.3106127,3,151,1.115966,86.03,335.12,363.059,0,4,ps
1778167162.7660322,3,152,0.864505,74.85,398.787,418.631,0,4,ps
1778167163.2047615,3,153,0.948601,78.0,374.466,401.578,0,4,ps
1778167163.5847394,3,154,1.403498,87.39,340.646,357.385,0,4,ps
1778167163.98905,3,155,1.128039,83.65,354.934,374.633,0,4,ps
1778167164.3721178,3,156,1.028896,89.49,329.316,349.008,0,4,ps
1778167164.7556243,3,157,0.699755,88.61,335.026,352.25,0,4,ps
1778167165.175178,3,158,1.278046,77.88,374.42,402.033,0,4,ps
1778167165.5610251,3,159,1.154911,87.28,339.248,357.97,0,4,ps
1778167165.9415486,3,160,0.716533,87.99,338.871,354.869,0,4,ps
1778167166.341632,3,161,0.999841,83.51,354.572,374.246,0,4,ps
1778167166.7261436,3,162,1.181705,87.99,332.583,354.714,0,4,ps
1778167167.1252985,3,163,0.925426,83.59,352.331,374.209,0,4,ps
1778167167.5414183,3,164,0.962003,79.16,362.249,395.369,0,4,ps
1778167167.9452186,3,165,0.997254,84.28,349.413,371.508,0,4,ps
1778167168.3416674,3,166,0.882373,86.2,342.159,362.931,0,4,ps
1778167168.731116,3,167,0.992637,84.95,347.108,369.128,0,4,ps
1778167169.11898,3,168,0.900457,84.36,355.781,372.072,0,4,ps
1778167169.5180311,3,169,0.712399,81.98,360.295,381.548,0,4,ps
1778167169.9286525,3,170,0.782274,81.62,361.109,383.102,0,4,ps
1778167170.3215928,3,171,0.961218,83.38,348.428,374.735,0,4,ps
1778167170.743465,3,172,1.157763,80.6,368.312,389.057,0,4,ps
1778167171.1284146,3,173,0.945461,90.47,325.598,345.357,0,4,ps
1778167171.5175025,3,174,0.6919,86.8,338.224,360.845,0,4,ps
1778167171.9278073,3,175,1.071252,79.77,364.13,392.337,0,4,ps
1778167172.3227625,3,176,0.678607,85.01,329.818,367.816,0,4,ps
1778167172.7177856,3,177,1.242778,86.19,342.698,362.173,0,4,ps
1778167173.1831996,3,178,1.006459,70.2,421.154,447.039,0,4,ps
1778167173.5961804,3,179,1.054213,81.29,360.212,386.228,0,4,ps
1778167174.0070195,3,180,0.945457,79.82,354.619,392.514,0,4,ps
1778167174.4074178,3,181,1.209626,85.81,343.794,364.063,0,4,ps
1778167174.7919788,3,182,0.867989,86.58,340.399,362.036,0,4,ps
1778167175.1951141,3,183,0.789556,82.34,361.294,381.344,0,4,ps
1778167175.5860496,3,184,0.840961,83.98,348.257,372.386,0,4,ps
1778167175.977736,3,185,0.780277,85.28,349.104,366.047,0,4,ps
1778167176.368526,3,186,0.959908,86.49,337.302,360.876,0,4,ps
1778167176.754957,3,187,0.738826,88.78,330.771,351.58,0,4,ps
1778167177.1375616,3,188,0.978947,87.71,337.566,356.01,0,4,ps
1778167177.5498927,3,189,0.450576,81.43,362.44,385.3,0,4,ps
1778167177.948955,3,190,1.102745,82.47,350.271,380.62,0,4,ps
1778167178.3497562,3,191,0.585149,83.12,358.173,376.333,0,4,ps
1778167178.7539222,3,192,0.921267,83.97,352.025,372.021,0,4,ps
1778167179.1418343,3,193,0.783665,86.26,344.575,363.386,0,4,ps
1778167179.5473886,3,194,0.930665,85.43,350.821,365.576,0,4,ps
1778167179.9484456,3,195,1.110178,83.48,350.295,374.807,0,4,ps
1778167180.3475792,3,196,0.955138,83.6,333.994,373.887,0,4,ps
1778167180.7565472,3,197,1.059336,83.4,335.624,375.097,0,4,ps
1778167181.1515017,3,198,0.824979,86.29,338.522,362.058,0,4,ps
1778167181.5439696,3,199,1.107931,85.6,343.183,365.928,0,4,ps
1778167181.952255,3,200,0.623865,81.74,356.966,382.691,0,4,ps
1778167182.368403,3,201,0.68971,81.71,361.215,382.907,0,4,ps
1778167182.773978,3,202,0.81978,83.09,352.593,376.196,0,4,ps
1778167183.2359803,3,203,0.810881,73.61,386.883,425.863,0,4,ps
1778167183.6283016,3,204,0.842651,87.12,344.459,359.996,0,4,ps
1778167184.0491426,3,205,0.887296,80.77,357.238,388.962,0,4,ps
1778167184.4781804,3,206,0.740353,78.94,368.49,396.66,0,4,ps
1778167184.8671331,3,207,0.790909,85.46,344.495,365.581,0,4,ps
1778167185.2836323,3,208,0.973405,81.06,368.077,386.53,0,4,ps
1778167185.688547,3,209,0.656914,82.55,352.151,378.719,0,4,ps
1778167186.0809426,3,210,0.754944,84.17,345.532,371.311,0,4,ps
1778167186.4813576,3,211,0.626053,84.09,350.318,371.286,0,4,ps
1778167186.8739507,3,212,0.360999,86.71,343.526,360.166,0,4,ps
1778167187.255343,3,213,0.948338,85.88,347.93,363.853,0,4,ps
1778167187.654048,3,214,0.903966,83.93,356.576,374.009,0,4,ps
1778167188.069103,3,215,0.771176,80.77,365.952,388.476,0,4,ps
1778167188.4913163,3,216,1.081131,77.55,373.368,403.709,0,4,ps
1778167188.9302244,3,217,0.876194,77.44,384.652,404.604,0,4,ps
1778167189.3286984,3,218,0.906063,84.86,339.538,369.366,0,4,ps
1778167189.7329981,3,219,0.818034,81.04,365.529,387.247,0,4,ps
1778167190.137504,3,220,0.895443,84.06,349.538,371.662,0,4,ps
1778167190.533495,3,221,0.652735,84.93,348.347,368.65,0,4,ps
1778167190.9397087,3,222,0.748872,84.22,343.522,371.079,0,4,ps
1778167191.3348968,3,223,0.920933,83.73,355.662,374.967,0,4,ps
1778167191.7370496,3,224,0.708808,81.52,361.458,383.521,0,4,ps
1778167192.147654,3,225,1.118543,81.95,353.638,382.913,0,4,ps
1778167192.5495431,3,226,0.816996,83.59,342.718,373.562,0,4,ps
1778167192.9616024,3,227,0.581466,82.08,359.531,381.93,0,4,ps
1778167193.4076536,3,228,0.440296,75.48,379.97,414.919,0,4,ps
1778167193.802186,3,229,0.954147,83.0,356.451,377.675,0,4,ps
1778167194.2300978,3,230,0.851083,78.17,375.271,400.692,0,4,ps
1778167194.6450427,3,231,0.605811,82.39,361.66,379.659,0,4,ps
1778167195.0438726,3,232,0.68884,84.42,350.424,371.637,0,4,ps
1778167195.4375162,3,233,0.724816,86.84,338.699,359.588,0,4,ps
1778167195.8171618,3,234,1.0016,88.79,331.149,351.611,0,4,ps
1778167196.1990147,3,235,0.76613,89.33,333.795,349.293,0,4,ps
1778167196.6016982,3,236,1.182375,83.13,355.019,377.168,0,4,ps
1778167196.9895926,3,237,0.554649,84.49,334.89,369.974,0,4,ps
1778167197.3886914,3,238,0.849968,84.41,349.298,370.612,0,4,ps
1778167197.8128262,3,239,0.796986,80.14,359.3,391.142,0,4,ps
1778167198.201508,3,240,1.02762,85.89,330.289,363.776,0,4,ps
1778167198.5999491,3,241,1.046486,86.25,337.989,362.181,0,4,ps
1778167199.0187027,3,242,1.089422,78.19,371.819,400.635,0,4,ps
1778167199.408683,3,243,0.857413,87.99,336.69,354.962,0,4,ps
1778167199.805519,3,244,0.970117,85.69,348.812,365.821,0,4,ps
1778167200.201504,3,245,0.805156,84.09,348.623,371.688,0,4,ps
1778167200.5899036,3,246,0.914032,85.74,341.82,364.605,0,4,ps
1778167200.9895015,3,247,0.662422,84.93,349.089,368.017,0,4,ps
1778167201.3835645,3,248,0.981029,85.45,340.936,366.829,0,4,ps
1778167201.7696989,3,249,1.107687,84.89,330.209,368.697,0,4,ps
1778167202.167778,3,250,1.074382,82.26,353.282,380.021,0,4,ps
1778167202.5619466,3,251,1.123386,83.26,337.145,375.414,0,4,ps
1778167202.9784045,3,252,0.884824,83.2,359.252,377.06,0,4,ps
1778167203.4007761,3,253,1.214508,83.36,334.458,376.598,0,4,ps
1778167203.8001194,3,254,0.784025,82.43,350.682,379.3,0,4,ps
1778167204.2036507,3,255,1.071211,83.57,357.41,374.256,0,4,ps
1778167204.605645,3,256,0.882422,86.29,346.131,362.002,0,4,ps
1778167205.0177886,3,257,1.037732,83.14,350.471,377.844,0,4,ps
1778167205.4574277,3,258,0.832667,77.92,381.049,402.415,0,4,ps
1778167205.8791308,3,259,0.660744,78.13,370.949,401.411,0,4,ps
1778167206.2769642,3,260,1.501453,86.94,343.565,360.519,0,4,ps
1778167206.6868951,3,261,0.973506,81.17,360.567,385.332,0,4,ps
1778167207.08584,3,262,0.820457,86.38,345.948,361.414,0,4,ps
1778167207.474723,3,263,1.471686,87.13,335.735,359.182,0,4,ps
1778167207.8751538,3,264,0.619754,81.85,355.498,382.167,0,4,ps
1778167208.270559,3,265,0.847904,86.03,339.149,364.198,0,4,ps
1778167208.6685703,3,266,0.965576,84.85,349.936,369.072,0,4,ps
1778167209.0950987,3,267,0.694577,82.55,358.364,378.975,0,4,ps
1778167209.4859958,3,268,0.933691,86.19,332.221,363.319,0,4,ps
1778167209.888295,3,269,0.581921,85.89,331.351,363.799,0,4,ps
1778167210.2935014,3,270,1.188572,83.75,346.417,373.504,0,4,ps
1778167210.6860983,3,271,1.034195,87.28,340.302,357.793,0,4,ps
1778167211.0932646,3,272,0.766828,82.31,362.707,379.834,0,4,ps
1778167211.4996436,3,273,1.084332,84.16,347.99,371.368,0,4,ps
1778167211.8921554,3,274,0.818691,85.64,325.515,364.825,0,4,ps
1778167212.3090346,3,275,0.748225,81.29,363.085,385.089,0,4,ps
1778167212.7232356,3,276,1.104696,82.52,359.555,378.842,0,4,ps
1778167213.1986167,3,277,1.067583,69.68,424.939,451.065,0,4,ps
1778167213.6020749,3,278,0.703959,83.64,346.042,373.683,0,4,ps
1778167214.014811,3,279,0.772824,83.62,356.936,373.724,0,4,ps
1778167214.4165404,3,280,0.90769,83.12,354.107,376.096,0,4,ps
1778167214.8404868,3,281,1.09647,79.0,367.032,396.88,0,4,ps
1778167215.2625294,3,282,0.699419,82.66,362.108,378.087,0,4,ps
1778167215.6639912,3,283,1.134501,84.1,346.167,371.62,0,4,ps
1778167216.0909848,3,284,0.652078,78.51,369.198,398.786,0,4,ps
1778167216.5046215,3,285,0.929745,82.22,361.307,380.411,0,4,ps
1778167216.9098685,3,286,0.936989,83.66,338.266,374.245,0,4,ps
1778167217.3087728,3,287,0.936222,82.16,358.744,380.669,0,4,ps
1778167217.6974454,3,288,0.882961,87.69,338.536,356.097,0,4,ps
1778167218.0989332,3,289,0.927218,84.31,344.467,370.698,0,4,ps
1778167218.4938257,3,290,0.717963,83.01,350.11,376.664,0,4,ps
1778167218.883329,3,291,1.146028,86.99,341.336,360.507,0,4,ps
1778167219.2987065,3,292,0.779679,79.12,353.052,395.623,0,4,ps
1778167219.6956267,3,293,0.49827,86.94,344.855,360.512,0,4,ps
1778167220.0922325,3,294,0.608891,85.87,344.586,364.536,0,4,ps
1778167220.5011773,3,295,0.980651,83.86,353.848,373.38,0,4,ps
1778167220.8985794,3,296,1.246392,87.16,340.798,358.697,0,4,ps
1778167221.3124964,3,297,0.623374,79.02,366.49,396.098,0,4,ps
1778167221.7214477,3,298,0.783796,82.89,358.974,376.961,0,4,ps
1778167222.139853,3,299,0.69307,81.05,367.356,386.026,0,4,ps
1778167222.5456972,3,300,0.814032,81.97,357.703,381.632,0,4,ps
1778167222.9588828,3,301,0.588471,81.82,355.935,384.046,0,4,ps
1778167223.371976,3,302,1.004644,85.56,333.508,366.676,0,4,ps
1778167223.7737253,3,303,0.975902,81.73,358.469,382.47,0,4,ps
1778167224.1797564,3,304,0.689307,82.42,351.076,380.574,0,4,ps
1778167224.5818772,3,305,0.796582,81.89,352.052,381.903,0,4,ps
1778167224.9923728,3,306,0.875253,83.12,355.435,376.191,0,4,ps
1778167225.392421,3,307,1.167286,83.12,348.552,377.37,0,4,ps
1778167225.804494,3,308,0.750555,82.26,359.829,381.299,0,4,ps
1778167226.204894,3,309,0.64957,81.85,353.427,381.894,0,4,ps
1778167226.6212919,3,310,0.796889,80.42,363.398,389.31,0,4,ps
1778167227.0437624,3,311,0.641283,79.16,369.367,396.06,0,4,ps
1778167227.4230254,3,312,0.996852,91.06,320.347,344.294,0,4,ps
1778167227.8107016,3,313,1.01796,84.42,355.025,371.816,0,4,ps
1778167228.2078226,3,314,1.230134,82.48,349.548,379.75,0,4,ps
1778167228.590715,3,315,0.966553,91.1,327.407,342.589,0,4,ps
1778167228.9778807,3,316,1.210318,86.37,342.403,361.673,0,4,ps
1778167229.3898525,3,317,0.923619,81.12,366.673,385.781,0,4,ps
1778167229.7807653,3,318,0.778534,88.62,326.659,352.122,0,4,ps
1778167230.1770127,3,319,0.977102,83.84,356.804,374.025,0,4,ps
1778167230.59125,3,320,0.701193,80.89,367.329,386.737,0,4,ps
1778167230.9779592,3,321,0.695058,86.46,345.455,362.773,0,4,ps
1778167231.3712053,3,322,0.790907,83.26,358.142,375.37,0,4,ps
1778167231.776959,3,323,1.057845,84.24,350.005,370.754,0,4,ps
1778167232.1628013,3,324,0.745216,87.11,331.454,358.466,0,4,ps
1778167232.5580313,3,325,0.858262,83.63,356.707,375.401,0,4,ps
1778167232.968882,3,326,0.866958,79.84,366.175,392.761,0,4,ps
1778167233.372271,3,327,0.765374,89.37,325.632,349.2,0,4,ps
1778167233.7690058,3,328,0.735907,86.59,343.615,360.598,0,4,ps
1778167234.1623306,3,329,0.617189,85.91,326.247,364.729,0,4,ps
1778167234.559247,3,330,0.9239,83.04,358.157,376.568,0,4,ps
1778167234.9594836,3,331,0.630377,84.22,339.445,371.092,0,4,ps
1778167235.3553286,3,332,0.9154,86.03,345.415,363.95,0,4,ps
1778167235.7533631,3,333,0.867848,83.77,346.28,373.115,0,4,ps
1778167236.1586454,3,334,0.572998,83.49,357.52,374.369,0,4,ps
1778167236.5486794,3,335,0.821555,88.58,334.316,352.474,0,4,ps
1778167236.9430237,3,336,0.711187,83.94,351.229,372.757,0,4,ps
1778167237.3773508,3,337,0.740132,77.96,380.302,401.638,0,4,ps
1778167237.7957008,3,338,0.824413,78.34,380.469,399.52,0,4,ps
1778167238.1963315,3,339,0.75713,83.64,355.698,373.762,0,4,ps
1778167238.5930994,3,340,0.973174,85.27,344.646,367.103,0,4,ps
1778167238.9783983,3,341,0.579024,89.73,328.28,347.905,0,4,ps
1778167239.373056,3,342,0.945868,87.24,342.479,359.588,0,4,ps
1778167239.776048,3,343,0.639726,81.53,361.674,383.665,0,4,ps
1778167240.1649277,3,344,0.57284,86.23,322.672,362.065,0,4,ps
1778167240.558619,3,345,0.859304,87.72,338.827,357.528,0,4,ps
1778167240.9580631,3,346,0.744241,82.08,346.136,380.956,0,4,ps
1778167241.348874,3,347,0.627316,87.25,333.934,359.04,0,4,ps
1778167241.7592683,3,348,0.95002,82.16,362.064,380.478,0,4,ps
1778167242.1637712,3,349,0.823849,82.89,351.53,377.136,0,4,ps
1778167242.563662,3,350,0.844832,82.92,350.844,376.834,0,4,ps
1778167243.006532,3,351,0.686985,77.54,376.812,404.11,0,4,ps
1778167243.424662,3,352,0.698703,82.72,343.888,377.838,0,4,ps
1778167243.8306715,3,353,0.766563,83.22,351.449,376.713,0,4,ps
1778167244.2282822,3,354,0.637714,82.48,353.788,379.107,0,4,ps
1778167244.6124036,3,355,0.716136,88.24,336.463,353.805,0,4,ps
1778167245.0264475,3,356,0.875233,80.49,370.326,388.355,0,4,ps
1778167245.4378407,3,357,1.308943,84.44,341.379,369.941,0,4,ps
1778167245.8360891,3,358,1.056303,88.42,331.928,353.101,0,4,ps
1778167246.2362394,3,359,0.81914,83.36,348.444,375.771,0,4,ps
1778167246.6280558,3,360,1.433442,85.52,337.663,365.425,0,4,ps
1778167247.02637,3,361,0.723685,84.97,348.433,367.7,0,4,ps
1778167247.428075,3,362,1.021042,84.71,352.637,370.507,0,4,ps
1778167247.826077,3,363,0.576346,82.29,352.882,380.029,0,4,ps
1778167248.246528,3,364,1.063226,81.52,364.77,384.943,0,4,ps
1778167248.6570883,3,365,0.790368,80.71,344.05,387.439,0,4,ps
1778167249.0544767,3,366,0.631013,84.07,347.658,372.035,0,4,ps
1778167249.457382,3,367,0.809686,85.2,338.871,366.852,0,4,ps
1778167249.8541427,3,368,0.795035,85.01,343.776,367.338,0,4,ps
1778167250.2767565,3,369,0.767355,79.0,377.368,395.984,0,4,ps
1778167250.681087,3,370,0.838147,82.62,355.099,378.601,0,4,ps
1778167251.0793629,3,371,0.537933,84.76,342.337,369.367,0,4,ps
1778167251.4769304,3,372,0.615301,86.22,346.861,362.271,0,4,ps
1778167251.9054723,3,373,0.994433,77.72,370.632,403.128,0,4,ps
1778167252.294438,3,374,0.75222,85.88,344.521,365.321,0,4,ps
1778167252.6913362,3,375,0.629867,82.56,353.271,379.167,0,4,ps
1778167253.1480203,3,376,1.072238,71.67,410.833,439.309,0,4,ps
1778167253.5450287,3,377,1.052923,82.91,349.765,377.782,0,4,ps
1778167253.9376717,3,378,0.553425,85.15,342.182,368.357,0,4,ps
1778167254.3426747,3,379,0.713105,82.28,354.935,380.028,0,4,ps
1778167254.7413397,3,380,0.546775,84.29,347.303,370.752,0,4,ps
1778167255.1582258,3,381,0.45312,79.91,359.807,391.61,0,4,ps
1778167255.5704825,3,382,0.727894,81.49,359.212,383.881,0,4,ps
1778167255.969165,3,383,1.020702,84.35,349.637,370.213,0,4,ps
1778167256.3748171,3,384,1.046893,83.16,355.743,376.764,0,4,ps
1778167256.7816482,3,385,0.795137,83.38,350.768,374.821,0,4,ps
1778167257.1786792,3,386,0.697022,82.54,359.34,378.959,0,4,ps
1778167257.5767758,3,387,0.677603,85.34,340.016,365.89,0,4,ps
1778167257.9698532,3,388,0.746291,83.51,339.222,374.358,0,4,ps
1778167258.3686237,3,389,0.564766,82.7,347.357,378.12,0,4,ps
1778167258.7576938,3,390,0.732764,53.72,338.385,363.6,0,4,ps
1778167262.1340513,4,0,0.873107,85.03,334.951,368.597,0,4,ps
1778167262.5208738,4,1,0.793526,84.96,349.57,368.444,0,4,ps
1778167262.9313836,4,2,0.989578,82.13,363.867,382.996,0,4,ps
1778167263.3623912,4,3,0.751667,76.07,385.885,412.115,0,4,ps
1778167263.754324,4,4,0.689573,86.87,339.976,359.953,0,4,ps
1778167264.1487439,4,5,0.640918,85.34,342.833,366.0,0,4,ps
1778167264.5428262,4,6,0.631641,85.08,349.45,367.007,0,4,ps
1778167264.9333591,4,7,0.90074,86.12,346.644,363.62,0,4,ps
1778167265.3421395,4,8,0.884723,82.56,347.298,379.947,0,4,ps
1778167265.7561855,4,9,0.621967,81.98,358.686,382.694,0,4,ps
1778167266.1642864,4,10,0.837656,82.8,359.551,378.801,0,4,ps
1778167266.6256192,4,11,1.001867,70.92,420.949,442.259,0,4,ps
1778167267.0481179,4,12,0.825565,77.55,372.196,404.368,0,4,ps
1778167267.4777946,4,13,0.526915,78.91,375.704,396.91,0,4,ps
1778167267.9089448,4,14,0.877026,79.71,374.433,392.971,0,4,ps
1778167268.3244247,4,15,0.739903,82.45,353.775,379.293,0,4,ps
1778167268.722243,4,16,0.752197,84.68,347.686,368.868,0,4,ps
1778167269.1190088,4,17,0.922534,88.22,334.86,353.902,0,4,ps
1778167269.5575855,4,18,0.964925,80.56,371.155,389.433,0,4,ps
1778167269.9788532,4,19,0.401502,78.19,361.116,400.678,0,4,ps
1778167270.368448,4,20,0.596428,87.68,332.883,357.273,0,4,ps
1778167270.7818375,4,21,0.668867,82.16,361.647,380.744,0,4,ps
1778167271.1817324,4,22,0.858043,86.62,340.326,360.797,0,4,ps
1778167271.577766,4,23,0.87099,86.6,327.686,360.546,0,4,ps
1778167271.9897377,4,24,1.277542,81.31,362.641,384.692,0,4,ps
1778167272.3966165,4,25,0.912089,84.46,349.841,369.974,0,4,ps
1778167272.793056,4,26,0.838675,86.76,338.6,360.136,0,4,ps
1778167273.2680724,4,27,0.64647,70.82,421.477,442.967,0,4,ps
1778167273.6726625,4,28,1.165055,84.12,346.883,373.169,0,4,ps
1778167274.068898,4,29,1.035947,82.74,357.724,379.085,0,4,ps
1778167274.474538,4,30,0.926366,83.7,346.527,375.166,0,4,ps
1778167274.8697972,4,31,0.536867,83.18,344.928,375.943,0,4,ps
1778167275.2831302,4,32,0.639658,81.87,364.581,381.996,0,4,ps
1778167275.6802783,4,33,1.074199,86.15,327.243,362.69,0,4,ps
1778167276.0952384,4,34,0.883746,81.01,366.264,387.461,0,4,ps
1778167276.5019715,4,35,0.901808,82.1,355.948,382.568,0,4,ps
1778167276.9195983,4,36,1.288332,80.12,366.644,390.479,0,4,ps
1778167277.3244112,4,37,0.426681,82.42,357.443,379.347,0,4,ps
1778167277.7360194,4,38,0.7155,82.39,359.362,380.716,0,4,ps
1778167278.1680403,4,39,0.700834,79.27,374.313,394.673,0,4,ps
1778167278.590161,4,40,0.798428,81.7,363.971,384.017,0,4,ps
1778167279.0236819,4,41,0.906323,77.07,373.136,407.541,0,4,ps
1778167279.4172666,4,42,0.547584,89.55,329.101,348.472,0,4,ps
1778167279.8176677,4,43,1.11959,84.46,350.333,370.711,0,4,ps
1778167280.239799,4,44,0.7385,80.13,358.77,391.1,0,4,ps
1778167280.6313813,4,45,0.81979,83.82,351.359,374.358,0,4,ps
1778167281.0224097,4,46,0.907646,84.61,347.584,370.839,0,4,ps
1778167281.4332108,4,47,1.077556,85.1,342.987,368.306,0,4,ps
1778167281.8348322,4,48,0.554622,81.56,352.13,383.533,0,4,ps
1778167282.2379427,4,49,0.700765,84.2,353.279,371.044,0,4,ps
1778167282.6393495,4,50,0.717869,85.94,347.709,365.015,0,4,ps
1778167283.0644083,4,51,0.67216,78.4,380.041,399.471,0,4,ps
1778167283.4961724,4,52,0.945024,81.65,355.389,383.567,0,4,ps
1778167283.8876805,4,53,0.954258,85.23,347.055,367.322,0,4,ps
1778167284.2864566,4,54,1.047507,85.39,349.6,367.038,0,4,ps
1778167284.6817183,4,55,0.847026,84.74,342.726,368.773,0,4,ps
1778167285.0728998,4,56,0.553001,84.95,351.19,368.956,0,4,ps
1778167285.475345,4,57,0.718369,81.76,347.734,384.28,0,4,ps
1778167285.8749776,4,58,0.639352,85.39,336.608,365.689,0,4,ps
1778167286.2841616,4,59,0.745115,81.69,356.274,382.9,0,4,ps
1778167286.689663,4,60,0.331562,83.91,338.9,372.687,0,4,ps
1778167287.0868547,4,61,0.622232,86.05,338.815,364.095,0,4,ps
1778167287.4983544,4,62,0.684586,82.89,353.353,377.461,0,4,ps
1778167287.9401011,4,63,1.01028,76.96,390.186,406.926,0,4,ps
1778167288.3353992,4,64,0.731767,84.39,342.541,370.292,0,4,ps
1778167288.737005,4,65,0.725952,83.15,352.524,375.987,0,4,ps
1778167289.1416264,4,66,0.573951,82.85,350.657,377.526,0,4,ps
1778167289.539905,4,67,1.202191,83.41,355.937,374.835,0,4,ps
1778167289.9280753,4,68,0.462877,87.01,338.999,359.089,0,4,ps
1778167290.3392882,4,69,0.528968,81.02,366.651,386.146,0,4,ps
1778167290.7875888,4,70,0.819909,74.22,387.507,422.446,0,4,ps
1778167291.2196343,4,71,0.686234,78.59,367.165,399.148,0,4,ps
1778167291.6606274,4,72,1.072961,76.12,383.675,411.569,0,4,ps
1778167292.0799623,4,73,0.547346,80.97,342.012,386.519,0,4,ps
1778167292.5212429,4,74,0.543949,76.73,385.541,408.168,0,4,ps
1778167292.954917,4,75,0.751188,77.17,380.211,407.48,0,4,ps
1778167293.4029398,4,76,0.793545,73.2,395.864,429.727,0,4,ps
1778167293.8316424,4,77,0.660375,79.34,370.143,396.121,0,4,ps
1778167294.2377412,4,78,0.534962,80.88,367.654,386.788,0,4,ps
1778167294.6538,4,79,0.828495,80.38,368.115,389.126,0,4,ps
1778167295.0592802,4,80,0.786086,85.32,348.474,366.886,0,4,ps
1778167295.4680512,4,81,0.626055,82.51,356.392,379.207,0,4,ps
1778167295.8852375,4,82,0.547343,80.59,366.785,388.17,0,4,ps
1778167296.293201,4,83,0.948429,81.42,361.772,384.257,0,4,ps
1778167296.7253444,4,84,1.285473,78.23,382.148,400.624,0,4,ps
1778167297.1471727,4,85,0.782988,80.93,360.8,386.907,0,4,ps
1778167297.5650296,4,86,0.6615,83.7,345.82,373.438,0,4,ps
1778167297.9860168,4,87,0.63192,80.08,368.206,390.354,0,4,ps
1778167298.4116733,4,88,0.827367,79.78,365.939,392.131,0,4,ps
1778167298.8263326,4,89,0.933291,82.9,358.188,377.351,0,4,ps
1778167299.2475474,4,90,0.749596,81.39,366.088,384.371,0,4,ps
1778167299.6606612,4,91,0.640478,82.03,359.236,382.375,0,4,ps
1778167300.0782099,4,92,0.8239,78.64,367.758,397.141,0,4,ps
1778167300.5008276,4,93,0.882886,81.14,361.3,385.728,0,4,ps
1778167300.905893,4,94,0.632682,81.75,359.565,382.556,0,4,ps
1778167301.3618717,4,95,0.49815,73.52,403.128,426.617,0,4,ps
1778167301.8085985,4,96,0.869633,75.81,384.197,414.405,0,4,ps
1778167302.2287226,4,97,0.667421,83.72,350.316,374.147,0,4,ps
1778167302.6890314,4,98,0.778311,72.31,400.254,433.884,0,4,ps
1778167303.1536598,4,99,0.896148,72.21,406.547,434.619,0,4,ps
1778167303.5830612,4,100,0.830206,80.72,355.022,387.633,0,4,ps
1778167304.0244231,4,101,1.097485,75.83,380.075,413.189,0,4,ps
1778167304.428137,4,102,0.432894,83.0,343.138,377.814,0,4,ps
1778167304.8434892,4,103,0.682196,80.58,362.909,388.555,0,4,ps
1778167305.279804,4,104,0.739194,77.39,378.062,404.6,0,4,ps
1778167305.6895373,4,105,0.804788,80.21,361.573,390.093,0,4,ps
1778167306.1149805,4,106,0.435762,79.09,370.092,395.991,0,4,ps
1778167306.5205286,4,107,0.968525,83.2,357.645,375.719,0,4,ps
1778167306.920587,4,108,0.708628,86.31,346.306,361.822,0,4,ps
1778167307.3612134,4,109,0.627198,74.97,359.575,417.854,0,4,ps
1778167307.7785244,4,110,0.57857,80.8,367.744,387.285,0,4,ps
1778167308.1893582,4,111,0.495248,81.88,357.094,383.409,0,4,ps
1778167308.6215096,4,112,0.591666,77.14,371.852,406.308,0,4,ps
1778167309.026465,4,113,0.743014,83.35,351.474,376.664,0,4,ps
1778167309.4446123,4,114,0.696522,78.42,378.142,399.372,0,4,ps
1778167309.8610198,4,115,0.740685,81.08,363.187,386.509,0,4,ps
1778167310.2622967,4,116,0.404817,83.36,353.621,375.028,0,4,ps
1778167310.6768198,4,117,0.705338,79.02,370.268,396.261,0,4,ps
1778167311.079597,4,118,1.024255,83.95,345.874,372.19,0,4,ps
1778167311.489046,4,119,0.817358,82.43,355.87,379.309,0,4,ps
1778167311.9095285,4,120,0.570231,80.04,371.037,392.062,0,4,ps
1778167312.3700168,4,121,0.849639,74.2,380.708,422.362,0,4,ps
1778167312.8004591,4,122,0.6057,78.11,372.442,401.521,0,4,ps
1778167313.290814,4,123,0.759467,66.78,449.781,470.208,0,4,ps
1778167313.7184534,4,124,0.590255,80.07,362.646,391.958,0,4,ps
1778167314.1612384,4,125,0.578894,77.89,382.587,402.171,0,4,ps
1778167314.5698667,4,126,0.98365,80.92,357.011,386.476,0,4,ps
1778167314.985638,4,127,0.765609,80.17,363.438,390.602,0,4,ps
1778167315.434889,4,128,0.615475,74.69,383.698,419.465,0,4,ps
1778167315.838396,4,129,0.75893,84.24,345.818,371.174,0,4,ps
1778167316.2669945,4,130,0.936051,78.31,380.522,401.45,0,4,ps
1778167316.6750886,4,131,0.406448,80.56,345.432,388.461,0,4,ps
1778167317.07747,4,132,0.671389,81.55,357.78,383.723,0,4,ps
1778167317.5280044,4,133,0.800037,78.04,383.919,401.297,0,4,ps
1778167317.9450963,4,134,0.479839,82.74,350.349,378.51,0,4,ps
1778167318.390303,4,135,0.503844,74.82,390.618,418.945,0,4,ps
1778167318.8801541,4,136,0.834531,67.59,442.142,465.033,0,4,ps
1778167319.3676088,4,137,0.512538,67.53,428.898,465.942,0,4,ps
1778167319.8272362,4,138,0.520473,74.65,389.235,420.995,0,4,ps
1778167320.2747912,4,139,0.500134,74.73,389.957,420.178,0,4,ps
1778167320.6948905,4,140,0.767706,80.6,364.75,388.426,0,4,ps
1778167321.107209,4,141,1.109121,80.65,345.919,387.939,0,4,ps
1778167321.5060308,4,142,0.911013,83.4,341.77,376.052,0,4,ps
1778167321.9206913,4,143,0.533788,81.23,357.135,385.187,0,4,ps
1778167322.3286486,4,144,0.685141,81.98,360.537,381.536,0,4,ps
1778167322.778398,4,145,0.555728,74.11,403.577,422.967,0,4,ps
1778167323.3648052,4,146,0.801662,56.93,521.978,553.782,0,4,ps
1778167323.8161592,4,147,0.782016,75.19,388.277,417.101,0,4,ps
1778167324.257603,4,148,0.465105,75.65,393.482,415.758,0,4,ps
1778167324.7034578,4,149,0.648228,73.61,403.556,425.993,0,4,ps
1778167325.1135967,4,150,0.64974,81.8,351.695,382.519,0,4,ps
1778167325.5400941,4,151,0.50826,80.47,361.287,388.917,0,4,ps
1778167325.936291,4,152,1.033382,86.53,341.229,361.039,0,4,ps
1778167326.3341985,4,153,0.483994,84.3,351.451,372.3,0,4,ps
1778167326.7459908,4,154,0.829489,79.65,373.629,393.106,0,4,ps
1778167327.141698,4,155,1.063122,84.11,350.693,372.823,0,4,ps
1778167327.5480616,4,156,1.045074,81.86,363.038,382.17,0,4,ps
1778167327.9801624,4,157,0.749614,77.88,374.0,403.15,0,4,ps
1778167328.3835025,4,158,0.683187,82.16,350.24,381.022,0,4,ps
1778167328.8135986,4,159,0.883631,79.11,368.935,396.372,0,4,ps
1778167329.2253308,4,160,0.664294,79.62,356.293,393.107,0,4,ps
1778167329.6299264,4,161,1.042669,81.0,359.922,386.276,0,4,ps
1778167330.0490508,4,162,0.815586,80.02,367.009,392.655,0,4,ps
1778167330.4582603,4,163,0.615488,83.08,348.235,377.604,0,4,ps
1778167330.8647373,4,164,0.560393,85.2,348.703,366.689,0,4,ps
1778167331.276621,4,165,0.717132,81.74,347.5,384.383,0,4,ps
1778167331.6881685,4,166,0.596981,79.98,359.562,391.277,0,4,ps
1778167332.0939715,4,167,0.75801,82.29,358.91,379.997,0,4,ps
1778167332.5046566,4,168,0.575199,82.6,361.126,380.185,0,4,ps
1778167332.9048548,4,169,1.03245,81.94,363.839,381.706,0,4,ps
1778167333.402583,4,170,0.756784,67.6,442.947,464.585,0,4,ps
1778167333.8581617,4,171,0.48296,74.55,401.171,420.183,0,4,ps
1778167334.2905285,4,172,1.034365,77.4,376.245,404.43,0,4,ps
1778167334.710155,4,173,0.620324,82.51,357.154,378.802,0,4,ps
1778167335.111895,4,174,0.49037,83.7,350.75,374.104,0,4,ps
1778167335.5249095,4,175,0.622021,79.34,366.033,394.396,0,4,ps
1778167335.9257143,4,176,0.62499,87.26,338.52,357.809,0,4,ps
1778167336.3281765,4,177,0.561699,81.83,362.262,382.097,0,4,ps
1778167336.7409282,4,178,0.880093,81.66,359.608,383.03,0,4,ps
1778167337.1452584,4,179,0.7428,84.18,347.779,371.348,0,4,ps
1778167337.5478652,4,180,0.795114,83.59,354.3,373.791,0,4,ps
1778167337.9541068,4,181,0.466643,85.8,346.165,364.703,0,4,ps
1778167338.386263,4,182,0.981488,78.22,378.133,400.23,0,4,ps
1778167338.7926059,4,183,0.754416,81.76,356.967,384.294,0,4,ps
1778167339.252349,4,184,0.50466,71.9,394.784,436.585,0,4,ps
1778167339.6565645,4,185,0.626008,83.14,352.618,376.147,0,4,ps
1778167340.073986,4,186,0.597889,80.71,363.743,387.552,0,4,ps
1778167340.4909363,4,187,1.094909,80.47,357.029,388.76,0,4,ps
1778167340.8937552,4,188,0.810924,85.87,345.117,364.07,0,4,ps
1778167341.3053813,4,189,0.736776,83.27,351.578,376.085,0,4,ps
1778167341.739553,4,190,0.76734,76.48,374.168,410.176,0,4,ps
1778167342.1556823,4,191,0.951933,82.79,357.788,378.217,0,4,ps
1778167342.5905557,4,192,0.643544,77.2,385.78,405.57,0,4,ps
1778167343.0100853,4,193,0.837788,81.51,353.211,384.215,0,4,ps
1778167343.4980853,4,194,0.737873,70.58,414.696,445.185,0,4,ps
1778167343.936542,4,195,0.77401,75.51,385.307,414.736,0,4,ps
1778167344.362765,4,196,0.823971,78.1,377.103,402.067,0,4,ps
1778167344.8606699,4,197,0.822304,66.15,439.887,474.641,0,4,ps
1778167345.3336895,4,198,0.601667,72.08,398.96,437.056,0,4,ps
1778167345.737467,4,199,0.946237,82.39,349.603,379.393,0,4,ps
1778167346.153363,4,200,0.678679,82.43,356.573,379.251,0,4,ps
1778167346.5484781,4,201,0.586311,85.24,331.334,366.601,0,4,ps
1778167346.9544742,4,202,0.634782,84.8,349.056,368.861,0,4,ps
1778167347.3714685,4,203,0.657638,81.14,336.615,386.112,0,4,ps
1778167347.7780733,4,204,1.084644,80.56,358.938,389.438,0,4,ps
1778167348.2069,4,205,0.622547,76.42,380.556,410.707,0,4,ps
1778167348.6054714,4,206,0.770598,82.43,345.522,381.223,0,4,ps
1778167349.0232804,4,207,0.622649,81.6,354.618,384.922,0,4,ps
1778167349.462348,4,208,0.552813,74.57,395.769,420.313,0,4,ps
1778167349.8660018,4,209,0.887858,84.05,353.531,372.381,0,4,ps
1778167350.2731342,4,210,0.80246,85.12,345.261,366.943,0,4,ps
1778167350.6886797,4,211,0.544563,80.69,361.936,387.637,0,4,ps
1778167351.0881386,4,212,0.891011,83.98,353.083,372.251,0,4,ps
1778167351.4959688,4,213,0.937186,81.87,351.771,382.135,0,4,ps
1778167351.9020371,4,214,0.560342,83.16,341.558,377.558,0,4,ps
1778167352.306967,4,215,0.659918,81.09,356.12,385.603,0,4,ps
1778167352.7241304,4,216,0.364772,82.97,345.557,378.126,0,4,ps
1778167353.1818209,4,217,0.762281,73.5,390.451,427.614,0,4,ps
1778167353.6284559,4,218,0.779289,76.36,368.27,410.262,0,4,ps
1778167354.0970106,4,219,0.788736,72.13,410.113,435.71,0,4,ps
1778167354.515699,4,220,0.701947,81.13,364.042,386.21,0,4,ps
1778167354.915824,4,221,0.421279,84.51,347.125,371.4,0,4,ps
1778167355.3612878,4,222,0.624415,73.48,401.778,426.903,0,4,ps
1778167355.7738557,4,223,0.754243,82.31,357.916,380.013,0,4,ps
1778167356.1942248,4,224,0.476941,79.82,372.294,392.071,0,4,ps
1778167356.592449,4,225,0.713931,85.26,342.04,367.082,0,4,ps
1778167356.9958143,4,226,0.838748,82.39,360.654,379.559,0,4,ps
1778167357.429166,4,227,0.838819,78.09,383.061,401.125,0,4,ps
1778167357.8229103,4,228,0.580524,87.08,338.612,358.63,0,4,ps
1778167358.222058,4,229,0.542858,85.4,343.33,365.521,0,4,ps
1778167358.6532228,4,230,0.738635,77.34,379.183,405.617,0,4,ps
1778167359.1029427,4,231,0.839303,72.93,409.178,430.912,0,4,ps
1778167359.519761,4,232,0.529788,82.4,354.567,379.685,0,4,ps
1778167359.9333694,4,233,0.775568,82.91,360.193,378.035,0,4,ps
1778167360.3456392,4,234,1.198777,82.43,361.868,379.55,0,4,ps
1778167360.7581048,4,235,0.909413,80.26,360.529,389.898,0,4,ps
1778167361.155992,4,236,1.112283,85.87,337.827,363.878,0,4,ps
1778167361.5553815,4,237,0.769484,84.25,347.068,370.965,0,4,ps
1778167361.9740038,4,238,0.845148,79.46,375.288,393.871,0,4,ps
1778167362.372503,4,239,0.512868,83.95,349.112,372.33,0,4,ps
1778167362.7716055,4,240,0.665692,84.14,353.033,373.101,0,4,ps
1778167363.2296517,4,241,0.656095,75.8,392.404,413.387,0,4,ps
1778167363.6380153,4,242,0.98341,81.42,347.908,384.196,0,4,ps
1778167364.0405512,4,243,0.347904,83.93,350.841,372.345,0,4,ps
1778167364.4823964,4,244,0.278648,76.37,385.871,409.913,0,4,ps
1778167364.9026055,4,245,0.869804,80.15,368.045,391.95,0,4,ps
1778167365.3416548,4,246,0.652679,75.78,385.609,413.659,0,4,ps
1778167365.747382,4,247,0.547358,82.49,346.156,378.99,0,4,ps
1778167366.1665277,4,248,0.81333,80.99,361.624,387.305,0,4,ps
1778167366.6189702,4,249,1.028035,72.61,364.105,431.875,0,4,ps
1778167367.0178568,4,250,0.662966,84.82,349.298,369.101,0,4,ps
1778167367.4276981,4,251,0.952813,80.19,367.262,389.959,0,4,ps
1778167367.840616,4,252,0.610834,82.22,355.472,380.337,0,4,ps
1778167368.2365417,4,253,1.053041,86.68,342.405,360.579,0,4,ps
1778167368.6513808,4,254,0.698456,81.62,364.057,383.205,0,4,ps
1778167369.049291,4,255,0.739933,85.59,338.717,364.987,0,4,ps
1778167369.4598167,4,256,0.661593,81.55,356.596,384.026,0,4,ps
1778167369.879627,4,257,0.66841,80.36,363.326,389.357,0,4,ps
1778167370.2803357,4,258,0.55183,86.05,340.346,363.746,0,4,ps
1778167370.6862032,4,259,0.54117,84.74,340.629,370.067,0,4,ps
1778167371.1092587,4,260,0.789126,79.48,365.805,393.719,0,4,ps
1778167371.5069027,4,261,0.528655,83.44,353.679,374.894,0,4,ps
1778167371.9145725,4,262,0.928944,84.47,348.933,369.994,0,4,ps
1778167372.3177695,4,263,0.713411,83.68,347.963,374.25,0,4,ps
1778167372.7158916,4,264,0.633144,84.98,346.712,369.32,0,4,ps
1778167373.1495087,4,265,0.78249,75.51,397.491,416.216,0,4,ps
1778167373.566509,4,266,0.898601,81.09,335.279,385.706,0,4,ps
1778167373.9533904,4,267,0.62194,86.55,338.16,360.788,0,4,ps
1778167374.3843617,4,268,0.760965,78.35,374.172,399.487,0,4,ps
1778167374.8224416,4,269,0.640596,76.34,381.26,410.374,0,4,ps
1778167375.2503374,4,270,0.695954,81.87,365.497,382.948,0,4,ps
1778167375.6727552,4,271,0.701936,80.58,350.436,389.337,0,4,ps
1778167376.0799143,4,272,0.751561,80.46,358.227,389.086,0,4,ps
1778167376.532254,4,273,0.935083,73.92,401.257,424.02,0,4,ps
1778167376.9905953,4,274,0.635604,72.87,396.268,430.404,0,4,ps
1778167377.4275022,4,275,0.516578,79.32,370.758,394.425,0,4,ps
1778167377.8607392,4,276,0.536934,78.16,378.619,400.354,0,4,ps
1778167378.2741342,4,277,1.15567,79.44,367.096,395.101,0,4,ps
1778167378.6818252,4,278,0.737443,80.57,341.538,388.484,0,4,ps
1778167379.0949564,4,279,0.807424,80.07,367.824,392.026,0,4,ps
1778167379.4876676,4,280,0.57065,86.89,339.79,361.043,0,4,ps
1778167379.9151735,4,281,1.405908,78.51,369.039,399.536,0,4,ps
1778167380.3310695,4,282,0.993444,82.55,354.59,379.439,0,4,ps
1778167380.736248,4,283,0.515536,82.27,357.825,380.153,0,4,ps
1778167381.1652076,4,284,0.810646,77.31,380.038,405.161,0,4,ps
1778167381.599175,4,285,0.59768,77.69,370.198,403.667,0,4,ps
1778167382.011699,4,286,1.114219,81.56,356.482,384.729,0,4,ps
1778167382.4213889,4,287,0.587827,80.98,365.541,386.223,0,4,ps
1778167382.8192654,4,288,0.542534,84.18,352.505,371.149,0,4,ps
1778167383.2851477,4,289,0.511777,71.71,413.258,437.853,0,4,ps
1778167383.7061365,4,290,0.545252,80.25,353.406,389.72,0,4,ps
1778167384.106662,4,291,0.781317,85.27,344.402,366.045,0,4,ps
1778167384.5574985,4,292,0.80313,74.84,397.972,418.787,0,4,ps
1778167385.0154004,4,293,0.834818,73.57,392.502,427.094,0,4,ps
1778167385.4959967,4,294,0.7636,68.49,412.266,458.646,0,4,ps
1778167385.9589832,4,295,0.626624,70.75,423.434,444.795,0,4,ps
1778167386.383882,4,296,0.589214,78.34,373.363,399.659,0,4,ps
1778167386.8357105,4,297,0.814289,76.15,383.129,412.046,0,4,ps
1778167387.2697542,4,298,0.727979,76.16,376.745,412.961,0,4,ps
1778167387.7207348,4,299,0.787408,76.24,390.351,411.068,0,4,ps
1778167388.2157176,4,300,0.526313,66.26,438.812,473.985,0,4,ps
1778167388.6535625,4,301,0.899263,77.86,358.937,402.087,0,4,ps
1778167389.0855021,4,302,0.988574,77.67,380.468,403.611,0,4,ps
1778167389.524283,4,303,0.852198,78.72,367.792,399.244,0,4,ps
1778167389.9188983,4,304,0.748412,83.53,354.87,374.853,0,4,ps
1778167390.3480883,4,305,0.471122,78.75,375.977,397.557,0,4,ps
1778167390.7497728,4,306,0.356881,84.15,343.695,371.614,0,4,ps
1778167391.146368,4,307,0.924259,85.19,345.266,366.859,0,4,ps
1778167391.583239,4,308,0.663247,74.92,390.862,418.214,0,4,ps
1778167391.9834275,4,309,0.812622,82.9,349.704,377.065,0,4,ps
1778167392.3866384,4,310,0.566509,83.95,352.542,372.374,0,4,ps
1778167392.7913594,4,311,0.610284,82.91,354.999,377.182,0,4,ps
1778167393.2252703,4,312,0.71723,76.96,383.087,407.196,0,4,ps
1778167393.6409414,4,313,0.657716,83.67,353.63,374.677,0,4,ps
1778167394.0364246,4,314,0.7311,84.61,329.618,369.494,0,4,ps
1778167394.4390912,4,315,0.687145,82.97,350.358,377.387,0,4,ps
1778167394.837926,4,316,0.640137,82.55,352.829,378.715,0,4,ps
1778167395.2614717,4,317,0.527351,79.98,368.261,391.168,0,4,ps
1778167395.685856,4,318,0.496869,79.92,361.891,391.792,0,4,ps
1778167396.103001,4,319,0.729959,79.68,367.803,392.806,0,4,ps
1778167396.50578,4,320,1.081358,83.2,351.973,375.736,0,4,ps
1778167396.9174151,4,321,0.799705,81.68,355.092,383.951,0,4,ps
1778167397.3276324,4,322,0.601291,82.86,349.699,377.748,0,4,ps
1778167397.7310345,4,323,1.001787,83.86,353.708,372.515,0,4,ps
1778167398.1662273,4,324,0.708062,76.79,388.219,407.642,0,4,ps
1778167398.5856786,4,325,0.494958,80.77,362.187,387.393,0,4,ps
1778167398.9812608,4,326,0.890375,84.29,333.988,370.724,0,4,ps
1778167399.3920612,4,327,0.525357,82.33,359.324,380.031,0,4,ps
1778167399.7847657,4,328,0.54573,87.5,338.89,356.907,0,4,ps
1778167400.1784527,4,329,1.022737,84.85,337.528,368.328,0,4,ps
1778167400.5982082,4,330,0.75817,81.48,367.427,383.731,0,4,ps
1778167400.9968684,4,331,0.774369,88.33,330.642,353.451,0,4,ps
1778167401.405844,4,332,0.507763,83.24,351.17,376.796,0,4,ps
1778167401.8176134,4,333,0.908493,82.45,355.843,379.222,0,4,ps
1778167402.2203925,4,334,0.650896,82.68,350.009,378.392,0,4,ps
1778167402.615091,4,335,0.582265,83.84,353.277,372.73,0,4,ps
1778167403.0306678,4,336,0.549422,83.07,356.708,376.414,0,4,ps
1778167403.4632075,4,337,0.537591,78.91,370.627,396.43,0,4,ps
1778167403.864772,4,338,0.89473,84.35,348.687,370.616,0,4,ps
1778167404.272668,4,339,0.598738,83.5,348.507,374.385,0,4,ps
1778167404.6661177,4,340,1.148365,85.85,340.472,363.631,0,4,ps
1778167405.075596,4,341,0.795744,82.86,350.673,378.33,0,4,ps
1778167405.483616,4,342,0.69794,82.02,340.469,382.108,0,4,ps
1778167405.8991427,4,343,0.803862,82.97,360.716,377.777,0,4,ps
1778167406.315325,4,344,0.614623,81.26,364.599,385.518,0,4,ps
1778167406.7243602,4,345,0.904316,81.85,360.145,381.833,0,4,ps
1778167407.1566343,4,346,0.721022,76.32,388.176,411.347,0,4,ps
1778167407.5671906,4,347,0.628933,79.96,365.755,391.29,0,4,ps
1778167407.9644513,4,348,0.721348,84.17,352.995,371.122,0,4,ps
1778167408.3734016,4,349,0.668281,81.62,356.543,383.474,0,4,ps
1778167408.8042276,4,350,0.560743,80.79,368.153,388.348,0,4,ps
1778167409.2230792,4,351,0.632033,81.34,358.086,384.629,0,4,ps
1778167409.634261,4,352,0.471618,81.61,360.502,383.767,0,4,ps
1778167410.0362492,4,353,0.520869,83.6,349.401,373.982,0,4,ps
1778167410.4296396,4,354,0.587471,86.91,338.999,359.146,0,4,ps
1778167410.8390582,4,355,0.725138,82.15,351.702,380.504,0,4,ps
1778167411.255413,4,356,0.495806,81.16,367.48,385.723,0,4,ps
1778167411.6630957,4,357,0.984247,82.99,356.609,377.524,0,4,ps
1778167412.0750563,4,358,0.415116,79.74,358.037,392.553,0,4,ps
1778167412.4721897,4,359,0.770034,86.34,344.042,363.733,0,4,ps
1778167412.8898861,4,360,0.467863,81.14,367.152,385.472,0,4,ps
1778167413.3737352,4,361,0.435392,70.15,427.391,448.869,0,4,ps
1778167413.7805686,4,362,0.61169,83.53,351.5,375.183,0,4,ps
1778167414.1976779,4,363,0.720856,80.76,362.832,388.12,0,4,ps
1778167414.5961292,4,364,0.931896,85.41,343.456,367.405,0,4,ps
1778167414.996798,4,365,0.488475,81.98,359.12,381.321,0,4,ps
1778167415.428539,4,366,0.615931,77.2,371.631,405.666,0,4,ps
1778167415.8218536,4,367,0.406256,85.0,342.727,368.294,0,4,ps
1778167416.251442,4,368,0.423809,79.07,377.835,396.078,0,4,ps
1778167416.6545167,4,369,0.501007,85.79,345.081,364.141,0,4,ps
1778167417.0691469,4,370,0.70637,83.18,348.934,375.977,0,4,ps
1778167417.4772148,4,371,0.513661,81.41,365.286,385.571,0,4,ps
1778167417.8587716,4,372,0.91018,89.31,327.262,349.473,0,4,ps
1778167418.2393005,4,373,0.456287,86.15,330.577,362.445,0,4,ps
1778167418.6421752,4,374,0.701513,85.2,350.229,366.915,0,4,ps
1778167419.028373,4,375,0.728379,86.9,336.45,359.126,0,4,ps
1778167419.4470766,4,376,0.691075,79.41,371.501,394.056,0,4,ps
1778167419.8746738,4,377,1.037426,80.4,371.573,389.219,0,4,ps
1778167420.2690244,4,378,0.508322,86.64,342.295,360.685,0,4,ps
1778167420.6574316,4,379,0.488017,87.62,338.343,357.244,0,4,ps
1778167421.0527928,4,380,0.927914,82.94,355.853,376.904,0,4,ps
1778167421.468418,4,381,0.783003,81.06,368.836,385.822,0,4,ps
1778167421.8754003,4,382,1.034701,82.63,355.267,379.665,0,4,ps
1778167422.2819872,4,383,0.606277,80.78,355.619,388.705,0,4,ps
1778167422.681826,4,384,0.927602,85.66,344.779,365.328,0,4,ps
1778167423.0804923,4,385,0.796707,85.03,346.933,367.482,0,4,ps
1778167423.5309956,4,386,0.645529,75.01,370.11,417.525,0,4,ps
1778167423.9277964,4,387,0.704887,87.05,342.675,358.798,0,4,ps
1778167424.3363388,4,388,1.034824,82.44,359.119,379.24,0,4,ps
1778167424.7320526,4,389,1.061947,86.03,343.484,364.241,0,4,ps
1778167425.0857193,4,390,0.582742,59.95,297.668,325.462,0,4,ps
1778167428.471989,5,0,0.801936,84.24,335.381,371.152,0,4,ps
1778167428.863195,5,1,0.471237,86.28,336.062,361.819,0,4,ps
1778167429.2504961,5,2,0.607131,86.98,325.13,359.079,0,4,ps
1778167429.6524293,5,3,0.586349,85.04,348.372,367.308,0,4,ps
1778167430.064611,5,4,0.569752,82.4,355.369,379.907,0,4,ps
1778167430.4771404,5,5,0.408147,80.59,369.291,388.13,0,4,ps
1778167430.8815804,5,6,0.983088,84.47,351.818,369.911,0,4,ps
1778167431.2762973,5,7,0.539559,85.99,343.373,363.968,0,4,ps
1778167431.6862004,5,8,0.729176,81.2,364.714,385.54,0,4,ps
1778167432.0915952,5,9,0.578329,81.76,356.043,382.716,0,4,ps
1778167432.493876,5,10,0.525555,83.88,353.441,374.43,0,4,ps
1778167432.8985744,5,11,0.648022,81.61,349.933,383.466,0,4,ps
1778167433.3586397,5,12,0.836545,72.37,406.206,433.482,0,4,ps
1778167433.7521465,5,13,0.64104,85.14,350.622,368.128,0,4,ps
1778167434.157803,5,14,0.768395,82.12,353.759,381.242,0,4,ps
1778167434.5720437,5,15,0.762321,81.67,361.544,382.912,0,4,ps
1778167434.9630864,5,16,0.852527,86.29,340.334,362.45,0,4,ps
1778167435.3816772,5,17,0.60995,80.5,362.173,388.48,0,4,ps
1778167435.7788155,5,18,0.853478,85.6,345.8,366.069,0,4,ps
1778167436.1735826,5,19,0.417009,83.08,333.493,376.244,0,4,ps
1778167436.5733912,5,20,0.458343,83.95,348.883,373.982,0,4,ps
1778167436.9848256,5,21,0.922244,79.57,369.915,393.324,0,4,ps
1778167437.374346,5,22,0.706788,87.41,331.588,357.229,0,4,ps
1778167437.8221695,5,23,0.694796,72.96,386.106,429.567,0,4,ps
1778167438.221008,5,24,0.79228,85.85,345.909,364.052,0,4,ps
1778167438.6196558,5,25,0.501793,83.45,351.933,374.589,0,4,ps
1778167439.022877,5,26,0.681894,83.64,346.019,373.831,0,4,ps
1778167439.42276,5,27,0.680529,84.54,350.969,369.587,0,4,ps
1778167439.827285,5,28,0.798062,81.49,366.54,383.895,0,4,ps
1778167440.2339215,5,29,0.842984,82.15,359.6,382.263,0,4,ps
1778167440.6446602,5,30,0.591088,81.52,363.185,383.716,0,4,ps
1778167441.0738325,5,31,0.829088,76.35,382.969,410.344,0,4,ps
1778167441.4666603,5,32,0.513458,87.32,339.537,357.851,0,4,ps
1778167441.8553486,5,33,0.734985,86.28,345.753,362.678,0,4,ps
1778167442.2752619,5,34,0.644949,78.51,362.057,399.358,0,4,ps
1778167442.699825,5,35,0.382494,79.66,375.157,392.962,0,4,ps
1778167443.0882921,5,36,0.304709,87.88,333.752,355.558,0,4,ps
1778167443.5345032,5,37,0.815175,74.4,372.018,421.375,0,4,ps
1778167443.923867,5,38,0.552283,87.96,338.78,354.603,0,4,ps
1778167444.318974,5,39,0.848939,85.37,345.601,366.096,0,4,ps
1778167444.7092202,5,40,1.019904,86.71,333.89,360.116,0,4,ps
1778167445.096247,5,41,0.526051,85.99,336.681,363.196,0,4,ps
1778167445.496037,5,42,0.621646,84.23,352.449,371.045,0,4,ps
1778167445.8887372,5,43,0.469103,87.05,331.198,358.552,0,4,ps
1778167446.2708619,5,44,0.549952,90.27,331.647,345.486,0,4,ps
1778167446.6687026,5,45,0.630069,84.08,352.341,372.587,0,4,ps
1778167447.063345,5,46,0.732559,87.76,337.595,355.682,0,4,ps
1778167447.467173,5,47,0.491448,84.11,345.548,371.498,0,4,ps
1778167447.8741734,5,48,0.573247,84.32,351.268,370.775,0,4,ps
1778167448.2650843,5,49,0.685395,85.5,342.592,366.483,0,4,ps
1778167448.6450415,5,50,0.632406,86.16,346.047,362.632,0,4,ps
1778167449.0389504,5,51,0.378031,85.24,349.299,367.712,0,4,ps
1778167449.42276,5,52,0.624125,89.89,327.492,347.241,0,4,ps
1778167449.8005157,5,53,0.499299,90.51,328.027,346.299,0,4,ps
1778167450.1969497,5,54,0.68581,82.66,356.931,378.251,0,4,ps
1778167450.5849578,5,55,0.678997,88.31,333.494,353.509,0,4,ps
1778167450.9653037,5,56,0.611226,88.69,332.479,351.922,0,4,ps
1778167451.3922496,5,57,0.709451,78.9,376.954,397.396,0,4,ps
1778167451.797192,5,58,0.563604,82.89,351.228,377.156,0,4,ps
1778167452.1846664,5,59,0.944905,87.43,339.317,357.043,0,4,ps
1778167452.5980375,5,60,0.537752,80.97,366.298,387.058,0,4,ps
1778167452.9870253,5,61,0.57784,84.22,352.839,371.107,0,4,ps
1778167453.4556367,5,62,0.811047,72.08,413.482,435.073,0,4,ps
1778167453.8449135,5,63,1.090086,87.52,336.312,356.751,0,4,ps
1778167454.2457714,5,64,0.609651,83.52,353.915,374.279,0,4,ps
1778167454.6354463,5,65,0.690921,87.86,325.428,356.513,0,4,ps
1778167455.028689,5,66,0.566135,83.56,348.02,374.285,0,4,ps
1778167455.4292376,5,67,0.524824,84.58,350.607,369.544,0,4,ps
1778167455.8308241,5,68,0.594925,83.43,354.884,374.748,0,4,ps
1778167456.226729,5,69,0.575705,82.83,346.341,377.651,0,4,ps
1778167456.612602,5,70,0.598491,87.05,337.408,358.587,0,4,ps
1778167457.0156395,5,71,0.922701,83.12,353.282,376.316,0,4,ps
1778167457.4006324,5,72,0.634815,88.47,335.512,353.47,0,4,ps
1778167457.8032584,5,73,0.641757,84.84,348.242,368.373,0,4,ps
1778167458.2185254,5,74,0.630189,81.66,365.709,383.621,0,4,ps
1778167458.6339085,5,75,0.613039,81.78,361.049,382.303,0,4,ps
1778167459.025606,5,76,0.461843,85.34,343.177,367.711,0,4,ps
1778167459.431661,5,77,0.709823,83.16,353.654,376.716,0,4,ps
1778167459.8262732,5,78,0.544097,83.08,347.891,377.917,0,4,ps
1778167460.2192605,5,79,0.517307,83.39,357.615,374.895,0,4,ps
1778167460.6147192,5,80,0.565047,86.03,339.733,363.011,0,4,ps
1778167461.0018172,5,81,0.885404,84.73,352.134,369.511,0,4,ps
1778167461.4045706,5,82,0.831413,82.91,354.933,377.134,0,4,ps
1778167461.7942548,5,83,0.685709,85.24,340.939,367.439,0,4,ps
1778167462.203512,5,84,0.783459,80.19,369.763,390.126,0,4,ps
1778167462.6116357,5,85,0.597423,80.84,361.201,387.085,0,4,ps
1778167463.0103674,5,86,0.613085,85.37,343.588,365.587,0,4,ps
1778167463.4724958,5,87,0.702022,71.78,419.064,437.501,0,4,ps
1778167463.8753607,5,88,0.617321,81.52,344.351,383.399,0,4,ps
1778167464.273273,5,89,0.430911,88.14,339.227,355.97,0,4,ps
1778167464.6688123,5,90,0.746648,86.95,344.009,359.098,0,4,ps
1778167465.059917,5,91,0.735409,86.66,336.664,360.811,0,4,ps
1778167465.4591913,5,92,0.42414,81.98,363.965,381.55,0,4,ps
1778167465.85799,5,93,0.537115,84.41,350.675,370.233,0,4,ps
1778167466.2531698,5,94,0.634062,84.55,345.615,370.301,0,4,ps
1778167466.6390598,5,95,0.336023,84.9,346.041,367.856,0,4,ps
1778167467.0413563,5,96,0.848733,84.31,351.213,370.593,0,4,ps
1778167467.4269762,5,97,0.689024,86.94,317.307,359.593,0,4,ps
1778167467.8335197,5,98,0.773556,82.72,351.081,377.915,0,4,ps
1778167468.2461648,5,99,0.802126,80.92,344.88,387.337,0,4,ps
1778167468.6361563,5,100,0.714623,85.68,334.834,364.652,0,4,ps
1778167469.0336258,5,101,0.580152,84.44,339.189,370.717,0,4,ps
1778167469.4466236,5,102,0.735276,81.67,357.066,382.628,0,4,ps
1778167469.8486896,5,103,0.453245,82.9,355.173,377.091,0,4,ps
1778167470.2547905,5,104,0.46951,82.45,359.942,379.343,0,4,ps
1778167470.672814,5,105,0.671638,81.2,362.695,385.293,0,4,ps
1778167471.0618205,5,106,0.701403,87.49,324.888,356.526,0,4,ps
1778167471.4571068,5,107,0.382281,85.07,350.231,367.802,0,4,ps
1778167471.86081,5,108,0.545021,83.51,350.756,374.382,0,4,ps
1778167472.2594974,5,109,0.462852,84.44,352.398,370.187,0,4,ps
1778167472.6917021,5,110,0.467224,78.23,383.192,400.354,0,4,ps
1778167473.121643,5,111,0.51133,78.16,373.159,401.961,0,4,ps
1778167473.5538018,5,112,0.52299,77.14,383.178,406.481,0,4,ps
1778167473.957748,5,113,0.769653,84.13,351.73,371.25,0,4,ps
1778167474.3552377,5,114,0.740968,84.07,346.419,371.721,0,4,ps
1778167474.748784,5,115,0.481259,87.63,341.599,356.458,0,4,ps
1778167475.1522918,5,116,0.442192,83.85,351.077,372.579,0,4,ps
1778167475.5625582,5,117,0.679558,82.46,362.123,379.44,0,4,ps
1778167475.967419,5,118,0.789173,82.56,359.375,378.685,0,4,ps
1778167476.366824,5,119,0.424484,83.37,347.665,374.942,0,4,ps
1778167476.7778432,5,120,0.735806,82.43,361.703,379.209,0,4,ps
1778167477.184623,5,121,0.476728,81.71,364.664,384.018,0,4,ps
1778167477.597655,5,122,0.738798,79.41,358.038,394.358,0,4,ps
1778167477.9944744,5,123,0.824894,84.13,349.286,371.451,0,4,ps
1778167478.4079192,5,124,0.77322,81.86,363.852,381.943,0,4,ps
1778167478.800058,5,125,0.612399,88.23,332.48,353.879,0,4,ps
1778167479.1911912,5,126,0.416768,87.4,336.738,358.119,0,4,ps
1778167479.6075082,5,127,0.594226,78.73,377.145,397.572,0,4,ps
1778167480.005174,5,128,0.532347,84.04,350.653,371.96,0,4,ps
1778167480.4201362,5,129,0.455746,81.89,357.855,381.923,0,4,ps
1778167480.8212094,5,130,0.77064,84.44,346.728,370.168,0,4,ps
1778167481.1960995,5,131,0.63315,90.78,320.003,344.048,0,4,ps
1778167481.5852876,5,132,0.543665,86.01,339.622,363.039,0,4,ps
1778167481.9740217,5,133,0.504503,85.8,344.488,364.736,0,4,ps
1778167482.3584034,5,134,0.428872,89.1,320.664,351.307,0,4,ps
1778167482.7485223,5,135,0.632365,88.63,337.184,352.459,0,4,ps
1778167483.1538284,5,136,0.522149,84.15,345.38,373.731,0,4,ps
1778167483.5980856,5,137,0.623049,76.02,368.261,412.046,0,4,ps
1778167483.999435,5,138,0.782288,83.7,350.472,373.362,0,4,ps
1778167484.3896992,5,139,0.792859,87.79,337.72,355.935,0,4,ps
1778167484.7780354,5,140,0.363052,87.69,337.491,357.278,0,4,ps
1778167485.1819134,5,141,0.39385,81.01,363.851,386.135,0,4,ps
1778167485.5810816,5,142,0.436975,86.0,347.971,363.288,0,4,ps
1778167485.9661593,5,143,1.017325,88.84,333.91,351.242,0,4,ps
1778167486.3853004,5,144,0.551762,79.16,373.33,396.095,0,4,ps
1778167486.7817998,5,145,0.681754,86.92,328.115,359.204,0,4,ps
1778167487.1783504,5,146,0.467277,84.82,344.898,369.567,0,4,ps
1778167487.5819044,5,147,0.800784,81.29,360.37,384.67,0,4,ps
1778167487.972862,5,148,0.704551,86.06,343.255,362.886,0,4,ps
1778167488.371329,5,149,0.634653,85.5,341.513,365.273,0,4,ps
1778167488.7538333,5,150,0.475773,87.71,337.301,356.195,0,4,ps
1778167489.1492386,5,151,0.532502,85.98,342.825,363.977,0,4,ps
1778167489.5448596,5,152,0.430715,84.25,345.442,371.176,0,4,ps
1778167489.9331954,5,153,0.363166,86.92,329.861,359.266,0,4,ps
1778167490.3145275,5,154,0.294848,90.54,326.694,345.728,0,4,ps
1778167490.7101407,5,155,0.336172,85.75,342.361,364.342,0,4,ps
1778167491.0943038,5,156,0.713988,86.95,330.556,359.107,0,4,ps
1778167491.4729102,5,157,0.646522,93.24,319.847,334.132,0,4,ps
1778167491.8854272,5,158,0.641157,80.74,357.38,389.404,0,4,ps
1778167492.2858086,5,159,0.640567,81.89,346.427,381.597,0,4,ps
1778167492.6828225,5,160,0.434678,85.6,349.119,366.142,0,4,ps
1778167493.0885098,5,161,0.674344,82.15,363.344,381.399,0,4,ps
1778167493.5566225,5,162,0.626196,71.49,414.46,439.772,0,4,ps
1778167493.9709456,5,163,0.775972,78.96,376.667,396.466,0,4,ps
1778167494.3926148,5,164,0.744662,79.32,363.435,394.496,0,4,ps
1778167494.7804205,5,165,0.563795,86.17,340.83,363.193,0,4,ps
1778167495.1780338,5,166,0.652995,83.99,355.556,372.872,0,4,ps
1778167495.5806549,5,167,0.55269,86.92,344.374,360.501,0,4,ps
1778167495.9623091,5,168,0.619659,85.95,346.394,363.561,0,4,ps
1778167496.362056,5,169,0.515214,84.91,348.46,368.133,0,4,ps
1778167496.7527354,5,170,0.643763,88.01,335.251,356.405,0,4,ps
1778167497.151571,5,171,0.404694,84.56,349.96,369.259,0,4,ps
1778167497.5593295,5,172,0.67119,82.97,358.461,378.017,0,4,ps
1778167497.9492085,5,173,0.523705,85.06,339.629,367.496,0,4,ps
1778167498.3430302,5,174,0.673403,86.49,343.753,361.372,0,4,ps
1778167498.7450595,5,175,0.576538,84.7,352.833,368.803,0,4,ps
1778167499.1391768,5,176,0.538782,84.88,350.809,368.091,0,4,ps
1778167499.5322783,5,177,0.844882,84.38,353.036,370.488,0,4,ps
1778167499.9371185,5,178,0.608759,83.32,337.498,376.445,0,4,ps
1778167500.3275044,5,179,0.522315,83.85,355.685,372.972,0,4,ps
1778167500.7487862,5,180,0.430043,81.69,366.461,383.535,0,4,ps
1778167501.142263,5,181,0.555869,86.67,336.054,360.584,0,4,ps
1778167501.5387664,5,182,0.439059,84.37,348.781,370.489,0,4,ps
1778167501.942436,5,183,0.658133,83.9,350.561,372.46,0,4,ps
1778167502.3413858,5,184,0.683577,85.07,343.372,367.306,0,4,ps
1778167502.7334661,5,185,0.533652,86.63,340.621,362.089,0,4,ps
1778167503.1387312,5,186,0.830961,80.76,361.453,387.717,0,4,ps
1778167503.5654147,5,187,0.414852,77.62,378.243,403.386,0,4,ps
1778167503.9583352,5,188,0.703564,84.84,348.867,368.531,0,4,ps
1778167504.365423,5,189,0.704194,85.13,340.212,366.884,0,4,ps
1778167504.7846909,5,190,0.569292,80.08,363.059,392.296,0,4,ps
1778167505.1920557,5,191,0.684812,81.86,354.16,383.594,0,4,ps
1778167505.6346006,5,192,0.657815,77.39,383.827,405.249,0,4,ps
1778167506.0298116,5,193,0.483312,84.96,349.261,367.611,0,4,ps
1778167506.4339838,5,194,0.635447,84.0,355.126,373.706,0,4,ps
1778167506.841914,5,195,0.438934,84.03,352.366,372.624,0,4,ps
1778167507.239487,5,196,0.566589,83.3,353.707,375.088,0,4,ps
1778167507.6444967,5,197,0.499573,82.22,357.103,381.374,0,4,ps
1778167508.0416677,5,198,0.874175,82.61,350.51,378.564,0,4,ps
1778167508.432937,5,199,0.547691,86.56,320.798,360.557,0,4,ps
1778167508.8452284,5,200,0.813472,81.21,364.57,385.117,0,4,ps
1778167509.2415347,5,201,0.592202,85.53,346.928,365.111,0,4,ps
1778167509.636722,5,202,1.032625,84.42,348.8,370.191,0,4,ps
1778167510.0566323,5,203,0.642977,81.35,359.786,384.489,0,4,ps
1778167510.4550686,5,204,0.605099,84.25,351.918,370.676,0,4,ps
1778167510.8666394,5,205,0.642839,82.6,358.817,378.732,0,4,ps
1778167511.2673624,5,206,0.698389,84.19,340.956,371.142,0,4,ps
1778167511.6631818,5,207,0.810162,84.21,349.209,371.126,0,4,ps
1778167512.0666678,5,208,0.66087,86.21,339.204,364.305,0,4,ps
1778167512.462829,5,209,0.599334,83.12,353.005,375.979,0,4,ps
1778167512.8518422,5,210,0.398281,87.76,338.449,355.788,0,4,ps
1778167513.2862833,5,211,0.496127,76.38,393.278,410.576,0,4,ps
1778167513.6906912,5,212,0.584533,86.7,327.956,361.595,0,4,ps
1778167514.0922773,5,213,0.724824,81.62,361.332,383.35,0,4,ps
1778167514.498578,5,214,0.385963,82.63,345.391,378.524,0,4,ps
1778167514.8890493,5,215,0.637988,85.62,340.202,364.916,0,4,ps
1778167515.3114567,5,216,0.471451,79.22,377.255,396.543,0,4,ps
1778167515.7312794,5,217,0.571573,80.91,363.413,386.563,0,4,ps
1778167516.1162202,5,218,0.509648,87.49,339.163,356.853,0,4,ps
1778167516.5052385,5,219,0.510693,86.48,340.151,361.124,0,4,ps
1778167516.9096355,5,220,0.661591,84.2,343.308,371.296,0,4,ps
1778167517.3089397,5,221,0.819975,84.72,353.47,370.345,0,4,ps
1778167517.7026453,5,222,0.478706,83.18,360.749,377.622,0,4,ps
1778167518.095254,5,223,0.803074,83.46,344.098,375.291,0,4,ps
1778167518.5241804,5,224,0.838349,77.48,385.999,405.791,0,4,ps
1778167518.9317248,5,225,1.148461,80.46,370.933,389.51,0,4,ps
1778167519.349144,5,226,0.417935,79.66,363.644,393.923,0,4,ps
1778167519.7720888,5,227,0.766678,77.82,381.569,402.413,0,4,ps
1778167520.175053,5,228,0.871012,85.01,339.189,367.453,0,4,ps
1778167520.5731091,5,229,0.472285,84.76,349.652,369.742,0,4,ps
1778167520.9754643,5,230,0.476217,84.16,337.971,372.039,0,4,ps
1778167521.3844416,5,231,0.800396,83.1,350.404,376.05,0,4,ps
1778167521.772018,5,232,1.144145,87.78,333.807,355.685,0,4,ps
1778167522.1682727,5,233,0.714329,84.86,340.924,368.903,0,4,ps
1778167522.572059,5,234,0.676589,84.04,328.489,371.899,0,4,ps
1778167522.9620142,5,235,0.598951,85.37,339.627,365.846,0,4,ps
1778167523.4179041,5,236,0.643502,72.97,409.752,430.49,0,4,ps
1778167523.810635,5,237,1.019558,85.29,342.411,366.208,0,4,ps
1778167524.206517,5,238,0.366108,85.27,347.766,367.091,0,4,ps
1778167524.631869,5,239,0.751687,80.68,368.637,387.882,0,4,ps
1778167525.0240738,5,240,0.564428,84.92,340.231,367.754,0,4,ps
1778167525.4552794,5,241,0.732472,79.22,370.355,395.044,0,4,ps
1778167525.8858476,5,242,0.753419,76.17,389.115,412.817,0,4,ps
1778167526.3112867,5,243,0.61285,77.04,372.834,406.168,0,4,ps
1778167526.7621717,5,244,0.807159,74.96,398.779,418.053,0,4,ps
1778167527.155134,5,245,0.526001,83.5,353.269,374.488,0,4,ps
1778167527.5475605,5,246,0.915498,86.88,341.827,360.606,0,4,ps
1778167527.9656703,5,247,0.813696,80.86,367.993,387.63,0,4,ps
1778167528.3568501,5,248,0.603952,85.65,340.695,364.643,0,4,ps
1778167528.7652187,5,249,0.512539,85.58,348.608,364.971,0,4,ps
1778167529.1591103,5,250,0.413319,85.14,342.123,367.012,0,4,ps
1778167529.5459518,5,251,0.673559,89.22,333.948,351.401,0,4,ps
1778167529.955862,5,252,0.762852,79.91,366.146,392.761,0,4,ps
1778167530.3671641,5,253,0.434935,79.8,373.379,393.404,0,4,ps
1778167530.772453,5,254,0.775865,82.23,361.0,380.354,0,4,ps
1778167531.1920147,5,255,0.699168,79.85,367.858,391.855,0,4,ps
1778167531.5964465,5,256,0.47147,83.94,348.596,372.24,0,4,ps
1778167531.9945056,5,257,0.471977,86.79,342.545,359.799,0,4,ps
1778167532.4116435,5,258,0.649062,81.55,356.775,383.386,0,4,ps
1778167532.8027914,5,259,1.079031,87.11,332.366,358.317,0,4,ps
1778167533.1956918,5,260,0.61397,85.06,341.969,367.523,0,4,ps
1778167533.630072,5,261,0.835476,77.68,376.699,403.152,0,4,ps
1778167534.0268874,5,262,1.077485,85.63,346.881,364.586,0,4,ps
1778167534.4168344,5,263,0.548638,86.58,340.365,360.825,0,4,ps
1778167534.8273108,5,264,0.972302,82.51,357.481,378.929,0,4,ps
1778167535.219367,5,265,0.578521,85.1,339.54,367.167,0,4,ps
1778167535.6400838,5,266,0.435009,77.78,383.819,402.791,0,4,ps
1778167536.03582,5,267,0.532715,85.48,344.768,365.621,0,4,ps
1778167536.450271,5,268,0.617075,80.67,369.395,388.043,0,4,ps
1778167536.8868647,5,269,0.652697,77.76,382.364,402.572,0,4,ps
1778167537.2778301,5,270,0.602604,85.97,343.845,364.002,0,4,ps
1778167537.6705344,5,271,1.016228,87.75,334.088,356.421,0,4,ps
1778167538.079446,5,272,0.603782,82.93,356.205,377.23,0,4,ps
1778167538.4622173,5,273,0.842365,92.71,320.77,337.009,0,4,ps
1778167538.8563008,5,274,0.682248,83.13,353.991,375.867,0,4,ps
1778167539.2574017,5,275,0.740534,85.18,345.869,366.86,0,4,ps
1778167539.6492033,5,276,0.788427,87.03,330.12,358.953,0,4,ps
1778167540.0533507,5,277,0.605582,83.37,357.466,376.418,0,4,ps
1778167540.4547033,5,278,0.542612,84.0,351.544,372.036,0,4,ps
1778167540.8512115,5,279,0.530524,86.56,342.354,361.47,0,4,ps
1778167541.2773638,5,280,0.710139,79.24,373.964,396.484,0,4,ps
1778167541.6870575,5,281,0.368518,80.11,357.494,390.446,0,4,ps
1778167542.088386,5,282,0.771469,84.5,349.567,370.427,0,4,ps
1778167542.5027523,5,283,0.899862,80.55,364.52,388.581,0,4,ps
1778167542.9058335,5,284,0.467876,85.97,326.491,363.183,0,4,ps
1778167543.3604245,5,285,0.462482,72.92,404.876,430.383,0,4,ps
1778167543.7775133,5,286,0.515478,84.06,349.833,371.892,0,4,ps
1778167544.1643417,5,287,0.79085,88.19,326.014,353.885,0,4,ps
1778167544.5542114,5,288,0.538871,84.1,343.711,371.774,0,4,ps
1778167544.9603195,5,289,0.559744,82.44,352.068,379.113,0,4,ps
1778167545.3496044,5,290,0.715276,86.97,337.015,360.044,0,4,ps
1778167545.7455795,5,291,0.796423,85.14,338.26,368.806,0,4,ps
1778167546.142186,5,292,1.029884,82.79,349.875,378.282,0,4,ps
1778167546.5304487,5,293,0.497074,84.34,355.341,371.683,0,4,ps
1778167546.9290156,5,294,0.97834,82.1,360.815,381.036,0,4,ps
1778167547.3686364,5,295,0.442638,77.67,383.905,403.84,0,4,ps
1778167547.795621,5,296,0.498408,76.82,376.466,407.49,0,4,ps
1778167548.19937,5,297,0.475503,85.62,348.999,366.18,0,4,ps
1778167548.5957935,5,298,0.77404,85.5,345.123,365.332,0,4,ps
1778167548.9830303,5,299,0.598164,87.53,329.919,356.861,0,4,ps
1778167549.3784044,5,300,0.67347,84.95,339.964,369.413,0,4,ps
1778167549.7671034,5,301,0.791453,84.75,350.585,368.809,0,4,ps
1778167550.149916,5,302,0.558982,88.81,334.061,351.415,0,4,ps
1778167550.5682049,5,303,0.763399,81.41,367.392,385.416,0,4,ps
1778167550.959573,5,304,0.529485,83.85,355.773,372.737,0,4,ps
1778167551.3546243,5,305,0.785561,83.93,356.789,373.426,0,4,ps
1778167551.7593277,5,306,0.811279,83.84,349.872,373.314,0,4,ps
1778167552.1512585,5,307,0.635169,86.24,345.217,363.435,0,4,ps
1778167552.5441837,5,308,0.677561,85.4,341.395,366.946,0,4,ps
1778167552.9477139,5,309,0.7778,81.22,367.921,385.838,0,4,ps
1778167553.3939219,5,310,0.594999,73.27,383.852,428.127,0,4,ps
1778167553.8016474,5,311,0.626216,82.44,356.987,378.975,0,4,ps
1778167554.1910648,5,312,0.520984,88.58,331.778,353.752,0,4,ps
1778167554.5801606,5,313,0.509831,84.2,348.508,372.829,0,4,ps
1778167554.9840493,5,314,0.507046,81.1,356.596,385.763,0,4,ps
1778167555.373757,5,315,0.570358,85.06,338.594,368.798,0,4,ps
1778167555.7804372,5,316,0.656514,84.74,349.095,369.981,0,4,ps
1778167556.2095304,5,317,0.45707,78.45,377.352,399.404,0,4,ps
1778167556.5994802,5,318,0.479976,86.53,332.898,360.931,0,4,ps
1778167556.9932168,5,319,0.545803,85.23,348.574,367.875,0,4,ps
1778167557.4015973,5,320,0.641616,81.61,362.178,384.409,0,4,ps
1778167557.8177176,5,321,0.673309,78.63,376.196,398.269,0,4,ps
1778167558.2484026,5,322,0.646871,79.95,370.214,391.248,0,4,ps
1778167558.64174,5,323,0.577324,85.96,338.772,363.675,0,4,ps
1778167559.0312026,5,324,0.595472,86.55,337.981,360.975,0,4,ps
1778167559.4321022,5,325,0.83604,83.64,346.067,373.68,0,4,ps
1778167559.8218052,5,326,0.680602,88.38,337.977,354.73,0,4,ps
1778167560.2229214,5,327,0.475604,81.64,357.359,383.008,0,4,ps
1778167560.6253867,5,328,0.846524,83.36,356.534,376.667,0,4,ps
1778167561.0303438,5,329,0.648162,81.3,355.792,385.27,0,4,ps
1778167561.4329548,5,330,0.845919,81.4,350.267,384.152,0,4,ps
1778167561.835715,5,331,1.01681,87.39,339.623,357.867,0,4,ps
1778167562.2299902,5,332,0.85953,87.8,339.765,356.189,0,4,ps
1778167562.6431851,5,333,0.907212,81.58,363.629,384.074,0,4,ps
1778167563.0439677,5,334,0.563377,85.79,342.688,364.178,0,4,ps
1778167563.4852724,5,335,0.743653,76.7,388.176,409.644,0,4,ps
1778167563.9017587,5,336,0.89395,78.77,374.922,397.121,0,4,ps
1778167564.284528,5,337,0.625222,91.23,325.502,341.912,0,4,ps
1778167564.6690972,5,338,0.85634,88.0,334.152,354.563,0,4,ps
1778167565.0560608,5,339,0.57416,86.39,338.112,362.611,0,4,ps
1778167565.4516346,5,340,0.664367,82.87,346.384,377.308,0,4,ps
1778167565.846183,5,341,0.705074,86.82,340.008,359.624,0,4,ps
1778167566.25509,5,342,0.772769,85.67,337.834,364.686,0,4,ps
1778167566.6494498,5,343,1.032555,83.37,346.655,374.553,0,4,ps
1778167567.038891,5,344,0.542213,84.06,339.118,372.223,0,4,ps
1778167567.4308457,5,345,0.961933,85.45,345.983,365.386,0,4,ps
1778167567.8233736,5,346,0.675183,85.34,341.769,366.317,0,4,ps
1778167568.2120318,5,347,0.715728,86.34,334.238,361.742,0,4,ps
1778167568.6319234,5,348,0.459993,79.32,364.379,394.803,0,4,ps
1778167569.0366745,5,349,0.984894,81.57,355.229,384.08,0,4,ps
1778167569.4416993,5,350,0.280405,83.11,357.221,376.012,0,4,ps
1778167569.8461607,5,351,0.615562,83.83,354.242,372.757,0,4,ps
1778167570.2405047,5,352,0.757954,85.99,340.17,363.213,0,4,ps
1778167570.638047,5,353,0.505111,83.0,336.233,376.832,0,4,ps
1778167571.0230687,5,354,0.505892,86.33,343.557,361.788,0,4,ps
1778167571.4144711,5,355,0.563855,88.39,318.873,352.99,0,4,ps
1778167571.8213608,5,356,0.491234,84.91,349.318,367.766,0,4,ps
1778167572.2130399,5,357,0.806741,88.11,333.206,355.123,0,4,ps
1778167572.605077,5,358,0.359114,86.8,342.774,359.884,0,4,ps
1778167573.0060172,5,359,0.58269,84.88,340.797,368.073,0,4,ps
1778167573.4517188,5,360,1.038748,76.31,391.357,410.108,0,4,ps
1778167573.8472927,5,361,0.272541,84.49,344.729,370.072,0,4,ps
1778167574.2424233,5,362,0.707841,85.62,337.505,365.579,0,4,ps
1778167574.6320188,5,363,0.630942,88.99,334.706,351.84,0,4,ps
1778167575.0313447,5,364,0.593789,82.04,353.102,381.2,0,4,ps
1778167575.4510896,5,365,0.585777,80.28,369.985,389.674,0,4,ps
1778167575.8673933,5,366,0.640389,80.25,361.34,390.873,0,4,ps
1778167576.2770216,5,367,0.574878,82.4,350.829,380.584,0,4,ps
1778167576.6746962,5,368,0.515562,82.64,350.398,378.828,0,4,ps
1778167577.0663342,5,369,0.359597,84.14,349.4,371.206,0,4,ps
1778167577.4623508,5,370,0.623554,85.59,348.205,364.903,0,4,ps
1778167577.8554049,5,371,0.453363,85.42,343.827,365.639,0,4,ps
1778167578.2413404,5,372,0.510381,88.01,329.466,354.71,0,4,ps
1778167578.6281905,5,373,0.949781,87.99,332.239,354.859,0,4,ps
1778167579.0166287,5,374,0.519122,86.91,343.299,359.431,0,4,ps
1778167579.4292223,5,375,0.528358,79.5,361.852,394.605,0,4,ps
1778167579.8198004,5,376,0.42149,86.2,333.701,364.134,0,4,ps
1778167580.2141101,5,377,0.571687,83.09,342.471,376.215,0,4,ps
1778167580.6049678,5,378,1.287616,83.85,346.211,372.711,0,4,ps
1778167580.9960177,5,379,0.601855,85.21,312.955,367.906,0,4,ps
1778167581.3815513,5,380,0.535952,85.16,349.779,367.583,0,4,ps
1778167581.7767675,5,381,0.538252,84.13,353.042,371.296,0,4,ps
1778167582.1756525,5,382,0.714574,86.2,346.116,362.362,0,4,ps
1778167582.5584028,5,383,0.63905,88.59,335.973,353.481,0,4,ps
1778167582.9556904,5,384,0.634405,84.09,355.052,371.847,0,4,ps
1778167583.3905325,5,385,0.818587,75.15,366.982,417.472,0,4,ps
1778167583.7829113,5,386,0.526579,84.57,346.068,369.237,0,4,ps
1778167584.1840842,5,387,0.855983,83.44,355.984,374.761,0,4,ps
1778167584.5731642,5,388,0.374042,88.74,331.177,351.864,0,4,ps
1778167584.969416,5,389,0.71283,85.78,345.524,364.057,0,4,ps
1778167585.3342366,5,390,0.345446,59.21,308.247,328.921,0,4,ps
