timestamp,epoch,iteration,loss,throughput_samp_s,comm_latency_ms,iter_time_ms,rank,world_size,arch
1778410042.5877726,1,0,2.362833,19.78,584.542,1612.467,2,4,ps
1778410043.2419646,1,1,2.454186,49.79,568.032,635.705,2,4,ps
1778410043.8314617,1,2,2.264702,55.41,542.1,568.236,2,4,ps
1778410044.4319615,1,3,2.22397,55.35,546.962,568.925,2,4,ps
1778410045.0178378,1,4,2.331407,56.38,541.167,558.728,2,4,ps
1778410045.5897636,1,5,2.42593,58.41,524.443,539.559,2,4,ps
1778410046.1594043,1,6,2.452704,57.4,533.665,548.549,2,4,ps
1778410046.7363408,1,7,2.246012,57.66,531.228,546.036,2,4,ps
1778410047.31357,1,8,2.11082,58.29,527.002,540.183,2,4,ps
1778410047.882504,1,9,2.249139,57.1,530.735,551.435,2,4,ps
1778410048.465,1,10,2.118742,56.42,542.323,558.004,2,4,ps
1778410049.0388942,1,11,2.157378,57.46,530.222,547.984,2,4,ps
1778410049.609319,1,12,2.327683,56.93,537.213,553.925,2,4,ps
1778410050.175656,1,13,2.235015,57.55,528.579,547.149,2,4,ps
1778410050.738842,1,14,2.061948,59.11,520.426,534.101,2,4,ps
1778410051.309167,1,15,2.054835,56.95,527.374,552.892,2,4,ps
1778410051.892907,1,16,2.189311,56.05,537.478,561.953,2,4,ps
1778410052.4690413,1,17,1.9775,57.13,534.942,551.445,2,4,ps
1778410053.034437,1,18,2.169006,58.34,521.81,541.514,2,4,ps
1778410053.6064582,1,19,2.165683,57.64,526.078,545.885,2,4,ps
1778410054.1660242,1,20,2.228339,59.25,513.131,531.954,2,4,ps
1778410054.7419586,1,21,2.148697,58.25,525.817,541.535,2,4,ps
1778410055.3386111,1,22,1.959065,55.88,542.144,564.004,2,4,ps
1778410055.935527,1,23,1.934951,56.18,544.119,560.386,2,4,ps
1778410056.5544806,1,24,1.9654,54.03,565.989,583.233,2,4,ps
1778410057.1559055,1,25,1.768903,53.96,558.044,583.803,2,4,ps
1778410057.7497582,1,26,2.032269,55.21,545.892,570.596,2,4,ps
1778410058.3221207,1,27,1.838317,58.47,522.604,538.093,2,4,ps
1778410058.9005325,1,28,2.159418,57.72,529.981,546.525,2,4,ps
1778410059.49465,1,29,1.900645,57.09,533.098,551.438,2,4,ps
1778410060.0775054,1,30,2.120376,57.2,532.394,550.142,2,4,ps
1778410060.6839058,1,31,1.975871,54.24,558.693,581.096,2,4,ps
1778410061.2669823,1,32,1.760947,55.71,545.719,565.092,2,4,ps
1778410061.8352728,1,33,2.017813,58.23,523.268,540.434,2,4,ps
1778410062.4212103,1,34,2.093665,55.51,534.155,567.432,2,4,ps
1778410062.9992359,1,35,1.926303,58.11,528.915,542.947,2,4,ps
1778410063.5762193,1,36,1.80099,57.2,533.579,551.383,2,4,ps
1778410064.1473987,1,37,2.306737,57.26,534.599,551.091,2,4,ps
1778410064.737732,1,38,1.752929,55.88,537.32,563.761,2,4,ps
1778410065.3099763,1,39,2.042052,58.08,523.547,542.118,2,4,ps
1778410065.8811007,1,40,1.822982,57.68,532.663,546.016,2,4,ps
1778410066.455529,1,41,1.885757,58.09,525.782,541.548,2,4,ps
1778410067.0273006,1,42,1.694545,58.1,522.834,541.761,2,4,ps
1778410067.596548,1,43,2.095894,57.28,505.561,551.142,2,4,ps
1778410068.2095377,1,44,1.956284,54.79,554.017,577.376,2,4,ps
1778410068.8077853,1,45,1.746295,55.74,539.304,565.271,2,4,ps
1778410069.392899,1,46,1.745521,56.7,537.305,555.808,2,4,ps
1778410069.970248,1,47,1.607922,58.23,528.238,541.97,2,4,ps
1778410070.5451095,1,48,1.78457,57.51,530.558,547.832,2,4,ps
1778410071.1378376,1,49,1.889513,55.84,539.969,564.071,2,4,ps
1778410071.728169,1,50,1.86875,56.3,539.956,559.17,2,4,ps
1778410072.2985156,1,51,1.721229,58.58,523.468,537.493,2,4,ps
1778410072.8827982,1,52,2.029747,56.54,535.34,556.284,2,4,ps
1778410073.4617484,1,53,1.907369,57.44,532.224,548.213,2,4,ps
1778410074.0290678,1,54,1.944202,57.57,531.179,546.164,2,4,ps
1778410074.6212926,1,55,1.835917,56.24,545.074,559.781,2,4,ps
1778410075.1905048,1,56,1.804229,59.04,494.667,533.111,2,4,ps
1778410075.7672853,1,57,1.767362,57.27,533.57,549.444,2,4,ps
1778410076.330324,1,58,1.962757,58.67,513.213,536.33,2,4,ps
1778410076.9019933,1,59,1.971359,56.89,527.856,553.732,2,4,ps
1778410077.4650207,1,60,1.7367,59.65,514.765,528.838,2,4,ps
1778410078.0328224,1,61,1.919178,58.37,518.386,541.563,2,4,ps
1778410078.5992281,1,62,1.7085,58.11,524.387,542.627,2,4,ps
1778410079.164495,1,63,2.094736,57.97,527.031,544.547,2,4,ps
1778410079.7275484,1,64,1.996231,57.69,530.14,546.385,2,4,ps
1778410080.2985182,1,65,1.753984,57.34,528.819,549.061,2,4,ps
1778410080.8641841,1,66,1.678916,58.86,517.243,534.398,2,4,ps
1778410081.4374168,1,67,1.661336,57.82,531.345,544.524,2,4,ps
1778410081.9983358,1,68,1.743466,60.23,503.205,522.475,2,4,ps
1778410082.566418,1,69,1.398134,57.78,528.7,545.564,2,4,ps
1778410083.1383128,1,70,1.506772,57.4,527.602,548.467,2,4,ps
1778410083.71498,1,71,1.520695,57.26,525.269,549.696,2,4,ps
1778410084.2804682,1,72,1.525644,58.41,523.382,539.513,2,4,ps
1778410084.8575947,1,73,1.774248,58.93,521.124,533.823,2,4,ps
1778410085.431023,1,74,1.647172,57.3,532.209,549.439,2,4,ps
1778410085.999153,1,75,1.819714,57.69,529.562,547.342,2,4,ps
1778410086.5789278,1,76,1.839569,56.04,536.418,563.4,2,4,ps
1778410087.1513326,1,77,1.84581,56.81,530.582,554.405,2,4,ps
1778410087.7174532,1,78,1.578568,58.74,519.877,536.109,2,4,ps
1778410088.2938075,1,79,1.876925,57.8,527.769,545.862,2,4,ps
1778410088.8572779,1,80,1.980135,57.68,525.492,545.857,2,4,ps
1778410089.431394,1,81,1.749777,56.85,523.279,553.643,2,4,ps
1778410089.9992054,1,82,1.694923,59.67,513.605,527.635,2,4,ps
1778410090.568776,1,83,1.623802,58.79,522.293,536.356,2,4,ps
1778410091.1416485,1,84,1.873526,57.02,536.235,553.017,2,4,ps
1778410091.7098947,1,85,1.615559,58.7,506.901,536.352,2,4,ps
1778410092.2858014,1,86,1.598647,57.01,527.371,552.649,2,4,ps
1778410092.8554032,1,87,2.03494,58.89,521.453,535.211,2,4,ps
1778410093.422149,1,88,1.455698,57.62,530.822,547.149,2,4,ps
1778410094.0097008,1,89,1.824836,55.31,554.655,570.674,2,4,ps
1778410094.6126223,1,90,1.644853,53.91,567.4,584.719,2,4,ps
1778410095.192698,1,91,1.92889,57.76,527.028,546.718,2,4,ps
1778410095.7751393,1,92,1.668001,57.17,536.421,551.038,2,4,ps
1778410096.3403223,1,93,1.711362,58.37,519.274,540.632,2,4,ps
1778410096.9125173,1,94,1.301971,57.05,535.893,552.08,2,4,ps
1778410097.4807394,1,95,1.570866,57.76,526.153,545.14,2,4,ps
1778410098.0546787,1,96,1.382305,57.14,528.57,550.924,2,4,ps
1778410098.6216128,1,97,1.832981,58.08,523.808,542.74,2,4,ps
1778410099.1911166,1,98,1.50161,57.51,526.953,548.179,2,4,ps
1778410099.7687185,1,99,1.60956,58.2,524.752,541.02,2,4,ps
1778410100.3558917,1,100,1.409351,56.26,539.573,560.009,2,4,ps
1778410100.9213114,1,101,1.409075,57.47,531.43,547.689,2,4,ps
1778410101.4847207,1,102,1.533446,59.05,518.207,532.822,2,4,ps
1778410102.055714,1,103,1.694487,57.45,528.086,547.96,2,4,ps
1778410102.621017,1,104,1.605695,58.14,525.402,541.574,2,4,ps
1778410103.1863186,1,105,1.491751,58.88,519.703,534.584,2,4,ps
1778410103.7520497,1,106,1.533834,57.82,517.148,545.075,2,4,ps
1778410104.3363535,1,107,1.768639,55.56,551.787,567.308,2,4,ps
1778410104.9175317,1,108,1.862858,56.5,537.389,557.178,2,4,ps
1778410105.4815338,1,109,1.639274,59.65,491.135,528.283,2,4,ps
1778410106.0526993,1,110,1.459651,58.21,525.806,541.979,2,4,ps
1778410106.6366673,1,111,1.480183,56.95,537.884,553.118,2,4,ps
1778410107.2046237,1,112,1.671004,59.06,519.022,533.593,2,4,ps
1778410107.7747793,1,113,1.696469,57.58,530.813,548.297,2,4,ps
1778410108.3449972,1,114,1.823685,56.92,533.938,553.377,2,4,ps
1778410108.9147975,1,115,1.847236,57.54,529.599,547.992,2,4,ps
1778410109.4832044,1,116,1.749358,57.93,529.86,545.216,2,4,ps
1778410110.04597,1,117,1.6328,58.91,520.118,535.434,2,4,ps
1778410110.6191142,1,118,1.499615,57.55,529.177,547.174,2,4,ps
1778410111.1898007,1,119,2.01429,58.53,516.662,539.406,2,4,ps
1778410111.7565246,1,120,1.636619,58.21,527.407,540.963,2,4,ps
1778410112.3273957,1,121,1.463018,56.89,538.221,553.658,2,4,ps
1778410112.8960757,1,122,1.716637,57.12,528.084,553.015,2,4,ps
1778410113.4670167,1,123,1.5407,58.36,522.033,539.26,2,4,ps
1778410114.0372288,1,124,1.465169,57.72,530.015,545.707,2,4,ps
1778410114.6564395,1,125,2.00321,53.85,572.711,587.034,2,4,ps
1778410115.236236,1,126,1.54006,56.04,536.999,561.931,2,4,ps
1778410115.8025208,1,127,1.817943,58.8,516.722,536.006,2,4,ps
1778410116.3749223,1,128,1.890029,57.54,531.889,548.928,2,4,ps
1778410116.9523952,1,129,1.894297,56.55,512.822,557.016,2,4,ps
1778410117.5176167,1,130,1.551296,58.62,519.477,538.266,2,4,ps
1778410118.0846858,1,131,1.787694,58.18,522.508,542.596,2,4,ps
1778410118.649121,1,132,1.530462,57.63,530.511,546.457,2,4,ps
1778410119.2195656,1,133,1.568217,57.88,526.762,544.715,2,4,ps
1778410119.7839274,1,134,1.45331,58.81,516.076,536.981,2,4,ps
1778410120.3601665,1,135,1.715087,57.82,530.256,546.164,2,4,ps
1778410120.942796,1,136,1.53095,55.74,543.708,565.945,2,4,ps
1778410121.5050461,1,137,1.562565,58.15,525.883,541.594,2,4,ps
1778410122.0762322,1,138,1.565795,58.23,525.821,542.342,2,4,ps
1778410122.6419754,1,139,1.726813,57.43,533.266,548.379,2,4,ps
1778410123.2085044,1,140,1.728604,58.92,507.65,534.048,2,4,ps
1778410123.7822762,1,141,1.61718,57.06,535.391,551.851,2,4,ps
1778410124.3507097,1,142,1.489907,57.84,522.578,545.544,2,4,ps
1778410124.9198008,1,143,1.648623,58.06,521.248,541.911,2,4,ps
1778410125.4986262,1,144,1.616351,57.41,528.129,548.194,2,4,ps
1778410126.0764606,1,145,1.310176,57.23,531.339,551.981,2,4,ps
1778410126.6558216,1,146,1.613149,56.1,540.946,561.826,2,4,ps
1778410127.2256522,1,147,1.370929,58.45,517.572,538.252,2,4,ps
1778410127.7884655,1,148,1.384035,59.36,517.575,531.737,2,4,ps
1778410128.355479,1,149,1.624594,57.32,525.981,550.48,2,4,ps
1778410128.9242258,1,150,1.632577,58.53,524.508,539.738,2,4,ps
1778410129.4941928,1,151,1.527357,57.89,525.927,544.469,2,4,ps
1778410130.0670376,1,152,1.662443,57.38,532.738,548.529,2,4,ps
1778410130.6496568,1,153,1.582875,56.31,543.964,559.123,2,4,ps
1778410131.2304397,1,154,1.696715,56.63,535.728,556.036,2,4,ps
1778410131.8263495,1,155,1.624122,55.59,549.447,566.064,2,4,ps
1778410132.4215245,1,156,2.019154,55.54,541.117,567.235,2,4,ps
1778410133.0033834,1,157,1.212134,55.8,545.56,564.213,2,4,ps
1778410133.5670953,1,158,1.443506,57.62,530.61,546.251,2,4,ps
1778410134.1544735,1,159,1.82223,57.84,524.235,544.197,2,4,ps
1778410134.737335,1,160,1.505485,57.13,534.587,550.837,2,4,ps
1778410135.3113348,1,161,1.513367,57.77,528.943,545.032,2,4,ps
1778410135.8937674,1,162,1.959839,57.11,503.894,552.796,2,4,ps
1778410136.4695935,1,163,1.493382,57.58,523.684,546.932,2,4,ps
1778410137.037654,1,164,1.277188,58.3,522.49,540.842,2,4,ps
1778410137.6077278,1,165,1.402205,57.4,525.336,548.569,2,4,ps
1778410138.172567,1,166,1.356412,57.56,508.263,547.183,2,4,ps
1778410138.7421837,1,167,1.281272,58.76,510.743,537.362,2,4,ps
1778410139.3089452,1,168,1.784063,57.4,523.156,549.319,2,4,ps
1778410139.8725061,1,169,1.37033,58.93,518.403,534.379,2,4,ps
1778410140.439619,1,170,1.521472,58.19,525.267,541.181,2,4,ps
1778410141.0012903,1,171,1.370478,58.84,517.614,536.581,2,4,ps
1778410141.5618627,1,172,1.555771,58.02,520.056,544.152,2,4,ps
1778410142.1358001,1,173,1.294254,57.31,534.611,551.177,2,4,ps
1778410142.700197,1,174,1.3556,57.57,531.016,548.663,2,4,ps
1778410143.2672043,1,175,1.248736,57.29,533.744,549.567,2,4,ps
1778410143.8327575,1,176,1.530136,57.44,533.73,548.76,2,4,ps
1778410144.4023287,1,177,1.643617,58.73,519.709,537.789,2,4,ps
1778410144.9752123,1,178,1.478557,58.02,526.339,544.312,2,4,ps
1778410145.5471172,1,179,1.277179,58.18,529.363,542.826,2,4,ps
1778410146.1176112,1,180,1.569705,56.95,533.732,553.192,2,4,ps
1778410146.7062542,1,181,1.625524,55.15,555.102,571.367,2,4,ps
1778410147.2733843,1,182,1.673764,58.84,517.526,536.571,2,4,ps
1778410147.8432946,1,183,1.260618,57.02,522.17,552.296,2,4,ps
1778410148.417233,1,184,1.420085,57.99,525.812,544.098,2,4,ps
1778410148.9887848,1,185,1.689709,57.62,529.44,547.697,2,4,ps
1778410149.560847,1,186,1.428975,57.63,527.51,547.998,2,4,ps
1778410150.1236403,1,187,1.488849,59.89,513.463,527.148,2,4,ps
1778410150.6952577,1,188,1.385019,57.78,527.655,545.597,2,4,ps
1778410151.2653744,1,189,1.376709,57.56,529.955,546.866,2,4,ps
1778410151.836567,1,190,1.756896,57.57,531.48,548.015,2,4,ps
1778410152.4067132,1,191,1.712733,57.04,526.321,551.976,2,4,ps
1778410152.9710977,1,192,1.320221,58.82,520.088,535.039,2,4,ps
1778410153.5379891,1,193,1.400409,58.17,524.658,540.767,2,4,ps
1778410154.1049907,1,194,1.93469,58.92,521.416,535.873,2,4,ps
1778410154.6990705,1,195,1.609392,54.65,562.261,577.809,2,4,ps
1778410155.2696452,1,196,1.664909,56.92,536.283,554.45,2,4,ps
1778410155.8372118,1,197,1.48586,57.25,530.672,551.075,2,4,ps
1778410156.4103138,1,198,1.534943,56.67,538.31,556.72,2,4,ps
1778410156.9852688,1,199,1.793229,56.51,543.599,558.98,2,4,ps
1778410157.5561912,1,200,1.342189,56.96,535.412,552.657,2,4,ps
1778410158.1244996,1,201,1.894901,57.18,522.931,550.99,2,4,ps
1778410158.6908383,1,202,1.333704,58.08,520.754,542.616,2,4,ps
1778410159.2580886,1,203,1.447838,57.75,523.157,545.201,2,4,ps
1778410159.8304436,1,204,1.515801,57.29,530.236,551.291,2,4,ps
1778410160.3953133,1,205,1.302173,57.6,528.676,547.33,2,4,ps
1778410160.9614105,1,206,1.581179,58.73,522.755,535.878,2,4,ps
1778410161.5332534,1,207,1.849327,58.68,516.705,536.564,2,4,ps
1778410162.1027331,1,208,1.931584,58.63,521.408,536.724,2,4,ps
1778410162.6633031,1,209,1.732931,60.15,509.98,522.786,2,4,ps
1778410163.2364376,1,210,1.456137,59.2,518.243,531.933,2,4,ps
1778410163.8056748,1,211,1.668738,57.78,524.056,545.289,2,4,ps
1778410164.370612,1,212,1.612098,58.96,518.506,533.614,2,4,ps
1778410164.9418583,1,213,1.516924,57.76,527.471,545.048,2,4,ps
1778410165.5082757,1,214,1.798598,57.35,522.54,549.435,2,4,ps
1778410166.0741558,1,215,1.624022,59.02,516.786,533.324,2,4,ps
1778410166.6564245,1,216,1.358103,56.68,537.834,557.446,2,4,ps
1778410167.2271268,1,217,1.724584,57.63,522.612,546.509,2,4,ps
1778410167.807252,1,218,1.459437,56.41,542.245,558.122,2,4,ps
1778410168.3847597,1,219,1.510454,57.01,535.439,552.579,2,4,ps
1778410168.9523218,1,220,1.263192,58.36,522.361,539.572,2,4,ps
1778410169.518281,1,221,1.234982,57.41,526.538,549.009,2,4,ps
1778410170.088762,1,222,1.397815,57.88,529.422,545.794,2,4,ps
1778410170.666298,1,223,1.649786,56.9,532.293,554.203,2,4,ps
1778410171.239604,1,224,1.366673,57.17,536.753,552.513,2,4,ps
1778410171.8137155,1,225,1.584516,56.63,543.108,557.274,2,4,ps
1778410172.3762987,1,226,1.009666,57.75,520.361,545.264,2,4,ps
1778410172.9554317,1,227,1.360506,56.78,531.089,554.595,2,4,ps
1778410173.5172782,1,228,1.634779,59.51,513.957,528.335,2,4,ps
1778410174.0881422,1,229,1.621905,59.23,520.605,533.088,2,4,ps
1778410174.683119,1,230,1.262455,54.55,561.443,578.596,2,4,ps
1778410175.2496834,1,231,1.551691,57.37,533.78,549.537,2,4,ps
1778410175.8194313,1,232,1.761245,56.99,529.063,552.694,2,4,ps
1778410176.388904,1,233,1.51518,57.9,521.869,543.759,2,4,ps
1778410176.9570954,1,234,1.329646,58.27,518.125,540.072,2,4,ps
1778410177.53013,1,235,1.271367,56.69,540.214,556.4,2,4,ps
1778410178.104337,1,236,1.22793,57.51,531.963,549.112,2,4,ps
1778410178.683674,1,237,1.360432,56.07,543.632,563.077,2,4,ps
1778410179.2485867,1,238,1.539521,57.51,523.302,549.183,2,4,ps
1778410179.8226068,1,239,1.512676,56.61,534.161,557.01,2,4,ps
1778410180.3905096,1,240,1.28933,58.24,525.812,541.204,2,4,ps
1778410180.963382,1,241,1.462615,56.67,536.112,556.771,2,4,ps
1778410181.5293612,1,242,1.261098,57.49,531.34,548.406,2,4,ps
1778410182.0950668,1,243,1.50447,58.06,523.522,543.881,2,4,ps
1778410182.6568108,1,244,1.495316,57.93,528.883,544.785,2,4,ps
1778410183.2348945,1,245,1.407403,56.08,546.367,561.909,2,4,ps
1778410183.8010485,1,246,1.288531,58.96,517.223,533.761,2,4,ps
1778410184.377803,1,247,1.269929,57.19,535.855,551.19,2,4,ps
1778410184.9608352,1,248,1.311004,56.42,538.288,558.059,2,4,ps
1778410185.5340366,1,249,1.133806,58.48,522.673,538.57,2,4,ps
1778410186.1064618,1,250,1.445327,57.54,532.343,548.089,2,4,ps
1778410186.6942685,1,251,1.156559,56.75,534.094,555.101,2,4,ps
1778410187.2713308,1,252,1.458809,57.04,532.047,551.853,2,4,ps
1778410187.8555434,1,253,1.485634,57.87,531.115,545.778,2,4,ps
1778410188.4338396,1,254,1.493075,56.29,531.83,559.76,2,4,ps
1778410189.022524,1,255,1.204091,55.94,545.473,562.358,2,4,ps
1778410189.595684,1,256,1.650764,58.67,518.975,536.394,2,4,ps
1778410190.1659045,1,257,1.417375,58.44,520.996,539.677,2,4,ps
1778410190.7410982,1,258,1.124461,57.27,530.667,549.944,2,4,ps
1778410191.3160388,1,259,1.634737,57.8,530.449,544.422,2,4,ps
1778410191.8805943,1,260,1.41632,58.83,521.293,536.684,2,4,ps
1778410192.4482553,1,261,1.43591,57.27,532.279,550.006,2,4,ps
1778410193.0124888,1,262,1.501198,58.17,521.67,542.104,2,4,ps
1778410193.5772464,1,263,1.303369,59.37,516.03,530.787,2,4,ps
1778410194.1495683,1,264,1.527303,57.21,535.685,551.041,2,4,ps
1778410194.7502031,1,265,1.390011,54.64,559.389,576.728,2,4,ps
1778410195.3217313,1,266,1.489992,57.61,529.684,547.242,2,4,ps
1778410195.8895369,1,267,1.497769,58.05,520.267,542.266,2,4,ps
1778410196.4607532,1,268,1.361342,58.56,521.515,538.198,2,4,ps
1778410197.0297692,1,269,1.803429,57.08,527.794,551.683,2,4,ps
1778410197.5971365,1,270,1.417109,58.11,523.649,543.147,2,4,ps
1778410198.1639822,1,271,1.113951,58.19,524.518,542.429,2,4,ps
1778410198.741482,1,272,1.858162,56.25,528.49,560.245,2,4,ps
1778410199.3207073,1,273,1.240316,57.39,530.434,548.599,2,4,ps
1778410199.8996627,1,274,1.354511,57.83,529.238,544.201,2,4,ps
1778410200.469451,1,275,1.432252,57.64,530.246,545.953,2,4,ps
1778410201.0378222,1,276,1.581084,58.46,519.242,538.528,2,4,ps
1778410201.6106024,1,277,1.139976,56.71,524.578,556.866,2,4,ps
1778410202.1772575,1,278,1.537857,58.1,526.468,543.171,2,4,ps
1778410202.7463639,1,279,1.264875,57.11,537.553,553.054,2,4,ps
1778410203.3155904,1,280,1.100791,57.14,535.445,550.907,2,4,ps
1778410203.8777118,1,281,1.282864,59.73,513.486,527.913,2,4,ps
1778410204.4474964,1,282,1.543429,57.85,524.101,544.149,2,4,ps
1778410205.0121896,1,283,1.710665,59.06,519.402,533.493,2,4,ps
1778410205.5862544,1,284,0.955518,56.59,533.833,556.577,2,4,ps
1778410206.1493268,1,285,1.391661,58.51,523.552,539.704,2,4,ps
1778410206.7313972,1,286,1.334623,55.76,538.737,566.622,2,4,ps
1778410207.3022325,1,287,1.509422,56.94,530.979,553.125,2,4,ps
1778410207.8753161,1,288,1.680412,57.03,532.828,552.758,2,4,ps
1778410208.4426904,1,289,1.341457,57.93,525.177,544.459,2,4,ps
1778410209.0093243,1,290,1.298558,58.07,525.236,542.009,2,4,ps
1778410209.5889854,1,291,1.5005,57.42,530.399,548.281,2,4,ps
1778410210.1844027,1,292,1.466088,54.55,548.404,577.731,2,4,ps
1778410210.7544289,1,293,1.425963,58.6,523.282,537.929,2,4,ps
1778410211.3190637,1,294,1.233633,58.74,518.518,536.003,2,4,ps
1778410211.8936505,1,295,1.480106,57.62,524.773,547.187,2,4,ps
1778410212.4626298,1,296,1.686421,58.36,525.199,539.283,2,4,ps
1778410213.0323808,1,297,1.231716,58.27,517.832,539.85,2,4,ps
1778410213.6004791,1,298,1.609532,57.97,523.585,543.073,2,4,ps
1778410214.182614,1,299,1.326798,56.53,538.959,557.263,2,4,ps
1778410214.7788045,1,300,1.672979,55.74,549.714,566.279,2,4,ps
1778410215.3539908,1,301,1.514804,56.54,541.875,558.389,2,4,ps
1778410215.9267402,1,302,1.238817,58.16,525.615,542.964,2,4,ps
1778410216.498036,1,303,1.676857,58.24,523.196,540.486,2,4,ps
1778410217.0728912,1,304,1.400139,57.93,509.167,544.092,2,4,ps
1778410217.6441855,1,305,1.562108,57.59,523.405,546.574,2,4,ps
1778410218.2123275,1,306,1.48286,58.85,517.015,534.88,2,4,ps
1778410218.7877045,1,307,1.478166,57.23,531.014,550.406,2,4,ps
1778410219.3602312,1,308,1.594741,57.95,527.426,543.953,2,4,ps
1778410219.929343,1,309,1.38521,59.18,518.169,531.716,2,4,ps
1778410220.5017624,1,310,1.231902,57.85,523.926,545.925,2,4,ps
1778410221.0728893,1,311,1.036872,56.9,534.776,553.209,2,4,ps
1778410221.642884,1,312,1.450843,58.14,521.916,542.138,2,4,ps
1778410222.2130165,1,313,1.155772,57.83,524.635,544.356,2,4,ps
1778410222.786457,1,314,1.112584,57.82,510.108,544.209,2,4,ps
1778410223.3580084,1,315,1.038039,57.82,518.315,544.677,2,4,ps
1778410223.9181354,1,316,1.474468,59.5,514.551,530.044,2,4,ps
1778410224.4915698,1,317,1.396167,56.61,530.875,557.704,2,4,ps
1778410225.068294,1,318,1.272845,56.49,530.188,557.651,2,4,ps
1778410225.64091,1,319,1.451293,58.35,524.235,539.57,2,4,ps
1778410226.209082,1,320,1.156104,58.58,512.823,537.547,2,4,ps
1778410226.7867446,1,321,0.969951,56.23,540.655,561.961,2,4,ps
1778410227.3471186,1,322,1.01818,57.97,523.207,544.794,2,4,ps
1778410227.9160318,1,323,0.823171,58.04,512.977,543.198,2,4,ps
1778410228.487273,1,324,1.549768,57.68,526.853,545.953,2,4,ps
1778410229.050655,1,325,1.008059,58.57,522.732,539.177,2,4,ps
1778410229.622371,1,326,1.267799,56.89,529.215,553.294,2,4,ps
1778410230.1903987,1,327,1.407795,59.05,499.208,532.882,2,4,ps
1778410230.775374,1,328,1.21438,56.45,541.58,558.572,2,4,ps
1778410231.3435354,1,329,1.250978,58.51,523.016,538.493,2,4,ps
1778410231.9100904,1,330,1.382883,58.65,520.74,536.73,2,4,ps
1778410232.484168,1,331,1.34362,57.17,531.523,550.838,2,4,ps
1778410233.0496206,1,332,1.015157,57.46,532.17,548.087,2,4,ps
1778410233.6164427,1,333,1.393988,58.41,523.198,540.639,2,4,ps
1778410234.1828904,1,334,1.464049,57.4,532.366,549.585,2,4,ps
1778410234.7865462,1,335,1.201391,54.23,557.49,581.244,2,4,ps
1778410235.3610046,1,336,1.498135,57.78,530.013,544.908,2,4,ps
1778410235.9345698,1,337,1.229805,58.18,524.839,541.17,2,4,ps
1778410236.5110402,1,338,1.673736,57.71,526.744,545.291,2,4,ps
1778410237.0950482,1,339,1.302769,56.96,537.493,554.648,2,4,ps
1778410237.6634505,1,340,1.559417,57.18,534.96,550.764,2,4,ps
1778410238.229198,1,341,1.127477,57.44,526.943,547.719,2,4,ps
1778410238.8018603,1,342,1.651344,58.25,523.482,541.619,2,4,ps
1778410239.3693783,1,343,1.596035,57.32,526.019,549.925,2,4,ps
1778410239.936384,1,344,1.417094,57.56,531.012,546.954,2,4,ps
1778410240.5010593,1,345,1.345744,58.32,523.569,540.959,2,4,ps
1778410241.0744505,1,346,1.03705,56.7,537.058,556.272,2,4,ps
1778410241.6465902,1,347,1.371648,58.18,526.261,542.224,2,4,ps
1778410242.210525,1,348,1.228124,58.19,519.637,541.392,2,4,ps
1778410242.7831333,1,349,0.968998,57.35,517.822,549.174,2,4,ps
1778410243.3488398,1,350,1.584183,57.82,520.919,544.72,2,4,ps
1778410243.9170067,1,351,1.179912,58.64,514.742,538.107,2,4,ps
1778410244.4884145,1,352,1.217013,57.87,524.625,544.13,2,4,ps
1778410245.0654047,1,353,1.134482,57.74,529.779,545.366,2,4,ps
1778410245.6359336,1,354,1.290749,58.31,521.866,539.946,2,4,ps
1778410246.2086766,1,355,1.22204,57.52,524.203,547.292,2,4,ps
1778410246.7943888,1,356,1.425442,56.82,537.837,554.994,2,4,ps
1778410247.3580227,1,357,1.155092,58.72,521.512,536.489,2,4,ps
1778410247.9677975,1,358,1.507576,54.01,556.549,583.702,2,4,ps
1778410248.5591567,1,359,1.380633,55.57,544.885,566.78,2,4,ps
1778410249.1379056,1,360,1.094138,57.29,534.377,550.769,2,4,ps
1778410249.7224016,1,361,1.766954,56.03,545.481,561.555,2,4,ps
1778410250.2863686,1,362,1.280294,59.8,510.974,527.468,2,4,ps
1778410250.8590815,1,363,1.485135,56.73,539.615,555.38,2,4,ps
1778410251.4361432,1,364,1.180748,57.88,526.346,545.396,2,4,ps
1778410252.0297573,1,365,1.286369,55.81,549.718,566.181,2,4,ps
1778410252.6232913,1,366,1.363531,54.7,559.07,576.013,2,4,ps
1778410253.2269344,1,367,1.717202,54.84,550.45,573.92,2,4,ps
1778410253.8439968,1,368,1.100904,53.63,562.02,587.292,2,4,ps
1778410254.4190025,1,369,1.299681,57.58,528.357,546.586,2,4,ps
1778410254.9963577,1,370,1.272913,58.17,527.049,542.846,2,4,ps
1778410255.5947216,1,371,1.128076,54.4,563.362,580.471,2,4,ps
1778410256.1853914,1,372,1.39164,55.0,555.769,572.985,2,4,ps
1778410256.8034196,1,373,1.255553,52.51,580.796,600.803,2,4,ps
1778410257.378379,1,374,1.578477,56.45,542.01,559.07,2,4,ps
1778410257.9484112,1,375,1.394849,58.27,518.359,540.303,2,4,ps
1778410258.544366,1,376,1.071096,55.08,538.176,572.256,2,4,ps
1778410259.1176362,1,377,1.081463,57.94,527.588,543.288,2,4,ps
1778410259.6857884,1,378,1.112289,59.09,514.944,532.616,2,4,ps
1778410260.2496872,1,379,1.33579,58.31,520.653,541.464,2,4,ps
1778410260.8180351,1,380,1.117103,57.22,535.908,552.093,2,4,ps
1778410261.380812,1,381,1.047121,57.73,530.078,545.504,2,4,ps
1778410261.9541762,1,382,1.304528,57.66,524.056,545.9,2,4,ps
1778410262.549565,1,383,1.533695,56.51,538.357,558.567,2,4,ps
1778410263.1221962,1,384,1.141802,56.74,537.109,556.153,2,4,ps
1778410263.69767,1,385,1.15743,56.51,540.991,557.244,2,4,ps
1778410264.2710333,1,386,1.681679,56.62,540.622,556.381,2,4,ps
1778410264.8752065,1,387,1.32862,55.56,551.633,567.075,2,4,ps
1778410265.4615192,1,388,1.268403,56.11,545.671,561.305,2,4,ps
1778410266.030683,1,389,1.250278,58.02,524.622,542.349,2,4,ps
1778410266.630786,1,390,1.700439,34.04,468.411,579.461,2,4,ps
1778410270.2770624,2,0,1.084597,58.86,516.98,534.606,2,4,ps
1778410270.8488538,2,1,0.986738,58.24,523.265,540.244,2,4,ps
1778410271.4121728,2,2,1.590647,58.42,520.443,539.048,2,4,ps
1778410271.9771054,2,3,1.069601,57.49,526.338,549.347,2,4,ps
1778410272.5419583,2,4,0.985418,57.56,518.727,546.909,2,4,ps
1778410273.1307318,2,5,1.316696,55.76,547.665,566.083,2,4,ps
1778410273.7086866,2,6,0.941679,56.83,538.853,555.769,2,4,ps
1778410274.2967222,2,7,1.120549,56.04,531.464,562.798,2,4,ps
1778410274.9146698,2,8,1.318607,53.97,545.979,584.001,2,4,ps
1778410275.4971635,2,9,1.31937,57.77,524.946,545.125,2,4,ps
1778410276.0715702,2,10,1.073892,56.95,538.439,553.641,2,4,ps
1778410276.650016,2,11,1.495673,56.12,544.328,561.242,2,4,ps
1778410277.2174363,2,12,1.244262,58.85,522.537,536.583,2,4,ps
1778410277.8000834,2,13,1.437139,55.77,544.134,564.975,2,4,ps
1778410278.3683038,2,14,0.84219,58.85,522.414,534.82,2,4,ps
1778410278.9389164,2,15,1.161745,57.43,532.295,548.305,2,4,ps
1778410279.5129426,2,16,1.205163,57.72,528.677,545.133,2,4,ps
1778410280.0892491,2,17,0.811687,57.18,531.819,551.118,2,4,ps
1778410280.6580544,2,18,1.198421,58.35,523.68,539.456,2,4,ps
1778410281.2359712,2,19,1.23303,56.91,536.679,553.417,2,4,ps
1778410281.8034642,2,20,1.127521,58.63,517.8,536.963,2,4,ps
1778410282.3889923,2,21,1.336657,56.81,535.952,553.977,2,4,ps
1778410282.9543593,2,22,1.048713,59.2,516.927,531.522,2,4,ps
1778410283.5588024,2,23,1.011322,55.07,557.389,573.241,2,4,ps
1778410284.1324415,2,24,1.447492,56.67,534.058,555.811,2,4,ps
1778410284.7568088,2,25,1.201006,52.36,584.59,602.939,2,4,ps
1778410285.320121,2,26,1.264572,58.14,526.886,543.302,2,4,ps
1778410285.9161468,2,27,1.198277,55.32,553.51,569.611,2,4,ps
1778410286.4945629,2,28,1.299306,57.81,528.82,544.667,2,4,ps
1778410287.065224,2,29,1.215153,58.93,519.835,534.145,2,4,ps
1778410287.6361814,2,30,1.296683,58.14,527.221,542.155,2,4,ps
1778410288.2178626,2,31,1.154287,55.85,549.779,565.72,2,4,ps
1778410288.783449,2,32,0.949342,57.5,528.715,547.616,2,4,ps
1778410289.360454,2,33,1.302401,57.68,527.856,545.549,2,4,ps
1778410289.9408178,2,34,1.170899,56.42,539.418,559.788,2,4,ps
1778410290.5074353,2,35,1.522926,57.35,529.69,550.173,2,4,ps
1778410291.0793295,2,36,1.315976,56.84,535.278,554.686,2,4,ps
1778410291.6472247,2,37,1.2031,58.58,523.374,538.536,2,4,ps
1778410292.2223406,2,38,1.374314,56.47,536.068,558.156,2,4,ps
1778410292.7929995,2,39,1.293973,58.47,523.56,539.46,2,4,ps
1778410293.3685534,2,40,1.358638,56.73,532.371,556.507,2,4,ps
1778410293.9649396,2,41,1.158713,54.52,551.755,579.724,2,4,ps
1778410294.5504901,2,42,1.427024,55.5,538.379,568.869,2,4,ps
1778410295.13194,2,43,1.419569,55.86,539.754,564.151,2,4,ps
1778410295.7157083,2,44,1.192384,57.01,535.546,553.174,2,4,ps
1778410296.2830849,2,45,0.996642,57.82,524.275,544.377,2,4,ps
1778410296.8696675,2,46,1.134357,57.15,536.972,552.111,2,4,ps
1778410297.437972,2,47,1.093593,58.66,515.614,537.313,2,4,ps
1778410298.012604,2,48,1.249752,57.47,533.419,547.583,2,4,ps
1778410298.5896976,2,49,0.918647,57.97,528.147,542.878,2,4,ps
1778410299.1628597,2,50,0.899373,57.67,530.677,545.984,2,4,ps
1778410299.729177,2,51,1.184806,58.45,522.583,540.316,2,4,ps
1778410300.2999156,2,52,1.008474,56.88,534.952,553.318,2,4,ps
1778410300.8665276,2,53,1.081922,58.2,520.541,540.997,2,4,ps
1778410301.4340842,2,54,1.094751,58.44,522.905,539.487,2,4,ps
1778410302.0056736,2,55,1.408584,58.42,524.22,540.494,2,4,ps
1778410302.5708904,2,56,0.934245,57.52,532.676,548.573,2,4,ps
1778410303.138804,2,57,1.577621,57.09,529.37,553.182,2,4,ps
1778410303.7045026,2,58,0.939952,57.51,530.904,547.263,2,4,ps
1778410304.276501,2,59,1.446408,59.08,520.225,532.832,2,4,ps
1778410304.9122667,2,60,0.984294,51.98,576.977,607.312,2,4,ps
1778410305.484207,2,61,1.201882,57.57,530.561,548.065,2,4,ps
1778410306.0644264,2,62,1.118029,56.01,538.659,562.506,2,4,ps
1778410306.6293204,2,63,0.894776,59.15,516.228,532.651,2,4,ps
1778410307.2010384,2,64,1.595885,56.82,527.899,554.084,2,4,ps
1778410307.7718005,2,65,1.066485,57.21,516.967,550.449,2,4,ps
1778410308.3364398,2,66,1.132188,58.38,519.21,539.837,2,4,ps
1778410308.9093955,2,67,1.786853,56.74,535.473,555.249,2,4,ps
1778410309.4714882,2,68,1.452293,58.92,515.043,534.037,2,4,ps
1778410310.0569553,2,69,1.183227,57.06,538.92,552.951,2,4,ps
1778410310.6229098,2,70,1.469034,57.39,525.063,548.788,2,4,ps
1778410311.1988113,2,71,1.004265,57.73,528.355,545.063,2,4,ps
1778410311.7679973,2,72,1.365307,58.47,521.388,538.733,2,4,ps
1778410312.342999,2,73,1.425638,57.7,530.281,545.957,2,4,ps
1778410312.917419,2,74,1.118736,58.53,521.301,537.856,2,4,ps
1778410313.4910996,2,75,1.101626,57.28,533.613,549.742,2,4,ps
1778410314.0668972,2,76,0.869416,57.71,530.341,545.754,2,4,ps
1778410314.6713102,2,77,1.135726,54.17,561.748,581.843,2,4,ps
1778410315.2589574,2,78,1.50649,57.31,532.107,549.22,2,4,ps
1778410315.833454,2,79,1.187077,57.86,530.386,545.45,2,4,ps
1778410316.4093754,2,80,0.975646,56.42,532.793,558.361,2,4,ps
1778410316.9836013,2,81,0.774624,56.54,542.011,559.061,2,4,ps
1778410317.5496142,2,82,1.361918,58.71,511.89,536.282,2,4,ps
1778410318.1309803,2,83,1.373446,56.88,537.345,553.727,2,4,ps
1778410318.69909,2,84,1.039163,58.96,518.161,533.471,2,4,ps
1778410319.2743118,2,85,1.228771,58.05,528.307,543.555,2,4,ps
1778410319.83866,2,86,1.196212,59.29,515.038,530.875,2,4,ps
1778410320.410406,2,87,1.288553,57.53,528.71,548.373,2,4,ps
1778410320.9836607,2,88,1.384432,58.04,528.208,543.05,2,4,ps
1778410321.5513096,2,89,1.070523,57.24,524.142,550.766,2,4,ps
1778410322.1155787,2,90,1.120514,58.07,526.001,541.973,2,4,ps
1778410322.6869416,2,91,1.124375,57.72,529.735,545.363,2,4,ps
1778410323.2523975,2,92,1.120185,59.26,514.804,530.915,2,4,ps
1778410323.8211646,2,93,1.07432,58.51,521.666,538.027,2,4,ps
1778410324.4011443,2,94,1.363439,57.08,528.221,551.961,2,4,ps
1778410324.9868317,2,95,0.838229,56.9,534.037,553.449,2,4,ps
1778410325.572175,2,96,1.201896,56.78,538.803,554.829,2,4,ps
1778410326.1450882,2,97,1.335973,57.51,523.205,547.592,2,4,ps
1778410326.728961,2,98,0.882436,56.28,541.395,560.233,2,4,ps
1778410327.2956138,2,99,0.869151,57.65,518.582,546.053,2,4,ps
1778410327.8633566,2,100,1.187764,58.53,516.321,537.7,2,4,ps
1778410328.4311566,2,101,0.753434,59.55,514.762,528.589,2,4,ps
1778410328.9944127,2,102,1.13886,59.72,510.972,527.599,2,4,ps
1778410329.5596147,2,103,1.241961,58.95,515.847,533.79,2,4,ps
1778410330.125325,2,104,1.306026,58.72,519.627,536.788,2,4,ps
1778410330.7015772,2,105,1.337165,57.02,532.948,552.325,2,4,ps
1778410331.2613661,2,106,1.254434,58.72,517.798,537.272,2,4,ps
1778410331.843143,2,107,1.118579,56.11,544.177,561.037,2,4,ps
1778410332.410835,2,108,0.774648,58.13,526.178,542.705,2,4,ps
1778410332.9860833,2,109,1.520179,58.04,527.546,544.064,2,4,ps
1778410333.5567403,2,110,1.140396,56.9,528.762,553.376,2,4,ps
1778410334.1246853,2,111,1.180892,58.23,525.137,541.255,2,4,ps
1778410334.750994,2,112,1.223837,51.77,585.38,609.1,2,4,ps
1778410335.3231351,2,113,0.840513,56.77,531.672,556.433,2,4,ps
1778410335.8936038,2,114,1.170639,56.9,538.37,553.329,2,4,ps
1778410336.490643,2,115,1.052422,55.62,547.38,566.265,2,4,ps
1778410337.0791352,2,116,1.017089,57.53,529.517,548.57,2,4,ps
1778410337.6444824,2,117,0.830997,58.65,517.249,537.994,2,4,ps
1778410338.213839,2,118,1.070307,58.81,519.965,535.087,2,4,ps
1778410338.782573,2,119,1.12851,57.99,519.445,543.087,2,4,ps
1778410339.351823,2,120,1.446996,57.78,530.212,545.5,2,4,ps
1778410339.9161775,2,121,1.194086,57.53,532.054,547.348,2,4,ps
1778410340.488869,2,122,1.26334,58.3,526.398,540.654,2,4,ps
1778410341.0560532,2,123,1.171436,58.68,517.574,536.468,2,4,ps
1778410341.6527696,2,124,0.811434,55.45,552.486,568.036,2,4,ps
1778410342.2404737,2,125,0.985929,56.18,545.074,561.487,2,4,ps
1778410342.8415484,2,126,1.590693,56.48,539.361,557.634,2,4,ps
1778410343.4497051,2,127,1.273413,54.52,551.079,578.142,2,4,ps
1778410344.031337,2,128,1.018506,57.04,539.255,553.285,2,4,ps
1778410344.637258,2,129,0.965864,53.59,572.041,588.654,2,4,ps
1778410345.2934644,2,130,1.189381,51.07,599.748,618.803,2,4,ps
1778410345.9103906,2,131,1.105867,52.66,583.811,599.396,2,4,ps
1778410346.53852,2,132,1.460539,51.64,586.301,610.97,2,4,ps
1778410347.152649,2,133,1.02659,53.78,566.617,585.989,2,4,ps
1778410347.7303329,2,134,1.010378,57.2,523.763,550.677,2,4,ps
1778410348.3213747,2,135,0.982705,55.69,546.853,565.772,2,4,ps
1778410348.9020798,2,136,0.846991,56.89,534.461,555.37,2,4,ps
1778410349.486064,2,137,1.281536,58.05,528.294,543.46,2,4,ps
1778410350.082172,2,138,1.003284,55.99,546.687,562.719,2,4,ps
1778410350.6791763,2,139,1.091249,55.52,553.166,567.489,2,4,ps
1778410351.2641025,2,140,1.300934,56.19,543.841,562.283,2,4,ps
1778410351.8393605,2,141,1.238459,56.54,533.725,557.812,2,4,ps
1778410352.4142103,2,142,0.622555,56.5,535.513,558.571,2,4,ps
1778410353.0251148,2,143,0.864284,54.21,553.911,581.352,2,4,ps
1778410353.6189628,2,144,0.946913,55.09,552.633,573.564,2,4,ps
1778410354.2081587,2,145,1.205692,57.42,532.524,548.401,2,4,ps
1778410354.892033,2,146,1.336329,47.82,640.733,660.943,2,4,ps
1778410355.4651349,2,147,1.138489,58.59,522.674,538.986,2,4,ps
1778410356.0450964,2,148,1.1868,56.5,542.28,557.551,2,4,ps
1778410356.6337945,2,149,0.869885,56.44,538.167,558.739,2,4,ps
1778410357.2355797,2,150,0.90833,55.49,543.155,569.304,2,4,ps
1778410357.8239484,2,151,1.235342,55.36,540.676,569.056,2,4,ps
1778410358.4156747,2,152,1.003191,56.65,543.56,556.634,2,4,ps
1778410358.9862158,2,153,1.433568,56.91,538.156,554.276,2,4,ps
1778410359.5678906,2,154,0.966238,57.38,531.054,550.359,2,4,ps
1778410360.133913,2,155,0.906764,57.49,531.183,547.316,2,4,ps
1778410360.7103567,2,156,1.250945,58.08,527.894,542.757,2,4,ps
1778410361.2749941,2,157,0.83308,58.8,519.353,536.686,2,4,ps
1778410361.845206,2,158,0.965156,58.64,520.955,536.672,2,4,ps
1778410362.4313185,2,159,0.982342,57.42,535.408,549.065,2,4,ps
1778410363.0262275,2,160,1.200622,55.03,555.723,573.356,2,4,ps
1778410363.610414,2,161,1.204416,57.81,531.657,545.799,2,4,ps
1778410364.1953664,2,162,0.801298,55.59,541.63,566.58,2,4,ps
1778410364.8140118,2,163,0.971417,54.03,570.459,583.628,2,4,ps
1778410365.4014459,2,164,1.207266,55.89,543.92,563.811,2,4,ps
1778410365.971555,2,165,1.033146,58.12,521.452,541.858,2,4,ps
1778410366.5508537,2,166,0.890378,56.56,529.905,557.427,2,4,ps
1778410367.1277895,2,167,0.912805,57.28,533.147,550.375,2,4,ps
1778410367.70827,2,168,1.227428,56.41,544.808,560.046,2,4,ps
1778410368.2940068,2,169,1.333349,57.03,533.033,553.901,2,4,ps
1778410368.8614814,2,170,1.136445,59.64,497.886,527.649,2,4,ps
1778410369.4346108,2,171,0.9397,57.78,520.935,546.591,2,4,ps
1778410370.006757,2,172,1.29037,59.09,517.151,534.345,2,4,ps
1778410370.5747876,2,173,1.556246,57.17,523.431,551.916,2,4,ps
1778410371.141713,2,174,0.845717,57.41,533.952,549.583,2,4,ps
1778410371.7087357,2,175,1.18064,57.28,531.373,551.305,2,4,ps
1778410372.2752295,2,176,0.968237,57.31,536.137,551.1,2,4,ps
1778410372.8448474,2,177,1.261989,57.19,536.13,552.174,2,4,ps
1778410373.4155407,2,178,1.103656,58.56,522.898,537.448,2,4,ps
1778410374.0018115,2,179,1.301959,56.24,541.913,559.459,2,4,ps
1778410374.580432,2,180,0.866872,57.65,528.736,545.817,2,4,ps
1778410375.1701756,2,181,1.132907,56.21,541.775,560.198,2,4,ps
1778410375.748475,2,182,1.476925,57.29,530.383,549.387,2,4,ps
1778410376.3349502,2,183,0.842103,56.52,539.468,558.861,2,4,ps
1778410376.9389474,2,184,1.121606,53.74,564.382,586.399,2,4,ps
1778410377.511034,2,185,1.514517,58.22,526.6,542.434,2,4,ps
1778410378.0894442,2,186,1.01753,56.16,535.973,560.847,2,4,ps
1778410378.7079308,2,187,0.934864,53.78,566.131,587.781,2,4,ps
1778410379.3158395,2,188,0.841657,53.46,565.681,589.497,2,4,ps
1778410379.9056766,2,189,1.148,55.86,548.396,564.636,2,4,ps
1778410380.494518,2,190,1.161263,56.57,539.022,556.894,2,4,ps
1778410381.0889463,2,191,0.956,55.93,545.118,564.234,2,4,ps
1778410381.6846075,2,192,1.392535,54.48,540.456,579.212,2,4,ps
1778410382.301574,2,193,1.185572,53.99,565.35,583.926,2,4,ps
1778410382.8899696,2,194,0.878822,55.83,540.94,565.339,2,4,ps
1778410383.499455,2,195,1.060237,53.28,556.334,592.258,2,4,ps
1778410384.157503,2,196,1.001011,50.63,591.113,624.371,2,4,ps
1778410384.8230135,2,197,0.906382,49.87,589.693,633.461,2,4,ps
1778410385.4652169,2,198,0.863259,51.59,595.369,612.281,2,4,ps
1778410386.046699,2,199,1.174679,56.55,530.316,557.327,2,4,ps
1778410386.624074,2,200,1.031267,57.59,530.455,546.925,2,4,ps
1778410387.2066588,2,201,1.147753,57.37,527.513,550.572,2,4,ps
1778410387.8168576,2,202,0.63969,54.36,564.77,579.522,2,4,ps
1778410388.4049098,2,203,1.55131,57.55,528.673,546.872,2,4,ps
1778410389.0244849,2,204,0.963151,53.67,572.578,587.46,2,4,ps
1778410389.604184,2,205,0.77481,56.41,541.365,558.426,2,4,ps
1778410390.1972625,2,206,1.183574,55.13,555.809,572.26,2,4,ps
1778410390.768918,2,207,0.880668,57.48,528.405,549.127,2,4,ps
1778410391.3472235,2,208,1.166986,56.2,537.715,560.853,2,4,ps
1778410391.915269,2,209,1.011699,58.29,523.84,541.761,2,4,ps
1778410392.4946184,2,210,1.437802,56.97,508.616,553.031,2,4,ps
1778410393.0647612,2,211,0.982912,57.36,523.717,549.925,2,4,ps
1778410393.6437263,2,212,1.282502,57.59,524.115,546.922,2,4,ps
1778410394.224542,2,213,1.079328,57.14,534.964,551.311,2,4,ps
1778410394.8552988,2,214,0.997835,52.59,583.554,599.185,2,4,ps
1778410395.4267282,2,215,1.125392,57.99,524.808,544.031,2,4,ps
1778410396.0050263,2,216,1.465077,56.92,536.524,553.928,2,4,ps
1778410396.5687988,2,217,1.316334,59.07,514.959,534.411,2,4,ps
1778410397.1425042,2,218,0.794302,57.63,525.32,546.284,2,4,ps
1778410397.7117174,2,219,1.251991,57.88,526.438,543.892,2,4,ps
1778410398.279157,2,220,0.924876,58.36,514.348,540.452,2,4,ps
1778410398.8485022,2,221,1.028226,57.05,524.512,551.753,2,4,ps
1778410399.4361598,2,222,0.769626,55.83,541.411,564.083,2,4,ps
1778410400.0306702,2,223,1.194087,55.2,551.027,570.821,2,4,ps
1778410400.6161287,2,224,0.958148,56.62,533.205,556.248,2,4,ps
1778410401.1880207,2,225,1.149783,58.93,514.767,533.984,2,4,ps
1778410401.7726064,2,226,0.996647,56.16,535.35,561.383,2,4,ps
1778410402.3717954,2,227,1.1888,55.47,547.585,568.161,2,4,ps
1778410402.9870303,2,228,0.92618,54.06,556.901,582.925,2,4,ps
1778410403.5793009,2,229,1.443663,55.15,539.516,570.97,2,4,ps
1778410404.2038398,2,230,0.808645,53.26,566.189,590.962,2,4,ps
1778410404.8834352,2,231,0.9788,48.8,628.129,646.347,2,4,ps
1778410405.483378,2,232,1.537744,54.76,550.089,575.722,2,4,ps
1778410406.0837026,2,233,0.789123,54.72,557.101,576.004,2,4,ps
1778410406.6652927,2,234,1.346918,56.1,547.381,563.061,2,4,ps
1778410407.2989984,2,235,1.162519,52.25,585.058,604.667,2,4,ps
1778410407.902956,2,236,0.865999,53.81,568.327,586.238,2,4,ps
1778410408.503495,2,237,0.886713,54.74,545.115,576.273,2,4,ps
1778410409.0868208,2,238,1.111291,57.87,527.167,545.636,2,4,ps
1778410409.68927,2,239,0.912125,53.9,565.012,584.325,2,4,ps
1778410410.3037825,2,240,1.066565,55.11,556.791,572.766,2,4,ps
1778410410.8945642,2,241,1.24847,55.03,553.759,573.632,2,4,ps
1778410411.5254977,2,242,0.784967,52.78,569.254,599.193,2,4,ps
1778410412.1007404,2,243,1.073697,56.5,536.19,557.359,2,4,ps
1778410412.6896174,2,244,0.961276,55.19,546.217,570.936,2,4,ps
1778410413.2710536,2,245,1.061196,56.72,537.93,555.29,2,4,ps
1778410413.8662877,2,246,1.189468,55.98,546.994,562.89,2,4,ps
1778410414.455936,2,247,0.894765,56.25,537.502,559.745,2,4,ps
1778410415.1215632,2,248,1.022889,49.8,608.951,633.802,2,4,ps
1778410415.7410645,2,249,1.400428,53.15,571.812,594.065,2,4,ps
1778410416.3426926,2,250,1.128694,54.44,562.655,580.549,2,4,ps
1778410416.9535217,2,251,1.135064,53.19,576.204,593.315,2,4,ps
1778410417.5741296,2,252,0.937842,53.78,569.456,587.97,2,4,ps
1778410418.1968706,2,253,0.743637,52.82,574.595,597.545,2,4,ps
1778410418.800433,2,254,0.889079,55.43,546.27,568.03,2,4,ps
1778410419.4106517,2,255,0.867456,54.63,536.712,576.396,2,4,ps
1778410420.0283127,2,256,1.167876,54.66,558.78,578.153,2,4,ps
1778410420.6484199,2,257,1.171432,52.31,579.752,603.646,2,4,ps
1778410421.241621,2,258,0.946743,55.31,549.4,569.572,2,4,ps
1778410421.8363106,2,259,1.007008,55.05,558.33,573.532,2,4,ps
1778410422.4434392,2,260,0.813368,53.61,571.439,588.137,2,4,ps
1778410423.0319877,2,261,0.910648,56.08,541.006,562.043,2,4,ps
1778410423.6175725,2,262,1.1166,57.25,539.389,551.744,2,4,ps
1778410424.2074804,2,263,1.330388,55.74,548.571,565.196,2,4,ps
1778410424.8449953,2,264,1.298643,51.96,587.078,606.631,2,4,ps
1778410425.4301896,2,265,1.309529,56.66,537.551,555.967,2,4,ps
1778410426.0147133,2,266,1.02067,56.21,541.527,560.901,2,4,ps
1778410426.6202924,2,267,1.038598,55.33,555.166,570.403,2,4,ps
1778410427.2170625,2,268,1.242647,55.59,550.464,567.895,2,4,ps
1778410427.7940204,2,269,1.025333,56.32,540.556,560.501,2,4,ps
1778410428.3772056,2,270,1.256065,56.14,538.604,561.193,2,4,ps
1778410428.9522896,2,271,1.046381,57.28,530.551,550.035,2,4,ps
1778410429.595419,2,272,0.786526,52.12,587.898,606.15,2,4,ps
1778410430.1964014,2,273,1.54427,54.52,556.811,578.271,2,4,ps
1778410430.7792923,2,274,1.149756,55.91,549.337,565.109,2,4,ps
1778410431.4181788,2,275,0.983167,50.83,603.443,620.213,2,4,ps
1778410432.018463,2,276,0.98812,56.23,539.487,560.107,2,4,ps
1778410432.6140935,2,277,0.947599,54.57,544.963,577.583,2,4,ps
1778410433.196797,2,278,0.781555,57.62,535.499,548.455,2,4,ps
1778410433.7895422,2,279,0.839165,55.68,538.237,565.937,2,4,ps
1778410434.3963873,2,280,1.369679,54.15,563.235,581.897,2,4,ps
1778410435.0258682,2,281,1.008438,52.59,581.592,601.011,2,4,ps
1778410435.6438572,2,282,1.059603,53.83,568.945,585.682,2,4,ps
1778410436.2252288,2,283,1.146807,56.49,542.702,559.057,2,4,ps
1778410436.8273273,2,284,1.022249,53.98,566.302,583.912,2,4,ps
1778410437.4508972,2,285,0.966666,52.41,583.093,603.315,2,4,ps
1778410438.1064563,2,286,0.645795,49.53,604.598,637.033,2,4,ps
1778410438.7292407,2,287,1.029385,52.68,561.313,599.621,2,4,ps
1778410439.3426487,2,288,1.357149,53.59,563.575,588.295,2,4,ps
1778410439.9320292,2,289,0.867489,56.0,541.854,564.192,2,4,ps
1778410440.5053077,2,290,1.223325,56.71,536.56,557.05,2,4,ps
1778410441.0890472,2,291,0.883935,55.62,551.354,567.031,2,4,ps
1778410441.7076447,2,292,0.934876,54.22,566.074,581.316,2,4,ps
1778410442.3542945,2,293,0.952404,51.87,580.095,608.038,2,4,ps
1778410442.9292421,2,294,1.123619,57.33,527.976,549.408,2,4,ps
1778410443.5129879,2,295,1.58537,55.98,546.682,562.84,2,4,ps
1778410444.1058836,2,296,1.013409,55.51,551.271,567.485,2,4,ps
1778410444.7558973,2,297,1.081293,50.75,601.595,621.478,2,4,ps
1778410445.368272,2,298,1.503667,54.92,553.603,573.85,2,4,ps
1778410446.0068612,2,299,1.18294,52.26,584.975,603.608,2,4,ps
1778410446.6205158,2,300,0.864321,53.82,568.852,585.985,2,4,ps
1778410447.2472117,2,301,0.829233,53.29,560.609,593.255,2,4,ps
1778410447.8514795,2,302,1.16513,54.53,557.513,577.788,2,4,ps
1778410448.4450443,2,303,0.959481,56.33,543.37,559.994,2,4,ps
1778410449.0151322,2,304,0.850901,58.21,523.322,540.971,2,4,ps
1778410449.590105,2,305,0.972086,57.48,520.498,547.978,2,4,ps
1778410450.1988688,2,306,0.895494,53.91,549.421,584.715,2,4,ps
1778410450.7826304,2,307,1.467317,55.82,536.129,564.384,2,4,ps
1778410451.3668208,2,308,1.05016,56.99,540.322,553.714,2,4,ps
1778410451.9841876,2,309,0.921498,53.09,568.189,593.89,2,4,ps
1778410452.5852041,2,310,1.096063,55.16,554.2,570.841,2,4,ps
1778410453.18718,2,311,0.841183,56.13,548.201,560.961,2,4,ps
1778410453.7763333,2,312,0.928416,56.65,534.097,555.715,2,4,ps
1778410454.3581243,2,313,0.675755,56.88,530.904,553.18,2,4,ps
1778410454.9921606,2,314,1.011487,52.29,571.915,602.992,2,4,ps
1778410455.578852,2,315,0.850449,56.4,527.671,545.278,2,4,ps
1778410456.1694624,2,316,1.19487,55.78,545.661,564.494,2,4,ps
1778410456.7425716,2,317,1.079587,58.37,523.644,539.082,2,4,ps
1778410457.3414254,2,318,0.941991,55.39,552.318,568.621,2,4,ps
1778410457.9161124,2,319,0.905311,57.89,525.641,543.64,2,4,ps
1778410458.4888284,2,320,0.863191,57.41,523.882,549.585,2,4,ps
1778410459.0631423,2,321,0.922437,56.55,535.578,556.766,2,4,ps
1778410459.643968,2,322,1.060397,55.9,536.477,563.62,2,4,ps
1778410460.219497,2,323,0.642322,57.96,529.286,543.157,2,4,ps
1778410460.7879772,2,324,1.041266,57.92,521.988,543.537,2,4,ps
1778410461.368868,2,325,0.820012,56.59,537.428,556.529,2,4,ps
1778410461.9489958,2,326,1.152619,56.99,536.951,552.519,2,4,ps
1778410462.515658,2,327,0.689516,58.37,522.564,539.299,2,4,ps
1778410463.109741,2,328,0.945095,55.39,554.438,570.485,2,4,ps
1778410463.692003,2,329,1.251508,55.84,543.276,564.232,2,4,ps
1778410464.2653236,2,330,1.061393,57.83,531.079,546.229,2,4,ps
1778410464.9039483,2,331,0.714404,50.8,603.165,621.513,2,4,ps
1778410465.4777231,2,332,0.647557,57.34,530.651,550.187,2,4,ps
1778410466.04745,2,333,0.760258,57.55,526.196,548.148,2,4,ps
1778410466.612362,2,334,0.926502,58.33,518.301,540.599,2,4,ps
1778410467.1904807,2,335,1.161411,57.66,524.789,545.989,2,4,ps
1778410467.7624493,2,336,0.722288,58.07,524.579,541.782,2,4,ps
1778410468.3364782,2,337,0.768912,57.74,529.035,545.187,2,4,ps
1778410468.9025,2,338,0.890847,58.92,519.223,535.9,2,4,ps
1778410469.4763896,2,339,1.667545,56.69,540.513,555.684,2,4,ps
1778410470.0388021,2,340,0.937451,58.88,519.568,536.253,2,4,ps
1778410470.6129816,2,341,1.310257,56.65,530.605,555.999,2,4,ps
1778410471.1781266,2,342,1.30753,58.11,518.539,541.916,2,4,ps
1778410471.7534115,2,343,1.121659,57.34,529.803,549.077,2,4,ps
1778410472.3244505,2,344,0.849946,59.07,520.856,533.935,2,4,ps
1778410472.8965778,2,345,0.97363,57.42,529.602,549.087,2,4,ps
1778410473.4628713,2,346,0.996513,59.45,517.048,530.487,2,4,ps
1778410474.0455558,2,347,0.843684,55.75,548.517,564.978,2,4,ps
1778410474.6236608,2,348,1.029585,57.96,520.018,543.307,2,4,ps
1778410475.2100437,2,349,0.936916,55.9,544.729,563.655,2,4,ps
1778410475.779461,2,350,0.728052,58.02,521.107,542.829,2,4,ps
1778410476.3471313,2,351,1.09488,58.0,525.851,542.971,2,4,ps
1778410476.9307916,2,352,1.046539,56.0,546.395,563.586,2,4,ps
1778410477.5171647,2,353,1.105669,56.27,543.004,560.915,2,4,ps
1778410478.0910347,2,354,0.970666,56.75,534.123,555.053,2,4,ps
1778410478.6632495,2,355,0.980325,57.99,522.908,542.956,2,4,ps
1778410479.2315433,2,356,0.975033,58.39,520.818,540.252,2,4,ps
1778410479.8156626,2,357,1.108439,56.76,531.217,555.417,2,4,ps
1778410480.3856978,2,358,1.038194,57.0,536.997,553.547,2,4,ps
1778410480.9668362,2,359,0.810193,56.38,542.287,558.917,2,4,ps
1778410481.5413177,2,360,1.02962,56.94,539.853,554.772,2,4,ps
1778410482.113704,2,361,0.979367,56.78,539.537,554.564,2,4,ps
1778410482.682012,2,362,1.291664,58.53,524.075,539.043,2,4,ps
1778410483.2516196,2,363,1.016162,56.83,534.074,554.258,2,4,ps
1778410483.8289013,2,364,1.170558,57.99,527.821,542.672,2,4,ps
1778410484.4282897,2,365,1.044261,54.58,556.171,578.939,2,4,ps
1778410485.0607028,2,366,0.973157,51.28,597.065,615.053,2,4,ps
1778410485.632133,2,367,0.675803,58.15,522.222,540.929,2,4,ps
1778410486.2116127,2,368,0.764898,57.35,532.684,549.732,2,4,ps
1778410486.7950637,2,369,1.358562,57.09,537.135,552.263,2,4,ps
1778410487.3915536,2,370,0.569788,55.02,547.447,572.776,2,4,ps
1778410487.9610136,2,371,0.709444,58.49,524.845,538.827,2,4,ps
1778410488.5380301,2,372,1.569131,57.06,535.0,551.986,2,4,ps
1778410489.1088934,2,373,1.070179,58.52,519.964,537.746,2,4,ps
1778410489.6880398,2,374,0.754169,57.15,534.18,552.704,2,4,ps
1778410490.261108,2,375,0.730009,56.85,530.183,555.206,2,4,ps
1778410490.8335752,2,376,0.599012,57.15,531.747,552.121,2,4,ps
1778410491.4081066,2,377,0.741596,56.56,541.629,556.888,2,4,ps
1778410491.9779007,2,378,0.924052,59.25,518.819,531.36,2,4,ps
1778410492.543818,2,379,1.38787,59.04,512.741,533.143,2,4,ps
1778410493.123137,2,380,1.156209,57.75,518.475,545.237,2,4,ps
1778410493.6953456,2,381,1.078626,58.24,525.205,540.56,2,4,ps
1778410494.2665358,2,382,1.094019,58.11,525.276,542.417,2,4,ps
1778410494.9033856,2,383,0.978016,50.93,603.15,620.967,2,4,ps
1778410495.494788,2,384,0.783691,54.94,555.136,573.913,2,4,ps
1778410496.0801528,2,385,0.838098,56.9,530.291,553.553,2,4,ps
1778410496.6820176,2,386,1.109552,56.03,547.454,563.107,2,4,ps
1778410497.3368387,2,387,1.151488,51.04,595.407,618.179,2,4,ps
1778410497.9660318,2,388,0.613924,52.62,578.411,599.458,2,4,ps
1778410498.6106951,2,389,0.760301,51.55,596.11,613.499,2,4,ps
1778410499.1903563,2,390,0.687691,34.89,527.196,564.164,2,4,ps
1778410502.793308,3,0,0.862955,55.97,541.922,563.802,2,4,ps
1778410503.3899908,3,1,1.275597,55.62,549.22,567.151,2,4,ps
1778410504.0012786,3,2,0.900432,53.21,575.2,592.291,2,4,ps
1778410504.580829,3,3,0.568091,56.84,538.137,554.768,2,4,ps
1778410505.2146049,3,4,0.86022,51.78,581.084,609.141,2,4,ps
1778410505.8459551,3,5,0.81116,51.95,557.427,608.717,2,4,ps
1778410506.4476554,3,6,1.383005,54.0,567.455,583.806,2,4,ps
1778410507.0435784,3,7,0.842911,55.77,550.001,564.786,2,4,ps
1778410507.6235018,3,8,1.147175,56.56,538.701,556.953,2,4,ps
1778410508.1978242,3,9,0.821727,57.94,524.38,543.484,2,4,ps
1778410508.77806,3,10,1.101963,56.75,537.221,555.328,2,4,ps
1778410509.3545227,3,11,1.088299,58.31,529.413,541.635,2,4,ps
1778410509.9442894,3,12,1.047996,55.39,552.35,568.902,2,4,ps
1778410510.5204525,3,13,0.773918,57.69,530.205,545.343,2,4,ps
1778410511.1256151,3,14,0.956863,55.41,556.505,569.809,2,4,ps
1778410511.6989977,3,15,0.818719,56.67,538.551,555.719,2,4,ps
1778410512.3017185,3,16,0.781741,54.82,556.166,574.956,2,4,ps
1778410512.8824399,3,17,0.718949,57.12,534.572,551.211,2,4,ps
1778410513.4804,3,18,1.078655,55.19,547.02,571.128,2,4,ps
1778410514.0614033,3,19,0.777979,57.0,522.853,552.659,2,4,ps
1778410514.6431692,3,20,0.744232,56.44,539.172,558.264,2,4,ps
1778410515.2639415,3,21,0.714846,53.01,575.57,594.58,2,4,ps
1778410515.8568034,3,22,0.994999,57.07,535.005,551.828,2,4,ps
1778410516.4410894,3,23,0.685359,57.03,537.523,553.265,2,4,ps
1778410517.0305762,3,24,0.911912,55.18,545.637,570.804,2,4,ps
1778410517.6142216,3,25,1.149549,56.92,535.867,554.406,2,4,ps
1778410518.200449,3,26,0.784208,56.31,538.558,560.542,2,4,ps
1778410518.7676716,3,27,1.000368,58.0,524.188,543.556,2,4,ps
1778410519.3505268,3,28,0.789507,56.53,539.082,558.813,2,4,ps
1778410519.9291623,3,29,0.418357,56.11,538.52,561.211,2,4,ps
1778410520.521467,3,30,0.801213,56.2,538.869,560.58,2,4,ps
1778410521.132315,3,31,0.878595,54.03,560.009,585.078,2,4,ps
1778410521.715202,3,32,0.735909,55.75,541.514,566.065,2,4,ps
1778410522.3760037,3,33,1.623343,49.4,604.878,639.016,2,4,ps
1778410522.9507492,3,34,1.006273,56.86,537.738,555.292,2,4,ps
1778410523.5236309,3,35,0.773887,56.69,535.148,556.262,2,4,ps
1778410524.1006846,3,36,0.969224,57.09,519.654,552.716,2,4,ps
1778410524.6725614,3,37,0.699894,58.33,519.966,540.002,2,4,ps
1778410525.2568452,3,38,0.680817,56.43,541.073,558.873,2,4,ps
1778410525.8482308,3,39,0.911174,55.53,540.301,567.313,2,4,ps
1778410526.4441772,3,40,1.10753,55.54,546.991,568.872,2,4,ps
1778410527.096855,3,41,0.761472,51.22,599.415,615.789,2,4,ps
1778410527.696763,3,42,1.291727,55.5,545.181,567.986,2,4,ps
1778410528.32603,3,43,0.798725,53.18,567.977,593.148,2,4,ps
1778410528.9450548,3,44,0.857058,53.26,571.835,593.366,2,4,ps
1778410529.584677,3,45,0.735139,50.8,604.412,620.927,2,4,ps
1778410530.2268274,3,46,0.899564,51.73,593.545,611.332,2,4,ps
1778410530.852429,3,47,0.79392,51.91,590.74,609.238,2,4,ps
1778410531.4505806,3,48,1.033036,55.57,545.46,568.499,2,4,ps
1778410532.0410907,3,49,0.761465,55.84,547.622,563.586,2,4,ps
1778410532.6229537,3,50,0.944981,57.0,533.628,553.106,2,4,ps
1778410533.1991777,3,51,1.135226,57.23,531.163,550.349,2,4,ps
1778410533.7815862,3,52,0.884636,56.81,538.501,554.318,2,4,ps
1778410534.373037,3,53,0.965334,54.94,556.094,574.072,2,4,ps
1778410535.0325193,3,54,1.057475,50.34,602.133,626.443,2,4,ps
1778410535.6242554,3,55,1.073706,56.31,542.64,560.253,2,4,ps
1778410536.201735,3,56,0.653051,57.75,529.502,545.259,2,4,ps
1778410536.76643,3,57,0.740725,58.14,526.363,541.696,2,4,ps
1778410537.386439,3,58,0.592663,53.84,567.917,586.089,2,4,ps
1778410537.9598296,3,59,1.180742,58.85,522.746,536.514,2,4,ps
1778410538.5513308,3,60,0.997627,54.91,553.646,573.932,2,4,ps
1778410539.140353,3,61,1.127566,56.33,530.83,558.979,2,4,ps
1778410539.7389872,3,62,1.236809,55.65,548.703,565.853,2,4,ps
1778410540.3170621,3,63,0.807806,56.87,537.932,554.181,2,4,ps
1778410540.9087052,3,64,0.82457,54.94,556.433,574.281,2,4,ps
1778410541.510667,3,65,0.968115,54.97,534.203,574.781,2,4,ps
1778410542.1211174,3,66,1.150891,53.32,573.971,591.992,2,4,ps
1778410542.7433853,3,67,1.090579,53.77,570.512,587.469,2,4,ps
1778410543.3531384,3,68,1.150117,53.77,568.094,587.893,2,4,ps
1778410543.974293,3,69,1.183209,53.79,564.19,586.817,2,4,ps
1778410544.6081843,3,70,1.159348,51.81,584.856,609.155,2,4,ps
1778410545.237989,3,71,1.233668,52.98,568.389,595.07,2,4,ps
1778410545.9084315,3,72,1.136242,48.46,606.403,651.424,2,4,ps
1778410546.5265656,3,73,0.867751,53.64,567.134,587.939,2,4,ps
1778410547.1164088,3,74,1.150573,55.71,549.228,565.579,2,4,ps
1778410547.708063,3,75,1.32269,56.13,547.339,562.916,2,4,ps
1778410548.3150785,3,76,1.031737,55.07,552.031,573.8,2,4,ps
1778410548.9280856,3,77,1.242525,52.94,566.55,595.679,2,4,ps
1778410549.5132675,3,78,0.71525,56.83,538.99,554.124,2,4,ps
1778410550.0769174,3,79,0.570987,58.5,521.107,538.094,2,4,ps
1778410550.6812513,3,80,0.917064,54.78,559.22,576.336,2,4,ps
1778410551.2556672,3,81,1.292215,58.21,526.893,540.998,2,4,ps
1778410551.832718,3,82,0.615236,57.25,536.027,550.134,2,4,ps
1778410552.4166434,3,83,1.206907,56.68,537.787,555.677,2,4,ps
1778410552.9976315,3,84,1.135073,56.67,536.358,557.058,2,4,ps
1778410553.579208,3,85,1.081107,55.9,536.052,562.793,2,4,ps
1778410554.1631222,3,86,1.083281,57.3,531.383,549.429,2,4,ps
1778410554.7612731,3,87,0.678552,55.24,554.275,571.606,2,4,ps
1778410555.3496485,3,88,0.908897,55.21,555.04,570.875,2,4,ps
1778410555.9608245,3,89,0.793851,54.52,559.692,577.496,2,4,ps
1778410556.5701838,3,90,0.586818,55.15,546.713,570.929,2,4,ps
1778410557.1665392,3,91,0.670524,54.77,559.53,575.055,2,4,ps
1778410557.7545195,3,92,0.893924,55.49,547.924,567.774,2,4,ps
1778410558.371006,3,93,0.54376,53.97,566.27,584.245,2,4,ps
1778410558.9944074,3,94,0.640132,53.31,567.321,592.943,2,4,ps
1778410559.5766504,3,95,1.036992,55.79,545.159,565.757,2,4,ps
1778410560.1474228,3,96,1.15273,58.24,515.827,542.284,2,4,ps
1778410560.7184355,3,97,0.740781,56.92,530.027,553.09,2,4,ps
1778410561.2897987,3,98,0.87503,57.56,522.018,546.764,2,4,ps
1778410561.8940153,3,99,0.84453,53.73,571.3,586.74,2,4,ps
1778410562.481607,3,100,0.626133,55.98,545.272,563.367,2,4,ps
1778410563.0829031,3,101,1.031034,54.07,563.973,582.994,2,4,ps
1778410563.661082,3,102,1.032908,57.66,531.208,547.325,2,4,ps
1778410564.2356079,3,103,0.964056,57.8,517.423,545.284,2,4,ps
1778410564.8113554,3,104,1.386377,57.01,531.688,553.491,2,4,ps
1778410565.4185119,3,105,0.940749,54.74,557.336,577.317,2,4,ps
1778410565.9910896,3,106,0.978535,56.75,535.093,555.058,2,4,ps
1778410566.5613587,3,107,0.868369,58.04,522.743,542.349,2,4,ps
1778410567.1482658,3,108,1.017603,55.96,546.244,563.15,2,4,ps
1778410567.7190955,3,109,0.690856,58.13,520.76,541.415,2,4,ps
1778410568.285619,3,110,0.847282,59.73,514.421,526.784,2,4,ps
1778410568.855878,3,111,0.837495,57.37,531.258,548.91,2,4,ps
1778410569.4558706,3,112,0.815652,55.0,548.906,572.809,2,4,ps
1778410570.0349007,3,113,1.033191,57.43,534.782,549.076,2,4,ps
1778410570.6020474,3,114,0.843562,57.96,526.662,543.311,2,4,ps
1778410571.1751063,3,115,0.959727,57.79,519.322,544.788,2,4,ps
1778410571.739589,3,116,0.605927,59.44,514.929,529.381,2,4,ps
1778410572.3133304,3,117,1.09472,58.05,522.873,543.371,2,4,ps
1778410572.8764122,3,118,0.672741,57.59,522.645,546.838,2,4,ps
1778410573.4412677,3,119,0.809849,58.31,526.521,541.608,2,4,ps
1778410574.0123897,3,120,1.031274,57.99,514.657,543.068,2,4,ps
1778410574.5840538,3,121,0.877989,58.05,508.61,542.268,2,4,ps
1778410575.1874895,3,122,0.787185,55.27,537.217,571.706,2,4,ps
1778410575.7572742,3,123,0.662422,57.08,530.312,551.871,2,4,ps
1778410576.3224056,3,124,0.943551,58.62,521.919,536.968,2,4,ps
1778410576.8997228,3,125,1.013502,57.24,532.14,551.818,2,4,ps
1778410577.468675,3,126,0.984919,57.09,536.804,552.294,2,4,ps
1778410578.030872,3,127,0.918304,58.14,527.304,543.164,2,4,ps
1778410578.6145375,3,128,0.875272,55.66,536.433,567.646,2,4,ps
1778410579.1844862,3,129,0.911424,56.99,529.695,554.328,2,4,ps
1778410579.8006804,3,130,0.777179,53.34,512.6,592.394,2,4,ps
1778410580.3907928,3,131,1.077615,55.03,541.09,572.798,2,4,ps
1778410580.9613595,3,132,1.298934,57.46,527.195,549.704,2,4,ps
1778410581.5325503,3,133,0.747889,57.95,522.758,545.015,2,4,ps
1778410582.1101227,3,134,0.591878,57.82,515.356,545.124,2,4,ps
1778410582.6841004,3,135,1.049199,56.6,532.669,557.256,2,4,ps
1778410583.2515125,3,136,0.866615,58.5,523.787,538.826,2,4,ps
1778410583.8543687,3,137,0.523648,55.38,550.974,569.064,2,4,ps
1778410584.4442523,3,138,0.771393,56.38,537.285,559.303,2,4,ps
1778410585.0857425,3,139,1.557097,50.54,603.621,625.336,2,4,ps
1778410585.6753912,3,140,0.927971,56.86,540.204,555.289,2,4,ps
1778410586.2699203,3,141,0.665656,54.81,556.564,574.986,2,4,ps
1778410586.858351,3,142,0.882398,55.91,547.571,563.618,2,4,ps
1778410587.4368463,3,143,1.086715,57.75,529.26,546.745,2,4,ps
1778410588.0234613,3,144,0.93823,56.05,545.829,561.95,2,4,ps
1778410588.5955725,3,145,0.830608,58.5,524.792,539.674,2,4,ps
1778410589.1954973,3,146,0.941533,54.52,561.719,578.158,2,4,ps
1778410589.7697966,3,147,1.303032,57.02,534.967,552.944,2,4,ps
1778410590.3691888,3,148,1.149696,55.92,545.281,563.363,2,4,ps
1778410590.951079,3,149,0.990007,57.49,532.549,548.891,2,4,ps
1778410591.5251074,3,150,0.593144,57.48,529.126,548.38,2,4,ps
1778410592.102911,3,151,0.881864,58.57,523.841,537.424,2,4,ps
1778410592.677305,3,152,0.722387,57.86,529.732,545.796,2,4,ps
1778410593.2515523,3,153,0.767057,57.25,528.911,549.939,2,4,ps
1778410593.8324063,3,154,0.88705,57.5,529.657,547.649,2,4,ps
1778410594.4096146,3,155,1.065774,56.63,535.756,556.148,2,4,ps
1778410595.0329256,3,156,0.705226,52.04,584.437,607.698,2,4,ps
1778410595.610711,3,157,0.565341,57.4,534.91,550.172,2,4,ps
1778410596.187693,3,158,0.677512,56.81,535.981,556.221,2,4,ps
1778410596.7640533,3,159,0.847434,56.36,543.267,559.475,2,4,ps
1778410597.345217,3,160,0.913873,55.86,538.616,564.707,2,4,ps
1778410597.9254937,3,161,0.479288,57.6,522.672,548.308,2,4,ps
1778410598.5049856,3,162,0.954977,57.52,525.71,548.133,2,4,ps
1778410599.08303,3,163,0.849379,57.31,530.104,551.12,2,4,ps
1778410599.6646724,3,164,0.933309,55.89,543.523,563.606,2,4,ps
1778410600.2473001,3,165,1.000593,57.01,537.302,553.468,2,4,ps
1778410600.841855,3,166,0.926764,54.62,556.165,576.81,2,4,ps
1778410601.4336922,3,167,0.916385,56.3,544.66,561.098,2,4,ps
1778410602.0042036,3,168,1.216004,56.97,527.507,552.707,2,4,ps
1778410602.5805683,3,169,0.880721,57.99,521.565,544.591,2,4,ps
1778410603.1633444,3,170,1.064714,57.83,530.887,545.757,2,4,ps
1778410603.7691724,3,171,1.04424,53.6,562.755,589.101,2,4,ps
1778410604.3779645,3,172,1.152032,53.31,564.25,591.422,2,4,ps
1778410605.0270197,3,173,0.771842,50.41,599.83,625.938,2,4,ps
1778410605.6081963,3,174,0.694425,56.59,536.21,557.151,2,4,ps
1778410606.2137299,3,175,0.973667,53.58,563.803,588.089,2,4,ps
1778410606.78883,3,176,1.055652,58.14,527.813,543.126,2,4,ps
1778410607.3723402,3,177,0.820135,55.71,537.243,565.701,2,4,ps
1778410607.9527893,3,178,0.622058,57.53,533.888,547.351,2,4,ps
1778410608.5239744,3,179,0.957808,58.29,525.942,541.656,2,4,ps
1778410609.0948634,3,180,0.821878,57.56,530.792,547.738,2,4,ps
1778410609.6688545,3,181,0.801075,57.31,533.868,549.729,2,4,ps
1778410610.2487214,3,182,0.629891,56.68,536.507,556.751,2,4,ps
1778410610.8224525,3,183,0.717575,56.66,536.2,555.655,2,4,ps
1778410611.4137836,3,184,0.908191,56.41,540.361,558.267,2,4,ps
1778410611.9988036,3,185,0.760548,56.16,538.883,560.685,2,4,ps
1778410612.5731525,3,186,0.712438,57.7,520.709,546.862,2,4,ps
1778410613.1487012,3,187,0.794377,56.56,541.78,557.592,2,4,ps
1778410613.7287562,3,188,0.610928,57.65,531.863,546.035,2,4,ps
1778410614.2964332,3,189,0.976168,58.99,520.625,535.207,2,4,ps
1778410614.8958473,3,190,1.084933,55.42,551.199,569.202,2,4,ps
1778410615.4674704,3,191,0.887373,58.69,523.872,536.539,2,4,ps
1778410616.0508559,3,192,0.936624,56.35,536.392,559.585,2,4,ps
1778410616.6316826,3,193,0.744817,57.45,533.225,548.127,2,4,ps
1778410617.2303104,3,194,1.128857,54.81,559.282,575.053,2,4,ps
1778410617.805197,3,195,1.003152,57.21,534.979,550.27,2,4,ps
1778410618.384871,3,196,0.737783,56.5,528.084,557.452,2,4,ps
1778410618.9591064,3,197,0.604673,58.35,525.22,539.293,2,4,ps
1778410619.5342782,3,198,0.825915,57.58,526.726,546.911,2,4,ps
1778410620.1060307,3,199,1.010483,59.94,503.094,526.127,2,4,ps
1778410620.6827173,3,200,0.965352,57.56,532.405,548.221,2,4,ps
1778410621.2494097,3,201,0.906486,58.95,514.846,534.596,2,4,ps
1778410621.8365772,3,202,1.003018,56.53,542.797,557.974,2,4,ps
1778410622.4326963,3,203,1.113061,55.74,547.792,565.868,2,4,ps
1778410623.028332,3,204,1.049366,54.99,557.148,572.614,2,4,ps
1778410623.5972407,3,205,0.732287,58.53,520.945,539.474,2,4,ps
1778410624.1683373,3,206,0.756378,56.88,537.635,555.092,2,4,ps
1778410624.7315753,3,207,0.784837,58.71,517.861,537.672,2,4,ps
1778410625.3138707,3,208,0.672015,55.88,533.984,564.31,2,4,ps
1778410625.9066255,3,209,1.03361,55.78,549.664,564.985,2,4,ps
1778410626.484978,3,210,0.838905,57.73,527.998,547.015,2,4,ps
1778410627.0872097,3,211,0.920697,55.09,552.491,571.622,2,4,ps
1778410627.661319,3,212,0.822032,57.26,524.895,551.608,2,4,ps
1778410628.2417407,3,213,0.802924,57.24,526.969,551.77,2,4,ps
1778410628.8190708,3,214,1.010162,56.26,539.055,560.342,2,4,ps
1778410629.3890853,3,215,0.966762,58.98,522.401,534.904,2,4,ps
1778410629.958622,3,216,1.026478,57.0,533.287,553.78,2,4,ps
1778410630.5290737,3,217,0.787403,58.12,523.078,542.233,2,4,ps
1778410631.0986316,3,218,1.014882,57.01,515.902,553.327,2,4,ps
1778410631.66628,3,219,0.91362,58.85,516.487,534.496,2,4,ps
1778410632.2391284,3,220,0.758839,57.91,523.608,543.854,2,4,ps
1778410632.8351445,3,221,1.105584,56.55,540.043,556.948,2,4,ps
1778410633.4018111,3,222,1.187117,57.89,527.622,545.626,2,4,ps
1778410633.9788465,3,223,1.167711,56.3,543.755,559.533,2,4,ps
1778410634.591448,3,224,1.049639,54.58,561.277,578.373,2,4,ps
1778410635.273773,3,225,0.568473,48.75,614.068,648.992,2,4,ps
1778410635.8831158,3,226,0.793308,53.45,565.835,589.909,2,4,ps
1778410636.519066,3,227,0.729282,53.88,554.109,586.768,2,4,ps
1778410637.1480505,3,228,1.019206,52.83,573.977,596.508,2,4,ps
1778410637.7740185,3,229,0.830009,53.27,566.147,593.304,2,4,ps
1778410638.3933768,3,230,0.921291,52.61,580.268,601.036,2,4,ps
1778410639.0418472,3,231,1.048364,51.26,588.293,615.475,2,4,ps
1778410639.6866493,3,232,1.241627,51.19,594.036,616.965,2,4,ps
1778410640.3496785,3,233,0.994008,50.61,587.506,625.056,2,4,ps
1778410640.9786646,3,234,0.60842,51.56,584.246,611.528,2,4,ps
1778410641.5693831,3,235,0.642972,55.52,548.258,568.087,2,4,ps
1778410642.1782243,3,236,0.873874,53.59,569.763,588.18,2,4,ps
1778410642.7716432,3,237,0.778269,56.36,542.419,560.362,2,4,ps
1778410643.3747213,3,238,0.584816,55.02,552.879,572.736,2,4,ps
1778410643.9463286,3,239,0.81578,57.86,528.657,544.324,2,4,ps
1778410644.5214276,3,240,1.006643,57.1,535.242,551.596,2,4,ps
1778410645.1366203,3,241,0.762367,53.37,560.689,591.403,2,4,ps
1778410645.723331,3,242,1.010172,57.74,529.047,544.48,2,4,ps
1778410646.3223026,3,243,0.983582,55.44,550.53,567.617,2,4,ps
1778410646.9562845,3,244,0.746603,51.24,593.853,614.565,2,4,ps
1778410647.5646653,3,245,0.895824,54.15,567.068,583.659,2,4,ps
1778410648.1466033,3,246,1.358075,56.19,542.97,560.57,2,4,ps
1778410648.709756,3,247,0.651511,58.74,521.519,537.483,2,4,ps
1778410649.2845204,3,248,0.976098,56.51,530.614,557.451,2,4,ps
1778410649.852032,3,249,0.622118,58.58,521.652,537.121,2,4,ps
1778410650.4194741,3,250,0.61971,58.15,526.603,541.63,2,4,ps
1778410650.9931972,3,251,1.203314,58.58,505.452,539.091,2,4,ps
1778410651.5580368,3,252,0.983747,57.5,532.012,548.197,2,4,ps
1778410652.128419,3,253,0.398039,57.01,524.358,552.428,2,4,ps
1778410652.6941402,3,254,0.692923,59.14,515.132,532.223,2,4,ps
1778410653.2715116,3,255,0.732582,57.3,533.765,549.318,2,4,ps
1778410653.8598201,3,256,0.947003,56.08,546.126,561.739,2,4,ps
1778410654.4393435,3,257,0.550649,57.27,534.76,549.791,2,4,ps
1778410655.0604024,3,258,0.806565,53.75,571.22,586.41,2,4,ps
1778410655.6293263,3,259,1.108339,58.31,526.546,541.632,2,4,ps
1778410656.1998367,3,260,0.881349,56.95,530.81,552.93,2,4,ps
1778410656.7711837,3,261,0.974556,58.17,525.896,541.795,2,4,ps
1778410657.3494473,3,262,0.806697,58.36,527.208,540.236,2,4,ps
1778410657.9222553,3,263,0.66686,58.27,525.259,539.932,2,4,ps
1778410658.4886847,3,264,0.940733,58.87,520.816,536.013,2,4,ps
1778410659.0573888,3,265,0.704655,57.15,537.325,551.286,2,4,ps
1778410659.6531808,3,266,0.975096,55.17,549.139,571.236,2,4,ps
1778410660.2177503,3,267,0.777125,58.68,524.49,537.793,2,4,ps
1778410660.7853563,3,268,0.717104,57.94,527.406,543.322,2,4,ps
1778410661.3575418,3,269,0.937301,58.34,524.465,539.422,2,4,ps
1778410661.9237216,3,270,1.106622,58.54,520.683,538.397,2,4,ps
1778410662.4954343,3,271,0.884102,57.83,526.611,544.397,2,4,ps
1778410663.0602849,3,272,0.728365,58.24,522.505,541.632,2,4,ps
1778410663.6315293,3,273,0.743579,56.88,527.075,553.824,2,4,ps
1778410664.225693,3,274,0.859788,55.29,550.71,571.155,2,4,ps
1778410664.8052666,3,275,1.017294,58.58,522.78,538.001,2,4,ps
1778410665.4194038,3,276,0.736163,53.08,550.88,593.95,2,4,ps
1778410666.0174105,3,277,0.758378,55.31,551.526,571.219,2,4,ps
1778410666.5978122,3,278,1.064611,55.95,548.732,564.637,2,4,ps
1778410667.207976,3,279,1.063424,54.7,560.188,577.856,2,4,ps
1778410667.791072,3,280,0.767541,55.71,549.863,566.298,2,4,ps
1778410668.3665457,3,281,0.747759,57.2,535.41,550.593,2,4,ps
1778410668.9599292,3,282,1.112036,56.66,542.678,556.691,2,4,ps
1778410669.5726392,3,283,0.584613,53.96,560.194,586.067,2,4,ps
1778410670.1757376,3,284,0.778436,55.09,554.873,572.768,2,4,ps
1778410670.7543545,3,285,0.791192,57.61,532.018,548.077,2,4,ps
1778410671.3473117,3,286,0.655795,54.79,555.023,575.307,2,4,ps
1778410671.939192,3,287,0.68426,55.52,551.555,567.439,2,4,ps
1778410672.5201285,3,288,1.107707,55.86,549.477,565.65,2,4,ps
1778410673.0932746,3,289,0.558142,56.67,536.749,555.855,2,4,ps
1778410673.669761,3,290,0.895095,57.67,527.622,545.997,2,4,ps
1778410674.2423813,3,291,0.668077,57.19,535.138,551.743,2,4,ps
1778410674.8545847,3,292,1.14071,54.02,561.163,583.515,2,4,ps
1778410675.438182,3,293,0.956996,56.41,535.361,558.027,2,4,ps
1778410676.0239127,3,294,0.625638,56.67,534.768,555.939,2,4,ps
1778410676.609548,3,295,0.832717,56.08,538.846,561.925,2,4,ps
1778410677.2074652,3,296,0.871257,55.45,551.686,568.124,2,4,ps
1778410677.8101678,3,297,0.703036,55.12,557.12,572.924,2,4,ps
1778410678.3989747,3,298,0.774202,55.57,550.372,567.06,2,4,ps
1778410679.018995,3,299,0.957405,53.7,569.808,586.9,2,4,ps
1778410679.5931592,3,300,0.913963,57.34,517.5,550.03,2,4,ps
1778410680.1803288,3,301,0.766292,57.89,527.218,543.711,2,4,ps
1778410680.7785492,3,302,0.744839,54.85,558.543,574.659,2,4,ps
1778410681.3793766,3,303,0.961976,54.92,550.324,573.804,2,4,ps
1778410681.9713907,3,304,1.03645,56.69,539.081,555.368,2,4,ps
1778410682.5573645,3,305,0.779879,56.09,540.955,561.667,2,4,ps
1778410683.1320379,3,306,0.639843,57.78,530.238,545.706,2,4,ps
1778410683.7107415,3,307,0.573454,56.15,546.464,562.627,2,4,ps
1778410684.2799067,3,308,0.61959,57.07,536.075,551.737,2,4,ps
1778410684.856311,3,309,0.642783,56.38,534.71,558.624,2,4,ps
1778410685.462825,3,310,1.024121,55.21,552.045,570.623,2,4,ps
1778410686.0589545,3,311,0.995333,55.11,556.128,571.603,2,4,ps
1778410686.6330662,3,312,0.625284,57.69,530.568,546.378,2,4,ps
1778410687.2342029,3,313,1.043591,55.23,557.515,571.449,2,4,ps
1778410687.8181136,3,314,0.790121,55.89,516.104,565.439,2,4,ps
1778410688.3967896,3,315,0.993112,56.21,534.985,560.347,2,4,ps
1778410688.9673579,3,316,0.921187,58.33,526.235,539.539,2,4,ps
1778410689.5474901,3,317,0.961451,57.92,525.102,544.31,2,4,ps
1778410690.12076,3,318,0.718264,56.69,540.356,555.686,2,4,ps
1778410690.6899767,3,319,0.499916,57.81,528.738,545.932,2,4,ps
1778410691.262183,3,320,0.837924,56.81,536.928,554.287,2,4,ps
1778410691.841355,3,321,1.048562,57.76,527.434,545.015,2,4,ps
1778410692.4091983,3,322,1.283666,58.21,515.941,540.926,2,4,ps
1778410692.983471,3,323,0.957072,57.0,527.58,552.152,2,4,ps
1778410693.55273,3,324,0.768346,58.93,517.036,533.991,2,4,ps
1778410694.140124,3,325,1.077812,56.11,544.251,561.053,2,4,ps
1778410694.7337666,3,326,0.89455,56.34,543.192,559.975,2,4,ps
1778410695.3273728,3,327,0.852157,56.58,523.315,557.448,2,4,ps
1778410695.9479406,3,328,0.980025,52.38,577.548,603.583,2,4,ps
1778410696.5508652,3,329,0.704766,54.05,566.86,584.594,2,4,ps
1778410697.1606498,3,330,0.688435,54.69,560.787,576.672,2,4,ps
1778410697.7520108,3,331,0.80885,55.72,541.915,564.902,2,4,ps
1778410698.3490782,3,332,0.792588,54.86,551.205,574.497,2,4,ps
1778410698.924701,3,333,0.710614,58.07,525.152,542.409,2,4,ps
1778410699.5087156,3,334,1.153379,56.89,518.878,553.596,2,4,ps
1778410700.1056783,3,335,1.042767,55.53,547.703,567.246,2,4,ps
1778410700.7393303,3,336,0.755392,52.52,574.47,599.934,2,4,ps
1778410701.3498607,3,337,1.259939,53.7,570.483,587.595,2,4,ps
1778410701.9374385,3,338,0.723966,55.58,548.183,566.875,2,4,ps
1778410702.518729,3,339,0.767533,56.89,540.432,555.308,2,4,ps
1778410703.100602,3,340,0.768081,56.84,535.252,554.124,2,4,ps
1778410703.679936,3,341,0.825699,56.52,541.971,557.449,2,4,ps
1778410704.257781,3,342,0.599302,56.94,532.422,553.141,2,4,ps
1778410704.8360858,3,343,0.767855,57.34,529.088,549.347,2,4,ps
1778410705.4235601,3,344,1.077192,56.6,531.917,556.541,2,4,ps
1778410706.0127003,3,345,0.739893,56.06,542.765,562.044,2,4,ps
1778410706.6449702,3,346,0.663572,51.67,595.36,610.4,2,4,ps
1778410707.2440267,3,347,0.760985,54.96,553.28,573.247,2,4,ps
1778410707.8482347,3,348,0.933961,54.71,559.616,575.847,2,4,ps
1778410708.447256,3,349,0.950578,56.2,546.378,560.685,2,4,ps
1778410709.03892,3,350,0.891896,55.43,549.279,570.056,2,4,ps
1778410709.6230094,3,351,0.758476,55.63,549.882,566.457,2,4,ps
1778410710.2009985,3,352,0.974526,56.81,532.167,554.122,2,4,ps
1778410710.7761517,3,353,0.987994,57.3,529.662,549.729,2,4,ps
1778410711.3407667,3,354,1.032972,59.31,510.432,530.728,2,4,ps
1778410711.9264712,3,355,1.162213,55.49,543.258,567.674,2,4,ps
1778410712.492792,3,356,0.900951,59.29,517.249,532.147,2,4,ps
1778410713.076865,3,357,0.788741,57.23,533.938,550.274,2,4,ps
1778410713.7051911,3,358,0.503522,52.95,563.068,596.197,2,4,ps
1778410714.3142152,3,359,1.006061,54.01,560.296,584.161,2,4,ps
1778410714.9035728,3,360,0.737609,56.15,546.086,561.873,2,4,ps
1778410715.4954238,3,361,1.074845,56.17,544.683,561.439,2,4,ps
1778410716.0863683,3,362,0.661418,56.25,545.335,559.656,2,4,ps
1778410716.6884084,3,363,0.84187,55.39,551.061,568.712,2,4,ps
1778410717.3109741,3,364,0.543477,53.26,570.776,591.38,2,4,ps
1778410717.89359,3,365,0.653264,57.16,535.984,552.657,2,4,ps
1778410718.4932714,3,366,0.918833,56.39,540.768,558.606,2,4,ps
1778410719.088235,3,367,1.084757,55.33,546.044,569.377,2,4,ps
1778410719.6600318,3,368,0.564365,57.31,525.766,549.519,2,4,ps
1778410720.234481,3,369,0.684805,58.31,526.115,540.03,2,4,ps
1778410720.8192327,3,370,0.501743,56.6,538.922,556.415,2,4,ps
1778410721.408835,3,371,0.916263,56.44,538.867,557.963,2,4,ps
1778410722.0058038,3,372,0.615938,55.19,549.695,572.434,2,4,ps
1778410722.6394281,3,373,0.629715,52.84,567.819,596.969,2,4,ps
1778410723.2901268,3,374,0.774136,50.47,598.385,625.25,2,4,ps
1778410723.913349,3,375,1.130521,52.95,572.583,596.796,2,4,ps
1778410724.537366,3,376,0.856963,52.08,580.878,605.725,2,4,ps
1778410725.2242117,3,377,0.716827,48.46,636.659,651.045,2,4,ps
1778410725.8567317,3,378,0.941872,52.21,573.724,604.124,2,4,ps
1778410726.4797235,3,379,1.029645,54.42,564.788,579.115,2,4,ps
1778410727.1123188,3,380,0.938211,52.58,580.676,599.843,2,4,ps
1778410727.764692,3,381,0.652439,50.88,600.18,620.629,2,4,ps
1778410728.385137,3,382,0.779653,53.56,559.667,589.832,2,4,ps
1778410728.9819052,3,383,0.483907,54.5,555.109,579.929,2,4,ps
1778410729.5747485,3,384,0.917731,54.82,544.06,575.515,2,4,ps
1778410730.1743033,3,385,1.019173,55.54,552.979,568.914,2,4,ps
1778410730.751687,3,386,0.486509,56.23,539.369,560.442,2,4,ps
1778410731.3387172,3,387,0.913721,56.08,546.947,562.7,2,4,ps
1778410731.9162836,3,388,0.611701,56.25,539.621,560.582,2,4,ps
1778410732.4906795,3,389,0.754227,57.25,535.616,551.132,2,4,ps
1778410733.036636,3,390,0.768761,37.05,502.147,530.839,2,4,ps
1778410736.6368437,4,0,0.656958,57.85,529.67,544.987,2,4,ps
1778410737.2737253,4,1,1.18656,51.32,568.325,614.233,2,4,ps
1778410737.9090555,4,2,0.785088,52.9,581.379,595.869,2,4,ps
1778410738.6287107,4,3,0.742193,46.04,659.083,686.899,2,4,ps
1778410739.2361262,4,4,0.867044,54.77,549.944,576.988,2,4,ps
1778410739.8515306,4,5,0.70156,54.08,559.232,583.552,2,4,ps
1778410740.49061,4,6,1.104556,51.38,587.592,613.984,2,4,ps
1778410741.0707774,4,7,0.521178,57.28,518.841,549.877,2,4,ps
1778410741.641964,4,8,0.654431,57.74,516.074,545.315,2,4,ps
1778410742.2115424,4,9,0.55858,57.8,522.558,544.533,2,4,ps
1778410742.8131146,4,10,0.626439,54.66,557.788,577.703,2,4,ps
1778410743.4540167,4,11,0.808645,50.61,606.42,623.073,2,4,ps
1778410744.1299725,4,12,0.72966,50.2,599.738,628.22,2,4,ps
1778410744.8346336,4,13,0.516523,46.61,657.638,678.111,2,4,ps
1778410745.5395763,4,14,0.562595,48.2,627.568,655.507,2,4,ps
1778410746.2195475,4,15,0.994532,48.81,603.492,646.533,2,4,ps
1778410746.8751826,4,16,0.850577,50.69,597.835,623.015,2,4,ps
1778410747.508914,4,17,0.467327,51.33,569.674,615.672,2,4,ps
1778410748.151456,4,18,0.677341,50.5,594.089,624.704,2,4,ps
1778410748.7724879,4,19,0.59778,52.94,577.048,595.802,2,4,ps
1778410749.4794555,4,20,0.655545,47.97,627.694,658.158,2,4,ps
1778410750.130326,4,21,0.681544,51.14,578.669,618.395,2,4,ps
1778410750.7678342,4,22,0.679085,51.75,578.75,610.773,2,4,ps
1778410751.43913,4,23,0.648524,50.07,610.225,630.093,2,4,ps
1778410752.1216156,4,24,0.643394,47.6,633.519,666.382,2,4,ps
1778410752.7693393,4,25,1.173886,51.09,589.901,618.931,2,4,ps
1778410753.4258375,4,26,0.632614,50.4,599.783,627.867,2,4,ps
1778410754.0848808,4,27,0.980838,49.66,596.641,635.527,2,4,ps
1778410754.7268908,4,28,0.796905,51.93,587.004,607.702,2,4,ps
1778410755.3933077,4,29,0.67951,51.42,559.07,613.93,2,4,ps
1778410756.0171483,4,30,0.929149,52.75,576.511,598.166,2,4,ps
1778410756.6902206,4,31,0.769011,50.03,607.676,630.781,2,4,ps
1778410757.3443193,4,32,0.620514,51.47,598.856,613.221,2,4,ps
1778410757.989593,4,33,0.768049,51.73,571.8,612.482,2,4,ps
1778410758.5901003,4,34,0.812119,54.07,565.335,583.103,2,4,ps
1778410759.2035,4,35,0.649727,52.88,579.185,597.526,2,4,ps
1778410759.8272645,4,36,1.072544,52.58,577.694,600.392,2,4,ps
1778410760.4696407,4,37,0.623068,53.08,575.345,596.289,2,4,ps
1778410761.0772595,4,38,0.857383,54.94,553.539,574.073,2,4,ps
1778410761.6755066,4,39,0.59214,57.52,515.619,547.43,2,4,ps
1778410762.278475,4,40,0.944257,55.56,548.677,566.815,2,4,ps
1778410762.897996,4,41,0.341025,53.39,569.878,590.505,2,4,ps
1778410763.5101767,4,42,0.824517,53.75,566.213,587.884,2,4,ps
1778410764.1258538,4,43,0.734319,53.06,571.132,594.091,2,4,ps
1778410764.8471212,4,44,0.883906,45.73,661.736,690.8,2,4,ps
1778410765.5185323,4,45,0.952302,50.51,600.937,623.967,2,4,ps
1778410766.1453161,4,46,0.647576,53.44,574.386,591.452,2,4,ps
1778410766.7673697,4,47,1.202225,52.28,575.769,602.89,2,4,ps
1778410767.4574232,4,48,1.036407,48.29,627.415,656.773,2,4,ps
1778410768.0897563,4,49,0.650533,52.35,586.642,602.908,2,4,ps
1778410768.7167928,4,50,0.683843,52.44,581.336,600.986,2,4,ps
1778410769.341008,4,51,0.666529,52.79,563.219,597.015,2,4,ps
1778410769.962587,4,52,0.719442,53.97,567.262,585.068,2,4,ps
1778410770.6204596,4,53,0.483056,49.32,612.715,640.898,2,4,ps
1778410771.260562,4,54,1.08714,51.45,580.127,614.764,2,4,ps
1778410771.9235373,4,55,0.728175,50.26,606.568,627.961,2,4,ps
1778410772.543384,4,56,0.535713,52.47,569.709,602.14,2,4,ps
1778410773.161511,4,57,0.726317,53.78,559.007,587.767,2,4,ps
1778410773.759036,4,58,0.540843,54.37,558.721,579.988,2,4,ps
1778410774.3568113,4,59,0.662414,56.12,544.304,562.906,2,4,ps
1778410774.9593816,4,60,0.439894,54.91,557.985,574.172,2,4,ps
1778410775.547815,4,61,1.060021,56.62,534.467,556.49,2,4,ps
1778410776.1237822,4,62,0.611519,58.26,524.297,541.98,2,4,ps
1778410776.7065177,4,63,0.568692,56.1,545.485,561.456,2,4,ps
1778410777.3105302,4,64,0.747886,55.19,552.979,571.057,2,4,ps
1778410777.8857737,4,65,0.595338,58.93,521.444,534.224,2,4,ps
1778410778.4613626,4,66,1.305071,58.1,525.589,541.323,2,4,ps
1778410779.0373907,4,67,0.457331,57.27,528.328,549.655,2,4,ps
1778410779.6223333,4,68,0.700331,56.81,535.713,554.233,2,4,ps
1778410780.2001543,4,69,0.960584,57.41,531.722,550.581,2,4,ps
1778410780.7763124,4,70,0.861052,56.53,531.637,557.196,2,4,ps
1778410781.3674028,4,71,0.783573,56.25,541.66,560.546,2,4,ps
1778410781.9690566,4,72,0.837311,54.06,559.113,582.66,2,4,ps
1778410782.545497,4,73,0.907704,57.7,531.947,547.313,2,4,ps
1778410783.1250737,4,74,0.345848,55.82,542.11,566.0,2,4,ps
1778410783.710323,4,75,0.616147,55.57,536.688,566.916,2,4,ps
1778410784.2871351,4,76,0.718204,58.1,527.935,541.956,2,4,ps
1778410784.8597803,4,77,0.834394,57.2,531.873,551.166,2,4,ps
1778410785.4618156,4,78,0.560229,55.41,542.882,568.591,2,4,ps
1778410786.0283885,4,79,0.609244,58.84,517.951,536.203,2,4,ps
1778410786.641237,4,80,0.862524,53.61,564.756,589.194,2,4,ps
1778410787.2610626,4,81,0.614437,52.38,568.16,601.429,2,4,ps
1778410787.850036,4,82,0.575922,56.99,537.328,552.531,2,4,ps
1778410788.4222994,4,83,1.054567,57.8,522.674,543.843,2,4,ps
1778410789.0085027,4,84,0.917165,57.54,533.608,547.07,2,4,ps
1778410789.5761983,4,85,0.789444,58.84,517.25,535.622,2,4,ps
1778410790.1483066,4,86,0.651001,58.0,527.338,544.054,2,4,ps
1778410790.7805812,4,87,0.554418,51.38,591.568,615.763,2,4,ps
1778410791.398305,4,88,0.771957,53.57,569.627,589.37,2,4,ps
1778410792.013389,4,89,0.686481,53.24,568.657,592.99,2,4,ps
1778410792.6295443,4,90,0.461458,53.59,566.584,588.043,2,4,ps
1778410793.2789068,4,91,0.760848,50.75,599.146,622.264,2,4,ps
1778410793.9051144,4,92,0.620702,53.27,568.602,591.641,2,4,ps
1778410794.5062604,4,93,0.719218,54.71,554.949,577.067,2,4,ps
1778410795.1956947,4,94,0.620455,47.39,648.875,665.545,2,4,ps
1778410795.9126248,4,95,0.435544,45.28,678.108,697.715,2,4,ps
1778410796.4979281,4,96,0.682425,56.18,539.439,561.872,2,4,ps
1778410797.1158457,4,97,0.700694,53.39,567.831,590.478,2,4,ps
1778410797.752827,4,98,0.482056,52.26,582.507,604.653,2,4,ps
1778410798.3617938,4,99,0.628936,53.37,573.147,591.374,2,4,ps
1778410798.954731,4,100,0.692457,54.74,553.593,575.811,2,4,ps
1778410799.5671089,4,101,1.083179,55.33,524.932,571.149,2,4,ps
1778410800.183519,4,102,0.706893,52.69,574.318,599.323,2,4,ps
1778410800.776481,4,103,0.573804,55.57,546.872,566.614,2,4,ps
1778410801.4405131,4,104,0.970546,50.19,609.143,629.973,2,4,ps
1778410802.0769486,4,105,0.75431,51.91,579.84,608.784,2,4,ps
1778410802.7560034,4,106,0.586034,47.76,643.33,661.282,2,4,ps
1778410803.4580262,4,107,0.808873,47.8,631.585,660.668,2,4,ps
1778410804.1189008,4,108,0.760984,50.43,603.966,627.274,2,4,ps
1778410804.7203183,4,109,0.672081,54.03,563.242,583.634,2,4,ps
1778410805.3850777,4,110,0.3977,49.96,606.586,632.693,2,4,ps
1778410805.9969304,4,111,0.593678,54.01,565.986,585.126,2,4,ps
1778410806.6674764,4,112,0.6631,49.16,600.545,642.287,2,4,ps
1778410807.3051693,4,113,0.572619,52.24,583.624,603.797,2,4,ps
1778410807.9049873,4,114,0.760201,54.37,555.523,580.151,2,4,ps
1778410808.489169,4,115,0.643907,55.65,547.544,566.269,2,4,ps
1778410809.0762324,4,116,0.450342,55.57,544.578,566.228,2,4,ps
1778410809.692616,4,117,0.907695,54.13,559.237,583.072,2,4,ps
1778410810.2938006,4,118,0.973388,54.66,556.133,575.991,2,4,ps
1778410810.889616,4,119,0.624327,55.82,545.342,564.039,2,4,ps
1778410811.4774055,4,120,0.484362,55.85,548.152,563.501,2,4,ps
1778410812.0947762,4,121,0.743355,53.84,566.259,584.84,2,4,ps
1778410812.7030132,4,122,0.534732,53.52,564.69,588.338,2,4,ps
1778410813.3332546,4,123,0.712415,52.46,583.901,600.85,2,4,ps
1778410813.9568932,4,124,0.74917,53.54,559.67,588.379,2,4,ps
1778410814.5509295,4,125,0.922255,56.05,547.189,563.117,2,4,ps
1778410815.1830287,4,126,0.491075,51.94,584.34,607.121,2,4,ps
1778410815.7658153,4,127,0.708021,56.37,538.078,559.078,2,4,ps
1778410816.3499575,4,128,0.755284,56.05,545.88,562.18,2,4,ps
1778410816.9226015,4,129,0.822052,57.94,526.952,545.02,2,4,ps
1778410817.505599,4,130,0.863787,55.77,538.889,564.862,2,4,ps
1778410818.113128,4,131,0.896862,55.54,548.755,567.018,2,4,ps
1778410818.7219448,4,132,0.843049,54.14,557.601,582.741,2,4,ps
1778410819.3226688,4,133,0.843259,55.58,545.566,568.734,2,4,ps
1778410819.9271374,4,134,0.980779,53.75,558.749,587.249,2,4,ps
1778410820.5476847,4,135,0.594465,53.29,567.347,591.317,2,4,ps
1778410821.1427305,4,136,0.621956,55.97,549.663,564.548,2,4,ps
1778410821.7545917,4,137,0.888742,53.1,574.284,593.834,2,4,ps
1778410822.3667223,4,138,0.789154,53.37,576.51,592.395,2,4,ps
1778410823.005166,4,139,0.857176,50.83,605.288,621.778,2,4,ps
1778410823.591052,4,140,0.658125,55.39,553.089,568.515,2,4,ps
1778410824.2162893,4,141,0.565326,52.52,579.871,600.474,2,4,ps
1778410824.8245811,4,142,0.97867,54.29,536.346,580.424,2,4,ps
1778410825.4226477,4,143,0.709239,56.37,527.648,559.792,2,4,ps
1778410826.0048192,4,144,0.685036,55.88,535.375,563.502,2,4,ps
1778410826.5868585,4,145,0.62996,56.74,540.064,555.835,2,4,ps
1778410827.1843922,4,146,0.843715,55.03,552.496,572.679,2,4,ps
1778410827.7667499,4,147,0.643487,56.38,533.885,559.311,2,4,ps
1778410828.3467546,4,148,0.611307,55.97,542.465,562.5,2,4,ps
1778410828.946937,4,149,0.459528,55.29,555.203,569.73,2,4,ps
1778410829.5268815,4,150,0.894033,57.15,532.673,550.843,2,4,ps
1778410830.1166732,4,151,0.902331,55.16,553.167,572.332,2,4,ps
1778410830.6976335,4,152,0.634258,57.38,537.18,550.459,2,4,ps
1778410831.3132775,4,153,0.716426,52.72,580.238,599.746,2,4,ps
1778410831.8934124,4,154,0.525422,56.01,542.56,564.056,2,4,ps
1778410832.499668,4,155,0.56123,54.74,554.377,575.658,2,4,ps
1778410833.088389,4,156,0.507342,55.12,551.848,571.655,2,4,ps
1778410833.6847177,4,157,0.615042,55.4,539.124,567.969,2,4,ps
1778410834.3092937,4,158,0.690101,53.13,576.751,592.884,2,4,ps
1778410834.964655,4,159,0.434496,50.18,612.877,629.303,2,4,ps
1778410835.5719795,4,160,0.457616,54.32,550.253,580.243,2,4,ps
1778410836.2043931,4,161,0.459343,52.22,583.125,604.125,2,4,ps
1778410836.7840443,4,162,0.729733,57.42,535.552,550.155,2,4,ps
1778410837.3887942,4,163,0.994248,55.4,545.219,569.4,2,4,ps
1778410837.9632874,4,164,1.136502,57.11,535.155,553.152,2,4,ps
1778410838.569262,4,165,0.348487,53.61,572.963,589.623,2,4,ps
1778410839.1500447,4,166,0.416922,55.99,539.052,562.67,2,4,ps
1778410839.7596228,4,167,0.976419,55.11,558.226,572.897,2,4,ps
1778410840.340114,4,168,0.544846,57.44,531.483,548.252,2,4,ps
1778410840.92733,4,169,0.533927,57.57,533.9,547.117,2,4,ps
1778410841.5145671,4,170,0.797196,56.0,540.716,562.475,2,4,ps
1778410842.1005373,4,171,0.951475,55.79,549.258,565.198,2,4,ps
1778410842.6871448,4,172,1.034521,57.53,525.545,547.927,2,4,ps
1778410843.2715693,4,173,0.741362,55.42,551.61,569.673,2,4,ps
1778410843.8810987,4,174,0.526569,54.46,560.513,578.168,2,4,ps
1778410844.4812672,4,175,0.637054,54.12,553.143,581.716,2,4,ps
1778410845.1411214,4,176,0.67175,50.03,607.531,629.471,2,4,ps
1778410845.7924688,4,177,0.555103,50.34,607.969,626.589,2,4,ps
1778410846.393669,4,178,0.675773,55.16,543.586,571.361,2,4,ps
1778410847.0291502,4,179,0.784166,51.98,580.411,606.635,2,4,ps
1778410847.6393301,4,180,0.995011,53.24,568.059,592.08,2,4,ps
1778410848.2307544,4,181,0.802382,56.22,542.469,560.159,2,4,ps
1778410848.8193173,4,182,0.772547,55.19,540.166,572.011,2,4,ps
1778410849.4077284,4,183,0.847138,56.52,541.904,558.643,2,4,ps
1778410850.0203366,4,184,0.977797,54.22,539.84,582.182,2,4,ps
1778410850.6239212,4,185,0.82502,55.7,548.912,565.619,2,4,ps
1778410851.212918,4,186,0.699554,55.62,550.863,566.435,2,4,ps
1778410851.8078232,4,187,0.617117,55.72,543.374,567.041,2,4,ps
1778410852.4121668,4,188,0.443754,54.67,556.194,577.085,2,4,ps
1778410852.9861138,4,189,1.102931,57.49,532.941,549.143,2,4,ps
1778410853.5814576,4,190,0.439499,54.54,556.591,577.721,2,4,ps
1778410854.1761162,4,191,0.486566,56.02,546.068,562.485,2,4,ps
1778410854.7729046,4,192,0.749698,55.58,551.619,567.063,2,4,ps
1778410855.3988073,4,193,1.066168,54.01,560.638,584.409,2,4,ps
1778410855.9915528,4,194,0.712054,56.13,542.533,562.79,2,4,ps
1778410856.6202672,4,195,1.056371,52.74,579.762,599.521,2,4,ps
1778410857.2681015,4,196,0.5769,50.19,590.897,628.837,2,4,ps
1778410857.847705,4,197,0.715905,56.53,541.035,558.771,2,4,ps
1778410858.4391642,4,198,0.958892,55.41,548.061,568.709,2,4,ps
1778410859.031017,4,199,0.549045,55.42,545.648,569.151,2,4,ps
1778410859.623941,4,200,0.589817,55.33,553.149,569.365,2,4,ps
1778410860.2198722,4,201,0.555326,56.13,520.629,561.519,2,4,ps
1778410860.8257337,4,202,0.996947,54.03,561.094,583.421,2,4,ps
1778410861.4134927,4,203,0.692328,57.18,535.874,550.69,2,4,ps
1778410862.0003266,4,204,0.94644,56.07,543.327,563.438,2,4,ps
1778410862.5854554,4,205,1.250414,55.54,542.845,567.89,2,4,ps
1778410863.1741507,4,206,0.718318,55.23,546.334,570.386,2,4,ps
1778410863.770064,4,207,0.467081,55.6,547.495,567.142,2,4,ps
1778410864.3614922,4,208,0.3723,55.95,548.89,564.356,2,4,ps
1778410864.9691737,4,209,0.830873,53.4,567.301,590.246,2,4,ps
1778410865.57291,4,210,0.746527,54.97,553.382,573.135,2,4,ps
1778410866.1837122,4,211,0.581798,54.22,563.794,581.119,2,4,ps
1778410866.826841,4,212,0.632183,50.69,579.613,623.692,2,4,ps
1778410867.4797134,4,213,0.615491,50.02,598.148,632.808,2,4,ps
1778410868.0764642,4,214,0.595261,54.45,557.239,578.843,2,4,ps
1778410868.6605244,4,215,0.71331,56.94,534.262,553.302,2,4,ps
1778410869.253211,4,216,0.765495,55.62,542.28,566.078,2,4,ps
1778410869.8314352,4,217,0.627352,56.22,534.816,561.076,2,4,ps
1778410870.3989835,4,218,0.722767,57.24,524.936,551.354,2,4,ps
1778410870.977146,4,219,0.742436,56.77,535.628,554.555,2,4,ps
1778410871.5754724,4,220,0.950189,56.09,547.932,561.808,2,4,ps
1778410872.2308245,4,221,0.799771,51.51,583.108,612.409,2,4,ps
1778410872.9153223,4,222,0.574346,48.86,611.523,646.069,2,4,ps
1778410873.595678,4,223,0.661095,48.27,623.811,654.239,2,4,ps
1778410874.3035288,4,224,0.665983,47.12,620.559,670.359,2,4,ps
1778410874.9813828,4,225,0.840981,49.13,598.944,643.019,2,4,ps
1778410875.6415424,4,226,1.016593,49.89,607.158,632.329,2,4,ps
1778410876.2536502,4,227,0.559411,54.5,559.855,578.358,2,4,ps
1778410876.8736985,4,228,1.284606,53.55,571.038,589.383,2,4,ps
1778410877.4960935,4,229,1.062158,53.7,570.44,587.124,2,4,ps
1778410878.1580167,4,230,0.883135,50.18,601.491,628.595,2,4,ps
1778410878.8150654,4,231,0.577339,50.4,594.321,625.852,2,4,ps
1778410879.431839,4,232,0.50878,54.66,554.083,576.538,2,4,ps
1778410880.0339403,4,233,0.82956,55.01,550.155,573.397,2,4,ps
1778410880.652941,4,234,0.88222,54.0,563.493,583.907,2,4,ps
1778410881.266544,4,235,0.66224,53.5,561.495,588.941,2,4,ps
1778410881.8782237,4,236,0.690412,53.5,562.336,589.127,2,4,ps
1778410882.4907894,4,237,0.885607,54.56,559.479,579.298,2,4,ps
1778410883.1156492,4,238,0.705896,53.39,570.628,589.948,2,4,ps
1778410883.7497315,4,239,0.549629,51.18,599.369,616.58,2,4,ps
1778410884.3623571,4,240,0.553406,54.24,563.508,582.629,2,4,ps
1778410884.9753876,4,241,0.671553,53.0,579.318,596.604,2,4,ps
1778410885.5984523,4,242,0.595537,52.45,562.694,602.774,2,4,ps
1778410886.2357445,4,243,0.813622,51.65,593.945,611.891,2,4,ps
1778410886.8495395,4,244,0.621254,52.88,580.74,596.8,2,4,ps
1778410887.498993,4,245,0.626023,51.32,600.118,616.163,2,4,ps
1778410888.1255379,4,246,0.607465,51.81,578.407,608.744,2,4,ps
1778410888.767904,4,247,0.884084,51.36,568.506,614.309,2,4,ps
1778410889.373849,4,248,0.988817,55.9,551.123,565.132,2,4,ps
1778410889.9885097,4,249,0.752504,54.02,559.042,585.007,2,4,ps
1778410890.6164224,4,250,0.577032,52.96,573.86,596.023,2,4,ps
1778410891.2353842,4,251,0.485318,53.8,559.803,586.079,2,4,ps
1778410891.8499663,4,252,0.740489,53.18,576.347,592.602,2,4,ps
1778410892.4627535,4,253,1.162359,55.35,546.473,569.814,2,4,ps
1778410893.0770488,4,254,0.769137,53.59,569.032,588.341,2,4,ps
1778410893.678901,4,255,0.873708,55.29,555.805,571.566,2,4,ps
1778410894.2719357,4,256,0.581398,54.78,549.794,574.518,2,4,ps
1778410894.8680186,4,257,0.618416,54.54,550.425,577.511,2,4,ps
1778410895.4773753,4,258,0.521115,54.68,544.87,575.725,2,4,ps
1778410896.0700667,4,259,0.725729,56.55,541.481,556.744,2,4,ps
1778410896.6505094,4,260,0.679327,56.51,536.285,558.895,2,4,ps
1778410897.2381158,4,261,0.722127,55.28,547.62,569.926,2,4,ps
1778410897.815368,4,262,0.712608,57.69,531.321,547.007,2,4,ps
1778410898.3853793,4,263,0.856274,57.84,527.393,545.457,2,4,ps
1778410898.9827092,4,264,0.505975,54.93,556.903,573.888,2,4,ps
1778410899.5638437,4,265,1.033866,57.19,530.963,552.365,2,4,ps
1778410900.1574328,4,266,0.884375,56.22,536.42,559.931,2,4,ps
1778410900.7368443,4,267,0.548876,57.07,525.466,551.735,2,4,ps
1778410901.3209825,4,268,0.671214,57.06,531.2,552.052,2,4,ps
1778410901.891835,4,269,0.810299,59.07,519.304,532.759,2,4,ps
1778410902.4683075,4,270,0.831844,57.12,533.951,553.062,2,4,ps
1778410903.0361276,4,271,0.731016,59.06,518.939,532.446,2,4,ps
1778410903.6146898,4,272,0.785933,56.76,540.15,555.713,2,4,ps
1778410904.1874774,4,273,1.053907,57.56,532.9,548.152,2,4,ps
1778410904.77066,4,274,0.504394,55.71,544.354,566.016,2,4,ps
1778410905.3881276,4,275,0.752315,53.21,573.925,593.708,2,4,ps
1778410905.969575,4,276,0.623738,57.7,529.174,545.617,2,4,ps
1778410906.5525615,4,277,0.998651,56.56,530.075,558.557,2,4,ps
1778410907.1335273,4,278,0.461911,55.99,540.721,563.33,2,4,ps
1778410907.7208936,4,279,0.812628,57.24,535.516,551.85,2,4,ps
1778410908.3143227,4,280,0.793243,55.62,541.277,566.378,2,4,ps
1778410908.8878498,4,281,0.755049,57.86,528.762,545.875,2,4,ps
1778410909.4809299,4,282,0.55541,54.83,555.383,576.574,2,4,ps
1778410910.069955,4,283,0.581699,55.13,546.897,571.615,2,4,ps
1778410910.6697588,4,284,0.694489,55.65,543.642,566.104,2,4,ps
1778410911.2493079,4,285,0.497171,57.24,533.119,549.17,2,4,ps
1778410911.8300688,4,286,0.742638,57.22,534.741,549.742,2,4,ps
1778410912.4080095,4,287,0.736693,57.43,528.971,548.295,2,4,ps
1778410912.9864693,4,288,0.75663,56.93,530.431,554.989,2,4,ps
1778410913.5591638,4,289,1.030399,56.74,535.932,556.669,2,4,ps
1778410914.1370583,4,290,0.977398,56.36,541.784,559.565,2,4,ps
1778410914.71644,4,291,0.725427,56.97,529.484,552.988,2,4,ps
1778410915.3361433,4,292,0.883137,52.51,576.291,600.144,2,4,ps
1778410915.9105039,4,293,0.683716,58.45,521.162,539.155,2,4,ps
1778410916.4976854,4,294,0.753136,55.66,549.447,566.64,2,4,ps
1778410917.0852528,4,295,0.421631,55.28,525.584,570.304,2,4,ps
1778410917.6481586,4,296,0.653743,59.98,513.73,525.802,2,4,ps
1778410918.220161,4,297,0.961421,56.81,537.343,556.179,2,4,ps
1778410918.7941093,4,298,0.792443,57.63,524.251,546.249,2,4,ps
1778410919.3652864,4,299,0.403776,58.14,524.878,541.553,2,4,ps
1778410919.933718,4,300,0.728832,58.97,520.716,535.315,2,4,ps
1778410920.5309687,4,301,0.93033,55.55,543.281,566.918,2,4,ps
1778410921.1104376,4,302,0.613565,57.7,524.853,546.869,2,4,ps
1778410921.6958776,4,303,0.935471,55.49,550.058,567.489,2,4,ps
1778410922.2663653,4,304,0.668549,58.45,506.645,538.785,2,4,ps
1778410922.864949,4,305,0.77611,55.38,549.109,568.773,2,4,ps
1778410923.4401855,4,306,0.74475,57.41,528.964,549.098,2,4,ps
1778410924.0337613,4,307,0.75708,56.06,537.453,561.967,2,4,ps
1778410924.6216075,4,308,0.907026,56.08,527.201,563.335,2,4,ps
1778410925.2672143,4,309,0.864363,50.92,594.698,619.461,2,4,ps
1778410925.8383996,4,310,0.698037,56.89,536.748,553.644,2,4,ps
1778410926.4430034,4,311,0.454005,54.77,558.64,575.441,2,4,ps
1778410927.0251234,4,312,0.792369,57.73,529.32,545.73,2,4,ps
1778410927.6142488,4,313,1.303083,56.8,534.391,554.507,2,4,ps
1778410928.2058942,4,314,0.827955,56.0,530.345,553.75,2,4,ps
1778410928.8068938,4,315,0.470829,55.17,551.693,571.175,2,4,ps
1778410929.404278,4,316,0.903208,55.79,547.759,565.005,2,4,ps
1778410929.9949553,4,317,0.983907,57.13,538.401,551.829,2,4,ps
1778410930.576981,4,318,0.995935,57.33,532.694,549.834,2,4,ps
1778410931.184563,4,319,0.582738,54.27,558.072,580.749,2,4,ps
1778410931.767679,4,320,0.893196,57.78,533.57,546.309,2,4,ps
1778410932.3482392,4,321,0.499464,56.0,547.076,563.866,2,4,ps
1778410932.9379866,4,322,1.045655,55.52,549.501,568.964,2,4,ps
1778410933.6219985,4,323,0.788287,48.49,621.078,651.784,2,4,ps
1778410934.458777,4,324,0.744622,40.1,718.021,789.082,2,4,ps
1778410935.3399003,4,325,0.815501,39.1,778.92,808.203,2,4,ps
1778410936.0304732,4,326,0.508662,47.3,612.244,667.02,2,4,ps
1778410936.6968963,4,327,0.913352,49.74,598.46,635.714,2,4,ps
1778410937.347476,4,328,0.570982,50.49,584.91,625.235,2,4,ps
1778410938.0056334,4,329,0.540714,49.94,577.449,632.005,2,4,ps
1778410938.8431647,4,330,0.743342,39.94,769.904,793.135,2,4,ps
1778410939.5165808,4,331,0.737404,49.25,620.464,642.646,2,4,ps
1778410940.1557071,4,332,0.802615,50.85,582.114,620.55,2,4,ps
1778410940.782446,4,333,0.860867,52.56,570.325,600.17,2,4,ps
1778410941.4302244,4,334,0.96251,50.6,605.238,624.917,2,4,ps
1778410942.0637767,4,335,0.707021,53.38,560.145,591.103,2,4,ps
1778410942.6661515,4,336,0.876757,54.12,566.256,582.392,2,4,ps
1778410943.2625215,4,337,0.671274,55.45,553.251,569.861,2,4,ps
1778410943.8755171,4,338,0.551557,53.08,560.903,592.979,2,4,ps
1778410944.4774764,4,339,0.622857,53.95,568.405,584.183,2,4,ps
1778410945.070363,4,340,0.660358,55.1,555.372,572.317,2,4,ps
1778410945.6503603,4,341,1.051419,57.05,532.724,553.608,2,4,ps
1778410946.2538483,4,342,0.983538,56.32,545.344,559.182,2,4,ps
1778410946.8441415,4,343,0.51136,55.67,540.902,565.149,2,4,ps
1778410947.4834292,4,344,0.621516,51.85,582.996,607.078,2,4,ps
1778410948.1009612,4,345,0.550961,53.51,573.454,589.099,2,4,ps
1778410948.7126126,4,346,0.567925,53.76,571.002,586.977,2,4,ps
1778410949.2943811,4,347,0.68373,57.86,527.252,545.173,2,4,ps
1778410949.9212515,4,348,0.802751,53.01,574.332,594.921,2,4,ps
1778410950.517867,4,349,0.407542,55.13,551.531,571.934,2,4,ps
1778410951.1771433,4,350,0.822203,49.71,614.793,635.048,2,4,ps
1778410951.7998312,4,351,0.577346,53.55,568.751,589.269,2,4,ps
1778410952.4341962,4,352,0.797451,52.22,580.426,604.454,2,4,ps
1778410953.0947616,4,353,0.926155,49.06,610.211,643.682,2,4,ps
1778410953.7077584,4,354,0.902826,54.54,550.922,578.085,2,4,ps
1778410954.403587,4,355,0.553342,46.75,644.931,677.194,2,4,ps
1778410955.0741289,4,356,0.729395,50.91,582.427,621.32,2,4,ps
1778410955.681435,4,357,0.726421,53.79,547.115,585.702,2,4,ps
1778410956.285959,4,358,0.733358,55.36,556.282,569.986,2,4,ps
1778410956.9095793,4,359,0.88196,52.96,579.768,596.997,2,4,ps
1778410957.5360174,4,360,0.593305,52.4,576.649,601.72,2,4,ps
1778410958.127328,4,361,0.458447,55.41,553.276,569.243,2,4,ps
1778410958.7500126,4,362,0.642879,53.64,572.787,589.287,2,4,ps
1778410959.3801394,4,363,0.665532,51.51,588.689,612.969,2,4,ps
1778410960.0175638,4,364,1.014736,52.03,565.585,605.686,2,4,ps
1778410960.6379046,4,365,0.780277,52.31,561.045,603.786,2,4,ps
1778410961.3360112,4,366,0.686751,47.9,633.805,659.262,2,4,ps
1778410961.997171,4,367,0.741467,50.35,593.115,628.204,2,4,ps
1778410962.6551998,4,368,0.717099,49.42,602.852,638.136,2,4,ps
1778410963.3594322,4,369,0.587097,47.13,634.052,669.849,2,4,ps
1778410964.0086613,4,370,0.712946,51.7,582.59,610.375,2,4,ps
1778410964.675865,4,371,0.616756,49.65,615.301,635.914,2,4,ps
1778410965.3916092,4,372,0.702984,45.4,678.899,696.997,2,4,ps
1778410966.0273628,4,373,0.597653,52.29,575.033,603.897,2,4,ps
1778410966.6740103,4,374,0.533521,51.88,586.66,608.502,2,4,ps
1778410967.3003078,4,375,0.675107,53.6,571.647,588.14,2,4,ps
1778410967.9265633,4,376,0.575207,52.68,581.016,599.721,2,4,ps
1778410968.582055,4,377,0.868672,49.78,615.957,635.136,2,4,ps
1778410969.1983304,4,378,0.850013,53.42,565.634,591.387,2,4,ps
1778410969.8314927,4,379,0.436418,51.93,585.482,607.137,2,4,ps
1778410970.451327,4,380,0.572189,53.13,574.206,593.476,2,4,ps
1778410971.0675528,4,381,0.790333,53.67,563.123,587.179,2,4,ps
1778410971.6879025,4,382,0.735928,53.4,574.052,590.228,2,4,ps
1778410972.3620644,4,383,0.736146,49.17,625.333,643.512,2,4,ps
1778410972.9867504,4,384,0.815532,52.04,574.864,605.833,2,4,ps
1778410973.6534023,4,385,0.819204,49.83,613.129,633.35,2,4,ps
1778410974.2745528,4,386,0.693174,53.62,566.536,588.482,2,4,ps
1778410974.9186604,4,387,0.944777,51.0,594.783,619.279,2,4,ps
1778410975.5612392,4,388,0.557059,53.52,563.416,588.882,2,4,ps
1778410976.1880515,4,389,0.661663,52.91,575.563,596.054,2,4,ps
1778410976.7524574,4,390,0.627681,37.03,518.178,532.257,2,4,ps
1778410980.4513004,5,0,0.653022,54.93,555.917,573.313,2,4,ps
1778410981.058328,5,1,0.644556,54.56,559.823,577.905,2,4,ps
1778410981.6738648,5,2,0.882691,53.86,566.131,585.075,2,4,ps
1778410982.3109741,5,3,0.815114,52.68,562.918,598.135,2,4,ps
1778410982.9253929,5,4,0.402587,54.72,560.662,576.035,2,4,ps
1778410983.539231,5,5,0.896998,54.42,561.042,579.188,2,4,ps
1778410984.1823902,5,6,0.609445,51.37,591.526,614.015,2,4,ps
1778410984.814647,5,7,0.828503,52.35,572.536,603.123,2,4,ps
1778410985.4636436,5,8,0.459601,50.27,604.876,629.225,2,4,ps
1778410986.0845177,5,9,0.759,52.29,586.751,602.895,2,4,ps
1778410986.7127078,5,10,1.060308,52.86,569.494,596.343,2,4,ps
1778410987.3490672,5,11,0.619544,52.13,581.773,605.229,2,4,ps
1778410987.9562209,5,12,1.03901,55.09,553.758,572.149,2,4,ps
1778410988.568477,5,13,0.557073,53.95,561.969,584.048,2,4,ps
1778410989.2023454,5,14,0.629347,52.73,579.507,597.789,2,4,ps
1778410989.8096983,5,15,1.121369,53.85,563.94,586.965,2,4,ps
1778410990.4027987,5,16,1.02487,54.91,549.528,575.476,2,4,ps
1778410991.0054493,5,17,0.512947,53.86,568.87,585.186,2,4,ps
1778410991.60874,5,18,0.884181,54.27,557.131,582.346,2,4,ps
1778410992.197386,5,19,0.55298,57.74,531.446,546.384,2,4,ps
1778410992.787777,5,20,1.041133,57.36,535.555,549.01,2,4,ps
1778410993.4023793,5,21,0.337721,54.04,564.013,583.528,2,4,ps
1778410994.0052066,5,22,0.530626,54.52,546.37,577.809,2,4,ps
1778410994.6007395,5,23,0.442885,56.12,544.486,561.24,2,4,ps
1778410995.2730067,5,24,0.96513,48.86,623.346,646.199,2,4,ps
1778410995.8656793,5,25,0.452933,56.22,544.325,559.911,2,4,ps
1778410996.4556148,5,26,0.551524,55.83,549.348,564.626,2,4,ps
1778410997.0508432,5,27,0.623979,55.98,547.811,563.35,2,4,ps
1778410997.6623917,5,28,0.526105,53.13,567.775,593.164,2,4,ps
1778410998.2810206,5,29,0.864724,53.77,571.905,585.817,2,4,ps
1778410998.901287,5,30,0.628141,53.79,568.064,585.418,2,4,ps
1778410999.4904795,5,31,0.980265,56.29,544.188,560.709,2,4,ps
1778411000.0864966,5,32,0.447719,54.49,550.789,578.174,2,4,ps
1778411000.6901035,5,33,0.861142,54.78,557.72,575.357,2,4,ps
1778411001.2746117,5,34,1.09269,56.28,540.121,560.3,2,4,ps
1778411001.8597033,5,35,0.584367,57.79,531.107,546.421,2,4,ps
1778411002.4422073,5,36,0.67191,57.11,528.703,551.427,2,4,ps
1778411003.0243442,5,37,0.794331,57.93,529.275,544.738,2,4,ps
1778411003.6140153,5,38,0.787506,55.06,544.292,573.931,2,4,ps
1778411004.2091947,5,39,0.663513,55.64,542.304,566.262,2,4,ps
1778411004.7911987,5,40,0.746092,56.61,533.282,558.106,2,4,ps
1778411005.4458644,5,41,0.833371,49.57,617.104,637.136,2,4,ps
1778411006.0642772,5,42,0.381442,52.78,574.142,599.037,2,4,ps
1778411006.6732142,5,43,0.519148,54.49,555.754,578.343,2,4,ps
1778411007.2737958,5,44,0.650953,54.81,555.731,574.87,2,4,ps
1778411007.8648322,5,45,0.495845,56.11,547.2,562.463,2,4,ps
1778411008.453912,5,46,0.821624,55.22,546.359,572.217,2,4,ps
1778411009.0413194,5,47,0.501021,55.34,550.529,571.043,2,4,ps
1778411009.6791298,5,48,0.678977,51.86,579.874,608.798,2,4,ps
1778411010.3052213,5,49,0.68041,53.3,574.957,591.722,2,4,ps
1778411010.952245,5,50,0.662575,50.78,590.747,621.003,2,4,ps
1778411011.5766358,5,51,0.35189,53.13,556.185,593.335,2,4,ps
1778411012.2090309,5,52,0.443472,51.69,562.228,611.712,2,4,ps
1778411012.8263557,5,53,0.386803,54.85,558.41,576.169,2,4,ps
1778411013.4367297,5,54,0.611248,53.21,560.448,592.671,2,4,ps
1778411014.0739017,5,55,0.624061,52.66,566.3,598.543,2,4,ps
1778411014.69344,5,56,0.733458,53.74,569.729,588.133,2,4,ps
1778411015.3799703,5,57,0.399599,47.22,640.651,669.39,2,4,ps
1778411016.0198457,5,58,0.460052,51.46,593.511,612.737,2,4,ps
1778411016.649421,5,59,0.564105,52.72,566.467,597.83,2,4,ps
1778411017.2614872,5,60,1.006239,54.12,545.144,582.76,2,4,ps
1778411017.8900323,5,61,0.526416,52.28,583.757,604.92,2,4,ps
1778411018.5050135,5,62,0.620964,52.78,581.531,597.434,2,4,ps
1778411019.1198044,5,63,0.492847,53.94,562.658,585.815,2,4,ps
1778411019.7354782,5,64,0.825509,54.93,561.357,575.268,2,4,ps
1778411020.3528364,5,65,0.740232,52.62,570.434,599.785,2,4,ps
1778411021.0211155,5,66,0.424051,48.51,625.884,650.545,2,4,ps
1778411021.661335,5,67,0.758547,51.67,586.894,610.975,2,4,ps
1778411022.3102505,5,68,0.514931,50.61,603.36,624.306,2,4,ps
1778411022.9844167,5,69,0.790214,48.77,624.718,648.799,2,4,ps
1778411023.6120005,5,70,0.618993,51.72,581.367,609.928,2,4,ps
1778411024.2406228,5,71,0.557234,53.66,568.588,587.275,2,4,ps
1778411024.8907743,5,72,0.453707,50.82,595.132,620.622,2,4,ps
1778411025.559332,5,73,0.937453,49.76,590.989,634.716,2,4,ps
1778411026.1994424,5,74,0.417049,51.66,594.987,611.661,2,4,ps
1778411026.8444474,5,75,0.534138,50.47,605.131,626.299,2,4,ps
1778411027.5286438,5,76,0.823223,48.47,620.685,651.507,2,4,ps
1778411028.162959,5,77,0.49454,52.76,574.274,597.445,2,4,ps
1778411028.8140457,5,78,0.522306,51.46,595.033,612.941,2,4,ps
1778411029.4716568,5,79,0.22111,49.73,610.288,634.651,2,4,ps
1778411030.1318102,5,80,0.721798,50.36,603.607,626.237,2,4,ps
1778411030.797292,5,81,0.638171,49.64,600.59,637.254,2,4,ps
1778411031.4236104,5,82,0.358224,52.34,577.4,602.32,2,4,ps
1778411032.0332088,5,83,0.847843,55.11,555.954,573.378,2,4,ps
1778411032.6969936,5,84,0.719074,50.59,595.512,623.355,2,4,ps
1778411033.3128815,5,85,0.977799,54.0,562.966,584.684,2,4,ps
1778411033.917887,5,86,0.523923,55.09,555.175,571.954,2,4,ps
1778411034.515956,5,87,0.743623,55.58,552.019,566.822,2,4,ps
1778411035.1121268,5,88,0.6454,55.56,549.605,567.065,2,4,ps
1778411035.7129734,5,89,0.565858,55.86,548.7,563.805,2,4,ps
1778411036.30915,5,90,0.447947,54.7,562.881,578.477,2,4,ps
1778411036.914381,5,91,0.470284,55.7,551.03,566.237,2,4,ps
1778411037.568433,5,92,0.652952,50.94,602.279,619.901,2,4,ps
1778411038.1818373,5,93,0.67615,54.28,559.559,580.696,2,4,ps
1778411038.7692058,5,94,0.575667,56.24,541.838,561.674,2,4,ps
1778411039.3659801,5,95,0.602459,54.44,553.885,579.938,2,4,ps
1778411039.9530673,5,96,0.454764,55.42,553.897,570.123,2,4,ps
1778411040.5452094,5,97,0.461909,54.88,557.384,574.057,2,4,ps
1778411041.1302018,5,98,0.635452,56.96,537.698,554.144,2,4,ps
1778411041.721499,5,99,0.481634,54.94,557.374,573.59,2,4,ps
1778411042.3058388,5,100,0.85228,56.89,536.72,553.415,2,4,ps
1778411042.9247189,5,101,0.654012,53.3,564.099,593.025,2,4,ps
1778411043.5046759,5,102,0.403371,56.02,545.622,563.833,2,4,ps
1778411044.0926564,5,103,0.59157,55.91,544.592,565.232,2,4,ps
1778411044.6757734,5,104,0.782714,55.88,536.619,563.779,2,4,ps
1778411045.3069863,5,105,0.716807,52.07,585.867,605.393,2,4,ps
1778411045.8954163,5,106,0.676945,56.43,540.633,558.496,2,4,ps
1778411046.4896169,5,107,0.527531,55.41,554.342,569.693,2,4,ps
1778411047.0834901,5,108,0.490543,54.7,554.163,577.447,2,4,ps
1778411047.70549,5,109,0.659776,52.46,578.941,602.751,2,4,ps
1778411048.3788655,5,110,0.640861,48.91,613.209,645.483,2,4,ps
1778411048.994276,5,111,0.642158,53.98,563.313,585.654,2,4,ps
1778411049.6171908,5,112,0.427551,52.25,580.071,604.158,2,4,ps
1778411050.223286,5,113,0.559959,54.14,560.553,582.771,2,4,ps
1778411050.8499265,5,114,0.469662,52.59,580.918,599.686,2,4,ps
1778411051.4610002,5,115,0.50831,53.98,565.47,584.033,2,4,ps
1778411052.1205058,5,116,0.577285,50.61,601.843,623.004,2,4,ps
1778411052.7338865,5,117,0.462175,54.27,560.077,578.031,2,4,ps
1778411053.3961408,5,118,0.766572,51.14,598.744,618.447,2,4,ps
1778411054.0442126,5,119,0.694298,50.82,596.559,622.409,2,4,ps
1778411054.6530976,5,120,0.713195,53.52,556.158,590.224,2,4,ps
1778411055.2901394,5,121,0.568179,50.95,596.806,619.197,2,4,ps
1778411055.8979926,5,122,0.405656,54.43,563.192,579.044,2,4,ps
1778411056.4984734,5,123,0.775569,54.97,548.939,574.826,2,4,ps
1778411057.1002564,5,124,0.648713,54.12,552.124,584.009,2,4,ps
1778411057.7126257,5,125,1.030553,56.13,541.062,561.984,2,4,ps
1778411058.3273818,5,126,0.674429,52.77,566.765,598.266,2,4,ps
1778411058.9758441,5,127,0.41038,51.6,575.032,611.389,2,4,ps
1778411059.5880346,5,128,0.747166,53.78,561.381,587.304,2,4,ps
1778411060.229968,5,129,0.699667,50.63,603.486,623.64,2,4,ps
1778411060.8282392,5,130,0.521138,55.23,549.32,570.598,2,4,ps
1778411061.423181,5,131,0.281674,55.71,546.719,567.103,2,4,ps
1778411062.0179546,5,132,0.544646,54.67,554.421,575.914,2,4,ps
1778411062.6449106,5,133,0.74884,52.76,563.544,596.714,2,4,ps
1778411063.3387146,5,134,0.490781,48.18,623.098,654.945,2,4,ps
1778411063.961036,5,135,0.600148,53.11,575.19,593.477,2,4,ps
1778411064.5509155,5,136,0.582702,56.5,538.593,559.089,2,4,ps
1778411065.1408806,5,137,0.951449,56.5,536.492,557.352,2,4,ps
1778411065.7356992,5,138,0.463842,55.82,546.856,565.192,2,4,ps
1778411066.324477,5,139,0.5025,57.32,536.325,549.934,2,4,ps
1778411066.925608,5,140,0.58554,55.26,551.075,570.152,2,4,ps
1778411067.539387,5,141,0.600642,53.96,562.659,584.172,2,4,ps
1778411068.1156871,5,142,0.384331,58.28,525.836,540.208,2,4,ps
1778411068.710946,5,143,0.67238,55.49,553.595,569.501,2,4,ps
1778411069.3330057,5,144,0.687514,53.1,572.096,595.139,2,4,ps
1778411069.9374824,5,145,0.465607,53.73,563.323,588.324,2,4,ps
1778411070.5619962,5,146,0.49377,52.68,582.114,598.473,2,4,ps
1778411071.14194,5,147,0.682921,57.68,529.898,547.37,2,4,ps
1778411071.7424383,5,148,0.765355,54.08,549.621,583.042,2,4,ps
1778411072.3398938,5,149,0.625732,55.45,548.304,568.297,2,4,ps
1778411072.9675727,5,150,0.746897,52.55,581.002,600.365,2,4,ps
1778411073.5791237,5,151,0.73879,56.68,527.104,555.856,2,4,ps
1778411074.1993585,5,152,0.719717,52.37,584.845,602.358,2,4,ps
1778411074.7960918,5,153,0.925088,54.64,552.097,576.964,2,4,ps
1778411075.4390912,5,154,0.612334,51.55,597.884,612.565,2,4,ps
1778411076.0589793,5,155,0.518244,53.72,571.794,587.764,2,4,ps
1778411076.6946502,5,156,0.737729,52.61,584.351,601.08,2,4,ps
1778411077.3060997,5,157,0.932139,53.1,563.399,593.41,2,4,ps
1778411077.9090889,5,158,0.522068,54.89,555.751,575.135,2,4,ps
1778411078.504429,5,159,0.517496,54.57,559.298,577.491,2,4,ps
1778411079.1024675,5,160,0.842381,55.94,545.896,563.264,2,4,ps
1778411079.6779873,5,161,0.447366,56.77,533.491,556.385,2,4,ps
1778411080.310438,5,162,0.363449,52.63,580.826,599.751,2,4,ps
1778411080.9157867,5,163,0.967633,54.04,558.45,582.825,2,4,ps
1778411081.5303574,5,164,1.014979,54.07,567.077,583.041,2,4,ps
1778411082.129122,5,165,0.843864,56.08,545.391,561.756,2,4,ps
1778411082.7485175,5,166,0.553881,53.16,562.965,592.904,2,4,ps
1778411083.3178062,5,167,0.940427,58.36,525.064,539.5,2,4,ps
1778411083.8959105,5,168,0.904978,57.33,530.404,549.13,2,4,ps
1778411084.4802942,5,169,0.577044,56.35,541.994,558.726,2,4,ps
1778411085.0693855,5,170,0.840106,56.29,544.843,559.512,2,4,ps
1778411085.6628304,5,171,0.657705,56.22,539.499,561.945,2,4,ps
1778411086.241603,5,172,0.637567,56.18,538.102,560.469,2,4,ps
1778411086.8313308,5,173,0.543288,56.59,539.514,558.097,2,4,ps
1778411087.4219763,5,174,0.693437,57.06,538.585,552.166,2,4,ps
1778411088.009682,5,175,0.519542,55.97,539.76,561.958,2,4,ps
1778411088.6194985,5,176,0.729354,53.87,568.831,584.844,2,4,ps
1778411089.2181334,5,177,0.667386,55.17,543.336,570.718,2,4,ps
1778411089.8075368,5,178,0.488174,55.74,543.871,564.803,2,4,ps
1778411090.4045582,5,179,0.548171,55.65,549.642,566.512,2,4,ps
1778411091.0236905,5,180,0.901574,53.87,565.504,586.681,2,4,ps
1778411091.6363811,5,181,0.581844,54.67,560.824,576.257,2,4,ps
1778411092.2631884,5,182,0.726064,53.19,576.539,592.499,2,4,ps
1778411092.8636007,5,183,0.561362,55.36,556.007,569.215,2,4,ps
1778411093.4347494,5,184,0.689469,57.96,528.231,544.936,2,4,ps
1778411094.0159066,5,185,0.501216,55.92,546.398,564.914,2,4,ps
1778411094.5943449,5,186,0.480777,57.06,536.207,551.919,2,4,ps
1778411095.2226322,5,187,0.740104,54.32,560.893,579.995,2,4,ps
1778411095.8502157,5,188,0.885177,53.54,574.625,590.14,2,4,ps
1778411096.4774406,5,189,1.058537,51.87,564.221,607.878,2,4,ps
1778411097.0507505,5,190,0.763326,57.43,531.662,548.466,2,4,ps
1778411097.6552672,5,191,0.718155,54.63,556.528,577.441,2,4,ps
1778411098.253007,5,192,0.789067,56.4,544.112,558.531,2,4,ps
1778411098.8747828,5,193,0.452731,53.25,569.657,592.138,2,4,ps
1778411099.4962816,5,194,0.566473,53.1,576.533,593.733,2,4,ps
1778411100.1272137,5,195,0.58172,52.49,574.858,601.3,2,4,ps
1778411100.935215,5,196,0.684156,40.82,749.871,775.148,2,4,ps
1778411101.6207826,5,197,0.372915,48.56,614.742,650.138,2,4,ps
1778411102.4406774,5,198,0.746266,40.56,697.995,780.581,2,4,ps
1778411103.121306,5,199,0.660967,50.66,596.088,622.766,2,4,ps
1778411103.9557047,5,200,0.663837,39.71,757.201,796.638,2,4,ps
1778411104.6710641,5,201,0.608738,46.19,661.027,684.679,2,4,ps
1778411105.4802384,5,202,0.588277,41.31,733.97,768.106,2,4,ps
1778411106.1696045,5,203,0.718687,48.8,623.568,646.53,2,4,ps
1778411106.8536851,5,204,0.497217,49.99,597.259,631.337,2,4,ps
1778411107.4434733,5,205,0.403169,55.81,545.137,566.01,2,4,ps
1778411108.038105,5,206,0.622286,54.62,555.465,577.677,2,4,ps
1778411108.6158416,5,207,0.406972,56.5,538.666,558.114,2,4,ps
1778411109.2123108,5,208,0.538694,54.91,557.507,575.494,2,4,ps
1778411109.826659,5,209,0.564023,53.25,571.009,591.621,2,4,ps
1778411110.4394684,5,210,0.50473,52.98,552.267,594.576,2,4,ps
1778411111.0408745,5,211,0.47668,55.82,550.016,564.246,2,4,ps
1778411111.6161659,5,212,0.618141,57.3,530.192,549.284,2,4,ps
1778411112.2480319,5,213,0.898913,53.12,572.357,593.191,2,4,ps
1778411112.8351789,5,214,0.644539,56.77,541.072,554.609,2,4,ps
1778411113.4391737,5,215,0.889896,54.48,562.445,578.524,2,4,ps
1778411114.070086,5,216,0.462494,52.77,582.16,597.499,2,4,ps
1778411114.69603,5,217,0.5592,52.8,576.173,597.107,2,4,ps
1778411115.3608978,5,218,0.970594,49.92,598.839,632.09,2,4,ps
1778411115.9629936,5,219,1.088463,55.24,550.959,571.141,2,4,ps
1778411116.5517056,5,220,1.149979,56.79,535.482,556.204,2,4,ps
1778411117.1441178,5,221,0.575202,55.54,543.751,567.183,2,4,ps
1778411117.7329543,5,222,0.673293,56.23,543.097,559.974,2,4,ps
1778411118.331188,5,223,0.500048,56.02,542.616,563.515,2,4,ps
1778411118.922388,5,224,0.395358,56.59,540.902,558.158,2,4,ps
1778411119.5002425,5,225,0.724602,56.33,513.864,560.914,2,4,ps
1778411120.1337686,5,226,0.867834,52.83,571.117,596.779,2,4,ps
1778411120.8029819,5,227,0.545754,49.58,614.352,636.462,2,4,ps
1778411121.424129,5,228,0.4778,53.66,567.885,587.476,2,4,ps
1778411122.0166647,5,229,0.352501,55.86,545.037,563.865,2,4,ps
1778411122.6697133,5,230,0.862039,51.12,602.406,616.199,2,4,ps
1778411123.2947078,5,231,0.267369,53.8,559.967,585.582,2,4,ps
1778411123.8865564,5,232,0.855122,55.29,521.717,571.02,2,4,ps
1778411124.4974504,5,233,0.689262,53.54,572.133,588.682,2,4,ps
1778411125.0853832,5,234,0.832651,57.02,537.479,553.27,2,4,ps
1778411125.7053635,5,235,0.444795,53.92,562.898,586.196,2,4,ps
1778411126.286959,5,236,0.632112,58.21,529.048,542.595,2,4,ps
1778411126.926117,5,237,0.481168,50.75,596.407,622.604,2,4,ps
1778411127.545002,5,238,0.51258,52.52,573.122,600.501,2,4,ps
1778411128.1292372,5,239,0.772785,57.01,534.121,553.292,2,4,ps
1778411128.7359316,5,240,0.780233,53.52,561.958,590.541,2,4,ps
1778411129.3411124,5,241,0.649552,53.71,556.475,588.505,2,4,ps
1778411129.9225883,5,242,0.942945,56.46,537.608,557.816,2,4,ps
1778411130.5390587,5,243,0.751294,54.49,551.716,578.475,2,4,ps
1778411131.1414785,5,244,0.650021,54.28,556.716,580.8,2,4,ps
1778411131.7621152,5,245,0.638736,53.82,571.778,586.621,2,4,ps
1778411132.3512402,5,246,0.660885,56.4,542.533,560.397,2,4,ps
1778411132.9370744,5,247,0.795914,56.61,535.087,556.887,2,4,ps
1778411133.5545082,5,248,0.498516,53.44,561.039,589.985,2,4,ps
1778411134.1440058,5,249,0.80428,56.58,537.649,557.633,2,4,ps
1778411134.7571447,5,250,0.648831,54.67,548.872,577.057,2,4,ps
1778411135.4131749,5,251,0.68961,50.86,603.359,620.566,2,4,ps
1778411136.0145223,5,252,0.776091,54.06,564.06,582.981,2,4,ps
1778411136.6233885,5,253,0.608986,54.45,561.44,578.667,2,4,ps
1778411137.199862,5,254,0.764624,56.74,533.573,554.877,2,4,ps
1778411137.8134537,5,255,0.858035,53.91,566.949,583.768,2,4,ps
1778411138.4398086,5,256,0.622975,52.62,578.192,599.23,2,4,ps
1778411139.0478995,5,257,1.023234,54.78,556.927,576.356,2,4,ps
1778411139.807932,5,258,0.698926,42.6,724.184,742.995,2,4,ps
1778411140.477489,5,259,0.436064,49.26,604.6,640.932,2,4,ps
1778411141.1049087,5,260,0.573916,53.6,572.992,588.86,2,4,ps
1778411141.8220227,5,261,0.566119,47.48,634.915,665.12,2,4,ps
1778411142.6400533,5,262,0.541917,40.4,753.847,783.51,2,4,ps
1778411143.2964299,5,263,0.679331,50.45,587.753,626.448,2,4,ps
1778411143.9458735,5,264,0.536266,51.98,582.93,607.414,2,4,ps
1778411144.6032734,5,265,0.536158,49.63,601.206,637.393,2,4,ps
1778411145.2458577,5,266,0.817837,50.58,598.463,623.813,2,4,ps
1778411145.8996992,5,267,0.68251,50.51,600.294,625.225,2,4,ps
1778411146.5341182,5,268,0.675705,51.94,583.707,607.179,2,4,ps
1778411147.1504755,5,269,0.538918,53.3,559.053,591.458,2,4,ps
1778411147.7814586,5,270,0.759658,52.33,575.807,602.93,2,4,ps
1778411148.4505894,5,271,0.786257,51.12,576.403,617.41,2,4,ps
1778411149.137166,5,272,0.473437,48.91,616.095,647.106,2,4,ps
1778411149.8424087,5,273,0.573931,47.07,636.865,670.67,2,4,ps
1778411150.55726,5,274,0.659464,46.02,644.406,687.13,2,4,ps
1778411151.3051186,5,275,0.844187,44.82,659.699,705.423,2,4,ps
1778411152.2961993,5,276,0.600334,33.33,916.959,950.851,2,4,ps
1778411153.5233576,5,277,0.477171,26.73,1136.318,1180.779,2,4,ps
1778411154.4194875,5,278,0.593525,40.02,717.434,789.778,2,4,ps
1778411155.3587582,5,279,0.701092,35.53,822.794,891.548,2,4,ps
1778411156.1318376,5,280,0.648222,42.09,708.601,751.56,2,4,ps
1778411156.8488123,5,281,0.442281,45.84,625.676,691.567,2,4,ps
1778411157.52802,5,282,0.614495,48.38,621.806,652.659,2,4,ps
1778411158.2108612,5,283,0.468396,48.93,621.455,645.404,2,4,ps
1778411158.8343053,5,284,0.482053,52.95,579.769,596.747,2,4,ps
1778411159.469422,5,285,0.472938,52.1,589.609,606.35,2,4,ps
1778411160.1807275,5,286,0.548242,47.44,634.153,665.696,2,4,ps
1778411160.9239407,5,287,0.692769,43.88,687.34,720.458,2,4,ps
1778411161.655709,5,288,0.544673,45.87,644.977,688.947,2,4,ps
1778411162.3251173,5,289,0.581637,49.76,604.228,634.143,2,4,ps
1778411162.9525404,5,290,0.401675,52.75,574.758,597.586,2,4,ps
1778411163.5524652,5,291,0.917275,55.31,550.734,569.671,2,4,ps
1778411164.143117,5,292,0.519714,56.17,548.034,562.607,2,4,ps
1778411164.7434523,5,293,0.417556,54.1,562.372,582.498,2,4,ps
1778411165.347608,5,294,0.682188,55.39,534.461,570.426,2,4,ps
1778411165.960541,5,295,0.545911,52.92,574.577,596.343,2,4,ps
1778411166.5590408,5,296,0.71313,55.47,548.944,568.139,2,4,ps
1778411167.1762526,5,297,1.07292,53.81,572.25,587.524,2,4,ps
1778411167.809255,5,298,0.701547,53.05,570.3,594.108,2,4,ps
1778411168.396424,5,299,0.434793,55.97,542.051,562.76,2,4,ps
1778411168.9797227,5,300,0.863173,57.37,534.467,550.067,2,4,ps
1778411169.5759897,5,301,0.703838,56.13,542.929,562.073,2,4,ps
1778411170.162123,5,302,0.599404,55.92,539.03,563.108,2,4,ps
1778411170.7298353,5,303,0.495839,58.83,514.727,535.672,2,4,ps
1778411171.313527,5,304,0.591688,55.68,550.451,566.51,2,4,ps
1778411171.8885705,5,305,0.509302,56.9,536.162,553.603,2,4,ps
1778411172.4686942,5,306,0.482552,57.27,531.017,550.073,2,4,ps
1778411173.0498822,5,307,0.664779,56.67,539.441,555.894,2,4,ps
1778411173.6365173,5,308,0.464345,56.37,541.575,560.515,2,4,ps
1778411174.2229118,5,309,0.608567,55.5,543.905,567.693,2,4,ps
1778411174.8095052,5,310,0.788269,55.88,534.719,564.005,2,4,ps
1778411175.4200706,5,311,0.723299,54.88,558.217,574.27,2,4,ps
1778411176.0195062,5,312,0.874327,54.93,544.95,573.656,2,4,ps
1778411176.6219115,5,313,0.545252,55.47,554.093,567.696,2,4,ps
1778411177.252493,5,314,0.453681,51.44,595.515,614.681,2,4,ps
1778411177.8503761,5,315,0.749249,54.36,561.987,579.856,2,4,ps
1778411178.429759,5,316,0.541683,57.3,532.609,549.5,2,4,ps
1778411179.0263112,5,317,0.371423,55.41,551.232,569.228,2,4,ps
1778411179.607326,5,318,0.693969,56.13,542.609,562.849,2,4,ps
1778411180.2077558,5,319,0.396776,54.1,561.905,582.446,2,4,ps
1778411180.7947385,5,320,0.633045,56.63,520.233,556.321,2,4,ps
1778411181.3905835,5,321,0.429525,55.78,536.661,564.088,2,4,ps
1778411182.0134094,5,322,0.490526,53.33,558.335,590.414,2,4,ps
1778411182.6425092,5,323,0.562911,52.16,581.573,603.955,2,4,ps
1778411183.2966542,5,324,0.53594,50.66,597.622,623.737,2,4,ps
1778411184.0035865,5,325,0.457038,47.15,647.139,669.684,2,4,ps
1778411184.6246188,5,326,0.662954,54.46,555.898,579.717,2,4,ps
1778411185.2237172,5,327,0.6088,54.91,548.803,575.397,2,4,ps
1778411185.8352282,5,328,0.514856,54.57,556.331,577.664,2,4,ps
1778411186.4141307,5,329,0.623592,57.01,530.727,552.406,2,4,ps
1778411187.0133357,5,330,0.642277,56.69,543.918,557.182,2,4,ps
1778411187.6502068,5,331,0.800273,51.03,586.799,618.756,2,4,ps
1778411188.2213132,5,332,0.519214,57.92,526.125,543.721,2,4,ps
1778411188.8177814,5,333,0.374465,56.24,533.432,561.186,2,4,ps
1778411189.4211822,5,334,0.601626,53.92,564.417,586.158,2,4,ps
1778411190.020178,5,335,0.525242,55.62,548.643,566.292,2,4,ps
1778411190.603641,5,336,0.743557,57.26,533.031,550.569,2,4,ps
1778411191.1750298,5,337,0.538226,58.16,521.573,541.317,2,4,ps
1778411191.7496917,5,338,0.55384,57.82,531.236,546.213,2,4,ps
1778411192.3284492,5,339,0.555404,56.28,540.008,560.915,2,4,ps
1778411192.9000177,5,340,0.806294,58.9,520.497,534.51,2,4,ps
1778411193.4691918,5,341,0.953101,57.84,522.013,545.554,2,4,ps
1778411194.081202,5,342,0.460981,54.02,564.884,583.861,2,4,ps
1778411194.6616557,5,343,0.526394,56.66,535.434,556.428,2,4,ps
1778411195.2781017,5,344,0.988059,53.59,572.091,588.087,2,4,ps
1778411195.8807423,5,345,0.609758,55.18,545.107,570.971,2,4,ps
1778411196.4785895,5,346,0.942805,54.65,556.731,576.74,2,4,ps
1778411197.0617461,5,347,0.432363,58.09,522.241,542.049,2,4,ps
1778411197.6576731,5,348,0.393646,54.71,553.67,577.167,2,4,ps
1778411198.24881,5,349,0.388422,55.57,546.25,567.801,2,4,ps
1778411198.8136857,5,350,0.386209,58.3,519.924,540.157,2,4,ps
1778411199.3809159,5,351,0.575439,59.3,505.576,531.194,2,4,ps
1778411199.953715,5,352,0.554457,57.46,532.913,548.059,2,4,ps
1778411200.5229363,5,353,0.520554,58.59,523.576,539.085,2,4,ps
1778411201.0902798,5,354,0.693709,57.31,528.794,550.596,2,4,ps
1778411201.6567008,5,355,0.518674,57.39,530.199,548.627,2,4,ps
1778411202.2231288,5,356,1.008865,58.88,509.338,534.512,2,4,ps
1778411202.7885559,5,357,0.497921,59.56,514.978,528.238,2,4,ps
1778411203.35808,5,358,0.850224,58.61,511.215,537.042,2,4,ps
1778411203.9373934,5,359,0.670389,56.9,535.267,553.68,2,4,ps
1778411204.5143628,5,360,0.659112,57.38,532.401,548.617,2,4,ps
1778411205.0911183,5,361,0.400014,57.62,527.157,547.003,2,4,ps
1778411205.6904252,5,362,0.793677,56.45,540.46,558.58,2,4,ps
1778411206.266854,5,363,0.473404,58.0,530.164,542.72,2,4,ps
1778411206.8386219,5,364,0.630751,58.49,522.471,538.933,2,4,ps
1778411207.4197693,5,365,0.554061,57.09,536.137,552.704,2,4,ps
1778411207.9909399,5,366,0.462568,58.45,525.058,538.579,2,4,ps
1778411208.5942485,5,367,0.688776,54.93,557.302,573.487,2,4,ps
1778411209.1708171,5,368,0.945385,57.64,527.421,547.88,2,4,ps
1778411209.7460587,5,369,0.480944,56.89,532.365,555.123,2,4,ps
1778411210.316769,5,370,0.793675,56.97,538.981,554.476,2,4,ps
1778411210.885231,5,371,0.9521,57.22,537.081,552.082,2,4,ps
1778411211.4510705,5,372,0.99246,57.46,531.084,547.868,2,4,ps
1778411212.0253088,5,373,0.588487,57.79,527.482,544.964,2,4,ps
1778411212.6012473,5,374,0.466073,57.79,528.702,545.446,2,4,ps
1778411213.1688573,5,375,0.5068,57.84,527.323,543.922,2,4,ps
1778411213.742,5,376,0.900646,58.13,527.475,541.565,2,4,ps
1778411214.3178318,5,377,0.482353,56.91,532.818,555.738,2,4,ps
1778411214.884584,5,378,0.399726,57.36,529.599,550.027,2,4,ps
1778411215.5048285,5,379,0.493098,52.34,584.135,602.665,2,4,ps
1778411216.0739787,5,380,0.351196,57.76,513.837,546.329,2,4,ps
1778411216.650968,5,381,0.38378,56.34,533.838,559.102,2,4,ps
1778411217.2227993,5,382,0.43255,58.04,524.55,542.468,2,4,ps
1778411217.7925642,5,383,1.092623,58.41,524.196,540.372,2,4,ps
1778411218.382097,5,384,0.928314,55.08,557.786,573.64,2,4,ps
1778411218.99513,5,385,0.590399,53.0,578.381,594.951,2,4,ps
1778411219.5951986,5,386,0.742054,55.56,550.049,568.415,2,4,ps
1778411220.1879385,5,387,0.384686,54.82,552.583,574.488,2,4,ps
1778411220.765361,5,388,0.598311,57.36,531.562,548.27,2,4,ps
1778411221.3525958,5,389,1.072667,56.16,542.24,561.1,2,4,ps
1778411221.8975368,5,390,0.742318,38.02,499.745,516.866,2,4,ps
