timestamp,epoch,iteration,loss,throughput_samp_s,comm_latency_ms,iter_time_ms,rank,world_size,arch
1778410042.590083,1,0,2.403997,19.64,583.703,1623.773,1,4,ps
1778410043.241812,1,1,2.392874,51.29,556.579,616.955,1,4,ps
1778410043.8309603,1,2,2.300624,56.23,539.784,560.238,1,4,ps
1778410044.4318104,1,3,2.387791,54.65,560.753,576.581,1,4,ps
1778410045.0177824,1,4,2.377883,55.48,548.907,567.833,1,4,ps
1778410045.5913186,1,5,2.177636,58.24,524.587,539.711,1,4,ps
1778410046.157872,1,6,2.353179,60.01,495.301,526.133,1,4,ps
1778410046.7362785,1,7,2.231853,56.18,540.954,560.662,1,4,ps
1778410047.314034,1,8,2.256782,56.73,539.54,554.841,1,4,ps
1778410047.8824136,1,9,2.410017,58.75,521.958,536.06,1,4,ps
1778410048.4648962,1,10,2.350464,57.65,529.088,546.315,1,4,ps
1778410049.0388334,1,11,2.397864,58.29,525.896,540.046,1,4,ps
1778410049.6075876,1,12,2.176888,58.21,520.154,542.553,1,4,ps
1778410050.1755526,1,13,2.218099,57.22,530.11,550.513,1,4,ps
1778410050.7405508,1,14,2.067274,58.54,519.776,537.944,1,4,ps
1778410051.3090172,1,15,2.125896,58.14,525.663,541.496,1,4,ps
1778410051.8929508,1,16,2.328443,55.69,546.004,565.577,1,4,ps
1778410052.469276,1,17,2.218378,58.03,528.323,542.237,1,4,ps
1778410053.0354462,1,18,2.312162,59.09,516.474,532.691,1,4,ps
1778410053.6071486,1,19,1.991613,56.76,536.919,553.971,1,4,ps
1778410054.1665792,1,20,2.246232,59.22,513.247,532.62,1,4,ps
1778410054.7430973,1,21,1.837006,58.27,512.373,540.233,1,4,ps
1778410055.337927,1,22,1.971836,54.58,556.617,577.963,1,4,ps
1778410055.9354203,1,23,2.079652,55.42,524.33,568.354,1,4,ps
1778410056.5548453,1,24,2.268762,53.25,570.277,591.456,1,4,ps
1778410057.155729,1,25,2.233073,55.9,549.646,563.252,1,4,ps
1778410057.7497208,1,26,2.024636,55.22,539.258,570.676,1,4,ps
1778410058.3226795,1,27,1.768996,57.97,509.885,542.865,1,4,ps
1778410058.8999248,1,28,1.898084,56.95,524.909,554.545,1,4,ps
1778410059.4944465,1,29,1.950305,56.68,517.454,555.65,1,4,ps
1778410060.0773156,1,30,1.974556,55.72,549.027,565.257,1,4,ps
1778410060.68433,1,31,1.862817,54.96,553.335,572.875,1,4,ps
1778410061.2666876,1,32,2.04672,56.48,539.841,557.56,1,4,ps
1778410061.8352997,1,33,2.039021,57.83,522.813,544.237,1,4,ps
1778410062.4210503,1,34,1.707194,56.79,537.89,554.614,1,4,ps
1778410063.0003326,1,35,2.002675,57.17,535.595,550.967,1,4,ps
1778410063.576843,1,36,2.087781,57.94,529.263,543.298,1,4,ps
1778410064.1469953,1,37,2.155504,57.73,531.026,547.05,1,4,ps
1778410064.7375886,1,38,1.955008,55.09,545.03,572.194,1,4,ps
1778410065.3097093,1,39,2.065961,59.14,520.019,532.397,1,4,ps
1778410065.8814762,1,40,1.942317,56.83,537.507,553.823,1,4,ps
1778410066.4553092,1,41,2.130199,58.41,525.348,538.965,1,4,ps
1778410067.0272632,1,42,1.908059,58.09,520.252,541.879,1,4,ps
1778410067.5961478,1,43,1.792791,57.15,534.465,552.795,1,4,ps
1778410068.2087677,1,44,1.864537,53.29,553.961,593.339,1,4,ps
1778410068.8062441,1,45,1.929028,56.78,536.214,556.228,1,4,ps
1778410069.3932455,1,46,2.04556,55.42,543.049,568.797,1,4,ps
1778410069.969958,1,47,1.791509,58.22,527.32,542.132,1,4,ps
1778410070.5450583,1,48,1.974795,56.47,541.734,557.907,1,4,ps
1778410071.137518,1,49,1.711617,56.25,542.346,560.031,1,4,ps
1778410071.72799,1,50,1.639278,56.39,540.249,558.481,1,4,ps
1778410072.2984416,1,51,1.832743,56.97,531.037,552.983,1,4,ps
1778410072.8820956,1,52,1.72893,56.99,534.412,552.487,1,4,ps
1778410073.4616427,1,53,1.521173,57.66,530.103,546.511,1,4,ps
1778410074.028124,1,54,1.988758,58.46,523.603,538.469,1,4,ps
1778410074.6212916,1,55,1.812117,54.73,560.571,575.778,1,4,ps
1778410075.190739,1,56,1.823549,57.74,525.306,545.247,1,4,ps
1778410075.7652044,1,57,1.597872,57.48,526.832,549.394,1,4,ps
1778410076.3303454,1,58,1.886895,57.52,527.271,547.98,1,4,ps
1778410076.9019399,1,59,1.624046,58.16,525.078,541.246,1,4,ps
1778410077.4667034,1,60,1.702913,58.22,514.95,540.092,1,4,ps
1778410078.0322464,1,61,1.792861,58.85,522.499,535.969,1,4,ps
1778410078.5996501,1,62,1.626522,58.06,515.582,542.356,1,4,ps
1778410079.1658819,1,63,1.788754,58.26,522.643,540.421,1,4,ps
1778410079.7283397,1,64,2.155168,58.85,519.59,534.877,1,4,ps
1778410080.2984974,1,65,2.047979,58.19,519.841,541.041,1,4,ps
1778410080.8640807,1,66,2.080575,57.42,532.497,548.093,1,4,ps
1778410081.4374042,1,67,1.529545,56.59,531.866,556.579,1,4,ps
1778410081.9967656,1,68,1.627218,58.1,515.566,543.714,1,4,ps
1778410082.5670607,1,69,1.559383,58.56,521.807,537.559,1,4,ps
1778410083.1385682,1,70,1.789114,59.04,520.049,532.749,1,4,ps
1778410083.7148786,1,71,1.905451,58.57,524.209,537.262,1,4,ps
1778410084.2809913,1,72,1.779332,57.92,522.904,543.523,1,4,ps
1778410084.85759,1,73,2.092018,57.04,535.803,551.897,1,4,ps
1778410085.4310455,1,74,2.118014,56.61,536.394,556.361,1,4,ps
1778410086.0006313,1,75,2.151702,59.22,519.284,531.594,1,4,ps
1778410086.5800285,1,76,1.658264,57.2,534.853,550.822,1,4,ps
1778410087.1515903,1,77,1.497305,57.59,526.17,546.572,1,4,ps
1778410087.7176132,1,78,1.983247,58.72,518.211,535.927,1,4,ps
1778410088.2948914,1,79,1.721771,57.67,530.231,545.981,1,4,ps
1778410088.8558657,1,80,1.824286,58.62,518.164,538.332,1,4,ps
1778410089.4313147,1,81,1.591765,58.1,523.894,541.787,1,4,ps
1778410089.9977176,1,82,1.999987,58.71,522.926,537.664,1,4,ps
1778410090.5682611,1,83,1.869735,56.93,538.158,554.399,1,4,ps
1778410091.1422913,1,84,1.865906,56.52,506.426,557.61,1,4,ps
1778410091.7083628,1,85,1.816203,58.84,521.318,536.599,1,4,ps
1778410092.2854729,1,86,1.719478,58.22,525.614,541.717,1,4,ps
1778410092.8561378,1,87,1.788888,57.42,532.385,548.363,1,4,ps
1778410093.422757,1,88,2.061859,58.59,522.516,537.495,1,4,ps
1778410094.0111074,1,89,1.646768,55.96,544.689,562.967,1,4,ps
1778410094.6115665,1,90,1.834191,55.1,554.516,572.934,1,4,ps
1778410095.1945536,1,91,1.742899,58.72,523.677,535.931,1,4,ps
1778410095.7752097,1,92,2.058644,56.69,536.05,555.666,1,4,ps
1778410096.3399231,1,93,2.081541,58.84,520.997,536.558,1,4,ps
1778410096.9124115,1,94,1.542689,57.83,524.351,544.62,1,4,ps
1778410097.4812508,1,95,1.704739,59.45,511.453,529.263,1,4,ps
1778410098.054631,1,96,1.792343,58.0,526.518,542.681,1,4,ps
1778410098.621144,1,97,1.986932,58.31,523.217,540.997,1,4,ps
1778410099.190705,1,98,1.855594,57.56,518.101,548.132,1,4,ps
1778410099.768828,1,99,1.583975,58.17,519.211,541.231,1,4,ps
1778410100.3563855,1,100,1.419356,55.81,540.526,564.701,1,4,ps
1778410100.9210405,1,101,1.755289,60.79,492.451,517.33,1,4,ps
1778410101.4837909,1,102,1.663929,58.31,518.091,540.494,1,4,ps
1778410102.0559154,1,103,1.760913,56.76,538.985,554.908,1,4,ps
1778410102.6213152,1,104,1.765432,58.98,515.247,533.642,1,4,ps
1778410103.1847594,1,105,1.784816,59.89,504.608,526.883,1,4,ps
1778410103.7526658,1,106,1.770651,57.17,521.646,550.707,1,4,ps
1778410104.3369148,1,107,1.783855,56.13,539.25,561.335,1,4,ps
1778410104.9173694,1,108,1.727929,57.54,529.306,547.378,1,4,ps
1778410105.4810455,1,109,1.495774,58.64,508.759,538.044,1,4,ps
1778410106.053565,1,110,1.547959,56.72,527.985,555.233,1,4,ps
1778410106.6368933,1,111,1.995079,57.21,535.102,550.458,1,4,ps
1778410107.2052855,1,112,1.806386,57.7,530.854,545.65,1,4,ps
1778410107.7760866,1,113,1.767918,58.43,525.377,538.896,1,4,ps
1778410108.344986,1,114,1.537981,58.15,523.981,541.489,1,4,ps
1778410108.9147897,1,115,1.635418,58.78,519.487,535.427,1,4,ps
1778410109.4848716,1,116,1.885709,57.74,526.838,545.238,1,4,ps
1778410110.047002,1,117,1.50387,57.79,520.79,544.869,1,4,ps
1778410110.6176133,1,118,1.606706,57.67,511.362,547.542,1,4,ps
1778410111.191424,1,119,1.617865,56.62,539.617,556.17,1,4,ps
1778410111.7549279,1,120,1.755206,58.41,527.624,540.643,1,4,ps
1778410112.3273606,1,121,1.756851,58.64,523.506,536.92,1,4,ps
1778410112.8978395,1,122,1.864972,57.64,525.933,546.252,1,4,ps
1778410113.466918,1,123,1.847396,57.8,524.738,544.617,1,4,ps
1778410114.0370522,1,124,1.519233,57.01,526.713,552.456,1,4,ps
1778410114.6581495,1,125,1.537837,53.03,578.93,594.604,1,4,ps
1778410115.2361584,1,126,1.813723,58.72,517.459,536.39,1,4,ps
1778410115.8032572,1,127,1.933849,57.93,526.671,543.684,1,4,ps
1778410116.3765771,1,128,1.610272,57.37,531.741,548.832,1,4,ps
1778410116.951293,1,129,1.623934,58.33,523.262,540.888,1,4,ps
1778410117.5172968,1,130,1.559836,58.18,525.668,542.924,1,4,ps
1778410118.0863168,1,131,1.599065,57.13,535.446,551.034,1,4,ps
1778410118.6484802,1,132,1.444868,58.21,522.108,541.736,1,4,ps
1778410119.2202659,1,133,2.056547,57.94,527.229,543.391,1,4,ps
1778410119.785384,1,134,1.30975,59.41,515.541,529.995,1,4,ps
1778410120.3618355,1,135,1.722823,56.82,535.133,554.201,1,4,ps
1778410120.9434352,1,136,1.595842,56.43,537.769,558.274,1,4,ps
1778410121.5046248,1,137,1.832929,59.37,515.35,531.045,1,4,ps
1778410122.07791,1,138,1.521369,58.08,523.252,542.15,1,4,ps
1778410122.642163,1,139,1.373023,58.03,527.58,542.407,1,4,ps
1778410123.2084196,1,140,1.48877,58.84,521.16,534.929,1,4,ps
1778410123.7811804,1,141,1.594972,58.0,528.394,544.048,1,4,ps
1778410124.3502362,1,142,2.005997,57.11,538.048,553.038,1,4,ps
1778410124.919814,1,143,1.609425,57.06,531.342,551.664,1,4,ps
1778410125.49821,1,144,1.776175,56.66,529.714,555.916,1,4,ps
1778410126.0781436,1,145,1.636064,56.65,539.945,555.996,1,4,ps
1778410126.656025,1,146,1.445544,57.28,531.626,549.786,1,4,ps
1778410127.2255561,1,147,1.642773,58.8,520.988,535.012,1,4,ps
1778410127.790204,1,148,1.739387,57.89,528.454,543.898,1,4,ps
1778410128.356521,1,149,1.591124,58.91,518.139,534.273,1,4,ps
1778410128.925902,1,150,1.573519,57.97,521.909,543.319,1,4,ps
1778410129.4949145,1,151,1.743755,57.81,526.394,544.473,1,4,ps
1778410130.0670297,1,152,1.612163,57.45,523.063,547.904,1,4,ps
1778410130.649829,1,153,1.516898,57.94,531.135,543.073,1,4,ps
1778410131.2302926,1,154,1.838361,57.05,533.583,552.067,1,4,ps
1778410131.8257968,1,155,1.516518,55.93,543.034,563.22,1,4,ps
1778410132.4219015,1,156,1.467625,55.9,542.823,563.223,1,4,ps
1778410133.0032082,1,157,1.586859,56.98,534.496,552.584,1,4,ps
1778410133.5669537,1,158,1.501139,58.23,519.493,540.808,1,4,ps
1778410134.1538455,1,159,1.750376,55.9,542.899,563.419,1,4,ps
1778410134.7370932,1,160,1.539314,56.36,539.529,558.734,1,4,ps
1778410135.3112743,1,161,1.463522,57.77,524.012,544.931,1,4,ps
1778410135.894735,1,162,1.43458,55.81,541.071,564.49,1,4,ps
1778410136.4679847,1,163,1.814483,57.34,526.904,550.94,1,4,ps
1778410137.0371637,1,164,1.411837,57.04,526.394,553.403,1,4,ps
1778410137.6080368,1,165,1.242479,56.86,537.848,553.553,1,4,ps
1778410138.1726444,1,166,1.751474,59.34,516.723,530.272,1,4,ps
1778410138.7438855,1,167,1.271114,57.71,528.581,545.637,1,4,ps
1778410139.3095214,1,168,1.429112,58.81,520.505,535.613,1,4,ps
1778410139.8720143,1,169,1.315304,59.41,514.554,530.435,1,4,ps
1778410140.439913,1,170,1.713965,58.0,525.846,542.69,1,4,ps
1778410141.0029697,1,171,1.51025,58.27,519.043,540.226,1,4,ps
1778410141.5633426,1,172,1.32286,58.67,521.48,536.464,1,4,ps
1778410142.1373239,1,173,1.44246,57.99,527.851,543.128,1,4,ps
1778410142.7023454,1,174,1.773075,58.13,521.796,543.044,1,4,ps
1778410143.2671952,1,175,1.510586,59.38,516.558,530.209,1,4,ps
1778410143.833435,1,176,1.295389,58.81,521.968,535.096,1,4,ps
1778410144.4039268,1,177,1.529426,56.95,529.146,553.135,1,4,ps
1778410144.976788,1,178,1.346736,58.05,525.342,544.405,1,4,ps
1778410145.5488553,1,179,1.501816,57.61,500.135,546.593,1,4,ps
1778410146.117094,1,180,1.391117,58.86,522.045,535.665,1,4,ps
1778410146.706147,1,181,1.435433,56.64,541.804,556.218,1,4,ps
1778410147.274827,1,182,1.63769,57.12,535.901,551.585,1,4,ps
1778410147.8432443,1,183,1.812472,58.76,520.046,535.708,1,4,ps
1778410148.4169874,1,184,1.66532,56.57,530.87,558.249,1,4,ps
1778410148.9882853,1,185,1.935192,56.83,536.224,555.705,1,4,ps
1778410149.5630305,1,186,1.09587,56.57,538.251,556.392,1,4,ps
1778410150.1251135,1,187,1.239745,58.85,517.887,535.263,1,4,ps
1778410150.69589,1,188,1.548612,57.71,521.489,545.513,1,4,ps
1778410151.2652614,1,189,1.500328,58.84,518.29,534.971,1,4,ps
1778410151.83764,1,190,1.552469,57.89,528.847,543.981,1,4,ps
1778410152.4064188,1,191,1.361609,57.45,524.583,548.12,1,4,ps
1778410152.9701526,1,192,1.428593,58.15,526.033,541.506,1,4,ps
1778410153.5369933,1,193,1.238122,58.91,519.504,534.912,1,4,ps
1778410154.1064177,1,194,1.611628,59.43,516.761,529.762,1,4,ps
1778410154.7001994,1,195,1.279865,56.22,544.844,560.22,1,4,ps
1778410155.2707124,1,196,1.485807,57.67,525.952,546.067,1,4,ps
1778410155.8385248,1,197,1.382242,58.49,522.084,537.869,1,4,ps
1778410156.4112172,1,198,1.799574,58.02,529.611,542.654,1,4,ps
1778410156.9867435,1,199,1.704388,57.85,528.092,544.649,1,4,ps
1778410157.55582,1,200,1.51295,60.01,506.334,524.262,1,4,ps
1778410158.124799,1,201,1.438812,58.75,520.15,535.611,1,4,ps
1778410158.6914434,1,202,1.369505,58.44,522.234,538.731,1,4,ps
1778410159.2582912,1,203,1.44391,58.98,516.893,533.409,1,4,ps
1778410159.832221,1,204,1.443162,57.11,534.091,551.398,1,4,ps
1778410160.3948503,1,205,1.418984,58.95,520.155,535.142,1,4,ps
1778410160.9615788,1,206,1.418876,57.28,534.286,549.614,1,4,ps
1778410161.5333712,1,207,1.507783,58.16,520.542,541.289,1,4,ps
1778410162.1026192,1,208,1.898951,57.7,525.104,545.667,1,4,ps
1778410162.6632354,1,209,1.676966,58.47,503.184,538.273,1,4,ps
1778410163.2365127,1,210,1.311399,56.63,536.064,556.29,1,4,ps
1778410163.8062017,1,211,1.691489,57.39,530.135,548.597,1,4,ps
1778410164.3705165,1,212,1.447547,57.53,530.149,547.144,1,4,ps
1778410164.9421806,1,213,1.731068,57.73,527.38,545.505,1,4,ps
1778410165.5071084,1,214,1.310135,58.07,520.782,543.319,1,4,ps
1778410166.0740137,1,215,1.486792,58.6,519.831,537.319,1,4,ps
1778410166.6560042,1,216,1.450336,56.34,541.158,560.203,1,4,ps
1778410167.2272384,1,217,1.689808,56.89,538.026,553.684,1,4,ps
1778410167.8070605,1,218,1.148733,56.79,538.653,554.454,1,4,ps
1778410168.3844204,1,219,1.517394,57.59,531.247,546.746,1,4,ps
1778410168.9527454,1,220,1.761867,57.88,519.056,543.658,1,4,ps
1778410169.518886,1,221,1.43042,58.6,521.741,537.131,1,4,ps
1778410170.0897796,1,222,1.567866,57.65,531.699,546.168,1,4,ps
1778410170.66717,1,223,1.382804,56.81,534.953,554.202,1,4,ps
1778410171.2413878,1,224,1.561732,56.99,536.324,552.51,1,4,ps
1778410171.8147762,1,225,1.401299,57.28,529.519,549.811,1,4,ps
1778410172.3767781,1,226,1.215581,58.32,522.771,539.675,1,4,ps
1778410172.9553494,1,227,1.09768,57.61,532.036,547.035,1,4,ps
1778410173.5172884,1,228,1.61997,58.25,524.814,539.997,1,4,ps
1778410174.089767,1,229,1.906191,57.84,528.893,544.535,1,4,ps
1778410174.684301,1,230,1.344242,56.31,545.644,559.238,1,4,ps
1778410175.2502449,1,231,1.96049,60.12,492.886,523.458,1,4,ps
1778410175.8196719,1,232,1.265889,57.57,525.249,546.755,1,4,ps
1778410176.3879724,1,233,1.334994,58.81,520.552,535.822,1,4,ps
1778410176.9570239,1,234,1.304001,57.39,532.062,548.693,1,4,ps
1778410177.529721,1,235,1.260674,58.61,522.418,538.503,1,4,ps
1778410178.106054,1,236,1.930969,57.57,530.53,546.832,1,4,ps
1778410178.684685,1,237,1.294848,57.47,533.449,547.968,1,4,ps
1778410179.250582,1,238,1.354663,58.12,526.194,541.459,1,4,ps
1778410179.8233268,1,239,1.453709,57.56,531.3,547.243,1,4,ps
1778410180.3910336,1,240,1.343266,58.62,524.181,536.904,1,4,ps
1778410180.964644,1,241,1.202955,57.9,525.037,543.581,1,4,ps
1778410181.5301235,1,242,1.448354,59.01,514.893,533.227,1,4,ps
1778410182.0968087,1,243,1.270758,58.73,518.393,535.88,1,4,ps
1778410182.6578312,1,244,1.647277,58.18,520.172,541.47,1,4,ps
1778410183.2344005,1,245,1.268946,58.07,502.58,542.897,1,4,ps
1778410183.8010244,1,246,1.28653,57.32,533.615,549.299,1,4,ps
1778410184.3784935,1,247,1.632324,57.13,535.473,551.19,1,4,ps
1778410184.960645,1,248,1.375366,56.9,531.61,553.453,1,4,ps
1778410185.533795,1,249,1.30365,57.2,535.053,550.607,1,4,ps
1778410186.10759,1,250,1.34112,58.71,521.91,535.945,1,4,ps
1778410186.694202,1,251,1.605338,56.76,539.132,554.887,1,4,ps
1778410187.2710857,1,252,1.342745,56.26,531.557,559.849,1,4,ps
1778410187.8573008,1,253,1.722563,55.46,537.704,567.883,1,4,ps
1778410188.434283,1,254,1.281039,57.56,526.136,547.126,1,4,ps
1778410189.022217,1,255,1.765861,56.37,537.347,558.479,1,4,ps
1778410189.5956457,1,256,1.874419,57.83,526.067,544.389,1,4,ps
1778410190.1663442,1,257,1.135207,58.4,508.088,539.02,1,4,ps
1778410190.7409785,1,258,0.929153,57.64,527.058,546.747,1,4,ps
1778410191.3157606,1,259,1.208631,58.65,523.857,536.731,1,4,ps
1778410191.882831,1,260,1.240838,58.43,522.655,538.718,1,4,ps
1778410192.4484391,1,261,1.267276,57.74,520.462,545.46,1,4,ps
1778410193.0119457,1,262,1.504522,59.51,513.424,530.008,1,4,ps
1778410193.5767248,1,263,1.104698,59.0,508.476,534.71,1,4,ps
1778410194.1490474,1,264,1.1251,58.11,526.274,543.003,1,4,ps
1778410194.7501621,1,265,1.435295,55.19,552.53,571.193,1,4,ps
1778410195.3212113,1,266,1.337763,57.67,528.506,547.237,1,4,ps
1778410195.8897054,1,267,1.192574,57.49,529.851,547.997,1,4,ps
1778410196.4614503,1,268,1.15234,58.01,524.8,542.995,1,4,ps
1778410197.0304453,1,269,1.056266,58.39,521.443,538.745,1,4,ps
1778410197.596651,1,270,1.274481,59.01,517.966,535.044,1,4,ps
1778410198.1656969,1,271,1.327828,57.08,526.864,551.224,1,4,ps
1778410198.740948,1,272,1.382774,57.3,515.519,549.375,1,4,ps
1778410199.320627,1,273,1.620704,57.14,522.632,551.091,1,4,ps
1778410199.8995674,1,274,1.146102,56.61,540.0,556.367,1,4,ps
1778410200.4694567,1,275,1.642869,57.64,526.682,545.932,1,4,ps
1778410201.0379775,1,276,1.442107,57.1,522.566,551.297,1,4,ps
1778410201.6127217,1,277,1.101682,57.41,533.091,548.138,1,4,ps
1778410202.1783319,1,278,1.233442,58.85,512.956,534.849,1,4,ps
1778410202.7477343,1,279,1.328232,58.69,520.571,536.547,1,4,ps
1778410203.3154902,1,280,1.448996,58.7,516.344,536.147,1,4,ps
1778410203.8772113,1,281,1.07342,57.81,530.372,546.324,1,4,ps
1778410204.4467318,1,282,1.209054,57.0,527.876,553.061,1,4,ps
1778410205.0128198,1,283,1.070785,58.14,522.71,541.491,1,4,ps
1778410205.585614,1,284,1.600289,58.44,523.09,539.243,1,4,ps
1778410206.150806,1,285,1.380687,58.11,525.696,542.023,1,4,ps
1778410206.7332125,1,286,1.308864,56.44,541.043,557.889,1,4,ps
1778410207.3023796,1,287,1.42516,58.4,524.748,538.785,1,4,ps
1778410207.8759701,1,288,1.322665,56.97,527.664,552.788,1,4,ps
1778410208.4436803,1,289,1.601339,59.11,519.759,532.505,1,4,ps
1778410209.0092216,1,290,1.170068,58.53,519.865,537.911,1,4,ps
1778410209.5893612,1,291,1.461378,57.25,532.422,549.849,1,4,ps
1778410210.1849804,1,292,1.370033,56.48,537.373,557.315,1,4,ps
1778410210.755097,1,293,1.66262,59.19,518.476,532.225,1,4,ps
1778410211.3192813,1,294,1.630827,59.6,514.286,528.925,1,4,ps
1778410211.89426,1,295,1.476492,57.16,510.352,551.09,1,4,ps
1778410212.4624975,1,296,1.685063,58.82,518.909,535.139,1,4,ps
1778410213.0322914,1,297,0.917951,57.16,533.312,550.625,1,4,ps
1778410213.60043,1,298,1.55812,57.15,529.233,550.95,1,4,ps
1778410214.182126,1,299,1.225097,56.18,538.58,561.224,1,4,ps
1778410214.7797177,1,300,1.065728,54.31,565.105,580.265,1,4,ps
1778410215.355047,1,301,1.821994,58.56,523.206,537.512,1,4,ps
1778410215.9284081,1,302,1.270168,57.58,523.851,546.846,1,4,ps
1778410216.497921,1,303,1.546467,57.83,524.941,544.467,1,4,ps
1778410217.073493,1,304,1.296917,57.89,525.418,543.904,1,4,ps
1778410217.6440387,1,305,1.381602,57.6,528.434,546.536,1,4,ps
1778410218.210948,1,306,1.589754,58.14,528.039,542.699,1,4,ps
1778410218.7871795,1,307,1.430772,57.66,532.284,546.79,1,4,ps
1778410219.360442,1,308,1.652786,56.64,528.774,556.175,1,4,ps
1778410219.927499,1,309,1.404676,58.08,528.361,543.666,1,4,ps
1778410220.5036528,1,310,1.493893,56.55,538.436,557.276,1,4,ps
1778410221.0728004,1,311,1.619932,59.24,518.18,531.14,1,4,ps
1778410221.6424594,1,312,1.204383,57.36,532.67,550.088,1,4,ps
1778410222.2128239,1,313,0.955911,56.97,527.011,552.702,1,4,ps
1778410222.7864215,1,314,1.376645,57.8,525.906,544.755,1,4,ps
1778410223.3582683,1,315,1.344417,56.79,528.557,554.801,1,4,ps
1778410223.9176817,1,316,1.314201,58.94,513.166,535.628,1,4,ps
1778410224.49339,1,317,1.556576,57.17,504.278,550.44,1,4,ps
1778410225.0671668,1,318,1.217964,58.11,529.627,542.998,1,4,ps
1778410225.6412234,1,319,1.203461,56.58,540.773,556.414,1,4,ps
1778410226.209302,1,320,1.212139,58.74,516.81,535.857,1,4,ps
1778410226.788559,1,321,1.330201,57.14,528.438,551.006,1,4,ps
1778410227.3488057,1,322,1.329283,58.36,524.402,539.483,1,4,ps
1778410227.916445,1,323,1.600189,57.97,522.695,543.039,1,4,ps
1778410228.4875433,1,324,1.390053,57.65,529.462,545.926,1,4,ps
1778410229.0521333,1,325,1.177162,58.87,520.28,534.906,1,4,ps
1778410229.6215038,1,326,1.168914,58.31,519.96,540.521,1,4,ps
1778410230.1903188,1,327,1.939992,57.8,523.811,544.74,1,4,ps
1778410230.7759793,1,328,1.246013,56.0,545.979,562.571,1,4,ps
1778410231.3427613,1,329,0.978131,57.73,529.269,546.198,1,4,ps
1778410231.9102385,1,330,1.307432,57.23,532.389,550.274,1,4,ps
1778410232.4844034,1,331,1.661823,57.53,523.968,547.043,1,4,ps
1778410233.0498488,1,332,1.139083,58.68,516.845,536.367,1,4,ps
1778410233.6180623,1,333,1.462775,58.23,526.551,540.783,1,4,ps
1778410234.1822717,1,334,1.520345,58.64,516.91,537.947,1,4,ps
1778410234.7860138,1,335,1.648362,54.28,559.26,581.225,1,4,ps
1778410235.3609953,1,336,1.30947,57.52,529.345,547.554,1,4,ps
1778410235.9344513,1,337,1.568552,58.19,525.598,541.218,1,4,ps
1778410236.5110507,1,338,1.420945,56.88,533.381,553.249,1,4,ps
1778410237.0969622,1,339,1.413757,56.7,539.893,556.029,1,4,ps
1778410237.6637228,1,340,1.311297,59.79,499.089,526.21,1,4,ps
1778410238.228842,1,341,1.671913,58.79,518.958,535.174,1,4,ps
1778410238.8029969,1,342,1.43606,57.3,531.606,549.608,1,4,ps
1778410239.3699872,1,343,1.563969,57.82,518.142,544.466,1,4,ps
1778410239.9362872,1,344,1.207652,59.29,515.527,530.881,1,4,ps
1778410240.5022023,1,345,1.38187,59.27,506.659,531.072,1,4,ps
1778410241.0739684,1,346,1.519012,57.42,532.781,549.761,1,4,ps
1778410241.6461291,1,347,1.300228,57.39,532.87,550.229,1,4,ps
1778410242.2107327,1,348,1.494409,57.52,528.609,547.345,1,4,ps
1778410242.7832325,1,349,1.336487,56.72,530.286,555.47,1,4,ps
1778410243.348308,1,350,1.213893,57.41,528.114,548.536,1,4,ps
1778410243.9182072,1,351,1.286175,56.99,536.699,552.395,1,4,ps
1778410244.4887414,1,352,1.504044,58.24,516.174,540.422,1,4,ps
1778410245.0652895,1,353,1.29211,57.34,527.495,549.257,1,4,ps
1778410245.6361642,1,354,1.101516,57.48,532.855,547.669,1,4,ps
1778410246.208597,1,355,1.369359,58.25,523.557,540.401,1,4,ps
1778410246.795743,1,356,1.325595,55.91,540.39,562.974,1,4,ps
1778410247.3581848,1,357,1.413555,59.35,517.256,530.396,1,4,ps
1778410247.9662952,1,358,1.180673,54.93,548.05,575.279,1,4,ps
1778410248.5590725,1,359,1.28045,55.98,542.856,562.545,1,4,ps
1778410249.1389024,1,360,1.572766,56.7,535.132,555.544,1,4,ps
1778410249.7223969,1,361,1.297121,57.1,526.039,550.811,1,4,ps
1778410250.2874267,1,362,0.997558,59.09,519.213,532.65,1,4,ps
1778410250.8594272,1,363,1.15907,57.54,531.158,546.944,1,4,ps
1778410251.4375284,1,364,1.265605,56.16,540.743,560.89,1,4,ps
1778410252.0314245,1,365,0.988709,55.16,545.658,571.342,1,4,ps
1778410252.6232307,1,366,1.27276,55.94,534.584,563.16,1,4,ps
1778410253.2267985,1,367,0.961448,53.81,558.354,585.08,1,4,ps
1778410253.8439183,1,368,1.214218,53.99,561.715,583.366,1,4,ps
1778410254.418112,1,369,1.674231,58.33,527.209,540.3,1,4,ps
1778410254.9980457,1,370,1.302668,56.85,533.532,553.884,1,4,ps
1778410255.595716,1,371,1.560472,55.53,548.837,567.369,1,4,ps
1778410256.1855803,1,372,1.445363,56.51,539.995,557.171,1,4,ps
1778410256.8032784,1,373,1.095388,54.42,560.843,579.419,1,4,ps
1778410257.3779087,1,374,1.793946,56.88,530.284,555.43,1,4,ps
1778410257.948348,1,375,1.075581,56.94,534.285,553.352,1,4,ps
1778410258.544606,1,376,1.331487,56.56,537.967,556.932,1,4,ps
1778410259.1164434,1,377,1.566615,57.01,533.382,553.542,1,4,ps
1778410259.6855257,1,378,1.072725,57.11,536.937,551.33,1,4,ps
1778410260.251241,1,379,1.337716,57.97,520.946,543.149,1,4,ps
1778410260.8197203,1,380,1.477586,57.91,523.697,543.741,1,4,ps
1778410261.379488,1,381,1.292148,59.29,511.772,532.373,1,4,ps
1778410261.9540455,1,382,1.219757,57.26,527.495,549.894,1,4,ps
1778410262.5506124,1,383,1.340607,54.85,549.671,574.547,1,4,ps
1778410263.1236932,1,384,1.288904,57.9,527.282,543.674,1,4,ps
1778410263.6975317,1,385,1.219054,58.17,519.331,541.253,1,4,ps
1778410264.2705314,1,386,1.37729,57.65,527.331,547.218,1,4,ps
1778410264.875457,1,387,1.246736,54.78,559.614,575.085,1,4,ps
1778410265.461415,1,388,1.572323,56.12,541.233,561.337,1,4,ps
1778410266.0306058,1,389,1.275606,57.61,524.826,546.42,1,4,ps
1778410266.6306393,1,390,1.478284,34.06,468.278,579.579,1,4,ps
1778410270.277015,2,0,0.942009,57.26,528.655,549.999,1,4,ps
1778410270.848735,2,1,1.150678,58.06,512.984,542.223,1,4,ps
1778410271.4124515,2,2,1.161619,59.19,517.871,531.622,1,4,ps
1778410271.979345,2,3,1.251007,57.97,525.534,542.722,1,4,ps
1778410272.5428503,2,4,1.139973,58.52,518.575,538.013,1,4,ps
1778410273.131916,2,5,1.133309,56.95,535.175,553.023,1,4,ps
1778410273.710505,2,6,1.033074,56.65,535.793,555.868,1,4,ps
1778410274.2973533,2,7,0.98641,57.15,536.11,551.328,1,4,ps
1778410274.914589,2,8,1.049569,53.27,569.2,591.912,1,4,ps
1778410275.4973903,2,9,1.132842,56.77,534.825,554.768,1,4,ps
1778410276.0725865,2,10,1.033936,58.52,520.366,537.916,1,4,ps
1778410276.649856,2,11,1.204787,57.61,510.974,546.623,1,4,ps
1778410277.2191496,2,12,1.389333,58.67,502.598,536.603,1,4,ps
1778410277.8006709,2,13,1.371172,56.83,533.099,553.616,1,4,ps
1778410278.3686197,2,14,0.985607,57.67,523.988,545.756,1,4,ps
1778410278.9391413,2,15,1.214589,56.94,526.519,552.863,1,4,ps
1778410279.5126493,2,16,0.849455,58.08,523.237,542.011,1,4,ps
1778410280.0891917,2,17,1.246836,57.6,530.906,546.719,1,4,ps
1778410280.6568732,2,18,1.383989,57.2,535.48,551.705,1,4,ps
1778410281.2348144,2,19,1.109643,56.56,538.96,557.934,1,4,ps
1778410281.8033562,2,20,0.902808,57.11,530.169,551.64,1,4,ps
1778410282.3894644,2,21,1.142458,56.79,531.717,554.083,1,4,ps
1778410282.9543345,2,22,1.390685,58.77,521.024,535.45,1,4,ps
1778410283.55994,2,23,1.104513,53.66,558.584,587.331,1,4,ps
1778410284.1312737,2,24,1.391898,57.41,530.048,549.681,1,4,ps
1778410284.7575443,2,25,1.116671,51.85,582.604,608.438,1,4,ps
1778410285.3219335,2,26,1.517245,58.37,520.904,539.585,1,4,ps
1778410285.9160688,2,27,1.305474,56.11,543.959,561.543,1,4,ps
1778410286.4941945,2,28,1.305032,56.97,537.173,552.779,1,4,ps
1778410287.0655303,2,29,1.231975,57.58,529.859,546.701,1,4,ps
1778410287.6373034,2,30,1.559411,58.07,520.628,542.172,1,4,ps
1778410288.2196727,2,31,1.116513,57.35,535.045,549.075,1,4,ps
1778410288.7834234,2,32,0.888232,58.21,525.496,540.796,1,4,ps
1778410289.3602853,2,33,1.230481,57.29,528.624,549.599,1,4,ps
1778410289.942145,2,34,1.229204,57.05,529.201,552.172,1,4,ps
1778410290.5085363,2,35,1.670113,58.51,518.698,537.996,1,4,ps
1778410291.078834,2,36,1.15484,57.88,527.584,545.088,1,4,ps
1778410291.648483,2,37,0.835146,58.52,523.62,537.801,1,4,ps
1778410292.222551,2,38,1.327215,58.73,522.985,535.903,1,4,ps
1778410292.7940567,2,39,1.213727,58.36,522.673,539.523,1,4,ps
1778410293.369573,2,40,1.528692,57.49,529.86,547.843,1,4,ps
1778410293.9663365,2,41,0.846843,55.52,551.621,567.764,1,4,ps
1778410294.5515835,2,42,1.378972,56.56,541.743,556.881,1,4,ps
1778410295.132138,2,43,1.209646,56.48,542.551,557.505,1,4,ps
1778410295.716341,2,44,1.145466,56.87,539.706,553.899,1,4,ps
1778410296.28301,2,45,1.408434,58.25,523.736,540.328,1,4,ps
1778410296.8691869,2,46,1.024069,56.04,541.794,563.855,1,4,ps
1778410297.4386206,2,47,0.809849,57.08,527.336,551.726,1,4,ps
1778410298.0121658,2,48,1.035422,58.14,524.568,541.435,1,4,ps
1778410298.5889173,2,49,1.023464,58.07,524.735,542.744,1,4,ps
1778410299.1632047,2,50,1.253446,56.54,537.427,556.718,1,4,ps
1778410299.730677,2,51,0.967497,58.76,522.948,535.898,1,4,ps
1778410300.2999077,2,52,1.396335,58.27,524.648,539.935,1,4,ps
1778410300.8665016,2,53,1.222416,59.17,513.694,531.966,1,4,ps
1778410301.4347088,2,54,1.270809,59.15,519.1,532.235,1,4,ps
1778410302.0071313,2,55,1.34533,57.41,528.505,549.443,1,4,ps
1778410302.571998,2,56,0.905565,59.0,521.401,533.435,1,4,ps
1778410303.1403043,2,57,1.068325,57.98,523.91,543.185,1,4,ps
1778410303.704501,2,58,1.136864,59.2,515.919,531.708,1,4,ps
1778410304.2766612,2,59,1.312321,56.76,538.993,554.755,1,4,ps
1778410304.9128602,2,60,1.238892,51.58,581.216,611.501,1,4,ps
1778410305.4852884,2,61,1.589067,58.73,517.141,536.03,1,4,ps
1778410306.0646553,2,62,1.073034,57.12,534.187,551.257,1,4,ps
1778410306.6300068,2,63,1.284305,59.08,517.928,532.717,1,4,ps
1778410307.2010326,2,64,1.017845,57.5,514.995,547.516,1,4,ps
1778410307.7706053,2,65,1.053913,57.74,531.743,546.549,1,4,ps
1778410308.3370793,2,66,1.180132,57.37,532.646,548.75,1,4,ps
1778410308.909341,2,67,1.197681,58.37,521.36,539.478,1,4,ps
1778410309.4714096,2,68,1.12366,58.93,510.463,534.05,1,4,ps
1778410310.0580342,2,69,1.243831,56.57,541.433,556.738,1,4,ps
1778410310.623449,2,70,1.163162,58.09,526.777,541.704,1,4,ps
1778410311.1987927,2,71,1.341964,57.75,526.024,544.67,1,4,ps
1778410311.767824,2,72,1.337984,57.61,527.899,546.478,1,4,ps
1778410312.3425617,2,73,1.393814,57.7,532.217,547.146,1,4,ps
1778410312.9173763,2,74,1.129032,57.45,528.969,548.177,1,4,ps
1778410313.491342,2,75,1.15934,58.08,527.347,541.959,1,4,ps
1778410314.0657272,2,76,1.234321,57.79,530.302,545.89,1,4,ps
1778410314.67163,2,77,1.243744,54.84,556.882,574.288,1,4,ps
1778410315.2591581,2,78,1.002348,56.07,534.06,561.498,1,4,ps
1778410315.834549,2,79,1.010228,57.33,528.416,549.296,1,4,ps
1778410316.4095645,2,80,1.00704,57.85,529.515,544.221,1,4,ps
1778410316.9849758,2,81,0.977648,57.5,529.305,547.978,1,4,ps
1778410317.5499978,2,82,1.031195,59.18,515.355,531.837,1,4,ps
1778410318.1294987,2,83,1.256729,57.46,533.865,549.586,1,4,ps
1778410318.6989043,2,84,1.413378,57.06,528.861,551.966,1,4,ps
1778410319.2753477,2,85,1.055853,57.66,529.509,546.061,1,4,ps
1778410319.8389883,2,86,0.976178,58.95,518.816,533.784,1,4,ps
1778410320.410058,2,87,1.383575,58.21,525.601,542.238,1,4,ps
1778410320.984333,2,88,1.35595,56.86,525.344,553.897,1,4,ps
1778410321.5519278,2,89,0.973023,58.01,523.749,543.667,1,4,ps
1778410322.115571,2,90,0.806961,58.75,516.754,535.574,1,4,ps
1778410322.686822,2,91,1.019056,58.09,525.951,541.923,1,4,ps
1778410323.2516072,2,92,1.15762,58.04,527.094,543.016,1,4,ps
1778410323.821081,2,93,1.049592,56.99,536.873,552.703,1,4,ps
1778410324.4005966,2,94,1.070019,58.28,526.369,540.882,1,4,ps
1778410324.9867694,2,95,1.348562,56.51,536.846,557.345,1,4,ps
1778410325.5711448,2,96,0.697146,56.88,516.131,555.038,1,4,ps
1778410326.1451027,2,97,1.042947,57.08,535.499,551.815,1,4,ps
1778410326.7295103,2,98,1.301615,56.62,540.041,556.272,1,4,ps
1778410327.2955687,2,99,1.092005,58.48,522.51,538.256,1,4,ps
1778410327.8632584,2,100,1.056058,57.67,526.315,546.104,1,4,ps
1778410328.430636,2,101,1.120947,58.18,522.866,541.829,1,4,ps
1778410328.995022,2,102,1.05526,58.11,519.367,542.002,1,4,ps
1778410329.5595798,2,103,1.01032,58.97,516.386,533.665,1,4,ps
1778410330.1259096,2,104,1.338412,59.09,513.792,533.016,1,4,ps
1778410330.7015426,2,105,0.819911,57.8,523.898,544.845,1,4,ps
1778410331.262621,2,106,1.516051,59.7,511.829,527.322,1,4,ps
1778410331.8432949,2,107,1.201912,56.48,527.532,557.423,1,4,ps
1778410332.4118772,2,108,1.019862,58.88,520.788,534.673,1,4,ps
1778410332.9879518,2,109,1.071703,57.43,528.033,548.167,1,4,ps
1778410333.5566032,2,110,1.035919,58.11,523.779,541.758,1,4,ps
1778410334.1252959,2,111,0.907983,57.13,525.354,551.182,1,4,ps
1778410334.7509391,2,112,1.470703,52.47,571.237,601.087,1,4,ps
1778410335.3248456,2,113,1.582292,57.4,532.563,548.539,1,4,ps
1778410335.8928745,2,114,1.216612,59.02,519.207,533.891,1,4,ps
1778410336.489616,2,115,1.439566,55.15,555.574,572.264,1,4,ps
1778410337.0796974,2,116,1.051406,56.66,531.927,555.804,1,4,ps
1778410337.6440275,2,117,1.357963,58.26,523.563,541.882,1,4,ps
1778410338.2137802,2,118,1.3818,57.09,534.931,551.49,1,4,ps
1778410338.7827182,2,119,1.133282,57.14,535.391,551.123,1,4,ps
1778410339.352719,2,120,0.974963,59.17,519.869,531.833,1,4,ps
1778410339.9153914,2,121,1.463686,58.33,517.773,540.3,1,4,ps
1778410340.4895222,2,122,1.220158,56.86,538.629,553.953,1,4,ps
1778410341.0562396,2,123,1.017351,57.33,529.043,549.173,1,4,ps
1778410341.6526756,2,124,1.498093,55.76,548.111,565.16,1,4,ps
1778410342.2400215,2,125,1.776163,56.94,539.729,554.461,1,4,ps
1778410342.8415337,2,126,0.994394,53.99,562.412,583.711,1,4,ps
1778410343.449936,2,127,0.812704,54.21,555.357,581.243,1,4,ps
1778410344.0323434,2,128,0.90307,56.94,538.474,553.123,1,4,ps
1778410344.63742,2,129,0.69751,55.3,555.802,569.689,1,4,ps
1778410345.294555,2,130,1.250477,50.69,606.112,622.437,1,4,ps
1778410345.9110165,2,131,1.307183,53.33,565.877,591.393,1,4,ps
1778410346.5387647,2,132,1.302767,52.74,580.699,597.845,1,4,ps
1778410347.152515,2,133,1.093682,54.27,553.91,580.801,1,4,ps
1778410347.7305582,2,134,1.4428,58.0,525.271,542.685,1,4,ps
1778410348.321514,2,135,1.156338,55.67,546.782,565.941,1,4,ps
1778410348.9037066,2,136,1.130475,57.89,521.609,544.071,1,4,ps
1778410349.487194,2,137,1.052284,56.31,543.865,559.42,1,4,ps
1778410350.0821543,2,138,0.863635,56.01,542.701,562.469,1,4,ps
1778410350.6793582,2,139,1.145564,55.45,540.555,568.039,1,4,ps
1778410351.2657752,2,140,0.988548,56.84,539.422,554.053,1,4,ps
1778410351.8399122,2,141,0.98885,57.98,528.483,543.134,1,4,ps
1778410352.4135616,2,142,0.71931,57.29,527.425,551.255,1,4,ps
1778410353.0250993,2,143,1.386593,54.58,556.656,577.373,1,4,ps
1778410353.6206024,2,144,1.227724,56.57,542.541,556.608,1,4,ps
1778410354.207052,2,145,1.309049,56.73,534.658,556.396,1,4,ps
1778410354.892652,2,146,1.056429,47.3,641.514,667.607,1,4,ps
1778410355.4668493,2,147,1.693741,56.73,539.116,555.207,1,4,ps
1778410356.0453317,2,148,1.080156,58.07,525.23,542.024,1,4,ps
1778410356.6343615,2,149,1.430349,55.59,548.173,566.746,1,4,ps
1778410357.2369647,2,150,1.662214,54.59,559.996,577.421,1,4,ps
1778410357.8238575,2,151,1.077812,56.25,543.172,559.961,1,4,ps
1778410358.4163144,2,152,1.278803,55.4,549.077,568.654,1,4,ps
1778410358.9857938,2,153,1.291085,58.52,502.706,539.316,1,4,ps
1778410359.568877,2,154,0.905721,55.68,541.763,565.869,1,4,ps
1778410360.1338918,2,155,0.92304,60.01,512.584,524.466,1,4,ps
1778410360.7109015,2,156,1.31989,57.13,534.062,551.297,1,4,ps
1778410361.2756228,2,157,1.216831,58.26,523.546,540.654,1,4,ps
1778410361.8451042,2,158,1.045063,58.15,525.834,541.406,1,4,ps
1778410362.4319131,2,159,1.114833,56.62,535.961,556.296,1,4,ps
1778410363.0258334,2,160,1.081279,55.07,548.533,573.661,1,4,ps
1778410363.61161,2,161,1.156061,56.19,539.387,560.502,1,4,ps
1778410364.1951761,2,162,1.405458,56.75,539.722,554.955,1,4,ps
1778410364.812885,2,163,0.782486,53.68,575.139,588.287,1,4,ps
1778410365.4011016,2,164,1.343412,55.92,540.988,563.278,1,4,ps
1778410365.9710689,2,165,0.954244,57.74,527.471,545.924,1,4,ps
1778410366.5504467,2,166,0.878158,57.61,530.401,547.832,1,4,ps
1778410367.128594,2,167,0.827601,56.29,536.508,559.637,1,4,ps
1778410367.7099314,2,168,1.067182,57.38,533.18,548.738,1,4,ps
1778410368.2957282,2,169,0.771165,56.81,538.014,554.3,1,4,ps
1778410368.861637,2,170,0.885259,57.89,527.617,544.114,1,4,ps
1778410369.4340491,2,171,1.237595,58.63,524.585,538.091,1,4,ps
1778410370.0084834,2,172,1.074396,58.01,525.033,542.735,1,4,ps
1778410370.575854,2,173,1.189962,58.47,520.772,538.393,1,4,ps
1778410371.142789,2,174,1.013141,57.76,529.728,545.149,1,4,ps
1778410371.7103758,2,175,1.115003,57.81,527.693,544.608,1,4,ps
1778410372.2770457,2,176,1.079311,57.97,528.0,543.058,1,4,ps
1778410372.8436563,2,177,0.974449,58.95,517.967,535.047,1,4,ps
1778410373.415554,2,178,1.082738,56.83,524.749,554.098,1,4,ps
1778410374.0017939,2,179,1.166483,57.06,535.194,551.485,1,4,ps
1778410374.5804615,2,180,1.056364,56.78,528.479,554.529,1,4,ps
1778410375.170156,2,181,0.849052,55.43,552.315,568.248,1,4,ps
1778410375.748387,2,182,0.908227,56.78,538.039,554.492,1,4,ps
1778410376.336476,2,183,1.172217,55.59,550.932,566.824,1,4,ps
1778410376.9388602,2,184,0.919927,55.01,545.344,572.775,1,4,ps
1778410377.512762,2,185,1.239667,57.15,535.213,550.931,1,4,ps
1778410378.0895557,2,186,0.952169,57.86,528.726,543.933,1,4,ps
1778410378.7093544,2,187,0.908084,53.65,569.854,587.873,1,4,ps
1778410379.3160324,2,188,0.983895,55.27,554.88,570.2,1,4,ps
1778410379.906383,2,189,1.012756,56.47,526.99,557.673,1,4,ps
1778410380.4947665,2,190,1.477647,56.55,540.093,556.814,1,4,ps
1778410381.0900252,2,191,0.96426,55.78,535.931,564.665,1,4,ps
1778410381.6839921,2,192,1.391777,56.25,547.345,561.2,1,4,ps
1778410382.301758,2,193,0.976776,53.61,573.431,588.068,1,4,ps
1778410382.891013,2,194,1.579256,56.89,531.151,553.582,1,4,ps
1778410383.4999504,2,195,0.918343,54.5,558.957,578.041,1,4,ps
1778410384.1584804,2,196,1.269439,49.28,607.284,640.365,1,4,ps
1778410384.8231761,2,197,0.991781,49.52,611.101,637.067,1,4,ps
1778410385.4657958,2,198,1.276229,51.54,587.479,612.182,1,4,ps
1778410386.0461795,2,199,1.24634,57.83,524.622,545.329,1,4,ps
1778410386.6242356,2,200,1.291564,57.2,529.559,550.678,1,4,ps
1778410387.208392,2,201,0.946777,57.95,524.632,543.306,1,4,ps
1778410387.8166373,2,202,1.276248,54.39,558.526,579.674,1,4,ps
1778410388.4041107,2,203,1.482244,56.02,545.704,562.915,1,4,ps
1778410389.0244772,2,204,1.117889,52.68,582.791,598.58,1,4,ps
1778410389.604458,2,205,0.860157,57.23,533.905,550.166,1,4,ps
1778410390.197879,2,206,1.363939,55.91,544.329,563.564,1,4,ps
1778410390.7698257,2,207,1.492994,57.48,526.367,547.867,1,4,ps
1778410391.3467104,2,208,0.921683,58.15,527.883,542.149,1,4,ps
1778410391.9170134,2,209,1.007183,56.94,527.18,553.091,1,4,ps
1778410392.4946742,2,210,0.96665,56.99,524.545,552.859,1,4,ps
1778410393.065436,2,211,1.241711,57.98,526.338,543.209,1,4,ps
1778410393.6440156,2,212,1.262875,57.03,536.786,552.141,1,4,ps
1778410394.2240472,2,213,1.213011,57.7,531.427,546.394,1,4,ps
1778410394.855308,2,214,1.072519,52.25,583.831,603.26,1,4,ps
1778410395.4262471,2,215,1.098416,56.88,526.415,555.141,1,4,ps
1778410396.004446,2,216,1.311061,57.82,526.492,545.641,1,4,ps
1778410396.5716438,2,217,1.041297,58.75,515.425,535.978,1,4,ps
1778410397.1423075,2,218,1.130206,58.03,519.494,542.536,1,4,ps
1778410397.7117162,2,219,0.838986,57.07,534.375,551.824,1,4,ps
1778410398.2801971,2,220,0.903792,59.53,514.986,528.625,1,4,ps
1778410398.8483615,2,221,1.054433,57.81,527.786,544.414,1,4,ps
1778410399.4361503,2,222,0.978407,56.98,537.906,552.634,1,4,ps
1778410400.0305007,2,223,0.827151,57.06,536.3,551.854,1,4,ps
1778410400.6153815,2,224,0.799122,56.29,540.727,560.276,1,4,ps
1778410401.1880476,2,225,1.014368,57.85,528.047,544.105,1,4,ps
1778410401.7732034,2,226,0.942292,57.33,534.782,549.295,1,4,ps
1778410402.3720224,2,227,1.141204,54.7,552.237,576.07,1,4,ps
1778410402.9869823,2,228,0.899452,53.68,566.705,586.951,1,4,ps
1778410403.5795052,2,229,0.635151,55.5,544.629,567.053,1,4,ps
1778410404.2036257,2,230,0.933212,52.58,571.427,598.851,1,4,ps
1778410404.8830535,2,231,0.854226,48.19,627.976,654.81,1,4,ps
1778410405.4835548,2,232,1.008096,54.35,563.437,579.862,1,4,ps
1778410406.0838964,2,233,1.430071,56.45,542.334,558.029,1,4,ps
1778410406.6667423,2,234,1.330011,57.4,534.11,549.312,1,4,ps
1778410407.3000648,2,235,1.087184,52.21,583.926,604.128,1,4,ps
1778410407.9034777,2,236,0.690983,55.53,545.288,567.278,1,4,ps
1778410408.5029583,2,237,1.202135,54.79,557.958,576.649,1,4,ps
1778410409.0886772,2,238,1.189315,57.37,532.504,548.594,1,4,ps
1778410409.6886194,2,239,1.136985,55.4,551.624,568.622,1,4,ps
1778410410.3049142,2,240,0.905873,53.16,564.739,592.919,1,4,ps
1778410410.8957775,2,241,0.799779,56.27,540.014,559.761,1,4,ps
1778410411.5274053,2,242,0.794123,51.68,568.733,610.453,1,4,ps
1778410412.10073,2,243,1.014025,58.64,520.418,536.881,1,4,ps
1778410412.6895173,2,244,0.783641,56.08,544.93,561.758,1,4,ps
1778410413.2708926,2,245,1.115264,57.14,535.781,551.565,1,4,ps
1778410413.8657413,2,246,1.117156,56.06,520.103,562.674,1,4,ps
1778410414.4549897,2,247,0.724633,56.34,540.381,559.745,1,4,ps
1778410415.1217442,2,248,1.662957,49.31,588.507,640.011,1,4,ps
1778410415.7405808,2,249,1.335149,54.71,561.787,577.129,1,4,ps
1778410416.3441272,2,250,1.098457,54.68,558.495,576.531,1,4,ps
1778410416.954166,2,251,1.238424,54.51,558.628,578.493,1,4,ps
1778410417.5755908,2,252,0.89872,52.23,586.883,603.809,1,4,ps
1778410418.196363,2,253,0.927097,53.88,570.964,586.118,1,4,ps
1778410418.8003838,2,254,0.777243,53.83,564.853,585.475,1,4,ps
1778410419.4110072,2,255,0.994589,54.88,556.539,573.281,1,4,ps
1778410420.0297227,2,256,0.815576,53.08,577.239,594.137,1,4,ps
1778410420.6491103,2,257,0.914431,53.86,571.509,585.233,1,4,ps
1778410421.241575,2,258,1.803783,56.08,539.63,561.853,1,4,ps
1778410421.8359933,2,259,1.055541,55.87,549.905,565.58,1,4,ps
1778410422.443711,2,260,0.864734,54.56,555.938,577.473,1,4,ps
1778410423.0303762,2,261,1.100008,55.86,545.571,565.544,1,4,ps
1778410423.619194,2,262,1.035929,55.15,555.438,571.406,1,4,ps
1778410424.206195,2,263,1.232609,57.1,538.497,552.657,1,4,ps
1778410424.8448868,2,264,1.465303,50.86,601.346,620.216,1,4,ps
1778410425.4303918,2,265,1.360653,55.44,547.353,568.633,1,4,ps
1778410426.0142639,2,266,1.517724,56.25,539.787,560.512,1,4,ps
1778410426.6214113,2,267,1.367313,53.43,574.34,589.86,1,4,ps
1778410427.2181633,2,268,0.894163,54.54,551.823,577.974,1,4,ps
1778410427.7951941,2,269,1.403382,56.76,537.824,554.957,1,4,ps
1778410428.376687,2,270,0.959702,58.47,526.396,539.287,1,4,ps
1778410428.9524,2,271,0.925279,56.38,543.157,558.59,1,4,ps
1778410429.596478,2,272,0.878892,51.3,596.998,614.871,1,4,ps
1778410430.1965396,2,273,1.012383,55.4,552.012,568.642,1,4,ps
1778410430.7808592,2,274,0.992301,56.93,538.792,553.267,1,4,ps
1778410431.4180665,2,275,0.729072,52.23,587.044,603.379,1,4,ps
1778410432.0184228,2,276,1.282263,55.1,534.167,571.861,1,4,ps
1778410432.612459,2,277,0.929171,56.44,540.403,559.62,1,4,ps
1778410433.1984577,2,278,0.865253,56.2,536.912,560.568,1,4,ps
1778410433.7890596,2,279,0.811033,56.0,539.647,563.22,1,4,ps
1778410434.3956597,2,280,1.022885,53.5,572.713,589.828,1,4,ps
1778410435.0281239,2,281,0.944328,51.26,584.102,614.855,1,4,ps
1778410435.6440513,2,282,1.319612,53.46,569.992,589.582,1,4,ps
1778410436.2267156,2,283,0.849913,57.84,529.867,544.155,1,4,ps
1778410436.827138,2,284,0.890886,55.78,545.923,564.895,1,4,ps
1778410437.4525776,2,285,0.651198,53.05,563.866,594.521,1,4,ps
1778410438.1055973,2,286,0.950177,50.62,599.113,623.9,1,4,ps
1778410438.7301853,2,287,1.063719,53.63,559.275,587.833,1,4,ps
1778410439.3410928,2,288,1.085792,54.46,555.996,580.232,1,4,ps
1778410439.9337976,2,289,0.756887,56.72,538.938,555.458,1,4,ps
1778410440.5067415,2,290,1.116845,57.82,527.084,544.701,1,4,ps
1778410441.0897012,2,291,1.338345,56.3,543.577,559.458,1,4,ps
1778410441.7076058,2,292,0.59453,53.5,573.166,589.258,1,4,ps
1778410442.3545477,2,293,1.207388,50.54,602.916,624.372,1,4,ps
1778410442.9295285,2,294,1.135118,57.21,534.55,550.272,1,4,ps
1778410443.513238,2,295,1.066458,56.75,534.667,554.856,1,4,ps
1778410444.1062229,2,296,1.38783,55.89,543.768,564.024,1,4,ps
1778410444.7558804,2,297,1.052052,51.03,598.329,618.076,1,4,ps
1778410445.3682408,2,298,1.070294,53.47,562.86,589.607,1,4,ps
1778410446.0060222,2,299,0.786632,52.94,580.46,596.134,1,4,ps
1778410446.6209197,2,300,0.784764,53.74,567.7,586.118,1,4,ps
1778410447.2491279,2,301,0.642824,53.04,557.719,594.284,1,4,ps
1778410447.851376,2,302,1.005956,54.99,558.66,572.96,1,4,ps
1778410448.4444244,2,303,0.716598,56.04,547.453,562.766,1,4,ps
1778410449.0140734,2,304,0.648015,57.48,523.011,549.147,1,4,ps
1778410449.5900147,2,305,0.787888,56.34,531.794,559.087,1,4,ps
1778410450.1991353,2,306,1.094268,54.63,558.054,576.707,1,4,ps
1778410450.7828524,2,307,0.919748,57.29,535.229,549.484,1,4,ps
1778410451.3664389,2,308,0.912277,57.07,537.605,553.353,1,4,ps
1778410451.9825323,2,309,0.554439,52.67,571.219,600.266,1,4,ps
1778410452.5850918,2,310,0.801645,53.9,568.087,584.28,1,4,ps
1778410453.1876376,2,311,1.015105,53.78,562.204,585.501,1,4,ps
1778410453.7767782,2,312,0.852593,55.84,542.772,563.474,1,4,ps
1778410454.3580358,2,313,0.694328,56.35,534.047,558.59,1,4,ps
1778410454.9909902,2,314,1.189966,51.23,599.759,616.744,1,4,ps
1778410455.5788603,2,315,1.189319,55.63,537.252,553.063,1,4,ps
1778410456.1693017,2,316,1.213737,56.54,537.212,556.932,1,4,ps
1778410456.7425644,2,317,0.939731,57.23,523.498,549.948,1,4,ps
1778410457.3413465,2,318,0.914245,54.62,550.707,577.052,1,4,ps
1778410457.9160385,2,319,0.735299,58.3,520.064,539.879,1,4,ps
1778410458.4898913,2,320,1.315236,58.34,522.457,539.559,1,4,ps
1778410459.062992,2,321,1.139297,57.6,529.24,546.619,1,4,ps
1778410459.6442692,2,322,0.597908,57.05,529.92,551.933,1,4,ps
1778410460.219393,2,323,0.765542,57.13,533.097,551.156,1,4,ps
1778410460.7879145,2,324,0.76362,58.33,519.797,539.725,1,4,ps
1778410461.3690069,2,325,0.865381,56.98,534.114,552.503,1,4,ps
1778410461.9482274,2,326,1.102333,56.64,540.622,556.615,1,4,ps
1778410462.514416,2,327,0.963796,57.38,533.624,549.884,1,4,ps
1778410463.1111915,2,328,0.771792,55.19,551.763,571.17,1,4,ps
1778410463.6922598,2,329,0.893113,56.26,540.919,559.65,1,4,ps
1778410464.2670853,2,330,1.099025,57.17,525.766,551.094,1,4,ps
1778410464.9044335,2,331,0.684739,51.86,591.2,608.246,1,4,ps
1778410465.4771433,2,332,0.868452,58.23,524.372,542.126,1,4,ps
1778410466.046873,2,333,1.148325,57.03,531.988,553.251,1,4,ps
1778410466.6118443,2,334,1.357378,57.56,531.074,548.385,1,4,ps
1778410467.1903658,2,335,0.762548,58.09,520.43,541.986,1,4,ps
1778410467.7605078,2,336,1.115724,58.27,523.612,541.837,1,4,ps
1778410468.3361924,2,337,0.918011,56.47,532.84,557.817,1,4,ps
1778410468.9041893,2,338,1.287313,58.73,516.075,535.965,1,4,ps
1778410469.4765625,2,339,0.907577,58.17,524.777,541.477,1,4,ps
1778410470.0406654,2,340,1.093792,58.99,518.038,533.414,1,4,ps
1778410470.6131017,2,341,1.1919,58.64,521.799,536.744,1,4,ps
1778410471.1764777,2,342,1.115261,57.86,530.188,545.749,1,4,ps
1778410471.7533069,2,343,1.14854,56.32,532.815,559.357,1,4,ps
1778410472.3255892,2,344,1.092132,56.72,537.287,555.242,1,4,ps
1778410472.8971682,2,345,0.921232,58.21,524.453,540.93,1,4,ps
1778410473.4643214,2,346,1.077099,59.2,500.681,531.396,1,4,ps
1778410474.0454206,2,347,1.178721,56.94,535.596,553.129,1,4,ps
1778410474.6236455,2,348,1.427933,57.54,531.117,547.267,1,4,ps
1778410475.209965,2,349,1.378701,56.81,536.507,554.517,1,4,ps
1778410475.7798362,2,350,0.774673,58.43,522.41,538.555,1,4,ps
1778410476.346962,2,351,1.103604,58.01,525.526,542.973,1,4,ps
1778410476.9317987,2,352,0.879927,57.4,535.795,548.569,1,4,ps
1778410477.5167081,2,353,0.918984,55.51,551.957,569.183,1,4,ps
1778410478.091313,2,354,1.257414,57.15,533.465,550.731,1,4,ps
1778410478.6622171,2,355,0.876731,58.1,526.969,543.005,1,4,ps
1778410479.2325363,2,356,1.070333,58.28,524.17,540.218,1,4,ps
1778410479.8162646,2,357,1.105645,57.06,533.768,551.907,1,4,ps
1778410480.3852122,2,358,1.105481,57.78,527.887,546.501,1,4,ps
1778410480.9665103,2,359,1.358458,55.87,542.301,564.562,1,4,ps
1778410481.5431864,2,360,1.031839,57.57,530.799,546.786,1,4,ps
1778410482.1136465,2,361,0.919552,58.57,520.507,537.396,1,4,ps
1778410482.683079,2,362,0.684756,58.42,521.644,538.834,1,4,ps
1778410483.2515929,2,363,0.749127,58.61,523.677,537.293,1,4,ps
1778410483.8280485,2,364,1.229088,56.37,536.287,559.433,1,4,ps
1778410484.4297905,2,365,1.106449,53.92,563.533,584.6,1,4,ps
1778410485.059385,2,366,0.820042,52.51,581.433,601.674,1,4,ps
1778410485.6320305,2,367,1.249267,57.71,525.276,545.489,1,4,ps
1778410486.2122378,2,368,0.657172,56.51,531.265,557.457,1,4,ps
1778410486.7946846,2,369,1.009509,57.47,533.489,549.075,1,4,ps
1778410487.391899,2,370,0.902306,55.75,547.175,565.099,1,4,ps
1778410487.960573,2,371,1.205073,57.69,516.924,546.805,1,4,ps
1778410488.536457,2,372,1.031416,56.4,540.624,560.019,1,4,ps
1778410489.1087694,2,373,1.286895,56.84,532.956,553.975,1,4,ps
1778410489.689883,2,374,1.121181,57.15,534.189,550.953,1,4,ps
1778410490.2620275,2,375,0.897279,58.4,516.252,539.081,1,4,ps
1778410490.8346937,2,376,1.112938,58.3,523.504,540.005,1,4,ps
1778410491.407016,2,377,0.979792,57.85,517.286,545.362,1,4,ps
1778410491.9778082,2,378,1.07728,56.97,538.107,553.036,1,4,ps
1778410492.5439768,2,379,0.805438,57.75,521.247,545.203,1,4,ps
1778410493.1225727,2,380,0.664058,58.05,530.309,543.146,1,4,ps
1778410493.6949453,2,381,0.705017,57.43,532.239,548.341,1,4,ps
1778410494.2671683,2,382,0.850102,58.25,521.552,540.466,1,4,ps
1778410494.9048605,2,383,0.817534,52.03,583.061,606.539,1,4,ps
1778410495.494698,2,384,0.876939,55.86,539.416,564.153,1,4,ps
1778410496.0803008,2,385,1.271948,56.93,535.686,553.21,1,4,ps
1778410496.6815987,2,386,0.806351,55.98,546.476,564.148,1,4,ps
1778410497.3369453,2,387,0.973449,50.4,597.085,625.907,1,4,ps
1778410497.9643965,2,388,1.007476,53.47,573.732,591.193,1,4,ps
1778410498.6122954,2,389,1.001106,50.14,598.583,629.296,1,4,ps
1778410499.1902714,2,390,1.297661,36.13,524.775,544.533,1,4,ps
1778410502.7942772,3,0,0.754684,54.77,552.677,575.357,1,4,ps
1778410503.3906279,3,1,0.745903,54.59,555.75,577.41,1,4,ps
1778410504.0012152,3,2,0.955447,55.23,546.697,570.351,1,4,ps
1778410504.5817618,3,3,0.762478,57.18,532.812,550.738,1,4,ps
1778410505.2135663,3,4,0.730698,53.37,563.482,591.839,1,4,ps
1778410505.847755,3,5,1.343844,51.23,594.743,615.542,1,4,ps
1778410506.447291,3,6,1.151514,55.07,546.575,572.946,1,4,ps
1778410507.0435553,3,7,0.822737,55.78,546.107,564.8,1,4,ps
1778410507.6234546,3,8,0.830769,57.81,530.88,544.88,1,4,ps
1778410508.198064,3,9,0.888937,56.52,533.318,557.416,1,4,ps
1778410508.7775452,3,10,1.054157,57.3,533.285,550.235,1,4,ps
1778410509.35588,3,11,1.028509,56.95,533.22,553.247,1,4,ps
1778410509.9445813,3,12,1.029614,56.72,529.747,555.172,1,4,ps
1778410510.520423,3,13,0.803946,57.71,527.24,545.279,1,4,ps
1778410511.1267915,3,14,0.84226,53.5,558.98,589.257,1,4,ps
1778410511.698317,3,15,0.856177,57.92,525.131,544.145,1,4,ps
1778410512.3018703,3,16,1.37669,53.78,555.973,586.253,1,4,ps
1778410512.8823495,3,17,1.143547,56.52,534.08,557.31,1,4,ps
1778410513.4803746,3,18,0.761218,55.52,545.889,567.402,1,4,ps
1778410514.0614672,3,19,0.875631,55.88,540.049,563.974,1,4,ps
1778410514.6416724,3,20,1.128333,56.93,538.78,554.747,1,4,ps
1778410515.2639265,3,21,0.985993,54.84,556.43,574.55,1,4,ps
1778410515.8568656,3,22,1.015236,54.83,550.315,574.871,1,4,ps
1778410516.4423933,3,23,1.104306,57.76,527.748,545.152,1,4,ps
1778410517.0305295,3,24,0.905626,55.7,541.773,565.338,1,4,ps
1778410517.6153717,3,25,0.729167,56.02,546.397,562.353,1,4,ps
1778410518.2014546,3,26,1.193711,56.09,541.077,561.85,1,4,ps
1778410518.7683132,3,27,0.991159,59.22,515.728,531.444,1,4,ps
1778410519.3522036,3,28,0.67342,55.6,543.051,566.527,1,4,ps
1778410519.9290802,3,29,1.123999,57.39,533.828,548.689,1,4,ps
1778410520.5216916,3,30,1.060187,55.41,550.698,568.377,1,4,ps
1778410521.1337607,3,31,1.121684,54.28,561.769,580.798,1,4,ps
1778410521.715743,3,32,0.89247,57.18,536.964,550.82,1,4,ps
1778410522.3764982,3,33,1.044012,50.16,614.145,628.776,1,4,ps
1778410522.9518383,3,34,0.845222,57.63,530.669,546.418,1,4,ps
1778410523.5243833,3,35,1.034041,57.39,530.237,548.454,1,4,ps
1778410524.1011539,3,36,0.862686,57.43,531.377,548.551,1,4,ps
1778410524.672065,3,37,0.981228,57.96,522.586,544.556,1,4,ps
1778410525.257446,3,38,0.867192,55.51,541.216,567.661,1,4,ps
1778410525.84833,3,39,1.118277,56.27,542.748,559.698,1,4,ps
1778410526.4457674,3,40,1.15568,55.01,552.265,572.785,1,4,ps
1778410527.096837,3,41,0.904198,50.27,605.969,627.666,1,4,ps
1778410527.6963491,3,42,0.891289,54.77,557.252,576.17,1,4,ps
1778410528.326029,3,43,0.846087,52.26,584.075,603.643,1,4,ps
1778410528.944695,3,44,0.852217,53.72,566.551,588.843,1,4,ps
1778410529.5845375,3,45,1.001059,51.93,585.109,607.282,1,4,ps
1778410530.2284253,3,46,0.901068,51.64,590.65,610.739,1,4,ps
1778410530.8540642,3,47,0.745813,53.54,565.721,588.855,1,4,ps
1778410531.4518988,3,48,0.844738,55.57,550.048,567.125,1,4,ps
1778410532.0410824,3,49,0.682912,56.23,534.102,559.625,1,4,ps
1778410532.623579,3,50,1.080819,56.78,535.763,554.921,1,4,ps
1778410533.1993735,3,51,0.653591,56.8,533.928,554.274,1,4,ps
1778410533.7816396,3,52,0.497178,56.2,543.921,560.813,1,4,ps
1778410534.3731103,3,53,0.879336,57.39,534.403,548.981,1,4,ps
1778410535.0324109,3,54,0.982008,49.18,606.511,641.58,1,4,ps
1778410535.6249619,3,55,1.320558,54.8,547.312,575.063,1,4,ps
1778410536.2017934,3,56,0.930853,56.25,534.748,560.059,1,4,ps
1778410536.7659318,3,57,0.945481,59.05,518.151,533.604,1,4,ps
1778410537.3858116,3,58,0.767416,52.33,575.004,603.245,1,4,ps
1778410537.961618,3,59,0.768482,56.41,541.558,558.272,1,4,ps
1778410538.550747,3,60,0.792816,56.48,538.356,558.317,1,4,ps
1778410539.1402209,3,61,0.641378,56.32,530.131,559.289,1,4,ps
1778410539.7389197,3,62,0.924254,55.28,545.201,569.888,1,4,ps
1778410540.31777,3,63,0.929181,58.21,528.27,540.448,1,4,ps
1778410540.909381,3,64,0.546591,55.43,548.639,568.804,1,4,ps
1778410541.5122774,3,65,0.704214,55.15,536.239,571.303,1,4,ps
1778410542.120657,3,66,0.861118,54.51,558.267,579.324,1,4,ps
1778410542.744486,3,67,1.063986,52.61,570.397,599.452,1,4,ps
1778410543.3546085,3,68,1.005543,53.09,558.615,593.997,1,4,ps
1778410543.974927,3,69,1.260316,53.26,564.631,592.039,1,4,ps
1778410544.6081698,3,70,1.313022,52.81,562.93,597.213,1,4,ps
1778410545.2382658,3,71,1.033029,53.31,561.44,591.11,1,4,ps
1778410545.9083683,3,72,0.846607,49.51,611.728,637.988,1,4,ps
1778410546.526505,3,73,1.425411,52.7,569.401,598.541,1,4,ps
1778410547.1166363,3,74,1.134752,56.58,538.424,556.924,1,4,ps
1778410547.709163,3,75,0.74717,55.25,549.706,570.304,1,4,ps
1778410548.3164952,3,76,1.035453,53.51,570.248,589.291,1,4,ps
1778410548.9283128,3,77,0.645357,53.86,567.168,585.129,1,4,ps
1778410549.5129561,3,78,1.00271,57.76,531.634,545.072,1,4,ps
1778410550.0768795,3,79,1.021897,58.94,514.983,534.005,1,4,ps
1778410550.6825652,3,80,0.905232,54.76,559.189,575.485,1,4,ps
1778410551.255557,3,81,0.811173,57.62,530.946,546.681,1,4,ps
1778410551.8323622,3,82,0.918008,59.38,500.423,530.548,1,4,ps
1778410552.415086,3,83,0.992542,57.45,534.983,549.734,1,4,ps
1778410552.9986966,3,84,0.826443,55.64,550.297,566.286,1,4,ps
1778410553.579177,3,85,1.179174,57.04,532.785,551.363,1,4,ps
1778410554.1630423,3,86,1.033585,57.44,531.451,548.129,1,4,ps
1778410554.762419,3,87,0.781972,54.75,559.783,575.563,1,4,ps
1778410555.3491147,3,88,0.729253,56.02,543.638,563.042,1,4,ps
1778410555.9606946,3,89,0.987152,54.16,564.832,581.526,1,4,ps
1778410556.5700843,3,90,0.848343,54.41,560.401,579.008,1,4,ps
1778410557.1664886,3,91,1.188786,55.9,543.211,563.227,1,4,ps
1778410557.754787,3,92,0.86915,56.27,539.745,559.616,1,4,ps
1778410558.3711743,3,93,0.749202,53.58,570.096,588.364,1,4,ps
1778410558.9961052,3,94,0.716346,52.46,564.158,600.937,1,4,ps
1778410559.576172,3,95,1.004209,58.25,528.672,542.026,1,4,ps
1778410560.1492386,3,96,1.05205,58.51,521.366,538.012,1,4,ps
1778410560.718209,3,97,0.868637,58.38,521.114,539.343,1,4,ps
1778410561.289719,3,98,1.093379,56.83,526.827,553.983,1,4,ps
1778410561.893935,3,99,0.993343,54.79,557.079,575.187,1,4,ps
1778410562.4822526,3,100,1.040635,55.52,551.827,567.455,1,4,ps
1778410563.08328,3,101,0.733044,55.46,543.622,568.314,1,4,ps
1778410563.6607347,3,102,0.707901,57.65,531.656,547.76,1,4,ps
1778410564.2362323,3,103,0.723757,56.49,533.26,557.479,1,4,ps
1778410564.8123968,3,104,0.636298,58.13,525.666,541.628,1,4,ps
1778410565.4201627,3,105,0.63885,54.6,554.656,577.159,1,4,ps
1778410565.9897492,3,106,0.692613,58.0,527.741,544.062,1,4,ps
1778410566.5612733,3,107,1.005863,56.82,538.9,554.23,1,4,ps
1778410567.148282,3,108,0.827392,56.11,542.936,561.605,1,4,ps
1778410567.719664,3,109,1.004026,57.5,529.173,547.231,1,4,ps
1778410568.2858734,3,110,0.95381,59.11,514.68,532.168,1,4,ps
1778410568.8549485,3,111,0.763145,58.77,522.479,536.481,1,4,ps
1778410569.4558644,3,112,0.845075,55.37,549.572,568.864,1,4,ps
1778410570.0355093,3,113,0.714459,56.18,543.221,560.727,1,4,ps
1778410570.602431,3,114,1.215256,59.18,516.89,531.765,1,4,ps
1778410571.1750348,3,115,1.165476,57.44,529.753,548.247,1,4,ps
1778410571.7395115,3,116,0.598686,58.23,524.644,540.616,1,4,ps
1778410572.314299,3,117,0.862845,57.1,536.114,551.48,1,4,ps
1778410572.876543,3,118,0.984448,58.42,518.29,538.87,1,4,ps
1778410573.4430246,3,119,0.997764,59.45,504.707,529.363,1,4,ps
1778410574.012525,3,120,0.782206,57.97,524.577,543.099,1,4,ps
1778410574.583705,3,121,0.732314,58.01,528.265,542.657,1,4,ps
1778410575.1891448,3,122,0.858353,54.99,554.438,572.952,1,4,ps
1778410575.75719,3,123,0.966108,60.07,512.726,523.956,1,4,ps
1778410576.3226862,3,124,0.959544,57.74,528.167,545.012,1,4,ps
1778410576.901338,3,125,1.162643,57.47,529.483,547.874,1,4,ps
1778410577.4692757,3,126,0.785678,58.74,518.594,535.975,1,4,ps
1778410578.032592,3,127,0.787939,59.25,512.276,531.106,1,4,ps
1778410578.6162899,3,128,0.749589,56.32,543.594,559.51,1,4,ps
1778410579.1864254,3,129,0.538709,57.79,526.126,544.764,1,4,ps
1778410579.8002813,3,130,1.202683,55.61,546.083,568.13,1,4,ps
1778410580.391207,3,131,1.117605,55.7,544.363,565.889,1,4,ps
1778410580.9628356,3,132,1.038471,58.14,526.103,541.695,1,4,ps
1778410581.5343382,3,133,0.787352,58.21,506.861,541.293,1,4,ps
1778410582.1115315,3,134,1.341514,57.67,523.338,545.589,1,4,ps
1778410582.685134,3,135,1.053557,57.93,524.355,543.549,1,4,ps
1778410583.2510295,3,136,0.727773,58.13,523.882,542.805,1,4,ps
1778410583.8542838,3,137,0.967258,53.84,569.559,585.941,1,4,ps
1778410584.4448755,3,138,0.623727,55.55,546.075,567.195,1,4,ps
1778410585.0866933,3,139,0.903365,52.16,590.418,604.601,1,4,ps
1778410585.6765194,3,140,0.868708,55.59,545.172,566.701,1,4,ps
1778410586.2701473,3,141,1.174461,55.81,537.97,564.529,1,4,ps
1778410586.8576822,3,142,0.671365,57.43,517.357,548.985,1,4,ps
1778410587.4384768,3,143,0.657894,56.54,540.998,557.289,1,4,ps
1778410588.0222955,3,144,0.935009,57.27,532.292,551.048,1,4,ps
1778410588.5968945,3,145,0.646632,57.52,515.687,547.814,1,4,ps
1778410589.1957617,3,146,0.635595,56.44,544.089,557.944,1,4,ps
1778410589.770369,3,147,0.97572,57.68,530.537,545.924,1,4,ps
1778410590.3689723,3,148,0.923563,55.72,543.7,565.496,1,4,ps
1778410590.9506347,3,149,0.804382,56.3,534.837,561.116,1,4,ps
1778410591.525816,3,150,1.228493,56.49,539.844,557.645,1,4,ps
1778410592.1031172,3,151,0.920492,56.47,539.777,557.478,1,4,ps
1778410592.678571,3,152,0.606159,58.61,523.661,537.304,1,4,ps
1778410593.2515106,3,153,0.690103,58.53,522.912,538.05,1,4,ps
1778410593.8309336,3,154,0.866127,56.5,538.404,558.992,1,4,ps
1778410594.4099,3,155,1.055238,56.06,546.032,561.643,1,4,ps
1778410595.0344038,3,156,1.516301,52.65,582.547,599.529,1,4,ps
1778410595.6122215,3,157,1.2416,56.82,534.098,554.439,1,4,ps
1778410596.1894424,3,158,1.000305,57.05,531.956,552.102,1,4,ps
1778410596.7647176,3,159,0.849532,57.6,526.569,546.58,1,4,ps
1778410597.3453355,3,160,0.848952,57.06,528.189,551.897,1,4,ps
1778410597.9273236,3,161,0.493035,56.89,528.548,553.506,1,4,ps
1778410598.5044773,3,162,0.815117,58.11,527.784,542.874,1,4,ps
1778410599.0849009,3,163,0.950426,56.7,530.182,555.222,1,4,ps
1778410599.6639407,3,164,1.21666,57.63,528.474,547.047,1,4,ps
1778410600.2483363,3,165,0.971761,55.96,542.759,562.983,1,4,ps
1778410600.8422387,3,166,0.876569,55.46,547.01,567.703,1,4,ps
1778410601.4353242,3,167,0.981846,56.09,539.659,561.602,1,4,ps
1778410602.0041668,3,168,0.869167,59.04,512.709,532.989,1,4,ps
1778410602.582413,3,169,1.121438,56.95,534.978,552.842,1,4,ps
1778410603.164375,3,170,0.560527,57.78,529.315,544.922,1,4,ps
1778410603.7702105,3,171,0.762934,55.61,548.187,566.538,1,4,ps
1778410604.3778605,3,172,0.830321,53.77,562.152,586.659,1,4,ps
1778410605.0269296,3,173,0.999131,49.98,612.947,631.428,1,4,ps
1778410605.6087887,3,174,0.835553,56.51,541.631,557.385,1,4,ps
1778410606.213558,3,175,1.116607,54.51,558.898,578.065,1,4,ps
1778410606.790802,3,176,0.678505,57.28,532.993,549.501,1,4,ps
1778410607.3725338,3,177,1.080844,57.3,535.563,549.521,1,4,ps
1778410607.9527547,3,178,1.205984,57.32,533.562,549.669,1,4,ps
1778410608.5256627,3,179,0.835703,57.38,527.792,548.663,1,4,ps
1778410609.0941365,3,180,0.768203,59.22,521.346,532.674,1,4,ps
1778410609.6689122,3,181,0.713283,56.89,531.36,553.662,1,4,ps
1778410610.249796,3,182,1.207614,56.81,537.232,554.355,1,4,ps
1778410610.822289,3,183,0.759059,58.35,524.298,539.498,1,4,ps
1778410611.413741,3,184,0.69504,56.02,546.619,562.276,1,4,ps
1778410611.9979968,3,185,0.748374,56.82,523.881,554.931,1,4,ps
1778410612.5725417,3,186,0.663405,57.34,536.084,550.802,1,4,ps
1778410613.1483777,3,187,1.10237,57.79,530.777,546.106,1,4,ps
1778410613.7279813,3,188,1.144734,56.08,536.168,562.378,1,4,ps
1778410614.2981682,3,189,0.718066,57.59,526.442,546.702,1,4,ps
1778410614.895321,3,190,0.77757,55.38,555.23,569.6,1,4,ps
1778410615.467754,3,191,1.084311,57.43,532.754,548.209,1,4,ps
1778410616.0516427,3,192,1.53079,57.03,536.98,551.999,1,4,ps
1778410616.6327481,3,193,0.804492,56.52,536.964,556.622,1,4,ps
1778410617.2304177,3,194,0.57371,58.9,509.154,534.467,1,4,ps
1778410617.8039403,3,195,1.021597,56.56,537.846,557.929,1,4,ps
1778410618.385045,3,196,1.087725,55.9,536.45,563.445,1,4,ps
1778410618.9585283,3,197,0.853389,57.56,524.639,547.058,1,4,ps
1778410619.5341725,3,198,0.889111,57.17,526.576,550.915,1,4,ps
1778410620.1065395,3,199,1.120171,57.97,529.401,543.256,1,4,ps
1778410620.6822622,3,200,0.909741,56.77,535.299,556.455,1,4,ps
1778410621.2488775,3,201,1.065789,57.32,529.935,550.473,1,4,ps
1778410621.8360715,3,202,0.607654,55.79,546.54,565.738,1,4,ps
1778410622.4332821,3,203,0.515646,55.68,545.108,566.125,1,4,ps
1778410623.0283182,3,204,0.987403,55.38,545.339,568.659,1,4,ps
1778410623.5986657,3,205,1.216364,56.92,519.322,553.522,1,4,ps
1778410624.1693933,3,206,0.745023,58.51,523.842,538.086,1,4,ps
1778410624.7330246,3,207,0.787841,58.13,508.483,541.788,1,4,ps
1778410625.3144212,3,208,0.588227,57.22,520.928,550.188,1,4,ps
1778410625.906735,3,209,0.805266,55.97,545.477,562.91,1,4,ps
1778410626.486788,3,210,0.785208,57.12,532.214,551.128,1,4,ps
1778410627.0870664,3,211,0.974503,54.71,554.852,575.995,1,4,ps
1778410627.6629872,3,212,0.573518,58.34,520.621,539.587,1,4,ps
1778410628.2433777,3,213,0.79731,56.67,537.444,555.88,1,4,ps
1778410628.8187358,3,214,1.151309,57.92,528.938,544.136,1,4,ps
1778410629.3902173,3,215,0.907049,57.6,528.901,546.56,1,4,ps
1778410629.9581454,3,216,0.820564,57.39,533.97,550.346,1,4,ps
1778410630.5297122,3,217,0.957316,56.85,538.738,553.946,1,4,ps
1778410631.0992565,3,218,0.635765,58.74,519.285,535.917,1,4,ps
1778410631.6662612,3,219,1.045686,58.48,522.013,537.98,1,4,ps
1778410632.2390811,3,220,0.884531,57.92,529.987,543.817,1,4,ps
1778410632.8353705,3,221,1.00941,55.37,543.588,568.873,1,4,ps
1778410633.4033666,3,222,1.02696,58.15,513.657,541.677,1,4,ps
1778410633.9790633,3,223,0.984517,57.92,529.65,543.411,1,4,ps
1778410634.5924168,3,224,1.56381,52.91,556.846,595.878,1,4,ps
1778410635.2746623,3,225,1.170492,47.55,642.696,664.111,1,4,ps
1778410635.8831584,3,226,0.715142,55.36,543.673,569.032,1,4,ps
1778410636.520744,3,227,0.676093,52.61,576.45,599.419,1,4,ps
1778410637.1478615,3,228,0.939073,52.39,582.53,601.639,1,4,ps
1778410637.7753954,3,229,0.631373,52.78,571.319,597.383,1,4,ps
1778410638.394807,3,230,0.52951,54.04,564.859,583.466,1,4,ps
1778410639.0411737,3,231,0.967184,50.96,595.497,619.854,1,4,ps
1778410639.6861835,3,232,0.505664,50.88,572.9,621.063,1,4,ps
1778410640.3511822,3,233,0.903396,49.0,606.066,644.273,1,4,ps
1778410640.9785328,3,234,0.779844,53.55,573.813,588.536,1,4,ps
1778410641.5689304,3,235,1.569122,56.77,537.314,555.867,1,4,ps
1778410642.1779974,3,236,0.719887,53.26,562.98,592.022,1,4,ps
1778410642.771042,3,237,0.601564,56.54,539.999,558.778,1,4,ps
1778410643.3751807,3,238,0.587659,53.76,567.978,586.167,1,4,ps
1778410643.9464512,3,239,0.878768,57.84,526.292,544.329,1,4,ps
1778410644.5221336,3,240,0.832688,58.61,518.827,537.098,1,4,ps
1778410645.1361763,3,241,0.577796,53.8,566.259,586.992,1,4,ps
1778410645.72315,3,242,1.118824,56.14,535.854,560.585,1,4,ps
1778410646.3222647,3,243,0.544657,54.7,544.331,575.519,1,4,ps
1778410646.9561312,3,244,0.535279,52.03,585.6,605.017,1,4,ps
1778410647.5664046,3,245,0.932281,53.93,562.501,584.416,1,4,ps
1778410648.1467578,3,246,1.021282,56.98,536.082,552.732,1,4,ps
1778410648.7115116,3,247,1.032737,59.1,506.44,532.447,1,4,ps
1778410649.2838383,3,248,0.753642,57.27,530.446,550.582,1,4,ps
1778410649.8519335,3,249,0.796144,57.2,533.963,550.454,1,4,ps
1778410650.4194753,3,250,1.13572,58.95,519.149,533.982,1,4,ps
1778410650.9950185,3,251,0.754106,56.96,533.413,554.122,1,4,ps
1778410651.5589364,3,252,0.856517,58.74,521.677,535.786,1,4,ps
1778410652.1281292,3,253,0.98509,58.07,525.703,542.337,1,4,ps
1778410652.694497,3,254,0.653013,58.27,517.143,539.978,1,4,ps
1778410653.2713885,3,255,0.534594,58.11,527.596,541.637,1,4,ps
1778410653.8598464,3,256,0.976949,56.87,538.724,553.788,1,4,ps
1778410654.4386082,3,257,0.720805,57.36,534.562,549.603,1,4,ps
1778410655.0602944,3,258,0.847666,52.72,581.62,597.986,1,4,ps
1778410655.631027,3,259,0.853343,58.4,523.571,539.309,1,4,ps
1778410656.19977,3,260,0.866743,58.97,520.77,533.68,1,4,ps
1778410656.7709448,3,261,0.809527,58.28,527.684,541.631,1,4,ps
1778410657.350091,3,262,1.193051,57.47,531.517,547.946,1,4,ps
1778410657.9221356,3,263,1.041016,57.49,532.033,547.693,1,4,ps
1778410658.4896479,3,264,0.720966,58.99,517.328,533.717,1,4,ps
1778410659.0575204,3,265,0.684039,57.93,527.565,543.777,1,4,ps
1778410659.653454,3,266,0.853683,55.14,552.857,571.5,1,4,ps
1778410660.2173252,3,267,0.820666,58.36,514.034,541.012,1,4,ps
1778410660.7855673,3,268,1.033278,57.18,520.098,550.639,1,4,ps
1778410661.3574576,3,269,0.749613,57.11,536.023,551.344,1,4,ps
1778410661.9221075,3,270,0.736295,59.58,517.92,529.924,1,4,ps
1778410662.4957,3,271,0.967481,56.69,532.085,555.575,1,4,ps
1778410663.0613751,3,272,0.526918,57.71,526.853,545.596,1,4,ps
1778410663.6315198,3,273,1.266376,58.82,519.426,535.118,1,4,ps
1778410664.226914,3,274,0.728818,55.32,553.87,569.373,1,4,ps
1778410664.8058815,3,275,0.901427,56.08,537.494,562.183,1,4,ps
1778410665.4187212,3,276,0.861845,54.85,557.994,575.098,1,4,ps
1778410666.0188448,3,277,0.778568,55.09,555.457,572.035,1,4,ps
1778410666.5995655,3,278,0.592135,57.46,532.323,547.994,1,4,ps
1778410667.2096145,3,279,0.755646,53.47,565.604,589.657,1,4,ps
1778410667.791634,3,280,0.848483,56.68,529.281,555.775,1,4,ps
1778410668.3662083,3,281,1.009307,57.21,531.65,550.531,1,4,ps
1778410668.9594483,3,282,0.916654,55.42,551.796,569.275,1,4,ps
1778410669.5741577,3,283,0.76476,52.77,559.614,597.505,1,4,ps
1778410670.175253,3,284,0.956299,55.14,535.012,572.581,1,4,ps
1778410670.7562609,3,285,0.93228,55.97,536.616,562.663,1,4,ps
1778410671.3471975,3,286,0.555588,56.08,533.786,561.626,1,4,ps
1778410671.9390748,3,287,0.534837,54.84,547.799,574.733,1,4,ps
1778410672.5216162,3,288,0.85149,57.27,526.748,550.022,1,4,ps
1778410673.093143,3,289,0.535932,58.16,518.299,541.371,1,4,ps
1778410673.669634,3,290,0.623276,57.78,530.68,544.946,1,4,ps
1778410674.2420032,3,291,0.97727,57.24,532.345,551.715,1,4,ps
1778410674.8534381,3,292,1.03958,54.24,557.514,582.308,1,4,ps
1778410675.4380558,3,293,1.091338,55.55,549.597,566.937,1,4,ps
1778410676.0241308,3,294,1.034918,55.84,546.59,564.097,1,4,ps
1778410676.609047,3,295,0.660337,56.92,536.687,553.95,1,4,ps
1778410677.207473,3,296,1.019917,55.51,521.372,567.508,1,4,ps
1778410677.8111851,3,297,0.874573,54.4,559.445,579.382,1,4,ps
1778410678.3989508,3,298,0.719904,56.77,537.368,554.708,1,4,ps
1778410679.0189822,3,299,0.773382,53.73,569.952,586.724,1,4,ps
1778410679.5937908,3,300,0.983631,58.09,527.753,541.986,1,4,ps
1778410680.1802158,3,301,1.164862,56.53,539.565,557.159,1,4,ps
1778410680.7787123,3,302,1.038125,54.2,553.944,581.67,1,4,ps
1778410681.3796542,3,303,0.846785,54.72,553.799,575.818,1,4,ps
1778410681.9712858,3,304,0.935804,56.37,539.739,559.037,1,4,ps
1778410682.5572944,3,305,1.300078,56.1,537.744,561.416,1,4,ps
1778410683.1330607,3,306,0.550426,57.75,528.789,544.669,1,4,ps
1778410683.7126067,3,307,1.060355,57.41,522.91,548.517,1,4,ps
1778410684.2798772,3,308,0.852348,59.14,518.955,532.262,1,4,ps
1778410684.8565104,3,309,0.593794,57.01,525.256,552.567,1,4,ps
1778410685.4627516,3,310,0.808745,54.81,557.917,574.858,1,4,ps
1778410686.0588772,3,311,0.852519,54.41,550.14,579.316,1,4,ps
1778410686.6338487,3,312,0.965133,57.68,528.132,545.641,1,4,ps
1778410687.2335076,3,313,0.947398,56.08,549.185,563.314,1,4,ps
1778410687.8200717,3,314,0.994807,55.84,546.252,564.007,1,4,ps
1778410688.3969855,3,315,0.980175,57.77,525.314,545.021,1,4,ps
1778410688.9668298,3,316,0.460552,58.39,524.988,539.152,1,4,ps
1778410689.5481033,3,317,0.996037,56.23,541.441,560.236,1,4,ps
1778410690.1196663,3,318,0.561319,58.34,525.108,540.844,1,4,ps
1778410690.6906364,3,319,0.757776,57.6,523.013,546.547,1,4,ps
1778410691.2621768,3,320,0.472153,58.58,523.173,537.368,1,4,ps
1778410691.8415325,3,321,0.949701,56.83,537.027,553.917,1,4,ps
1778410692.4087431,3,322,0.614475,57.78,527.655,545.714,1,4,ps
1778410692.9833605,3,323,0.911829,57.8,528.212,544.783,1,4,ps
1778410693.5527527,3,324,0.809136,58.51,522.235,537.927,1,4,ps
1778410694.1399848,3,325,0.840668,55.31,537.807,569.521,1,4,ps
1778410694.73444,3,326,0.856554,55.39,539.351,569.203,1,4,ps
1778410695.3279865,3,327,0.813657,57.74,522.351,545.225,1,4,ps
1778410695.9493852,3,328,0.705708,53.02,574.868,594.864,1,4,ps
1778410696.5519438,3,329,0.994279,54.97,543.613,573.269,1,4,ps
1778410697.1607757,3,330,1.028465,53.31,565.956,591.271,1,4,ps
1778410697.7520025,3,331,0.850163,56.54,543.13,556.607,1,4,ps
1778410698.349236,3,332,0.872594,54.31,557.064,580.197,1,4,ps
1778410698.92425,3,333,0.821897,58.69,519.373,536.956,1,4,ps
1778410699.5086536,3,334,1.174723,56.85,538.762,554.038,1,4,ps
1778410700.105056,3,335,0.874108,56.01,546.87,563.275,1,4,ps
1778410700.7396777,3,336,0.986466,51.87,560.89,607.275,1,4,ps
1778410701.3491113,3,337,1.279559,54.48,556.705,579.688,1,4,ps
1778410701.9380162,3,338,0.888932,55.16,542.44,570.888,1,4,ps
1778410702.520374,3,339,1.110184,57.72,526.315,545.585,1,4,ps
1778410703.0995238,3,340,0.776856,57.36,533.171,550.076,1,4,ps
1778410703.680154,3,341,0.765874,55.94,546.865,563.368,1,4,ps
1778410704.2577422,3,342,0.7366,57.16,535.22,550.987,1,4,ps
1778410704.8361733,3,343,1.312312,56.91,533.74,553.347,1,4,ps
1778410705.423296,3,344,0.804524,55.82,533.623,564.389,1,4,ps
1778410706.0118568,3,345,1.059599,56.47,543.811,558.38,1,4,ps
1778410706.6453261,3,346,0.817766,51.24,598.188,616.059,1,4,ps
1778410707.2439451,3,347,0.686279,55.35,544.924,569.201,1,4,ps
1778410707.8475153,3,348,0.651008,55.0,549.949,573.521,1,4,ps
1778410708.4474676,3,349,0.84143,54.08,564.498,582.447,1,4,ps
1778410709.0409613,3,350,0.687596,56.05,546.481,562.09,1,4,ps
1778410709.622656,3,351,0.691621,57.24,531.423,550.666,1,4,ps
1778410710.2009063,3,352,0.577676,56.82,538.271,554.197,1,4,ps
1778410710.7763927,3,353,0.914845,56.52,541.228,557.245,1,4,ps
1778410711.341118,3,354,0.810424,58.46,523.949,538.403,1,4,ps
1778410711.9263425,3,355,1.096071,56.31,535.367,559.381,1,4,ps
1778410712.4937963,3,356,0.697496,57.25,534.572,550.202,1,4,ps
1778410713.076738,3,357,0.808259,56.85,532.376,554.137,1,4,ps
1778410713.7058337,3,358,0.708478,51.95,582.955,606.907,1,4,ps
1778410714.3148541,3,359,0.620164,54.7,557.379,576.118,1,4,ps
1778410714.9038086,3,360,0.60784,56.13,545.119,561.277,1,4,ps
1778410715.496068,3,361,0.464332,55.33,552.391,569.426,1,4,ps
1778410716.0862296,3,362,0.817193,55.51,549.118,567.03,1,4,ps
1778410716.688392,3,363,0.878682,54.63,561.194,576.787,1,4,ps
1778410717.3091812,3,364,0.87111,53.03,568.68,595.552,1,4,ps
1778410717.8950787,3,365,0.974711,55.55,543.456,567.697,1,4,ps
1778410718.4917092,3,366,0.879545,55.37,549.584,570.611,1,4,ps
1778410719.0879893,3,367,0.484373,54.5,552.563,578.283,1,4,ps
1778410719.6602368,3,368,0.857514,58.05,525.853,542.254,1,4,ps
1778410720.234491,3,369,0.890515,57.09,535.364,551.729,1,4,ps
1778410720.8190713,3,370,0.495038,56.2,544.541,560.593,1,4,ps
1778410721.4088213,3,371,0.903296,56.84,538.671,553.912,1,4,ps
1778410722.0071695,3,372,0.791467,55.41,553.341,568.899,1,4,ps
1778410722.6397872,3,373,0.449443,51.37,597.922,614.028,1,4,ps
1778410723.2903442,3,374,1.339681,50.75,583.588,621.527,1,4,ps
1778410723.9144256,3,375,0.787692,53.45,570.338,589.857,1,4,ps
1778410724.535888,3,376,0.673682,52.63,577.189,600.712,1,4,ps
1778410725.224195,3,377,0.945854,47.1,639.138,670.191,1,4,ps
1778410725.8568668,3,378,0.53418,51.4,571.065,613.849,1,4,ps
1778410726.4785433,3,379,0.57804,53.33,574.18,592.393,1,4,ps
1778410727.1123064,3,380,0.740445,51.28,591.321,615.51,1,4,ps
1778410727.7653012,3,381,0.885389,50.19,600.287,628.832,1,4,ps
1778410728.386473,3,382,0.527938,53.11,559.255,593.544,1,4,ps
1778410728.9835367,3,383,0.506816,55.57,549.239,567.197,1,4,ps
1778410729.5742648,3,384,0.844212,56.48,536.865,558.85,1,4,ps
1778410730.1757412,3,385,0.802759,54.79,553.822,575.317,1,4,ps
1778410730.7501574,3,386,0.537975,57.7,531.054,547.354,1,4,ps
1778410731.3396444,3,387,0.763983,55.96,547.493,562.819,1,4,ps
1778410731.9169085,3,388,0.470336,57.03,531.485,552.181,1,4,ps
1778410732.4915862,3,389,1.327736,59.2,519.889,531.683,1,4,ps
1778410733.0366187,3,390,0.560465,38.25,499.085,514.036,1,4,ps
1778410736.636024,4,0,1.013521,56.3,541.927,561.003,1,4,ps
1778410737.2737842,4,1,1.110842,51.97,574.738,606.593,1,4,ps
1778410737.9089785,4,2,0.848877,52.89,580.9,595.945,1,4,ps
1778410738.6280067,4,3,0.501229,45.43,670.338,697.098,1,4,ps
1778410739.2378373,4,4,0.886397,53.86,552.606,585.286,1,4,ps
1778410739.8510044,4,5,0.660364,53.78,555.681,587.327,1,4,ps
1778410740.490777,4,6,0.558827,52.03,590.302,606.266,1,4,ps
1778410741.0709634,4,7,0.579497,55.94,542.571,563.112,1,4,ps
1778410741.6407738,4,8,0.656458,57.49,531.551,548.875,1,4,ps
1778410742.2107751,4,9,0.713198,57.0,531.366,553.268,1,4,ps
1778410742.8127134,4,10,0.470809,54.33,555.273,581.668,1,4,ps
1778410743.4534392,4,11,0.638511,51.14,597.899,616.89,1,4,ps
1778410744.129605,4,12,1.112806,48.27,630.763,654.779,1,4,ps
1778410744.8347368,4,13,0.762844,46.58,648.48,678.286,1,4,ps
1778410745.5389693,4,14,0.567065,48.26,618.088,655.35,1,4,ps
1778410746.2192132,4,15,0.836827,47.92,629.802,658.958,1,4,ps
1778410746.8758416,4,16,0.639643,49.47,618.561,638.301,1,4,ps
1778410747.509847,4,17,0.698794,52.14,568.313,604.957,1,4,ps
1778410748.1509464,4,18,0.744545,51.68,569.016,611.202,1,4,ps
1778410748.7716796,4,19,0.551767,55.02,539.696,573.718,1,4,ps
1778410749.4791095,4,20,0.882848,46.57,635.77,678.581,1,4,ps
1778410750.1315,4,21,0.930513,49.87,611.845,633.104,1,4,ps
1778410750.7689183,4,22,1.143695,51.85,591.813,608.359,1,4,ps
1778410751.4391205,4,23,0.629353,48.84,626.394,646.177,1,4,ps
1778410752.1230385,4,24,1.101184,48.08,635.355,657.962,1,4,ps
1778410752.77068,4,25,0.524355,50.17,597.39,629.219,1,4,ps
1778410753.4268699,4,26,0.52038,50.3,595.354,628.058,1,4,ps
1778410754.083786,4,27,0.72152,50.71,569.898,623.415,1,4,ps
1778410754.726997,4,28,0.577669,50.55,606.525,624.233,1,4,ps
1778410755.3939135,4,29,1.064465,52.01,574.907,606.497,1,4,ps
1778410756.0176728,4,30,0.489817,52.72,573.983,597.962,1,4,ps
1778410756.6897318,4,31,0.729416,48.32,624.115,654.055,1,4,ps
1778410757.3437417,4,32,0.71126,49.91,608.131,633.142,1,4,ps
1778410757.9926167,4,33,0.630506,50.19,579.89,628.519,1,4,ps
1778410758.5902724,4,34,1.053613,55.59,550.642,566.521,1,4,ps
1778410759.2030814,4,35,0.931765,53.65,572.112,589.333,1,4,ps
1778410759.827894,4,36,0.804683,51.99,583.261,606.927,1,4,ps
1778410760.4681964,4,37,0.482511,51.54,585.482,615.849,1,4,ps
1778410761.076613,4,38,0.554678,53.46,568.567,590.524,1,4,ps
1778410761.6759906,4,39,0.823526,55.42,553.614,568.189,1,4,ps
1778410762.2784085,4,40,1.123842,55.18,551.906,571.244,1,4,ps
1778410762.897329,4,41,0.501208,52.75,580.512,598.848,1,4,ps
1778410763.5097313,4,42,0.526533,54.13,566.497,584.186,1,4,ps
1778410764.1258025,4,43,0.670457,52.76,575.121,597.721,1,4,ps
1778410764.847023,4,44,0.581669,45.67,663.638,691.713,1,4,ps
1778410765.5170884,4,45,1.115528,49.55,600.086,637.271,1,4,ps
1778410766.1467156,4,46,0.563607,52.42,579.08,601.857,1,4,ps
1778410766.766179,4,47,0.660733,53.73,568.468,588.098,1,4,ps
1778410767.4543486,4,48,0.523995,47.14,644.419,675.958,1,4,ps
1778410768.089264,4,49,0.644156,51.32,590.741,615.666,1,4,ps
1778410768.7159197,4,50,1.238034,52.1,585.041,606.12,1,4,ps
1778410769.3408191,4,51,0.852866,53.86,560.203,585.382,1,4,ps
1778410769.9622216,4,52,0.814002,53.61,571.932,589.52,1,4,ps
1778410770.6210122,4,53,0.463125,50.81,603.705,620.922,1,4,ps
1778410771.2621684,4,54,0.770422,51.25,584.451,615.501,1,4,ps
1778410771.9230075,4,55,0.621428,50.6,606.684,624.301,1,4,ps
1778410772.5444376,4,56,0.88757,54.06,561.535,583.055,1,4,ps
1778410773.163231,4,57,0.416059,53.65,568.291,587.555,1,4,ps
1778410773.7592103,4,58,0.589059,55.88,547.766,563.684,1,4,ps
1778410774.3585076,4,59,0.526638,55.56,548.271,566.968,1,4,ps
1778410774.9594836,4,60,1.052701,55.82,549.504,564.293,1,4,ps
1778410775.546707,4,61,0.711284,55.94,540.698,564.321,1,4,ps
1778410776.125549,4,62,0.777986,56.27,543.835,559.884,1,4,ps
1778410776.7064962,4,63,0.774278,57.16,530.56,550.932,1,4,ps
1778410777.3104606,4,64,0.723578,55.18,554.082,571.246,1,4,ps
1778410777.884485,4,65,0.655325,56.94,537.225,554.28,1,4,ps
1778410778.4604468,4,66,0.847294,57.36,531.937,549.321,1,4,ps
1778410779.0372427,4,67,0.744744,56.36,537.461,558.718,1,4,ps
1778410779.6222425,4,68,0.819498,56.78,536.876,554.75,1,4,ps
1778410780.2017262,4,69,0.682008,56.91,533.214,553.294,1,4,ps
1778410780.776556,4,70,0.886997,58.18,525.029,540.953,1,4,ps
1778410781.3680604,4,71,0.816705,55.43,543.553,568.291,1,4,ps
1778410781.9689775,4,72,0.630549,55.36,537.964,568.943,1,4,ps
1778410782.5469182,4,73,0.870942,57.46,531.534,548.169,1,4,ps
1778410783.1266775,4,74,0.733457,56.52,537.009,557.234,1,4,ps
1778410783.7102685,4,75,0.918211,56.51,540.745,557.409,1,4,ps
1778410784.2873209,4,76,1.277303,56.86,537.339,553.937,1,4,ps
1778410784.8603933,4,77,0.670015,57.55,530.299,547.297,1,4,ps
1778410785.4600525,4,78,0.772436,55.59,546.655,568.517,1,4,ps
1778410786.0279808,4,79,0.733749,57.17,536.794,552.467,1,4,ps
1778410786.642303,4,80,0.449779,52.83,580.751,596.785,1,4,ps
1778410787.261034,4,81,0.49574,53.63,571.036,587.22,1,4,ps
1778410787.8500352,4,82,0.919621,55.15,555.113,571.371,1,4,ps
1778410788.4208193,4,83,0.517016,58.77,521.625,535.759,1,4,ps
1778410789.0083601,4,84,0.59941,55.96,536.059,562.984,1,4,ps
1778410789.5767682,4,85,0.647242,57.52,525.168,547.551,1,4,ps
1778410790.1493688,4,86,0.833653,57.46,530.997,548.07,1,4,ps
1778410790.7823374,4,87,0.654872,51.8,591.202,609.027,1,4,ps
1778410791.3988662,4,88,1.162762,54.15,567.249,582.037,1,4,ps
1778410792.01397,4,89,0.775545,53.54,563.062,588.893,1,4,ps
1778410792.629466,4,90,0.534926,53.97,559.773,583.88,1,4,ps
1778410793.2785795,4,91,0.662359,51.77,593.094,610.239,1,4,ps
1778410793.9050107,4,92,0.974817,51.99,573.723,606.474,1,4,ps
1778410794.507467,4,93,0.760047,55.64,548.815,566.08,1,4,ps
1778410795.1961322,4,94,0.832365,47.92,636.331,657.761,1,4,ps
1778410795.9125192,4,95,0.557424,46.25,650.746,682.924,1,4,ps
1778410796.497504,4,96,0.63066,55.51,538.886,569.161,1,4,ps
1778410797.115086,4,97,1.115343,52.58,568.939,600.318,1,4,ps
1778410797.754167,4,98,0.714254,51.47,575.007,612.952,1,4,ps
1778410798.362441,4,99,0.62659,55.74,546.69,565.174,1,4,ps
1778410798.9534628,4,100,0.841703,55.45,549.703,569.496,1,4,ps
1778410799.5687368,4,101,0.365907,53.02,552.617,594.663,1,4,ps
1778410800.1830966,4,102,0.542873,53.6,568.434,589.178,1,4,ps
1778410800.7763255,4,103,0.605299,55.2,545.78,570.632,1,4,ps
1778410801.4414825,4,104,0.84177,49.25,619.733,640.795,1,4,ps
1778410802.0780103,4,105,0.534108,52.29,570.218,603.117,1,4,ps
1778410802.7560332,4,106,0.586913,48.53,631.933,650.704,1,4,ps
1778410803.4580073,4,107,0.719638,47.29,629.041,667.954,1,4,ps
1778410804.1206262,4,108,0.920077,50.63,600.63,623.173,1,4,ps
1778410804.7199516,4,109,0.777607,55.61,545.12,567.336,1,4,ps
1778410805.3846188,4,110,0.596709,49.37,623.705,640.826,1,4,ps
1778410805.9988282,4,111,0.696357,52.94,566.17,595.231,1,4,ps
1778410806.6674106,4,112,0.56816,48.63,609.066,648.989,1,4,ps
1778410807.3053086,4,113,0.479609,51.53,596.871,612.164,1,4,ps
1778410807.9056633,4,114,0.954065,55.07,548.111,572.049,1,4,ps
1778410808.4892857,4,115,0.392854,57.05,532.511,552.362,1,4,ps
1778410809.0762231,4,116,0.541824,56.94,537.778,552.531,1,4,ps
1778410809.6937683,4,117,0.679573,52.85,580.09,596.144,1,4,ps
1778410810.2937586,4,118,0.564513,55.06,555.882,571.731,1,4,ps
1778410810.8894765,4,119,0.803087,55.2,555.604,570.567,1,4,ps
1778410811.477224,4,120,0.571976,55.41,548.123,568.084,1,4,ps
1778410812.095105,4,121,0.64888,53.37,566.354,589.672,1,4,ps
1778410812.7028368,4,122,0.445115,55.69,551.212,565.214,1,4,ps
1778410813.3331206,4,123,0.599914,52.1,577.23,604.992,1,4,ps
1778410813.9567802,4,124,0.765487,52.17,585.029,604.201,1,4,ps
1778410814.550494,4,125,0.456685,55.99,544.59,564.175,1,4,ps
1778410815.1823895,4,126,0.977775,51.39,598.52,614.464,1,4,ps
1778410815.765944,4,127,0.570138,56.43,530.694,558.236,1,4,ps
1778410816.3482592,4,128,0.861722,57.86,533.227,545.908,1,4,ps
1778410816.9243615,4,129,0.768012,56.51,536.866,557.303,1,4,ps
1778410817.5054877,4,130,0.670947,56.89,537.368,553.375,1,4,ps
1778410818.1129434,4,131,0.971902,55.0,542.365,572.831,1,4,ps
1778410818.7214627,4,132,1.012243,54.17,559.139,582.982,1,4,ps
1778410819.3244216,4,133,0.764301,53.85,566.665,585.319,1,4,ps
1778410819.9266644,4,134,0.634425,54.58,554.781,578.57,1,4,ps
1778410820.5475893,4,135,0.655256,53.71,565.477,586.666,1,4,ps
1778410821.1441233,4,136,0.9262,55.07,549.644,572.351,1,4,ps
1778410821.754752,4,137,0.43408,54.79,560.245,575.127,1,4,ps
1778410822.3683543,4,138,0.522919,53.93,563.166,584.593,1,4,ps
1778410823.0047827,4,139,0.593998,51.79,589.321,610.487,1,4,ps
1778410823.5909705,4,140,0.767001,56.73,541.505,554.849,1,4,ps
1778410824.2164266,4,141,0.688144,53.22,575.324,592.342,1,4,ps
1778410824.8245647,4,142,0.47547,53.97,558.933,583.963,1,4,ps
1778410825.423699,4,143,0.81716,57.04,521.986,552.148,1,4,ps
1778410826.0048082,4,144,0.932645,56.56,536.917,556.678,1,4,ps
1778410826.5865026,4,145,0.877949,56.78,537.619,555.769,1,4,ps
1778410827.1845868,4,146,0.842048,54.26,555.387,580.655,1,4,ps
1778410827.7673194,4,147,0.693036,57.62,531.95,546.433,1,4,ps
1778410828.3467171,4,148,0.457688,57.17,530.722,550.46,1,4,ps
1778410828.9461617,4,149,0.801288,55.46,555.392,568.67,1,4,ps
1778410829.5267618,4,150,0.466825,55.96,532.909,562.859,1,4,ps
1778410830.116034,4,151,0.506695,56.23,542.847,561.277,1,4,ps
1778410830.6992722,4,152,0.85639,56.33,537.033,559.533,1,4,ps
1778410831.315192,4,153,1.476539,53.31,575.077,591.066,1,4,ps
1778410831.8951156,4,154,0.852939,57.55,533.798,547.406,1,4,ps
1778410832.499866,4,155,0.752698,55.26,552.88,569.948,1,4,ps
1778410833.0872538,4,156,0.887628,55.92,542.204,564.522,1,4,ps
1778410833.6846118,4,157,1.143134,54.65,549.552,576.115,1,4,ps
1778410834.3096457,4,158,0.874037,53.09,577.717,593.003,1,4,ps
1778410834.965257,4,159,0.56,49.46,620.099,637.852,1,4,ps
1778410835.5721867,4,160,0.727357,55.37,546.004,569.293,1,4,ps
1778410836.2039015,4,161,0.863022,52.92,580.381,596.646,1,4,ps
1778410836.785668,4,162,0.858702,56.47,541.472,557.993,1,4,ps
1778410837.3893845,4,163,0.482475,54.94,554.468,573.715,1,4,ps
1778410837.9648163,4,164,0.512075,57.78,527.612,545.089,1,4,ps
1778410838.570704,4,165,0.640191,54.09,561.744,582.976,1,4,ps
1778410839.1502435,4,166,0.79258,56.81,537.736,554.405,1,4,ps
1778410839.759213,4,167,0.805082,54.4,560.193,580.845,1,4,ps
1778410840.3403113,4,168,0.476754,56.0,543.724,562.461,1,4,ps
1778410840.9273698,4,169,0.831066,57.12,534.344,551.391,1,4,ps
1778410841.5145602,4,170,0.578725,55.98,536.183,562.71,1,4,ps
1778410842.0989115,4,171,0.818024,57.56,534.211,548.589,1,4,ps
1778410842.687807,4,172,0.759635,55.28,551.262,569.911,1,4,ps
1778410843.272635,4,173,0.650736,56.83,536.816,554.32,1,4,ps
1778410843.88144,4,174,0.695181,54.42,557.249,578.174,1,4,ps
1778410844.4815805,4,175,0.743555,55.72,549.001,564.595,1,4,ps
1778410845.140927,4,176,0.588005,50.94,596.057,618.191,1,4,ps
1778410845.7924402,4,177,1.026415,50.72,602.984,621.839,1,4,ps
1778410846.3925936,4,178,0.897622,55.28,543.944,571.133,1,4,ps
1778410847.0291657,4,179,0.55352,51.98,586.33,606.679,1,4,ps
1778410847.639247,4,180,0.941208,55.22,546.834,570.59,1,4,ps
1778410848.2307105,4,181,0.573309,55.44,546.884,568.245,1,4,ps
1778410848.8198683,4,182,0.609204,55.72,539.933,565.18,1,4,ps
1778410849.4072971,4,183,0.611657,56.57,538.181,558.275,1,4,ps
1778410850.0197487,4,184,0.814614,53.42,558.787,591.304,1,4,ps
1778410850.624109,4,185,0.85617,53.89,556.047,584.814,1,4,ps
1778410851.213018,4,186,0.740467,56.49,541.197,557.685,1,4,ps
1778410851.8094623,4,187,0.652674,55.56,550.071,567.041,1,4,ps
1778410852.411646,4,188,0.495238,54.67,537.707,577.573,1,4,ps
1778410852.9871442,4,189,0.488662,56.48,528.556,557.753,1,4,ps
1778410853.580722,4,190,0.626931,55.64,542.164,566.992,1,4,ps
1778410854.174537,4,191,0.586847,55.45,535.293,569.732,1,4,ps
1778410854.7723873,4,192,0.687634,54.9,551.579,574.725,1,4,ps
1778410855.3982205,4,193,0.602946,51.93,584.749,608.521,1,4,ps
1778410855.9933457,4,194,0.584997,55.57,550.381,566.769,1,4,ps
1778410856.6218803,4,195,1.111379,52.97,574.188,595.347,1,4,ps
1778410857.268305,4,196,0.383734,50.72,601.489,622.05,1,4,ps
1778410857.8492095,4,197,0.582679,58.0,525.73,543.337,1,4,ps
1778410858.438915,4,198,0.646149,56.19,543.397,560.525,1,4,ps
1778410859.0316627,4,199,0.925277,54.99,542.405,572.998,1,4,ps
1778410859.6223342,4,200,0.448704,56.26,542.222,561.599,1,4,ps
1778410860.2186959,4,201,0.817088,55.45,552.562,569.649,1,4,ps
1778410860.8245804,4,202,0.925588,53.61,567.957,589.208,1,4,ps
1778410861.4134402,4,203,0.682103,55.11,547.195,571.886,1,4,ps
1778410862.0020359,4,204,0.929623,56.29,543.672,560.747,1,4,ps
1778410862.5860393,4,205,0.509616,57.12,532.495,551.318,1,4,ps
1778410863.1740623,4,206,0.543993,57.1,533.58,551.519,1,4,ps
1778410863.7706785,4,207,1.068724,55.06,551.909,572.36,1,4,ps
1778410864.3629606,4,208,0.624672,54.77,557.755,575.213,1,4,ps
1778410864.969078,4,209,0.767571,54.83,559.247,574.699,1,4,ps
1778410865.572889,4,210,0.60346,55.92,537.46,563.367,1,4,ps
1778410866.1835597,4,211,0.6968,54.22,559.322,581.222,1,4,ps
1778410866.8278427,4,212,0.648683,51.42,596.316,613.491,1,4,ps
1778410867.4813027,4,213,0.650331,50.36,556.551,626.603,1,4,ps
1778410868.0770614,4,214,0.834532,56.22,545.745,560.201,1,4,ps
1778410868.6595387,4,215,0.772647,57.77,531.359,545.944,1,4,ps
1778410869.2535162,4,216,0.431666,55.57,549.07,566.588,1,4,ps
1778410869.8320117,4,217,0.662527,58.13,525.954,541.786,1,4,ps
1778410870.3985603,4,218,0.969605,59.15,517.424,533.743,1,4,ps
1778410870.9769876,4,219,0.607799,56.13,532.307,561.184,1,4,ps
1778410871.5756054,4,220,0.712638,55.71,551.083,565.679,1,4,ps
1778410872.2307968,4,221,0.685572,50.53,588.474,624.474,1,4,ps
1778410872.915513,4,222,0.895617,49.16,601.879,641.845,1,4,ps
1778410873.5956717,4,223,0.712924,48.24,633.806,654.593,1,4,ps
1778410874.303519,4,224,0.453562,47.56,630.251,664.172,1,4,ps
1778410874.9820204,4,225,0.465991,48.67,611.207,648.538,1,4,ps
1778410875.641395,4,226,0.515164,50.7,596.495,622.453,1,4,ps
1778410876.253794,4,227,0.608775,53.56,558.737,588.446,1,4,ps
1778410876.8741395,4,228,0.697522,53.16,563.889,593.202,1,4,ps
1778410877.4962158,4,229,0.571098,53.12,576.366,593.553,1,4,ps
1778410878.1580045,4,230,0.721262,50.17,602.69,628.578,1,4,ps
1778410878.8149645,4,231,0.649987,50.74,590.558,621.84,1,4,ps
1778410879.431899,4,232,0.708034,54.84,552.979,574.52,1,4,ps
1778410880.0335176,4,233,0.682625,56.15,544.967,562.047,1,4,ps
1778410880.6528873,4,234,0.601114,53.51,572.69,589.154,1,4,ps
1778410881.266442,4,235,0.915234,53.86,562.774,585.141,1,4,ps
1778410881.8781354,4,236,0.764363,54.68,554.41,576.418,1,4,ps
1778410882.492488,4,237,0.458763,52.82,570.667,596.94,1,4,ps
1778410883.1156483,4,238,0.715421,52.09,588.145,604.988,1,4,ps
1778410883.7492208,4,239,0.476249,51.54,592.755,612.823,1,4,ps
1778410884.364104,4,240,0.791452,54.08,557.96,582.869,1,4,ps
1778410884.9770296,4,241,0.503984,54.63,559.95,576.952,1,4,ps
1778410885.5998843,4,242,0.777806,53.72,561.201,587.037,1,4,ps
1778410886.236821,4,243,0.628238,52.24,578.798,603.743,1,4,ps
1778410886.8500824,4,244,0.485443,53.52,569.62,589.026,1,4,ps
1778410887.5005941,4,245,0.596813,50.89,596.548,620.073,1,4,ps
1778410888.1254444,4,246,0.916881,52.87,574.021,596.207,1,4,ps
1778410888.7679937,4,247,0.654631,51.32,583.988,614.657,1,4,ps
1778410889.3752675,4,248,0.744765,54.14,563.543,582.306,1,4,ps
1778410889.9899282,4,249,0.743004,53.9,567.864,584.996,1,4,ps
1778410890.617008,4,250,0.979908,53.25,572.954,592.0,1,4,ps
1778410891.235612,4,251,0.387264,53.41,557.032,590.147,1,4,ps
1778410891.8498507,4,252,0.483683,54.27,563.322,580.857,1,4,ps
1778410892.462412,4,253,0.628749,53.5,554.06,590.227,1,4,ps
1778410893.0774994,4,254,0.953953,52.81,571.537,597.106,1,4,ps
1778410893.6803327,4,255,0.573164,54.78,553.003,576.059,1,4,ps
1778410894.2716951,4,256,0.407307,56.38,543.082,558.164,1,4,ps
1778410894.868005,4,257,0.798003,55.2,545.392,570.154,1,4,ps
1778410895.4772892,4,258,0.728664,53.59,561.552,587.738,1,4,ps
1778410896.070312,4,259,1.040425,55.64,550.698,565.775,1,4,ps
1778410896.6524494,4,260,0.488089,56.78,533.314,554.257,1,4,ps
1778410897.2370162,4,261,0.52798,56.64,540.351,557.176,1,4,ps
1778410897.816579,4,262,0.564223,56.72,538.585,555.487,1,4,ps
1778410898.3849907,4,263,0.738148,58.73,520.935,537.434,1,4,ps
1778410898.9827466,4,264,0.804853,54.31,548.69,580.37,1,4,ps
1778410899.5653052,4,265,0.701882,57.86,528.108,544.651,1,4,ps
1778410900.1572423,4,266,0.602489,56.64,539.448,555.818,1,4,ps
1778410900.7366705,4,267,0.396337,56.67,526.686,555.498,1,4,ps
1778410901.32097,4,268,0.612994,55.57,548.747,567.179,1,4,ps
1778410901.8917255,4,269,0.519181,58.02,519.649,542.671,1,4,ps
1778410902.4700336,4,270,0.430749,57.29,535.655,549.598,1,4,ps
1778410903.0358658,4,271,0.690195,59.94,513.499,524.761,1,4,ps
1778410903.6153357,4,272,0.591768,57.32,534.88,549.319,1,4,ps
1778410904.1885388,4,273,0.48067,58.24,521.639,540.452,1,4,ps
1778410904.7708702,4,274,0.630841,57.36,529.086,548.69,1,4,ps
1778410905.3892329,4,275,0.802903,53.48,566.874,589.602,1,4,ps
1778410905.9697993,4,276,0.80628,56.43,541.426,558.865,1,4,ps
1778410906.5536873,4,277,0.815828,56.29,542.118,559.677,1,4,ps
1778410907.1326134,4,278,0.936337,57.37,536.157,549.933,1,4,ps
1778410907.722557,4,279,0.556453,55.97,543.768,562.844,1,4,ps
1778410908.3142617,4,280,1.020796,56.0,536.623,562.514,1,4,ps
1778410908.889603,4,281,0.602925,57.27,535.024,549.839,1,4,ps
1778410909.4823787,4,282,0.585321,56.23,543.208,560.611,1,4,ps
1778410910.0694242,4,283,0.526792,56.08,534.902,562.409,1,4,ps
1778410910.6700306,4,284,0.809216,54.07,557.199,582.696,1,4,ps
1778410911.2493157,4,285,0.857412,56.02,540.322,561.39,1,4,ps
1778410911.8299184,4,286,0.822744,57.24,533.985,549.675,1,4,ps
1778410912.4079483,4,287,0.739213,58.27,526.704,540.201,1,4,ps
1778410912.9875176,4,288,0.972732,57.48,526.535,547.936,1,4,ps
1778410913.560083,4,289,0.545522,57.84,523.209,544.389,1,4,ps
1778410914.1365867,4,290,0.640993,58.65,523.532,537.905,1,4,ps
1778410914.716406,4,291,0.606552,56.11,535.382,561.354,1,4,ps
1778410915.336026,4,292,0.750142,52.36,585.071,602.045,1,4,ps
1778410915.9111953,4,293,0.595715,56.48,543.59,557.591,1,4,ps
1778410916.4986658,4,294,0.887604,55.97,541.479,562.766,1,4,ps
1778410917.0851521,4,295,0.900937,56.9,540.423,553.486,1,4,ps
1778410917.6478798,4,296,0.629385,58.29,525.293,541.799,1,4,ps
1778410918.2217987,4,297,0.564272,57.55,531.4,547.297,1,4,ps
1778410918.7943232,4,298,0.705905,58.05,512.996,542.128,1,4,ps
1778410919.3636603,4,299,0.864678,57.46,533.956,549.625,1,4,ps
1778410919.935156,4,300,0.775929,56.87,538.168,553.886,1,4,ps
1778410920.5307968,4,301,0.807935,55.56,545.387,566.92,1,4,ps
1778410921.1115124,4,302,0.498258,57.93,528.997,543.655,1,4,ps
1778410921.69558,4,303,0.827821,56.26,517.62,559.841,1,4,ps
1778410922.2651548,4,304,0.650141,57.02,536.448,553.664,1,4,ps
1778410922.8648524,4,305,0.760574,55.4,546.55,568.641,1,4,ps
1778410923.4407535,4,306,0.680718,57.76,530.439,545.23,1,4,ps
1778410924.0332172,4,307,0.548939,56.11,545.605,561.972,1,4,ps
1778410924.6230614,4,308,0.94432,56.31,542.759,559.609,1,4,ps
1778410925.2676568,4,309,0.506188,51.34,596.686,614.666,1,4,ps
1778410925.8385446,4,310,0.804104,58.42,519.156,538.954,1,4,ps
1778410926.44301,4,311,0.537181,53.72,561.61,586.846,1,4,ps
1778410927.0250504,4,312,0.772419,57.33,529.462,549.455,1,4,ps
1778410927.6141007,4,313,0.593969,56.42,537.142,558.175,1,4,ps
1778410928.2058885,4,314,0.811372,56.04,536.889,553.206,1,4,ps
1778410928.8070107,4,315,0.923056,55.92,546.574,563.282,1,4,ps
1778410929.4044664,4,316,0.789437,55.45,543.987,568.122,1,4,ps
1778410929.9955573,4,317,0.809151,55.48,550.502,568.019,1,4,ps
1778410930.577579,4,318,0.785335,57.28,534.02,550.002,1,4,ps
1778410931.184465,4,319,0.789595,54.22,565.224,581.409,1,4,ps
1778410931.769239,4,320,0.391999,56.8,536.134,554.284,1,4,ps
1778410932.3477952,4,321,0.844678,56.68,537.671,557.363,1,4,ps
1778410932.9401813,4,322,0.500425,54.79,549.708,575.662,1,4,ps
1778410933.6222324,4,323,0.722798,50.43,602.639,626.924,1,4,ps
1778410934.4575403,4,324,0.731086,39.34,763.836,805.854,1,4,ps
1778410935.339742,4,325,0.958184,37.56,785.584,842.601,1,4,ps
1778410936.0309186,4,326,0.818628,48.16,622.511,655.416,1,4,ps
1778410936.6964498,4,327,0.642769,49.77,604.357,635.521,1,4,ps
1778410937.3469841,4,328,0.767137,49.94,611.132,632.553,1,4,ps
1778410938.0047235,4,329,1.021572,50.73,599.226,623.108,1,4,ps
1778410938.8421025,4,330,0.471983,39.12,763.454,810.708,1,4,ps
1778410939.5161755,4,331,0.440545,48.26,617.896,655.757,1,4,ps
1778410940.1542933,4,332,0.625101,52.23,575.27,605.3,1,4,ps
1778410940.7826896,4,333,0.545689,51.71,581.995,609.776,1,4,ps
1778410941.4309049,4,334,0.489108,51.57,580.658,611.842,1,4,ps
1778410942.0644226,4,335,0.762019,51.35,592.711,614.17,1,4,ps
1778410942.6663792,4,336,0.727856,55.09,555.982,571.758,1,4,ps
1778410943.26407,4,337,0.802044,55.45,545.709,568.432,1,4,ps
1778410943.875435,4,338,0.353975,54.25,559.272,580.149,1,4,ps
1778410944.477752,4,339,0.593368,55.14,554.918,571.043,1,4,ps
1778410945.0710182,4,340,0.611829,55.79,543.834,564.519,1,4,ps
1778410945.6520677,4,341,0.72241,56.25,543.919,560.034,1,4,ps
1778410946.2537591,4,342,0.659752,54.77,556.882,575.196,1,4,ps
1778410946.8440733,4,343,0.452493,56.07,543.838,561.173,1,4,ps
1778410947.4832265,4,344,0.490367,50.77,595.681,620.403,1,4,ps
1778410948.1011539,4,345,0.638703,54.45,563.178,578.535,1,4,ps
1778410948.7121289,4,346,0.635602,54.15,568.329,583.206,1,4,ps
1778410949.2954855,4,347,0.723934,55.71,542.421,565.402,1,4,ps
1778410949.9207482,4,348,0.640363,52.72,576.126,598.763,1,4,ps
1778410950.5179536,4,349,0.792356,55.07,548.032,572.121,1,4,ps
1778410951.1765943,4,350,0.523212,49.25,614.295,641.442,1,4,ps
1778410951.8004448,4,351,0.704008,52.39,566.715,601.954,1,4,ps
1778410952.4347923,4,352,0.652884,51.52,589.374,612.254,1,4,ps
1778410953.0942662,4,353,0.820486,50.25,609.655,628.74,1,4,ps
1778410953.7077487,4,354,0.730609,53.86,564.572,585.534,1,4,ps
1778410954.4055433,4,355,0.560977,47.24,649.427,668.505,1,4,ps
1778410955.0757594,4,356,0.770836,51.11,566.832,617.117,1,4,ps
1778410955.6815,4,357,0.798045,54.42,552.487,578.829,1,4,ps
1778410956.28654,4,358,0.533375,54.32,562.893,580.213,1,4,ps
1778410956.9112597,4,359,0.704331,53.89,569.659,585.146,1,4,ps
1778410957.5345078,4,360,0.468916,53.82,572.023,587.223,1,4,ps
1778410958.1281118,4,361,0.922705,54.7,553.317,576.047,1,4,ps
1778410958.7514145,4,362,0.581851,52.81,580.686,597.15,1,4,ps
1778410959.3807201,4,363,0.517574,51.72,582.781,609.815,1,4,ps
1778410960.0174665,4,364,0.734217,52.43,580.058,601.21,1,4,ps
1778410960.6373632,4,365,0.687952,53.34,556.661,592.025,1,4,ps
1778410961.336166,4,366,0.507784,47.16,624.853,669.887,1,4,ps
1778410961.998844,4,367,0.524979,50.21,603.992,628.436,1,4,ps
1778410962.6551578,4,368,0.709137,50.83,588.067,620.538,1,4,ps
1778410963.3593435,4,369,0.503775,47.62,626.813,662.887,1,4,ps
1778410964.0081184,4,370,0.432437,51.54,585.108,612.84,1,4,ps
1778410964.6742284,4,371,0.851978,49.77,617.441,635.595,1,4,ps
1778410965.3911774,4,372,0.658838,45.73,675.137,692.518,1,4,ps
1778410966.0268729,4,373,0.580795,52.33,571.547,603.848,1,4,ps
1778410966.6746795,4,374,0.570455,51.66,585.313,610.787,1,4,ps
1778410967.3005083,4,375,0.792101,52.55,579.803,599.852,1,4,ps
1778410967.9261081,4,376,0.674509,53.78,574.765,587.741,1,4,ps
1778410968.5814981,4,377,0.671818,49.48,621.673,638.905,1,4,ps
1778410969.199288,4,378,0.648206,53.77,555.153,586.188,1,4,ps
1778410969.8314457,4,379,0.861823,51.96,590.3,606.925,1,4,ps
1778410970.451524,4,380,0.801916,52.34,585.737,602.493,1,4,ps
1778410971.0674043,4,381,0.611055,54.45,563.579,578.838,1,4,ps
1778410971.6878254,4,382,0.648535,53.95,567.719,584.211,1,4,ps
1778410972.3637056,4,383,0.469487,48.46,631.195,651.381,1,4,ps
1778410972.9866662,4,384,0.678716,53.03,569.546,594.422,1,4,ps
1778410973.653338,4,385,0.579008,50.15,610.101,629.328,1,4,ps
1778410974.2740896,4,386,0.400255,52.73,577.38,599.316,1,4,ps
1778410974.9182017,4,387,0.741086,51.04,598.284,619.585,1,4,ps
1778410975.5614014,4,388,0.585854,52.61,577.48,599.067,1,4,ps
1778410976.1875312,4,389,0.956943,53.3,577.138,592.107,1,4,ps
1778410976.7533567,4,390,0.535921,36.12,519.927,544.779,1,4,ps
1778410980.4508762,5,0,0.666776,55.02,555.559,572.775,1,4,ps
1778410981.0583186,5,1,0.751089,53.43,571.864,590.261,1,4,ps
1778410981.6738515,5,2,0.298033,53.84,565.332,585.322,1,4,ps
1778410982.3107345,5,3,0.768534,53.21,563.589,592.381,1,4,ps
1778410982.9257176,5,4,0.939202,53.83,564.347,585.309,1,4,ps
1778410983.5394533,5,5,0.612439,54.03,561.772,583.168,1,4,ps
1778410984.1826594,5,6,0.326653,51.66,591.358,610.163,1,4,ps
1778410984.8152902,5,7,0.694071,51.4,584.264,613.721,1,4,ps
1778410985.4653978,5,8,0.53468,51.11,600.617,617.094,1,4,ps
1778410986.084669,5,9,0.318203,53.26,574.196,591.586,1,4,ps
1778410986.712594,5,10,0.388849,52.86,578.142,596.383,1,4,ps
1778410987.347939,5,11,0.520825,52.23,580.823,604.969,1,4,ps
1778410987.9557133,5,12,0.635908,54.75,555.503,576.241,1,4,ps
1778410988.5683568,5,13,0.501979,53.98,566.605,583.811,1,4,ps
1778410989.2022603,5,14,0.727296,52.37,577.57,602.5,1,4,ps
1778410989.8115547,5,15,0.515249,54.77,548.778,575.13,1,4,ps
1778410990.4044747,5,16,0.663306,55.81,548.05,564.512,1,4,ps
1778410991.0059922,5,17,0.366754,54.91,553.777,573.361,1,4,ps
1778410991.6102476,5,18,1.179633,55.89,549.939,563.98,1,4,ps
1778410992.1984324,5,19,0.4013,56.01,543.144,562.45,1,4,ps
1778410992.7883532,5,20,0.384556,55.46,551.604,567.715,1,4,ps
1778410993.4026506,5,21,0.521728,52.68,582.379,598.318,1,4,ps
1778410994.0048783,5,22,0.803667,53.93,544.985,584.692,1,4,ps
1778410994.6006234,5,23,0.667295,55.68,550.053,566.114,1,4,ps
1778410995.2729461,5,24,0.708315,49.47,617.807,637.966,1,4,ps
1778410995.8655105,5,25,0.585151,55.22,548.847,570.465,1,4,ps
1778410996.4541829,5,26,0.656579,56.33,544.913,560.786,1,4,ps
1778410997.0519278,5,27,0.889733,54.34,557.23,579.578,1,4,ps
1778410997.6627088,5,28,1.01638,53.98,555.683,583.423,1,4,ps
1778410998.2813995,5,29,0.741153,53.53,561.867,588.075,1,4,ps
1778410998.8996744,5,30,0.727459,53.47,570.082,590.557,1,4,ps
1778410999.4914925,5,31,0.524961,54.98,555.001,573.222,1,4,ps
1778411000.0858335,5,32,0.560047,55.19,551.858,571.488,1,4,ps
1778411000.6904242,5,33,0.925834,54.76,557.75,575.252,1,4,ps
1778411001.2741253,5,34,0.772304,57.12,535.876,552.519,1,4,ps
1778411001.8614678,5,35,1.167385,56.78,526.945,554.552,1,4,ps
1778411002.4405289,5,36,0.605763,58.11,529.591,543.319,1,4,ps
1778411003.0252342,5,37,0.482569,55.55,549.822,567.42,1,4,ps
1778411003.6158156,5,38,0.514961,55.76,543.045,564.827,1,4,ps
1778411004.2080731,5,39,0.634742,56.48,542.775,558.887,1,4,ps
1778411004.7925036,5,40,0.610792,56.67,530.452,556.188,1,4,ps
1778411005.4452722,5,41,0.837911,50.68,606.41,624.084,1,4,ps
1778411006.0659306,5,42,0.483157,52.99,556.117,594.986,1,4,ps
1778411006.673096,5,43,0.65214,53.53,566.833,588.857,1,4,ps
1778411007.2722442,5,44,0.916834,54.57,562.024,578.927,1,4,ps
1778411007.8660414,5,45,0.588157,54.68,553.73,576.728,1,4,ps
1778411008.4553437,5,46,0.524265,56.47,541.482,558.045,1,4,ps
1778411009.0427227,5,47,0.594111,56.25,539.213,560.921,1,4,ps
1778411009.678626,5,48,0.794544,52.58,582.486,600.819,1,4,ps
1778411010.304538,5,49,1.047945,52.43,579.774,602.11,1,4,ps
1778411010.951981,5,50,0.651304,50.23,590.401,627.912,1,4,ps
1778411011.5765939,5,51,0.468597,52.02,589.219,606.071,1,4,ps
1778411012.2106528,5,52,0.811433,51.2,593.079,616.022,1,4,ps
1778411012.8281598,5,53,0.857435,52.87,578.961,596.243,1,4,ps
1778411013.4367175,5,54,0.594022,54.56,560.214,577.611,1,4,ps
1778411014.07389,5,55,0.760106,52.3,565.577,602.845,1,4,ps
1778411014.6955075,5,56,0.562993,52.51,583.388,600.093,1,4,ps
1778411015.3805113,5,57,0.454993,48.35,636.379,653.01,1,4,ps
1778411016.019023,5,58,0.514626,51.52,586.381,612.738,1,4,ps
1778411016.6493273,5,59,0.582172,51.58,591.345,611.387,1,4,ps
1778411017.2609432,5,60,1.035607,54.14,563.54,582.882,1,4,ps
1778411017.8916578,5,61,0.592099,52.14,588.0,604.797,1,4,ps
1778411018.5051317,5,62,0.67594,54.08,566.806,582.813,1,4,ps
1778411019.1208708,5,63,0.527056,53.41,573.191,589.931,1,4,ps
1778411019.7373571,5,64,0.42365,54.13,565.802,582.142,1,4,ps
1778411020.3533714,5,65,0.535726,53.38,573.772,590.455,1,4,ps
1778411021.0211248,5,66,0.637098,49.24,623.545,640.966,1,4,ps
1778411021.6619177,5,67,0.626897,50.95,587.271,619.101,1,4,ps
1778411022.3107893,5,68,0.641104,50.67,601.246,623.033,1,4,ps
1778411022.9861374,5,69,0.601761,48.95,630.195,644.748,1,4,ps
1778411023.611984,5,70,0.79413,52.34,577.416,602.464,1,4,ps
1778411024.2394578,5,71,0.482022,53.05,571.423,595.399,1,4,ps
1778411024.8895042,5,72,0.653254,49.91,613.54,633.617,1,4,ps
1778411025.5588267,5,73,0.677079,49.19,615.01,642.86,1,4,ps
1778411026.2005281,5,74,0.493429,50.51,608.948,624.665,1,4,ps
1778411026.8456964,5,75,0.559096,52.08,583.964,605.533,1,4,ps
1778411027.5288355,5,76,0.756318,48.16,623.381,655.611,1,4,ps
1778411028.1630497,5,77,0.46125,51.27,576.292,615.597,1,4,ps
1778411028.8140342,5,78,0.809633,50.95,602.994,619.368,1,4,ps
1778411029.4717388,5,79,0.697159,49.32,618.423,640.099,1,4,ps
1778411030.131707,5,80,0.391924,50.05,587.517,630.617,1,4,ps
1778411030.7987208,5,81,0.54488,48.85,601.976,646.32,1,4,ps
1778411031.4235208,5,82,0.698735,52.07,577.904,605.659,1,4,ps
1778411032.0349374,5,83,0.522492,53.46,572.799,589.535,1,4,ps
1778411032.697011,5,84,0.428809,49.66,603.342,635.151,1,4,ps
1778411033.3123748,5,85,0.448148,54.06,561.328,584.378,1,4,ps
1778411033.9178038,5,86,0.480322,53.65,568.06,587.46,1,4,ps
1778411034.515858,5,87,0.594792,54.29,554.843,580.555,1,4,ps
1778411035.1123037,5,88,0.881184,55.54,548.0,567.067,1,4,ps
1778411035.7129068,5,89,0.665752,54.72,545.422,575.837,1,4,ps
1778411036.3113666,5,90,0.311302,54.2,559.608,581.642,1,4,ps
1778411036.9150217,5,91,0.443825,54.47,560.978,578.538,1,4,ps
1778411037.5681229,5,92,0.398553,50.64,608.259,623.91,1,4,ps
1778411038.1806724,5,93,0.632753,53.11,563.98,594.692,1,4,ps
1778411038.7708557,5,94,0.416431,55.31,552.701,569.632,1,4,ps
1778411039.3670557,5,95,1.069479,55.26,553.342,570.114,1,4,ps
1778411039.9547193,5,96,0.484352,56.09,537.291,561.595,1,4,ps
1778411040.545197,5,97,0.589113,56.24,537.859,560.029,1,4,ps
1778411041.1313467,5,98,0.424302,56.02,545.916,562.394,1,4,ps
1778411041.7216094,5,99,0.80582,56.2,540.854,560.862,1,4,ps
1778411042.3056903,5,100,0.668911,56.96,537.295,552.889,1,4,ps
1778411042.9261265,5,101,0.531419,52.39,584.537,602.105,1,4,ps
1778411043.5062828,5,102,0.633685,57.21,537.061,550.366,1,4,ps
1778411044.0942972,5,103,0.648512,56.14,538.707,561.504,1,4,ps
1778411044.6758478,5,104,0.593393,57.18,531.552,550.613,1,4,ps
1778411045.305079,5,105,0.751349,52.23,579.713,605.503,1,4,ps
1778411045.8948622,5,106,0.417215,55.08,554.806,572.737,1,4,ps
1778411046.490692,5,107,0.598564,55.28,552.323,569.971,1,4,ps
1778411047.0844402,5,108,0.529247,55.44,551.503,568.411,1,4,ps
1778411047.70712,5,109,0.629505,54.53,561.047,577.965,1,4,ps
1778411048.3792677,5,110,0.754104,49.48,611.491,639.518,1,4,ps
1778411048.9956505,5,111,0.319844,53.75,563.689,586.716,1,4,ps
1778411049.6177425,5,112,0.749474,53.59,571.662,588.501,1,4,ps
1778411050.2227013,5,113,0.723314,55.6,555.438,567.822,1,4,ps
1778411050.8501074,5,114,0.617819,52.54,575.889,600.176,1,4,ps
1778411051.46118,5,115,0.724826,53.97,565.818,584.099,1,4,ps
1778411052.1204767,5,116,0.505952,49.68,619.538,634.941,1,4,ps
1778411052.733899,5,117,0.409243,53.67,560.936,584.656,1,4,ps
1778411053.3976173,5,118,0.512939,49.83,606.848,634.233,1,4,ps
1778411054.0456846,5,119,0.5662,51.23,596.231,615.698,1,4,ps
1778411054.654159,5,120,0.714889,54.83,535.342,574.662,1,4,ps
1778411055.2900078,5,121,0.317638,52.32,584.258,602.677,1,4,ps
1778411055.8979878,5,122,0.576639,53.74,566.393,586.551,1,4,ps
1778411056.4982133,5,123,0.373991,55.22,553.104,572.288,1,4,ps
1778411057.1021695,5,124,0.574806,54.72,557.172,575.698,1,4,ps
1778411057.7132287,5,125,0.556495,54.93,541.525,573.644,1,4,ps
1778411058.3269012,5,126,0.619598,54.37,561.044,580.922,1,4,ps
1778411058.9759927,5,127,0.774258,51.53,575.172,612.057,1,4,ps
1778411059.5890777,5,128,0.677169,54.6,557.878,577.13,1,4,ps
1778411060.2305503,5,129,0.885239,51.3,589.228,614.846,1,4,ps
1778411060.8284092,5,130,0.389295,56.12,543.479,561.338,1,4,ps
1778411061.425078,5,131,0.560141,55.31,548.101,569.47,1,4,ps
1778411062.01786,5,132,0.580553,55.99,545.567,562.129,1,4,ps
1778411062.6447952,5,133,0.588946,52.77,572.534,596.616,1,4,ps
1778411063.33862,5,134,0.566118,47.33,643.051,666.688,1,4,ps
1778411063.9611995,5,135,0.35681,54.17,559.734,581.629,1,4,ps
1778411064.5526192,5,136,0.7398,56.53,538.968,557.119,1,4,ps
1778411065.1408653,5,137,0.375684,56.51,535.958,557.293,1,4,ps
1778411065.7362964,5,138,0.869587,55.77,543.832,564.822,1,4,ps
1778411066.3249185,5,139,0.608359,55.7,550.356,565.554,1,4,ps
1778411066.9255745,5,140,0.745396,54.87,546.682,574.213,1,4,ps
1778411067.53884,5,141,0.647058,54.75,562.854,576.092,1,4,ps
1778411068.115035,5,142,0.597426,56.37,542.446,559.681,1,4,ps
1778411068.7129214,5,143,0.795831,54.96,551.022,573.353,1,4,ps
1778411069.3340535,5,144,0.336022,52.82,569.946,597.05,1,4,ps
1778411069.9388504,5,145,0.535379,54.41,553.96,579.393,1,4,ps
1778411070.5608509,5,146,0.578553,52.15,583.897,605.842,1,4,ps
1778411071.143647,5,147,0.629798,56.21,543.233,560.288,1,4,ps
1778411071.74197,5,148,0.739812,54.85,553.793,575.204,1,4,ps
1778411072.3400755,5,149,0.788461,55.01,548.451,572.707,1,4,ps
1778411072.9659362,5,150,0.658862,53.76,571.476,588.107,1,4,ps
1778411073.5786498,5,151,0.732897,53.58,560.491,589.22,1,4,ps
1778411074.1994743,5,152,0.509381,53.35,573.859,590.95,1,4,ps
1778411074.7962463,5,153,0.422559,55.93,546.038,563.559,1,4,ps
1778411075.4387317,5,154,0.65625,51.92,593.832,608.971,1,4,ps
1778411076.0599527,5,155,0.620529,52.22,584.001,603.98,1,4,ps
1778411076.6961036,5,156,0.466034,50.99,590.157,618.915,1,4,ps
1778411077.306112,5,157,0.482575,53.74,569.853,586.327,1,4,ps
1778411077.910197,5,158,0.828871,55.57,549.215,566.938,1,4,ps
1778411078.5037951,5,159,0.387935,55.8,549.987,565.214,1,4,ps
1778411079.1008332,5,160,0.562192,54.93,536.195,575.359,1,4,ps
1778411079.6799023,5,161,0.753124,57.03,535.021,552.245,1,4,ps
1778411080.3110473,5,162,0.706025,53.28,569.744,591.752,1,4,ps
1778411080.915765,5,163,0.715289,54.73,540.365,575.427,1,4,ps
1778411081.5305738,5,164,0.571895,52.84,566.564,596.76,1,4,ps
1778411082.1292057,5,165,0.667761,55.1,554.6,572.093,1,4,ps
1778411082.748424,5,166,0.405644,53.15,568.215,593.11,1,4,ps
1778411083.3177896,5,167,0.366164,58.37,526.135,539.428,1,4,ps
1778411083.8959126,5,168,0.280916,56.2,542.211,560.423,1,4,ps
1778411084.480565,5,169,0.618352,57.27,532.788,549.887,1,4,ps
1778411085.0693986,5,170,0.657869,56.29,545.443,559.637,1,4,ps
1778411085.664668,5,171,0.742522,55.06,521.942,572.099,1,4,ps
1778411086.2415326,5,172,0.264836,57.97,529.295,542.973,1,4,ps
1778411086.8328264,5,173,0.78777,56.2,539.011,560.592,1,4,ps
1778411087.422441,5,174,0.758013,56.26,541.375,559.837,1,4,ps
1778411088.0091,5,175,0.229507,56.78,536.996,554.262,1,4,ps
1778411088.6197402,5,176,0.630419,53.85,567.418,585.143,1,4,ps
1778411089.218089,5,177,0.500409,55.51,550.93,567.241,1,4,ps
1778411089.80744,5,178,0.636641,57.26,532.898,549.656,1,4,ps
1778411090.4053152,5,179,0.782464,55.2,555.227,570.559,1,4,ps
1778411091.0251465,5,180,0.621231,53.74,560.26,586.732,1,4,ps
1778411091.636394,5,181,0.630554,54.55,560.136,577.577,1,4,ps
1778411092.2631013,5,182,0.537717,51.77,583.814,609.15,1,4,ps
1778411092.8639538,5,183,0.341441,54.96,557.42,573.275,1,4,ps
1778411093.4364176,5,184,0.414589,58.59,516.663,537.358,1,4,ps
1778411094.017656,5,185,0.653724,57.13,535.188,551.018,1,4,ps
1778411094.594612,5,186,0.597592,57.86,527.178,544.08,1,4,ps
1778411095.2225728,5,187,0.761469,54.71,553.089,575.645,1,4,ps
1778411095.8522692,5,188,0.586724,52.74,581.698,597.154,1,4,ps
1778411096.4774222,5,189,0.702221,53.47,572.763,589.516,1,4,ps
1778411097.0508318,5,190,0.576632,57.01,535.089,552.484,1,4,ps
1778411097.6558487,5,191,0.570953,54.96,558.223,573.356,1,4,ps
1778411098.2532413,5,192,0.740661,55.17,542.403,571.146,1,4,ps
1778411098.8742716,5,193,0.425351,52.93,570.233,596.354,1,4,ps
1778411099.4961245,5,194,0.643537,52.19,585.253,604.216,1,4,ps
1778411100.1267188,5,195,0.455196,51.47,588.05,613.864,1,4,ps
1778411100.9353683,5,196,0.690113,40.06,755.304,789.928,1,4,ps
1778411101.619295,5,197,0.464588,49.01,603.637,645.588,1,4,ps
1778411102.4411485,5,198,0.789331,41.06,738.919,770.341,1,4,ps
1778411103.1211681,5,199,0.876293,48.59,624.595,649.928,1,4,ps
1778411103.9554043,5,200,0.534174,39.13,771.986,808.746,1,4,ps
1778411104.6717088,5,201,0.82921,46.87,638.855,673.907,1,4,ps
1778411105.481749,5,202,0.447597,40.14,746.377,789.256,1,4,ps
1778411106.169353,5,203,0.846268,47.69,623.311,662.091,1,4,ps
1778411106.8521292,5,204,0.593135,48.83,609.89,647.985,1,4,ps
1778411107.4453464,5,205,0.716422,55.99,539.714,562.814,1,4,ps
1778411108.0375912,5,206,0.419363,55.64,545.74,567.38,1,4,ps
1778411108.6164372,5,207,0.615422,56.11,542.048,561.449,1,4,ps
1778411109.2141473,5,208,0.56904,55.5,552.428,568.226,1,4,ps
1778411109.8266413,5,209,0.441862,54.72,548.452,575.474,1,4,ps
1778411110.4394004,5,210,0.605389,53.53,538.339,588.375,1,4,ps
1778411111.0410957,5,211,0.560695,54.65,549.485,576.29,1,4,ps
1778411111.6160464,5,212,0.913094,56.89,537.392,553.436,1,4,ps
1778411112.2479148,5,213,0.698782,52.44,576.652,601.164,1,4,ps
1778411112.8351474,5,214,0.681498,55.12,551.427,571.828,1,4,ps
1778411113.4393783,5,215,0.874015,54.83,552.874,574.656,1,4,ps
1778411114.0700796,5,216,0.358468,51.76,582.79,609.299,1,4,ps
1778411114.6953511,5,217,0.426032,52.99,572.282,595.695,1,4,ps
1778411115.361028,5,218,0.343366,48.7,586.113,647.988,1,4,ps
1778411115.9629307,5,219,0.61001,55.25,550.367,570.303,1,4,ps
1778411116.5533338,5,220,0.636248,56.18,537.58,560.737,1,4,ps
1778411117.1427271,5,221,0.736203,56.07,544.078,563.032,1,4,ps
1778411117.7329712,5,222,0.321047,54.98,546.478,572.892,1,4,ps
1778411118.3307672,5,223,0.572903,55.66,549.4,566.585,1,4,ps
1778411118.9243,5,224,0.724605,55.52,542.685,567.283,1,4,ps
1778411119.5018303,5,225,0.459839,57.1,532.595,551.579,1,4,ps
1778411120.1336744,5,226,0.597024,54.01,569.135,583.625,1,4,ps
1778411120.801772,5,227,0.445225,49.23,615.905,642.114,1,4,ps
1778411121.4242766,5,228,0.510744,53.29,555.657,591.605,1,4,ps
1778411122.0166748,5,229,0.756799,55.5,542.915,567.598,1,4,ps
1778411122.6695678,5,230,0.547396,50.48,603.632,624.435,1,4,ps
1778411123.295001,5,231,0.498073,52.7,552.174,597.902,1,4,ps
1778411123.8876173,5,232,0.267761,55.95,544.718,563.138,1,4,ps
1778411124.4962919,5,233,0.664574,54.75,557.771,576.893,1,4,ps
1778411125.0859306,5,234,0.38849,56.52,536.258,557.65,1,4,ps
1778411125.7067795,5,235,0.631563,56.78,534.537,555.265,1,4,ps
1778411126.2887068,5,236,0.458376,56.99,536.944,552.59,1,4,ps
1778411126.9271846,5,237,0.517672,51.75,582.594,609.432,1,4,ps
1778411127.5449002,5,238,0.685988,53.96,568.192,584.26,1,4,ps
1778411128.1298535,5,239,0.523736,56.93,536.108,553.199,1,4,ps
1778411128.737711,5,240,0.958466,54.24,564.275,580.939,1,4,ps
1778411129.3425193,5,241,0.673533,54.96,555.967,573.671,1,4,ps
1778411129.9225795,5,242,0.735218,57.98,520.744,543.012,1,4,ps
1778411130.5391033,5,243,0.555721,53.78,551.796,586.047,1,4,ps
1778411131.1416948,5,244,0.607056,53.91,558.818,585.021,1,4,ps
1778411131.7630792,5,245,0.757945,53.74,567.816,586.571,1,4,ps
1778411132.35286,5,246,0.470744,56.22,543.289,560.361,1,4,ps
1778411132.9375842,5,247,0.485936,55.66,543.507,566.132,1,4,ps
1778411133.5544262,5,248,0.841804,54.18,558.791,581.628,1,4,ps
1778411134.143731,5,249,0.831748,55.56,547.179,568.209,1,4,ps
1778411134.758044,5,250,0.470863,52.99,557.704,595.167,1,4,ps
1778411135.4134429,5,251,0.468877,50.21,604.385,627.98,1,4,ps
1778411136.0144582,5,252,0.612625,55.41,551.183,568.547,1,4,ps
1778411136.6232784,5,253,0.639381,54.46,560.115,578.641,1,4,ps
1778411137.1998203,5,254,0.493896,56.74,535.049,554.986,1,4,ps
1778411137.8133469,5,255,0.755164,54.0,565.697,582.876,1,4,ps
1778411138.4396675,5,256,0.566254,52.65,576.987,598.382,1,4,ps
1778411139.048809,5,257,0.912449,53.73,559.961,586.819,1,4,ps
1778411139.8086612,5,258,0.870453,42.96,706.576,736.001,1,4,ps
1778411140.4775906,5,259,0.588746,49.28,599.308,640.537,1,4,ps
1778411141.1059377,5,260,0.760001,52.45,578.075,600.85,1,4,ps
1778411141.8221638,5,261,0.54873,46.11,634.573,685.912,1,4,ps
1778411142.6394749,5,262,0.552099,40.68,747.27,778.302,1,4,ps
1778411143.296095,5,263,0.650996,50.85,588.512,622.164,1,4,ps
1778411143.945855,5,264,0.764306,50.12,596.294,629.741,1,4,ps
1778411144.6047423,5,265,0.824314,50.76,595.394,621.676,1,4,ps
1778411145.2458384,5,266,0.853078,51.64,586.913,611.018,1,4,ps
1778411145.900291,5,267,0.484429,52.09,577.94,605.412,1,4,ps
1778411146.5341241,5,268,0.621087,51.19,593.93,616.227,1,4,ps
1778411147.1505475,5,269,0.310204,54.41,561.813,579.295,1,4,ps
1778411147.7809243,5,270,0.495705,52.44,575.399,602.054,1,4,ps
1778411148.4504964,5,271,0.45422,49.65,612.12,636.082,1,4,ps
1778411149.138748,5,272,0.393813,48.24,593.379,654.668,1,4,ps
1778411149.842196,5,273,0.660539,49.09,617.166,642.813,1,4,ps
1778411150.5567489,5,274,0.703724,47.04,649.703,672.556,1,4,ps
1778411151.3094974,5,275,0.562823,45.09,657.132,698.875,1,4,ps
1778411152.2960439,5,276,0.662153,35.78,861.649,885.622,1,4,ps
1778411153.5206573,5,277,0.343669,27.15,1134.626,1168.584,1,4,ps
1778411154.4190986,5,278,0.635443,38.7,734.203,817.319,1,4,ps
1778411155.358774,5,279,0.500981,35.37,849.422,895.707,1,4,ps
1778411156.1321187,5,280,0.578513,43.46,701.304,727.494,1,4,ps
1778411156.849984,5,281,0.458757,47.11,610.121,670.428,1,4,ps
1778411157.5279918,5,282,0.794654,49.61,587.593,636.373,1,4,ps
1778411158.2103689,5,283,0.589523,47.58,644.907,664.425,1,4,ps
1778411158.835313,5,284,0.742612,53.22,573.664,592.411,1,4,ps
1778411159.4690497,5,285,0.860096,51.7,582.366,611.552,1,4,ps
1778411160.1807766,5,286,0.63976,45.74,657.31,690.657,1,4,ps
1778411160.9238982,5,287,0.734763,44.13,662.847,716.58,1,4,ps
1778411161.655136,5,288,0.674045,45.9,653.657,688.921,1,4,ps
1778411162.3250604,5,289,0.672594,50.07,601.722,630.244,1,4,ps
1778411162.952428,5,290,0.866721,52.79,579.229,597.244,1,4,ps
1778411163.5523686,5,291,0.893685,54.57,551.971,577.622,1,4,ps
1778411164.1444974,5,292,0.523451,55.3,546.617,569.971,1,4,ps
1778411164.7433848,5,293,1.093539,55.41,551.331,568.549,1,4,ps
1778411165.3490934,5,294,0.560472,53.62,566.389,588.044,1,4,ps
1778411165.9605005,5,295,0.696753,54.16,566.329,581.992,1,4,ps
1778411166.5591054,5,296,0.638797,55.83,546.954,564.313,1,4,ps
1778411167.1777368,5,297,0.547976,53.35,573.579,591.189,1,4,ps
1778411167.8091793,5,298,0.562898,53.63,566.646,587.757,1,4,ps
1778411168.3963654,5,299,0.546249,56.08,528.134,561.603,1,4,ps
1778411168.980816,5,300,0.410183,56.04,535.4,562.132,1,4,ps
1778411169.5752347,5,301,0.495574,55.42,544.893,570.057,1,4,ps
1778411170.1619902,5,302,0.88366,55.35,549.91,569.151,1,4,ps
1778411170.730824,5,303,1.049953,59.31,516.166,530.326,1,4,ps
1778411171.3141828,5,304,0.738621,57.07,534.71,551.724,1,4,ps
1778411171.8880744,5,305,0.536161,58.17,519.58,541.859,1,4,ps
1778411172.4686294,5,306,1.009489,55.93,543.183,563.318,1,4,ps
1778411173.0494347,5,307,0.849125,57.49,533.965,548.31,1,4,ps
1778411173.638061,5,308,0.834196,55.85,547.039,564.366,1,4,ps
1778411174.222708,5,309,0.749677,56.15,536.346,560.732,1,4,ps
1778411174.8087466,5,310,0.606295,55.94,539.821,563.964,1,4,ps
1778411175.420061,5,311,0.766992,54.14,559.139,582.107,1,4,ps
1778411176.019496,5,312,0.561391,56.37,542.476,558.889,1,4,ps
1778411176.6221726,5,313,0.61762,54.29,560.294,580.117,1,4,ps
1778411177.254301,5,314,0.686002,52.47,582.987,600.961,1,4,ps
1778411177.8498688,5,315,0.203928,55.47,544.066,568.729,1,4,ps
1778411178.4297483,5,316,0.657658,57.46,531.437,548.416,1,4,ps
1778411179.0269275,5,317,0.329271,55.89,546.707,563.64,1,4,ps
1778411179.6091588,5,318,0.649441,57.11,535.611,551.311,1,4,ps
1778411180.206971,5,319,0.429945,54.97,556.292,573.991,1,4,ps
1778411180.794378,5,320,0.648415,55.8,547.415,565.622,1,4,ps
1778411181.3904479,5,321,0.551872,55.1,539.075,571.305,1,4,ps
1778411182.0130367,5,322,0.742059,52.15,585.849,604.055,1,4,ps
1778411182.6423876,5,323,0.588889,51.54,594.375,611.45,1,4,ps
1778411183.2971873,5,324,0.4259,50.61,605.962,623.607,1,4,ps
1778411184.0035877,5,325,0.586541,46.33,661.255,681.626,1,4,ps
1778411184.6239655,5,326,0.738542,53.65,571.668,588.622,1,4,ps
1778411185.2253394,5,327,0.42343,55.52,552.735,567.361,1,4,ps
1778411185.8353336,5,328,0.787885,54.13,564.932,582.531,1,4,ps
1778411186.4130137,5,329,0.549225,57.53,529.569,548.364,1,4,ps
1778411187.0149374,5,330,0.642508,54.65,554.024,576.65,1,4,ps
1778411187.6508212,5,331,0.608642,52.46,582.035,601.09,1,4,ps
1778411188.221456,5,332,0.6932,57.48,532.177,547.837,1,4,ps
1778411188.8188393,5,333,0.387507,55.38,549.728,568.988,1,4,ps
1778411189.4228475,5,334,0.68092,54.46,562.618,578.638,1,4,ps
1778411190.0198975,5,335,0.64446,54.88,547.651,574.032,1,4,ps
1778411190.6042836,5,336,0.752979,56.79,535.652,554.6,1,4,ps
1778411191.174305,5,337,0.619545,57.82,529.475,545.266,1,4,ps
1778411191.7515013,5,338,0.782849,57.69,530.19,545.655,1,4,ps
1778411192.3295436,5,339,0.626267,57.51,531.335,547.571,1,4,ps
1778411192.9002047,5,340,0.435558,57.62,531.548,546.606,1,4,ps
1778411193.4687822,5,341,0.696117,59.44,516.344,531.515,1,4,ps
1778411194.0811176,5,342,0.799121,54.77,560.764,575.331,1,4,ps
1778411194.6620975,5,343,0.572132,56.92,536.007,553.26,1,4,ps
1778411195.2779906,5,344,0.883999,53.59,565.753,588.218,1,4,ps
1778411195.8800707,5,345,0.601592,54.95,553.837,574.316,1,4,ps
1778411196.4777994,5,346,0.350211,55.87,542.714,564.687,1,4,ps
1778411197.0615418,5,347,0.435786,55.66,550.458,566.057,1,4,ps
1778411197.6588855,5,348,0.443757,55.74,548.651,565.328,1,4,ps
1778411198.248577,5,349,0.638944,56.36,544.469,560.059,1,4,ps
1778411198.8138056,5,350,0.549103,59.16,515.695,532.16,1,4,ps
1778411199.3813217,5,351,0.357572,58.34,518.842,539.741,1,4,ps
1778411199.9536464,5,352,0.336023,57.44,532.948,548.319,1,4,ps
1778411200.5247698,5,353,0.626076,58.83,520.421,535.411,1,4,ps
1778411201.0897293,5,354,0.641066,59.17,519.567,533.581,1,4,ps
1778411201.6566637,5,355,0.504516,59.28,510.733,530.988,1,4,ps
1778411202.22249,5,356,0.780973,58.65,522.032,537.288,1,4,ps
1778411202.7883563,5,357,0.697307,57.38,533.536,548.825,1,4,ps
1778411203.3583047,5,358,0.509008,57.65,529.871,545.956,1,4,ps
1778411203.93771,5,359,0.818518,57.3,529.779,549.594,1,4,ps
1778411204.5135841,5,360,0.863345,57.77,530.245,545.699,1,4,ps
1778411205.0915465,5,361,0.568374,56.73,540.126,555.763,1,4,ps
1778411205.6910272,5,362,0.529197,55.24,543.921,570.626,1,4,ps
1778411206.2667775,5,363,0.68155,57.21,535.196,550.536,1,4,ps
1778411206.8382218,5,364,0.773823,57.28,534.647,550.749,1,4,ps
1778411207.419245,5,365,0.422118,55.95,548.295,564.288,1,4,ps
1778411207.9902477,5,366,0.830803,57.69,531.361,546.897,1,4,ps
1778411208.5941308,5,367,0.61385,54.55,556.235,577.608,1,4,ps
1778411209.1721702,5,368,0.373417,56.66,536.428,556.094,1,4,ps
1778411209.74747,5,369,0.747302,57.98,523.46,543.159,1,4,ps
1778411210.3184927,5,370,0.737407,57.66,527.487,546.163,1,4,ps
1778411210.8869972,5,371,0.75152,58.04,525.713,542.41,1,4,ps
1778411211.4510062,5,372,0.771499,58.88,519.859,534.83,1,4,ps
1778411212.0249348,5,373,0.682367,58.08,525.899,542.634,1,4,ps
1778411212.6008387,5,374,0.539257,57.44,532.501,549.666,1,4,ps
1778411213.1683438,5,375,0.697981,58.73,521.434,535.807,1,4,ps
1778411213.7419257,5,376,0.622988,58.14,523.075,541.555,1,4,ps
1778411214.3195248,5,377,0.580839,56.73,534.545,556.109,1,4,ps
1778411214.8856833,5,378,0.619132,58.17,520.295,541.164,1,4,ps
1778411215.5050037,5,379,0.451104,52.85,581.978,596.586,1,4,ps
1778411216.0750992,5,380,0.708998,58.88,518.899,534.556,1,4,ps
1778411216.6512973,5,381,0.628341,57.91,528.867,543.716,1,4,ps
1778411217.221667,5,382,0.534987,58.14,526.303,542.678,1,4,ps
1778411217.7940795,5,383,0.752418,57.3,521.502,549.591,1,4,ps
1778411218.383587,5,384,0.393809,56.41,539.714,558.526,1,4,ps
1778411218.9952872,5,385,0.624937,53.36,574.425,590.817,1,4,ps
1778411219.5970607,5,386,0.547145,54.1,547.525,582.226,1,4,ps
1778411220.1878533,5,387,0.385417,56.04,546.956,561.873,1,4,ps
1778411220.765401,5,388,0.559024,56.27,538.283,559.198,1,4,ps
1778411221.352724,5,389,0.327574,56.21,540.391,560.315,1,4,ps
1778411221.8974319,5,390,0.535243,38.03,499.649,516.872,1,4,ps
