timestamp,epoch,iteration,loss,throughput_samp_s,comm_latency_ms,iter_time_ms,rank,world_size,arch
1778410042.5870879,1,0,2.416162,19.79,582.299,1612.928,3,4,ps
1778410043.2423215,1,1,2.451304,50.92,554.71,621.181,3,4,ps
1778410043.8308673,1,2,2.292588,56.15,541.059,560.957,3,4,ps
1778410044.431658,1,3,2.353048,54.02,560.844,583.434,3,4,ps
1778410045.0181878,1,4,2.351673,56.71,535.897,554.923,3,4,ps
1778410045.5888216,1,5,2.394444,57.25,528.442,551.734,3,4,ps
1778410046.1593277,1,6,2.485138,57.0,536.545,552.589,3,4,ps
1778410046.7364843,1,7,2.064986,57.58,532.958,546.557,3,4,ps
1778410047.3139036,1,8,2.026129,57.87,528.903,543.878,3,4,ps
1778410047.8813403,1,9,2.190814,58.03,520.974,544.307,3,4,ps
1778410048.4636583,1,10,2.126073,56.97,534.708,553.84,3,4,ps
1778410049.0391226,1,11,2.342465,58.27,519.509,539.936,3,4,ps
1778410049.609493,1,12,2.239628,57.59,507.53,546.574,3,4,ps
1778410050.1744683,1,13,2.22766,59.86,513.263,526.884,3,4,ps
1778410050.7404833,1,14,2.395345,57.71,529.812,545.726,3,4,ps
1778410051.3091993,1,15,2.069515,58.97,518.98,533.531,3,4,ps
1778410051.892212,1,16,2.229354,57.31,534.928,550.06,3,4,ps
1778410052.469153,1,17,1.931998,56.3,537.969,559.342,3,4,ps
1778410053.0356233,1,18,1.99975,58.21,525.442,540.606,3,4,ps
1778410053.6054225,1,19,2.30623,58.38,524.13,539.986,3,4,ps
1778410054.165152,1,20,2.270688,58.07,529.075,543.717,3,4,ps
1778410054.7432425,1,21,2.063869,57.01,536.172,552.199,3,4,ps
1778410055.3374465,1,22,2.159863,55.6,545.663,567.753,3,4,ps
1778410055.9352589,1,23,1.931977,54.35,553.701,580.083,3,4,ps
1778410056.5546896,1,24,2.144362,53.63,565.182,587.323,3,4,ps
1778410057.1556113,1,25,2.091758,54.73,559.323,575.73,3,4,ps
1778410057.7498977,1,26,2.027838,55.94,541.378,562.786,3,4,ps
1778410058.3218153,1,27,1.984399,57.56,526.942,547.031,3,4,ps
1778410058.901681,1,28,2.25335,56.39,541.763,558.559,3,4,ps
1778410059.4942896,1,29,2.089564,55.55,545.247,567.464,3,4,ps
1778410060.077174,1,30,2.194185,57.22,532.247,550.104,3,4,ps
1778410060.684319,1,31,1.965386,54.59,554.466,576.966,3,4,ps
1778410061.2663298,1,32,1.934926,57.11,535.134,551.458,3,4,ps
1778410061.83529,1,33,1.704481,57.08,535.242,551.503,3,4,ps
1778410062.4209478,1,34,2.154209,56.83,536.907,554.338,3,4,ps
1778410063.0004349,1,35,1.93827,56.35,538.646,558.962,3,4,ps
1778410063.5752695,1,36,1.912529,56.52,543.551,558.798,3,4,ps
1778410064.1495728,1,37,1.728542,56.65,521.51,556.124,3,4,ps
1778410064.737982,1,38,1.957904,56.68,522.301,555.268,3,4,ps
1778410065.310168,1,39,1.63374,57.44,523.854,548.191,3,4,ps
1778410065.8800461,1,40,2.14219,59.2,520.654,532.743,3,4,ps
1778410066.4553142,1,41,1.89426,56.53,532.213,557.222,3,4,ps
1778410067.027554,1,42,1.825782,58.84,518.457,534.579,3,4,ps
1778410067.5978434,1,43,1.792554,58.8,521.206,535.259,3,4,ps
1778410068.2082484,1,44,1.643021,54.42,562.569,581.666,3,4,ps
1778410068.8076758,1,45,1.775486,54.76,540.788,575.623,3,4,ps
1778410069.3916585,1,46,2.115861,56.78,535.142,556.389,3,4,ps
1778410069.9714808,1,47,1.941225,56.1,537.922,561.696,3,4,ps
1778410070.5449076,1,48,1.859182,57.54,527.471,547.572,3,4,ps
1778410071.136334,1,49,1.905913,55.19,555.637,572.206,3,4,ps
1778410071.727819,1,50,1.895124,54.86,554.621,574.502,3,4,ps
1778410072.2988274,1,51,1.781269,57.33,529.227,549.106,3,4,ps
1778410072.881992,1,52,1.969751,56.61,540.314,556.326,3,4,ps
1778410073.4600053,1,53,1.626834,56.79,540.14,556.196,3,4,ps
1778410074.028117,1,54,2.006312,57.21,534.592,550.525,3,4,ps
1778410074.6211286,1,55,1.732102,55.51,543.983,567.507,3,4,ps
1778410075.1898985,1,56,1.971952,57.15,535.291,552.006,3,4,ps
1778410075.7672644,1,57,1.631581,57.69,529.294,545.29,3,4,ps
1778410076.3293872,1,58,1.704007,58.87,516.85,535.323,3,4,ps
1778410076.9002595,1,59,1.451696,58.0,527.884,544.389,3,4,ps
1778410077.4661927,1,60,1.602122,57.49,532.817,547.768,3,4,ps
1778410078.0317452,1,61,1.44665,58.06,524.003,543.928,3,4,ps
1778410078.5980418,1,62,1.859457,57.39,526.695,550.357,3,4,ps
1778410079.165182,1,63,1.650451,57.36,518.319,549.981,3,4,ps
1778410079.7265556,1,64,1.5236,59.5,506.432,530.743,3,4,ps
1778410080.2987454,1,65,1.866877,58.19,508.413,540.709,3,4,ps
1778410080.864331,1,66,1.656467,58.87,515.974,534.688,3,4,ps
1778410081.4376733,1,67,1.973935,58.12,527.796,541.43,3,4,ps
1778410081.9985344,1,68,1.764807,58.63,517.893,536.768,3,4,ps
1778410082.5654273,1,69,1.61577,58.73,521.801,537.56,3,4,ps
1778410083.1370828,1,70,1.540791,56.84,540.079,555.249,3,4,ps
1778410083.71364,1,71,1.812833,57.99,529.26,543.964,3,4,ps
1778410084.2809277,1,72,1.646963,57.27,523.107,549.905,3,4,ps
1778410084.8573928,1,73,1.701941,57.08,521.57,551.809,3,4,ps
1778410085.4301498,1,74,1.544801,58.41,525.073,539.778,3,4,ps
1778410086.000277,1,75,1.639922,56.99,534.158,553.226,3,4,ps
1778410086.5801978,1,76,1.883286,57.55,532.568,547.103,3,4,ps
1778410087.1508322,1,77,1.779873,58.12,527.827,543.097,3,4,ps
1778410087.7161582,1,78,1.736521,57.45,533.599,549.276,3,4,ps
1778410088.2948058,1,79,1.97129,56.19,536.808,560.752,3,4,ps
1778410088.8571737,1,80,1.685251,58.33,502.022,539.863,3,4,ps
1778410089.43117,1,81,1.846338,56.87,537.519,553.686,3,4,ps
1778410089.9990923,1,82,1.585238,57.19,534.934,550.808,3,4,ps
1778410090.5677893,1,83,1.853408,58.05,521.626,544.019,3,4,ps
1778410091.1406922,1,84,1.513199,57.89,531.137,545.584,3,4,ps
1778410091.709817,1,85,1.90186,57.11,531.564,551.588,3,4,ps
1778410092.284943,1,86,1.694295,57.1,527.433,552.604,3,4,ps
1778410092.8545854,1,87,1.583034,56.85,535.494,555.464,3,4,ps
1778410093.4226453,1,88,1.523693,57.22,524.53,550.394,3,4,ps
1778410094.011119,1,89,1.537879,55.58,549.604,566.834,3,4,ps
1778410094.6126919,1,90,1.544109,54.62,557.268,576.864,3,4,ps
1778410095.1937037,1,91,1.476425,56.69,533.45,556.208,3,4,ps
1778410095.774634,1,92,1.874268,57.58,524.645,547.685,3,4,ps
1778410096.3419766,1,93,1.449187,58.07,524.961,541.916,3,4,ps
1778410096.9109263,1,94,1.766673,58.81,514.699,537.047,3,4,ps
1778410097.4808776,1,95,1.667665,57.01,537.109,552.319,3,4,ps
1778410098.0530052,1,96,1.796865,58.24,529.017,542.034,3,4,ps
1778410098.6206698,1,97,1.479133,57.31,526.577,551.113,3,4,ps
1778410099.1916924,1,98,1.56402,56.87,529.662,553.82,3,4,ps
1778410099.768122,1,99,1.611354,57.4,531.571,549.381,3,4,ps
1778410100.3562224,1,100,1.697599,55.24,538.26,570.145,3,4,ps
1778410100.92084,1,101,1.567383,58.17,525.16,541.174,3,4,ps
1778410101.4833362,1,102,1.688783,57.75,522.512,546.298,3,4,ps
1778410102.053918,1,103,1.428512,58.16,527.819,542.93,3,4,ps
1778410102.6204333,1,104,1.731012,57.34,529.176,549.962,3,4,ps
1778410103.186487,1,105,1.690577,57.46,529.89,547.817,3,4,ps
1778410103.752573,1,106,1.8193,58.22,524.411,540.696,3,4,ps
1778410104.336575,1,107,1.818766,57.01,539.011,552.589,3,4,ps
1778410104.9171734,1,108,1.719275,58.48,523.449,538.341,3,4,ps
1778410105.480558,1,109,1.74812,58.26,526.278,542.058,3,4,ps
1778410106.0534766,1,110,1.507301,57.68,530.058,545.984,3,4,ps
1778410106.6367834,1,111,1.675367,56.13,540.592,561.134,3,4,ps
1778410107.2036352,1,112,1.566136,57.31,527.753,551.089,3,4,ps
1778410107.7757292,1,113,2.063075,56.85,517.515,554.464,3,4,ps
1778410108.3433623,1,114,1.499676,57.9,527.619,545.518,3,4,ps
1778410108.9147668,1,115,1.573017,56.96,525.253,552.769,3,4,ps
1778410109.4841843,1,116,1.76417,57.83,521.28,545.197,3,4,ps
1778410110.04696,1,117,2.230045,59.2,516.461,531.806,3,4,ps
1778410110.6190534,1,118,1.424996,56.8,530.482,554.548,3,4,ps
1778410111.1905396,1,119,2.169075,58.86,518.396,535.537,3,4,ps
1778410111.7567837,1,120,1.680019,57.32,532.882,549.146,3,4,ps
1778410112.3276634,1,121,1.756997,57.74,528.024,545.06,3,4,ps
1778410112.8970985,1,122,1.524855,59.82,514.483,526.677,3,4,ps
1778410113.4668376,1,123,1.817725,56.97,528.884,552.765,3,4,ps
1778410114.0363135,1,124,1.424225,58.86,519.852,535.501,3,4,ps
1778410114.657374,1,125,2.131123,52.22,585.773,604.613,3,4,ps
1778410115.234986,1,126,2.013499,57.12,536.089,552.445,3,4,ps
1778410115.8019292,1,127,1.686705,57.38,531.647,550.616,3,4,ps
1778410116.3758454,1,128,1.636019,58.81,503.911,535.88,3,4,ps
1778410116.9507637,1,129,1.96341,57.13,535.49,552.789,3,4,ps
1778410117.5190837,1,130,1.342543,57.15,525.702,550.683,3,4,ps
1778410118.0862124,1,131,1.796845,58.04,516.173,542.491,3,4,ps
1778410118.6479933,1,132,1.605247,58.7,522.661,537.355,3,4,ps
1778410119.2185798,1,133,1.649499,56.89,529.588,555.184,3,4,ps
1778410119.7852855,1,134,1.486168,57.36,529.296,549.566,3,4,ps
1778410120.361193,1,135,1.37077,57.72,515.545,546.222,3,4,ps
1778410120.9418106,1,136,1.556274,57.23,537.152,552.006,3,4,ps
1778410121.504249,1,137,1.542189,57.78,529.96,545.823,3,4,ps
1778410122.07723,1,138,1.671142,57.29,535.423,550.657,3,4,ps
1778410122.6420655,1,139,1.886333,58.86,505.897,534.758,3,4,ps
1778410123.2084098,1,140,1.469911,57.27,529.369,549.824,3,4,ps
1778410123.7821643,1,141,1.870703,57.47,527.701,548.031,3,4,ps
1778410124.3516617,1,142,2.205752,58.46,523.877,538.634,3,4,ps
1778410124.9197206,1,143,1.613256,59.46,511.316,529.278,3,4,ps
1778410125.498697,1,144,1.4838,56.1,535.819,562.125,3,4,ps
1778410126.0774937,1,145,1.703632,57.13,536.34,551.947,3,4,ps
1778410126.6548483,1,146,1.688588,56.99,534.601,554.068,3,4,ps
1778410127.2253938,1,147,1.229166,56.91,538.259,553.289,3,4,ps
1778410127.7894661,1,148,1.283126,58.81,514.134,535.724,3,4,ps
1778410128.3564875,1,149,1.570469,57.64,530.81,546.405,3,4,ps
1778410128.9252326,1,150,1.243841,57.1,527.711,552.295,3,4,ps
1778410129.4948251,1,151,1.658854,56.99,536.344,552.577,3,4,ps
1778410130.067051,1,152,1.441947,58.25,523.965,540.282,3,4,ps
1778410130.6494708,1,153,1.461895,57.56,530.905,546.848,3,4,ps
1778410131.2302356,1,154,1.799195,55.9,540.664,563.624,3,4,ps
1778410131.8261645,1,155,1.531855,55.16,549.341,571.158,3,4,ps
1778410132.4217324,1,156,1.345702,55.14,553.15,571.257,3,4,ps
1778410133.0030746,1,157,1.533989,56.17,540.875,560.796,3,4,ps
1778410133.5657978,1,158,1.368164,59.23,502.623,532.627,3,4,ps
1778410134.1536522,1,159,1.500324,55.4,539.033,568.792,3,4,ps
1778410134.7379482,1,160,1.692471,56.3,537.025,558.831,3,4,ps
1778410135.3120103,1,161,1.433803,58.14,521.186,540.756,3,4,ps
1778410135.8949966,1,162,1.489291,56.59,539.428,556.773,3,4,ps
1778410136.4695103,1,163,1.908266,58.83,519.109,535.175,3,4,ps
1778410137.0367799,1,164,1.804381,58.03,524.99,544.338,3,4,ps
1778410137.607971,1,165,1.572033,58.55,517.308,537.37,3,4,ps
1778410138.1715932,1,166,1.60894,59.03,519.198,534.34,3,4,ps
1778410138.7431653,1,167,1.618291,57.99,527.741,543.747,3,4,ps
1778410139.3081057,1,168,1.776452,58.54,522.152,539.521,3,4,ps
1778410139.8726459,1,169,1.286828,57.58,531.121,546.889,3,4,ps
1778410140.4386148,1,170,1.485281,59.51,516.627,530.039,3,4,ps
1778410141.002215,1,171,1.565008,57.64,524.06,546.946,3,4,ps
1778410141.5632656,1,172,1.27379,59.06,515.366,533.083,3,4,ps
1778410142.1369667,1,173,1.71101,58.03,525.54,543.166,3,4,ps
1778410142.702135,1,174,1.330602,58.34,522.557,539.651,3,4,ps
1778410143.2675495,1,175,1.679095,58.54,517.651,537.349,3,4,ps
1778410143.8333223,1,176,1.512581,58.83,519.493,535.138,3,4,ps
1778410144.4031947,1,177,1.715167,58.2,526.13,541.689,3,4,ps
1778410144.9762847,1,178,1.160604,58.09,523.667,542.689,3,4,ps
1778410145.548748,1,179,1.549616,58.05,517.287,542.559,3,4,ps
1778410146.1166031,1,180,1.290851,57.99,513.95,544.079,3,4,ps
1778410146.7066257,1,181,1.2661,57.43,534.552,548.267,3,4,ps
1778410147.274333,1,182,1.310355,58.85,517.67,535.555,3,4,ps
1778410147.8438134,1,183,1.228388,58.6,522.011,536.932,3,4,ps
1778410148.4186757,1,184,1.815348,57.84,525.155,544.175,3,4,ps
1778410148.9900808,1,185,1.520618,57.49,519.695,547.615,3,4,ps
1778410149.5618277,1,186,1.479211,57.93,510.594,544.065,3,4,ps
1778410150.1247306,1,187,1.327176,57.75,523.427,546.968,3,4,ps
1778410150.6957986,1,188,1.195655,58.56,524.414,537.532,3,4,ps
1778410151.2640493,1,189,1.493559,58.54,519.926,538.917,3,4,ps
1778410151.8378086,1,190,1.584345,56.62,535.584,556.082,3,4,ps
1778410152.4063632,1,191,1.31489,58.72,513.638,536.098,3,4,ps
1778410152.9690564,1,192,1.517362,59.47,514.009,530.333,3,4,ps
1778410153.5378718,1,193,1.488459,59.07,516.394,532.787,3,4,ps
1778410154.1058984,1,194,1.747278,57.77,527.428,545.708,3,4,ps
1778410154.7001877,1,195,1.404117,55.38,547.107,568.883,3,4,ps
1778410155.27088,1,196,1.807526,57.24,529.367,550.071,3,4,ps
1778410155.8385448,1,197,1.62117,59.12,518.118,532.099,3,4,ps
1778410156.4104974,1,198,1.549676,58.54,523.779,538.542,3,4,ps
1778410156.9869068,1,199,1.999887,58.49,522.127,538.562,3,4,ps
1778410157.5556986,1,200,1.602573,57.63,514.678,546.347,3,4,ps
1778410158.1237693,1,201,1.331742,59.37,509.675,530.754,3,4,ps
1778410158.689859,1,202,1.592764,57.38,524.261,550.337,3,4,ps
1778410159.2582824,1,203,1.556117,57.18,516.378,550.527,3,4,ps
1778410159.8320787,1,204,1.654674,59.17,516.013,531.939,3,4,ps
1778410160.394474,1,205,1.55821,59.0,508.569,535.014,3,4,ps
1778410160.960897,1,206,1.769276,58.7,522.408,536.838,3,4,ps
1778410161.533303,1,207,1.31517,57.17,527.959,550.917,3,4,ps
1778410162.1009822,1,208,1.93297,59.68,514.507,528.899,3,4,ps
1778410162.6630795,1,209,1.611325,57.85,527.264,544.391,3,4,ps
1778410163.2355247,1,210,2.194843,57.54,529.98,548.577,3,4,ps
1778410163.8045185,1,211,1.445367,57.14,529.925,552.917,3,4,ps
1778410164.3692837,1,212,1.532757,58.73,517.919,537.121,3,4,ps
1778410164.9401264,1,213,1.413659,56.91,533.262,555.02,3,4,ps
1778410165.5066457,1,214,1.155584,58.55,522.062,539.269,3,4,ps
1778410166.0728853,1,215,1.937264,57.4,533.948,549.915,3,4,ps
1778410166.6570423,1,216,1.390951,56.62,539.434,556.334,3,4,ps
1778410167.2261171,1,217,1.507885,58.53,521.784,539.222,3,4,ps
1778410167.806944,1,218,1.606856,55.93,534.258,563.229,3,4,ps
1778410168.3832407,1,219,1.664404,57.21,531.291,551.631,3,4,ps
1778410168.9519558,1,220,1.572138,57.13,522.965,551.933,3,4,ps
1778410169.5188477,1,221,1.630908,59.51,516.18,528.818,3,4,ps
1778410170.089986,1,222,1.534359,56.83,531.755,553.947,3,4,ps
1778410170.6653712,1,223,1.626147,58.67,525.765,538.159,3,4,ps
1778410171.2414095,1,224,1.24201,57.81,526.311,544.882,3,4,ps
1778410171.8151443,1,225,1.680989,57.75,526.254,545.073,3,4,ps
1778410172.3764377,1,226,1.576108,59.64,510.774,527.603,3,4,ps
1778410172.9537017,1,227,1.068554,56.96,534.518,554.596,3,4,ps
1778410173.5158045,1,228,1.411251,57.8,520.475,545.648,3,4,ps
1778410174.0891027,1,229,1.222871,56.61,532.247,557.142,3,4,ps
1778410174.683982,1,230,1.649418,55.17,549.962,571.242,3,4,ps
1778410175.248701,1,231,1.615157,58.74,511.509,537.528,3,4,ps
1778410175.8184528,1,232,1.301376,59.06,520.466,534.016,3,4,ps
1778410176.3875387,1,233,1.406883,57.1,530.788,552.764,3,4,ps
1778410176.957308,1,234,1.481199,58.25,508.682,540.375,3,4,ps
1778410177.5291636,1,235,1.462253,58.27,520.539,541.918,3,4,ps
1778410178.1052792,1,236,0.947462,56.36,544.633,559.494,3,4,ps
1778410178.6848161,1,237,1.284425,57.22,524.121,550.546,3,4,ps
1778410179.2505438,1,238,1.281636,58.12,523.302,541.6,3,4,ps
1778410179.8216307,1,239,1.482417,57.79,531.624,546.481,3,4,ps
1778410180.3894684,1,240,1.539107,57.21,537.007,552.111,3,4,ps
1778410180.96466,1,241,1.224381,58.02,526.367,542.39,3,4,ps
1778410181.5283778,1,242,1.278607,58.34,524.235,541.23,3,4,ps
1778410182.0960832,1,243,1.619522,57.25,528.736,550.822,3,4,ps
1778410182.6579833,1,244,1.644825,59.07,516.175,532.927,3,4,ps
1778410183.2339447,1,245,1.513598,56.79,539.83,555.657,3,4,ps
1778410183.7994142,1,246,1.57632,58.28,497.56,541.757,3,4,ps
1778410184.3767788,1,247,1.415472,57.32,512.634,550.99,3,4,ps
1778410184.960599,1,248,1.561977,55.68,542.644,565.936,3,4,ps
1778410185.5322127,1,249,1.72375,57.36,534.13,550.601,3,4,ps
1778410186.1055467,1,250,1.580266,56.71,531.448,557.048,3,4,ps
1778410186.6925578,1,251,1.633958,55.33,541.62,571.045,3,4,ps
1778410187.2718177,1,252,1.498127,57.03,536.241,551.427,3,4,ps
1778410187.8572938,1,253,1.62622,56.44,536.805,557.833,3,4,ps
1778410188.434084,1,254,1.442769,58.0,528.329,542.811,3,4,ps
1778410189.022066,1,255,1.955153,55.3,537.806,569.431,3,4,ps
1778410189.5944302,1,256,1.496055,57.95,529.188,545.097,3,4,ps
1778410190.1647098,1,257,1.4202,56.98,506.942,554.293,3,4,ps
1778410190.739854,1,258,1.301492,56.53,533.633,558.426,3,4,ps
1778410191.3140156,1,259,1.615818,57.17,536.299,552.473,3,4,ps
1778410191.8815808,1,260,1.504119,57.26,530.698,550.727,3,4,ps
1778410192.447293,1,261,1.57897,59.12,513.111,533.676,3,4,ps
1778410193.0115087,1,262,1.578112,57.59,525.687,548.333,3,4,ps
1778410193.5762494,1,263,1.526878,57.57,532.17,548.575,3,4,ps
1778410194.148602,1,264,1.4862,56.74,532.542,556.66,3,4,ps
1778410194.7485065,1,265,1.534574,54.62,557.832,578.614,3,4,ps
1778410195.3207562,1,266,1.187911,56.92,539.403,554.953,3,4,ps
1778410195.887785,1,267,0.972348,57.31,535.813,551.099,3,4,ps
1778410196.4613996,1,268,1.483926,57.23,535.187,550.266,3,4,ps
1778410197.0298774,1,269,1.349391,57.91,526.981,543.603,3,4,ps
1778410197.598144,1,270,1.258326,58.59,521.713,537.425,3,4,ps
1778410198.1657073,1,271,1.455842,58.43,521.652,538.329,3,4,ps
1778410198.7395597,1,272,1.276814,57.45,524.711,549.119,3,4,ps
1778410199.3205905,1,273,1.442785,57.74,529.035,545.382,3,4,ps
1778410199.898395,1,274,1.181552,56.73,536.757,556.364,3,4,ps
1778410200.4694686,1,275,1.721277,56.94,526.748,552.723,3,4,ps
1778410201.0370762,1,276,1.442084,57.68,530.302,546.583,3,4,ps
1778410201.611597,1,277,1.598603,58.21,526.227,541.5,3,4,ps
1778410202.178242,1,278,1.331667,57.36,519.388,549.078,3,4,ps
1778410202.7470443,1,279,1.177121,57.89,529.975,544.596,3,4,ps
1778410203.3143024,1,280,1.261707,57.99,528.534,544.136,3,4,ps
1778410203.8787,1,281,1.432091,58.79,513.59,535.487,3,4,ps
1778410204.4462914,1,282,1.836765,58.41,520.255,540.004,3,4,ps
1778410205.012696,1,283,1.483022,57.37,530.389,548.849,3,4,ps
1778410205.5849428,1,284,1.240719,58.12,523.837,542.818,3,4,ps
1778410206.150306,1,285,1.3089,58.82,521.259,536.134,3,4,ps
1778410206.733148,1,286,1.666561,57.68,533.372,545.908,3,4,ps
1778410207.302414,1,287,1.632526,58.42,521.122,538.692,3,4,ps
1778410207.874239,1,288,1.937292,58.75,524.027,537.434,3,4,ps
1778410208.4435582,1,289,1.384773,57.05,528.354,552.148,3,4,ps
1778410209.0080829,1,290,1.182909,58.63,497.983,538.033,3,4,ps
1778410209.5890863,1,291,1.115781,56.45,542.112,557.7,3,4,ps
1778410210.1848583,1,292,1.544352,55.32,554.784,569.075,3,4,ps
1778410210.7534428,1,293,1.382245,57.65,525.795,547.891,3,4,ps
1778410211.3178349,1,294,1.360812,57.58,527.401,548.067,3,4,ps
1778410211.8927817,1,295,1.344186,56.53,527.175,559.128,3,4,ps
1778410212.4624307,1,296,1.484115,57.06,534.643,552.079,3,4,ps
1778410213.0321538,1,297,1.442602,56.77,539.144,554.565,3,4,ps
1778410213.6007168,1,298,1.248626,58.79,521.715,535.123,3,4,ps
1778410214.182873,1,299,1.362544,56.51,538.573,557.265,3,4,ps
1778410214.7799118,1,300,1.440962,55.23,549.851,570.319,3,4,ps
1778410215.355262,1,301,1.764592,57.18,534.269,550.5,3,4,ps
1778410215.9277296,1,302,1.28276,57.7,527.185,546.598,3,4,ps
1778410216.496307,1,303,1.312361,57.11,531.999,553.007,3,4,ps
1778410217.0718799,1,304,1.413674,57.41,528.501,550.156,3,4,ps
1778410217.642345,1,305,1.293404,56.92,531.732,555.004,3,4,ps
1778410218.2104616,1,306,1.251257,57.22,526.587,551.921,3,4,ps
1778410218.7868335,1,307,1.62388,56.39,543.117,559.9,3,4,ps
1778410219.3592947,1,308,1.24606,57.98,525.93,544.177,3,4,ps
1778410219.9291496,1,309,1.578181,57.04,523.926,552.202,3,4,ps
1778410220.502718,1,310,1.357849,57.75,524.674,545.875,3,4,ps
1778410221.0727682,1,311,1.417802,58.84,504.801,534.847,3,4,ps
1778410221.6424437,1,312,1.35667,58.62,519.152,538.057,3,4,ps
1778410222.2128255,1,313,1.264095,57.95,521.631,543.259,3,4,ps
1778410222.7861753,1,314,1.501816,57.39,526.337,548.58,3,4,ps
1778410223.357237,1,315,1.555442,57.9,520.528,544.631,3,4,ps
1778410223.9191444,1,316,1.317544,59.42,513.96,529.814,3,4,ps
1778410224.4934003,1,317,1.456505,57.46,527.448,547.509,3,4,ps
1778410225.0666895,1,318,1.513132,58.16,528.087,542.968,3,4,ps
1778410225.6411548,1,319,1.057819,58.56,522.961,537.386,3,4,ps
1778410226.2080884,1,320,1.203876,57.29,531.075,550.961,3,4,ps
1778410226.788463,1,321,1.810358,57.15,536.021,551.173,3,4,ps
1778410227.3481157,1,322,1.434113,58.87,520.55,535.493,3,4,ps
1778410227.9148686,1,323,0.929848,57.28,525.083,551.373,3,4,ps
1778410228.48775,1,324,1.336208,56.71,537.7,555.328,3,4,ps
1778410229.0516715,1,325,1.73713,59.76,511.161,527.293,3,4,ps
1778410229.6208005,1,326,1.940149,57.53,526.48,548.506,3,4,ps
1778410230.1905732,1,327,1.084944,57.01,537.033,552.397,3,4,ps
1778410230.7743995,1,328,1.489661,56.99,530.772,554.274,3,4,ps
1778410231.3433774,1,329,1.101193,57.07,531.625,551.899,3,4,ps
1778410231.9101903,1,330,1.095979,59.09,518.068,532.793,3,4,ps
1778410232.484303,1,331,1.136252,57.16,521.076,550.941,3,4,ps
1778410233.0490355,1,332,1.186933,58.34,521.861,540.307,3,4,ps
1778410233.6174178,1,333,1.027333,57.17,536.161,551.575,3,4,ps
1778410234.1818206,1,334,1.368177,58.71,520.493,537.736,3,4,ps
1778410234.7855337,1,335,1.040173,55.05,557.861,573.508,3,4,ps
1778410235.360972,1,336,1.18912,57.11,531.896,551.457,3,4,ps
1778410235.9343476,1,337,1.561103,56.72,533.42,555.533,3,4,ps
1778410236.5110283,1,338,1.210576,57.71,513.791,545.135,3,4,ps
1778410237.096695,1,339,1.465083,56.72,538.061,555.354,3,4,ps
1778410237.6635993,1,340,1.450592,57.65,527.049,546.123,3,4,ps
1778410238.228731,1,341,0.93053,58.85,519.045,534.961,3,4,ps
1778410238.8031838,1,342,1.905474,56.87,537.252,553.661,3,4,ps
1778410239.368476,1,343,1.538545,59.41,515.824,531.275,3,4,ps
1778410239.9362295,1,344,1.622075,57.2,530.433,550.724,3,4,ps
1778410240.5020938,1,345,1.230282,58.22,522.983,540.919,3,4,ps
1778410241.0735197,1,346,1.084914,59.12,503.091,534.144,3,4,ps
1778410241.6482306,1,347,1.302425,56.52,535.567,556.789,3,4,ps
1778410242.210639,1,348,1.150752,59.92,511.837,525.247,3,4,ps
1778410242.7825305,1,349,1.224294,58.18,523.535,541.833,3,4,ps
1778410243.348559,1,350,1.473018,59.1,516.893,532.359,3,4,ps
1778410243.9180896,1,351,0.991828,58.12,524.683,541.825,3,4,ps
1778410244.488279,1,352,1.036705,57.89,523.504,544.445,3,4,ps
1778410245.0652413,1,353,0.784009,56.94,534.143,553.274,3,4,ps
1778410245.636083,1,354,1.528218,57.11,532.914,551.339,3,4,ps
1778410246.2085278,1,355,1.674787,57.42,530.391,548.442,3,4,ps
1778410246.7936263,1,356,1.722996,56.2,534.606,561.859,3,4,ps
1778410247.3571112,1,357,1.488615,57.64,526.512,547.39,3,4,ps
1778410247.9677796,1,358,1.166267,53.3,570.124,591.6,3,4,ps
1778410248.5593233,1,359,1.425077,55.16,554.163,570.831,3,4,ps
1778410249.1394207,1,360,1.212396,57.54,532.596,546.979,3,4,ps
1778410249.721753,1,361,1.4435,56.9,533.724,553.446,3,4,ps
1778410250.2873416,1,362,1.337164,57.99,527.784,542.966,3,4,ps
1778410250.859317,1,363,1.4237,57.96,517.622,542.97,3,4,ps
1778410251.436821,1,364,1.114254,57.79,527.991,545.513,3,4,ps
1778410252.0307462,1,365,1.145208,54.72,558.865,576.677,3,4,ps
1778410252.6232011,1,366,1.224893,56.4,545.474,558.525,3,4,ps
1778410253.2267437,1,367,1.006727,54.47,552.959,577.993,3,4,ps
1778410253.8443868,1,368,1.009015,53.97,557.901,583.438,3,4,ps
1778410254.4177501,1,369,1.384465,57.31,523.725,550.475,3,4,ps
1778410254.9973428,1,370,1.311381,56.07,539.662,562.433,3,4,ps
1778410255.5957854,1,371,1.39534,55.12,551.625,571.617,3,4,ps
1778410256.1848035,1,372,1.379055,55.42,550.424,569.078,3,4,ps
1778410256.8028429,1,373,1.513784,53.86,568.761,586.166,3,4,ps
1778410257.3795922,1,374,1.086883,57.52,525.718,547.345,3,4,ps
1778410257.947873,1,375,1.304751,57.91,526.64,544.396,3,4,ps
1778410258.5437045,1,376,1.496164,54.55,560.009,578.47,3,4,ps
1778410259.117561,1,377,1.460154,56.6,540.425,556.489,3,4,ps
1778410259.6841311,1,378,1.544951,58.01,521.32,543.889,3,4,ps
1778410260.2514148,1,379,1.061571,57.29,533.994,549.516,3,4,ps
1778410260.819408,1,380,1.45472,57.98,529.165,544.446,3,4,ps
1778410261.3809438,1,381,1.183589,58.22,521.692,541.092,3,4,ps
1778410261.9524229,1,382,1.18921,58.27,524.447,541.828,3,4,ps
1778410262.5505621,1,383,1.241377,55.24,548.819,570.449,3,4,ps
1778410263.1236792,1,384,1.313777,58.74,522.421,535.858,3,4,ps
1778410263.696434,1,385,1.097774,57.44,520.377,550.27,3,4,ps
1778410264.2701354,1,386,1.260927,57.49,534.014,548.76,3,4,ps
1778410264.875372,1,387,1.230479,55.5,552.238,567.461,3,4,ps
1778410265.4602273,1,388,1.233939,56.64,536.839,557.157,3,4,ps
1778410266.0305262,1,389,1.350646,58.06,527.229,542.124,3,4,ps
1778410266.6307359,1,390,0.935274,34.09,471.015,579.633,3,4,ps
1778410270.277009,2,0,1.144404,59.55,514.052,528.807,3,4,ps
1778410270.847136,2,1,1.207205,58.84,521.78,536.356,3,4,ps
1778410271.4122663,2,2,1.165687,58.28,514.201,540.409,3,4,ps
1778410271.9788523,2,3,1.421076,60.2,509.511,522.681,3,4,ps
1778410272.541847,2,4,1.570199,58.22,525.572,540.719,3,4,ps
1778410273.1319437,2,5,1.349537,54.87,557.3,574.119,3,4,ps
1778410273.7096982,2,6,1.178962,57.55,531.467,547.785,3,4,ps
1778410274.2957063,2,7,1.195896,55.42,546.676,570.175,3,4,ps
1778410274.9148703,2,8,1.185149,52.44,572.88,601.174,3,4,ps
1778410275.4965546,2,9,1.297879,56.52,537.723,558.03,3,4,ps
1778410276.0704808,2,10,0.78414,57.06,537.395,553.561,3,4,ps
1778410276.648315,2,11,1.219951,58.21,529.341,542.513,3,4,ps
1778410277.2183907,2,12,1.30659,56.98,538.316,553.478,3,4,ps
1778410277.799066,2,13,0.959256,57.41,534.184,549.576,3,4,ps
1778410278.3685262,2,14,1.286866,58.5,524.349,538.073,3,4,ps
1778410278.9383254,2,15,1.125294,58.33,520.033,540.344,3,4,ps
1778410279.512562,2,16,1.560577,56.59,536.769,556.593,3,4,ps
1778410280.0875134,2,17,1.490614,57.74,530.803,547.042,3,4,ps
1778410280.6579716,2,18,1.512737,58.91,511.481,534.341,3,4,ps
1778410281.235891,2,19,1.118423,57.74,528.549,545.318,3,4,ps
1778410281.802305,2,20,1.631267,57.91,527.8,545.532,3,4,ps
1778410282.3888903,2,21,1.463493,56.06,544.775,561.806,3,4,ps
1778410282.954492,2,22,1.295474,57.4,532.053,548.148,3,4,ps
1778410283.5596936,2,23,1.197659,54.99,551.85,573.119,3,4,ps
1778410284.133038,2,24,1.165064,57.47,528.514,547.519,3,4,ps
1778410284.7558386,2,25,1.014835,52.79,584.629,598.907,3,4,ps
1778410285.3210888,2,26,1.163831,57.48,524.961,548.64,3,4,ps
1778410285.9145052,2,27,1.523592,54.7,560.874,577.727,3,4,ps
1778410286.4925911,2,28,0.945878,57.67,531.737,547.609,3,4,ps
1778410287.0646338,2,29,1.189756,56.81,538.303,554.937,3,4,ps
1778410287.6366966,2,30,1.235831,56.74,538.942,555.112,3,4,ps
1778410288.218858,2,31,1.366926,57.43,532.147,549.07,3,4,ps
1778410288.7836936,2,32,1.008947,59.05,517.953,532.69,3,4,ps
1778410289.3590991,2,33,1.397893,57.0,530.473,553.643,3,4,ps
1778410289.9416664,2,34,1.070207,57.11,533.786,552.126,3,4,ps
1778410290.50872,2,35,1.271851,58.1,521.175,541.669,3,4,ps
1778410291.0784295,2,36,1.148694,59.12,522.374,533.848,3,4,ps
1778410291.6484601,2,37,1.274376,57.03,508.248,552.135,3,4,ps
1778410292.2224689,2,38,1.283176,57.34,534.161,549.131,3,4,ps
1778410292.7943435,2,39,1.155015,56.78,538.807,554.456,3,4,ps
1778410293.369563,2,40,1.66889,57.92,525.464,543.795,3,4,ps
1778410293.9658396,2,41,1.1253,54.78,550.145,575.948,3,4,ps
1778410294.5521367,2,42,1.120509,57.38,527.367,548.431,3,4,ps
1778410295.1309462,2,43,0.672079,57.44,510.987,549.29,3,4,ps
1778410295.714749,2,44,1.292664,55.65,539.285,567.811,3,4,ps
1778410296.2819803,2,45,1.007232,57.29,524.404,550.704,3,4,ps
1778410296.8708205,2,46,0.926531,55.12,552.253,571.546,3,4,ps
1778410297.4369977,2,47,1.138178,57.62,510.18,548.127,3,4,ps
1778410298.0123928,2,48,1.213665,56.43,536.463,557.822,3,4,ps
1778410298.5895853,2,49,0.917456,57.52,533.391,547.28,3,4,ps
1778410299.1630259,2,50,1.244119,57.83,529.991,544.424,3,4,ps
1778410299.7302046,2,51,1.292152,57.93,528.838,544.209,3,4,ps
1778410300.2999346,2,52,1.187467,57.73,516.908,544.994,3,4,ps
1778410300.865325,2,53,0.874361,57.48,528.718,548.975,3,4,ps
1778410301.4331093,2,54,1.029931,58.89,519.873,536.206,3,4,ps
1778410302.0065389,2,55,0.847757,56.65,539.494,556.852,3,4,ps
1778410302.5720644,2,56,1.311408,60.63,481.39,518.854,3,4,ps
1778410303.1397948,2,57,1.490953,59.33,516.672,531.054,3,4,ps
1778410303.7043045,2,58,1.105106,58.35,515.623,539.607,3,4,ps
1778410304.2755816,2,59,1.209828,57.25,535.738,551.193,3,4,ps
1778410304.9112492,2,60,1.202534,52.39,577.781,603.472,3,4,ps
1778410305.4851785,2,61,0.954707,56.62,532.825,556.434,3,4,ps
1778410306.063444,2,62,1.609108,57.65,521.711,547.283,3,4,ps
1778410306.6303134,2,63,1.356585,57.29,515.692,550.79,3,4,ps
1778410307.200841,2,64,1.41999,58.38,524.506,539.135,3,4,ps
1778410307.7720995,2,65,1.045817,58.8,523.447,535.324,3,4,ps
1778410308.3370087,2,66,1.583028,58.32,523.114,539.769,3,4,ps
1778410308.9077668,2,67,1.280951,57.62,529.662,548.234,3,4,ps
1778410309.4716597,2,68,1.412756,57.59,530.78,546.6,3,4,ps
1778410310.0579393,2,69,1.222105,56.54,530.909,557.185,3,4,ps
1778410310.6231406,2,70,1.024147,58.1,518.751,541.789,3,4,ps
1778410311.198784,2,71,1.001784,57.73,525.857,544.885,3,4,ps
1778410311.7670174,2,72,1.462284,57.69,526.638,546.464,3,4,ps
1778410312.341977,2,73,1.233243,56.49,543.205,558.83,3,4,ps
1778410312.9182675,2,74,1.057594,57.66,528.418,545.701,3,4,ps
1778410313.4913058,2,75,1.365894,58.09,523.388,542.214,3,4,ps
1778410314.0652907,2,76,1.070639,57.05,537.911,553.546,3,4,ps
1778410314.6704612,2,77,1.507349,54.93,559.4,574.543,3,4,ps
1778410315.2576265,2,78,0.943671,57.03,537.021,553.334,3,4,ps
1778410315.8348963,2,79,1.250868,56.3,534.095,559.632,3,4,ps
1778410316.408767,2,80,0.984474,57.44,527.59,548.912,3,4,ps
1778410316.9844944,2,81,1.075347,58.47,522.361,539.148,3,4,ps
1778410317.5497317,2,82,1.311732,57.42,531.835,548.413,3,4,ps
1778410318.1308608,2,83,1.003149,56.48,540.541,557.782,3,4,ps
1778410318.6988204,2,84,1.116869,59.07,517.961,532.806,3,4,ps
1778410319.2752743,2,85,1.062073,56.87,538.247,553.893,3,4,ps
1778410319.8389816,2,86,1.248015,59.11,518.406,532.456,3,4,ps
1778410320.4118278,2,87,0.757513,58.0,525.648,542.629,3,4,ps
1778410320.9842527,2,88,1.501863,57.56,520.422,547.078,3,4,ps
1778410321.5505419,2,89,1.102456,58.16,526.32,542.644,3,4,ps
1778410322.1136105,2,90,1.281663,57.75,530.701,546.801,3,4,ps
1778410322.687028,2,91,1.164984,58.98,519.638,533.743,3,4,ps
1778410323.2522898,2,92,0.969628,58.43,522.906,538.622,3,4,ps
1778410323.8209875,2,93,0.891803,57.91,523.172,543.856,3,4,ps
1778410324.400309,2,94,1.272083,56.75,538.659,556.134,3,4,ps
1778410324.987162,2,95,1.278918,56.48,521.935,557.575,3,4,ps
1778410325.5706663,2,96,1.691046,56.14,539.023,562.782,3,4,ps
1778410326.1440558,2,97,0.9921,56.68,528.305,556.83,3,4,ps
1778410326.7280722,2,98,1.085762,57.18,536.705,552.459,3,4,ps
1778410327.2958002,2,99,1.497533,57.24,524.005,549.773,3,4,ps
1778410327.8626113,2,100,1.293025,58.6,519.484,538.001,3,4,ps
1778410328.4301171,2,101,1.384624,58.64,524.408,537.949,3,4,ps
1778410328.9934661,2,102,1.401247,57.69,523.162,547.347,3,4,ps
1778410329.560053,2,103,1.083627,57.32,533.334,548.806,3,4,ps
1778410330.1258142,2,104,1.130372,57.81,528.013,544.759,3,4,ps
1778410330.6998796,2,105,1.133275,57.6,529.713,548.317,3,4,ps
1778410331.2629917,2,106,1.111793,57.74,517.824,545.308,3,4,ps
1778410331.8429134,2,107,0.931656,57.71,527.178,545.446,3,4,ps
1778410332.4118376,2,108,0.886211,58.45,522.64,538.721,3,4,ps
1778410332.9880984,2,109,1.051567,57.17,529.501,550.992,3,4,ps
1778410333.5565891,2,110,0.816966,58.08,527.082,542.005,3,4,ps
1778410334.1236627,2,111,1.120208,59.1,520.031,534.144,3,4,ps
1778410334.7492888,2,112,0.964992,53.28,577.126,593.316,3,4,ps
1778410335.3241463,2,113,1.012382,57.83,526.929,545.086,3,4,ps
1778410335.8924036,2,114,0.888628,57.8,528.912,545.817,3,4,ps
1778410336.4893837,2,115,0.964438,54.41,549.816,580.42,3,4,ps
1778410337.0796134,2,116,0.992946,55.31,544.927,569.73,3,4,ps
1778410337.6454284,2,117,1.488686,57.41,531.102,548.734,3,4,ps
1778410338.214133,2,118,1.117766,58.72,522.125,535.609,3,4,ps
1778410338.7815826,2,119,1.306431,59.39,516.816,530.974,3,4,ps
1778410339.353053,2,120,1.192254,56.85,529.184,553.824,3,4,ps
1778410339.9149609,2,121,1.308745,59.24,517.71,532.287,3,4,ps
1778410340.4878767,2,122,0.926461,56.68,529.156,557.367,3,4,ps
1778410341.0554526,2,123,1.478055,58.62,506.042,537.676,3,4,ps
1778410341.6514993,2,124,1.339226,55.82,536.787,565.552,3,4,ps
1778410342.2410398,2,125,1.449054,55.11,546.775,571.829,3,4,ps
1778410342.8403368,2,126,1.203161,55.04,551.906,573.67,3,4,ps
1778410343.4487333,2,127,0.930367,54.99,556.521,574.107,3,4,ps
1778410344.0325398,2,128,1.067747,56.97,535.271,552.944,3,4,ps
1778410344.6363275,2,129,1.141881,55.37,551.995,570.105,3,4,ps
1778410345.2948995,2,130,1.125081,49.3,610.953,640.064,3,4,ps
1778410345.9096048,2,131,1.334532,53.1,575.574,595.356,3,4,ps
1778410346.5376465,2,132,1.184098,52.74,576.77,598.906,3,4,ps
1778410347.1509266,2,133,1.332179,53.14,563.84,594.817,3,4,ps
1778410347.7304244,2,134,1.012293,56.38,530.396,558.639,3,4,ps
1778410348.3207896,2,135,1.129711,55.75,546.421,565.722,3,4,ps
1778410348.9030633,2,136,1.11791,55.78,547.312,565.48,3,4,ps
1778410349.4870358,2,137,0.939055,55.65,541.059,566.224,3,4,ps
1778410350.0805845,2,138,0.955378,54.66,561.185,578.282,3,4,ps
1778410350.6785636,2,139,1.180505,54.4,556.86,579.926,3,4,ps
1778410351.2656682,2,140,0.88127,56.2,545.223,560.578,3,4,ps
1778410351.8383787,2,141,0.940208,58.03,525.076,544.278,3,4,ps
1778410352.4153395,2,142,0.956068,57.92,523.948,543.415,3,4,ps
1778410353.0234935,2,143,1.027753,54.74,553.866,577.55,3,4,ps
1778410353.620548,2,144,1.034487,55.78,540.312,564.766,3,4,ps
1778410354.2080543,2,145,1.265482,56.61,535.387,556.398,3,4,ps
1778410354.8910413,2,146,1.731623,48.77,630.072,648.869,3,4,ps
1778410355.466144,2,147,1.19182,56.46,542.467,558.667,3,4,ps
1778410356.0441413,2,148,1.009242,57.42,531.065,549.47,3,4,ps
1778410356.63287,2,149,0.991054,55.12,557.099,573.257,3,4,ps
1778410357.2366388,2,150,1.838242,53.78,571.174,586.533,3,4,ps
1778410357.8227377,2,151,1.129712,56.77,536.458,555.901,3,4,ps
1778410358.416239,2,152,1.374648,55.92,547.203,563.465,3,4,ps
1778410358.9853542,2,153,1.124401,58.37,524.536,540.868,3,4,ps
1778410359.5690546,2,154,0.907499,56.12,545.104,561.377,3,4,ps
1778410360.134099,2,155,1.448722,58.06,525.142,541.933,3,4,ps
1778410360.709373,2,156,1.133433,58.24,526.43,542.199,3,4,ps
1778410361.2751312,2,157,1.154158,57.38,534.883,549.545,3,4,ps
1778410361.843961,2,158,1.025598,58.27,522.549,541.356,3,4,ps
1778410362.4303453,2,159,1.343915,55.37,546.021,570.683,3,4,ps
1778410363.025256,2,160,1.155201,54.42,558.152,580.749,3,4,ps
1778410363.6116154,2,161,1.164996,55.38,544.307,569.047,3,4,ps
1778410364.1939614,2,162,0.927191,57.02,535.755,553.425,3,4,ps
1778410364.8124235,2,163,1.505478,52.53,579.795,601.854,3,4,ps
1778410365.4012547,2,164,1.013689,55.17,544.036,570.825,3,4,ps
1778410365.9707594,2,165,1.002247,58.2,525.92,542.021,3,4,ps
1778410366.549974,2,166,1.036997,56.1,540.922,562.954,3,4,ps
1778410367.1266804,2,167,1.426116,57.78,525.444,546.603,3,4,ps
1778410367.709854,2,168,1.014216,55.71,549.751,565.755,3,4,ps
1778410368.2956247,2,169,1.450292,56.46,537.38,558.179,3,4,ps
1778410368.8609538,2,170,1.302825,59.32,513.013,531.307,3,4,ps
1778410369.4336262,2,171,1.016309,56.78,533.088,556.329,3,4,ps
1778410370.0084076,2,172,1.24174,56.56,522.861,556.929,3,4,ps
1778410370.5761058,2,173,1.187072,58.47,520.719,538.127,3,4,ps
1778410371.142713,2,174,1.046843,58.62,524.11,537.197,3,4,ps
1778410371.7096438,2,175,1.204458,57.89,522.436,544.624,3,4,ps
1778410372.2769501,2,176,1.134532,58.77,520.663,535.589,3,4,ps
1778410372.8431993,2,177,1.29689,58.58,518.734,539.007,3,4,ps
1778410373.4142458,2,178,1.190163,57.34,535.334,550.272,3,4,ps
1778410374.0017834,2,179,1.449912,57.05,534.874,551.501,3,4,ps
1778410374.580295,2,180,1.20371,57.62,528.906,546.335,3,4,ps
1778410375.1701639,2,181,1.215158,56.23,536.807,560.013,3,4,ps
1778410375.7482855,2,182,1.028064,56.79,534.625,554.484,3,4,ps
1778410376.335955,2,183,1.413261,56.42,539.09,558.852,3,4,ps
1778410376.9372168,2,184,1.128636,55.16,550.731,572.842,3,4,ps
1778410377.5126567,2,185,1.068559,56.48,534.12,557.718,3,4,ps
1778410378.0894601,2,186,1.284229,56.95,535.361,552.888,3,4,ps
1778410378.7088466,2,187,0.740812,52.98,578.857,595.906,3,4,ps
1778410379.3145576,2,188,1.043113,54.91,558.883,575.117,3,4,ps
1778410379.9062896,2,189,0.947341,55.81,541.024,564.411,3,4,ps
1778410380.4946394,2,190,1.037637,56.17,538.353,560.831,3,4,ps
1778410381.089903,2,191,1.030808,55.69,545.973,565.812,3,4,ps
1778410381.683535,2,192,1.076246,55.34,554.777,570.906,3,4,ps
1778410382.3010168,2,193,0.980118,52.53,585.647,600.961,3,4,ps
1778410382.8910139,2,194,1.325235,55.04,556.322,572.708,3,4,ps
1778410383.4998565,2,195,0.920723,53.8,562.01,585.948,3,4,ps
1778410384.1583557,2,196,1.369572,49.89,614.622,632.57,3,4,ps
1778410384.8231013,2,197,1.013676,49.23,623.997,641.713,3,4,ps
1778410385.4642603,2,198,0.784777,51.38,595.019,615.598,3,4,ps
1778410386.0457058,2,199,0.781597,55.89,548.783,565.128,3,4,ps
1778410386.6242242,2,200,1.39269,56.81,534.294,554.404,3,4,ps
1778410387.2076905,2,201,1.132357,57.26,534.379,550.712,3,4,ps
1778410387.815067,2,202,1.199793,54.55,563.285,579.33,3,4,ps
1778410388.4035208,2,203,1.0495,55.36,541.923,570.356,3,4,ps
1778410389.0232248,2,204,0.983042,52.34,581.544,603.783,3,4,ps
1778410389.604691,2,205,1.180546,56.8,536.375,554.306,3,4,ps
1778410390.196278,2,206,1.071038,56.75,540.855,556.605,3,4,ps
1778410390.7700255,2,207,1.003634,56.58,538.955,556.535,3,4,ps
1778410391.3462224,2,208,1.145966,57.42,532.184,549.613,3,4,ps
1778410391.9162865,2,209,1.00485,58.03,525.299,543.287,3,4,ps
1778410392.4934087,2,210,0.867734,56.24,535.378,561.581,3,4,ps
1778410393.0637925,2,211,1.342386,57.46,534.042,549.813,3,4,ps
1778410393.6432061,2,212,0.734467,56.06,546.291,562.652,3,4,ps
1778410394.2235255,2,213,1.035338,56.67,541.622,556.953,3,4,ps
1778410394.8552203,2,214,1.352052,51.92,585.902,607.184,3,4,ps
1778410395.4258578,2,215,1.062656,58.95,522.25,535.68,3,4,ps
1778410396.0054085,2,216,1.189165,56.14,532.945,561.026,3,4,ps
1778410396.5697465,2,217,0.987972,58.92,515.35,534.927,3,4,ps
1778410397.1422992,2,218,1.221624,56.92,536.573,553.443,3,4,ps
1778410397.711663,2,219,1.160531,58.74,519.657,535.904,3,4,ps
1778410398.2801187,2,220,1.335844,57.84,523.837,544.508,3,4,ps
1778410398.8471382,2,221,1.277989,58.36,526.028,540.429,3,4,ps
1778410399.4345047,2,222,0.931896,56.79,539.634,556.206,3,4,ps
1778410400.0293334,2,223,1.075139,54.83,549.378,575.862,3,4,ps
1778410400.6149232,2,224,1.076032,55.51,538.69,568.751,3,4,ps
1778410401.1881144,2,225,0.989512,56.62,535.927,555.982,3,4,ps
1778410401.7731035,2,226,1.165815,56.12,533.052,561.261,3,4,ps
1778410402.371912,2,227,1.096339,55.46,551.154,568.811,3,4,ps
1778410402.9868371,2,228,1.180434,54.06,563.918,582.728,3,4,ps
1778410403.5787208,2,229,1.315838,54.89,557.406,574.344,3,4,ps
1778410404.203492,2,230,1.381817,53.39,568.34,589.69,3,4,ps
1778410404.8833814,2,231,1.339674,48.16,630.392,654.84,3,4,ps
1778410405.4834368,2,232,1.139047,55.5,548.782,567.844,3,4,ps
1778410406.0831082,2,233,1.185255,54.78,553.319,575.9,3,4,ps
1778410406.666209,2,234,0.817261,55.7,545.499,566.188,3,4,ps
1778410407.3001525,2,235,0.928192,52.18,582.82,604.651,3,4,ps
1778410407.9018962,2,236,1.035612,55.23,553.258,572.006,3,4,ps
1778410408.5025563,2,237,0.89775,54.06,550.145,584.84,3,4,ps
1778410409.0886655,2,238,1.215036,55.57,541.758,566.583,3,4,ps
1778410409.6889167,2,239,1.237033,56.06,545.656,561.901,3,4,ps
1778410410.304979,2,240,0.866057,53.14,572.146,592.916,3,4,ps
1778410410.8957865,2,241,1.465944,55.48,542.695,567.76,3,4,ps
1778410411.527133,2,242,0.74408,53.0,568.471,595.005,3,4,ps
1778410412.1007125,2,243,0.891022,58.22,522.975,540.691,3,4,ps
1778410412.6879175,2,244,0.933556,57.04,538.64,553.816,3,4,ps
1778410413.270384,2,245,0.796298,56.39,535.167,559.828,3,4,ps
1778410413.8652453,2,246,1.306083,54.55,550.549,579.015,3,4,ps
1778410414.4556847,2,247,0.756621,55.88,537.748,564.552,3,4,ps
1778410415.1211016,2,248,0.910963,50.64,598.086,623.618,3,4,ps
1778410415.7401705,2,249,1.000244,53.94,560.862,585.977,3,4,ps
1778410416.343691,2,250,0.942337,55.48,548.249,568.589,3,4,ps
1778410416.9524581,2,251,1.248806,53.91,567.302,586.279,3,4,ps
1778410417.5754862,2,252,0.808067,53.08,576.269,594.145,3,4,ps
1778410418.1958976,2,253,0.84984,53.25,570.95,593.566,3,4,ps
1778410418.8002567,2,254,1.248171,54.3,560.67,580.285,3,4,ps
1778410419.410908,2,255,1.332669,53.78,568.6,585.318,3,4,ps
1778410420.0292337,2,256,1.11158,52.46,584.909,601.776,3,4,ps
1778410420.6474926,2,257,1.160319,53.48,560.965,590.928,3,4,ps
1778410421.2399797,2,258,1.485504,54.84,538.9,576.216,3,4,ps
1778410421.8373857,2,259,1.212845,54.34,563.351,580.08,3,4,ps
1778410422.4437573,2,260,1.101006,54.48,548.224,578.454,3,4,ps
1778410423.0321767,2,261,1.074371,56.86,539.837,553.664,3,4,ps
1778410423.619113,2,262,1.285834,56.56,541.685,556.965,3,4,ps
1778410424.2074666,2,263,1.214125,55.74,531.878,564.974,3,4,ps
1778410424.845044,2,264,1.110864,51.32,590.948,614.876,3,4,ps
1778410425.4303157,2,265,1.181788,57.05,535.521,552.184,3,4,ps
1778410426.014976,2,266,1.174811,56.59,527.518,556.429,3,4,ps
1778410426.6215062,2,267,0.745891,55.17,552.705,570.812,3,4,ps
1778410427.218353,2,268,1.247461,56.66,542.459,556.272,3,4,ps
1778410427.7950442,2,269,1.241595,57.81,528.133,544.789,3,4,ps
1778410428.3762546,2,270,0.950688,56.87,534.599,554.884,3,4,ps
1778410428.9513514,2,271,0.654568,56.98,528.975,553.721,3,4,ps
1778410429.5966287,2,272,1.300974,50.45,601.868,625.434,3,4,ps
1778410430.1964555,2,273,0.933108,55.69,548.487,565.712,3,4,ps
1778410430.7802,2,274,1.088162,56.45,538.415,558.617,3,4,ps
1778410431.4179926,2,275,1.418562,52.07,587.47,605.39,3,4,ps
1778410432.0186403,2,276,1.142658,55.6,546.618,566.384,3,4,ps
1778410432.6140792,2,277,0.773537,56.22,541.969,560.255,3,4,ps
1778410433.1977465,2,278,1.077207,56.3,544.106,560.218,3,4,ps
1778410433.7886019,2,279,0.988036,54.93,542.006,574.775,3,4,ps
1778410434.3952243,2,280,1.080809,55.38,554.578,569.918,3,4,ps
1778410435.027846,2,281,1.301447,53.12,576.482,593.158,3,4,ps
1778410435.643994,2,282,1.10749,53.63,559.032,587.842,3,4,ps
1778410436.2266457,2,283,0.880885,56.98,536.225,552.761,3,4,ps
1778410436.826393,2,284,0.83279,55.36,552.131,570.244,3,4,ps
1778410437.451816,2,285,1.180744,53.32,569.448,591.982,3,4,ps
1778410438.1053529,2,286,0.99314,50.65,599.926,624.519,3,4,ps
1778410438.730066,2,287,1.195797,54.7,555.716,576.185,3,4,ps
1778410439.3428233,2,288,0.73354,54.29,559.859,580.324,3,4,ps
1778410439.9329507,2,289,1.141415,55.61,511.389,567.191,3,4,ps
1778410440.506217,2,290,1.01022,57.88,530.434,544.683,3,4,ps
1778410441.088052,2,291,0.951273,56.87,534.934,555.356,3,4,ps
1778410441.7074935,2,292,0.799575,52.62,582.701,599.411,3,4,ps
1778410442.354541,2,293,1.08049,50.27,606.36,627.62,3,4,ps
1778410442.9296799,2,294,1.278819,57.99,523.643,542.681,3,4,ps
1778410443.513182,2,295,1.036876,56.37,543.096,558.829,3,4,ps
1778410444.1046143,2,296,1.320218,56.05,541.453,563.319,3,4,ps
1778410444.75499,2,297,1.05032,49.89,614.614,633.603,3,4,ps
1778410445.3670487,2,298,1.478917,53.91,561.787,585.885,3,4,ps
1778410446.0056045,2,299,0.916701,51.61,594.451,612.222,3,4,ps
1778410446.6205912,2,300,1.222558,52.78,577.317,597.493,3,4,ps
1778410447.2489917,2,301,1.151411,52.47,577.447,600.889,3,4,ps
1778410447.8497593,2,302,1.028899,55.15,546.321,573.064,3,4,ps
1778410448.443933,2,303,0.958075,54.67,553.356,577.775,3,4,ps
1778410449.0136397,2,304,1.539217,58.81,524.413,536.905,3,4,ps
1778410449.5903118,2,305,0.996639,56.67,538.648,555.388,3,4,ps
1778410450.199042,2,306,1.358203,53.54,571.756,589.664,3,4,ps
1778410450.7820325,2,307,0.913021,55.63,550.221,567.034,3,4,ps
1778410451.3680418,2,308,0.997305,55.44,542.558,568.248,3,4,ps
1778410451.98407,2,309,0.762883,53.82,567.804,585.788,3,4,ps
1778410452.5850728,2,310,0.857873,55.89,550.578,563.051,3,4,ps
1778410453.1876855,2,311,0.885703,54.05,565.951,582.672,3,4,ps
1778410453.776424,2,312,1.142084,55.44,552.181,567.934,3,4,ps
1778410454.3579724,2,313,1.13361,55.83,546.502,563.882,3,4,ps
1778410454.9905849,2,314,1.44681,51.68,593.877,611.708,3,4,ps
1778410455.5643864,2,315,0.991841,56.59,537.791,557.953,3,4,ps
1778410456.1681004,2,316,1.24637,57.49,535.085,549.022,3,4,ps
1778410456.7412536,2,317,0.921332,56.72,531.637,556.232,3,4,ps
1778410457.3402188,2,318,1.09331,55.48,547.134,569.003,3,4,ps
1778410457.916332,2,319,1.297493,56.48,541.726,557.427,3,4,ps
1778410458.489836,2,320,0.956259,58.16,525.855,541.545,3,4,ps
1778410459.0628822,2,321,0.873055,58.03,526.177,542.644,3,4,ps
1778410459.6440585,2,322,1.38952,57.06,533.295,551.991,3,4,ps
1778410460.2177777,2,323,1.258129,57.3,534.923,551.139,3,4,ps
1778410460.788194,2,324,1.027168,58.74,521.055,535.623,3,4,ps
1778410461.3688743,2,325,0.995849,55.88,542.263,564.146,3,4,ps
1778410461.9491835,2,326,0.889842,57.4,530.589,548.987,3,4,ps
1778410462.513971,2,327,0.728914,59.41,514.423,531.248,3,4,ps
1778410463.1112723,2,328,1.062542,54.4,553.009,579.629,3,4,ps
1778410463.6918414,2,329,1.242028,57.13,531.317,551.606,3,4,ps
1778410464.2670295,2,330,0.629638,56.76,539.235,554.895,3,4,ps
1778410464.902841,2,331,0.725291,51.66,581.543,612.124,3,4,ps
1778410465.4784265,2,332,0.966558,56.46,541.006,558.052,3,4,ps
1778410466.0479746,2,333,0.862351,57.73,521.914,545.321,3,4,ps
1778410466.6116817,2,334,0.900849,58.88,520.709,535.99,3,4,ps
1778410467.189252,2,335,1.049333,58.22,523.023,541.901,3,4,ps
1778410467.7621846,2,336,1.307602,56.81,537.994,554.226,3,4,ps
1778410468.335917,2,337,0.788857,58.64,523.519,536.886,3,4,ps
1778410468.9034665,2,338,0.977256,57.96,527.213,543.842,3,4,ps
1778410469.4753754,2,339,1.07105,58.39,525.499,540.283,3,4,ps
1778410470.0405576,2,340,0.904763,57.47,525.791,547.854,3,4,ps
1778410470.6123307,2,341,0.823334,58.5,524.35,538.806,3,4,ps
1778410471.1779838,2,342,0.606771,58.13,527.148,541.699,3,4,ps
1778410471.7532496,2,343,1.266447,57.26,533.38,550.066,3,4,ps
1778410472.3255336,2,344,0.738159,58.15,526.562,541.583,3,4,ps
1778410472.8960133,2,345,1.491545,58.73,517.71,537.488,3,4,ps
1778410473.4642982,2,346,0.780637,57.16,532.433,550.689,3,4,ps
1778410474.0454013,2,347,1.281614,57.4,530.575,549.009,3,4,ps
1778410474.6236281,2,348,0.99238,57.92,529.809,543.632,3,4,ps
1778410475.2083843,2,349,0.992555,57.07,537.447,553.468,3,4,ps
1778410475.7791455,2,350,0.920983,56.92,531.844,553.327,3,4,ps
1778410476.3466618,2,351,0.836171,57.31,521.804,549.995,3,4,ps
1778410476.9318607,2,352,0.595516,56.64,537.653,556.038,3,4,ps
1778410477.5181727,2,353,0.670892,56.86,534.965,554.026,3,4,ps
1778410478.0898445,2,354,0.937335,57.72,527.978,546.569,3,4,ps
1778410478.6616406,2,355,1.505122,56.86,525.93,555.491,3,4,ps
1778410479.232463,2,356,0.947896,56.97,531.936,552.993,3,4,ps
1778410479.81624,2,357,0.782698,57.54,534.031,548.329,3,4,ps
1778410480.3868978,2,358,0.938474,58.02,526.379,542.545,3,4,ps
1778410480.9658585,2,359,0.812417,57.41,530.175,549.798,3,4,ps
1778410481.5430923,2,360,0.491765,56.32,532.457,559.229,3,4,ps
1778410482.1121283,2,361,0.585689,58.73,524.219,537.435,3,4,ps
1778410482.6830034,2,362,0.709001,56.95,529.396,553.1,3,4,ps
1778410483.2518141,2,363,1.631511,57.77,521.596,545.017,3,4,ps
1778410483.8276675,2,364,1.074386,58.57,526.351,538.537,3,4,ps
1778410484.4292665,2,365,1.237754,55.43,545.384,569.139,3,4,ps
1778410485.0605476,2,366,1.081571,52.18,588.345,604.342,3,4,ps
1778410485.630937,2,367,1.24502,58.73,522.313,537.016,3,4,ps
1778410486.210695,2,368,1.213351,57.46,529.642,549.524,3,4,ps
1778410486.79412,2,369,1.079682,55.64,550.223,567.753,3,4,ps
1778410487.3905761,2,370,1.464289,54.42,538.671,580.212,3,4,ps
1778410487.961681,2,371,1.01492,59.23,519.341,531.306,3,4,ps
1778410488.538204,2,372,1.011672,57.1,535.966,551.278,3,4,ps
1778410489.1087627,2,373,1.157658,57.82,526.078,544.473,3,4,ps
1778410489.6898508,2,374,0.677677,56.93,531.018,553.129,3,4,ps
1778410490.261936,2,375,1.155857,57.97,526.874,543.236,3,4,ps
1778410490.8348885,2,376,0.979937,57.91,526.515,543.488,3,4,ps
1778410491.4080756,2,377,0.939682,58.16,523.298,541.308,3,4,ps
1778410491.977361,2,378,0.846836,58.03,527.599,543.278,3,4,ps
1778410492.5434253,2,379,1.003929,57.41,531.433,549.402,3,4,ps
1778410493.1230147,2,380,1.305866,57.43,533.955,548.376,3,4,ps
1778410493.6949296,2,381,1.03129,57.43,523.901,548.412,3,4,ps
1778410494.2655559,2,382,1.191852,58.8,522.349,536.91,3,4,ps
1778410494.904357,2,383,1.02311,52.22,580.809,604.628,3,4,ps
1778410495.493722,2,384,1.240955,55.58,544.934,567.985,3,4,ps
1778410496.0792,2,385,0.686662,55.48,553.589,569.189,3,4,ps
1778410496.6811674,2,386,0.874322,53.93,558.624,586.221,3,4,ps
1778410497.3362284,2,387,0.931507,49.62,617.314,636.607,3,4,ps
1778410497.966219,2,388,1.143996,52.26,583.9,603.188,3,4,ps
1778410498.6115997,2,389,1.324444,51.07,602.052,618.401,3,4,ps
1778410499.1902058,2,390,1.338046,35.44,537.298,555.417,3,4,ps
1778410502.7942157,3,0,0.933107,54.17,563.873,582.317,3,4,ps
1778410503.3904974,3,1,1.087861,55.12,552.473,571.706,3,4,ps
1778410504.0000281,3,2,0.619094,53.86,560.404,586.356,3,4,ps
1778410504.5814168,3,3,0.930481,55.93,533.132,563.387,3,4,ps
1778410505.214622,3,4,1.17717,53.88,562.079,585.099,3,4,ps
1778410505.8476632,3,5,0.922479,52.67,579.549,598.565,3,4,ps
1778410506.4469008,3,6,0.588924,55.15,553.805,572.401,3,4,ps
1778410507.0435479,3,7,0.914799,55.02,542.606,572.776,3,4,ps
1778410507.6230652,3,8,0.856286,56.04,539.821,562.702,3,4,ps
1778410508.1965485,3,9,1.209893,58.11,525.796,543.165,3,4,ps
1778410508.77705,3,10,0.598409,56.02,547.515,563.528,3,4,ps
1778410509.355316,3,11,0.928581,56.18,537.459,561.427,3,4,ps
1778410509.944439,3,12,0.796871,55.7,542.814,565.585,3,4,ps
1778410510.520335,3,13,0.777812,58.35,522.465,539.46,3,4,ps
1778410511.127006,3,14,0.681228,54.68,558.069,576.11,3,4,ps
1778410511.6977975,3,15,1.171677,57.55,520.549,548.263,3,4,ps
1778410512.3011713,3,16,0.834773,55.72,551.276,566.063,3,4,ps
1778410512.8812454,3,17,1.421983,55.83,536.748,565.355,3,4,ps
1778410513.4805906,3,18,0.638575,54.74,554.064,575.595,3,4,ps
1778410514.060341,3,19,0.877933,57.55,532.544,548.446,3,4,ps
1778410514.6431267,3,20,0.911215,56.86,533.979,554.195,3,4,ps
1778410515.2640047,3,21,1.221637,52.39,581.732,601.909,3,4,ps
1778410515.8566508,3,22,0.806204,56.28,536.403,559.922,3,4,ps
1778410516.442028,3,23,1.77812,56.54,540.825,557.225,3,4,ps
1778410517.0310872,3,24,0.729337,55.68,533.673,565.02,3,4,ps
1778410517.6155403,3,25,0.826675,57.22,535.117,550.506,3,4,ps
1778410518.201369,3,26,0.910703,56.6,534.373,556.787,3,4,ps
1778410518.7666733,3,27,0.71476,57.48,520.213,549.457,3,4,ps
1778410519.3515081,3,28,1.188317,57.61,531.64,547.211,3,4,ps
1778410519.9274554,3,29,0.960253,57.61,532.738,548.096,3,4,ps
1778410520.520498,3,30,0.94069,56.29,532.472,560.632,3,4,ps
1778410521.1332526,3,31,0.70372,52.97,576.465,595.838,3,4,ps
1778410521.7142217,3,32,0.987327,56.92,535.42,554.922,3,4,ps
1778410522.3762143,3,33,0.999764,48.99,627.7,644.197,3,4,ps
1778410522.9517617,3,34,1.077312,57.99,523.101,543.477,3,4,ps
1778410523.5225797,3,35,0.947725,58.97,523.2,535.355,3,4,ps
1778410524.0996597,3,36,1.071587,56.33,541.795,560.894,3,4,ps
1778410524.6715784,3,37,0.818899,56.8,528.562,555.798,3,4,ps
1778410525.2558696,3,38,0.646426,56.21,536.942,561.968,3,4,ps
1778410525.8476684,3,39,1.027187,54.84,558.877,575.218,3,4,ps
1778410526.4457092,3,40,0.962309,55.48,552.292,567.872,3,4,ps
1778410527.0952604,3,41,0.744416,50.7,606.166,623.856,3,4,ps
1778410527.6959,3,42,1.059228,54.16,566.107,583.037,3,4,ps
1778410528.3247902,3,43,1.150103,52.92,579.534,597.163,3,4,ps
1778410528.9461858,3,44,0.865001,55.27,546.055,570.076,3,4,ps
1778410529.5834458,3,45,0.500456,51.33,583.607,615.539,3,4,ps
1778410530.2277586,3,46,0.75081,50.3,610.492,627.919,3,4,ps
1778410530.8540075,3,47,0.819017,52.81,569.935,597.515,3,4,ps
1778410531.4514081,3,48,1.017346,55.61,550.209,567.305,3,4,ps
1778410532.0411012,3,49,0.672074,56.23,541.16,560.235,3,4,ps
1778410532.6219742,3,50,0.961933,55.88,547.394,565.443,3,4,ps
1778410533.1982095,3,51,1.140767,56.47,532.349,558.822,3,4,ps
1778410533.7817812,3,52,1.333261,55.67,546.298,565.718,3,4,ps
1778410534.3720143,3,53,0.589792,55.66,541.75,567.174,3,4,ps
1778410535.0326211,3,54,0.884548,50.91,599.522,619.207,3,4,ps
1778410535.6248403,3,55,0.719778,56.25,539.841,560.123,3,4,ps
1778410536.2011209,3,56,0.762591,57.03,531.226,552.912,3,4,ps
1778410536.7654195,3,57,0.984047,59.07,515.127,534.323,3,4,ps
1778410537.3863783,3,58,0.7261,53.5,571.321,589.211,3,4,ps
1778410537.961518,3,59,0.753876,57.82,516.402,544.503,3,4,ps
1778410538.5514114,3,60,0.775143,56.4,538.573,558.62,3,4,ps
1778410539.1390471,3,61,1.227031,55.29,552.995,571.029,3,4,ps
1778410539.7373004,3,62,0.972017,54.3,565.628,582.035,3,4,ps
1778410540.3177028,3,63,1.035891,56.02,534.501,562.08,3,4,ps
1778410540.9077222,3,64,0.783453,55.62,550.241,568.154,3,4,ps
1778410541.511595,3,65,0.932018,53.84,554.119,586.129,3,4,ps
1778410542.12021,3,66,1.014925,54.67,561.38,578.268,3,4,ps
1778410542.7443225,3,67,0.715318,52.13,572.525,605.158,3,4,ps
1778410543.3547738,3,68,1.086927,54.36,557.79,579.779,3,4,ps
1778410543.974825,3,69,0.638641,54.34,559.811,580.084,3,4,ps
1778410544.6064458,3,70,0.966639,53.4,570.981,591.925,3,4,ps
1778410545.2381296,3,71,0.83466,52.62,574.843,599.071,3,4,ps
1778410545.906798,3,72,0.907286,49.64,612.251,637.339,3,4,ps
1778410546.5249023,3,73,0.729821,53.8,557.936,587.703,3,4,ps
1778410547.1154869,3,74,0.864924,55.02,557.737,573.773,3,4,ps
1778410547.7093017,3,75,1.213745,56.0,538.437,562.362,3,4,ps
1778410548.316014,3,76,0.871598,55.36,544.359,569.807,3,4,ps
1778410548.928267,3,77,0.880914,53.48,563.773,589.374,3,4,ps
1778410549.5113535,3,78,0.863361,55.71,551.082,567.106,3,4,ps
1778410550.075191,3,79,0.7502,57.61,533.234,548.179,3,4,ps
1778410550.682255,3,80,0.537527,53.56,564.142,588.69,3,4,ps
1778410551.2544603,3,81,0.704002,56.79,535.781,556.049,3,4,ps
1778410551.8317223,3,82,0.712036,56.56,538.1,557.992,3,4,ps
1778410552.4165637,3,83,1.153134,55.52,541.413,567.73,3,4,ps
1778410552.9989095,3,84,1.294736,56.38,537.23,558.462,3,4,ps
1778410553.5791495,3,85,0.745582,57.48,531.85,547.052,3,4,ps
1778410554.1632943,3,86,0.725673,56.62,522.075,556.4,3,4,ps
1778410554.7625964,3,87,0.760274,55.52,551.591,567.277,3,4,ps
1778410555.3487713,3,88,0.790237,56.87,541.444,554.95,3,4,ps
1778410555.960633,3,89,0.926564,53.05,567.265,593.894,3,4,ps
1778410556.5683424,3,90,0.94222,53.83,571.233,587.007,3,4,ps
1778410557.1667988,3,91,0.966737,54.29,559.483,579.989,3,4,ps
1778410557.7536325,3,92,1.024818,56.81,536.167,555.577,3,4,ps
1778410558.3701038,3,93,1.012543,52.64,583.706,600.241,3,4,ps
1778410558.9953396,3,94,0.936299,52.05,576.298,606.565,3,4,ps
1778410559.5776587,3,95,0.836708,57.17,536.474,550.879,3,4,ps
1778410560.1483727,3,96,0.843546,57.81,523.329,545.305,3,4,ps
1778410560.7189126,3,97,0.898104,57.77,523.657,544.927,3,4,ps
1778410561.2897048,3,98,1.270674,59.27,517.307,530.91,3,4,ps
1778410561.8938513,3,99,0.826836,54.43,561.918,579.13,3,4,ps
1778410562.4806414,3,100,0.934846,56.07,548.619,563.396,3,4,ps
1778410563.0823123,3,101,0.952023,54.76,554.249,576.171,3,4,ps
1778410563.6622593,3,102,1.188537,56.22,535.737,560.277,3,4,ps
1778410564.2364497,3,103,0.773318,57.72,529.375,545.604,3,4,ps
1778410564.8123357,3,104,0.916858,57.73,529.795,545.562,3,4,ps
1778410565.4195192,3,105,0.675676,54.65,556.432,577.237,3,4,ps
1778410565.9897168,3,106,0.954606,57.59,531.757,548.466,3,4,ps
1778410566.559654,3,107,0.662027,57.37,529.502,550.412,3,4,ps
1778410567.1472743,3,108,0.99179,55.23,553.165,571.687,3,4,ps
1778410567.7194867,3,109,0.775105,56.74,530.253,554.506,3,4,ps
1778410568.285041,3,110,0.967027,58.21,519.292,541.595,3,4,ps
1778410568.854414,3,111,0.92185,57.05,528.027,553.587,3,4,ps
1778410569.4540775,3,112,0.582213,54.14,552.809,583.77,3,4,ps
1778410570.033941,3,113,0.768138,56.03,547.36,563.806,3,4,ps
1778410570.6014504,3,114,0.847156,57.26,528.794,550.704,3,4,ps
1778410571.1733792,3,115,0.857079,56.8,536.131,556.143,3,4,ps
1778410571.7394574,3,116,0.6628,57.41,531.926,548.619,3,4,ps
1778410572.3141744,3,117,0.894721,58.04,525.734,542.47,3,4,ps
1778410572.875481,3,118,1.304519,58.53,520.171,539.248,3,4,ps
1778410573.4429204,3,119,0.816028,57.72,529.167,545.644,3,4,ps
1778410574.0118742,3,120,0.661237,57.62,528.059,547.124,3,4,ps
1778410574.5825064,3,121,0.836687,56.88,530.19,554.882,3,4,ps
1778410575.1884167,3,122,0.700107,53.87,555.101,585.823,3,4,ps
1778410575.7556105,3,123,0.939761,58.13,524.145,543.401,3,4,ps
1778410576.3218496,3,124,0.927269,57.38,528.696,549.319,3,4,ps
1778410576.900691,3,125,0.614985,57.55,532.503,547.898,3,4,ps
1778410577.4677134,3,126,0.743423,57.65,527.476,547.853,3,4,ps
1778410578.0325818,3,127,0.822769,57.48,523.34,547.805,3,4,ps
1778410578.6154957,3,128,1.171062,57.16,533.463,551.651,3,4,ps
1778410579.1854382,3,129,0.807585,57.47,520.819,548.801,3,4,ps
1778410579.8017137,3,130,0.707535,52.69,581.127,598.754,3,4,ps
1778410580.3898287,3,131,0.759791,56.69,539.88,556.788,3,4,ps
1778410580.9623263,3,132,1.067069,56.78,531.387,555.438,3,4,ps
1778410581.5342026,3,133,0.94271,58.64,520.428,536.919,3,4,ps
1778410582.1106954,3,134,0.720561,56.92,533.392,553.332,3,4,ps
1778410582.6831615,3,135,0.817739,57.28,526.934,551.341,3,4,ps
1778410583.2506733,3,136,0.861217,57.28,536.059,551.335,3,4,ps
1778410583.853919,3,137,0.943297,54.7,560.666,576.989,3,4,ps
1778410584.4432251,3,138,0.568431,55.1,557.2,573.435,3,4,ps
1778410585.0868318,3,139,0.807436,51.76,592.59,609.237,3,4,ps
1778410585.6766298,3,140,0.93735,56.33,529.809,558.929,3,4,ps
1778410586.2694597,3,141,0.774851,57.47,532.897,548.576,3,4,ps
1778410586.8571906,3,142,0.649724,56.8,540.25,555.646,3,4,ps
1778410587.437808,3,143,0.829038,57.47,524.283,548.518,3,4,ps
1778410588.0218213,3,144,0.928966,55.6,549.338,568.204,3,4,ps
1778410588.5964007,3,145,0.9967,56.56,535.135,557.585,3,4,ps
1778410589.1955712,3,146,0.868185,55.26,550.967,570.222,3,4,ps
1778410589.7702901,3,147,0.855173,56.48,541.488,557.733,3,4,ps
1778410590.3684106,3,148,1.028905,55.22,553.093,571.276,3,4,ps
1778410590.9524283,3,149,1.287284,55.63,547.963,566.931,3,4,ps
1778410591.5240917,3,150,0.578853,58.02,527.568,544.199,3,4,ps
1778410592.1030245,3,151,0.917408,56.13,545.62,561.018,3,4,ps
1778410592.6780632,3,152,0.801344,57.4,529.776,549.276,3,4,ps
1778410593.251494,3,153,0.829099,58.01,523.986,542.786,3,4,ps
1778410593.8323967,3,154,0.778567,56.36,542.392,559.029,3,4,ps
1778410594.4100907,3,155,0.903673,57.0,531.394,553.205,3,4,ps
1778410595.0339112,3,156,0.909552,53.22,576.972,593.154,3,4,ps
1778410595.6123621,3,157,1.273134,57.57,515.898,546.868,3,4,ps
1778410596.1887121,3,158,0.845264,57.54,533.328,548.085,3,4,ps
1778410596.7630274,3,159,0.943292,58.56,525.748,539.091,3,4,ps
1778410597.344224,3,160,1.253339,56.78,535.442,555.796,3,4,ps
1778410597.9272993,3,161,0.728318,56.08,530.571,561.611,3,4,ps
1778410598.504049,3,162,1.314095,57.19,520.623,552.28,3,4,ps
1778410599.0848827,3,163,1.415808,55.95,540.098,562.89,3,4,ps
1778410599.66346,3,164,0.91104,56.44,537.89,559.349,3,4,ps
1778410600.2483242,3,165,0.77744,55.57,535.598,566.984,3,4,ps
1778410600.8401415,3,166,1.10795,55.6,546.208,568.146,3,4,ps
1778410601.4352338,3,167,0.602056,54.77,549.249,575.423,3,4,ps
1778410602.0039542,3,168,0.672865,58.08,527.826,542.159,3,4,ps
1778410602.5823767,3,169,0.827575,56.17,537.669,561.013,3,4,ps
1778410603.164281,3,170,0.826594,56.17,542.026,560.898,3,4,ps
1778410603.7701087,3,171,0.876843,54.47,548.837,578.739,3,4,ps
1778410604.376248,3,172,1.01185,54.65,560.483,578.397,3,4,ps
1778410605.0268354,3,173,0.918191,51.03,594.913,618.336,3,4,ps
1778410605.6071827,3,174,0.690165,56.27,545.882,561.404,3,4,ps
1778410606.2134578,3,175,0.990216,54.85,560.042,574.862,3,4,ps
1778410606.7906082,3,176,0.744384,56.73,539.321,555.078,3,4,ps
1778410607.3717754,3,177,0.701319,56.62,542.158,557.583,3,4,ps
1778410607.9511564,3,178,0.803513,56.03,541.419,563.846,3,4,ps
1778410608.52494,3,179,0.597231,56.65,531.722,556.632,3,4,ps
1778410609.0937295,3,180,0.599503,58.48,519.742,539.88,3,4,ps
1778410609.6678357,3,181,0.743633,56.62,520.492,557.422,3,4,ps
1778410610.249704,3,182,1.090681,57.23,534.297,550.342,3,4,ps
1778410610.8210692,3,183,0.782516,58.12,523.627,542.752,3,4,ps
1778410611.4121444,3,184,0.902699,54.99,557.258,574.58,3,4,ps
1778410611.9975595,3,185,0.871553,55.5,545.34,568.71,3,4,ps
1778410612.574044,3,186,1.373858,56.42,535.317,558.464,3,4,ps
1778410613.1493373,3,187,1.173433,57.26,529.01,550.044,3,4,ps
1778410613.728694,3,188,0.707199,57.29,535.768,549.57,3,4,ps
1778410614.2975018,3,189,0.644689,58.95,520.833,534.585,3,4,ps
1778410614.8948522,3,190,0.613984,55.14,553.016,572.675,3,4,ps
1778410615.4664612,3,191,1.012677,57.15,535.538,552.247,3,4,ps
1778410616.0515146,3,192,0.947436,56.63,538.568,556.071,3,4,ps
1778410616.6320229,3,193,0.794564,55.94,536.883,563.043,3,4,ps
1778410617.2293115,3,194,0.918763,55.69,553.168,566.814,3,4,ps
1778410617.8050864,3,195,0.727016,57.3,523.662,549.534,3,4,ps
1778410618.3849397,3,196,0.992328,56.89,537.467,553.564,3,4,ps
1778410618.9573154,3,197,0.875601,57.74,529.022,546.393,3,4,ps
1778410619.5344028,3,198,1.003486,57.12,535.221,551.288,3,4,ps
1778410620.1050458,3,199,0.908845,58.38,527.807,540.981,3,4,ps
1778410620.6842291,3,200,0.636706,56.09,536.846,561.486,3,4,ps
1778410621.2483947,3,201,0.782251,59.92,511.24,526.726,3,4,ps
1778410621.8356867,3,202,0.871309,55.33,545.458,570.977,3,4,ps
1778410622.4317315,3,203,1.218555,54.44,536.891,580.469,3,4,ps
1778410623.0283256,3,204,0.672121,54.44,556.221,578.56,3,4,ps
1778410623.5983977,3,205,0.659932,57.58,522.958,547.687,3,4,ps
1778410624.169632,3,206,0.697136,57.65,530.807,546.208,3,4,ps
1778410624.7326045,3,207,0.894037,58.17,519.129,542.058,3,4,ps
1778410625.31465,3,208,0.771997,56.73,537.292,555.256,3,4,ps
1778410625.9057667,3,209,1.301886,57.29,536.876,551.287,3,4,ps
1778410626.4867003,3,210,0.884749,56.32,538.453,559.14,3,4,ps
1778410627.085886,3,211,0.582659,55.27,553.418,571.21,3,4,ps
1778410627.6622748,3,212,0.739799,56.37,540.138,559.532,3,4,ps
1778410628.242683,3,213,0.828177,55.93,546.078,563.983,3,4,ps
1778410628.8192515,3,214,0.903393,57.07,534.073,551.71,3,4,ps
1778410629.390466,3,215,0.811823,57.92,526.519,543.354,3,4,ps
1778410629.9596558,3,216,0.73622,58.18,525.157,541.333,3,4,ps
1778410630.5296304,3,217,0.530985,57.64,523.974,546.287,3,4,ps
1778410631.097651,3,218,1.330577,57.64,532.379,547.925,3,4,ps
1778410631.6665895,3,219,1.003191,57.1,535.185,550.929,3,4,ps
1778410632.238642,3,220,0.559595,56.78,539.16,555.332,3,4,ps
1778410632.8346422,3,221,0.585737,54.35,564.159,580.675,3,4,ps
1778410633.403373,3,222,0.876907,57.12,534.851,551.558,3,4,ps
1778410633.9782376,3,223,0.689056,58.7,523.289,536.987,3,4,ps
1778410634.592621,3,224,0.648141,53.75,561.843,586.381,3,4,ps
1778410635.274577,3,225,0.839598,48.99,620.446,644.339,3,4,ps
1778410635.8823562,3,226,0.767795,54.0,563.737,584.521,3,4,ps
1778410636.52004,3,227,0.473465,51.61,587.807,611.938,3,4,ps
1778410637.1471071,3,228,0.841237,51.8,581.954,609.478,3,4,ps
1778410637.7748141,3,229,0.750421,52.81,568.522,597.648,3,4,ps
1778410638.394314,3,230,0.872655,52.88,577.474,596.944,3,4,ps
1778410639.0408766,3,231,0.909559,50.3,591.554,628.466,3,4,ps
1778410639.6859484,3,232,1.203345,52.37,563.357,603.543,3,4,ps
1778410640.350699,3,233,1.03793,49.28,622.477,641.062,3,4,ps
1778410640.97842,3,234,0.893785,52.86,578.413,596.46,3,4,ps
1778410641.570007,3,235,0.770058,54.88,550.0,574.223,3,4,ps
1778410642.1778975,3,236,0.571104,55.1,557.256,572.028,3,4,ps
1778410642.772682,3,237,0.93218,55.32,550.471,569.637,3,4,ps
1778410643.3737066,3,238,1.099854,54.74,548.718,576.733,3,4,ps
1778410643.9452667,3,239,0.964867,56.91,531.31,554.51,3,4,ps
1778410644.5216286,3,240,0.853176,56.34,536.132,559.003,3,4,ps
1778410645.1356807,3,241,0.350051,53.82,547.162,587.322,3,4,ps
1778410645.7230012,3,242,0.831077,55.3,548.416,569.284,3,4,ps
1778410646.322172,3,243,0.885838,54.7,553.605,575.622,3,4,ps
1778410646.9559233,3,244,0.809345,52.39,582.889,601.133,3,4,ps
1778410647.5662992,3,245,0.647094,54.31,563.96,580.321,3,4,ps
1778410648.1448793,3,246,0.849162,57.16,529.881,552.505,3,4,ps
1778410648.7115579,3,247,0.642266,57.37,534.684,548.796,3,4,ps
1778410649.283456,3,248,1.072868,58.83,523.476,536.12,3,4,ps
1778410649.8519182,3,249,0.986836,59.41,513.973,529.738,3,4,ps
1778410650.4182954,3,250,1.021046,58.68,522.685,537.742,3,4,ps
1778410650.9941738,3,251,0.744392,56.58,518.644,557.424,3,4,ps
1778410651.5586276,3,252,0.871507,58.41,516.87,538.851,3,4,ps
1778410652.1280732,3,253,0.535923,58.08,522.711,542.891,3,4,ps
1778410652.6944113,3,254,0.720926,58.25,521.674,540.288,3,4,ps
1778410653.2702405,3,255,0.578262,57.02,535.071,553.336,3,4,ps
1778410653.8587234,3,256,0.973999,55.22,549.344,571.752,3,4,ps
1778410654.438221,3,257,0.862073,56.06,538.602,563.027,3,4,ps
1778410655.0590065,3,258,0.580478,52.27,575.162,604.528,3,4,ps
1778410655.6303043,3,259,1.098943,56.87,531.499,554.54,3,4,ps
1778410656.1986754,3,260,0.848594,57.81,526.685,545.801,3,4,ps
1778410656.770682,3,261,0.441692,58.19,525.654,542.234,3,4,ps
1778410657.3484678,3,262,0.843439,56.66,541.264,557.508,3,4,ps
1778410657.920256,3,263,0.371278,56.82,539.992,555.845,3,4,ps
1778410658.4897904,3,264,0.426343,58.74,521.659,535.822,3,4,ps
1778410659.0563712,3,265,1.068092,58.45,524.946,539.948,3,4,ps
1778410659.6526303,3,266,0.899014,54.4,560.353,579.964,3,4,ps
1778410660.21874,3,267,0.777583,57.36,529.15,549.102,3,4,ps
1778410660.785214,3,268,0.680309,58.77,520.054,535.644,3,4,ps
1778410661.3562953,3,269,0.701812,57.63,530.13,547.446,3,4,ps
1778410661.9238596,3,270,0.519086,57.67,530.712,545.96,3,4,ps
1778410662.4948733,3,271,0.873744,59.07,501.865,533.42,3,4,ps
1778410663.0614498,3,272,0.810944,57.09,528.359,551.614,3,4,ps
1778410663.6314259,3,273,0.579817,58.36,523.78,540.064,3,4,ps
1778410664.2269373,3,274,0.688795,54.56,554.548,577.424,3,4,ps
1778410664.8043108,3,275,0.944689,57.05,536.816,553.61,3,4,ps
1778410665.418246,3,276,0.863243,52.86,553.821,597.543,3,4,ps
1778410666.0183036,3,277,0.679481,54.09,567.497,583.553,3,4,ps
1778410666.5988064,3,278,0.688752,56.68,518.138,556.269,3,4,ps
1778410667.2089493,3,279,0.84663,53.15,568.868,593.833,3,4,ps
1778410667.7901251,3,280,0.796979,57.23,534.444,551.932,3,4,ps
1778410668.3661668,3,281,0.966892,56.38,532.359,558.85,3,4,ps
1778410668.9600055,3,282,0.828041,55.81,549.346,564.55,3,4,ps
1778410669.573507,3,283,0.799552,53.46,547.882,590.327,3,4,ps
1778410670.1763225,3,284,0.685318,55.03,544.51,572.672,3,4,ps
1778410670.7565143,3,285,0.894247,56.6,538.666,556.775,3,4,ps
1778410671.3471286,3,286,0.514856,56.7,541.044,555.528,3,4,ps
1778410671.9386322,3,287,0.732176,55.98,543.079,563.326,3,4,ps
1778410672.5211396,3,288,0.77289,57.75,527.633,545.916,3,4,ps
1778410673.0933828,3,289,0.623733,57.72,525.271,545.33,3,4,ps
1778410673.6679552,3,290,0.592278,57.03,538.067,553.896,3,4,ps
1778410674.2435408,3,291,1.108001,57.07,531.685,551.734,3,4,ps
1778410674.854832,3,292,0.76982,53.15,574.483,592.958,3,4,ps
1778410675.4379349,3,293,0.443965,57.36,526.644,548.829,3,4,ps
1778410676.0229518,3,294,1.138421,55.95,534.395,564.099,3,4,ps
1778410676.608656,3,295,1.335883,56.17,539.797,561.896,3,4,ps
1778410677.2067738,3,296,0.702008,54.33,553.664,580.789,3,4,ps
1778410677.8110867,3,297,0.971428,53.67,559.808,587.758,3,4,ps
1778410678.3974395,3,298,0.886953,56.11,542.339,562.587,3,4,ps
1778410679.0174866,3,299,0.503353,52.5,572.638,602.234,3,4,ps
1778410679.5936499,3,300,0.866467,56.45,531.301,558.183,3,4,ps
1778410680.1790447,3,301,0.800874,55.95,545.371,564.137,3,4,ps
1778410680.7779334,3,302,0.424373,55.3,553.288,570.659,3,4,ps
1778410681.3795493,3,303,0.596672,53.98,566.535,583.754,3,4,ps
1778410681.9711678,3,304,0.954144,55.93,545.47,563.27,3,4,ps
1778410682.556107,3,305,0.55379,56.58,541.709,558.023,3,4,ps
1778410683.1330695,3,306,0.908239,56.92,536.857,552.705,3,4,ps
1778410683.7122355,3,307,0.997001,56.6,534.385,556.742,3,4,ps
1778410684.279867,3,308,0.578609,58.29,514.738,540.116,3,4,ps
1778410684.8561563,3,309,0.617612,57.02,532.028,552.371,3,4,ps
1778410685.4630523,3,310,0.969746,53.65,571.041,587.449,3,4,ps
1778410686.0588439,3,311,0.866477,55.17,549.336,571.097,3,4,ps
1778410686.6337686,3,312,0.919506,56.55,536.374,556.947,3,4,ps
1778410687.2349484,3,313,0.787645,55.18,556.0,571.212,3,4,ps
1778410687.8199685,3,314,0.886417,56.64,540.136,556.132,3,4,ps
1778410688.3951218,3,315,0.663772,57.17,532.442,552.384,3,4,ps
1778410688.9671106,3,316,0.889292,56.84,531.98,553.802,3,4,ps
1778410689.5465493,3,317,0.699666,57.21,528.766,552.003,3,4,ps
1778410690.119194,3,318,0.726459,58.36,523.205,541.105,3,4,ps
1778410690.690533,3,319,0.979154,56.86,524.61,553.831,3,4,ps
1778410691.2604785,3,320,0.842506,58.21,527.551,542.391,3,4,ps
1778410691.8397236,3,321,0.446687,56.18,545.911,562.22,3,4,ps
1778410692.4082217,3,322,0.77365,57.83,526.664,545.519,3,4,ps
1778410692.9833198,3,323,0.830379,58.66,521.658,536.705,3,4,ps
1778410693.5529678,3,324,0.444359,57.63,520.965,546.063,3,4,ps
1778410694.1403143,3,325,0.931772,56.1,541.063,561.215,3,4,ps
1778410694.7327693,3,326,0.602641,56.04,543.249,563.928,3,4,ps
1778410695.327924,3,327,0.682525,55.61,545.545,566.529,3,4,ps
1778410695.948759,3,328,0.975522,53.42,572.458,590.879,3,4,ps
1778410696.551877,3,329,0.819442,55.38,544.477,569.011,3,4,ps
1778410697.1597643,3,330,0.719705,54.97,554.548,574.734,3,4,ps
1778410697.7520232,3,331,0.936756,54.83,554.936,574.173,3,4,ps
1778410698.3485086,3,332,0.445748,55.31,555.236,570.214,3,4,ps
1778410698.924904,3,333,0.901211,56.51,536.254,557.388,3,4,ps
1778410699.5082269,3,334,0.633156,56.09,538.394,562.342,3,4,ps
1778410700.104604,3,335,0.747884,54.91,551.165,574.903,3,4,ps
1778410700.7396197,3,336,0.73548,51.36,574.097,613.697,3,4,ps
1778410701.3486605,3,337,1.079394,53.79,566.981,587.559,3,4,ps
1778410701.936887,3,338,0.901295,56.92,524.806,553.974,3,4,ps
1778410702.5196476,3,339,0.95586,55.7,550.436,566.343,3,4,ps
1778410703.0990775,3,340,0.699001,57.43,522.476,549.908,3,4,ps
1778410703.6789865,3,341,1.312991,58.28,526.272,541.396,3,4,ps
1778410704.2575912,3,342,0.503891,56.15,537.549,561.303,3,4,ps
1778410704.8360987,3,343,0.541238,56.91,532.768,553.483,3,4,ps
1778410705.422209,3,344,0.855937,55.42,551.711,569.637,3,4,ps
1778410706.0114238,3,345,0.615968,56.56,543.279,557.893,3,4,ps
1778410706.6450875,3,346,0.560424,52.34,580.88,602.396,3,4,ps
1778410707.2438858,3,347,0.566164,54.22,565.224,581.316,3,4,ps
1778410707.8470066,3,348,1.176481,53.8,571.911,586.999,3,4,ps
1778410708.4473205,3,349,0.692159,55.43,551.78,568.277,3,4,ps
1778410709.040593,3,350,0.855168,58.2,512.79,540.949,3,4,ps
1778410709.6231716,3,351,0.86867,57.41,530.822,548.52,3,4,ps
1778410710.2010624,3,352,0.709983,57.62,529.159,546.57,3,4,ps
1778410710.7755556,3,353,0.922561,57.37,529.894,549.703,3,4,ps
1778410711.340956,3,354,1.045895,57.4,529.811,548.581,3,4,ps
1778410711.9262917,3,355,1.075416,56.71,540.699,555.428,3,4,ps
1778410712.4937387,3,356,0.578856,57.96,523.737,543.38,3,4,ps
1778410713.0762987,3,357,0.834148,55.73,541.831,565.875,3,4,ps
1778410713.7056942,3,358,0.686861,51.53,593.449,612.126,3,4,ps
1778410714.3131971,3,359,0.808912,54.1,559.855,584.161,3,4,ps
1778410714.9022615,3,360,1.150256,55.17,542.927,572.72,3,4,ps
1778410715.4944394,3,361,0.7108,56.67,539.2,557.233,3,4,ps
1778410716.086152,3,362,0.83439,55.51,546.706,567.063,3,4,ps
1778410716.6888156,3,363,0.83034,53.86,566.8,584.833,3,4,ps
1778410717.311001,3,364,0.983657,53.62,566.419,587.283,3,4,ps
1778410717.895246,3,365,0.659776,56.2,518.894,560.9,3,4,ps
1778410718.4931939,3,366,0.52112,55.98,546.667,562.73,3,4,ps
1778410719.087953,3,367,0.71246,55.73,543.413,565.317,3,4,ps
1778410719.6590161,3,368,0.83075,56.88,536.077,554.691,3,4,ps
1778410720.2333405,3,369,0.868165,56.52,534.79,558.377,3,4,ps
1778410720.8193233,3,370,0.796484,59.08,518.783,532.448,3,4,ps
1778410721.4089656,3,371,0.719023,55.06,554.904,571.938,3,4,ps
1778410722.0066981,3,372,0.599627,55.86,546.065,564.783,3,4,ps
1778410722.639511,3,373,0.810491,51.82,567.741,608.62,3,4,ps
1778410723.2902374,3,374,0.913761,50.11,613.218,629.534,3,4,ps
1778410723.914507,3,375,0.975154,53.08,572.793,594.413,3,4,ps
1778410724.5375893,3,376,0.648596,52.82,578.943,596.808,3,4,ps
1778410725.2241578,3,377,0.629181,47.6,632.022,662.942,3,4,ps
1778410725.8556159,3,378,0.860491,52.3,562.515,604.157,3,4,ps
1778410726.479628,3,379,1.20479,53.34,573.711,591.197,3,4,ps
1778410727.1111543,3,380,0.708898,52.37,576.241,603.839,3,4,ps
1778410727.7638514,3,381,0.710623,50.63,603.569,624.958,3,4,ps
1778410728.3865724,3,382,0.670897,53.81,556.953,585.466,3,4,ps
1778410728.9835215,3,383,0.745961,55.2,549.99,570.791,3,4,ps
1778410729.573866,3,384,0.694121,56.52,540.404,558.824,3,4,ps
1778410730.1758852,3,385,0.526271,53.91,558.788,584.627,3,4,ps
1778410730.7516575,3,386,0.908939,57.13,530.073,551.416,3,4,ps
1778410731.3397233,3,387,0.920839,56.34,544.245,559.048,3,4,ps
1778410731.9152632,3,388,0.880348,58.01,526.152,544.312,3,4,ps
1778410732.4915102,3,389,0.848225,56.4,539.62,558.576,3,4,ps
1778410733.0349245,3,390,1.086071,37.86,499.124,521.14,3,4,ps
1778410736.6374726,4,0,0.750491,57.11,530.208,550.949,3,4,ps
1778410737.2733762,4,1,1.126764,52.74,565.29,597.849,3,4,ps
1778410737.908752,4,2,1.056618,51.54,590.253,611.827,3,4,ps
1778410738.627699,4,3,0.951389,46.8,623.004,676.451,3,4,ps
1778410739.2371485,4,4,0.905442,53.4,570.387,590.961,3,4,ps
1778410739.8505962,4,5,1.080611,53.04,563.754,595.957,3,4,ps
1778410740.490672,4,6,0.875631,50.71,604.884,622.346,3,4,ps
1778410741.070252,4,7,0.69008,56.92,535.531,554.448,3,4,ps
1778410741.6419396,4,8,0.71358,56.86,530.877,553.83,3,4,ps
1778410742.2114425,4,9,0.522405,58.97,503.182,534.109,3,4,ps
1778410742.81414,4,10,0.596703,55.35,551.437,569.364,3,4,ps
1778410743.453277,4,11,0.613572,52.17,587.093,604.795,3,4,ps
1778410744.1284714,4,12,0.524158,50.26,598.793,628.803,3,4,ps
1778410744.833655,4,13,0.703419,46.93,641.671,674.257,3,4,ps
1778410745.5385451,4,14,0.944204,47.99,634.781,659.422,3,4,ps
1778410746.217715,4,15,0.948202,48.94,611.195,646.509,3,4,ps
1778410746.874245,4,16,0.817701,50.13,605.999,631.101,3,4,ps
1778410747.5098372,4,17,0.669205,52.45,573.846,601.284,3,4,ps
1778410748.1509311,4,18,1.014273,51.68,590.179,610.863,3,4,ps
1778410748.772242,4,19,0.491613,53.4,570.813,590.224,3,4,ps
1778410749.4786236,4,20,0.583376,46.66,645.631,677.997,3,4,ps
1778410750.1313584,4,21,0.733577,51.33,592.207,615.405,3,4,ps
1778410750.7689126,4,22,0.398856,50.94,592.462,619.623,3,4,ps
1778410751.4391136,4,23,0.920727,48.5,632.123,650.974,3,4,ps
1778410752.124001,4,24,1.155063,48.88,611.649,645.75,3,4,ps
1778410752.770191,4,25,0.513312,51.76,580.096,610.081,3,4,ps
1778410753.4278193,4,26,0.847356,49.12,600.003,642.983,3,4,ps
1778410754.0833986,4,27,0.650627,52.6,578.456,601.089,3,4,ps
1778410754.7259874,4,28,0.926199,51.35,586.754,615.548,3,4,ps
1778410755.3925056,4,29,0.684706,51.46,565.966,614.315,3,4,ps
1778410756.0164404,4,30,1.025868,52.14,590.383,606.407,3,4,ps
1778410756.6893215,4,31,0.474962,49.72,614.338,635.76,3,4,ps
1778410757.3449264,4,32,0.915298,49.53,611.59,636.982,3,4,ps
1778410757.9921036,4,33,0.93898,50.89,547.635,620.266,3,4,ps
1778410758.589611,4,34,0.841649,54.9,547.281,574.569,3,4,ps
1778410759.2046633,4,35,0.750226,53.55,555.21,588.753,3,4,ps
1778410759.8263407,4,36,0.492432,53.08,578.092,595.473,3,4,ps
1778410760.471971,4,37,0.967753,50.46,599.284,625.127,3,4,ps
1778410761.0746193,4,38,0.744818,54.45,557.725,581.813,3,4,ps
1778410761.6758754,4,39,0.469142,54.17,563.116,581.48,3,4,ps
1778410762.2783923,4,40,0.851311,54.65,552.187,576.631,3,4,ps
1778410762.896911,4,41,0.977279,53.48,570.975,590.643,3,4,ps
1778410763.5119588,4,42,0.78994,52.81,576.061,596.782,3,4,ps
1778410764.124584,4,43,0.65781,54.61,562.52,578.165,3,4,ps
1778410764.847101,4,44,0.739078,45.55,672.532,693.914,3,4,ps
1778410765.5165198,4,45,0.562784,50.84,577.677,621.797,3,4,ps
1778410766.146264,4,46,0.921074,51.73,578.753,610.322,3,4,ps
1778410766.7657604,4,47,0.741967,53.15,572.714,594.514,3,4,ps
1778410767.4607396,4,48,0.787818,47.47,645.551,664.856,3,4,ps
1778410768.0888534,4,49,0.962039,52.94,581.696,597.111,3,4,ps
1778410768.7155178,4,50,0.981042,51.77,579.895,610.204,3,4,ps
1778410769.3393273,4,51,0.6595,52.43,578.327,602.892,3,4,ps
1778410769.9635527,4,52,0.548007,52.89,580.047,596.15,3,4,ps
1778410770.6195242,4,53,0.801044,50.67,608.469,624.164,3,4,ps
1778410771.2615547,4,54,0.54297,50.58,587.531,624.63,3,4,ps
1778410771.922543,4,55,0.562518,49.13,613.691,643.66,3,4,ps
1778410772.5446281,4,56,0.557473,53.16,563.174,592.835,3,4,ps
1778410773.1624873,4,57,0.553683,52.98,569.325,595.821,3,4,ps
1778410773.7590833,4,58,0.707338,54.77,552.427,575.403,3,4,ps
1778410774.3577223,4,59,0.823711,54.22,554.219,582.088,3,4,ps
1778410774.9582844,4,60,0.521799,54.82,559.719,575.909,3,4,ps
1778410775.5462666,4,61,0.554508,55.26,543.148,571.846,3,4,ps
1778410776.1247332,4,62,0.727739,58.0,529.134,543.489,3,4,ps
1778410776.7067926,4,63,0.562466,57.13,524.947,551.02,3,4,ps
1778410777.3099656,4,64,0.590258,54.48,555.424,579.129,3,4,ps
1778410777.8840067,4,65,0.515071,58.24,523.913,542.267,3,4,ps
1778410778.4611943,4,66,1.125463,56.28,542.73,559.261,3,4,ps
1778410779.0361035,4,67,0.66197,57.33,520.398,550.334,3,4,ps
1778410779.6210437,4,68,0.669489,55.54,545.259,568.725,3,4,ps
1778410780.2015684,4,69,0.918587,56.04,538.004,562.122,3,4,ps
1778410780.7757604,4,70,0.823589,57.43,532.334,548.855,3,4,ps
1778410781.3679695,4,71,0.561215,56.19,541.223,560.529,3,4,ps
1778410781.9689448,4,72,0.743126,54.57,552.869,577.227,3,4,ps
1778410782.546432,4,73,0.831888,56.76,531.992,555.556,3,4,ps
1778410783.1265397,4,74,0.721058,57.74,528.949,545.36,3,4,ps
1778410783.7104964,4,75,0.829416,57.35,534.647,548.738,3,4,ps
1778410784.2872286,4,76,0.481813,57.1,535.389,551.657,3,4,ps
1778410784.8602955,4,77,0.661495,58.53,517.889,537.902,3,4,ps
1778410785.4618323,4,78,0.626418,55.03,548.315,572.483,3,4,ps
1778410786.0293734,4,79,0.64836,57.86,523.978,544.368,3,4,ps
1778410786.6423814,4,80,0.823414,53.51,568.089,589.183,3,4,ps
1778410787.2615108,4,81,0.773681,53.59,566.988,587.4,3,4,ps
1778410787.8497674,4,82,0.778524,57.0,537.693,552.622,3,4,ps
1778410788.420347,4,83,0.511812,58.06,527.528,543.053,3,4,ps
1778410789.0068293,4,84,0.473567,55.36,549.761,570.821,3,4,ps
1778410789.5752132,4,85,0.619679,57.16,537.079,552.535,3,4,ps
1778410790.1495488,4,86,1.07562,56.64,538.528,556.101,3,4,ps
1778410790.781523,4,87,0.70906,53.05,579.559,595.268,3,4,ps
1778410791.3972518,4,88,0.731273,54.33,564.216,581.682,3,4,ps
1778410792.0124621,4,89,0.796132,54.79,560.098,576.744,3,4,ps
1778410792.6294475,4,90,0.745369,52.66,564.664,598.721,3,4,ps
1778410793.279464,4,91,0.931475,50.4,597.188,626.053,3,4,ps
1778410793.9038024,4,92,0.833445,53.74,569.893,587.789,3,4,ps
1778410794.5074813,4,93,0.785546,53.85,558.354,585.233,3,4,ps
1778410795.1961372,4,94,0.65105,48.22,634.508,655.575,3,4,ps
1778410795.912529,4,95,0.668081,46.09,658.367,685.45,3,4,ps
1778410796.4992273,4,96,0.993524,56.09,542.679,561.486,3,4,ps
1778410797.1147068,4,97,0.594956,53.67,567.858,588.41,3,4,ps
1778410797.753994,4,98,0.481675,50.83,600.539,620.762,3,4,ps
1778410798.3608487,4,99,0.891575,55.14,556.8,573.131,3,4,ps
1778410798.9533608,4,100,0.859887,55.87,548.871,565.168,3,4,ps
1778410799.5681596,4,101,1.412898,53.4,559.762,591.382,3,4,ps
1778410800.1841936,4,102,0.495298,54.28,566.383,580.683,3,4,ps
1778410800.7763536,4,103,0.373368,56.42,536.661,558.281,3,4,ps
1778410801.4413745,4,104,0.484305,49.99,578.786,631.412,3,4,ps
1778410802.0781488,4,105,0.680746,51.48,575.155,612.434,3,4,ps
1778410802.754357,4,106,0.802325,48.36,616.892,654.405,3,4,ps
1778410803.4580448,4,107,0.672559,46.33,655.244,681.861,3,4,ps
1778410804.1198568,4,108,0.578795,49.75,608.81,635.032,3,4,ps
1778410804.7203884,4,109,0.80199,54.43,557.648,579.24,3,4,ps
1778410805.386256,4,110,0.7816,50.17,593.929,629.433,3,4,ps
1778410805.9979105,4,111,0.686551,53.91,559.808,585.197,3,4,ps
1778410806.667398,4,112,0.733831,49.78,598.402,633.808,3,4,ps
1778410807.3042524,4,113,1.228965,50.91,593.069,620.825,3,4,ps
1778410807.905654,4,114,0.622441,55.07,549.541,572.122,3,4,ps
1778410808.488541,4,115,0.572499,56.32,540.591,560.015,3,4,ps
1778410809.0760858,4,116,0.744622,55.28,553.229,569.582,3,4,ps
1778410809.694048,4,117,0.824124,54.26,565.554,580.097,3,4,ps
1778410810.2936685,4,118,0.828028,54.69,555.28,575.765,3,4,ps
1778410810.8893757,4,119,0.584434,55.46,546.558,567.948,3,4,ps
1778410811.4772203,4,120,0.789724,56.86,538.793,553.387,3,4,ps
1778410812.0949454,4,121,1.111997,53.82,565.551,584.861,3,4,ps
1778410812.7027617,4,122,0.356581,54.57,560.826,577.092,3,4,ps
1778410813.3331118,4,123,0.723768,51.42,569.902,613.066,3,4,ps
1778410813.9567683,4,124,0.784943,53.6,564.128,587.883,3,4,ps
1778410814.5521207,4,125,1.039887,55.85,544.718,564.144,3,4,ps
1778410815.1818695,4,126,0.854416,52.39,574.899,602.938,3,4,ps
1778410815.7652647,4,127,0.484274,55.63,537.44,567.227,3,4,ps
1778410816.3499491,4,128,0.755572,56.06,541.198,562.059,3,4,ps
1778410816.9236748,4,129,0.709839,57.42,529.841,549.181,3,4,ps
1778410817.5042412,4,130,0.446918,56.61,534.967,557.542,3,4,ps
1778410818.1128511,4,131,0.804261,54.31,563.417,580.257,3,4,ps
1778410818.7210493,4,132,0.540611,54.6,560.391,578.779,3,4,ps
1778410819.3243954,4,133,0.621949,54.3,558.586,580.485,3,4,ps
1778410819.9262614,4,134,0.86155,55.62,542.169,568.039,3,4,ps
1778410820.547496,4,135,0.799991,52.26,571.123,603.307,3,4,ps
1778410821.1435854,4,136,0.59649,55.5,544.916,568.398,3,4,ps
1778410821.7546642,4,137,0.437936,54.45,558.08,578.829,3,4,ps
1778410822.367749,4,138,0.861633,53.9,568.897,585.929,3,4,ps
1778410823.0063913,4,139,0.596703,51.33,590.244,614.409,3,4,ps
1778410823.590845,4,140,0.649616,56.75,539.353,554.879,3,4,ps
1778410824.2157576,4,141,0.466371,51.91,584.707,608.27,3,4,ps
1778410824.8244364,4,142,0.603946,53.53,550.774,589.016,3,4,ps
1778410825.4238648,4,143,0.589227,55.86,518.124,563.741,3,4,ps
1778410826.0035062,4,144,0.856088,57.92,528.863,544.781,3,4,ps
1778410826.585969,4,145,0.730659,55.85,540.766,565.722,3,4,ps
1778410827.1845744,4,146,0.316798,55.02,556.328,572.688,3,4,ps
1778410827.7657979,4,147,0.550892,57.26,535.95,551.56,3,4,ps
1778410828.3464828,4,148,0.537432,56.84,531.275,554.009,3,4,ps
1778410828.9469025,4,149,0.89369,55.16,548.835,571.099,3,4,ps
1778410829.526645,4,150,0.313525,56.76,539.604,554.801,3,4,ps
1778410830.115661,4,151,0.76625,56.33,536.796,560.648,3,4,ps
1778410830.699229,4,152,0.76789,55.63,547.256,566.35,3,4,ps
1778410831.3149352,4,153,0.413301,53.98,567.528,583.902,3,4,ps
1778410831.895075,4,154,0.630539,56.33,542.176,559.21,3,4,ps
1778410832.4996834,4,155,0.561505,53.74,560.906,586.543,3,4,ps
1778410833.0868032,4,156,0.456878,57.16,537.975,552.827,3,4,ps
1778410833.6832018,4,157,0.664144,54.4,564.636,580.221,3,4,ps
1778410834.309582,4,158,0.656622,51.78,592.9,608.84,3,4,ps
1778410834.9654393,4,159,0.614656,50.06,596.798,629.991,3,4,ps
1778410835.5713496,4,160,0.729822,55.9,540.732,564.239,3,4,ps
1778410836.203412,4,161,0.923927,51.34,586.484,615.923,3,4,ps
1778410836.7851222,4,162,0.53172,55.85,526.605,564.842,3,4,ps
1778410837.3878136,4,163,0.725167,54.35,561.977,581.511,3,4,ps
1778410837.9642165,4,164,0.612986,56.41,538.034,558.997,3,4,ps
1778410838.5708163,4,165,0.624788,54.8,560.949,575.093,3,4,ps
1778410839.1491132,4,166,0.623255,57.33,530.932,550.308,3,4,ps
1778410839.7606933,4,167,0.60402,53.55,563.34,589.055,3,4,ps
1778410840.3401947,4,168,0.918735,58.56,520.857,537.63,3,4,ps
1778410840.9263234,4,169,0.488394,56.0,547.642,563.657,3,4,ps
1778410841.5134296,4,170,0.956159,55.27,545.385,571.19,3,4,ps
1778410842.1003432,4,171,0.763263,55.35,547.358,569.43,3,4,ps
1778410842.6877315,4,172,0.523032,56.66,532.762,555.988,3,4,ps
1778410843.2725341,4,173,0.899217,56.84,531.693,554.247,3,4,ps
1778410843.8812737,4,174,0.736872,53.71,567.599,586.121,3,4,ps
1778410844.481448,4,175,0.79721,55.56,545.7,566.272,3,4,ps
1778410845.1407578,4,176,0.432398,49.14,622.227,641.439,3,4,ps
1778410845.7913237,4,177,0.443445,50.78,607.443,622.4,3,4,ps
1778410846.3922348,4,178,0.868308,54.93,551.293,575.158,3,4,ps
1778410847.0291288,4,179,0.666339,51.11,593.253,617.108,3,4,ps
1778410847.6391943,4,180,0.779074,54.59,558.364,577.357,3,4,ps
1778410848.2307413,4,181,0.703202,56.24,541.149,560.386,3,4,ps
1778410848.8197873,4,182,0.939474,56.52,539.361,557.177,3,4,ps
1778410849.408764,4,183,1.057172,56.43,536.772,558.305,3,4,ps
1778410850.0193167,4,184,0.748444,54.28,562.422,582.221,3,4,ps
1778410850.623941,4,185,1.13473,54.55,559.959,577.696,3,4,ps
1778410851.2118204,4,186,0.651879,55.72,542.256,566.751,3,4,ps
1778410851.8088067,4,187,0.743781,54.47,554.378,579.611,3,4,ps
1778410852.4112065,4,188,0.589525,53.87,559.326,586.69,3,4,ps
1778410852.9871316,4,189,0.749292,58.47,524.591,538.8,3,4,ps
1778410853.5802839,4,190,0.7736,55.28,550.897,571.223,3,4,ps
1778410854.1760182,4,191,0.77253,54.75,548.02,575.781,3,4,ps
1778410854.7719626,4,192,0.479822,55.68,549.797,567.021,3,4,ps
1778410855.3977692,4,193,1.010045,53.31,569.782,593.032,3,4,ps
1778410855.9925015,4,194,0.541269,54.61,546.073,577.709,3,4,ps
1778410856.6212292,4,195,0.654911,51.62,582.564,611.712,3,4,ps
1778410857.267581,4,196,0.603113,51.78,592.727,610.804,3,4,ps
1778410857.8486254,4,197,0.75028,57.25,535.838,550.818,3,4,ps
1778410858.437822,4,198,0.497903,57.47,535.197,549.025,3,4,ps
1778410859.0301569,4,199,0.334978,56.67,541.581,557.224,3,4,ps
1778410859.6240337,4,200,0.82289,54.8,545.719,575.086,3,4,ps
1778410860.2197998,4,201,1.072881,55.77,547.067,564.934,3,4,ps
1778410860.8241267,4,202,0.827767,54.54,563.704,579.388,3,4,ps
1778410861.4122937,4,203,0.466274,56.01,547.414,563.724,3,4,ps
1778410862.001926,4,204,0.816468,55.51,550.917,567.556,3,4,ps
1778410862.585981,4,205,0.577088,57.21,531.35,550.394,3,4,ps
1778410863.174256,4,206,0.94444,56.27,539.873,559.72,3,4,ps
1778410863.7705996,4,207,0.75744,56.23,545.294,560.116,3,4,ps
1778410864.3629484,4,208,0.630769,56.21,538.612,560.369,3,4,ps
1778410864.9690711,4,209,0.56128,55.16,556.479,571.198,3,4,ps
1778410865.5712671,4,210,0.817619,54.0,565.629,585.295,3,4,ps
1778410866.1824372,4,211,0.472842,53.09,572.603,594.993,3,4,ps
1778410866.8277085,4,212,0.313506,52.11,584.426,605.48,3,4,ps
1778410867.481219,4,213,0.789394,51.0,561.433,618.621,3,4,ps
1778410868.075838,4,214,0.963671,55.32,554.302,570.22,3,4,ps
1778410868.659131,4,215,0.520274,55.73,549.342,566.574,3,4,ps
1778410869.253408,4,216,0.810713,54.72,549.188,575.362,3,4,ps
1778410869.8304892,4,217,0.620403,58.3,522.848,541.668,3,4,ps
1778410870.4000056,4,218,0.824673,57.42,532.431,548.652,3,4,ps
1778410870.9757903,4,219,0.712855,57.5,533.364,548.826,3,4,ps
1778410871.5744834,4,220,0.756171,54.21,547.809,582.649,3,4,ps
1778410872.2308142,4,221,0.918915,49.92,596.292,632.495,3,4,ps
1778410872.9147167,4,222,0.547659,48.3,621.782,654.171,3,4,ps
1778410873.594367,4,223,0.951196,48.68,617.561,649.836,3,4,ps
1778410874.3018293,4,224,0.566036,46.98,623.998,673.932,3,4,ps
1778410874.9819682,4,225,0.699162,47.95,628.321,658.453,3,4,ps
1778410875.6397958,4,226,0.959568,50.44,600.77,627.102,3,4,ps
1778410876.2528117,4,227,0.596723,52.97,579.277,596.301,3,4,ps
1778410876.872614,4,228,0.854545,52.44,571.013,602.867,3,4,ps
1778410877.4955537,4,229,0.625928,52.13,586.105,605.569,3,4,ps
1778410878.1582456,4,230,0.719149,49.01,608.969,643.417,3,4,ps
1778410878.8138604,4,231,0.584032,50.19,597.832,629.783,3,4,ps
1778410879.4312158,4,232,0.698973,52.83,573.86,597.383,3,4,ps
1778410880.0344932,4,233,0.649729,54.2,564.515,581.504,3,4,ps
1778410880.652772,4,234,0.331064,52.47,575.649,601.06,3,4,ps
1778410881.2664187,4,235,0.629186,53.5,573.135,589.104,3,4,ps
1778410881.876479,4,236,0.810919,53.19,571.923,594.4,3,4,ps
1778410882.4918358,4,237,0.554752,53.96,567.076,584.76,3,4,ps
1778410883.115933,4,238,0.641037,52.65,580.655,598.063,3,4,ps
1778410883.7488432,4,239,0.639527,52.24,586.385,604.839,3,4,ps
1778410884.3632605,4,240,1.014598,52.86,575.576,597.135,3,4,ps
1778410884.9764745,4,241,0.824509,54.04,566.232,584.081,3,4,ps
1778410885.5993457,4,242,0.588718,53.4,570.926,591.162,3,4,ps
1778410886.236953,4,243,0.756097,51.55,583.77,611.7,3,4,ps
1778410886.8486037,4,244,0.49025,54.02,562.618,585.048,3,4,ps
1778410887.4999483,4,245,0.569022,50.33,597.621,627.756,3,4,ps
1778410888.1242802,4,246,0.633753,54.18,567.895,582.708,3,4,ps
1778410888.7669187,4,247,0.750549,51.72,577.412,610.861,3,4,ps
1778410889.3748076,4,248,0.644392,53.41,562.984,591.032,3,4,ps
1778410889.9901192,4,249,0.564096,54.61,558.678,577.173,3,4,ps
1778410890.6154902,4,250,0.652551,52.71,581.113,599.8,3,4,ps
1778410891.2348876,4,251,0.906745,52.54,581.674,600.949,3,4,ps
1778410891.8487225,4,252,0.804062,52.88,573.653,597.574,3,4,ps
1778410892.4633336,4,253,0.530214,53.79,564.004,586.011,3,4,ps
1778410893.0760684,4,254,0.860481,54.06,566.973,584.187,3,4,ps
1778410893.6799712,4,255,0.426782,53.76,546.792,587.558,3,4,ps
1778410894.2715583,4,256,0.863719,55.23,552.728,570.102,3,4,ps
1778410894.867878,4,257,0.805404,55.2,552.332,570.346,3,4,ps
1778410895.4777398,4,258,0.680899,54.27,547.723,579.963,3,4,ps
1778410896.0702105,4,259,0.555794,55.74,548.341,564.825,3,4,ps
1778410896.652318,4,260,0.766619,57.09,535.764,551.594,3,4,ps
1778410897.2366202,4,261,0.758274,55.9,549.631,565.08,3,4,ps
1778410897.816318,4,262,0.753656,56.1,531.744,561.679,3,4,ps
1778410898.3864486,4,263,0.797893,58.16,520.85,541.39,3,4,ps
1778410898.9816494,4,264,0.725742,55.79,551.12,565.778,3,4,ps
1778410899.564784,4,265,0.833865,56.29,533.025,560.456,3,4,ps
1778410900.1571395,4,266,0.655158,55.84,546.236,564.079,3,4,ps
1778410900.736578,4,267,0.50212,56.68,535.972,555.521,3,4,ps
1778410901.3198314,4,268,0.38804,56.79,534.95,555.882,3,4,ps
1778410901.890646,4,269,0.657259,57.31,530.031,550.567,3,4,ps
1778410902.4692667,4,270,0.82191,57.85,530.031,544.996,3,4,ps
1778410903.0355604,4,271,0.652241,57.3,533.376,549.581,3,4,ps
1778410903.6151881,4,272,0.760064,56.69,534.823,555.548,3,4,ps
1778410904.188734,4,273,0.579154,58.3,524.467,539.735,3,4,ps
1778410904.7707605,4,274,0.559508,56.34,540.161,559.017,3,4,ps
1778410905.3893857,4,275,0.71589,52.44,576.256,601.146,3,4,ps
1778410905.9690266,4,276,0.787585,57.76,526.843,545.906,3,4,ps
1778410906.5540411,4,277,0.807576,55.49,545.153,567.534,3,4,ps
1778410907.1321738,4,278,0.652603,57.44,534.921,549.715,3,4,ps
1778410907.721866,4,279,0.608796,55.09,554.098,572.593,3,4,ps
1778410908.314509,4,280,0.825574,54.81,554.77,574.693,3,4,ps
1778410908.8895638,4,281,0.40934,58.63,504.1,536.99,3,4,ps
1778410909.4819136,4,282,0.62076,56.05,542.583,562.837,3,4,ps
1778410910.0690372,4,283,0.69073,56.52,536.784,558.408,3,4,ps
1778410910.6698825,4,284,0.664436,55.64,544.678,566.107,3,4,ps
1778410911.2492893,4,285,0.980561,58.27,527.316,539.326,3,4,ps
1778410911.8298397,4,286,0.688892,57.52,531.253,547.141,3,4,ps
1778410912.4082508,4,287,0.80447,57.08,535.647,551.362,3,4,ps
1778410912.987384,4,288,0.769361,57.08,531.688,551.937,3,4,ps
1778410913.5600195,4,289,0.431324,58.12,522.458,541.79,3,4,ps
1778410914.1377995,4,290,0.969775,57.27,526.271,549.98,3,4,ps
1778410914.7166467,4,291,0.99338,57.74,531.504,544.985,3,4,ps
1778410915.3361986,4,292,0.866,53.57,559.804,588.333,3,4,ps
1778410915.909511,4,293,0.637218,58.99,520.601,535.237,3,4,ps
1778410916.4982536,4,294,0.71055,55.6,523.042,566.62,3,4,ps
1778410917.0836568,4,295,0.628361,57.43,532.298,550.118,3,4,ps
1778410917.6494138,4,296,0.746872,57.4,521.552,548.499,3,4,ps
1778410918.2211401,4,297,0.600023,57.74,529.811,546.564,3,4,ps
1778410918.7933297,4,298,0.809487,58.81,523.613,536.045,3,4,ps
1778410919.365359,4,299,0.828399,56.79,539.489,554.582,3,4,ps
1778410919.9352374,4,300,0.991914,57.97,522.652,543.076,3,4,ps
1778410920.5305436,4,301,0.71128,55.22,551.885,570.682,3,4,ps
1778410921.1116796,4,302,0.792746,55.86,540.268,563.921,3,4,ps
1778410921.6963239,4,303,0.542381,56.59,535.812,556.155,3,4,ps
1778410922.2647557,4,304,0.614225,58.62,520.623,538.568,3,4,ps
1778410922.8630748,4,305,0.471826,54.28,548.955,582.204,3,4,ps
1778410923.4391575,4,306,0.381045,56.39,542.219,560.205,3,4,ps
1778410924.0338922,4,307,0.554093,54.59,561.217,577.306,3,4,ps
1778410924.6225927,4,308,0.765622,56.76,540.881,555.486,3,4,ps
1778410925.2673392,4,309,0.456217,50.92,598.202,619.985,3,4,ps
1778410925.8384602,4,310,0.770151,58.43,520.695,538.861,3,4,ps
1778410926.442364,4,311,0.817314,54.46,559.11,579.896,3,4,ps
1778410927.0252163,4,312,0.758768,56.91,531.667,553.407,3,4,ps
1778410927.6129978,4,313,0.863161,55.73,549.484,566.402,3,4,ps
1778410928.2058678,4,314,0.585485,54.78,540.778,566.284,3,4,ps
1778410928.8062994,4,315,0.531845,54.97,545.973,573.928,3,4,ps
1778410929.4033227,4,316,0.437257,54.77,549.914,576.661,3,4,ps
1778410929.9939146,4,317,0.903939,54.98,557.933,574.79,3,4,ps
1778410930.5759988,4,318,0.438384,55.86,541.131,565.628,3,4,ps
1778410931.183438,4,319,0.569489,54.79,558.995,576.501,3,4,ps
1778410931.769353,4,320,0.960316,56.09,545.166,561.772,3,4,ps
1778410932.3496435,4,321,0.651815,57.27,534.254,549.971,3,4,ps
1778410932.938504,4,322,0.469257,55.77,549.929,565.935,3,4,ps
1778410933.620959,4,323,0.595944,52.73,563.563,599.512,3,4,ps
1778410934.4588423,4,324,0.630818,40.18,737.186,787.959,3,4,ps
1778410935.3396053,4,325,0.54777,38.0,795.767,832.377,3,4,ps
1778410936.02864,4,326,0.675338,48.26,609.082,655.459,3,4,ps
1778410936.6978543,4,327,0.888432,48.79,626.322,647.022,3,4,ps
1778410937.346651,4,328,1.194836,51.29,589.586,615.898,3,4,ps
1778410938.0056286,4,329,0.890753,50.98,558.171,619.588,3,4,ps
1778410938.8430424,4,330,0.638986,39.73,763.965,796.813,3,4,ps
1778410939.517577,4,331,0.934328,49.08,611.727,643.505,3,4,ps
1778410940.1556344,4,332,0.62062,51.77,579.984,609.512,3,4,ps
1778410940.782603,4,333,0.824742,53.35,570.759,590.939,3,4,ps
1778410941.430815,4,334,0.860108,51.17,588.92,616.674,3,4,ps
1778410942.062744,4,335,0.601385,52.89,557.508,597.702,3,4,ps
1778410942.6662982,4,336,0.614677,53.79,566.146,585.857,3,4,ps
1778410943.2634418,4,337,0.808662,55.1,552.194,572.567,3,4,ps
1778410943.8753178,4,338,0.478381,54.99,557.501,572.424,3,4,ps
1778410944.4776363,4,339,0.815597,55.53,548.631,567.144,3,4,ps
1778410945.0710049,4,340,0.77154,54.7,557.272,575.975,3,4,ps
1778410945.6513436,4,341,0.617929,57.77,528.225,545.658,3,4,ps
1778410946.2537453,4,342,0.445796,54.41,557.806,579.157,3,4,ps
1778410946.8444068,4,343,0.467223,54.98,530.391,572.399,3,4,ps
1778410947.4830678,4,344,0.643198,51.81,589.292,608.165,3,4,ps
1778410948.1010442,4,345,0.65946,52.5,583.38,600.587,3,4,ps
1778410948.7133858,4,346,0.84141,53.7,571.08,586.991,3,4,ps
1778410949.295649,4,347,0.961577,57.32,531.674,549.247,3,4,ps
1778410949.9202843,4,348,0.842469,52.96,566.684,596.528,3,4,ps
1778410950.5168269,4,349,0.883531,54.41,554.243,580.307,3,4,ps
1778410951.1761293,4,350,0.647681,49.79,614.547,634.873,3,4,ps
1778410951.8003478,4,351,0.453733,52.06,566.621,605.858,3,4,ps
1778410952.4332354,4,352,0.603248,52.44,575.753,602.876,3,4,ps
1778410953.093801,4,353,0.567624,50.29,611.333,628.702,3,4,ps
1778410953.707313,4,354,1.086592,55.0,551.428,573.627,3,4,ps
1778410954.4044523,4,355,0.419786,47.29,636.067,668.489,3,4,ps
1778410955.0752006,4,356,0.818106,49.59,604.859,637.388,3,4,ps
1778410955.6811368,4,357,0.414539,55.21,542.941,570.559,3,4,ps
1778410956.2850974,4,358,0.77559,54.08,568.429,584.258,3,4,ps
1778410956.9105895,4,359,0.439835,51.89,570.045,608.739,3,4,ps
1778410957.5361078,4,360,0.932125,51.93,574.79,607.212,3,4,ps
1778410958.1263962,4,361,0.632981,57.46,536.002,549.582,3,4,ps
1778410958.7509074,4,362,0.883163,52.01,580.762,606.961,3,4,ps
1778410959.3806515,4,363,0.665654,53.06,548.535,594.267,3,4,ps
1778410960.017759,4,364,0.756241,50.94,580.494,618.833,3,4,ps
1778410960.6368308,4,365,0.699471,54.13,557.261,583.891,3,4,ps
1778410961.335388,4,366,0.692686,46.76,635.036,676.128,3,4,ps
1778410961.998149,4,367,0.961563,48.98,605.954,645.054,3,4,ps
1778410962.6552422,4,368,0.706649,49.87,601.696,632.468,3,4,ps
1778410963.3593075,4,369,0.622551,46.34,642.854,681.536,3,4,ps
1778410964.0076747,4,370,0.5193,50.11,594.943,630.945,3,4,ps
1778410964.6758401,4,371,0.844105,49.33,618.545,639.703,3,4,ps
1778410965.3926141,4,372,0.823745,46.91,658.114,673.448,3,4,ps
1778410966.0264606,4,373,0.936762,52.71,569.72,599.86,3,4,ps
1778410966.6746078,4,374,0.455744,50.11,596.355,629.594,3,4,ps
1778410967.3005083,4,375,0.48438,51.82,580.321,608.457,3,4,ps
1778410967.9275947,4,376,0.825467,52.6,578.377,600.065,3,4,ps
1778410968.5811284,4,377,0.586137,50.49,609.989,626.415,3,4,ps
1778410969.1992054,4,378,0.619815,52.69,569.86,598.533,3,4,ps
1778410969.8314612,4,379,1.003618,51.33,587.503,614.726,3,4,ps
1778410970.4508183,4,380,0.755084,54.09,561.25,583.333,3,4,ps
1778410971.0659916,4,381,0.571634,52.77,572.641,598.986,3,4,ps
1778410971.686742,4,382,0.615812,54.48,563.335,579.554,3,4,ps
1778410972.362985,4,383,0.752853,48.22,630.904,655.715,3,4,ps
1778410972.9866617,4,384,0.872006,52.72,571.47,598.086,3,4,ps
1778410973.652867,4,385,0.514438,48.98,618.458,645.268,3,4,ps
1778410974.27368,4,386,0.514208,53.83,566.936,587.241,3,4,ps
1778410974.9177701,4,387,0.61292,50.36,605.684,628.115,3,4,ps
1778410975.5613046,4,388,0.498679,50.99,592.802,618.666,3,4,ps
1778410976.187266,4,389,0.47905,52.63,578.945,600.177,3,4,ps
1778410976.7532568,4,390,0.891234,35.74,523.908,550.75,3,4,ps
1778410980.450753,5,0,0.786056,54.04,559.438,583.166,3,4,ps
1778410981.058543,5,1,0.641652,53.75,567.618,586.598,3,4,ps
1778410981.6742117,5,2,0.525268,53.42,566.956,589.714,3,4,ps
1778410982.310659,5,3,0.598236,51.08,588.415,617.571,3,4,ps
1778410982.9255424,5,4,0.630982,52.94,579.636,595.351,3,4,ps
1778410983.5383759,5,5,0.482071,53.0,569.011,595.993,3,4,ps
1778410984.182584,5,6,0.56279,50.36,601.796,626.246,3,4,ps
1778410984.8136888,5,7,0.970743,52.77,574.692,599.108,3,4,ps
1778410985.464677,5,8,0.416992,49.8,612.316,634.343,3,4,ps
1778410986.0846527,5,9,0.672732,52.86,580.391,596.149,3,4,ps
1778410986.7114902,5,10,0.715511,53.63,571.983,588.76,3,4,ps
1778410987.3475149,5,11,0.562926,51.01,603.834,620.059,3,4,ps
1778410987.9552119,5,12,0.298744,54.79,559.265,576.27,3,4,ps
1778410988.5685096,5,13,0.627019,53.58,561.012,588.061,3,4,ps
1778410989.2021143,5,14,0.768106,52.05,580.496,605.99,3,4,ps
1778410989.81141,5,15,0.614764,53.3,559.684,591.462,3,4,ps
1778410990.4037464,5,16,0.701167,56.31,538.594,559.953,3,4,ps
1778410991.0058563,5,17,0.787267,54.55,557.309,577.473,3,4,ps
1778410991.6097429,5,18,0.454531,54.93,556.964,574.323,3,4,ps
1778410992.1983352,5,19,0.854922,56.42,541.547,558.438,3,4,ps
1778410992.7883646,5,20,0.472525,56.24,544.184,559.746,3,4,ps
1778410993.4025347,5,21,0.638773,53.98,562.594,584.071,3,4,ps
1778410994.004755,5,22,0.560525,55.29,541.989,569.928,3,4,ps
1778410994.6005044,5,23,0.5315,55.32,553.457,569.75,3,4,ps
1778410995.2728348,5,24,0.756854,48.87,625.286,646.0,3,4,ps
1778410995.8653796,5,25,0.605753,54.76,557.803,575.384,3,4,ps
1778410996.4555113,5,26,0.580689,55.0,557.543,573.045,3,4,ps
1778410997.0518932,5,27,0.780821,55.59,550.46,566.324,3,4,ps
1778410997.6625385,5,28,0.535292,54.37,556.832,579.294,3,4,ps
1778410998.2814019,5,29,0.627587,53.02,570.467,593.915,3,4,ps
1778410998.9013274,5,30,0.749366,54.12,566.216,581.967,3,4,ps
1778410999.4916935,5,31,0.764306,56.57,525.669,556.649,3,4,ps
1778411000.0864153,5,32,0.820856,55.52,543.183,567.628,3,4,ps
1778411000.690247,5,33,0.450944,55.56,544.734,566.95,3,4,ps
1778411001.273649,5,34,0.598251,55.97,535.473,564.473,3,4,ps
1778411001.8613873,5,35,0.452358,55.44,549.95,568.261,3,4,ps
1778411002.4424007,5,36,0.619473,55.93,542.409,562.885,3,4,ps
1778411003.025201,5,37,0.808208,56.81,518.546,555.183,3,4,ps
1778411003.6157527,5,38,0.879263,56.2,543.764,560.36,3,4,ps
1778411004.2076056,5,39,0.69764,54.94,552.866,575.14,3,4,ps
1778411004.792056,5,40,1.071882,55.52,551.335,568.471,3,4,ps
1778411005.444799,5,41,0.696437,50.72,607.06,623.58,3,4,ps
1778411006.0651844,5,42,0.521119,53.05,570.019,594.965,3,4,ps
1778411006.6731079,5,43,1.000748,54.87,556.144,574.366,3,4,ps
1778411007.273725,5,44,0.899862,54.81,556.147,574.931,3,4,ps
1778411007.8663504,5,45,0.712771,55.92,543.106,563.125,3,4,ps
1778411008.4548604,5,46,0.529493,56.65,540.91,556.799,3,4,ps
1778411009.0422952,5,47,0.277174,56.3,543.166,560.217,3,4,ps
1778411009.678188,5,48,0.811956,52.26,586.751,604.973,3,4,ps
1778411010.304139,5,49,0.502,51.81,594.311,609.845,3,4,ps
1778411010.9519904,5,50,0.85262,52.32,582.169,602.688,3,4,ps
1778411011.5763183,5,51,0.549571,53.48,555.416,589.661,3,4,ps
1778411012.210558,5,52,0.69465,51.92,578.3,608.202,3,4,ps
1778411012.8280718,5,53,0.73747,53.5,561.167,589.347,3,4,ps
1778411013.4367297,5,54,0.574749,54.56,556.269,577.799,3,4,ps
1778411014.07225,5,55,0.814504,51.44,571.716,614.683,3,4,ps
1778411014.6943324,5,56,0.506195,52.15,579.329,606.346,3,4,ps
1778411015.378999,5,57,0.749345,47.83,640.437,661.736,3,4,ps
1778411016.0186508,5,58,0.457912,50.81,587.146,621.948,3,4,ps
1778411016.6491978,5,59,0.36253,52.35,583.298,602.313,3,4,ps
1778411017.261531,5,60,0.939496,54.14,557.491,582.573,3,4,ps
1778411017.8909643,5,61,0.828364,51.86,592.31,608.784,3,4,ps
1778411018.5039444,5,62,0.675616,54.65,561.631,577.801,3,4,ps
1778411019.1200755,5,63,0.617847,52.66,581.784,599.288,3,4,ps
1778411019.737066,5,64,0.727706,53.07,572.853,594.113,3,4,ps
1778411020.3532407,5,65,0.856849,54.13,566.96,582.281,3,4,ps
1778411021.021109,5,66,0.975619,48.87,621.587,645.748,3,4,ps
1778411021.6604645,5,67,0.480638,52.08,586.735,607.046,3,4,ps
1778411022.3093128,5,68,0.804663,50.05,604.163,632.145,3,4,ps
1778411022.9860923,5,69,0.646466,47.83,632.173,660.027,3,4,ps
1778411023.6122053,5,70,0.897388,52.33,580.97,602.579,3,4,ps
1778411024.2405653,5,71,0.527855,51.91,582.317,607.365,3,4,ps
1778411024.8892877,5,72,0.909847,50.89,598.478,621.483,3,4,ps
1778411025.5583913,5,73,0.54571,51.27,593.377,616.862,3,4,ps
1778411026.2005515,5,74,0.723746,50.94,593.677,619.218,3,4,ps
1778411026.845373,5,75,0.562665,51.86,581.466,608.225,3,4,ps
1778411027.5286343,5,76,0.680172,47.49,630.105,665.193,3,4,ps
1778411028.1627667,5,77,0.699142,52.13,577.664,604.928,3,4,ps
1778411028.813476,5,78,1.019233,50.0,612.611,631.615,3,4,ps
1778411029.470641,5,79,0.330243,50.64,607.575,624.422,3,4,ps
1778411030.131706,5,80,0.547062,49.74,616.581,634.474,3,4,ps
1778411030.7982154,5,81,0.48198,50.16,602.216,630.135,3,4,ps
1778411031.4219728,5,82,0.458483,53.26,576.946,593.495,3,4,ps
1778411032.034847,5,83,0.482073,52.99,575.551,595.401,3,4,ps
1778411032.697007,5,84,0.520656,49.1,604.367,642.535,3,4,ps
1778411033.3118932,5,85,0.447547,53.36,575.971,592.596,3,4,ps
1778411033.9177148,5,86,0.72279,55.03,553.096,572.555,3,4,ps
1778411034.5147696,5,87,0.636807,55.69,546.271,566.849,3,4,ps
1778411035.1121936,5,88,0.307532,55.16,555.853,571.119,3,4,ps
1778411035.713175,5,89,0.434428,54.72,552.048,575.565,3,4,ps
1778411036.310203,5,90,0.692506,56.34,546.831,560.309,3,4,ps
1778411036.9134147,5,91,0.529411,53.87,564.997,586.66,3,4,ps
1778411037.5690198,5,92,0.615474,50.25,606.447,627.917,3,4,ps
1778411038.180206,5,93,0.719134,54.75,556.815,577.171,3,4,ps
1778411038.770776,5,94,0.644548,54.96,546.934,573.364,3,4,ps
1778411039.366952,5,95,0.627102,55.97,533.916,562.911,3,4,ps
1778411039.9546163,5,96,0.635553,56.09,539.29,561.649,3,4,ps
1778411040.5440407,5,97,0.81168,56.53,538.125,558.913,3,4,ps
1778411041.13151,5,98,0.633903,55.3,552.325,569.89,3,4,ps
1778411041.7210014,5,99,0.625314,56.27,534.865,560.535,3,4,ps
1778411042.3044124,5,100,0.828305,56.46,541.961,559.331,3,4,ps
1778411042.9256358,5,101,0.565422,53.98,567.577,584.509,3,4,ps
1778411043.5061686,5,102,0.516867,58.53,510.22,537.847,3,4,ps
1778411044.0936606,5,103,0.623638,57.41,535.702,549.582,3,4,ps
1778411044.6751826,5,104,0.653271,56.85,534.205,554.628,3,4,ps
1778411045.3070898,5,105,0.692304,51.31,582.689,614.815,3,4,ps
1778411045.8946016,5,106,0.444433,56.25,544.972,560.854,3,4,ps
1778411046.4908328,5,107,0.629746,54.54,560.895,577.7,3,4,ps
1778411047.0837767,5,108,0.680846,56.39,545.818,559.288,3,4,ps
1778411047.706405,5,109,0.862457,53.43,560.805,590.897,3,4,ps
1778411048.3766382,5,110,0.43886,49.09,625.391,645.274,3,4,ps
1778411048.9957461,5,111,0.463351,52.45,580.08,601.173,3,4,ps
1778411049.6162388,5,112,0.732092,53.33,573.333,592.732,3,4,ps
1778411050.2223194,5,113,0.770784,53.57,568.607,590.019,3,4,ps
1778411050.850044,5,114,0.601628,51.7,577.378,610.006,3,4,ps
1778411051.4601014,5,115,0.536449,54.06,556.028,584.045,3,4,ps
1778411052.1204355,5,116,0.464133,49.43,614.968,638.178,3,4,ps
1778411052.7337542,5,117,0.475672,54.21,560.824,582.106,3,4,ps
1778411053.397129,5,118,0.70304,49.06,609.692,644.283,3,4,ps
1778411054.0449746,5,119,0.565844,50.1,594.938,630.72,3,4,ps
1778411054.6543915,5,120,0.445549,54.09,551.852,582.546,3,4,ps
1778411055.289904,5,121,0.534922,52.31,586.084,602.864,3,4,ps
1778411055.8978937,5,122,0.413722,54.47,559.672,578.773,3,4,ps
1778411056.4995735,5,123,0.793536,53.95,567.892,584.319,3,4,ps
1778411057.1014912,5,124,0.867589,55.65,547.141,566.616,3,4,ps
1778411057.711676,5,125,0.663768,54.36,562.084,581.316,3,4,ps
1778411058.32658,5,126,0.36646,54.05,561.48,584.834,3,4,ps
1778411058.9749599,5,127,0.499535,50.31,582.021,628.401,3,4,ps
1778411059.5892236,5,128,0.560426,53.8,567.009,585.677,3,4,ps
1778411060.2290397,5,129,0.784807,51.73,587.293,611.206,3,4,ps
1778411060.827665,5,130,0.728276,54.27,560.777,581.45,3,4,ps
1778411061.424266,5,131,0.439574,56.56,543.091,557.451,3,4,ps
1778411062.0165768,5,132,0.528928,55.38,544.876,569.757,3,4,ps
1778411062.6447883,5,133,0.725135,51.68,588.387,609.591,3,4,ps
1778411063.3372982,5,134,0.32139,47.72,623.937,662.667,3,4,ps
1778411063.9607162,5,135,1.221509,52.09,584.142,605.712,3,4,ps
1778411064.5525768,5,136,0.396275,56.12,541.451,561.367,3,4,ps
1778411065.1396482,5,137,0.364425,55.35,546.535,570.276,3,4,ps
1778411065.7346466,5,138,0.364455,54.58,553.59,579.013,3,4,ps
1778411066.3248355,5,139,0.976206,55.05,554.823,572.44,3,4,ps
1778411066.9257426,5,140,0.868764,54.86,537.716,574.108,3,4,ps
1778411067.5397017,5,141,0.851304,53.95,563.684,584.112,3,4,ps
1778411068.114582,5,142,0.404778,57.96,528.033,544.333,3,4,ps
1778411068.7119293,5,143,0.444077,55.79,549.822,566.201,3,4,ps
1778411069.3339489,5,144,0.446176,53.36,571.555,591.147,3,4,ps
1778411069.9389818,5,145,0.62342,54.01,566.056,583.692,3,4,ps
1778411070.5604506,5,146,0.448307,53.91,557.647,586.138,3,4,ps
1778411071.1429152,5,147,0.675315,55.83,546.761,564.92,3,4,ps
1778411071.7414727,5,148,0.515697,54.89,559.448,575.28,3,4,ps
1778411072.3390155,5,149,0.613948,55.7,533.218,566.665,3,4,ps
1778411072.9671984,5,150,1.307736,53.36,574.133,590.987,3,4,ps
1778411073.578347,5,151,0.67471,55.57,534.256,568.903,3,4,ps
1778411074.198383,5,152,0.678766,53.57,571.131,589.623,3,4,ps
1778411074.7953997,5,153,0.484001,57.04,539.607,553.061,3,4,ps
1778411075.4397047,5,154,0.556025,50.36,603.622,626.69,3,4,ps
1778411076.0600512,5,155,0.655843,52.84,576.532,596.84,3,4,ps
1778411076.69562,5,156,0.491503,51.51,587.656,613.021,3,4,ps
1778411077.3046224,5,157,0.663289,53.87,568.998,586.173,3,4,ps
1778411077.9100728,5,158,0.60989,54.0,560.94,583.75,3,4,ps
1778411078.503281,5,159,0.426907,55.48,552.8,568.974,3,4,ps
1778411079.1026225,5,160,0.468123,54.21,550.472,581.379,3,4,ps
1778411079.6796603,5,161,0.562231,57.01,533.064,552.311,3,4,ps
1778411080.3096812,5,162,0.705458,51.56,594.019,613.183,3,4,ps
1778411080.9157794,5,163,0.901729,55.09,542.507,571.725,3,4,ps
1778411081.5294192,5,164,0.944054,53.43,567.206,591.289,3,4,ps
1778411082.1285625,5,165,0.734088,54.26,551.735,581.74,3,4,ps
1778411082.7484095,5,166,0.629302,53.16,571.516,593.082,3,4,ps
1778411083.3179693,5,167,0.671319,58.32,524.636,539.665,3,4,ps
1778411083.894458,5,168,0.770242,57.07,532.733,552.942,3,4,ps
1778411084.4804938,5,169,0.660241,56.47,536.654,557.408,3,4,ps
1778411085.0680745,5,170,0.40983,56.43,545.373,559.549,3,4,ps
1778411085.6644468,5,171,0.764177,56.45,534.444,558.246,3,4,ps
1778411086.2402844,5,172,1.166926,57.15,536.553,552.128,3,4,ps
1778411086.8321054,5,173,0.961916,54.86,553.771,575.16,3,4,ps
1778411087.420705,5,174,0.661243,56.42,536.841,559.861,3,4,ps
1778411088.0078676,5,175,0.533029,55.36,552.306,570.089,3,4,ps
1778411088.6196215,5,176,0.720223,53.03,578.225,594.238,3,4,ps
1778411089.2157242,5,177,0.489339,54.96,554.718,574.669,3,4,ps
1778411089.8073535,5,178,0.655144,56.57,525.735,556.451,3,4,ps
1778411090.405284,5,179,0.673926,54.26,553.036,580.68,3,4,ps
1778411091.0252295,5,180,0.514779,52.38,584.522,602.34,3,4,ps
1778411091.6365867,5,181,0.74785,53.42,568.972,589.704,3,4,ps
1778411092.261889,5,182,0.641309,52.95,568.362,596.794,3,4,ps
1778411092.862943,5,183,0.317698,53.94,569.6,585.038,3,4,ps
1778411093.4358244,5,184,0.646904,56.69,508.348,556.896,3,4,ps
1778411094.0169191,5,185,0.609664,56.4,535.819,559.097,3,4,ps
1778411094.5937493,5,186,0.633228,56.31,536.172,559.998,3,4,ps
1778411095.2211483,5,187,0.48157,53.43,563.149,591.429,3,4,ps
1778411095.852119,5,188,0.815608,51.44,582.654,612.755,3,4,ps
1778411096.4761968,5,189,0.533619,53.43,574.86,591.622,3,4,ps
1778411097.0498407,5,190,0.35549,58.35,527.956,540.803,3,4,ps
1778411097.6544144,5,191,0.598166,54.35,565.605,581.488,3,4,ps
1778411098.2525394,5,192,0.680262,54.35,561.317,580.516,3,4,ps
1778411098.873754,5,193,0.427238,53.05,572.556,595.59,3,4,ps
1778411099.4950476,5,194,1.080216,54.29,564.433,581.704,3,4,ps
1778411100.1262891,5,195,0.452643,52.58,582.492,601.253,3,4,ps
1778411100.9346259,5,196,0.707822,40.36,756.59,784.99,3,4,ps
1778411101.6208806,5,197,0.474175,47.79,637.702,660.982,3,4,ps
1778411102.4410145,5,198,0.71621,39.65,744.641,798.263,3,4,ps
1778411103.1206486,5,199,0.513101,50.08,600.853,631.107,3,4,ps
1778411103.9538636,5,200,0.39473,39.61,774.703,800.496,3,4,ps
1778411104.6701,5,201,0.484321,45.49,656.107,696.126,3,4,ps
1778411105.4823341,5,202,0.838828,42.64,691.783,742.025,3,4,ps
1778411106.1692472,5,203,0.590847,48.81,618.743,646.784,3,4,ps
1778411106.853778,5,204,0.378675,47.79,624.924,660.675,3,4,ps
1778411107.4452052,5,205,0.752737,55.03,540.107,572.466,3,4,ps
1778411108.03718,5,206,0.529916,55.61,548.6,568.117,3,4,ps
1778411108.6148665,5,207,0.613411,57.67,524.085,547.563,3,4,ps
1778411109.2132266,5,208,0.509965,54.22,556.913,581.977,3,4,ps
1778411109.8269818,5,209,0.733532,53.57,565.867,587.961,3,4,ps
1778411110.4381032,5,210,0.460151,54.8,553.304,575.796,3,4,ps
1778411111.0409935,5,211,0.815668,53.88,555.287,584.766,3,4,ps
1778411111.6160054,5,212,0.480349,57.72,528.733,545.499,3,4,ps
1778411112.2477536,5,213,0.339933,52.45,579.044,601.047,3,4,ps
1778411112.835054,5,214,0.697876,56.02,542.19,562.328,3,4,ps
1778411113.4393263,5,215,0.601411,54.84,554.781,574.643,3,4,ps
1778411114.068972,5,216,0.651713,52.24,566.796,604.686,3,4,ps
1778411114.6949785,5,217,0.565082,53.41,571.44,591.689,3,4,ps
1778411115.3603961,5,218,0.702706,49.34,622.152,640.197,3,4,ps
1778411115.96292,5,219,0.929278,54.56,547.578,577.623,3,4,ps
1778411116.5526547,5,220,0.387737,55.06,547.063,573.001,3,4,ps
1778411117.144296,5,221,0.655356,54.9,551.39,573.492,3,4,ps
1778411117.7329478,5,222,0.508696,56.24,537.082,560.215,3,4,ps
1778411118.3303277,5,223,0.58319,55.76,546.954,565.958,3,4,ps
1778411118.9243073,5,224,0.707826,54.65,560.281,576.486,3,4,ps
1778411119.5011697,5,225,0.509331,57.0,529.432,553.422,3,4,ps
1778411120.1325305,5,226,0.621866,51.62,588.087,612.338,3,4,ps
1778411120.801319,5,227,0.48718,48.99,629.063,645.892,3,4,ps
1778411121.4242275,5,228,0.546771,52.95,577.644,595.823,3,4,ps
1778411122.0154872,5,229,0.32007,55.59,551.606,567.758,3,4,ps
1778411122.669486,5,230,0.455158,49.61,610.575,635.505,3,4,ps
1778411123.294379,5,231,0.586318,52.13,577.026,604.952,3,4,ps
1778411123.8875773,5,232,0.458216,55.92,536.261,563.497,3,4,ps
1778411124.4972842,5,233,0.88276,53.23,564.31,592.293,3,4,ps
1778411125.0844865,5,234,0.521024,55.32,540.176,571.378,3,4,ps
1778411125.7063377,5,235,0.415963,54.2,542.448,582.17,3,4,ps
1778411126.2879615,5,236,0.714541,57.15,521.9,552.176,3,4,ps
1778411126.9270854,5,237,0.621897,51.01,601.886,618.592,3,4,ps
1778411127.5438166,5,238,0.562801,54.43,567.174,580.171,3,4,ps
1778411128.130115,5,239,0.483408,55.39,553.204,568.76,3,4,ps
1778411128.736907,5,240,0.64038,55.06,559.408,573.086,3,4,ps
1778411129.3420205,5,241,0.745247,54.95,557.681,574.085,3,4,ps
1778411129.9225695,5,242,0.912733,57.28,534.577,549.864,3,4,ps
1778411130.5379019,5,243,0.634579,54.24,564.702,582.192,3,4,ps
1778411131.1416256,5,244,1.053803,55.38,545.52,569.23,3,4,ps
1778411131.7630668,5,245,0.609802,53.09,575.095,593.886,3,4,ps
1778411132.3522282,5,246,0.683598,56.29,542.852,560.264,3,4,ps
1778411132.9375613,5,247,0.45019,57.53,531.714,547.308,3,4,ps
1778411133.5546982,5,248,0.47009,53.79,567.227,585.629,3,4,ps
1778411134.1446645,5,249,0.539426,56.64,541.512,556.197,3,4,ps
1778411134.7562392,5,250,0.750031,54.05,554.611,584.632,3,4,ps
1778411135.411901,5,251,0.788245,49.59,617.1,637.386,3,4,ps
1778411136.014745,5,252,0.472202,54.89,550.042,574.153,3,4,ps
1778411136.6216364,5,253,0.459953,54.65,557.595,578.195,3,4,ps
1778411137.200114,5,254,0.603825,56.23,534.518,559.659,3,4,ps
1778411137.8131733,5,255,0.590201,53.33,572.527,590.425,3,4,ps
1778411138.43966,5,256,0.885109,52.99,575.034,594.572,3,4,ps
1778411139.0487196,5,257,0.624941,54.7,552.174,576.34,3,4,ps
1778411139.807082,5,258,0.872974,43.53,713.907,727.826,3,4,ps
1778411140.4765666,5,259,0.606895,48.62,613.643,650.597,3,4,ps
1778411141.1064057,5,260,0.820329,51.58,585.134,611.052,3,4,ps
1778411141.8220403,5,261,0.730415,47.18,636.546,669.773,3,4,ps
1778411142.6401508,5,262,0.460681,39.65,752.686,798.074,3,4,ps
1778411143.2974503,5,263,0.933276,49.73,615.322,634.718,3,4,ps
1778411143.945968,5,264,0.545366,51.96,579.369,606.755,3,4,ps
1778411144.6042614,5,265,0.782408,50.56,598.935,624.861,3,4,ps
1778411145.2454515,5,266,0.316342,51.67,590.699,611.226,3,4,ps
1778411145.9002275,5,267,0.604469,52.44,578.383,601.342,3,4,ps
1778411146.5333643,5,268,0.636494,52.69,581.965,598.992,3,4,ps
1778411147.149892,5,269,0.785623,53.34,574.746,591.702,3,4,ps
1778411147.780476,5,270,0.610786,51.77,579.694,610.605,3,4,ps
1778411148.4501512,5,271,0.524389,48.47,624.471,652.079,3,4,ps
1778411149.1381397,5,272,0.510482,48.5,591.169,651.789,3,4,ps
1778411149.842211,5,273,0.391031,46.7,611.933,676.244,3,4,ps
1778411150.5563884,5,274,0.635304,47.11,633.728,672.058,3,4,ps
1778411151.3041742,5,275,0.514317,44.33,673.295,714.274,3,4,ps
1778411152.2969127,5,276,0.60928,33.55,913.319,943.802,3,4,ps
1778411153.5188217,5,277,0.477066,27.99,1066.594,1133.689,3,4,ps
1778411154.4191031,5,278,0.424532,37.39,779.411,846.034,3,4,ps
1778411155.357634,5,279,0.793464,35.53,836.48,893.223,3,4,ps
1778411156.1314762,5,280,0.729049,42.51,687.23,744.53,3,4,ps
1778411156.8498344,5,281,0.379842,46.56,641.765,678.653,3,4,ps
1778411157.527611,5,282,0.728136,49.27,592.554,641.058,3,4,ps
1778411158.2100413,5,283,0.616955,47.92,628.337,660.051,3,4,ps
1778411158.8352962,5,284,0.281202,51.99,581.742,606.84,3,4,ps
1778411159.4703026,5,285,0.267723,51.09,588.727,617.859,3,4,ps
1778411160.180743,5,286,0.457125,46.38,642.862,681.137,3,4,ps
1778411160.922841,5,287,0.664729,45.15,669.066,701.774,3,4,ps
1778411161.6557863,5,288,0.559386,44.65,669.037,707.695,3,4,ps
1778411162.3233964,5,289,0.670747,50.55,592.906,625.799,3,4,ps
1778411162.9513109,5,290,0.588407,51.73,577.078,610.802,3,4,ps
1778411163.5512404,5,291,0.49438,54.12,567.684,583.934,3,4,ps
1778411164.1440113,5,292,0.621008,56.65,523.679,556.687,3,4,ps
1778411164.7433307,5,293,0.63291,56.2,544.526,560.558,3,4,ps
1778411165.34858,5,294,0.854544,54.18,543.179,582.395,3,4,ps
1778411165.9593408,5,295,0.545886,53.55,571.62,589.709,3,4,ps
1778411166.558121,5,296,0.439838,54.81,542.998,576.153,3,4,ps
1778411167.177191,5,297,0.62737,52.43,579.148,602.125,3,4,ps
1778411167.8080156,5,298,0.768329,51.96,581.653,608.055,3,4,ps
1778411168.3962948,5,299,0.590212,57.57,532.505,546.912,3,4,ps
1778411168.9807124,5,300,0.768059,56.81,519.47,554.46,3,4,ps
1778411169.5769854,5,301,0.800708,54.5,549.146,578.355,3,4,ps
1778411170.1603196,5,302,0.453061,56.11,544.594,563.048,3,4,ps
1778411170.730818,5,303,0.578962,56.95,534.272,552.646,3,4,ps
1778411171.312561,5,304,0.658571,57.68,531.63,547.467,3,4,ps
1778411171.8876376,5,305,0.461081,56.5,537.214,558.536,3,4,ps
1778411172.4685206,5,306,0.220064,58.32,527.362,540.097,3,4,ps
1778411173.050014,5,307,0.398516,57.02,535.584,552.359,3,4,ps
1778411173.6375134,5,308,0.615669,57.26,536.361,550.816,3,4,ps
1778411174.2226055,5,309,0.605946,56.16,539.022,560.733,3,4,ps
1778411174.808313,5,310,0.728572,56.96,539.006,554.184,3,4,ps
1778411175.4180303,5,311,0.880516,53.25,576.874,593.746,3,4,ps
1778411176.0193715,5,312,0.487388,54.36,552.823,580.085,3,4,ps
1778411176.6220267,5,313,0.635554,54.32,563.653,579.677,3,4,ps
1778411177.2535405,5,314,0.361821,52.57,584.788,600.279,3,4,ps
1778411177.8494797,5,315,0.523712,55.11,547.828,572.838,3,4,ps
1778411178.4297366,5,316,0.752528,56.65,532.856,555.872,3,4,ps
1778411179.025348,5,317,0.41464,54.49,560.085,579.882,3,4,ps
1778411179.6091604,5,318,0.504267,56.3,539.445,559.305,3,4,ps
1778411180.2064743,5,319,0.786742,56.55,545.82,558.109,3,4,ps
1778411180.793753,5,320,0.393024,55.29,554.873,571.014,3,4,ps
1778411181.3904176,5,321,0.773022,55.02,551.435,572.255,3,4,ps
1778411182.0129383,5,322,0.894767,53.32,574.146,590.699,3,4,ps
1778411182.6422904,5,323,0.720183,52.51,580.424,600.078,3,4,ps
1778411183.2971117,5,324,0.711543,50.61,597.988,623.468,3,4,ps
1778411184.0024974,5,325,0.936149,46.41,663.184,681.956,3,4,ps
1778411184.6235154,5,326,0.584743,52.4,581.06,603.309,3,4,ps
1778411185.2246988,5,327,0.813531,53.99,563.282,584.785,3,4,ps
1778411185.8346398,5,328,0.829408,53.27,560.707,592.449,3,4,ps
1778411186.4126756,5,329,0.654237,56.22,545.642,561.873,3,4,ps
1778411187.014274,5,330,0.526883,53.96,565.774,584.876,3,4,ps
1778411187.649223,5,331,0.485829,51.58,581.843,613.042,3,4,ps
1778411188.2204566,5,332,0.425761,56.9,537.406,554.956,3,4,ps
1778411188.8187938,5,333,0.833569,54.36,558.061,579.862,3,4,ps
1778411189.4221764,5,334,0.619803,55.05,556.683,572.885,3,4,ps
1778411190.0198205,5,335,0.55415,56.05,542.699,561.934,3,4,ps
1778411190.603092,5,336,0.698544,56.6,539.23,557.973,3,4,ps
1778411191.1738772,5,337,0.60323,56.91,539.529,554.533,3,4,ps
1778411191.7517707,5,338,0.435133,56.25,537.168,559.925,3,4,ps
1778411192.3294828,5,339,0.498938,57.91,528.693,543.759,3,4,ps
1778411192.8994334,5,340,0.628414,58.5,523.623,539.038,3,4,ps
1778411193.4682338,5,341,0.642188,59.33,517.775,532.107,3,4,ps
1778411194.079906,5,342,0.387503,53.07,579.153,595.19,3,4,ps
1778411194.660627,5,343,0.688867,55.88,544.221,565.23,3,4,ps
1778411195.2769134,5,344,0.429933,52.63,573.756,600.326,3,4,ps
1778411195.8796604,5,345,0.649835,53.85,565.699,586.604,3,4,ps
1778411196.4774015,5,346,0.770696,55.91,535.502,564.711,3,4,ps
1778411197.0604494,5,347,0.406122,56.37,532.977,559.929,3,4,ps
1778411197.6581652,5,348,0.462772,55.43,551.206,569.003,3,4,ps
1778411198.2478213,5,349,0.814607,55.06,557.396,573.999,3,4,ps
1778411198.8126867,5,350,0.466127,57.57,524.157,548.462,3,4,ps
1778411199.3800082,5,351,0.898282,58.48,519.924,539.624,3,4,ps
1778411199.9520473,5,352,0.749806,56.8,535.298,556.258,3,4,ps
1778411200.5239363,5,353,0.634608,56.86,534.752,554.85,3,4,ps
1778411201.0912747,5,354,0.436391,58.6,520.961,537.367,3,4,ps
1778411201.6569262,5,355,0.819726,59.21,517.527,531.226,3,4,ps
1778411202.223039,5,356,0.612197,58.15,526.188,541.394,3,4,ps
1778411202.788282,5,357,0.506439,58.87,519.74,534.695,3,4,ps
1778411203.3581817,5,358,0.317358,57.31,529.098,549.403,3,4,ps
1778411203.9364324,5,359,0.430491,57.1,536.193,552.69,3,4,ps
1778411204.5142756,5,360,0.476096,56.18,533.659,560.656,3,4,ps
1778411205.0915499,5,361,0.713615,57.58,530.925,546.951,3,4,ps
1778411205.6894884,5,362,0.58459,56.15,537.694,562.499,3,4,ps
1778411206.2656279,5,363,0.82355,56.39,529.618,559.73,3,4,ps
1778411206.8391995,5,364,0.620561,56.76,530.909,554.889,3,4,ps
1778411207.4187713,5,365,0.497607,57.37,526.465,550.664,3,4,ps
1778411207.9898357,5,366,0.52358,56.92,538.567,554.478,3,4,ps
1778411208.5940447,5,367,0.725914,53.77,567.772,586.287,3,4,ps
1778411209.171688,5,368,0.807098,57.48,528.615,548.489,3,4,ps
1778411209.7476547,5,369,0.81227,56.42,536.282,558.223,3,4,ps
1778411210.3177404,5,370,0.643545,58.16,525.118,541.956,3,4,ps
1778411210.8869126,5,371,0.517936,58.47,524.692,538.434,3,4,ps
1778411211.4508932,5,372,0.934589,58.93,510.875,534.23,3,4,ps
1778411212.024378,5,373,0.596134,58.64,522.675,538.274,3,4,ps
1778411212.6002722,5,374,0.608209,56.53,527.46,558.709,3,4,ps
1778411213.1682816,5,375,0.498025,57.27,527.324,549.786,3,4,ps
1778411213.7403507,5,376,0.697045,56.83,539.619,555.767,3,4,ps
1778411214.3187733,5,377,0.841103,56.16,540.245,562.94,3,4,ps
1778411214.8857775,5,378,0.571637,58.15,526.746,541.373,3,4,ps
1778411215.5038717,5,379,0.549705,53.62,573.627,589.066,3,4,ps
1778411216.074827,5,380,0.503084,56.9,534.083,553.564,3,4,ps
1778411216.6511276,5,381,0.815505,57.13,535.484,551.156,3,4,ps
1778411217.2211723,5,382,0.853709,57.79,530.327,546.458,3,4,ps
1778411217.7940156,5,383,0.688722,56.69,539.523,555.653,3,4,ps
1778411218.383075,5,384,0.740648,56.01,547.092,563.083,3,4,ps
1778411218.9942153,5,385,0.646573,54.56,561.691,578.72,3,4,ps
1778411219.5969622,5,386,0.729987,54.71,552.462,575.768,3,4,ps
1778411220.187806,5,387,1.098173,56.31,545.386,559.133,3,4,ps
1778411220.7650871,5,388,0.705147,57.81,526.76,544.189,3,4,ps
1778411221.3515618,5,389,0.926539,56.73,539.954,556.343,3,4,ps
1778411221.8973165,5,390,0.454684,37.08,504.48,530.63,3,4,ps
