timestamp,epoch,iteration,loss,throughput_samp_s,comm_latency_ms,iter_time_ms,rank,world_size,arch
1778527137.8975563,1,0,2.44802,87.55,618.889,1461.404,1,2,compressed_ring_ar
1778527138.7892962,1,1,2.322361,149.66,174.961,854.396,1,2,compressed_ring_ar
1778527139.5442028,1,2,2.307303,176.74,121.38,722.85,1,2,compressed_ring_ar
1778527140.1966248,1,3,2.324408,207.56,137.737,613.612,1,2,compressed_ring_ar
1778527140.94218,1,4,2.336856,179.27,136.75,712.568,1,2,compressed_ring_ar
1778527141.672158,1,5,2.289747,184.29,124.266,693.353,1,2,compressed_ring_ar
1778527142.378585,1,6,2.306698,198.53,111.831,643.524,1,2,compressed_ring_ar
1778527143.0884032,1,7,2.249839,189.69,141.627,672.471,1,2,compressed_ring_ar
1778527143.7727158,1,8,2.265039,196.3,114.226,650.771,1,2,compressed_ring_ar
1778527144.495055,1,9,2.184831,185.79,124.403,687.597,1,2,compressed_ring_ar
1778527145.2389266,1,10,2.351399,179.49,111.701,711.77,1,2,compressed_ring_ar
1778527145.957733,1,11,2.134041,188.31,147.426,678.354,1,2,compressed_ring_ar
1778527146.6743202,1,12,2.206786,192.02,119.14,665.348,1,2,compressed_ring_ar
1778527147.3679678,1,13,2.149936,194.7,110.251,656.043,1,2,compressed_ring_ar
1778527148.0396175,1,14,2.158897,199.43,120.764,640.47,1,2,compressed_ring_ar
1778527148.6654403,1,15,2.185787,215.94,99.027,591.655,1,2,compressed_ring_ar
1778527149.2735317,1,16,2.162747,225.53,88.433,566.292,1,2,compressed_ring_ar
1778527149.9333327,1,17,2.177392,206.38,182.721,618.81,1,2,compressed_ring_ar
1778527150.5909994,1,18,2.104552,205.21,123.393,620.569,1,2,compressed_ring_ar
1778527151.3357394,1,19,2.049935,179.08,115.378,713.557,1,2,compressed_ring_ar
1778527151.985675,1,20,2.306189,207.63,113.499,615.109,1,2,compressed_ring_ar
1778527152.7092767,1,21,2.022626,185.11,115.108,687.188,1,2,compressed_ring_ar
1778527153.4828134,1,22,2.0826,177.45,118.44,720.016,1,2,compressed_ring_ar
1778527154.2455974,1,23,2.100859,175.7,133.037,727.406,1,2,compressed_ring_ar
1778527155.2036173,1,24,2.078101,141.48,115.661,903.34,1,2,compressed_ring_ar
1778527155.915818,1,25,2.007285,187.98,107.78,676.731,1,2,compressed_ring_ar
1778527156.6179686,1,26,2.128886,191.95,115.924,663.663,1,2,compressed_ring_ar
1778527157.3160286,1,27,2.196918,191.56,129.491,663.512,1,2,compressed_ring_ar
1778527157.9530025,1,28,1.987445,211.78,108.512,603.043,1,2,compressed_ring_ar
1778527158.646837,1,29,1.91021,195.53,112.162,653.22,1,2,compressed_ring_ar
1778527159.3602047,1,30,2.088336,188.1,116.247,679.082,1,2,compressed_ring_ar
1778527160.0412855,1,31,2.022927,197.22,108.397,647.788,1,2,compressed_ring_ar
1778527160.642469,1,32,2.031585,237.73,145.579,537.147,1,2,compressed_ring_ar
1778527161.2756717,1,33,2.064332,219.05,173.045,582.946,1,2,compressed_ring_ar
1778527162.002219,1,34,1.95873,184.95,114.854,690.666,1,2,compressed_ring_ar
1778527162.6809206,1,35,1.983749,198.89,111.568,642.112,1,2,compressed_ring_ar
1778527163.4085228,1,36,2.079578,183.84,116.874,694.892,1,2,compressed_ring_ar
1778527164.1500106,1,37,2.061245,181.32,194.502,704.814,1,2,compressed_ring_ar
1778527164.8544817,1,38,1.919367,191.77,124.164,663.28,1,2,compressed_ring_ar
1778527165.549703,1,39,1.995044,193.68,127.531,658.672,1,2,compressed_ring_ar
1778527166.2682264,1,40,1.876323,186.32,112.432,684.865,1,2,compressed_ring_ar
1778527166.8529167,1,41,1.947301,232.94,107.176,548.371,1,2,compressed_ring_ar
1778527167.4193547,1,42,1.961681,243.18,134.233,525.528,1,2,compressed_ring_ar
1778527168.130145,1,43,1.942737,193.71,138.029,659.476,1,2,compressed_ring_ar
1778527168.7774422,1,44,1.921801,210.43,103.816,606.938,1,2,compressed_ring_ar
1778527169.4685032,1,45,1.890844,194.36,107.847,657.183,1,2,compressed_ring_ar
1778527170.1765752,1,46,1.987325,190.61,110.605,670.111,1,2,compressed_ring_ar
1778527170.8677173,1,47,1.96143,194.34,111.722,654.223,1,2,compressed_ring_ar
1778527171.6199903,1,48,1.922181,177.48,117.75,719.95,1,2,compressed_ring_ar
1778527172.3526757,1,49,1.865537,184.17,112.197,693.61,1,2,compressed_ring_ar
1778527173.028664,1,50,1.952488,199.95,108.005,638.615,1,2,compressed_ring_ar
1778527173.7251465,1,51,1.690226,193.22,123.276,661.04,1,2,compressed_ring_ar
1778527174.4607182,1,52,1.971156,182.95,114.654,698.243,1,2,compressed_ring_ar
1778527175.1753802,1,53,1.960204,187.97,136.286,679.609,1,2,compressed_ring_ar
1778527175.9027967,1,54,1.848373,184.79,121.54,689.657,1,2,compressed_ring_ar
1778527176.6036127,1,55,1.779522,191.53,117.974,664.754,1,2,compressed_ring_ar
1778527177.4075854,1,56,1.798824,166.06,134.944,769.699,1,2,compressed_ring_ar
1778527178.1629384,1,57,1.765976,181.47,108.476,703.968,1,2,compressed_ring_ar
1778527178.8603506,1,58,1.962669,193.1,118.271,661.466,1,2,compressed_ring_ar
1778527179.6050117,1,59,1.863896,179.49,148.031,711.734,1,2,compressed_ring_ar
1778527180.3282125,1,60,1.830861,191.24,107.592,667.88,1,2,compressed_ring_ar
1778527181.0505643,1,61,1.949635,185.24,116.674,689.752,1,2,compressed_ring_ar
1778527181.7765257,1,62,1.773435,185.58,131.915,688.303,1,2,compressed_ring_ar
1778527182.5409153,1,63,1.819517,175.78,119.342,725.099,1,2,compressed_ring_ar
1778527183.2844853,1,64,1.724046,180.43,124.488,708.043,1,2,compressed_ring_ar
1778527183.9268854,1,65,1.715862,211.17,105.645,604.779,1,2,compressed_ring_ar
1778527184.6759996,1,66,1.754693,178.12,149.782,717.366,1,2,compressed_ring_ar
1778527185.3743289,1,67,1.794597,193.36,161.044,660.624,1,2,compressed_ring_ar
1778527186.0653222,1,68,1.68028,193.61,108.235,659.746,1,2,compressed_ring_ar
1778527186.7590895,1,69,1.826831,193.7,111.479,659.364,1,2,compressed_ring_ar
1778527187.4051843,1,70,1.808048,209.18,110.23,610.518,1,2,compressed_ring_ar
1778527188.086386,1,71,1.831022,197.4,118.107,646.224,1,2,compressed_ring_ar
1778527188.8000407,1,72,1.906199,187.96,103.265,679.583,1,2,compressed_ring_ar
1778527189.5161722,1,73,1.654795,187.43,107.089,679.871,1,2,compressed_ring_ar
1778527190.2582922,1,74,1.709175,181.49,113.195,703.972,1,2,compressed_ring_ar
1778527191.0021935,1,75,1.816724,180.15,118.322,709.11,1,2,compressed_ring_ar
1778527191.692784,1,76,1.780161,196.2,122.804,649.762,1,2,compressed_ring_ar
1778527192.3369517,1,77,1.66537,209.6,171.605,609.258,1,2,compressed_ring_ar
1778527193.0998793,1,78,1.677169,175.25,163.862,729.372,1,2,compressed_ring_ar
1778527193.8254356,1,79,1.720483,190.59,115.435,670.226,1,2,compressed_ring_ar
1778527194.4687824,1,80,1.710149,211.32,135.878,604.367,1,2,compressed_ring_ar
1778527195.159894,1,81,1.835761,198.18,127.982,643.492,1,2,compressed_ring_ar
1778527195.8440542,1,82,1.70068,198.07,147.009,644.906,1,2,compressed_ring_ar
1778527196.5830808,1,83,1.702843,180.89,113.29,703.08,1,2,compressed_ring_ar
1778527197.2742498,1,84,1.672052,193.94,116.395,657.53,1,2,compressed_ring_ar
1778527197.8482525,1,85,1.7222,236.94,98.737,539.051,1,2,compressed_ring_ar
1778527198.472301,1,86,1.549283,221.89,142.5,575.634,1,2,compressed_ring_ar
1778527199.0468535,1,87,1.734553,239.69,134.242,532.934,1,2,compressed_ring_ar
1778527199.7272968,1,88,1.669008,204.4,185.903,624.827,1,2,compressed_ring_ar
1778527200.4268181,1,89,1.604624,193.81,123.509,658.114,1,2,compressed_ring_ar
1778527201.0984042,1,90,1.638897,199.99,127.582,638.664,1,2,compressed_ring_ar
1778527201.7097447,1,91,1.606377,226.73,83.346,563.708,1,2,compressed_ring_ar
1778527202.306752,1,92,1.726653,234.27,156.289,545.135,1,2,compressed_ring_ar
1778527202.9488387,1,93,1.63968,214.18,159.164,594.929,1,2,compressed_ring_ar
1778527203.5499463,1,94,1.693408,224.57,117.026,568.625,1,2,compressed_ring_ar
1778527204.1817818,1,95,1.598036,217.3,164.17,587.654,1,2,compressed_ring_ar
1778527204.867497,1,96,1.551994,195.78,135.489,652.428,1,2,compressed_ring_ar
1778527205.5720754,1,97,1.561407,190.39,113.518,670.872,1,2,compressed_ring_ar
1778527206.2926207,1,98,1.610719,186.53,115.007,684.819,1,2,compressed_ring_ar
1778527207.0274417,1,99,1.77881,186.43,107.941,685.185,1,2,compressed_ring_ar
1778527207.733549,1,100,1.5915,189.63,120.104,673.572,1,2,compressed_ring_ar
1778527208.440423,1,101,1.724362,190.32,116.176,671.167,1,2,compressed_ring_ar
1778527209.2106352,1,102,1.776412,174.45,125.217,732.437,1,2,compressed_ring_ar
1778527209.9857068,1,103,1.650778,173.33,154.788,736.45,1,2,compressed_ring_ar
1778527210.6742983,1,104,1.734397,197.95,116.34,645.223,1,2,compressed_ring_ar
1778527211.3975923,1,105,1.767239,185.19,124.861,689.685,1,2,compressed_ring_ar
1778527212.1065557,1,106,1.671733,188.71,117.574,676.202,1,2,compressed_ring_ar
1778527212.7744207,1,107,1.709695,201.66,146.064,633.346,1,2,compressed_ring_ar
1778527213.4755495,1,108,1.644761,191.48,104.067,667.052,1,2,compressed_ring_ar
1778527214.1621022,1,109,1.735891,195.74,112.167,652.546,1,2,compressed_ring_ar
1778527214.8544695,1,110,1.64735,194.45,126.427,656.79,1,2,compressed_ring_ar
1778527215.5342305,1,111,1.695259,199.25,112.834,639.091,1,2,compressed_ring_ar
1778527216.2579992,1,112,1.719244,184.55,118.407,692.2,1,2,compressed_ring_ar
1778527217.0043914,1,113,1.429183,179.32,133.475,712.402,1,2,compressed_ring_ar
1778527217.6751363,1,114,1.697294,202.66,109.329,630.287,1,2,compressed_ring_ar
1778527218.368895,1,115,1.831277,193.21,128.957,661.125,1,2,compressed_ring_ar
1778527219.0789232,1,116,1.594534,189.13,115.138,675.403,1,2,compressed_ring_ar
1778527219.7907627,1,117,1.605314,188.13,127.846,679.02,1,2,compressed_ring_ar
1778527220.431284,1,118,1.544846,211.88,109.586,602.74,1,2,compressed_ring_ar
1778527221.177784,1,119,1.604767,179.0,142.698,713.751,1,2,compressed_ring_ar
1778527221.885414,1,120,1.553687,190.4,125.692,670.008,1,2,compressed_ring_ar
1778527222.5745566,1,121,1.666056,194.62,120.543,653.275,1,2,compressed_ring_ar
1778527223.1678898,1,122,1.665499,227.4,108.187,561.436,1,2,compressed_ring_ar
1778527223.866239,1,123,1.634734,192.83,119.365,662.355,1,2,compressed_ring_ar
1778527224.489576,1,124,1.629355,216.76,83.021,589.495,1,2,compressed_ring_ar
1778527225.1419976,1,125,1.596319,211.63,159.808,603.363,1,2,compressed_ring_ar
1778527225.8138146,1,126,1.76237,201.79,103.949,632.997,1,2,compressed_ring_ar
1778527226.4990091,1,127,1.695687,196.0,123.646,651.699,1,2,compressed_ring_ar
1778527227.202875,1,128,1.65595,190.6,108.401,670.129,1,2,compressed_ring_ar
1778527227.914548,1,129,1.381968,189.05,125.192,674.698,1,2,compressed_ring_ar
1778527228.4938512,1,130,1.641685,236.06,107.595,541.155,1,2,compressed_ring_ar
1778527229.0583487,1,131,1.796702,245.9,129.388,519.253,1,2,compressed_ring_ar
1778527229.706609,1,132,1.664276,209.81,137.783,608.882,1,2,compressed_ring_ar
1778527230.400308,1,133,1.470576,197.66,117.924,646.147,1,2,compressed_ring_ar
1778527231.113426,1,134,1.470282,188.12,125.984,679.012,1,2,compressed_ring_ar
1778527231.8108733,1,135,1.497988,192.01,104.386,662.234,1,2,compressed_ring_ar
1778527232.5234065,1,136,1.502106,188.01,114.489,679.408,1,2,compressed_ring_ar
1778527233.2202864,1,137,1.53875,192.33,126.818,664.232,1,2,compressed_ring_ar
1778527233.8713918,1,138,1.522229,213.87,72.349,597.433,1,2,compressed_ring_ar
1778527234.4537206,1,139,1.578302,240.96,156.728,529.915,1,2,compressed_ring_ar
1778527235.0128064,1,140,1.612105,247.49,153.944,515.928,1,2,compressed_ring_ar
1778527235.5803323,1,141,1.468188,243.16,150.633,525.095,1,2,compressed_ring_ar
1778527236.135029,1,142,1.626711,253.89,142.304,503.089,1,2,compressed_ring_ar
1778527236.7961538,1,143,1.689631,208.67,165.85,612.008,1,2,compressed_ring_ar
1778527237.5042598,1,144,1.570753,189.72,112.404,673.368,1,2,compressed_ring_ar
1778527238.2616544,1,145,1.522512,178.44,129.831,716.103,1,2,compressed_ring_ar
1778527238.9558892,1,146,1.618361,198.72,109.078,642.77,1,2,compressed_ring_ar
1778527239.6590667,1,147,1.648352,191.11,113.094,667.418,1,2,compressed_ring_ar
1778527240.3767583,1,148,1.579285,188.47,117.576,674.309,1,2,compressed_ring_ar
1778527241.065777,1,149,1.517534,195.39,117.869,653.665,1,2,compressed_ring_ar
1778527241.810724,1,150,1.644144,179.54,113.305,708.585,1,2,compressed_ring_ar
1778527242.5104241,1,151,1.538334,192.22,124.218,664.463,1,2,compressed_ring_ar
1778527243.193456,1,152,1.571452,196.85,101.757,648.81,1,2,compressed_ring_ar
1778527243.8752706,1,153,1.518824,196.73,124.601,649.28,1,2,compressed_ring_ar
1778527244.5790362,1,154,1.620545,190.54,136.146,670.382,1,2,compressed_ring_ar
1778527245.3051755,1,155,1.655085,184.26,113.711,693.307,1,2,compressed_ring_ar
1778527246.015688,1,156,1.539346,188.19,107.389,678.766,1,2,compressed_ring_ar
1778527246.708133,1,157,1.65265,193.66,116.897,659.571,1,2,compressed_ring_ar
1778527247.4001365,1,158,1.437165,193.72,119.581,659.382,1,2,compressed_ring_ar
1778527248.0645068,1,159,1.489197,203.11,120.81,628.921,1,2,compressed_ring_ar
1778527248.7777982,1,160,1.676638,188.19,121.35,678.73,1,2,compressed_ring_ar
1778527249.5182116,1,161,1.665018,183.72,130.609,695.298,1,2,compressed_ring_ar
1778527250.231733,1,162,1.566454,188.23,117.815,678.621,1,2,compressed_ring_ar
1778527250.915024,1,163,1.588912,199.16,106.087,641.294,1,2,compressed_ring_ar
1778527251.6209111,1,164,1.390306,189.99,134.541,672.454,1,2,compressed_ring_ar
1778527252.3285708,1,165,1.514136,191.63,115.33,666.566,1,2,compressed_ring_ar
1778527253.025316,1,166,1.531179,192.16,117.466,664.681,1,2,compressed_ring_ar
1778527253.753945,1,167,1.52588,183.42,109.091,696.419,1,2,compressed_ring_ar
1778527254.4474218,1,168,1.608001,193.66,112.214,659.585,1,2,compressed_ring_ar
1778527255.116057,1,169,1.48458,201.66,121.803,632.333,1,2,compressed_ring_ar
1778527255.7601893,1,170,1.597125,209.76,143.33,608.83,1,2,compressed_ring_ar
1778527256.4537067,1,171,1.716633,193.13,118.064,661.335,1,2,compressed_ring_ar
1778527257.1160276,1,172,1.588252,204.47,113.797,624.571,1,2,compressed_ring_ar
1778527257.8197823,1,173,1.578376,190.39,117.583,670.804,1,2,compressed_ring_ar
1778527258.5034187,1,174,1.489716,196.16,105.496,651.118,1,2,compressed_ring_ar
1778527259.1900551,1,175,1.518245,195.65,117.363,652.826,1,2,compressed_ring_ar
1778527259.9859533,1,176,1.491575,167.13,129.865,764.477,1,2,compressed_ring_ar
1778527260.6760442,1,177,1.450146,195.9,119.147,651.989,1,2,compressed_ring_ar
1778527261.3796587,1,178,1.634178,190.38,109.779,670.953,1,2,compressed_ring_ar
1778527262.1186595,1,179,1.516499,180.65,136.322,703.949,1,2,compressed_ring_ar
1778527262.7018821,1,180,1.647369,233.19,106.035,545.888,1,2,compressed_ring_ar
1778527263.40207,1,181,1.46017,191.15,115.761,668.206,1,2,compressed_ring_ar
1778527264.1007872,1,182,1.411726,191.79,158.161,666.107,1,2,compressed_ring_ar
1778527264.8179088,1,183,1.358778,186.69,131.712,684.174,1,2,compressed_ring_ar
1778527265.4850245,1,184,1.52927,202.62,108.198,630.279,1,2,compressed_ring_ar
1778527266.2319915,1,185,1.41877,179.15,113.044,710.186,1,2,compressed_ring_ar
1778527266.9458277,1,186,1.537516,187.33,132.489,681.904,1,2,compressed_ring_ar
1778527267.6315277,1,187,1.490886,195.89,107.784,652.165,1,2,compressed_ring_ar
1778527268.3366568,1,188,1.554361,191.22,128.979,668.06,1,2,compressed_ring_ar
1778527269.0190272,1,189,1.567222,197.92,104.252,645.355,1,2,compressed_ring_ar
1778527269.7482939,1,190,1.480216,183.67,109.319,695.455,1,2,compressed_ring_ar
1778527270.502635,1,191,1.489474,179.53,132.247,709.923,1,2,compressed_ring_ar
1778527271.1966648,1,192,1.53226,193.76,129.741,659.417,1,2,compressed_ring_ar
1778527271.8204455,1,193,1.62325,216.1,109.98,590.994,1,2,compressed_ring_ar
1778527272.5383663,1,194,1.445848,188.11,110.29,679.05,1,2,compressed_ring_ar
1778527273.1467686,1,195,1.308379,67.25,123.807,589.966,1,2,compressed_ring_ar
1778527279.6770782,2,0,1.469731,173.91,121.689,734.577,1,2,compressed_ring_ar
1778527280.3507082,2,1,1.628349,205.34,105.146,621.99,1,2,compressed_ring_ar
1778527281.0944507,2,2,1.524078,180.16,129.238,709.084,1,2,compressed_ring_ar
1778527281.8051715,2,3,1.360749,188.92,119.592,676.13,1,2,compressed_ring_ar
1778527282.5398324,2,4,1.486431,182.23,143.219,701.004,1,2,compressed_ring_ar
1778527283.2174108,2,5,1.320423,199.25,119.36,637.866,1,2,compressed_ring_ar
1778527283.7954955,2,6,1.487119,234.11,130.9,545.531,1,2,compressed_ring_ar
1778527284.4186313,2,7,1.400569,218.32,105.247,584.909,1,2,compressed_ring_ar
1778527285.1105938,2,8,1.59407,194.52,130.831,656.687,1,2,compressed_ring_ar
1778527285.7643495,2,9,1.511393,206.62,113.468,618.27,1,2,compressed_ring_ar
1778527286.5642297,2,10,1.5722,168.61,129.893,757.79,1,2,compressed_ring_ar
1778527287.3105357,2,11,1.409502,179.5,127.171,708.719,1,2,compressed_ring_ar
1778527288.059601,2,12,1.425565,179.54,137.978,708.239,1,2,compressed_ring_ar
1778527288.6448917,2,13,1.495764,230.66,131.149,550.485,1,2,compressed_ring_ar
1778527289.2394853,2,14,1.373824,226.99,146.133,560.132,1,2,compressed_ring_ar
1778527289.85982,2,15,1.472597,218.23,148.003,582.586,1,2,compressed_ring_ar
1778527290.4338593,2,16,1.522374,236.54,122.202,539.74,1,2,compressed_ring_ar
1778527291.0276659,2,17,1.586056,229.36,122.227,553.327,1,2,compressed_ring_ar
1778527291.5752544,2,18,1.397545,247.46,123.68,512.489,1,2,compressed_ring_ar
1778527292.1972475,2,19,1.37452,218.46,142.635,581.394,1,2,compressed_ring_ar
1778527292.7736173,2,20,1.508311,236.13,125.02,537.624,1,2,compressed_ring_ar
1778527293.3185349,2,21,1.368641,249.92,121.638,507.498,1,2,compressed_ring_ar
1778527293.8824818,2,22,1.638583,240.8,124.422,527.335,1,2,compressed_ring_ar
1778527294.4385257,2,23,1.422583,244.11,125.816,523.085,1,2,compressed_ring_ar
1778527295.0376122,2,24,1.342494,229.75,112.143,555.762,1,2,compressed_ring_ar
1778527295.740975,2,25,1.462335,190.58,137.794,667.009,1,2,compressed_ring_ar
1778527296.291649,2,26,1.380216,249.17,121.177,509.375,1,2,compressed_ring_ar
1778527296.8818996,2,27,1.352934,229.17,134.73,554.06,1,2,compressed_ring_ar
1778527297.488669,2,28,1.365619,222.66,129.083,570.463,1,2,compressed_ring_ar
1778527298.056311,2,29,1.417981,242.6,130.089,522.916,1,2,compressed_ring_ar
1778527298.6473198,2,30,1.494182,228.75,108.973,558.23,1,2,compressed_ring_ar
1778527299.3672307,2,31,1.530515,190.84,117.644,669.274,1,2,compressed_ring_ar
1778527300.1213334,2,32,1.478029,176.97,170.912,718.422,1,2,compressed_ring_ar
1778527300.6892872,2,33,1.40988,238.43,127.167,532.044,1,2,compressed_ring_ar
1778527301.273051,2,34,1.450258,231.43,132.259,548.577,1,2,compressed_ring_ar
1778527301.8911483,2,35,1.262982,218.18,125.073,582.057,1,2,compressed_ring_ar
1778527302.4984198,2,36,1.495926,222.92,154.26,569.606,1,2,compressed_ring_ar
1778527303.1290874,2,37,1.437099,216.06,106.294,591.057,1,2,compressed_ring_ar
1778527303.850687,2,38,1.425165,185.65,133.246,684.824,1,2,compressed_ring_ar
1778527304.4099462,2,39,1.231075,243.92,130.268,520.167,1,2,compressed_ring_ar
1778527305.0017977,2,40,1.360986,229.15,104.925,555.448,1,2,compressed_ring_ar
1778527305.8156083,2,41,1.460301,169.06,123.954,752.474,1,2,compressed_ring_ar
1778527306.3847294,2,42,1.460588,239.35,123.499,530.724,1,2,compressed_ring_ar
1778527306.9653888,2,43,1.468424,233.84,118.173,542.923,1,2,compressed_ring_ar
1778527307.5353184,2,44,1.473794,238.02,128.529,533.209,1,2,compressed_ring_ar
1778527308.1049938,2,45,1.446584,237.7,124.828,533.96,1,2,compressed_ring_ar
1778527308.6499987,2,46,1.280495,251.54,129.203,504.499,1,2,compressed_ring_ar
1778527309.245913,2,47,1.538137,226.86,121.891,559.495,1,2,compressed_ring_ar
1778527309.8446815,2,48,1.347144,225.14,120.653,567.1,1,2,compressed_ring_ar
1778527310.5026872,2,49,1.56259,204.93,135.073,620.489,1,2,compressed_ring_ar
1778527311.1111271,2,50,1.435555,222.43,131.783,570.875,1,2,compressed_ring_ar
1778527311.7253952,2,51,1.473752,220.19,125.143,576.558,1,2,compressed_ring_ar
1778527312.2768762,2,52,1.426288,245.66,117.973,516.575,1,2,compressed_ring_ar
1778527312.8595378,2,53,1.429647,232.58,122.504,545.701,1,2,compressed_ring_ar
1778527313.481355,2,54,1.384273,219.08,125.807,579.626,1,2,compressed_ring_ar
1778527314.0514646,2,55,1.356655,240.13,128.017,528.277,1,2,compressed_ring_ar
1778527314.6403544,2,56,1.61209,230.1,126.329,551.582,1,2,compressed_ring_ar
1778527315.2162127,2,57,1.324424,236.74,129.747,536.012,1,2,compressed_ring_ar
1778527315.8002229,2,58,1.425231,232.08,100.859,550.123,1,2,compressed_ring_ar
1778527316.4803984,2,59,1.521994,199.04,110.412,638.879,1,2,compressed_ring_ar
1778527317.228818,2,60,1.448182,180.76,118.043,706.708,1,2,compressed_ring_ar
1778527317.8937156,2,61,1.70452,202.97,132.723,625.65,1,2,compressed_ring_ar
1778527318.4616039,2,62,1.62066,238.35,129.671,532.329,1,2,compressed_ring_ar
1778527319.0462515,2,63,1.348929,236.78,110.754,539.25,1,2,compressed_ring_ar
1778527319.728737,2,64,1.347754,199.33,110.685,640.75,1,2,compressed_ring_ar
1778527320.4211125,2,65,1.523619,195.64,124.196,649.837,1,2,compressed_ring_ar
1778527320.993949,2,66,1.493333,244.72,124.104,518.382,1,2,compressed_ring_ar
1778527321.5934763,2,67,1.491317,226.58,101.043,563.554,1,2,compressed_ring_ar
1778527322.2865539,2,68,1.39445,193.35,131.485,659.849,1,2,compressed_ring_ar
1778527322.9744236,2,69,1.428027,195.07,122.848,654.856,1,2,compressed_ring_ar
1778527323.678235,2,70,1.460981,190.89,122.617,669.278,1,2,compressed_ring_ar
1778527324.3778985,2,71,1.366244,192.68,115.103,662.947,1,2,compressed_ring_ar
1778527325.0810814,2,72,1.424392,191.38,113.734,667.407,1,2,compressed_ring_ar
1778527325.781877,2,73,1.360272,191.64,116.775,663.571,1,2,compressed_ring_ar
1778527326.4857311,2,74,1.351737,191.01,128.235,665.885,1,2,compressed_ring_ar
1778527327.011324,2,75,1.516126,258.96,118.811,489.693,1,2,compressed_ring_ar
1778527327.5338411,2,76,1.567117,263.24,117.618,484.996,1,2,compressed_ring_ar
1778527328.1460097,2,77,1.345765,221.09,119.471,574.599,1,2,compressed_ring_ar
1778527328.6565542,2,78,1.410028,267.57,77.433,473.997,1,2,compressed_ring_ar
1778527329.369514,2,79,1.38646,189.02,130.416,672.39,1,2,compressed_ring_ar
1778527329.8745553,2,80,1.37148,270.34,94.92,472.074,1,2,compressed_ring_ar
1778527330.4906802,2,81,1.404673,220.27,87.56,579.771,1,2,compressed_ring_ar
1778527331.1381965,2,82,1.415894,207.77,92.159,611.613,1,2,compressed_ring_ar
1778527331.7800407,2,83,1.370528,210.36,93.575,607.122,1,2,compressed_ring_ar
1778527332.3667116,2,84,1.435478,238.17,163.397,535.632,1,2,compressed_ring_ar
1778527332.9931993,2,85,1.391077,214.71,116.97,594.734,1,2,compressed_ring_ar
1778527333.609493,2,86,1.494307,219.68,84.243,581.369,1,2,compressed_ring_ar
1778527334.1726165,2,87,1.440359,244.6,161.76,522.152,1,2,compressed_ring_ar
1778527334.8131135,2,88,1.443959,213.89,195.138,594.339,1,2,compressed_ring_ar
1778527335.3819757,2,89,1.380683,241.34,91.324,528.39,1,2,compressed_ring_ar
1778527336.0146859,2,90,1.331596,211.97,84.399,602.46,1,2,compressed_ring_ar
1778527336.647965,2,91,1.427577,213.11,92.065,599.334,1,2,compressed_ring_ar
1778527337.3384047,2,92,1.540967,194.93,133.142,651.979,1,2,compressed_ring_ar
1778527337.9139915,2,93,1.291932,235.33,126.164,539.461,1,2,compressed_ring_ar
1778527338.475456,2,94,1.375145,241.47,110.177,528.742,1,2,compressed_ring_ar
1778527339.055325,2,95,1.442999,233.99,81.088,545.882,1,2,compressed_ring_ar
1778527339.678872,2,96,1.400682,222.78,182.769,569.878,1,2,compressed_ring_ar
1778527340.2351253,2,97,1.475707,245.3,80.586,520.49,1,2,compressed_ring_ar
1778527340.8852134,2,98,1.529245,207.04,92.418,616.88,1,2,compressed_ring_ar
1778527341.5422606,2,99,1.329687,206.56,94.652,618.308,1,2,compressed_ring_ar
1778527342.2339206,2,100,1.425363,194.68,107.345,656.126,1,2,compressed_ring_ar
1778527342.906667,2,101,1.433393,200.7,93.273,636.38,1,2,compressed_ring_ar
1778527343.6046257,2,102,1.459433,193.23,97.042,661.034,1,2,compressed_ring_ar
1778527344.2258277,2,103,1.551016,218.92,97.327,583.367,1,2,compressed_ring_ar
1778527344.8110147,2,104,1.298542,237.89,144.343,536.832,1,2,compressed_ring_ar
1778527345.5260954,2,105,1.491524,188.72,109.59,676.794,1,2,compressed_ring_ar
1778527346.2169166,2,106,1.43507,195.12,104.579,654.658,1,2,compressed_ring_ar
1778527346.8554103,2,107,1.343464,210.73,89.743,606.061,1,2,compressed_ring_ar
1778527347.4933546,2,108,1.386383,211.77,92.314,603.078,1,2,compressed_ring_ar
1778527348.1519413,2,109,1.458495,203.88,92.672,624.769,1,2,compressed_ring_ar
1778527348.866154,2,110,1.454951,188.17,118.661,677.239,1,2,compressed_ring_ar
1778527349.5900078,2,111,1.307745,184.97,136.31,687.55,1,2,compressed_ring_ar
1778527350.1147227,2,112,1.418677,259.23,76.784,492.273,1,2,compressed_ring_ar
1778527350.765487,2,113,1.406367,207.61,85.962,615.153,1,2,compressed_ring_ar
1778527351.406327,2,114,1.288143,210.22,81.818,607.509,1,2,compressed_ring_ar
1778527352.0478313,2,115,1.410726,211.26,103.34,604.58,1,2,compressed_ring_ar
1778527352.698424,2,116,1.617593,206.43,104.787,618.652,1,2,compressed_ring_ar
1778527353.3282478,2,117,1.312013,213.87,89.594,597.365,1,2,compressed_ring_ar
1778527353.9354448,2,118,1.43175,228.44,179.218,558.99,1,2,compressed_ring_ar
1778527354.5833476,2,119,1.455171,208.04,116.841,614.071,1,2,compressed_ring_ar
1778527355.1603422,2,120,1.321891,240.73,126.604,530.404,1,2,compressed_ring_ar
1778527355.7246757,2,121,1.377708,247.78,123.972,515.23,1,2,compressed_ring_ar
1778527356.3384714,2,122,1.299672,224.08,163.519,570.029,1,2,compressed_ring_ar
1778527356.9135997,2,123,1.318363,245.69,153.445,519.726,1,2,compressed_ring_ar
1778527357.5071921,2,124,1.552148,231.98,142.0,550.567,1,2,compressed_ring_ar
1778527358.0866883,2,125,1.363757,243.7,134.526,524.025,1,2,compressed_ring_ar
1778527358.7084727,2,126,1.35814,219.45,191.982,582.301,1,2,compressed_ring_ar
1778527359.307379,2,127,1.435965,238.16,156.457,536.417,1,2,compressed_ring_ar
1778527359.914042,2,128,1.298368,228.8,188.758,558.413,1,2,compressed_ring_ar
1778527360.4765325,2,129,1.544886,245.85,151.573,519.321,1,2,compressed_ring_ar
1778527361.127999,2,130,1.530208,215.17,124.925,593.94,1,2,compressed_ring_ar
1778527361.6892636,2,131,1.487892,250.49,132.357,509.775,1,2,compressed_ring_ar
1778527362.2593036,2,132,1.560585,244.6,137.369,522.014,1,2,compressed_ring_ar
1778527362.8134103,2,133,1.46255,250.07,145.242,510.642,1,2,compressed_ring_ar
1778527363.387938,2,134,1.521648,238.8,105.364,534.832,1,2,compressed_ring_ar
1778527363.9725492,2,135,1.298909,238.07,128.618,536.355,1,2,compressed_ring_ar
1778527364.5700514,2,136,1.383312,230.61,111.129,553.773,1,2,compressed_ring_ar
1778527365.129734,2,137,1.357213,247.85,145.366,515.084,1,2,compressed_ring_ar
1778527365.6940467,2,138,1.392031,245.4,173.152,520.335,1,2,compressed_ring_ar
1778527366.2683976,2,139,1.398612,238.36,119.152,535.583,1,2,compressed_ring_ar
1778527366.9768307,2,140,1.458086,189.14,146.651,672.05,1,2,compressed_ring_ar
1778527367.5098822,2,141,1.302093,256.56,93.972,497.471,1,2,compressed_ring_ar
1778527368.1665967,2,142,1.212317,204.62,80.509,624.201,1,2,compressed_ring_ar
1778527368.8083444,2,143,1.34191,210.67,101.931,606.445,1,2,compressed_ring_ar
1778527369.5923724,2,144,1.363979,174.7,162.7,731.4,1,2,compressed_ring_ar
1778527370.290338,2,145,1.389848,192.56,88.744,663.617,1,2,compressed_ring_ar
1778527370.8642719,2,146,1.304404,243.35,160.212,524.701,1,2,compressed_ring_ar
1778527371.4367654,2,147,1.414394,242.33,155.955,526.999,1,2,compressed_ring_ar
1778527372.0035853,2,148,1.395357,246.9,149.218,517.137,1,2,compressed_ring_ar
1778527372.6081004,2,149,1.406738,228.0,179.541,560.212,1,2,compressed_ring_ar
1778527373.1763082,2,150,1.249881,243.64,131.302,524.086,1,2,compressed_ring_ar
1778527373.8440626,2,151,1.425831,201.34,84.401,634.374,1,2,compressed_ring_ar
1778527374.4723496,2,152,1.400638,214.89,93.826,594.332,1,2,compressed_ring_ar
1778527375.1087391,2,153,1.348235,211.74,102.011,603.201,1,2,compressed_ring_ar
1778527375.7438915,2,154,1.365681,212.52,98.946,599.927,1,2,compressed_ring_ar
1778527376.4021535,2,155,1.211383,204.7,96.884,623.89,1,2,compressed_ring_ar
1778527377.0138466,2,156,1.473929,221.15,85.223,577.744,1,2,compressed_ring_ar
1778527377.6565228,2,157,1.486566,215.14,158.899,593.775,1,2,compressed_ring_ar
1778527378.33498,2,158,1.496939,200.99,131.906,632.152,1,2,compressed_ring_ar
1778527378.8925898,2,159,1.380377,243.68,122.76,520.497,1,2,compressed_ring_ar
1778527379.4782944,2,160,1.461116,231.22,133.167,550.651,1,2,compressed_ring_ar
1778527380.1394033,2,161,1.314471,204.3,126.98,621.83,1,2,compressed_ring_ar
1778527380.7363715,2,162,1.332888,226.3,123.589,561.151,1,2,compressed_ring_ar
1778527381.3393779,2,163,1.392518,223.93,122.844,567.601,1,2,compressed_ring_ar
1778527381.8869116,2,164,1.21191,249.2,122.17,508.95,1,2,compressed_ring_ar
1778527382.4983811,2,165,1.176585,222.97,128.458,569.566,1,2,compressed_ring_ar
1778527383.0646534,2,166,1.295133,241.83,124.767,525.023,1,2,compressed_ring_ar
1778527383.6277752,2,167,1.337205,240.54,103.329,527.755,1,2,compressed_ring_ar
1778527384.3425183,2,168,1.35633,187.32,118.351,681.932,1,2,compressed_ring_ar
1778527385.0465724,2,169,1.415868,196.43,120.403,647.742,1,2,compressed_ring_ar
1778527385.6216826,2,170,1.248233,236.46,124.587,536.595,1,2,compressed_ring_ar
1778527386.2424831,2,171,1.368661,216.95,128.36,585.301,1,2,compressed_ring_ar
1778527386.8122969,2,172,1.333397,241.72,123.841,525.728,1,2,compressed_ring_ar
1778527387.390505,2,173,1.470237,234.32,125.129,541.647,1,2,compressed_ring_ar
1778527387.9377291,2,174,1.556913,249.82,122.953,507.666,1,2,compressed_ring_ar
1778527388.5493486,2,175,1.414012,220.83,138.021,575.015,1,2,compressed_ring_ar
1778527389.130073,2,176,1.333937,235.85,133.899,538.306,1,2,compressed_ring_ar
1778527389.7095122,2,177,1.484872,233.94,121.096,542.622,1,2,compressed_ring_ar
1778527390.1999834,2,178,1.442164,283.23,69.8,450.858,1,2,compressed_ring_ar
1778527390.7976787,2,179,1.349942,230.8,151.18,553.214,1,2,compressed_ring_ar
1778527391.4670792,2,180,1.219646,202.95,80.27,629.319,1,2,compressed_ring_ar
1778527392.2104766,2,181,1.307013,180.97,129.527,702.834,1,2,compressed_ring_ar
1778527392.878869,2,182,1.537519,200.89,79.101,635.706,1,2,compressed_ring_ar
1778527393.4856982,2,183,1.404682,222.32,94.974,574.666,1,2,compressed_ring_ar
1778527394.0751913,2,184,1.408288,232.99,136.998,548.096,1,2,compressed_ring_ar
1778527394.7079086,2,185,1.598451,213.45,78.346,595.071,1,2,compressed_ring_ar
1778527395.4688869,2,186,1.351256,175.56,101.437,727.729,1,2,compressed_ring_ar
1778527396.1840403,2,187,1.3634,190.53,130.987,667.149,1,2,compressed_ring_ar
1778527396.686096,2,188,1.432338,274.96,78.9,464.36,1,2,compressed_ring_ar
1778527397.2951906,2,189,1.384658,223.9,150.761,570.306,1,2,compressed_ring_ar
1778527397.9713624,2,190,1.386545,199.13,147.898,638.631,1,2,compressed_ring_ar
1778527398.5584278,2,191,1.139002,229.93,114.946,555.302,1,2,compressed_ring_ar
1778527399.2015476,2,192,1.368065,209.91,86.193,609.226,1,2,compressed_ring_ar
1778527399.872223,2,193,1.415875,204.9,153.494,623.287,1,2,compressed_ring_ar
1778527400.5544565,2,194,1.500759,199.51,86.511,640.181,1,2,compressed_ring_ar
1778527401.0547202,2,195,1.416754,81.77,82.623,486.02,1,2,compressed_ring_ar
1778527407.6043634,3,0,1.314062,174.63,106.861,731.526,1,2,compressed_ring_ar
1778527408.2556462,3,1,1.358718,206.93,108.884,617.366,1,2,compressed_ring_ar
1778527408.928233,3,2,1.436074,204.81,195.173,623.59,1,2,compressed_ring_ar
1778527409.5605955,3,3,1.378355,213.99,104.877,597.059,1,2,compressed_ring_ar
1778527410.2019808,3,4,1.304793,216.22,161.139,591.089,1,2,compressed_ring_ar
1778527410.808889,3,5,1.332481,228.19,140.124,559.51,1,2,compressed_ring_ar
1778527411.4614685,3,6,1.311246,206.01,88.266,620.001,1,2,compressed_ring_ar
1778527412.0903063,3,7,1.253946,214.06,125.007,596.613,1,2,compressed_ring_ar
1778527412.7147725,3,8,1.609592,215.74,92.087,591.944,1,2,compressed_ring_ar
1778527413.3923805,3,9,1.300959,200.79,98.334,636.05,1,2,compressed_ring_ar
1778527414.0411177,3,10,1.439584,207.65,87.428,614.185,1,2,compressed_ring_ar
1778527414.6970477,3,11,1.523064,208.88,83.379,611.379,1,2,compressed_ring_ar
1778527415.3490877,3,12,1.214274,206.2,91.056,619.329,1,2,compressed_ring_ar
1778527416.092432,3,13,1.265858,180.26,121.256,705.175,1,2,compressed_ring_ar
1778527416.5991225,3,14,1.471806,270.08,70.237,472.84,1,2,compressed_ring_ar
1778527417.1766791,3,15,1.40529,244.92,138.34,521.32,1,2,compressed_ring_ar
1778527417.7236588,3,16,1.365927,253.94,117.424,503.052,1,2,compressed_ring_ar
1778527418.3337288,3,17,1.296775,225.16,171.285,565.881,1,2,compressed_ring_ar
1778527418.9182534,3,18,1.306419,232.63,99.995,549.245,1,2,compressed_ring_ar
1778527419.4825127,3,19,1.352747,246.36,143.05,518.27,1,2,compressed_ring_ar
1778527420.0572052,3,20,1.317852,242.45,158.228,526.751,1,2,compressed_ring_ar
1778527420.6423113,3,21,1.324051,233.73,171.752,546.471,1,2,compressed_ring_ar
1778527421.298394,3,22,1.266142,210.61,189.336,603.283,1,2,compressed_ring_ar
1778527421.8290875,3,23,1.358488,256.88,80.332,496.923,1,2,compressed_ring_ar
1778527422.4755633,3,24,1.260953,209.41,92.572,609.872,1,2,compressed_ring_ar
1778527423.1101665,3,25,1.410483,212.01,91.653,602.335,1,2,compressed_ring_ar
1778527423.7944741,3,26,1.072046,196.54,146.502,646.704,1,2,compressed_ring_ar
1778527424.3730936,3,27,1.386349,235.3,134.21,539.419,1,2,compressed_ring_ar
1778527424.978751,3,28,1.433228,223.36,126.641,568.641,1,2,compressed_ring_ar
1778527425.6619165,3,29,1.292967,205.38,115.703,621.91,1,2,compressed_ring_ar
1778527426.3877258,3,30,1.134063,184.55,114.473,692.244,1,2,compressed_ring_ar
1778527427.0870812,3,31,1.355153,193.3,117.425,660.755,1,2,compressed_ring_ar
1778527427.833969,3,32,1.315789,180.17,96.628,709.065,1,2,compressed_ring_ar
1778527428.5540817,3,33,1.22017,188.11,138.955,675.796,1,2,compressed_ring_ar
1778527429.0994914,3,34,1.488205,251.28,89.845,508.096,1,2,compressed_ring_ar
1778527429.7662332,3,35,1.454382,203.38,90.402,628.089,1,2,compressed_ring_ar
1778527430.4475935,3,36,1.374912,200.9,97.48,634.087,1,2,compressed_ring_ar
1778527431.1296122,3,37,1.428581,196.91,103.065,645.97,1,2,compressed_ring_ar
1778527431.8514388,3,38,1.287537,187.31,98.54,681.927,1,2,compressed_ring_ar
1778527432.5042894,3,39,1.320145,206.73,89.903,617.753,1,2,compressed_ring_ar
1778527433.1618743,3,40,1.275506,205.29,88.432,622.233,1,2,compressed_ring_ar
1778527433.8081806,3,41,1.546521,213.5,101.703,598.185,1,2,compressed_ring_ar
1778527434.4005876,3,42,1.441322,232.2,165.081,549.862,1,2,compressed_ring_ar
1778527435.0589848,3,43,1.357567,204.21,126.493,625.486,1,2,compressed_ring_ar
1778527435.6401343,3,44,1.232826,233.22,76.555,547.443,1,2,compressed_ring_ar
1778527436.2863495,3,45,1.415627,208.39,101.006,612.856,1,2,compressed_ring_ar
1778527436.9337275,3,46,1.289854,207.72,81.844,614.872,1,2,compressed_ring_ar
1778527437.5852234,3,47,1.325991,206.71,88.422,617.94,1,2,compressed_ring_ar
1778527438.301763,3,48,1.390885,186.67,99.657,684.286,1,2,compressed_ring_ar
1778527438.9656224,3,49,1.414817,205.37,97.365,621.824,1,2,compressed_ring_ar
1778527439.6313968,3,50,1.348502,201.9,83.949,632.624,1,2,compressed_ring_ar
1778527440.2800982,3,51,1.220313,207.33,96.273,616.019,1,2,compressed_ring_ar
1778527440.9279156,3,52,1.286977,207.83,100.623,614.453,1,2,compressed_ring_ar
1778527441.5477712,3,53,1.328062,217.79,89.333,586.33,1,2,compressed_ring_ar
1778527442.240484,3,54,1.353276,194.13,110.205,658.24,1,2,compressed_ring_ar
1778527442.8819525,3,55,1.54814,210.62,95.556,606.438,1,2,compressed_ring_ar
1778527443.5134363,3,56,1.222596,214.3,99.953,595.946,1,2,compressed_ring_ar
1778527444.090086,3,57,1.375387,242.69,153.73,526.263,1,2,compressed_ring_ar
1778527444.6475523,3,58,1.238546,249.3,150.886,512.174,1,2,compressed_ring_ar
1778527445.2353597,3,59,1.391579,233.53,149.626,546.695,1,2,compressed_ring_ar
1778527445.8508914,3,60,1.375818,220.71,86.349,578.81,1,2,compressed_ring_ar
1778527446.4569535,3,61,1.4144,233.93,125.397,545.844,1,2,compressed_ring_ar
1778527447.1141567,3,62,1.437316,206.24,86.948,616.566,1,2,compressed_ring_ar
1778527447.850077,3,63,1.441045,181.39,132.197,701.089,1,2,compressed_ring_ar
1778527448.4109077,3,64,1.37389,242.52,128.667,523.061,1,2,compressed_ring_ar
1778527448.9193828,3,65,1.470699,268.21,75.892,476.277,1,2,compressed_ring_ar
1778527449.4827774,3,66,1.405699,247.28,151.751,516.701,1,2,compressed_ring_ar
1778527450.1119804,3,67,1.403598,219.41,196.741,582.252,1,2,compressed_ring_ar
1778527450.741879,3,68,1.376213,216.44,182.922,590.085,1,2,compressed_ring_ar
1778527451.3655038,3,69,1.096192,216.92,77.346,588.957,1,2,compressed_ring_ar
1778527451.9598103,3,70,1.261837,233.73,155.473,546.227,1,2,compressed_ring_ar
1778527452.687508,3,71,1.369489,184.06,135.163,691.685,1,2,compressed_ring_ar
1778527453.2137861,3,72,1.223337,261.39,87.727,488.431,1,2,compressed_ring_ar
1778527453.9328346,3,73,1.335512,186.81,128.819,680.696,1,2,compressed_ring_ar
1778527454.4493372,3,74,1.246822,264.42,83.203,482.658,1,2,compressed_ring_ar
1778527455.0947437,3,75,1.436357,209.11,105.779,610.711,1,2,compressed_ring_ar
1778527455.7600963,3,76,1.150038,201.14,90.064,635.587,1,2,compressed_ring_ar
1778527456.373573,3,77,1.362113,222.09,86.686,574.948,1,2,compressed_ring_ar
1778527457.0074852,3,78,1.334234,217.45,102.276,587.261,1,2,compressed_ring_ar
1778527457.624434,3,79,1.329161,219.54,81.773,580.012,1,2,compressed_ring_ar
1778527458.3135314,3,80,1.318166,194.87,88.604,654.678,1,2,compressed_ring_ar
1778527459.002287,3,81,1.491066,194.4,136.974,653.732,1,2,compressed_ring_ar
1778527459.539871,3,82,1.387542,254.23,82.753,502.105,1,2,compressed_ring_ar
1778527460.292723,3,83,1.344677,177.8,147.011,715.274,1,2,compressed_ring_ar
1778527460.8511977,3,84,1.292975,243.05,123.749,521.807,1,2,compressed_ring_ar
1778527461.379096,3,85,1.296896,257.54,82.183,495.783,1,2,compressed_ring_ar
1778527461.9932895,3,86,1.426489,221.22,83.836,576.348,1,2,compressed_ring_ar
1778527462.6515596,3,87,1.293994,205.01,85.76,621.365,1,2,compressed_ring_ar
1778527463.3086748,3,88,1.284017,205.41,89.102,621.74,1,2,compressed_ring_ar
1778527463.9958687,3,89,1.270619,195.3,122.368,654.076,1,2,compressed_ring_ar
1778527464.6143148,3,90,1.216664,220.08,94.553,580.356,1,2,compressed_ring_ar
1778527465.2250018,3,91,1.323557,226.23,151.022,562.085,1,2,compressed_ring_ar
1778527465.8515189,3,92,1.158902,214.6,90.13,595.055,1,2,compressed_ring_ar
1778527466.5198462,3,93,1.425861,200.94,87.076,635.573,1,2,compressed_ring_ar
1778527467.1280365,3,94,1.279616,225.68,88.321,566.068,1,2,compressed_ring_ar
1778527467.7651029,3,95,1.235346,211.37,107.918,604.618,1,2,compressed_ring_ar
1778527468.404893,3,96,1.498873,216.87,139.833,587.812,1,2,compressed_ring_ar
1778527468.982406,3,97,1.391158,235.77,123.614,541.675,1,2,compressed_ring_ar
1778527469.6000483,3,98,1.292491,226.93,166.359,562.766,1,2,compressed_ring_ar
1778527470.2259765,3,99,1.428513,216.19,116.081,590.633,1,2,compressed_ring_ar
1778527470.894355,3,100,1.433334,201.35,86.385,634.415,1,2,compressed_ring_ar
1778527471.5276043,3,101,1.396578,214.17,89.817,596.291,1,2,compressed_ring_ar
1778527472.1801736,3,102,1.345244,205.76,105.994,620.607,1,2,compressed_ring_ar
1778527472.7994149,3,103,1.241705,217.49,86.029,587.164,1,2,compressed_ring_ar
1778527473.461962,3,104,1.425303,203.12,88.145,628.895,1,2,compressed_ring_ar
1778527474.1001918,3,105,1.307196,210.61,88.711,606.697,1,2,compressed_ring_ar
1778527474.7986095,3,106,1.242156,195.35,86.224,653.594,1,2,compressed_ring_ar
1778527475.462441,3,107,1.331373,203.41,94.842,624.826,1,2,compressed_ring_ar
1778527476.1010997,3,108,1.144867,212.56,91.507,601.02,1,2,compressed_ring_ar
1778527476.7657204,3,109,1.355768,210.91,100.014,605.556,1,2,compressed_ring_ar
1778527477.3612576,3,110,1.229258,228.3,72.073,559.346,1,2,compressed_ring_ar
1778527477.992872,3,111,1.233135,217.76,200.429,583.711,1,2,compressed_ring_ar
1778527478.5197725,3,112,1.521022,260.62,90.004,489.765,1,2,compressed_ring_ar
1778527479.167168,3,113,1.158562,207.68,84.12,614.961,1,2,compressed_ring_ar
1778527479.8161726,3,114,1.194625,209.08,99.628,610.94,1,2,compressed_ring_ar
1778527480.5086753,3,115,1.29551,196.29,109.238,649.871,1,2,compressed_ring_ar
1778527481.1182635,3,116,1.413139,221.25,76.809,577.485,1,2,compressed_ring_ar
1778527481.684913,3,117,1.473749,247.33,144.554,516.136,1,2,compressed_ring_ar
1778527482.2741568,3,118,1.307103,235.8,157.212,541.687,1,2,compressed_ring_ar
1778527482.8403075,3,119,1.289638,244.48,147.027,522.212,1,2,compressed_ring_ar
1778527483.405034,3,120,1.351534,247.99,146.273,515.11,1,2,compressed_ring_ar
1778527484.0133896,3,121,1.298556,227.64,159.66,558.14,1,2,compressed_ring_ar
1778527484.6744018,3,122,1.254168,202.72,84.946,630.181,1,2,compressed_ring_ar
1778527485.3292897,3,123,1.222815,211.35,166.835,604.302,1,2,compressed_ring_ar
1778527485.8465636,3,124,1.325786,266.33,70.142,479.377,1,2,compressed_ring_ar
1778527486.4115422,3,125,1.330233,246.87,116.301,517.283,1,2,compressed_ring_ar
1778527487.0579672,3,126,1.278401,218.58,163.032,584.413,1,2,compressed_ring_ar
1778527487.7061563,3,127,1.222463,212.04,90.904,601.461,1,2,compressed_ring_ar
1778527488.311526,3,128,1.225628,226.57,136.137,563.537,1,2,compressed_ring_ar
1778527488.9356892,3,129,1.222345,218.13,84.011,584.374,1,2,compressed_ring_ar
1778527489.6288717,3,130,1.315279,193.34,136.344,658.127,1,2,compressed_ring_ar
1778527490.3184426,3,131,1.361216,194.24,97.951,657.591,1,2,compressed_ring_ar
1778527491.0276492,3,132,1.202406,189.06,121.271,672.469,1,2,compressed_ring_ar
1778527491.5928895,3,133,1.23658,241.78,122.267,525.048,1,2,compressed_ring_ar
1778527492.1114554,3,134,1.347278,264.03,88.341,483.355,1,2,compressed_ring_ar
1778527492.7791765,3,135,1.227891,201.56,94.667,630.843,1,2,compressed_ring_ar
1778527493.437908,3,136,1.384439,203.85,98.66,626.472,1,2,compressed_ring_ar
1778527494.068913,3,137,1.361489,213.45,90.045,597.456,1,2,compressed_ring_ar
1778527494.7095406,3,138,1.211142,210.36,91.948,604.01,1,2,compressed_ring_ar
1778527495.4065826,3,139,1.216408,192.01,108.287,665.426,1,2,compressed_ring_ar
1778527496.0745707,3,140,1.370479,206.19,168.062,619.412,1,2,compressed_ring_ar
1778527496.777699,3,141,1.340122,191.79,113.0,666.016,1,2,compressed_ring_ar
1778527497.4002173,3,142,1.274336,216.52,98.527,589.907,1,2,compressed_ring_ar
1778527497.9851952,3,143,1.161508,236.23,119.65,540.63,1,2,compressed_ring_ar
1778527498.5991943,3,144,1.174342,220.92,85.65,577.989,1,2,compressed_ring_ar
1778527499.2343512,3,145,1.361683,213.55,90.956,598.52,1,2,compressed_ring_ar
1778527499.8043816,3,146,1.358271,243.86,139.311,523.561,1,2,compressed_ring_ar
1778527500.431714,3,147,1.427193,219.86,94.787,580.78,1,2,compressed_ring_ar
1778527501.1044328,3,148,1.307717,199.55,119.807,640.085,1,2,compressed_ring_ar
1778527501.7212954,3,149,1.273419,218.75,90.596,584.181,1,2,compressed_ring_ar
1778527502.47505,3,150,1.479025,179.49,253.739,711.839,1,2,compressed_ring_ar
1778527503.2202804,3,151,1.268266,184.77,78.876,691.207,1,2,compressed_ring_ar
1778527503.867854,3,152,1.260706,207.96,118.91,614.144,1,2,compressed_ring_ar
1778527504.5266395,3,153,1.226781,203.96,96.239,626.383,1,2,compressed_ring_ar
1778527505.1288326,3,154,1.185145,229.2,114.357,557.189,1,2,compressed_ring_ar
1778527505.7472043,3,155,1.227934,226.29,137.427,564.275,1,2,compressed_ring_ar
1778527506.3735552,3,156,1.546413,214.72,93.548,595.21,1,2,compressed_ring_ar
1778527506.98794,3,157,1.400026,231.36,144.127,551.849,1,2,compressed_ring_ar
1778527507.6621408,3,158,1.310145,204.07,94.876,625.899,1,2,compressed_ring_ar
1778527508.263652,3,159,1.199596,225.25,83.812,567.136,1,2,compressed_ring_ar
1778527508.8363853,3,160,1.092823,247.14,156.141,516.713,1,2,compressed_ring_ar
1778527509.4202688,3,161,1.249982,239.85,161.366,532.288,1,2,compressed_ring_ar
1778527510.0760415,3,162,1.317225,204.99,109.559,621.304,1,2,compressed_ring_ar
1778527510.7096848,3,163,1.237699,212.68,104.362,600.468,1,2,compressed_ring_ar
1778527511.31602,3,164,1.310303,229.17,157.654,557.315,1,2,compressed_ring_ar
1778527512.0039713,3,165,1.379298,196.13,127.285,648.299,1,2,compressed_ring_ar
1778527512.5637567,3,166,1.121752,242.64,111.079,526.151,1,2,compressed_ring_ar
1778527513.2651646,3,167,1.347645,191.68,135.53,663.009,1,2,compressed_ring_ar
1778527513.850188,3,168,1.324549,230.78,120.851,550.183,1,2,compressed_ring_ar
1778527514.3731806,3,169,1.346998,260.91,78.528,489.269,1,2,compressed_ring_ar
1778527515.005762,3,170,1.417512,214.27,88.701,595.945,1,2,compressed_ring_ar
1778527515.7108417,3,171,1.289914,190.46,134.854,667.513,1,2,compressed_ring_ar
1778527516.3129861,3,172,1.391871,223.83,133.402,567.952,1,2,compressed_ring_ar
1778527516.8753407,3,173,1.130973,240.85,119.682,527.017,1,2,compressed_ring_ar
1778527517.5244913,3,174,1.342384,207.84,134.892,611.26,1,2,compressed_ring_ar
1778527518.032955,3,175,1.333434,269.41,73.852,473.864,1,2,compressed_ring_ar
1778527518.618243,3,176,1.286603,237.95,165.502,534.858,1,2,compressed_ring_ar
1778527519.251101,3,177,1.272671,212.81,105.761,600.166,1,2,compressed_ring_ar
1778527519.8509865,3,178,1.304027,231.93,157.492,550.686,1,2,compressed_ring_ar
1778527520.4193938,3,179,1.244489,246.11,133.449,519.045,1,2,compressed_ring_ar
1778527521.002876,3,180,1.166092,237.88,136.025,536.881,1,2,compressed_ring_ar
1778527521.5916343,3,181,1.10907,237.5,158.227,537.851,1,2,compressed_ring_ar
1778527522.1735806,3,182,1.438569,236.96,159.222,538.966,1,2,compressed_ring_ar
1778527522.737757,3,183,1.118671,246.57,126.902,517.754,1,2,compressed_ring_ar
1778527523.3158484,3,184,1.322762,239.57,165.9,533.206,1,2,compressed_ring_ar
1778527523.8737679,3,185,1.107967,250.74,148.449,509.156,1,2,compressed_ring_ar
1778527524.4527285,3,186,1.253852,236.73,156.286,538.519,1,2,compressed_ring_ar
1778527525.0790935,3,187,1.369494,215.75,74.233,592.017,1,2,compressed_ring_ar
1778527525.7451394,3,188,1.180673,207.05,171.851,616.803,1,2,compressed_ring_ar
1778527526.4407432,3,189,1.375741,193.15,117.69,661.365,1,2,compressed_ring_ar
1778527527.010903,3,190,1.175248,243.22,79.044,524.858,1,2,compressed_ring_ar
1778527527.6467884,3,191,1.075137,212.01,74.538,602.457,1,2,compressed_ring_ar
1778527528.2563903,3,192,1.335334,225.38,178.383,566.758,1,2,compressed_ring_ar
1778527528.8680892,3,193,1.284531,229.35,168.504,557.078,1,2,compressed_ring_ar
1778527529.4761424,3,194,1.363604,229.53,143.102,556.596,1,2,compressed_ring_ar
1778527530.0844746,3,195,1.46259,68.26,199.803,583.932,1,2,compressed_ring_ar
1778527536.5930593,4,0,1.41352,175.91,112.095,726.258,1,2,compressed_ring_ar
1778527537.2315607,4,1,1.337439,211.23,84.232,604.924,1,2,compressed_ring_ar
1778527537.9057124,4,2,1.43517,205.27,151.48,622.235,1,2,compressed_ring_ar
1778527538.4894583,4,3,1.228896,240.1,154.029,531.886,1,2,compressed_ring_ar
1778527539.1531315,4,4,1.201205,212.18,172.568,602.026,1,2,compressed_ring_ar
1778527539.781245,4,5,1.273094,229.9,136.303,555.516,1,2,compressed_ring_ar
1778527540.4418015,4,6,1.283295,215.1,191.315,593.946,1,2,compressed_ring_ar
1778527541.058337,4,7,1.40182,225.16,135.349,567.125,1,2,compressed_ring_ar
1778527541.7017999,4,8,1.278449,214.36,194.008,595.856,1,2,compressed_ring_ar
1778527542.3587377,4,9,1.357113,204.3,102.939,625.143,1,2,compressed_ring_ar
1778527543.0002325,4,10,1.328524,211.28,90.156,604.421,1,2,compressed_ring_ar
1778527543.6174448,4,11,1.138708,218.51,91.377,584.433,1,2,compressed_ring_ar
1778527544.215995,4,12,1.15491,233.69,128.444,546.261,1,2,compressed_ring_ar
1778527544.8783395,4,13,1.203491,203.66,93.491,627.291,1,2,compressed_ring_ar
1778527545.5738037,4,14,1.500063,192.59,111.997,663.277,1,2,compressed_ring_ar
1778527546.2153306,4,15,1.261325,211.7,102.839,603.269,1,2,compressed_ring_ar
1778527546.7854223,4,16,1.435141,241.18,157.262,529.381,1,2,compressed_ring_ar
1778527547.3666975,4,17,1.38798,239.92,162.172,532.427,1,2,compressed_ring_ar
1778527547.9704359,4,18,1.341059,231.67,113.078,551.114,1,2,compressed_ring_ar
1778527548.6252067,4,19,1.170116,205.03,81.802,623.172,1,2,compressed_ring_ar
1778527549.4063473,4,20,1.201147,175.66,211.513,727.487,1,2,compressed_ring_ar
1778527550.2067978,4,21,1.255013,173.43,131.286,736.756,1,2,compressed_ring_ar
1778527550.857555,4,22,1.339109,207.13,91.493,616.633,1,2,compressed_ring_ar
1778527551.4454858,4,23,1.138883,230.43,109.883,554.293,1,2,compressed_ring_ar
1778527552.0424514,4,24,1.359966,232.24,129.72,549.656,1,2,compressed_ring_ar
1778527552.680448,4,25,1.39407,213.2,80.277,599.339,1,2,compressed_ring_ar
1778527553.2933133,4,26,1.13941,227.55,135.118,561.181,1,2,compressed_ring_ar
1778527553.88046,4,27,1.180686,239.35,125.583,533.504,1,2,compressed_ring_ar
1778527554.4515228,4,28,1.213697,242.66,144.294,526.117,1,2,compressed_ring_ar
1778527555.092998,4,29,1.252673,214.69,181.215,594.806,1,2,compressed_ring_ar
1778527555.7184908,4,30,1.314742,215.52,96.377,592.854,1,2,compressed_ring_ar
1778527556.3136363,4,31,1.311399,234.25,150.382,545.336,1,2,compressed_ring_ar
1778527556.874736,4,32,1.130436,249.26,130.187,512.568,1,2,compressed_ring_ar
1778527557.4268641,4,33,1.349234,253.02,144.377,504.578,1,2,compressed_ring_ar
1778527558.0299845,4,34,1.303136,233.65,163.284,546.569,1,2,compressed_ring_ar
1778527558.6460617,4,35,1.242019,222.15,183.754,572.436,1,2,compressed_ring_ar
1778527559.2086337,4,36,1.335933,242.81,129.375,522.617,1,2,compressed_ring_ar
1778527559.7075799,4,37,1.448215,273.67,81.502,466.328,1,2,compressed_ring_ar
1778527560.4045122,4,38,1.227205,193.39,131.415,660.49,1,2,compressed_ring_ar
1778527561.0789926,4,39,1.200882,201.37,90.05,634.283,1,2,compressed_ring_ar
1778527561.7207754,4,40,1.189598,209.53,94.796,609.472,1,2,compressed_ring_ar
1778527562.367469,4,41,1.292644,208.1,92.451,613.654,1,2,compressed_ring_ar
1778527563.014463,4,42,1.169655,207.96,106.283,614.071,1,2,compressed_ring_ar
1778527563.6430638,4,43,1.444959,214.15,85.828,596.333,1,2,compressed_ring_ar
1778527564.3102999,4,44,1.269317,202.9,128.067,629.513,1,2,compressed_ring_ar
1778527564.884005,4,45,1.51953,237.74,87.15,536.954,1,2,compressed_ring_ar
1778527565.5051892,4,46,1.505031,217.48,90.607,587.041,1,2,compressed_ring_ar
1778527566.1516826,4,47,1.28623,207.77,99.059,614.677,1,2,compressed_ring_ar
1778527566.7981188,4,48,1.398932,208.16,85.843,613.524,1,2,compressed_ring_ar
1778527567.4470804,4,49,1.238121,207.93,100.522,614.316,1,2,compressed_ring_ar
1778527568.0324483,4,50,1.33399,233.47,75.149,547.137,1,2,compressed_ring_ar
1778527568.6052916,4,51,1.127432,243.38,168.788,524.644,1,2,compressed_ring_ar
1778527569.1872296,4,52,1.142602,238.02,155.445,536.692,1,2,compressed_ring_ar
1778527569.7794273,4,53,1.256323,233.06,126.234,547.851,1,2,compressed_ring_ar
1778527570.4443202,4,54,1.312789,202.15,141.298,628.66,1,2,compressed_ring_ar
1778527571.0596132,4,55,1.302509,223.9,115.264,570.268,1,2,compressed_ring_ar
1778527571.7600307,4,56,1.267901,192.85,110.735,662.321,1,2,compressed_ring_ar
1778527572.4145885,4,57,1.196104,208.09,93.051,613.733,1,2,compressed_ring_ar
1778527572.9724424,4,58,1.281975,252.6,153.181,505.688,1,2,compressed_ring_ar
1778527573.5323298,4,59,1.282896,251.17,144.203,508.388,1,2,compressed_ring_ar
1778527574.1052325,4,60,1.170543,241.23,143.824,529.385,1,2,compressed_ring_ar
1778527574.692598,4,61,1.13344,236.07,183.751,541.022,1,2,compressed_ring_ar
1778527575.2610016,4,62,1.231443,248.34,152.793,514.066,1,2,compressed_ring_ar
1778527575.841934,4,63,1.119051,240.1,153.528,531.703,1,2,compressed_ring_ar
1778527576.4211504,4,64,1.156391,238.9,168.442,534.605,1,2,compressed_ring_ar
1778527576.9986238,4,65,1.503887,242.4,152.642,526.908,1,2,compressed_ring_ar
1778527577.5782373,4,66,1.319241,242.58,112.677,526.564,1,2,compressed_ring_ar
1778527578.212914,4,67,1.232726,217.91,180.742,584.265,1,2,compressed_ring_ar
1778527578.930163,4,68,1.156062,186.39,131.049,685.258,1,2,compressed_ring_ar
1778527579.544149,4,69,1.3085,219.77,96.543,581.27,1,2,compressed_ring_ar
1778527580.2202914,4,70,1.185541,205.69,187.233,619.04,1,2,compressed_ring_ar
1778527580.864269,4,71,1.177983,210.48,92.106,606.773,1,2,compressed_ring_ar
1778527581.4348748,4,72,1.128398,241.1,147.377,530.376,1,2,compressed_ring_ar
1778527582.0369866,4,73,1.138314,229.9,163.73,555.648,1,2,compressed_ring_ar
1778527582.6093612,4,74,1.158497,245.08,141.305,520.908,1,2,compressed_ring_ar
1778527583.19707,4,75,1.189552,240.58,159.846,530.769,1,2,compressed_ring_ar
1778527583.7776532,4,76,1.346394,236.76,142.592,539.497,1,2,compressed_ring_ar
1778527584.354501,4,77,1.281009,242.63,159.503,526.449,1,2,compressed_ring_ar
1778527584.942558,4,78,1.282701,234.78,121.234,543.893,1,2,compressed_ring_ar
1778527585.531543,4,79,1.090584,234.13,138.017,545.438,1,2,compressed_ring_ar
1778527586.1589606,4,80,1.410913,221.49,164.484,576.794,1,2,compressed_ring_ar
1778527586.8772178,4,81,1.335659,192.21,171.679,664.542,1,2,compressed_ring_ar
1778527587.5029972,4,82,1.234823,220.62,70.786,579.061,1,2,compressed_ring_ar
1778527588.2100673,4,83,1.354215,195.17,214.043,654.591,1,2,compressed_ring_ar
1778527588.851635,4,84,1.202268,209.87,134.148,608.735,1,2,compressed_ring_ar
1778527589.5734072,4,85,1.233868,196.88,183.306,649.079,1,2,compressed_ring_ar
1778527590.1702304,4,86,1.280923,232.08,154.139,550.417,1,2,compressed_ring_ar
1778527590.7441514,4,87,1.232601,240.4,158.363,531.078,1,2,compressed_ring_ar
1778527591.3238575,4,88,1.137281,237.49,163.981,538.156,1,2,compressed_ring_ar
1778527592.0390246,4,89,1.339556,191.26,186.754,667.904,1,2,compressed_ring_ar
1778527592.6055665,4,90,1.235165,242.0,73.111,527.948,1,2,compressed_ring_ar
1778527593.1943557,4,91,1.34023,235.13,143.333,543.113,1,2,compressed_ring_ar
1778527593.7419827,4,92,1.52757,252.37,139.117,505.921,1,2,compressed_ring_ar
1778527594.3099496,4,93,1.289745,246.31,137.713,518.91,1,2,compressed_ring_ar
1778527594.9002101,4,94,1.225044,235.56,155.196,540.491,1,2,compressed_ring_ar
1778527595.5626106,4,95,1.201756,203.43,90.103,627.81,1,2,compressed_ring_ar
1778527596.200509,4,96,1.14448,211.59,87.09,602.723,1,2,compressed_ring_ar
1778527596.8534524,4,97,1.250448,206.36,89.416,617.353,1,2,compressed_ring_ar
1778527597.626465,4,98,1.197713,176.6,101.744,720.451,1,2,compressed_ring_ar
1778527598.2749796,4,99,1.056703,207.23,90.638,615.418,1,2,compressed_ring_ar
1778527598.9439814,4,100,1.266569,200.51,91.625,636.989,1,2,compressed_ring_ar
1778527599.6075652,4,101,1.335822,203.79,96.471,625.127,1,2,compressed_ring_ar
1778527600.2846866,4,102,1.402918,198.39,87.479,643.644,1,2,compressed_ring_ar
1778527600.9318392,4,103,1.296094,208.71,88.479,611.9,1,2,compressed_ring_ar
1778527601.5914943,4,104,1.239618,206.89,126.066,617.363,1,2,compressed_ring_ar
1778527602.1759706,4,105,1.112949,235.11,83.605,543.059,1,2,compressed_ring_ar
1778527602.873898,4,106,1.24053,191.94,144.65,665.571,1,2,compressed_ring_ar
1778527603.4665756,4,107,1.362773,235.25,99.52,540.85,1,2,compressed_ring_ar
1778527604.118198,4,108,1.166997,207.21,90.608,616.317,1,2,compressed_ring_ar
1778527604.7613966,4,109,1.353367,209.4,88.535,609.846,1,2,compressed_ring_ar
1778527605.4120731,4,110,1.337211,207.63,85.038,612.115,1,2,compressed_ring_ar
1778527606.0653846,4,111,1.253938,205.26,88.796,622.258,1,2,compressed_ring_ar
1778527606.7463026,4,112,1.085016,197.33,136.744,643.986,1,2,compressed_ring_ar
1778527607.246892,4,113,1.210517,276.49,69.639,461.598,1,2,compressed_ring_ar
1778527607.9504294,4,114,1.217554,198.38,148.985,643.836,1,2,compressed_ring_ar
1778527608.658855,4,115,1.181913,189.61,156.004,670.577,1,2,compressed_ring_ar
1778527609.2662723,4,116,1.261784,221.98,132.56,571.781,1,2,compressed_ring_ar
1778527609.7310607,4,117,1.156902,294.71,72.578,433.269,1,2,compressed_ring_ar
1778527610.3621771,4,118,1.305206,221.65,159.445,576.124,1,2,compressed_ring_ar
1778527611.0527458,4,119,1.139323,195.26,127.651,651.202,1,2,compressed_ring_ar
1778527611.6494365,4,120,1.361213,230.01,118.495,553.577,1,2,compressed_ring_ar
1778527612.232013,4,121,1.306974,231.68,144.418,547.839,1,2,compressed_ring_ar
1778527612.7670321,4,122,1.118895,254.12,119.598,498.943,1,2,compressed_ring_ar
1778527613.3338122,4,123,1.24774,238.21,120.975,532.89,1,2,compressed_ring_ar
1778527613.9612436,4,124,1.144346,214.75,140.417,591.364,1,2,compressed_ring_ar
1778527614.5340512,4,125,1.352,238.91,131.338,531.417,1,2,compressed_ring_ar
1778527615.110886,4,126,1.206034,234.22,133.914,542.153,1,2,compressed_ring_ar
1778527615.6847255,4,127,1.249141,236.49,120.95,536.615,1,2,compressed_ring_ar
1778527616.2767813,4,128,1.226931,227.81,144.334,557.081,1,2,compressed_ring_ar
1778527616.827893,4,129,1.222306,251.02,105.233,506.946,1,2,compressed_ring_ar
1778527617.5946567,4,130,1.124666,173.88,137.303,731.437,1,2,compressed_ring_ar
1778527618.1635258,4,131,1.372531,245.04,123.527,517.745,1,2,compressed_ring_ar
1778527618.7298186,4,132,1.311721,248.0,121.044,511.493,1,2,compressed_ring_ar
1778527619.2983558,4,133,1.174159,238.09,132.058,532.996,1,2,compressed_ring_ar
1778527619.8799982,4,134,1.204531,232.54,120.059,545.951,1,2,compressed_ring_ar
1778527620.484468,4,135,1.18701,233.22,135.285,544.3,1,2,compressed_ring_ar
1778527621.0564513,4,136,1.313698,238.46,131.073,531.95,1,2,compressed_ring_ar
1778527621.6340983,4,137,1.286798,236.56,130.164,536.497,1,2,compressed_ring_ar
1778527622.2184026,4,138,1.247821,231.33,123.926,549.489,1,2,compressed_ring_ar
1778527622.7718873,4,139,1.227692,244.71,117.391,518.62,1,2,compressed_ring_ar
1778527623.3466816,4,140,1.347025,236.18,121.086,537.319,1,2,compressed_ring_ar
1778527623.9185123,4,141,1.196684,237.83,125.637,533.458,1,2,compressed_ring_ar
1778527624.4972513,4,142,1.327993,233.6,126.555,545.181,1,2,compressed_ring_ar
1778527625.1035707,4,143,1.133079,224.67,132.098,565.367,1,2,compressed_ring_ar
1778527625.6783092,4,144,1.120715,240.12,118.993,528.538,1,2,compressed_ring_ar
1778527626.188673,4,145,1.276675,267.15,80.036,477.883,1,2,compressed_ring_ar
1778527626.8352842,4,146,1.30359,211.06,172.852,601.735,1,2,compressed_ring_ar
1778527627.4159582,4,147,1.23091,232.78,130.646,545.326,1,2,compressed_ring_ar
1778527627.960267,4,148,1.112277,249.08,103.92,512.398,1,2,compressed_ring_ar
1778527628.5804806,4,149,1.343486,219.09,124.368,582.771,1,2,compressed_ring_ar
1778527629.2319815,4,150,1.368901,206.62,91.449,618.125,1,2,compressed_ring_ar
1778527629.8628664,4,151,1.201355,214.34,88.289,595.961,1,2,compressed_ring_ar
1778527630.4676237,4,152,1.285908,227.73,122.107,560.654,1,2,compressed_ring_ar
1778527631.0734808,4,153,0.994656,223.03,87.336,572.744,1,2,compressed_ring_ar
1778527631.6445556,4,154,1.186511,243.64,154.492,524.122,1,2,compressed_ring_ar
1778527632.244122,4,155,1.169382,229.51,154.753,556.302,1,2,compressed_ring_ar
1778527632.910856,4,156,1.218227,202.48,93.74,630.827,1,2,compressed_ring_ar
1778527633.5490077,4,157,1.156004,212.76,98.151,600.248,1,2,compressed_ring_ar
1778527634.2126448,4,158,1.296623,202.63,82.676,630.321,1,2,compressed_ring_ar
1778527634.8750777,4,159,1.421708,203.79,91.36,626.682,1,2,compressed_ring_ar
1778527635.588555,4,160,1.220911,188.75,135.954,673.49,1,2,compressed_ring_ar
1778527636.1273115,4,161,1.114218,252.65,89.831,505.217,1,2,compressed_ring_ar
1778527636.7541778,4,162,1.045352,214.71,92.461,594.721,1,2,compressed_ring_ar
1778527637.5395865,4,163,1.200398,169.86,92.507,752.179,1,2,compressed_ring_ar
1778527638.1942503,4,164,1.379564,205.89,82.732,620.322,1,2,compressed_ring_ar
1778527638.8430824,4,165,1.181907,208.05,88.379,610.757,1,2,compressed_ring_ar
1778527639.4861054,4,166,1.27706,209.59,98.19,609.976,1,2,compressed_ring_ar
1778527640.0813828,4,167,1.099059,231.71,162.09,550.986,1,2,compressed_ring_ar
1778527640.7092705,4,168,1.362606,216.77,85.184,586.75,1,2,compressed_ring_ar
1778527641.3748474,4,169,1.200567,201.63,92.652,633.56,1,2,compressed_ring_ar
1778527641.981689,4,170,1.231222,224.84,88.617,568.066,1,2,compressed_ring_ar
1778527642.585394,4,171,1.098732,229.71,177.304,554.926,1,2,compressed_ring_ar
1778527643.1301467,4,172,1.177629,251.59,153.909,507.395,1,2,compressed_ring_ar
1778527643.715422,4,173,1.461524,237.83,144.606,533.935,1,2,compressed_ring_ar
1778527644.3772662,4,174,1.296971,203.34,91.993,625.197,1,2,compressed_ring_ar
1778527645.0257084,4,175,1.18381,207.72,80.091,613.957,1,2,compressed_ring_ar
1778527645.68771,4,176,1.195653,203.23,101.486,628.471,1,2,compressed_ring_ar
1778527646.3780327,4,177,1.358678,194.21,106.55,657.777,1,2,compressed_ring_ar
1778527647.041629,4,178,1.292139,204.27,100.079,625.201,1,2,compressed_ring_ar
1778527647.687392,4,179,1.152394,208.36,87.714,612.928,1,2,compressed_ring_ar
1778527648.313846,4,180,1.16,216.87,90.387,588.975,1,2,compressed_ring_ar
1778527648.8751576,4,181,1.250056,245.81,149.073,519.342,1,2,compressed_ring_ar
1778527649.5451984,4,182,1.163587,200.07,126.008,635.129,1,2,compressed_ring_ar
1778527650.0800962,4,183,1.069731,255.55,82.422,499.483,1,2,compressed_ring_ar
1778527650.7019653,4,184,1.068078,217.15,100.231,588.144,1,2,compressed_ring_ar
1778527651.288945,4,185,1.261789,236.74,173.251,539.146,1,2,compressed_ring_ar
1778527651.8828514,4,186,1.296943,235.2,150.374,542.948,1,2,compressed_ring_ar
1778527652.5636852,4,187,1.17909,198.04,105.78,641.814,1,2,compressed_ring_ar
1778527653.198326,4,188,1.274802,212.1,94.365,602.417,1,2,compressed_ring_ar
1778527653.769276,4,189,1.367333,246.55,140.588,517.92,1,2,compressed_ring_ar
1778527654.35769,4,190,1.25415,235.09,163.032,543.298,1,2,compressed_ring_ar
1778527654.9328144,4,191,1.309091,240.26,166.036,531.375,1,2,compressed_ring_ar
1778527655.5927014,4,192,1.144525,204.26,80.134,625.348,1,2,compressed_ring_ar
1778527656.21853,4,193,1.282532,216.11,81.024,591.145,1,2,compressed_ring_ar
1778527656.803117,4,194,1.126283,239.23,154.375,533.758,1,2,compressed_ring_ar
1778527657.3743927,4,195,1.091815,71.93,171.521,553.28,1,2,compressed_ring_ar
1778527663.9038768,5,0,1.32049,186.98,123.402,683.284,1,2,compressed_ring_ar
1778527664.4985268,5,1,1.05215,228.61,85.2,558.49,1,2,compressed_ring_ar
1778527665.0966556,5,2,1.239835,230.05,71.136,555.01,1,2,compressed_ring_ar
1778527665.6850824,5,3,1.161951,236.37,156.866,540.269,1,2,compressed_ring_ar
1778527666.3127682,5,4,1.154213,215.72,85.254,592.126,1,2,compressed_ring_ar
1778527666.8853283,5,5,1.073772,242.71,129.968,525.988,1,2,compressed_ring_ar
1778527667.5527198,5,6,1.120063,201.58,89.903,633.585,1,2,compressed_ring_ar
1778527668.2486997,5,7,1.169887,194.13,100.888,657.906,1,2,compressed_ring_ar
1778527668.8982427,5,8,1.210513,208.74,88.511,611.057,1,2,compressed_ring_ar
1778527669.7663727,5,9,1.183245,155.57,136.622,818.368,1,2,compressed_ring_ar
1778527670.371318,5,10,1.108398,224.12,129.672,566.969,1,2,compressed_ring_ar
1778527670.9549136,5,11,1.260414,233.29,111.313,547.242,1,2,compressed_ring_ar
1778527671.649105,5,12,1.189252,194.2,128.686,654.634,1,2,compressed_ring_ar
1778527672.246633,5,13,1.243569,226.13,132.225,561.561,1,2,compressed_ring_ar
1778527672.7614763,5,14,1.211866,264.25,89.573,481.282,1,2,compressed_ring_ar
1778527673.4063792,5,15,1.227287,209.35,81.54,610.145,1,2,compressed_ring_ar
1778527674.1085863,5,16,1.157772,190.66,143.854,666.848,1,2,compressed_ring_ar
1778527674.6528645,5,17,1.091152,252.6,89.808,505.315,1,2,compressed_ring_ar
1778527675.2959661,5,18,1.173241,209.09,82.464,607.548,1,2,compressed_ring_ar
1778527675.9501872,5,19,1.244055,205.25,92.475,620.55,1,2,compressed_ring_ar
1778527676.6154377,5,20,1.309646,202.22,79.157,631.581,1,2,compressed_ring_ar
1778527677.2147915,5,21,1.22526,225.53,106.421,566.636,1,2,compressed_ring_ar
1778527677.8410583,5,22,1.196454,221.73,158.399,575.907,1,2,compressed_ring_ar
1778527678.572349,5,23,1.066855,182.72,96.369,699.324,1,2,compressed_ring_ar
1778527679.1569667,5,24,1.324017,248.19,138.575,514.472,1,2,compressed_ring_ar
1778527679.7293055,5,25,1.24336,245.47,138.635,520.573,1,2,compressed_ring_ar
1778527680.3314092,5,26,1.378007,232.47,148.461,549.368,1,2,compressed_ring_ar
1778527680.9690516,5,27,1.232726,211.27,95.831,604.511,1,2,compressed_ring_ar
1778527681.6396282,5,28,1.120747,200.82,89.609,636.169,1,2,compressed_ring_ar
1778527682.249506,5,29,0.973851,221.54,95.306,576.38,1,2,compressed_ring_ar
1778527682.9035125,5,30,1.348066,207.06,85.615,616.871,1,2,compressed_ring_ar
1778527683.5406084,5,31,1.108678,212.11,89.472,602.7,1,2,compressed_ring_ar
1778527684.231256,5,32,1.119867,194.81,132.592,654.926,1,2,compressed_ring_ar
1778527684.8138587,5,33,1.082962,233.3,82.012,547.249,1,2,compressed_ring_ar
1778527685.435942,5,34,1.196335,218.11,90.79,585.544,1,2,compressed_ring_ar
1778527686.0314848,5,35,1.155584,232.42,131.417,547.551,1,2,compressed_ring_ar
1778527686.6968713,5,36,1.180754,201.79,89.117,632.856,1,2,compressed_ring_ar
1778527687.3276064,5,37,1.127227,214.47,92.983,595.529,1,2,compressed_ring_ar
1778527688.0394003,5,38,1.269362,188.27,115.382,678.481,1,2,compressed_ring_ar
1778527688.669482,5,39,1.238921,213.61,96.027,597.984,1,2,compressed_ring_ar
1778527689.3303776,5,40,1.232494,205.59,199.18,621.234,1,2,compressed_ring_ar
1778527689.972174,5,41,0.985946,210.85,89.687,606.068,1,2,compressed_ring_ar
1778527690.632862,5,42,1.065553,212.25,188.367,598.412,1,2,compressed_ring_ar
1778527691.2217264,5,43,1.165823,229.6,120.624,552.728,1,2,compressed_ring_ar
1778527691.737184,5,44,1.179075,267.73,89.712,476.686,1,2,compressed_ring_ar
1778527692.3822892,5,45,0.95457,209.21,83.172,610.425,1,2,compressed_ring_ar
1778527693.080154,5,46,1.02354,191.76,132.694,662.709,1,2,compressed_ring_ar
1778527693.6561909,5,47,1.214271,235.07,127.187,539.893,1,2,compressed_ring_ar
1778527694.219462,5,48,1.312752,244.4,134.879,519.239,1,2,compressed_ring_ar
1778527694.7974353,5,49,1.093061,234.07,137.355,542.276,1,2,compressed_ring_ar
1778527695.3231814,5,50,1.215303,265.07,93.591,481.609,1,2,compressed_ring_ar
1778527695.9953063,5,51,1.267491,198.22,95.025,644.326,1,2,compressed_ring_ar
1778527696.6201143,5,52,1.108361,218.15,82.919,585.457,1,2,compressed_ring_ar
1778527697.2805583,5,53,1.069481,205.65,119.668,621.068,1,2,compressed_ring_ar
1778527697.9304364,5,54,1.225797,206.69,86.151,617.925,1,2,compressed_ring_ar
1778527698.5617795,5,55,1.063114,213.14,78.107,599.255,1,2,compressed_ring_ar
1778527699.2193837,5,56,1.194764,204.45,93.313,623.089,1,2,compressed_ring_ar
1778527699.900126,5,57,1.24665,196.87,109.059,648.73,1,2,compressed_ring_ar
1778527700.537914,5,58,1.218234,214.37,86.556,595.667,1,2,compressed_ring_ar
1778527701.168472,5,59,1.126534,213.79,92.029,597.315,1,2,compressed_ring_ar
1778527701.767692,5,60,1.085109,231.62,121.191,551.426,1,2,compressed_ring_ar
1778527702.362987,5,61,1.223422,234.0,122.491,544.769,1,2,compressed_ring_ar
1778527703.0299952,5,62,1.191604,201.5,96.268,632.998,1,2,compressed_ring_ar
1778527703.7106025,5,63,1.057344,198.66,117.275,642.867,1,2,compressed_ring_ar
1778527704.3394547,5,64,1.207451,214.51,84.823,595.863,1,2,compressed_ring_ar
1778527704.9279943,5,65,1.048231,236.01,151.779,541.08,1,2,compressed_ring_ar
1778527705.5105572,5,66,1.072919,234.94,152.088,543.431,1,2,compressed_ring_ar
1778527706.1627653,5,67,1.218912,208.74,98.687,611.883,1,2,compressed_ring_ar
1778527706.8054717,5,68,1.014502,209.55,120.267,609.451,1,2,compressed_ring_ar
1778527707.4405959,5,69,1.220221,211.99,81.103,602.417,1,2,compressed_ring_ar
1778527708.0808177,5,70,1.018008,209.94,96.221,608.504,1,2,compressed_ring_ar
1778527708.6801393,5,71,0.969589,229.3,159.451,557.081,1,2,compressed_ring_ar
1778527709.3474061,5,72,1.126243,209.5,201.744,606.163,1,2,compressed_ring_ar
1778527709.8931322,5,73,1.145739,249.86,86.023,510.918,1,2,compressed_ring_ar
1778527710.5301414,5,74,0.992262,214.25,103.316,596.329,1,2,compressed_ring_ar
1778527711.2230105,5,75,1.426095,201.11,167.603,631.904,1,2,compressed_ring_ar
1778527711.7417696,5,76,1.164708,263.15,77.384,484.961,1,2,compressed_ring_ar
1778527712.407806,5,77,1.112277,202.6,104.008,630.39,1,2,compressed_ring_ar
1778527713.075275,5,78,1.052225,201.51,124.924,633.995,1,2,compressed_ring_ar
1778527713.6951892,5,79,1.063622,219.74,137.717,577.907,1,2,compressed_ring_ar
1778527714.2084532,5,80,1.210578,266.09,80.956,479.629,1,2,compressed_ring_ar
1778527714.8594294,5,81,1.231325,206.48,94.747,618.505,1,2,compressed_ring_ar
1778527715.5825531,5,82,1.374462,184.99,127.045,690.628,1,2,compressed_ring_ar
1778527716.1446764,5,83,1.020993,241.9,70.035,528.107,1,2,compressed_ring_ar
1778527716.7048972,5,84,1.099079,249.72,130.121,511.312,1,2,compressed_ring_ar
1778527717.2625113,5,85,1.095103,252.78,124.5,505.076,1,2,compressed_ring_ar
1778527717.8600311,5,86,1.135314,233.72,153.865,546.226,1,2,compressed_ring_ar
1778527718.497455,5,87,1.020374,212.07,79.991,602.197,1,2,compressed_ring_ar
1778527719.218797,5,88,1.312643,185.43,143.774,685.653,1,2,compressed_ring_ar
1778527719.7044797,5,89,1.20905,281.56,74.239,453.108,1,2,compressed_ring_ar
1778527720.355202,5,90,1.203058,206.5,78.85,618.456,1,2,compressed_ring_ar
1778527720.9983501,5,91,1.116205,209.17,94.795,610.611,1,2,compressed_ring_ar
1778527721.5912766,5,92,1.160754,231.62,150.714,551.264,1,2,compressed_ring_ar
1778527722.2415707,5,93,1.189286,212.67,134.001,599.724,1,2,compressed_ring_ar
1778527722.90202,5,94,1.06802,203.28,121.44,628.404,1,2,compressed_ring_ar
1778527723.5222185,5,95,0.997108,217.84,80.212,584.578,1,2,compressed_ring_ar
1778527724.2459607,5,96,1.332834,185.52,107.946,686.897,1,2,compressed_ring_ar
1778527724.933714,5,97,1.285762,195.33,96.374,653.925,1,2,compressed_ring_ar
1778527725.5701737,5,98,1.075793,213.52,89.632,598.12,1,2,compressed_ring_ar
1778527726.1614642,5,99,1.263252,237.67,120.385,537.19,1,2,compressed_ring_ar
1778527726.826405,5,100,1.187671,203.79,80.487,625.682,1,2,compressed_ring_ar
1778527727.4759378,5,101,1.439265,207.97,90.574,614.192,1,2,compressed_ring_ar
1778527728.2102866,5,102,1.117683,182.56,126.23,696.571,1,2,compressed_ring_ar
1778527728.7853072,5,103,1.266722,235.54,125.146,538.695,1,2,compressed_ring_ar
1778527729.2874799,5,104,1.273285,273.82,79.755,464.381,1,2,compressed_ring_ar
1778527729.9714835,5,105,1.111048,196.32,98.335,650.637,1,2,compressed_ring_ar
1778527730.6019752,5,106,1.111391,216.35,84.033,588.598,1,2,compressed_ring_ar
1778527731.2612247,5,107,1.195495,203.89,90.514,626.439,1,2,compressed_ring_ar
1778527731.9239633,5,108,1.182895,203.14,95.207,625.721,1,2,compressed_ring_ar
1778527732.5936532,5,109,1.107011,201.17,88.163,635.011,1,2,compressed_ring_ar
1778527733.2383218,5,110,1.151173,211.83,91.719,603.225,1,2,compressed_ring_ar
1778527733.8229809,5,111,1.056364,242.82,118.927,525.712,1,2,compressed_ring_ar
1778527734.460204,5,112,1.217607,217.45,198.87,584.14,1,2,compressed_ring_ar
1778527734.9868436,5,113,0.990095,258.42,90.53,492.828,1,2,compressed_ring_ar
1778527735.6343365,5,114,1.02314,207.67,102.394,615.089,1,2,compressed_ring_ar
1778527736.263148,5,115,1.075824,215.99,81.219,591.191,1,2,compressed_ring_ar
1778527736.9020174,5,116,0.99893,210.61,91.993,606.409,1,2,compressed_ring_ar
1778527737.4887023,5,117,1.040732,234.5,71.792,544.938,1,2,compressed_ring_ar
1778527738.0716834,5,118,1.161938,239.35,116.029,533.556,1,2,compressed_ring_ar
1778527738.6297805,5,119,1.141292,249.71,119.956,511.554,1,2,compressed_ring_ar
1778527739.2318254,5,120,1.210593,227.48,155.199,561.314,1,2,compressed_ring_ar
1778527739.9269845,5,121,1.190748,193.72,123.629,659.584,1,2,compressed_ring_ar
1778527740.5011828,5,122,1.317969,241.68,84.545,528.175,1,2,compressed_ring_ar
1778527741.1167073,5,123,1.191565,219.1,79.504,581.189,1,2,compressed_ring_ar
1778527741.7863605,5,124,1.185806,200.82,98.764,636.107,1,2,compressed_ring_ar
1778527742.4210882,5,125,1.21505,212.84,89.833,599.975,1,2,compressed_ring_ar
1778527743.1030853,5,126,1.097685,197.03,95.623,647.688,1,2,compressed_ring_ar
1778527743.7643626,5,127,1.176779,203.75,95.594,626.891,1,2,compressed_ring_ar
1778527744.4201117,5,128,1.275991,205.64,90.72,619.151,1,2,compressed_ring_ar
1778527745.1321676,5,129,1.343937,187.76,134.079,677.201,1,2,compressed_ring_ar
1778527745.682199,5,130,1.373634,246.84,117.798,513.993,1,2,compressed_ring_ar
1778527746.2676318,5,131,1.278552,237.9,135.352,533.379,1,2,compressed_ring_ar
1778527746.8262656,5,132,1.300855,242.65,128.162,522.856,1,2,compressed_ring_ar
1778527747.3259306,5,133,1.115865,273.89,71.98,466.515,1,2,compressed_ring_ar
1778527747.9206977,5,134,1.267423,232.87,135.385,548.237,1,2,compressed_ring_ar
1778527748.5833962,5,135,1.103476,202.51,98.5,630.691,1,2,compressed_ring_ar
1778527749.1876774,5,136,1.017911,223.06,71.267,572.739,1,2,compressed_ring_ar
1778527749.7554448,5,137,0.983352,241.87,158.145,528.184,1,2,compressed_ring_ar
1778527750.4278207,5,138,1.167985,202.56,201.786,627.272,1,2,compressed_ring_ar
1778527751.0793657,5,139,1.105241,210.76,116.544,605.925,1,2,compressed_ring_ar
1778527751.8978124,5,140,1.070774,164.64,186.371,776.163,1,2,compressed_ring_ar
1778527752.7063744,5,141,1.272487,166.57,130.472,766.178,1,2,compressed_ring_ar
1778527753.3987246,5,142,1.224207,194.89,80.425,652.45,1,2,compressed_ring_ar
1778527754.1501303,5,143,1.170501,178.05,95.861,716.798,1,2,compressed_ring_ar
1778527754.767581,5,144,1.226464,221.54,109.975,576.423,1,2,compressed_ring_ar
1778527755.378292,5,145,1.159811,221.46,95.938,576.389,1,2,compressed_ring_ar
1778527755.9653459,5,146,1.377732,231.22,117.168,552.119,1,2,compressed_ring_ar
1778527756.6571414,5,147,1.239218,194.63,126.2,653.183,1,2,compressed_ring_ar
1778527757.2123597,5,148,1.175974,244.46,129.309,519.419,1,2,compressed_ring_ar
1778527757.744972,5,149,1.147589,254.98,123.329,500.683,1,2,compressed_ring_ar
1778527758.3287983,5,150,1.148176,233.17,80.769,547.518,1,2,compressed_ring_ar
1778527758.9484324,5,151,1.332781,217.6,100.306,587.102,1,2,compressed_ring_ar
1778527759.531944,5,152,1.152065,240.7,156.017,530.36,1,2,compressed_ring_ar
1778527760.2125254,5,153,1.087566,197.11,125.097,645.772,1,2,compressed_ring_ar
1778527760.874117,5,154,1.311973,203.54,90.166,627.432,1,2,compressed_ring_ar
1778527761.473523,5,155,1.194353,225.65,77.559,566.016,1,2,compressed_ring_ar
1778527762.1028194,5,156,1.176412,221.52,164.7,576.609,1,2,compressed_ring_ar
1778527762.7635942,5,157,1.108411,211.16,162.187,604.95,1,2,compressed_ring_ar
1778527763.3491452,5,158,1.178214,234.48,147.932,544.481,1,2,compressed_ring_ar
1778527763.991746,5,159,1.319568,209.55,74.683,609.63,1,2,compressed_ring_ar
1778527764.5933807,5,160,1.107482,234.07,149.031,545.677,1,2,compressed_ring_ar
1778527765.182747,5,161,1.368003,237.37,151.883,537.937,1,2,compressed_ring_ar
1778527765.7487068,5,162,1.333577,245.84,145.044,519.353,1,2,compressed_ring_ar
1778527766.3140206,5,163,1.167563,245.95,122.711,519.066,1,2,compressed_ring_ar
1778527766.8853576,5,164,1.184648,239.96,171.317,532.941,1,2,compressed_ring_ar
1778527767.475622,5,165,1.129223,235.23,133.734,542.801,1,2,compressed_ring_ar
1778527768.148936,5,166,1.136454,200.15,114.898,635.273,1,2,compressed_ring_ar
1778527768.8313491,5,167,1.084044,198.87,87.136,641.608,1,2,compressed_ring_ar
1778527769.4925919,5,168,1.233855,203.24,89.437,628.465,1,2,compressed_ring_ar
1778527770.1463747,5,169,1.282949,206.84,101.03,617.629,1,2,compressed_ring_ar
1778527770.7358112,5,170,1.045767,234.27,149.191,545.077,1,2,compressed_ring_ar
1778527771.4440536,5,171,1.154369,189.35,124.209,670.828,1,2,compressed_ring_ar
1778527771.9378695,5,172,1.265317,276.77,71.821,461.36,1,2,compressed_ring_ar
1778527772.5236754,5,173,1.068875,236.09,156.088,541.062,1,2,compressed_ring_ar
1778527773.100557,5,174,1.13068,238.39,117.552,535.722,1,2,compressed_ring_ar
1778527773.729308,5,175,1.174432,220.87,158.993,578.102,1,2,compressed_ring_ar
1778527774.463566,5,176,1.091553,185.94,144.234,683.776,1,2,compressed_ring_ar
1778527774.9839523,5,177,1.175125,261.67,83.279,484.624,1,2,compressed_ring_ar
1778527775.69392,5,178,1.301275,189.01,156.962,675.869,1,2,compressed_ring_ar
1778527776.3673236,5,179,1.162393,200.54,141.93,633.63,1,2,compressed_ring_ar
1778527776.9036722,5,180,1.250203,253.31,76.407,504.015,1,2,compressed_ring_ar
1778527777.537464,5,181,1.255116,212.32,85.321,601.657,1,2,compressed_ring_ar
1778527778.1265063,5,182,1.137146,240.67,155.653,530.798,1,2,compressed_ring_ar
1778527778.718267,5,183,1.407085,236.73,154.134,539.299,1,2,compressed_ring_ar
1778527779.3645594,5,184,1.050575,208.88,85.572,611.294,1,2,compressed_ring_ar
1778527780.0036707,5,185,1.147673,210.92,82.041,605.48,1,2,compressed_ring_ar
1778527780.639274,5,186,1.340553,215.43,100.932,593.382,1,2,compressed_ring_ar
1778527781.2316554,5,187,1.174772,231.91,176.889,550.704,1,2,compressed_ring_ar
1778527781.7976096,5,188,1.186427,245.71,150.36,519.537,1,2,compressed_ring_ar
1778527782.4333293,5,189,1.305112,212.09,90.544,602.426,1,2,compressed_ring_ar
1778527783.0281382,5,190,1.177831,236.95,133.124,539.196,1,2,compressed_ring_ar
1778527783.5840647,5,191,1.28897,249.52,132.419,511.665,1,2,compressed_ring_ar
1778527784.1442106,5,192,0.970513,248.18,136.144,515.023,1,2,compressed_ring_ar
1778527784.7331343,5,193,1.243377,237.84,151.679,536.821,1,2,compressed_ring_ar
1778527785.5014338,5,194,1.220313,174.52,132.267,732.072,1,2,compressed_ring_ar
1778527786.0694351,5,195,1.558451,72.33,152.345,548.388,1,2,compressed_ring_ar
1778527792.800468,6,0,1.169664,197.48,87.583,646.892,1,2,compressed_ring_ar
1778527793.472935,6,1,1.109035,203.67,186.954,627.132,1,2,compressed_ring_ar
1778527794.1201239,6,2,1.062133,208.92,93.948,611.406,1,2,compressed_ring_ar
1778527794.6781719,6,3,1.049781,255.53,111.032,500.222,1,2,compressed_ring_ar
1778527795.2376416,6,4,1.092118,248.09,133.123,514.683,1,2,compressed_ring_ar
1778527795.8080914,6,5,1.282046,247.43,159.531,516.097,1,2,compressed_ring_ar
1778527796.3861175,6,6,1.134265,238.95,153.646,534.438,1,2,compressed_ring_ar
1778527796.9680555,6,7,1.144342,240.55,151.717,530.85,1,2,compressed_ring_ar
1778527797.527867,6,8,1.084215,250.53,145.424,509.676,1,2,compressed_ring_ar
1778527798.0700948,6,9,1.063499,253.56,152.61,503.525,1,2,compressed_ring_ar
1778527798.6425292,6,10,1.045595,245.19,147.543,520.738,1,2,compressed_ring_ar
1778527799.3061779,6,11,0.938595,208.11,176.28,613.689,1,2,compressed_ring_ar
1778527800.041619,6,12,1.154998,182.27,164.828,698.712,1,2,compressed_ring_ar
1778527800.5395799,6,13,1.152212,283.05,70.901,450.857,1,2,compressed_ring_ar
1778527801.1270373,6,14,1.192163,234.64,142.431,544.409,1,2,compressed_ring_ar
1778527801.687193,6,15,0.881516,249.71,146.654,511.892,1,2,compressed_ring_ar
1778527802.2941024,6,16,1.228586,227.95,141.852,560.326,1,2,compressed_ring_ar
1778527802.8635821,6,17,1.10604,242.65,154.198,526.152,1,2,compressed_ring_ar
1778527803.4683337,6,18,1.032639,230.1,156.87,554.942,1,2,compressed_ring_ar
1778527804.0011234,6,19,1.137465,259.39,122.465,492.4,1,2,compressed_ring_ar
1778527804.5768294,6,20,1.018517,246.0,133.224,519.128,1,2,compressed_ring_ar
1778527805.129322,6,21,1.068709,252.66,131.479,505.334,1,2,compressed_ring_ar
1778527805.7017882,6,22,1.173092,243.19,147.984,525.001,1,2,compressed_ring_ar
1778527806.278064,6,23,1.258551,239.93,141.867,532.325,1,2,compressed_ring_ar
1778527806.8481677,6,24,1.235537,245.44,134.701,520.431,1,2,compressed_ring_ar
1778527807.4479272,6,25,1.203317,231.63,176.675,551.742,1,2,compressed_ring_ar
1778527808.1045027,6,26,1.101023,211.83,150.484,601.181,1,2,compressed_ring_ar
1778527808.7416914,6,27,1.145661,211.35,81.052,604.222,1,2,compressed_ring_ar
1778527809.3205113,6,28,1.207643,238.38,151.112,535.768,1,2,compressed_ring_ar
1778527809.8793619,6,29,1.069428,251.9,115.257,506.902,1,2,compressed_ring_ar
1778527810.4725566,6,30,1.107355,231.92,156.835,550.711,1,2,compressed_ring_ar
1778527811.0567696,6,31,1.234993,241.73,143.622,528.312,1,2,compressed_ring_ar
1778527811.6359785,6,32,1.229112,238.59,148.612,535.383,1,2,compressed_ring_ar
1778527812.218029,6,33,1.187785,237.32,154.874,538.129,1,2,compressed_ring_ar
1778527812.872751,6,34,1.141134,210.83,175.661,605.71,1,2,compressed_ring_ar
1778527813.5900853,6,35,1.173639,187.42,130.188,681.528,1,2,compressed_ring_ar
1778527814.2287674,6,36,1.140654,212.6,93.03,600.758,1,2,compressed_ring_ar
1778527814.7978256,6,37,1.100606,243.74,137.033,523.785,1,2,compressed_ring_ar
1778527815.452898,6,38,0.934028,211.45,177.913,603.992,1,2,compressed_ring_ar
1778527816.1208727,6,39,1.187237,200.62,107.917,636.643,1,2,compressed_ring_ar
1778527816.8220716,6,40,1.001768,192.12,103.15,664.029,1,2,compressed_ring_ar
1778527817.5479484,6,41,1.071385,184.48,113.113,692.419,1,2,compressed_ring_ar
1778527818.4674914,6,42,1.006775,144.36,162.071,882.271,1,2,compressed_ring_ar
1778527819.248642,6,43,0.993174,179.44,95.306,711.958,1,2,compressed_ring_ar
1778527819.839992,6,44,1.106028,233.49,120.636,547.147,1,2,compressed_ring_ar
1778527820.4785533,6,45,0.95259,216.58,115.641,589.687,1,2,compressed_ring_ar
1778527821.0365176,6,46,1.306144,247.54,148.942,515.737,1,2,compressed_ring_ar
1778527821.6274307,6,47,1.108946,238.93,140.64,534.582,1,2,compressed_ring_ar
1778527822.3081856,6,48,1.166489,201.71,165.183,633.24,1,2,compressed_ring_ar
1778527822.9918525,6,49,1.101205,197.01,140.918,648.304,1,2,compressed_ring_ar
1778527823.5504625,6,50,1.040403,252.29,77.473,506.045,1,2,compressed_ring_ar
1778527824.1109886,6,51,1.22302,249.19,115.954,512.134,1,2,compressed_ring_ar
1778527824.6709025,6,52,1.130314,250.11,154.416,510.447,1,2,compressed_ring_ar
1778527825.2496166,6,53,1.147994,240.75,141.373,530.86,1,2,compressed_ring_ar
1778527825.821788,6,54,1.017025,244.29,106.55,523.107,1,2,compressed_ring_ar
1778527826.390232,6,55,1.267432,243.76,152.896,523.927,1,2,compressed_ring_ar
1778527826.9525893,6,56,1.017996,251.76,128.5,507.181,1,2,compressed_ring_ar
1778527827.5208805,6,57,1.025412,246.74,96.182,517.688,1,2,compressed_ring_ar
1778527828.0800142,6,58,1.317464,247.74,155.817,515.557,1,2,compressed_ring_ar
1778527828.6529362,6,59,1.074641,243.84,143.531,523.766,1,2,compressed_ring_ar
1778527829.2497556,6,60,1.094332,230.65,140.578,554.211,1,2,compressed_ring_ar
1778527829.8172412,6,61,1.03246,244.02,145.028,523.733,1,2,compressed_ring_ar
1778527830.5008345,6,62,1.086394,200.09,168.0,638.29,1,2,compressed_ring_ar
1778527831.1071355,6,63,1.045804,225.25,86.288,567.002,1,2,compressed_ring_ar
1778527831.7098765,6,64,0.954093,230.05,151.75,555.077,1,2,compressed_ring_ar
1778527832.3546274,6,65,0.924021,209.04,97.316,611.358,1,2,compressed_ring_ar
1778527832.9059863,6,66,1.215425,249.31,117.165,512.61,1,2,compressed_ring_ar
1778527833.5611792,6,67,1.052952,210.73,185.904,605.695,1,2,compressed_ring_ar
1778527834.1721277,6,68,1.172179,222.49,98.371,573.955,1,2,compressed_ring_ar
1778527834.81533,6,69,1.136569,212.79,170.991,599.176,1,2,compressed_ring_ar
1778527835.4424956,6,70,1.176409,216.12,80.868,590.951,1,2,compressed_ring_ar
1778527836.0211449,6,71,1.261533,242.7,157.393,526.254,1,2,compressed_ring_ar
1778527836.5911934,6,72,1.123918,243.68,131.738,524.058,1,2,compressed_ring_ar
1778527837.16216,6,73,1.224697,247.75,139.58,515.595,1,2,compressed_ring_ar
1778527837.7450063,6,74,1.015275,242.37,155.421,526.809,1,2,compressed_ring_ar
1778527838.3266299,6,75,1.216045,241.73,125.191,528.21,1,2,compressed_ring_ar
1778527838.907938,6,76,1.061643,238.08,118.296,536.339,1,2,compressed_ring_ar
1778527839.6175497,6,77,1.13266,191.14,189.984,668.306,1,2,compressed_ring_ar
1778527840.2473176,6,78,1.125047,218.72,80.039,583.973,1,2,compressed_ring_ar
1778527840.8113446,6,79,1.106667,248.46,120.952,513.923,1,2,compressed_ring_ar
1778527841.4543006,6,80,1.299505,213.81,177.82,597.336,1,2,compressed_ring_ar
1778527842.0932612,6,81,1.360982,212.37,84.325,601.313,1,2,compressed_ring_ar
1778527842.742748,6,82,1.296382,208.02,88.455,614.044,1,2,compressed_ring_ar
1778527843.3979442,6,83,0.992972,208.26,178.441,613.307,1,2,compressed_ring_ar
1778527844.002323,6,84,1.305051,224.3,88.305,569.676,1,2,compressed_ring_ar
1778527844.5785944,6,85,1.008922,243.44,157.821,524.684,1,2,compressed_ring_ar
1778527845.1604514,6,86,1.273418,244.8,171.141,521.51,1,2,compressed_ring_ar
1778527845.7344542,6,87,1.181621,245.64,162.893,519.758,1,2,compressed_ring_ar
1778527846.3039584,6,88,1.14715,244.0,159.349,523.443,1,2,compressed_ring_ar
1778527846.8949084,6,89,1.194635,233.45,156.04,547.2,1,2,compressed_ring_ar
1778527847.4686263,6,90,1.053924,238.46,121.319,536.197,1,2,compressed_ring_ar
1778527848.0408154,6,91,1.060032,244.27,165.609,522.751,1,2,compressed_ring_ar
1778527848.6117823,6,92,1.098248,240.65,160.053,530.795,1,2,compressed_ring_ar
1778527849.2822187,6,93,1.154996,209.04,140.2,610.921,1,2,compressed_ring_ar
1778527849.892306,6,94,1.12248,221.89,77.586,575.538,1,2,compressed_ring_ar
1778527850.5111861,6,95,1.236965,223.31,172.338,571.936,1,2,compressed_ring_ar
1778527851.1087286,6,96,1.143191,234.6,122.725,544.385,1,2,compressed_ring_ar
1778527851.6851459,6,97,1.095319,238.56,163.076,535.359,1,2,compressed_ring_ar
1778527852.3484402,6,98,1.432067,207.54,154.004,613.708,1,2,compressed_ring_ar
1778527853.0180893,6,99,1.269123,200.39,101.074,637.64,1,2,compressed_ring_ar
1778527853.5745068,6,100,1.179387,247.86,135.991,515.254,1,2,compressed_ring_ar
1778527854.1352732,6,101,1.070227,250.32,158.436,509.96,1,2,compressed_ring_ar
1778527854.7099037,6,102,1.247079,243.15,153.73,525.126,1,2,compressed_ring_ar
1778527855.262995,6,103,0.999738,251.36,149.876,507.909,1,2,compressed_ring_ar
1778527855.8429875,6,104,1.189423,241.42,149.881,529.177,1,2,compressed_ring_ar
1778527856.424188,6,105,1.297444,240.34,153.52,531.456,1,2,compressed_ring_ar
1778527856.9790435,6,106,1.107756,252.07,143.694,506.515,1,2,compressed_ring_ar
1778527857.5460186,6,107,1.16122,247.34,149.836,516.39,1,2,compressed_ring_ar
1778527858.1493883,6,108,1.014134,231.0,178.522,552.842,1,2,compressed_ring_ar
1778527858.7350814,6,109,0.969313,236.97,122.619,538.947,1,2,compressed_ring_ar
1778527859.2936978,6,110,1.130094,249.16,133.204,512.562,1,2,compressed_ring_ar
1778527859.882689,6,111,1.319672,236.32,168.638,540.307,1,2,compressed_ring_ar
1778527860.489123,6,112,1.208808,230.27,150.951,554.671,1,2,compressed_ring_ar
1778527861.1725118,6,113,1.26283,198.63,191.649,643.162,1,2,compressed_ring_ar
1778527861.8442962,6,114,1.047365,208.96,79.9,611.365,1,2,compressed_ring_ar
1778527862.4182813,6,115,1.196873,239.56,140.334,533.105,1,2,compressed_ring_ar
1778527862.978348,6,116,1.053644,252.32,137.129,506.246,1,2,compressed_ring_ar
1778527863.5403454,6,117,0.949562,246.16,108.508,518.737,1,2,compressed_ring_ar
1778527864.1134052,6,118,1.114152,241.71,129.959,528.56,1,2,compressed_ring_ar
1778527864.672913,6,119,1.106464,246.3,151.388,518.524,1,2,compressed_ring_ar
1778527865.2947178,6,120,1.0925,223.86,170.259,570.494,1,2,compressed_ring_ar
1778527866.0007257,6,121,1.035801,189.87,106.317,672.759,1,2,compressed_ring_ar
1778527866.6033568,6,122,1.155459,224.6,111.561,568.668,1,2,compressed_ring_ar
1778527867.2756467,6,123,0.92715,201.72,201.705,633.151,1,2,compressed_ring_ar
1778527867.9723835,6,124,1.109119,192.34,119.918,664.148,1,2,compressed_ring_ar
1778527868.5858858,6,125,1.179433,220.06,89.011,580.448,1,2,compressed_ring_ar
1778527869.2201262,6,126,1.166707,215.74,161.178,592.071,1,2,compressed_ring_ar
1778527869.9498265,6,127,1.311007,183.56,125.105,695.965,1,2,compressed_ring_ar
1778527870.680755,6,128,1.019998,184.22,112.841,690.44,1,2,compressed_ring_ar
1778527871.2994432,6,129,1.005988,218.65,94.251,584.18,1,2,compressed_ring_ar
1778527871.931187,6,130,0.945394,220.98,152.977,578.055,1,2,compressed_ring_ar
1778527872.529912,6,131,1.154458,232.2,148.324,549.975,1,2,compressed_ring_ar
1778527873.079073,6,132,0.923571,252.28,127.889,506.126,1,2,compressed_ring_ar
1778527873.6442065,6,133,1.114012,246.81,143.867,517.311,1,2,compressed_ring_ar
1778527874.2095392,6,134,1.053621,243.89,124.749,523.723,1,2,compressed_ring_ar
1778527874.854252,6,135,0.962965,216.5,182.537,588.856,1,2,compressed_ring_ar
1778527875.4332,6,136,1.153649,235.18,127.988,543.021,1,2,compressed_ring_ar
1778527875.995203,6,137,1.064966,247.35,152.846,516.53,1,2,compressed_ring_ar
1778527876.5734603,6,138,1.037273,241.83,166.059,527.939,1,2,compressed_ring_ar
1778527877.1513145,6,139,1.184344,240.2,144.385,532.384,1,2,compressed_ring_ar
1778527877.7727988,6,140,0.975533,220.96,175.545,578.044,1,2,compressed_ring_ar
1778527878.3467722,6,141,1.085772,244.11,162.955,522.987,1,2,compressed_ring_ar
1778527878.9197474,6,142,1.39782,247.74,151.113,515.486,1,2,compressed_ring_ar
1778527879.487858,6,143,1.001176,244.52,158.931,522.184,1,2,compressed_ring_ar
1778527880.0762193,6,144,1.084527,239.38,151.974,533.544,1,2,compressed_ring_ar
1778527880.6556978,6,145,1.117821,243.14,157.29,525.202,1,2,compressed_ring_ar
1778527881.2373946,6,146,1.034188,237.97,134.916,536.757,1,2,compressed_ring_ar
1778527881.819419,6,147,1.151842,239.1,137.455,534.27,1,2,compressed_ring_ar
1778527882.4295876,6,148,1.298706,230.47,156.491,552.985,1,2,compressed_ring_ar
1778527883.150052,6,149,1.10899,188.4,144.255,678.233,1,2,compressed_ring_ar
1778527883.7333114,6,150,1.16905,232.54,82.846,549.126,1,2,compressed_ring_ar
1778527884.32813,6,151,0.859333,230.72,177.891,554.004,1,2,compressed_ring_ar
1778527884.9126203,6,152,0.956131,236.77,143.379,539.603,1,2,compressed_ring_ar
1778527885.4936197,6,153,1.119918,242.66,147.308,526.612,1,2,compressed_ring_ar
1778527886.1294992,6,154,1.075308,220.65,166.924,578.819,1,2,compressed_ring_ar
1778527886.7319148,6,155,0.989378,232.06,147.759,550.468,1,2,compressed_ring_ar
1778527887.341933,6,156,1.049253,229.97,143.157,555.252,1,2,compressed_ring_ar
1778527887.9491076,6,157,1.014916,229.71,150.127,555.813,1,2,compressed_ring_ar
1778527888.5389588,6,158,1.114282,241.28,161.252,529.232,1,2,compressed_ring_ar
1778527889.2015538,6,159,1.197842,207.26,177.814,616.359,1,2,compressed_ring_ar
1778527889.8574736,6,160,1.224242,205.61,85.903,621.465,1,2,compressed_ring_ar
1778527890.4558911,6,161,1.141731,232.46,137.722,549.566,1,2,compressed_ring_ar
1778527891.0475564,6,162,1.091781,233.72,115.336,546.544,1,2,compressed_ring_ar
1778527891.638808,6,163,1.124593,231.72,159.121,551.103,1,2,compressed_ring_ar
1778527892.2310793,6,164,1.218675,235.99,108.56,541.38,1,2,compressed_ring_ar
1778527892.865769,6,165,1.191985,218.18,154.99,585.297,1,2,compressed_ring_ar
1778527893.5408366,6,166,1.0875,203.73,107.265,627.089,1,2,compressed_ring_ar
1778527894.1775947,6,167,1.167164,218.8,186.936,583.624,1,2,compressed_ring_ar
1778527894.8089457,6,168,1.369043,213.33,90.667,598.648,1,2,compressed_ring_ar
1778527895.4409397,6,169,1.075347,218.48,133.154,584.354,1,2,compressed_ring_ar
1778527896.0794976,6,170,1.160703,210.63,98.798,606.351,1,2,compressed_ring_ar
1778527896.68753,6,171,1.092875,227.6,164.335,561.24,1,2,compressed_ring_ar
1778527897.3640125,6,172,1.135722,202.01,172.765,632.456,1,2,compressed_ring_ar
1778527898.033497,6,173,1.145984,205.99,192.066,619.975,1,2,compressed_ring_ar
1778527898.6064427,6,174,0.944269,237.13,69.591,538.683,1,2,compressed_ring_ar
1778527899.1726081,6,175,1.047912,243.63,160.672,524.081,1,2,compressed_ring_ar
1778527899.7364023,6,176,1.168327,241.62,116.8,528.463,1,2,compressed_ring_ar
1778527900.3121846,6,177,1.043787,237.18,159.216,538.315,1,2,compressed_ring_ar
1778527900.863098,6,178,1.132017,252.24,136.379,506.083,1,2,compressed_ring_ar
1778527901.4355385,6,179,1.103138,242.21,140.677,527.177,1,2,compressed_ring_ar
1778527902.021142,6,180,1.086198,233.79,155.066,546.564,1,2,compressed_ring_ar
1778527902.6092436,6,181,1.145002,238.43,159.087,535.544,1,2,compressed_ring_ar
1778527903.2190547,6,182,1.302735,227.17,166.952,562.182,1,2,compressed_ring_ar
1778527903.7968693,6,183,1.139495,236.35,132.28,540.893,1,2,compressed_ring_ar
1778527904.5189567,6,184,0.995801,195.78,168.538,652.584,1,2,compressed_ring_ar
1778527905.164308,6,185,1.035494,208.77,108.857,611.939,1,2,compressed_ring_ar
1778527905.716961,6,186,1.042498,252.78,148.064,505.115,1,2,compressed_ring_ar
1778527906.3311474,6,187,1.141049,224.19,192.727,569.684,1,2,compressed_ring_ar
1778527906.8956409,6,188,1.129379,245.98,130.142,519.282,1,2,compressed_ring_ar
1778527907.4777563,6,189,1.28145,241.06,116.42,529.766,1,2,compressed_ring_ar
1778527908.0549507,6,190,1.165004,244.4,150.728,522.516,1,2,compressed_ring_ar
1778527908.6244805,6,191,1.140772,243.78,122.382,523.794,1,2,compressed_ring_ar
1778527909.179897,6,192,1.123453,251.12,145.924,508.37,1,2,compressed_ring_ar
1778527909.7335734,6,193,1.142728,251.53,120.72,507.792,1,2,compressed_ring_ar
1778527910.33958,6,194,0.957296,232.12,122.626,550.27,1,2,compressed_ring_ar
1778527910.893335,6,195,1.05574,74.61,198.444,535.046,1,2,compressed_ring_ar
1778527917.3795831,7,0,1.038316,202.08,88.518,632.14,1,2,compressed_ring_ar
1778527917.957569,7,1,1.208117,240.25,144.492,531.54,1,2,compressed_ring_ar
1778527918.5131676,7,2,0.884378,250.23,125.004,510.342,1,2,compressed_ring_ar
1778527919.0949352,7,3,1.246519,236.72,149.487,539.768,1,2,compressed_ring_ar
1778527919.6624079,7,4,1.09935,247.35,127.803,516.255,1,2,compressed_ring_ar
1778527920.280863,7,5,1.092788,224.52,183.476,568.921,1,2,compressed_ring_ar
1778527920.8569052,7,6,1.052611,239.59,141.731,533.098,1,2,compressed_ring_ar
1778527921.4396327,7,7,0.970667,236.98,148.221,538.8,1,2,compressed_ring_ar
1778527922.024122,7,8,0.995305,240.95,171.332,529.869,1,2,compressed_ring_ar
1778527922.6122289,7,9,1.074721,239.84,142.99,532.297,1,2,compressed_ring_ar
1778527923.178624,7,10,1.192642,244.26,137.132,522.8,1,2,compressed_ring_ar
1778527923.7683558,7,11,1.160882,237.64,138.707,537.526,1,2,compressed_ring_ar
1778527924.3633716,7,12,1.14784,234.04,134.127,545.708,1,2,compressed_ring_ar
1778527924.9469638,7,13,0.963649,237.86,156.935,536.939,1,2,compressed_ring_ar
1778527925.552049,7,14,1.082027,231.14,139.411,553.188,1,2,compressed_ring_ar
1778527926.1456215,7,15,0.961389,236.92,147.513,539.159,1,2,compressed_ring_ar
1778527926.717839,7,16,0.934166,245.91,149.328,519.189,1,2,compressed_ring_ar
1778527927.2959661,7,17,1.034152,238.43,168.898,535.598,1,2,compressed_ring_ar
1778527927.8613513,7,18,1.029132,247.54,143.72,516.011,1,2,compressed_ring_ar
1778527928.4373713,7,19,1.043223,238.6,139.65,535.182,1,2,compressed_ring_ar
1778527928.9894843,7,20,1.068018,252.57,132.805,505.586,1,2,compressed_ring_ar
1778527929.5879025,7,21,1.118271,231.75,144.155,550.952,1,2,compressed_ring_ar
1778527930.1609693,7,22,1.167082,245.52,133.836,520.453,1,2,compressed_ring_ar
1778527930.7804449,7,23,1.134997,229.4,168.036,556.639,1,2,compressed_ring_ar
1778527931.3429782,7,24,1.164305,242.53,117.418,526.553,1,2,compressed_ring_ar
1778527931.9161642,7,25,1.168031,241.04,147.221,529.961,1,2,compressed_ring_ar
1778527932.4719372,7,26,1.219184,249.6,140.355,511.495,1,2,compressed_ring_ar
1778527933.072169,7,27,1.198252,233.58,156.325,546.794,1,2,compressed_ring_ar
1778527933.6179438,7,28,1.086275,254.3,149.72,502.002,1,2,compressed_ring_ar
1778527934.1995707,7,29,1.186146,233.43,165.646,547.37,1,2,compressed_ring_ar
1778527934.76332,7,30,0.95732,246.04,129.726,518.965,1,2,compressed_ring_ar
1778527935.3297193,7,31,0.880554,248.24,155.117,514.385,1,2,compressed_ring_ar
1778527935.892158,7,32,1.04537,245.8,144.72,519.626,1,2,compressed_ring_ar
1778527936.4957833,7,33,1.112391,232.27,168.71,549.834,1,2,compressed_ring_ar
1778527937.0898516,7,34,1.111524,241.06,144.773,529.755,1,2,compressed_ring_ar
1778527937.671158,7,35,1.064598,237.79,157.874,537.031,1,2,compressed_ring_ar
1778527938.2479937,7,36,1.09742,240.96,156.32,529.898,1,2,compressed_ring_ar
1778527938.8976715,7,37,1.128432,213.85,176.776,597.159,1,2,compressed_ring_ar
1778527939.5936284,7,38,1.101434,192.72,127.247,662.725,1,2,compressed_ring_ar
1778527940.3392565,7,39,1.05883,179.51,142.989,711.645,1,2,compressed_ring_ar
1778527941.0444076,7,40,1.104426,190.38,116.844,671.073,1,2,compressed_ring_ar
1778527941.7053673,7,41,1.041815,203.7,101.066,626.981,1,2,compressed_ring_ar
1778527942.3288467,7,42,1.093952,221.4,161.489,576.924,1,2,compressed_ring_ar
1778527942.9448712,7,43,0.990537,225.7,143.611,566.555,1,2,compressed_ring_ar
1778527943.586913,7,44,1.007026,216.57,136.198,589.87,1,2,compressed_ring_ar
1778527944.2479904,7,45,0.99356,213.63,153.552,597.924,1,2,compressed_ring_ar
1778527944.8396926,7,46,1.075817,236.34,161.219,540.469,1,2,compressed_ring_ar
1778527945.4403,7,47,1.091115,233.79,129.861,546.088,1,2,compressed_ring_ar
1778527946.0289679,7,48,1.111143,237.37,130.978,538.067,1,2,compressed_ring_ar
1778527946.6165552,7,49,1.099292,237.58,162.464,537.615,1,2,compressed_ring_ar
1778527947.2002285,7,50,1.084464,238.6,148.833,535.316,1,2,compressed_ring_ar
1778527947.8573637,7,51,1.14459,210.59,163.738,606.45,1,2,compressed_ring_ar
1778527948.4936821,7,52,1.131185,211.34,84.051,604.313,1,2,compressed_ring_ar
1778527949.063875,7,53,1.038374,242.99,136.083,525.694,1,2,compressed_ring_ar
1778527949.6421907,7,54,1.00847,243.72,168.906,523.818,1,2,compressed_ring_ar
1778527950.2182095,7,55,1.132361,244.35,144.889,522.63,1,2,compressed_ring_ar
1778527950.8714342,7,56,1.131145,217.99,174.563,585.897,1,2,compressed_ring_ar
1778527951.6149457,7,57,0.971435,179.84,113.25,710.375,1,2,compressed_ring_ar
1778527952.2386887,7,58,0.960623,215.74,90.315,592.139,1,2,compressed_ring_ar
1778527952.8204217,7,59,1.022498,240.35,138.95,531.62,1,2,compressed_ring_ar
1778527953.4541674,7,60,0.93682,221.81,119.245,575.701,1,2,compressed_ring_ar
1778527954.040727,7,61,1.041934,235.62,142.987,542.195,1,2,compressed_ring_ar
1778527954.6233444,7,62,1.091077,240.97,119.555,529.763,1,2,compressed_ring_ar
1778527955.2202291,7,63,1.010574,237.22,145.324,538.017,1,2,compressed_ring_ar
1778527955.7771182,7,64,1.303725,249.34,155.758,511.904,1,2,compressed_ring_ar
1778527956.4236717,7,65,0.90969,214.43,177.074,595.489,1,2,compressed_ring_ar
1778527957.0390995,7,66,1.009792,219.24,83.965,582.453,1,2,compressed_ring_ar
1778527957.6560383,7,67,0.958246,225.79,169.94,565.772,1,2,compressed_ring_ar
1778527958.3116004,7,68,0.982232,209.84,190.45,608.658,1,2,compressed_ring_ar
1778527959.0244098,7,69,0.963339,189.55,121.593,673.831,1,2,compressed_ring_ar
1778527959.7672682,7,70,0.977826,179.98,111.775,707.881,1,2,compressed_ring_ar
1778527960.4926438,7,71,0.976717,184.3,117.339,693.274,1,2,compressed_ring_ar
1778527961.1737976,7,72,0.958761,197.12,112.404,648.067,1,2,compressed_ring_ar
1778527961.8028355,7,73,1.072224,213.95,76.601,597.389,1,2,compressed_ring_ar
1778527962.4433806,7,74,1.141165,214.06,145.374,596.733,1,2,compressed_ring_ar
1778527963.1309867,7,75,0.931987,195.05,125.037,654.805,1,2,compressed_ring_ar
1778527963.8293009,7,76,1.124526,192.14,121.263,664.848,1,2,compressed_ring_ar
1778527964.4583275,7,77,1.170382,214.27,109.212,596.034,1,2,compressed_ring_ar
1778527965.018984,7,78,0.879208,249.37,157.637,512.097,1,2,compressed_ring_ar
1778527965.655633,7,79,1.001723,214.51,183.981,595.309,1,2,compressed_ring_ar
1778527966.2744198,7,80,1.063952,217.27,102.323,587.827,1,2,compressed_ring_ar
1778527966.8569586,7,81,0.984681,237.33,143.208,538.09,1,2,compressed_ring_ar
1778527967.426267,7,82,1.058075,243.82,125.823,524.063,1,2,compressed_ring_ar
1778527968.0634449,7,83,1.045698,215.97,150.461,591.238,1,2,compressed_ring_ar
1778527968.7315154,7,84,1.138136,201.6,121.515,633.724,1,2,compressed_ring_ar
1778527969.3751347,7,85,1.28929,216.29,164.287,590.383,1,2,compressed_ring_ar
1778527969.9600513,7,86,1.035635,231.82,78.704,551.091,1,2,compressed_ring_ar
1778527970.5401118,7,87,1.257727,241.12,151.068,529.857,1,2,compressed_ring_ar
1778527971.1217747,7,88,0.996966,238.47,145.644,535.519,1,2,compressed_ring_ar
1778527971.695104,7,89,0.936603,241.54,137.546,528.564,1,2,compressed_ring_ar
1778527972.2439392,7,90,1.186583,250.04,152.402,510.823,1,2,compressed_ring_ar
1778527972.8929925,7,91,0.964274,213.55,177.217,597.93,1,2,compressed_ring_ar
1778527973.4988303,7,92,1.002608,223.43,82.985,571.799,1,2,compressed_ring_ar
1778527974.0945241,7,93,1.088187,233.59,161.952,546.708,1,2,compressed_ring_ar
1778527974.6832602,7,94,0.883796,237.25,143.621,538.514,1,2,compressed_ring_ar
1778527975.2456026,7,95,1.084954,252.04,125.305,506.531,1,2,compressed_ring_ar
1778527975.8245327,7,96,1.007622,240.88,147.387,530.333,1,2,compressed_ring_ar
1778527976.387453,7,97,1.081328,248.34,123.017,514.147,1,2,compressed_ring_ar
1778527976.9771817,7,98,1.332938,235.17,156.325,543.105,1,2,compressed_ring_ar
1778527977.5525362,7,99,0.913328,241.54,159.092,528.986,1,2,compressed_ring_ar
1778527978.1208658,7,100,1.191093,243.15,158.059,525.12,1,2,compressed_ring_ar
1778527978.7062902,7,101,0.938181,238.32,165.569,535.778,1,2,compressed_ring_ar
1778527979.3087547,7,102,1.016939,230.14,130.37,555.377,1,2,compressed_ring_ar
1778527979.9402575,7,103,1.01478,222.15,126.631,574.926,1,2,compressed_ring_ar
1778527980.618766,7,104,0.939878,201.99,195.626,632.307,1,2,compressed_ring_ar
1778527981.301784,7,105,0.958932,196.36,106.814,650.463,1,2,compressed_ring_ar
1778527981.9687533,7,106,0.982453,201.4,98.97,634.351,1,2,compressed_ring_ar
1778527982.6190088,7,107,1.015382,213.03,164.26,597.543,1,2,compressed_ring_ar
1778527983.336913,7,108,1.048927,186.56,119.207,683.888,1,2,compressed_ring_ar
1778527984.0578482,7,109,0.888428,186.47,122.12,685.024,1,2,compressed_ring_ar
1778527984.699045,7,110,1.238094,209.96,91.031,608.321,1,2,compressed_ring_ar
1778527985.3843129,7,111,1.038186,202.22,154.107,631.696,1,2,compressed_ring_ar
1778527986.0861995,7,112,1.026242,206.45,135.766,618.792,1,2,compressed_ring_ar
1778527986.7478104,7,113,1.086485,207.69,142.352,614.905,1,2,compressed_ring_ar
1778527987.344258,7,114,1.138934,227.15,77.966,562.172,1,2,compressed_ring_ar
1778527987.9151475,7,115,1.231223,246.45,118.127,518.353,1,2,compressed_ring_ar
1778527988.494599,7,116,1.065113,241.45,154.603,528.93,1,2,compressed_ring_ar
1778527989.070923,7,117,1.038662,241.95,163.882,527.905,1,2,compressed_ring_ar
1778527989.6659029,7,118,1.097481,235.32,143.024,542.71,1,2,compressed_ring_ar
1778527990.2836194,7,119,1.01539,229.88,129.225,555.667,1,2,compressed_ring_ar
1778527990.961494,7,120,1.156276,206.58,157.782,616.556,1,2,compressed_ring_ar
1778527991.6710596,7,121,1.08008,189.07,105.883,672.505,1,2,compressed_ring_ar
1778527992.4132547,7,122,0.950869,180.25,104.396,708.748,1,2,compressed_ring_ar
1778527993.0312662,7,123,1.168109,218.06,85.29,585.693,1,2,compressed_ring_ar
1778527993.6076982,7,124,0.966604,239.99,142.377,532.26,1,2,compressed_ring_ar
1778527994.1806722,7,125,1.074369,240.47,141.462,531.59,1,2,compressed_ring_ar
1778527994.7978134,7,126,1.027827,230.06,146.061,555.02,1,2,compressed_ring_ar
1778527995.4379342,7,127,1.081075,218.8,167.292,583.586,1,2,compressed_ring_ar
1778527996.061969,7,128,1.06611,215.51,90.775,592.85,1,2,compressed_ring_ar
1778527996.7285314,7,129,1.195272,205.75,162.976,619.863,1,2,compressed_ring_ar
1778527997.38121,7,130,1.075689,206.22,97.956,619.431,1,2,compressed_ring_ar
1778527997.9677486,7,131,0.844233,236.68,164.771,539.478,1,2,compressed_ring_ar
1778527998.5499654,7,132,0.827172,241.02,137.594,529.999,1,2,compressed_ring_ar
1778527999.1203275,7,133,1.164412,244.77,171.937,521.654,1,2,compressed_ring_ar
1778527999.7110977,7,134,1.026918,240.33,166.632,531.235,1,2,compressed_ring_ar
1778528000.3234265,7,135,1.120424,230.98,155.711,552.984,1,2,compressed_ring_ar
1778528000.9771516,7,136,0.946803,215.62,155.945,592.541,1,2,compressed_ring_ar
1778528001.6988068,7,137,1.002118,195.4,172.048,653.652,1,2,compressed_ring_ar
1778528002.3304327,7,138,1.327885,213.47,104.246,598.572,1,2,compressed_ring_ar
1778528002.9116921,7,139,1.1553,239.29,137.447,533.726,1,2,compressed_ring_ar
1778528003.4803686,7,140,1.045667,245.01,116.964,521.1,1,2,compressed_ring_ar
1778528004.0669181,7,141,0.946165,237.02,125.942,538.753,1,2,compressed_ring_ar
1778528004.6837373,7,142,0.919559,231.54,141.603,551.702,1,2,compressed_ring_ar
1778528005.3183491,7,143,1.012632,215.22,167.013,593.359,1,2,compressed_ring_ar
1778528005.9315233,7,144,1.001669,219.66,87.317,581.493,1,2,compressed_ring_ar
1778528006.4934816,7,145,1.020866,246.62,123.878,517.747,1,2,compressed_ring_ar
1778528007.0532217,7,146,1.020099,250.02,111.78,510.849,1,2,compressed_ring_ar
1778528007.6042051,7,147,0.950582,249.57,155.074,511.553,1,2,compressed_ring_ar
1778528008.1917405,7,148,0.989336,240.07,142.236,531.859,1,2,compressed_ring_ar
1778528008.8967087,7,149,0.970539,195.48,209.944,653.365,1,2,compressed_ring_ar
1778528009.5996501,7,150,1.142336,192.55,116.98,663.351,1,2,compressed_ring_ar
1778528010.2080235,7,151,1.024731,224.53,85.274,568.845,1,2,compressed_ring_ar
1778528010.8566566,7,152,1.123207,214.83,203.21,593.758,1,2,compressed_ring_ar
1778528011.5436287,7,153,1.077784,195.81,146.802,652.255,1,2,compressed_ring_ar
1778528012.2504365,7,154,1.007756,189.91,139.72,672.732,1,2,compressed_ring_ar
1778528012.8945873,7,155,0.960968,208.72,97.409,612.116,1,2,compressed_ring_ar
1778528013.4979632,7,156,1.130774,227.95,157.974,560.273,1,2,compressed_ring_ar
1778528014.090102,7,157,0.927404,236.07,141.131,541.194,1,2,compressed_ring_ar
1778528014.7253432,7,158,0.986082,218.28,173.583,585.239,1,2,compressed_ring_ar
1778528015.3112013,7,159,0.795378,242.57,152.893,526.745,1,2,compressed_ring_ar
1778528015.9138908,7,160,1.094603,229.45,152.53,556.628,1,2,compressed_ring_ar
1778528016.5739212,7,161,1.191665,206.5,166.368,618.469,1,2,compressed_ring_ar
1778528017.2359288,7,162,1.070792,206.36,93.878,618.927,1,2,compressed_ring_ar
1778528017.7968183,7,163,1.178371,245.03,128.206,521.345,1,2,compressed_ring_ar
1778528018.3753636,7,164,0.980569,242.65,145.005,526.183,1,2,compressed_ring_ar
1778528019.038316,7,165,0.98149,207.07,197.457,616.806,1,2,compressed_ring_ar
1778528019.7354221,7,166,1.242426,192.33,121.359,664.172,1,2,compressed_ring_ar
1778528020.3422377,7,167,0.903204,227.93,79.373,560.225,1,2,compressed_ring_ar
1778528020.9800937,7,168,1.018931,217.15,158.133,587.491,1,2,compressed_ring_ar
1778528021.6716833,7,169,1.125567,194.21,137.006,657.709,1,2,compressed_ring_ar
1778528022.4219034,7,170,0.940335,177.97,123.532,717.957,1,2,compressed_ring_ar
1778528023.0120912,7,171,1.203444,233.1,79.005,547.938,1,2,compressed_ring_ar
1778528023.5825906,7,172,1.012251,242.36,139.857,526.912,1,2,compressed_ring_ar
1778528024.198149,7,173,1.073482,226.74,133.479,563.285,1,2,compressed_ring_ar
1778528024.7942197,7,174,1.005676,234.84,128.219,543.807,1,2,compressed_ring_ar
1778528025.4563282,7,175,1.195628,212.84,190.13,600.355,1,2,compressed_ring_ar
1778528026.0468938,7,176,1.024679,233.0,174.484,548.285,1,2,compressed_ring_ar
1778528026.7152305,7,177,1.000187,204.45,186.629,624.67,1,2,compressed_ring_ar
1778528027.3732357,7,178,1.11225,204.74,86.414,623.846,1,2,compressed_ring_ar
1778528027.9263208,7,179,1.043607,253.55,162.356,503.493,1,2,compressed_ring_ar
1778528028.6077332,7,180,1.117403,201.25,211.253,634.48,1,2,compressed_ring_ar
1778528029.2405806,7,181,1.079156,213.1,84.784,599.387,1,2,compressed_ring_ar
1778528029.848344,7,182,1.200872,228.96,168.024,557.848,1,2,compressed_ring_ar
1778528030.5149095,7,183,1.365918,206.35,198.941,618.054,1,2,compressed_ring_ar
1778528031.1537902,7,184,0.947086,211.41,90.961,604.187,1,2,compressed_ring_ar
1778528031.7467515,7,185,0.984258,231.97,152.959,550.564,1,2,compressed_ring_ar
1778528032.315357,7,186,1.275385,249.52,116.216,511.911,1,2,compressed_ring_ar
1778528032.9441054,7,187,0.961274,220.85,182.393,578.736,1,2,compressed_ring_ar
1778528033.5273998,7,188,1.249079,239.47,142.594,534.108,1,2,compressed_ring_ar
1778528034.1033201,7,189,0.980942,242.59,140.176,526.526,1,2,compressed_ring_ar
1778528034.6728837,7,190,1.021959,252.87,115.571,504.937,1,2,compressed_ring_ar
1778528035.248176,7,191,1.280556,243.48,147.9,524.732,1,2,compressed_ring_ar
1778528035.8270466,7,192,0.93628,240.83,115.933,530.326,1,2,compressed_ring_ar
1778528036.404451,7,193,1.13013,241.19,117.406,529.466,1,2,compressed_ring_ar
1778528036.965676,7,194,1.088208,246.8,149.655,517.561,1,2,compressed_ring_ar
1778528037.4708762,7,195,0.900171,82.5,134.354,483.799,1,2,compressed_ring_ar
1778528044.0016575,8,0,1.014035,199.19,102.961,641.056,1,2,compressed_ring_ar
1778528044.5834455,8,1,1.024616,242.94,127.184,525.51,1,2,compressed_ring_ar
1778528045.2244303,8,2,1.056397,209.88,91.19,608.609,1,2,compressed_ring_ar
1778528045.858898,8,3,0.957978,217.79,153.623,586.277,1,2,compressed_ring_ar
1778528046.5456738,8,4,0.996932,195.17,113.45,653.606,1,2,compressed_ring_ar
1778528047.1803265,8,5,1.036479,212.51,92.79,600.878,1,2,compressed_ring_ar
1778528047.7462938,8,6,1.106014,243.81,139.916,523.8,1,2,compressed_ring_ar
1778528048.3270476,8,7,0.960216,242.83,134.045,524.938,1,2,compressed_ring_ar
1778528048.955203,8,8,1.13924,214.42,87.203,595.665,1,2,compressed_ring_ar
1778528049.5332346,8,9,1.115992,242.91,133.597,525.625,1,2,compressed_ring_ar
1778528050.257857,8,10,1.001764,185.51,116.752,688.572,1,2,compressed_ring_ar
1778528050.847462,8,11,0.862586,231.94,96.884,550.653,1,2,compressed_ring_ar
1778528051.4846597,8,12,1.029821,214.86,128.918,593.541,1,2,compressed_ring_ar
1778528052.1984892,8,13,1.167198,187.78,118.239,680.205,1,2,compressed_ring_ar
1778528052.8265536,8,14,0.989229,214.42,86.161,595.602,1,2,compressed_ring_ar
1778528053.4395602,8,15,0.913208,219.9,103.055,580.669,1,2,compressed_ring_ar
1778528054.0497997,8,16,0.947573,226.98,153.33,559.633,1,2,compressed_ring_ar
1778528054.7213278,8,17,1.142942,201.61,86.104,633.971,1,2,compressed_ring_ar
1778528055.374884,8,18,1.007273,206.49,107.691,619.079,1,2,compressed_ring_ar
1778528055.9517436,8,19,1.126341,240.38,115.645,531.279,1,2,compressed_ring_ar
1778528056.5417042,8,20,1.255499,239.59,176.19,533.269,1,2,compressed_ring_ar
1778528057.2455547,8,21,1.007208,194.17,236.898,654.593,1,2,compressed_ring_ar
1778528057.7966633,8,22,1.167381,254.39,77.388,501.832,1,2,compressed_ring_ar
1778528058.4491787,8,23,0.91425,205.78,110.225,620.993,1,2,compressed_ring_ar
1778528059.0344903,8,24,1.013569,237.17,154.037,538.439,1,2,compressed_ring_ar
1778528059.6610565,8,25,0.954746,216.8,86.352,589.066,1,2,compressed_ring_ar
1778528060.3505435,8,26,0.869349,194.45,134.497,653.782,1,2,compressed_ring_ar
1778528060.8864024,8,27,0.986645,256.12,75.667,498.538,1,2,compressed_ring_ar
1778528061.4293883,8,28,0.974399,253.8,119.503,503.1,1,2,compressed_ring_ar
1778528062.0036223,8,29,1.160441,239.6,140.483,533.274,1,2,compressed_ring_ar
1778528062.631117,8,30,1.16755,221.01,145.135,576.67,1,2,compressed_ring_ar
1778528063.2281206,8,31,1.087068,228.5,141.659,558.784,1,2,compressed_ring_ar
1778528063.8718436,8,32,0.985012,209.21,95.777,609.28,1,2,compressed_ring_ar
1778528064.5344234,8,33,0.900578,202.62,160.135,627.047,1,2,compressed_ring_ar
1778528065.0991414,8,34,0.906118,239.42,118.188,532.411,1,2,compressed_ring_ar
1778528065.7357829,8,35,1.043946,214.28,148.106,596.06,1,2,compressed_ring_ar
1778528066.470198,8,36,1.07812,181.85,129.539,699.473,1,2,compressed_ring_ar
1778528066.957934,8,37,0.954345,280.66,75.986,454.8,1,2,compressed_ring_ar
1778528067.5542498,8,38,0.956643,229.89,154.63,555.584,1,2,compressed_ring_ar
1778528068.2270966,8,39,0.986418,202.93,160.108,626.531,1,2,compressed_ring_ar
1778528068.720091,8,40,1.104326,278.66,80.692,457.963,1,2,compressed_ring_ar
1778528069.3531847,8,41,0.97523,213.54,84.467,598.207,1,2,compressed_ring_ar
1778528069.903082,8,42,0.971912,253.9,142.4,503.012,1,2,compressed_ring_ar
1778528070.5203013,8,43,1.049262,225.31,179.985,566.716,1,2,compressed_ring_ar
1778528071.1613524,8,44,1.058108,210.52,86.977,606.711,1,2,compressed_ring_ar
1778528071.8107169,8,45,0.949511,208.75,79.931,611.844,1,2,compressed_ring_ar
1778528072.46937,8,46,1.055428,204.4,97.713,624.886,1,2,compressed_ring_ar
1778528073.0802062,8,47,1.039884,221.74,88.614,575.87,1,2,compressed_ring_ar
1778528073.7231863,8,48,1.052452,209.65,97.203,609.158,1,2,compressed_ring_ar
1778528074.3456354,8,49,0.906553,216.84,121.148,588.914,1,2,compressed_ring_ar
1778528075.0513263,8,50,0.90759,190.34,126.061,667.779,1,2,compressed_ring_ar
1778528075.577176,8,51,1.010049,258.9,91.249,493.072,1,2,compressed_ring_ar
1778528076.2836175,8,52,0.979566,191.89,95.491,665.713,1,2,compressed_ring_ar
1778528076.9212759,8,53,1.137311,211.6,98.836,603.584,1,2,compressed_ring_ar
1778528077.5135489,8,54,1.014789,227.97,69.083,560.222,1,2,compressed_ring_ar
1778528078.1518211,8,55,0.99788,216.26,184.875,590.498,1,2,compressed_ring_ar
1778528078.798633,8,56,1.064461,208.49,98.246,612.828,1,2,compressed_ring_ar
1778528079.3840363,8,57,0.960564,235.96,145.215,541.1,1,2,compressed_ring_ar
1778528080.016566,8,58,1.095175,214.08,82.897,596.541,1,2,compressed_ring_ar
1778528080.6678712,8,59,1.0048,206.8,94.073,617.766,1,2,compressed_ring_ar
1778528081.2709668,8,60,0.96124,232.05,115.285,550.212,1,2,compressed_ring_ar
1778528081.9454935,8,61,0.914946,199.44,190.366,640.477,1,2,compressed_ring_ar
1778528082.5171468,8,62,1.042177,237.45,81.69,535.361,1,2,compressed_ring_ar
1778528083.1869085,8,63,1.03413,200.68,97.045,635.713,1,2,compressed_ring_ar
1778528083.8324437,8,64,0.980838,208.72,99.907,611.817,1,2,compressed_ring_ar
1778528084.526216,8,65,1.266674,193.52,105.006,659.976,1,2,compressed_ring_ar
1778528085.1733491,8,66,1.003955,208.92,94.765,609.532,1,2,compressed_ring_ar
1778528085.8541577,8,67,1.175749,196.03,92.658,651.515,1,2,compressed_ring_ar
1778528086.5629387,8,68,1.081473,188.85,90.167,673.261,1,2,compressed_ring_ar
1778528087.2771342,8,69,1.016705,190.4,125.469,668.156,1,2,compressed_ring_ar
1778528087.8703563,8,70,1.107481,229.55,99.689,557.138,1,2,compressed_ring_ar
1778528088.5528338,8,71,1.010384,200.57,175.034,633.378,1,2,compressed_ring_ar
1778528089.038252,8,72,1.012343,281.27,83.089,453.675,1,2,compressed_ring_ar
1778528089.6695104,8,73,1.090253,213.82,87.455,597.38,1,2,compressed_ring_ar
1778528090.2696064,8,74,1.000823,228.16,113.343,559.639,1,2,compressed_ring_ar
1778528090.8937244,8,75,1.198969,223.21,85.584,572.246,1,2,compressed_ring_ar
1778528091.5047555,8,76,0.940066,223.73,163.909,567.969,1,2,compressed_ring_ar
1778528092.1563828,8,77,1.047171,206.53,80.155,618.376,1,2,compressed_ring_ar
1778528092.8060737,8,78,0.943127,207.27,91.628,614.496,1,2,compressed_ring_ar
1778528093.4411426,8,79,0.970045,211.91,96.473,602.642,1,2,compressed_ring_ar
1778528094.0901892,8,80,0.947084,207.55,99.615,615.434,1,2,compressed_ring_ar
1778528094.766112,8,81,0.894793,198.25,90.919,644.295,1,2,compressed_ring_ar
1778528095.4251401,8,82,1.066338,204.19,87.733,622.443,1,2,compressed_ring_ar
1778528096.1673105,8,83,1.067494,180.35,131.649,704.958,1,2,compressed_ring_ar
1778528096.6770542,8,84,1.107622,267.56,87.118,476.303,1,2,compressed_ring_ar
1778528097.3558123,8,85,1.162621,197.87,94.006,645.655,1,2,compressed_ring_ar
1778528098.05233,8,86,0.990965,195.2,128.327,651.097,1,2,compressed_ring_ar
1778528098.5768096,8,87,1.013141,261.75,71.693,488.112,1,2,compressed_ring_ar
1778528099.2390614,8,88,1.071239,206.46,145.15,615.327,1,2,compressed_ring_ar
1778528099.7981985,8,89,1.089057,242.12,128.807,524.286,1,2,compressed_ring_ar
1778528100.3264346,8,90,1.031849,261.32,84.194,486.132,1,2,compressed_ring_ar
1778528100.9834785,8,91,1.276546,209.55,95.692,609.498,1,2,compressed_ring_ar
1778528101.5978177,8,92,0.937163,220.88,83.56,578.07,1,2,compressed_ring_ar
1778528102.207978,8,93,0.924146,221.27,80.662,577.235,1,2,compressed_ring_ar
1778528102.7948923,8,94,0.993887,236.09,149.983,540.936,1,2,compressed_ring_ar
1778528103.3556938,8,95,0.999681,246.43,139.429,518.086,1,2,compressed_ring_ar
1778528103.9439352,8,96,1.008831,236.13,158.497,540.952,1,2,compressed_ring_ar
1778528104.498725,8,97,1.062547,247.72,130.241,515.394,1,2,compressed_ring_ar
1778528105.0851493,8,98,1.072549,236.33,139.981,540.44,1,2,compressed_ring_ar
1778528105.7819133,8,99,0.916525,194.86,166.347,655.466,1,2,compressed_ring_ar
1778528106.4957187,8,100,1.131211,187.96,86.539,679.614,1,2,compressed_ring_ar
1778528107.1864524,8,101,1.103184,196.47,146.723,650.118,1,2,compressed_ring_ar
1778528107.9187505,8,102,0.927723,183.32,130.366,693.877,1,2,compressed_ring_ar
1778528108.4797263,8,103,1.130583,251.58,90.25,507.453,1,2,compressed_ring_ar
1778528109.2593596,8,104,0.996435,173.08,133.544,735.1,1,2,compressed_ring_ar
1778528109.841652,8,105,1.07974,232.33,123.69,546.142,1,2,compressed_ring_ar
1778528110.4658453,8,106,1.132305,215.99,118.223,591.244,1,2,compressed_ring_ar
1778528111.0875113,8,107,0.914513,217.74,90.785,583.446,1,2,compressed_ring_ar
1778528111.7517545,8,108,1.081828,202.3,92.18,631.308,1,2,compressed_ring_ar
1778528112.3274992,8,109,1.031414,243.33,83.229,524.985,1,2,compressed_ring_ar
1778528112.9158044,8,110,1.113516,237.14,159.18,538.804,1,2,compressed_ring_ar
1778528113.5333564,8,111,0.972389,224.48,184.638,566.401,1,2,compressed_ring_ar
1778528114.05192,8,112,1.055361,262.1,88.143,485.314,1,2,compressed_ring_ar
1778528114.707016,8,113,1.114361,205.71,91.558,620.975,1,2,compressed_ring_ar
1778528115.328719,8,114,1.013752,216.96,93.013,588.538,1,2,compressed_ring_ar
1778528115.9826884,8,115,0.982239,205.77,90.334,620.815,1,2,compressed_ring_ar
1778528116.5920722,8,116,0.980461,222.44,95.052,572.504,1,2,compressed_ring_ar
1778528117.3831117,8,117,1.115741,168.7,151.794,754.738,1,2,compressed_ring_ar
1778528118.0282497,8,118,1.118431,217.88,122.302,582.924,1,2,compressed_ring_ar
1778528118.5410407,8,119,1.073442,265.29,82.579,481.235,1,2,compressed_ring_ar
1778528119.1791267,8,120,0.869753,212.03,86.35,602.277,1,2,compressed_ring_ar
1778528119.8302805,8,121,1.070101,207.38,91.474,616.023,1,2,compressed_ring_ar
1778528120.4952064,8,122,0.962911,202.52,98.086,629.735,1,2,compressed_ring_ar
1778528121.175349,8,123,1.13168,198.24,93.421,642.63,1,2,compressed_ring_ar
1778528121.872886,8,124,0.948916,197.73,88.888,646.08,1,2,compressed_ring_ar
1778528122.4485722,8,125,1.030508,239.31,141.423,533.449,1,2,compressed_ring_ar
1778528123.090482,8,126,1.093485,212.1,87.876,602.06,1,2,compressed_ring_ar
1778528123.717964,8,127,0.985492,214.52,94.873,595.464,1,2,compressed_ring_ar
1778528124.2835615,8,128,0.997095,244.47,137.005,522.282,1,2,compressed_ring_ar
1778528124.8559992,8,129,1.001794,243.65,158.754,524.107,1,2,compressed_ring_ar
1778528125.4102352,8,130,0.987829,249.53,124.852,511.68,1,2,compressed_ring_ar
1778528125.9785886,8,131,0.937297,248.47,114.165,514.484,1,2,compressed_ring_ar
1778528126.5477276,8,132,1.014249,241.71,150.711,528.275,1,2,compressed_ring_ar
1778528127.1167364,8,133,1.083482,244.71,152.518,521.698,1,2,compressed_ring_ar
1778528127.6867638,8,134,1.061593,246.51,122.078,517.949,1,2,compressed_ring_ar
1778528128.2462676,8,135,1.015931,250.63,138.993,509.394,1,2,compressed_ring_ar
1778528128.8362126,8,136,1.06067,237.23,139.064,538.266,1,2,compressed_ring_ar
1778528129.5721147,8,137,1.024326,182.03,136.947,701.904,1,2,compressed_ring_ar
1778528130.2585168,8,138,1.045218,196.57,139.528,646.698,1,2,compressed_ring_ar
1778528130.7821813,8,139,1.028461,263.61,83.646,484.179,1,2,compressed_ring_ar
1778528131.50443,8,140,1.08252,185.72,121.525,684.959,1,2,compressed_ring_ar
1778528132.1299188,8,141,0.946349,215.87,91.279,591.878,1,2,compressed_ring_ar
1778528132.7181947,8,142,0.92069,234.78,150.07,544.099,1,2,compressed_ring_ar
1778528133.307774,8,143,1.048849,235.25,144.033,542.912,1,2,compressed_ring_ar
1778528133.8961742,8,144,0.974226,235.21,151.022,543.164,1,2,compressed_ring_ar
1778528134.464421,8,145,1.001008,244.26,155.026,522.796,1,2,compressed_ring_ar
1778528135.0456324,8,146,0.97381,239.57,134.225,533.017,1,2,compressed_ring_ar
1778528135.6435513,8,147,0.936847,233.49,149.026,546.975,1,2,compressed_ring_ar
1778528136.2310584,8,148,1.074676,234.76,121.069,542.278,1,2,compressed_ring_ar
1778528136.890581,8,149,0.99291,203.41,88.328,627.183,1,2,compressed_ring_ar
1778528137.5285113,8,150,0.945004,212.34,128.09,601.805,1,2,compressed_ring_ar
1778528138.1694539,8,151,0.968267,220.52,117.701,579.031,1,2,compressed_ring_ar
1778528138.7857182,8,152,1.062963,222.18,79.003,574.74,1,2,compressed_ring_ar
1778528139.4798481,8,153,1.001247,195.1,100.438,654.644,1,2,compressed_ring_ar
1778528140.2270477,8,154,1.002753,179.9,160.428,706.742,1,2,compressed_ring_ar
1778528140.8739064,8,155,1.156,224.15,101.622,569.623,1,2,compressed_ring_ar
1778528141.5600164,8,156,1.105528,202.46,83.668,628.929,1,2,compressed_ring_ar
1778528142.2059464,8,157,1.098141,211.01,92.522,605.212,1,2,compressed_ring_ar
1778528142.8732333,8,158,1.061774,201.33,113.355,634.84,1,2,compressed_ring_ar
1778528143.5192108,8,159,0.869267,215.14,174.154,593.536,1,2,compressed_ring_ar
1778528144.0850976,8,160,1.004292,240.96,80.901,530.013,1,2,compressed_ring_ar
1778528144.6941154,8,161,0.997082,222.72,81.943,573.341,1,2,compressed_ring_ar
1778528145.3288743,8,162,1.085585,213.05,103.638,599.499,1,2,compressed_ring_ar
1778528146.0084324,8,163,0.882899,197.71,124.66,643.443,1,2,compressed_ring_ar
1778528146.5574183,8,164,0.957329,247.67,88.998,515.384,1,2,compressed_ring_ar
1778528147.2128627,8,165,1.012464,208.23,87.07,613.346,1,2,compressed_ring_ar
1778528147.8760781,8,166,1.064706,203.29,86.46,627.84,1,2,compressed_ring_ar
1778528148.4800942,8,167,0.942096,223.66,111.468,570.901,1,2,compressed_ring_ar
1778528149.1621253,8,168,0.933228,196.47,136.817,646.84,1,2,compressed_ring_ar
1778528149.6735919,8,169,1.135502,266.48,71.419,479.289,1,2,compressed_ring_ar
1778528150.2718036,8,170,0.987105,231.89,100.341,550.614,1,2,compressed_ring_ar
1778528150.9098158,8,171,1.105674,212.57,97.804,597.996,1,2,compressed_ring_ar
1778528151.5848572,8,172,0.990539,200.82,98.124,635.983,1,2,compressed_ring_ar
1778528152.189946,8,173,1.085748,223.84,105.503,570.852,1,2,compressed_ring_ar
1778528152.7684333,8,174,0.814838,246.19,130.733,518.678,1,2,compressed_ring_ar
1778528153.352521,8,175,1.006818,239.47,153.659,533.077,1,2,compressed_ring_ar
1778528153.9898922,8,176,0.88598,212.53,79.997,600.939,1,2,compressed_ring_ar
1778528154.6304164,8,177,0.979406,210.88,127.53,605.495,1,2,compressed_ring_ar
1778528155.282561,8,178,0.984599,207.21,89.499,616.33,1,2,compressed_ring_ar
1778528155.9419446,8,179,0.955656,203.44,94.411,627.78,1,2,compressed_ring_ar
1778528156.5724912,8,180,1.039875,213.48,87.665,598.206,1,2,compressed_ring_ar
1778528157.2004716,8,181,1.233127,214.39,97.637,595.949,1,2,compressed_ring_ar
1778528157.7797217,8,182,0.876908,239.06,149.517,531.265,1,2,compressed_ring_ar
1778528158.4229128,8,183,0.93533,209.28,94.532,610.262,1,2,compressed_ring_ar
1778528159.0363753,8,184,0.915457,224.08,145.968,569.879,1,2,compressed_ring_ar
1778528159.782338,8,185,1.058076,186.04,137.969,686.737,1,2,compressed_ring_ar
1778528160.4024174,8,186,0.998599,218.82,124.645,583.777,1,2,compressed_ring_ar
1778528160.960293,8,187,1.028807,249.36,78.671,511.922,1,2,compressed_ring_ar
1778528161.6100755,8,188,1.023624,207.02,107.016,616.922,1,2,compressed_ring_ar
1778528162.2473261,8,189,0.950668,213.58,75.85,598.183,1,2,compressed_ring_ar
1778528162.8394597,8,190,1.235487,238.63,150.075,535.439,1,2,compressed_ring_ar
1778528163.4144063,8,191,1.087021,246.01,129.375,519.047,1,2,compressed_ring_ar
1778528164.0083156,8,192,0.891405,232.25,165.185,549.744,1,2,compressed_ring_ar
1778528164.651684,8,193,0.914013,209.43,83.576,609.848,1,2,compressed_ring_ar
1778528165.2832427,8,194,1.038363,213.81,86.503,597.415,1,2,compressed_ring_ar
1778528165.8219373,8,195,1.064726,77.1,168.685,517.479,1,2,compressed_ring_ar
1778528172.3991854,9,0,0.997854,183.48,110.11,696.267,1,2,compressed_ring_ar
1778528173.0570495,9,1,1.200124,208.0,92.288,613.217,1,2,compressed_ring_ar
1778528173.698969,9,2,1.018192,210.4,93.3,607.067,1,2,compressed_ring_ar
1778528174.2721565,9,3,0.831136,241.87,128.304,526.984,1,2,compressed_ring_ar
1778528174.946368,9,4,1.012928,199.41,90.34,640.639,1,2,compressed_ring_ar
1778528175.8048356,9,5,1.02775,157.2,100.529,812.257,1,2,compressed_ring_ar
1778528176.457764,9,6,0.905125,206.14,84.485,616.523,1,2,compressed_ring_ar
1778528177.1123998,9,7,0.968551,206.0,84.638,619.965,1,2,compressed_ring_ar
1778528177.7597306,9,8,0.887232,207.71,100.252,614.824,1,2,compressed_ring_ar
1778528178.3797495,9,9,1.06253,218.21,88.679,585.195,1,2,compressed_ring_ar
1778528179.0238073,9,10,1.081319,215.42,145.744,592.794,1,2,compressed_ring_ar
1778528179.7334917,9,11,1.013433,188.92,118.254,676.067,1,2,compressed_ring_ar
1778528180.4802542,9,12,0.745693,179.16,114.984,711.715,1,2,compressed_ring_ar
1778528181.0729287,9,13,1.105986,229.52,111.151,556.467,1,2,compressed_ring_ar
1778528181.662812,9,14,0.913009,234.39,135.597,543.861,1,2,compressed_ring_ar
1778528182.310956,9,15,1.088743,207.31,86.796,616.119,1,2,compressed_ring_ar
1778528182.9557405,9,16,1.022125,208.77,89.249,611.769,1,2,compressed_ring_ar
1778528183.6449764,9,17,1.165072,197.65,133.158,646.547,1,2,compressed_ring_ar
1778528184.2330465,9,18,1.186523,236.43,156.859,539.996,1,2,compressed_ring_ar
1778528184.8595,9,19,1.111629,214.81,104.509,594.525,1,2,compressed_ring_ar
1778528185.511389,9,20,1.052001,206.24,87.275,619.165,1,2,compressed_ring_ar
1778528186.2187526,9,21,1.001106,191.51,87.382,666.122,1,2,compressed_ring_ar
1778528186.882013,9,22,0.994833,202.88,77.616,629.841,1,2,compressed_ring_ar
1778528187.528077,9,23,1.014338,211.58,103.603,603.673,1,2,compressed_ring_ar
1778528188.1392183,9,24,0.977211,224.39,163.913,569.084,1,2,compressed_ring_ar
1778528188.757467,9,25,0.899938,221.37,78.924,576.772,1,2,compressed_ring_ar
1778528189.5055308,9,26,1.138878,178.82,139.312,711.369,1,2,compressed_ring_ar
1778528190.0334187,9,27,0.896387,262.37,90.077,483.984,1,2,compressed_ring_ar
1778528190.7311842,9,28,1.099572,192.72,113.382,662.851,1,2,compressed_ring_ar
1778528191.3486063,9,29,1.150965,218.82,85.461,584.166,1,2,compressed_ring_ar
1778528191.9218884,9,30,1.182746,241.89,142.281,528.137,1,2,compressed_ring_ar
1778528192.5454705,9,31,0.8939,226.07,150.427,563.963,1,2,compressed_ring_ar
1778528193.2480133,9,32,0.967037,190.7,112.928,668.61,1,2,compressed_ring_ar
1778528193.845932,9,33,1.004562,230.07,117.688,555.279,1,2,compressed_ring_ar
1778528194.4589624,9,34,0.922844,229.58,145.562,556.549,1,2,compressed_ring_ar
1778528195.0668046,9,35,1.076175,229.23,149.595,557.075,1,2,compressed_ring_ar
1778528195.6872704,9,36,0.975599,218.6,92.3,584.146,1,2,compressed_ring_ar
1778528196.3505063,9,37,1.013948,203.18,94.883,628.595,1,2,compressed_ring_ar
1778528197.0026858,9,38,1.090586,208.62,105.715,612.319,1,2,compressed_ring_ar
1778528197.6849334,9,39,1.14539,202.1,86.882,630.098,1,2,compressed_ring_ar
1778528198.3699908,9,40,1.045142,199.09,89.47,641.533,1,2,compressed_ring_ar
1778528199.038917,9,41,1.08525,202.44,111.425,630.875,1,2,compressed_ring_ar
1778528199.6609588,9,42,0.891773,216.91,93.907,586.072,1,2,compressed_ring_ar
1778528200.3411286,9,43,1.061289,196.89,98.976,648.793,1,2,compressed_ring_ar
1778528200.9308083,9,44,1.030315,239.46,88.198,533.182,1,2,compressed_ring_ar
1778528201.5603094,9,45,1.029351,215.31,101.528,593.076,1,2,compressed_ring_ar
1778528202.2316973,9,46,1.101522,200.98,83.063,635.553,1,2,compressed_ring_ar
1778528202.8835855,9,47,0.896275,206.51,102.966,618.329,1,2,compressed_ring_ar
1778528203.5430577,9,48,0.838041,203.87,90.317,626.405,1,2,compressed_ring_ar
1778528204.211796,9,49,0.88179,201.47,103.769,633.941,1,2,compressed_ring_ar
1778528204.8859756,9,50,1.104677,199.43,91.035,639.557,1,2,compressed_ring_ar
1778528205.5354838,9,51,0.999845,208.68,90.158,611.977,1,2,compressed_ring_ar
1778528206.1928792,9,52,1.047746,204.96,101.357,621.325,1,2,compressed_ring_ar
1778528206.8426046,9,53,0.875545,206.58,99.561,618.293,1,2,compressed_ring_ar
1778528207.459405,9,54,1.014481,221.82,79.571,575.812,1,2,compressed_ring_ar
1778528208.0265625,9,55,0.951993,243.25,129.879,524.982,1,2,compressed_ring_ar
1778528208.6019883,9,56,0.837127,247.19,123.314,516.515,1,2,compressed_ring_ar
1778528209.1937497,9,57,0.889758,238.54,144.209,535.522,1,2,compressed_ring_ar
1778528209.8391237,9,58,1.011833,220.45,173.925,579.334,1,2,compressed_ring_ar
1778528210.4853873,9,59,1.000478,208.27,130.29,613.511,1,2,compressed_ring_ar
1778528211.0929651,9,60,1.037598,227.97,135.558,557.097,1,2,compressed_ring_ar
1778528211.737626,9,61,1.039751,209.85,83.386,608.744,1,2,compressed_ring_ar
1778528212.3644788,9,62,0.994361,222.29,152.184,574.426,1,2,compressed_ring_ar
1778528213.020953,9,63,1.239844,204.98,108.172,622.759,1,2,compressed_ring_ar
1778528213.6851285,9,64,0.98604,208.28,115.871,613.343,1,2,compressed_ring_ar
1778528214.2941818,9,65,0.903556,230.84,152.393,553.355,1,2,compressed_ring_ar
1778528214.854549,9,66,0.89639,247.61,127.478,515.809,1,2,compressed_ring_ar
1778528215.4812708,9,67,1.074128,223.86,192.228,570.438,1,2,compressed_ring_ar
1778528216.0584993,9,68,1.071563,239.01,87.843,534.183,1,2,compressed_ring_ar
1778528216.7142174,9,69,1.017586,207.05,97.858,615.181,1,2,compressed_ring_ar
1778528217.424664,9,70,0.799349,188.2,119.323,678.754,1,2,compressed_ring_ar
1778528218.0518556,9,71,0.908225,215.22,108.649,593.341,1,2,compressed_ring_ar
1778528218.747925,9,72,1.102624,192.72,132.931,662.797,1,2,compressed_ring_ar
1778528219.3058765,9,73,1.20213,245.43,79.042,520.138,1,2,compressed_ring_ar
1778528219.974642,9,74,1.040641,201.34,95.504,634.459,1,2,compressed_ring_ar
1778528220.5989702,9,75,0.87502,216.38,71.817,590.309,1,2,compressed_ring_ar
1778528221.212949,9,76,0.92728,226.22,156.141,564.402,1,2,compressed_ring_ar
1778528221.8021653,9,77,0.959343,230.01,108.673,555.117,1,2,compressed_ring_ar
1778528222.3624852,9,78,1.227577,251.19,153.413,508.511,1,2,compressed_ring_ar
1778528222.9836426,9,79,0.891098,221.75,146.471,574.237,1,2,compressed_ring_ar
1778528223.6912189,9,80,0.814053,189.72,128.559,670.601,1,2,compressed_ring_ar
1778528224.2001965,9,81,1.060785,268.62,80.067,475.134,1,2,compressed_ring_ar
1778528224.8742785,9,82,0.989826,201.42,83.955,634.115,1,2,compressed_ring_ar
1778528225.5227597,9,83,0.850903,207.27,102.638,616.151,1,2,compressed_ring_ar
1778528226.137242,9,84,0.986344,219.97,100.609,579.691,1,2,compressed_ring_ar
1778528226.853819,9,85,1.065824,187.58,103.361,680.984,1,2,compressed_ring_ar
1778528227.4937851,9,86,1.025835,211.01,94.829,604.538,1,2,compressed_ring_ar
1778528228.137474,9,87,0.884114,209.05,86.725,611.083,1,2,compressed_ring_ar
1778528228.7437446,9,88,0.957436,227.55,122.078,561.163,1,2,compressed_ring_ar
1778528229.3648715,9,89,1.068268,219.48,90.366,581.741,1,2,compressed_ring_ar
1778528229.9786534,9,90,0.94421,220.27,79.376,579.76,1,2,compressed_ring_ar
1778528230.5619833,9,91,0.893154,238.67,148.753,535.286,1,2,compressed_ring_ar
1778528231.1521635,9,92,1.245874,235.23,159.886,542.755,1,2,compressed_ring_ar
1778528231.7590125,9,93,0.943651,231.05,134.616,552.709,1,2,compressed_ring_ar
1778528232.3940582,9,94,0.976315,212.16,76.467,602.394,1,2,compressed_ring_ar
1778528233.0478132,9,95,1.000413,208.24,141.124,613.307,1,2,compressed_ring_ar
1778528233.717787,9,96,0.911899,200.2,99.329,638.57,1,2,compressed_ring_ar
1778528234.3025494,9,97,0.923643,237.02,150.061,539.592,1,2,compressed_ring_ar
1778528234.9080675,9,98,0.909255,232.46,139.729,549.3,1,2,compressed_ring_ar
1778528235.563294,9,99,0.875209,206.26,94.024,616.17,1,2,compressed_ring_ar
1778528236.2159257,9,100,1.096293,209.03,89.886,611.141,1,2,compressed_ring_ar
1778528236.8376615,9,101,1.089151,217.08,90.928,588.227,1,2,compressed_ring_ar
1778528237.5181468,9,102,1.06684,198.5,96.915,642.682,1,2,compressed_ring_ar
1778528238.1668231,9,103,0.977948,208.38,100.789,612.848,1,2,compressed_ring_ar
1778528238.8196213,9,104,1.054713,205.96,90.362,620.161,1,2,compressed_ring_ar
1778528239.4280355,9,105,1.067165,225.67,92.898,565.733,1,2,compressed_ring_ar
1778528240.074004,9,106,0.988674,208.42,90.688,612.759,1,2,compressed_ring_ar
1778528240.774414,9,107,0.860176,192.13,96.747,664.809,1,2,compressed_ring_ar
1778528241.4993029,9,108,0.933301,184.52,151.83,688.792,1,2,compressed_ring_ar
1778528242.0340755,9,109,0.96809,260.07,88.357,487.742,1,2,compressed_ring_ar
1778528242.8058674,9,110,0.980639,173.72,143.345,732.188,1,2,compressed_ring_ar
1778528243.348476,9,111,0.902529,254.46,84.839,501.597,1,2,compressed_ring_ar
1778528244.038075,9,112,1.031259,195.66,133.201,652.807,1,2,compressed_ring_ar
1778528244.6907547,9,113,1.010392,206.52,89.853,618.366,1,2,compressed_ring_ar
1778528245.381533,9,114,0.907805,194.92,120.942,655.258,1,2,compressed_ring_ar
1778528245.9979446,9,115,0.968191,220.45,85.298,579.199,1,2,compressed_ring_ar
1778528246.6496747,9,116,0.869064,208.02,76.387,613.868,1,2,compressed_ring_ar
1778528247.3067744,9,117,0.954581,211.69,82.15,603.203,1,2,compressed_ring_ar
1778528247.982859,9,118,1.070171,198.35,98.441,642.599,1,2,compressed_ring_ar
1778528248.6519785,9,119,1.026575,201.54,107.296,633.87,1,2,compressed_ring_ar
1778528249.2794209,9,120,0.960045,215.3,100.773,593.323,1,2,compressed_ring_ar
1778528249.8572605,9,121,0.986451,237.89,140.668,536.658,1,2,compressed_ring_ar
1778528250.5193686,9,122,1.03396,203.63,97.434,627.62,1,2,compressed_ring_ar
1778528251.085818,9,123,0.895091,244.99,151.372,521.288,1,2,compressed_ring_ar
1778528251.6646495,9,124,1.078779,239.42,157.074,533.216,1,2,compressed_ring_ar
1778528252.3998394,9,125,0.989961,182.12,139.9,698.039,1,2,compressed_ring_ar
1778528252.9159513,9,126,0.888151,264.82,84.102,479.294,1,2,compressed_ring_ar
1778528253.5565386,9,127,0.967469,209.67,92.822,609.264,1,2,compressed_ring_ar
1778528254.109574,9,128,0.959935,250.57,121.648,509.58,1,2,compressed_ring_ar
1778528254.670398,9,129,0.953639,250.24,118.285,510.23,1,2,compressed_ring_ar
1778528255.235453,9,130,1.064649,245.53,161.251,520.086,1,2,compressed_ring_ar
1778528255.8277462,9,131,0.937163,234.17,162.332,545.361,1,2,compressed_ring_ar
1778528256.40777,9,132,0.805795,236.83,134.778,539.042,1,2,compressed_ring_ar
1778528257.0109587,9,133,0.901345,228.12,80.003,560.124,1,2,compressed_ring_ar
1778528257.5953066,9,134,0.871554,240.79,139.878,530.29,1,2,compressed_ring_ar
1778528258.1791327,9,135,0.826323,241.6,133.676,528.46,1,2,compressed_ring_ar
1778528258.7895164,9,136,0.995343,225.33,157.921,565.542,1,2,compressed_ring_ar
1778528259.4001846,9,137,0.935739,223.29,151.889,572.02,1,2,compressed_ring_ar
1778528259.9625525,9,138,0.808281,244.92,154.781,521.378,1,2,compressed_ring_ar
1778528260.5674627,9,139,0.955646,230.42,163.776,554.197,1,2,compressed_ring_ar
1778528261.1655166,9,140,1.043226,233.92,162.294,545.787,1,2,compressed_ring_ar
1778528261.8470829,9,141,0.986994,196.68,90.379,649.44,1,2,compressed_ring_ar
1778528262.548835,9,142,0.946892,190.63,129.622,667.095,1,2,compressed_ring_ar
1778528263.0936587,9,143,1.034268,254.37,109.782,500.942,1,2,compressed_ring_ar
1778528263.690938,9,144,1.010366,227.42,121.837,561.64,1,2,compressed_ring_ar
1778528264.2683692,9,145,1.056165,234.84,80.373,543.63,1,2,compressed_ring_ar
1778528264.9365618,9,146,1.222073,201.84,92.143,631.557,1,2,compressed_ring_ar
1778528265.5350466,9,147,1.092624,226.29,132.658,564.278,1,2,compressed_ring_ar
1778528266.2132258,9,148,0.843439,197.38,96.045,647.242,1,2,compressed_ring_ar
1778528266.8794012,9,149,1.094102,202.32,93.041,630.42,1,2,compressed_ring_ar
1778528267.5837967,9,150,1.031026,192.16,100.41,664.786,1,2,compressed_ring_ar
1778528268.3702092,9,151,1.137271,170.96,157.16,747.416,1,2,compressed_ring_ar
1778528269.0405505,9,152,0.892803,208.36,86.392,613.013,1,2,compressed_ring_ar
1778528269.762806,9,153,1.029173,187.42,114.404,681.741,1,2,compressed_ring_ar
1778528270.4119084,9,154,0.922675,212.14,83.854,602.046,1,2,compressed_ring_ar
1778528271.0541441,9,155,1.009425,211.72,97.509,602.391,1,2,compressed_ring_ar
1778528271.698914,9,156,0.934503,211.05,100.338,605.134,1,2,compressed_ring_ar
1778528272.3754466,9,157,0.883867,198.68,123.456,639.461,1,2,compressed_ring_ar
1778528272.9617627,9,158,0.925754,230.83,124.691,549.598,1,2,compressed_ring_ar
1778528273.5553792,9,159,1.042001,227.24,129.231,558.48,1,2,compressed_ring_ar
1778528274.0732336,9,160,0.916047,262.6,84.786,486.086,1,2,compressed_ring_ar
1778528274.6982946,9,161,1.075886,215.68,80.315,589.388,1,2,compressed_ring_ar
1778528275.3534734,9,162,1.006607,205.43,89.002,621.782,1,2,compressed_ring_ar
1778528275.995441,9,163,1.094016,214.99,174.137,590.552,1,2,compressed_ring_ar
1778528276.5873957,9,164,0.927346,228.64,118.666,555.004,1,2,compressed_ring_ar
1778528277.1176224,9,165,1.071903,257.22,98.763,496.299,1,2,compressed_ring_ar
1778528277.7700765,9,166,1.080301,207.63,90.179,615.026,1,2,compressed_ring_ar
1778528278.37648,9,167,0.950217,224.62,96.217,568.62,1,2,compressed_ring_ar
1778528278.9367197,9,168,1.013656,247.26,134.037,516.395,1,2,compressed_ring_ar
1778528279.527613,9,169,0.82799,239.41,129.301,531.658,1,2,compressed_ring_ar
1778528280.2403448,9,170,0.977129,187.61,103.205,680.879,1,2,compressed_ring_ar
1778528280.9228902,9,171,0.898143,200.9,89.584,635.727,1,2,compressed_ring_ar
1778528281.5864143,9,172,0.940183,202.44,85.176,630.889,1,2,compressed_ring_ar
1778528282.2424867,9,173,1.052246,205.04,85.902,622.843,1,2,compressed_ring_ar
1778528282.8656616,9,174,1.140943,216.74,80.782,588.383,1,2,compressed_ring_ar
1778528283.529337,9,175,0.983303,202.61,85.23,630.469,1,2,compressed_ring_ar
1778528284.1223912,9,176,1.099407,229.63,86.136,556.103,1,2,compressed_ring_ar
1778528284.7107303,9,177,0.9939,234.54,158.514,544.502,1,2,compressed_ring_ar
1778528285.417637,9,178,1.032705,190.74,115.11,669.27,1,2,compressed_ring_ar
1778528286.0341196,9,179,0.920409,219.02,119.25,583.083,1,2,compressed_ring_ar
1778528286.670411,9,180,0.951166,211.43,80.136,601.134,1,2,compressed_ring_ar
1778528287.3734171,9,181,0.839408,190.62,122.118,666.937,1,2,compressed_ring_ar
1778528287.9319882,9,182,0.973091,243.65,89.26,523.726,1,2,compressed_ring_ar
1778528288.5429723,9,183,0.860008,224.1,80.597,569.76,1,2,compressed_ring_ar
1778528289.225922,9,184,1.08092,196.43,115.041,649.455,1,2,compressed_ring_ar
1778528289.888235,9,185,0.945038,202.89,88.505,629.708,1,2,compressed_ring_ar
1778528290.4905324,9,186,0.954644,231.68,110.378,551.117,1,2,compressed_ring_ar
1778528291.2396653,9,187,0.911067,183.75,139.509,692.161,1,2,compressed_ring_ar
1778528291.7677126,9,188,0.898215,259.83,86.797,491.257,1,2,compressed_ring_ar
1778528292.3741348,9,189,1.206452,223.09,78.303,572.337,1,2,compressed_ring_ar
1778528292.9918966,9,190,1.01181,218.28,101.794,585.011,1,2,compressed_ring_ar
1778528293.6002092,9,191,0.91501,227.53,168.804,561.175,1,2,compressed_ring_ar
1778528294.2834046,9,192,1.142055,198.98,104.098,641.896,1,2,compressed_ring_ar
1778528295.016386,9,193,0.886397,184.43,114.382,692.617,1,2,compressed_ring_ar
1778528295.7145948,9,194,0.962627,192.61,103.967,662.281,1,2,compressed_ring_ar
1778528296.238711,9,195,1.057164,78.19,98.851,507.365,1,2,compressed_ring_ar
1778528302.7608287,10,0,0.988857,175.62,140.544,724.121,1,2,compressed_ring_ar
1778528303.2704654,10,1,0.957626,267.63,83.638,476.88,1,2,compressed_ring_ar
1778528303.929282,10,2,1.012895,203.81,96.61,627.049,1,2,compressed_ring_ar
1778528304.5332294,10,3,0.937918,229.54,125.38,556.196,1,2,compressed_ring_ar
1778528305.2853217,10,4,1.031244,177.55,98.878,719.492,1,2,compressed_ring_ar
1778528306.0243824,10,5,0.965595,185.31,103.07,689.342,1,2,compressed_ring_ar
1778528306.6226192,10,6,1.039875,226.58,86.098,563.877,1,2,compressed_ring_ar
1778528307.2384648,10,7,0.990839,224.82,157.129,564.767,1,2,compressed_ring_ar
1778528307.777655,10,8,0.776575,252.84,81.612,504.935,1,2,compressed_ring_ar
1778528308.4420462,10,9,1.146868,202.07,96.126,630.475,1,2,compressed_ring_ar
1778528309.1424146,10,10,0.907899,191.79,89.558,666.022,1,2,compressed_ring_ar
1778528309.792775,10,11,0.913295,207.27,90.69,613.092,1,2,compressed_ring_ar
1778528310.447421,10,12,0.929607,205.57,94.978,621.269,1,2,compressed_ring_ar
1778528311.1030285,10,13,0.939104,209.56,85.561,609.437,1,2,compressed_ring_ar
1778528311.7568107,10,14,0.909226,206.84,93.359,617.872,1,2,compressed_ring_ar
1778528312.4617739,10,15,0.850875,191.58,131.791,663.919,1,2,compressed_ring_ar
1778528313.032529,10,16,0.98288,238.68,129.941,531.837,1,2,compressed_ring_ar
1778528313.5392108,10,17,1.167816,270.54,79.583,471.673,1,2,compressed_ring_ar
1778528314.1695826,10,18,0.953543,214.65,92.833,595.057,1,2,compressed_ring_ar
1778528314.7461934,10,19,0.958912,241.59,155.903,528.939,1,2,compressed_ring_ar
1778528315.3138328,10,20,0.954411,243.97,119.594,523.419,1,2,compressed_ring_ar
1778528315.9001,10,21,0.866798,236.39,137.874,540.042,1,2,compressed_ring_ar
1778528316.518348,10,22,1.014567,222.68,84.792,573.385,1,2,compressed_ring_ar
1778528317.1515648,10,23,1.092781,213.38,108.056,598.372,1,2,compressed_ring_ar
1778528317.7354994,10,24,0.945946,235.27,133.545,542.601,1,2,compressed_ring_ar
1778528318.385041,10,25,0.912259,207.32,88.739,615.984,1,2,compressed_ring_ar
1778528319.0100558,10,26,0.839955,215.74,91.453,592.034,1,2,compressed_ring_ar
1778528319.5926921,10,27,0.995181,237.38,140.712,537.844,1,2,compressed_ring_ar
1778528320.224785,10,28,1.002839,213.84,90.022,597.148,1,2,compressed_ring_ar
1778528320.8926091,10,29,0.893008,201.29,89.265,634.496,1,2,compressed_ring_ar
1778528321.5391493,10,30,1.013582,208.4,99.051,612.96,1,2,compressed_ring_ar
1778528322.1740417,10,31,0.897791,213.38,92.174,598.536,1,2,compressed_ring_ar
1778528322.8141606,10,32,0.927621,210.1,86.724,607.573,1,2,compressed_ring_ar
1778528323.4795775,10,33,0.867626,205.32,108.728,622.03,1,2,compressed_ring_ar
1778528324.1500773,10,34,0.836193,201.19,100.01,634.822,1,2,compressed_ring_ar
1778528324.8065636,10,35,1.055613,205.85,99.212,620.402,1,2,compressed_ring_ar
1778528325.4397955,10,36,0.878895,213.77,77.5,597.529,1,2,compressed_ring_ar
1778528326.071601,10,37,0.807735,212.6,89.19,599.221,1,2,compressed_ring_ar
1778528326.7357888,10,38,0.897033,206.31,109.37,616.024,1,2,compressed_ring_ar
1778528327.3798501,10,39,0.816567,208.85,85.404,611.487,1,2,compressed_ring_ar
1778528327.9785917,10,40,0.813891,225.44,99.877,566.491,1,2,compressed_ring_ar
1778528328.5475457,10,41,0.962298,242.71,146.435,524.948,1,2,compressed_ring_ar
1778528329.1806474,10,42,0.970803,212.47,94.975,601.057,1,2,compressed_ring_ar
1778528329.8080215,10,43,0.906105,214.28,81.556,595.877,1,2,compressed_ring_ar
1778528330.4315827,10,44,0.851969,216.61,117.676,589.481,1,2,compressed_ring_ar
1778528331.0778618,10,45,0.968052,209.42,106.445,608.856,1,2,compressed_ring_ar
1778528331.7301624,10,46,1.101205,206.8,95.966,617.585,1,2,compressed_ring_ar
1778528332.3638263,10,47,0.735521,212.76,121.979,600.336,1,2,compressed_ring_ar
1778528333.021094,10,48,0.974403,204.37,90.836,624.975,1,2,compressed_ring_ar
1778528333.70222,10,49,0.820105,197.37,98.224,647.127,1,2,compressed_ring_ar
1778528334.3755934,10,50,0.993446,200.92,96.712,635.635,1,2,compressed_ring_ar
1778528335.0305226,10,51,0.925147,206.74,118.96,617.916,1,2,compressed_ring_ar
1778528335.6054988,10,52,0.885728,240.54,142.738,530.83,1,2,compressed_ring_ar
1778528336.2427278,10,53,0.943682,211.71,92.111,601.658,1,2,compressed_ring_ar
1778528336.896112,10,54,1.001484,206.34,91.436,618.976,1,2,compressed_ring_ar
1778528337.5283878,10,55,0.888718,218.85,107.715,583.663,1,2,compressed_ring_ar
1778528338.1942198,10,56,0.926312,210.84,189.511,605.77,1,2,compressed_ring_ar
1778528338.797945,10,57,1.049743,230.2,81.723,554.952,1,2,compressed_ring_ar
1778528339.4258966,10,58,0.91673,223.33,150.541,570.075,1,2,compressed_ring_ar
1778528340.0735471,10,59,0.953892,209.25,81.379,610.449,1,2,compressed_ring_ar
1778528340.7570286,10,60,0.926027,200.85,136.452,636.183,1,2,compressed_ring_ar
1778528341.4189157,10,61,1.090666,202.73,90.332,627.124,1,2,compressed_ring_ar
1778528342.0991347,10,62,0.839651,197.16,95.06,644.794,1,2,compressed_ring_ar
1778528342.7661378,10,63,0.930847,201.87,105.052,632.669,1,2,compressed_ring_ar
1778528343.4134111,10,64,0.857002,208.39,82.783,612.823,1,2,compressed_ring_ar
1778528344.08163,10,65,0.812857,201.69,131.424,630.142,1,2,compressed_ring_ar
1778528344.6152403,10,66,0.952545,256.17,78.074,498.453,1,2,compressed_ring_ar
1778528345.2444916,10,67,0.887837,221.9,142.281,575.589,1,2,compressed_ring_ar
1778528345.8907197,10,68,1.134325,208.65,96.979,611.339,1,2,compressed_ring_ar
1778528346.605992,10,69,0.882474,187.15,129.549,679.127,1,2,compressed_ring_ar
1778528347.1165211,10,70,1.080506,266.89,81.893,478.162,1,2,compressed_ring_ar
1778528347.7605088,10,71,0.934934,210.72,86.488,606.045,1,2,compressed_ring_ar
1778528348.3559282,10,72,0.844624,228.57,107.322,558.599,1,2,compressed_ring_ar
1778528349.0614257,10,73,1.15902,191.53,126.238,664.017,1,2,compressed_ring_ar
1778528349.5522609,10,74,1.01474,280.08,70.685,455.913,1,2,compressed_ring_ar
1778528350.18421,10,75,0.935347,227.78,141.79,560.61,1,2,compressed_ring_ar
1778528350.9200156,10,76,0.98225,182.58,129.31,696.395,1,2,compressed_ring_ar
1778528351.4288795,10,77,0.885338,268.02,78.909,476.192,1,2,compressed_ring_ar
1778528352.0593536,10,78,0.95707,213.62,86.278,597.914,1,2,compressed_ring_ar
1778528352.66884,10,79,0.848924,228.18,159.369,559.621,1,2,compressed_ring_ar
1778528353.3626626,10,80,1.048865,194.24,92.776,656.878,1,2,compressed_ring_ar
1778528353.997919,10,81,0.992671,211.81,98.592,602.908,1,2,compressed_ring_ar
1778528354.6284904,10,82,0.925413,213.67,86.46,597.777,1,2,compressed_ring_ar
1778528355.3278959,10,83,1.008283,192.88,92.232,661.387,1,2,compressed_ring_ar
1778528355.9895918,10,84,0.854275,205.72,104.035,620.757,1,2,compressed_ring_ar
1778528356.6407883,10,85,1.005377,207.12,86.344,614.914,1,2,compressed_ring_ar
1778528357.2893095,10,86,0.869658,212.48,86.649,601.012,1,2,compressed_ring_ar
1778528357.9407482,10,87,0.83618,210.99,82.759,602.275,1,2,compressed_ring_ar
1778528358.5849135,10,88,0.94039,208.85,86.566,609.226,1,2,compressed_ring_ar
1778528359.2514386,10,89,0.974971,201.22,101.673,633.169,1,2,compressed_ring_ar
1778528359.9023874,10,90,1.073775,206.51,83.39,618.544,1,2,compressed_ring_ar
1778528360.5517466,10,91,0.9509,208.35,87.023,613.114,1,2,compressed_ring_ar
1778528361.1577017,10,92,0.960536,235.81,129.411,541.432,1,2,compressed_ring_ar
1778528361.816233,10,93,0.991218,204.56,87.161,623.502,1,2,compressed_ring_ar
1778528362.4630072,10,94,0.954965,207.81,84.167,614.56,1,2,compressed_ring_ar
1778528363.1120462,10,95,1.147848,208.41,78.573,612.811,1,2,compressed_ring_ar
1778528363.7655287,10,96,1.083979,210.09,92.281,608.113,1,2,compressed_ring_ar
1778528364.4346082,10,97,0.943988,201.58,126.082,630.209,1,2,compressed_ring_ar
1778528364.8984535,10,98,0.862645,295.62,74.73,432.059,1,2,compressed_ring_ar
1778528365.4708908,10,99,0.938967,244.08,144.914,522.213,1,2,compressed_ring_ar
1778528366.136482,10,100,0.83636,205.09,154.838,619.28,1,2,compressed_ring_ar
1778528366.6413066,10,101,0.959941,274.03,71.107,465.806,1,2,compressed_ring_ar
1778528367.2500658,10,102,1.098576,229.04,174.255,557.831,1,2,compressed_ring_ar
1778528367.8391073,10,103,0.773721,238.56,143.857,535.408,1,2,compressed_ring_ar
1778528368.4418654,10,104,0.961029,231.07,174.533,553.003,1,2,compressed_ring_ar
1778528369.0286012,10,105,0.77139,235.76,153.396,541.658,1,2,compressed_ring_ar
1778528369.5990689,10,106,0.9325,242.14,136.357,527.385,1,2,compressed_ring_ar
1778528370.1956155,10,107,0.922602,236.85,139.342,539.184,1,2,compressed_ring_ar
1778528370.8172352,10,108,0.90217,228.94,157.949,557.897,1,2,compressed_ring_ar
1778528371.3845782,10,109,0.904827,246.27,132.502,518.69,1,2,compressed_ring_ar
1778528371.9905007,10,110,1.002613,227.61,148.258,561.015,1,2,compressed_ring_ar
1778528372.5705307,10,111,0.938717,241.6,133.056,528.909,1,2,compressed_ring_ar
1778528373.1525648,10,112,1.044075,238.93,118.115,534.538,1,2,compressed_ring_ar
1778528373.7319727,10,113,0.789492,240.33,144.162,531.439,1,2,compressed_ring_ar
1778528374.3277314,10,114,0.983723,233.73,147.086,546.517,1,2,compressed_ring_ar
1778528374.9296906,10,115,1.001827,235.57,149.217,542.028,1,2,compressed_ring_ar
1778528375.4940474,10,116,0.898897,244.04,143.556,523.154,1,2,compressed_ring_ar
1778528376.0708165,10,117,0.901971,242.42,157.618,526.717,1,2,compressed_ring_ar
1778528376.682866,10,118,1.027811,230.64,138.488,553.471,1,2,compressed_ring_ar
1778528377.2818375,10,119,1.078107,233.37,147.729,547.446,1,2,compressed_ring_ar
1778528377.852727,10,120,0.856757,243.74,119.164,523.877,1,2,compressed_ring_ar
1778528378.4194608,10,121,1.030591,244.94,160.271,521.409,1,2,compressed_ring_ar
1778528379.0161593,10,122,0.955827,234.24,173.352,545.287,1,2,compressed_ring_ar
1778528379.60315,10,123,0.957059,243.83,140.208,523.647,1,2,compressed_ring_ar
1778528380.1784928,10,124,1.026644,238.57,162.358,535.166,1,2,compressed_ring_ar
1778528380.7527099,10,125,0.84517,241.41,148.716,528.906,1,2,compressed_ring_ar
1778528381.3453507,10,126,0.944781,233.4,129.198,547.214,1,2,compressed_ring_ar
1778528381.9350212,10,127,1.020616,236.59,147.781,539.648,1,2,compressed_ring_ar
1778528382.5764668,10,128,0.953249,211.92,158.789,602.624,1,2,compressed_ring_ar
1778528383.2254338,10,129,0.874392,211.06,109.129,605.074,1,2,compressed_ring_ar
1778528383.801713,10,130,0.974882,243.07,141.712,525.351,1,2,compressed_ring_ar
1778528384.3657925,10,131,0.95578,249.92,150.679,510.915,1,2,compressed_ring_ar
1778528384.9503715,10,132,0.895881,238.21,171.535,536.253,1,2,compressed_ring_ar
1778528385.5287077,10,133,0.910976,243.74,165.215,523.733,1,2,compressed_ring_ar
1778528386.1435282,10,134,0.957078,222.95,166.08,571.505,1,2,compressed_ring_ar
1778528386.8228838,10,135,0.852977,200.76,110.366,634.479,1,2,compressed_ring_ar
1778528387.5174477,10,136,0.897787,193.01,132.891,661.893,1,2,compressed_ring_ar
1778528388.0870774,10,137,0.903238,244.66,144.35,522.1,1,2,compressed_ring_ar
1778528388.6830406,10,138,1.033162,235.33,143.96,542.385,1,2,compressed_ring_ar
1778528389.3290968,10,139,1.065794,210.6,186.341,605.476,1,2,compressed_ring_ar
1778528389.9731095,10,140,0.867643,210.55,89.677,606.558,1,2,compressed_ring_ar
1778528390.558539,10,141,0.783764,234.71,138.1,544.011,1,2,compressed_ring_ar
1778528391.28708,10,142,0.836777,186.03,136.338,683.521,1,2,compressed_ring_ar
1778528391.8032598,10,143,0.917474,263.68,81.633,484.12,1,2,compressed_ring_ar
1778528392.4919627,10,144,0.885304,196.87,124.192,645.482,1,2,compressed_ring_ar
1778528393.0416088,10,145,0.842671,247.86,89.23,515.089,1,2,compressed_ring_ar
1778528393.7901957,10,146,0.994223,182.85,90.245,698.675,1,2,compressed_ring_ar
1778528394.4219444,10,147,0.976164,213.44,90.42,598.276,1,2,compressed_ring_ar
1778528395.1248271,10,148,0.898904,191.28,121.671,664.446,1,2,compressed_ring_ar
1778528395.6427567,10,149,0.960076,262.88,90.047,485.515,1,2,compressed_ring_ar
1778528396.2652817,10,150,0.901994,216.89,91.335,588.742,1,2,compressed_ring_ar
1778528396.905493,10,151,0.992774,210.66,90.868,606.222,1,2,compressed_ring_ar
1778528397.5499935,10,152,0.880134,208.75,100.743,611.819,1,2,compressed_ring_ar
1778528398.205943,10,153,0.916,204.92,95.687,622.597,1,2,compressed_ring_ar
1778528398.8644526,10,154,1.032256,208.11,125.018,613.729,1,2,compressed_ring_ar
1778528399.507682,10,155,1.130842,210.35,94.751,607.092,1,2,compressed_ring_ar
1778528400.135316,10,156,1.007577,215.5,86.392,592.603,1,2,compressed_ring_ar
1778528400.8221934,10,157,0.953716,199.23,119.169,641.113,1,2,compressed_ring_ar
1778528401.433338,10,158,1.052682,221.47,85.373,576.594,1,2,compressed_ring_ar
1778528402.07558,10,159,0.918023,210.7,91.147,605.163,1,2,compressed_ring_ar
1778528402.7298417,10,160,0.941843,205.38,91.29,621.82,1,2,compressed_ring_ar
1778528403.371871,10,161,0.948142,209.28,100.72,610.189,1,2,compressed_ring_ar
1778528403.9964523,10,162,1.17807,216.25,96.449,591.041,1,2,compressed_ring_ar
1778528404.5949538,10,163,0.881818,229.16,153.67,557.17,1,2,compressed_ring_ar
1778528405.2197065,10,164,0.943395,216.09,108.788,590.959,1,2,compressed_ring_ar
1778528405.7978075,10,165,0.943992,239.6,133.446,532.808,1,2,compressed_ring_ar
1778528406.436101,10,166,0.988465,211.78,90.7,599.915,1,2,compressed_ring_ar
1778528407.1620204,10,167,1.03838,184.76,133.267,687.945,1,2,compressed_ring_ar
1778528407.6614976,10,168,0.831926,273.28,93.925,465.194,1,2,compressed_ring_ar
1778528408.3770406,10,169,0.801027,186.85,123.307,680.533,1,2,compressed_ring_ar
1778528408.9228027,10,170,0.883305,249.03,88.943,512.288,1,2,compressed_ring_ar
1778528409.5672297,10,171,0.761508,209.95,128.812,608.306,1,2,compressed_ring_ar
1778528410.2289875,10,172,0.764128,206.87,98.156,617.341,1,2,compressed_ring_ar
1778528410.9545991,10,173,0.858511,183.88,118.816,691.541,1,2,compressed_ring_ar
1778528411.5333667,10,174,0.868746,233.64,125.29,543.512,1,2,compressed_ring_ar
1778528412.0585158,10,175,0.887488,259.3,77.538,491.431,1,2,compressed_ring_ar
1778528412.7119396,10,176,0.93214,205.65,109.186,621.251,1,2,compressed_ring_ar
1778528413.2870188,10,177,1.011255,244.52,141.675,522.124,1,2,compressed_ring_ar
1778528413.939383,10,178,1.084466,206.73,91.653,617.751,1,2,compressed_ring_ar
1778528414.5673077,10,179,0.785574,218.15,86.485,585.359,1,2,compressed_ring_ar
1778528415.2080092,10,180,0.964114,210.75,96.09,605.975,1,2,compressed_ring_ar
1778528415.8288713,10,181,1.121624,218.35,82.555,585.008,1,2,compressed_ring_ar
1778528416.4318783,10,182,0.936747,227.49,147.799,561.302,1,2,compressed_ring_ar
1778528417.0693512,10,183,0.925427,212.59,125.724,597.648,1,2,compressed_ring_ar
1778528417.6017284,10,184,0.896182,255.88,83.727,498.846,1,2,compressed_ring_ar
1778528418.263179,10,185,0.973368,204.07,91.11,625.473,1,2,compressed_ring_ar
1778528418.8960118,10,186,0.848212,213.17,100.281,599.033,1,2,compressed_ring_ar
1778528419.5621095,10,187,0.940709,201.82,106.41,632.934,1,2,compressed_ring_ar
1778528420.2277474,10,188,0.860086,206.48,115.773,619.09,1,2,compressed_ring_ar
1778528420.8319767,10,189,1.001556,229.64,134.241,556.44,1,2,compressed_ring_ar
1778528421.4117951,10,190,1.007446,241.2,128.396,529.748,1,2,compressed_ring_ar
1778528422.0160096,10,191,0.943181,227.96,154.34,560.298,1,2,compressed_ring_ar
1778528422.5759988,10,192,0.868656,250.26,151.01,510.228,1,2,compressed_ring_ar
1778528423.124178,10,193,0.898751,254.95,120.315,500.856,1,2,compressed_ring_ar
1778528423.6875181,10,194,0.937248,247.32,141.054,516.246,1,2,compressed_ring_ar
1778528424.2144115,10,195,0.854098,77.83,185.416,512.746,1,2,compressed_ring_ar
1778528431.0727575,11,0,1.05871,193.0,88.501,662.072,1,2,compressed_ring_ar
1778528431.7019644,11,1,0.977742,221.09,159.209,577.789,1,2,compressed_ring_ar
1778528432.3741708,11,2,0.920981,202.07,85.161,631.266,1,2,compressed_ring_ar
1778528433.0158603,11,3,0.8329,209.85,89.726,608.558,1,2,compressed_ring_ar
1778528433.6626887,11,4,1.019324,208.09,98.525,613.897,1,2,compressed_ring_ar
1778528434.2622063,11,5,0.941884,235.18,124.649,542.986,1,2,compressed_ring_ar
1778528434.8766418,11,6,0.993426,222.39,189.398,574.235,1,2,compressed_ring_ar
1778528435.447266,11,7,0.923824,242.38,131.784,526.689,1,2,compressed_ring_ar
1778528436.082656,11,8,0.89868,212.75,93.473,599.192,1,2,compressed_ring_ar
1778528436.7338772,11,9,1.145765,206.39,88.088,618.791,1,2,compressed_ring_ar
1778528437.3543231,11,10,1.000357,217.99,84.066,585.831,1,2,compressed_ring_ar
1778528437.9175358,11,11,0.78133,246.0,98.499,519.267,1,2,compressed_ring_ar
1778528438.5069408,11,12,0.809853,237.24,127.699,538.335,1,2,compressed_ring_ar
1778528439.1062808,11,13,0.913896,231.25,128.9,552.238,1,2,compressed_ring_ar
1778528439.761561,11,14,0.841008,205.14,89.867,622.739,1,2,compressed_ring_ar
1778528440.367023,11,15,0.948728,225.65,119.874,565.841,1,2,compressed_ring_ar
1778528441.1039352,11,16,0.870066,181.3,129.795,702.22,1,2,compressed_ring_ar
1778528441.6312299,11,17,0.945238,262.39,85.306,483.396,1,2,compressed_ring_ar
1778528442.2872062,11,18,0.844908,204.83,95.483,620.792,1,2,compressed_ring_ar
1778528442.9663053,11,19,1.134413,204.1,89.668,625.76,1,2,compressed_ring_ar
1778528443.6320264,11,20,0.84087,204.82,85.518,623.65,1,2,compressed_ring_ar
1778528444.2236702,11,21,0.969757,228.51,79.766,558.858,1,2,compressed_ring_ar
1778528444.781849,11,22,1.123081,251.57,152.011,507.63,1,2,compressed_ring_ar
1778528445.3432934,11,23,1.014786,251.3,142.968,507.805,1,2,compressed_ring_ar
1778528445.937357,11,24,0.914474,235.67,135.104,542.193,1,2,compressed_ring_ar
1778528446.5224044,11,25,1.035587,238.47,132.051,532.303,1,2,compressed_ring_ar
1778528447.2124968,11,26,0.976983,196.19,123.333,647.688,1,2,compressed_ring_ar
1778528447.761461,11,27,0.976259,247.64,86.434,512.306,1,2,compressed_ring_ar
1778528448.418668,11,28,0.928751,206.0,99.402,616.887,1,2,compressed_ring_ar
1778528449.241423,11,29,0.853455,161.65,156.751,788.632,1,2,compressed_ring_ar
1778528449.9500818,11,30,0.953237,195.32,161.183,650.644,1,2,compressed_ring_ar
1778528450.5365725,11,31,0.980946,233.05,128.934,544.392,1,2,compressed_ring_ar
1778528451.09488,11,32,0.808304,246.96,88.418,516.961,1,2,compressed_ring_ar
1778528451.7325354,11,33,0.977236,219.28,170.046,583.251,1,2,compressed_ring_ar
1778528452.3464556,11,34,1.181581,224.05,112.776,569.926,1,2,compressed_ring_ar
1778528452.9995308,11,35,0.951727,206.7,88.147,615.516,1,2,compressed_ring_ar
1778528453.650872,11,36,0.962544,206.47,93.352,618.45,1,2,compressed_ring_ar
1778528454.3065128,11,37,0.961557,205.07,92.476,619.811,1,2,compressed_ring_ar
1778528455.0248919,11,38,1.00891,186.53,131.485,682.309,1,2,compressed_ring_ar
1778528455.5407689,11,39,0.866051,264.65,79.678,482.301,1,2,compressed_ring_ar
1778528456.1680863,11,40,0.99137,214.53,85.389,595.598,1,2,compressed_ring_ar
1778528456.763195,11,41,1.008405,237.54,150.709,537.39,1,2,compressed_ring_ar
1778528457.409585,11,42,0.939307,208.26,83.543,613.234,1,2,compressed_ring_ar
1778528458.047432,11,43,0.895182,212.39,86.893,601.348,1,2,compressed_ring_ar
1778528458.7131085,11,44,0.892565,201.61,85.158,633.336,1,2,compressed_ring_ar
1778528459.410676,11,45,0.95218,192.17,131.213,661.33,1,2,compressed_ring_ar
1778528459.9649968,11,46,0.984824,244.59,84.432,521.989,1,2,compressed_ring_ar
1778528460.6230783,11,47,1.05283,205.32,91.429,621.128,1,2,compressed_ring_ar
1778528461.295139,11,48,0.886833,202.8,92.326,628.221,1,2,compressed_ring_ar
1778528461.9656458,11,49,0.98997,200.11,98.732,638.249,1,2,compressed_ring_ar
1778528462.6653247,11,50,0.915396,191.91,91.808,662.62,1,2,compressed_ring_ar
1778528463.3801863,11,51,0.895817,190.41,128.711,667.533,1,2,compressed_ring_ar
1778528463.920588,11,52,0.858904,252.26,78.188,506.009,1,2,compressed_ring_ar
1778528464.5630538,11,53,0.852955,210.9,97.303,602.69,1,2,compressed_ring_ar
1778528465.2431164,11,54,1.043434,199.78,95.737,639.195,1,2,compressed_ring_ar
1778528465.8938298,11,55,0.761059,206.6,103.208,618.116,1,2,compressed_ring_ar
1778528466.5092807,11,56,0.921864,221.02,83.813,577.749,1,2,compressed_ring_ar
1778528467.2378335,11,57,0.833478,183.33,133.853,693.376,1,2,compressed_ring_ar
1778528467.7358441,11,58,0.958544,274.06,80.157,465.742,1,2,compressed_ring_ar
1778528468.3490505,11,59,0.975581,226.21,149.393,564.653,1,2,compressed_ring_ar
1778528468.9891026,11,60,0.776861,219.44,172.241,581.878,1,2,compressed_ring_ar
1778528469.749772,11,61,0.849251,179.57,137.438,711.399,1,2,compressed_ring_ar
1778528470.429691,11,62,0.776042,198.36,104.532,643.916,1,2,compressed_ring_ar
1778528471.022194,11,63,1.064886,235.1,122.999,543.385,1,2,compressed_ring_ar
1778528471.6130311,11,64,0.936314,233.84,132.702,546.32,1,2,compressed_ring_ar
1778528472.251641,11,65,0.711454,216.73,194.319,588.268,1,2,compressed_ring_ar
1778528472.8665438,11,66,0.761344,223.63,117.105,571.739,1,2,compressed_ring_ar
1778528473.4806175,11,67,1.040265,224.72,140.82,568.324,1,2,compressed_ring_ar
1778528474.0574412,11,68,0.927192,242.32,145.307,527.005,1,2,compressed_ring_ar
1778528474.7161646,11,69,0.883995,208.97,167.609,611.155,1,2,compressed_ring_ar
1778528475.371655,11,70,0.804555,205.3,83.137,619.779,1,2,compressed_ring_ar
1778528476.0617802,11,71,0.974094,198.12,105.969,641.852,1,2,compressed_ring_ar
1778528476.7029831,11,72,0.887016,211.0,80.649,605.195,1,2,compressed_ring_ar
1778528477.4099417,11,73,1.019933,189.33,122.808,671.688,1,2,compressed_ring_ar
1778528477.978297,11,74,0.937868,238.35,124.52,532.474,1,2,compressed_ring_ar
1778528478.4952507,11,75,1.024305,267.63,76.595,476.909,1,2,compressed_ring_ar
1778528479.1725128,11,76,0.834142,198.37,105.783,644.314,1,2,compressed_ring_ar
1778528479.8161657,11,77,0.930098,225.71,180.246,566.009,1,2,compressed_ring_ar
1778528480.3907108,11,78,0.794617,246.78,127.538,517.405,1,2,compressed_ring_ar
1778528480.9658432,11,79,1.004658,242.85,124.344,525.83,1,2,compressed_ring_ar
1778528481.5666797,11,80,1.145076,231.6,174.073,551.373,1,2,compressed_ring_ar
1778528482.1698048,11,81,0.87312,224.6,105.566,568.704,1,2,compressed_ring_ar
1778528482.747909,11,82,0.760874,237.77,157.859,536.706,1,2,compressed_ring_ar
1778528483.371555,11,83,1.037039,216.82,108.296,589.349,1,2,compressed_ring_ar
1778528483.9983792,11,84,0.857558,225.21,152.328,566.913,1,2,compressed_ring_ar
1778528484.744557,11,85,0.975166,181.35,123.981,704.385,1,2,compressed_ring_ar
1778528485.5237534,11,86,0.725438,170.94,150.693,744.61,1,2,compressed_ring_ar
1778528486.1575072,11,87,0.998713,213.66,92.467,597.872,1,2,compressed_ring_ar
1778528486.7201135,11,88,0.818567,246.85,126.697,517.449,1,2,compressed_ring_ar
1778528487.3000224,11,89,0.9821,238.6,139.27,535.178,1,2,compressed_ring_ar
1778528487.9259553,11,90,1.014352,220.14,163.293,580.031,1,2,compressed_ring_ar
1778528488.5397186,11,91,0.920122,219.63,82.448,581.762,1,2,compressed_ring_ar
1778528489.1092186,11,92,0.977581,247.98,152.256,514.993,1,2,compressed_ring_ar
1778528489.7684138,11,93,0.911238,209.32,181.266,610.179,1,2,compressed_ring_ar
1778528490.4267714,11,94,0.955355,204.55,83.131,624.821,1,2,compressed_ring_ar
1778528491.03434,11,95,0.993226,229.57,130.525,556.2,1,2,compressed_ring_ar
1778528491.6084251,11,96,0.941696,243.61,148.038,524.297,1,2,compressed_ring_ar
1778528492.3027925,11,97,0.955184,199.2,182.721,638.214,1,2,compressed_ring_ar
1778528492.9284773,11,98,0.979281,215.12,93.603,593.668,1,2,compressed_ring_ar
1778528493.5388114,11,99,0.792832,224.22,169.409,569.64,1,2,compressed_ring_ar
1778528494.126855,11,100,0.952211,239.06,118.771,534.458,1,2,compressed_ring_ar
1778528494.7205594,11,101,1.046153,233.51,176.086,547.247,1,2,compressed_ring_ar
1778528495.3920612,11,102,1.041045,206.11,206.319,619.625,1,2,compressed_ring_ar
1778528496.0415862,11,103,0.916962,207.22,96.698,616.562,1,2,compressed_ring_ar
1778528496.597398,11,104,0.896653,253.45,142.982,503.977,1,2,compressed_ring_ar
1778528497.1601493,11,105,0.906957,249.96,135.558,511.188,1,2,compressed_ring_ar
1778528497.8090146,11,106,0.955709,217.74,148.105,586.432,1,2,compressed_ring_ar
1778528498.449567,11,107,0.906663,210.67,89.654,606.508,1,2,compressed_ring_ar
1778528499.0250225,11,108,1.059031,239.98,117.946,532.147,1,2,compressed_ring_ar
1778528499.6136932,11,109,0.960041,244.9,137.75,521.523,1,2,compressed_ring_ar
1778528500.2133226,11,110,0.799969,232.64,129.617,548.921,1,2,compressed_ring_ar
1778528500.8453748,11,111,0.874182,221.39,163.143,576.772,1,2,compressed_ring_ar
1778528501.551146,11,112,0.855277,190.3,134.241,668.18,1,2,compressed_ring_ar
1778528502.0387964,11,113,0.990427,279.97,84.876,452.806,1,2,compressed_ring_ar
1778528502.6848729,11,114,0.951876,208.0,96.598,614.363,1,2,compressed_ring_ar
1778528503.355789,11,115,0.931933,207.02,202.414,617.162,1,2,compressed_ring_ar
1778528504.0216765,11,116,0.843989,215.29,164.48,593.196,1,2,compressed_ring_ar
1778528504.651158,11,117,0.979587,214.61,125.279,595.132,1,2,compressed_ring_ar
1778528505.295073,11,118,0.877804,209.19,93.523,610.554,1,2,compressed_ring_ar
1778528505.9911835,11,119,1.03861,193.29,93.263,660.826,1,2,compressed_ring_ar
1778528506.6350436,11,120,0.950331,209.85,93.493,605.841,1,2,compressed_ring_ar
1778528507.2869408,11,121,1.030789,206.1,88.702,617.34,1,2,compressed_ring_ar
1778528508.0023544,11,122,1.054762,186.84,129.601,680.606,1,2,compressed_ring_ar
1778528508.530566,11,123,0.916488,257.59,78.121,495.509,1,2,compressed_ring_ar
1778528509.1848712,11,124,0.936147,205.3,153.934,622.26,1,2,compressed_ring_ar
1778528509.7702472,11,125,0.972072,233.96,87.267,545.719,1,2,compressed_ring_ar
1778528510.410905,11,126,0.88784,209.78,104.715,607.794,1,2,compressed_ring_ar
1778528511.1330314,11,127,0.844041,185.25,133.812,686.181,1,2,compressed_ring_ar
1778528511.6669586,11,128,0.811332,254.81,89.825,500.656,1,2,compressed_ring_ar
1778528512.317189,11,129,0.966641,207.25,87.842,616.203,1,2,compressed_ring_ar
1778528513.008875,11,130,0.870134,194.48,128.78,653.725,1,2,compressed_ring_ar
1778528513.5917058,11,131,1.166552,232.27,129.789,547.289,1,2,compressed_ring_ar
1778528514.1323674,11,132,0.973976,251.49,84.594,507.63,1,2,compressed_ring_ar
1778528514.8374553,11,133,0.956342,190.44,124.041,667.291,1,2,compressed_ring_ar
1778528515.4053388,11,134,0.854884,238.55,116.244,534.16,1,2,compressed_ring_ar
1778528516.041063,11,135,0.865314,211.86,113.858,601.209,1,2,compressed_ring_ar
1778528516.7177396,11,136,0.896341,198.85,91.402,642.52,1,2,compressed_ring_ar
1778528517.2670903,11,137,0.976812,251.09,143.152,508.438,1,2,compressed_ring_ar
1778528517.844553,11,138,1.113847,243.96,162.68,523.474,1,2,compressed_ring_ar
1778528518.415318,11,139,0.85824,242.84,141.843,525.973,1,2,compressed_ring_ar
1778528519.063637,11,140,0.859588,215.03,157.337,590.617,1,2,compressed_ring_ar
1778528519.5865088,11,141,0.886451,260.68,76.526,489.971,1,2,compressed_ring_ar
1778528520.1916595,11,142,0.953058,226.02,113.488,565.342,1,2,compressed_ring_ar
1778528520.8280978,11,143,0.972219,218.46,163.508,584.624,1,2,compressed_ring_ar
1778528521.464656,11,144,0.875805,213.78,83.338,597.481,1,2,compressed_ring_ar
1778528522.1199036,11,145,0.980418,206.13,94.587,619.619,1,2,compressed_ring_ar
1778528522.733327,11,146,0.906578,221.59,80.479,576.244,1,2,compressed_ring_ar
1778528523.3889616,11,147,1.023325,205.75,108.621,620.856,1,2,compressed_ring_ar
1778528524.0649393,11,148,0.984794,198.91,123.754,638.923,1,2,compressed_ring_ar
1778528524.5728662,11,149,0.865449,268.61,73.488,475.361,1,2,compressed_ring_ar
1778528525.1604877,11,150,0.938838,238.02,109.1,536.364,1,2,compressed_ring_ar
1778528525.7803109,11,151,0.919455,218.47,87.15,584.52,1,2,compressed_ring_ar
1778528526.4049385,11,152,0.937165,216.48,117.646,589.072,1,2,compressed_ring_ar
1778528527.0833113,11,153,0.777796,198.16,92.894,644.581,1,2,compressed_ring_ar
1778528527.7194157,11,154,0.811855,212.54,80.225,598.973,1,2,compressed_ring_ar
1778528528.4376302,11,155,0.969748,186.28,130.448,682.674,1,2,compressed_ring_ar
1778528528.9432006,11,156,1.042725,270.08,84.247,470.943,1,2,compressed_ring_ar
1778528529.6075761,11,157,1.073386,202.02,92.361,632.205,1,2,compressed_ring_ar
1778528530.264849,11,158,1.06814,204.31,82.765,623.522,1,2,compressed_ring_ar
1778528530.9456515,11,159,0.813108,197.45,98.071,646.13,1,2,compressed_ring_ar
1778528531.6336744,11,160,1.092512,195.01,102.868,653.367,1,2,compressed_ring_ar
1778528532.299639,11,161,0.87443,206.5,90.418,618.666,1,2,compressed_ring_ar
1778528532.8968222,11,162,0.995524,234.46,147.186,544.576,1,2,compressed_ring_ar
1778528533.5270472,11,163,0.939208,217.44,90.981,587.288,1,2,compressed_ring_ar
1778528534.1734407,11,164,0.720055,207.98,77.501,614.301,1,2,compressed_ring_ar
1778528534.7323697,11,165,0.890829,248.94,115.332,512.887,1,2,compressed_ring_ar
1778528535.3376303,11,166,0.961983,228.99,133.671,557.602,1,2,compressed_ring_ar
1778528535.944736,11,167,0.798845,222.38,89.599,574.578,1,2,compressed_ring_ar
1778528536.5704753,11,168,0.969909,223.24,157.239,572.017,1,2,compressed_ring_ar
1778528537.218468,11,169,0.897717,207.48,102.543,615.958,1,2,compressed_ring_ar
1778528537.8355231,11,170,1.009568,225.37,141.904,566.814,1,2,compressed_ring_ar
1778528538.4339845,11,171,0.687401,239.1,153.147,534.17,1,2,compressed_ring_ar
1778528538.984752,11,172,0.975985,255.39,129.317,500.053,1,2,compressed_ring_ar
1778528539.5431383,11,173,0.830123,248.82,146.191,513.052,1,2,compressed_ring_ar
1778528540.1045115,11,174,0.937601,249.74,151.096,511.486,1,2,compressed_ring_ar
1778528540.701798,11,175,1.005828,233.58,144.712,546.644,1,2,compressed_ring_ar
1778528541.3609247,11,176,0.859089,206.61,101.076,618.152,1,2,compressed_ring_ar
1778528541.9895625,11,177,0.903801,214.68,84.753,595.637,1,2,compressed_ring_ar
1778528542.5707624,11,178,0.807232,240.3,123.69,531.257,1,2,compressed_ring_ar
1778528543.2793949,11,179,0.993423,189.15,115.911,675.454,1,2,compressed_ring_ar
1778528543.9769535,11,180,0.824893,192.52,127.238,660.409,1,2,compressed_ring_ar
1778528544.5176222,11,181,0.93392,251.35,87.707,504.931,1,2,compressed_ring_ar
1778528545.15625,11,182,0.861067,211.34,93.002,604.24,1,2,compressed_ring_ar
1778528545.8481772,11,183,0.927107,193.7,134.32,655.983,1,2,compressed_ring_ar
1778528546.3637037,11,184,0.850146,264.02,80.869,483.432,1,2,compressed_ring_ar
1778528547.0188355,11,185,1.011894,205.87,87.57,620.357,1,2,compressed_ring_ar
1778528547.6709492,11,186,0.98951,206.47,94.749,617.693,1,2,compressed_ring_ar
1778528548.3452604,11,187,0.8343,200.47,108.205,634.465,1,2,compressed_ring_ar
1778528549.0570552,11,188,0.742239,188.95,125.409,672.762,1,2,compressed_ring_ar
1778528549.629984,11,189,0.944279,239.26,115.021,533.615,1,2,compressed_ring_ar
1778528550.2573903,11,190,0.83121,215.55,105.611,592.505,1,2,compressed_ring_ar
1778528550.9435549,11,191,0.905494,198.79,83.276,642.474,1,2,compressed_ring_ar
1778528551.592072,11,192,0.942989,207.42,92.838,615.657,1,2,compressed_ring_ar
1778528552.2330751,11,193,0.944874,210.27,80.332,607.331,1,2,compressed_ring_ar
1778528552.8928149,11,194,1.001279,203.96,85.554,626.112,1,2,compressed_ring_ar
1778528553.3979597,11,195,1.023039,81.01,93.396,490.553,1,2,compressed_ring_ar
1778528559.8922226,12,0,0.85348,195.43,90.25,653.634,1,2,compressed_ring_ar
1778528560.488823,12,1,0.931364,227.81,100.725,560.512,1,2,compressed_ring_ar
1778528561.1560745,12,2,0.936416,203.81,97.094,623.726,1,2,compressed_ring_ar
1778528561.825205,12,3,0.751912,200.79,95.38,636.1,1,2,compressed_ring_ar
1778528562.473732,12,4,0.779872,208.46,90.62,612.795,1,2,compressed_ring_ar
1778528563.1288137,12,5,0.787192,205.1,82.811,622.652,1,2,compressed_ring_ar
1778528563.7886417,12,6,0.854118,204.23,100.094,625.373,1,2,compressed_ring_ar
1778528564.4690752,12,7,1.009915,197.99,106.24,645.097,1,2,compressed_ring_ar
1778528565.1299329,12,8,0.812896,204.9,113.581,623.284,1,2,compressed_ring_ar
1778528565.7702715,12,9,0.954943,210.5,82.929,606.671,1,2,compressed_ring_ar
1778528566.4187284,12,10,0.773706,209.17,96.968,610.627,1,2,compressed_ring_ar
1778528567.0735264,12,11,0.912733,205.34,87.429,622.013,1,2,compressed_ring_ar
1778528567.7301385,12,12,1.030803,204.55,96.613,624.356,1,2,compressed_ring_ar
1778528568.3537323,12,13,0.857613,215.97,92.366,591.301,1,2,compressed_ring_ar
1778528569.0461025,12,14,0.883394,193.41,101.492,660.48,1,2,compressed_ring_ar
1778528569.725573,12,15,0.848415,197.46,109.412,647.189,1,2,compressed_ring_ar
1778528570.322244,12,16,1.072869,235.99,136.925,541.012,1,2,compressed_ring_ar
1778528570.925322,12,17,0.874841,227.19,164.79,562.204,1,2,compressed_ring_ar
1778528571.4858174,12,18,0.86849,251.42,142.577,507.9,1,2,compressed_ring_ar
1778528572.0767205,12,19,0.816949,237.8,150.816,537.242,1,2,compressed_ring_ar
1778528572.648258,12,20,0.782409,243.5,117.814,524.429,1,2,compressed_ring_ar
1778528573.2252054,12,21,0.809621,240.04,151.614,532.224,1,2,compressed_ring_ar
1778528573.8632329,12,22,0.770907,217.16,168.576,587.957,1,2,compressed_ring_ar
1778528574.4987245,12,23,0.928292,211.61,81.828,603.603,1,2,compressed_ring_ar
1778528575.0792737,12,24,0.878291,237.96,118.862,536.517,1,2,compressed_ring_ar
1778528575.8211615,12,25,0.910959,180.13,123.565,709.02,1,2,compressed_ring_ar
1778528576.4619389,12,26,0.998497,209.78,88.097,608.791,1,2,compressed_ring_ar
1778528577.1220443,12,27,0.879082,203.63,80.015,627.217,1,2,compressed_ring_ar
1778528577.8044808,12,28,0.951637,198.49,97.3,643.436,1,2,compressed_ring_ar
1778528578.429437,12,29,1.038548,216.36,85.675,590.239,1,2,compressed_ring_ar
1778528579.1303024,12,30,0.918834,191.11,121.731,665.955,1,2,compressed_ring_ar
1778528579.7018404,12,31,0.910715,238.75,108.017,534.472,1,2,compressed_ring_ar
1778528580.323046,12,32,0.967894,218.46,108.825,584.935,1,2,compressed_ring_ar
1778528580.9748454,12,33,0.742822,214.86,196.408,594.329,1,2,compressed_ring_ar
1778528581.6017067,12,34,0.844434,214.71,79.454,595.165,1,2,compressed_ring_ar
1778528582.2012908,12,35,0.887884,233.16,129.035,545.199,1,2,compressed_ring_ar
1778528582.8766725,12,36,0.940877,198.29,103.152,644.12,1,2,compressed_ring_ar
1778528583.4714513,12,37,0.688592,231.01,74.183,552.947,1,2,compressed_ring_ar
1778528584.0527067,12,38,0.918585,239.84,139.357,532.313,1,2,compressed_ring_ar
1778528584.6783984,12,39,1.049442,215.11,89.722,593.719,1,2,compressed_ring_ar
1778528585.369344,12,40,0.932106,194.19,108.207,657.421,1,2,compressed_ring_ar
1778528585.9695802,12,41,0.917293,226.03,102.038,565.034,1,2,compressed_ring_ar
1778528586.5266666,12,42,0.823104,248.27,140.301,514.31,1,2,compressed_ring_ar
1778528587.0989516,12,43,1.005091,243.84,137.286,523.611,1,2,compressed_ring_ar
1778528587.7373714,12,44,0.784898,213.6,192.465,595.386,1,2,compressed_ring_ar
1778528588.3023045,12,45,0.979043,242.87,80.463,525.606,1,2,compressed_ring_ar
1778528589.0650985,12,46,0.79665,176.22,153.15,721.407,1,2,compressed_ring_ar
1778528589.5753613,12,47,0.939528,268.99,86.836,474.458,1,2,compressed_ring_ar
1778528590.2521434,12,48,0.919912,199.48,95.866,640.206,1,2,compressed_ring_ar
1778528590.9723191,12,49,0.894883,186.71,130.542,684.239,1,2,compressed_ring_ar
1778528591.618054,12,50,0.927255,215.02,80.2,594.229,1,2,compressed_ring_ar
1778528592.1931841,12,51,1.035336,241.33,129.588,529.273,1,2,compressed_ring_ar
1778528592.8438096,12,52,0.782006,215.9,123.549,591.933,1,2,compressed_ring_ar
1778528593.4628932,12,53,0.787267,225.88,150.328,565.594,1,2,compressed_ring_ar
1778528594.1680894,12,54,0.901871,199.94,155.288,635.77,1,2,compressed_ring_ar
1778528594.7789135,12,55,0.936624,224.72,111.395,566.642,1,2,compressed_ring_ar
1778528595.4414785,12,56,1.01203,203.7,100.564,623.926,1,2,compressed_ring_ar
1778528596.1254287,12,57,0.802269,196.16,103.725,651.289,1,2,compressed_ring_ar
1778528596.7691672,12,58,0.925606,217.54,155.452,587.274,1,2,compressed_ring_ar
1778528597.3153782,12,59,0.989736,253.68,73.429,503.259,1,2,compressed_ring_ar
1778528597.8726547,12,60,0.820198,247.22,121.821,516.485,1,2,compressed_ring_ar
1778528598.44854,12,61,0.998676,243.09,151.29,525.388,1,2,compressed_ring_ar
1778528599.038868,12,62,0.917915,233.82,161.133,546.218,1,2,compressed_ring_ar
1778528599.6416638,12,63,0.998582,231.06,159.118,552.727,1,2,compressed_ring_ar
1778528600.2332563,12,64,0.838058,235.22,143.239,542.996,1,2,compressed_ring_ar
1778528600.8354855,12,65,0.932196,231.8,163.595,551.127,1,2,compressed_ring_ar
1778528601.4074047,12,66,0.865034,240.7,159.567,530.702,1,2,compressed_ring_ar
1778528602.0135667,12,67,0.864242,227.92,167.117,560.627,1,2,compressed_ring_ar
1778528602.6035311,12,68,1.001601,237.89,149.282,537.265,1,2,compressed_ring_ar
1778528603.1763287,12,69,0.94103,245.32,127.371,520.672,1,2,compressed_ring_ar
1778528603.7702107,12,70,0.838677,234.82,155.18,543.796,1,2,compressed_ring_ar
1778528604.4875538,12,71,0.94166,187.51,87.996,681.705,1,2,compressed_ring_ar
1778528605.118703,12,72,0.973261,218.2,170.471,585.216,1,2,compressed_ring_ar
1778528605.762967,12,73,0.782186,210.67,85.433,604.575,1,2,compressed_ring_ar
1778528606.429559,12,74,0.981357,202.09,86.875,629.243,1,2,compressed_ring_ar
1778528607.0920928,12,75,0.908764,203.67,86.037,627.383,1,2,compressed_ring_ar
1778528607.7376845,12,76,0.912334,208.45,95.791,612.799,1,2,compressed_ring_ar
1778528608.3207107,12,77,0.783034,234.24,130.007,545.058,1,2,compressed_ring_ar
1778528608.9222453,12,78,0.829654,231.96,158.916,550.357,1,2,compressed_ring_ar
1778528609.5336697,12,79,0.744052,227.87,172.881,560.403,1,2,compressed_ring_ar
1778528610.2329469,12,80,0.788799,192.23,130.615,664.488,1,2,compressed_ring_ar
1778528610.9021652,12,81,0.971776,200.58,157.022,636.91,1,2,compressed_ring_ar
1778528611.469887,12,82,1.004869,246.39,134.158,518.239,1,2,compressed_ring_ar
1778528612.0787494,12,83,0.932043,229.04,142.803,557.422,1,2,compressed_ring_ar
1778528612.7292402,12,84,0.851786,207.09,87.183,616.647,1,2,compressed_ring_ar
1778528613.3937833,12,85,1.215054,202.92,94.487,628.682,1,2,compressed_ring_ar
1778528614.0438695,12,86,0.885625,206.58,86.741,618.225,1,2,compressed_ring_ar
1778528614.675885,12,87,0.885961,213.01,87.363,599.499,1,2,compressed_ring_ar
1778528615.3018587,12,88,0.991648,214.81,80.226,594.49,1,2,compressed_ring_ar
1778528615.9610467,12,89,0.811632,203.54,95.933,626.437,1,2,compressed_ring_ar
1778528616.596954,12,90,1.014262,211.6,86.599,603.563,1,2,compressed_ring_ar
1778528617.2326581,12,91,0.911242,212.82,90.14,596.947,1,2,compressed_ring_ar
1778528617.9042947,12,92,0.868764,199.8,98.022,640.197,1,2,compressed_ring_ar
1778528618.5001352,12,93,0.895098,230.28,125.131,554.424,1,2,compressed_ring_ar
1778528619.1223483,12,94,0.767619,217.51,92.642,587.094,1,2,compressed_ring_ar
1778528619.7292411,12,95,0.960859,222.37,104.157,574.227,1,2,compressed_ring_ar
1778528620.3184829,12,96,0.995306,236.71,142.812,539.682,1,2,compressed_ring_ar
1778528620.9046123,12,97,0.728112,236.64,165.417,539.826,1,2,compressed_ring_ar
1778528621.5082574,12,98,0.817906,228.5,140.682,557.905,1,2,compressed_ring_ar
1778528622.163576,12,99,0.795334,205.04,92.749,623.344,1,2,compressed_ring_ar
1778528622.7511353,12,100,0.937636,233.44,123.516,546.952,1,2,compressed_ring_ar
1778528623.426303,12,101,1.120794,199.86,128.118,639.038,1,2,compressed_ring_ar
1778528624.1235406,12,102,0.842591,193.19,120.911,661.213,1,2,compressed_ring_ar
1778528624.7415564,12,103,0.817211,218.02,84.68,586.193,1,2,compressed_ring_ar
1778528625.331931,12,104,0.852298,235.62,153.818,541.9,1,2,compressed_ring_ar
1778528626.0167894,12,105,1.134027,195.18,95.169,651.676,1,2,compressed_ring_ar
1778528626.6615484,12,106,1.080826,209.44,88.728,608.068,1,2,compressed_ring_ar
1778528627.2926302,12,107,0.794984,213.08,91.18,599.415,1,2,compressed_ring_ar
1778528627.8597991,12,108,0.910958,242.48,163.038,526.673,1,2,compressed_ring_ar
1778528628.5769362,12,109,0.898228,194.0,182.112,655.651,1,2,compressed_ring_ar
1778528629.3009105,12,110,0.772923,184.78,92.084,691.404,1,2,compressed_ring_ar
1778528629.8926299,12,111,0.842293,238.12,106.86,536.209,1,2,compressed_ring_ar
1778528630.5463133,12,112,0.88741,210.81,144.549,605.915,1,2,compressed_ring_ar
1778528631.1618178,12,113,0.8103,228.37,167.929,559.12,1,2,compressed_ring_ar
1778528631.7543104,12,114,0.988782,231.85,172.495,550.727,1,2,compressed_ring_ar
1778528632.3402214,12,115,0.989534,238.38,152.909,535.605,1,2,compressed_ring_ar
1778528633.0593126,12,116,0.721079,186.62,126.366,681.363,1,2,compressed_ring_ar
1778528633.5824437,12,117,0.924154,262.08,86.076,487.058,1,2,compressed_ring_ar
1778528634.2875352,12,118,0.855902,190.37,105.796,670.944,1,2,compressed_ring_ar
1778528634.933288,12,119,0.888463,209.41,95.389,609.852,1,2,compressed_ring_ar
1778528635.5475826,12,120,0.79499,220.25,78.872,579.793,1,2,compressed_ring_ar
1778528636.1296802,12,121,0.939663,238.7,166.865,535.129,1,2,compressed_ring_ar
1778528636.7177486,12,122,0.959596,239.06,110.701,534.15,1,2,compressed_ring_ar
1778528637.347672,12,123,0.883737,218.07,157.313,585.591,1,2,compressed_ring_ar
1778528637.9778335,12,124,0.951374,214.4,105.522,595.654,1,2,compressed_ring_ar
1778528638.5375378,12,125,0.810812,250.9,151.332,508.84,1,2,compressed_ring_ar
1778528639.1137898,12,126,1.059461,238.95,145.656,534.494,1,2,compressed_ring_ar
1778528639.6765223,12,127,0.878951,246.15,160.293,518.799,1,2,compressed_ring_ar
1778528640.288309,12,128,0.951739,227.9,150.94,560.429,1,2,compressed_ring_ar
1778528640.8959582,12,129,0.936506,236.4,126.862,540.118,1,2,compressed_ring_ar
1778528641.4956875,12,130,0.996618,228.62,170.453,558.611,1,2,compressed_ring_ar
1778528642.1226423,12,131,0.793058,217.67,150.378,586.76,1,2,compressed_ring_ar
1778528642.7821438,12,132,0.888488,204.57,130.686,624.344,1,2,compressed_ring_ar
1778528643.4208195,12,133,1.008213,212.21,119.535,600.562,1,2,compressed_ring_ar
1778528644.0615933,12,134,0.849341,210.66,128.541,604.326,1,2,compressed_ring_ar
1778528644.7134836,12,135,0.962838,206.99,80.372,617.408,1,2,compressed_ring_ar
1778528645.3099005,12,136,0.829707,237.29,133.584,538.251,1,2,compressed_ring_ar
1778528645.8713331,12,137,0.825395,250.25,144.022,510.097,1,2,compressed_ring_ar
1778528646.438399,12,138,0.799325,246.12,128.697,518.847,1,2,compressed_ring_ar
1778528646.9931872,12,139,0.989853,250.85,117.774,509.039,1,2,compressed_ring_ar
1778528647.5582492,12,140,0.958653,247.28,110.796,516.623,1,2,compressed_ring_ar
1778528648.126838,12,141,0.78777,245.83,158.53,520.176,1,2,compressed_ring_ar
1778528648.67686,12,142,0.969736,253.03,136.574,504.597,1,2,compressed_ring_ar
1778528649.2644422,12,143,0.885661,232.79,181.055,548.674,1,2,compressed_ring_ar
1778528649.8413143,12,144,0.898045,244.07,122.021,523.033,1,2,compressed_ring_ar
1778528650.5441713,12,145,0.913975,190.86,109.755,666.249,1,2,compressed_ring_ar
1778528651.1702287,12,146,0.975579,215.03,86.639,594.244,1,2,compressed_ring_ar
1778528651.7267652,12,147,1.140559,249.29,150.848,512.361,1,2,compressed_ring_ar
1778528652.2980719,12,148,0.845283,247.97,142.212,514.943,1,2,compressed_ring_ar
1778528652.8632805,12,149,0.858853,244.19,137.328,522.823,1,2,compressed_ring_ar
1778528653.4641109,12,150,0.884221,229.96,157.7,555.48,1,2,compressed_ring_ar
1778528654.063885,12,151,0.824864,229.13,142.498,557.213,1,2,compressed_ring_ar
1778528654.7605102,12,152,0.976964,192.44,123.939,660.503,1,2,compressed_ring_ar
1778528655.2920873,12,153,0.879272,255.78,81.123,499.122,1,2,compressed_ring_ar
1778528655.936863,12,154,0.924123,208.4,93.201,613.298,1,2,compressed_ring_ar
1778528656.5038154,12,155,0.84161,248.65,138.441,513.547,1,2,compressed_ring_ar
1778528657.09565,12,156,0.872729,232.96,145.305,548.111,1,2,compressed_ring_ar
1778528657.7573435,12,157,0.871401,208.31,200.61,613.161,1,2,compressed_ring_ar
1778528658.3363993,12,158,0.944471,234.63,76.594,544.266,1,2,compressed_ring_ar
1778528658.9466975,12,159,0.752593,224.88,197.829,568.323,1,2,compressed_ring_ar
1778528659.5312688,12,160,0.88929,238.94,165.305,534.449,1,2,compressed_ring_ar
1778528660.1735296,12,161,0.959342,213.68,184.618,594.664,1,2,compressed_ring_ar
1778528660.8408103,12,162,1.015486,200.99,89.626,635.624,1,2,compressed_ring_ar
1778528661.4264433,12,163,0.87319,236.51,147.25,540.094,1,2,compressed_ring_ar
1778528662.0598047,12,164,0.80744,220.45,162.222,578.576,1,2,compressed_ring_ar
1778528662.6656804,12,165,1.030025,223.39,98.943,571.701,1,2,compressed_ring_ar
1778528663.2494926,12,166,0.987709,234.4,119.253,544.811,1,2,compressed_ring_ar
1778528663.8972473,12,167,0.858863,209.62,86.217,609.266,1,2,compressed_ring_ar
1778528664.563164,12,168,0.809574,202.04,82.273,629.254,1,2,compressed_ring_ar
1778528665.2835634,12,169,1.100106,185.49,125.835,686.216,1,2,compressed_ring_ar
1778528665.7877412,12,170,0.798179,271.16,86.427,467.829,1,2,compressed_ring_ar
1778528666.4697716,12,171,0.903397,196.49,98.851,650.218,1,2,compressed_ring_ar
1778528667.1445906,12,172,1.022576,201.6,95.712,633.524,1,2,compressed_ring_ar
1778528667.815959,12,173,1.0446,199.76,81.604,639.376,1,2,compressed_ring_ar
1778528668.4885545,12,174,1.017229,201.13,89.741,632.031,1,2,compressed_ring_ar
1778528669.1988676,12,175,0.806699,188.61,135.813,674.554,1,2,compressed_ring_ar
1778528669.7455397,12,176,0.974467,251.02,89.47,508.545,1,2,compressed_ring_ar
1778528670.3788705,12,177,0.87619,212.73,88.61,600.284,1,2,compressed_ring_ar
1778528671.029615,12,178,0.78331,207.56,119.212,615.427,1,2,compressed_ring_ar
1778528671.6770382,12,179,0.800162,214.1,170.821,596.505,1,2,compressed_ring_ar
1778528672.299926,12,180,0.943076,219.75,82.126,580.09,1,2,compressed_ring_ar
1778528672.9783847,12,181,0.923833,198.21,93.423,644.379,1,2,compressed_ring_ar
1778528673.6152802,12,182,0.931435,211.72,89.855,603.331,1,2,compressed_ring_ar
1778528674.182458,12,183,0.859722,246.56,126.856,517.925,1,2,compressed_ring_ar
1778528674.8144517,12,184,0.869518,218.08,148.679,585.528,1,2,compressed_ring_ar
1778528675.5059888,12,185,0.810851,194.13,142.893,654.656,1,2,compressed_ring_ar
1778528676.0494463,12,186,0.977535,252.76,85.003,505.041,1,2,compressed_ring_ar
1778528676.698511,12,187,1.048676,208.42,87.89,612.863,1,2,compressed_ring_ar
1778528677.3947496,12,188,0.997897,193.87,96.438,657.899,1,2,compressed_ring_ar
1778528678.042817,12,189,0.814158,211.64,89.138,603.401,1,2,compressed_ring_ar
1778528678.7248406,12,190,0.913589,199.91,89.233,635.976,1,2,compressed_ring_ar
1778528679.43194,12,191,0.963905,190.24,122.292,669.004,1,2,compressed_ring_ar
1778528679.9675977,12,192,0.921555,255.08,77.798,500.385,1,2,compressed_ring_ar
1778528680.5947113,12,193,0.862875,214.92,81.478,594.181,1,2,compressed_ring_ar
1778528681.244424,12,194,0.757615,207.13,95.388,614.945,1,2,compressed_ring_ar
1778528681.7699387,12,195,0.591898,77.75,91.263,513.277,1,2,compressed_ring_ar
1778528688.2826242,13,0,1.019872,201.78,75.306,633.116,1,2,compressed_ring_ar
1778528688.9111454,13,1,0.932041,218.45,173.748,584.62,1,2,compressed_ring_ar
1778528689.5349672,13,2,0.837883,215.83,74.342,591.877,1,2,compressed_ring_ar
1778528690.132535,13,3,0.933165,233.4,132.603,547.164,1,2,compressed_ring_ar
1778528690.8184843,13,4,0.962382,203.25,179.49,625.454,1,2,compressed_ring_ar
1778528691.4876502,13,5,0.82171,207.84,90.317,614.656,1,2,compressed_ring_ar
1778528692.1307142,13,6,0.887185,213.05,193.708,599.552,1,2,compressed_ring_ar
1778528692.7643425,13,7,0.911391,212.65,121.981,600.54,1,2,compressed_ring_ar
1778528693.4841967,13,8,0.943167,186.07,131.718,683.921,1,2,compressed_ring_ar
1778528693.989245,13,9,0.928661,271.69,87.69,469.877,1,2,compressed_ring_ar
1778528694.6246734,13,10,0.885668,212.51,88.271,600.327,1,2,compressed_ring_ar
1778528695.2664802,13,11,0.854821,210.03,93.93,608.226,1,2,compressed_ring_ar
1778528695.848624,13,12,0.76492,242.42,165.381,526.734,1,2,compressed_ring_ar
1778528696.446315,13,13,0.91414,231.76,146.716,549.85,1,2,compressed_ring_ar
1778528697.0997398,13,14,0.954122,206.76,122.368,616.652,1,2,compressed_ring_ar
1778528697.7062259,13,15,0.765053,223.35,157.039,571.908,1,2,compressed_ring_ar
1778528698.302294,13,16,0.923552,230.89,171.856,553.128,1,2,compressed_ring_ar
1778528698.9097414,13,17,0.951912,230.34,139.491,554.436,1,2,compressed_ring_ar
1778528699.491077,13,18,0.834939,236.51,152.849,539.817,1,2,compressed_ring_ar
1778528700.070401,13,19,0.974744,245.07,139.334,520.972,1,2,compressed_ring_ar
1778528700.6605036,13,20,0.920652,239.86,154.687,532.468,1,2,compressed_ring_ar
1778528701.2654333,13,21,0.790414,230.61,166.746,553.675,1,2,compressed_ring_ar
1778528701.89098,13,22,1.053109,215.24,113.218,593.373,1,2,compressed_ring_ar
1778528702.4731605,13,23,1.07665,236.66,149.964,539.752,1,2,compressed_ring_ar
1778528703.0460706,13,24,0.889205,243.01,124.894,526.281,1,2,compressed_ring_ar
1778528703.647878,13,25,0.820211,229.34,131.609,556.922,1,2,compressed_ring_ar
1778528704.2815883,13,26,0.864696,217.37,155.979,584.067,1,2,compressed_ring_ar
1778528704.779634,13,27,0.872859,273.59,81.6,466.45,1,2,compressed_ring_ar
1778528705.424104,13,28,0.914176,209.37,86.11,610.127,1,2,compressed_ring_ar
1778528706.0055792,13,29,0.849603,237.52,139.628,537.902,1,2,compressed_ring_ar
1778528706.613725,13,30,0.825974,238.84,159.589,534.651,1,2,compressed_ring_ar
1778528707.1702042,13,31,0.79195,250.25,135.873,510.116,1,2,compressed_ring_ar
1778528707.744691,13,32,0.706813,243.34,145.675,524.604,1,2,compressed_ring_ar
1778528708.3300848,13,33,0.953952,238.98,165.393,534.334,1,2,compressed_ring_ar
1778528708.9342678,13,34,1.00811,231.46,136.272,552.014,1,2,compressed_ring_ar
1778528709.5388145,13,35,0.900028,232.72,141.283,549.186,1,2,compressed_ring_ar
1778528710.1066422,13,36,0.777309,248.44,155.487,513.982,1,2,compressed_ring_ar
1778528710.6738605,13,37,0.816552,243.71,141.248,524.008,1,2,compressed_ring_ar
1778528711.2428546,13,38,0.838514,245.57,150.986,520.025,1,2,compressed_ring_ar
1778528711.8628778,13,39,0.646499,224.55,169.114,568.835,1,2,compressed_ring_ar
1778528712.4479845,13,40,0.947904,243.94,137.687,523.445,1,2,compressed_ring_ar
1778528713.008798,13,41,0.861863,247.67,153.168,515.799,1,2,compressed_ring_ar
1778528713.6000447,13,42,1.041819,240.37,138.423,531.549,1,2,compressed_ring_ar
1778528714.2767982,13,43,0.769092,203.98,141.68,626.352,1,2,compressed_ring_ar
1778528714.8989716,13,44,1.181554,222.89,140.531,569.886,1,2,compressed_ring_ar
1778528715.599875,13,45,0.835953,191.96,111.089,665.579,1,2,compressed_ring_ar
1778528716.3296485,13,46,0.931458,184.75,102.343,691.505,1,2,compressed_ring_ar
1778528717.0447695,13,47,0.920045,192.38,130.039,664.019,1,2,compressed_ring_ar
1778528717.656179,13,48,0.865179,226.33,142.792,564.151,1,2,compressed_ring_ar
1778528718.2325346,13,49,0.750708,245.48,143.135,520.235,1,2,compressed_ring_ar
1778528718.8401628,13,50,0.834677,227.65,129.545,561.151,1,2,compressed_ring_ar
1778528719.42458,13,51,0.969251,234.34,141.699,544.889,1,2,compressed_ring_ar
1778528720.0401623,13,52,0.882117,226.78,140.563,563.372,1,2,compressed_ring_ar
1778528720.6611583,13,53,0.818219,226.41,183.172,564.117,1,2,compressed_ring_ar
1778528721.2497346,13,54,0.972285,236.22,156.369,540.674,1,2,compressed_ring_ar
1778528721.8009655,13,55,0.925987,251.14,151.537,508.29,1,2,compressed_ring_ar
1778528722.434365,13,56,0.805176,217.32,174.888,587.736,1,2,compressed_ring_ar
1778528723.146441,13,57,0.855597,189.86,117.943,672.781,1,2,compressed_ring_ar
1778528723.789556,13,58,0.906993,209.24,101.416,610.466,1,2,compressed_ring_ar
1778528724.360068,13,59,0.997415,242.82,148.469,525.87,1,2,compressed_ring_ar
1778528724.9263043,13,60,0.828611,246.04,147.452,519.08,1,2,compressed_ring_ar
1778528725.505071,13,61,0.686319,240.82,162.841,530.534,1,2,compressed_ring_ar
1778528726.076377,13,62,0.803827,244.16,140.535,523.004,1,2,compressed_ring_ar
1778528726.6651144,13,63,0.96218,233.19,170.361,547.489,1,2,compressed_ring_ar
1778528727.303154,13,64,0.804391,211.75,93.799,603.105,1,2,compressed_ring_ar
1778528727.9681356,13,65,0.880981,202.49,86.37,627.62,1,2,compressed_ring_ar
1778528728.61588,13,66,0.775151,207.81,93.207,614.959,1,2,compressed_ring_ar
1778528729.1879606,13,67,0.81851,246.3,144.186,518.533,1,2,compressed_ring_ar
1778528729.7667964,13,68,0.931637,239.97,151.916,532.013,1,2,compressed_ring_ar
1778528730.417251,13,69,0.81449,214.48,156.321,595.262,1,2,compressed_ring_ar
1778528731.0888038,13,70,0.794773,202.25,133.309,631.509,1,2,compressed_ring_ar
1778528731.7332292,13,71,1.009916,209.92,97.377,608.353,1,2,compressed_ring_ar
1778528732.3892386,13,72,0.760063,206.23,91.516,617.665,1,2,compressed_ring_ar
1778528733.0301874,13,73,0.884569,210.12,99.284,607.821,1,2,compressed_ring_ar
1778528733.6568048,13,74,0.998728,219.44,133.499,579.246,1,2,compressed_ring_ar
1778528734.3016052,13,75,0.854963,210.3,91.245,607.711,1,2,compressed_ring_ar
1778528734.8838859,13,76,0.780173,238.21,153.304,536.069,1,2,compressed_ring_ar
1778528735.5392265,13,77,0.837171,212.88,188.168,598.228,1,2,compressed_ring_ar
1778528736.2491722,13,78,0.77522,189.02,114.377,675.777,1,2,compressed_ring_ar
1778528736.8602116,13,79,1.068021,221.17,88.0,577.442,1,2,compressed_ring_ar
1778528737.4624493,13,80,1.082933,224.28,88.74,569.379,1,2,compressed_ring_ar
1778528738.0381522,13,81,0.985991,240.31,134.987,531.506,1,2,compressed_ring_ar
1778528738.6091535,13,82,0.825348,240.98,157.315,529.745,1,2,compressed_ring_ar
1778528739.2563794,13,83,0.901481,207.79,97.962,614.608,1,2,compressed_ring_ar
1778528739.8777509,13,84,0.788067,216.91,87.943,589.037,1,2,compressed_ring_ar
1778528740.4677033,13,85,0.811636,236.62,154.131,539.617,1,2,compressed_ring_ar
1778528741.1480665,13,86,0.789745,198.67,94.918,642.964,1,2,compressed_ring_ar
1778528741.83452,13,87,0.874692,196.43,103.872,648.756,1,2,compressed_ring_ar
1778528742.5199294,13,88,0.905492,198.52,85.251,643.36,1,2,compressed_ring_ar
1778528743.1093652,13,89,0.904025,231.52,69.795,551.789,1,2,compressed_ring_ar
1778528743.692333,13,90,0.86319,241.02,126.782,529.749,1,2,compressed_ring_ar
1778528744.2626636,13,91,0.723994,246.23,135.406,518.494,1,2,compressed_ring_ar
1778528744.8909094,13,92,0.810954,221.16,161.673,577.324,1,2,compressed_ring_ar
1778528745.6125808,13,93,0.767117,190.48,130.875,667.261,1,2,compressed_ring_ar
1778528746.1257935,13,94,0.739621,265.88,82.745,480.395,1,2,compressed_ring_ar
1778528746.6800058,13,95,0.781305,250.79,121.271,508.998,1,2,compressed_ring_ar
1778528747.241789,13,96,0.881831,248.99,145.524,512.824,1,2,compressed_ring_ar
1778528747.843077,13,97,0.840841,227.68,179.064,560.85,1,2,compressed_ring_ar
1778528748.547081,13,98,0.775259,195.24,85.817,654.563,1,2,compressed_ring_ar
1778528749.187825,13,99,0.768647,213.14,135.812,599.187,1,2,compressed_ring_ar
1778528749.8044224,13,100,0.833836,219.41,83.303,582.095,1,2,compressed_ring_ar
1778528750.3737364,13,101,0.756041,245.44,135.557,520.341,1,2,compressed_ring_ar
1778528750.977908,13,102,0.769524,229.21,167.088,557.341,1,2,compressed_ring_ar
1778528751.5414882,13,103,0.854461,248.93,134.834,513.016,1,2,compressed_ring_ar
1778528752.152032,13,104,0.779938,226.84,143.428,562.88,1,2,compressed_ring_ar
1778528752.7851763,13,105,0.74945,213.97,86.218,597.167,1,2,compressed_ring_ar
1778528753.430173,13,106,0.812597,215.66,169.96,592.132,1,2,compressed_ring_ar
1778528754.0617537,13,107,0.961956,214.18,74.212,596.397,1,2,compressed_ring_ar
1778528754.63455,13,108,0.897569,240.15,152.366,531.829,1,2,compressed_ring_ar
1778528755.2737517,13,109,0.936213,214.57,136.173,595.104,1,2,compressed_ring_ar
1778528755.9048092,13,110,0.797491,213.52,88.952,598.111,1,2,compressed_ring_ar
1778528756.569846,13,111,0.835259,202.51,89.003,630.812,1,2,compressed_ring_ar
1778528757.1311119,13,112,0.687617,244.57,111.735,522.011,1,2,compressed_ring_ar
1778528757.68467,13,113,0.746262,248.15,136.882,514.645,1,2,compressed_ring_ar
1778528758.2342765,13,114,0.965629,254.67,132.281,501.27,1,2,compressed_ring_ar
1778528758.8097863,13,115,0.770754,243.63,135.424,523.981,1,2,compressed_ring_ar
1778528759.424121,13,116,0.774176,220.3,83.302,579.917,1,2,compressed_ring_ar
1778528759.9930847,13,117,0.913112,244.78,140.619,521.87,1,2,compressed_ring_ar
1778528760.5492463,13,118,0.941624,251.25,142.925,508.454,1,2,compressed_ring_ar
1778528761.1696286,13,119,0.896457,222.16,162.286,574.936,1,2,compressed_ring_ar
1778528761.8018198,13,120,0.913386,216.07,182.804,591.007,1,2,compressed_ring_ar
1778528762.5099587,13,121,0.826938,189.63,101.249,673.604,1,2,compressed_ring_ar
1778528763.3044639,13,122,0.953206,169.2,120.439,754.272,1,2,compressed_ring_ar
1778528764.0191016,13,123,0.899274,188.12,120.59,679.015,1,2,compressed_ring_ar
1778528764.6379707,13,124,1.061019,219.04,82.007,583.226,1,2,compressed_ring_ar
1778528765.2721777,13,125,1.110162,217.64,161.174,585.582,1,2,compressed_ring_ar
1778528765.8657205,13,126,0.793709,229.59,101.384,556.429,1,2,compressed_ring_ar
1778528766.442138,13,127,0.792821,242.38,146.57,526.754,1,2,compressed_ring_ar
1778528767.0470436,13,128,0.826701,226.17,165.044,564.523,1,2,compressed_ring_ar
1778528767.7927306,13,129,0.760452,179.14,134.93,709.765,1,2,compressed_ring_ar
1778528768.3011591,13,130,0.93686,268.55,89.931,475.235,1,2,compressed_ring_ar
1778528768.9860885,13,131,0.903298,195.46,88.077,653.484,1,2,compressed_ring_ar
1778528769.6358752,13,132,0.915644,208.65,92.865,612.084,1,2,compressed_ring_ar
1778528770.2731662,13,133,0.764047,211.18,88.593,605.051,1,2,compressed_ring_ar
1778528770.9021337,13,134,0.826787,221.23,136.777,577.93,1,2,compressed_ring_ar
1778528771.4847314,13,135,0.86711,244.02,167.937,523.49,1,2,compressed_ring_ar
1778528772.0469954,13,136,0.950234,246.93,161.144,516.999,1,2,compressed_ring_ar
1778528772.69803,13,137,0.857287,208.77,179.946,611.677,1,2,compressed_ring_ar
1778528773.3210063,13,138,0.993543,216.28,97.703,590.52,1,2,compressed_ring_ar
1778528773.9378455,13,139,0.935058,223.42,147.566,571.83,1,2,compressed_ring_ar
1778528774.5006974,13,140,0.838166,250.75,146.418,509.747,1,2,compressed_ring_ar
1778528775.1579642,13,141,0.825876,206.89,170.772,614.745,1,2,compressed_ring_ar
1778528775.8102744,13,142,1.049397,206.53,87.707,618.434,1,2,compressed_ring_ar
1778528776.4184322,13,143,0.9505,221.0,99.621,578.632,1,2,compressed_ring_ar
1778528777.0392942,13,144,1.039414,221.54,127.049,576.558,1,2,compressed_ring_ar
1778528777.6867566,13,145,0.664053,211.06,83.425,605.272,1,2,compressed_ring_ar
1778528778.2584536,13,146,0.79089,244.46,139.591,522.368,1,2,compressed_ring_ar
1778528778.839751,13,147,1.005814,242.51,163.183,526.586,1,2,compressed_ring_ar
1778528779.4355316,13,148,0.872213,232.77,148.684,548.564,1,2,compressed_ring_ar
1778528780.091972,13,149,0.829509,207.87,83.52,614.376,1,2,compressed_ring_ar
1778528780.6470904,13,150,0.900234,251.36,111.132,507.865,1,2,compressed_ring_ar
1778528781.2465246,13,151,0.826268,236.19,149.147,540.726,1,2,compressed_ring_ar
1778528781.8370535,13,152,0.745882,238.08,138.117,536.26,1,2,compressed_ring_ar
1778528782.4412901,13,153,0.902545,225.54,98.021,566.32,1,2,compressed_ring_ar
1778528783.1099064,13,154,0.784646,200.86,95.188,636.068,1,2,compressed_ring_ar
1778528783.7031434,13,155,0.774605,233.14,176.544,548.014,1,2,compressed_ring_ar
1778528784.3003767,13,156,0.826692,232.32,177.19,549.721,1,2,compressed_ring_ar
1778528784.90341,13,157,0.729457,229.77,144.434,555.669,1,2,compressed_ring_ar
1778528785.5560446,13,158,1.007195,206.27,94.139,619.429,1,2,compressed_ring_ar
1778528786.193916,13,159,0.734344,222.14,130.595,575.12,1,2,compressed_ring_ar
1778528786.7871513,13,160,0.857805,233.04,117.105,547.841,1,2,compressed_ring_ar
1778528787.4310107,13,161,0.899271,212.14,86.598,600.434,1,2,compressed_ring_ar
1778528788.0758402,13,162,0.797164,208.72,92.198,612.048,1,2,compressed_ring_ar
1778528788.6392722,13,163,0.933318,248.32,149.971,514.429,1,2,compressed_ring_ar
1778528789.2200086,13,164,0.971642,239.1,119.156,534.217,1,2,compressed_ring_ar
1778528789.802982,13,165,0.954954,236.31,151.868,540.284,1,2,compressed_ring_ar
1778528790.4039476,13,166,0.91208,230.04,150.659,555.128,1,2,compressed_ring_ar
1778528791.1155362,13,167,0.993867,188.86,128.067,676.342,1,2,compressed_ring_ar
1778528791.7143762,13,168,0.936402,227.0,125.628,562.694,1,2,compressed_ring_ar
1778528792.37986,13,169,0.877191,204.37,188.935,621.511,1,2,compressed_ring_ar
1778528792.9053035,13,170,0.923532,259.88,115.209,488.07,1,2,compressed_ring_ar
1778528793.414102,13,171,0.922977,268.95,74.047,474.585,1,2,compressed_ring_ar
1778528794.0916252,13,172,0.864068,198.46,121.021,640.424,1,2,compressed_ring_ar
1778528794.6092784,13,173,0.808779,264.05,76.391,483.384,1,2,compressed_ring_ar
1778528795.281264,13,174,0.851947,200.64,121.477,636.713,1,2,compressed_ring_ar
1778528795.9032974,13,175,0.81861,221.31,86.232,577.056,1,2,compressed_ring_ar
1778528796.5654137,13,176,0.802188,207.8,91.918,614.682,1,2,compressed_ring_ar
1778528797.2241347,13,177,0.912627,208.26,181.55,613.201,1,2,compressed_ring_ar
1778528797.8581016,13,178,0.79128,212.65,86.071,599.221,1,2,compressed_ring_ar
1778528798.4991028,13,179,0.775634,210.87,132.541,605.623,1,2,compressed_ring_ar
1778528799.1008275,13,180,0.830707,224.56,92.12,568.604,1,2,compressed_ring_ar
1778528799.7069046,13,181,0.916915,222.99,83.923,572.671,1,2,compressed_ring_ar
1778528800.294994,13,182,0.949019,238.57,107.251,535.181,1,2,compressed_ring_ar
1778528800.8763382,13,183,0.978809,239.34,169.035,533.589,1,2,compressed_ring_ar
1778528801.5435503,13,184,0.804183,212.84,171.113,599.955,1,2,compressed_ring_ar
1778528802.165953,13,185,0.690952,217.96,86.998,586.213,1,2,compressed_ring_ar
1778528802.7270753,13,186,0.892232,249.15,141.018,512.515,1,2,compressed_ring_ar
1778528803.3030086,13,187,0.916807,243.77,137.42,523.904,1,2,compressed_ring_ar
1778528803.8905528,13,188,0.838074,236.0,120.579,541.046,1,2,compressed_ring_ar
1778528804.5936303,13,189,0.889074,195.24,114.284,654.269,1,2,compressed_ring_ar
1778528805.1681635,13,190,0.900515,239.39,147.037,533.434,1,2,compressed_ring_ar
1778528805.7998216,13,191,0.694499,217.51,136.502,587.24,1,2,compressed_ring_ar
1778528806.3906863,13,192,0.747883,238.82,156.503,534.689,1,2,compressed_ring_ar
1778528806.9578125,13,193,0.895414,247.53,158.486,516.088,1,2,compressed_ring_ar
1778528807.5281253,13,194,0.87341,245.15,127.818,521.127,1,2,compressed_ring_ar
1778528808.0480716,13,195,1.230271,79.2,159.316,503.64,1,2,compressed_ring_ar
1778528814.5351408,14,0,0.972943,192.49,77.852,663.996,1,2,compressed_ring_ar
1778528815.1492426,14,1,0.843942,222.59,201.162,573.719,1,2,compressed_ring_ar
1778528815.7579656,14,2,0.80944,230.58,130.326,553.882,1,2,compressed_ring_ar
1778528816.3129818,14,3,0.876521,248.11,139.35,514.993,1,2,compressed_ring_ar
1778528816.905568,14,4,0.939174,237.63,144.554,537.347,1,2,compressed_ring_ar
1778528817.5033302,14,5,0.868279,235.43,144.783,542.362,1,2,compressed_ring_ar
1778528818.0707574,14,6,0.721014,243.47,126.121,524.565,1,2,compressed_ring_ar
1778528818.64349,14,7,0.869261,243.94,154.831,523.624,1,2,compressed_ring_ar
1778528819.2288504,14,8,0.952214,235.16,154.002,543.359,1,2,compressed_ring_ar
1778528819.898112,14,9,0.920903,202.21,140.575,630.794,1,2,compressed_ring_ar
1778528820.5292778,14,10,0.991532,214.37,93.681,595.851,1,2,compressed_ring_ar
1778528821.1153088,14,11,0.949676,237.34,162.241,538.207,1,2,compressed_ring_ar
1778528821.692747,14,12,0.819264,240.89,134.214,530.166,1,2,compressed_ring_ar
1778528822.2680645,14,13,0.766839,243.22,159.707,525.183,1,2,compressed_ring_ar
1778528822.8844602,14,14,0.885182,223.83,192.436,569.666,1,2,compressed_ring_ar
1778528823.4884932,14,15,0.888322,224.32,107.507,569.406,1,2,compressed_ring_ar
1778528824.0537455,14,16,0.904147,246.74,134.724,517.54,1,2,compressed_ring_ar
1778528824.625839,14,17,0.980928,246.23,129.518,518.683,1,2,compressed_ring_ar
1778528825.2328749,14,18,0.921956,233.02,167.619,548.864,1,2,compressed_ring_ar
1778528825.7945988,14,19,0.83624,249.24,106.388,512.331,1,2,compressed_ring_ar
1778528826.3582087,14,20,0.800799,250.27,115.388,510.314,1,2,compressed_ring_ar
1778528826.9429538,14,21,0.835234,240.81,99.534,530.456,1,2,compressed_ring_ar
1778528827.6672046,14,22,0.901113,191.88,140.995,665.659,1,2,compressed_ring_ar
1778528828.3124964,14,23,0.791313,209.57,98.769,609.68,1,2,compressed_ring_ar
1778528828.8708713,14,24,0.840174,250.37,156.176,510.162,1,2,compressed_ring_ar
1778528829.4206457,14,25,0.706812,249.71,146.333,511.716,1,2,compressed_ring_ar
1778528829.9862032,14,26,0.965513,244.71,155.121,521.796,1,2,compressed_ring_ar
1778528830.534902,14,27,0.808093,251.06,146.03,508.648,1,2,compressed_ring_ar
1778528831.1063802,14,28,0.838583,246.79,147.656,517.352,1,2,compressed_ring_ar
1778528831.681158,14,29,0.797825,242.03,147.957,527.624,1,2,compressed_ring_ar
1778528832.3152158,14,30,0.718533,217.72,163.523,583.248,1,2,compressed_ring_ar
1778528832.834641,14,31,0.875915,263.9,79.382,483.655,1,2,compressed_ring_ar
1778528833.4672296,14,32,0.784196,214.04,109.972,596.848,1,2,compressed_ring_ar
1778528834.0546143,14,33,0.718178,234.16,158.441,545.704,1,2,compressed_ring_ar
1778528834.6327236,14,34,0.864265,240.73,163.019,530.465,1,2,compressed_ring_ar
1778528835.1904073,14,35,0.8082,246.44,137.636,518.7,1,2,compressed_ring_ar
1778528835.7795353,14,36,0.853856,237.3,158.049,538.276,1,2,compressed_ring_ar
1778528836.363869,14,37,0.820945,235.21,160.091,543.063,1,2,compressed_ring_ar
1778528836.936591,14,38,0.875529,245.28,152.995,520.615,1,2,compressed_ring_ar
1778528837.5834053,14,39,0.825484,212.83,202.493,600.161,1,2,compressed_ring_ar
1778528838.1875381,14,40,1.002166,229.5,151.592,556.593,1,2,compressed_ring_ar
1778528838.8054485,14,41,0.922084,226.73,142.847,563.266,1,2,compressed_ring_ar
1778528839.3815997,14,42,1.010045,243.14,136.434,525.685,1,2,compressed_ring_ar
1778528839.9797368,14,43,0.897879,234.62,157.667,544.2,1,2,compressed_ring_ar
1778528840.5641496,14,44,0.745229,238.17,152.019,536.236,1,2,compressed_ring_ar
1778528841.142567,14,45,0.832098,237.44,152.993,537.984,1,2,compressed_ring_ar
1778528841.7142444,14,46,0.798206,242.57,156.101,526.976,1,2,compressed_ring_ar
1778528842.3288379,14,47,0.821243,224.02,132.998,570.006,1,2,compressed_ring_ar
1778528842.9844913,14,48,0.906667,205.54,97.124,621.388,1,2,compressed_ring_ar
1778528843.6170654,14,49,0.792849,213.83,134.854,597.24,1,2,compressed_ring_ar
1778528844.2780669,14,50,0.958955,210.46,165.079,607.066,1,2,compressed_ring_ar
1778528844.9038744,14,51,0.800371,225.79,157.83,565.915,1,2,compressed_ring_ar
1778528845.4818761,14,52,0.837814,241.96,157.061,527.799,1,2,compressed_ring_ar
1778528846.0714033,14,53,0.850182,239.22,158.65,533.921,1,2,compressed_ring_ar
1778528846.6453388,14,54,0.900694,242.78,163.718,525.949,1,2,compressed_ring_ar
1778528847.2285976,14,55,0.86601,239.51,150.499,533.217,1,2,compressed_ring_ar
1778528847.8370614,14,56,0.952285,235.15,121.749,543.274,1,2,compressed_ring_ar
1778528848.4398725,14,57,0.825712,233.9,103.586,546.049,1,2,compressed_ring_ar
1778528849.0474646,14,58,1.296785,228.07,141.413,560.419,1,2,compressed_ring_ar
1778528849.6320148,14,59,0.824314,237.24,159.281,538.369,1,2,compressed_ring_ar
1778528850.268121,14,60,0.847427,218.17,175.466,582.167,1,2,compressed_ring_ar
1778528850.7599988,14,61,0.876528,278.08,68.877,459.014,1,2,compressed_ring_ar
1778528851.360399,14,62,0.900468,228.37,170.357,559.459,1,2,compressed_ring_ar
1778528851.9635897,14,63,0.734302,234.38,118.523,544.782,1,2,compressed_ring_ar
1778528852.538437,14,64,0.788278,244.42,98.953,522.429,1,2,compressed_ring_ar
1778528853.107177,14,65,0.908798,247.62,150.39,515.861,1,2,compressed_ring_ar
1778528853.6813173,14,66,0.861363,243.19,163.711,524.982,1,2,compressed_ring_ar
1778528854.2556374,14,67,0.857526,241.11,164.079,529.697,1,2,compressed_ring_ar
1778528854.8680043,14,68,0.802528,225.23,164.261,567.022,1,2,compressed_ring_ar
1778528855.5679808,14,69,0.89286,191.34,127.09,664.429,1,2,compressed_ring_ar
1778528856.0617483,14,70,0.888705,276.79,73.186,461.174,1,2,compressed_ring_ar
1778528856.6294968,14,71,0.971601,246.07,142.903,518.939,1,2,compressed_ring_ar
1778528857.2094166,14,72,0.924749,239.76,153.241,533.01,1,2,compressed_ring_ar
1778528857.8114803,14,73,0.890033,231.86,107.75,550.879,1,2,compressed_ring_ar
1778528858.3908982,14,74,0.65079,237.23,159.257,538.79,1,2,compressed_ring_ar
1778528858.952218,14,75,0.888323,248.74,130.728,513.482,1,2,compressed_ring_ar
1778528859.5331535,14,76,0.914694,239.05,147.496,534.367,1,2,compressed_ring_ar
1778528860.1546268,14,77,0.96224,224.59,158.092,568.66,1,2,compressed_ring_ar
1778528860.7688425,14,78,0.801549,228.26,114.282,559.489,1,2,compressed_ring_ar
1778528861.3292158,14,79,0.773744,248.11,145.2,514.518,1,2,compressed_ring_ar
1778528861.8809032,14,80,0.730664,251.73,127.398,507.281,1,2,compressed_ring_ar
1778528862.4483042,14,81,0.932711,248.32,118.664,514.599,1,2,compressed_ring_ar
1778528863.0199826,14,82,0.836511,245.73,139.604,520.505,1,2,compressed_ring_ar
1778528863.5866885,14,83,0.891919,243.4,132.58,524.644,1,2,compressed_ring_ar
1778528864.1463923,14,84,0.724227,246.9,159.713,517.087,1,2,compressed_ring_ar
1778528864.7164345,14,85,0.851012,244.33,170.675,522.789,1,2,compressed_ring_ar
1778528865.263869,14,86,0.827741,249.93,164.034,510.833,1,2,compressed_ring_ar
1778528865.8620095,14,87,0.827615,230.57,157.831,553.778,1,2,compressed_ring_ar
1778528866.5927324,14,88,0.861444,183.93,116.476,694.493,1,2,compressed_ring_ar
1778528867.2453976,14,89,0.813518,206.94,111.558,617.414,1,2,compressed_ring_ar
1778528867.8289201,14,90,0.834757,236.46,132.386,539.785,1,2,compressed_ring_ar
1778528868.561857,14,91,0.701113,194.87,151.463,655.613,1,2,compressed_ring_ar
1778528869.1807928,14,92,0.817904,224.31,167.827,569.378,1,2,compressed_ring_ar
1778528869.7523425,14,93,0.824446,245.37,141.351,520.333,1,2,compressed_ring_ar
1778528870.3476155,14,94,1.05049,234.26,162.051,545.327,1,2,compressed_ring_ar
1778528871.066102,14,95,0.882352,195.67,178.342,652.779,1,2,compressed_ring_ar
1778528871.7012038,14,96,0.891357,211.88,113.725,602.526,1,2,compressed_ring_ar
1778528872.2660697,14,97,0.863675,248.54,136.395,513.501,1,2,compressed_ring_ar
1778528872.855308,14,98,0.765841,236.83,156.551,539.366,1,2,compressed_ring_ar
1778528873.4119165,14,99,0.809506,250.25,106.982,510.212,1,2,compressed_ring_ar
1778528873.9768367,14,100,0.865615,243.91,148.36,523.481,1,2,compressed_ring_ar
1778528874.563708,14,101,0.800254,237.9,104.085,535.528,1,2,compressed_ring_ar
1778528875.1808586,14,102,0.825633,221.56,107.057,576.326,1,2,compressed_ring_ar
1778528875.8036368,14,103,0.892181,226.48,150.132,562.757,1,2,compressed_ring_ar
1778528876.387441,14,104,0.925539,232.8,134.773,548.86,1,2,compressed_ring_ar
1778528877.0052335,14,105,0.864826,227.12,103.489,562.77,1,2,compressed_ring_ar
1778528877.6365848,14,106,0.776289,217.62,160.343,586.808,1,2,compressed_ring_ar
1778528878.252336,14,107,0.899411,219.73,89.809,581.352,1,2,compressed_ring_ar
1778528878.8626027,14,108,0.830155,228.71,148.325,558.247,1,2,compressed_ring_ar
1778528879.485646,14,109,0.749165,216.0,87.33,591.358,1,2,compressed_ring_ar
1778528880.0870974,14,110,0.864415,232.01,149.914,550.453,1,2,compressed_ring_ar
1778528880.6624985,14,111,0.764343,245.11,146.358,520.954,1,2,compressed_ring_ar
1778528881.2788258,14,112,0.983809,225.13,130.887,567.329,1,2,compressed_ring_ar
1778528881.8582928,14,113,0.853648,238.55,171.056,535.543,1,2,compressed_ring_ar
1778528882.4216328,14,114,0.953946,247.42,128.17,516.103,1,2,compressed_ring_ar
1778528882.9715004,14,115,0.880153,252.51,134.048,505.673,1,2,compressed_ring_ar
1778528883.5390494,14,116,0.895077,246.54,106.132,517.86,1,2,compressed_ring_ar
1778528884.1098175,14,117,1.061686,245.96,141.597,519.172,1,2,compressed_ring_ar
1778528884.667839,14,118,0.723822,247.02,134.8,516.885,1,2,compressed_ring_ar
1778528885.3070877,14,119,0.808674,218.85,166.33,583.492,1,2,compressed_ring_ar
1778528885.9311502,14,120,0.829189,216.23,94.919,590.96,1,2,compressed_ring_ar
1778528886.4802501,14,121,0.822476,254.26,121.689,502.062,1,2,compressed_ring_ar
1778528887.0592618,14,122,0.856534,236.78,142.264,539.374,1,2,compressed_ring_ar
1778528887.6187108,14,123,0.758984,247.24,150.063,516.64,1,2,compressed_ring_ar
1778528888.2457025,14,124,0.825686,219.33,164.194,582.274,1,2,compressed_ring_ar
1778528888.9032967,14,125,0.812523,204.3,91.455,625.114,1,2,compressed_ring_ar
1778528889.5390286,14,126,0.86353,212.49,118.028,601.202,1,2,compressed_ring_ar
1778528890.1311328,14,127,0.792016,233.97,165.317,545.967,1,2,compressed_ring_ar
1778528890.6915777,14,128,0.896998,247.52,141.234,515.942,1,2,compressed_ring_ar
1778528891.345083,14,129,0.886719,213.78,164.308,597.42,1,2,compressed_ring_ar
1778528891.9691157,14,130,0.897318,216.44,104.452,590.153,1,2,compressed_ring_ar
1778528892.6313255,14,131,0.859524,210.65,198.816,606.226,1,2,compressed_ring_ar
1778528893.2924056,14,132,0.934276,205.36,94.125,622.209,1,2,compressed_ring_ar
1778528893.8724585,14,133,0.833003,241.47,141.195,528.773,1,2,compressed_ring_ar
1778528894.4295237,14,134,0.861702,249.63,133.889,511.361,1,2,compressed_ring_ar
1778528895.0292494,14,135,0.774166,229.75,145.792,555.847,1,2,compressed_ring_ar
1778528895.5776725,14,136,0.957747,256.04,134.448,498.745,1,2,compressed_ring_ar
1778528896.156682,14,137,0.930722,239.43,150.872,533.307,1,2,compressed_ring_ar
1778528896.7838233,14,138,0.913903,221.64,172.595,573.751,1,2,compressed_ring_ar
1778528897.3143308,14,139,0.799324,259.0,70.273,493.003,1,2,compressed_ring_ar
1778528897.9231577,14,140,0.776547,226.42,169.824,564.323,1,2,compressed_ring_ar
1778528898.5945823,14,141,0.835689,207.37,180.384,615.863,1,2,compressed_ring_ar
1778528899.2410216,14,142,0.726302,210.19,85.305,608.078,1,2,compressed_ring_ar
1778528899.8581808,14,143,0.809397,227.15,138.971,562.329,1,2,compressed_ring_ar
1778528900.4447627,14,144,0.839993,242.24,156.883,527.253,1,2,compressed_ring_ar
1778528901.065907,14,145,0.797854,221.35,167.829,577.078,1,2,compressed_ring_ar
1778528901.6565437,14,146,0.677429,236.22,148.097,540.6,1,2,compressed_ring_ar
1778528902.241063,14,147,0.853035,238.45,166.12,535.536,1,2,compressed_ring_ar
1778528902.809884,14,148,0.829886,242.94,145.229,525.618,1,2,compressed_ring_ar
1778528903.4969053,14,149,1.154072,205.29,174.715,622.204,1,2,compressed_ring_ar
1778528904.1293502,14,150,0.82489,214.46,71.298,595.766,1,2,compressed_ring_ar
1778528904.7088223,14,151,0.849047,243.49,131.686,524.434,1,2,compressed_ring_ar
1778528905.4249077,14,152,0.846287,191.02,184.855,668.793,1,2,compressed_ring_ar
1778528906.0646048,14,153,0.886047,222.17,162.923,575.211,1,2,compressed_ring_ar
1778528906.6905055,14,154,0.859305,222.66,165.847,573.514,1,2,compressed_ring_ar
1778528907.4004471,14,155,1.151974,192.57,142.906,663.359,1,2,compressed_ring_ar
1778528907.9956174,14,156,0.755105,229.6,90.896,556.308,1,2,compressed_ring_ar
1778528908.6592538,14,157,0.83948,209.81,166.773,608.891,1,2,compressed_ring_ar
1778528909.383264,14,158,0.880607,192.0,180.942,665.256,1,2,compressed_ring_ar
1778528909.977162,14,159,0.821999,231.45,78.094,551.811,1,2,compressed_ring_ar
1778528910.5262341,14,160,0.966661,254.3,138.668,501.974,1,2,compressed_ring_ar
1778528911.1125891,14,161,0.872421,237.19,143.607,538.351,1,2,compressed_ring_ar
1778528911.690641,14,162,0.840209,244.39,144.058,522.436,1,2,compressed_ring_ar
1778528912.2593331,14,163,0.883206,246.27,147.39,518.459,1,2,compressed_ring_ar
1778528912.8226373,14,164,0.762934,247.34,132.734,516.206,1,2,compressed_ring_ar
1778528913.429702,14,165,0.798011,228.97,161.154,558.722,1,2,compressed_ring_ar
1778528914.086627,14,166,0.942163,211.03,168.142,602.18,1,2,compressed_ring_ar
1778528914.676735,14,167,0.774137,229.83,128.437,552.147,1,2,compressed_ring_ar
1778528915.2202442,14,168,0.762719,252.31,73.632,506.077,1,2,compressed_ring_ar
1778528915.8133564,14,169,0.855422,234.63,139.684,544.306,1,2,compressed_ring_ar
1778528916.461161,14,170,0.762628,213.09,175.806,599.38,1,2,compressed_ring_ar
1778528917.104701,14,171,0.857153,210.13,116.454,608.097,1,2,compressed_ring_ar
1778528917.71269,14,172,0.772915,230.89,130.758,553.189,1,2,compressed_ring_ar
1778528918.285492,14,173,0.912394,241.68,137.585,528.292,1,2,compressed_ring_ar
1778528918.8911443,14,174,0.975363,233.67,155.209,546.359,1,2,compressed_ring_ar
1778528919.493745,14,175,0.85318,235.81,156.049,541.723,1,2,compressed_ring_ar
1778528920.0684955,14,176,1.067583,242.52,147.582,526.552,1,2,compressed_ring_ar
1778528920.6332457,14,177,0.744878,248.56,133.63,513.814,1,2,compressed_ring_ar
1778528921.2273593,14,178,0.962811,235.79,135.237,541.666,1,2,compressed_ring_ar
1778528921.8079364,14,179,0.910507,236.54,134.76,540.19,1,2,compressed_ring_ar
1778528922.3954275,14,180,0.849226,232.23,141.228,549.771,1,2,compressed_ring_ar
1778528923.0351498,14,181,0.807454,211.92,132.322,603.675,1,2,compressed_ring_ar
1778528923.632302,14,182,0.615805,237.96,163.442,536.651,1,2,compressed_ring_ar
1778528924.2358165,14,183,0.821744,228.0,167.427,560.399,1,2,compressed_ring_ar
1778528924.850968,14,184,0.934142,228.64,163.118,558.515,1,2,compressed_ring_ar
1778528925.4494493,14,185,0.773507,235.99,151.833,541.197,1,2,compressed_ring_ar
1778528926.115565,14,186,0.909406,205.0,193.289,623.011,1,2,compressed_ring_ar
1778528926.8413177,14,187,0.985373,184.98,138.761,690.499,1,2,compressed_ring_ar
1778528927.5513737,14,188,0.760273,189.14,131.348,675.374,1,2,compressed_ring_ar
1778528928.2979484,14,189,0.866202,180.07,111.479,709.462,1,2,compressed_ring_ar
1778528928.9062827,14,190,0.847183,222.79,104.749,573.426,1,2,compressed_ring_ar
1778528929.512417,14,191,0.843103,230.43,169.315,554.678,1,2,compressed_ring_ar
1778528930.1190684,14,192,0.814644,229.98,147.573,555.363,1,2,compressed_ring_ar
1778528930.7028518,14,193,0.822301,240.49,163.779,530.934,1,2,compressed_ring_ar
1778528931.3087752,14,194,0.866563,228.34,162.504,559.527,1,2,compressed_ring_ar
1778528931.8550901,14,195,0.998181,75.8,176.006,526.711,1,2,compressed_ring_ar
1778528938.615798,15,0,1.005272,164.39,126.685,777.282,1,2,compressed_ring_ar
1778528939.2539892,15,1,0.830631,212.04,106.538,602.289,1,2,compressed_ring_ar
1778528939.8653023,15,2,0.957039,229.88,132.733,555.709,1,2,compressed_ring_ar
1778528940.574195,15,3,0.851094,190.81,152.068,669.718,1,2,compressed_ring_ar
1778528941.2208915,15,4,0.807974,211.72,69.809,603.215,1,2,compressed_ring_ar
1778528941.825967,15,5,0.822604,232.81,141.873,548.842,1,2,compressed_ring_ar
1778528942.4061565,15,6,0.941243,238.1,148.193,536.609,1,2,compressed_ring_ar
1778528942.9978583,15,7,1.021489,234.62,154.882,544.558,1,2,compressed_ring_ar
1778528943.6212676,15,8,0.781662,224.24,107.967,569.465,1,2,compressed_ring_ar
1778528944.305166,15,9,0.815564,196.95,96.41,646.022,1,2,compressed_ring_ar
1778528944.9584033,15,10,0.816828,208.1,87.355,613.675,1,2,compressed_ring_ar
1778528945.674662,15,11,0.799874,187.42,133.885,681.493,1,2,compressed_ring_ar
1778528946.348931,15,12,1.107903,200.25,99.463,637.91,1,2,compressed_ring_ar
1778528946.9699183,15,13,0.772287,218.4,94.679,584.961,1,2,compressed_ring_ar
1778528947.6543865,15,14,0.819258,202.23,174.161,631.534,1,2,compressed_ring_ar
1778528948.3061745,15,15,0.945371,208.92,87.185,611.72,1,2,compressed_ring_ar
1778528948.944201,15,16,0.826207,212.2,85.926,601.885,1,2,compressed_ring_ar
1778528949.553699,15,17,0.747068,227.51,161.922,561.201,1,2,compressed_ring_ar
1778528950.2034135,15,18,0.810487,207.63,93.284,615.296,1,2,compressed_ring_ar
1778528950.8083298,15,19,0.732008,231.67,159.589,551.219,1,2,compressed_ring_ar
1778528951.4424722,15,20,0.850441,218.73,174.356,584.117,1,2,compressed_ring_ar
1778528952.0465326,15,21,0.822155,229.02,152.626,557.889,1,2,compressed_ring_ar
1778528952.639751,15,22,0.81279,240.74,108.711,530.454,1,2,compressed_ring_ar
1778528953.2246516,15,23,0.774967,240.96,137.653,530.198,1,2,compressed_ring_ar
1778528953.818787,15,24,1.006606,234.46,144.535,544.691,1,2,compressed_ring_ar
1778528954.4217303,15,25,0.780648,228.23,142.774,559.442,1,2,compressed_ring_ar
1778528955.111789,15,26,0.838591,194.27,124.649,657.488,1,2,compressed_ring_ar
1778528955.7108717,15,27,0.709282,227.27,75.339,561.974,1,2,compressed_ring_ar
1778528956.4642704,15,28,0.850737,179.29,232.248,712.56,1,2,compressed_ring_ar
1778528957.1336615,15,29,0.91354,201.22,91.564,634.7,1,2,compressed_ring_ar
1778528957.7495482,15,30,0.903132,219.87,90.84,581.065,1,2,compressed_ring_ar
1778528958.4196274,15,31,0.797261,204.6,149.986,624.202,1,2,compressed_ring_ar
1778528959.0779915,15,32,0.898941,207.49,102.248,615.552,1,2,compressed_ring_ar
1778528959.7658122,15,33,0.982204,197.43,143.288,646.995,1,2,compressed_ring_ar
1778528960.3859878,15,34,0.850979,223.03,150.038,572.576,1,2,compressed_ring_ar
1778528960.9939954,15,35,0.828938,228.37,151.918,559.289,1,2,compressed_ring_ar
1778528961.677669,15,36,0.86744,206.09,174.148,619.689,1,2,compressed_ring_ar
1778528962.3243234,15,37,0.925642,208.84,85.031,612.613,1,2,compressed_ring_ar
1778528963.007225,15,38,0.944733,202.13,190.236,632.189,1,2,compressed_ring_ar
1778528963.602887,15,39,0.780306,239.48,141.155,533.546,1,2,compressed_ring_ar
1778528964.1867957,15,40,0.843111,234.72,136.773,544.062,1,2,compressed_ring_ar
1778528964.7570918,15,41,1.016821,242.58,144.998,526.393,1,2,compressed_ring_ar
1778528965.3452904,15,42,0.919568,239.1,121.743,534.206,1,2,compressed_ring_ar
1778528965.9146054,15,43,0.903463,247.71,157.245,515.484,1,2,compressed_ring_ar
1778528966.4886432,15,44,1.03168,244.01,144.201,523.461,1,2,compressed_ring_ar
1778528967.0803325,15,45,0.880168,234.89,141.502,543.611,1,2,compressed_ring_ar
1778528967.7814465,15,46,0.917827,198.86,167.032,642.287,1,2,compressed_ring_ar
1778528968.44442,15,47,0.657534,203.65,79.787,627.264,1,2,compressed_ring_ar
1778528969.02517,15,48,0.781672,237.51,131.111,537.657,1,2,compressed_ring_ar
1778528969.6241643,15,49,0.791751,230.52,158.459,553.927,1,2,compressed_ring_ar
1778528970.2717726,15,50,0.734428,207.57,100.199,612.216,1,2,compressed_ring_ar
1778528970.8822622,15,51,0.711698,221.47,81.616,577.09,1,2,compressed_ring_ar
1778528971.52908,15,52,0.770736,219.61,151.38,581.45,1,2,compressed_ring_ar
1778528972.1859837,15,53,0.778695,208.33,156.903,612.983,1,2,compressed_ring_ar
1778528972.836371,15,54,0.759274,207.28,76.291,616.141,1,2,compressed_ring_ar
1778528973.4606316,15,55,0.735204,215.97,108.456,591.642,1,2,compressed_ring_ar
1778528974.0506911,15,56,0.936157,238.92,149.521,534.351,1,2,compressed_ring_ar
1778528974.637995,15,57,0.750001,234.75,139.064,544.181,1,2,compressed_ring_ar
1778528975.1995058,15,58,0.80696,246.97,145.552,517.034,1,2,compressed_ring_ar
1778528975.7781081,15,59,0.715494,242.02,117.966,527.525,1,2,compressed_ring_ar
1778528976.3540401,15,60,1.04818,242.06,143.952,527.431,1,2,compressed_ring_ar
1778528977.0276477,15,61,0.822819,208.01,141.063,613.933,1,2,compressed_ring_ar
1778528977.6011283,15,62,0.836363,238.69,72.253,535.055,1,2,compressed_ring_ar
1778528978.200807,15,63,1.024262,231.91,163.663,550.643,1,2,compressed_ring_ar
1778528978.8579774,15,64,0.753244,211.71,169.116,603.144,1,2,compressed_ring_ar
1778528979.442829,15,65,0.849426,232.54,70.385,549.115,1,2,compressed_ring_ar
1778528980.015418,15,66,0.747286,246.6,153.045,517.695,1,2,compressed_ring_ar
1778528980.6024466,15,67,0.867844,238.77,155.119,534.787,1,2,compressed_ring_ar
1778528981.1981094,15,68,0.697951,232.47,146.645,549.435,1,2,compressed_ring_ar
1778528981.7744303,15,69,0.776274,240.15,144.951,531.835,1,2,compressed_ring_ar
1778528982.351281,15,70,0.832193,244.0,147.225,523.286,1,2,compressed_ring_ar
1778528982.9225223,15,71,1.041364,242.64,114.341,526.343,1,2,compressed_ring_ar
1778528983.539357,15,72,0.701138,222.64,156.57,570.545,1,2,compressed_ring_ar
1778528984.1669674,15,73,0.818877,215.48,79.343,592.772,1,2,compressed_ring_ar
1778528984.8083565,15,74,0.683148,216.49,137.632,589.851,1,2,compressed_ring_ar
1778528985.4389553,15,75,0.748559,214.14,88.363,596.442,1,2,compressed_ring_ar
1778528986.071721,15,76,0.82449,219.03,157.746,582.962,1,2,compressed_ring_ar
1778528986.717004,15,77,0.739627,208.54,98.994,612.501,1,2,compressed_ring_ar
1778528987.3087103,15,78,0.824038,234.02,185.18,545.822,1,2,compressed_ring_ar
1778528987.8894095,15,79,0.849842,236.94,155.137,539.556,1,2,compressed_ring_ar
1778528988.483782,15,80,0.897685,231.34,130.52,552.015,1,2,compressed_ring_ar
1778528989.1169755,15,81,0.783161,226.86,149.201,562.978,1,2,compressed_ring_ar
1778528989.7596228,15,82,0.760561,213.19,170.761,597.335,1,2,compressed_ring_ar
1778528990.4764526,15,83,0.733033,186.76,119.337,683.809,1,2,compressed_ring_ar
1778528991.130572,15,84,0.831308,207.67,114.335,615.067,1,2,compressed_ring_ar
1778528991.6946106,15,85,0.948669,247.83,132.782,515.088,1,2,compressed_ring_ar
1778528992.293709,15,86,0.838808,229.75,170.109,555.888,1,2,compressed_ring_ar
1778528992.8929644,15,87,0.889055,234.57,163.062,544.535,1,2,compressed_ring_ar
1778528993.5021467,15,88,0.716522,226.67,176.671,563.818,1,2,compressed_ring_ar
1778528994.0837572,15,89,0.944529,243.53,161.13,524.306,1,2,compressed_ring_ar
1778528994.6775224,15,90,0.957097,235.79,137.865,541.644,1,2,compressed_ring_ar
1778528995.348863,15,91,0.835603,207.69,155.719,614.867,1,2,compressed_ring_ar
1778528996.155223,15,92,0.776582,166.15,121.659,767.214,1,2,compressed_ring_ar
1778528996.8620615,15,93,0.857963,189.57,117.904,674.045,1,2,compressed_ring_ar
1778528997.5482762,15,94,0.842112,195.69,114.979,652.67,1,2,compressed_ring_ar
1778528998.2419167,15,95,0.920042,193.55,110.877,657.105,1,2,compressed_ring_ar
1778528998.8845708,15,96,0.979275,209.64,102.849,609.326,1,2,compressed_ring_ar
1778528999.4864316,15,97,0.674233,231.35,159.121,552.208,1,2,compressed_ring_ar
1778529000.0737107,15,98,0.925422,237.79,129.529,536.961,1,2,compressed_ring_ar
1778529000.6406777,15,99,0.889351,244.83,145.57,521.693,1,2,compressed_ring_ar
1778529001.2708526,15,100,0.785124,221.59,130.422,576.421,1,2,compressed_ring_ar
1778529001.8491194,15,101,0.736188,239.82,154.152,532.974,1,2,compressed_ring_ar
1778529002.4614403,15,102,0.884562,227.97,189.017,560.163,1,2,compressed_ring_ar
1778529003.0482056,15,103,0.862971,233.46,81.746,547.051,1,2,compressed_ring_ar
1778529003.6789749,15,104,0.857804,216.07,77.324,591.086,1,2,compressed_ring_ar
1778529004.2900434,15,105,0.89159,221.84,107.5,575.739,1,2,compressed_ring_ar
1778529004.9084587,15,106,0.911345,227.18,155.802,561.923,1,2,compressed_ring_ar
1778529005.5499809,15,107,0.841861,211.4,107.185,604.37,1,2,compressed_ring_ar
1778529006.214243,15,108,0.705871,206.6,164.89,617.566,1,2,compressed_ring_ar
1778529006.7951858,15,109,0.785366,233.01,116.796,548.176,1,2,compressed_ring_ar
1778529007.3502333,15,110,0.648334,250.05,139.938,510.713,1,2,compressed_ring_ar
1778529007.9099216,15,111,0.903508,246.57,137.286,518.304,1,2,compressed_ring_ar
1778529008.468336,15,112,0.749227,250.0,145.639,510.755,1,2,compressed_ring_ar
1778529009.0151842,15,113,0.850415,251.79,132.875,507.249,1,2,compressed_ring_ar
1778529009.6028023,15,114,0.866737,233.97,142.039,545.663,1,2,compressed_ring_ar
1778529010.271536,15,115,0.852617,200.32,96.242,638.257,1,2,compressed_ring_ar
1778529010.9250133,15,116,0.954868,211.08,182.338,605.115,1,2,compressed_ring_ar
1778529011.6324139,15,117,0.756363,194.56,132.271,653.043,1,2,compressed_ring_ar
1778529012.120699,15,118,0.702841,280.1,72.571,455.777,1,2,compressed_ring_ar
1778529012.6838582,15,119,0.891294,244.86,150.321,521.66,1,2,compressed_ring_ar
1778529013.277324,15,120,0.802924,232.37,151.353,549.495,1,2,compressed_ring_ar
1778529013.9119098,15,121,0.846151,212.53,133.161,601.11,1,2,compressed_ring_ar
1778529014.4875774,15,122,0.810691,240.17,161.057,531.729,1,2,compressed_ring_ar
1778529015.0756476,15,123,0.763979,236.79,136.888,539.143,1,2,compressed_ring_ar
1778529015.6483543,15,124,0.758689,244.05,120.028,523.169,1,2,compressed_ring_ar
1778529016.2194135,15,125,0.545809,241.5,139.571,528.981,1,2,compressed_ring_ar
1778529016.7676156,15,126,0.782422,251.44,120.684,507.858,1,2,compressed_ring_ar
1778529017.35364,15,127,0.931888,238.85,150.864,534.616,1,2,compressed_ring_ar
1778529017.9184773,15,128,0.80137,249.59,169.352,511.422,1,2,compressed_ring_ar
1778529018.5102687,15,129,0.944401,236.87,146.347,538.981,1,2,compressed_ring_ar
1778529019.1318517,15,130,0.83196,217.16,79.523,588.13,1,2,compressed_ring_ar
1778529019.7073693,15,131,0.797034,245.84,148.401,519.532,1,2,compressed_ring_ar
1778529020.2484157,15,132,0.772824,256.35,140.898,498.497,1,2,compressed_ring_ar
1778529020.8601031,15,133,0.794644,230.62,144.053,554.02,1,2,compressed_ring_ar
1778529021.4672403,15,134,0.874429,228.79,141.57,558.949,1,2,compressed_ring_ar
1778529022.028274,15,135,0.826813,245.97,156.68,519.032,1,2,compressed_ring_ar
1778529022.6162744,15,136,0.81056,236.95,147.399,538.921,1,2,compressed_ring_ar
1778529023.2624743,15,137,0.912152,208.32,137.688,613.184,1,2,compressed_ring_ar
1778529023.8223734,15,138,0.775746,245.61,136.023,520.318,1,2,compressed_ring_ar
1778529024.4163268,15,139,0.952815,236.45,138.66,540.285,1,2,compressed_ring_ar
1778529025.0212147,15,140,0.812604,229.95,123.135,555.545,1,2,compressed_ring_ar
1778529025.6227381,15,141,0.807622,232.6,125.698,549.53,1,2,compressed_ring_ar
1778529026.2738197,15,142,0.622471,211.54,156.768,603.704,1,2,compressed_ring_ar
1778529026.8431737,15,143,0.865896,243.71,70.428,524.218,1,2,compressed_ring_ar
1778529027.448765,15,144,0.773024,233.05,113.858,547.912,1,2,compressed_ring_ar
1778529028.0265284,15,145,0.66431,242.93,158.254,525.768,1,2,compressed_ring_ar
1778529028.5914018,15,146,0.834232,245.48,118.839,520.705,1,2,compressed_ring_ar
1778529029.1695192,15,147,0.89952,237.62,131.481,537.496,1,2,compressed_ring_ar
1778529029.764218,15,148,1.056827,233.72,152.192,546.537,1,2,compressed_ring_ar
1778529030.4228597,15,149,0.911333,214.59,149.43,595.112,1,2,compressed_ring_ar
1778529031.069525,15,150,0.843154,208.04,106.619,614.017,1,2,compressed_ring_ar
1778529031.7106183,15,151,0.889637,224.4,111.23,569.09,1,2,compressed_ring_ar
1778529032.3000503,15,152,0.974851,235.27,115.389,542.992,1,2,compressed_ring_ar
1778529032.8809266,15,153,0.878437,241.89,111.811,528.294,1,2,compressed_ring_ar
1778529033.496961,15,154,0.782395,226.3,139.246,564.23,1,2,compressed_ring_ar
1778529034.159093,15,155,0.951143,203.58,104.298,627.348,1,2,compressed_ring_ar
1778529034.857849,15,156,0.908643,191.8,112.2,666.016,1,2,compressed_ring_ar
1778529035.4877548,15,157,0.93137,215.29,90.828,593.345,1,2,compressed_ring_ar
1778529036.112192,15,158,0.83492,219.47,134.294,581.82,1,2,compressed_ring_ar
1778529036.686658,15,159,1.021707,240.8,70.52,530.247,1,2,compressed_ring_ar
1778529037.3244672,15,160,0.771777,214.41,180.62,592.662,1,2,compressed_ring_ar
1778529037.9068012,15,161,0.845684,233.13,128.127,544.176,1,2,compressed_ring_ar
1778529038.403377,15,162,0.870913,275.52,84.738,463.148,1,2,compressed_ring_ar
1778529039.07954,15,163,0.72104,198.55,118.444,642.109,1,2,compressed_ring_ar
1778529039.744808,15,164,0.961381,204.32,132.158,625.016,1,2,compressed_ring_ar
1778529040.3555205,15,165,0.842997,221.2,82.748,577.457,1,2,compressed_ring_ar
1778529040.9966543,15,166,0.745405,215.08,172.142,590.964,1,2,compressed_ring_ar
1778529041.6989958,15,167,0.730549,192.61,117.239,663.152,1,2,compressed_ring_ar
1778529042.3380208,15,168,0.83979,210.55,108.021,606.932,1,2,compressed_ring_ar
1778529042.940283,15,169,0.889853,231.39,128.955,551.799,1,2,compressed_ring_ar
1778529043.6957898,15,170,0.741722,180.79,127.076,706.632,1,2,compressed_ring_ar
1778529044.287048,15,171,0.846951,237.45,167.159,537.724,1,2,compressed_ring_ar
1778529044.8589954,15,172,0.869689,241.66,147.719,528.442,1,2,compressed_ring_ar
1778529045.5014048,15,173,0.969835,214.15,130.414,596.348,1,2,compressed_ring_ar
1778529046.108843,15,174,0.890896,221.21,116.756,577.391,1,2,compressed_ring_ar
1778529046.6715174,15,175,0.87252,246.83,141.125,517.276,1,2,compressed_ring_ar
1778529047.31689,15,176,0.791493,212.47,187.955,599.414,1,2,compressed_ring_ar
1778529047.9597926,15,177,0.788922,209.75,90.71,608.995,1,2,compressed_ring_ar
1778529048.556061,15,178,0.711656,233.42,161.46,547.311,1,2,compressed_ring_ar
1778529049.2440963,15,179,0.776096,200.88,181.147,635.829,1,2,compressed_ring_ar
1778529049.9720843,15,180,0.801252,185.14,124.392,690.028,1,2,compressed_ring_ar
1778529050.586388,15,181,0.847513,220.45,73.524,579.517,1,2,compressed_ring_ar
1778529051.205399,15,182,0.927142,220.82,173.646,578.248,1,2,compressed_ring_ar
1778529051.8447595,15,183,0.641836,210.48,102.818,606.88,1,2,compressed_ring_ar
1778529052.478249,15,184,1.028628,212.47,100.502,601.282,1,2,compressed_ring_ar
1778529053.1843293,15,185,0.842798,196.45,146.299,650.174,1,2,compressed_ring_ar
1778529053.812549,15,186,0.65748,216.83,124.757,588.955,1,2,compressed_ring_ar
1778529054.3903077,15,187,0.845521,239.5,129.585,533.191,1,2,compressed_ring_ar
1778529054.983688,15,188,0.880325,238.16,129.095,536.382,1,2,compressed_ring_ar
1778529055.5417798,15,189,0.928066,250.32,147.451,510.066,1,2,compressed_ring_ar
1778529056.1255157,15,190,0.782779,237.59,163.131,537.48,1,2,compressed_ring_ar
1778529056.7635825,15,191,0.737705,214.75,128.686,594.673,1,2,compressed_ring_ar
1778529057.4794018,15,192,0.847133,187.21,126.878,682.342,1,2,compressed_ring_ar
1778529058.2008293,15,193,0.787272,185.19,123.322,686.681,1,2,compressed_ring_ar
1778529058.687531,15,194,0.744004,281.31,73.902,453.756,1,2,compressed_ring_ar
1778529059.2059677,15,195,0.809276,79.96,155.012,499.153,1,2,compressed_ring_ar
1778529066.051098,16,0,0.956827,200.2,76.961,638.164,1,2,compressed_ring_ar
1778529066.64137,16,1,0.831537,234.52,126.869,544.711,1,2,compressed_ring_ar
1778529067.283888,16,2,1.032752,220.32,134.386,579.853,1,2,compressed_ring_ar
1778529067.9018903,16,3,0.827121,226.7,136.582,563.239,1,2,compressed_ring_ar
1778529068.6700754,16,4,0.814252,177.02,140.053,718.64,1,2,compressed_ring_ar
1778529069.2134352,16,5,0.94152,251.62,87.394,507.439,1,2,compressed_ring_ar
1778529069.9111755,16,6,0.840134,195.36,93.983,653.982,1,2,compressed_ring_ar
1778529070.512165,16,7,0.752888,225.63,80.943,566.017,1,2,compressed_ring_ar
1778529071.242098,16,8,0.9278,183.57,108.53,692.935,1,2,compressed_ring_ar
1778529071.8952272,16,9,0.716316,206.78,104.128,617.596,1,2,compressed_ring_ar
1778529072.5367856,16,10,0.896412,209.6,82.715,609.331,1,2,compressed_ring_ar
1778529073.1780455,16,11,0.828728,210.03,102.505,608.096,1,2,compressed_ring_ar
1778529073.8239312,16,12,0.846631,212.64,88.366,600.552,1,2,compressed_ring_ar
1778529074.5174668,16,13,0.790529,194.24,97.344,656.646,1,2,compressed_ring_ar
1778529075.2448156,16,14,0.995042,184.19,130.856,690.629,1,2,compressed_ring_ar
1778529075.7447608,16,15,0.817836,280.45,75.413,455.039,1,2,compressed_ring_ar
1778529076.3968792,16,16,1.028141,205.81,102.524,620.53,1,2,compressed_ring_ar
1778529077.0375886,16,17,0.942225,210.36,102.735,607.071,1,2,compressed_ring_ar
1778529077.7054644,16,18,0.776066,201.33,82.355,634.382,1,2,compressed_ring_ar
1778529078.3569968,16,19,0.800019,206.67,90.118,617.939,1,2,compressed_ring_ar
1778529079.0008264,16,20,0.816695,208.86,103.394,611.622,1,2,compressed_ring_ar
1778529079.755264,16,21,1.044204,180.59,91.53,707.462,1,2,compressed_ring_ar
1778529080.4429433,16,22,0.838506,197.35,90.567,647.361,1,2,compressed_ring_ar
1778529081.0828738,16,23,0.700998,210.43,91.878,605.779,1,2,compressed_ring_ar
1778529081.7014718,16,24,0.773983,220.95,84.65,575.201,1,2,compressed_ring_ar
1778529082.421199,16,25,0.724863,185.87,132.591,683.866,1,2,compressed_ring_ar
1778529082.9515135,16,26,0.74424,256.14,118.631,495.117,1,2,compressed_ring_ar
1778529083.5658236,16,27,0.902876,219.95,129.421,577.483,1,2,compressed_ring_ar
1778529084.1120448,16,28,0.72199,248.44,123.259,510.536,1,2,compressed_ring_ar
1778529084.6617448,16,29,0.795651,247.17,97.201,516.646,1,2,compressed_ring_ar
1778529085.3631902,16,30,0.72051,190.89,101.984,669.151,1,2,compressed_ring_ar
1778529086.0114987,16,31,0.754239,209.8,88.426,608.704,1,2,compressed_ring_ar
1778529086.6499827,16,32,0.861909,210.68,87.612,606.175,1,2,compressed_ring_ar
1778529087.2994416,16,33,0.845735,207.18,79.735,614.475,1,2,compressed_ring_ar
1778529088.0168188,16,34,0.940815,187.7,125.936,677.497,1,2,compressed_ring_ar
1778529088.518255,16,35,0.844184,277.63,79.762,459.67,1,2,compressed_ring_ar
1778529089.1582773,16,36,0.900734,210.85,100.743,605.573,1,2,compressed_ring_ar
1778529089.8761868,16,37,0.844448,186.51,131.456,681.808,1,2,compressed_ring_ar
1778529090.4323196,16,38,0.860441,243.5,128.075,520.844,1,2,compressed_ring_ar
1778529090.9575415,16,39,0.797217,259.01,79.337,491.183,1,2,compressed_ring_ar
1778529091.618947,16,40,0.974075,203.98,92.56,626.374,1,2,compressed_ring_ar
1778529092.2467172,16,41,0.84147,214.57,84.963,595.16,1,2,compressed_ring_ar
1778529092.8973837,16,42,0.70201,207.15,87.054,616.69,1,2,compressed_ring_ar
1778529093.6151867,16,43,0.851373,186.18,139.652,683.013,1,2,compressed_ring_ar
1778529094.1652336,16,44,0.810701,247.02,80.652,513.622,1,2,compressed_ring_ar
1778529094.8477225,16,45,0.941668,196.39,110.647,647.6,1,2,compressed_ring_ar
1778529095.5066454,16,46,0.855314,204.07,101.782,625.8,1,2,compressed_ring_ar
1778529096.1924984,16,47,0.842896,195.26,106.807,654.278,1,2,compressed_ring_ar
1778529096.8382552,16,48,0.973864,210.08,98.858,607.881,1,2,compressed_ring_ar
1778529097.5533955,16,49,0.891032,186.94,146.269,680.301,1,2,compressed_ring_ar
1778529098.083422,16,50,0.697168,257.01,81.88,495.631,1,2,compressed_ring_ar
1778529098.7239397,16,51,0.715185,210.49,117.738,606.643,1,2,compressed_ring_ar
1778529099.361501,16,52,0.791446,211.03,87.074,605.236,1,2,compressed_ring_ar
1778529100.01295,16,53,0.919602,207.42,95.395,615.684,1,2,compressed_ring_ar
1778529100.657682,16,54,0.983715,209.19,84.35,610.526,1,2,compressed_ring_ar
1778529101.3343942,16,55,0.925643,198.81,102.164,642.38,1,2,compressed_ring_ar
1778529101.9817345,16,56,0.912175,208.83,106.226,611.546,1,2,compressed_ring_ar
1778529102.6956968,16,57,0.79163,188.7,129.818,673.511,1,2,compressed_ring_ar
1778529103.2045832,16,58,0.865493,269.57,76.957,473.419,1,2,compressed_ring_ar
1778529103.8818762,16,59,0.735171,199.07,91.388,641.643,1,2,compressed_ring_ar
1778529104.5980477,16,60,0.855637,187.02,141.452,679.8,1,2,compressed_ring_ar
1778529105.1079545,16,61,0.667024,267.44,86.036,477.234,1,2,compressed_ring_ar
1778529105.776764,16,62,0.714471,201.46,89.023,634.025,1,2,compressed_ring_ar
1778529106.4112413,16,63,0.956174,211.44,79.781,604.024,1,2,compressed_ring_ar
1778529107.0877395,16,64,0.926473,201.08,108.885,635.122,1,2,compressed_ring_ar
1778529107.750418,16,65,0.794057,203.04,85.291,629.012,1,2,compressed_ring_ar
1778529108.4171467,16,66,0.828005,204.14,98.012,625.618,1,2,compressed_ring_ar
1778529109.08428,16,67,0.887567,202.41,95.786,629.438,1,2,compressed_ring_ar
1778529109.743895,16,68,0.804036,203.59,94.425,624.538,1,2,compressed_ring_ar
1778529110.413272,16,69,0.930227,200.58,90.808,636.734,1,2,compressed_ring_ar
1778529111.0964346,16,70,0.828477,197.41,100.505,644.204,1,2,compressed_ring_ar
1778529111.8859499,16,71,0.860911,175.44,134.684,724.845,1,2,compressed_ring_ar
1778529112.4286022,16,72,0.930658,250.1,89.627,508.963,1,2,compressed_ring_ar
1778529113.1012347,16,73,0.839483,201.26,86.979,631.319,1,2,compressed_ring_ar
1778529113.7688377,16,74,0.730006,200.93,92.593,634.832,1,2,compressed_ring_ar
1778529114.4108377,16,75,0.958483,209.48,82.786,606.58,1,2,compressed_ring_ar
1778529115.063847,16,76,0.760441,205.59,90.825,621.267,1,2,compressed_ring_ar
1778529115.7152817,16,77,0.909981,206.06,88.472,617.904,1,2,compressed_ring_ar
1778529116.3681839,16,78,0.808765,206.75,90.984,617.731,1,2,compressed_ring_ar
1778529116.9899309,16,79,0.821199,216.75,105.449,589.153,1,2,compressed_ring_ar
1778529117.6436996,16,80,0.847137,207.78,85.424,613.883,1,2,compressed_ring_ar
1778529118.286665,16,81,0.793932,210.08,94.342,608.029,1,2,compressed_ring_ar
1778529118.9808125,16,82,0.715794,194.01,135.757,655.234,1,2,compressed_ring_ar
1778529119.4847279,16,83,0.739004,270.04,89.565,471.796,1,2,compressed_ring_ar
1778529120.1861725,16,84,0.894808,191.66,128.825,663.461,1,2,compressed_ring_ar
1778529120.729421,16,85,0.740702,250.16,82.745,510.287,1,2,compressed_ring_ar
1778529121.3812866,16,86,0.767405,207.5,115.879,615.455,1,2,compressed_ring_ar
1778529122.0088434,16,87,0.852048,214.76,97.071,594.632,1,2,compressed_ring_ar
1778529122.6445875,16,88,0.893339,212.08,94.261,601.269,1,2,compressed_ring_ar
1778529123.300207,16,89,0.95206,204.91,106.296,622.634,1,2,compressed_ring_ar
1778529123.9622023,16,90,0.952169,203.02,91.78,629.113,1,2,compressed_ring_ar
1778529124.5861363,16,91,0.832046,215.81,97.309,591.723,1,2,compressed_ring_ar
1778529125.2488594,16,92,0.941622,203.53,84.022,627.511,1,2,compressed_ring_ar
1778529125.8726234,16,93,0.760778,218.35,80.333,584.881,1,2,compressed_ring_ar
1778529126.5637567,16,94,0.931106,194.3,131.893,654.103,1,2,compressed_ring_ar
1778529127.0922947,16,95,0.990967,259.09,83.084,489.576,1,2,compressed_ring_ar
1778529127.7516181,16,96,0.747858,203.95,88.879,626.162,1,2,compressed_ring_ar
1778529128.4737287,16,97,0.974906,186.84,134.758,681.514,1,2,compressed_ring_ar
1778529128.999303,16,98,0.825259,259.38,89.735,492.083,1,2,compressed_ring_ar
1778529129.6206982,16,99,0.84975,217.56,87.099,586.959,1,2,compressed_ring_ar
1778529130.2552238,16,100,0.810776,213.41,94.328,598.567,1,2,compressed_ring_ar
1778529130.9075909,16,101,0.89302,207.23,92.482,616.33,1,2,compressed_ring_ar
1778529131.560814,16,102,0.882508,205.87,98.89,619.479,1,2,compressed_ring_ar
1778529132.2595248,16,103,0.786597,191.63,134.925,663.161,1,2,compressed_ring_ar
1778529132.8022275,16,104,0.735661,251.29,75.862,507.216,1,2,compressed_ring_ar
1778529133.463583,16,105,0.898911,203.06,99.287,629.092,1,2,compressed_ring_ar
1778529134.114123,16,106,0.845376,207.52,88.478,612.442,1,2,compressed_ring_ar
1778529134.7654607,16,107,0.700868,206.81,90.914,617.668,1,2,compressed_ring_ar
1778529135.4051745,16,108,0.82124,210.74,86.261,605.986,1,2,compressed_ring_ar
1778529136.0565984,16,109,0.90892,205.93,103.477,620.148,1,2,compressed_ring_ar
1778529136.6970797,16,110,0.838542,210.58,92.313,604.541,1,2,compressed_ring_ar
1778529137.3723862,16,111,0.777227,199.45,93.137,640.447,1,2,compressed_ring_ar
1778529138.029953,16,112,0.818189,204.28,91.477,625.199,1,2,compressed_ring_ar
1778529138.7242258,16,113,0.910436,193.89,98.785,658.756,1,2,compressed_ring_ar
1778529139.4079823,16,114,1.040731,197.65,93.521,646.271,1,2,compressed_ring_ar
1778529140.0629458,16,115,0.731846,206.37,82.901,618.84,1,2,compressed_ring_ar
1778529140.737743,16,116,0.885442,199.74,92.835,636.41,1,2,compressed_ring_ar
1778529141.4370556,16,117,0.875408,193.58,87.616,659.987,1,2,compressed_ring_ar
1778529142.096111,16,118,0.752169,204.06,88.548,623.122,1,2,compressed_ring_ar
1778529142.734625,16,119,0.693046,210.68,81.747,605.806,1,2,compressed_ring_ar
1778529143.3991692,16,120,0.774541,203.42,154.487,627.77,1,2,compressed_ring_ar
1778529144.0691044,16,121,0.835096,200.8,90.998,636.043,1,2,compressed_ring_ar
1778529144.7100258,16,122,0.884831,209.88,87.631,608.49,1,2,compressed_ring_ar
1778529145.3807242,16,123,0.754713,201.79,100.239,633.098,1,2,compressed_ring_ar
1778529146.0277154,16,124,0.813825,209.07,77.736,607.762,1,2,compressed_ring_ar
1778529146.6713955,16,125,0.718861,208.94,93.125,611.236,1,2,compressed_ring_ar
1778529147.3638024,16,126,0.813975,193.72,124.277,656.125,1,2,compressed_ring_ar
1778529147.9101865,16,127,0.839099,249.44,79.986,508.797,1,2,compressed_ring_ar
1778529148.5761893,16,128,0.826297,206.08,89.036,619.725,1,2,compressed_ring_ar
1778529149.2065258,16,129,0.845677,214.0,86.533,596.802,1,2,compressed_ring_ar
1778529149.9023783,16,130,0.759617,193.09,94.478,661.525,1,2,compressed_ring_ar
1778529150.5271144,16,131,0.779536,217.05,120.541,585.949,1,2,compressed_ring_ar
1778529151.053978,16,132,0.827864,257.79,80.205,495.117,1,2,compressed_ring_ar
1778529151.6703002,16,133,0.852493,221.08,86.932,577.594,1,2,compressed_ring_ar
1778529152.3341076,16,134,0.751934,202.21,85.029,631.581,1,2,compressed_ring_ar
1778529152.99926,16,135,0.763051,203.21,132.363,625.258,1,2,compressed_ring_ar
1778529153.5272734,16,136,0.762919,257.51,78.171,495.692,1,2,compressed_ring_ar
1778529154.1752713,16,137,0.852043,207.67,108.999,614.893,1,2,compressed_ring_ar
1778529154.8159914,16,138,0.981973,209.65,91.257,609.16,1,2,compressed_ring_ar
1778529155.519624,16,139,0.890842,191.61,132.541,663.366,1,2,compressed_ring_ar
1778529156.0254433,16,140,0.850208,272.74,81.505,467.935,1,2,compressed_ring_ar
1778529156.730356,16,141,0.753839,190.11,129.146,668.564,1,2,compressed_ring_ar
1778529157.2483346,16,142,0.758653,263.21,82.078,483.928,1,2,compressed_ring_ar
1778529157.9847112,16,143,0.74808,181.53,135.71,700.239,1,2,compressed_ring_ar
1778529158.5295546,16,144,0.931232,249.24,120.929,509.128,1,2,compressed_ring_ar
1778529159.1026592,16,145,0.844776,236.29,130.062,537.614,1,2,compressed_ring_ar
1778529159.7009077,16,146,0.833297,227.52,119.688,557.766,1,2,compressed_ring_ar
1778529160.2280974,16,147,0.680663,263.8,95.96,483.839,1,2,compressed_ring_ar
1778529160.8615906,16,148,0.795592,217.73,77.701,584.977,1,2,compressed_ring_ar
1778529161.5213077,16,149,0.759117,204.42,93.688,623.092,1,2,compressed_ring_ar
1778529162.2383811,16,150,0.885077,186.76,131.894,680.583,1,2,compressed_ring_ar
1778529162.84131,16,151,0.843923,223.88,130.115,566.927,1,2,compressed_ring_ar
1778529163.333305,16,152,0.805055,278.96,77.608,457.446,1,2,compressed_ring_ar
1778529163.9986873,16,153,0.820833,202.5,99.269,630.711,1,2,compressed_ring_ar
1778529164.6323953,16,154,0.802086,213.66,82.454,597.746,1,2,compressed_ring_ar
1778529165.28915,16,155,0.76661,204.27,77.443,625.272,1,2,compressed_ring_ar
1778529165.9494014,16,156,0.840859,202.75,84.811,630.041,1,2,compressed_ring_ar
1778529166.600169,16,157,0.927659,208.68,120.693,609.377,1,2,compressed_ring_ar
1778529167.1214042,16,158,0.907619,262.03,85.498,487.15,1,2,compressed_ring_ar
1778529167.8269928,16,159,0.771944,191.62,132.421,663.106,1,2,compressed_ring_ar
1778529168.3423905,16,160,0.823091,265.04,86.823,481.52,1,2,compressed_ring_ar
1778529169.0419955,16,161,0.94343,192.68,134.555,659.516,1,2,compressed_ring_ar
1778529169.544445,16,162,0.886483,271.44,88.737,469.697,1,2,compressed_ring_ar
1778529170.2355344,16,163,0.787079,198.34,91.984,643.96,1,2,compressed_ring_ar
1778529170.8684042,16,164,0.884422,213.95,97.465,596.974,1,2,compressed_ring_ar
1778529171.59116,16,165,0.911039,190.7,86.822,669.928,1,2,compressed_ring_ar
1778529172.2526717,16,166,0.789422,203.51,81.583,627.618,1,2,compressed_ring_ar
1778529172.87892,16,167,0.89943,214.97,104.864,594.037,1,2,compressed_ring_ar
1778529173.5855942,16,168,0.699469,190.09,135.503,668.755,1,2,compressed_ring_ar
1778529174.0988007,16,169,1.055416,267.27,90.828,477.219,1,2,compressed_ring_ar
1778529174.7453904,16,170,0.879935,211.1,91.86,604.954,1,2,compressed_ring_ar
1778529175.4423559,16,171,0.941811,192.54,124.875,663.441,1,2,compressed_ring_ar
1778529176.1426673,16,172,0.81756,191.93,99.643,665.52,1,2,compressed_ring_ar
1778529176.7888827,16,173,0.836532,208.26,86.255,613.213,1,2,compressed_ring_ar
1778529177.4451413,16,174,0.807289,206.33,87.079,618.896,1,2,compressed_ring_ar
1778529178.109239,16,175,0.853992,202.78,94.879,629.836,1,2,compressed_ring_ar
1778529178.7517903,16,176,0.855798,210.11,88.237,607.062,1,2,compressed_ring_ar
1778529179.3870287,16,177,0.840144,212.74,79.989,600.355,1,2,compressed_ring_ar
1778529180.0302668,16,178,0.778753,209.93,100.112,608.466,1,2,compressed_ring_ar
1778529180.6828263,16,179,0.932715,209.3,86.806,610.157,1,2,compressed_ring_ar
1778529181.353192,16,180,0.749406,200.62,96.562,636.588,1,2,compressed_ring_ar
1778529182.0240774,16,181,0.865149,200.4,87.135,637.575,1,2,compressed_ring_ar
1778529182.72409,16,182,0.88352,197.04,83.588,647.425,1,2,compressed_ring_ar
1778529183.399536,16,183,0.862062,198.66,92.402,643.04,1,2,compressed_ring_ar
1778529184.0091033,16,184,0.808892,222.49,83.325,573.963,1,2,compressed_ring_ar
1778529184.6373255,16,185,0.903237,215.43,94.486,592.739,1,2,compressed_ring_ar
1778529185.3231046,16,186,0.92265,196.94,118.37,648.618,1,2,compressed_ring_ar
1778529185.9548821,16,187,0.857272,212.99,87.486,598.746,1,2,compressed_ring_ar
1778529186.6342654,16,188,0.832159,197.39,124.57,644.544,1,2,compressed_ring_ar
1778529187.1708632,16,189,0.693875,254.55,87.502,501.462,1,2,compressed_ring_ar
1778529187.802521,16,190,0.735332,213.14,83.183,599.165,1,2,compressed_ring_ar
1778529188.4616098,16,191,0.934518,204.18,87.632,625.485,1,2,compressed_ring_ar
1778529189.0844207,16,192,0.762197,216.77,95.61,587.462,1,2,compressed_ring_ar
1778529189.7905993,16,193,0.831343,192.11,127.17,661.707,1,2,compressed_ring_ar
1778529190.3063881,16,194,0.771602,264.52,81.253,480.142,1,2,compressed_ring_ar
1778529190.8102624,16,195,1.282454,81.07,91.9,492.085,1,2,compressed_ring_ar
1778529197.459582,17,0,0.804396,177.54,112.904,719.613,1,2,compressed_ring_ar
1778529198.0960088,17,1,0.853165,212.03,82.308,602.309,1,2,compressed_ring_ar
1778529198.6982512,17,2,0.855235,230.18,73.865,554.824,1,2,compressed_ring_ar
1778529199.340275,17,3,0.783151,212.04,152.902,602.415,1,2,compressed_ring_ar
1778529200.1104307,17,4,0.724863,178.94,130.362,711.554,1,2,compressed_ring_ar
1778529200.7884462,17,5,0.713929,199.5,95.294,640.238,1,2,compressed_ring_ar
1778529201.5263064,17,6,0.787098,181.49,107.449,703.896,1,2,compressed_ring_ar
1778529202.1649103,17,7,0.837038,211.36,97.636,604.65,1,2,compressed_ring_ar
1778529202.765513,17,8,0.646091,237.45,125.879,537.896,1,2,compressed_ring_ar
1778529203.4309921,17,9,0.718825,209.18,198.073,610.638,1,2,compressed_ring_ar
1778529204.0172527,17,10,0.799189,239.49,143.251,533.216,1,2,compressed_ring_ar
1778529204.6233187,17,11,0.821052,231.24,152.426,552.173,1,2,compressed_ring_ar
1778529205.2066998,17,12,0.843331,238.9,162.213,534.581,1,2,compressed_ring_ar
1778529205.8003807,17,13,0.742223,236.46,133.585,539.973,1,2,compressed_ring_ar
1778529206.5016224,17,14,0.875949,191.7,117.453,667.03,1,2,compressed_ring_ar
1778529207.0867596,17,15,0.852883,237.29,155.138,538.19,1,2,compressed_ring_ar
1778529207.6576207,17,16,0.988787,240.9,167.45,530.213,1,2,compressed_ring_ar
1778529208.2523742,17,17,0.921549,231.96,156.534,550.439,1,2,compressed_ring_ar
1778529208.9520903,17,18,0.851206,193.29,99.534,660.859,1,2,compressed_ring_ar
1778529209.5848482,17,19,0.706754,214.98,88.73,594.028,1,2,compressed_ring_ar
1778529210.211617,17,20,0.855113,215.01,99.94,594.108,1,2,compressed_ring_ar
1778529210.8012943,17,21,0.93339,236.12,117.605,540.752,1,2,compressed_ring_ar
1778529211.4825447,17,22,0.836087,198.1,85.395,644.874,1,2,compressed_ring_ar
1778529212.0980594,17,23,0.738641,222.62,82.723,573.702,1,2,compressed_ring_ar
1778529212.7534444,17,24,0.751932,205.52,96.399,618.427,1,2,compressed_ring_ar
1778529213.4118474,17,25,0.881497,204.14,99.094,625.665,1,2,compressed_ring_ar
1778529214.0665607,17,26,0.748681,206.57,84.954,618.256,1,2,compressed_ring_ar
1778529214.7286189,17,27,0.681469,204.12,109.802,625.716,1,2,compressed_ring_ar
1778529215.4494302,17,28,0.795894,187.55,150.272,677.588,1,2,compressed_ring_ar
1778529215.9566689,17,29,0.78273,268.88,79.386,471.528,1,2,compressed_ring_ar
1778529216.6754735,17,30,0.911977,187.05,110.341,682.892,1,2,compressed_ring_ar
1778529217.3214192,17,31,0.852913,208.55,78.993,609.247,1,2,compressed_ring_ar
1778529217.967646,17,32,0.833005,208.0,113.813,613.994,1,2,compressed_ring_ar
1778529218.5262158,17,33,0.837791,249.06,156.131,512.565,1,2,compressed_ring_ar
1778529219.1642032,17,34,0.875836,217.92,140.306,582.815,1,2,compressed_ring_ar
1778529219.7459106,17,35,0.615535,232.51,127.415,545.903,1,2,compressed_ring_ar
1778529220.249184,17,36,0.726221,271.99,84.134,469.241,1,2,compressed_ring_ar
1778529220.9034863,17,37,0.883001,206.49,84.513,618.493,1,2,compressed_ring_ar
1778529221.6215122,17,38,0.723652,187.26,121.938,679.302,1,2,compressed_ring_ar
1778529222.1126053,17,39,0.867283,278.26,77.739,458.598,1,2,compressed_ring_ar
1778529222.7816763,17,40,0.71591,200.64,118.488,636.199,1,2,compressed_ring_ar
1778529223.442215,17,41,0.834003,204.2,110.181,625.634,1,2,compressed_ring_ar
1778529224.0689552,17,42,0.989171,220.93,161.424,574.889,1,2,compressed_ring_ar
1778529224.610581,17,43,0.75448,251.52,83.153,507.475,1,2,compressed_ring_ar
1778529225.2642741,17,44,0.888627,206.27,99.489,619.143,1,2,compressed_ring_ar
1778529225.8773046,17,45,0.889603,221.48,84.391,576.735,1,2,compressed_ring_ar
1778529226.4873586,17,46,0.927678,225.82,173.514,565.454,1,2,compressed_ring_ar
1778529227.1623108,17,47,0.775829,202.32,123.886,627.828,1,2,compressed_ring_ar
1778529227.761128,17,48,0.719846,225.96,132.279,565.185,1,2,compressed_ring_ar
1778529228.334279,17,49,0.938761,239.95,77.899,530.415,1,2,compressed_ring_ar
1778529228.988958,17,50,0.693367,206.14,88.379,619.528,1,2,compressed_ring_ar
1778529229.6217175,17,51,0.935822,213.35,89.204,598.537,1,2,compressed_ring_ar
1778529230.258453,17,52,0.765694,212.18,90.615,601.951,1,2,compressed_ring_ar
1778529230.8309898,17,53,0.743892,240.84,117.835,530.095,1,2,compressed_ring_ar
1778529231.4721682,17,54,0.814897,210.23,75.113,607.821,1,2,compressed_ring_ar
1778529232.0392249,17,55,0.817742,241.7,152.84,527.144,1,2,compressed_ring_ar
1778529232.7254858,17,56,0.745413,196.82,145.836,645.663,1,2,compressed_ring_ar
1778529233.2569835,17,57,0.815015,256.29,85.982,498.026,1,2,compressed_ring_ar
1778529233.9429605,17,58,0.781753,195.89,139.647,649.425,1,2,compressed_ring_ar
1778529234.479685,17,59,0.78576,254.31,87.444,501.918,1,2,compressed_ring_ar
1778529235.1425633,17,60,0.875187,203.71,121.473,626.983,1,2,compressed_ring_ar
1778529235.782356,17,61,0.737827,213.0,80.728,599.714,1,2,compressed_ring_ar
1778529236.376635,17,62,0.695872,233.79,157.272,545.349,1,2,compressed_ring_ar
1778529237.0435848,17,63,0.898729,202.19,93.213,628.514,1,2,compressed_ring_ar
1778529237.712032,17,64,0.818061,200.83,96.311,636.118,1,2,compressed_ring_ar
1778529238.3994818,17,65,0.857929,195.52,105.52,653.262,1,2,compressed_ring_ar
1778529239.008362,17,66,0.718711,222.18,99.608,575.007,1,2,compressed_ring_ar
1778529239.5845952,17,67,0.904675,240.63,143.023,530.568,1,2,compressed_ring_ar
1778529240.2362082,17,68,0.83114,206.58,95.413,618.224,1,2,compressed_ring_ar
1778529240.8925316,17,69,0.769859,205.18,78.359,621.707,1,2,compressed_ring_ar
1778529241.5853314,17,70,0.728224,193.29,86.738,660.85,1,2,compressed_ring_ar
1778529242.2772713,17,71,0.930099,196.39,131.268,647.102,1,2,compressed_ring_ar
1778529242.8364716,17,72,0.801307,242.6,82.132,526.222,1,2,compressed_ring_ar
1778529243.5029798,17,73,0.77583,201.52,97.224,633.788,1,2,compressed_ring_ar
1778529244.1298456,17,74,0.813212,216.45,77.617,588.315,1,2,compressed_ring_ar
1778529244.8737884,17,75,0.799448,179.66,138.519,707.755,1,2,compressed_ring_ar
1778529245.4410777,17,76,0.713712,238.46,122.553,532.297,1,2,compressed_ring_ar
1778529245.9461591,17,77,0.813405,270.55,77.279,471.884,1,2,compressed_ring_ar
1778529246.5892556,17,78,0.920654,217.15,123.102,588.114,1,2,compressed_ring_ar
1778529247.2209976,17,79,0.805416,213.91,91.215,596.991,1,2,compressed_ring_ar
1778529247.8711674,17,80,0.742307,208.57,85.173,612.323,1,2,compressed_ring_ar
1778529248.4890888,17,81,0.887157,218.46,98.861,584.49,1,2,compressed_ring_ar
1778529249.076907,17,82,0.70206,230.91,130.45,550.124,1,2,compressed_ring_ar
1778529249.7423675,17,83,0.860572,201.53,114.777,633.726,1,2,compressed_ring_ar
1778529250.3779898,17,84,1.027365,212.01,90.478,602.366,1,2,compressed_ring_ar
1778529250.9702594,17,85,1.032505,228.38,106.938,559.184,1,2,compressed_ring_ar
1778529251.565645,17,86,0.789203,233.89,129.63,545.825,1,2,compressed_ring_ar
1778529252.1990829,17,87,0.9747,214.35,90.125,595.742,1,2,compressed_ring_ar
1778529252.839785,17,88,0.713589,210.61,80.595,606.214,1,2,compressed_ring_ar
1778529253.4621089,17,89,0.673741,217.19,136.308,587.592,1,2,compressed_ring_ar
1778529254.1035318,17,90,0.77798,210.08,94.218,607.229,1,2,compressed_ring_ar
1778529254.7654834,17,91,0.906431,203.16,92.145,628.61,1,2,compressed_ring_ar
1778529255.4398136,17,92,0.737524,198.87,128.023,638.879,1,2,compressed_ring_ar
1778529255.9253998,17,93,0.821966,287.79,69.944,443.315,1,2,compressed_ring_ar
1778529256.509304,17,94,0.733834,236.69,164.716,539.45,1,2,compressed_ring_ar
1778529257.159094,17,95,0.814963,207.65,96.853,614.2,1,2,compressed_ring_ar
1778529257.8421094,17,96,0.710057,196.45,129.587,650.244,1,2,compressed_ring_ar
1778529258.3865502,17,97,0.836381,252.32,87.461,505.63,1,2,compressed_ring_ar
1778529259.0108314,17,98,0.891039,215.58,88.663,592.428,1,2,compressed_ring_ar
1778529259.6064405,17,99,0.787505,227.84,87.187,560.144,1,2,compressed_ring_ar
1778529260.2121582,17,100,0.833495,222.79,97.014,573.113,1,2,compressed_ring_ar
1778529260.83524,17,101,0.841751,218.36,105.334,584.792,1,2,compressed_ring_ar
1778529261.5718648,17,102,0.915542,181.22,123.308,701.875,1,2,compressed_ring_ar
1778529262.2082312,17,103,0.835443,213.34,107.541,598.738,1,2,compressed_ring_ar
1778529262.8159173,17,104,0.715008,229.26,175.986,556.551,1,2,compressed_ring_ar
1778529263.4156513,17,105,0.972639,225.88,102.092,562.261,1,2,compressed_ring_ar
1778529264.1239562,17,106,0.78121,190.48,130.25,670.641,1,2,compressed_ring_ar
1778529264.671182,17,107,0.877207,249.37,80.002,512.054,1,2,compressed_ring_ar
1778529265.266333,17,108,0.731393,238.11,110.095,536.129,1,2,compressed_ring_ar
1778529265.8943317,17,109,0.722556,215.56,93.222,592.04,1,2,compressed_ring_ar
1778529266.5151143,17,110,0.805261,218.11,100.553,585.514,1,2,compressed_ring_ar
1778529267.207539,17,111,0.851233,193.61,135.943,659.758,1,2,compressed_ring_ar
1778529267.7910573,17,112,0.798041,232.73,77.198,548.784,1,2,compressed_ring_ar
1778529268.4033434,17,113,0.805883,231.11,160.825,552.796,1,2,compressed_ring_ar
1778529268.9776015,17,114,0.849505,244.34,153.828,522.908,1,2,compressed_ring_ar
1778529269.5441048,17,115,1.053138,243.41,163.775,524.487,1,2,compressed_ring_ar
1778529270.1299791,17,116,0.890193,236.21,153.797,540.682,1,2,compressed_ring_ar
1778529270.7241433,17,117,0.815201,238.13,136.7,535.278,1,2,compressed_ring_ar
1778529271.33388,17,118,0.854739,222.4,155.686,574.256,1,2,compressed_ring_ar
1778529271.9756367,17,119,0.831983,210.18,82.666,605.758,1,2,compressed_ring_ar
1778529272.63094,17,120,0.858522,204.9,84.548,622.295,1,2,compressed_ring_ar
1778529273.2626169,17,121,0.943043,213.08,88.523,599.693,1,2,compressed_ring_ar
1778529273.9081063,17,122,0.866019,213.33,171.423,595.322,1,2,compressed_ring_ar
1778529274.4141083,17,123,0.78408,269.24,78.612,474.04,1,2,compressed_ring_ar
1778529275.0620863,17,124,0.897145,207.76,90.12,614.714,1,2,compressed_ring_ar
1778529275.6983924,17,125,0.906135,211.35,84.237,604.254,1,2,compressed_ring_ar
1778529276.3404975,17,126,0.675584,209.43,112.742,609.906,1,2,compressed_ring_ar
1778529276.9430487,17,127,0.890969,229.12,158.772,557.535,1,2,compressed_ring_ar
1778529277.500348,17,128,0.755332,244.23,73.712,522.917,1,2,compressed_ring_ar
1778529278.120258,17,129,0.757183,226.42,164.88,564.348,1,2,compressed_ring_ar
1778529278.8133917,17,130,0.851725,199.9,196.35,637.968,1,2,compressed_ring_ar
1778529279.5725214,17,131,0.81492,181.25,136.47,701.804,1,2,compressed_ring_ar
1778529280.2900662,17,132,0.975526,187.1,90.728,682.751,1,2,compressed_ring_ar
1778529280.9268262,17,133,0.888586,220.24,120.253,579.941,1,2,compressed_ring_ar
1778529281.6080322,17,134,0.789236,198.38,109.101,644.052,1,2,compressed_ring_ar
1778529282.281536,17,135,0.903551,205.63,161.813,617.807,1,2,compressed_ring_ar
1778529282.758493,17,136,0.757282,289.03,69.22,441.782,1,2,compressed_ring_ar
1778529283.344641,17,137,0.838,237.52,166.314,537.46,1,2,compressed_ring_ar
1778529283.9908817,17,138,0.654836,208.88,95.536,611.773,1,2,compressed_ring_ar
1778529284.5784128,17,139,0.761513,238.14,114.08,536.159,1,2,compressed_ring_ar
1778529285.1958945,17,140,0.657472,218.76,123.378,582.754,1,2,compressed_ring_ar
1778529285.8467362,17,141,0.913523,206.2,101.017,619.362,1,2,compressed_ring_ar
1778529286.4738793,17,142,0.967725,215.48,86.434,592.645,1,2,compressed_ring_ar
1778529287.145074,17,143,0.833691,200.23,104.996,638.198,1,2,compressed_ring_ar
1778529287.7932723,17,144,0.822288,212.29,177.434,601.689,1,2,compressed_ring_ar
1778529288.5555508,17,145,0.879799,184.24,126.109,690.626,1,2,compressed_ring_ar
1778529289.2375984,17,146,0.740546,197.12,137.187,644.866,1,2,compressed_ring_ar
1778529289.8135362,17,147,0.830963,236.53,84.876,538.079,1,2,compressed_ring_ar
1778529290.4871883,17,148,0.698265,200.89,100.592,635.705,1,2,compressed_ring_ar
1778529291.0458744,17,149,0.732845,248.4,146.573,514.265,1,2,compressed_ring_ar
1778529291.650961,17,150,0.881579,231.29,174.366,552.157,1,2,compressed_ring_ar
1778529292.2154276,17,151,0.886554,247.39,100.372,516.269,1,2,compressed_ring_ar
1778529292.891952,17,152,0.747022,206.09,155.057,619.715,1,2,compressed_ring_ar
1778529293.520697,17,153,0.963283,214.32,77.379,595.917,1,2,compressed_ring_ar
1778529294.0853865,17,154,0.724826,244.75,159.691,521.745,1,2,compressed_ring_ar
1778529294.6530128,17,155,0.677675,241.81,152.973,527.868,1,2,compressed_ring_ar
1778529295.251866,17,156,0.760247,230.29,145.145,554.239,1,2,compressed_ring_ar
1778529295.8153646,17,157,0.810531,248.77,156.282,513.355,1,2,compressed_ring_ar
1778529296.3991134,17,158,0.743738,237.93,150.275,536.971,1,2,compressed_ring_ar
1778529296.964531,17,159,0.915593,242.15,152.416,526.528,1,2,compressed_ring_ar
1778529297.6159747,17,160,0.817475,206.12,88.065,617.924,1,2,compressed_ring_ar
1778529298.3032348,17,161,0.768532,194.97,132.465,652.001,1,2,compressed_ring_ar
1778529298.8191316,17,162,0.903692,265.16,84.504,481.323,1,2,compressed_ring_ar
1778529299.4475653,17,163,0.816918,215.22,81.695,593.401,1,2,compressed_ring_ar
1778529300.1985226,17,164,0.902669,177.78,112.714,718.562,1,2,compressed_ring_ar
1778529300.9465337,17,165,0.808862,179.9,144.734,706.645,1,2,compressed_ring_ar
1778529301.4497347,17,166,0.760639,271.75,86.879,466.76,1,2,compressed_ring_ar
1778529302.0744812,17,167,0.891509,215.39,89.0,593.031,1,2,compressed_ring_ar
1778529302.7310274,17,168,0.779042,216.74,159.291,586.504,1,2,compressed_ring_ar
1778529303.2276552,17,169,0.843708,276.14,80.188,462.152,1,2,compressed_ring_ar
1778529303.8557644,17,170,0.935357,215.92,87.677,591.324,1,2,compressed_ring_ar
1778529304.496796,17,171,0.771318,210.67,114.218,606.283,1,2,compressed_ring_ar
1778529305.1640391,17,172,0.897075,202.93,94.503,629.377,1,2,compressed_ring_ar
1778529305.8149002,17,173,0.839978,206.76,86.861,617.649,1,2,compressed_ring_ar
1778529306.4447844,17,174,0.800562,214.33,92.261,595.828,1,2,compressed_ring_ar
1778529307.100965,17,175,0.87272,205.2,104.583,622.594,1,2,compressed_ring_ar
1778529307.6629415,17,176,0.689041,247.53,152.363,515.72,1,2,compressed_ring_ar
1778529308.308461,17,177,0.848582,209.43,94.355,609.94,1,2,compressed_ring_ar
1778529308.9221566,17,178,0.811307,224.88,178.399,566.172,1,2,compressed_ring_ar
1778529309.5680537,17,179,0.819229,208.6,84.052,612.22,1,2,compressed_ring_ar
1778529310.200803,17,180,0.790099,213.05,114.74,597.738,1,2,compressed_ring_ar
1778529310.9321275,17,181,0.713567,182.92,153.698,695.046,1,2,compressed_ring_ar
1778529311.4650867,17,182,0.761588,258.37,86.208,494.072,1,2,compressed_ring_ar
1778529312.126829,17,183,0.910619,203.47,144.29,624.514,1,2,compressed_ring_ar
1778529312.637032,17,184,0.902993,267.72,78.64,476.716,1,2,compressed_ring_ar
1778529313.3192723,17,185,0.786676,199.52,83.561,640.237,1,2,compressed_ring_ar
1778529313.9469426,17,186,0.845313,215.82,103.113,591.733,1,2,compressed_ring_ar
1778529314.6078064,17,187,0.756588,203.78,84.948,626.698,1,2,compressed_ring_ar
1778529315.3234777,17,188,1.014631,187.12,139.269,679.466,1,2,compressed_ring_ar
1778529315.8636954,17,189,0.92432,251.64,80.285,507.28,1,2,compressed_ring_ar
1778529316.6016808,17,190,0.830578,180.64,139.637,704.024,1,2,compressed_ring_ar
1778529317.106637,17,191,0.790564,271.34,89.371,468.575,1,2,compressed_ring_ar
1778529317.8057423,17,192,0.860217,191.78,122.46,662.695,1,2,compressed_ring_ar
1778529318.3282309,17,193,0.831187,260.63,77.33,489.737,1,2,compressed_ring_ar
1778529318.9753342,17,194,0.935619,208.91,94.313,611.352,1,2,compressed_ring_ar
1778529319.4790702,17,195,0.733362,81.42,88.052,489.904,1,2,compressed_ring_ar
1778529326.1029787,18,0,0.806808,176.02,123.897,722.632,1,2,compressed_ring_ar
1778529326.6507907,18,1,0.877473,248.96,75.777,512.784,1,2,compressed_ring_ar
1778529327.3029952,18,2,0.875292,206.4,84.41,616.007,1,2,compressed_ring_ar
1778529327.9719346,18,3,0.832016,201.35,102.603,634.352,1,2,compressed_ring_ar
1778529328.6037698,18,4,0.896628,213.41,96.775,598.675,1,2,compressed_ring_ar
1778529329.1750813,18,5,0.801255,246.27,143.503,518.335,1,2,compressed_ring_ar
1778529329.818323,18,6,0.735642,209.03,96.412,607.901,1,2,compressed_ring_ar
1778529330.4646301,18,7,0.765612,208.49,93.609,612.548,1,2,compressed_ring_ar
1778529331.1286385,18,8,0.980198,203.12,112.227,628.973,1,2,compressed_ring_ar
1778529331.71152,18,9,0.80108,234.4,79.475,544.516,1,2,compressed_ring_ar
1778529332.3772473,18,10,0.99172,201.67,94.006,633.363,1,2,compressed_ring_ar
1778529332.9965682,18,11,0.726998,221.96,80.019,575.385,1,2,compressed_ring_ar
1778529333.653958,18,12,0.781285,204.84,89.256,623.471,1,2,compressed_ring_ar
1778529334.3731654,18,13,0.853275,185.91,115.535,687.112,1,2,compressed_ring_ar
1778529334.9980695,18,14,0.875564,216.14,104.703,590.818,1,2,compressed_ring_ar
1778529335.6433408,18,15,0.649938,208.47,93.471,612.621,1,2,compressed_ring_ar
1778529336.2791085,18,16,0.855483,213.19,93.571,599.0,1,2,compressed_ring_ar
1778529336.9177485,18,17,0.834125,210.65,84.4,606.282,1,2,compressed_ring_ar
1778529337.575348,18,18,0.824792,204.77,112.633,620.837,1,2,compressed_ring_ar
1778529338.2552962,18,19,0.903271,197.2,102.735,647.772,1,2,compressed_ring_ar
1778529338.8941822,18,20,0.769771,210.84,93.764,605.694,1,2,compressed_ring_ar
1778529339.5863938,18,21,0.751313,193.8,133.021,656.504,1,2,compressed_ring_ar
1778529340.1185522,18,22,0.685697,259.76,77.929,488.571,1,2,compressed_ring_ar
1778529340.7586887,18,23,0.77943,210.96,85.649,605.348,1,2,compressed_ring_ar
1778529341.4278007,18,24,0.833368,200.68,103.419,634.764,1,2,compressed_ring_ar
1778529342.1171768,18,25,0.877829,195.55,127.226,653.248,1,2,compressed_ring_ar
1778529342.690827,18,26,0.930698,238.65,92.429,535.076,1,2,compressed_ring_ar
1778529343.4208536,18,27,0.740025,184.87,140.954,687.576,1,2,compressed_ring_ar
1778529343.9494445,18,28,0.789037,257.63,82.525,492.357,1,2,compressed_ring_ar
1778529344.667961,18,29,0.910894,186.09,126.606,683.1,1,2,compressed_ring_ar
1778529345.157188,18,30,0.821964,279.12,74.361,457.787,1,2,compressed_ring_ar
1778529345.7709143,18,31,0.743522,227.09,187.159,562.364,1,2,compressed_ring_ar
1778529346.3521733,18,32,0.832706,232.54,97.459,549.028,1,2,compressed_ring_ar
1778529347.1066384,18,33,0.837564,176.88,136.328,718.944,1,2,compressed_ring_ar
1778529347.6070054,18,34,0.696866,273.26,83.086,467.042,1,2,compressed_ring_ar
1778529348.2595487,18,35,0.797339,205.94,87.769,619.158,1,2,compressed_ring_ar
1778529348.9276204,18,36,0.798945,201.24,87.868,634.964,1,2,compressed_ring_ar
1778529349.5392811,18,37,0.802761,222.62,82.803,573.679,1,2,compressed_ring_ar
1778529350.1864552,18,38,0.75963,207.86,89.813,613.453,1,2,compressed_ring_ar
1778529350.8321853,18,39,0.800741,209.1,90.845,610.022,1,2,compressed_ring_ar
1778529351.5080924,18,40,0.764875,199.14,101.407,641.429,1,2,compressed_ring_ar
1778529352.078196,18,41,0.537399,238.85,75.082,534.826,1,2,compressed_ring_ar
1778529352.6948261,18,42,0.859928,226.95,146.527,561.361,1,2,compressed_ring_ar
1778529353.317164,18,43,0.710858,217.42,120.667,587.342,1,2,compressed_ring_ar
1778529353.9937036,18,44,0.810836,204.87,91.406,621.835,1,2,compressed_ring_ar
1778529354.6731668,18,45,0.868493,200.63,90.138,636.572,1,2,compressed_ring_ar
1778529355.2927673,18,46,0.734206,217.69,83.041,586.683,1,2,compressed_ring_ar
1778529355.9845605,18,47,0.9033,194.98,86.121,655.068,1,2,compressed_ring_ar
1778529356.657438,18,48,0.605563,199.83,93.906,637.686,1,2,compressed_ring_ar
1778529357.3135846,18,49,0.819739,207.78,125.16,614.651,1,2,compressed_ring_ar
1778529358.006409,18,50,0.770523,195.71,99.66,652.705,1,2,compressed_ring_ar
1778529358.6100683,18,51,0.917635,226.81,119.71,563.215,1,2,compressed_ring_ar
1778529359.32014,18,52,0.815418,188.38,104.447,678.801,1,2,compressed_ring_ar
1778529359.9509764,18,53,0.794235,216.82,88.212,589.012,1,2,compressed_ring_ar
1778529360.6045842,18,54,0.916837,206.05,102.684,619.896,1,2,compressed_ring_ar
1778529361.2369049,18,55,0.766315,213.08,76.577,599.301,1,2,compressed_ring_ar
1778529361.868653,18,56,0.755737,217.79,79.261,586.314,1,2,compressed_ring_ar
1778529362.5188572,18,57,0.773644,206.83,101.84,617.456,1,2,compressed_ring_ar
1778529363.1609685,18,58,0.699316,209.81,78.273,608.68,1,2,compressed_ring_ar
1778529363.7945309,18,59,0.744343,212.52,96.636,600.898,1,2,compressed_ring_ar
1778529364.4909115,18,60,0.751554,193.95,103.156,657.782,1,2,compressed_ring_ar
1778529365.1268153,18,61,0.725526,211.63,90.959,603.5,1,2,compressed_ring_ar
1778529365.7403357,18,62,0.910923,219.32,82.768,582.649,1,2,compressed_ring_ar
1778529366.309566,18,63,0.811229,247.77,111.726,515.232,1,2,compressed_ring_ar
1778529366.8788848,18,64,0.726804,247.62,157.791,515.425,1,2,compressed_ring_ar
1778529367.454679,18,65,0.748455,240.71,134.247,530.42,1,2,compressed_ring_ar
1778529368.0260482,18,66,0.875356,240.2,146.971,531.505,1,2,compressed_ring_ar
1778529368.7056694,18,67,0.738446,197.52,86.546,646.819,1,2,compressed_ring_ar
1778529369.2753146,18,68,0.798812,237.89,77.631,534.869,1,2,compressed_ring_ar
1778529369.941824,18,69,0.792247,201.77,96.508,631.119,1,2,compressed_ring_ar
1778529370.6088223,18,70,0.805367,201.3,92.095,634.451,1,2,compressed_ring_ar
1778529371.2727349,18,71,0.808928,202.34,93.852,631.195,1,2,compressed_ring_ar
1778529371.89123,18,72,0.928512,220.09,88.707,580.192,1,2,compressed_ring_ar
1778529372.5646942,18,73,0.84242,201.52,108.239,633.838,1,2,compressed_ring_ar
1778529373.166259,18,74,0.849205,224.67,92.522,568.372,1,2,compressed_ring_ar
1778529373.8017037,18,75,0.902532,212.83,89.223,600.03,1,2,compressed_ring_ar
1778529374.440314,18,76,0.676501,211.89,88.5,602.709,1,2,compressed_ring_ar
1778529375.1331732,18,77,0.820054,193.46,93.141,660.204,1,2,compressed_ring_ar
1778529375.7915885,18,78,0.83363,206.5,85.824,618.577,1,2,compressed_ring_ar
1778529376.382838,18,79,0.754708,231.84,162.929,550.796,1,2,compressed_ring_ar
1778529377.0290208,18,80,0.735835,208.74,92.694,611.833,1,2,compressed_ring_ar
1778529377.6792026,18,81,0.741229,207.09,91.983,615.859,1,2,compressed_ring_ar
1778529378.3343296,18,82,0.793355,207.21,91.371,616.378,1,2,compressed_ring_ar
1778529379.0017362,18,83,0.86229,202.19,119.765,629.934,1,2,compressed_ring_ar
1778529379.6962917,18,84,0.722075,195.96,94.595,652.006,1,2,compressed_ring_ar
1778529380.3113368,18,85,0.683633,224.25,170.816,569.4,1,2,compressed_ring_ar
1778529380.9598856,18,86,0.903798,208.57,87.613,611.439,1,2,compressed_ring_ar
1778529381.6464787,18,87,0.822668,195.58,79.325,653.091,1,2,compressed_ring_ar
1778529382.3191524,18,88,0.885384,199.31,102.8,639.178,1,2,compressed_ring_ar
1778529382.9610388,18,89,0.807017,209.23,91.35,610.345,1,2,compressed_ring_ar
1778529383.6274161,18,90,0.816609,201.48,89.902,631.097,1,2,compressed_ring_ar
1778529384.268019,18,91,0.842827,210.85,89.67,605.67,1,2,compressed_ring_ar
1778529384.9477792,18,92,0.88855,198.61,89.718,641.508,1,2,compressed_ring_ar
1778529385.6123934,18,93,0.70159,202.14,96.68,632.14,1,2,compressed_ring_ar
1778529386.2760112,18,94,0.691215,208.77,141.633,611.563,1,2,compressed_ring_ar
1778529386.9345605,18,95,0.716018,207.36,85.236,615.872,1,2,compressed_ring_ar
1778529387.6059415,18,96,0.709912,199.99,123.693,638.724,1,2,compressed_ring_ar
1778529388.2476368,18,97,0.853563,209.48,76.328,609.627,1,2,compressed_ring_ar
1778529388.8719552,18,98,0.822306,217.93,82.675,585.91,1,2,compressed_ring_ar
1778529389.562503,18,99,0.768696,195.34,127.778,650.452,1,2,compressed_ring_ar
1778529390.112871,18,100,0.859436,246.67,86.518,514.608,1,2,compressed_ring_ar
1778529390.7777317,18,101,0.684649,202.97,99.429,629.231,1,2,compressed_ring_ar
1778529391.4118376,18,102,0.740928,214.41,85.08,593.248,1,2,compressed_ring_ar
1778529392.060517,18,103,0.785817,208.38,94.491,612.976,1,2,compressed_ring_ar
1778529392.7055054,18,104,0.857269,208.53,122.069,612.403,1,2,compressed_ring_ar
1778529393.3373876,18,105,0.688321,214.09,82.922,596.814,1,2,compressed_ring_ar
1778529393.9273572,18,106,0.80926,235.02,121.772,543.213,1,2,compressed_ring_ar
1778529394.5566506,18,107,0.768831,213.73,96.218,598.152,1,2,compressed_ring_ar
1778529395.17493,18,108,0.658319,223.93,139.226,570.171,1,2,compressed_ring_ar
1778529395.8027527,18,109,0.661569,214.97,83.693,592.465,1,2,compressed_ring_ar
1778529396.4886565,18,110,0.772293,195.31,92.373,654.317,1,2,compressed_ring_ar
1778529397.1252565,18,111,0.746853,215.3,84.276,593.425,1,2,compressed_ring_ar
1778529397.7381408,18,112,0.815702,226.71,157.094,563.277,1,2,compressed_ring_ar
1778529398.3769305,18,113,0.645536,211.05,89.136,602.644,1,2,compressed_ring_ar
1778529399.0187054,18,114,0.803571,211.53,91.25,603.763,1,2,compressed_ring_ar
1778529399.5992799,18,115,0.638858,242.8,140.387,524.685,1,2,compressed_ring_ar
1778529400.3064735,18,116,0.756549,193.0,127.703,660.118,1,2,compressed_ring_ar
1778529401.0404506,18,117,0.849172,181.9,128.242,699.1,1,2,compressed_ring_ar
1778529401.5911248,18,118,0.831763,247.38,77.433,514.329,1,2,compressed_ring_ar
1778529402.2754877,18,119,0.883753,197.33,128.075,643.86,1,2,compressed_ring_ar
1778529402.7901087,18,120,0.842775,272.12,70.71,469.139,1,2,compressed_ring_ar
1778529403.3717499,18,121,0.727017,242.97,101.865,525.659,1,2,compressed_ring_ar
1778529404.0116467,18,122,0.755304,217.22,191.571,584.601,1,2,compressed_ring_ar
1778529404.6057134,18,123,0.775407,227.73,119.051,558.088,1,2,compressed_ring_ar
1778529405.126477,18,124,0.90355,280.48,76.968,454.936,1,2,compressed_ring_ar
1778529405.7755616,18,125,0.768576,206.81,93.178,615.719,1,2,compressed_ring_ar
1778529406.4207482,18,126,0.839504,209.29,87.211,607.248,1,2,compressed_ring_ar
1778529407.1470647,18,127,0.714714,184.18,131.441,690.182,1,2,compressed_ring_ar
1778529407.6971283,18,128,0.870355,265.59,90.259,477.515,1,2,compressed_ring_ar
1778529408.5481207,18,129,0.910103,157.58,155.914,807.916,1,2,compressed_ring_ar
1778529409.0680027,18,130,0.944739,261.84,87.734,486.728,1,2,compressed_ring_ar
1778529409.7294357,18,131,0.873539,203.24,92.392,628.401,1,2,compressed_ring_ar
1778529410.3802516,18,132,0.864178,208.46,89.267,612.689,1,2,compressed_ring_ar
1778529411.0578616,18,133,0.812531,200.07,88.524,638.397,1,2,compressed_ring_ar
1778529411.730399,18,134,0.728076,199.72,126.664,639.79,1,2,compressed_ring_ar
1778529412.330558,18,135,0.749974,230.3,133.268,554.633,1,2,compressed_ring_ar
1778529412.9421716,18,136,0.860761,221.54,87.815,574.712,1,2,compressed_ring_ar
1778529413.5816863,18,137,0.708061,210.24,98.452,607.46,1,2,compressed_ring_ar
1778529414.2069693,18,138,0.837042,216.65,85.963,589.569,1,2,compressed_ring_ar
1778529414.8043435,18,139,0.714323,230.85,115.844,553.19,1,2,compressed_ring_ar
1778529415.4092453,18,140,0.867093,226.19,75.133,564.507,1,2,compressed_ring_ar
1778529416.0312274,18,141,0.93659,216.47,115.499,588.67,1,2,compressed_ring_ar
1778529416.7134628,18,142,0.74878,198.61,145.111,639.794,1,2,compressed_ring_ar
1778529417.1961098,18,143,1.014128,286.17,71.591,446.318,1,2,compressed_ring_ar
1778529417.797686,18,144,0.746865,230.34,127.995,552.45,1,2,compressed_ring_ar
1778529418.4893098,18,145,0.833596,194.54,101.679,655.802,1,2,compressed_ring_ar
1778529419.1604776,18,146,0.741031,200.93,120.857,635.627,1,2,compressed_ring_ar
1778529419.8511097,18,147,0.929327,194.04,128.947,654.917,1,2,compressed_ring_ar
1778529420.375909,18,148,0.757339,259.9,77.829,488.136,1,2,compressed_ring_ar
1778529421.0339074,18,149,0.796737,204.4,94.511,624.891,1,2,compressed_ring_ar
1778529421.6370535,18,150,0.759951,226.65,169.388,563.332,1,2,compressed_ring_ar
1778529422.2898393,18,151,0.865623,206.12,87.623,619.566,1,2,compressed_ring_ar
1778529422.9284012,18,152,0.843927,212.56,92.903,599.805,1,2,compressed_ring_ar
1778529423.534613,18,153,0.822795,223.81,118.964,570.608,1,2,compressed_ring_ar
1778529424.1545393,18,154,0.691598,220.4,87.627,579.362,1,2,compressed_ring_ar
1778529424.8075116,18,155,0.736246,206.87,88.9,616.516,1,2,compressed_ring_ar
1778529425.449794,18,156,0.71845,210.21,95.024,608.029,1,2,compressed_ring_ar
1778529426.0645697,18,157,0.659449,223.82,180.844,567.806,1,2,compressed_ring_ar
1778529426.6536036,18,158,0.697893,229.55,119.008,555.921,1,2,compressed_ring_ar
1778529427.2572198,18,159,0.630225,224.65,84.041,568.494,1,2,compressed_ring_ar
1778529427.8710196,18,160,0.829184,226.23,172.369,564.424,1,2,compressed_ring_ar
1778529428.5297124,18,161,0.999673,205.65,110.335,621.039,1,2,compressed_ring_ar
1778529429.2115061,18,162,0.909031,198.76,82.934,642.61,1,2,compressed_ring_ar
1778529429.8657267,18,163,0.773878,205.88,95.41,620.334,1,2,compressed_ring_ar
1778529430.461306,18,164,0.859962,228.43,86.688,559.12,1,2,compressed_ring_ar
1778529431.0539095,18,165,0.99605,233.84,163.622,546.011,1,2,compressed_ring_ar
1778529431.7429311,18,166,0.887502,196.76,115.495,649.186,1,2,compressed_ring_ar
1778529432.4104183,18,167,0.870861,202.93,138.719,626.044,1,2,compressed_ring_ar
1778529432.9861627,18,168,0.716145,234.61,135.842,541.052,1,2,compressed_ring_ar
1778529433.5695224,18,169,0.950048,232.34,142.952,546.01,1,2,compressed_ring_ar
1778529434.145207,18,170,0.89961,234.89,125.711,540.167,1,2,compressed_ring_ar
1778529434.6796587,18,171,0.758737,254.73,80.672,501.209,1,2,compressed_ring_ar
1778529435.3210084,18,172,0.750974,211.77,96.097,603.075,1,2,compressed_ring_ar
1778529435.967398,18,173,0.846896,206.45,94.323,618.613,1,2,compressed_ring_ar
1778529436.5674365,18,174,0.760716,226.56,74.47,563.27,1,2,compressed_ring_ar
1778529437.2159655,18,175,0.762443,207.15,112.249,616.52,1,2,compressed_ring_ar
1778529437.8433905,18,176,0.93098,214.44,91.99,595.529,1,2,compressed_ring_ar
1778529438.4853685,18,177,0.896391,210.86,92.41,604.885,1,2,compressed_ring_ar
1778529439.1525984,18,178,0.826078,201.53,82.063,630.812,1,2,compressed_ring_ar
1778529439.8373928,18,179,0.85039,196.11,94.237,651.311,1,2,compressed_ring_ar
1778529440.4668224,18,180,0.792163,215.94,97.755,591.29,1,2,compressed_ring_ar
1778529441.0754101,18,181,0.87479,225.28,84.963,566.802,1,2,compressed_ring_ar
1778529441.6956172,18,182,0.605961,217.38,108.303,587.465,1,2,compressed_ring_ar
1778529442.3394988,18,183,0.941776,209.4,88.073,608.875,1,2,compressed_ring_ar
1778529443.0125957,18,184,0.963029,199.23,99.549,638.836,1,2,compressed_ring_ar
1778529443.674006,18,185,0.608073,203.79,94.626,626.723,1,2,compressed_ring_ar
1778529444.3250923,18,186,0.770977,207.89,85.3,614.574,1,2,compressed_ring_ar
1778529444.9268029,18,187,0.775741,228.63,132.479,558.755,1,2,compressed_ring_ar
1778529445.5420728,18,188,0.806285,220.97,92.192,577.912,1,2,compressed_ring_ar
1778529446.2490807,18,189,0.919365,192.53,127.042,660.223,1,2,compressed_ring_ar
1778529446.767973,18,190,0.855107,262.52,83.858,486.238,1,2,compressed_ring_ar
1778529447.4573798,18,191,0.836677,194.29,131.767,654.294,1,2,compressed_ring_ar
1778529447.988214,18,192,0.982868,256.89,76.679,496.891,1,2,compressed_ring_ar
1778529448.6315105,18,193,0.665295,209.85,96.613,608.548,1,2,compressed_ring_ar
1778529449.2597337,18,194,0.711512,214.55,95.385,595.107,1,2,compressed_ring_ar
1778529449.7421665,18,195,0.662813,85.14,86.266,468.403,1,2,compressed_ring_ar
1778529456.1526344,19,0,0.744351,201.5,90.655,634.354,1,2,compressed_ring_ar
1778529456.7842364,19,1,0.739017,220.79,137.222,577.729,1,2,compressed_ring_ar
1778529457.4340608,19,2,0.70282,206.97,90.975,615.39,1,2,compressed_ring_ar
1778529458.081398,19,3,0.579286,207.5,89.991,615.453,1,2,compressed_ring_ar
1778529458.6979883,19,4,0.922051,219.06,89.017,582.949,1,2,compressed_ring_ar
1778529459.337919,19,5,0.882805,211.08,96.069,604.225,1,2,compressed_ring_ar
1778529460.0097685,19,6,0.711761,200.29,98.486,637.668,1,2,compressed_ring_ar
1778529460.6712346,19,7,0.759519,204.25,98.219,625.307,1,2,compressed_ring_ar
1778529461.3216524,19,8,0.648781,208.16,72.764,613.699,1,2,compressed_ring_ar
1778529461.9470115,19,9,0.805736,225.7,195.987,562.842,1,2,compressed_ring_ar
1778529462.4828012,19,10,0.947718,253.55,86.631,503.539,1,2,compressed_ring_ar
1778529463.102349,19,11,0.865126,218.4,81.612,584.727,1,2,compressed_ring_ar
1778529463.751484,19,12,0.919263,208.23,89.624,613.378,1,2,compressed_ring_ar
1778529464.3952656,19,13,0.885328,214.44,177.82,595.788,1,2,compressed_ring_ar
1778529464.9725645,19,14,0.720152,239.45,145.991,533.573,1,2,compressed_ring_ar
1778529465.5448852,19,15,0.814118,240.21,137.874,531.616,1,2,compressed_ring_ar
1778529466.1240807,19,16,0.898082,239.67,102.326,533.024,1,2,compressed_ring_ar
1778529466.7274463,19,17,0.911236,228.35,192.467,559.213,1,2,compressed_ring_ar
1778529467.2702327,19,18,0.730493,252.38,81.65,505.909,1,2,compressed_ring_ar
1778529467.934243,19,19,0.825128,206.56,181.122,618.273,1,2,compressed_ring_ar
1778529468.5886579,19,20,0.821255,205.24,89.899,622.242,1,2,compressed_ring_ar
1778529469.204515,19,21,0.688101,219.0,89.778,583.291,1,2,compressed_ring_ar
1778529469.7703664,19,22,0.882516,248.12,144.725,514.713,1,2,compressed_ring_ar
1778529470.3501177,19,23,0.97978,240.51,154.526,530.956,1,2,compressed_ring_ar
1778529470.9023914,19,24,0.735379,252.47,143.135,505.958,1,2,compressed_ring_ar
1778529471.5029361,19,25,0.801032,230.83,159.009,553.295,1,2,compressed_ring_ar
1778529472.1064386,19,26,1.015761,234.07,140.168,543.772,1,2,compressed_ring_ar
1778529472.7622006,19,27,0.731081,206.44,95.205,618.941,1,2,compressed_ring_ar
1778529473.321173,19,28,0.861302,248.2,150.891,514.463,1,2,compressed_ring_ar
1778529473.9134283,19,29,0.886286,235.17,141.521,543.076,1,2,compressed_ring_ar
1778529474.4967096,19,30,0.809063,239.82,121.659,533.095,1,2,compressed_ring_ar
1778529475.0817442,19,31,0.692283,236.49,167.121,540.214,1,2,compressed_ring_ar
1778529475.6338544,19,32,0.659747,254.0,132.247,502.634,1,2,compressed_ring_ar
1778529476.2199764,19,33,0.727978,238.39,159.865,535.838,1,2,compressed_ring_ar
1778529476.7661872,19,34,0.831304,259.25,135.776,492.396,1,2,compressed_ring_ar
1778529477.367514,19,35,0.929396,231.67,177.889,551.456,1,2,compressed_ring_ar
1778529477.9599159,19,36,0.822238,232.17,135.3,549.9,1,2,compressed_ring_ar
1778529478.6253757,19,37,0.850681,202.34,98.936,631.192,1,2,compressed_ring_ar
1778529479.228845,19,38,0.769256,224.57,97.6,568.637,1,2,compressed_ring_ar
1778529479.8068311,19,39,0.804861,241.22,139.541,529.466,1,2,compressed_ring_ar
1778529480.4045515,19,40,0.733802,232.67,126.959,547.914,1,2,compressed_ring_ar
1778529481.061246,19,41,0.760435,204.4,107.377,624.835,1,2,compressed_ring_ar
1778529481.741254,19,42,0.998634,197.87,81.963,642.347,1,2,compressed_ring_ar
1778529482.4455934,19,43,1.040586,190.05,103.645,672.156,1,2,compressed_ring_ar
1778529483.0856898,19,44,0.792114,212.62,90.253,600.631,1,2,compressed_ring_ar
1778529483.6455922,19,45,0.716447,249.73,136.154,511.31,1,2,compressed_ring_ar
1778529484.2315736,19,46,0.712596,236.79,169.611,539.354,1,2,compressed_ring_ar
1778529484.828526,19,47,0.822691,234.07,170.275,545.527,1,2,compressed_ring_ar
1778529485.419258,19,48,0.720957,241.33,143.223,529.115,1,2,compressed_ring_ar
1778529485.9798553,19,49,0.799909,245.69,133.564,519.957,1,2,compressed_ring_ar
1778529486.5794673,19,50,0.79364,229.76,137.977,556.23,1,2,compressed_ring_ar
1778529487.1841183,19,51,0.893436,227.71,112.746,560.738,1,2,compressed_ring_ar
1778529487.8056543,19,52,0.779373,217.48,89.673,587.341,1,2,compressed_ring_ar
1778529488.4398456,19,53,0.869472,216.85,179.364,586.705,1,2,compressed_ring_ar
1778529488.9909267,19,54,0.766974,246.17,79.011,518.629,1,2,compressed_ring_ar
1778529489.6419826,19,55,0.669645,207.43,92.13,615.646,1,2,compressed_ring_ar
1778529490.2548435,19,56,0.969515,220.29,84.219,580.115,1,2,compressed_ring_ar
1778529490.8178353,19,57,0.848629,249.05,135.309,512.609,1,2,compressed_ring_ar
1778529491.4141536,19,58,0.756752,229.84,162.955,555.73,1,2,compressed_ring_ar
1778529492.019547,19,59,0.836537,237.58,156.773,537.579,1,2,compressed_ring_ar
1778529492.6145587,19,60,0.821732,230.29,121.456,554.598,1,2,compressed_ring_ar
1778529493.200193,19,61,0.857728,234.98,155.401,543.507,1,2,compressed_ring_ar
1778529493.8634696,19,62,0.911912,207.81,167.689,614.544,1,2,compressed_ring_ar
1778529494.5502462,19,63,0.865366,195.7,138.944,649.619,1,2,compressed_ring_ar
1778529495.1506088,19,64,0.992068,224.7,113.335,568.386,1,2,compressed_ring_ar
1778529495.76688,19,65,0.832883,219.23,98.291,582.765,1,2,compressed_ring_ar
1778529496.3636856,19,66,0.911577,230.89,127.312,553.251,1,2,compressed_ring_ar
1778529496.9330792,19,67,0.731499,242.44,139.842,526.872,1,2,compressed_ring_ar
1778529497.5304923,19,68,1.028307,234.71,156.432,544.417,1,2,compressed_ring_ar
1778529498.107201,19,69,0.752441,241.05,133.623,529.84,1,2,compressed_ring_ar
1778529498.6978211,19,70,0.730145,235.89,139.327,541.515,1,2,compressed_ring_ar
1778529499.2770975,19,71,0.761964,240.14,136.186,531.727,1,2,compressed_ring_ar
1778529499.8383641,19,72,0.763593,251.97,118.775,506.785,1,2,compressed_ring_ar
1778529500.3934684,19,73,1.021444,252.0,112.922,506.644,1,2,compressed_ring_ar
1778529500.9843056,19,74,0.79675,236.37,142.937,540.16,1,2,compressed_ring_ar
1778529501.7167697,19,75,0.783158,182.36,141.479,700.47,1,2,compressed_ring_ar
1778529502.3592472,19,76,0.879309,209.23,115.304,610.514,1,2,compressed_ring_ar
1778529502.9633572,19,77,0.71356,230.05,112.695,555.147,1,2,compressed_ring_ar
1778529503.6616218,19,78,0.692958,192.17,139.821,661.342,1,2,compressed_ring_ar
1778529504.240511,19,79,0.827587,237.18,125.221,538.536,1,2,compressed_ring_ar
1778529504.8017123,19,80,0.81879,244.16,83.828,522.831,1,2,compressed_ring_ar
1778529505.4779909,19,81,0.793979,198.94,101.12,642.212,1,2,compressed_ring_ar
1778529506.0793664,19,82,0.688149,226.99,79.324,562.506,1,2,compressed_ring_ar
1778529506.7504833,19,83,0.985919,200.56,109.306,636.858,1,2,compressed_ring_ar
1778529507.4664464,19,84,0.756133,187.11,141.156,679.608,1,2,compressed_ring_ar
1778529507.9600496,19,85,0.830476,284.33,79.577,448.702,1,2,compressed_ring_ar
1778529508.667143,19,86,0.800131,189.18,138.2,672.672,1,2,compressed_ring_ar
1778529509.216033,19,87,0.670122,250.76,90.951,509.034,1,2,compressed_ring_ar
1778529509.9268088,19,88,0.735633,188.53,133.784,674.471,1,2,compressed_ring_ar
1778529510.4297392,19,89,0.81506,272.09,77.305,469.054,1,2,compressed_ring_ar
1778529511.0530944,19,90,0.653426,217.08,90.852,588.268,1,2,compressed_ring_ar
1778529511.7421238,19,91,0.807588,194.7,126.245,656.091,1,2,compressed_ring_ar
1778529512.3990011,19,92,0.763282,204.99,138.572,619.577,1,2,compressed_ring_ar
1778529512.9175596,19,93,0.814653,263.35,84.322,481.703,1,2,compressed_ring_ar
1778529513.5836167,19,94,0.891918,201.8,90.478,632.884,1,2,compressed_ring_ar
1778529514.2609985,19,95,0.801551,199.4,118.341,637.3,1,2,compressed_ring_ar
1778529514.8157773,19,96,0.841234,246.39,85.835,518.096,1,2,compressed_ring_ar
1778529515.4923685,19,97,0.834236,202.97,89.163,629.589,1,2,compressed_ring_ar
1778529516.0716496,19,98,0.908139,239.99,157.854,532.287,1,2,compressed_ring_ar
1778529516.6589124,19,99,0.861671,234.11,145.85,545.352,1,2,compressed_ring_ar
1778529517.3201199,19,100,0.804819,203.5,133.77,627.62,1,2,compressed_ring_ar
1778529517.952617,19,101,0.798653,214.27,100.836,596.245,1,2,compressed_ring_ar
1778529518.588846,19,102,0.819774,211.33,132.084,604.653,1,2,compressed_ring_ar
1778529519.188364,19,103,0.984675,232.31,154.638,547.719,1,2,compressed_ring_ar
1778529519.8362966,19,104,0.780666,208.32,91.421,613.151,1,2,compressed_ring_ar
1778529520.4316344,19,105,0.778415,233.76,174.356,546.156,1,2,compressed_ring_ar
1778529521.0325284,19,106,0.824319,232.64,175.053,549.115,1,2,compressed_ring_ar
1778529521.6385846,19,107,0.973347,226.85,190.679,563.145,1,2,compressed_ring_ar
1778529522.2074623,19,108,0.74425,247.11,127.697,516.531,1,2,compressed_ring_ar
1778529522.7955592,19,109,0.794914,235.57,157.317,542.07,1,2,compressed_ring_ar
1778529523.387748,19,110,0.809023,230.51,71.476,554.094,1,2,compressed_ring_ar
1778529523.9526205,19,111,0.829238,245.45,151.06,520.127,1,2,compressed_ring_ar
1778529524.5221717,19,112,0.704879,246.48,130.873,517.917,1,2,compressed_ring_ar
1778529525.111243,19,113,0.766753,235.28,131.569,543.086,1,2,compressed_ring_ar
1778529525.7308073,19,114,0.775577,228.48,170.872,559.344,1,2,compressed_ring_ar
1778529526.3583982,19,115,0.841242,218.98,156.407,583.123,1,2,compressed_ring_ar
1778529526.9720047,19,116,0.856254,222.52,85.183,573.468,1,2,compressed_ring_ar
1778529527.5933144,19,117,0.848828,217.6,105.79,586.859,1,2,compressed_ring_ar
1778529528.2517798,19,118,0.678649,205.69,139.838,620.963,1,2,compressed_ring_ar
1778529529.0246284,19,119,0.938913,181.96,203.276,702.215,1,2,compressed_ring_ar
1778529529.6219544,19,120,0.700731,229.89,156.352,555.582,1,2,compressed_ring_ar
1778529530.2227256,19,121,0.763319,236.59,120.799,539.63,1,2,compressed_ring_ar
1778529530.8909397,19,122,0.767253,201.32,92.771,634.399,1,2,compressed_ring_ar
1778529531.538098,19,123,0.781079,211.85,92.112,603.005,1,2,compressed_ring_ar
1778529532.1798263,19,124,0.670991,211.24,103.176,604.71,1,2,compressed_ring_ar
1778529532.8017118,19,125,0.71309,219.39,78.852,582.07,1,2,compressed_ring_ar
1778529533.444881,19,126,0.768952,209.05,104.923,611.246,1,2,compressed_ring_ar
1778529534.0597482,19,127,0.702402,223.46,125.875,571.428,1,2,compressed_ring_ar
1778529534.7121804,19,128,0.749566,206.27,95.987,619.244,1,2,compressed_ring_ar
1778529535.349357,19,129,0.794955,211.62,100.195,603.428,1,2,compressed_ring_ar
1778529536.0210145,19,130,0.687001,200.36,120.593,637.442,1,2,compressed_ring_ar
1778529536.6739573,19,131,0.869614,207.8,87.957,612.272,1,2,compressed_ring_ar
1778529537.3414717,19,132,0.800268,202.81,98.617,629.774,1,2,compressed_ring_ar
1778529537.9661674,19,133,0.643822,216.88,115.09,589.063,1,2,compressed_ring_ar
1778529538.6339579,19,134,0.797896,207.02,180.195,616.904,1,2,compressed_ring_ar
1778529539.284722,19,135,0.669074,208.24,105.297,610.377,1,2,compressed_ring_ar
1778529539.961047,19,136,0.821412,199.46,88.891,640.343,1,2,compressed_ring_ar
1778529540.6261435,19,137,0.927692,202.18,114.776,628.587,1,2,compressed_ring_ar
1778529541.3711205,19,138,0.806708,180.31,129.909,705.195,1,2,compressed_ring_ar
1778529541.898713,19,139,0.83927,263.43,90.181,483.523,1,2,compressed_ring_ar
1778529542.5323262,19,140,0.813617,212.56,88.324,600.842,1,2,compressed_ring_ar
1778529543.1767662,19,141,0.668559,209.11,100.757,607.502,1,2,compressed_ring_ar
1778529543.7998762,19,142,0.835043,216.27,83.303,590.775,1,2,compressed_ring_ar
1778529544.3372695,19,143,0.807535,256.23,153.186,498.187,1,2,compressed_ring_ar
1778529544.9075992,19,144,0.76142,246.76,133.884,517.483,1,2,compressed_ring_ar
1778529545.46057,19,145,0.748599,253.96,133.645,502.923,1,2,compressed_ring_ar
1778529546.0673118,19,146,0.690542,229.17,146.034,557.277,1,2,compressed_ring_ar
1778529546.6646821,19,147,0.700281,232.44,189.509,549.81,1,2,compressed_ring_ar
1778529547.2623904,19,148,0.851899,234.31,134.683,544.99,1,2,compressed_ring_ar
1778529547.8939362,19,149,0.7944,214.68,101.377,594.918,1,2,compressed_ring_ar
1778529548.4603014,19,150,0.844366,247.48,150.367,515.831,1,2,compressed_ring_ar
1778529549.073726,19,151,0.827678,224.45,155.732,566.343,1,2,compressed_ring_ar
1778529549.595531,19,152,0.746153,261.77,89.004,487.587,1,2,compressed_ring_ar
1778529550.2249076,19,153,0.699643,216.27,87.115,588.868,1,2,compressed_ring_ar
1778529550.926055,19,154,0.739793,191.74,130.312,662.88,1,2,compressed_ring_ar
1778529551.516237,19,155,0.814545,228.92,123.224,554.741,1,2,compressed_ring_ar
1778529552.0344179,19,156,0.915927,265.47,88.221,480.793,1,2,compressed_ring_ar
1778529552.6813936,19,157,0.786866,210.38,92.142,607.117,1,2,compressed_ring_ar
1778529553.3392398,19,158,0.774534,204.33,90.053,625.158,1,2,compressed_ring_ar
1778529554.0654,19,159,0.94307,183.97,128.221,691.246,1,2,compressed_ring_ar
1778529554.7164357,19,160,0.867623,206.5,92.654,618.52,1,2,compressed_ring_ar
1778529555.3962755,19,161,0.803025,197.66,81.696,646.12,1,2,compressed_ring_ar
1778529556.062339,19,162,0.898134,201.3,96.339,634.551,1,2,compressed_ring_ar
1778529556.754137,19,163,0.813997,193.81,91.983,659.064,1,2,compressed_ring_ar
1778529557.4030046,19,164,0.883656,207.29,96.577,616.226,1,2,compressed_ring_ar
1778529558.1671565,19,165,0.745278,175.85,101.743,726.577,1,2,compressed_ring_ar
1778529558.8814986,19,166,0.845703,190.66,94.764,670.101,1,2,compressed_ring_ar
1778529559.610376,19,167,0.842848,185.57,115.187,688.415,1,2,compressed_ring_ar
1778529560.3492239,19,168,0.691262,182.56,106.414,699.771,1,2,compressed_ring_ar
1778529561.0652592,19,169,0.711639,188.47,103.195,678.059,1,2,compressed_ring_ar
1778529561.7882493,19,170,0.857773,185.95,106.106,687.065,1,2,compressed_ring_ar
1778529562.4721296,19,171,0.653192,197.72,103.601,646.243,1,2,compressed_ring_ar
1778529563.1106207,19,172,0.751386,215.97,140.287,591.274,1,2,compressed_ring_ar
1778529563.826983,19,173,0.897457,187.93,148.824,679.862,1,2,compressed_ring_ar
1778529564.51961,19,174,0.773421,196.25,89.213,651.105,1,2,compressed_ring_ar
1778529565.1393375,19,175,0.82382,218.99,97.64,583.101,1,2,compressed_ring_ar
1778529565.819884,19,176,0.841693,199.01,83.594,641.958,1,2,compressed_ring_ar
1778529566.4554136,19,177,0.797175,215.49,84.195,590.676,1,2,compressed_ring_ar
1778529567.1998641,19,178,0.800704,180.69,109.923,703.866,1,2,compressed_ring_ar
1778529567.9038258,19,179,0.728568,196.75,107.951,649.608,1,2,compressed_ring_ar
1778529568.6026957,19,180,0.73785,200.31,200.128,638.352,1,2,compressed_ring_ar
1778529569.3062887,19,181,0.791435,195.68,161.265,652.835,1,2,compressed_ring_ar
1778529569.9647372,19,182,0.7968,205.62,99.244,621.307,1,2,compressed_ring_ar
1778529570.5700593,19,183,0.806535,233.55,157.734,546.938,1,2,compressed_ring_ar
1778529571.2001998,19,184,0.859194,220.91,152.225,574.944,1,2,compressed_ring_ar
1778529571.929141,19,185,0.927495,188.11,112.574,679.112,1,2,compressed_ring_ar
1778529572.5822272,19,186,0.867002,214.05,83.43,596.606,1,2,compressed_ring_ar
1778529573.2807794,19,187,0.826145,192.69,126.557,663.238,1,2,compressed_ring_ar
1778529573.8781126,19,188,0.765016,234.88,143.965,543.627,1,2,compressed_ring_ar
1778529574.507992,19,189,0.718242,223.8,152.101,570.568,1,2,compressed_ring_ar
1778529575.2203746,19,190,0.754574,188.86,101.512,673.239,1,2,compressed_ring_ar
1778529575.8889198,19,191,0.750685,201.89,92.898,632.622,1,2,compressed_ring_ar
1778529576.5895681,19,192,0.771496,192.25,113.336,664.499,1,2,compressed_ring_ar
1778529577.3473065,19,193,0.787659,177.6,140.519,716.236,1,2,compressed_ring_ar
1778529577.8787515,19,194,0.94299,260.78,76.764,489.387,1,2,compressed_ring_ar
1778529578.4117498,19,195,0.63194,77.03,103.937,514.937,1,2,compressed_ring_ar
1778529585.0163105,20,0,0.693309,211.8,107.572,603.304,1,2,compressed_ring_ar
1778529585.6149442,20,1,0.89374,233.85,128.917,544.411,1,2,compressed_ring_ar
1778529586.2661145,20,2,0.856819,205.52,92.76,621.438,1,2,compressed_ring_ar
1778529586.96049,20,3,0.848401,193.13,129.084,658.28,1,2,compressed_ring_ar
1778529587.4882386,20,4,0.904455,259.51,85.27,492.012,1,2,compressed_ring_ar
1778529588.226272,20,5,0.838485,183.47,156.644,696.255,1,2,compressed_ring_ar
1778529588.9110055,20,6,0.745498,198.42,92.999,643.634,1,2,compressed_ring_ar
1778529589.6511254,20,7,0.757572,181.7,131.035,699.983,1,2,compressed_ring_ar
1778529590.2012625,20,8,0.773156,250.72,88.211,509.133,1,2,compressed_ring_ar
1778529590.9173856,20,9,0.981108,187.63,126.863,679.275,1,2,compressed_ring_ar
1778529591.469587,20,10,0.870179,247.83,82.204,515.11,1,2,compressed_ring_ar
1778529592.11566,20,11,0.775886,210.05,109.928,605.249,1,2,compressed_ring_ar
1778529592.7831082,20,12,0.798198,201.83,92.527,631.133,1,2,compressed_ring_ar
1778529593.4415274,20,13,0.778363,204.79,87.343,623.641,1,2,compressed_ring_ar
1778529594.0848646,20,14,0.717926,210.14,90.813,607.723,1,2,compressed_ring_ar
1778529594.777011,20,15,0.847946,195.77,115.738,652.393,1,2,compressed_ring_ar
1778529595.4022079,20,16,0.82452,216.27,81.849,590.425,1,2,compressed_ring_ar
1778529596.0490892,20,17,0.731953,208.01,91.413,614.049,1,2,compressed_ring_ar
1778529596.7058473,20,18,0.871573,205.25,109.316,622.233,1,2,compressed_ring_ar
1778529597.3409367,20,19,0.79072,211.8,88.023,603.219,1,2,compressed_ring_ar
1778529597.9597716,20,20,0.943185,222.81,133.765,571.431,1,2,compressed_ring_ar
1778529598.5957973,20,21,0.691811,212.03,86.111,602.279,1,2,compressed_ring_ar
1778529599.2350602,20,22,0.910897,210.65,91.598,603.131,1,2,compressed_ring_ar
1778529599.879735,20,23,0.677761,208.24,91.145,613.269,1,2,compressed_ring_ar
1778529600.5285733,20,24,0.829368,209.28,92.891,610.321,1,2,compressed_ring_ar
1778529601.2356975,20,25,0.8744,191.3,94.246,667.751,1,2,compressed_ring_ar
1778529601.8988907,20,26,0.809071,203.25,107.986,628.376,1,2,compressed_ring_ar
1778529602.5449975,20,27,0.764361,208.04,88.935,612.534,1,2,compressed_ring_ar
1778529603.218187,20,28,0.84577,199.93,92.532,638.859,1,2,compressed_ring_ar
1778529603.8188426,20,29,0.816702,226.28,82.903,564.351,1,2,compressed_ring_ar
1778529604.3837914,20,30,0.860012,246.64,139.263,518.008,1,2,compressed_ring_ar
1778529604.956192,20,31,0.8895,240.13,138.99,531.78,1,2,compressed_ring_ar
1778529605.5685308,20,32,0.940699,227.95,138.182,559.419,1,2,compressed_ring_ar
1778529606.1692016,20,33,0.759075,225.87,104.702,565.284,1,2,compressed_ring_ar
1778529606.861857,20,34,0.837543,199.1,83.127,641.545,1,2,compressed_ring_ar
1778529607.489303,20,35,0.722187,216.29,89.002,590.423,1,2,compressed_ring_ar
1778529608.2055254,20,36,0.758451,187.13,128.555,679.708,1,2,compressed_ring_ar
1778529608.7526078,20,37,0.774325,250.99,119.737,505.127,1,2,compressed_ring_ar
1778529609.2802331,20,38,0.817311,261.05,80.852,488.935,1,2,compressed_ring_ar
1778529609.90621,20,39,0.913821,217.99,86.171,586.194,1,2,compressed_ring_ar
1778529610.4732172,20,40,0.683022,246.68,146.419,517.851,1,2,compressed_ring_ar
1778529611.0688753,20,41,0.789428,234.03,157.193,545.84,1,2,compressed_ring_ar
1778529611.6998663,20,42,0.803155,220.61,173.426,579.27,1,2,compressed_ring_ar
1778529612.3053625,20,43,0.731086,235.32,155.751,542.868,1,2,compressed_ring_ar
1778529612.9310734,20,44,0.755866,224.66,157.585,568.663,1,2,compressed_ring_ar
1778529613.515343,20,45,0.94186,237.52,142.738,537.658,1,2,compressed_ring_ar
1778529614.11078,20,46,0.860746,231.83,146.946,550.714,1,2,compressed_ring_ar
1778529614.7572074,20,47,0.859089,210.33,89.779,607.176,1,2,compressed_ring_ar
1778529615.4778464,20,48,0.861447,187.36,87.792,681.782,1,2,compressed_ring_ar
1778529616.1801863,20,49,0.799854,193.55,132.209,660.083,1,2,compressed_ring_ar
1778529616.8945963,20,50,0.903695,193.67,89.291,659.492,1,2,compressed_ring_ar
1778529617.522629,20,51,0.929623,215.11,88.712,594.294,1,2,compressed_ring_ar
1778529618.128248,20,52,0.741777,229.25,139.825,556.961,1,2,compressed_ring_ar
1778529618.7304983,20,53,0.711691,232.81,102.686,548.524,1,2,compressed_ring_ar
1778529619.3007731,20,54,0.772379,244.65,115.402,522.224,1,2,compressed_ring_ar
1778529619.862403,20,55,0.603651,250.71,142.055,509.274,1,2,compressed_ring_ar
1778529620.4370973,20,56,0.789063,245.48,152.323,520.193,1,2,compressed_ring_ar
1778529621.0311801,20,57,0.678164,234.27,139.316,544.945,1,2,compressed_ring_ar
1778529621.759624,20,58,0.812971,185.93,141.058,683.802,1,2,compressed_ring_ar
1778529622.2621007,20,59,0.789433,270.78,74.742,471.524,1,2,compressed_ring_ar
1778529622.8314269,20,60,0.881035,247.98,117.567,514.937,1,2,compressed_ring_ar
1778529623.4074945,20,61,0.74603,238.6,134.492,535.236,1,2,compressed_ring_ar
1778529624.0317426,20,62,0.871876,221.93,150.335,575.348,1,2,compressed_ring_ar
1778529624.7098196,20,63,0.875449,197.74,113.139,645.925,1,2,compressed_ring_ar
1778529625.3585718,20,64,0.818433,208.87,91.702,611.414,1,2,compressed_ring_ar
1778529626.0380962,20,65,0.791357,198.63,108.22,642.97,1,2,compressed_ring_ar
1778529626.8426828,20,66,0.770664,175.94,100.491,723.32,1,2,compressed_ring_ar
1778529627.5314105,20,67,0.730265,195.32,87.651,653.946,1,2,compressed_ring_ar
1778529628.227504,20,68,0.953872,194.05,135.865,655.021,1,2,compressed_ring_ar
1778529628.7574744,20,69,0.772557,261.59,82.695,486.998,1,2,compressed_ring_ar
1778529629.466835,20,70,0.99598,188.9,102.728,676.292,1,2,compressed_ring_ar
1778529630.130646,20,71,0.787915,202.63,83.355,630.302,1,2,compressed_ring_ar
1778529630.8160167,20,72,0.784754,195.69,143.779,649.611,1,2,compressed_ring_ar
1778529631.3054454,20,73,0.895228,281.04,75.177,453.444,1,2,compressed_ring_ar
1778529631.929921,20,74,0.704871,215.96,111.782,589.667,1,2,compressed_ring_ar
1778529632.5794778,20,75,0.831535,207.21,98.459,616.454,1,2,compressed_ring_ar
1778529633.207577,20,76,0.829002,229.19,156.122,557.098,1,2,compressed_ring_ar
1778529633.8545835,20,77,0.766786,211.05,104.289,605.301,1,2,compressed_ring_ar
1778529634.441384,20,78,0.762759,233.75,141.932,546.183,1,2,compressed_ring_ar
1778529635.0684795,20,79,0.836086,215.53,84.578,592.591,1,2,compressed_ring_ar
1778529635.6449416,20,80,0.85616,242.16,143.808,527.28,1,2,compressed_ring_ar
1778529636.1973803,20,81,0.750591,252.08,147.101,506.442,1,2,compressed_ring_ar
1778529636.8058474,20,82,0.834002,226.02,152.358,564.884,1,2,compressed_ring_ar
1778529637.4535573,20,83,0.623198,207.62,108.308,615.34,1,2,compressed_ring_ar
1778529638.0262182,20,84,0.607822,239.22,114.248,530.588,1,2,compressed_ring_ar
1778529638.6779385,20,85,0.874118,206.25,91.231,619.236,1,2,compressed_ring_ar
1778529639.310313,20,86,0.831655,213.25,102.54,598.973,1,2,compressed_ring_ar
1778529639.8831906,20,87,0.79411,241.24,136.632,529.324,1,2,compressed_ring_ar
1778529640.4457245,20,88,0.740038,248.22,141.949,514.789,1,2,compressed_ring_ar
1778529641.1092615,20,89,0.682457,206.26,168.193,618.907,1,2,compressed_ring_ar
1778529641.7616215,20,90,0.757849,208.31,106.861,613.349,1,2,compressed_ring_ar
1778529642.3431108,20,91,0.602981,241.08,128.265,529.882,1,2,compressed_ring_ar
1778529642.9647331,20,92,0.936095,220.07,170.094,579.309,1,2,compressed_ring_ar
1778529643.6346002,20,93,0.675189,200.39,104.349,637.465,1,2,compressed_ring_ar
1778529644.2363598,20,94,0.758218,233.09,132.208,547.877,1,2,compressed_ring_ar
1778529644.8325722,20,95,0.83443,236.74,139.733,539.489,1,2,compressed_ring_ar
1778529645.4107924,20,96,0.70969,239.53,159.002,533.202,1,2,compressed_ring_ar
1778529646.0549145,20,97,0.881294,212.77,172.024,600.352,1,2,compressed_ring_ar
1778529646.6751902,20,98,0.827594,217.67,88.312,586.846,1,2,compressed_ring_ar
1778529647.251889,20,99,0.805978,244.48,152.864,522.314,1,2,compressed_ring_ar
1778529647.9112375,20,100,0.786519,211.57,179.688,603.597,1,2,compressed_ring_ar
1778529648.5151005,20,101,0.700446,225.23,100.262,567.09,1,2,compressed_ring_ar
1778529649.1047857,20,102,0.760994,236.13,171.814,541.085,1,2,compressed_ring_ar
1778529649.667654,20,103,0.883458,249.58,156.69,511.485,1,2,compressed_ring_ar
1778529650.2446957,20,104,0.809485,241.55,147.554,528.715,1,2,compressed_ring_ar
1778529650.8127608,20,105,0.732739,240.36,135.178,531.31,1,2,compressed_ring_ar
1778529651.379886,20,106,0.80286,244.55,147.319,522.273,1,2,compressed_ring_ar
1778529652.0458772,20,107,0.696812,205.56,175.836,621.325,1,2,compressed_ring_ar
1778529652.6783,20,108,0.709066,212.82,98.185,600.598,1,2,compressed_ring_ar
1778529653.3232908,20,109,0.850982,214.47,157.036,595.41,1,2,compressed_ring_ar
1778529653.944482,20,110,1.137629,216.83,73.174,589.042,1,2,compressed_ring_ar
1778529654.6224797,20,111,0.889481,201.57,182.586,633.747,1,2,compressed_ring_ar
1778529655.2533686,20,112,0.867437,214.71,84.148,594.874,1,2,compressed_ring_ar
1778529655.8125823,20,113,0.700964,248.18,144.658,514.806,1,2,compressed_ring_ar
1778529656.3796778,20,114,0.960339,245.24,153.101,520.551,1,2,compressed_ring_ar
1778529656.965878,20,115,0.961945,236.3,154.159,540.829,1,2,compressed_ring_ar
1778529657.5633464,20,116,0.8486,234.15,125.698,545.373,1,2,compressed_ring_ar
1778529658.192538,20,117,0.798121,218.33,181.935,585.756,1,2,compressed_ring_ar
1778529658.8587055,20,118,0.734225,210.82,158.168,605.99,1,2,compressed_ring_ar
1778529659.4299412,20,119,0.764287,245.2,133.55,520.707,1,2,compressed_ring_ar
1778529660.093198,20,120,0.990527,208.41,144.253,612.805,1,2,compressed_ring_ar
1778529660.794658,20,121,0.79904,194.37,117.839,657.101,1,2,compressed_ring_ar
1778529661.4265091,20,122,0.703339,213.95,85.26,596.931,1,2,compressed_ring_ar
1778529662.0674522,20,123,0.848146,209.81,108.101,608.805,1,2,compressed_ring_ar
1778529662.6529753,20,124,0.861125,236.18,147.074,540.715,1,2,compressed_ring_ar
1778529663.280206,20,125,0.799007,214.82,110.727,594.628,1,2,compressed_ring_ar
1778529663.833305,20,126,0.790296,250.96,144.79,508.947,1,2,compressed_ring_ar
1778529664.401476,20,127,0.792366,242.1,142.823,527.484,1,2,compressed_ring_ar
1778529665.0461547,20,128,0.82814,211.66,179.049,603.379,1,2,compressed_ring_ar
1778529665.6985505,20,129,0.75179,209.07,112.648,610.912,1,2,compressed_ring_ar
1778529666.2710085,20,130,0.803699,245.48,151.533,520.238,1,2,compressed_ring_ar
1778529666.8510501,20,131,0.732609,237.26,166.808,537.248,1,2,compressed_ring_ar
1778529667.4814887,20,132,0.857691,213.65,89.218,597.784,1,2,compressed_ring_ar
1778529668.139265,20,133,0.828111,204.07,89.597,625.83,1,2,compressed_ring_ar
1778529668.7630782,20,134,0.748174,216.21,81.946,588.954,1,2,compressed_ring_ar
1778529669.4308994,20,135,0.775604,201.39,80.565,633.5,1,2,compressed_ring_ar
1778529670.0265243,20,136,0.859428,227.1,103.524,560.464,1,2,compressed_ring_ar
1778529670.6808,20,137,0.828032,207.15,88.5,616.529,1,2,compressed_ring_ar
1778529671.332095,20,138,0.751107,206.91,91.086,615.478,1,2,compressed_ring_ar
1778529671.9921947,20,139,0.695282,203.65,83.72,627.133,1,2,compressed_ring_ar
1778529672.6260521,20,140,0.803567,212.78,97.778,600.14,1,2,compressed_ring_ar
1778529673.2638822,20,141,0.685851,212.47,95.699,600.39,1,2,compressed_ring_ar
1778529673.931958,20,142,0.690467,200.98,94.774,635.489,1,2,compressed_ring_ar
1778529674.559014,20,143,0.728168,214.7,83.402,594.757,1,2,compressed_ring_ar
1778529675.1645124,20,144,0.833606,224.01,77.137,570.146,1,2,compressed_ring_ar
1778529675.7643557,20,145,0.845467,231.35,147.797,552.107,1,2,compressed_ring_ar
1778529676.3721435,20,146,0.655593,231.93,168.229,550.703,1,2,compressed_ring_ar
1778529676.954525,20,147,0.793686,242.08,154.386,527.489,1,2,compressed_ring_ar
1778529677.5869272,20,148,0.618621,219.03,134.403,582.009,1,2,compressed_ring_ar
1778529678.2751517,20,149,0.839894,194.69,94.664,656.119,1,2,compressed_ring_ar
1778529678.857941,20,150,0.873053,236.33,85.798,540.316,1,2,compressed_ring_ar
1778529679.515335,20,151,0.672038,205.12,98.524,622.614,1,2,compressed_ring_ar
1778529680.1624582,20,152,0.847662,209.91,85.1,607.372,1,2,compressed_ring_ar
1778529680.8794208,20,153,0.736486,186.49,118.547,685.302,1,2,compressed_ring_ar
1778529681.4912748,20,154,0.79196,220.73,89.517,576.561,1,2,compressed_ring_ar
1778529682.1344585,20,155,0.816764,210.36,87.658,607.12,1,2,compressed_ring_ar
1778529682.7769048,20,156,0.884089,209.92,112.928,608.319,1,2,compressed_ring_ar
1778529683.4266145,20,157,0.847236,208.77,90.222,611.789,1,2,compressed_ring_ar
1778529684.0872672,20,158,0.771552,206.07,91.218,619.793,1,2,compressed_ring_ar
1778529684.7690682,20,159,0.839949,197.25,89.164,647.601,1,2,compressed_ring_ar
1778529685.3701534,20,160,1.027767,226.15,88.959,564.606,1,2,compressed_ring_ar
1778529686.0362616,20,161,0.705653,206.9,191.617,617.172,1,2,compressed_ring_ar
1778529686.7149885,20,162,0.867612,198.21,103.838,645.038,1,2,compressed_ring_ar
1778529687.3587723,20,163,0.808638,217.43,180.449,587.659,1,2,compressed_ring_ar
1778529687.9966183,20,164,0.937488,220.87,138.132,578.192,1,2,compressed_ring_ar
1778529688.7069943,20,165,0.720355,189.39,130.641,671.356,1,2,compressed_ring_ar
1778529689.2067022,20,166,0.800347,274.44,85.929,465.157,1,2,compressed_ring_ar
1778529689.8248029,20,167,0.840347,227.11,149.089,562.794,1,2,compressed_ring_ar
1778529690.3971949,20,168,0.915541,246.7,116.556,517.505,1,2,compressed_ring_ar
1778529690.9767628,20,169,0.85756,239.87,166.739,532.52,1,2,compressed_ring_ar
1778529691.5605435,20,170,0.703901,236.66,139.22,539.481,1,2,compressed_ring_ar
1778529692.1939232,20,171,0.773499,213.97,93.161,596.794,1,2,compressed_ring_ar
1778529692.8419325,20,172,0.845531,208.07,125.489,613.872,1,2,compressed_ring_ar
1778529693.392783,20,173,0.783931,251.46,85.605,507.712,1,2,compressed_ring_ar
1778529694.0725121,20,174,0.816114,198.16,126.611,644.643,1,2,compressed_ring_ar
1778529694.7085402,20,175,0.850174,212.21,125.287,598.792,1,2,compressed_ring_ar
1778529695.245913,20,176,0.735498,252.9,85.397,501.603,1,2,compressed_ring_ar
1778529695.9138017,20,177,0.855725,201.29,89.63,634.506,1,2,compressed_ring_ar
1778529696.5481052,20,178,0.8999,212.92,86.944,599.746,1,2,compressed_ring_ar
1778529697.2472203,20,179,0.852843,191.98,140.575,665.612,1,2,compressed_ring_ar
1778529697.926573,20,180,0.724431,212.19,170.439,601.907,1,2,compressed_ring_ar
1778529698.5390825,20,181,0.722106,230.06,132.11,554.108,1,2,compressed_ring_ar
1778529699.2020774,20,182,0.635683,202.66,94.144,630.167,1,2,compressed_ring_ar
1778529699.8404222,20,183,0.761858,211.75,78.174,603.016,1,2,compressed_ring_ar
1778529700.5198805,20,184,0.686167,198.81,87.558,641.609,1,2,compressed_ring_ar
1778529701.1285114,20,185,0.654846,221.39,83.381,577.093,1,2,compressed_ring_ar
1778529701.7162037,20,186,0.691706,232.81,156.157,548.516,1,2,compressed_ring_ar
1778529702.2801201,20,187,0.665851,244.3,158.586,522.78,1,2,compressed_ring_ar
1778529702.8644414,20,188,0.948223,236.58,153.301,539.866,1,2,compressed_ring_ar
1778529703.4926002,20,189,0.787126,216.6,114.304,589.755,1,2,compressed_ring_ar
1778529704.0970385,20,190,0.719236,228.02,186.455,560.133,1,2,compressed_ring_ar
1778529704.6679537,20,191,0.844943,247.55,149.903,515.785,1,2,compressed_ring_ar
1778529705.2469985,20,192,0.754697,240.71,168.986,530.655,1,2,compressed_ring_ar
1778529705.8074536,20,193,0.794523,247.46,150.308,516.024,1,2,compressed_ring_ar
1778529706.381897,20,194,0.74113,240.3,146.983,530.454,1,2,compressed_ring_ar
1778529706.8770711,20,195,0.657776,82.69,94.738,479.056,1,2,compressed_ring_ar
