timestamp,epoch,iteration,loss,throughput_samp_s,comm_latency_ms,iter_time_ms,rank,world_size,arch
1778527137.90236,1,0,2.413604,133.51,105.277,958.328,0,2,compressed_ring_ar
1778527138.793651,1,1,2.327782,149.82,102.539,853.605,0,2,compressed_ring_ar
1778527139.5572639,1,2,2.282676,175.0,107.221,730.378,0,2,compressed_ring_ar
1778527140.1975143,1,3,2.34283,215.59,104.301,590.595,0,2,compressed_ring_ar
1778527140.9310365,1,4,2.31549,182.27,127.014,701.042,0,2,compressed_ring_ar
1778527141.6705976,1,5,2.319249,186.56,109.219,684.888,0,2,compressed_ring_ar
1778527142.379955,1,6,2.273597,194.32,132.742,657.307,0,2,compressed_ring_ar
1778527143.0895796,1,7,2.288578,189.81,111.04,672.117,0,2,compressed_ring_ar
1778527143.7763617,1,8,2.238243,196.62,105.336,649.628,0,2,compressed_ring_ar
1778527144.4925559,1,9,2.248984,187.51,113.125,681.322,0,2,compressed_ring_ar
1778527145.247819,1,10,2.256221,176.9,117.444,722.152,0,2,compressed_ring_ar
1778527145.9554965,1,11,2.139074,191.03,105.063,668.659,0,2,compressed_ring_ar
1778527146.6621408,1,12,2.108266,193.39,126.99,660.505,0,2,compressed_ring_ar
1778527147.375495,1,13,2.163049,189.0,100.43,675.826,0,2,compressed_ring_ar
1778527148.0432634,1,14,2.169955,201.37,102.769,634.195,0,2,compressed_ring_ar
1778527148.7130473,1,15,2.208977,200.89,117.49,632.687,0,2,compressed_ring_ar
1778527149.330805,1,16,2.169742,218.48,129.558,581.359,0,2,compressed_ring_ar
1778527149.9446404,1,17,2.187046,219.86,105.028,580.759,0,2,compressed_ring_ar
1778527150.590172,1,18,2.087426,209.68,105.167,607.391,0,2,compressed_ring_ar
1778527151.3151782,1,19,2.116767,184.37,106.495,691.791,0,2,compressed_ring_ar
1778527151.9784157,1,20,2.192612,203.26,166.746,628.344,0,2,compressed_ring_ar
1778527152.7093568,1,21,2.095318,183.52,127.019,693.093,0,2,compressed_ring_ar
1778527153.4736812,1,22,2.121022,179.71,120.592,710.914,0,2,compressed_ring_ar
1778527154.243541,1,23,1.99577,173.39,188.341,736.997,0,2,compressed_ring_ar
1778527155.1887093,1,24,1.957818,143.55,120.395,890.391,0,2,compressed_ring_ar
1778527155.9157734,1,25,2.143743,184.75,116.669,688.571,0,2,compressed_ring_ar
1778527156.6171527,1,26,2.039034,192.23,110.722,662.91,0,2,compressed_ring_ar
1778527157.24922,1,27,2.01979,213.38,86.465,598.806,0,2,compressed_ring_ar
1778527157.9511886,1,28,2.045674,198.06,133.472,644.997,0,2,compressed_ring_ar
1778527158.6440492,1,29,2.117907,194.9,111.296,655.346,0,2,compressed_ring_ar
1778527159.3571906,1,30,1.987221,187.8,141.024,680.299,0,2,compressed_ring_ar
1778527160.1176589,1,31,2.091712,176.0,159.287,722.388,0,2,compressed_ring_ar
1778527160.712065,1,32,2.049274,230.64,120.634,550.233,0,2,compressed_ring_ar
1778527161.282493,1,33,1.980327,237.78,108.536,536.884,0,2,compressed_ring_ar
1778527161.9903965,1,34,2.070978,190.56,103.902,670.483,0,2,compressed_ring_ar
1778527162.6730757,1,35,1.932595,197.55,151.375,646.881,0,2,compressed_ring_ar
1778527163.4201872,1,36,1.943817,178.97,130.111,713.797,0,2,compressed_ring_ar
1778527164.1518428,1,37,2.025924,186.1,121.837,686.474,0,2,compressed_ring_ar
1778527164.8539937,1,38,1.982653,192.2,108.606,662.249,0,2,compressed_ring_ar
1778527165.5485184,1,39,2.025292,194.97,115.876,654.262,0,2,compressed_ring_ar
1778527166.2940702,1,40,1.926494,179.22,128.098,712.88,0,2,compressed_ring_ar
1778527166.9156933,1,41,1.804599,218.75,118.057,581.433,0,2,compressed_ring_ar
1778527167.4938369,1,42,1.944726,235.61,116.731,538.795,0,2,compressed_ring_ar
1778527168.1120644,1,43,2.030208,219.01,106.769,582.68,0,2,compressed_ring_ar
1778527168.7731192,1,44,1.921755,204.47,122.072,624.606,0,2,compressed_ring_ar
1778527169.4660563,1,45,1.957948,193.7,121.95,659.462,0,2,compressed_ring_ar
1778527170.1690426,1,46,1.764451,191.51,117.035,667.001,0,2,compressed_ring_ar
1778527170.8676434,1,47,1.691957,192.05,124.127,661.976,0,2,compressed_ring_ar
1778527171.6281922,1,48,1.858496,175.63,117.427,727.348,0,2,compressed_ring_ar
1778527172.3483567,1,49,1.814763,187.2,105.77,682.405,0,2,compressed_ring_ar
1778527173.032418,1,50,1.857314,196.37,118.863,650.451,0,2,compressed_ring_ar
1778527173.7281566,1,51,1.736844,194.54,120.628,656.556,0,2,compressed_ring_ar
1778527174.4644902,1,52,1.826864,184.17,115.218,693.595,0,2,compressed_ring_ar
1778527175.178343,1,53,1.845574,187.93,119.792,679.74,0,2,compressed_ring_ar
1778527175.9019592,1,54,2.048522,186.27,120.128,684.095,0,2,compressed_ring_ar
1778527176.6034207,1,55,1.869662,191.87,111.674,662.677,0,2,compressed_ring_ar
1778527177.4060955,1,56,1.810454,166.38,115.063,768.106,0,2,compressed_ring_ar
1778527178.1585803,1,57,1.897294,180.11,127.125,709.188,0,2,compressed_ring_ar
1778527178.865574,1,58,1.964901,190.54,115.702,670.479,0,2,compressed_ring_ar
1778527179.5983207,1,59,1.734721,182.54,124.154,699.936,0,2,compressed_ring_ar
1778527180.3299508,1,60,1.843228,188.06,134.031,679.29,0,2,compressed_ring_ar
1778527181.0535696,1,61,1.842665,184.97,113.025,690.628,0,2,compressed_ring_ar
1778527181.768015,1,62,1.726321,190.91,115.848,669.176,0,2,compressed_ring_ar
1778527182.5397863,1,63,1.717593,174.35,109.091,731.88,0,2,compressed_ring_ar
1778527183.2672827,1,64,1.818859,184.77,115.876,690.641,0,2,compressed_ring_ar
1778527183.9187195,1,65,1.696662,206.2,137.959,619.341,0,2,compressed_ring_ar
1778527184.690374,1,66,1.840877,172.92,144.529,738.77,0,2,compressed_ring_ar
1778527185.3724093,1,67,1.783437,202.43,103.187,630.836,0,2,compressed_ring_ar
1778527186.0600317,1,68,1.776947,194.62,137.23,656.289,0,2,compressed_ring_ar
1778527186.7490034,1,69,1.87404,195.25,110.842,654.306,0,2,compressed_ring_ar
1778527187.4185126,1,70,1.859073,200.66,118.109,636.491,0,2,compressed_ring_ar
1778527188.0854404,1,71,1.651757,202.52,107.395,629.858,0,2,compressed_ring_ar
1778527188.7940528,1,72,1.757705,189.66,120.064,673.48,0,2,compressed_ring_ar
1778527189.5169756,1,73,1.928833,185.64,123.486,686.232,0,2,compressed_ring_ar
1778527190.2599082,1,74,1.917062,181.21,120.118,704.995,0,2,compressed_ring_ar
1778527191.0116036,1,75,1.862448,177.93,111.176,717.993,0,2,compressed_ring_ar
1778527191.7197168,1,76,1.876266,190.8,113.282,669.553,0,2,compressed_ring_ar
1778527192.3422496,1,77,1.647845,224.49,112.615,568.751,0,2,compressed_ring_ar
1778527193.0906086,1,78,1.720351,179.21,123.562,712.938,0,2,compressed_ring_ar
1778527193.8399646,1,79,1.737119,185.19,125.196,689.774,0,2,compressed_ring_ar
1778527194.5363824,1,80,1.829153,195.54,125.071,650.119,0,2,compressed_ring_ar
1778527195.178624,1,81,1.801723,209.84,118.056,608.713,0,2,compressed_ring_ar
1778527195.8413775,1,82,1.656609,206.43,109.972,618.626,0,2,compressed_ring_ar
1778527196.583145,1,83,1.683891,180.32,110.992,705.273,0,2,compressed_ring_ar
1778527197.2969303,1,84,1.779325,187.42,127.742,681.75,0,2,compressed_ring_ar
1778527197.914552,1,85,1.770201,219.49,119.582,579.296,0,2,compressed_ring_ar
1778527198.5229092,1,86,1.764516,222.27,120.921,571.347,0,2,compressed_ring_ar
1778527199.1201274,1,87,1.675936,227.15,119.577,558.859,0,2,compressed_ring_ar
1778527199.7220685,1,88,1.819926,226.45,107.534,563.817,0,2,compressed_ring_ar
1778527200.4420955,1,89,1.66041,187.39,128.233,681.834,0,2,compressed_ring_ar
1778527201.0944989,1,90,1.636506,206.92,107.969,617.23,0,2,compressed_ring_ar
1778527201.775467,1,91,1.670685,200.62,132.887,633.365,0,2,compressed_ring_ar
1778527202.3680086,1,92,1.606107,229.28,127.336,553.177,0,2,compressed_ring_ar
1778527202.9704354,1,93,1.641479,224.66,103.842,568.552,0,2,compressed_ring_ar
1778527203.619784,1,94,1.651501,207.97,121.542,610.602,0,2,compressed_ring_ar
1778527204.1953208,1,95,1.671041,235.89,103.07,541.328,0,2,compressed_ring_ar
1778527204.8612132,1,96,1.602329,202.8,110.09,629.697,0,2,compressed_ring_ar
1778527205.566959,1,97,1.854966,189.83,122.781,672.899,0,2,compressed_ring_ar
1778527206.29575,1,98,1.607974,183.72,137.081,695.397,0,2,compressed_ring_ar
1778527207.0219495,1,99,1.67031,188.79,145.212,676.746,0,2,compressed_ring_ar
1778527207.7395823,1,100,1.627117,187.01,124.259,683.205,0,2,compressed_ring_ar
1778527208.4442217,1,101,1.779975,191.42,118.039,667.369,0,2,compressed_ring_ar
1778527209.2162867,1,102,1.754679,174.33,123.174,732.857,0,2,compressed_ring_ar
1778527209.9845836,1,103,1.69653,174.37,113.06,731.791,0,2,compressed_ring_ar
1778527210.6768816,1,104,1.556207,196.0,112.608,651.705,0,2,compressed_ring_ar
1778527211.3960962,1,105,1.744511,186.85,123.04,683.641,0,2,compressed_ring_ar
1778527212.1303566,1,106,1.599585,182.09,122.431,701.602,0,2,compressed_ring_ar
1778527212.771505,1,107,1.824928,210.95,108.56,605.412,0,2,compressed_ring_ar
1778527213.4789832,1,108,1.716357,190.05,116.203,672.111,0,2,compressed_ring_ar
1778527214.1587222,1,109,1.523609,197.6,104.895,646.365,0,2,compressed_ring_ar
1778527214.8529792,1,110,1.534365,193.8,120.992,659.058,0,2,compressed_ring_ar
1778527215.5334325,1,111,1.519565,197.16,114.854,646.113,0,2,compressed_ring_ar
1778527216.252207,1,112,1.65128,185.96,122.101,686.88,0,2,compressed_ring_ar
1778527217.0110943,1,113,1.650649,176.04,129.344,725.793,0,2,compressed_ring_ar
1778527217.677369,1,114,1.645165,204.35,104.8,624.978,0,2,compressed_ring_ar
1778527218.3777544,1,115,1.595977,191.32,124.875,667.447,0,2,compressed_ring_ar
1778527219.0742373,1,116,1.596117,193.6,113.603,659.792,0,2,compressed_ring_ar
1778527219.7795582,1,117,1.551557,189.8,139.584,672.99,0,2,compressed_ring_ar
1778527220.4351273,1,118,1.588534,205.52,128.189,621.435,0,2,compressed_ring_ar
1778527221.1808043,1,119,1.635063,179.53,105.938,711.555,0,2,compressed_ring_ar
1778527221.8865507,1,120,1.636163,190.44,111.139,670.043,0,2,compressed_ring_ar
1778527222.506181,1,121,1.715204,217.78,73.302,586.47,0,2,compressed_ring_ar
1778527223.170592,1,122,1.634802,209.41,142.809,609.832,0,2,compressed_ring_ar
1778527223.8679347,1,123,1.477531,192.37,115.982,663.933,0,2,compressed_ring_ar
1778527224.5576358,1,124,1.485277,195.36,127.438,650.402,0,2,compressed_ring_ar
1778527225.1347692,1,125,1.56285,234.8,103.898,543.877,0,2,compressed_ring_ar
1778527225.808362,1,126,1.762704,201.16,119.802,634.894,0,2,compressed_ring_ar
1778527226.496167,1,127,1.514304,195.13,126.511,654.557,0,2,compressed_ring_ar
1778527227.2066631,1,128,1.584026,188.49,104.361,677.686,0,2,compressed_ring_ar
1778527227.9480662,1,129,1.44396,181.0,127.524,705.831,0,2,compressed_ring_ar
1778527228.5639799,1,130,1.764281,220.16,128.293,576.845,0,2,compressed_ring_ar
1778527229.1418014,1,131,1.699629,235.19,123.095,539.327,0,2,compressed_ring_ar
1778527229.7216687,1,132,1.497201,233.15,123.171,547.728,0,2,compressed_ring_ar
1778527230.3957658,1,133,1.645434,203.2,110.99,628.548,0,2,compressed_ring_ar
1778527231.109956,1,134,1.613603,187.6,148.429,680.876,0,2,compressed_ring_ar
1778527231.810941,1,135,1.571726,191.09,113.011,665.469,0,2,compressed_ring_ar
1778527232.5137448,1,136,1.581515,190.6,118.63,670.345,0,2,compressed_ring_ar
1778527233.215556,1,137,1.506621,190.84,116.974,669.403,0,2,compressed_ring_ar
1778527233.944184,1,138,1.572598,187.56,137.335,677.898,0,2,compressed_ring_ar
1778527234.5216773,1,139,1.5382,234.85,136.739,540.371,0,2,compressed_ring_ar
1778527235.083936,1,140,1.54609,241.31,128.256,525.964,0,2,compressed_ring_ar
1778527235.6636322,1,141,1.608655,233.49,129.269,543.736,0,2,compressed_ring_ar
1778527236.1978083,1,142,1.469328,254.56,119.327,498.146,0,2,compressed_ring_ar
1778527236.7907767,1,143,1.595815,228.37,99.725,559.087,0,2,compressed_ring_ar
1778527237.4995341,1,144,1.572509,189.87,133.338,672.726,0,2,compressed_ring_ar
1778527238.2556083,1,145,1.622693,178.6,141.966,715.347,0,2,compressed_ring_ar
1778527238.9518,1,146,1.526267,197.46,114.692,646.802,0,2,compressed_ring_ar
1778527239.6579847,1,147,1.381606,190.47,108.736,669.785,0,2,compressed_ring_ar
1778527240.376259,1,148,1.707286,188.54,123.351,674.362,0,2,compressed_ring_ar
1778527241.0710762,1,149,1.508471,193.97,101.567,658.469,0,2,compressed_ring_ar
1778527241.810662,1,150,1.554881,180.77,111.775,703.844,0,2,compressed_ring_ar
1778527242.5011175,1,151,1.589798,194.71,114.141,656.062,0,2,compressed_ring_ar
1778527243.1987329,1,152,1.68955,194.37,113.244,657.167,0,2,compressed_ring_ar
1778527243.8798308,1,153,1.7613,198.03,109.47,645.009,0,2,compressed_ring_ar
1778527244.5759258,1,154,1.515446,193.13,120.355,661.434,0,2,compressed_ring_ar
1778527245.3035314,1,155,1.470798,184.65,111.236,691.768,0,2,compressed_ring_ar
1778527246.0121155,1,156,1.512137,188.99,121.335,676.011,0,2,compressed_ring_ar
1778527246.7123594,1,157,1.410865,191.55,119.294,667.016,0,2,compressed_ring_ar
1778527247.4099262,1,158,1.606971,192.12,108.71,664.926,0,2,compressed_ring_ar
1778527248.0728219,1,159,1.472414,203.85,102.173,626.539,0,2,compressed_ring_ar
1778527248.7901762,1,160,1.411549,187.04,117.684,682.943,0,2,compressed_ring_ar
1778527249.5224514,1,161,1.282954,184.64,125.036,691.842,0,2,compressed_ring_ar
1778527250.2280757,1,162,1.502217,190.22,141.555,671.477,0,2,compressed_ring_ar
1778527250.9271326,1,163,1.567651,191.9,119.357,665.632,0,2,compressed_ring_ar
1778527251.6230488,1,164,1.475119,193.74,117.583,659.303,0,2,compressed_ring_ar
1778527252.3312664,1,165,1.525079,191.36,114.153,667.496,0,2,compressed_ring_ar
1778527253.0268395,1,166,1.470498,192.98,118.58,661.925,0,2,compressed_ring_ar
1778527253.7570517,1,167,1.421837,183.18,115.868,697.425,0,2,compressed_ring_ar
1778527254.4493718,1,168,1.55523,194.02,111.12,658.34,0,2,compressed_ring_ar
1778527255.1403344,1,169,1.497258,195.99,106.889,651.775,0,2,compressed_ring_ar
1778527255.761782,1,170,1.659378,218.87,102.188,583.414,0,2,compressed_ring_ar
1778527256.442956,1,171,1.59955,197.0,115.089,648.377,0,2,compressed_ring_ar
1778527257.121764,1,172,1.660936,198.11,139.594,644.808,0,2,compressed_ring_ar
1778527257.8182886,1,173,1.656537,192.88,107.897,662.187,0,2,compressed_ring_ar
1778527258.505102,1,174,1.368359,195.32,121.024,653.967,0,2,compressed_ring_ar
1778527259.1854672,1,175,1.506485,197.86,117.055,645.535,0,2,compressed_ring_ar
1778527259.979967,1,176,1.530676,167.67,157.89,762.012,0,2,compressed_ring_ar
1778527260.6708567,1,177,1.54307,195.68,123.761,652.676,0,2,compressed_ring_ar
1778527261.381391,1,178,1.512385,188.53,118.8,677.625,0,2,compressed_ring_ar
1778527262.0532568,1,179,1.484037,199.83,83.54,639.264,0,2,compressed_ring_ar
1778527262.7027113,1,180,1.489131,212.48,169.356,599.096,0,2,compressed_ring_ar
1778527263.4070232,1,181,1.549931,190.12,126.141,671.889,0,2,compressed_ring_ar
1778527264.1063092,1,182,1.383899,193.3,102.589,660.773,0,2,compressed_ring_ar
1778527264.7983065,1,183,1.515378,193.65,104.58,659.622,0,2,compressed_ring_ar
1778527265.4877577,1,184,1.486542,195.11,179.257,654.658,0,2,compressed_ring_ar
1778527266.2319088,1,185,1.360854,180.11,106.524,706.369,0,2,compressed_ring_ar
1778527266.9422462,1,186,1.628026,188.41,112.207,677.959,0,2,compressed_ring_ar
1778527267.6371243,1,187,1.726215,192.87,133.026,662.301,0,2,compressed_ring_ar
1778527268.3351245,1,188,1.413908,193.14,109.871,661.313,0,2,compressed_ring_ar
1778527269.0173748,1,189,1.628644,196.58,119.843,649.73,0,2,compressed_ring_ar
1778527269.7511132,1,190,1.553262,183.01,118.083,698.061,0,2,compressed_ring_ar
1778527270.503478,1,191,1.485253,180.73,121.348,705.229,0,2,compressed_ring_ar
1778527271.138449,1,192,1.549536,213.09,90.715,599.29,0,2,compressed_ring_ar
1778527271.8179955,1,193,1.429762,203.44,127.601,627.782,0,2,compressed_ring_ar
1778527272.5419743,1,194,1.551301,188.22,105.565,678.615,0,2,compressed_ring_ar
1778527273.1379268,1,195,1.504928,68.67,116.638,581.104,0,2,compressed_ring_ar
1778527279.666534,2,0,1.43051,176.3,116.284,724.614,0,2,compressed_ring_ar
1778527280.3482296,2,1,1.525445,201.3,119.089,634.442,0,2,compressed_ring_ar
1778527281.091153,2,2,1.358133,180.55,121.714,707.913,0,2,compressed_ring_ar
1778527281.8137815,2,3,1.57363,185.83,119.939,687.389,0,2,compressed_ring_ar
1778527282.5327628,2,4,1.601455,186.78,106.702,683.872,0,2,compressed_ring_ar
1778527283.1507657,2,5,1.581045,219.33,114.36,582.412,0,2,compressed_ring_ar
1778527283.7393816,2,6,1.595522,235.51,149.607,542.638,0,2,compressed_ring_ar
1778527284.4217405,2,7,1.385944,205.44,154.356,621.695,0,2,compressed_ring_ar
1778527285.0537345,2,8,1.401392,215.04,84.56,594.166,0,2,compressed_ring_ar
1778527285.762021,2,9,1.449357,197.36,168.094,647.206,0,2,compressed_ring_ar
1778527286.5621972,2,10,1.386721,168.58,137.021,757.847,0,2,compressed_ring_ar
1778527287.3105388,2,11,1.353714,179.26,134.887,709.671,0,2,compressed_ring_ar
1778527287.991874,2,12,1.479046,198.49,92.372,643.636,0,2,compressed_ring_ar
1778527288.5732555,2,13,1.481013,240.58,126.011,530.812,0,2,compressed_ring_ar
1778527289.1677878,2,14,1.395455,232.26,164.518,549.783,0,2,compressed_ring_ar
1778527289.7936704,2,15,1.407555,223.57,143.798,571.244,0,2,compressed_ring_ar
1778527290.3713048,2,16,1.470446,243.18,125.576,524.892,0,2,compressed_ring_ar
1778527290.958336,2,17,1.676666,243.36,133.971,524.635,0,2,compressed_ring_ar
1778527291.5027168,2,18,1.596364,252.19,139.749,506.399,0,2,compressed_ring_ar
1778527292.1255138,2,19,1.46375,225.99,159.298,565.245,0,2,compressed_ring_ar
1778527292.6968944,2,20,1.463833,247.65,131.965,515.697,0,2,compressed_ring_ar
1778527293.2555861,2,21,1.631264,250.63,151.645,509.805,0,2,compressed_ring_ar
1778527293.8078241,2,22,1.527254,252.53,123.168,505.805,0,2,compressed_ring_ar
1778527294.3950837,2,23,1.432816,238.39,159.076,535.546,0,2,compressed_ring_ar
1778527295.0353866,2,24,1.494129,214.04,173.84,596.655,0,2,compressed_ring_ar
1778527295.6706083,2,25,1.471406,212.36,94.754,601.456,0,2,compressed_ring_ar
1778527296.2284203,2,26,1.523352,247.01,147.601,517.008,0,2,compressed_ring_ar
1778527296.821519,2,27,1.38301,233.22,118.04,548.005,0,2,compressed_ring_ar
1778527297.4096527,2,28,1.39858,238.47,126.153,535.451,0,2,compressed_ring_ar
1778527297.9857962,2,29,1.470882,243.73,156.446,524.175,0,2,compressed_ring_ar
1778527298.645323,2,30,1.499061,210.22,127.874,607.484,0,2,compressed_ring_ar
1778527299.3715985,2,31,1.47053,189.16,115.381,675.301,0,2,compressed_ring_ar
1778527300.0204258,2,32,1.404898,207.2,74.654,616.396,0,2,compressed_ring_ar
1778527300.6175892,2,33,1.474506,230.08,172.401,555.017,0,2,compressed_ring_ar
1778527301.2025516,2,34,1.490019,241.14,133.193,529.848,0,2,compressed_ring_ar
1778527301.8147907,2,35,1.472131,229.1,137.937,557.748,0,2,compressed_ring_ar
1778527302.4344923,2,36,1.456394,226.84,175.172,563.032,0,2,compressed_ring_ar
1778527303.1316028,2,37,1.364298,196.85,151.877,648.854,0,2,compressed_ring_ar
1778527303.754898,2,38,1.280608,216.29,87.515,590.516,0,2,compressed_ring_ar
1778527304.3284802,2,39,1.557329,242.75,159.396,525.351,0,2,compressed_ring_ar
1778527305.0009751,2,40,1.290246,202.48,176.416,629.149,0,2,compressed_ring_ar
1778527305.749604,2,41,1.436794,184.43,91.011,692.798,0,2,compressed_ring_ar
1778527306.3180156,2,42,1.388487,245.0,128.795,521.133,0,2,compressed_ring_ar
1778527306.8942583,2,43,1.448516,240.27,146.478,531.534,0,2,compressed_ring_ar
1778527307.4649258,2,44,1.407386,245.19,159.864,520.858,0,2,compressed_ring_ar
1778527308.0260217,2,45,1.364293,247.8,161.561,515.253,0,2,compressed_ring_ar
1778527308.5857904,2,46,1.462443,246.54,166.219,518.127,0,2,compressed_ring_ar
1778527309.1607137,2,47,1.43382,242.7,121.182,526.027,0,2,compressed_ring_ar
1778527309.8539586,2,48,1.432979,197.64,204.782,646.305,0,2,compressed_ring_ar
1778527310.4456747,2,49,1.281569,230.85,71.721,553.241,0,2,compressed_ring_ar
1778527311.062524,2,50,1.420734,223.71,128.7,571.169,0,2,compressed_ring_ar
1778527311.6339257,2,51,1.433359,241.11,108.493,529.881,0,2,compressed_ring_ar
1778527312.2093508,2,52,1.566139,239.86,158.394,532.19,0,2,compressed_ring_ar
1778527312.8031557,2,53,1.462298,235.22,116.579,543.728,0,2,compressed_ring_ar
1778527313.4162447,2,54,1.419101,223.98,134.375,570.49,0,2,compressed_ring_ar
1778527313.9821692,2,55,1.280599,245.24,122.445,520.793,0,2,compressed_ring_ar
1778527314.555079,2,56,1.484444,243.82,139.587,523.643,0,2,compressed_ring_ar
1778527315.1376324,2,57,1.368241,242.84,158.283,525.681,0,2,compressed_ring_ar
1778527315.7924256,2,58,1.400264,212.99,175.421,599.601,0,2,compressed_ring_ar
1778527316.4798837,2,59,1.40306,196.02,113.81,649.225,0,2,compressed_ring_ar
1778527317.2174826,2,60,1.393675,183.34,147.945,696.808,0,2,compressed_ring_ar
1778527317.811977,2,61,1.32525,227.09,102.412,562.467,0,2,compressed_ring_ar
1778527318.3773634,2,62,1.312663,244.25,148.912,522.782,0,2,compressed_ring_ar
1778527319.0366905,2,63,1.63652,210.02,172.934,608.207,0,2,compressed_ring_ar
1778527319.7356195,2,64,1.401392,194.02,128.75,658.39,0,2,compressed_ring_ar
1778527320.367164,2,65,1.505103,217.1,81.521,588.406,0,2,compressed_ring_ar
1778527320.934935,2,66,1.590239,245.47,143.921,520.267,0,2,compressed_ring_ar
1778527321.597138,2,67,1.255489,208.0,156.738,613.991,0,2,compressed_ring_ar
1778527322.2877302,2,68,1.446385,195.11,102.386,653.947,0,2,compressed_ring_ar
1778527322.9814374,2,69,1.391296,193.91,120.616,658.682,0,2,compressed_ring_ar
1778527323.661978,2,70,1.647454,198.62,112.345,641.597,0,2,compressed_ring_ar
1778527324.3694973,2,71,1.239958,189.84,140.6,672.903,0,2,compressed_ring_ar
1778527325.0840447,2,72,1.535054,188.29,153.961,678.403,0,2,compressed_ring_ar
1778527325.7819405,2,73,1.535268,192.93,111.189,659.47,0,2,compressed_ring_ar
1778527326.4159312,2,74,1.293255,213.69,87.52,597.707,0,2,compressed_ring_ar
1778527326.946248,2,75,1.269161,257.44,139.065,495.858,0,2,compressed_ring_ar
1778527327.494017,2,76,1.469338,254.09,146.154,502.629,0,2,compressed_ring_ar
1778527328.0812051,2,77,1.403152,236.34,138.586,540.298,0,2,compressed_ring_ar
1778527328.6566405,2,78,1.563361,242.27,130.157,523.974,0,2,compressed_ring_ar
1778527329.2925217,2,79,1.348846,213.3,89.135,598.821,0,2,compressed_ring_ar
1778527329.8642223,2,80,1.351827,247.62,134.267,515.603,0,2,compressed_ring_ar
1778527330.4877107,2,81,1.37017,216.35,118.831,590.252,0,2,compressed_ring_ar
1778527331.138088,2,82,1.353391,208.41,82.077,609.671,0,2,compressed_ring_ar
1778527331.8736537,2,83,1.396547,182.14,127.446,698.074,0,2,compressed_ring_ar
1778527332.379191,2,84,1.374876,269.73,79.199,473.36,0,2,compressed_ring_ar
1778527332.990945,2,85,1.417835,221.32,79.342,577.01,0,2,compressed_ring_ar
1778527333.685397,2,86,1.433275,193.46,129.926,657.169,0,2,compressed_ring_ar
1778527334.2407153,2,87,1.498032,243.62,126.691,520.928,0,2,compressed_ring_ar
1778527334.7583919,2,88,1.490066,263.19,82.268,485.293,0,2,compressed_ring_ar
1778527335.380821,2,89,1.430371,222.31,133.564,573.554,0,2,compressed_ring_ar
1778527336.0187902,2,90,1.366193,209.86,87.922,608.498,0,2,compressed_ring_ar
1778527336.646302,2,91,1.331311,215.47,78.465,592.604,0,2,compressed_ring_ar
1778527337.274515,2,92,1.345619,214.34,115.326,595.894,0,2,compressed_ring_ar
1778527337.8463614,2,93,1.242242,242.37,151.54,527.017,0,2,compressed_ring_ar
1778527338.4570327,2,94,1.53292,225.2,167.203,566.276,0,2,compressed_ring_ar
1778527339.1244173,2,95,1.423661,201.59,127.055,630.38,0,2,compressed_ring_ar
1778527339.6163461,2,96,1.545822,283.58,70.77,450.138,0,2,compressed_ring_ar
1778527340.236743,2,97,1.356847,226.86,140.856,562.833,0,2,compressed_ring_ar
1778527340.8764124,2,98,1.36258,210.58,88.821,606.447,0,2,compressed_ring_ar
1778527341.5407116,2,99,1.432145,202.8,113.724,629.846,0,2,compressed_ring_ar
1778527342.2397573,2,100,1.355835,192.57,92.279,663.415,0,2,compressed_ring_ar
1778527342.9043376,2,101,1.325408,203.03,95.894,629.025,0,2,compressed_ring_ar
1778527343.6097362,2,102,1.403501,191.13,104.424,668.305,0,2,compressed_ring_ar
1778527344.3076465,2,103,1.38504,192.98,131.278,658.45,0,2,compressed_ring_ar
1778527344.8141274,2,104,1.467078,269.53,80.81,473.551,0,2,compressed_ring_ar
1778527345.5244613,2,105,1.416003,190.32,94.959,671.127,0,2,compressed_ring_ar
1778527346.210911,2,106,1.351698,196.72,91.344,649.277,0,2,compressed_ring_ar
1778527346.85019,2,107,1.348921,210.66,91.949,606.275,0,2,compressed_ring_ar
1778527347.4908812,2,108,1.482438,210.78,91.897,605.937,0,2,compressed_ring_ar
1778527348.1527693,2,109,1.277576,202.71,108.824,628.213,0,2,compressed_ring_ar
1778527348.8654366,2,110,1.238309,188.59,117.623,675.844,0,2,compressed_ring_ar
1778527349.5158734,2,111,1.299748,207.09,100.739,616.978,0,2,compressed_ring_ar
1778527350.1131704,2,112,1.360728,230.6,145.823,553.728,0,2,compressed_ring_ar
1778527350.7628856,2,113,1.347195,207.87,87.984,614.371,0,2,compressed_ring_ar
1778527351.4097812,2,114,1.375993,208.07,99.771,613.752,0,2,compressed_ring_ar
1778527352.0495381,2,115,1.345337,213.76,79.99,597.465,0,2,compressed_ring_ar
1778527352.6947517,2,116,1.433773,209.19,84.296,610.561,0,2,compressed_ring_ar
1778527353.4043188,2,117,1.492767,189.33,131.698,671.596,0,2,compressed_ring_ar
1778527353.930633,2,118,1.325401,275.16,83.319,463.8,0,2,compressed_ring_ar
1778527354.6517508,2,119,1.413187,185.54,128.834,686.089,0,2,compressed_ring_ar
1778527355.2297664,2,120,1.476142,234.4,123.852,541.47,0,2,compressed_ring_ar
1778527355.7877307,2,121,1.261286,245.24,126.263,517.445,0,2,compressed_ring_ar
1778527356.4168103,2,122,1.217388,215.07,135.338,590.522,0,2,compressed_ring_ar
1778527356.9737985,2,123,1.494383,251.59,119.599,504.098,0,2,compressed_ring_ar
1778527357.580913,2,124,1.520091,222.36,128.451,571.971,0,2,compressed_ring_ar
1778527358.1736703,2,125,1.292949,230.07,129.711,551.451,0,2,compressed_ring_ar
1778527358.802662,2,126,1.365269,215.14,154.208,590.506,0,2,compressed_ring_ar
1778527359.3837776,2,127,1.277463,236.33,142.089,536.73,0,2,compressed_ring_ar
1778527359.9917989,2,128,1.399076,222.45,150.788,570.948,0,2,compressed_ring_ar
1778527360.5523007,2,129,1.359136,242.26,120.38,523.706,0,2,compressed_ring_ar
1778527361.205522,2,130,1.315145,206.07,137.716,616.536,0,2,compressed_ring_ar
1778527361.75398,2,131,1.36393,249.39,123.878,508.681,0,2,compressed_ring_ar
1778527362.3282764,2,132,1.414789,240.23,123.578,528.146,0,2,compressed_ring_ar
1778527362.8629305,2,133,1.431475,254.82,120.31,497.564,0,2,compressed_ring_ar
1778527363.452739,2,134,1.253603,229.03,127.449,555.052,0,2,compressed_ring_ar
1778527364.0221634,2,135,1.276457,238.11,124.242,532.773,0,2,compressed_ring_ar
1778527364.6436982,2,136,1.450809,216.92,119.18,585.367,0,2,compressed_ring_ar
1778527365.208838,2,137,1.324797,239.91,117.104,529.137,0,2,compressed_ring_ar
1778527365.7526016,2,138,1.406111,251.83,115.947,503.847,0,2,compressed_ring_ar
1778527366.272309,2,139,1.278869,262.04,80.367,487.089,0,2,compressed_ring_ar
1778527366.9049916,2,140,1.517754,215.37,92.145,593.051,0,2,compressed_ring_ar
1778527367.506226,2,141,1.387148,230.5,150.956,553.935,0,2,compressed_ring_ar
1778527368.1716902,2,142,1.451357,201.61,89.517,633.487,0,2,compressed_ring_ar
1778527368.843015,2,143,1.293154,203.18,142.714,628.685,0,2,compressed_ring_ar
1778527369.5949335,2,144,1.328904,182.25,100.752,700.941,0,2,compressed_ring_ar
1778527370.359989,2,145,1.469735,175.06,140.416,726.634,0,2,compressed_ring_ar
1778527370.9479504,2,146,1.251754,230.31,124.932,551.202,0,2,compressed_ring_ar
1778527371.5133069,2,147,1.4969,239.36,127.088,530.224,0,2,compressed_ring_ar
1778527372.0954869,2,148,1.42885,232.09,126.489,546.649,0,2,compressed_ring_ar
1778527372.6694384,2,149,1.537449,246.64,121.103,514.515,0,2,compressed_ring_ar
1778527373.172791,2,150,1.177816,271.48,76.792,470.068,0,2,compressed_ring_ar
1778527373.8525755,2,151,1.406368,197.98,88.604,645.178,0,2,compressed_ring_ar
1778527374.4755406,2,152,1.259036,217.97,86.32,585.81,0,2,compressed_ring_ar
1778527375.1159117,2,153,1.463002,211.9,86.425,602.699,0,2,compressed_ring_ar
1778527375.7564633,2,154,1.483405,210.72,75.707,606.176,0,2,compressed_ring_ar
1778527376.3934097,2,155,1.347033,212.46,84.361,601.108,0,2,compressed_ring_ar
1778527377.0665503,2,156,1.474486,200.08,135.276,636.082,0,2,compressed_ring_ar
1778527377.638454,2,157,1.428337,239.2,85.132,534.034,0,2,compressed_ring_ar
1778527378.264247,2,158,1.534059,216.83,125.833,589.32,0,2,compressed_ring_ar
1778527378.8236132,2,159,1.371978,250.73,153.285,509.356,0,2,compressed_ring_ar
1778527379.4133053,2,160,1.413404,238.15,147.343,536.362,0,2,compressed_ring_ar
1778527380.0614872,2,161,1.209705,218.12,170.542,585.553,0,2,compressed_ring_ar
1778527380.649459,2,162,1.323004,234.89,160.402,543.582,0,2,compressed_ring_ar
1778527381.258964,2,163,1.209786,239.56,127.983,533.104,0,2,compressed_ring_ar
1778527381.82444,2,164,1.360502,249.18,154.064,512.44,0,2,compressed_ring_ar
1778527382.4333696,2,165,1.340668,230.87,159.934,553.317,0,2,compressed_ring_ar
1778527382.9883132,2,166,1.156651,248.59,152.071,513.427,0,2,compressed_ring_ar
1778527383.62807,2,167,1.222512,216.13,173.893,587.806,0,2,compressed_ring_ar
1778527384.3385935,2,168,1.269149,188.51,118.232,677.671,0,2,compressed_ring_ar
1778527384.983154,2,169,1.463309,214.8,106.952,594.552,0,2,compressed_ring_ar
1778527385.5496917,2,170,1.211893,246.47,116.536,518.117,0,2,compressed_ring_ar
1778527386.1340156,2,171,1.614074,242.04,131.538,527.615,0,2,compressed_ring_ar
1778527386.7411137,2,172,1.313763,225.66,174.292,566.138,0,2,compressed_ring_ar
1778527387.297116,2,173,1.356448,254.04,131.337,502.489,0,2,compressed_ring_ar
1778527387.863272,2,174,1.446971,247.22,134.294,516.513,0,2,compressed_ring_ar
1778527388.453904,2,175,1.322465,234.24,172.082,545.217,0,2,compressed_ring_ar
1778527389.0622675,2,176,1.249449,229.85,144.455,555.592,0,2,compressed_ring_ar
1778527389.640385,2,177,1.4275,240.31,153.335,531.692,0,2,compressed_ring_ar
1778527390.2712545,2,178,1.232476,218.54,169.93,581.118,0,2,compressed_ring_ar
1778527390.7941964,2,179,1.345787,262.44,84.605,486.345,0,2,compressed_ring_ar
1778527391.468734,2,180,1.426951,200.16,98.998,638.113,0,2,compressed_ring_ar
1778527392.2105677,2,181,1.335401,181.39,128.495,701.747,0,2,compressed_ring_ar
1778527392.8882782,2,182,1.46995,197.99,90.761,645.09,0,2,compressed_ring_ar
1778527393.5472145,2,183,1.226916,206.63,126.349,614.876,0,2,compressed_ring_ar
1778527394.0605106,2,184,1.359117,265.95,80.019,479.933,0,2,compressed_ring_ar
1778527394.7078154,2,185,1.361301,207.79,123.434,611.922,0,2,compressed_ring_ar
1778527395.4657185,2,186,1.361059,176.31,102.445,724.98,0,2,compressed_ring_ar
1778527396.1079183,2,187,1.119762,213.86,102.895,597.407,0,2,compressed_ring_ar
1778527396.7194204,2,188,1.248861,223.33,188.387,571.859,0,2,compressed_ring_ar
1778527397.3067605,2,189,1.527648,232.69,88.542,548.791,0,2,compressed_ring_ar
1778527397.9180765,2,190,1.429662,226.71,78.855,563.489,0,2,compressed_ring_ar
1778527398.551562,2,191,1.346307,216.56,130.176,589.663,0,2,compressed_ring_ar
1778527399.256928,2,192,1.393242,189.63,143.58,670.484,0,2,compressed_ring_ar
1778527399.8747447,2,193,1.377845,220.05,102.911,580.098,0,2,compressed_ring_ar
1778527400.5605295,2,194,1.312382,197.43,94.653,647.016,0,2,compressed_ring_ar
1778527401.0538683,2,195,1.394251,83.24,93.228,477.541,0,2,compressed_ring_ar
1778527407.6062188,3,0,1.359812,173.27,127.883,737.348,0,2,compressed_ring_ar
1778527408.3257713,3,1,1.269731,186.6,143.367,681.602,0,2,compressed_ring_ar
1778527408.93647,3,2,1.261571,222.1,111.248,574.898,0,2,compressed_ring_ar
1778527409.6309178,3,3,1.35124,195.03,125.797,651.771,0,2,compressed_ring_ar
1778527410.2589693,3,4,1.417843,216.33,133.966,588.011,0,2,compressed_ring_ar
1778527410.8111787,3,5,1.409059,247.38,87.462,516.04,0,2,compressed_ring_ar
1778527411.4717376,3,6,1.43501,203.78,80.391,626.812,0,2,compressed_ring_ar
1778527412.0955396,3,7,1.364403,217.08,89.304,588.652,0,2,compressed_ring_ar
1778527412.7162952,3,8,1.266046,217.86,91.542,586.129,0,2,compressed_ring_ar
1778527413.3883681,3,9,1.362047,201.91,85.219,632.574,0,2,compressed_ring_ar
1778527414.042305,3,10,1.307504,206.02,110.193,619.015,0,2,compressed_ring_ar
1778527414.6990943,3,11,1.328495,207.94,90.619,614.195,0,2,compressed_ring_ar
1778527415.3473039,3,12,1.347941,208.28,82.315,613.174,0,2,compressed_ring_ar
1778527416.0328505,3,13,1.393824,195.73,175.235,652.701,0,2,compressed_ring_ar
1778527416.6764522,3,14,1.296932,214.47,162.177,592.22,0,2,compressed_ring_ar
1778527417.251617,3,15,1.285551,236.38,120.429,536.64,0,2,compressed_ring_ar
1778527417.8099654,3,16,1.30052,243.23,123.47,521.459,0,2,compressed_ring_ar
1778527418.3563542,3,17,1.188308,248.37,103.273,514.094,0,2,compressed_ring_ar
1778527418.981124,3,18,1.371204,217.46,126.81,584.213,0,2,compressed_ring_ar
1778527419.5590465,3,19,1.370734,235.09,117.58,539.939,0,2,compressed_ring_ar
1778527420.1311088,3,20,1.296575,238.07,126.497,532.817,0,2,compressed_ring_ar
1778527420.7206852,3,21,1.497896,229.73,141.977,553.001,0,2,compressed_ring_ar
1778527421.2299216,3,22,1.402,270.57,74.337,472.105,0,2,compressed_ring_ar
1778527421.8309324,3,23,1.299412,234.64,117.615,544.158,0,2,compressed_ring_ar
1778527422.4736829,3,24,1.30207,210.26,86.193,607.066,0,2,compressed_ring_ar
1778527423.1137152,3,25,1.450093,210.64,77.188,606.342,0,2,compressed_ring_ar
1778527423.7299666,3,26,1.376653,222.81,92.233,573.27,0,2,compressed_ring_ar
1778527424.3094597,3,27,1.298755,239.59,152.901,533.038,0,2,compressed_ring_ar
1778527424.9021747,3,28,1.184126,235.31,135.258,542.804,0,2,compressed_ring_ar
1778527425.6569035,3,29,1.421178,184.09,188.526,693.908,0,2,compressed_ring_ar
1778527426.3916814,3,30,1.3357,182.27,129.913,700.919,0,2,compressed_ring_ar
1778527427.0782893,3,31,1.3049,197.27,87.878,647.51,0,2,compressed_ring_ar
1778527427.8361273,3,32,1.349851,177.45,168.215,720.151,0,2,compressed_ring_ar
1778527428.4927654,3,33,1.398036,208.5,92.225,612.594,0,2,compressed_ring_ar
1778527429.0946205,3,34,1.508453,231.45,121.979,551.665,0,2,compressed_ring_ar
1778527429.7564404,3,35,1.321163,204.68,101.062,623.981,0,2,compressed_ring_ar
1778527430.4484115,3,36,1.35686,196.78,145.091,647.203,0,2,compressed_ring_ar
1778527431.129535,3,37,1.610769,197.53,96.149,643.623,0,2,compressed_ring_ar
1778527431.8542638,3,38,1.338823,186.32,92.676,685.614,0,2,compressed_ring_ar
1778527432.4994931,3,39,1.261259,209.09,97.745,610.827,0,2,compressed_ring_ar
1778527433.1654882,3,40,1.527598,203.84,83.557,626.651,0,2,compressed_ring_ar
1778527433.9007192,3,41,1.152005,187.0,126.157,679.77,0,2,compressed_ring_ar
1778527434.4093606,3,42,1.350895,267.57,85.046,476.963,0,2,compressed_ring_ar
1778527435.0279987,3,43,1.335476,218.61,84.37,584.164,0,2,compressed_ring_ar
1778527435.6377387,3,44,1.393123,223.37,103.391,571.655,0,2,compressed_ring_ar
1778527436.2828612,3,45,1.29868,209.01,77.441,610.997,0,2,compressed_ring_ar
1778527436.9367824,3,46,1.37765,205.46,92.895,621.772,0,2,compressed_ring_ar
1778527437.5810173,3,47,1.341428,210.26,84.636,607.36,0,2,compressed_ring_ar
1778527438.3079064,3,48,1.403078,183.95,101.393,694.435,0,2,compressed_ring_ar
1778527438.9593768,3,49,1.377789,208.03,81.489,613.855,0,2,compressed_ring_ar
1778527439.635137,3,50,1.40103,199.47,95.034,640.352,0,2,compressed_ring_ar
1778527440.2840142,3,51,1.295119,207.92,91.112,614.198,0,2,compressed_ring_ar
1778527440.9211702,3,52,1.372787,211.53,86.319,603.724,0,2,compressed_ring_ar
1778527441.5550992,3,53,1.438403,212.91,97.72,599.916,0,2,compressed_ring_ar
1778527442.2449622,3,54,1.321899,194.51,91.212,656.711,0,2,compressed_ring_ar
1778527442.8790405,3,55,1.242445,216.71,80.272,589.405,0,2,compressed_ring_ar
1778527443.6048234,3,56,1.324321,185.41,139.633,685.644,0,2,compressed_ring_ar
1778527444.1570196,3,57,1.304924,245.5,125.268,517.102,0,2,compressed_ring_ar
1778527444.7133622,3,58,1.517336,244.45,126.659,519.128,0,2,compressed_ring_ar
1778527445.223732,3,59,1.301094,267.15,78.148,477.782,0,2,compressed_ring_ar
1778527445.9182308,3,60,1.450695,193.82,134.441,655.785,0,2,compressed_ring_ar
1778527446.460475,3,61,1.34666,251.28,88.93,508.013,0,2,compressed_ring_ar
1778527447.114085,3,62,1.427538,206.41,90.316,615.72,0,2,compressed_ring_ar
1778527447.763755,3,63,1.363007,206.72,92.077,617.858,0,2,compressed_ring_ar
1778527448.34695,3,64,1.505546,246.41,146.068,518.116,0,2,compressed_ring_ar
1778527449.0055993,3,65,1.377572,209.22,188.375,607.113,0,2,compressed_ring_ar
1778527449.5647783,3,66,1.488779,244.21,120.24,519.569,0,2,compressed_ring_ar
1778527450.1657805,3,67,1.276235,224.53,129.801,565.679,0,2,compressed_ring_ar
1778527450.7360132,3,68,1.246176,237.53,99.646,537.477,0,2,compressed_ring_ar
1778527451.4497037,3,69,1.402335,188.28,130.946,675.435,0,2,compressed_ring_ar
1778527451.963931,3,70,1.223519,265.56,85.079,480.624,0,2,compressed_ring_ar
1778527452.6036682,3,71,1.340531,210.75,90.735,605.996,0,2,compressed_ring_ar
1778527453.2107327,3,72,1.267651,230.96,142.459,552.79,0,2,compressed_ring_ar
1778527453.8655326,3,73,1.438178,206.64,89.976,618.161,0,2,compressed_ring_ar
1778527454.455185,3,74,1.256391,237.7,134.388,537.069,0,2,compressed_ring_ar
1778527455.0924702,3,75,1.365663,212.3,83.438,601.516,0,2,compressed_ring_ar
1778527455.7395482,3,76,1.257053,208.26,88.172,612.225,0,2,compressed_ring_ar
1778527456.3637335,3,77,1.466677,218.31,116.66,584.934,0,2,compressed_ring_ar
1778527457.0033445,3,78,1.231561,213.62,105.708,597.827,0,2,compressed_ring_ar
1778527457.6252904,3,79,1.465009,217.07,88.106,586.354,0,2,compressed_ring_ar
1778527458.314699,3,80,1.233043,194.5,93.133,655.972,0,2,compressed_ring_ar
1778527458.9478514,3,81,1.474247,213.33,89.261,599.172,0,2,compressed_ring_ar
1778527459.544555,3,82,1.269341,231.94,123.278,550.489,0,2,compressed_ring_ar
1778527460.2049136,3,83,1.449915,204.8,77.26,623.657,0,2,compressed_ring_ar
1778527460.778543,3,84,1.36765,243.71,148.724,523.996,0,2,compressed_ring_ar
1778527461.3659542,3,85,1.470959,240.55,122.379,530.704,0,2,compressed_ring_ar
1778527461.9944735,3,86,1.355794,214.78,116.336,593.931,0,2,compressed_ring_ar
1778527462.6507447,3,87,1.276325,205.56,89.346,619.604,0,2,compressed_ring_ar
1778527463.3065546,3,88,1.458755,206.48,89.436,618.591,0,2,compressed_ring_ar
1778527464.007089,3,89,1.2516,191.8,95.552,666.031,0,2,compressed_ring_ar
1778527464.6873775,3,90,1.422545,198.41,122.431,640.664,0,2,compressed_ring_ar
1778527465.2253966,3,91,1.128651,253.51,88.808,500.711,0,2,compressed_ring_ar
1778527465.8495803,3,92,1.24597,216.3,82.895,590.369,0,2,compressed_ring_ar
1778527466.5085843,3,93,1.318569,204.27,86.257,624.528,0,2,compressed_ring_ar
1778527467.137911,3,94,1.277725,214.97,98.537,594.125,0,2,compressed_ring_ar
1778527467.8249078,3,95,1.228555,195.18,127.127,650.976,0,2,compressed_ring_ar
1778527468.4323263,3,96,1.140298,223.37,123.101,571.792,0,2,compressed_ring_ar
1778527469.0490868,3,97,1.396225,220.44,123.165,576.225,0,2,compressed_ring_ar
1778527469.5662017,3,98,1.309871,266.16,68.694,479.478,0,2,compressed_ring_ar
1778527470.227673,3,99,1.350654,204.66,169.301,624.014,0,2,compressed_ring_ar
1778527470.8890383,3,100,1.254066,203.2,95.704,628.526,0,2,compressed_ring_ar
1778527471.530302,3,101,1.471495,211.11,94.978,604.955,0,2,compressed_ring_ar
1778527472.1831865,3,102,1.269449,206.11,99.187,619.63,0,2,compressed_ring_ar
1778527472.802323,3,103,1.397916,217.66,82.584,586.659,0,2,compressed_ring_ar
1778527473.4596076,3,104,1.399464,204.63,91.724,624.099,0,2,compressed_ring_ar
1778527474.1016521,3,105,1.229636,209.69,90.108,609.2,0,2,compressed_ring_ar
1778527474.800236,3,106,1.344593,194.58,94.705,656.386,0,2,compressed_ring_ar
1778527475.46248,3,107,1.198864,203.17,82.373,625.865,0,2,compressed_ring_ar
1778527476.1339607,3,108,1.305381,201.83,122.656,633.001,0,2,compressed_ring_ar
1778527476.7512403,3,109,1.430205,221.54,82.319,575.703,0,2,compressed_ring_ar
1778527477.4268775,3,110,1.340667,199.52,136.802,636.758,0,2,compressed_ring_ar
1778527477.9276326,3,111,1.384463,272.86,79.996,468.088,0,2,compressed_ring_ar
1778527478.5182035,3,112,1.330426,234.9,154.164,543.506,0,2,compressed_ring_ar
1778527479.175414,3,113,1.192182,204.53,96.287,624.118,0,2,compressed_ring_ar
1778527479.8105438,3,114,1.231927,213.34,82.375,598.767,0,2,compressed_ring_ar
1778527480.5098302,3,115,1.289763,193.09,134.789,660.607,0,2,compressed_ring_ar
1778527481.1976292,3,116,1.437461,195.08,132.202,651.496,0,2,compressed_ring_ar
1778527481.7895234,3,117,1.237108,229.41,124.5,553.085,0,2,compressed_ring_ar
1778527482.3450935,3,118,1.316792,244.95,129.866,517.749,0,2,compressed_ring_ar
1778527482.9176621,3,119,1.263476,236.24,120.609,537.306,0,2,compressed_ring_ar
1778527483.476635,3,120,1.302669,242.25,119.586,524.253,0,2,compressed_ring_ar
1778527484.0133011,3,121,1.400214,253.48,93.992,500.606,0,2,compressed_ring_ar
1778527484.7430656,3,122,1.377222,183.05,120.488,694.5,0,2,compressed_ring_ar
1778527485.295577,3,123,1.229305,246.24,80.17,518.577,0,2,compressed_ring_ar
1778527485.9124315,3,124,1.329591,220.06,147.395,576.886,0,2,compressed_ring_ar
1778527486.4817364,3,125,1.335528,238.41,124.914,532.379,0,2,compressed_ring_ar
1778527487.0601082,3,126,1.193628,234.91,92.402,543.552,0,2,compressed_ring_ar
1778527487.7529655,3,127,1.28487,196.5,127.871,646.559,0,2,compressed_ring_ar
1778527488.3022947,3,128,1.281651,247.41,84.605,515.998,0,2,compressed_ring_ar
1778527488.9345179,3,129,1.361197,214.3,101.877,595.095,0,2,compressed_ring_ar
1778527489.6283832,3,130,1.337631,193.53,86.97,657.851,0,2,compressed_ring_ar
1778527490.3130872,3,131,1.350247,197.1,94.561,647.981,0,2,compressed_ring_ar
1778527490.96489,3,132,1.25248,206.29,104.964,619.343,0,2,compressed_ring_ar
1778527491.5288453,3,133,1.375189,245.9,137.132,519.301,0,2,compressed_ring_ar
1778527492.1150382,3,134,1.281156,235.93,117.455,541.156,0,2,compressed_ring_ar
1778527492.7791073,3,135,1.47617,202.69,90.088,627.12,0,2,compressed_ring_ar
1778527493.440021,3,136,1.244174,203.3,96.233,628.21,0,2,compressed_ring_ar
1778527494.0700936,3,137,1.401018,215.01,89.392,593.006,0,2,compressed_ring_ar
1778527494.7094734,3,138,1.409938,211.52,96.202,600.785,0,2,compressed_ring_ar
1778527495.4743679,3,139,1.456721,174.53,137.91,728.934,0,2,compressed_ring_ar
1778527496.0709167,3,140,1.241341,227.69,110.497,560.834,0,2,compressed_ring_ar
1778527496.7833908,3,141,1.255315,189.14,119.473,675.313,0,2,compressed_ring_ar
1778527497.4613733,3,142,1.204187,198.61,132.512,639.991,0,2,compressed_ring_ar
1778527497.976295,3,143,1.370695,265.08,84.509,481.493,0,2,compressed_ring_ar
1778527498.6020494,3,144,1.22826,215.4,107.336,592.843,0,2,compressed_ring_ar
1778527499.2980862,3,145,1.346193,195.45,125.99,650.245,0,2,compressed_ring_ar
1778527499.7976298,3,146,1.2193,275.3,77.806,463.527,0,2,compressed_ring_ar
1778527500.436376,3,147,1.293408,213.49,112.325,598.174,0,2,compressed_ring_ar
1778527501.1062682,3,148,1.210298,200.64,82.194,636.64,0,2,compressed_ring_ar
1778527501.8245957,3,149,1.224777,186.72,131.295,680.897,0,2,compressed_ring_ar
1778527502.4674983,3,150,1.296238,217.32,98.749,587.698,0,2,compressed_ring_ar
1778527503.2187889,3,151,1.404672,184.02,119.744,694.149,0,2,compressed_ring_ar
1778527503.8663201,3,152,1.338796,207.63,81.228,615.075,0,2,compressed_ring_ar
1778527504.5799131,3,153,1.518975,187.87,125.815,676.652,0,2,compressed_ring_ar
1778527505.2020416,3,154,1.201369,217.33,124.316,584.277,0,2,compressed_ring_ar
1778527505.7435791,3,155,1.295864,250.97,101.715,508.659,0,2,compressed_ring_ar
1778527506.4546819,3,156,1.378712,188.13,144.893,675.773,0,2,compressed_ring_ar
1778527506.9911394,3,157,1.499864,256.01,96.771,498.653,0,2,compressed_ring_ar
1778527507.6565914,3,158,1.305716,207.06,87.803,616.762,0,2,compressed_ring_ar
1778527508.350055,3,159,1.111407,193.32,135.231,658.267,0,2,compressed_ring_ar
1778527508.9214253,3,160,1.317358,237.79,121.198,533.728,0,2,compressed_ring_ar
1778527509.4225247,3,161,1.428026,272.51,85.474,468.392,0,2,compressed_ring_ar
1778527510.0751038,3,162,1.32321,207.45,99.279,613.938,0,2,compressed_ring_ar
1778527510.7878222,3,163,1.451933,188.5,120.975,675.299,0,2,compressed_ring_ar
1778527511.3105423,3,164,1.365847,265.94,84.604,479.922,0,2,compressed_ring_ar
1778527511.9294145,3,165,1.200107,218.71,101.591,583.949,0,2,compressed_ring_ar
1778527512.5710726,3,166,1.194754,217.06,164.153,588.387,0,2,compressed_ring_ar
1778527513.1921084,3,167,1.236041,218.75,77.813,583.972,0,2,compressed_ring_ar
1778527513.7854562,3,168,1.434858,234.19,139.142,545.322,0,2,compressed_ring_ar
1778527514.3645625,3,169,1.138651,240.97,134.418,529.783,0,2,compressed_ring_ar
1778527515.0092618,3,170,1.304278,209.5,102.807,609.716,0,2,compressed_ring_ar
1778527515.6427267,3,171,1.175695,213.94,77.537,597.08,0,2,compressed_ring_ar
1778527516.2387075,3,172,1.259984,237.72,136.472,537.326,0,2,compressed_ring_ar
1778527516.8116975,3,173,1.297584,244.97,131.142,521.394,0,2,compressed_ring_ar
1778527517.4641373,3,174,1.363012,211.45,146.536,604.359,0,2,compressed_ring_ar
1778527518.1023223,3,175,1.26302,217.85,147.78,583.309,0,2,compressed_ring_ar
1778527518.6190648,3,176,1.41058,263.9,84.772,481.991,0,2,compressed_ring_ar
1778527519.3452442,3,177,1.254887,184.52,126.32,688.98,0,2,compressed_ring_ar
1778527519.9349809,3,178,1.384228,230.87,129.508,549.679,0,2,compressed_ring_ar
1778527520.485205,3,179,1.349846,250.97,122.326,505.303,0,2,compressed_ring_ar
1778527521.0676749,3,180,1.350507,232.94,132.956,545.046,0,2,compressed_ring_ar
1778527521.658205,3,181,1.231628,231.47,139.067,548.753,0,2,compressed_ring_ar
1778527522.2343886,3,182,1.315469,234.56,125.998,540.983,0,2,compressed_ring_ar
1778527522.8229775,3,183,1.334743,229.92,119.173,551.758,0,2,compressed_ring_ar
1778527523.3929098,3,184,1.190044,237.32,126.381,534.471,0,2,compressed_ring_ar
1778527523.9532738,3,185,1.097988,243.19,127.983,521.763,0,2,compressed_ring_ar
1778527524.4538734,3,186,1.034008,272.9,85.039,466.713,0,2,compressed_ring_ar
1778527525.1449597,3,187,1.281501,194.64,125.9,653.096,0,2,compressed_ring_ar
1778527525.7485812,3,188,1.371763,226.98,105.351,562.658,0,2,compressed_ring_ar
1778527526.4160013,3,189,1.356403,202.56,105.289,630.103,0,2,compressed_ring_ar
1778527527.0067976,3,190,1.260327,231.14,112.435,552.374,0,2,compressed_ring_ar
1778527527.722589,3,191,1.287501,187.52,134.434,677.993,0,2,compressed_ring_ar
1778527528.3339398,3,192,1.410182,222.26,127.765,571.019,0,2,compressed_ring_ar
1778527528.9254942,3,193,1.062706,229.63,129.965,552.775,0,2,compressed_ring_ar
1778527529.5651505,3,194,1.180237,211.11,128.015,605.191,0,2,compressed_ring_ar
1778527530.0855563,3,195,1.470904,79.59,113.422,500.516,0,2,compressed_ring_ar
1778527536.5914652,4,0,1.493101,176.31,113.896,724.649,0,2,compressed_ring_ar
1778527537.2858899,4,1,1.337889,193.35,133.435,659.254,0,2,compressed_ring_ar
1778527537.9793012,4,2,1.276434,194.93,140.7,652.679,0,2,compressed_ring_ar
1778527538.5847218,4,3,1.253842,227.41,134.951,558.709,0,2,compressed_ring_ar
1778527539.2444787,4,4,1.255268,207.47,147.338,612.978,0,2,compressed_ring_ar
1778527539.8791714,4,5,1.329051,218.23,135.036,582.039,0,2,compressed_ring_ar
1778527540.5117373,4,6,1.138718,216.04,152.399,588.092,0,2,compressed_ring_ar
1778527541.1397161,4,7,1.401776,215.69,140.993,588.99,0,2,compressed_ring_ar
1778527541.6993716,4,8,1.278949,254.89,95.464,500.739,0,2,compressed_ring_ar
1778527542.3627708,4,9,1.202784,202.39,86.694,631.017,0,2,compressed_ring_ar
1778527542.9958751,4,10,1.140213,216.98,89.895,588.545,0,2,compressed_ring_ar
1778527543.6942205,4,11,1.294975,192.15,150.586,661.55,0,2,compressed_ring_ar
1778527544.2145047,4,12,1.408288,261.44,84.043,488.261,0,2,compressed_ring_ar
1778527544.8835456,4,13,1.516433,201.33,95.606,634.457,0,2,compressed_ring_ar
1778527545.576676,4,14,1.405913,193.24,113.359,661.026,0,2,compressed_ring_ar
1778527546.2867255,4,15,1.097638,191.51,131.157,663.653,0,2,compressed_ring_ar
1778527546.8512337,4,16,1.203394,239.89,123.135,529.024,0,2,compressed_ring_ar
1778527547.4297807,4,17,1.351939,234.59,128.173,541.022,0,2,compressed_ring_ar
1778527547.9652627,4,18,1.37994,254.15,77.528,502.26,0,2,compressed_ring_ar
1778527548.706032,4,19,1.382878,180.49,145.055,705.858,0,2,compressed_ring_ar
1778527549.37324,4,20,1.300217,204.53,126.187,623.332,0,2,compressed_ring_ar
1778527550.2026422,4,21,1.217017,166.33,189.367,768.124,0,2,compressed_ring_ar
1778527550.8695502,4,22,1.238064,201.55,106.586,633.711,0,2,compressed_ring_ar
1778527551.5081167,4,23,1.39507,216.36,125.957,586.986,0,2,compressed_ring_ar
1778527552.0510683,4,24,1.257791,250.33,81.138,510.011,0,2,compressed_ring_ar
1778527552.733793,4,25,1.279948,197.29,122.814,646.748,0,2,compressed_ring_ar
1778527553.3628929,4,26,1.281271,214.95,127.548,591.102,0,2,compressed_ring_ar
1778527553.9522188,4,27,1.420991,229.43,129.577,553.163,0,2,compressed_ring_ar
1778527554.5460913,4,28,1.237494,227.88,123.861,556.921,0,2,compressed_ring_ar
1778527555.101976,4,29,1.230575,248.45,100.31,513.794,0,2,compressed_ring_ar
1778527555.7850537,4,30,1.185603,196.74,139.074,646.242,0,2,compressed_ring_ar
1778527556.3911636,4,31,1.351238,222.6,124.615,570.383,0,2,compressed_ring_ar
1778527556.9498808,4,32,1.218102,244.15,130.062,519.77,0,2,compressed_ring_ar
1778527557.5283504,4,33,1.432306,235.41,135.275,538.927,0,2,compressed_ring_ar
1778527558.099086,4,34,1.226662,237.06,144.294,535.231,0,2,compressed_ring_ar
1778527558.5764022,4,35,1.370556,288.17,70.86,442.918,0,2,compressed_ring_ar
1778527559.1303844,4,36,1.335184,252.68,127.599,505.42,0,2,compressed_ring_ar
1778527559.71182,4,37,1.200745,239.21,115.003,533.689,0,2,compressed_ring_ar
1778527560.4095032,4,38,1.344871,192.5,89.855,663.515,0,2,compressed_ring_ar
1778527561.0735269,4,39,1.246428,204.47,91.831,624.658,0,2,compressed_ring_ar
1778527561.7166374,4,40,1.42528,209.23,82.562,610.404,0,2,compressed_ring_ar
1778527562.3692966,4,41,1.418669,206.12,81.936,619.627,0,2,compressed_ring_ar
1778527563.0166152,4,42,1.23966,208.26,84.957,613.244,0,2,compressed_ring_ar
1778527563.6467054,4,43,1.275804,214.24,89.144,596.129,0,2,compressed_ring_ar
1778527564.2787433,4,44,1.227515,215.6,82.009,592.728,0,2,compressed_ring_ar
1778527564.8899498,4,45,1.188351,222.26,118.453,574.543,0,2,compressed_ring_ar
1778527565.5037677,4,46,1.306474,221.5,84.501,576.48,0,2,compressed_ring_ar
1778527566.1554232,4,47,1.173286,206.38,98.414,618.813,0,2,compressed_ring_ar
1778527566.8037426,4,48,1.39068,208.04,98.868,613.817,0,2,compressed_ring_ar
1778527567.4321632,4,49,1.164413,215.99,80.466,590.876,0,2,compressed_ring_ar
1778527568.1007102,4,50,1.6061,202.63,131.173,627.285,0,2,compressed_ring_ar
1778527568.6943653,4,51,1.153106,229.06,122.305,554.232,0,2,compressed_ring_ar
1778527569.2445822,4,52,1.163886,253.97,118.065,499.372,0,2,compressed_ring_ar
1778527569.7909877,4,53,1.269826,248.67,77.283,513.363,0,2,compressed_ring_ar
1778527570.3870335,4,54,1.176662,230.07,79.396,555.038,0,2,compressed_ring_ar
1778527571.0551205,4,55,1.017612,204.14,174.059,625.58,0,2,compressed_ring_ar
1778527571.766908,4,56,1.087141,188.82,138.902,676.639,0,2,compressed_ring_ar
1778527572.4885411,4,57,1.188954,186.06,127.126,683.548,0,2,compressed_ring_ar
1778527573.043648,4,58,1.289148,247.82,126.597,511.994,0,2,compressed_ring_ar
1778527573.6048806,4,59,1.280165,250.23,115.89,506.841,0,2,compressed_ring_ar
1778527574.182053,4,60,1.256634,236.43,122.406,536.534,0,2,compressed_ring_ar
1778527574.7765357,4,61,1.35079,231.75,131.927,547.746,0,2,compressed_ring_ar
1778527575.3272765,4,62,1.256851,246.92,118.432,513.826,0,2,compressed_ring_ar
1778527575.931883,4,63,1.189989,223.33,128.769,568.565,0,2,compressed_ring_ar
1778527576.488494,4,64,1.313949,243.71,120.882,520.842,0,2,compressed_ring_ar
1778527577.0527864,4,65,1.168013,241.63,128.693,527.6,0,2,compressed_ring_ar
1778527577.6553793,4,66,1.227476,224.44,125.523,565.654,0,2,compressed_ring_ar
1778527578.2120945,4,67,1.259459,243.52,106.47,522.722,0,2,compressed_ring_ar
1778527578.928674,4,68,1.220759,186.47,113.409,684.991,0,2,compressed_ring_ar
1778527579.6315238,4,69,1.048724,190.77,132.646,666.507,0,2,compressed_ring_ar
1778527580.2194927,4,70,1.226729,229.55,110.372,554.586,0,2,compressed_ring_ar
1778527580.9512663,4,71,1.398331,184.1,137.341,690.414,0,2,compressed_ring_ar
1778527581.5258102,4,72,1.098778,235.53,122.461,538.876,0,2,compressed_ring_ar
1778527582.1149614,4,73,1.271498,231.22,128.257,548.813,0,2,compressed_ring_ar
1778527582.719045,4,74,1.161793,224.98,138.79,564.328,0,2,compressed_ring_ar
1778527583.2712924,4,75,1.181185,245.45,120.788,516.792,0,2,compressed_ring_ar
1778527583.852106,4,76,1.294536,232.87,123.36,544.894,0,2,compressed_ring_ar
1778527584.4123936,4,77,1.249961,242.58,122.252,524.445,0,2,compressed_ring_ar
1778527585.0004225,4,78,1.193712,229.96,129.901,552.115,0,2,compressed_ring_ar
1778527585.60849,4,79,1.056288,224.45,124.592,565.646,0,2,compressed_ring_ar
1778527586.223547,4,80,1.260171,219.87,138.561,578.071,0,2,compressed_ring_ar
1778527586.8685434,4,81,1.417736,213.79,125.438,597.386,0,2,compressed_ring_ar
1778527587.6195173,4,82,1.121483,180.83,139.139,703.042,0,2,compressed_ring_ar
1778527588.2199285,4,83,1.323958,228.41,118.623,559.042,0,2,compressed_ring_ar
1778527588.9361694,4,84,1.163391,187.72,124.009,677.218,0,2,compressed_ring_ar
1778527589.6541948,4,85,1.297817,192.55,137.893,660.215,0,2,compressed_ring_ar
1778527590.2556317,4,86,1.357639,225.39,127.338,563.105,0,2,compressed_ring_ar
1778527590.8297179,4,87,1.058861,235.61,126.695,538.404,0,2,compressed_ring_ar
1778527591.3833816,4,88,1.170529,245.73,128.482,516.053,0,2,compressed_ring_ar
1778527592.0009115,4,89,1.275058,218.87,116.573,583.451,0,2,compressed_ring_ar
1778527592.679324,4,90,1.319632,202.08,161.043,628.591,0,2,compressed_ring_ar
1778527593.259445,4,91,1.27602,234.66,122.369,540.569,0,2,compressed_ring_ar
1778527593.817083,4,92,1.091351,243.44,125.536,521.212,0,2,compressed_ring_ar
1778527594.3858986,4,93,1.165022,238.38,122.989,532.239,0,2,compressed_ring_ar
1778527594.8992503,4,94,1.31653,266.01,79.608,478.295,0,2,compressed_ring_ar
1778527595.5645735,4,95,1.231193,202.81,99.999,629.701,0,2,compressed_ring_ar
1778527596.2016633,4,96,1.30084,212.06,89.556,601.567,0,2,compressed_ring_ar
1778527596.8542535,4,97,1.343794,207.22,85.208,614.518,0,2,compressed_ring_ar
1778527597.6263065,4,98,1.443178,177.07,90.639,718.419,0,2,compressed_ring_ar
1778527598.2761178,4,99,1.254133,207.34,84.734,615.097,0,2,compressed_ring_ar
1778527598.9410882,4,100,1.33532,201.75,85.228,633.058,0,2,compressed_ring_ar
1778527599.6067781,4,101,1.337178,203.43,93.718,626.138,0,2,compressed_ring_ar
1778527600.2831967,4,102,1.483062,198.93,85.555,642.006,0,2,compressed_ring_ar
1778527600.9343083,4,103,1.180035,206.57,92.783,618.279,0,2,compressed_ring_ar
1778527601.556853,4,104,1.255567,220.96,84.663,577.986,0,2,compressed_ring_ar
1778527602.174332,4,105,1.281899,222.24,149.45,574.605,0,2,compressed_ring_ar
1778527602.8385856,4,106,1.234986,203.07,98.551,627.785,0,2,compressed_ring_ar
1778527603.465769,4,107,1.158624,217.78,150.132,584.69,0,2,compressed_ring_ar
1778527604.1223137,4,108,1.232869,205.54,101.345,621.383,0,2,compressed_ring_ar
1778527604.756009,4,109,1.359116,212.33,75.879,601.438,0,2,compressed_ring_ar
1778527605.412163,4,110,1.229963,204.9,89.628,620.32,0,2,compressed_ring_ar
1778527606.0671134,4,111,1.235649,204.31,84.028,625.119,0,2,compressed_ring_ar
1778527606.682053,4,112,1.125621,219.87,82.408,580.678,0,2,compressed_ring_ar
1778527607.3027515,4,113,1.38596,222.93,169.144,572.818,0,2,compressed_ring_ar
1778527607.9547374,4,114,1.364655,206.93,111.562,617.205,0,2,compressed_ring_ar
1778527608.591893,4,115,1.223653,212.58,78.743,600.897,0,2,compressed_ring_ar
1778527609.1858482,4,116,1.156572,233.03,166.558,548.263,0,2,compressed_ring_ar
1778527609.8058887,4,117,1.2593,221.51,175.283,573.139,0,2,compressed_ring_ar
1778527610.3578324,4,118,1.258337,246.71,82.74,517.648,0,2,compressed_ring_ar
1778527610.9767754,4,119,1.201681,217.59,89.34,587.201,0,2,compressed_ring_ar
1778527611.5594077,4,120,1.157156,242.03,178.567,527.531,0,2,compressed_ring_ar
1778527612.134253,4,121,1.1489,243.13,168.79,525.125,0,2,compressed_ring_ar
1778527612.7006128,4,122,1.156987,246.19,145.156,518.766,0,2,compressed_ring_ar
1778527613.270353,4,123,1.134711,240.47,136.897,531.47,0,2,compressed_ring_ar
1778527613.8792703,4,124,1.286251,229.02,138.874,557.643,0,2,compressed_ring_ar
1778527614.4662101,4,125,1.103371,236.56,155.135,540.116,0,2,compressed_ring_ar
1778527615.0408504,4,126,1.469836,241.91,149.687,528.058,0,2,compressed_ring_ar
1778527615.594347,4,127,1.290335,252.8,146.986,505.015,0,2,compressed_ring_ar
1778527616.1778798,4,128,1.204176,239.86,170.401,532.497,0,2,compressed_ring_ar
1778527616.8270588,4,129,1.253922,212.44,195.39,599.481,0,2,compressed_ring_ar
1778527617.5112245,4,130,1.086812,196.13,93.581,651.669,0,2,compressed_ring_ar
1778527618.0863392,4,131,1.331493,240.37,159.44,531.32,0,2,compressed_ring_ar
1778527618.658749,4,132,1.355151,242.8,160.407,526.158,0,2,compressed_ring_ar
1778527619.2277873,4,133,1.157132,244.14,156.409,523.167,0,2,compressed_ring_ar
1778527619.8125453,4,134,1.310403,239.27,114.209,533.778,0,2,compressed_ring_ar
1778527620.406776,4,135,1.30054,235.4,157.596,542.528,0,2,compressed_ring_ar
1778527620.984974,4,136,1.340283,242.78,146.232,525.964,0,2,compressed_ring_ar
1778527621.5574157,4,137,1.130585,245.95,139.676,519.131,0,2,compressed_ring_ar
1778527622.1425416,4,138,1.269975,238.35,159.484,535.712,0,2,compressed_ring_ar
1778527622.7071579,4,139,1.217097,247.67,147.44,515.691,0,2,compressed_ring_ar
1778527623.2802925,4,140,1.42428,243.14,141.96,525.107,0,2,compressed_ring_ar
1778527623.8409276,4,141,1.197656,249.51,126.805,512.466,0,2,compressed_ring_ar
1778527624.4215002,4,142,1.296519,238.04,155.96,536.504,0,2,compressed_ring_ar
1778527625.0191658,4,143,1.229348,234.54,166.184,544.694,0,2,compressed_ring_ar
1778527625.6049047,4,144,1.282104,239.73,152.113,532.823,0,2,compressed_ring_ar
1778527626.2479293,4,145,1.148878,213.17,210.628,596.441,0,2,compressed_ring_ar
1778527626.7577655,4,146,1.176284,268.38,72.161,475.614,0,2,compressed_ring_ar
1778527627.3161528,4,147,1.205545,248.43,164.485,513.911,0,2,compressed_ring_ar
1778527627.977482,4,148,1.203164,207.45,176.106,615.696,0,2,compressed_ring_ar
1778527628.5765562,4,149,1.194091,228.88,80.251,557.868,0,2,compressed_ring_ar
1778527629.2283692,4,150,1.2152,207.28,81.213,616.195,0,2,compressed_ring_ar
1778527629.8983023,4,151,1.32349,201.13,128.215,635.126,0,2,compressed_ring_ar
1778527630.4625347,4,152,1.386656,243.46,80.352,524.396,0,2,compressed_ring_ar
1778527631.1463172,4,153,1.177847,196.12,136.845,647.899,0,2,compressed_ring_ar
1778527631.7357986,4,154,1.323481,231.2,126.224,549.003,0,2,compressed_ring_ar
1778527632.2378554,4,155,1.093556,271.5,78.408,470.092,0,2,compressed_ring_ar
1778527632.8999898,4,156,1.206366,204.27,103.983,625.23,0,2,compressed_ring_ar
1778527633.5472944,4,157,1.171789,208.58,104.69,612.251,0,2,compressed_ring_ar
1778527634.2101421,4,158,1.23542,202.93,93.048,629.484,0,2,compressed_ring_ar
1778527634.869513,4,159,1.2282,204.73,91.008,623.839,0,2,compressed_ring_ar
1778527635.517381,4,160,1.619594,208.42,105.551,612.822,0,2,compressed_ring_ar
1778527636.1301513,4,161,1.310613,225.86,140.745,565.339,0,2,compressed_ring_ar
1778527636.7556813,4,162,1.116023,215.8,84.311,591.756,0,2,compressed_ring_ar
1778527637.5367975,4,163,1.374449,170.74,116.339,748.306,0,2,compressed_ring_ar
1778527638.195813,4,164,1.293465,204.02,103.84,626.016,0,2,compressed_ring_ar
1778527638.8432066,4,165,1.189064,208.36,76.74,610.071,0,2,compressed_ring_ar
1778527639.5582614,4,166,1.237457,187.49,126.555,678.054,0,2,compressed_ring_ar
1778527640.0719345,4,167,1.227284,265.56,78.197,480.584,0,2,compressed_ring_ar
1778527640.7097704,4,168,1.202035,211.32,96.872,601.81,0,2,compressed_ring_ar
1778527641.3721704,4,169,1.285257,202.59,100.891,630.412,0,2,compressed_ring_ar
1778527642.0489924,4,170,1.523896,198.34,137.063,640.812,0,2,compressed_ring_ar
1778527642.6298738,4,171,1.178626,234.86,103.056,541.151,0,2,compressed_ring_ar
1778527643.218639,4,172,1.204725,236.47,120.154,536.582,0,2,compressed_ring_ar
1778527643.7149332,4,173,1.209601,276.25,80.166,459.592,0,2,compressed_ring_ar
1778527644.3772147,4,174,1.170861,203.28,91.12,625.178,0,2,compressed_ring_ar
1778527645.0268989,4,175,1.400444,207.27,93.372,615.497,0,2,compressed_ring_ar
1778527645.6928568,4,176,1.228799,202.64,93.257,630.29,0,2,compressed_ring_ar
1778527646.373889,4,177,1.212258,197.54,100.161,646.624,0,2,compressed_ring_ar
1778527647.0367143,4,178,1.071549,203.78,84.104,626.799,0,2,compressed_ring_ar
1778527647.6830761,4,179,1.248387,207.99,86.903,614.003,0,2,compressed_ring_ar
1778527648.3865948,4,180,0.997379,190.89,135.742,665.967,0,2,compressed_ring_ar
1778527648.8793073,4,181,1.26192,277.92,79.172,459.159,0,2,compressed_ring_ar
1778527649.4829304,4,182,1.243475,223.87,72.022,570.44,0,2,compressed_ring_ar
1778527650.0828755,4,183,1.15652,231.05,102.202,552.586,0,2,compressed_ring_ar
1778527650.7713277,4,184,1.06248,195.51,122.22,650.256,0,2,compressed_ring_ar
1778527651.3580673,4,185,1.354704,240.39,128.398,528.008,0,2,compressed_ring_ar
1778527651.8700733,4,186,1.200908,269.44,85.145,473.676,0,2,compressed_ring_ar
1778527652.5636258,4,187,1.266494,194.48,130.034,653.646,0,2,compressed_ring_ar
1778527653.2722495,4,188,1.344248,189.24,131.372,672.167,0,2,compressed_ring_ar
1778527653.8611023,4,189,1.143914,230.85,131.758,549.683,0,2,compressed_ring_ar
1778527654.4290147,4,190,1.200149,238.45,135.859,532.037,0,2,compressed_ring_ar
1778527654.926655,4,191,1.336118,274.35,80.733,465.154,0,2,compressed_ring_ar
1778527655.5964706,4,192,1.263597,201.13,94.388,634.957,0,2,compressed_ring_ar
1778527656.2952507,4,193,1.101545,192.34,137.426,660.941,0,2,compressed_ring_ar
1778527656.9035113,4,194,1.339444,222.94,135.489,572.998,0,2,compressed_ring_ar
1778527657.3750713,4,195,1.048864,89.11,80.247,445.979,0,2,compressed_ring_ar
1778527663.8629777,5,0,1.243359,197.95,102.8,645.49,0,2,compressed_ring_ar
1778527664.4896667,5,1,1.228288,221.3,116.5,577.124,0,2,compressed_ring_ar
1778527665.1637502,5,2,1.086228,200.48,142.692,634.027,0,2,compressed_ring_ar
1778527665.6915338,5,3,1.393417,258.04,83.52,494.67,0,2,compressed_ring_ar
1778527666.3932424,5,4,1.186384,193.12,133.506,658.303,0,2,compressed_ring_ar
1778527666.883851,5,5,1.226352,279.47,77.997,456.639,0,2,compressed_ring_ar
1778527667.5509326,5,6,1.270492,201.85,91.036,632.652,0,2,compressed_ring_ar
1778527668.2458136,5,7,1.341459,194.15,98.368,657.883,0,2,compressed_ring_ar
1778527668.8993986,5,8,1.232151,206.24,101.858,618.288,0,2,compressed_ring_ar
1778527669.690191,5,9,1.187898,171.73,79.961,744.087,0,2,compressed_ring_ar
1778527670.3012931,5,10,1.303893,229.9,161.561,555.523,0,2,compressed_ring_ar
1778527670.94938,5,11,1.236735,212.77,181.811,600.229,0,2,compressed_ring_ar
1778527671.5716205,5,12,1.202551,216.48,92.188,590.208,0,2,compressed_ring_ar
1778527672.1665926,5,13,1.241888,239.02,132.98,534.061,0,2,compressed_ring_ar
1778527672.7606995,5,14,1.183948,233.97,151.703,543.962,0,2,compressed_ring_ar
1778527673.4092915,5,15,1.151744,208.19,87.247,613.46,0,2,compressed_ring_ar
1778527674.0520604,5,16,1.230175,209.32,99.445,610.451,0,2,compressed_ring_ar
1778527674.650158,5,17,0.994472,230.85,113.688,553.172,0,2,compressed_ring_ar
1778527675.2959685,5,18,1.131453,208.04,90.171,610.423,0,2,compressed_ring_ar
1778527675.9509833,5,19,1.37746,205.23,92.676,620.453,0,2,compressed_ring_ar
1778527676.6218898,5,20,1.150269,200.17,101.053,638.046,0,2,compressed_ring_ar
1778527677.275551,5,21,0.977452,209.1,121.617,607.481,0,2,compressed_ring_ar
1778527677.839286,5,22,1.03763,242.24,83.732,527.028,0,2,compressed_ring_ar
1778527678.6435246,5,23,1.369667,165.97,135.061,769.044,0,2,compressed_ring_ar
1778527679.2344263,5,24,1.127621,237.9,123.787,533.274,0,2,compressed_ring_ar
1778527679.807943,5,25,1.111409,236.0,133.321,537.79,0,2,compressed_ring_ar
1778527680.3409984,5,26,1.208504,256.87,82.15,496.891,0,2,compressed_ring_ar
1778527680.971,5,27,1.146312,215.36,83.075,593.055,0,2,compressed_ring_ar
1778527681.6192405,5,28,1.098179,207.84,90.438,614.341,0,2,compressed_ring_ar
1778527682.2459602,5,29,1.089797,215.98,121.909,591.349,0,2,compressed_ring_ar
1778527682.8960643,5,30,1.222767,207.75,89.163,614.709,0,2,compressed_ring_ar
1778527683.5389397,5,31,1.174709,209.71,96.356,608.916,0,2,compressed_ring_ar
1778527684.184107,5,32,1.267426,209.47,91.686,609.991,0,2,compressed_ring_ar
1778527684.815829,5,33,1.063042,218.09,137.097,585.556,0,2,compressed_ring_ar
1778527685.528922,5,34,1.217372,188.49,128.321,674.213,0,2,compressed_ring_ar
1778527686.0306423,5,35,1.203282,275.52,80.866,461.712,0,2,compressed_ring_ar
1778527686.7000358,5,36,1.110631,200.22,90.781,637.971,0,2,compressed_ring_ar
1778527687.3249905,5,37,1.106579,216.53,89.478,589.701,0,2,compressed_ring_ar
1778527688.0378637,5,38,1.239019,187.87,123.955,680.061,0,2,compressed_ring_ar
1778527688.7367923,5,39,0.968078,191.67,129.454,663.007,0,2,compressed_ring_ar
1778527689.3326786,5,40,1.204331,227.03,120.871,562.47,0,2,compressed_ring_ar
1778527690.0521886,5,41,1.168993,187.11,127.855,680.546,0,2,compressed_ring_ar
1778527690.565485,5,42,1.308857,269.58,83.811,473.626,0,2,compressed_ring_ar
1778527691.1369803,5,43,1.168592,242.42,160.259,526.63,0,2,compressed_ring_ar
1778527691.732206,5,44,1.0505,232.22,166.131,549.789,0,2,compressed_ring_ar
1778527692.3779407,5,45,1.10235,209.04,89.296,610.912,0,2,compressed_ring_ar
1778527693.006096,5,46,1.213713,214.88,89.031,594.797,0,2,compressed_ring_ar
1778527693.5630195,5,47,1.152227,251.16,145.843,508.33,0,2,compressed_ring_ar
1778527694.1502206,5,48,1.061946,238.62,147.066,535.365,0,2,compressed_ring_ar
1778527694.7331502,5,49,1.17927,240.36,109.732,531.502,0,2,compressed_ring_ar
1778527695.3198154,5,50,1.079166,236.86,151.83,538.95,0,2,compressed_ring_ar
1778527695.9901724,5,51,1.157284,199.15,85.137,641.345,0,2,compressed_ring_ar
1778527696.6274574,5,52,1.202509,212.89,88.448,599.926,0,2,compressed_ring_ar
1778527697.275304,5,53,1.155806,211.07,82.616,605.043,0,2,compressed_ring_ar
1778527697.925815,5,54,1.149767,207.54,88.071,615.351,0,2,compressed_ring_ar
1778527698.5603297,5,55,1.102032,212.42,87.649,601.247,0,2,compressed_ring_ar
1778527699.2185402,5,56,1.105082,204.47,84.631,622.988,0,2,compressed_ring_ar
1778527699.8945537,5,57,1.209633,198.66,94.733,642.937,0,2,compressed_ring_ar
1778527700.5350096,5,58,0.999928,211.86,89.966,602.804,0,2,compressed_ring_ar
1778527701.229421,5,59,1.111862,192.91,131.654,658.721,0,2,compressed_ring_ar
1778527701.8345716,5,60,1.121858,223.48,134.006,567.733,0,2,compressed_ring_ar
1778527702.3641205,5,61,1.216104,258.38,76.219,493.092,0,2,compressed_ring_ar
1778527703.0288513,5,62,1.284647,202.66,91.2,629.335,0,2,compressed_ring_ar
1778527703.7076924,5,63,1.045577,198.15,88.1,644.558,0,2,compressed_ring_ar
1778527704.4005282,5,64,1.261886,194.69,127.13,653.039,0,2,compressed_ring_ar
1778527705.0072389,5,65,1.209078,222.4,126.134,570.861,0,2,compressed_ring_ar
1778527705.5172079,5,66,1.004543,271.67,76.735,469.761,0,2,compressed_ring_ar
1778527706.1743906,5,67,1.154581,206.72,91.602,617.763,0,2,compressed_ring_ar
1778527706.8017588,5,68,1.104325,215.06,81.148,593.816,0,2,compressed_ring_ar
1778527707.4455614,5,69,1.395043,209.34,95.87,609.992,0,2,compressed_ring_ar
1778527708.1603072,5,70,1.04874,187.19,120.413,679.171,0,2,compressed_ring_ar
1778527708.769784,5,71,1.155097,223.82,133.304,567.166,0,2,compressed_ring_ar
1778527709.2868683,5,72,1.261958,267.35,73.945,477.903,0,2,compressed_ring_ar
1778527709.897058,5,73,1.199663,229.88,109.98,555.448,0,2,compressed_ring_ar
1778527710.595793,5,74,1.132586,196.01,126.404,648.272,0,2,compressed_ring_ar
1778527711.147778,5,75,1.16292,248.47,78.706,513.876,0,2,compressed_ring_ar
1778527711.7458732,5,76,1.243211,235.03,142.7,543.241,0,2,compressed_ring_ar
1778527712.4054987,5,77,1.073009,204.48,89.525,624.629,0,2,compressed_ring_ar
1778527713.040188,5,78,1.306638,211.97,85.381,602.613,0,2,compressed_ring_ar
1778527713.6215324,5,79,1.163403,234.79,131.157,543.979,0,2,compressed_ring_ar
1778527714.2100332,5,80,1.353241,236.51,112.373,539.817,0,2,compressed_ring_ar
1778527714.8577816,5,81,1.320342,208.57,85.778,612.311,0,2,compressed_ring_ar
1778527715.554813,5,82,1.208052,192.57,101.158,662.297,0,2,compressed_ring_ar
1778527716.2139277,5,83,1.244949,204.73,150.338,620.549,0,2,compressed_ring_ar
1778527716.7810407,5,84,1.061665,240.81,112.902,526.782,0,2,compressed_ring_ar
1778527717.3381908,5,85,1.148813,244.45,122.003,519.013,0,2,compressed_ring_ar
1778527717.8543577,5,86,1.333665,263.8,94.07,483.869,0,2,compressed_ring_ar
1778527718.4993467,5,87,1.039757,209.08,125.568,610.808,0,2,compressed_ring_ar
1778527719.130771,5,88,1.170987,213.92,85.173,596.915,0,2,compressed_ring_ar
1778527719.7029524,5,89,1.041061,244.55,141.787,521.971,0,2,compressed_ring_ar
1778527720.3614318,5,90,1.055691,204.56,93.945,624.357,0,2,compressed_ring_ar
1778527721.07447,5,91,0.945152,188.03,126.799,675.91,0,2,compressed_ring_ar
1778527721.6643958,5,92,1.065015,229.53,127.646,552.94,0,2,compressed_ring_ar
1778527722.2427473,5,93,1.174538,239.39,87.763,532.583,0,2,compressed_ring_ar
1778527722.890783,5,94,1.465306,207.68,85.307,614.962,0,2,compressed_ring_ar
1778527723.5230432,5,95,1.228348,213.61,97.87,596.189,0,2,compressed_ring_ar
1778527724.246778,5,96,1.269647,185.23,87.983,687.966,0,2,compressed_ring_ar
1778527724.9398007,5,97,1.099128,193.55,82.704,659.977,0,2,compressed_ring_ar
1778527725.6487162,5,98,1.055919,190.64,129.916,666.875,0,2,compressed_ring_ar
1778527726.1592197,5,99,1.176587,268.02,83.93,476.184,0,2,compressed_ring_ar
1778527726.8252108,5,100,1.26786,202.18,104.551,630.96,0,2,compressed_ring_ar
1778527727.4730966,5,101,1.331608,209.27,89.116,610.278,0,2,compressed_ring_ar
1778527728.1545594,5,102,0.943963,197.14,97.137,648.207,0,2,compressed_ring_ar
1778527728.717945,5,103,1.14523,243.32,120.522,524.751,0,2,compressed_ring_ar
1778527729.2882102,5,104,1.231794,241.13,127.262,527.758,0,2,compressed_ring_ar
1778527729.9695015,5,105,1.099348,196.82,85.588,648.946,0,2,compressed_ring_ar
1778527730.6028137,5,106,1.283019,214.32,95.867,593.927,0,2,compressed_ring_ar
1778527731.2630339,5,107,1.13673,203.8,80.452,626.647,0,2,compressed_ring_ar
1778527731.923882,5,108,0.94928,204.04,86.765,622.918,0,2,compressed_ring_ar
1778527732.5966427,5,109,1.133369,200.3,95.605,637.622,0,2,compressed_ring_ar
1778527733.3134062,5,110,1.227168,189.37,128.806,671.19,0,2,compressed_ring_ar
1778527733.9101045,5,111,1.163793,226.5,127.238,560.328,0,2,compressed_ring_ar
1778527734.3745525,5,112,1.156934,296.16,67.373,430.983,0,2,compressed_ring_ar
1778527734.9856825,5,113,1.093599,229.11,157.879,556.449,0,2,compressed_ring_ar
1778527735.623802,5,114,1.111308,212.02,88.191,602.346,0,2,compressed_ring_ar
1778527736.2671201,5,115,1.113572,210.14,92.933,607.713,0,2,compressed_ring_ar
1778527736.8941877,5,116,1.350384,215.11,82.907,593.629,0,2,compressed_ring_ar
1778527737.5568492,5,117,1.385692,203.75,145.275,623.41,0,2,compressed_ring_ar
1778527738.1371472,5,118,1.181629,233.24,130.201,544.226,0,2,compressed_ring_ar
1778527738.6960263,5,119,1.271982,244.16,119.692,519.724,0,2,compressed_ring_ar
1778527739.2339072,5,120,1.145742,252.64,85.053,505.269,0,2,compressed_ring_ar
1778527739.8780067,5,121,1.353366,209.81,83.787,609.089,0,2,compressed_ring_ar
1778527740.5079672,5,122,1.325793,221.49,147.313,576.634,0,2,compressed_ring_ar
1778527741.117538,5,123,1.455054,223.08,92.37,570.817,0,2,compressed_ring_ar
1778527741.783558,5,124,1.131246,201.74,85.588,633.045,0,2,compressed_ring_ar
1778527742.4233496,5,125,1.223223,210.93,94.324,605.447,0,2,compressed_ring_ar
1778527743.101929,5,126,1.117687,197.55,99.099,645.758,0,2,compressed_ring_ar
1778527743.7662687,5,127,1.130744,203.29,94.337,628.34,0,2,compressed_ring_ar
1778527744.4192965,5,128,1.257658,207.03,83.089,615.22,0,2,compressed_ring_ar
1778527745.0441127,5,129,1.241888,215.33,88.627,593.169,0,2,compressed_ring_ar
1778527745.6215222,5,130,1.24227,244.2,154.313,523.181,0,2,compressed_ring_ar
1778527746.193036,5,131,1.230504,242.02,163.649,527.828,0,2,compressed_ring_ar
1778527746.7557702,5,132,1.155931,246.42,146.406,518.994,0,2,compressed_ring_ar
1778527747.3852613,5,133,1.147517,221.51,144.621,573.185,0,2,compressed_ring_ar
1778527747.9226534,5,134,1.147743,253.09,84.506,504.369,0,2,compressed_ring_ar
1778527748.573532,5,135,1.352525,206.66,86.3,618.055,0,2,compressed_ring_ar
1778527749.247934,5,136,1.087343,199.23,137.568,637.755,0,2,compressed_ring_ar
1778527749.8278937,5,137,1.20578,236.94,123.431,535.774,0,2,compressed_ring_ar
1778527750.350555,5,138,1.295772,261.05,75.46,489.174,0,2,compressed_ring_ar
1778527751.0843656,5,139,1.094556,187.38,182.959,681.652,0,2,compressed_ring_ar
1778527751.890717,5,140,1.251303,166.81,137.474,765.939,0,2,compressed_ring_ar
1778527752.7075105,5,141,1.420513,165.32,147.751,772.195,0,2,compressed_ring_ar
1778527753.398648,5,142,1.039728,194.25,91.232,654.56,0,2,compressed_ring_ar
1778527754.1677492,5,143,1.185506,173.57,107.202,736.193,0,2,compressed_ring_ar
1778527754.7739592,5,144,1.085243,227.59,82.258,561.03,0,2,compressed_ring_ar
1778527755.4056728,5,145,1.381314,214.15,115.796,596.391,0,2,compressed_ring_ar
1778527755.9604163,5,146,1.126495,245.41,81.187,520.268,0,2,compressed_ring_ar
1778527756.5864575,5,147,1.323594,215.91,93.578,591.885,0,2,compressed_ring_ar
1778527757.1493797,5,148,1.241409,247.86,142.87,515.029,0,2,compressed_ring_ar
1778527757.7137938,5,149,1.203488,243.58,126.304,524.234,0,2,compressed_ring_ar
1778527758.3319237,5,150,1.231465,220.34,121.625,579.497,0,2,compressed_ring_ar
1778527759.0170138,5,151,1.033409,196.08,123.763,648.55,0,2,compressed_ring_ar
1778527759.5361817,5,152,1.138971,264.15,84.054,483.176,0,2,compressed_ring_ar
1778527760.213155,5,153,1.198789,199.02,103.442,639.19,0,2,compressed_ring_ar
1778527760.863533,5,154,1.146108,207.02,93.187,616.929,0,2,compressed_ring_ar
1778527761.5427399,5,155,1.089428,197.76,143.092,642.491,0,2,compressed_ring_ar
1778527762.1745853,5,156,1.038055,215.11,157.541,590.7,0,2,compressed_ring_ar
1778527762.834271,5,157,1.180077,210.61,126.362,603.17,0,2,compressed_ring_ar
1778527763.3453538,5,158,1.099201,266.81,80.923,478.358,0,2,compressed_ring_ar
1778527764.0780504,5,159,1.093223,182.86,132.797,695.223,0,2,compressed_ring_ar
1778527764.6660767,5,160,1.13305,232.18,127.786,546.917,0,2,compressed_ring_ar
1778527765.2494266,5,161,1.123734,234.05,120.122,542.352,0,2,compressed_ring_ar
1778527765.812474,5,162,1.197698,241.26,122.834,525.741,0,2,compressed_ring_ar
1778527766.381921,5,163,1.241328,237.83,121.494,533.48,0,2,compressed_ring_ar
1778527766.945094,5,164,1.299881,241.69,119.159,525.144,0,2,compressed_ring_ar
1778527767.4823031,5,165,1.348401,254.3,86.64,501.931,0,2,compressed_ring_ar
1778527768.149042,5,166,1.272258,202.54,90.792,627.772,0,2,compressed_ring_ar
1778527768.830184,5,167,1.208993,199.22,91.061,640.264,0,2,compressed_ring_ar
1778527769.4909446,5,168,1.24355,203.51,95.95,627.579,0,2,compressed_ring_ar
1778527770.2174284,5,169,1.255401,185.99,146.377,683.657,0,2,compressed_ring_ar
1778527770.7339044,5,170,1.206896,264.08,80.933,483.523,0,2,compressed_ring_ar
1778527771.3804638,5,171,1.203794,209.52,92.199,609.701,0,2,compressed_ring_ar
1778527772.0264008,5,172,1.476418,212.67,167.565,597.259,0,2,compressed_ring_ar
1778527772.576683,5,173,1.208042,246.93,123.598,513.65,0,2,compressed_ring_ar
1778527773.1674788,5,174,1.087103,229.37,128.646,553.311,0,2,compressed_ring_ar
1778527773.7370932,5,175,1.050588,240.76,107.48,530.449,0,2,compressed_ring_ar
1778527774.3895237,5,176,1.136601,210.82,74.281,605.951,0,2,compressed_ring_ar
1778527774.983896,5,177,1.031726,236.32,140.547,537.167,0,2,compressed_ring_ar
1778527775.6978269,5,178,1.260287,187.85,109.216,680.122,0,2,compressed_ring_ar
1778527776.297542,5,179,1.1402,231.77,74.471,550.948,0,2,compressed_ring_ar
1778527776.9053962,5,180,1.232055,230.65,143.313,553.533,0,2,compressed_ring_ar
1778527777.6138794,5,181,1.109033,189.15,129.052,672.028,0,2,compressed_ring_ar
1778527778.1993282,5,182,1.218964,231.92,123.685,547.367,0,2,compressed_ring_ar
1778527778.7113924,5,183,1.082056,266.82,76.035,478.359,0,2,compressed_ring_ar
1778527779.3599603,5,184,1.260452,207.67,90.698,614.97,0,2,compressed_ring_ar
1778527780.005438,5,185,1.161603,208.96,108.887,611.147,0,2,compressed_ring_ar
1778527780.7239218,5,186,1.193542,189.01,128.055,672.273,0,2,compressed_ring_ar
1778527781.2988741,5,187,1.149553,236.55,140.612,536.671,0,2,compressed_ring_ar
1778527781.8008673,5,188,1.108539,280.3,77.684,455.192,0,2,compressed_ring_ar
1778527782.501672,5,189,1.113828,191.2,128.583,664.878,0,2,compressed_ring_ar
1778527783.0887969,5,190,1.169542,230.75,120.056,550.634,0,2,compressed_ring_ar
1778527783.6448956,5,191,1.089598,244.88,122.913,518.081,0,2,compressed_ring_ar
1778527784.2332795,5,192,1.157382,233.02,127.839,544.545,0,2,compressed_ring_ar
1778527784.7316456,5,193,1.154507,274.29,80.776,465.243,0,2,compressed_ring_ar
1778527785.412533,5,194,1.056846,199.97,92.284,638.86,0,2,compressed_ring_ar
1778527785.9628723,5,195,1.349501,75.34,184.867,529.704,0,2,compressed_ring_ar
1778527792.8817568,6,0,1.118798,175.36,122.289,725.091,0,2,compressed_ring_ar
1778527793.476844,6,1,1.244443,228.01,130.6,559.914,0,2,compressed_ring_ar
1778527794.1913579,6,2,1.269869,189.25,128.969,672.08,0,2,compressed_ring_ar
1778527794.7483342,6,3,1.168855,247.1,119.731,513.41,0,2,compressed_ring_ar
1778527795.318819,6,4,1.117274,237.09,136.722,535.42,0,2,compressed_ring_ar
1778527795.9047377,6,5,1.164283,231.36,127.748,548.563,0,2,compressed_ring_ar
1778527796.4557784,6,6,1.346858,246.18,134.558,515.191,0,2,compressed_ring_ar
1778527797.0461364,6,7,0.987415,235.87,127.756,538.176,0,2,compressed_ring_ar
1778527797.61234,6,8,1.223864,240.3,127.262,527.816,0,2,compressed_ring_ar
1778527798.162208,6,9,1.205421,246.7,126.03,514.227,0,2,compressed_ring_ar
1778527798.7124918,6,10,1.076577,248.91,119.296,509.668,0,2,compressed_ring_ar
1778527799.311431,6,11,1.167433,225.68,109.374,565.814,0,2,compressed_ring_ar
1778527799.954535,6,12,1.048961,210.12,97.843,607.785,0,2,compressed_ring_ar
1778527800.60233,6,13,1.316159,216.87,192.977,585.449,0,2,compressed_ring_ar
1778527801.203268,6,14,1.014444,224.93,136.949,564.288,0,2,compressed_ring_ar
1778527801.7453945,6,15,1.313721,253.11,124.095,501.166,0,2,compressed_ring_ar
1778527802.3965397,6,16,1.068667,206.9,136.721,613.768,0,2,compressed_ring_ar
1778527802.9276307,6,17,1.098786,255.82,124.178,495.778,0,2,compressed_ring_ar
1778527803.5411985,6,18,1.141094,220.19,125.354,576.685,0,2,compressed_ring_ar
1778527804.0768492,6,19,1.152814,253.78,116.518,499.98,0,2,compressed_ring_ar
1778527804.6494408,6,20,1.18548,236.61,119.481,536.532,0,2,compressed_ring_ar
1778527805.211005,6,21,1.28231,242.45,118.908,523.085,0,2,compressed_ring_ar
1778527805.771242,6,22,1.195429,242.17,122.127,523.976,0,2,compressed_ring_ar
1778527806.346334,6,23,1.109939,235.3,137.834,539.913,0,2,compressed_ring_ar
1778527806.9184422,6,24,1.233272,237.85,122.959,533.773,0,2,compressed_ring_ar
1778527807.5243957,6,25,1.032723,225.66,149.39,562.883,0,2,compressed_ring_ar
1778527808.1053345,6,26,1.136114,235.44,105.85,540.843,0,2,compressed_ring_ar
1778527808.815928,6,27,1.255592,188.48,130.67,674.202,0,2,compressed_ring_ar
1778527809.3908815,6,28,1.033467,237.22,123.653,534.981,0,2,compressed_ring_ar
1778527809.9632943,6,29,1.114915,237.62,125.913,534.044,0,2,compressed_ring_ar
1778527810.54673,6,30,1.122718,232.86,133.663,545.051,0,2,compressed_ring_ar
1778527811.13849,6,31,1.273632,228.53,123.113,555.503,0,2,compressed_ring_ar
1778527811.7223377,6,32,1.152031,232.05,119.296,546.769,0,2,compressed_ring_ar
1778527812.284185,6,33,1.217873,241.17,132.873,525.902,0,2,compressed_ring_ar
1778527812.8829105,6,34,1.037177,228.06,110.766,559.83,0,2,compressed_ring_ar
1778527813.5970323,6,35,1.152882,189.58,120.425,673.745,0,2,compressed_ring_ar
1778527814.2874458,6,36,1.144986,196.56,123.035,646.647,0,2,compressed_ring_ar
1778527814.8768086,6,37,1.020701,231.73,118.515,547.93,0,2,compressed_ring_ar
1778527815.4412537,6,38,1.04606,242.21,101.659,527.043,0,2,compressed_ring_ar
1778527816.1176202,6,39,1.117903,197.86,131.882,645.523,0,2,compressed_ring_ar
1778527816.8210468,6,40,1.108355,190.57,130.341,669.413,0,2,compressed_ring_ar
1778527817.551557,6,41,1.179499,183.32,121.499,696.826,0,2,compressed_ring_ar
1778527818.4675028,6,42,1.21367,144.69,159.066,880.438,0,2,compressed_ring_ar
1778527819.3122907,6,43,1.209781,164.04,121.928,775.651,0,2,compressed_ring_ar
1778527819.8760633,6,44,0.99601,240.58,110.293,530.688,0,2,compressed_ring_ar
1778527820.5493217,6,45,1.057005,200.05,134.437,635.359,0,2,compressed_ring_ar
1778527821.1168594,6,46,1.137193,238.59,128.165,531.982,0,2,compressed_ring_ar
1778527821.6760921,6,47,1.152246,242.42,119.789,525.88,0,2,compressed_ring_ar
1778527822.283877,6,48,1.165393,222.68,101.681,572.735,0,2,compressed_ring_ar
1778527822.978193,6,49,1.149741,193.57,162.048,659.895,0,2,compressed_ring_ar
1778527823.6184306,6,50,1.104138,211.3,157.31,601.383,0,2,compressed_ring_ar
1778527824.1893716,6,51,1.229988,240.97,123.216,526.84,0,2,compressed_ring_ar
1778527824.7391627,6,52,1.221848,248.27,118.684,511.078,0,2,compressed_ring_ar
1778527825.3057454,6,53,1.156094,239.88,115.872,529.894,0,2,compressed_ring_ar
1778527825.8913858,6,54,1.036217,233.53,113.332,543.264,0,2,compressed_ring_ar
1778527826.4759405,6,55,1.023998,231.33,124.879,548.693,0,2,compressed_ring_ar
1778527827.012404,6,56,1.17241,255.22,118.802,496.839,0,2,compressed_ring_ar
1778527827.604009,6,57,1.217451,228.07,126.613,556.313,0,2,compressed_ring_ar
1778527828.1488452,6,58,1.104514,250.43,124.769,506.398,0,2,compressed_ring_ar
1778527828.7132928,6,59,1.377678,239.97,116.669,529.222,0,2,compressed_ring_ar
1778527829.3090208,6,60,1.319975,229.57,133.315,552.855,0,2,compressed_ring_ar
1778527829.873777,6,61,1.208345,241.3,122.112,525.993,0,2,compressed_ring_ar
1778527830.4920075,6,62,1.16035,218.88,118.543,583.512,0,2,compressed_ring_ar
1778527831.1996768,6,63,1.129222,190.32,142.186,667.65,0,2,compressed_ring_ar
1778527831.7050126,6,64,1.119359,269.42,76.791,473.722,0,2,compressed_ring_ar
1778527832.4062471,6,65,1.181354,191.18,140.335,665.379,0,2,compressed_ring_ar
1778527832.9957414,6,66,1.219362,230.56,125.123,550.542,0,2,compressed_ring_ar
1778527833.578937,6,67,1.02705,233.14,117.364,547.678,0,2,compressed_ring_ar
1778527834.2342389,6,68,1.151377,206.23,118.791,616.2,0,2,compressed_ring_ar
1778527834.8140028,6,69,0.966817,234.28,104.326,544.104,0,2,compressed_ring_ar
1778527835.5287788,6,70,1.045953,187.98,135.426,676.445,0,2,compressed_ring_ar
1778527836.080562,6,71,1.295831,253.26,120.23,501.59,0,2,compressed_ring_ar
1778527836.6712606,6,72,1.050411,229.15,133.043,554.088,0,2,compressed_ring_ar
1778527837.2368672,6,73,1.1247,240.8,123.635,527.105,0,2,compressed_ring_ar
1778527837.8130493,6,74,1.200917,235.03,124.221,539.803,0,2,compressed_ring_ar
1778527838.3851383,6,75,1.183965,236.64,120.429,536.665,0,2,compressed_ring_ar
1778527839.001822,6,76,1.153403,219.02,120.516,580.391,0,2,compressed_ring_ar
1778527839.608577,6,77,1.181878,223.07,107.737,572.439,0,2,compressed_ring_ar
1778527840.312726,6,78,1.186995,191.37,160.139,665.133,0,2,compressed_ring_ar
1778527840.8787692,6,79,1.137214,240.64,116.198,527.456,0,2,compressed_ring_ar
1778527841.4517124,6,80,1.185137,236.42,108.282,540.036,0,2,compressed_ring_ar
1778527842.0954828,6,81,1.166975,209.65,90.855,609.132,0,2,compressed_ring_ar
1778527842.8129025,6,82,1.139056,186.8,135.383,680.27,0,2,compressed_ring_ar
1778527843.3841293,6,83,1.078503,237.52,104.099,537.531,0,2,compressed_ring_ar
1778527844.0732834,6,84,1.129698,195.31,142.535,650.951,0,2,compressed_ring_ar
1778527844.6524796,6,85,1.055161,236.31,136.321,537.088,0,2,compressed_ring_ar
1778527845.2444062,6,86,1.115387,233.84,134.195,543.25,0,2,compressed_ring_ar
1778527845.8126333,6,87,1.236517,238.04,128.013,533.06,0,2,compressed_ring_ar
1778527846.3994887,6,88,1.429657,230.76,128.007,549.781,0,2,compressed_ring_ar
1778527846.9460843,6,89,1.049289,249.37,127.058,508.579,0,2,compressed_ring_ar
1778527847.548202,6,90,1.133389,224.79,123.669,564.839,0,2,compressed_ring_ar
1778527848.1310349,6,91,1.151577,234.94,124.354,540.016,0,2,compressed_ring_ar
1778527848.685646,6,92,1.225424,244.32,131.831,519.936,0,2,compressed_ring_ar
1778527849.270486,6,93,0.979573,231.27,113.607,552.115,0,2,compressed_ring_ar
1778527849.971331,6,94,1.079747,191.83,144.423,662.497,0,2,compressed_ring_ar
1778527850.5915697,6,95,1.046362,217.49,132.33,583.714,0,2,compressed_ring_ar
1778527851.177199,6,96,1.066379,236.09,121.14,537.654,0,2,compressed_ring_ar
1778527851.7499464,6,97,0.93487,237.05,131.596,535.653,0,2,compressed_ring_ar
1778527852.349276,6,98,1.130853,225.45,100.83,564.655,0,2,compressed_ring_ar
1778527853.1028676,6,99,1.07179,177.22,120.293,717.66,0,2,compressed_ring_ar
1778527853.6462123,6,100,1.186495,250.36,130.339,506.679,0,2,compressed_ring_ar
1778527854.217913,6,101,0.964967,240.95,120.247,526.379,0,2,compressed_ring_ar
1778527854.7859783,6,102,1.080715,241.05,129.432,526.447,0,2,compressed_ring_ar
1778527855.3486896,6,103,1.052188,241.06,123.006,526.314,0,2,compressed_ring_ar
1778527855.9132557,6,104,1.103789,241.06,135.73,526.515,0,2,compressed_ring_ar
1778527856.4974618,6,105,1.097464,231.44,125.808,548.354,0,2,compressed_ring_ar
1778527857.0571048,6,106,1.098663,245.27,123.525,516.996,0,2,compressed_ring_ar
1778527857.644706,6,107,1.271357,229.89,127.818,552.215,0,2,compressed_ring_ar
1778527858.2186255,6,108,1.120325,247.27,125.808,513.22,0,2,compressed_ring_ar
1778527858.7884445,6,109,1.093756,237.71,128.505,533.521,0,2,compressed_ring_ar
1778527859.381639,6,110,0.976627,229.47,129.457,553.144,0,2,compressed_ring_ar
1778527859.9745996,6,111,1.10876,227.66,140.014,557.636,0,2,compressed_ring_ar
1778527860.5504029,6,112,1.118603,235.96,124.294,538.018,0,2,compressed_ring_ar
1778527861.1705506,6,113,1.082823,217.47,117.232,587.338,0,2,compressed_ring_ar
1778527861.9003334,6,114,1.094997,190.63,139.334,666.889,0,2,compressed_ring_ar
1778527862.4926353,6,115,1.128214,228.34,132.066,555.895,0,2,compressed_ring_ar
1778527863.0360353,6,116,0.981502,250.27,122.908,506.979,0,2,compressed_ring_ar
1778527863.605626,6,117,0.988477,237.4,129.564,534.608,0,2,compressed_ring_ar
1778527864.1744435,6,118,1.047711,238.95,125.474,531.08,0,2,compressed_ring_ar
1778527864.750565,6,119,1.097133,234.64,121.863,540.861,0,2,compressed_ring_ar
1778527865.2921863,6,120,1.171173,251.72,105.641,507.079,0,2,compressed_ring_ar
1778527866.0127802,6,121,0.884935,185.76,119.049,687.688,0,2,compressed_ring_ar
1778527866.7130573,6,122,1.061822,191.97,125.237,661.939,0,2,compressed_ring_ar
1778527867.272737,6,123,1.124756,245.85,104.834,519.294,0,2,compressed_ring_ar
1778527867.9632106,6,124,0.907859,194.19,122.443,657.798,0,2,compressed_ring_ar
1778527868.6565976,6,125,1.045657,193.64,129.895,656.344,0,2,compressed_ring_ar
1778527869.218178,6,126,1.128795,242.44,104.563,526.536,0,2,compressed_ring_ar
1778527869.9482985,6,127,1.092643,184.32,117.084,693.079,0,2,compressed_ring_ar
1778527870.680838,6,128,1.05468,184.05,120.627,691.029,0,2,compressed_ring_ar
1778527871.3643782,6,129,1.154342,198.09,125.861,641.727,0,2,compressed_ring_ar
1778527871.9940915,6,130,1.082005,214.11,137.706,593.955,0,2,compressed_ring_ar
1778527872.6056855,6,131,1.035681,224.32,129.468,566.053,0,2,compressed_ring_ar
1778527873.1707134,6,132,1.207697,240.73,121.507,527.188,0,2,compressed_ring_ar
1778527873.703985,6,133,1.045758,255.28,119.465,496.914,0,2,compressed_ring_ar
1778527874.2907884,6,134,1.151175,230.29,126.71,551.226,0,2,compressed_ring_ar
1778527874.8788683,6,135,1.154835,230.54,100.483,553.83,0,2,compressed_ring_ar
1778527875.5110269,6,136,1.043513,215.51,119.45,589.084,0,2,compressed_ring_ar
1778527876.0797963,6,137,1.061189,237.04,135.586,535.461,0,2,compressed_ring_ar
1778527876.6389558,6,138,1.14843,243.42,123.188,521.208,0,2,compressed_ring_ar
1778527877.204708,6,139,1.12396,240.11,123.014,528.264,0,2,compressed_ring_ar
1778527877.8492746,6,140,1.056171,211.22,147.477,601.229,0,2,compressed_ring_ar
1778527878.424182,6,141,1.248174,237.22,127.642,535.168,0,2,compressed_ring_ar
1778527879.012778,6,142,1.196986,230.26,132.438,551.201,0,2,compressed_ring_ar
1778527879.5703614,6,143,1.122802,243.19,122.672,522.351,0,2,compressed_ring_ar
1778527880.1632729,6,144,1.049341,229.49,121.703,552.899,0,2,compressed_ring_ar
1778527880.7235901,6,145,1.112077,245.82,128.725,516.123,0,2,compressed_ring_ar
1778527881.2951865,6,146,1.164594,240.43,119.034,528.549,0,2,compressed_ring_ar
1778527881.8997107,6,147,0.821305,224.41,126.841,565.927,0,2,compressed_ring_ar
1778527882.4630873,6,148,1.11622,244.17,114.278,522.949,0,2,compressed_ring_ar
1778527883.127664,6,149,0.996911,204.63,122.495,622.887,0,2,compressed_ring_ar
1778527883.818696,6,150,1.103639,194.31,154.163,653.958,0,2,compressed_ring_ar
1778527884.385936,6,151,1.015824,239.12,133.368,530.772,0,2,compressed_ring_ar
1778527884.9951072,6,152,0.9027,222.44,121.359,570.756,0,2,compressed_ring_ar
1778527885.5744004,6,153,1.327096,234.02,133.842,542.31,0,2,compressed_ring_ar
1778527886.215964,6,154,1.053584,211.04,144.597,601.84,0,2,compressed_ring_ar
1778527886.8141186,6,155,1.204833,226.76,131.414,559.765,0,2,compressed_ring_ar
1778527887.4096246,6,156,1.140862,228.5,134.197,555.594,0,2,compressed_ring_ar
1778527888.045057,6,157,0.944893,213.17,132.635,595.043,0,2,compressed_ring_ar
1778527888.6177425,6,158,1.002601,238.45,126.554,532.046,0,2,compressed_ring_ar
1778527889.1977754,6,159,1.091897,233.13,104.837,547.65,0,2,compressed_ring_ar
1778527889.9244385,6,160,1.177925,185.31,127.554,686.249,0,2,compressed_ring_ar
1778527890.5120602,6,161,0.947192,232.36,120.533,546.122,0,2,compressed_ring_ar
1778527891.1077144,6,162,1.089332,226.96,126.741,559.542,0,2,compressed_ring_ar
1778527891.7014463,6,163,1.023593,229.06,122.411,554.284,0,2,compressed_ring_ar
1778527892.316157,6,164,1.178377,219.73,123.577,577.695,0,2,compressed_ring_ar
1778527892.8693209,6,165,1.052005,247.93,106.009,514.907,0,2,compressed_ring_ar
1778527893.6175115,6,166,1.117847,182.34,133.174,697.112,0,2,compressed_ring_ar
1778527894.1817617,6,167,0.972819,244.49,112.475,522.115,0,2,compressed_ring_ar
1778527894.8719194,6,168,0.960132,194.59,126.501,653.273,0,2,compressed_ring_ar
1778527895.439116,6,169,1.057842,239.02,104.852,534.118,0,2,compressed_ring_ar
1778527896.1400616,6,170,0.939918,191.55,139.931,664.159,0,2,compressed_ring_ar
1778527896.7518785,6,171,1.040825,221.02,124.758,574.544,0,2,compressed_ring_ar
1778527897.4360733,6,172,1.045429,196.37,160.32,647.302,0,2,compressed_ring_ar
1778527898.023911,6,173,1.143951,230.61,110.627,553.632,0,2,compressed_ring_ar
1778527898.6747818,6,174,0.999537,206.49,123.304,615.516,0,2,compressed_ring_ar
1778527899.2217312,6,175,1.015865,253.1,128.894,500.842,0,2,compressed_ring_ar
1778527899.7938612,6,176,1.083083,236.33,118.14,537.806,0,2,compressed_ring_ar
1778527900.3779519,6,177,1.207636,231.22,137.24,548.797,0,2,compressed_ring_ar
1778527900.9321716,6,178,1.28966,246.44,119.891,514.882,0,2,compressed_ring_ar
1778527901.53251,6,179,1.103842,224.83,128.391,564.649,0,2,compressed_ring_ar
1778527902.0913801,6,180,1.082472,242.71,124.547,522.677,0,2,compressed_ring_ar
1778527902.676681,6,181,1.049494,232.06,127.801,546.958,0,2,compressed_ring_ar
1778527903.2703893,6,182,1.235756,227.69,124.529,557.826,0,2,compressed_ring_ar
1778527903.887131,6,183,1.106719,219.01,135.149,579.887,0,2,compressed_ring_ar
1778527904.520504,6,184,1.071616,218.45,122.34,584.632,0,2,compressed_ring_ar
1778527905.2494957,6,185,1.173115,184.06,136.569,690.641,0,2,compressed_ring_ar
1778527905.7832274,6,186,1.28367,255.89,121.252,495.829,0,2,compressed_ring_ar
1778527906.4048243,6,187,1.014194,219.2,145.143,579.159,0,2,compressed_ring_ar
1778527906.9563546,6,188,1.002915,250.11,111.394,507.183,0,2,compressed_ring_ar
1778527907.5567114,6,189,1.125031,225.68,124.98,562.761,0,2,compressed_ring_ar
1778527908.1072292,6,190,1.118533,246.83,116.676,513.769,0,2,compressed_ring_ar
1778527908.6965663,6,191,1.034501,230.42,125.911,550.584,0,2,compressed_ring_ar
1778527909.2653308,6,192,1.075817,238.6,131.433,531.748,0,2,compressed_ring_ar
1778527909.7966456,6,193,1.028307,255.31,116.196,496.698,0,2,compressed_ring_ar
1778527910.4567027,6,194,1.116005,205.29,157.213,622.318,0,2,compressed_ring_ar
1778527910.9772065,6,195,1.210395,78.72,124.459,503.76,0,2,compressed_ring_ar
1778527917.453049,7,0,1.136353,181.23,127.884,701.488,0,2,compressed_ring_ar
1778527918.0248494,7,1,1.107617,237.27,122.017,535.173,0,2,compressed_ring_ar
1778527918.5949728,7,2,0.880267,238.5,121.683,531.728,0,2,compressed_ring_ar
1778527919.160832,7,3,1.264607,239.64,124.551,529.372,0,2,compressed_ring_ar
1778527919.7615888,7,4,1.134503,225.42,131.317,563.193,0,2,compressed_ring_ar
1778527920.3416073,7,5,1.11325,232.96,144.289,544.928,0,2,compressed_ring_ar
1778527920.9203477,7,6,1.028255,234.25,117.709,542.69,0,2,compressed_ring_ar
1778527921.5156798,7,7,1.209203,227.16,130.851,558.905,0,2,compressed_ring_ar
1778527922.099391,7,8,0.986476,232.42,129.037,546.329,0,2,compressed_ring_ar
1778527922.6726093,7,9,1.243572,239.24,127.223,530.55,0,2,compressed_ring_ar
1778527923.2433052,7,10,1.080101,240.24,120.837,528.034,0,2,compressed_ring_ar
1778527923.8366287,7,11,1.062056,228.1,123.825,556.619,0,2,compressed_ring_ar
1778527924.4272122,7,12,1.164564,229.46,121.793,553.038,0,2,compressed_ring_ar
1778527925.0232913,7,13,1.08071,226.69,126.028,560.147,0,2,compressed_ring_ar
1778527925.6328058,7,14,0.916249,222.41,127.701,570.771,0,2,compressed_ring_ar
1778527926.2250693,7,15,1.211381,229.73,122.305,552.726,0,2,compressed_ring_ar
1778527926.8049824,7,16,1.182056,233.87,137.825,542.636,0,2,compressed_ring_ar
1778527927.3757327,7,17,1.159151,236.96,129.617,535.431,0,2,compressed_ring_ar
1778527927.9185548,7,18,1.217092,249.99,120.747,507.467,0,2,compressed_ring_ar
1778527928.5127418,7,19,1.005599,227.48,122.401,558.049,0,2,compressed_ring_ar
1778527929.0556436,7,20,1.282003,251.24,121.513,504.766,0,2,compressed_ring_ar
1778527929.662412,7,21,1.015798,222.72,130.668,570.176,0,2,compressed_ring_ar
1778527930.2484245,7,22,1.014106,232.46,128.42,546.03,0,2,compressed_ring_ar
1778527930.8155794,7,23,1.073395,243.55,106.895,524.233,0,2,compressed_ring_ar
1778527931.4020457,7,24,1.154397,234.85,125.43,540.571,0,2,compressed_ring_ar
1778527931.992139,7,25,0.993366,229.37,126.937,553.298,0,2,compressed_ring_ar
1778527932.552126,7,26,1.154782,241.88,126.026,524.612,0,2,compressed_ring_ar
1778527933.1458688,7,27,1.070113,227.61,128.498,557.811,0,2,compressed_ring_ar
1778527933.718035,7,28,1.091926,237.22,122.997,534.62,0,2,compressed_ring_ar
1778527934.2574983,7,29,1.065274,251.93,122.29,503.49,0,2,compressed_ring_ar
1778527934.8443556,7,30,1.134005,231.11,127.22,548.98,0,2,compressed_ring_ar
1778527935.4175258,7,31,1.119926,237.5,135.099,534.036,0,2,compressed_ring_ar
1778527935.9660447,7,32,0.961944,246.25,129.595,515.31,0,2,compressed_ring_ar
1778527936.5773084,7,33,1.167337,222.46,138.062,570.589,0,2,compressed_ring_ar
1778527937.1516883,7,34,1.007297,235.83,123.655,538.278,0,2,compressed_ring_ar
1778527937.768115,7,35,0.983662,218.81,126.758,580.34,0,2,compressed_ring_ar
1778527938.3215547,7,36,1.040096,244.98,121.943,517.961,0,2,compressed_ring_ar
1778527938.9065237,7,37,1.059129,232.62,107.949,548.841,0,2,compressed_ring_ar
1778527939.595491,7,38,1.216563,195.33,111.148,654.023,0,2,compressed_ring_ar
1778527940.3371787,7,39,1.025311,180.24,112.079,708.795,0,2,compressed_ring_ar
1778527941.0382752,7,40,1.174801,192.0,114.329,665.254,0,2,compressed_ring_ar
1778527941.802434,7,41,1.010408,175.06,157.348,726.523,0,2,compressed_ring_ar
1778527942.4257023,7,42,0.886485,217.49,150.665,583.752,0,2,compressed_ring_ar
1778527943.0124657,7,43,1.245612,232.47,135.406,545.932,0,2,compressed_ring_ar
1778527943.6785166,7,44,1.117075,202.64,131.644,626.87,0,2,compressed_ring_ar
1778527944.33026,7,45,1.230232,211.86,125.013,599.347,0,2,compressed_ring_ar
1778527944.9123695,7,46,0.957186,232.56,129.929,545.995,0,2,compressed_ring_ar
1778527945.5154798,7,47,1.230508,225.33,126.705,563.55,0,2,compressed_ring_ar
1778527946.091005,7,48,1.228813,235.06,123.953,539.964,0,2,compressed_ring_ar
1778527946.679583,7,49,0.962001,237.87,129.611,533.513,0,2,compressed_ring_ar
1778527947.2716146,7,50,1.300428,232.37,132.41,547.448,0,2,compressed_ring_ar
1778527947.8550277,7,51,0.97223,235.0,100.392,543.282,0,2,compressed_ring_ar
1778527948.5877366,7,52,1.084746,182.79,123.486,695.45,0,2,compressed_ring_ar
1778527949.1433501,7,53,1.180621,243.85,125.667,520.373,0,2,compressed_ring_ar
1778527949.7254038,7,54,1.155377,233.38,129.567,543.768,0,2,compressed_ring_ar
1778527950.3204195,7,55,0.99247,227.35,135.869,559.192,0,2,compressed_ring_ar
1778527950.876105,7,56,1.192576,246.21,113.549,518.643,0,2,compressed_ring_ar
1778527951.6120458,7,57,0.970371,181.78,141.989,702.803,0,2,compressed_ring_ar
1778527952.3265896,7,58,1.015993,187.37,128.191,678.201,0,2,compressed_ring_ar
1778527952.8877454,7,59,1.156254,244.3,122.92,519.875,0,2,compressed_ring_ar
1778527953.5188184,7,60,0.939511,213.94,133.828,593.746,0,2,compressed_ring_ar
1778527954.1126893,7,61,1.103071,228.08,120.522,556.475,0,2,compressed_ring_ar
1778527954.7013829,7,62,1.017979,230.33,123.25,550.991,0,2,compressed_ring_ar
1778527955.2875412,7,63,0.920923,231.07,118.557,549.391,0,2,compressed_ring_ar
1778527955.86448,7,64,1.005178,235.64,121.926,538.41,0,2,compressed_ring_ar
1778527956.4175134,7,65,1.172738,244.95,108.761,521.142,0,2,compressed_ring_ar
1778527957.117988,7,66,0.963231,191.48,133.74,663.892,0,2,compressed_ring_ar
1778527957.7286274,7,67,1.208318,221.06,135.168,574.52,0,2,compressed_ring_ar
1778527958.3171835,7,68,1.035009,237.27,106.534,538.086,0,2,compressed_ring_ar
1778527959.0153131,7,69,1.100311,193.62,116.737,659.683,0,2,compressed_ring_ar
1778527959.7678452,7,70,1.000066,178.04,130.29,715.879,0,2,compressed_ring_ar
1778527960.4970949,7,71,1.149488,183.25,132.997,697.104,0,2,compressed_ring_ar
1778527961.1595166,7,72,1.132243,203.24,106.725,628.42,0,2,compressed_ring_ar
1778527961.8644814,7,73,1.035592,189.98,141.542,668.965,0,2,compressed_ring_ar
1778527962.4527645,7,74,1.145578,230.47,117.389,553.98,0,2,compressed_ring_ar
1778527963.140344,7,75,1.060699,195.17,118.346,654.439,0,2,compressed_ring_ar
1778527963.8345623,7,76,1.320449,193.24,108.171,661.022,0,2,compressed_ring_ar
1778527964.535975,7,77,1.12923,191.51,136.115,664.095,0,2,compressed_ring_ar
1778527965.0901265,7,78,1.036447,245.09,123.053,517.634,0,2,compressed_ring_ar
1778527965.6667418,7,79,1.08961,235.24,102.182,542.975,0,2,compressed_ring_ar
1778527966.3275886,7,80,1.095018,203.23,119.187,625.074,0,2,compressed_ring_ar
1778527966.9285142,7,81,0.955227,225.74,123.358,562.389,0,2,compressed_ring_ar
1778527967.4985323,7,82,1.11266,237.43,128.162,534.344,0,2,compressed_ring_ar
1778527968.0668583,7,83,0.963727,239.12,106.343,533.914,0,2,compressed_ring_ar
1778527968.8001149,7,84,0.976649,184.23,142.117,690.139,0,2,compressed_ring_ar
1778527969.3600469,7,85,1.232233,243.57,108.34,524.154,0,2,compressed_ring_ar
1778527970.0461812,7,86,1.144571,196.13,130.027,647.875,0,2,compressed_ring_ar
1778527970.613778,7,87,0.971371,238.14,129.496,532.83,0,2,compressed_ring_ar
1778527971.1796882,7,88,1.116123,239.37,122.526,530.206,0,2,compressed_ring_ar
1778527971.7598996,7,89,0.843909,235.02,121.281,539.967,0,2,compressed_ring_ar
1778527972.323083,7,90,0.962041,240.27,122.45,527.82,0,2,compressed_ring_ar
1778527972.8801463,7,91,1.235853,245.96,104.634,519.017,0,2,compressed_ring_ar
1778527973.560978,7,92,1.046139,197.27,129.551,644.208,0,2,compressed_ring_ar
1778527974.168007,7,93,1.087943,224.69,122.116,564.987,0,2,compressed_ring_ar
1778527974.7561283,7,94,1.077902,230.53,129.303,551.318,0,2,compressed_ring_ar
1778527975.3288062,7,95,1.150014,237.26,124.905,534.73,0,2,compressed_ring_ar
1778527975.8914237,7,96,1.190226,241.29,127.439,526.106,0,2,compressed_ring_ar
1778527976.4971294,7,97,0.959955,223.81,126.593,567.113,0,2,compressed_ring_ar
1778527977.0522892,7,98,0.992599,244.38,128.201,519.665,0,2,compressed_ring_ar
1778527977.6153755,7,99,1.217937,241.83,127.13,524.677,0,2,compressed_ring_ar
1778527978.19134,7,100,1.038123,235.53,123.903,539.058,0,2,compressed_ring_ar
1778527978.7696133,7,101,1.08515,235.29,132.263,539.708,0,2,compressed_ring_ar
1778527979.383401,7,102,0.923425,221.1,131.172,574.277,0,2,compressed_ring_ar
1778527980.0267172,7,103,0.939655,211.04,131.544,601.97,0,2,compressed_ring_ar
1778527980.6125925,7,104,1.122982,230.72,106.804,553.37,0,2,compressed_ring_ar
1778527981.2995832,7,105,1.16633,195.52,116.616,653.265,0,2,compressed_ring_ar
1778527982.0517788,7,106,0.930207,177.93,125.394,714.902,0,2,compressed_ring_ar
1778527982.6181655,7,107,1.091718,239.8,111.047,530.742,0,2,compressed_ring_ar
1778527983.3380573,7,108,1.109027,186.16,107.567,685.385,0,2,compressed_ring_ar
1778527984.0593414,7,109,1.00417,186.23,128.374,685.838,0,2,compressed_ring_ar
1778527984.7866542,7,110,1.133355,183.95,124.981,691.369,0,2,compressed_ring_ar
1778527985.4571116,7,111,1.074666,201.09,149.829,635.339,0,2,compressed_ring_ar
1778527986.1431859,7,112,1.036636,203.29,124.753,625.863,0,2,compressed_ring_ar
1778527986.7440712,7,113,1.088532,226.14,104.744,564.581,0,2,compressed_ring_ar
1778527987.4218097,7,114,0.984428,198.39,133.561,640.759,0,2,compressed_ring_ar
1778527987.9893334,7,115,1.037471,239.3,131.698,530.208,0,2,compressed_ring_ar
1778527988.5640883,7,116,1.004244,236.54,129.325,536.575,0,2,compressed_ring_ar
1778527989.1479263,7,117,1.042934,244.57,117.242,518.523,0,2,compressed_ring_ar
1778527989.740373,7,118,0.98975,228.09,139.853,556.522,0,2,compressed_ring_ar
1778527990.3617241,7,119,1.268891,222.27,139.978,571.011,0,2,compressed_ring_ar
1778527990.9623134,7,120,0.826217,225.18,109.141,565.36,0,2,compressed_ring_ar
1778527991.671128,7,121,1.028581,189.31,120.678,671.631,0,2,compressed_ring_ar
1778527992.4156365,7,122,1.149108,179.58,125.082,711.409,0,2,compressed_ring_ar
1778527993.0903873,7,123,1.125473,198.82,124.995,639.145,0,2,compressed_ring_ar
1778527993.6707323,7,124,0.968609,233.44,120.225,543.74,0,2,compressed_ring_ar
1778527994.249813,7,125,1.021938,234.51,125.03,541.833,0,2,compressed_ring_ar
1778527994.8753304,7,126,1.064641,215.65,130.07,588.937,0,2,compressed_ring_ar
1778527995.434561,7,127,0.939568,243.35,102.317,524.576,0,2,compressed_ring_ar
1778527996.1244147,7,128,1.053606,194.33,131.827,653.983,0,2,compressed_ring_ar
1778527996.7296734,7,129,1.015132,223.64,106.435,569.966,0,2,compressed_ring_ar
1778527997.4625113,7,130,1.199841,182.72,133.112,695.761,0,2,compressed_ring_ar
1778527998.035822,7,131,0.925164,238.9,132.19,531.19,0,2,compressed_ring_ar
1778527998.6328428,7,132,1.025005,226.43,125.083,560.477,0,2,compressed_ring_ar
1778527999.1992762,7,133,1.057694,240.08,137.966,528.44,0,2,compressed_ring_ar
1778527999.786613,7,134,1.314545,232.22,129.992,546.607,0,2,compressed_ring_ar
1778528000.4061015,7,135,1.107787,218.44,144.674,582.527,0,2,compressed_ring_ar
1778528001.0631263,7,136,1.209134,208.18,150.129,610.463,0,2,compressed_ring_ar
1778528001.7038794,7,137,1.039053,217.9,105.096,586.023,0,2,compressed_ring_ar
1778528002.409832,7,138,1.099325,191.33,136.718,664.554,0,2,compressed_ring_ar
1778528002.9711134,7,139,1.130362,241.4,128.384,526.36,0,2,compressed_ring_ar
1778528003.542074,7,140,0.932335,237.43,121.405,534.353,0,2,compressed_ring_ar
1778528004.1463099,7,141,1.125392,223.53,125.323,568.06,0,2,compressed_ring_ar
1778528004.7509544,7,142,0.951992,223.91,131.764,567.209,0,2,compressed_ring_ar
1778528005.3149865,7,143,1.027461,240.47,110.62,530.852,0,2,compressed_ring_ar
1778528005.9988265,7,144,1.15077,195.8,127.585,649.423,0,2,compressed_ring_ar
1778528006.570648,7,145,0.89508,237.09,126.899,535.162,0,2,compressed_ring_ar
1778528007.116743,7,146,1.268799,248.59,120.642,510.184,0,2,compressed_ring_ar
1778528007.6733623,7,147,1.023937,245.68,119.341,516.515,0,2,compressed_ring_ar
1778528008.2873573,7,148,1.017979,220.08,133.922,576.999,0,2,compressed_ring_ar
1778528008.8809133,7,149,1.071916,228.41,120.785,559.112,0,2,compressed_ring_ar
1778528009.5930448,7,150,1.004269,188.92,129.796,676.099,0,2,compressed_ring_ar
1778528010.2808042,7,151,1.017959,196.31,130.236,647.439,0,2,compressed_ring_ar
1778528010.8753061,7,152,1.020463,238.47,120.492,535.479,0,2,compressed_ring_ar
1778528011.545745,7,153,1.069999,202.2,118.739,631.666,0,2,compressed_ring_ar
1778528012.242669,7,154,0.982961,194.83,114.061,655.538,0,2,compressed_ring_ar
1778528012.9545422,7,155,0.961606,188.24,140.066,675.592,0,2,compressed_ring_ar
1778528013.569408,7,156,0.990537,219.43,126.129,578.636,0,2,compressed_ring_ar
1778528014.1694539,7,157,1.115058,226.96,129.652,559.223,0,2,compressed_ring_ar
1778528014.8134565,7,158,1.094922,210.42,150.89,603.321,0,2,compressed_ring_ar
1778528015.3674212,7,159,1.050349,248.25,121.142,511.015,0,2,compressed_ring_ar
1778528015.9677515,7,160,1.070153,226.37,121.14,560.817,0,2,compressed_ring_ar
1778528016.5821667,7,161,1.185199,219.77,112.175,581.181,0,2,compressed_ring_ar
1778528017.3060071,7,162,1.096226,185.31,121.466,685.869,0,2,compressed_ring_ar
1778528017.8621535,7,163,1.007677,243.88,127.274,520.826,0,2,compressed_ring_ar
1778528018.4581015,7,164,0.957107,227.9,120.816,556.849,0,2,compressed_ring_ar
1778528019.0394323,7,165,0.955688,232.68,108.868,548.677,0,2,compressed_ring_ar
1778528019.7305322,7,166,1.028568,194.46,107.841,656.867,0,2,compressed_ring_ar
1778528020.4198556,7,167,1.292627,195.22,160.168,651.15,0,2,compressed_ring_ar
1778528020.9970155,7,168,1.165869,234.55,107.679,544.428,0,2,compressed_ring_ar
1778528021.6732216,7,169,0.932865,199.35,112.709,640.742,0,2,compressed_ring_ar
1778528022.4069314,7,170,1.059471,182.44,108.702,700.218,0,2,compressed_ring_ar
1778528023.0820355,7,171,0.964641,200.74,136.451,633.746,0,2,compressed_ring_ar
1778528023.6437078,7,172,1.044014,241.08,117.389,526.355,0,2,compressed_ring_ar
1778528024.2565353,7,173,1.030667,222.82,119.337,569.831,0,2,compressed_ring_ar
1778528024.8714037,7,174,0.953306,219.74,120.723,577.973,0,2,compressed_ring_ar
1778528025.5287976,7,175,1.03035,209.75,143.898,605.548,0,2,compressed_ring_ar
1778528026.1082263,7,176,1.222435,232.6,125.369,546.234,0,2,compressed_ring_ar
1778528026.7103975,7,177,1.161787,224.97,105.442,567.634,0,2,compressed_ring_ar
1778528027.4496603,7,178,1.095285,180.91,129.639,702.749,0,2,compressed_ring_ar
1778528028.040909,7,179,1.300782,230.1,139.968,551.474,0,2,compressed_ring_ar
1778528028.610475,7,180,1.025617,245.13,102.693,520.779,0,2,compressed_ring_ar
1778528029.340895,7,181,1.144046,183.17,133.001,694.018,0,2,compressed_ring_ar
1778528029.9163516,7,182,1.054174,235.72,136.729,538.545,0,2,compressed_ring_ar
1778528030.5161014,7,183,1.164834,225.64,110.306,564.761,0,2,compressed_ring_ar
1778528031.2473974,7,184,1.119043,183.88,120.61,691.455,0,2,compressed_ring_ar
1778528031.8149083,7,185,1.154921,249.44,121.651,509.337,0,2,compressed_ring_ar
1778528032.4033117,7,186,1.035818,232.21,122.499,546.5,0,2,compressed_ring_ar
1778528033.0070207,7,187,0.975595,223.33,143.244,568.474,0,2,compressed_ring_ar
1778528033.6048884,7,188,0.975134,232.24,123.556,546.536,0,2,compressed_ring_ar
1778528034.1863458,7,189,1.022827,233.11,138.883,544.677,0,2,compressed_ring_ar
1778528034.7530546,7,190,1.070279,239.45,124.955,530.111,0,2,compressed_ring_ar
1778528035.3183177,7,191,1.140911,239.96,122.113,528.943,0,2,compressed_ring_ar
1778528035.8959785,7,192,0.964396,237.27,123.098,535.331,0,2,compressed_ring_ar
1778528036.4746292,7,193,1.080208,234.41,128.133,541.238,0,2,compressed_ring_ar
1778528037.051667,7,194,1.028796,236.71,128.523,539.516,0,2,compressed_ring_ar
1778528037.5792432,7,195,1.305267,78.29,130.043,506.431,0,2,compressed_ring_ar
1778528044.0812004,8,0,0.941162,179.51,140.236,708.395,0,2,compressed_ring_ar
1778528044.5910835,8,1,1.085981,269.94,79.273,472.767,0,2,compressed_ring_ar
1778528045.3009644,8,2,1.016761,188.95,121.642,672.777,0,2,compressed_ring_ar
1778528045.863071,8,3,1.055751,240.75,101.702,530.279,0,2,compressed_ring_ar
1778528046.5468233,8,4,1.088432,196.28,110.717,649.83,0,2,compressed_ring_ar
1778528047.2760515,8,5,1.124817,183.71,120.877,691.963,0,2,compressed_ring_ar
1778528047.823171,8,6,1.177282,247.86,123.797,512.285,0,2,compressed_ring_ar
1778528048.328244,8,7,0.961798,272.11,85.198,468.219,0,2,compressed_ring_ar
1778528049.026311,8,8,1.13263,192.12,128.463,662.13,0,2,compressed_ring_ar
1778528049.5308058,8,9,1.076427,273.68,80.873,466.297,0,2,compressed_ring_ar
1778528050.2701433,8,10,1.046095,180.78,131.794,706.638,0,2,compressed_ring_ar
1778528050.9071255,8,11,1.157056,217.38,124.872,584.885,0,2,compressed_ring_ar
1778528051.4858055,8,12,1.091297,234.04,103.269,544.865,0,2,compressed_ring_ar
1778528052.20222,8,13,1.07671,186.67,123.611,684.311,0,2,compressed_ring_ar
1778528052.8373737,8,14,1.196462,212.92,82.71,599.784,0,2,compressed_ring_ar
1778528053.5312793,8,15,0.854928,194.41,122.327,653.685,0,2,compressed_ring_ar
1778528054.0497336,8,16,1.17791,263.27,85.422,482.173,0,2,compressed_ring_ar
1778528054.7183547,8,17,1.155975,202.17,101.625,631.955,0,2,compressed_ring_ar
1778528055.4338086,8,18,0.872608,187.84,122.031,676.895,0,2,compressed_ring_ar
1778528056.0400434,8,19,1.020422,222.22,121.636,571.308,0,2,compressed_ring_ar
1778528056.6466196,8,20,1.033018,235.01,134.353,539.861,0,2,compressed_ring_ar
1778528057.1665554,8,21,1.047431,261.8,85.098,487.996,0,2,compressed_ring_ar
1778528057.8014896,8,22,1.024392,221.8,141.182,575.664,0,2,compressed_ring_ar
1778528058.5307143,8,23,0.936249,184.11,138.344,690.797,0,2,compressed_ring_ar
1778528059.0271497,8,24,0.985825,276.07,80.617,462.233,0,2,compressed_ring_ar
1778528059.6662054,8,25,0.920876,211.34,94.517,604.263,0,2,compressed_ring_ar
1778528060.2739334,8,26,0.991986,222.49,72.085,574.046,0,2,compressed_ring_ar
1778528060.940187,8,27,0.887796,213.36,143.685,595.187,0,2,compressed_ring_ar
1778528061.4963229,8,28,1.104802,251.59,127.576,504.091,0,2,compressed_ring_ar
1778528062.0668483,8,29,1.017067,237.94,131.176,533.441,0,2,compressed_ring_ar
1778528062.6618392,8,30,1.04413,228.55,106.693,558.773,0,2,compressed_ring_ar
1778528063.2326932,8,31,1.037824,241.05,96.012,529.608,0,2,compressed_ring_ar
1778528063.8928084,8,32,0.973325,205.13,83.295,622.745,0,2,compressed_ring_ar
1778528064.4582448,8,33,1.039312,242.27,76.465,527.195,0,2,compressed_ring_ar
1778528065.1331313,8,34,0.951409,201.48,204.693,634.146,0,2,compressed_ring_ar
1778528065.7341483,8,35,1.201081,228.36,77.214,559.192,0,2,compressed_ring_ar
1778528066.4008288,8,36,1.229046,201.3,84.239,634.803,0,2,compressed_ring_ar
1778528067.0305152,8,37,1.010066,220.36,146.148,576.254,0,2,compressed_ring_ar
1778528067.593166,8,38,1.127583,241.87,122.937,528.014,0,2,compressed_ring_ar
1778528068.1512752,8,39,1.172933,246.83,75.82,517.489,0,2,compressed_ring_ar
1778528068.7178774,8,40,1.084962,249.63,122.66,511.397,0,2,compressed_ring_ar
1778528069.4088504,8,41,1.131507,193.98,117.92,655.047,0,2,compressed_ring_ar
1778528069.9811509,8,42,1.112086,245.72,129.238,516.142,0,2,compressed_ring_ar
1778528070.5239391,8,43,1.083817,250.71,88.749,509.192,0,2,compressed_ring_ar
1778528071.1665187,8,44,0.921565,211.18,76.855,604.718,0,2,compressed_ring_ar
1778528071.8154902,8,45,1.079674,207.8,87.731,614.692,0,2,compressed_ring_ar
1778528072.481771,8,46,1.002143,202.01,84.78,632.193,0,2,compressed_ring_ar
1778528073.0830564,8,47,1.035906,226.88,85.328,562.723,0,2,compressed_ring_ar
1778528073.734142,8,48,1.110837,207.1,92.52,616.756,0,2,compressed_ring_ar
1778528074.343391,8,49,1.020368,224.28,86.026,569.303,0,2,compressed_ring_ar
1778528074.982072,8,50,1.05403,211.26,100.758,604.705,0,2,compressed_ring_ar
1778528075.5713108,8,51,1.135355,235.37,132.826,542.431,0,2,compressed_ring_ar
1778528076.2857382,8,52,1.024907,188.45,114.939,677.994,0,2,compressed_ring_ar
1778528076.908809,8,53,0.944189,217.33,76.728,586.325,0,2,compressed_ring_ar
1778528077.585471,8,54,1.12906,197.98,142.871,642.23,0,2,compressed_ring_ar
1778528078.154666,8,55,1.262816,238.01,104.702,536.446,0,2,compressed_ring_ar
1778528078.8703485,8,56,1.028907,187.67,131.539,677.363,0,2,compressed_ring_ar
1778528079.3790355,8,57,1.124723,267.84,79.274,476.634,0,2,compressed_ring_ar
1778528080.0247304,8,58,1.056073,208.08,130.966,613.875,0,2,compressed_ring_ar
1778528080.7276464,8,59,1.086637,190.71,119.9,666.669,0,2,compressed_ring_ar
1778528081.2794714,8,60,0.797142,246.9,76.204,517.014,0,2,compressed_ring_ar
1778528081.9130034,8,61,1.011061,215.73,78.549,592.312,0,2,compressed_ring_ar
1778528082.5176568,8,62,1.00605,225.2,127.437,564.473,0,2,compressed_ring_ar
1778528083.1858065,8,63,0.969711,201.07,85.376,634.38,0,2,compressed_ring_ar
1778528083.835337,8,64,1.008283,208.53,97.437,612.435,0,2,compressed_ring_ar
1778528084.5244772,8,65,0.970127,194.64,82.202,656.211,0,2,compressed_ring_ar
1778528085.1724026,8,66,1.04278,208.54,84.492,610.788,0,2,compressed_ring_ar
1778528085.8526795,8,67,0.846192,195.9,98.1,651.956,0,2,compressed_ring_ar
1778528086.5629458,8,68,1.089995,188.39,101.966,674.974,0,2,compressed_ring_ar
1778528087.217993,8,69,1.252683,208.13,91.619,614.015,0,2,compressed_ring_ar
1778528087.9170358,8,70,0.986775,196.29,208.63,649.969,0,2,compressed_ring_ar
1778528088.4692633,8,71,1.09268,247.41,72.038,516.149,0,2,compressed_ring_ar
1778528089.0330284,8,72,1.034887,246.04,125.435,518.841,0,2,compressed_ring_ar
1778528089.72571,8,73,1.172578,194.5,115.655,653.71,0,2,compressed_ring_ar
1778528090.2587,8,74,1.152139,255.85,81.476,499.197,0,2,compressed_ring_ar
1778528090.980624,8,75,1.101911,190.1,139.132,668.726,0,2,compressed_ring_ar
1778528091.5046809,8,76,0.91627,259.91,96.325,488.023,0,2,compressed_ring_ar
1778528092.1596537,8,77,0.970082,205.4,89.752,621.843,0,2,compressed_ring_ar
1778528092.8069046,8,78,0.846158,208.12,84.235,611.847,0,2,compressed_ring_ar
1778528093.444293,8,79,1.103057,211.13,83.725,604.915,0,2,compressed_ring_ar
1778528094.0886364,8,80,1.228723,209.28,76.969,610.295,0,2,compressed_ring_ar
1778528094.7637744,8,81,0.973138,198.97,93.538,641.909,0,2,compressed_ring_ar
1778528095.4252145,8,82,0.879369,204.22,98.839,622.591,0,2,compressed_ring_ar
1778528096.076757,8,83,1.088078,206.43,93.71,618.96,0,2,compressed_ring_ar
1778528096.6759052,8,84,0.921907,229.99,158.05,554.365,0,2,compressed_ring_ar
1778528097.3650334,8,85,0.909864,194.45,102.103,657.097,0,2,compressed_ring_ar
1778528097.9936187,8,86,1.048787,218.49,82.303,584.704,0,2,compressed_ring_ar
1778528098.6170378,8,87,1.077058,221.6,167.356,576.214,0,2,compressed_ring_ar
1778528099.138845,8,88,0.924667,262.95,72.918,485.583,0,2,compressed_ring_ar
1778528099.7325115,8,89,0.928706,231.32,157.528,552.085,0,2,compressed_ring_ar
1778528100.3268857,8,90,0.923078,234.88,140.04,541.083,0,2,compressed_ring_ar
1778528100.9710133,8,91,0.905828,217.09,81.908,588.133,0,2,compressed_ring_ar
1778528101.5933623,8,92,0.838455,217.19,120.994,587.955,0,2,compressed_ring_ar
1778528102.2771351,8,93,1.104459,196.27,135.029,647.988,0,2,compressed_ring_ar
1778528102.8724675,8,94,1.044421,227.02,131.272,559.233,0,2,compressed_ring_ar
1778528103.4416165,8,95,1.056747,238.36,127.419,532.165,0,2,compressed_ring_ar
1778528104.0046887,8,96,1.045174,240.96,117.94,526.586,0,2,compressed_ring_ar
1778528104.5917156,8,97,0.985161,230.56,137.455,550.785,0,2,compressed_ring_ar
1778528105.1467807,8,98,0.970471,246.57,121.097,514.598,0,2,compressed_ring_ar
1778528105.784024,8,99,0.974017,212.87,115.439,599.973,0,2,compressed_ring_ar
1778528106.499167,8,100,0.999365,187.83,106.074,680.077,0,2,compressed_ring_ar
1778528107.1829238,8,101,0.984971,201.78,86.78,632.93,0,2,compressed_ring_ar
1778528107.8577166,8,102,1.115059,199.67,95.273,639.819,0,2,compressed_ring_ar
1778528108.4727945,8,103,1.193132,225.29,148.874,566.8,0,2,compressed_ring_ar
1778528109.199582,8,104,1.055117,186.24,102.018,685.448,0,2,compressed_ring_ar
1778528109.7768695,8,105,0.994574,240.1,133.881,531.865,0,2,compressed_ring_ar
1778528110.4785616,8,106,1.091022,196.42,178.452,650.315,0,2,compressed_ring_ar
1778528111.0874302,8,107,1.07296,222.52,82.208,570.811,0,2,compressed_ring_ar
1778528111.7470403,8,108,1.046968,203.58,87.975,627.417,0,2,compressed_ring_ar
1778528112.4130967,8,109,1.151535,202.21,138.956,628.362,0,2,compressed_ring_ar
1778528112.991189,8,110,0.939517,242.58,125.57,523.172,0,2,compressed_ring_ar
1778528113.4672816,8,111,1.04687,287.82,72.1,443.355,0,2,compressed_ring_ar
1778528114.0511422,8,112,1.005347,235.93,144.641,539.455,0,2,compressed_ring_ar
1778528114.6937697,8,113,0.899049,209.29,80.349,609.936,0,2,compressed_ring_ar
1778528115.3302064,8,114,1.088153,211.27,104.278,604.39,0,2,compressed_ring_ar
1778528115.9596775,8,115,0.84403,214.3,89.137,596.01,0,2,compressed_ring_ar
1778528116.592891,8,116,1.25025,213.09,126.451,597.709,0,2,compressed_ring_ar
1778528117.2961245,8,117,1.003993,190.63,94.499,670.587,0,2,compressed_ring_ar
1778528117.932385,8,118,0.985396,226.87,128.935,563.153,0,2,compressed_ring_ar
1778528118.5258777,8,119,0.997114,234.26,158.152,544.923,0,2,compressed_ring_ar
1778528119.1811929,8,120,1.016701,207.54,91.62,615.37,0,2,compressed_ring_ar
1778528119.828421,8,121,0.949821,208.77,92.239,611.848,0,2,compressed_ring_ar
1778528120.4940324,8,122,1.099126,203.1,86.887,628.063,0,2,compressed_ring_ar
1778528121.176175,8,123,1.040591,197.92,97.572,643.612,0,2,compressed_ring_ar
1778528121.9446292,8,124,1.00655,178.29,119.401,713.101,0,2,compressed_ring_ar
1778528122.4527533,8,125,0.894617,268.09,88.367,476.105,0,2,compressed_ring_ar
1778528123.0956166,8,126,0.948044,212.41,92.161,601.212,0,2,compressed_ring_ar
1778528123.7820952,8,127,0.98569,195.49,131.757,650.239,0,2,compressed_ring_ar
1778528124.3623655,8,128,0.994116,233.18,131.991,544.036,0,2,compressed_ring_ar
1778528124.9186132,8,129,1.065577,247.75,128.464,512.018,0,2,compressed_ring_ar
1778528125.4609618,8,130,1.085384,251.35,121.361,507.958,0,2,compressed_ring_ar
1778528126.0548985,8,131,1.013039,230.54,121.638,550.498,0,2,compressed_ring_ar
1778528126.6290994,8,132,1.02416,235.7,138.938,538.33,0,2,compressed_ring_ar
1778528127.1893144,8,133,1.155382,246.19,129.673,515.583,0,2,compressed_ring_ar
1778528127.7500648,8,134,1.044284,241.85,131.53,524.549,0,2,compressed_ring_ar
1778528128.3247223,8,135,1.237117,238.16,127.217,532.942,0,2,compressed_ring_ar
1778528128.8378797,8,136,0.992377,266.61,84.215,478.713,0,2,compressed_ring_ar
1778528129.581875,8,137,0.902161,180.03,124.241,709.657,0,2,compressed_ring_ar
1778528130.1877236,8,138,0.98713,225.8,70.546,565.511,0,2,compressed_ring_ar
1778528130.7859855,8,139,1.127173,233.48,129.883,546.82,0,2,compressed_ring_ar
1778528131.5043406,8,140,1.105617,186.23,113.249,682.898,0,2,compressed_ring_ar
1778528132.1993818,8,141,1.049403,193.24,138.881,657.697,0,2,compressed_ring_ar
1778528132.7792213,8,142,1.108214,233.28,126.798,544.019,0,2,compressed_ring_ar
1778528133.3723752,8,143,0.991335,228.1,135.885,556.48,0,2,compressed_ring_ar
1778528133.964719,8,144,1.045413,228.31,119.648,556.199,0,2,compressed_ring_ar
1778528134.5359051,8,145,1.085793,237.81,121.243,534.025,0,2,compressed_ring_ar
1778528135.112928,8,146,0.808794,235.46,117.19,539.063,0,2,compressed_ring_ar
1778528135.6961095,8,147,0.913542,233.8,128.117,543.612,0,2,compressed_ring_ar
1778528136.2302418,8,148,1.0284,257.5,82.931,494.022,0,2,compressed_ring_ar
1778528136.9073026,8,149,0.895878,198.35,89.199,644.149,0,2,compressed_ring_ar
1778528137.5739062,8,150,0.922394,201.44,130.178,634.08,0,2,compressed_ring_ar
1778528138.1604912,8,151,0.987715,235.37,82.992,542.468,0,2,compressed_ring_ar
1778528138.7886102,8,152,1.005115,215.56,116.061,592.4,0,2,compressed_ring_ar
1778528139.4863403,8,153,0.997015,193.93,102.387,658.623,0,2,compressed_ring_ar
1778528140.1470883,8,154,0.809281,205.2,100.76,622.853,0,2,compressed_ring_ar
1778528140.87012,8,155,0.959114,191.6,214.042,666.757,0,2,compressed_ring_ar
1778528141.558913,8,156,1.072104,200.64,111.765,635.047,0,2,compressed_ring_ar
1778528142.207632,8,157,1.043962,211.09,85.319,605.193,0,2,compressed_ring_ar
1778528142.9671519,8,158,1.012545,175.62,138.955,724.162,0,2,compressed_ring_ar
1778528143.4726365,8,159,0.896253,271.3,79.285,470.626,0,2,compressed_ring_ar
1778528144.0718584,8,160,0.933912,231.43,135.418,550.632,0,2,compressed_ring_ar
1778528144.7046154,8,161,1.23916,213.47,92.742,598.167,0,2,compressed_ring_ar
1778528145.3267448,8,162,0.994453,217.81,90.394,586.243,0,2,compressed_ring_ar
1778528145.9634972,8,163,0.946379,210.92,87.081,605.649,0,2,compressed_ring_ar
1778528146.5507834,8,164,1.043792,231.87,122.717,550.716,0,2,compressed_ring_ar
1778528147.210035,8,165,0.886545,205.95,95.332,620.092,0,2,compressed_ring_ar
1778528147.8896663,8,166,1.034693,197.9,97.871,645.521,0,2,compressed_ring_ar
1778528148.4825702,8,167,1.055399,230.41,76.426,554.133,0,2,compressed_ring_ar
1778528149.1122406,8,168,0.983762,215.08,68.286,593.997,0,2,compressed_ring_ar
1778528149.7270584,8,169,1.121127,222.1,159.068,571.599,0,2,compressed_ring_ar
1778528150.2786782,8,170,0.902797,246.74,80.403,517.53,0,2,compressed_ring_ar
1778528150.9098108,8,171,0.958674,216.71,88.957,586.151,0,2,compressed_ring_ar
1778528151.5892322,8,172,1.022859,200.19,92.871,638.04,0,2,compressed_ring_ar
1778528152.2656996,8,173,1.059321,200.2,125.972,634.593,0,2,compressed_ring_ar
1778528152.8423629,8,174,1.002464,235.6,123.851,538.705,0,2,compressed_ring_ar
1778528153.3542724,8,175,1.004,268.69,82.441,475.048,0,2,compressed_ring_ar
1778528154.0010505,8,176,0.971575,208.35,94.686,612.989,0,2,compressed_ring_ar
1778528154.6262324,8,177,0.990226,216.54,81.936,589.715,0,2,compressed_ring_ar
1778528155.2799618,8,178,0.983417,206.94,79.88,617.123,0,2,compressed_ring_ar
1778528155.9390116,8,179,1.029066,204.02,83.383,625.966,0,2,compressed_ring_ar
1778528156.5810065,8,180,1.018067,209.97,83.699,608.184,0,2,compressed_ring_ar
1778528157.2756314,8,181,1.170504,194.03,128.864,655.055,0,2,compressed_ring_ar
1778528157.7798135,8,182,0.997082,271.47,82.398,467.142,0,2,compressed_ring_ar
1778528158.4883676,8,183,1.046008,189.31,136.89,671.694,0,2,compressed_ring_ar
1778528159.047285,8,184,0.962258,242.47,93.88,526.54,0,2,compressed_ring_ar
1778528159.7254186,8,185,0.949563,207.48,89.188,615.592,0,2,compressed_ring_ar
1778528160.3426983,8,186,0.934896,229.12,137.782,557.739,0,2,compressed_ring_ar
1778528160.9661775,8,187,0.898779,227.69,159.74,560.753,0,2,compressed_ring_ar
1778528161.6066413,8,188,0.839731,211.54,86.876,603.712,0,2,compressed_ring_ar
1778528162.3204715,8,189,1.003282,189.01,144.049,672.854,0,2,compressed_ring_ar
1778528162.912515,8,190,1.16308,228.26,139.544,556.388,0,2,compressed_ring_ar
1778528163.4790223,8,191,1.148618,239.78,121.997,529.918,0,2,compressed_ring_ar
1778528164.0049944,8,192,1.022852,259.08,79.016,492.712,0,2,compressed_ring_ar
1778528164.6555095,8,193,0.975045,207.34,89.288,615.953,0,2,compressed_ring_ar
1778528165.3580582,8,194,0.868039,190.83,129.263,669.504,0,2,compressed_ring_ar
1778528165.9216793,8,195,1.001082,73.83,130.152,537.362,0,2,compressed_ring_ar
1778528172.3836274,9,0,0.898527,187.23,118.833,682.222,0,2,compressed_ring_ar
1778528173.0581927,9,1,0.991076,202.92,120.671,628.64,0,2,compressed_ring_ar
1778528173.7696757,9,2,1.167556,188.72,124.811,673.634,0,2,compressed_ring_ar
1778528174.2731643,9,3,1.049896,271.92,79.503,468.471,0,2,compressed_ring_ar
1778528174.944945,9,4,0.890126,200.14,90.974,638.199,0,2,compressed_ring_ar
1778528175.8036778,9,5,1.040171,157.52,90.228,810.448,0,2,compressed_ring_ar
1778528176.457982,9,6,1.125675,205.14,111.748,619.603,0,2,compressed_ring_ar
1778528177.1149795,9,7,0.990855,205.61,93.722,621.155,0,2,compressed_ring_ar
1778528177.7561965,9,8,1.076698,210.49,88.661,606.724,0,2,compressed_ring_ar
1778528178.4625556,9,9,0.866874,191.06,130.289,665.469,0,2,compressed_ring_ar
1778528179.020761,9,10,1.066927,242.82,108.242,525.87,0,2,compressed_ring_ar
1778528179.7353706,9,11,0.884325,187.42,113.99,681.582,0,2,compressed_ring_ar
1778528180.49874,9,12,1.020255,175.05,120.307,729.925,0,2,compressed_ring_ar
1778528181.1500726,9,13,1.067879,207.25,125.057,612.897,0,2,compressed_ring_ar
1778528181.663968,9,14,0.950508,267.04,83.418,477.042,0,2,compressed_ring_ar
1778528182.313208,9,15,1.137199,207.22,76.452,616.344,0,2,compressed_ring_ar
1778528182.9601288,9,16,0.967748,208.76,84.971,611.75,0,2,compressed_ring_ar
1778528183.722072,9,17,0.877226,178.07,141.763,714.319,0,2,compressed_ring_ar
1778528184.2381275,9,18,0.887466,266.46,80.839,478.965,0,2,compressed_ring_ar
1778528184.857809,9,19,0.985937,217.22,78.666,587.881,0,2,compressed_ring_ar
1778528185.5018919,9,20,0.925504,209.16,80.256,610.636,0,2,compressed_ring_ar
1778528186.2175834,9,21,1.239482,188.74,124.061,675.94,0,2,compressed_ring_ar
1778528186.8952153,9,22,1.031743,198.45,96.325,643.59,0,2,compressed_ring_ar
1778528187.6086476,9,23,1.063637,190.48,141.915,667.455,0,2,compressed_ring_ar
1778528188.1372273,9,24,0.954123,261.91,86.149,487.28,0,2,compressed_ring_ar
1778528188.760433,9,25,1.10841,216.74,88.818,589.21,0,2,compressed_ring_ar
1778528189.4290638,9,26,0.97312,200.98,97.108,635.692,0,2,compressed_ring_ar
1778528190.0333993,9,27,0.972422,232.46,106.876,546.097,0,2,compressed_ring_ar
1778528190.7290657,9,28,0.834186,193.49,100.987,660.165,0,2,compressed_ring_ar
1778528191.4111726,9,29,0.90658,196.77,132.485,645.737,0,2,compressed_ring_ar
1778528192.0000784,9,30,0.925934,231.25,122.911,548.959,0,2,compressed_ring_ar
1778528192.5469089,9,31,0.872084,250.84,96.742,507.928,0,2,compressed_ring_ar
1778528193.281447,9,32,0.857735,181.81,120.302,702.735,0,2,compressed_ring_ar
1778528193.8959603,9,33,0.887313,221.12,127.793,577.56,0,2,compressed_ring_ar
1778528194.5234737,9,34,1.042287,222.46,135.716,570.687,0,2,compressed_ring_ar
1778528195.0560858,9,35,1.061005,265.87,83.19,480.115,0,2,compressed_ring_ar
1778528195.6904283,9,36,0.958874,212.77,99.564,600.138,0,2,compressed_ring_ar
1778528196.3569117,9,37,1.002296,201.69,91.555,633.152,0,2,compressed_ring_ar
1778528196.991202,9,38,1.094108,217.49,80.784,587.13,0,2,compressed_ring_ar
1778528197.684116,9,39,0.901365,198.34,91.104,642.278,0,2,compressed_ring_ar
1778528198.3744485,9,40,0.903894,197.97,93.644,645.141,0,2,compressed_ring_ar
1778528199.0299587,9,41,1.059736,206.46,81.808,618.567,0,2,compressed_ring_ar
1778528199.6608975,9,42,0.829929,214.06,93.008,593.559,0,2,compressed_ring_ar
1778528200.3200333,9,43,1.099126,203.84,84.623,625.869,0,2,compressed_ring_ar
1778528200.9350822,9,44,1.03004,221.42,127.149,576.731,0,2,compressed_ring_ar
1778528201.5642993,9,45,0.989621,216.62,87.299,589.467,0,2,compressed_ring_ar
1778528202.2334845,9,46,0.997865,200.75,101.36,636.228,0,2,compressed_ring_ar
1778528202.8820894,9,47,1.093413,207.86,81.824,614.382,0,2,compressed_ring_ar
1778528203.546983,9,48,1.006755,202.37,98.998,631.064,0,2,compressed_ring_ar
1778528204.2096877,9,49,1.010831,202.5,99.541,630.73,0,2,compressed_ring_ar
1778528204.8847759,9,50,1.049162,198.95,114.557,641.155,0,2,compressed_ring_ar
1778528205.5391939,9,51,1.051276,208.31,79.023,613.085,0,2,compressed_ring_ar
1778528206.1920328,9,52,0.908839,206.01,92.313,618.411,0,2,compressed_ring_ar
1778528206.8395772,9,53,0.937686,207.75,91.306,614.848,0,2,compressed_ring_ar
1778528207.521712,9,54,0.943569,199.2,129.957,637.904,0,2,compressed_ring_ar
1778528208.0954556,9,55,0.921327,236.11,129.315,537.399,0,2,compressed_ring_ar
1778528208.6831572,9,56,0.862394,232.02,123.212,546.925,0,2,compressed_ring_ar
1778528209.2742603,9,57,1.073857,228.43,137.439,555.79,0,2,compressed_ring_ar
1778528209.8509507,9,58,0.890983,234.89,103.785,543.529,0,2,compressed_ring_ar
1778528210.545702,9,59,1.089391,193.94,152.075,655.486,0,2,compressed_ring_ar
1778528211.0929034,9,60,1.037302,248.2,86.749,511.329,0,2,compressed_ring_ar
1778528211.8041916,9,61,1.000021,188.88,135.281,672.894,0,2,compressed_ring_ar
1778528212.3750975,9,62,1.184619,243.63,105.593,523.946,0,2,compressed_ring_ar
1778528213.044732,9,63,0.965076,200.66,88.348,636.685,0,2,compressed_ring_ar
1778528213.7531216,9,64,1.006564,193.96,126.611,655.099,0,2,compressed_ring_ar
1778528214.364931,9,65,0.988242,221.2,129.931,574.219,0,2,compressed_ring_ar
1778528214.9322314,9,66,1.020949,239.04,119.667,530.898,0,2,compressed_ring_ar
1778528215.4452639,9,67,1.199109,268.0,70.258,475.994,0,2,compressed_ring_ar
1778528216.0617476,9,68,0.949725,221.39,160.735,576.81,0,2,compressed_ring_ar
1778528216.7150476,9,69,0.864006,208.77,88.395,610.087,0,2,compressed_ring_ar
1778528217.433758,9,70,0.877062,186.23,129.182,685.929,0,2,compressed_ring_ar
1778528218.0544622,9,71,1.132119,217.62,86.132,586.788,0,2,compressed_ring_ar
1778528218.6947129,9,72,0.963929,210.71,77.651,606.308,0,2,compressed_ring_ar
1778528219.3080268,9,73,0.853373,228.21,133.771,559.476,0,2,compressed_ring_ar
1778528219.9705372,9,74,0.923915,202.87,89.134,629.855,0,2,compressed_ring_ar
1778528220.667543,9,75,1.110061,192.66,139.597,660.624,0,2,compressed_ring_ar
1778528221.216042,9,76,1.240593,249.29,102.49,512.1,0,2,compressed_ring_ar
1778528221.8592787,9,77,1.156073,214.37,122.821,592.375,0,2,compressed_ring_ar
1778528222.421628,9,78,0.990104,252.5,116.918,502.509,0,2,compressed_ring_ar
1778528222.9829257,9,79,1.047906,243.53,102.062,522.473,0,2,compressed_ring_ar
1778528223.622613,9,80,1.142983,210.98,80.789,605.576,0,2,compressed_ring_ar
1778528224.2060063,9,81,0.947968,239.06,157.275,533.856,0,2,compressed_ring_ar
1778528224.876017,9,82,1.057091,202.3,92.169,631.326,0,2,compressed_ring_ar
1778528225.5324016,9,83,0.903776,204.65,81.628,624.061,0,2,compressed_ring_ar
1778528226.1360767,9,84,0.93522,225.05,79.938,566.601,0,2,compressed_ring_ar
1778528226.8452108,9,85,0.926812,190.05,101.467,672.083,0,2,compressed_ring_ar
1778528227.4926364,9,86,1.019474,208.88,108.144,610.555,0,2,compressed_ring_ar
1778528228.1875296,9,87,0.944715,192.99,134.231,658.459,0,2,compressed_ring_ar
1778528228.7406986,9,88,0.989455,245.45,85.136,520.082,0,2,compressed_ring_ar
1778528229.3586104,9,89,1.034953,218.96,87.773,583.209,0,2,compressed_ring_ar
1778528230.0481462,9,90,1.125394,194.77,142.074,653.256,0,2,compressed_ring_ar
1778528230.6368012,9,91,1.143323,229.98,137.31,551.901,0,2,compressed_ring_ar
1778528231.234877,9,92,0.963011,225.99,133.408,562.359,0,2,compressed_ring_ar
1778528231.7570179,9,93,1.035281,262.81,76.935,485.636,0,2,compressed_ring_ar
1778528232.4435213,9,94,0.954167,195.4,143.998,650.266,0,2,compressed_ring_ar
1778528233.0445962,9,95,0.87206,225.86,110.891,565.34,0,2,compressed_ring_ar
1778528233.7912588,9,96,0.792112,179.22,127.024,709.67,0,2,compressed_ring_ar
1778528234.3864334,9,97,1.044661,227.53,127.866,558.015,0,2,compressed_ring_ar
1778528234.900591,9,98,1.116982,267.55,81.993,477.009,0,2,compressed_ring_ar
1778528235.5633075,9,99,1.015976,203.42,96.574,624.841,0,2,compressed_ring_ar
1778528236.2062626,9,100,0.826595,211.51,87.322,603.757,0,2,compressed_ring_ar
1778528236.841464,9,101,0.877583,212.63,97.513,600.58,0,2,compressed_ring_ar
1778528237.5193207,9,102,0.961807,198.93,97.984,641.43,0,2,compressed_ring_ar
1778528238.1697867,9,103,0.862728,207.89,85.538,614.311,0,2,compressed_ring_ar
1778528238.8084407,9,104,0.925406,210.91,80.209,605.502,0,2,compressed_ring_ar
1778528239.4263124,9,105,1.059632,217.92,107.875,585.954,0,2,compressed_ring_ar
1778528240.079922,9,106,0.945321,205.84,97.772,620.406,0,2,compressed_ring_ar
1778528240.7770808,9,107,0.962119,192.24,93.994,664.44,0,2,compressed_ring_ar
1778528241.4275055,9,108,1.026765,207.16,96.503,616.531,0,2,compressed_ring_ar
1778528242.0340657,9,109,0.971394,227.09,148.576,559.213,0,2,compressed_ring_ar
1778528242.7357981,9,110,1.036291,191.74,84.167,666.693,0,2,compressed_ring_ar
1778528243.3512304,9,111,0.975433,227.05,166.703,562.564,0,2,compressed_ring_ar
1778528244.035737,9,112,0.996513,197.97,89.727,645.2,0,2,compressed_ring_ar
1778528244.697959,9,113,0.890191,203.88,93.012,626.392,0,2,compressed_ring_ar
1778528245.3724186,9,114,0.884954,199.95,95.461,638.793,0,2,compressed_ring_ar
1778528245.9951913,9,115,0.950796,217.84,90.415,586.257,0,2,compressed_ring_ar
1778528246.6481838,9,116,0.994641,206.18,89.786,619.453,0,2,compressed_ring_ar
1778528247.3016694,9,117,1.094085,212.78,87.23,600.296,0,2,compressed_ring_ar
1778528247.983789,9,118,1.129426,197.52,82.613,645.065,0,2,compressed_ring_ar
1778528248.6451664,9,119,0.984455,204.11,81.143,625.739,0,2,compressed_ring_ar
1778528249.352911,9,120,1.003605,191.96,125.446,662.225,0,2,compressed_ring_ar
1778528249.8523202,9,121,1.168131,274.4,78.092,465.166,0,2,compressed_ring_ar
1778528250.57824,9,122,1.001072,185.97,144.075,683.732,0,2,compressed_ring_ar
1778528251.1693084,9,123,0.950508,234.36,133.224,541.58,0,2,compressed_ring_ar
1778528251.667404,9,124,1.050704,277.53,79.859,459.847,0,2,compressed_ring_ar
1778528252.3304105,9,125,1.072269,202.88,91.266,629.739,0,2,compressed_ring_ar
1778528252.915877,9,126,1.074595,236.22,143.125,537.526,0,2,compressed_ring_ar
1778528253.6205232,9,127,1.108214,189.9,137.568,669.239,0,2,compressed_ring_ar
1778528254.1831942,9,128,0.867089,240.84,130.906,527.142,0,2,compressed_ring_ar
1778528254.7501504,9,129,0.905344,239.73,118.934,529.309,0,2,compressed_ring_ar
1778528255.298126,9,130,1.067806,247.68,126.39,512.222,0,2,compressed_ring_ar
1778528255.8912535,9,131,1.072396,230.84,127.661,550.166,0,2,compressed_ring_ar
1778528256.3991635,9,132,0.993549,268.67,87.626,475.043,0,2,compressed_ring_ar
1778528257.0843458,9,133,1.087953,197.5,134.609,642.744,0,2,compressed_ring_ar
1778528257.6615016,9,134,1.073123,235.38,126.8,539.256,0,2,compressed_ring_ar
1778528258.2685273,9,135,0.978324,222.39,121.531,571.012,0,2,compressed_ring_ar
1778528258.8139825,9,136,0.909594,248.79,87.126,513.364,0,2,compressed_ring_ar
1778528259.4761302,9,137,0.931645,205.27,117.679,619.005,0,2,compressed_ring_ar
1778528260.0313897,9,138,0.991546,245.68,132.115,516.562,0,2,compressed_ring_ar
1778528260.6407728,9,139,1.18933,221.99,154.108,571.939,0,2,compressed_ring_ar
1778528261.1618342,9,140,0.952206,261.94,83.059,487.292,0,2,compressed_ring_ar
1778528261.8449833,9,141,0.972152,196.76,83.408,649.224,0,2,compressed_ring_ar
1778528262.474865,9,142,0.816246,214.18,85.615,596.406,0,2,compressed_ring_ar
1778528263.1192875,9,143,1.059185,215.88,182.676,591.565,0,2,compressed_ring_ar
1778528263.6681345,9,144,0.887193,256.78,78.874,496.026,0,2,compressed_ring_ar
1778528264.266701,9,145,0.92026,226.02,89.807,564.917,0,2,compressed_ring_ar
1778528264.9553163,9,146,0.966189,194.76,120.043,655.907,0,2,compressed_ring_ar
1778528265.5331724,9,147,0.811473,239.53,84.008,533.048,0,2,compressed_ring_ar
1778528266.2147608,9,148,0.968805,196.67,92.465,649.61,0,2,compressed_ring_ar
1778528266.8782187,9,149,1.000095,202.85,88.17,628.78,0,2,compressed_ring_ar
1778528267.5792847,9,150,1.030206,193.77,81.821,659.273,0,2,compressed_ring_ar
1778528268.2855198,9,151,0.833493,191.23,116.957,668.296,0,2,compressed_ring_ar
1778528269.0208292,9,152,1.073557,198.16,125.776,643.86,0,2,compressed_ring_ar
1778528269.7642522,9,153,1.143636,180.78,160.236,706.787,0,2,compressed_ring_ar
1778528270.4185605,9,154,1.033907,207.74,109.246,614.72,0,2,compressed_ring_ar
1778528271.074974,9,155,0.939575,208.98,77.491,611.211,0,2,compressed_ring_ar
1778528271.6840348,9,156,1.064905,222.42,83.628,572.866,0,2,compressed_ring_ar
1778528272.3022048,9,157,0.803517,218.85,87.932,583.81,0,2,compressed_ring_ar
1778528272.8860412,9,158,1.009949,239.48,152.48,533.445,0,2,compressed_ring_ar
1778528273.463983,9,159,0.875415,238.68,134.223,535.135,0,2,compressed_ring_ar
1778528274.0608974,9,160,1.070028,232.92,127.452,547.243,0,2,compressed_ring_ar
1778528274.6983452,9,161,1.021549,211.53,96.872,600.855,0,2,compressed_ring_ar
1778528275.401965,9,162,1.007333,191.0,122.011,668.096,0,2,compressed_ring_ar
1778528275.936136,9,163,0.963148,256.92,70.619,497.31,0,2,compressed_ring_ar
1778528276.5151336,9,164,0.954115,240.11,131.462,531.853,0,2,compressed_ring_ar
1778528277.1130116,9,165,0.97201,238.16,125.96,536.101,0,2,compressed_ring_ar
1778528277.7851958,9,166,0.918921,200.7,102.347,636.542,0,2,compressed_ring_ar
1778528278.4521112,9,167,1.176682,205.07,128.347,619.6,0,2,compressed_ring_ar
1778528279.01312,9,168,1.031837,241.58,127.751,525.341,0,2,compressed_ring_ar
1778528279.5267773,9,169,0.89957,268.17,78.902,474.269,0,2,compressed_ring_ar
1778528280.235086,9,170,0.944032,188.9,117.897,676.291,0,2,compressed_ring_ar
1778528280.9202714,9,171,1.09714,198.33,102.757,644.163,0,2,compressed_ring_ar
1778528281.5830474,9,172,1.04138,202.91,94.194,629.418,0,2,compressed_ring_ar
1778528282.2329128,9,173,1.123644,207.07,97.373,616.78,0,2,compressed_ring_ar
1778528282.8668664,9,174,1.00049,212.32,103.87,600.745,0,2,compressed_ring_ar
1778528283.51671,9,175,0.959939,207.04,88.671,615.6,0,2,compressed_ring_ar
1778528284.1864264,9,176,1.008049,201.19,126.977,631.568,0,2,compressed_ring_ar
1778528284.7078063,9,177,1.209611,267.47,82.362,477.146,0,2,compressed_ring_ar
1778528285.4351072,9,178,0.978981,185.79,122.726,687.659,0,2,compressed_ring_ar
1778528286.0263994,9,179,1.002706,230.08,78.337,554.932,0,2,compressed_ring_ar
1778528286.6704907,9,180,0.983953,209.34,94.298,607.101,0,2,compressed_ring_ar
1778528287.3105211,9,181,0.886047,210.76,88.314,606.234,0,2,compressed_ring_ar
1778528287.9225655,9,182,0.916087,226.82,140.347,562.989,0,2,compressed_ring_ar
1778528288.5362408,9,183,1.120729,220.05,88.219,580.283,0,2,compressed_ring_ar
1778528289.2247837,9,184,0.874602,195.87,111.299,651.236,0,2,compressed_ring_ar
1778528289.9521198,9,185,0.833826,183.98,128.265,690.812,0,2,compressed_ring_ar
1778528290.4821377,9,186,1.008282,257.11,81.312,496.465,0,2,compressed_ring_ar
1778528291.1656992,9,187,1.102258,200.48,144.173,637.248,0,2,compressed_ring_ar
1778528291.763789,9,188,1.183712,235.31,129.178,542.566,0,2,compressed_ring_ar
1778528292.381615,9,189,0.860286,218.7,88.326,583.931,0,2,compressed_ring_ar
1778528293.0732954,9,190,0.914481,193.76,123.966,656.162,0,2,compressed_ring_ar
1778528293.6096923,9,191,0.851665,252.92,87.35,504.635,0,2,compressed_ring_ar
1778528294.2787633,9,192,0.892208,204.2,86.155,625.393,0,2,compressed_ring_ar
1778528295.010322,9,193,0.83345,185.25,94.002,689.534,0,2,compressed_ring_ar
1778528295.715773,9,194,0.943649,190.88,84.52,668.39,0,2,compressed_ring_ar
1778528296.232202,9,195,0.813431,80.03,92.05,498.416,0,2,compressed_ring_ar
1778528302.6742437,10,0,0.869512,199.19,93.257,641.658,0,2,compressed_ring_ar
1778528303.2681057,10,1,0.927743,235.67,159.311,541.715,0,2,compressed_ring_ar
1778528303.9904795,10,2,1.056939,185.12,134.801,686.707,0,2,compressed_ring_ar
1778528304.5281847,10,3,1.104599,253.23,81.441,504.095,0,2,compressed_ring_ar
1778528305.2791922,10,4,0.831233,178.23,112.146,716.88,0,2,compressed_ring_ar
1778528306.013589,10,5,0.879785,186.53,93.873,684.884,0,2,compressed_ring_ar
1778528306.6921818,10,6,1.113936,198.56,134.804,639.875,0,2,compressed_ring_ar
1778528307.190149,10,7,0.977991,274.32,69.634,465.264,0,2,compressed_ring_ar
1778528307.7797961,10,8,0.964095,231.66,128.285,551.153,0,2,compressed_ring_ar
1778528308.4412527,10,9,0.93788,203.53,84.438,625.862,0,2,compressed_ring_ar
1778528309.1444623,10,10,1.086891,191.64,92.392,666.287,0,2,compressed_ring_ar
1778528309.7928069,10,11,1.009353,208.94,86.154,608.104,0,2,compressed_ring_ar
1778528310.4492939,10,12,0.926264,205.91,80.584,620.222,0,2,compressed_ring_ar
1778528311.1096332,10,13,0.885893,205.69,93.126,620.931,0,2,compressed_ring_ar
1778528311.734506,10,14,0.837772,216.75,77.327,588.432,0,2,compressed_ring_ar
1778528312.3654306,10,15,1.055954,213.69,138.024,598.262,0,2,compressed_ring_ar
1778528312.955414,10,16,1.069753,239.31,145.992,533.649,0,2,compressed_ring_ar
1778528313.5433865,10,17,0.967955,238.83,152.263,534.552,0,2,compressed_ring_ar
1778528314.263411,10,18,0.963359,188.31,131.852,674.946,0,2,compressed_ring_ar
1778528314.7988517,10,19,0.775443,253.86,122.355,499.475,0,2,compressed_ring_ar
1778528315.383737,10,20,1.047977,232.33,117.824,546.72,0,2,compressed_ring_ar
1778528315.8908875,10,21,1.029746,269.24,83.242,474.025,0,2,compressed_ring_ar
1778528316.521851,10,22,0.912192,215.07,102.684,593.774,0,2,compressed_ring_ar
1778528317.2059505,10,23,0.973125,197.5,130.792,643.564,0,2,compressed_ring_ar
1778528317.7247884,10,24,0.923313,263.23,77.76,484.921,0,2,compressed_ring_ar
1778528318.3889499,10,25,0.841749,202.27,119.904,631.412,0,2,compressed_ring_ar
1778528319.081761,10,26,0.932808,194.41,134.297,653.849,0,2,compressed_ring_ar
1778528319.5819423,10,27,0.892707,272.86,85.294,467.696,0,2,compressed_ring_ar
1778528320.2207525,10,28,1.070094,210.78,91.975,605.981,0,2,compressed_ring_ar
1778528320.8902407,10,29,0.881747,200.59,104.471,636.734,0,2,compressed_ring_ar
1778528321.5328512,10,30,1.028819,211.28,80.87,604.507,0,2,compressed_ring_ar
1778528322.1597364,10,31,0.990565,215.97,89.556,589.931,0,2,compressed_ring_ar
1778528322.8290396,10,32,1.110963,201.2,102.419,634.779,0,2,compressed_ring_ar
1778528323.4742942,10,33,0.89302,211.42,86.682,604.132,0,2,compressed_ring_ar
1778528324.1463919,10,34,1.101895,201.6,84.597,633.632,0,2,compressed_ring_ar
1778528324.8024921,10,35,0.869547,206.91,83.922,617.212,0,2,compressed_ring_ar
1778528325.4413972,10,36,1.10753,211.35,95.566,604.294,0,2,compressed_ring_ar
1778528326.0955505,10,37,1.075452,205.22,92.216,622.42,0,2,compressed_ring_ar
1778528326.7357855,10,38,0.905907,211.36,82.028,601.518,0,2,compressed_ring_ar
1778528327.3881996,10,39,0.836628,206.02,93.138,619.912,0,2,compressed_ring_ar
1778528328.0402014,10,40,1.015377,207.23,119.771,613.06,0,2,compressed_ring_ar
1778528328.559564,10,41,0.864272,262.68,76.059,485.926,0,2,compressed_ring_ar
1778528329.1765919,10,42,0.982716,218.75,78.068,583.774,0,2,compressed_ring_ar
1778528329.8144956,10,43,1.051095,211.15,88.37,604.796,0,2,compressed_ring_ar
1778528330.4365408,10,44,0.876317,220.61,84.588,578.818,0,2,compressed_ring_ar
1778528331.076702,10,45,0.897901,213.12,81.796,598.355,0,2,compressed_ring_ar
1778528331.7404788,10,46,0.970785,202.94,81.046,629.324,0,2,compressed_ring_ar
1778528332.3588881,10,47,0.958105,219.22,81.205,582.47,0,2,compressed_ring_ar
1778528333.018318,10,48,0.918839,203.74,104.848,626.892,0,2,compressed_ring_ar
1778528333.707255,10,49,0.918675,195.47,94.612,653.519,0,2,compressed_ring_ar
1778528334.3798418,10,50,1.053972,200.95,87.775,635.607,0,2,compressed_ring_ar
1778528335.0992706,10,51,0.842047,188.36,122.963,675.018,0,2,compressed_ring_ar
1778528335.612126,10,52,0.889222,266.01,76.407,479.779,0,2,compressed_ring_ar
1778528336.2435408,10,53,0.866598,215.7,86.079,590.446,0,2,compressed_ring_ar
1778528336.9032533,10,54,1.205998,203.73,84.238,626.843,0,2,compressed_ring_ar
1778528337.63475,10,55,0.930625,188.32,123.64,675.147,0,2,compressed_ring_ar
1778528338.1590292,10,56,0.965934,263.08,79.932,485.351,0,2,compressed_ring_ar
1778528338.8754518,10,57,0.979019,189.42,160.627,671.224,0,2,compressed_ring_ar
1778528339.426737,10,58,1.114352,249.9,83.897,509.159,0,2,compressed_ring_ar
1778528340.0875897,10,59,0.99437,203.95,94.394,626.367,0,2,compressed_ring_ar
1778528340.7555654,10,60,0.892948,207.17,82.004,616.807,0,2,compressed_ring_ar
1778528341.4186547,10,61,0.995524,202.54,77.15,627.698,0,2,compressed_ring_ar
1778528342.099041,10,62,0.923553,197.09,93.606,645.128,0,2,compressed_ring_ar
1778528342.762445,10,63,0.845763,204.11,90.748,625.739,0,2,compressed_ring_ar
1778528343.404231,10,64,0.886594,210.58,90.424,606.438,0,2,compressed_ring_ar
1778528344.0144012,10,65,1.132733,221.12,105.975,577.527,0,2,compressed_ring_ar
1778528344.6668596,10,66,0.954141,212.61,189.244,600.681,0,2,compressed_ring_ar
1778528345.2464964,10,67,1.087202,235.4,87.609,542.344,0,2,compressed_ring_ar
1778528345.8896005,10,68,0.957491,209.69,78.678,608.195,0,2,compressed_ring_ar
1778528346.52845,10,69,0.938538,211.0,87.202,605.324,0,2,compressed_ring_ar
1778528347.11804,10,70,0.979978,236.04,159.224,540.931,0,2,compressed_ring_ar
1778528347.790789,10,71,1.008101,200.62,117.421,636.669,0,2,compressed_ring_ar
1778528348.3507113,10,72,1.114772,244.09,86.395,522.972,0,2,compressed_ring_ar
1778528348.9921224,10,73,1.000033,210.5,111.083,606.872,0,2,compressed_ring_ar
1778528349.6361206,10,74,0.97468,214.3,192.847,592.499,0,2,compressed_ring_ar
1778528350.1813993,10,75,1.03794,249.9,80.606,510.961,0,2,compressed_ring_ar
1778528350.841467,10,76,0.829107,204.46,84.751,624.826,0,2,compressed_ring_ar
1778528351.430863,10,77,0.990582,236.64,138.357,539.523,0,2,compressed_ring_ar
1778528352.126444,10,78,0.896696,192.62,132.43,660.801,0,2,compressed_ring_ar
1778528352.6521444,10,79,0.92536,261.78,85.515,486.103,0,2,compressed_ring_ar
1778528353.3762424,10,80,0.977714,185.99,110.748,686.95,0,2,compressed_ring_ar
1778528354.0045366,10,81,0.953926,214.89,81.103,594.35,0,2,compressed_ring_ar
1778528354.6301088,10,82,1.073127,215.62,84.336,592.24,0,2,compressed_ring_ar
1778528355.3290606,10,83,1.205029,193.09,95.279,660.623,0,2,compressed_ring_ar
1778528355.9873588,10,84,0.808853,205.66,98.773,620.985,0,2,compressed_ring_ar
1778528356.6416013,10,85,1.031732,206.96,88.272,615.214,0,2,compressed_ring_ar
1778528357.2869008,10,86,0.890411,211.52,97.463,603.743,0,2,compressed_ring_ar
1778528357.9407933,10,87,0.912098,209.8,93.911,605.919,0,2,compressed_ring_ar
1778528358.585414,10,88,0.907399,208.94,82.791,608.61,0,2,compressed_ring_ar
1778528359.2506151,10,89,0.910232,201.99,99.27,630.634,0,2,compressed_ring_ar
1778528359.9042375,10,90,0.830675,205.72,93.397,620.842,0,2,compressed_ring_ar
1778528360.6341777,10,91,0.957897,183.6,149.565,692.476,0,2,compressed_ring_ar
1778528361.1540883,10,92,0.941885,262.14,80.527,487.061,0,2,compressed_ring_ar
1778528361.8174012,10,93,0.916362,203.48,90.408,626.697,0,2,compressed_ring_ar
1778528362.459959,10,94,0.937795,209.46,86.841,609.688,0,2,compressed_ring_ar
1778528363.1104329,10,95,0.929267,207.58,92.733,615.189,0,2,compressed_ring_ar
1778528363.7517838,10,96,0.907769,213.88,91.509,597.342,0,2,compressed_ring_ar
1778528364.354009,10,97,0.98165,225.46,100.832,566.292,0,2,compressed_ring_ar
1778528364.9760742,10,98,1.066045,219.76,191.224,577.609,0,2,compressed_ring_ar
1778528365.519006,10,99,1.023163,250.21,123.109,507.138,0,2,compressed_ring_ar
1778528366.0688415,10,100,0.815428,247.64,74.044,515.659,0,2,compressed_ring_ar
1778528366.717627,10,101,1.137457,214.13,177.076,593.031,0,2,compressed_ring_ar
1778528367.3236196,10,102,0.892789,222.74,131.065,570.238,0,2,compressed_ring_ar
1778528367.9375782,10,103,0.900671,220.55,138.162,575.96,0,2,compressed_ring_ar
1778528368.5021825,10,104,0.949129,240.85,123.21,526.835,0,2,compressed_ring_ar
1778528369.0947185,10,105,0.854804,228.28,126.42,555.909,0,2,compressed_ring_ar
1778528369.6575758,10,106,0.929483,240.63,120.512,529.836,0,2,compressed_ring_ar
1778528370.2782497,10,107,0.939955,218.11,122.963,582.558,0,2,compressed_ring_ar
1778528370.8881648,10,108,0.88879,221.42,129.721,573.732,0,2,compressed_ring_ar
1778528371.4461927,10,109,1.016934,243.01,120.067,522.311,0,2,compressed_ring_ar
1778528372.0588424,10,110,0.941421,220.24,131.055,576.661,0,2,compressed_ring_ar
1778528372.635455,10,111,0.907892,235.45,116.669,538.958,0,2,compressed_ring_ar
1778528373.216745,10,112,0.970387,233.16,127.828,544.315,0,2,compressed_ring_ar
1778528373.7952805,10,113,0.943369,236.24,126.369,536.966,0,2,compressed_ring_ar
1778528374.397649,10,114,0.890895,224.12,131.692,566.487,0,2,compressed_ring_ar
1778528374.9970686,10,115,0.950335,226.53,123.22,560.505,0,2,compressed_ring_ar
1778528375.577461,10,116,0.895834,233.27,123.707,543.943,0,2,compressed_ring_ar
1778528376.143547,10,117,0.967784,246.78,127.436,514.025,0,2,compressed_ring_ar
1778528376.7620509,10,118,0.780717,218.13,138.156,582.285,0,2,compressed_ring_ar
1778528377.3468158,10,119,0.910933,238.8,121.442,531.71,0,2,compressed_ring_ar
1778528377.92687,10,120,0.787677,233.75,121.276,543.191,0,2,compressed_ring_ar
1778528378.4948,10,121,0.946978,238.75,129.751,531.316,0,2,compressed_ring_ar
1778528379.0959778,10,122,0.934092,225.03,131.737,564.288,0,2,compressed_ring_ar
1778528379.676449,10,123,1.08885,236.27,125.548,536.937,0,2,compressed_ring_ar
1778528380.2456572,10,124,0.965619,238.03,132.702,533.162,0,2,compressed_ring_ar
1778528380.8133612,10,125,0.885913,241.68,130.11,524.856,0,2,compressed_ring_ar
1778528381.4180686,10,126,1.00039,223.4,136.561,568.132,0,2,compressed_ring_ar
1778528381.9810932,10,127,0.82419,241.49,124.405,525.583,0,2,compressed_ring_ar
1778528382.5883172,10,128,1.014811,223.01,103.402,572.53,0,2,compressed_ring_ar
1778528383.3091438,10,129,0.961346,188.07,143.597,676.557,0,2,compressed_ring_ar
1778528383.8829706,10,130,0.84297,236.65,132.221,536.147,0,2,compressed_ring_ar
1778528384.4360654,10,131,0.930677,245.91,132.586,516.227,0,2,compressed_ring_ar
1778528385.0284522,10,132,1.1771,231.05,132.821,549.296,0,2,compressed_ring_ar
1778528385.5929785,10,133,0.957718,243.96,127.021,520.444,0,2,compressed_ring_ar
1778528386.164254,10,134,0.931048,236.21,104.833,540.712,0,2,compressed_ring_ar
1778528386.8237202,10,135,0.883084,205.05,107.774,621.181,0,2,compressed_ring_ar
1778528387.5852005,10,136,1.022331,175.59,132.155,724.376,0,2,compressed_ring_ar
1778528388.1655393,10,137,0.982938,237.51,117.158,534.347,0,2,compressed_ring_ar
1778528388.776151,10,138,0.95932,221.21,128.443,573.945,0,2,compressed_ring_ar
1778528389.3276956,10,139,0.856175,245.65,110.383,518.905,0,2,compressed_ring_ar
1778528390.0391705,10,140,1.200906,189.11,138.613,672.421,0,2,compressed_ring_ar
1778528390.555499,10,141,0.96104,264.17,87.498,483.163,0,2,compressed_ring_ar
1778528391.219531,10,142,0.95053,206.0,85.954,620.143,0,2,compressed_ring_ar
1778528391.805404,10,143,1.015663,237.05,111.257,538.557,0,2,compressed_ring_ar
1778528392.4315414,10,144,0.769163,215.86,86.759,591.82,0,2,compressed_ring_ar
1778528393.04019,10,145,0.992393,228.01,120.402,560.279,0,2,compressed_ring_ar
1778528393.7965832,10,146,0.830018,180.79,90.413,706.63,0,2,compressed_ring_ar
1778528394.4250247,10,147,1.033424,215.65,89.654,592.18,0,2,compressed_ring_ar
1778528395.0441604,10,148,1.185114,219.24,84.517,582.577,0,2,compressed_ring_ar
1778528395.6357245,10,149,0.957996,233.36,153.991,547.102,0,2,compressed_ring_ar
1778528396.260471,10,150,0.867999,215.91,95.062,591.411,0,2,compressed_ring_ar
1778528396.9105477,10,151,0.896737,207.27,83.368,616.132,0,2,compressed_ring_ar
1778528397.5470314,10,152,0.848459,211.52,88.761,603.763,0,2,compressed_ring_ar
1778528398.2287989,10,153,1.076396,197.16,93.143,647.886,0,2,compressed_ring_ar
1778528398.8608956,10,154,0.851643,216.07,80.07,590.965,0,2,compressed_ring_ar
1778528399.501641,10,155,0.863658,213.65,85.045,597.711,0,2,compressed_ring_ar
1778528400.138506,10,156,0.97841,211.53,104.078,603.712,0,2,compressed_ring_ar
1778528400.808411,10,157,1.104682,205.52,78.356,620.802,0,2,compressed_ring_ar
1778528401.4381788,10,158,0.865246,214.49,107.897,595.333,0,2,compressed_ring_ar
1778528402.0744524,10,159,0.857436,213.12,78.349,598.406,0,2,compressed_ring_ar
1778528402.7312844,10,160,1.004603,204.63,88.976,624.352,0,2,compressed_ring_ar
1778528403.3661966,10,161,1.010361,211.94,83.773,602.563,0,2,compressed_ring_ar
1778528404.1017306,10,162,0.959353,181.84,136.665,699.151,0,2,compressed_ring_ar
1778528404.5987613,10,163,0.872538,278.28,81.059,458.539,0,2,compressed_ring_ar
1778528405.2893221,10,164,0.867671,194.84,130.994,652.382,0,2,compressed_ring_ar
1778528405.8071747,10,165,0.870483,263.06,75.591,485.169,0,2,compressed_ring_ar
1778528406.4362025,10,166,0.930761,215.26,92.896,590.086,0,2,compressed_ring_ar
1778528407.0728831,10,167,0.879295,212.36,93.574,601.668,0,2,compressed_ring_ar
1778528407.6606832,10,168,1.17962,234.15,164.829,543.686,0,2,compressed_ring_ar
1778528408.3033702,10,169,1.011152,209.62,92.923,609.264,0,2,compressed_ring_ar
1778528408.9419553,10,170,0.829994,219.26,133.018,582.708,0,2,compressed_ring_ar
1778528409.5783088,10,171,0.75109,213.1,97.878,599.421,0,2,compressed_ring_ar
1778528410.2256882,10,172,1.032633,212.43,82.452,601.163,0,2,compressed_ring_ar
1778528410.883808,10,173,1.001372,204.29,92.692,625.191,0,2,compressed_ring_ar
1778528411.4659388,10,174,0.963292,240.81,151.243,530.587,0,2,compressed_ring_ar
1778528412.0596998,10,175,1.023957,234.93,102.328,542.698,0,2,compressed_ring_ar
1778528412.7930665,10,176,0.999738,182.09,129.828,698.122,0,2,compressed_ring_ar
1778528413.281599,10,177,0.945506,282.66,78.861,451.428,0,2,compressed_ring_ar
1778528413.9412615,10,178,1.149678,204.0,102.065,626.244,0,2,compressed_ring_ar
1778528414.5710087,10,179,0.933322,215.0,95.528,593.919,0,2,compressed_ring_ar
1778528415.203715,10,180,0.934708,213.78,79.948,597.306,0,2,compressed_ring_ar
1778528415.8934388,10,181,0.98443,194.87,128.65,652.193,0,2,compressed_ring_ar
1778528416.4132361,10,182,0.869024,261.98,81.65,486.466,0,2,compressed_ring_ar
1778528417.0048277,10,183,0.939253,229.79,98.183,555.798,0,2,compressed_ring_ar
1778528417.5980575,10,184,1.059736,234.24,138.254,545.196,0,2,compressed_ring_ar
1778528418.2772572,10,185,0.97404,198.91,90.198,642.156,0,2,compressed_ring_ar
1778528418.8999424,10,186,0.760544,217.77,89.367,586.384,0,2,compressed_ring_ar
1778528419.572237,10,187,1.001637,199.99,85.57,638.779,0,2,compressed_ring_ar
1778528420.292153,10,188,0.801806,190.8,118.608,666.337,0,2,compressed_ring_ar
1778528420.8999636,10,189,0.969947,222.12,126.955,571.581,0,2,compressed_ring_ar
1778528421.4706867,10,190,1.040163,237.49,119.96,534.174,0,2,compressed_ring_ar
1778528422.0846002,10,191,0.918405,222.73,128.1,569.781,0,2,compressed_ring_ar
1778528422.6567504,10,192,0.851435,241.79,123.47,524.826,0,2,compressed_ring_ar
1778528423.1919851,10,193,0.889415,253.89,127.995,499.528,0,2,compressed_ring_ar
1778528423.7723637,10,194,0.879067,234.24,131.189,545.131,0,2,compressed_ring_ar
1778528424.2959945,10,195,0.919911,79.57,133.144,498.156,0,2,compressed_ring_ar
1778528431.146422,11,0,1.033429,174.13,128.401,730.575,0,2,compressed_ring_ar
1778528431.698671,11,1,0.90313,250.91,90.834,508.836,0,2,compressed_ring_ar
1778528432.3753393,11,2,0.831063,201.2,91.783,633.752,0,2,compressed_ring_ar
1778528433.0210438,11,3,1.001206,208.69,78.802,611.927,0,2,compressed_ring_ar
1778528433.7281663,11,4,0.927741,189.52,130.631,670.863,0,2,compressed_ring_ar
1778528434.36338,11,5,0.908531,213.22,125.299,595.485,0,2,compressed_ring_ar
1778528434.9458494,11,6,1.068152,232.81,136.244,545.1,0,2,compressed_ring_ar
1778528435.439753,11,7,0.968787,276.12,79.275,462.151,0,2,compressed_ring_ar
1778528436.0814493,11,8,0.88587,209.9,97.173,607.572,0,2,compressed_ring_ar
1778528436.7373307,11,9,0.958848,205.67,84.258,621.037,0,2,compressed_ring_ar
1778528437.417268,11,10,1.019442,197.78,127.706,642.607,0,2,compressed_ring_ar
1778528437.9869125,11,11,0.789573,237.91,130.481,533.317,0,2,compressed_ring_ar
1778528438.5632544,11,12,0.953772,235.45,124.615,538.952,0,2,compressed_ring_ar
1778528439.1078098,11,13,1.004505,250.32,77.383,509.924,0,2,compressed_ring_ar
1778528439.7949204,11,14,0.866075,195.0,119.873,655.056,0,2,compressed_ring_ar
1778528440.3616347,11,15,0.964397,244.24,86.829,522.681,0,2,compressed_ring_ar
1778528441.0326285,11,16,0.903461,200.17,119.263,638.134,0,2,compressed_ring_ar
1778528441.6313155,11,17,1.113653,233.12,159.872,544.866,0,2,compressed_ring_ar
1778528442.2872775,11,18,0.924397,205.67,87.111,618.015,0,2,compressed_ring_ar
1778528442.9716873,11,19,0.839482,202.36,97.297,631.197,0,2,compressed_ring_ar
1778528443.6172497,11,20,0.891695,209.33,90.815,609.069,0,2,compressed_ring_ar
1778528444.3029401,11,21,0.861999,196.1,135.711,648.066,0,2,compressed_ring_ar
1778528444.8627608,11,22,0.686627,241.89,132.733,524.279,0,2,compressed_ring_ar
1778528445.4207628,11,23,0.973731,243.4,124.348,521.738,0,2,compressed_ring_ar
1778528446.0061164,11,24,0.913913,230.58,138.856,550.493,0,2,compressed_ring_ar
1778528446.522412,11,25,0.98463,269.65,86.125,470.627,0,2,compressed_ring_ar
1778528447.1494508,11,26,0.939382,215.58,90.735,592.56,0,2,compressed_ring_ar
1778528447.7614648,11,27,0.890476,225.94,125.401,562.185,0,2,compressed_ring_ar
1778528448.4188037,11,28,0.82483,206.24,90.546,616.247,0,2,compressed_ring_ar
1778528449.163938,11,29,0.855618,179.31,85.86,712.634,0,2,compressed_ring_ar
1778528449.884025,11,30,0.852442,197.83,130.281,645.818,0,2,compressed_ring_ar
1778528450.4576645,11,31,0.871428,242.54,138.221,526.452,0,2,compressed_ring_ar
1778528451.1662455,11,32,1.018909,193.29,221.888,657.324,0,2,compressed_ring_ar
1778528451.7694232,11,33,0.865037,225.33,141.047,566.761,0,2,compressed_ring_ar
1778528452.3403225,11,34,0.940949,240.61,78.289,530.564,0,2,compressed_ring_ar
1778528453.0000298,11,35,0.804748,204.55,100.513,621.775,0,2,compressed_ring_ar
1778528453.6493602,11,36,1.002915,207.11,91.465,616.611,0,2,compressed_ring_ar
1778528454.30658,11,37,0.835874,204.7,93.243,621.302,0,2,compressed_ring_ar
1778528454.9625936,11,38,0.877244,204.83,96.544,623.652,0,2,compressed_ring_ar
1778528455.542904,11,39,1.190251,237.22,135.555,538.227,0,2,compressed_ring_ar
1778528456.2463012,11,40,0.876952,190.45,121.71,668.41,0,2,compressed_ring_ar
1778528456.7594073,11,41,0.928645,267.26,77.94,477.549,0,2,compressed_ring_ar
1778528457.4073834,11,42,0.968969,207.75,90.028,614.858,0,2,compressed_ring_ar
1778528458.0458033,11,43,0.906726,210.48,97.397,606.731,0,2,compressed_ring_ar
1778528458.7116175,11,44,1.009775,201.79,91.357,632.946,0,2,compressed_ring_ar
1778528459.3491213,11,45,0.866648,211.38,91.57,604.483,0,2,compressed_ring_ar
1778528459.9671764,11,46,0.862535,225.84,126.583,565.42,0,2,compressed_ring_ar
1778528460.6242192,11,47,0.958237,205.64,99.068,620.191,0,2,compressed_ring_ar
1778528461.2959502,11,48,1.055963,202.65,89.566,628.522,0,2,compressed_ring_ar
1778528461.9625695,11,49,1.037723,201.48,89.95,633.906,0,2,compressed_ring_ar
1778528462.665053,11,50,0.914847,191.09,106.3,665.62,0,2,compressed_ring_ar
1778528463.3212247,11,51,1.073069,208.92,82.768,611.734,0,2,compressed_ring_ar
1778528463.9227316,11,52,0.889561,229.52,147.954,556.343,0,2,compressed_ring_ar
1778528464.5629807,11,53,0.801687,212.71,89.169,597.363,0,2,compressed_ring_ar
1778528465.2416067,11,54,1.058286,198.97,108.713,641.974,0,2,compressed_ring_ar
1778528465.8851924,11,55,0.914765,209.46,92.081,609.695,0,2,compressed_ring_ar
1778528466.507182,11,56,1.000046,217.52,89.299,587.018,0,2,compressed_ring_ar
1778528467.1655872,11,57,0.888756,204.04,95.576,625.989,0,2,compressed_ring_ar
1778528467.803138,11,58,1.048094,215.39,186.484,589.801,0,2,compressed_ring_ar
1778528468.4248338,11,59,0.926045,217.35,138.465,584.532,0,2,compressed_ring_ar
1778528468.9788947,11,60,0.881071,248.22,85.73,514.315,0,2,compressed_ring_ar
1778528469.7473664,11,61,0.882549,177.08,114.492,721.401,0,2,compressed_ring_ar
1778528470.4973686,11,62,1.108206,179.45,140.258,708.408,0,2,compressed_ring_ar
1778528471.0752068,11,63,0.995348,237.56,115.314,534.38,0,2,compressed_ring_ar
1778528471.691159,11,64,1.097313,222.44,129.699,570.781,0,2,compressed_ring_ar
1778528472.2691824,11,65,0.879464,235.86,115.795,541.454,0,2,compressed_ring_ar
1778528472.9220555,11,66,0.939827,208.47,120.712,609.323,0,2,compressed_ring_ar
1778528473.5502043,11,67,0.826899,215.33,134.006,589.735,0,2,compressed_ring_ar
1778528474.115003,11,68,0.956502,241.73,123.231,524.902,0,2,compressed_ring_ar
1778528474.7106106,11,69,0.925699,227.45,108.058,561.362,0,2,compressed_ring_ar
1778528475.3721435,11,70,1.063478,203.29,99.398,625.695,0,2,compressed_ring_ar
1778528476.0617006,11,71,0.991908,198.43,94.781,640.704,0,2,compressed_ring_ar
1778528476.70598,11,72,0.85751,209.97,88.698,608.21,0,2,compressed_ring_ar
1778528477.3488104,11,73,0.933766,209.34,84.582,610.446,0,2,compressed_ring_ar
1778528477.909367,11,74,1.001723,246.21,139.769,518.598,0,2,compressed_ring_ar
1778528478.4977388,11,75,0.90916,239.23,123.172,533.652,0,2,compressed_ring_ar
1778528479.269377,11,76,0.857356,173.13,159.208,735.023,0,2,compressed_ring_ar
1778528479.8979816,11,77,0.867371,233.85,125.689,542.914,0,2,compressed_ring_ar
1778528480.4624407,11,78,0.883871,239.87,123.553,528.853,0,2,compressed_ring_ar
1778528481.054162,11,79,1.064924,229.45,135.617,553.097,0,2,compressed_ring_ar
1778528481.5764904,11,80,1.117036,266.61,87.457,478.699,0,2,compressed_ring_ar
1778528482.261608,11,81,0.96985,198.43,130.379,640.26,0,2,compressed_ring_ar
1778528482.767293,11,82,0.826437,269.33,76.901,473.921,0,2,compressed_ring_ar
1778528483.4386234,11,83,0.827467,201.43,128.462,631.554,0,2,compressed_ring_ar
1778528484.0014162,11,84,0.849648,243.61,85.735,524.775,0,2,compressed_ring_ar
1778528484.7413182,11,85,0.969961,184.41,115.385,692.717,0,2,compressed_ring_ar
1778528485.5236938,11,86,0.850448,170.75,108.642,745.079,0,2,compressed_ring_ar
1778528486.2248974,11,87,1.054278,191.77,138.605,662.858,0,2,compressed_ring_ar
1778528486.7811396,11,88,0.997701,245.0,118.207,517.828,0,2,compressed_ring_ar
1778528487.362575,11,89,0.67661,232.82,113.962,545.703,0,2,compressed_ring_ar
1778528487.9185076,11,90,0.870705,249.99,103.737,510.6,0,2,compressed_ring_ar
1778528488.6146111,11,91,1.134284,192.79,130.522,659.281,0,2,compressed_ring_ar
1778528489.194572,11,92,0.945709,234.71,125.677,540.784,0,2,compressed_ring_ar
1778528489.7593775,11,93,0.959427,239.69,109.362,532.635,0,2,compressed_ring_ar
1778528490.4737659,11,94,1.01938,190.19,132.305,671.739,0,2,compressed_ring_ar
1778528491.1036088,11,95,0.985144,214.37,130.705,593.44,0,2,compressed_ring_ar
1778528491.6744568,11,96,0.958596,238.39,123.476,532.468,0,2,compressed_ring_ar
1778528492.3027148,11,97,1.020833,214.61,122.254,592.05,0,2,compressed_ring_ar
1778528493.0269523,11,98,0.95962,184.78,122.315,687.891,0,2,compressed_ring_ar
1778528493.6070197,11,99,0.854931,243.55,125.295,520.817,0,2,compressed_ring_ar
1778528494.208314,11,100,0.86419,224.68,124.169,564.859,0,2,compressed_ring_ar
1778528494.8078487,11,101,0.960298,225.4,130.255,563.11,0,2,compressed_ring_ar
1778528495.390149,11,102,0.923722,233.94,104.567,545.62,0,2,compressed_ring_ar
1778528496.122755,11,103,0.932208,182.81,129.23,695.732,0,2,compressed_ring_ar
1778528496.6664,11,104,1.184028,251.52,119.472,504.409,0,2,compressed_ring_ar
1778528497.2407808,11,105,0.78847,236.72,123.223,536.582,0,2,compressed_ring_ar
1778528497.8132043,11,106,1.026246,236.74,110.402,539.288,0,2,compressed_ring_ar
1778528498.503295,11,107,0.905337,195.68,119.851,649.523,0,2,compressed_ring_ar
1778528499.1181114,11,108,0.870236,219.82,127.318,578.183,0,2,compressed_ring_ar
1778528499.6732502,11,109,0.833335,250.83,125.776,505.274,0,2,compressed_ring_ar
1778528500.281445,11,110,1.094134,222.84,129.457,569.575,0,2,compressed_ring_ar
1778528500.8487508,11,111,0.816509,238.77,93.565,534.664,0,2,compressed_ring_ar
1778528501.4762208,11,112,0.844704,216.31,72.238,590.746,0,2,compressed_ring_ar
1778528502.0388699,11,113,0.809004,244.29,136.81,519.663,0,2,compressed_ring_ar
1778528502.762315,11,114,0.901114,184.71,129.553,688.633,0,2,compressed_ring_ar
1778528503.4490728,11,115,0.826357,195.83,174.468,648.941,0,2,compressed_ring_ar
1778528504.0315893,11,116,0.827621,234.76,86.497,543.799,0,2,compressed_ring_ar
1778528504.6452608,11,117,0.980965,222.59,84.878,573.617,0,2,compressed_ring_ar
1778528505.2969654,11,118,0.81457,206.27,104.934,619.34,0,2,compressed_ring_ar
1778528505.9844165,11,119,0.847302,195.94,92.336,651.877,0,2,compressed_ring_ar
1778528506.6344907,11,120,0.963421,207.99,95.652,611.59,0,2,compressed_ring_ar
1778528507.2874484,11,121,1.012524,206.03,92.517,617.397,0,2,compressed_ring_ar
1778528507.932568,11,122,0.956154,208.41,81.946,612.75,0,2,compressed_ring_ar
1778528508.5340552,11,123,0.878498,232.25,147.009,549.694,0,2,compressed_ring_ar
1778528509.152245,11,124,0.897688,217.9,69.372,586.209,0,2,compressed_ring_ar
1778528509.7740402,11,125,0.851021,219.21,140.617,582.543,0,2,compressed_ring_ar
1778528510.4097283,11,126,0.70837,212.44,80.946,600.342,0,2,compressed_ring_ar
1778528511.059301,11,127,0.685779,207.39,86.95,615.748,0,2,compressed_ring_ar
1778528511.6612635,11,128,0.955447,233.6,157.09,546.57,0,2,compressed_ring_ar
1778528512.322447,11,129,0.811108,204.93,101.377,623.19,0,2,compressed_ring_ar
1778528512.9388623,11,130,0.880515,219.5,85.308,581.777,0,2,compressed_ring_ar
1778528513.524654,11,131,0.911679,240.11,143.9,531.828,0,2,compressed_ring_ar
1778528514.1342084,11,132,0.902669,230.39,135.417,554.225,0,2,compressed_ring_ar
1778528514.7612145,11,133,1.045736,215.5,85.724,592.577,0,2,compressed_ring_ar
1778528515.4219315,11,134,0.880843,211.96,173.844,602.524,0,2,compressed_ring_ar
1778528516.040234,11,135,0.889145,219.26,87.747,580.891,0,2,compressed_ring_ar
1778528516.7982836,11,136,0.925666,176.81,124.425,719.185,0,2,compressed_ring_ar
1778528517.350132,11,137,0.816976,245.79,123.142,516.344,0,2,compressed_ring_ar
1778528517.9240096,11,138,0.969606,237.39,127.936,534.316,0,2,compressed_ring_ar
1778528518.4800277,11,139,0.996994,243.79,128.058,520.31,0,2,compressed_ring_ar
1778528519.0021687,11,140,0.983226,261.21,72.466,489.287,0,2,compressed_ring_ar
1778528519.6443374,11,141,0.906714,215.19,158.9,590.991,0,2,compressed_ring_ar
1778528520.2566152,11,142,0.801737,220.19,132.407,576.805,0,2,compressed_ring_ar
1778528520.8128297,11,143,0.971936,245.49,86.263,520.139,0,2,compressed_ring_ar
1778528521.459075,11,144,0.917152,208.74,105.333,611.792,0,2,compressed_ring_ar
1778528522.1143336,11,145,0.839164,205.91,83.548,620.255,0,2,compressed_ring_ar
1778528522.736441,11,146,0.970927,217.25,88.269,587.826,0,2,compressed_ring_ar
1778528523.3789644,11,147,0.973955,210.55,84.304,606.53,0,2,compressed_ring_ar
1778528524.0041776,11,148,0.801509,216.33,97.296,590.666,0,2,compressed_ring_ar
1778528524.6404836,11,149,0.970515,214.32,180.363,592.6,0,2,compressed_ring_ar
1778528525.156463,11,150,0.954478,265.23,81.403,481.182,0,2,compressed_ring_ar
1778528525.788241,11,151,0.888294,213.33,98.976,598.616,0,2,compressed_ring_ar
1778528526.4038036,11,152,0.871772,224.24,85.446,568.556,0,2,compressed_ring_ar
1778528527.0812898,11,153,0.627043,198.02,97.668,644.997,0,2,compressed_ring_ar
1778528527.7185767,11,154,0.894131,211.91,86.389,601.027,0,2,compressed_ring_ar
1778528528.366707,11,155,0.810731,207.46,88.864,615.743,0,2,compressed_ring_ar
1778528528.9423783,11,156,1.024663,243.5,122.136,522.621,0,2,compressed_ring_ar
1778528529.6057773,11,157,0.914936,202.68,77.895,630.099,0,2,compressed_ring_ar
1778528530.2656813,11,158,0.8661,203.59,88.923,625.528,0,2,compressed_ring_ar
1778528530.9467666,11,159,0.863786,197.82,94.29,644.88,0,2,compressed_ring_ar
1778528531.6328301,11,160,0.938116,195.47,95.691,651.858,0,2,compressed_ring_ar
1778528532.3731432,11,161,0.864085,184.49,123.573,689.41,0,2,compressed_ring_ar
1778528532.8935714,11,162,0.995407,262.6,87.348,486.03,0,2,compressed_ring_ar
1778528533.5243928,11,163,0.791558,215.74,98.352,591.947,0,2,compressed_ring_ar
1778528534.240571,11,164,1.016709,187.07,136.188,679.672,0,2,compressed_ring_ar
1778528534.7918878,11,165,0.855692,250.64,127.282,506.264,0,2,compressed_ring_ar
1778528535.3431802,11,166,0.884778,246.8,78.781,517.26,0,2,compressed_ring_ar
1778528536.011008,11,167,0.949831,201.9,126.993,629.4,0,2,compressed_ring_ar
1778528536.572002,11,168,0.840054,242.6,87.258,526.172,0,2,compressed_ring_ar
1778528537.2785082,11,169,0.916239,189.6,124.935,670.529,0,2,compressed_ring_ar
1778528537.911019,11,170,0.830313,216.34,138.433,586.936,0,2,compressed_ring_ar
1778528538.5087178,11,171,1.111698,231.24,128.544,548.761,0,2,compressed_ring_ar
1778528539.0549748,11,172,0.738904,252.84,120.375,501.779,0,2,compressed_ring_ar
1778528539.618456,11,173,0.87926,240.86,131.763,526.982,0,2,compressed_ring_ar
1778528540.1880229,11,174,0.839439,239.01,124.672,530.872,0,2,compressed_ring_ar
1778528540.7049255,11,175,1.007987,263.27,84.852,484.862,0,2,compressed_ring_ar
1778528541.3587995,11,176,0.94426,208.41,88.056,612.808,0,2,compressed_ring_ar
1778528542.0543172,11,177,0.851124,192.83,119.24,659.324,0,2,compressed_ring_ar
1778528542.5723295,11,178,0.967422,266.73,75.31,478.527,0,2,compressed_ring_ar
1778528543.2713516,11,179,1.091193,191.84,106.694,665.807,0,2,compressed_ring_ar
1778528543.9076972,11,180,0.891305,211.83,132.634,603.0,0,2,compressed_ring_ar
1778528544.5176299,11,181,0.808451,229.64,117.014,553.108,0,2,compressed_ring_ar
1778528545.1582336,11,182,0.998545,210.17,85.468,607.643,0,2,compressed_ring_ar
1778528545.7856352,11,183,0.795059,215.19,86.72,593.497,0,2,compressed_ring_ar
1778528546.3669195,11,184,0.927888,236.66,162.357,539.5,0,2,compressed_ring_ar
1778528547.020943,11,185,0.819395,205.86,84.519,620.447,0,2,compressed_ring_ar
1778528547.6721323,11,186,0.849286,206.48,86.914,617.902,0,2,compressed_ring_ar
1778528548.345167,11,187,0.902149,201.37,84.844,631.164,0,2,compressed_ring_ar
1778528548.9925866,11,188,0.800883,208.57,90.877,612.502,0,2,compressed_ring_ar
1778528549.644107,11,189,0.925175,212.84,161.333,599.939,0,2,compressed_ring_ar
1778528550.25396,11,190,0.903661,222.16,77.272,574.776,0,2,compressed_ring_ar
1778528550.9466972,11,191,0.880466,195.66,90.81,652.888,0,2,compressed_ring_ar
1778528551.588655,11,192,0.901165,209.53,86.912,609.512,0,2,compressed_ring_ar
1778528552.2308133,11,193,0.931154,210.14,98.849,607.797,0,2,compressed_ring_ar
1778528552.8958569,11,194,0.927206,201.98,99.363,632.354,0,2,compressed_ring_ar
1778528553.397159,11,195,1.32489,81.66,91.818,486.86,0,2,compressed_ring_ar
1778528559.9243386,12,0,0.806734,186.34,125.681,685.583,0,2,compressed_ring_ar
1778528560.4962401,12,1,1.141289,238.95,80.869,534.278,0,2,compressed_ring_ar
1778528561.1560018,12,2,0.93159,205.05,90.87,619.881,0,2,compressed_ring_ar
1778528561.8270009,12,3,0.792108,200.26,98.903,637.799,0,2,compressed_ring_ar
1778528562.466461,12,4,0.907996,211.68,79.251,603.37,0,2,compressed_ring_ar
1778528563.1320791,12,5,0.895394,202.85,91.037,629.707,0,2,compressed_ring_ar
1778528563.7902012,12,6,0.883491,204.25,92.735,625.316,0,2,compressed_ring_ar
1778528564.471765,12,7,0.848919,197.6,88.665,646.392,0,2,compressed_ring_ar
1778528565.126595,12,8,0.813602,207.08,86.211,616.897,0,2,compressed_ring_ar
1778528565.7720299,12,9,0.831883,208.86,89.78,611.475,0,2,compressed_ring_ar
1778528566.4172537,12,10,0.96191,210.69,79.127,606.145,0,2,compressed_ring_ar
1778528567.0713933,12,11,0.93047,205.9,76.625,620.284,0,2,compressed_ring_ar
1778528567.7339168,12,12,0.918474,203.05,97.63,628.992,0,2,compressed_ring_ar
1778528568.3520482,12,13,1.06943,218.21,82.546,585.417,0,2,compressed_ring_ar
1778528569.053467,12,14,0.743998,191.32,85.809,667.664,0,2,compressed_ring_ar
1778528569.8073535,12,15,0.900263,177.08,137.709,718.219,0,2,compressed_ring_ar
1778528570.3950777,12,16,1.023833,236.25,126.232,537.369,0,2,compressed_ring_ar
1778528571.0066304,12,17,0.761937,220.28,140.008,576.414,0,2,compressed_ring_ar
1778528571.5751789,12,18,0.874204,239.49,118.113,529.789,0,2,compressed_ring_ar
1778528572.1297467,12,19,0.954614,244.6,121.881,519.477,0,2,compressed_ring_ar
1778528572.726724,12,20,0.876984,229.67,126.433,552.723,0,2,compressed_ring_ar
1778528573.296552,12,21,0.88826,240.38,127.616,528.133,0,2,compressed_ring_ar
1778528573.8612754,12,22,1.028496,241.19,107.554,529.277,0,2,compressed_ring_ar
1778528574.5908628,12,23,0.860556,183.29,140.07,693.575,0,2,compressed_ring_ar
1778528575.08189,12,24,0.792647,278.46,78.096,458.269,0,2,compressed_ring_ar
1778528575.8194337,12,25,0.876751,181.21,113.662,704.927,0,2,compressed_ring_ar
1778528576.459818,12,26,0.938433,210.35,86.326,607.111,0,2,compressed_ring_ar
1778528577.1235821,12,27,0.877549,202.62,101.058,630.386,0,2,compressed_ring_ar
1778528577.7947087,12,28,0.905696,202.2,85.54,631.629,0,2,compressed_ring_ar
1778528578.4257596,12,29,0.944599,215.72,98.369,591.976,0,2,compressed_ring_ar
1778528579.058923,12,30,0.868474,212.75,87.991,600.573,0,2,compressed_ring_ar
1778528579.7182722,12,31,0.855374,210.04,174.052,607.987,0,2,compressed_ring_ar
1778528580.3977866,12,32,1.011271,198.81,134.67,639.383,0,2,compressed_ring_ar
1778528580.9714837,12,33,1.060583,236.95,84.818,538.862,0,2,compressed_ring_ar
1778528581.671245,12,34,1.025088,191.53,129.484,663.665,0,2,compressed_ring_ar
1778528582.2017825,12,35,0.960914,257.13,77.817,493.605,0,2,compressed_ring_ar
1778528582.8665106,12,36,1.030423,202.26,89.679,631.483,0,2,compressed_ring_ar
1778528583.5452816,12,37,0.839878,198.37,147.357,640.553,0,2,compressed_ring_ar
1778528584.0554903,12,38,1.000363,267.47,79.169,477.168,0,2,compressed_ring_ar
1778528584.6767612,12,39,1.039505,216.98,85.087,588.5,0,2,compressed_ring_ar
1778528585.3887074,12,40,0.962236,188.28,119.744,678.51,0,2,compressed_ring_ar
1778528586.0322165,12,41,0.879018,211.23,130.08,601.246,0,2,compressed_ring_ar
1778528586.5908754,12,42,1.104761,243.54,120.355,521.178,0,2,compressed_ring_ar
1778528587.2032368,12,43,0.958571,221.33,123.866,573.707,0,2,compressed_ring_ar
1778528587.6814015,12,44,0.835161,292.4,69.012,436.836,0,2,compressed_ring_ar
1778528588.3041205,12,45,0.949634,222.33,114.7,574.361,0,2,compressed_ring_ar
1778528588.9721122,12,46,0.999301,203.21,92.125,628.71,0,2,compressed_ring_ar
1778528589.5724556,12,47,0.875668,233.21,139.428,547.522,0,2,compressed_ring_ar
1778528590.2552812,12,48,0.874386,199.07,86.385,641.625,0,2,compressed_ring_ar
1778528590.9626448,12,49,0.793711,189.89,102.045,672.681,0,2,compressed_ring_ar
1778528591.6848779,12,50,0.873705,188.9,144.749,673.871,0,2,compressed_ring_ar
1778528592.2675405,12,51,0.809244,233.56,125.095,543.345,0,2,compressed_ring_ar
1778528592.9131644,12,52,0.952715,209.81,138.382,605.771,0,2,compressed_ring_ar
1778528593.5407877,12,53,0.768514,218.22,131.918,581.955,0,2,compressed_ring_ar
1778528594.0908759,12,54,0.85098,247.68,70.614,515.76,0,2,compressed_ring_ar
1778528594.7797503,12,55,1.011528,200.36,165.334,635.63,0,2,compressed_ring_ar
1778528595.4413757,12,56,0.808391,204.03,81.422,623.483,0,2,compressed_ring_ar
1778528596.2191625,12,57,0.754843,171.52,146.821,741.247,0,2,compressed_ring_ar
1778528596.736098,12,58,0.939157,265.73,80.013,479.62,0,2,compressed_ring_ar
1778528597.374847,12,59,0.892347,213.82,145.053,593.769,0,2,compressed_ring_ar
1778528597.955157,12,60,0.936971,233.26,132.161,544.048,0,2,compressed_ring_ar
1778528598.5133712,12,61,0.970346,243.3,120.204,521.465,0,2,compressed_ring_ar
1778528599.142684,12,62,1.05328,214.19,128.472,593.031,0,2,compressed_ring_ar
1778528599.7022753,12,63,1.062703,244.16,119.514,519.801,0,2,compressed_ring_ar
1778528600.3003683,12,64,0.713983,226.64,123.909,560.812,0,2,compressed_ring_ar
1778528600.916753,12,65,0.991834,219.5,140.338,578.458,0,2,compressed_ring_ar
1778528601.4660895,12,66,0.891806,247.0,125.516,513.358,0,2,compressed_ring_ar
1778528602.1008456,12,67,0.949565,213.03,116.72,596.334,0,2,compressed_ring_ar
1778528602.6784184,12,68,0.765954,235.28,127.062,539.587,0,2,compressed_ring_ar
1778528603.2526286,12,69,0.998855,236.24,130.569,537.219,0,2,compressed_ring_ar
1778528603.765183,12,70,0.87612,265.78,81.424,480.263,0,2,compressed_ring_ar
1778528604.585547,12,71,0.861533,163.34,153.543,778.733,0,2,compressed_ring_ar
1778528605.1171203,12,72,0.888731,255.77,88.797,499.038,0,2,compressed_ring_ar
1778528605.7637894,12,73,0.839739,209.19,87.531,608.76,0,2,compressed_ring_ar
1778528606.4295793,12,74,0.927354,201.96,94.21,629.354,0,2,compressed_ring_ar
1778528607.0976515,12,75,0.848992,201.66,101.898,633.397,0,2,compressed_ring_ar
1778528607.7710772,12,76,0.810364,200.32,122.049,637.715,0,2,compressed_ring_ar
1778528608.4063637,12,77,0.813937,213.17,130.989,595.947,0,2,compressed_ring_ar
1778528608.9783213,12,78,0.958603,238.78,132.304,531.61,0,2,compressed_ring_ar
1778528609.547353,12,79,0.716051,253.93,93.977,502.752,0,2,compressed_ring_ar
1778528610.230319,12,80,0.813951,198.05,110.825,644.903,0,2,compressed_ring_ar
1778528610.9725099,12,81,1.010288,181.76,145.589,699.841,0,2,compressed_ring_ar
1778528611.551861,12,82,0.777075,235.06,133.667,539.318,0,2,compressed_ring_ar
1778528612.0735102,12,83,0.888757,260.56,93.638,489.866,0,2,compressed_ring_ar
1778528612.7336447,12,84,0.812245,203.64,91.023,627.363,0,2,compressed_ring_ar
1778528613.3926473,12,85,0.71184,205.18,76.456,621.633,0,2,compressed_ring_ar
1778528614.0400844,12,86,0.902845,207.64,86.258,615.056,0,2,compressed_ring_ar
1778528614.6773646,12,87,0.699925,211.22,92.022,604.528,0,2,compressed_ring_ar
1778528615.3063836,12,88,0.857239,213.88,94.175,597.096,0,2,compressed_ring_ar
1778528615.9600384,12,89,0.857145,205.76,85.988,619.952,0,2,compressed_ring_ar
1778528616.601106,12,90,0.890112,210.33,83.902,607.201,0,2,compressed_ring_ar
1778528617.232766,12,91,0.965959,214.67,82.709,592.141,0,2,compressed_ring_ar
1778528617.944597,12,92,0.905231,188.32,133.634,678.331,0,2,compressed_ring_ar
1778528618.4924645,12,93,0.827378,249.27,80.535,512.12,0,2,compressed_ring_ar
1778528619.1309803,12,94,0.869496,211.11,85.987,604.9,0,2,compressed_ring_ar
1778528619.8127692,12,95,1.045782,197.52,134.832,643.394,0,2,compressed_ring_ar
1778528620.3872066,12,96,0.847371,236.58,125.301,536.85,0,2,compressed_ring_ar
1778528620.9562516,12,97,1.034614,238.15,123.24,532.771,0,2,compressed_ring_ar
1778528621.5092633,12,98,0.790548,246.85,83.336,516.41,0,2,compressed_ring_ar
1778528622.222497,12,99,0.964307,187.61,123.291,677.935,0,2,compressed_ring_ar
1778528622.7558534,12,100,0.841239,255.86,85.538,498.909,0,2,compressed_ring_ar
1778528623.431722,12,101,0.943806,200.86,92.225,635.668,0,2,compressed_ring_ar
1778528624.1192868,12,102,0.894138,195.84,83.441,652.18,0,2,compressed_ring_ar
1778528624.818996,12,103,0.791525,191.48,138.517,664.018,0,2,compressed_ring_ar
1778528625.3294387,12,104,0.995856,273.46,78.75,466.659,0,2,compressed_ring_ar
1778528626.016706,12,105,0.839012,194.73,97.509,652.9,0,2,compressed_ring_ar
1778528626.660715,12,106,0.918433,210.14,84.609,606.117,0,2,compressed_ring_ar
1778528627.3743124,12,107,0.905789,187.84,129.563,676.758,0,2,compressed_ring_ar
1778528627.9418526,12,108,0.822562,238.78,139.461,531.669,0,2,compressed_ring_ar
1778528628.5768783,12,109,0.811382,217.22,94.764,584.748,0,2,compressed_ring_ar
1778528629.350437,12,110,0.901766,172.46,121.806,740.889,0,2,compressed_ring_ar
1778528629.948005,12,111,0.822042,228.25,120.589,556.174,0,2,compressed_ring_ar
1778528630.636167,12,112,1.044368,196.84,139.478,645.636,0,2,compressed_ring_ar
1778528631.2605388,12,113,0.850181,220.18,137.03,576.85,0,2,compressed_ring_ar
1778528631.8270066,12,114,0.916267,239.0,120.863,531.501,0,2,compressed_ring_ar
1778528632.3454611,12,115,0.854666,268.32,78.904,475.577,0,2,compressed_ring_ar
1778528632.984582,12,116,0.755666,213.0,84.488,599.802,0,2,compressed_ring_ar
1778528633.5765889,12,117,0.944387,238.45,138.961,535.368,0,2,compressed_ring_ar
1778528634.281209,12,118,0.729984,190.05,131.932,672.199,0,2,compressed_ring_ar
1778528634.931074,12,119,0.927712,208.62,95.631,612.191,0,2,compressed_ring_ar
1778528635.626864,12,120,0.880318,192.76,144.719,659.078,0,2,compressed_ring_ar
1778528636.189248,12,121,0.950995,243.96,130.27,520.204,0,2,compressed_ring_ar
1778528636.7864995,12,122,0.827111,226.69,119.843,560.149,0,2,compressed_ring_ar
1778528637.356604,12,123,0.966624,237.39,109.965,537.999,0,2,compressed_ring_ar
1778528638.0617914,12,124,0.997247,190.25,121.082,668.27,0,2,compressed_ring_ar
1778528638.6217074,12,125,0.744775,243.21,119.152,521.537,0,2,compressed_ring_ar
1778528639.1881561,12,126,0.746451,239.82,126.061,528.981,0,2,compressed_ring_ar
1778528639.7481337,12,127,0.913333,242.62,127.488,523.096,0,2,compressed_ring_ar
1778528640.3653421,12,128,0.895185,218.64,135.077,580.88,0,2,compressed_ring_ar
1778528640.9983778,12,129,0.805648,213.31,134.27,595.386,0,2,compressed_ring_ar
1778528641.5558448,12,130,0.890866,245.76,119.867,516.226,0,2,compressed_ring_ar
1778528642.1376042,12,131,0.869252,232.41,107.423,549.348,0,2,compressed_ring_ar
1778528642.7965558,12,132,0.914321,205.96,109.08,620.069,0,2,compressed_ring_ar
1778528643.449084,12,133,0.783325,209.35,119.632,610.089,0,2,compressed_ring_ar
1778528644.0608296,12,134,1.150475,222.3,109.773,572.766,0,2,compressed_ring_ar
1778528644.7831252,12,135,0.902387,187.96,142.639,676.383,0,2,compressed_ring_ar
1778528645.380477,12,136,0.935858,232.89,143.282,545.063,0,2,compressed_ring_ar
1778528645.9426813,12,137,0.875295,241.59,124.43,525.0,0,2,compressed_ring_ar
1778528646.5010378,12,138,0.941842,244.13,125.951,520.042,0,2,compressed_ring_ar
1778528647.0608506,12,139,0.86783,242.87,115.98,522.661,0,2,compressed_ring_ar
1778528647.6327124,12,140,0.859227,237.58,119.737,533.975,0,2,compressed_ring_ar
1778528648.1913555,12,141,0.879989,242.83,127.683,522.688,0,2,compressed_ring_ar
1778528648.7786887,12,142,0.933522,233.07,124.056,544.471,0,2,compressed_ring_ar
1778528649.336319,12,143,0.983161,243.83,137.784,520.446,0,2,compressed_ring_ar
1778528649.849662,12,144,0.953862,267.2,78.35,477.507,0,2,compressed_ring_ar
1778528650.5440986,12,145,0.767147,193.67,109.466,656.895,0,2,compressed_ring_ar
1778528651.2355783,12,146,0.830387,194.18,132.854,655.627,0,2,compressed_ring_ar
1778528651.8048286,12,147,0.890108,238.81,129.102,531.273,0,2,compressed_ring_ar
1778528652.3638878,12,148,0.929068,242.84,126.548,522.956,0,2,compressed_ring_ar
1778528652.9292285,12,149,0.877265,239.38,124.666,530.351,0,2,compressed_ring_ar
1778528653.5186021,12,150,0.86098,229.77,133.897,552.4,0,2,compressed_ring_ar
1778528654.0602796,12,151,1.012878,252.31,88.837,505.916,0,2,compressed_ring_ar
1778528654.703623,12,152,0.81363,209.99,87.021,608.752,0,2,compressed_ring_ar
1778528655.2950191,12,153,1.046159,231.3,110.881,552.01,0,2,compressed_ring_ar
1778528656.014462,12,154,0.94127,186.14,139.863,683.113,0,2,compressed_ring_ar
1778528656.5723283,12,155,0.950039,244.58,124.309,518.878,0,2,compressed_ring_ar
1778528657.175479,12,156,0.865827,223.88,139.098,567.152,0,2,compressed_ring_ar
1778528657.7378168,12,157,0.854701,241.41,114.037,528.455,0,2,compressed_ring_ar
1778528658.4349551,12,158,0.821816,192.7,157.674,659.56,0,2,compressed_ring_ar
1778528659.0233517,12,159,0.93788,230.71,127.525,550.145,0,2,compressed_ring_ar
1778528659.6120238,12,160,0.763341,229.75,126.508,552.284,0,2,compressed_ring_ar
1778528660.1735947,12,161,0.76579,240.83,106.694,527.352,0,2,compressed_ring_ar
1778528660.9160538,12,162,0.946699,179.93,131.525,706.435,0,2,compressed_ring_ar
1778528661.4927166,12,163,1.089548,236.77,124.355,535.97,0,2,compressed_ring_ar
1778528662.082876,12,164,0.99323,231.21,103.561,552.414,0,2,compressed_ring_ar
1778528662.7229297,12,165,0.755244,212.16,121.283,598.551,0,2,compressed_ring_ar
1778528663.251407,12,166,1.093549,257.31,79.352,496.071,0,2,compressed_ring_ar
1778528663.8917809,12,167,0.892651,211.1,90.787,604.971,0,2,compressed_ring_ar
1778528664.5632339,12,168,0.939421,200.27,109.273,635.057,0,2,compressed_ring_ar
1778528665.205822,12,169,0.86317,209.13,90.013,610.747,0,2,compressed_ring_ar
1778528665.7876496,12,170,1.011057,239.13,159.325,530.764,0,2,compressed_ring_ar
1778528666.4666219,12,171,0.974655,197.5,93.306,646.684,0,2,compressed_ring_ar
1778528667.1425848,12,172,1.021824,201.36,101.813,634.319,0,2,compressed_ring_ar
1778528667.8182702,12,173,0.796844,198.72,111.323,642.727,0,2,compressed_ring_ar
1778528668.4885206,12,174,1.098373,201.01,85.03,632.518,0,2,compressed_ring_ar
1778528669.133754,12,175,0.834888,208.74,85.347,612.17,0,2,compressed_ring_ar
1778528669.741411,12,176,0.872471,233.39,137.449,547.078,0,2,compressed_ring_ar
1778528670.38638,12,177,0.995148,208.72,88.926,611.879,0,2,compressed_ring_ar
1778528671.1130617,12,178,0.831753,185.76,124.821,684.54,0,2,compressed_ring_ar
1778528671.6704965,12,179,0.838585,243.46,105.53,524.353,0,2,compressed_ring_ar
1778528672.298801,12,180,0.833025,214.44,110.639,594.64,0,2,compressed_ring_ar
1778528672.9799018,12,181,0.792429,197.65,101.147,646.09,0,2,compressed_ring_ar
1778528673.6818585,12,182,0.859682,191.67,130.473,663.083,0,2,compressed_ring_ar
1778528674.2555616,12,183,0.681333,236.27,119.787,537.232,0,2,compressed_ring_ar
1778528674.8166282,12,184,0.885932,241.77,106.555,528.051,0,2,compressed_ring_ar
1778528675.4476497,12,185,0.87753,213.98,87.154,596.855,0,2,compressed_ring_ar
1778528676.0476058,12,186,1.054229,233.63,130.337,546.429,0,2,compressed_ring_ar
1778528676.7003903,12,187,0.988399,206.94,92.598,617.231,0,2,compressed_ring_ar
1778528677.393545,12,188,1.076815,194.01,93.292,657.8,0,2,compressed_ring_ar
1778528678.0392935,12,189,0.959779,213.34,84.486,598.598,0,2,compressed_ring_ar
1778528678.7249146,12,190,0.768084,198.36,89.388,640.901,0,2,compressed_ring_ar
1778528679.3642137,12,191,1.030683,211.96,83.975,602.608,0,2,compressed_ring_ar
1778528679.9624798,12,192,0.923234,235.77,112.533,541.56,0,2,compressed_ring_ar
1778528680.5996766,12,193,0.838259,211.35,96.213,604.227,0,2,compressed_ring_ar
1778528681.2452695,12,194,0.911484,208.33,96.722,611.425,0,2,compressed_ring_ar
1778528681.8689654,12,195,1.000697,65.35,136.85,607.367,0,2,compressed_ring_ar
1778528688.354954,13,0,0.813654,180.04,136.498,706.052,0,2,compressed_ring_ar
1778528688.9064245,13,1,0.942043,251.5,99.022,507.628,0,2,compressed_ring_ar
1778528689.5941424,13,2,1.007402,195.24,125.965,651.031,0,2,compressed_ring_ar
1778528690.2080715,13,3,0.773371,219.98,119.688,577.191,0,2,compressed_ring_ar
1778528690.818477,13,4,0.811116,220.98,83.776,574.922,0,2,compressed_ring_ar
1778528691.5715053,13,5,0.903783,184.4,143.92,690.457,0,2,compressed_ring_ar
1778528692.133341,13,6,0.713582,242.21,107.937,527.165,0,2,compressed_ring_ar
1778528692.760772,13,7,1.004796,219.48,88.68,581.801,0,2,compressed_ring_ar
1778528693.4023037,13,8,0.759212,210.13,90.978,607.767,0,2,compressed_ring_ar
1778528693.9862957,13,9,0.869999,240.73,141.897,530.35,0,2,compressed_ring_ar
1778528694.6404867,13,10,0.904724,205.93,115.703,620.139,0,2,compressed_ring_ar
1778528695.3579843,13,11,0.72774,187.48,134.953,678.11,0,2,compressed_ring_ar
1778528695.9360578,13,12,0.910064,234.3,125.147,541.458,0,2,compressed_ring_ar
1778528696.4665258,13,13,0.860674,256.62,94.651,497.356,0,2,compressed_ring_ar
1778528697.1272366,13,14,0.8714,205.03,109.313,622.935,0,2,compressed_ring_ar
1778528697.800552,13,15,1.071367,199.78,126.906,635.849,0,2,compressed_ring_ar
1778528698.3676248,13,16,0.805191,238.82,134.575,531.488,0,2,compressed_ring_ar
1778528699.0070648,13,17,0.882991,211.76,130.554,599.752,0,2,compressed_ring_ar
1778528699.5681515,13,18,0.964395,242.52,120.817,523.081,0,2,compressed_ring_ar
1778528700.1442149,13,19,0.907522,236.32,123.154,537.365,0,2,compressed_ring_ar
1778528700.7530384,13,20,0.902418,222.14,133.008,570.913,0,2,compressed_ring_ar
1778528701.2737389,13,21,0.920187,280.49,79.749,454.937,0,2,compressed_ring_ar
1778528701.956345,13,22,0.849865,198.04,125.814,641.629,0,2,compressed_ring_ar
1778528702.5290544,13,23,1.037419,236.27,120.241,537.826,0,2,compressed_ring_ar
1778528703.1039388,13,24,1.01261,240.32,121.561,528.15,0,2,compressed_ring_ar
1778528703.7151713,13,25,0.891563,221.45,132.401,573.577,0,2,compressed_ring_ar
1778528704.1928403,13,26,0.861994,287.47,75.406,443.889,0,2,compressed_ring_ar
1778528704.7768245,13,27,0.769494,238.14,164.151,536.237,0,2,compressed_ring_ar
1778528705.4796848,13,28,0.730625,192.08,127.317,661.7,0,2,compressed_ring_ar
1778528706.101916,13,29,0.909532,217.83,128.791,583.657,0,2,compressed_ring_ar
1778528706.6829493,13,30,0.805629,236.82,128.45,536.035,0,2,compressed_ring_ar
1778528707.244303,13,31,0.739991,242.4,122.084,523.607,0,2,compressed_ring_ar
1778528707.833088,13,32,0.908579,231.41,125.776,548.1,0,2,compressed_ring_ar
1778528708.3950348,13,33,0.903516,244.92,124.113,518.118,0,2,compressed_ring_ar
1778528709.0041482,13,34,0.834586,224.02,127.213,566.55,0,2,compressed_ring_ar
1778528709.6205316,13,35,0.851116,222.78,127.475,570.54,0,2,compressed_ring_ar
1778528710.185981,13,36,0.772945,240.88,123.506,526.732,0,2,compressed_ring_ar
1778528710.7521753,13,37,1.025938,239.32,124.757,530.308,0,2,compressed_ring_ar
1778528711.3309102,13,38,0.847716,238.72,125.488,531.425,0,2,compressed_ring_ar
1778528711.930869,13,39,0.806031,227.76,126.818,557.195,0,2,compressed_ring_ar
1778528712.5189612,13,40,0.755482,233.44,116.21,543.789,0,2,compressed_ring_ar
1778528713.0854874,13,41,0.964358,239.82,123.346,530.015,0,2,compressed_ring_ar
1778528713.6610782,13,42,0.848824,236.37,121.114,537.104,0,2,compressed_ring_ar
1778528714.335523,13,43,0.799034,201.01,144.244,632.065,0,2,compressed_ring_ar
1778528714.8989336,13,44,0.87148,245.31,82.799,517.407,0,2,compressed_ring_ar
1778528715.5944896,13,45,0.838133,194.66,94.906,656.2,0,2,compressed_ring_ar
1778528716.3452103,13,46,0.959612,178.7,102.442,714.903,0,2,compressed_ring_ar
1778528717.1233916,13,47,0.809808,175.98,136.237,722.586,0,2,compressed_ring_ar
1778528717.7567854,13,48,0.830115,215.74,136.651,588.526,0,2,compressed_ring_ar
1778528718.2925017,13,49,0.904126,255.22,121.701,496.726,0,2,compressed_ring_ar
1778528718.8943338,13,50,0.870093,224.82,125.117,564.609,0,2,compressed_ring_ar
1778528719.5102441,13,51,0.759495,220.22,130.748,576.44,0,2,compressed_ring_ar
1778528720.1327817,13,52,0.834794,217.28,131.113,584.712,0,2,compressed_ring_ar
1778528720.7286563,13,53,0.853873,236.65,131.735,537.369,0,2,compressed_ring_ar
1778528721.3180058,13,54,0.889589,231.3,124.361,548.919,0,2,compressed_ring_ar
1778528721.870037,13,55,0.966706,246.26,115.003,515.485,0,2,compressed_ring_ar
1778528722.4372976,13,56,0.914019,238.66,106.456,534.954,0,2,compressed_ring_ar
1778528723.1511106,13,57,0.730101,187.92,118.15,679.772,0,2,compressed_ring_ar
1778528723.8506913,13,58,0.948731,191.57,133.092,663.691,0,2,compressed_ring_ar
1778528724.4202676,13,59,1.196298,248.93,120.368,509.337,0,2,compressed_ring_ar
1778528725.0026755,13,60,0.792422,239.57,130.711,529.948,0,2,compressed_ring_ar
1778528725.5796623,13,61,0.816928,234.99,127.817,540.027,0,2,compressed_ring_ar
1778528726.1765988,13,62,0.899917,226.47,128.292,560.305,0,2,compressed_ring_ar
1778528726.6698048,13,63,0.851849,277.25,78.6,460.277,0,2,compressed_ring_ar
1778528727.2975984,13,64,0.704331,215.5,82.168,592.591,0,2,compressed_ring_ar
1778528727.968067,13,65,0.747572,200.32,109.566,634.513,0,2,compressed_ring_ar
1778528728.6994205,13,66,0.984563,183.16,133.453,694.316,0,2,compressed_ring_ar
1778528729.2604258,13,67,0.908725,242.52,128.748,522.809,0,2,compressed_ring_ar
1778528729.8333728,13,68,0.954281,237.69,126.774,533.751,0,2,compressed_ring_ar
1778528730.4424937,13,69,0.856279,222.08,101.82,575.107,0,2,compressed_ring_ar
1778528731.0950308,13,70,1.006618,209.09,92.99,610.994,0,2,compressed_ring_ar
1778528731.7298908,13,71,0.767517,213.53,81.429,598.042,0,2,compressed_ring_ar
1778528732.38843,13,72,0.838294,205.25,91.564,620.573,0,2,compressed_ring_ar
1778528733.098333,13,73,0.956246,188.79,127.881,673.642,0,2,compressed_ring_ar
1778528733.6567607,13,74,0.824364,242.96,109.85,522.449,0,2,compressed_ring_ar
1778528734.364978,13,75,0.934831,190.87,129.917,666.138,0,2,compressed_ring_ar
1778528734.969713,13,76,0.863115,223.43,126.432,568.421,0,2,compressed_ring_ar
1778528735.5384,13,77,0.920272,238.33,117.671,533.986,0,2,compressed_ring_ar
1778528736.238743,13,78,0.882671,191.82,118.873,665.924,0,2,compressed_ring_ar
1778528736.8654063,13,79,1.035533,215.36,101.662,592.973,0,2,compressed_ring_ar
1778528737.5265985,13,80,0.818159,204.16,125.146,622.596,0,2,compressed_ring_ar
1778528738.1168525,13,81,0.712015,230.22,119.219,551.349,0,2,compressed_ring_ar
1778528738.6059556,13,82,0.932162,279.94,80.718,455.869,0,2,compressed_ring_ar
1778528739.2535233,13,83,0.92048,207.96,86.677,614.1,0,2,compressed_ring_ar
1778528739.954359,13,84,0.946631,191.07,147.046,665.172,0,2,compressed_ring_ar
1778528740.4706647,13,85,0.823848,264.0,82.7,483.48,0,2,compressed_ring_ar
1778528741.1522744,13,86,0.898139,198.04,85.819,644.998,0,2,compressed_ring_ar
1778528741.835221,13,87,0.777174,197.74,85.622,644.086,0,2,compressed_ring_ar
1778528742.507324,13,88,1.02834,202.34,93.725,631.231,0,2,compressed_ring_ar
1778528743.176237,13,89,0.809269,201.6,124.574,631.058,0,2,compressed_ring_ar
1778528743.762385,13,90,0.86995,230.58,122.868,551.196,0,2,compressed_ring_ar
1778528744.3394496,13,91,0.772615,235.9,129.45,537.993,0,2,compressed_ring_ar
1778528744.8880692,13,92,0.991441,247.43,80.074,516.001,0,2,compressed_ring_ar
1778528745.5347116,13,93,0.837898,214.97,95.486,594.091,0,2,compressed_ring_ar
1778528746.190137,13,94,0.73782,208.86,210.935,608.24,0,2,compressed_ring_ar
1778528746.7652664,13,95,0.855926,236.13,127.328,537.174,0,2,compressed_ring_ar
1778528747.3007438,13,96,0.918773,255.2,118.554,496.779,0,2,compressed_ring_ar
1778528747.8597083,13,97,0.785075,248.43,107.697,513.894,0,2,compressed_ring_ar
1778528748.6070933,13,98,0.875183,183.27,130.015,693.772,0,2,compressed_ring_ar
1778528749.1849651,13,99,0.805603,234.68,110.773,544.122,0,2,compressed_ring_ar
1778528749.8743775,13,100,1.033006,194.83,136.882,652.455,0,2,compressed_ring_ar
1778528750.4359393,13,101,0.875789,241.89,127.22,524.633,0,2,compressed_ring_ar
1778528751.0462751,13,102,0.681188,221.16,145.188,574.136,0,2,compressed_ring_ar
1778528751.6099858,13,103,1.05292,240.81,121.573,527.052,0,2,compressed_ring_ar
1778528752.1632028,13,104,0.890587,246.18,94.445,518.57,0,2,compressed_ring_ar
1778528752.8747072,13,105,0.815352,188.98,143.321,672.416,0,2,compressed_ring_ar
1778528753.4274,13,106,0.833347,246.99,103.414,516.864,0,2,compressed_ring_ar
1778528754.1365747,13,107,0.818393,188.9,158.911,672.793,0,2,compressed_ring_ar
1778528754.695903,13,108,0.791078,242.86,129.238,522.438,0,2,compressed_ring_ar
1778528755.281448,13,109,1.041694,231.65,110.925,551.257,0,2,compressed_ring_ar
1778528755.9071589,13,110,0.777904,215.44,90.675,592.761,0,2,compressed_ring_ar
1778528756.6226723,13,111,0.89414,187.72,130.345,677.123,0,2,compressed_ring_ar
1778528757.2049177,13,112,0.944793,232.62,128.287,545.618,0,2,compressed_ring_ar
1778528757.7576542,13,113,0.770091,245.4,123.854,516.728,0,2,compressed_ring_ar
1778528758.3141654,13,114,0.890484,244.28,118.367,519.067,0,2,compressed_ring_ar
1778528758.8130596,13,115,0.855862,273.21,75.515,467.085,0,2,compressed_ring_ar
1778528759.4890902,13,116,0.916089,199.19,126.266,637.885,0,2,compressed_ring_ar
1778528760.0713606,13,117,0.943193,232.89,125.279,545.129,0,2,compressed_ring_ar
1778528760.6143131,13,118,0.970778,249.97,114.772,507.579,0,2,compressed_ring_ar
1778528761.2386193,13,119,0.821646,216.18,129.419,587.445,0,2,compressed_ring_ar
1778528761.7982705,13,120,0.787992,243.23,106.174,524.91,0,2,compressed_ring_ar
1778528762.5042417,13,121,0.981812,190.31,138.707,671.162,0,2,compressed_ring_ar
1778528763.306536,13,122,0.97882,166.12,157.285,769.342,0,2,compressed_ring_ar
1778528764.006821,13,123,0.89071,192.85,123.029,662.35,0,2,compressed_ring_ar
1778528764.7130105,13,124,0.940513,189.98,129.542,669.029,0,2,compressed_ring_ar
1778528765.2996957,13,125,1.098414,230.3,102.629,554.554,0,2,compressed_ring_ar
1778528765.9279935,13,126,0.828213,216.0,117.734,587.993,0,2,compressed_ring_ar
1778528766.538705,13,127,0.914497,222.04,125.447,571.505,0,2,compressed_ring_ar
1778528767.0446992,13,128,0.881687,269.84,84.758,472.965,0,2,compressed_ring_ar
1778528767.686827,13,129,0.986537,210.12,96.676,608.045,0,2,compressed_ring_ar
1778528768.297093,13,130,0.892581,227.17,142.041,562.036,0,2,compressed_ring_ar
1778528768.9894307,13,131,0.892024,193.66,98.437,659.606,0,2,compressed_ring_ar
1778528769.6374958,13,132,0.844036,208.37,83.291,612.893,0,2,compressed_ring_ar
1778528770.3304262,13,133,1.018038,193.56,115.435,656.9,0,2,compressed_ring_ar
1778528770.9993012,13,134,0.894533,200.98,143.053,631.95,0,2,compressed_ring_ar
1778528771.5691686,13,135,0.942761,238.04,124.41,533.453,0,2,compressed_ring_ar
1778528772.1520872,13,136,0.723247,231.88,135.671,547.368,0,2,compressed_ring_ar
1778528772.700571,13,137,0.839905,248.53,110.072,513.65,0,2,compressed_ring_ar
1778528773.4059982,13,138,0.824687,191.52,124.312,663.713,0,2,compressed_ring_ar
1778528774.0107672,13,139,0.956554,225.8,135.563,562.53,0,2,compressed_ring_ar
1778528774.5615876,13,140,0.867279,249.52,119.657,508.302,0,2,compressed_ring_ar
1778528775.1574538,13,141,0.851967,228.3,120.667,556.889,0,2,compressed_ring_ar
1778528775.8169713,13,142,0.774681,204.47,92.832,624.671,0,2,compressed_ring_ar
1778528776.4745932,13,143,0.840382,204.7,126.526,621.423,0,2,compressed_ring_ar
1778528777.0328689,13,144,0.877052,243.02,83.06,525.297,0,2,compressed_ring_ar
1778528777.7553816,13,145,0.977773,187.6,120.125,677.614,0,2,compressed_ring_ar
1778528778.335335,13,146,0.709636,234.33,135.859,542.376,0,2,compressed_ring_ar
1778528778.905165,13,147,1.076402,238.35,124.928,532.551,0,2,compressed_ring_ar
1778528779.4369957,13,148,0.873539,256.3,84.639,497.889,0,2,compressed_ring_ar
1778528780.159182,13,149,0.975389,187.18,134.217,679.069,0,2,compressed_ring_ar
1778528780.7384334,13,150,0.880402,233.6,123.622,543.211,0,2,compressed_ring_ar
1778528781.317238,13,151,0.969161,239.6,120.068,530.293,0,2,compressed_ring_ar
1778528781.853,13,152,1.017985,255.3,85.219,500.0,0,2,compressed_ring_ar
1778528782.443729,13,153,0.7944,235.56,78.13,541.995,0,2,compressed_ring_ar
1778528783.18086,13,154,1.003694,181.35,144.962,701.301,0,2,compressed_ring_ar
1778528783.7786934,13,155,0.905676,226.37,129.314,560.754,0,2,compressed_ring_ar
1778528784.3965225,13,156,0.873081,218.42,142.916,582.061,0,2,compressed_ring_ar
1778528784.8992813,13,157,0.894039,273.08,81.339,467.346,0,2,compressed_ring_ar
1778528785.61091,13,158,0.620164,188.34,141.954,678.307,0,2,compressed_ring_ar
1778528786.2497056,13,159,0.983132,210.98,136.366,601.992,0,2,compressed_ring_ar
1778528786.7809885,13,160,0.815026,256.39,76.083,497.927,0,2,compressed_ring_ar
1778528787.4318812,13,161,0.832406,208.13,105.208,611.829,0,2,compressed_ring_ar
1778528788.150927,13,162,0.813946,186.39,122.788,681.753,0,2,compressed_ring_ar
1778528788.7119591,13,163,0.871047,241.83,124.356,525.479,0,2,compressed_ring_ar
1778528789.3133461,13,164,0.893064,224.35,116.489,565.717,0,2,compressed_ring_ar
1778528789.8487484,13,165,0.932239,253.82,123.169,502.994,0,2,compressed_ring_ar
1778528790.4075284,13,166,0.832393,248.88,77.779,512.894,0,2,compressed_ring_ar
1778528791.129332,13,167,0.836104,185.58,119.252,688.302,0,2,compressed_ring_ar
1778528791.7691195,13,168,0.978572,215.02,119.741,590.613,0,2,compressed_ring_ar
1778528792.2925348,13,169,0.980871,260.25,73.579,490.577,0,2,compressed_ring_ar
1778528792.8513346,13,170,0.831787,248.42,152.32,514.15,0,2,compressed_ring_ar
1778528793.4175,13,171,0.855345,242.34,121.213,526.79,0,2,compressed_ring_ar
1778528794.0399046,13,172,0.635126,216.95,84.814,588.762,0,2,compressed_ring_ar
1778528794.6173668,13,173,0.921879,237.83,107.536,536.796,0,2,compressed_ring_ar
1778528795.266473,13,174,0.788757,209.21,89.295,610.425,0,2,compressed_ring_ar
1778528795.9078758,13,175,1.029769,212.23,124.456,601.81,0,2,compressed_ring_ar
1778528796.629839,13,176,0.888953,190.57,113.798,667.073,0,2,compressed_ring_ar
1778528797.2317374,13,177,0.87313,224.29,113.028,569.317,0,2,compressed_ring_ar
1778528797.876409,13,178,0.862907,209.05,116.744,610.987,0,2,compressed_ring_ar
1778528798.511129,13,179,0.887433,213.08,89.799,599.284,0,2,compressed_ring_ar
1778528799.1086366,13,180,0.870931,227.2,76.658,561.969,0,2,compressed_ring_ar
1778528799.7715282,13,181,0.71129,204.17,117.185,622.34,0,2,compressed_ring_ar
1778528800.3984728,13,182,0.872657,215.23,130.139,589.63,0,2,compressed_ring_ar
1778528800.961829,13,183,0.749328,246.4,128.295,515.06,0,2,compressed_ring_ar
1778528801.5413997,13,184,0.945497,234.17,109.997,545.185,0,2,compressed_ring_ar
1778528802.2358398,13,185,0.775714,193.42,136.114,657.969,0,2,compressed_ring_ar
1778528802.8057532,13,186,0.734063,238.79,127.318,531.224,0,2,compressed_ring_ar
1778528803.3714294,13,187,0.98644,239.95,133.589,529.025,0,2,compressed_ring_ar
1778528803.8962588,13,188,0.887568,260.54,76.157,489.984,0,2,compressed_ring_ar
1778528804.6944585,13,189,1.162786,171.62,123.844,741.091,0,2,compressed_ring_ar
1778528805.2253463,13,190,0.903088,255.94,110.506,496.017,0,2,compressed_ring_ar
1778528805.8795726,13,191,0.824243,207.03,149.591,613.707,0,2,compressed_ring_ar
1778528806.474135,13,192,0.926605,229.85,128.127,552.108,0,2,compressed_ring_ar
1778528807.0348384,13,193,0.926042,241.3,118.181,525.731,0,2,compressed_ring_ar
1778528807.6122973,13,194,0.718736,234.69,122.758,544.353,0,2,compressed_ring_ar
1778528808.0539546,13,195,0.95695,94.84,82.388,417.967,0,2,compressed_ring_ar
1778528814.6244566,14,0,1.09694,168.16,146.859,756.645,0,2,compressed_ring_ar
1778528815.2131882,14,1,0.738329,233.23,122.146,544.185,0,2,compressed_ring_ar
1778528815.8324711,14,2,1.01007,220.16,118.436,576.862,0,2,compressed_ring_ar
1778528816.3957975,14,3,0.860635,240.41,125.147,527.67,0,2,compressed_ring_ar
1778528816.9659045,14,4,0.909721,248.22,119.435,511.167,0,2,compressed_ring_ar
1778528817.6037035,14,5,0.905416,213.05,128.889,596.16,0,2,compressed_ring_ar
1778528818.1483743,14,6,0.702425,251.56,118.771,504.24,0,2,compressed_ring_ar
1778528818.7002063,14,7,0.977055,246.0,119.379,516.552,0,2,compressed_ring_ar
1778528819.2822042,14,8,0.721752,233.67,128.29,543.267,0,2,compressed_ring_ar
1778528819.8992946,14,9,0.820487,218.58,120.949,583.413,0,2,compressed_ring_ar
1778528820.5963042,14,10,0.83999,193.07,134.189,658.403,0,2,compressed_ring_ar
1778528821.175947,14,11,0.798042,233.5,126.909,543.487,0,2,compressed_ring_ar
1778528821.7794502,14,12,0.82408,224.24,128.582,565.931,0,2,compressed_ring_ar
1778528822.3532457,14,13,0.884195,235.56,125.108,538.489,0,2,compressed_ring_ar
1778528822.9057302,14,14,0.932718,246.98,106.355,517.025,0,2,compressed_ring_ar
1778528823.5523233,14,15,0.822191,210.11,133.179,604.572,0,2,compressed_ring_ar
1778528824.1225336,14,16,0.923514,237.89,122.853,533.275,0,2,compressed_ring_ar
1778528824.6982045,14,17,0.669705,239.21,128.228,530.429,0,2,compressed_ring_ar
1778528825.2949944,14,18,0.793669,230.24,130.726,551.253,0,2,compressed_ring_ar
1778528825.874752,14,19,0.8966,234.61,122.884,541.133,0,2,compressed_ring_ar
1778528826.414409,14,20,0.848749,253.63,126.269,502.618,0,2,compressed_ring_ar
1778528827.0008612,14,21,0.824352,231.14,121.744,552.469,0,2,compressed_ring_ar
1778528827.6724758,14,22,0.970112,201.06,112.447,635.259,0,2,compressed_ring_ar
1778528828.4061708,14,23,0.746867,183.12,129.724,694.104,0,2,compressed_ring_ar
1778528828.9469936,14,24,0.936221,251.09,117.94,504.945,0,2,compressed_ring_ar
1778528829.4823582,14,25,0.895489,254.39,126.147,498.613,0,2,compressed_ring_ar
1778528830.053749,14,26,0.753456,238.15,127.05,532.895,0,2,compressed_ring_ar
1778528830.6102552,14,27,0.812729,246.56,128.865,514.817,0,2,compressed_ring_ar
1778528831.17087,14,28,0.856106,242.07,118.917,524.088,0,2,compressed_ring_ar
1778528831.7512312,14,29,0.896474,233.39,121.358,544.34,0,2,compressed_ring_ar
1778528832.2539687,14,30,0.902893,272.25,70.004,469.22,0,2,compressed_ring_ar
1778528832.8313317,14,31,0.791129,239.57,128.381,532.879,0,2,compressed_ring_ar
1778528833.5411775,14,32,0.923013,189.89,122.95,669.24,0,2,compressed_ring_ar
1778528834.1179142,14,33,0.92207,234.89,125.227,540.129,0,2,compressed_ring_ar
1778528834.6959822,14,34,0.889332,234.68,113.604,540.823,0,2,compressed_ring_ar
1778528835.2633414,14,35,0.859162,238.89,126.693,531.292,0,2,compressed_ring_ar
1778528835.8653955,14,36,0.824665,225.17,129.721,563.585,0,2,compressed_ring_ar
1778528836.4407175,14,37,0.917888,235.82,125.172,538.08,0,2,compressed_ring_ar
1778528837.0425253,14,38,0.811521,225.44,129.48,562.846,0,2,compressed_ring_ar
1778528837.6600811,14,39,0.837852,219.3,128.499,579.135,0,2,compressed_ring_ar
1778528838.2611973,14,40,0.815355,226.78,135.417,559.791,0,2,compressed_ring_ar
1778528838.8716538,14,41,0.809763,222.69,132.774,570.496,0,2,compressed_ring_ar
1778528839.4725857,14,42,0.714068,224.73,133.505,564.872,0,2,compressed_ring_ar
1778528840.0455728,14,43,0.785986,236.84,135.404,536.066,0,2,compressed_ring_ar
1778528840.63169,14,44,0.843567,231.13,126.433,549.139,0,2,compressed_ring_ar
1778528841.2086904,14,45,0.749194,234.69,131.763,540.706,0,2,compressed_ring_ar
1778528841.7611256,14,46,1.007403,247.39,125.368,514.558,0,2,compressed_ring_ar
1778528842.3245673,14,47,0.814045,242.01,81.121,527.556,0,2,compressed_ring_ar
1778528842.9869788,14,48,1.153852,204.12,94.13,625.744,0,2,compressed_ring_ar
1778528843.7009165,14,49,0.790607,188.53,134.05,674.095,0,2,compressed_ring_ar
1778528844.3631728,14,50,1.039424,202.71,140.972,627.299,0,2,compressed_ring_ar
1778528844.9796636,14,51,0.943362,219.32,123.046,578.839,0,2,compressed_ring_ar
1778528845.5521946,14,52,0.835839,236.89,126.011,535.72,0,2,compressed_ring_ar
1778528846.1526277,14,53,0.953623,225.43,122.709,563.245,0,2,compressed_ring_ar
1778528846.712564,14,54,0.80905,242.27,129.742,523.588,0,2,compressed_ring_ar
1778528847.3078337,14,55,0.777505,227.13,127.891,559.186,0,2,compressed_ring_ar
1778528847.9124875,14,56,0.80922,223.62,127.386,567.79,0,2,compressed_ring_ar
1778528848.5003548,14,57,0.893438,230.72,121.973,550.061,0,2,compressed_ring_ar
1778528849.119047,14,58,1.019405,218.73,121.232,580.456,0,2,compressed_ring_ar
1778528849.7045236,14,59,0.887589,232.01,122.171,546.966,0,2,compressed_ring_ar
1778528850.2060907,14,60,0.900633,277.55,68.118,460.053,0,2,compressed_ring_ar
1778528850.865522,14,61,0.825351,206.28,190.482,615.572,0,2,compressed_ring_ar
1778528851.4186435,14,62,0.891571,256.68,123.08,497.58,0,2,compressed_ring_ar
1778528852.0265274,14,63,0.768764,223.91,127.23,567.023,0,2,compressed_ring_ar
1778528852.632037,14,64,0.88325,223.23,135.885,568.557,0,2,compressed_ring_ar
1778528853.1884754,14,65,0.800859,243.51,123.782,521.069,0,2,compressed_ring_ar
1778528853.7709508,14,66,0.946055,232.18,121.258,546.264,0,2,compressed_ring_ar
1778528854.3635092,14,67,0.724184,227.79,130.6,557.182,0,2,compressed_ring_ar
1778528854.863478,14,68,0.953995,281.46,79.043,453.492,0,2,compressed_ring_ar
1778528855.495054,14,69,0.694382,213.71,98.613,597.7,0,2,compressed_ring_ar
1778528856.1361234,14,70,0.896516,214.6,138.18,591.94,0,2,compressed_ring_ar
1778528856.7209177,14,71,0.721373,231.73,124.076,547.439,0,2,compressed_ring_ar
1778528857.2656898,14,72,0.71389,249.59,122.201,508.506,0,2,compressed_ring_ar
1778528857.911731,14,73,0.909909,208.55,123.629,609.175,0,2,compressed_ring_ar
1778528858.4644213,14,74,0.754877,245.73,119.211,516.257,0,2,compressed_ring_ar
1778528859.0221727,14,75,0.820905,245.08,130.618,518.055,0,2,compressed_ring_ar
1778528859.6007261,14,76,0.746084,234.41,130.048,541.621,0,2,compressed_ring_ar
1778528860.2164357,14,77,0.904148,220.72,130.203,576.023,0,2,compressed_ring_ar
1778528860.8343728,14,78,0.966055,218.58,127.935,581.086,0,2,compressed_ring_ar
1778528861.3999436,14,79,0.939259,245.1,124.592,517.635,0,2,compressed_ring_ar
1778528861.9506714,14,80,0.847075,247.03,119.617,514.303,0,2,compressed_ring_ar
1778528862.5193622,14,81,0.851266,238.86,114.773,531.946,0,2,compressed_ring_ar
1778528863.0809257,14,82,0.792618,242.8,122.901,523.257,0,2,compressed_ring_ar
1778528863.6582367,14,83,0.914005,234.35,116.595,541.458,0,2,compressed_ring_ar
1778528864.2146242,14,84,0.802968,243.91,124.968,520.332,0,2,compressed_ring_ar
1778528864.7848463,14,85,0.8162,237.67,119.674,533.685,0,2,compressed_ring_ar
1778528865.3537817,14,86,0.751891,245.06,128.541,517.605,0,2,compressed_ring_ar
1778528865.859614,14,87,0.853133,276.47,79.345,461.553,0,2,compressed_ring_ar
1778528866.5942812,14,88,0.975084,181.51,111.282,703.843,0,2,compressed_ring_ar
1778528867.3026435,14,89,0.731675,189.63,125.092,670.552,0,2,compressed_ring_ar
1778528867.8973596,14,90,0.817423,228.85,125.01,558.019,0,2,compressed_ring_ar
1778528868.6740024,14,91,0.786403,177.8,151.408,715.025,0,2,compressed_ring_ar
1778528869.2457166,14,92,0.836652,238.06,127.054,532.874,0,2,compressed_ring_ar
1778528869.837768,14,93,0.713254,229.04,123.796,554.382,0,2,compressed_ring_ar
1778528870.4500105,14,94,0.786187,220.91,154.098,574.796,0,2,compressed_ring_ar
1778528871.0711153,14,95,0.853075,218.63,128.328,584.07,0,2,compressed_ring_ar
1778528871.787185,14,96,0.970517,187.56,147.438,677.68,0,2,compressed_ring_ar
1778528872.3434439,14,97,0.836369,243.53,133.922,520.683,0,2,compressed_ring_ar
1778528872.9144166,14,98,0.776374,237.29,130.148,534.876,0,2,compressed_ring_ar
1778528873.4876895,14,99,0.756415,236.19,116.36,537.251,0,2,compressed_ring_ar
1778528874.0476944,14,100,0.881525,242.31,126.385,523.896,0,2,compressed_ring_ar
1778528874.5854816,14,101,0.965145,254.62,83.66,501.548,0,2,compressed_ring_ar
1778528875.2502341,14,102,0.852865,203.75,127.87,624.461,0,2,compressed_ring_ar
1778528875.832742,14,103,0.877472,232.65,104.084,548.853,0,2,compressed_ring_ar
1778528876.448712,14,104,0.919018,220.28,124.245,576.493,0,2,compressed_ring_ar
1778528877.0657468,14,105,0.898205,219.39,126.275,579.012,0,2,compressed_ring_ar
1778528877.6350803,14,106,0.846878,239.8,106.362,532.386,0,2,compressed_ring_ar
1778528878.3223057,14,107,0.782158,197.08,129.248,644.733,0,2,compressed_ring_ar
1778528878.8599868,14,108,0.858333,253.05,81.216,504.407,0,2,compressed_ring_ar
1778528879.5615392,14,109,0.915789,191.08,122.382,665.418,0,2,compressed_ring_ar
1778528880.158136,14,110,0.757325,226.42,130.715,560.867,0,2,compressed_ring_ar
1778528880.7296667,14,111,0.841349,237.33,127.898,534.784,0,2,compressed_ring_ar
1778528881.3500867,14,112,0.59686,217.59,134.34,584.448,0,2,compressed_ring_ar
1778528881.9283838,14,113,0.887633,235.89,134.0,538.867,0,2,compressed_ring_ar
1778528882.4881196,14,114,0.874156,242.3,119.571,523.72,0,2,compressed_ring_ar
1778528883.0321748,14,115,0.767182,251.8,113.278,504.184,0,2,compressed_ring_ar
1778528883.612051,14,116,0.737065,233.62,121.129,544.197,0,2,compressed_ring_ar
1778528884.1794555,14,117,0.860478,238.82,115.507,531.364,0,2,compressed_ring_ar
1778528884.758624,14,118,0.739635,234.19,126.933,541.949,0,2,compressed_ring_ar
1778528885.321005,14,119,0.792479,241.68,114.003,528.191,0,2,compressed_ring_ar
1778528886.0058022,14,120,0.839027,197.22,126.37,643.713,0,2,compressed_ring_ar
1778528886.5577765,14,121,0.952967,246.31,121.462,514.929,0,2,compressed_ring_ar
1778528887.1243975,14,122,0.858305,239.85,129.776,529.488,0,2,compressed_ring_ar
1778528887.697889,14,123,0.689613,236.04,123.817,537.776,0,2,compressed_ring_ar
1778528888.244024,14,124,1.00182,249.71,100.839,511.179,0,2,compressed_ring_ar
1778528888.9081953,14,125,0.839211,202.47,91.648,630.797,0,2,compressed_ring_ar
1778528889.604693,14,126,0.593645,193.58,129.388,657.272,0,2,compressed_ring_ar
1778528890.19407,14,127,1.010752,229.53,127.0,553.039,0,2,compressed_ring_ar
1778528890.7741485,14,128,0.97762,233.84,136.682,543.641,0,2,compressed_ring_ar
1778528891.3549438,14,129,0.813295,233.76,108.578,546.156,0,2,compressed_ring_ar
1778528892.0497808,14,130,0.925847,193.31,131.735,658.47,0,2,compressed_ring_ar
1778528892.6338978,14,131,1.00565,232.5,124.413,549.162,0,2,compressed_ring_ar
1778528893.3787248,14,132,0.900691,181.38,123.855,700.943,0,2,compressed_ring_ar
1778528893.9484973,14,133,0.911465,237.96,132.751,533.375,0,2,compressed_ring_ar
1778528894.4847226,14,134,0.893997,253.84,124.967,499.435,0,2,compressed_ring_ar
1778528895.1120956,14,135,0.894606,214.83,126.118,591.055,0,2,compressed_ring_ar
1778528895.6582446,14,136,0.834155,248.55,119.484,510.127,0,2,compressed_ring_ar
1778528896.2359838,14,137,0.758614,233.48,126.637,543.664,0,2,compressed_ring_ar
1778528896.7134552,14,138,0.693638,287.1,74.26,444.786,0,2,compressed_ring_ar
1778528897.3935914,14,139,0.944598,203.39,153.436,624.813,0,2,compressed_ring_ar
1778528898.001041,14,140,0.826631,222.84,143.132,569.933,0,2,compressed_ring_ar
1778528898.5922682,14,141,0.855959,230.07,109.73,554.931,0,2,compressed_ring_ar
1778528899.3102994,14,142,1.06886,187.13,138.064,680.005,0,2,compressed_ring_ar
1778528899.9368389,14,143,1.200008,216.07,140.395,588.003,0,2,compressed_ring_ar
1778528900.499176,14,144,0.780707,242.5,132.537,523.387,0,2,compressed_ring_ar
1778528901.1372368,14,145,0.905137,211.52,146.074,600.812,0,2,compressed_ring_ar
1778528901.7380378,14,146,0.795718,226.71,126.362,559.737,0,2,compressed_ring_ar
1778528902.3070369,14,147,1.039967,246.32,131.441,514.975,0,2,compressed_ring_ar
1778528902.9090524,14,148,0.839054,223.98,130.383,567.759,0,2,compressed_ring_ar
1778528903.4896812,14,149,0.834478,235.67,108.321,541.682,0,2,compressed_ring_ar
1778528904.2046945,14,150,1.079153,187.89,155.085,676.682,0,2,compressed_ring_ar
1778528904.7744117,14,151,0.955384,239.79,132.369,529.255,0,2,compressed_ring_ar
1778528905.5152345,14,152,0.754675,181.83,181.392,699.559,0,2,compressed_ring_ar
1778528906.1413057,14,153,0.881062,220.91,134.316,574.691,0,2,compressed_ring_ar
1778528906.6963847,14,154,0.790729,250.09,88.687,510.436,0,2,compressed_ring_ar
1778528907.3576567,14,155,0.901725,210.8,91.623,605.846,0,2,compressed_ring_ar
1778528908.080494,14,156,0.824686,188.82,152.391,673.158,0,2,compressed_ring_ar
1778528908.746094,14,157,0.843566,209.87,142.512,605.352,0,2,compressed_ring_ar
1778528909.3674414,14,158,0.940407,218.67,114.554,584.027,0,2,compressed_ring_ar
1778528910.05154,14,159,0.942904,197.97,151.132,641.814,0,2,compressed_ring_ar
1778528910.5901663,14,160,0.871043,254.32,128.174,498.572,0,2,compressed_ring_ar
1778528911.2001894,14,161,0.839838,221.46,145.922,573.175,0,2,compressed_ring_ar
1778528911.7691674,14,162,0.929097,239.5,124.137,529.975,0,2,compressed_ring_ar
1778528912.3374295,14,163,0.879959,238.81,129.757,530.992,0,2,compressed_ring_ar
1778528912.8869834,14,164,0.934882,248.35,129.377,511.19,0,2,compressed_ring_ar
1778528913.4834163,14,165,0.792695,227.61,138.866,559.591,0,2,compressed_ring_ar
1778528914.0278335,14,166,0.92291,255.69,80.891,499.487,0,2,compressed_ring_ar
1778528914.6196878,14,167,0.749475,233.99,141.471,546.403,0,2,compressed_ring_ar
1778528915.2891712,14,168,0.817255,204.45,140.256,621.724,0,2,compressed_ring_ar
1778528915.8953238,14,169,0.876905,223.96,129.472,566.945,0,2,compressed_ring_ar
1778528916.4691935,14,170,0.834105,239.59,105.322,532.823,0,2,compressed_ring_ar
1778528917.1695523,14,171,0.977834,193.03,130.295,658.5,0,2,compressed_ring_ar
1778528917.7795193,14,172,0.942617,222.8,128.273,569.491,0,2,compressed_ring_ar
1778528918.3583536,14,173,0.992518,235.6,127.704,539.124,0,2,compressed_ring_ar
1778528918.9759293,14,174,0.725465,220.29,141.594,576.507,0,2,compressed_ring_ar
1778528919.5590718,14,175,0.901043,235.35,126.729,539.273,0,2,compressed_ring_ar
1778528920.15228,14,176,0.758848,228.24,124.448,556.21,0,2,compressed_ring_ar
1778528920.7013628,14,177,0.696877,247.58,115.533,512.435,0,2,compressed_ring_ar
1778528921.3072264,14,178,0.779797,224.05,119.112,566.72,0,2,compressed_ring_ar
1778528921.8428884,14,179,0.699319,253.65,121.604,503.284,0,2,compressed_ring_ar
1778528922.3992314,14,180,0.859215,257.23,83.364,496.207,0,2,compressed_ring_ar
1778528923.1194005,14,181,0.761362,187.27,127.21,678.852,0,2,compressed_ring_ar
1778528923.7044888,14,182,0.855059,232.27,132.644,546.621,0,2,compressed_ring_ar
1778528924.3086538,14,183,0.847119,224.36,134.28,566.018,0,2,compressed_ring_ar
1778528924.944812,14,184,1.023957,217.9,131.548,582.82,0,2,compressed_ring_ar
1778528925.5220673,14,185,0.872904,236.96,124.995,535.531,0,2,compressed_ring_ar
1778528926.126577,14,186,0.80549,223.47,116.149,571.413,0,2,compressed_ring_ar
1778528926.845112,14,187,0.911587,187.04,108.701,683.081,0,2,compressed_ring_ar
1778528927.5492578,14,188,0.760171,192.95,118.846,661.993,0,2,compressed_ring_ar
1778528928.3129814,14,189,0.701029,175.77,127.006,726.809,0,2,compressed_ring_ar
1778528928.9928195,14,190,0.747096,199.23,131.433,637.892,0,2,compressed_ring_ar
1778528929.5774484,14,191,1.009982,237.28,128.801,535.457,0,2,compressed_ring_ar
1778528930.2036147,14,192,0.838064,216.42,131.109,586.745,0,2,compressed_ring_ar
1778528930.7836998,14,193,0.703447,236.91,130.297,535.69,0,2,compressed_ring_ar
1778528931.409881,14,194,0.856149,216.42,128.678,590.538,0,2,compressed_ring_ar
1778528931.9666023,14,195,0.838836,74.03,129.804,536.532,0,2,compressed_ring_ar
1778528938.6218908,15,0,0.956964,163.17,108.61,783.121,0,2,compressed_ring_ar
1778528939.339486,15,1,0.800153,186.86,130.16,680.376,0,2,compressed_ring_ar
1778528939.9080257,15,2,0.812504,243.33,119.744,522.396,0,2,compressed_ring_ar
1778528940.5699706,15,3,0.728134,203.56,111.422,627.801,0,2,compressed_ring_ar
1778528941.28913,15,4,0.826757,189.26,145.948,672.189,0,2,compressed_ring_ar
1778528941.892559,15,5,0.847567,224.17,127.546,567.055,0,2,compressed_ring_ar
1778528942.4819157,15,6,0.950844,230.48,127.275,550.864,0,2,compressed_ring_ar
1778528943.0428183,15,7,0.78471,242.78,135.355,525.915,0,2,compressed_ring_ar
1778528943.6118674,15,8,0.827313,243.27,83.458,524.931,0,2,compressed_ring_ar
1778528944.3052433,15,9,0.826081,194.31,109.78,654.352,0,2,compressed_ring_ar
1778528944.9599848,15,10,0.915374,206.64,100.622,618.017,0,2,compressed_ring_ar
1778528945.673147,15,11,0.921084,188.75,97.308,676.782,0,2,compressed_ring_ar
1778528946.3604157,15,12,0.657883,196.55,98.953,649.859,0,2,compressed_ring_ar
1778528947.0533836,15,13,0.815853,195.22,129.337,650.988,0,2,compressed_ring_ar
1778528947.6438582,15,14,0.738604,230.0,116.214,555.121,0,2,compressed_ring_ar
1778528948.3041353,15,15,0.955063,205.34,105.185,621.914,0,2,compressed_ring_ar
1778528949.0389225,15,16,0.918581,182.68,143.119,695.921,0,2,compressed_ring_ar
1778528949.5583203,15,17,0.80939,263.53,88.276,484.357,0,2,compressed_ring_ar
1778528950.297901,15,18,0.943101,182.0,131.545,698.747,0,2,compressed_ring_ar
1778528950.9053957,15,19,0.878325,226.4,134.477,560.913,0,2,compressed_ring_ar
1778528951.508313,15,20,0.826544,230.74,134.624,550.218,0,2,compressed_ring_ar
1778528952.1051843,15,21,0.919797,229.27,131.616,556.926,0,2,compressed_ring_ar
1778528952.7152388,15,22,0.839845,223.52,112.626,568.191,0,2,compressed_ring_ar
1778528953.3174164,15,23,0.811646,224.15,129.231,566.374,0,2,compressed_ring_ar
1778528953.8671303,15,24,0.791096,246.95,114.93,513.628,0,2,compressed_ring_ar
1778528954.4281569,15,25,0.921834,242.18,89.0,527.12,0,2,compressed_ring_ar
1778528955.100752,15,26,0.985938,202.17,103.475,631.899,0,2,compressed_ring_ar
1778528955.7737064,15,27,0.841267,200.29,132.341,634.478,0,2,compressed_ring_ar
1778528956.459009,15,28,0.721003,197.83,146.53,645.603,0,2,compressed_ring_ar
1778528957.1373265,15,29,0.919283,198.73,94.484,642.711,0,2,compressed_ring_ar
1778528957.8094862,15,30,0.744322,201.82,121.421,630.43,0,2,compressed_ring_ar
1778528958.429987,15,31,1.047223,221.89,125.081,575.453,0,2,compressed_ring_ar
1778528959.0729795,15,32,0.914237,213.61,86.323,597.823,0,2,compressed_ring_ar
1778528959.8390687,15,33,0.979374,175.68,130.95,723.86,0,2,compressed_ring_ar
1778528960.4543395,15,34,1.052496,226.77,146.199,559.947,0,2,compressed_ring_ar
1778528961.0766442,15,35,0.87461,220.65,142.378,575.098,0,2,compressed_ring_ar
1778528961.673747,15,36,0.874483,228.06,108.497,559.805,0,2,compressed_ring_ar
1778528962.3897479,15,37,0.750585,187.21,132.406,679.252,0,2,compressed_ring_ar
1778528963.090793,15,38,0.815846,192.46,150.209,660.212,0,2,compressed_ring_ar
1778528963.6961167,15,39,0.761509,226.36,121.14,560.848,0,2,compressed_ring_ar
1778528964.2499506,15,40,0.709408,245.55,119.316,516.669,0,2,compressed_ring_ar
1778528964.8103251,15,41,0.794177,244.1,124.724,522.976,0,2,compressed_ring_ar
1778528965.4359114,15,42,0.775382,219.03,133.706,579.894,0,2,compressed_ring_ar
1778528965.9864502,15,43,0.793124,248.71,126.039,510.277,0,2,compressed_ring_ar
1778528966.5522974,15,44,0.94164,239.62,128.937,529.558,0,2,compressed_ring_ar
1778528967.1608799,15,45,0.880431,224.5,127.412,565.73,0,2,compressed_ring_ar
1778528967.779958,15,46,0.882517,218.99,109.368,583.419,0,2,compressed_ring_ar
1778528968.5014296,15,47,0.705075,186.86,141.142,680.445,0,2,compressed_ring_ar
1778528969.0861814,15,48,0.875329,231.8,125.119,547.747,0,2,compressed_ring_ar
1778528969.6288543,15,49,0.837258,250.87,88.015,508.812,0,2,compressed_ring_ar
1778528970.2716975,15,50,0.785359,210.01,88.106,605.546,0,2,compressed_ring_ar
1778528970.95954,15,51,0.765755,196.13,115.918,648.791,0,2,compressed_ring_ar
1778528971.614789,15,52,0.810859,212.15,133.993,598.874,0,2,compressed_ring_ar
1778528972.1775818,15,53,0.897537,241.15,109.942,529.372,0,2,compressed_ring_ar
1778528972.8406472,15,54,0.738444,203.02,92.938,629.157,0,2,compressed_ring_ar
1778528973.5278504,15,55,0.822616,196.19,127.202,648.368,0,2,compressed_ring_ar
1778528974.1338005,15,56,0.832838,223.59,123.841,567.562,0,2,compressed_ring_ar
1778528974.6988559,15,57,0.757996,249.71,120.292,507.985,0,2,compressed_ring_ar
1778528975.2624466,15,58,0.863833,242.91,116.15,522.2,0,2,compressed_ring_ar
1778528975.8447015,15,59,0.703882,232.32,120.276,546.285,0,2,compressed_ring_ar
1778528976.422382,15,60,0.754834,235.16,130.129,539.56,0,2,compressed_ring_ar
1778528977.0116692,15,61,0.764258,231.13,104.917,552.539,0,2,compressed_ring_ar
1778528977.674503,15,62,0.791599,203.44,136.121,624.499,0,2,compressed_ring_ar
1778528978.2847621,15,63,0.76099,228.52,129.145,555.478,0,2,compressed_ring_ar
1778528978.8425825,15,64,0.942161,244.49,104.671,522.326,0,2,compressed_ring_ar
1778528979.5175889,15,65,0.891823,199.85,149.158,635.742,0,2,compressed_ring_ar
1778528980.0972328,15,66,0.787938,233.99,133.22,542.207,0,2,compressed_ring_ar
1778528980.6743848,15,67,0.690131,235.52,130.748,538.694,0,2,compressed_ring_ar
1778528981.2545047,15,68,0.82157,233.58,123.466,544.219,0,2,compressed_ring_ar
1778528981.84444,15,69,0.835966,232.2,125.263,547.332,0,2,compressed_ring_ar
1778528982.415196,15,70,1.037766,240.5,122.404,527.665,0,2,compressed_ring_ar
1778528982.9813268,15,71,0.848907,239.89,117.484,528.965,0,2,compressed_ring_ar
1778528983.5393085,15,72,0.801208,245.31,92.586,517.511,0,2,compressed_ring_ar
1778528984.2379637,15,73,0.879451,192.4,133.543,660.69,0,2,compressed_ring_ar
1778528984.8115387,15,74,0.751494,236.52,104.187,539.939,0,2,compressed_ring_ar
1778528985.5335271,15,75,0.741326,185.74,127.501,684.513,0,2,compressed_ring_ar
1778528986.0661762,15,76,0.884409,254.45,100.79,501.623,0,2,compressed_ring_ar
1778528986.7959929,15,77,1.169744,184.1,126.245,690.293,0,2,compressed_ring_ar
1778528987.3780336,15,78,0.876123,236.19,124.944,537.129,0,2,compressed_ring_ar
1778528987.944863,15,79,0.830906,238.71,123.282,531.62,0,2,compressed_ring_ar
1778528988.5709932,15,80,0.985728,215.33,136.357,590.097,0,2,compressed_ring_ar
1778528989.1904683,15,81,0.875034,220.69,144.423,575.837,0,2,compressed_ring_ar
1778528989.7604554,15,82,0.64033,237.58,109.773,535.549,0,2,compressed_ring_ar
1778528990.4790359,15,83,0.810738,186.37,114.729,685.423,0,2,compressed_ring_ar
1778528991.1979566,15,84,0.723367,189.09,135.42,672.14,0,2,compressed_ring_ar
1778528991.7990432,15,85,0.892281,226.32,139.122,560.767,0,2,compressed_ring_ar
1778528992.367907,15,86,0.856855,238.33,127.266,533.241,0,2,compressed_ring_ar
1778528992.9656377,15,87,0.823365,232.03,127.378,547.422,0,2,compressed_ring_ar
1778528993.5846121,15,88,0.845947,217.5,153.678,583.806,0,2,compressed_ring_ar
1778528994.1596954,15,89,1.060352,240.75,136.257,527.222,0,2,compressed_ring_ar
1778528994.7503722,15,90,0.951074,229.32,148.635,554.125,0,2,compressed_ring_ar
1778528995.333607,15,91,0.832423,232.91,105.238,548.31,0,2,compressed_ring_ar
1778528996.1543834,15,92,0.806527,163.07,161.954,781.895,0,2,compressed_ring_ar
1778528996.8542023,15,93,0.70292,191.31,119.169,667.674,0,2,compressed_ring_ar
1778528997.5497866,15,94,0.819578,193.7,120.558,659.396,0,2,compressed_ring_ar
1778528998.242014,15,95,0.802867,194.26,108.942,654.475,0,2,compressed_ring_ar
1778528998.9657109,15,96,0.807761,185.14,134.185,686.72,0,2,compressed_ring_ar
1778528999.5493395,15,97,0.967346,231.94,131.892,548.044,0,2,compressed_ring_ar
1778529000.1540637,15,98,0.829257,224.73,127.987,564.982,0,2,compressed_ring_ar
1778529000.7039068,15,99,0.806123,247.6,116.392,512.54,0,2,compressed_ring_ar
1778529001.3358064,15,100,0.832054,213.73,123.408,594.459,0,2,compressed_ring_ar
1778529001.9248536,15,101,0.856941,229.88,126.705,552.121,0,2,compressed_ring_ar
1778529002.4173136,15,102,0.763761,279.01,69.457,457.161,0,2,compressed_ring_ar
1778529003.0463445,15,103,0.93589,219.37,123.634,582.454,0,2,compressed_ring_ar
1778529003.6856785,15,104,0.895709,211.68,90.165,603.276,0,2,compressed_ring_ar
1778529004.3721461,15,105,0.748828,198.11,129.001,641.496,0,2,compressed_ring_ar
1778529004.9069293,15,106,0.900041,254.38,89.489,501.804,0,2,compressed_ring_ar
1778529005.6053731,15,107,0.823576,191.64,126.59,663.155,0,2,compressed_ring_ar
1778529006.2302482,15,108,0.720297,215.86,110.467,591.698,0,2,compressed_ring_ar
1778529006.866076,15,109,0.788258,214.25,117.317,592.766,0,2,compressed_ring_ar
1778529007.4167864,15,110,0.962385,245.98,111.89,515.898,0,2,compressed_ring_ar
1778529007.9825335,15,111,0.847148,238.9,124.297,531.346,0,2,compressed_ring_ar
1778529008.5385423,15,112,0.969688,243.97,114.902,519.949,0,2,compressed_ring_ar
1778529009.1077428,15,113,0.938118,238.06,118.701,533.069,0,2,compressed_ring_ar
1778529009.5992417,15,114,0.814117,278.57,83.14,458.028,0,2,compressed_ring_ar
1778529010.3363175,15,115,1.035374,181.28,134.709,701.488,0,2,compressed_ring_ar
1778529010.8661058,15,116,0.869079,258.04,71.553,495.132,0,2,compressed_ring_ar
1778529011.5627618,15,117,0.72264,201.21,136.707,634.799,0,2,compressed_ring_ar
1778529012.1940155,15,118,0.990376,216.91,169.126,585.414,0,2,compressed_ring_ar
1778529012.747205,15,119,0.7824,246.79,115.278,514.161,0,2,compressed_ring_ar
1778529013.286302,15,120,0.799538,253.3,85.325,504.02,0,2,compressed_ring_ar
1778529013.9864485,15,121,0.671662,193.15,123.726,657.943,0,2,compressed_ring_ar
1778529014.5732162,15,122,0.883923,231.08,120.412,549.283,0,2,compressed_ring_ar
1778529015.153299,15,123,0.826276,232.82,128.158,545.594,0,2,compressed_ring_ar
1778529015.7124996,15,124,0.857259,242.38,120.587,523.575,0,2,compressed_ring_ar
1778529016.2790627,15,125,0.807598,240.29,122.975,528.019,0,2,compressed_ring_ar
1778529016.8512533,15,126,0.830348,236.7,122.01,535.858,0,2,compressed_ring_ar
1778529017.433815,15,127,0.837407,232.26,129.716,546.603,0,2,compressed_ring_ar
1778529017.9958742,15,128,0.835919,244.17,126.931,519.67,0,2,compressed_ring_ar
1778529018.499458,15,129,0.726431,271.21,76.026,470.622,0,2,compressed_ring_ar
1778529019.212584,15,130,0.788399,187.85,140.34,676.475,0,2,compressed_ring_ar
1778529019.7759733,15,131,0.784498,242.21,113.484,524.03,0,2,compressed_ring_ar
1778529020.3200028,15,132,0.91994,250.62,126.677,506.626,0,2,compressed_ring_ar
1778529020.9379141,15,133,0.875435,218.74,146.885,580.563,0,2,compressed_ring_ar
1778529021.5211334,15,134,0.817873,234.83,120.061,540.612,0,2,compressed_ring_ar
1778529022.1010485,15,135,0.868347,239.52,115.012,529.874,0,2,compressed_ring_ar
1778529022.6197648,15,136,0.823872,262.95,83.131,485.393,0,2,compressed_ring_ar
1778529023.3346753,15,137,0.957117,187.58,126.244,677.855,0,2,compressed_ring_ar
1778529023.8993404,15,138,0.827819,239.64,120.935,529.805,0,2,compressed_ring_ar
1778529024.4587505,15,139,0.857012,242.48,123.536,526.505,0,2,compressed_ring_ar
1778529025.0910454,15,140,1.04451,213.65,124.298,594.26,0,2,compressed_ring_ar
1778529025.7042024,15,141,0.694518,220.72,128.16,575.179,0,2,compressed_ring_ar
1778529026.2601988,15,142,0.797359,244.16,103.688,522.836,0,2,compressed_ring_ar
1778529026.8941348,15,143,0.904145,212.71,124.531,600.39,0,2,compressed_ring_ar
1778529027.5349205,15,144,0.846678,211.57,136.354,600.562,0,2,compressed_ring_ar
1778529028.086097,15,145,0.834337,246.51,127.597,515.425,0,2,compressed_ring_ar
1778529028.644645,15,146,0.822963,242.59,118.814,523.739,0,2,compressed_ring_ar
1778529029.227689,15,147,0.946771,233.01,119.729,544.646,0,2,compressed_ring_ar
1778529029.8540862,15,148,0.687914,215.26,125.133,589.986,0,2,compressed_ring_ar
1778529030.4308016,15,149,0.776828,237.94,107.169,536.509,0,2,compressed_ring_ar
1778529031.1402526,15,150,0.819905,188.99,144.243,675.918,0,2,compressed_ring_ar
1778529031.767502,15,151,0.878174,217.21,119.996,584.522,0,2,compressed_ring_ar
1778529032.3720398,15,152,0.74732,226.92,130.254,559.408,0,2,compressed_ring_ar
1778529032.9466128,15,153,0.789594,236.32,115.971,537.67,0,2,compressed_ring_ar
1778529033.4997733,15,154,0.873972,245.51,82.091,520.0,0,2,compressed_ring_ar
1778529034.154515,15,155,0.801145,205.93,83.932,620.18,0,2,compressed_ring_ar
1778529034.8535116,15,156,0.888357,191.79,134.481,666.051,0,2,compressed_ring_ar
1778529035.5476897,15,157,0.800038,196.48,130.754,646.638,0,2,compressed_ring_ar
1778529036.102605,15,158,0.793248,244.88,80.823,521.332,0,2,compressed_ring_ar
1778529036.7543836,15,159,0.92525,206.31,148.246,615.876,0,2,compressed_ring_ar
1778529037.2641487,15,160,0.697281,268.04,72.953,476.748,0,2,compressed_ring_ar
1778529037.8265193,15,161,0.991649,244.21,138.35,522.835,0,2,compressed_ring_ar
1778529038.404938,15,162,0.781488,240.16,134.25,531.602,0,2,compressed_ring_ar
1778529039.1094027,15,163,0.768913,190.31,116.527,671.228,0,2,compressed_ring_ar
1778529039.7500923,15,164,0.737661,211.04,104.462,605.141,0,2,compressed_ring_ar
1778529040.4287593,15,165,0.675558,197.75,123.519,642.819,0,2,compressed_ring_ar
1778529040.996644,15,166,0.78418,242.05,102.911,524.273,0,2,compressed_ring_ar
1778529041.7090034,15,167,0.888844,191.12,113.501,668.506,0,2,compressed_ring_ar
1778529042.4161544,15,168,0.878998,189.86,136.462,669.844,0,2,compressed_ring_ar
1778529042.9492302,15,169,0.917407,254.98,81.25,500.654,0,2,compressed_ring_ar
1778529043.7817361,15,170,0.728301,162.89,130.313,781.136,0,2,compressed_ring_ar
1778529044.3507993,15,171,0.67118,238.1,127.028,533.004,0,2,compressed_ring_ar
1778529044.9241922,15,172,0.760303,236.14,120.541,537.577,0,2,compressed_ring_ar
1778529045.5152888,15,173,1.060899,229.49,100.612,556.326,0,2,compressed_ring_ar
1778529046.1735697,15,174,0.790011,203.88,128.934,623.029,0,2,compressed_ring_ar
1778529046.7604923,15,175,0.862289,231.18,127.66,549.029,0,2,compressed_ring_ar
1778529047.316067,15,176,0.799722,243.74,107.338,522.116,0,2,compressed_ring_ar
1778529048.0290005,15,177,0.768921,188.6,129.039,673.972,0,2,compressed_ring_ar
1778529048.6188722,15,178,0.841373,235.91,134.404,538.118,0,2,compressed_ring_ar
1778529049.2500503,15,179,0.789566,214.58,112.119,595.194,0,2,compressed_ring_ar
1778529049.9610398,15,180,0.759376,188.97,110.814,675.994,0,2,compressed_ring_ar
1778529050.6634996,15,181,0.765922,190.8,140.229,666.227,0,2,compressed_ring_ar
1778529051.2113006,15,182,0.742653,250.96,102.418,508.7,0,2,compressed_ring_ar
1778529051.8468032,15,183,0.718999,212.15,80.222,601.95,0,2,compressed_ring_ar
1778529052.544283,15,184,0.817473,192.14,126.672,661.787,0,2,compressed_ring_ar
1778529053.1967092,15,185,1.091147,206.58,116.066,618.208,0,2,compressed_ring_ar
1778529053.876742,15,186,0.745542,200.18,132.05,634.894,0,2,compressed_ring_ar
1778529054.4630144,15,187,0.79701,230.74,128.191,550.012,0,2,compressed_ring_ar
1778529055.0632758,15,188,0.765837,225.03,122.996,564.119,0,2,compressed_ring_ar
1778529055.6422803,15,189,0.936825,238.73,124.226,531.359,0,2,compressed_ring_ar
1778529056.1848133,15,190,0.774044,250.78,124.256,505.851,0,2,compressed_ring_ar
1778529056.7726169,15,191,0.679372,230.17,109.624,554.711,0,2,compressed_ring_ar
1778529057.4772635,15,192,0.709916,190.26,109.416,671.312,0,2,compressed_ring_ar
1778529058.1280942,15,193,0.843035,206.63,89.525,618.359,0,2,compressed_ring_ar
1778529058.7741148,15,194,0.803435,215.15,167.61,593.69,0,2,compressed_ring_ar
1778529059.2979023,15,195,0.614597,78.84,129.916,503.578,0,2,compressed_ring_ar
1778529066.1174908,16,0,0.662347,180.02,139.238,706.795,0,2,compressed_ring_ar
1778529066.7171016,16,1,0.728347,227.24,138.019,558.789,0,2,compressed_ring_ar
1778529067.356785,16,2,0.789399,212.36,153.117,598.064,0,2,compressed_ring_ar
1778529067.9077685,16,3,0.845579,248.68,102.454,513.297,0,2,compressed_ring_ar
1778529068.5896444,16,4,0.85422,202.15,74.553,632.051,0,2,compressed_ring_ar
1778529069.2163086,16,5,0.977895,226.01,131.719,564.865,0,2,compressed_ring_ar
1778529069.8928027,16,6,0.949783,200.9,82.791,635.759,0,2,compressed_ring_ar
1778529070.5097322,16,7,0.807388,219.59,104.691,581.488,0,2,compressed_ring_ar
1778529071.2422016,16,8,0.838575,182.54,118.963,696.798,0,2,compressed_ring_ar
1778529071.890311,16,9,0.772509,208.14,75.265,613.587,0,2,compressed_ring_ar
1778529072.5450654,16,10,0.77858,205.51,95.81,621.481,0,2,compressed_ring_ar
1778529073.1759567,16,11,0.996046,213.45,80.376,598.356,0,2,compressed_ring_ar
1778529073.8273447,16,12,0.863116,210.85,87.183,605.684,0,2,compressed_ring_ar
1778529074.516303,16,13,0.731068,195.47,86.163,652.62,0,2,compressed_ring_ar
1778529075.160205,16,14,0.738865,209.87,94.128,608.849,0,2,compressed_ring_ar
1778529075.7504942,16,15,0.722788,238.18,156.948,536.096,0,2,compressed_ring_ar
1778529076.3997838,16,16,0.867401,206.84,99.171,617.48,0,2,compressed_ring_ar
1778529077.0332444,16,17,0.986335,212.88,76.253,599.874,0,2,compressed_ring_ar
1778529077.7037823,16,18,0.844844,200.85,87.471,635.922,0,2,compressed_ring_ar
1778529078.3521564,16,19,0.931009,207.98,92.399,614.041,0,2,compressed_ring_ar
1778529078.9987135,16,20,0.924334,207.71,114.226,614.924,0,2,compressed_ring_ar
1778529079.7574966,16,21,0.924885,179.78,91.651,710.606,0,2,compressed_ring_ar
1778529080.446328,16,22,0.812306,196.04,100.031,651.531,0,2,compressed_ring_ar
1778529081.1023412,16,23,0.670869,204.9,94.444,623.62,0,2,compressed_ring_ar
1778529081.7015514,16,24,0.775618,230.08,79.664,551.878,0,2,compressed_ring_ar
1778529082.3432438,16,25,0.749189,209.86,96.576,608.537,0,2,compressed_ring_ar
1778529082.8864577,16,26,0.83887,256.5,110.999,497.807,0,2,compressed_ring_ar
1778529083.4801705,16,27,0.783836,233.59,125.978,546.815,0,2,compressed_ring_ar
1778529084.0475187,16,28,0.965154,248.08,146.031,514.731,0,2,compressed_ring_ar
1778529084.6585147,16,29,0.905732,225.63,133.23,566.05,0,2,compressed_ring_ar
1778529085.359176,16,30,0.973516,191.17,101.185,668.174,0,2,compressed_ring_ar
1778529086.0217195,16,31,0.888064,204.69,94.326,624.18,0,2,compressed_ring_ar
1778529086.6482034,16,32,0.832804,216.11,76.459,590.905,0,2,compressed_ring_ar
1778529087.2986188,16,33,0.865832,207.13,87.077,614.916,0,2,compressed_ring_ar
1778529087.941624,16,34,0.800597,210.68,103.793,606.45,0,2,compressed_ring_ar
1778529088.5250537,16,35,0.788669,242.65,129.744,526.382,0,2,compressed_ring_ar
1778529089.1567967,16,36,0.955028,213.71,79.298,597.587,0,2,compressed_ring_ar
1778529089.7967083,16,37,0.70234,210.97,81.061,605.64,0,2,compressed_ring_ar
1778529090.369721,16,38,0.839222,242.85,131.803,525.902,0,2,compressed_ring_ar
1778529090.9583807,16,39,0.835174,234.51,139.13,542.673,0,2,compressed_ring_ar
1778529091.6134365,16,40,0.838064,206.13,89.158,619.586,0,2,compressed_ring_ar
1778529092.2445147,16,41,0.868645,213.76,96.143,597.38,0,2,compressed_ring_ar
1778529092.8955038,16,42,0.852194,207.03,90.246,616.864,0,2,compressed_ring_ar
1778529093.5535564,16,43,0.795471,204.95,99.036,623.347,0,2,compressed_ring_ar
1778529094.1651683,16,44,0.95931,224.95,130.61,564.545,0,2,compressed_ring_ar
1778529094.8479092,16,45,0.697962,196.65,80.609,646.491,0,2,compressed_ring_ar
1778529095.5082417,16,46,0.897612,203.4,84.47,628.1,0,2,compressed_ring_ar
1778529096.1859422,16,47,0.785949,197.93,92.254,645.344,0,2,compressed_ring_ar
1778529096.8341053,16,48,0.906286,209.01,80.477,610.878,0,2,compressed_ring_ar
1778529097.4980383,16,49,0.715623,203.48,95.782,627.723,0,2,compressed_ring_ar
1778529098.0966275,16,50,0.718526,231.59,102.274,551.609,0,2,compressed_ring_ar
1778529098.7157412,16,51,1.113642,219.73,82.226,581.134,0,2,compressed_ring_ar
1778529099.366277,16,52,0.613056,207.54,82.014,615.407,0,2,compressed_ring_ar
1778529100.006587,16,53,0.767095,211.57,83.624,603.567,0,2,compressed_ring_ar
1778529100.663647,16,54,0.778948,205.78,102.739,620.619,0,2,compressed_ring_ar
1778529101.3368807,16,55,0.766865,200.11,81.944,638.367,0,2,compressed_ring_ar
1778529101.984808,16,56,0.847093,208.9,82.236,611.367,0,2,compressed_ring_ar
1778529102.6154678,16,57,0.824036,214.56,84.292,595.338,0,2,compressed_ring_ar
1778529103.2066646,16,58,0.691958,235.07,160.779,543.261,0,2,compressed_ring_ar
1778529103.883617,16,59,0.908222,198.9,80.38,642.134,0,2,compressed_ring_ar
1778529104.521064,16,60,0.880693,211.78,88.157,603.13,0,2,compressed_ring_ar
1778529105.1124787,16,61,0.716678,234.93,171.059,543.42,0,2,compressed_ring_ar
1778529105.774517,16,62,0.751588,203.58,77.897,627.362,0,2,compressed_ring_ar
1778529106.4197412,16,63,0.907576,207.9,89.668,614.268,0,2,compressed_ring_ar
1778529107.0893888,16,64,0.847511,203.37,86.783,628.058,0,2,compressed_ring_ar
1778529107.7455397,16,65,0.870424,204.95,87.991,623.149,0,2,compressed_ring_ar
1778529108.4146395,16,66,0.78518,205.15,98.331,622.506,0,2,compressed_ring_ar
1778529109.0855536,16,67,0.668831,201.31,97.883,632.287,0,2,compressed_ring_ar
1778529109.7435284,16,68,0.843498,204.29,97.611,623.032,0,2,compressed_ring_ar
1778529110.4158084,16,69,0.76291,199.83,96.585,639.306,0,2,compressed_ring_ar
1778529111.0964615,16,70,0.892956,199.12,84.877,638.838,0,2,compressed_ring_ar
1778529111.8209856,16,71,0.70201,193.86,90.305,658.995,0,2,compressed_ring_ar
1778529112.4277985,16,72,0.874308,227.6,144.764,559.393,0,2,compressed_ring_ar
1778529113.1012387,16,73,0.663384,200.8,93.309,633.061,0,2,compressed_ring_ar
1778529113.7700405,16,74,0.67394,201.14,98.915,634.15,0,2,compressed_ring_ar
1778529114.4109159,16,75,0.82852,209.88,92.02,605.559,0,2,compressed_ring_ar
1778529115.0619087,16,76,0.720416,206.35,80.076,618.938,0,2,compressed_ring_ar
1778529115.7144606,16,77,0.790789,206.46,90.722,617.02,0,2,compressed_ring_ar
1778529116.37257,16,78,0.850018,204.11,96.512,625.764,0,2,compressed_ring_ar
1778529116.986543,16,79,0.745836,221.96,84.171,575.27,0,2,compressed_ring_ar
1778529117.644875,16,80,0.75044,204.21,108.142,624.701,0,2,compressed_ring_ar
1778529118.2816522,16,81,0.770703,212.16,82.413,601.921,0,2,compressed_ring_ar
1778529118.898856,16,82,0.836692,219.24,100.034,582.569,0,2,compressed_ring_ar
1778529119.4835284,16,83,0.82326,235.83,141.755,540.647,0,2,compressed_ring_ar
1778529120.1210654,16,84,0.688948,212.54,88.589,601.06,0,2,compressed_ring_ar
1778529120.7439399,16,85,0.76132,222.09,131.649,575.172,0,2,compressed_ring_ar
1778529121.3847241,16,86,0.802901,210.36,77.664,607.069,0,2,compressed_ring_ar
1778529122.0117567,16,87,0.896065,217.78,85.523,586.335,0,2,compressed_ring_ar
1778529122.645791,16,88,0.779682,213.93,86.187,596.121,0,2,compressed_ring_ar
1778529123.2990465,16,89,0.833752,205.66,87.812,620.163,0,2,compressed_ring_ar
1778529123.9707053,16,90,0.881179,200.22,91.449,637.871,0,2,compressed_ring_ar
1778529124.5833561,16,91,0.881257,220.84,84.501,578.23,0,2,compressed_ring_ar
1778529125.2460248,16,92,0.831206,204.53,93.742,624.413,0,2,compressed_ring_ar
1778529125.8773468,16,93,0.909971,213.91,92.823,596.994,0,2,compressed_ring_ar
1778529126.4963593,16,94,0.764071,218.26,87.496,585.162,0,2,compressed_ring_ar
1778529127.0922208,16,95,0.849798,230.32,153.506,551.252,0,2,compressed_ring_ar
1778529127.7547958,16,96,0.884664,202.92,94.164,629.384,0,2,compressed_ring_ar
1778529128.3978493,16,97,0.826579,212.4,88.916,601.5,0,2,compressed_ring_ar
1778529128.9905822,16,98,0.761926,237.44,127.46,537.766,0,2,compressed_ring_ar
1778529129.6316798,16,99,0.625466,210.32,95.928,607.164,0,2,compressed_ring_ar
1778529130.2606893,16,100,0.82738,215.7,93.837,592.09,0,2,compressed_ring_ar
1778529130.910086,16,101,0.68044,207.98,97.669,614.066,0,2,compressed_ring_ar
1778529131.561973,16,102,0.619722,206.38,81.893,617.925,0,2,compressed_ring_ar
1778529132.2023559,16,103,0.683642,210.1,84.703,607.927,0,2,compressed_ring_ar
1778529132.803437,16,104,0.709764,230.16,115.053,553.827,0,2,compressed_ring_ar
1778529133.4607518,16,105,0.773301,205.58,82.646,621.184,0,2,compressed_ring_ar
1778529134.114128,16,106,0.674206,207.12,87.266,613.603,0,2,compressed_ring_ar
1778529134.7607522,16,107,0.763465,208.06,89.218,613.791,0,2,compressed_ring_ar
1778529135.4028466,16,108,0.883924,209.81,101.514,608.668,0,2,compressed_ring_ar
1778529136.0606866,16,109,0.788747,203.6,87.049,627.332,0,2,compressed_ring_ar
1778529136.6962757,16,110,0.884415,212.2,79.447,600.172,0,2,compressed_ring_ar
1778529137.3756595,16,111,0.890383,198.39,109.678,643.785,0,2,compressed_ring_ar
1778529138.0319242,16,112,0.658253,204.84,90.951,623.498,0,2,compressed_ring_ar
1778529138.7161214,16,113,0.780411,197.11,85.664,648.071,0,2,compressed_ring_ar
1778529139.403706,16,114,0.76732,197.5,105.837,646.721,0,2,compressed_ring_ar
1778529140.0675774,16,115,0.814737,205.84,91.129,620.402,0,2,compressed_ring_ar
1778529140.7377753,16,116,0.969141,200.64,86.268,633.515,0,2,compressed_ring_ar
1778529141.443247,16,117,1.006544,191.2,90.605,668.034,0,2,compressed_ring_ar
1778529142.096093,16,118,0.766701,206.15,85.405,616.424,0,2,compressed_ring_ar
1778529142.7573144,16,119,0.90349,203.37,94.066,628.363,0,2,compressed_ring_ar
1778529143.395517,16,120,0.751025,216.18,79.778,590.792,0,2,compressed_ring_ar
1778529144.0652714,16,121,0.751102,201.05,94.719,635.275,0,2,compressed_ring_ar
1778529144.7142084,16,122,0.819077,207.55,88.724,615.289,0,2,compressed_ring_ar
1778529145.376004,16,123,0.757671,203.69,82.298,627.004,0,2,compressed_ring_ar
1778529146.027641,16,124,0.668139,206.58,109.889,615.13,0,2,compressed_ring_ar
1778529146.6683066,16,125,0.643564,210.27,84.914,607.314,0,2,compressed_ring_ar
1778529147.2994254,16,126,0.818025,213.47,95.998,598.23,0,2,compressed_ring_ar
1778529147.9102767,16,127,1.117917,227.01,134.557,559.891,0,2,compressed_ring_ar
1778529148.5783143,16,128,1.028773,205.39,98.298,621.832,0,2,compressed_ring_ar
1778529149.2082384,16,129,0.804205,214.61,86.241,595.113,0,2,compressed_ring_ar
1778529149.8867126,16,130,0.892378,198.47,107.033,642.578,0,2,compressed_ring_ar
1778529150.4668026,16,131,0.758328,234.67,94.699,544.184,0,2,compressed_ring_ar
1778529151.06303,16,132,0.996487,229.69,149.746,555.922,0,2,compressed_ring_ar
1778529151.6718972,16,133,0.673167,223.87,79.784,570.331,0,2,compressed_ring_ar
1778529152.329304,16,134,0.898719,204.45,88.621,624.694,0,2,compressed_ring_ar
1778529152.9339948,16,135,0.838097,223.62,94.825,571.168,0,2,compressed_ring_ar
1778529153.5291088,16,136,0.916624,233.09,147.383,547.769,0,2,compressed_ring_ar
1778529154.1698487,16,137,0.766661,212.3,82.917,601.551,0,2,compressed_ring_ar
1778529154.8192,16,138,0.630872,208.03,87.348,613.953,0,2,compressed_ring_ar
1778529155.4447458,16,139,0.778253,216.86,91.023,589.213,0,2,compressed_ring_ar
1778529156.027735,16,140,0.769416,240.46,125.224,531.004,0,2,compressed_ring_ar
1778529156.655032,16,141,0.780732,214.72,88.582,594.951,0,2,compressed_ring_ar
1778529157.247162,16,142,0.927513,233.78,162.806,545.305,0,2,compressed_ring_ar
1778529157.890344,16,143,0.759341,209.08,88.331,610.597,0,2,compressed_ring_ar
1778529158.4531665,16,144,0.758419,247.62,145.612,515.662,0,2,compressed_ring_ar
1778529159.038208,16,145,0.765486,235.12,171.779,543.35,0,2,compressed_ring_ar
1778529159.5996783,16,146,1.028742,250.96,127.545,508.645,0,2,compressed_ring_ar
1778529160.2229433,16,147,0.932414,225.0,161.421,567.653,0,2,compressed_ring_ar
1778529160.8607705,16,148,0.808139,212.11,94.89,600.415,0,2,compressed_ring_ar
1778529161.5221732,16,149,0.787804,203.87,83.622,624.832,0,2,compressed_ring_ar
1778529162.1691496,16,150,0.711292,208.01,92.67,614.059,0,2,compressed_ring_ar
1778529162.7481568,16,151,0.776316,242.09,153.088,527.403,0,2,compressed_ring_ar
1778529163.3352425,16,152,0.712796,237.24,149.337,538.155,0,2,compressed_ring_ar
1778529163.995958,16,153,0.71871,203.15,101.235,628.698,0,2,compressed_ring_ar
1778529164.633951,16,154,0.814706,210.99,106.682,605.374,0,2,compressed_ring_ar
1778529165.283832,16,155,0.863132,206.6,112.502,618.133,0,2,compressed_ring_ar
1778529165.9320633,16,156,0.696802,207.92,90.435,612.929,0,2,compressed_ring_ar
1778529166.5398307,16,157,0.961293,223.98,120.579,570.287,0,2,compressed_ring_ar
1778529167.118586,16,158,0.819297,237.57,142.244,537.402,0,2,compressed_ring_ar
1778529167.7409003,16,159,0.647163,217.09,115.359,588.37,0,2,compressed_ring_ar
1778529168.329247,16,160,0.881458,235.28,151.115,541.606,0,2,compressed_ring_ar
1778529168.954993,16,161,0.864313,217.53,109.248,587.37,0,2,compressed_ring_ar
1778529169.5472271,16,162,0.703891,233.59,146.232,546.649,0,2,compressed_ring_ar
1778529170.2249463,16,163,0.824432,201.56,85.916,633.69,0,2,compressed_ring_ar
1778529170.866368,16,164,0.868658,210.86,109.977,605.613,0,2,compressed_ring_ar
1778529171.5876203,16,165,1.02169,190.18,111.623,671.623,0,2,compressed_ring_ar
1778529172.256467,16,166,0.828819,201.15,95.278,634.946,0,2,compressed_ring_ar
1778529172.8843694,16,167,0.66579,214.43,86.15,595.536,0,2,compressed_ring_ar
1778529173.5058367,16,168,0.861632,217.81,79.977,586.363,0,2,compressed_ring_ar
1778529174.1178725,16,169,0.973951,228.51,146.011,558.828,0,2,compressed_ring_ar
1778529174.7485914,16,170,0.665707,215.74,82.377,591.914,0,2,compressed_ring_ar
1778529175.4392238,16,171,0.862128,194.45,90.944,656.86,0,2,compressed_ring_ar
1778529176.1394064,16,172,0.854311,192.59,103.888,663.261,0,2,compressed_ring_ar
1778529176.7844942,16,173,0.632716,208.54,88.524,612.418,0,2,compressed_ring_ar
1778529177.447396,16,174,0.752451,203.16,124.357,628.678,0,2,compressed_ring_ar
1778529178.1144726,16,175,0.727155,201.73,92.096,633.139,0,2,compressed_ring_ar
1778529178.7530591,16,176,0.791527,212.06,84.478,601.328,0,2,compressed_ring_ar
1778529179.395263,16,177,0.873383,210.13,89.864,607.74,0,2,compressed_ring_ar
1778529180.0325093,16,178,0.85598,211.32,91.413,604.338,0,2,compressed_ring_ar
1778529180.6806073,16,179,0.839262,209.7,87.645,609.03,0,2,compressed_ring_ar
1778529181.3474152,16,180,0.894395,201.24,93.027,634.67,0,2,compressed_ring_ar
1778529182.0168273,16,181,0.732308,200.59,102.014,636.815,0,2,compressed_ring_ar
1778529182.725254,16,182,0.781194,196.81,98.291,648.343,0,2,compressed_ring_ar
1778529183.3848848,16,183,0.845417,203.82,84.682,626.573,0,2,compressed_ring_ar
1778529184.01363,16,184,0.806921,214.41,109.942,595.626,0,2,compressed_ring_ar
1778529184.6457222,16,185,0.851804,214.01,84.209,596.711,0,2,compressed_ring_ar
1778529185.3216872,16,186,0.848454,199.75,89.058,639.397,0,2,compressed_ring_ar
1778529185.9537194,16,187,0.8424,213.01,87.333,598.659,0,2,compressed_ring_ar
1778529186.577638,16,188,0.774935,215.64,90.278,592.61,0,2,compressed_ring_ar
1778529187.166921,16,189,0.786284,233.25,133.036,547.346,0,2,compressed_ring_ar
1778529187.8040426,16,190,0.859306,211.58,103.183,603.527,0,2,compressed_ring_ar
1778529188.4690592,16,191,0.829581,202.15,83.177,631.935,0,2,compressed_ring_ar
1778529189.0852242,16,192,0.913089,219.94,78.041,579.015,0,2,compressed_ring_ar
1778529189.7091064,16,193,0.763748,216.89,101.782,588.828,0,2,compressed_ring_ar
1778529190.3068902,16,194,0.768708,232.41,166.453,546.721,0,2,compressed_ring_ar
1778529190.902877,16,195,0.739485,68.35,132.246,580.861,0,2,compressed_ring_ar
1778529197.452867,17,0,0.98772,179.27,118.306,712.627,0,2,compressed_ring_ar
1778529198.091478,17,1,0.875224,211.3,90.423,604.413,0,2,compressed_ring_ar
1778529198.771395,17,2,0.780964,198.53,132.336,640.117,0,2,compressed_ring_ar
1778529199.3524168,17,3,0.879251,233.98,96.655,545.801,0,2,compressed_ring_ar
1778529200.1108754,17,4,0.743238,184.45,80.792,690.152,0,2,compressed_ring_ar
1778529200.7859373,17,5,0.94955,200.72,85.449,636.297,0,2,compressed_ring_ar
1778529201.5182164,17,6,0.855952,183.48,114.339,696.203,0,2,compressed_ring_ar
1778529202.2493906,17,7,0.757624,182.87,143.635,695.292,0,2,compressed_ring_ar
1778529202.840443,17,8,0.821518,231.59,135.261,548.259,0,2,compressed_ring_ar
1778529203.5053287,17,9,0.651776,206.67,148.14,614.885,0,2,compressed_ring_ar
1778529204.1023862,17,10,0.895384,230.15,136.129,551.519,0,2,compressed_ring_ar
1778529204.7075784,17,11,0.905743,225.02,121.914,563.921,0,2,compressed_ring_ar
1778529205.281292,17,12,0.729511,239.27,126.963,530.432,0,2,compressed_ring_ar
1778529205.8020017,17,13,0.758095,262.15,76.299,486.933,0,2,compressed_ring_ar
1778529206.5638692,17,14,0.693506,175.95,130.459,722.637,0,2,compressed_ring_ar
1778529207.1601055,17,15,0.768366,227.8,124.054,557.109,0,2,compressed_ring_ar
1778529207.7472987,17,16,0.708982,230.62,122.958,550.333,0,2,compressed_ring_ar
1778529208.2508788,17,17,0.833739,271.42,88.27,470.279,0,2,compressed_ring_ar
1778529208.9611473,17,18,0.880043,190.43,94.82,671.127,0,2,compressed_ring_ar
1778529209.5889742,17,19,0.787628,217.44,94.082,587.265,0,2,compressed_ring_ar
1778529210.2853425,17,20,0.921752,192.68,131.611,659.68,0,2,compressed_ring_ar
1778529210.7980452,17,21,0.913111,267.58,80.303,477.003,0,2,compressed_ring_ar
1778529211.4719667,17,22,0.982051,199.18,102.791,641.322,0,2,compressed_ring_ar
1778529212.101701,17,23,0.685938,214.87,123.429,594.335,0,2,compressed_ring_ar
1778529212.7533836,17,24,0.690975,206.97,79.69,614.157,0,2,compressed_ring_ar
1778529213.4086125,17,25,0.906575,205.32,84.387,622.057,0,2,compressed_ring_ar
1778529214.0706894,17,26,0.778811,203.36,91.15,627.99,0,2,compressed_ring_ar
1778529214.7310014,17,27,0.787507,204.47,107.735,624.613,0,2,compressed_ring_ar
1778529215.3620012,17,28,0.878376,216.73,88.137,589.617,0,2,compressed_ring_ar
1778529215.9567163,17,29,0.806503,233.63,142.445,543.55,0,2,compressed_ring_ar
1778529216.6648402,17,30,0.888843,191.56,110.983,666.783,0,2,compressed_ring_ar
1778529217.3214743,17,31,0.83986,204.81,130.351,620.848,0,2,compressed_ring_ar
1778529218.042477,17,32,0.88933,185.83,124.538,684.283,0,2,compressed_ring_ar
1778529218.593292,17,33,0.679108,246.35,119.13,515.072,0,2,compressed_ring_ar
1778529219.0950258,17,34,0.806655,272.61,73.554,468.347,0,2,compressed_ring_ar
1778529219.6684217,17,35,0.759582,240.29,158.283,531.971,0,2,compressed_ring_ar
1778529220.2441235,17,36,0.722068,240.37,145.706,531.087,0,2,compressed_ring_ar
1778529220.900121,17,37,0.807861,206.38,104.461,618.822,0,2,compressed_ring_ar
1778529221.5502086,17,38,0.826389,207.12,111.054,616.896,0,2,compressed_ring_ar
1778529222.1168728,17,39,0.850585,247.46,128.545,515.848,0,2,compressed_ring_ar
1778529222.7990577,17,40,0.743945,196.94,105.766,648.679,0,2,compressed_ring_ar
1778529223.5086942,17,41,0.790825,189.89,128.459,669.499,0,2,compressed_ring_ar
1778529224.000228,17,42,0.72288,278.99,70.568,457.575,0,2,compressed_ring_ar
1778529224.6152618,17,43,0.716519,226.68,150.737,563.414,0,2,compressed_ring_ar
1778529225.2613528,17,44,0.764115,209.29,83.997,610.244,0,2,compressed_ring_ar
1778529225.946287,17,45,0.759431,196.53,126.914,646.329,0,2,compressed_ring_ar
1778529226.4783037,17,46,0.975909,257.26,93.279,496.295,0,2,compressed_ring_ar
1778529227.0968685,17,47,0.822441,219.59,97.696,581.89,0,2,compressed_ring_ar
1778529227.71196,17,48,0.791,227.39,145.553,561.645,0,2,compressed_ring_ar
1778529228.3351026,17,49,0.833542,224.06,123.988,568.098,0,2,compressed_ring_ar
1778529228.9924517,17,50,0.777856,205.46,99.819,621.589,0,2,compressed_ring_ar
1778529229.6274498,17,51,0.900697,213.7,83.599,597.579,0,2,compressed_ring_ar
1778529230.328492,17,52,0.938692,191.56,123.721,663.621,0,2,compressed_ring_ar
1778529230.820524,17,53,0.999691,279.17,82.706,457.124,0,2,compressed_ring_ar
1778529231.5449095,17,54,0.78083,185.04,134.235,687.25,0,2,compressed_ring_ar
1778529232.060518,17,55,0.859089,264.17,87.417,483.129,0,2,compressed_ring_ar
1778529232.6585,17,56,0.691632,228.16,81.686,559.633,0,2,compressed_ring_ar
1778529233.2607355,17,57,0.857963,231.15,146.427,552.446,0,2,compressed_ring_ar
1778529233.878074,17,58,0.703273,219.98,87.416,580.592,0,2,compressed_ring_ar
1778529234.4850113,17,59,0.796464,229.53,135.079,556.376,0,2,compressed_ring_ar
1778529235.1307988,17,60,0.667907,209.44,91.943,609.965,0,2,compressed_ring_ar
1778529235.8464673,17,61,0.745207,189.56,137.92,671.368,0,2,compressed_ring_ar
1778529236.3754723,17,62,0.894509,257.67,82.128,494.615,0,2,compressed_ring_ar
1778529237.0434647,17,63,0.731957,202.23,96.335,628.555,0,2,compressed_ring_ar
1778529237.7057023,17,64,0.739077,202.81,80.11,629.671,0,2,compressed_ring_ar
1778529238.4049103,17,65,0.767096,192.45,124.319,663.711,0,2,compressed_ring_ar
1778529239.0877607,17,66,0.802063,197.88,121.954,641.947,0,2,compressed_ring_ar
1778529239.5912845,17,67,0.715586,271.39,90.272,470.279,0,2,compressed_ring_ar
1778529240.2337132,17,68,0.902702,209.8,86.355,608.711,0,2,compressed_ring_ar
1778529240.8912683,17,69,0.709749,205.02,94.764,622.103,0,2,compressed_ring_ar
1778529241.5800788,17,70,0.87717,194.94,89.628,655.236,0,2,compressed_ring_ar
1778529242.2068605,17,71,0.780994,216.11,83.92,591.036,0,2,compressed_ring_ar
1778529242.8385296,17,72,0.685309,224.14,135.055,569.688,0,2,compressed_ring_ar
1778529243.493412,17,73,0.937568,205.19,84.254,622.393,0,2,compressed_ring_ar
1778529244.1306672,17,74,0.779397,212.42,99.491,599.492,0,2,compressed_ring_ar
1778529244.794519,17,75,0.899527,202.73,90.041,630.424,0,2,compressed_ring_ar
1778529245.3655646,17,76,0.950157,243.09,151.178,525.278,0,2,compressed_ring_ar
1778529246.0170813,17,77,0.960694,213.62,188.139,594.502,0,2,compressed_ring_ar
1778529246.5873725,17,78,0.888404,239.1,82.982,534.047,0,2,compressed_ring_ar
1778529247.2193482,17,79,0.876535,215.19,80.844,593.413,0,2,compressed_ring_ar
1778529247.8819828,17,80,0.662836,203.51,100.699,627.597,0,2,compressed_ring_ar
1778529248.5065403,17,81,0.865259,216.98,84.058,588.869,0,2,compressed_ring_ar
1778529249.076853,17,82,0.716553,247.2,77.613,513.536,0,2,compressed_ring_ar
1778529249.7357802,17,83,0.813226,204.22,91.424,625.451,0,2,compressed_ring_ar
1778529250.3870828,17,84,0.704244,207.48,86.609,615.583,0,2,compressed_ring_ar
1778529251.0498035,17,85,0.793569,206.76,129.518,615.044,0,2,compressed_ring_ar
1778529251.5594616,17,86,0.763028,267.53,78.907,477.043,0,2,compressed_ring_ar
1778529252.1965044,17,87,0.819417,212.21,105.742,601.789,0,2,compressed_ring_ar
1778529252.8552086,17,88,0.83555,204.15,107.903,625.666,0,2,compressed_ring_ar
1778529253.475754,17,89,0.853282,220.0,84.495,580.62,0,2,compressed_ring_ar
1778529254.1025164,17,90,0.597168,215.32,86.38,592.179,0,2,compressed_ring_ar
1778529254.7728033,17,91,0.767345,200.91,102.507,635.749,0,2,compressed_ring_ar
1778529255.3660383,17,92,0.888546,229.91,75.239,555.5,0,2,compressed_ring_ar
1778529256.005047,17,93,0.920026,216.56,169.602,586.596,0,2,compressed_ring_ar
1778529256.5116658,17,94,0.678119,272.76,78.452,467.951,0,2,compressed_ring_ar
1778529257.1602676,17,95,1.008327,211.02,80.886,604.234,0,2,compressed_ring_ar
1778529257.7974172,17,96,0.786225,211.82,88.335,602.43,0,2,compressed_ring_ar
1778529258.3923602,17,97,0.92358,232.31,135.339,549.573,0,2,compressed_ring_ar
1778529258.997197,17,98,0.899948,224.35,78.602,568.067,0,2,compressed_ring_ar
1778529259.619817,17,99,0.852963,216.94,90.327,588.719,0,2,compressed_ring_ar
1778529260.2192216,17,100,0.707462,225.93,84.083,564.857,0,2,compressed_ring_ar
1778529260.8321633,17,101,0.749789,224.94,80.686,567.626,0,2,compressed_ring_ar
1778529261.5719233,17,102,0.855875,180.9,123.155,703.337,0,2,compressed_ring_ar
1778529262.284353,17,103,0.751711,190.81,131.292,666.55,0,2,compressed_ring_ar
1778529262.8301525,17,104,0.845102,252.5,92.11,505.714,0,2,compressed_ring_ar
1778529263.4156973,17,105,0.702412,237.24,88.191,535.165,0,2,compressed_ring_ar
1778529264.0738633,17,106,0.707509,204.29,74.783,625.276,0,2,compressed_ring_ar
1778529264.7386947,17,107,0.849913,210.47,139.496,603.511,0,2,compressed_ring_ar
1778529265.2696552,17,108,0.932932,259.89,82.611,491.314,0,2,compressed_ring_ar
1778529265.9117897,17,109,0.600814,212.05,87.374,602.497,0,2,compressed_ring_ar
1778529266.5178623,17,110,0.746913,223.59,83.733,571.102,0,2,compressed_ring_ar
1778529267.1456292,17,111,0.7048,216.29,86.99,590.603,0,2,compressed_ring_ar
1778529267.8714423,17,112,0.789871,192.53,151.201,660.488,0,2,compressed_ring_ar
1778529268.47481,17,113,0.905689,225.93,130.725,562.035,0,2,compressed_ring_ar
1778529269.0403602,17,114,0.796568,248.72,133.38,510.844,0,2,compressed_ring_ar
1778529269.6282854,17,115,0.83851,230.8,131.699,549.794,0,2,compressed_ring_ar
1778529270.2056746,17,116,0.727027,242.52,128.34,524.295,0,2,compressed_ring_ar
1778529270.7389565,17,117,0.768338,259.15,86.618,492.748,0,2,compressed_ring_ar
1778529271.3187828,17,118,0.901919,243.01,84.388,524.6,0,2,compressed_ring_ar
1778529271.9748101,17,119,0.98387,205.21,102.816,620.839,0,2,compressed_ring_ar
1778529272.629774,17,120,0.711871,205.57,91.045,620.4,0,2,compressed_ring_ar
1778529273.3431401,17,121,0.726285,187.94,119.916,676.241,0,2,compressed_ring_ar
1778529273.8347332,17,122,0.823649,278.82,68.184,457.824,0,2,compressed_ring_ar
1778529274.420925,17,123,0.712207,237.94,151.833,536.558,0,2,compressed_ring_ar
1778529275.0599678,17,124,0.669486,211.64,78.302,603.431,0,2,compressed_ring_ar
1778529275.7052157,17,125,0.737,208.47,93.567,612.812,0,2,compressed_ring_ar
1778529276.4039965,17,126,0.889526,191.81,122.452,663.471,0,2,compressed_ring_ar
1778529276.9205494,17,127,0.660216,268.58,87.257,475.114,0,2,compressed_ring_ar
1778529277.5651164,17,128,0.734206,209.49,135.766,606.286,0,2,compressed_ring_ar
1778529278.216424,17,129,0.842036,212.01,147.502,599.189,0,2,compressed_ring_ar
1778529278.828314,17,130,0.622171,229.19,100.398,557.091,0,2,compressed_ring_ar
1778529279.5725186,17,131,0.828656,187.65,78.727,677.722,0,2,compressed_ring_ar
1778529280.3552182,17,132,0.970284,171.08,142.599,743.674,0,2,compressed_ring_ar
1778529280.9380212,17,133,0.885808,233.1,132.449,547.673,0,2,compressed_ring_ar
1778529281.674922,17,134,0.706754,182.57,133.065,696.464,0,2,compressed_ring_ar
1778529282.197019,17,135,0.870288,262.42,75.677,486.425,0,2,compressed_ring_ar
1778529282.8423483,17,136,0.799588,213.64,173.559,594.373,0,2,compressed_ring_ar
1778529283.3415978,17,137,0.880441,274.6,78.932,464.72,0,2,compressed_ring_ar
1778529284.04134,17,138,0.864091,192.9,140.018,662.336,0,2,compressed_ring_ar
1778529284.5980885,17,139,0.781258,248.14,88.907,514.602,0,2,compressed_ring_ar
1778529285.194732,17,140,0.852888,229.38,81.662,555.796,0,2,compressed_ring_ar
1778529285.841434,17,141,0.872197,208.93,83.209,611.191,0,2,compressed_ring_ar
1778529286.479519,17,142,0.776664,211.53,84.581,603.76,0,2,compressed_ring_ar
1778529287.2253983,17,143,0.757554,179.41,142.576,708.659,0,2,compressed_ring_ar
1778529287.7121093,17,144,0.952455,281.76,81.734,453.182,0,2,compressed_ring_ar
1778529288.4808478,17,145,0.913234,186.43,134.082,685.223,0,2,compressed_ring_ar
1778529289.1685476,17,146,0.804133,205.47,131.426,622.646,0,2,compressed_ring_ar
1778529289.8143713,17,147,0.788021,215.03,111.33,592.3,0,2,compressed_ring_ar
1778529290.5526464,17,148,0.870749,182.06,126.645,698.531,0,2,compressed_ring_ar
1778529291.1373067,17,149,0.800309,231.28,133.456,548.443,0,2,compressed_ring_ar
1778529291.7175918,17,150,0.885399,247.56,130.913,512.373,0,2,compressed_ring_ar
1778529292.2842572,17,151,0.782194,239.85,119.969,528.955,0,2,compressed_ring_ar
1778529292.895573,17,152,0.874928,221.29,114.639,577.163,0,2,compressed_ring_ar
1778529293.6199784,17,153,0.839421,184.76,146.552,688.154,0,2,compressed_ring_ar
1778529294.168044,17,154,0.854034,248.56,122.287,510.401,0,2,compressed_ring_ar
1778529294.707572,17,155,0.770031,254.57,120.766,498.726,0,2,compressed_ring_ar
1778529295.3216403,17,156,0.818572,219.93,130.951,577.643,0,2,compressed_ring_ar
1778529295.8875496,17,157,0.715589,239.76,125.008,529.208,0,2,compressed_ring_ar
1778529296.4516926,17,158,0.900389,241.19,135.897,526.061,0,2,compressed_ring_ar
1778529296.9631941,17,159,0.859657,271.55,77.989,469.204,0,2,compressed_ring_ar
1778529297.6168065,17,160,0.698527,205.96,84.358,618.187,0,2,compressed_ring_ar
1778529298.231549,17,161,0.998352,220.23,82.004,579.886,0,2,compressed_ring_ar
1778529298.816256,17,162,0.798969,236.71,164.471,539.411,0,2,compressed_ring_ar
1778529299.4580028,17,163,0.803046,210.85,88.353,605.694,0,2,compressed_ring_ar
1778529300.2004783,17,164,0.764081,180.07,119.92,709.468,0,2,compressed_ring_ar
1778529300.8424609,17,165,0.845004,212.02,87.674,603.141,0,2,compressed_ring_ar
1778529301.4496791,17,166,0.739618,228.8,155.224,554.932,0,2,compressed_ring_ar
1778529302.1566944,17,167,0.827773,189.43,130.294,670.9,0,2,compressed_ring_ar
1778529302.6583655,17,168,0.857145,277.01,71.941,460.838,0,2,compressed_ring_ar
1778529303.232895,17,169,0.573071,238.64,160.125,535.04,0,2,compressed_ring_ar
1778529303.8579643,17,170,0.766603,216.96,86.915,588.642,0,2,compressed_ring_ar
1778529304.4943285,17,171,0.734177,213.6,81.898,597.814,0,2,compressed_ring_ar
1778529305.160842,17,172,0.790077,204.74,80.566,623.81,0,2,compressed_ring_ar
1778529305.8212538,17,173,0.823904,204.12,108.204,625.698,0,2,compressed_ring_ar
1778529306.4500067,17,174,0.8638,214.63,85.869,594.952,0,2,compressed_ring_ar
1778529307.179194,17,175,0.758317,183.76,136.441,691.904,0,2,compressed_ring_ar
1778529307.6656053,17,176,0.838189,281.48,76.532,453.292,0,2,compressed_ring_ar
1778529308.397163,17,177,0.861659,182.67,132.311,695.842,0,2,compressed_ring_ar
1778529308.9230905,17,178,0.871329,258.55,81.645,492.005,0,2,compressed_ring_ar
1778529309.5778363,17,179,0.924283,205.48,96.446,621.49,0,2,compressed_ring_ar
1778529310.2016308,17,180,0.863455,219.57,86.031,579.687,0,2,compressed_ring_ar
1778529310.8617227,17,181,0.741108,204.49,71.196,624.759,0,2,compressed_ring_ar
1778529311.469885,17,182,0.751536,227.38,157.652,561.599,0,2,compressed_ring_ar
1778529312.058928,17,183,0.705298,233.85,78.276,546.09,0,2,compressed_ring_ar
1778529312.6346798,17,184,0.743612,241.67,146.825,528.472,0,2,compressed_ring_ar
1778529313.3306494,17,185,0.735072,195.78,97.376,652.624,0,2,compressed_ring_ar
1778529313.9440794,17,186,0.952509,222.41,78.507,574.235,0,2,compressed_ring_ar
1778529314.614712,17,187,0.801711,201.3,92.225,634.713,0,2,compressed_ring_ar
1778529315.2733977,17,188,1.086052,204.12,74.548,625.817,0,2,compressed_ring_ar
1778529315.8596203,17,189,0.901064,234.17,112.561,545.225,0,2,compressed_ring_ar
1778529316.4945111,17,190,0.704394,211.37,107.823,604.638,0,2,compressed_ring_ar
1778529317.1058104,17,191,0.698098,228.47,166.351,557.215,0,2,compressed_ring_ar
1778529317.730964,17,192,0.907216,215.59,89.893,592.351,0,2,compressed_ring_ar
1778529318.3325255,17,193,0.78684,233.43,144.772,546.935,0,2,compressed_ring_ar
1778529318.9735382,17,194,0.780014,210.88,91.358,605.662,0,2,compressed_ring_ar
1778529319.4853573,17,195,0.612072,80.08,90.808,495.022,0,2,compressed_ring_ar
1778529326.0368223,18,0,0.732079,192.63,87.759,663.284,0,2,compressed_ring_ar
1778529326.6413724,18,1,0.884933,231.87,144.737,550.964,0,2,compressed_ring_ar
1778529327.3028827,18,2,0.842584,203.34,99.787,625.01,0,2,compressed_ring_ar
1778529327.9747636,18,3,0.612584,200.56,97.797,636.847,0,2,compressed_ring_ar
1778529328.685248,18,4,0.765392,188.95,127.99,672.962,0,2,compressed_ring_ar
1778529329.1767125,18,5,0.880136,277.6,82.45,459.708,0,2,compressed_ring_ar
1778529329.8184254,18,6,0.782991,209.3,85.43,607.611,0,2,compressed_ring_ar
1778529330.4693208,18,7,0.869747,208.58,94.015,612.236,0,2,compressed_ring_ar
1778529331.1080637,18,8,0.881611,211.43,83.236,603.996,0,2,compressed_ring_ar
1778529331.7170222,18,9,0.658695,222.82,114.614,573.099,0,2,compressed_ring_ar
1778529332.3741214,18,10,0.876451,204.82,80.2,623.516,0,2,compressed_ring_ar
1778529332.993793,18,11,0.796199,218.78,95.203,583.679,0,2,compressed_ring_ar
1778529333.6487734,18,12,0.961332,205.33,95.769,622.001,0,2,compressed_ring_ar
1778529334.3861208,18,13,0.893117,182.41,122.001,700.411,0,2,compressed_ring_ar
1778529334.9960132,18,14,0.93911,222.74,81.845,573.359,0,2,compressed_ring_ar
1778529335.6490147,18,15,0.734775,205.93,94.193,620.141,0,2,compressed_ring_ar
1778529336.2828462,18,16,0.803492,213.56,94.182,597.941,0,2,compressed_ring_ar
1778529336.92081,18,17,0.883552,211.17,91.613,604.796,0,2,compressed_ring_ar
1778529337.5752776,18,18,0.678755,207.08,79.785,613.729,0,2,compressed_ring_ar
1778529338.2538214,18,19,0.764017,197.86,92.427,645.592,0,2,compressed_ring_ar
1778529338.9026382,18,20,0.761303,207.21,95.671,616.324,0,2,compressed_ring_ar
1778529339.5125566,18,21,0.969455,221.71,70.333,576.161,0,2,compressed_ring_ar
1778529340.1184905,18,22,0.759199,234.08,148.427,542.357,0,2,compressed_ring_ar
1778529340.7537663,18,23,0.913003,212.65,87.855,600.614,0,2,compressed_ring_ar
1778529341.4286137,18,24,0.792644,198.94,127.883,640.349,0,2,compressed_ring_ar
1778529342.0828419,18,25,0.867956,206.73,94.264,617.707,0,2,compressed_ring_ar
1778529342.6964355,18,26,0.833554,221.89,131.168,575.497,0,2,compressed_ring_ar
1778529343.3413234,18,27,0.862789,211.37,79.951,604.243,0,2,compressed_ring_ar
1778529343.949528,18,28,0.756196,229.46,146.258,553.721,0,2,compressed_ring_ar
1778529344.5893836,18,29,0.743334,210.23,90.969,607.679,0,2,compressed_ring_ar
1778529345.238333,18,30,0.805397,209.9,173.712,605.153,0,2,compressed_ring_ar
1778529345.7447195,18,31,0.698601,273.16,74.569,466.182,0,2,compressed_ring_ar
1778529346.3496876,18,32,0.750995,223.07,101.953,572.429,0,2,compressed_ring_ar
1778529347.0184398,18,33,0.699268,200.74,105.168,636.387,0,2,compressed_ring_ar
1778529347.6107929,18,34,0.788354,232.38,122.574,549.442,0,2,compressed_ring_ar
1778529348.2583795,18,35,0.800812,207.75,80.644,613.896,0,2,compressed_ring_ar
1778529348.906694,18,36,0.762888,208.4,82.707,611.742,0,2,compressed_ring_ar
1778529349.5449858,18,37,0.805839,211.21,127.983,604.66,0,2,compressed_ring_ar
1778529350.1852763,18,38,0.760656,210.17,85.461,606.832,0,2,compressed_ring_ar
1778529350.8310382,18,39,0.846772,209.2,90.74,609.621,0,2,compressed_ring_ar
1778529351.4887345,18,40,0.914232,206.87,90.115,616.734,0,2,compressed_ring_ar
1778529352.14776,18,41,0.705213,204.32,141.294,622.017,0,2,compressed_ring_ar
1778529352.7161434,18,42,0.751494,242.13,105.049,527.298,0,2,compressed_ring_ar
1778529353.309327,18,43,0.714434,229.17,78.723,557.176,0,2,compressed_ring_ar
1778529353.9945567,18,44,0.755377,199.71,123.828,638.046,0,2,compressed_ring_ar
1778529354.6694684,18,45,0.865906,202.15,92.728,631.858,0,2,compressed_ring_ar
1778529355.2960646,18,46,0.867861,214.62,90.0,595.015,0,2,compressed_ring_ar
1778529355.988738,18,47,0.71913,195.27,102.6,654.103,0,2,compressed_ring_ar
1778529356.658257,18,48,0.90696,200.54,81.122,635.214,0,2,compressed_ring_ar
1778529357.316681,18,49,0.875096,212.47,87.958,601.133,0,2,compressed_ring_ar
1778529358.038718,18,50,0.790444,186.77,144.556,684.063,0,2,compressed_ring_ar
1778529358.6144881,18,51,0.937947,238.87,81.225,534.479,0,2,compressed_ring_ar
1778529359.3101528,18,52,0.722155,193.28,87.702,660.993,0,2,compressed_ring_ar
1778529359.9580882,18,53,0.888391,211.55,92.168,603.678,0,2,compressed_ring_ar
1778529360.6010437,18,54,0.770322,209.54,78.934,609.439,0,2,compressed_ring_ar
1778529361.2320442,18,55,0.703484,213.52,93.593,598.105,0,2,compressed_ring_ar
1778529361.8701568,18,56,0.913916,214.01,96.308,596.676,0,2,compressed_ring_ar
1778529362.5210166,18,57,0.677524,206.63,94.189,618.039,0,2,compressed_ring_ar
1778529363.1652238,18,58,0.751723,209.04,87.606,610.934,0,2,compressed_ring_ar
1778529363.80437,18,59,0.808688,210.97,79.633,605.289,0,2,compressed_ring_ar
1778529364.4920747,18,60,0.773262,196.77,92.548,648.45,0,2,compressed_ring_ar
1778529365.1235497,18,61,0.66593,213.29,83.279,598.805,0,2,compressed_ring_ar
1778529365.803949,18,62,0.776244,197.13,127.995,644.702,0,2,compressed_ring_ar
1778529366.394049,18,63,0.888671,229.69,121.102,552.771,0,2,compressed_ring_ar
1778529366.941014,18,64,0.846859,248.14,124.766,511.13,0,2,compressed_ring_ar
1778529367.531808,18,65,0.88721,228.63,132.322,555.101,0,2,compressed_ring_ar
1778529368.031261,18,66,0.948802,272.96,86.143,467.511,0,2,compressed_ring_ar
1778529368.6843045,18,67,0.72157,206.26,93.818,618.312,0,2,compressed_ring_ar
1778529369.274469,18,68,0.85032,229.17,94.184,555.502,0,2,compressed_ring_ar
1778529369.941027,18,69,0.90563,201.69,79.826,631.653,0,2,compressed_ring_ar
1778529370.6106296,18,70,0.675042,200.62,96.152,636.66,0,2,compressed_ring_ar
1778529371.274456,18,71,0.904272,202.62,81.155,630.332,0,2,compressed_ring_ar
1778529371.8942118,18,72,0.701771,222.39,81.655,574.152,0,2,compressed_ring_ar
1778529372.545308,18,73,0.851916,208.87,95.789,610.741,0,2,compressed_ring_ar
1778529373.1630921,18,74,0.979292,218.66,118.183,583.987,0,2,compressed_ring_ar
1778529373.8092048,18,75,0.691982,208.67,92.437,611.967,0,2,compressed_ring_ar
1778529374.4434144,18,76,0.751117,213.4,86.552,598.386,0,2,compressed_ring_ar
1778529375.1349509,18,77,0.801444,193.93,98.306,658.673,0,2,compressed_ring_ar
1778529375.8626378,18,78,0.80077,185.16,121.734,686.982,0,2,compressed_ring_ar
1778529376.387472,18,79,0.908046,262.39,87.836,486.42,0,2,compressed_ring_ar
1778529377.0313704,18,80,0.678558,209.55,84.389,609.385,0,2,compressed_ring_ar
1778529377.6803803,18,81,0.722052,207.55,75.964,614.699,0,2,compressed_ring_ar
1778529378.3382673,18,82,0.658717,206.42,96.464,618.734,0,2,compressed_ring_ar
1778529379.000945,18,83,0.933067,206.44,87.858,617.222,0,2,compressed_ring_ar
1778529379.7712228,18,84,0.819487,175.74,131.521,723.825,0,2,compressed_ring_ar
1778529380.319673,18,85,0.681759,248.81,85.58,513.206,0,2,compressed_ring_ar
1778529380.958722,18,86,0.878329,212.86,81.503,599.25,0,2,compressed_ring_ar
1778529381.650987,18,87,0.770089,194.35,102.964,657.209,0,2,compressed_ring_ar
1778529382.3199725,18,88,0.701959,200.62,87.469,634.858,0,2,compressed_ring_ar
1778529382.9575233,18,89,0.681159,211.23,88.566,604.448,0,2,compressed_ring_ar
1778529383.6274712,18,90,0.81156,200.28,109.077,634.549,0,2,compressed_ring_ar
1778529384.2715633,18,91,0.801389,210.21,95.776,607.499,0,2,compressed_ring_ar
1778529384.9469433,18,92,0.911754,200.07,101.823,636.701,0,2,compressed_ring_ar
1778529385.6591334,18,93,0.68817,188.96,154.005,676.094,0,2,compressed_ring_ar
1778529386.273871,18,94,0.782292,222.7,88.944,573.185,0,2,compressed_ring_ar
1778529386.9366536,18,95,0.767583,206.24,91.053,619.248,0,2,compressed_ring_ar
1778529387.6011496,18,96,0.709733,202.46,79.151,630.842,0,2,compressed_ring_ar
1778529388.2363162,18,97,0.789933,212.17,96.972,601.915,0,2,compressed_ring_ar
1778529388.8605044,18,98,0.590149,217.28,94.025,587.699,0,2,compressed_ring_ar
1778529389.4958563,18,99,0.853228,212.59,101.629,600.813,0,2,compressed_ring_ar
1778529390.1127903,18,100,0.791348,226.44,156.377,561.178,0,2,compressed_ring_ar
1778529390.7727218,18,101,0.719963,204.2,83.587,625.525,0,2,compressed_ring_ar
1778529391.4123213,18,102,0.820887,210.45,97.728,603.996,0,2,compressed_ring_ar
1778529392.0661259,18,103,0.798128,206.73,82.803,617.861,0,2,compressed_ring_ar
1778529392.7033312,18,104,0.821226,212.26,82.301,601.657,0,2,compressed_ring_ar
1778529393.4018414,18,105,0.758517,191.92,129.497,662.494,0,2,compressed_ring_ar
1778529393.9291337,18,106,0.780815,260.63,86.114,489.804,0,2,compressed_ring_ar
1778529394.6206303,18,107,0.677079,194.16,122.724,654.751,0,2,compressed_ring_ar
1778529395.1659887,18,108,1.044987,249.59,85.479,511.579,0,2,compressed_ring_ar
1778529395.8019168,18,109,0.711628,213.17,96.163,597.41,0,2,compressed_ring_ar
1778529396.4792433,18,110,0.830624,198.14,115.675,644.62,0,2,compressed_ring_ar
1778529397.1905353,18,111,0.945461,190.84,136.442,666.052,0,2,compressed_ring_ar
1778529397.7429662,18,112,0.861417,246.13,89.394,518.603,0,2,compressed_ring_ar
1778529398.377531,18,113,0.749515,212.24,85.258,599.067,0,2,compressed_ring_ar
1778529399.0945282,18,114,0.852965,188.67,129.772,674.014,0,2,compressed_ring_ar
1778529399.6224666,18,115,0.926699,257.68,91.309,495.437,0,2,compressed_ring_ar
1778529400.3073034,18,116,0.643833,200.07,93.976,636.708,0,2,compressed_ring_ar
1778529400.9855046,18,117,0.734966,197.58,83.647,646.598,0,2,compressed_ring_ar
1778529401.5919235,18,118,0.947612,227.78,130.893,558.916,0,2,compressed_ring_ar
1778529402.2131813,18,119,0.855422,218.16,88.49,585.359,0,2,compressed_ring_ar
1778529402.8550973,18,120,0.919728,217.56,167.532,583.471,0,2,compressed_ring_ar
1778529403.446256,18,121,0.923487,229.31,130.329,553.558,0,2,compressed_ring_ar
1778529403.948754,18,122,0.884768,273.09,82.641,467.491,0,2,compressed_ring_ar
1778529404.5235858,18,123,0.687972,241.83,119.726,528.093,0,2,compressed_ring_ar
1778529405.128095,18,124,0.83653,231.81,181.582,550.774,0,2,compressed_ring_ar
1778529405.774752,18,125,0.792752,208.05,92.239,612.161,0,2,compressed_ring_ar
1778529406.4208279,18,126,0.827409,209.1,84.412,607.672,0,2,compressed_ring_ar
1778529407.0690198,18,127,0.847489,207.74,105.8,615.254,0,2,compressed_ring_ar
1778529407.697168,18,128,0.746784,222.79,161.528,570.642,0,2,compressed_ring_ar
1778529408.4505725,18,129,0.803757,178.06,112.428,717.315,0,2,compressed_ring_ar
1778529409.0668628,18,130,0.781909,223.37,136.534,570.799,0,2,compressed_ring_ar
1778529409.7311242,18,131,0.824631,202.23,92.846,631.516,0,2,compressed_ring_ar
1778529410.3779416,18,132,0.657477,208.22,102.239,613.317,0,2,compressed_ring_ar
1778529411.0599728,18,133,0.73495,198.71,94.472,642.658,0,2,compressed_ring_ar
1778529411.7869473,18,134,0.901784,184.32,129.678,690.302,0,2,compressed_ring_ar
1778529412.3126867,18,135,0.765464,259.72,76.479,489.971,0,2,compressed_ring_ar
1778529412.943031,18,136,0.725802,214.02,95.181,595.099,0,2,compressed_ring_ar
1778529413.5795221,18,137,0.845687,211.88,79.927,602.731,0,2,compressed_ring_ar
1778529414.287103,18,138,0.859069,189.07,131.565,672.038,0,2,compressed_ring_ar
1778529414.7848854,18,139,0.706684,278.02,86.434,458.298,0,2,compressed_ring_ar
1778529415.4229736,18,140,0.724358,213.08,110.707,599.605,0,2,compressed_ring_ar
1778529416.0535572,18,141,0.805975,214.07,81.638,597.108,0,2,compressed_ring_ar
1778529416.6235685,18,142,0.781063,239.39,79.499,533.64,0,2,compressed_ring_ar
1778529417.2532518,18,143,0.828297,220.94,193.206,574.795,0,2,compressed_ring_ar
1778529417.7968724,18,144,0.855625,251.46,78.425,505.945,0,2,compressed_ring_ar
1778529418.5095851,18,145,0.824243,188.81,97.196,676.744,0,2,compressed_ring_ar
1778529419.157076,18,146,0.741415,209.5,104.363,609.575,0,2,compressed_ring_ar
1778529419.7958457,18,147,0.996008,210.81,93.715,605.853,0,2,compressed_ring_ar
1778529420.3760064,18,148,0.698476,238.14,105.624,533.027,0,2,compressed_ring_ar
1778529421.1221206,18,149,0.941465,179.09,132.484,710.125,0,2,compressed_ring_ar
1778529421.63487,18,150,0.723126,265.48,82.527,480.727,0,2,compressed_ring_ar
1778529422.285386,18,151,0.749725,206.79,94.384,617.606,0,2,compressed_ring_ar
1778529422.9492018,18,152,1.122505,203.49,90.091,627.704,0,2,compressed_ring_ar
1778529423.5266402,18,153,0.782486,238.02,87.323,536.431,0,2,compressed_ring_ar
1778529424.1592662,18,154,0.771208,213.09,88.894,599.221,0,2,compressed_ring_ar
1778529424.8086329,18,155,0.75812,207.38,90.192,615.104,0,2,compressed_ring_ar
1778529425.522121,18,156,0.856597,188.69,133.57,673.739,0,2,compressed_ring_ar
1778529425.994073,18,157,0.825135,292.37,69.978,436.603,0,2,compressed_ring_ar
1778529426.6435285,18,158,0.771865,211.95,173.752,602.513,0,2,compressed_ring_ar
1778529427.3429883,18,159,0.957302,191.61,134.136,663.078,0,2,compressed_ring_ar
1778529427.868942,18,160,0.641741,264.1,82.4,483.28,0,2,compressed_ring_ar
1778529428.5266228,18,161,0.844015,204.5,121.2,624.527,0,2,compressed_ring_ar
1778529429.2085824,18,162,0.875955,198.31,113.061,644.05,0,2,compressed_ring_ar
1778529429.8755684,18,163,0.852598,202.13,98.703,631.853,0,2,compressed_ring_ar
1778529430.5282109,18,164,0.910139,208.38,123.165,609.74,0,2,compressed_ring_ar
1778529431.0572438,18,165,0.860796,258.75,82.19,493.328,0,2,compressed_ring_ar
1778529431.7271276,18,166,0.882958,201.93,79.889,631.422,0,2,compressed_ring_ar
1778529432.3285828,18,167,0.846772,225.39,115.508,566.679,0,2,compressed_ring_ar
1778529432.9184556,18,168,0.697502,232.78,163.878,548.608,0,2,compressed_ring_ar
1778529433.4920135,18,169,0.793274,241.6,166.808,528.503,0,2,compressed_ring_ar
1778529434.078396,18,170,0.927213,238.92,138.9,534.724,0,2,compressed_ring_ar
1778529434.671736,18,171,0.807125,233.68,136.199,546.323,0,2,compressed_ring_ar
1778529435.3166375,18,172,0.760318,209.84,99.076,608.575,0,2,compressed_ring_ar
1778529435.9630697,18,173,1.004756,206.29,101.661,619.129,0,2,compressed_ring_ar
1778529436.5714777,18,174,0.652416,221.89,98.717,575.464,0,2,compressed_ring_ar
1778529437.2183573,18,175,0.882646,207.65,85.022,615.005,0,2,compressed_ring_ar
1778529437.8468149,18,176,0.764697,214.89,83.946,594.284,0,2,compressed_ring_ar
1778529438.486542,18,177,0.822473,211.45,84.884,603.029,0,2,compressed_ring_ar
1778529439.1526833,18,178,0.933293,202.64,94.709,627.273,0,2,compressed_ring_ar
1778529439.8439262,18,179,0.771309,193.94,94.664,658.881,0,2,compressed_ring_ar
1778529440.4609585,18,180,0.712514,221.54,80.365,576.414,0,2,compressed_ring_ar
1778529441.0873344,18,181,0.788843,216.51,92.52,589.855,0,2,compressed_ring_ar
1778529441.6898339,18,182,0.691324,229.03,80.859,557.475,0,2,compressed_ring_ar
1778529442.3383322,18,183,0.968838,208.38,80.986,612.056,0,2,compressed_ring_ar
1778529443.0129967,18,184,0.896271,198.72,92.701,640.112,0,2,compressed_ring_ar
1778529443.6787894,18,185,0.845195,202.16,91.59,631.712,0,2,compressed_ring_ar
1778529444.3789463,18,186,0.778946,191.37,117.465,664.545,0,2,compressed_ring_ar
1778529444.904834,18,187,0.839121,258.94,79.821,491.818,0,2,compressed_ring_ar
1778529445.5375993,18,188,0.697085,213.71,120.157,597.519,0,2,compressed_ring_ar
1778529446.1790354,18,189,0.710342,212.87,99.483,600.067,0,2,compressed_ring_ar
1778529446.7780797,18,190,0.876928,233.13,107.461,547.636,0,2,compressed_ring_ar
1778529447.390281,18,191,0.938418,220.61,68.993,578.853,0,2,compressed_ring_ar
1778529447.9943962,18,192,0.818421,232.08,109.551,550.191,0,2,compressed_ring_ar
1778529448.6361651,18,193,0.827374,211.0,99.34,605.33,0,2,compressed_ring_ar
1778529449.2544384,18,194,0.782273,220.05,85.97,580.359,0,2,compressed_ring_ar
1778529449.7445078,18,195,0.784329,83.52,90.555,477.082,0,2,compressed_ring_ar
1778529456.2073874,19,0,0.881548,184.9,129.364,690.189,0,2,compressed_ring_ar
1778529456.7830558,19,1,0.601365,236.34,81.417,539.333,0,2,compressed_ring_ar
1778529457.4348805,19,2,0.772626,206.39,83.245,616.976,0,2,compressed_ring_ar
1778529458.0876758,19,3,0.827745,205.77,79.727,620.708,0,2,compressed_ring_ar
1778529458.703482,19,4,0.730473,220.03,81.471,580.324,0,2,compressed_ring_ar
1778529459.3391643,19,5,0.711064,213.64,90.194,596.691,0,2,compressed_ring_ar
1778529460.0046527,19,6,0.73779,202.73,80.696,630.012,0,2,compressed_ring_ar
1778529460.6695068,19,7,0.684747,203.81,88.807,626.631,0,2,compressed_ring_ar
1778529461.4001467,19,8,0.738243,184.01,138.326,690.949,0,2,compressed_ring_ar
1778529461.884909,19,9,0.792709,289.5,69.879,440.902,0,2,compressed_ring_ar
1778529462.4706519,19,10,0.934435,234.06,123.423,545.227,0,2,compressed_ring_ar
1778529463.107041,19,11,0.815326,212.0,112.051,602.406,0,2,compressed_ring_ar
1778529463.8200908,19,12,0.835776,188.79,127.212,673.505,0,2,compressed_ring_ar
1778529464.4647338,19,13,1.018654,211.35,136.132,601.145,0,2,compressed_ring_ar
1778529465.049559,19,14,0.8857,231.17,112.971,549.16,0,2,compressed_ring_ar
1778529465.6062868,19,15,0.757455,251.14,122.601,505.372,0,2,compressed_ring_ar
1778529466.2027993,19,16,0.794745,227.1,128.933,558.879,0,2,compressed_ring_ar
1778529466.679589,19,17,0.807755,288.36,74.251,442.5,0,2,compressed_ring_ar
1778529467.3489459,19,18,0.746855,206.15,159.205,616.256,0,2,compressed_ring_ar
1778529467.932307,19,19,0.832469,232.32,108.639,549.607,0,2,compressed_ring_ar
1778529468.5918221,19,20,0.894906,203.54,90.209,627.46,0,2,compressed_ring_ar
1778529469.2706728,19,21,0.730311,197.87,133.53,642.156,0,2,compressed_ring_ar
1778529469.8516345,19,22,0.772855,235.23,115.453,539.343,0,2,compressed_ring_ar
1778529470.4157043,19,23,0.742311,244.38,125.42,519.138,0,2,compressed_ring_ar
1778529470.980279,19,24,0.739222,242.91,130.462,521.689,0,2,compressed_ring_ar
1778529471.580339,19,25,0.767207,225.76,151.534,562.622,0,2,compressed_ring_ar
1778529472.1056194,19,26,0.724354,266.17,84.758,477.925,0,2,compressed_ring_ar
1778529472.8268175,19,27,0.893159,185.55,122.333,685.646,0,2,compressed_ring_ar
1778529473.3952553,19,28,0.688928,238.37,131.27,532.436,0,2,compressed_ring_ar
1778529473.9692276,19,29,0.694946,235.68,120.386,538.43,0,2,compressed_ring_ar
1778529474.5624075,19,30,0.661004,229.65,116.687,553.062,0,2,compressed_ring_ar
1778529475.1612787,19,31,0.860338,226.13,125.158,561.244,0,2,compressed_ring_ar
1778529475.722478,19,32,0.806364,242.94,125.154,522.079,0,2,compressed_ring_ar
1778529476.2961688,19,33,0.833089,237.21,128.348,534.918,0,2,compressed_ring_ar
1778529476.8631284,19,34,0.687185,242.35,121.896,523.497,0,2,compressed_ring_ar
1778529477.42359,19,35,0.743945,242.11,126.657,524.108,0,2,compressed_ring_ar
1778529477.961589,19,36,1.025698,253.49,76.9,503.527,0,2,compressed_ring_ar
1778529478.6383905,19,37,0.912506,198.59,85.43,643.254,0,2,compressed_ring_ar
1778529479.3018157,19,38,0.723737,203.87,122.714,623.042,0,2,compressed_ring_ar
1778529479.875304,19,39,0.899641,235.98,123.119,537.89,0,2,compressed_ring_ar
1778529480.4057148,19,40,0.741482,256.83,83.606,496.152,0,2,compressed_ring_ar
1778529481.062771,19,41,0.844136,206.41,87.245,618.72,0,2,compressed_ring_ar
1778529481.7413306,19,42,0.808478,198.16,95.1,641.576,0,2,compressed_ring_ar
1778529482.4492784,19,43,0.984412,189.08,95.196,675.685,0,2,compressed_ring_ar
1778529483.1658425,19,44,0.620096,188.37,129.494,674.544,0,2,compressed_ring_ar
1778529483.7413805,19,45,0.78261,235.5,117.58,538.773,0,2,compressed_ring_ar
1778529484.30407,19,46,0.861727,240.84,134.173,526.887,0,2,compressed_ring_ar
1778529484.9061232,19,47,0.795214,225.61,132.574,562.557,0,2,compressed_ring_ar
1778529485.504115,19,48,0.705393,226.14,124.037,561.134,0,2,compressed_ring_ar
1778529486.0339382,19,49,0.921737,256.99,118.281,493.219,0,2,compressed_ring_ar
1778529486.6212816,19,50,0.659727,231.92,121.162,550.575,0,2,compressed_ring_ar
1778529487.1804621,19,51,0.783813,244.52,83.139,522.102,0,2,compressed_ring_ar
1778529487.8715177,19,52,0.89911,194.48,128.988,653.675,0,2,compressed_ring_ar
1778529488.376647,19,53,0.825517,271.32,74.32,470.484,0,2,compressed_ring_ar
1778529488.9886363,19,54,0.936534,231.32,122.958,551.931,0,2,compressed_ring_ar
1778529489.6352057,19,55,0.784393,208.49,94.085,612.564,0,2,compressed_ring_ar
1778529490.3221886,19,56,0.74691,195.08,134.667,651.522,0,2,compressed_ring_ar
1778529490.919624,19,57,0.719079,228.39,123.729,555.861,0,2,compressed_ring_ar
1778529491.4963484,19,58,0.598368,235.1,127.495,539.846,0,2,compressed_ring_ar
1778529492.0677924,19,59,0.754403,238.67,124.471,531.487,0,2,compressed_ring_ar
1778529492.6742282,19,60,0.661611,223.58,129.509,567.95,0,2,compressed_ring_ar
1778529493.2628214,19,61,0.818069,236.4,125.276,536.84,0,2,compressed_ring_ar
1778529493.8686676,19,62,0.715017,224.9,110.666,567.718,0,2,compressed_ring_ar
1778529494.4922557,19,63,0.613082,217.0,86.154,588.89,0,2,compressed_ring_ar
1778529495.1410332,19,64,0.716879,210.13,129.102,607.859,0,2,compressed_ring_ar
1778529495.8244903,19,65,0.637634,197.56,122.423,643.969,0,2,compressed_ring_ar
1778529496.418304,19,66,0.86577,227.1,125.712,558.901,0,2,compressed_ring_ar
1778529497.002469,19,67,0.775623,232.91,118.323,544.827,0,2,compressed_ring_ar
1778529497.5950367,19,68,0.830768,228.78,123.23,554.813,0,2,compressed_ring_ar
1778529498.1721454,19,69,0.624094,234.68,112.492,541.036,0,2,compressed_ring_ar
1778529498.7717865,19,70,0.819847,225.58,126.062,562.971,0,2,compressed_ring_ar
1778529499.3551815,19,71,0.741304,234.31,131.849,541.886,0,2,compressed_ring_ar
1778529499.9058752,19,72,0.925166,248.33,123.53,511.589,0,2,compressed_ring_ar
1778529500.455872,19,73,0.763656,248.74,127.409,510.115,0,2,compressed_ring_ar
1778529500.9859073,19,74,0.887797,262.14,77.364,486.924,0,2,compressed_ring_ar
1778529501.7138057,19,75,0.861194,187.11,114.329,682.696,0,2,compressed_ring_ar
1778529502.4193113,19,76,0.677544,191.48,126.254,664.078,0,2,compressed_ring_ar
1778529502.9497418,19,77,0.97171,257.34,83.713,495.584,0,2,compressed_ring_ar
1778529503.578094,19,78,0.809992,214.45,100.957,595.837,0,2,compressed_ring_ar
1778529504.1882935,19,79,0.832378,234.73,118.988,544.142,0,2,compressed_ring_ar
1778529504.8032494,19,80,0.837187,228.78,111.037,558.012,0,2,compressed_ring_ar
1778529505.4636695,19,81,0.740261,204.01,86.346,624.738,0,2,compressed_ring_ar
1778529506.0881839,19,82,0.790407,216.58,118.117,589.581,0,2,compressed_ring_ar
1778529506.7526872,19,83,0.753959,202.83,82.919,629.803,0,2,compressed_ring_ar
1778529507.3937755,19,84,0.935338,210.58,92.964,606.578,0,2,compressed_ring_ar
1778529507.9619339,19,85,0.892075,246.69,153.056,517.367,0,2,compressed_ring_ar
1778529508.6074927,19,86,0.739728,208.15,81.042,613.847,0,2,compressed_ring_ar
1778529509.2139041,19,87,0.744461,227.69,152.725,560.783,0,2,compressed_ring_ar
1778529509.8556738,19,88,0.857392,209.52,87.987,609.984,0,2,compressed_ring_ar
1778529510.4334214,19,89,0.785733,240.61,142.111,530.587,0,2,compressed_ring_ar
1778529511.0596747,19,90,0.761315,217.43,84.56,587.307,0,2,compressed_ring_ar
1778529511.750211,19,91,0.900533,194.41,86.948,656.988,0,2,compressed_ring_ar
1778529512.3269355,19,92,0.699987,237.58,69.45,537.659,0,2,compressed_ring_ar
1778529512.9176497,19,93,0.703629,233.29,142.018,544.38,0,2,compressed_ring_ar
1778529513.5798523,19,94,0.765607,202.65,100.423,630.219,0,2,compressed_ring_ar
1778529514.2038674,19,95,0.866888,216.89,104.354,589.047,0,2,compressed_ring_ar
1778529514.822208,19,96,0.797212,222.83,124.986,573.062,0,2,compressed_ring_ar
1778529515.5655708,19,97,0.706538,182.45,138.767,697.757,0,2,compressed_ring_ar
1778529516.1264548,19,98,0.918856,242.02,124.666,524.957,0,2,compressed_ring_ar
1778529516.6658835,19,99,0.712414,252.5,83.414,505.539,0,2,compressed_ring_ar
1778529517.3291214,19,100,0.738366,203.61,89.675,627.235,0,2,compressed_ring_ar
1778529517.9635859,19,101,0.775808,213.74,83.279,597.605,0,2,compressed_ring_ar
1778529518.6673458,19,102,0.679735,190.65,135.861,666.747,0,2,compressed_ring_ar
1778529519.187619,19,103,0.690419,261.73,85.635,485.993,0,2,compressed_ring_ar
1778529519.905704,19,104,0.805212,186.38,121.885,682.159,0,2,compressed_ring_ar
1778529520.5196984,19,105,0.749288,219.79,119.285,577.435,0,2,compressed_ring_ar
1778529521.11187,19,106,0.65159,229.45,129.178,553.449,0,2,compressed_ring_ar
1778529521.7028182,19,107,0.826679,228.58,141.619,555.299,0,2,compressed_ring_ar
1778529522.2867374,19,108,0.849346,231.73,126.546,547.636,0,2,compressed_ring_ar
1778529522.7882826,19,109,0.810127,272.22,78.854,469.099,0,2,compressed_ring_ar
1778529523.4621863,19,110,0.900558,199.13,137.618,638.221,0,2,compressed_ring_ar
1778529524.0418854,19,111,0.908658,234.26,132.032,541.532,0,2,compressed_ring_ar
1778529524.584116,19,112,0.902227,251.27,120.507,505.697,0,2,compressed_ring_ar
1778529525.1868703,19,113,0.755475,224.53,142.355,565.587,0,2,compressed_ring_ar
1778529525.809137,19,114,0.893168,222.37,136.23,571.166,0,2,compressed_ring_ar
1778529526.3522487,19,115,0.801796,248.9,109.009,512.787,0,2,compressed_ring_ar
1778529526.9909434,19,116,0.717614,212.71,91.952,600.431,0,2,compressed_ring_ar
1778529527.5999224,19,117,0.768805,223.25,90.399,571.958,0,2,compressed_ring_ar
1778529528.3465173,19,118,0.862813,182.92,147.349,695.291,0,2,compressed_ring_ar
1778529529.11962,19,119,0.976574,177.56,133.942,716.147,0,2,compressed_ring_ar
1778529529.6994755,19,120,0.990577,233.15,135.101,545.117,0,2,compressed_ring_ar
1778529530.2211535,19,121,0.762921,262.57,78.971,486.234,0,2,compressed_ring_ar
1778529530.8814747,19,122,0.732243,203.97,92.271,626.182,0,2,compressed_ring_ar
1778529531.5425432,19,123,0.832404,205.9,85.676,620.289,0,2,compressed_ring_ar
1778529532.1750996,19,124,0.820721,214.48,79.368,595.359,0,2,compressed_ring_ar
1778529532.8051362,19,125,0.830978,214.47,98.446,595.429,0,2,compressed_ring_ar
1778529533.502878,19,126,0.761029,192.43,131.003,660.581,0,2,compressed_ring_ar
1778529534.0564654,19,127,0.756907,245.44,79.139,520.182,0,2,compressed_ring_ar
1778529534.7179291,19,128,0.828429,203.84,93.436,626.539,0,2,compressed_ring_ar
1778529535.3561652,19,129,0.749214,211.1,81.445,605.089,0,2,compressed_ring_ar
1778529536.018332,19,130,0.944942,203.3,85.989,628.268,0,2,compressed_ring_ar
1778529536.674428,19,131,0.660927,206.0,87.367,617.118,0,2,compressed_ring_ar
1778529537.3590112,19,132,0.75892,196.99,90.822,648.546,0,2,compressed_ring_ar
1778529538.059041,19,133,0.790001,192.13,123.467,661.48,0,2,compressed_ring_ar
1778529538.6419792,19,134,0.939047,233.15,103.772,547.669,0,2,compressed_ring_ar
1778529539.2847717,19,135,0.640593,210.64,78.765,603.515,0,2,compressed_ring_ar
1778529539.9693966,19,136,0.866248,196.94,88.871,648.551,0,2,compressed_ring_ar
1778529540.6261597,19,137,0.976919,204.85,96.766,620.386,0,2,compressed_ring_ar
1778529541.268915,19,138,0.813606,210.97,82.972,605.477,0,2,compressed_ring_ar
1778529541.8975408,19,139,0.818964,217.19,155.819,587.122,0,2,compressed_ring_ar
1778529542.5379865,19,140,0.846062,210.0,81.392,608.148,0,2,compressed_ring_ar
1778529543.1767619,19,141,0.863567,212.72,97.483,597.622,0,2,compressed_ring_ar
1778529543.8608203,19,142,0.783389,196.39,127.431,647.226,0,2,compressed_ring_ar
1778529544.4113207,19,143,0.841824,254.2,124.287,498.954,0,2,compressed_ring_ar
1778529544.9797428,19,144,0.786598,238.37,123.793,533.045,0,2,compressed_ring_ar
1778529545.5182688,19,145,0.856181,256.49,119.356,494.193,0,2,compressed_ring_ar
1778529546.136547,19,146,0.801561,219.04,130.883,579.886,0,2,compressed_ring_ar
1778529546.7384064,19,147,0.810244,238.82,131.358,532.544,0,2,compressed_ring_ar
1778529547.2705147,19,148,0.723165,263.42,88.171,484.566,0,2,compressed_ring_ar
1778529547.9759254,19,149,0.738261,191.22,134.299,664.563,0,2,compressed_ring_ar
1778529548.547531,19,150,0.804201,236.96,133.072,535.653,0,2,compressed_ring_ar
1778529549.0084457,19,151,0.804512,298.78,68.112,427.208,0,2,compressed_ring_ar
1778529549.588721,19,152,0.776556,240.36,120.267,531.183,0,2,compressed_ring_ar
1778529550.2241127,19,153,0.754372,212.94,102.973,598.062,0,2,compressed_ring_ar
1778529550.8609555,19,154,0.804037,211.92,97.577,602.9,0,2,compressed_ring_ar
1778529551.4355066,19,155,0.873291,242.94,128.864,525.807,0,2,compressed_ring_ar
1778529552.0314527,19,156,0.897066,237.68,152.491,537.137,0,2,compressed_ring_ar
1778529552.679847,19,157,0.736387,210.11,95.074,607.74,0,2,compressed_ring_ar
1778529553.3412657,19,158,0.997571,203.33,91.009,628.14,0,2,compressed_ring_ar
1778529554.0654757,19,159,0.77345,184.82,126.572,688.415,0,2,compressed_ring_ar
1778529554.7145703,19,160,0.818132,207.49,88.324,615.429,0,2,compressed_ring_ar
1778529555.3977401,19,161,0.857999,196.5,128.523,649.911,0,2,compressed_ring_ar
1778529556.0607035,19,162,0.759351,203.06,83.216,628.941,0,2,compressed_ring_ar
1778529556.756025,19,163,0.876132,193.13,94.667,661.404,0,2,compressed_ring_ar
1778529557.3994727,19,164,0.826203,209.21,88.022,610.422,0,2,compressed_ring_ar
1778529558.1640768,19,165,0.783477,176.46,100.404,724.021,0,2,compressed_ring_ar
1778529558.8829846,19,166,0.771515,187.28,133.853,682.085,0,2,compressed_ring_ar
1778529559.6163256,19,167,1.040268,185.25,97.363,689.562,0,2,compressed_ring_ar
1778529560.3459961,19,168,0.796043,186.8,109.926,683.843,0,2,compressed_ring_ar
1778529561.0637693,19,169,0.835184,188.48,112.131,677.634,0,2,compressed_ring_ar
1778529561.7933855,19,170,0.704819,185.82,90.175,687.459,0,2,compressed_ring_ar
1778529562.5121486,19,171,0.664453,188.92,138.181,676.371,0,2,compressed_ring_ar
1778529563.1150165,19,172,0.656186,229.89,89.739,555.438,0,2,compressed_ring_ar
1778529563.8116798,19,173,0.963182,194.14,94.642,657.98,0,2,compressed_ring_ar
1778529564.4909852,19,174,0.787446,200.84,92.81,634.907,0,2,compressed_ring_ar
1778529565.127873,19,175,0.745478,212.71,127.331,600.529,0,2,compressed_ring_ar
1778529565.795778,19,176,0.8964,202.52,93.168,629.59,0,2,compressed_ring_ar
1778529566.4542964,19,177,0.693942,205.49,149.495,619.882,0,2,compressed_ring_ar
1778529567.199879,19,178,0.801486,180.41,103.657,705.18,0,2,compressed_ring_ar
1778529568.0015252,19,179,0.852947,170.57,142.323,745.982,0,2,compressed_ring_ar
1778529568.6789074,19,180,0.777835,199.98,157.949,635.883,0,2,compressed_ring_ar
1778529569.31388,19,181,0.573125,214.35,122.261,595.728,0,2,compressed_ring_ar
1778529570.0505676,19,182,0.785568,184.41,144.798,689.498,0,2,compressed_ring_ar
1778529570.647258,19,183,0.734316,227.95,128.382,556.789,0,2,compressed_ring_ar
1778529571.2002678,19,184,0.767999,249.53,89.639,508.612,0,2,compressed_ring_ar
1778529571.9213877,19,185,0.798638,190.67,87.915,669.895,0,2,compressed_ring_ar
1778529572.5840113,19,186,0.870346,205.67,135.647,621.046,0,2,compressed_ring_ar
1778529573.3632612,19,187,0.795515,172.1,138.096,739.031,0,2,compressed_ring_ar
1778529573.9604664,19,188,0.718906,227.04,139.37,559.288,0,2,compressed_ring_ar
1778529574.5062985,19,189,0.831832,251.82,91.447,506.697,0,2,compressed_ring_ar
1778529575.2204869,19,190,0.878174,188.55,108.702,674.592,0,2,compressed_ring_ar
1778529575.9010038,19,191,0.901329,199.46,91.858,640.327,0,2,compressed_ring_ar
1778529576.578996,19,192,0.861299,199.6,87.547,639.961,0,2,compressed_ring_ar
1778529577.2739284,19,193,0.747291,196.03,85.926,651.754,0,2,compressed_ring_ar
1778529577.8848598,19,194,0.855717,229.72,156.791,555.883,0,2,compressed_ring_ar
1778529578.401037,19,195,1.000347,79.4,82.501,502.468,0,2,compressed_ring_ar
1778529585.0830154,20,0,0.929886,195.13,122.999,651.377,0,2,compressed_ring_ar
1778529585.6157932,20,1,0.736441,256.73,80.452,495.355,0,2,compressed_ring_ar
1778529586.2688937,20,2,0.732246,205.3,86.206,622.065,0,2,compressed_ring_ar
1778529586.8976233,20,3,0.873752,214.61,76.707,595.357,0,2,compressed_ring_ar
1778529587.4976952,20,4,0.894415,229.98,121.307,555.218,0,2,compressed_ring_ar
1778529588.2291312,20,5,0.787881,186.29,117.492,685.88,0,2,compressed_ring_ar
1778529588.904383,20,6,0.7431,201.41,96.618,634.24,0,2,compressed_ring_ar
1778529589.5700831,20,7,0.873992,204.82,95.059,623.608,0,2,compressed_ring_ar
1778529590.1999395,20,8,0.845177,223.21,160.467,572.221,0,2,compressed_ring_ar
1778529590.8754618,20,9,0.911266,199.82,93.031,639.772,0,2,compressed_ring_ar
1778529591.4768074,20,10,0.777782,227.25,133.255,561.859,0,2,compressed_ring_ar
1778529592.115158,20,11,0.880011,215.46,77.584,590.34,0,2,compressed_ring_ar
1778529592.7822974,20,12,0.624352,202.37,93.077,629.448,0,2,compressed_ring_ar
1778529593.4392502,20,13,0.866076,205.21,98.479,622.377,0,2,compressed_ring_ar
1778529594.09234,20,14,0.818953,205.81,91.219,620.713,0,2,compressed_ring_ar
1778529594.7660882,20,15,0.748483,202.41,103.634,630.975,0,2,compressed_ring_ar
1778529595.4040935,20,16,0.93815,211.03,96.806,605.166,0,2,compressed_ring_ar
1778529596.0517945,20,17,0.748138,207.61,86.944,615.13,0,2,compressed_ring_ar
1778529596.7023847,20,18,0.82825,207.48,90.681,615.545,0,2,compressed_ring_ar
1778529597.4024022,20,19,0.617586,191.45,135.501,663.631,0,2,compressed_ring_ar
1778529597.9606004,20,20,0.704121,244.05,94.105,521.53,0,2,compressed_ring_ar
1778529598.6017122,20,21,0.758363,210.52,94.507,606.635,0,2,compressed_ring_ar
1778529599.234977,20,22,0.753293,213.2,85.481,595.904,0,2,compressed_ring_ar
1778529599.8709047,20,23,0.750897,211.71,86.55,603.201,0,2,compressed_ring_ar
1778529600.5326886,20,24,0.976848,204.37,103.486,624.901,0,2,compressed_ring_ar
1778529601.2375767,20,25,0.74656,191.79,87.439,666.036,0,2,compressed_ring_ar
1778529601.893873,20,26,0.757288,205.23,80.286,622.279,0,2,compressed_ring_ar
1778529602.5458124,20,27,0.668839,206.29,92.13,617.316,0,2,compressed_ring_ar
1778529603.2001674,20,28,0.777594,206.18,82.961,618.136,0,2,compressed_ring_ar
1778529603.9035952,20,29,0.808247,193.06,131.684,658.167,0,2,compressed_ring_ar
1778529604.463816,20,30,0.896685,242.29,119.747,523.411,0,2,compressed_ring_ar
1778529605.0256922,20,31,0.649448,241.59,116.281,525.214,0,2,compressed_ring_ar
1778529605.5915458,20,32,0.768212,241.29,104.324,529.129,0,2,compressed_ring_ar
1778529606.171527,20,33,0.80022,234.38,78.468,544.861,0,2,compressed_ring_ar
1778529606.854679,20,34,0.804245,202.39,87.986,631.035,0,2,compressed_ring_ar
1778529607.4924219,20,35,0.882793,211.4,99.697,604.117,0,2,compressed_ring_ar
1778529608.1387892,20,36,0.841126,208.13,97.027,614.371,0,2,compressed_ring_ar
1778529608.694522,20,37,0.782592,251.8,144.013,507.03,0,2,compressed_ring_ar
1778529609.287686,20,38,0.588339,232.54,107.287,549.126,0,2,compressed_ring_ar
1778529609.9766917,20,39,0.813283,195.68,137.591,649.638,0,2,compressed_ring_ar
1778529610.5489507,20,40,0.847093,236.8,125.396,535.88,0,2,compressed_ring_ar
1778529611.14499,20,41,0.843573,226.74,126.204,560.343,0,2,compressed_ring_ar
1778529611.7790565,20,42,0.770202,214.88,166.035,591.23,0,2,compressed_ring_ar
1778529612.383671,20,43,0.848677,225.22,134.824,563.756,0,2,compressed_ring_ar
1778529612.9951787,20,44,0.768004,222.43,126.168,571.488,0,2,compressed_ring_ar
1778529613.5753517,20,45,0.889322,233.8,127.575,542.794,0,2,compressed_ring_ar
1778529614.0988388,20,46,0.740274,260.47,94.88,490.048,0,2,compressed_ring_ar
1778529614.7548614,20,47,0.842191,205.04,118.892,622.911,0,2,compressed_ring_ar
1778529615.483315,20,48,0.897213,184.81,116.069,691.303,0,2,compressed_ring_ar
1778529616.192289,20,49,0.824459,193.5,108.537,660.184,0,2,compressed_ring_ar
1778529616.896812,20,50,0.557126,197.81,78.857,645.711,0,2,compressed_ring_ar
1778529617.5857046,20,51,0.694021,196.64,125.497,646.292,0,2,compressed_ring_ar
1778529618.1971388,20,52,0.883378,221.88,130.238,572.904,0,2,compressed_ring_ar
1778529618.8000073,20,53,0.909391,224.56,128.783,565.5,0,2,compressed_ring_ar
1778529619.3795218,20,54,0.823896,234.07,128.841,542.054,0,2,compressed_ring_ar
1778529619.9506443,20,55,0.69896,239.56,123.226,529.64,0,2,compressed_ring_ar
1778529620.5008173,20,56,0.933362,246.72,128.294,514.342,0,2,compressed_ring_ar
1778529621.0246553,20,57,0.697945,262.12,82.68,486.96,0,2,compressed_ring_ar
1778529621.6783128,20,58,0.794324,207.93,112.844,614.303,0,2,compressed_ring_ar
1778529622.336691,20,59,0.80946,208.51,185.974,609.424,0,2,compressed_ring_ar
1778529622.90025,20,60,0.796671,243.52,120.725,520.951,0,2,compressed_ring_ar
1778529623.48732,20,61,0.681345,231.52,132.298,548.057,0,2,compressed_ring_ar
1778529624.0352795,20,62,0.734583,248.65,97.801,513.354,0,2,compressed_ring_ar
1778529624.7055867,20,63,0.899381,200.13,84.723,638.211,0,2,compressed_ring_ar
1778529625.3527212,20,64,0.800391,209.54,93.972,609.415,0,2,compressed_ring_ar
1778529626.0495949,20,65,0.79069,194.35,104.028,657.276,0,2,compressed_ring_ar
1778529626.8426728,20,66,0.76331,178.86,81.682,711.099,0,2,compressed_ring_ar
1778529627.524133,20,67,1.038114,197.56,109.331,646.559,0,2,compressed_ring_ar
1778529628.1476836,20,68,0.729254,216.99,95.27,588.638,0,2,compressed_ring_ar
1778529628.7563124,20,69,0.957755,228.87,154.183,557.032,0,2,compressed_ring_ar
1778529629.4637785,20,70,0.649858,189.5,91.174,674.094,0,2,compressed_ring_ar
1778529630.1438816,20,71,0.781229,197.85,92.15,645.878,0,2,compressed_ring_ar
1778529630.7459366,20,72,0.827575,226.72,79.852,563.407,0,2,compressed_ring_ar
1778529631.3235269,20,73,0.881961,239.82,139.864,532.39,0,2,compressed_ring_ar
1778529631.9290767,20,74,0.775306,225.5,80.663,564.616,0,2,compressed_ring_ar
1778529632.6706347,20,75,0.823187,180.42,136.181,705.268,0,2,compressed_ring_ar
1778529633.2144663,20,76,0.787277,252.88,89.361,504.834,0,2,compressed_ring_ar
1778529633.9195004,20,77,0.772797,192.98,130.627,658.89,0,2,compressed_ring_ar
1778529634.4387531,20,78,0.7277,263.13,78.321,485.027,0,2,compressed_ring_ar
1778529635.1424005,20,79,0.796936,191.55,126.948,663.814,0,2,compressed_ring_ar
1778529635.7174952,20,80,0.865037,235.19,117.151,539.447,0,2,compressed_ring_ar
1778529636.302228,20,81,0.794213,231.32,124.197,548.847,0,2,compressed_ring_ar
1778529636.8099954,20,82,0.657497,269.14,76.83,474.188,0,2,compressed_ring_ar
1778529637.50703,20,83,0.844011,192.52,127.613,660.445,0,2,compressed_ring_ar
1778529638.026405,20,84,0.88123,263.88,76.584,480.926,0,2,compressed_ring_ar
1778529638.6808233,20,85,0.765361,205.74,87.073,620.794,0,2,compressed_ring_ar
1778529639.3690498,20,86,0.762715,195.99,120.662,648.63,0,2,compressed_ring_ar
1778529639.952064,20,87,0.754876,235.65,125.544,538.655,0,2,compressed_ring_ar
1778529640.5281067,20,88,0.901532,236.9,126.869,535.602,0,2,compressed_ring_ar
1778529641.0993764,20,89,0.688801,237.29,102.989,538.03,0,2,compressed_ring_ar
1778529641.8332853,20,90,0.938294,183.75,140.244,691.94,0,2,compressed_ring_ar
1778529642.417862,20,91,0.835336,231.5,132.249,548.543,0,2,compressed_ring_ar
1778529642.9635751,20,92,0.746754,249.81,106.974,510.119,0,2,compressed_ring_ar
1778529643.7046478,20,93,0.769192,180.43,144.159,704.729,0,2,compressed_ring_ar
1778529644.3120883,20,94,0.74743,223.46,133.497,568.849,0,2,compressed_ring_ar
1778529644.9244967,20,95,0.787319,220.67,132.853,575.237,0,2,compressed_ring_ar
1778529645.4792082,20,96,1.012064,244.79,127.305,518.172,0,2,compressed_ring_ar
1778529646.0489557,20,97,0.738827,243.93,106.265,523.325,0,2,compressed_ring_ar
1778529646.7539828,20,98,0.866826,190.11,137.283,668.573,0,2,compressed_ring_ar
1778529647.3283734,20,99,0.835641,235.91,123.644,538.203,0,2,compressed_ring_ar
1778529647.9197774,20,100,0.861561,233.77,109.027,546.142,0,2,compressed_ring_ar
1778529648.6053727,20,101,0.700428,198.94,138.888,638.458,0,2,compressed_ring_ar
1778529649.173562,20,102,0.844209,238.44,142.563,532.185,0,2,compressed_ring_ar
1778529649.7336287,20,103,0.880726,244.1,119.612,519.972,0,2,compressed_ring_ar
1778529650.2930915,20,104,0.777278,242.23,125.05,523.892,0,2,compressed_ring_ar
1778529650.8839417,20,105,0.83292,230.24,125.199,551.17,0,2,compressed_ring_ar
1778529651.445018,20,106,0.829618,241.36,122.385,525.757,0,2,compressed_ring_ar
1778529652.0495234,20,107,0.875911,240.37,105.755,531.245,0,2,compressed_ring_ar
1778529652.736792,20,108,0.876929,194.93,128.22,652.814,0,2,compressed_ring_ar
1778529653.3156812,20,109,0.865339,237.6,109.978,537.323,0,2,compressed_ring_ar
1778529653.9959445,20,110,0.783082,197.27,132.818,644.936,0,2,compressed_ring_ar
1778529654.6144257,20,111,0.849553,223.32,110.442,571.841,0,2,compressed_ring_ar
1778529655.3234754,20,112,0.81034,190.4,135.481,667.41,0,2,compressed_ring_ar
1778529655.890786,20,113,0.970169,238.65,121.912,531.714,0,2,compressed_ring_ar
1778529656.4645035,20,114,0.761425,236.33,124.476,537.045,0,2,compressed_ring_ar
1778529657.013444,20,115,0.920383,247.82,124.624,515.159,0,2,compressed_ring_ar
1778529657.634765,20,116,0.791193,217.87,128.608,582.991,0,2,compressed_ring_ar
1778529658.2679245,20,117,0.777956,215.04,158.85,590.721,0,2,compressed_ring_ar
1778529658.9539921,20,118,0.677582,201.61,136.865,630.398,0,2,compressed_ring_ar
1778529659.4953458,20,119,0.775717,253.85,120.427,499.731,0,2,compressed_ring_ar
1778529660.0899754,20,120,0.79286,228.35,103.146,559.163,0,2,compressed_ring_ar
1778529660.788226,20,121,0.770051,194.91,114.446,655.31,0,2,compressed_ring_ar
1778529661.4298015,20,122,0.618282,210.41,89.093,606.991,0,2,compressed_ring_ar
1778529662.1512012,20,123,0.798067,186.19,136.741,682.831,0,2,compressed_ring_ar
1778529662.6560605,20,124,0.708823,271.62,79.747,469.9,0,2,compressed_ring_ar
1778529663.3625681,20,125,0.711304,189.64,129.075,670.205,0,2,compressed_ring_ar
1778529663.9099956,20,126,0.826266,247.9,113.185,511.572,0,2,compressed_ring_ar
1778529664.481641,20,127,0.898954,241.68,125.455,524.94,0,2,compressed_ring_ar
1778529665.058818,20,128,0.640996,240.68,107.711,530.397,0,2,compressed_ring_ar
1778529665.7859306,20,129,0.811136,185.89,145.571,683.923,0,2,compressed_ring_ar
1778529666.3442848,20,130,0.737044,243.29,125.075,521.567,0,2,compressed_ring_ar
1778529666.8522034,20,131,0.843371,268.75,80.09,474.185,0,2,compressed_ring_ar
1778529667.4843557,20,132,0.931951,213.29,80.433,598.699,0,2,compressed_ring_ar
1778529668.1352775,20,133,0.926245,206.36,86.069,618.927,0,2,compressed_ring_ar
1778529668.7639139,20,134,0.915506,214.12,102.043,594.672,0,2,compressed_ring_ar
1778529669.4565346,20,135,0.766138,193.55,90.441,660.011,0,2,compressed_ring_ar
1778529670.025763,20,136,0.736044,239.05,82.638,532.447,0,2,compressed_ring_ar
1778529670.6783109,20,137,0.756021,206.66,88.802,618.012,0,2,compressed_ring_ar
1778529671.3313103,20,138,0.659237,206.41,87.448,617.085,0,2,compressed_ring_ar
1778529672.000635,20,139,0.693239,200.73,96.909,636.297,0,2,compressed_ring_ar
1778529672.6294405,20,140,0.733937,214.21,84.102,596.2,0,2,compressed_ring_ar
1778529673.262705,20,141,0.79037,214.89,76.156,593.45,0,2,compressed_ring_ar
1778529673.923814,20,142,0.741196,203.68,94.469,627.061,0,2,compressed_ring_ar
1778529674.55394,20,143,0.760551,213.97,86.53,596.868,0,2,compressed_ring_ar
1778529675.2379282,20,144,0.732815,196.1,131.475,648.062,0,2,compressed_ring_ar
1778529675.8435655,20,145,0.806814,222.93,131.061,569.605,0,2,compressed_ring_ar
1778529676.4482632,20,146,0.748014,225.52,143.216,562.981,0,2,compressed_ring_ar
1778529677.0036473,20,147,0.816154,246.15,123.627,518.758,0,2,compressed_ring_ar
1778529677.5857697,20,148,0.842971,234.73,100.987,543.049,0,2,compressed_ring_ar
1778529678.2570448,20,149,0.726643,200.04,86.049,638.192,0,2,compressed_ring_ar
1778529678.8599277,20,150,0.788848,225.1,130.35,567.233,0,2,compressed_ring_ar
1778529679.5102806,20,151,0.761647,208.16,87.948,613.513,0,2,compressed_ring_ar
1778529680.1612988,20,152,0.677712,207.39,103.055,615.012,0,2,compressed_ring_ar
1778529680.8904512,20,153,0.987752,183.63,123.767,695.675,0,2,compressed_ring_ar
1778529681.4904442,20,154,0.847236,225.31,81.555,565.069,0,2,compressed_ring_ar
1778529682.1457727,20,155,0.764027,206.63,107.552,618.062,0,2,compressed_ring_ar
1778529682.7785447,20,156,0.971912,213.08,92.823,599.37,0,2,compressed_ring_ar
1778529683.428225,20,157,0.683336,209.43,80.584,609.774,0,2,compressed_ring_ar
1778529684.0900285,20,158,0.802416,205.41,90.785,621.756,0,2,compressed_ring_ar
1778529684.7745001,20,159,0.738219,196.35,85.465,650.501,0,2,compressed_ring_ar
1778529685.449031,20,160,0.818796,200.62,114.319,633.961,0,2,compressed_ring_ar
1778529686.0347652,20,161,0.8114,237.8,114.417,536.82,0,2,compressed_ring_ar
1778529686.7832444,20,162,0.772088,179.78,130.758,708.164,0,2,compressed_ring_ar
1778529687.4162374,20,163,0.906371,228.26,139.825,559.352,0,2,compressed_ring_ar
1778529687.9934268,20,164,0.786705,239.59,80.806,532.995,0,2,compressed_ring_ar
1778529688.6374247,20,165,0.736376,210.81,93.796,605.923,0,2,compressed_ring_ar
1778529689.2918339,20,166,0.765689,211.22,171.276,601.141,0,2,compressed_ring_ar
1778529689.8964195,20,167,0.786945,229.16,135.534,554.107,0,2,compressed_ring_ar
1778529690.4762802,20,168,0.901587,233.4,123.951,543.792,0,2,compressed_ring_ar
1778529691.0394228,20,169,0.748293,240.36,123.114,527.88,0,2,compressed_ring_ar
1778529691.5576537,20,170,0.670519,264.85,83.553,481.937,0,2,compressed_ring_ar
1778529692.2033823,20,171,0.876715,213.33,82.89,598.563,0,2,compressed_ring_ar
1778529692.798873,20,172,0.738856,230.12,77.465,555.157,0,2,compressed_ring_ar
1778529693.4045398,20,173,0.730832,228.71,113.12,558.688,0,2,compressed_ring_ar
1778529694.043571,20,174,0.769223,212.3,103.618,600.291,0,2,compressed_ring_ar
1778529694.6378062,20,175,0.732636,228.88,102.119,557.96,0,2,compressed_ring_ar
1778529695.2458389,20,176,0.956391,231.19,130.411,549.148,0,2,compressed_ring_ar
1778529695.9105172,20,177,0.766426,202.7,86.882,630.066,0,2,compressed_ring_ar
1778529696.5535533,20,178,0.870752,209.44,96.358,609.75,0,2,compressed_ring_ar
1778529697.3453498,20,179,0.880389,168.75,150.656,754.112,0,2,compressed_ring_ar
1778529697.9954703,20,180,0.82631,211.88,139.349,599.727,0,2,compressed_ring_ar
1778529698.5402439,20,181,0.680828,251.68,86.773,506.389,0,2,compressed_ring_ar
1778529699.2051027,20,182,0.679819,201.82,81.087,632.888,0,2,compressed_ring_ar
1778529699.84628,20,183,0.780294,210.4,97.405,606.957,0,2,compressed_ring_ar
1778529700.5210433,20,184,0.756826,200.52,111.714,636.079,0,2,compressed_ring_ar
1778529701.202859,20,185,0.820111,197.47,120.081,643.791,0,2,compressed_ring_ar
1778529701.78118,20,186,1.023677,233.87,143.156,542.891,0,2,compressed_ring_ar
1778529702.362741,20,187,0.828897,241.01,119.844,526.324,0,2,compressed_ring_ar
1778529702.8737617,20,188,0.797796,269.02,83.214,474.394,0,2,compressed_ring_ar
1778529703.56434,20,189,0.849128,195.75,124.351,649.132,0,2,compressed_ring_ar
1778529704.18181,20,190,0.740988,222.39,137.855,570.883,0,2,compressed_ring_ar
1778529704.751488,20,191,0.759623,237.6,119.234,533.872,0,2,compressed_ring_ar
1778529705.3419921,20,192,0.822806,228.54,144.081,555.246,0,2,compressed_ring_ar
1778529705.8751683,20,193,0.776333,255.46,119.881,497.199,0,2,compressed_ring_ar
1778529706.396663,20,194,0.89346,261.46,93.774,486.655,0,2,compressed_ring_ar
1778529706.8706114,20,195,0.698054,86.69,87.342,460.015,0,2,compressed_ring_ar
