timestamp,epoch,iteration,loss,throughput_samp_s,comm_latency_ms,iter_time_ms,rank,world_size,arch
1778542316.7599344,1,0,2.478465,54.17,753.957,2362.667,2,4,compressed_ring_ar
1778542318.263098,1,1,2.322813,88.19,351.483,1449.037,2,4,compressed_ring_ar
1778542319.5981874,1,2,2.287017,99.76,274.325,1279.772,2,4,compressed_ring_ar
1778542320.9856973,1,3,2.262127,95.62,337.929,1333.424,2,4,compressed_ring_ar
1778542322.5792177,1,4,2.317757,82.41,267.987,1552.0,2,4,compressed_ring_ar
1778542324.0952857,1,5,2.283978,87.49,218.149,1461.57,2,4,compressed_ring_ar
1778542325.5566068,1,6,2.28422,91.51,193.166,1397.561,2,4,compressed_ring_ar
1778542327.075916,1,7,2.292286,87.43,232.415,1462.926,2,4,compressed_ring_ar
1778542328.6381679,1,8,2.18854,84.66,340.57,1507.575,2,4,compressed_ring_ar
1778542330.0406938,1,9,2.179075,94.64,193.732,1351.14,2,4,compressed_ring_ar
1778542331.2933602,1,10,2.225003,107.59,204.214,1184.699,2,4,compressed_ring_ar
1778542332.5546873,1,11,2.208773,105.73,223.386,1208.389,2,4,compressed_ring_ar
1778542333.828608,1,12,2.221694,106.14,232.189,1201.372,2,4,compressed_ring_ar
1778542335.219417,1,13,2.239105,95.62,205.724,1333.71,2,4,compressed_ring_ar
1778542336.471502,1,14,2.181106,107.39,267.22,1187.089,2,4,compressed_ring_ar
1778542337.8811288,1,15,2.303608,93.85,309.017,1362.426,2,4,compressed_ring_ar
1778542339.327287,1,16,2.149647,91.89,331.66,1388.439,2,4,compressed_ring_ar
1778542340.526478,1,17,2.115484,111.72,244.075,1141.317,2,4,compressed_ring_ar
1778542341.8094096,1,18,2.176416,102.61,182.968,1245.956,2,4,compressed_ring_ar
1778542343.1805065,1,19,2.112491,96.08,294.083,1330.876,2,4,compressed_ring_ar
1778542344.7238011,1,20,2.091541,85.27,267.778,1499.323,2,4,compressed_ring_ar
1778542346.1011505,1,21,2.194214,95.87,224.294,1333.746,2,4,compressed_ring_ar
1778542347.6684127,1,22,2.104699,83.68,282.723,1527.863,2,4,compressed_ring_ar
1778542349.098843,1,23,1.961258,92.31,227.678,1385.326,2,4,compressed_ring_ar
1778542350.4839532,1,24,1.959426,95.32,205.135,1341.634,2,4,compressed_ring_ar
1778542352.1130242,1,25,1.936146,80.91,203.786,1577.84,2,4,compressed_ring_ar
1778542353.478744,1,26,2.028336,97.17,202.721,1315.826,2,4,compressed_ring_ar
1778542354.7867138,1,27,2.078795,101.34,210.792,1261.867,2,4,compressed_ring_ar
1778542356.283614,1,28,2.112346,88.49,378.092,1443.265,2,4,compressed_ring_ar
1778542357.6461198,1,29,2.117243,98.44,188.565,1298.787,2,4,compressed_ring_ar
1778542358.945547,1,30,1.997949,101.3,429.956,1257.67,2,4,compressed_ring_ar
1778542360.3139064,1,31,2.013731,96.8,342.308,1318.199,2,4,compressed_ring_ar
1778542361.718505,1,32,2.02268,93.96,274.751,1361.189,2,4,compressed_ring_ar
1778542363.08295,1,33,2.076327,96.91,205.564,1319.532,2,4,compressed_ring_ar
1778542364.6214366,1,34,1.988986,86.05,207.401,1482.809,2,4,compressed_ring_ar
1778542365.89334,1,35,2.165943,104.07,219.054,1228.582,2,4,compressed_ring_ar
1778542367.3110387,1,36,1.976387,93.44,239.395,1367.321,2,4,compressed_ring_ar
1778542368.7879376,1,37,1.975325,90.23,485.748,1414.002,2,4,compressed_ring_ar
1778542370.1554286,1,38,1.978703,97.81,215.55,1306.331,2,4,compressed_ring_ar
1778542371.5965786,1,39,1.939646,91.28,448.929,1398.512,2,4,compressed_ring_ar
1778542372.955941,1,40,1.996873,97.31,196.804,1310.893,2,4,compressed_ring_ar
1778542374.2609928,1,41,1.996865,101.72,196.603,1256.98,2,4,compressed_ring_ar
1778542375.660111,1,42,2.045459,94.09,441.965,1353.383,2,4,compressed_ring_ar
1778542377.0215251,1,43,1.963594,97.04,226.744,1314.609,2,4,compressed_ring_ar
1778542378.270336,1,44,1.878883,106.91,267.26,1194.931,2,4,compressed_ring_ar
1778542379.5993707,1,45,1.999288,99.89,329.235,1274.247,2,4,compressed_ring_ar
1778542380.9406662,1,46,1.985021,98.01,224.636,1301.368,2,4,compressed_ring_ar
1778542382.287822,1,47,1.849871,98.41,246.529,1295.879,2,4,compressed_ring_ar
1778542383.5956523,1,48,1.967591,104.25,209.712,1226.515,2,4,compressed_ring_ar
1778542385.1179252,1,49,2.065938,86.44,204.928,1479.488,2,4,compressed_ring_ar
1778542386.3023221,1,50,1.917312,113.67,269.934,1124.646,2,4,compressed_ring_ar
1778542387.8363848,1,51,2.057877,85.75,197.599,1489.178,2,4,compressed_ring_ar
1778542389.4802117,1,52,1.890238,79.94,261.278,1594.848,2,4,compressed_ring_ar
1778542390.6408474,1,53,2.025671,113.94,193.274,1118.765,2,4,compressed_ring_ar
1778542391.969496,1,54,1.877121,99.02,207.739,1287.971,2,4,compressed_ring_ar
1778542393.3073165,1,55,1.818566,98.97,186.855,1289.425,2,4,compressed_ring_ar
1778542394.7284038,1,56,1.923785,93.91,227.571,1361.695,2,4,compressed_ring_ar
1778542396.1539857,1,57,2.038047,92.61,255.476,1377.205,2,4,compressed_ring_ar
1778542397.4046035,1,58,1.97498,105.67,200.102,1208.929,2,4,compressed_ring_ar
1778542398.8210952,1,59,2.01686,93.33,187.827,1370.2,2,4,compressed_ring_ar
1778542400.3569682,1,60,1.909841,85.96,308.159,1483.261,2,4,compressed_ring_ar
1778542401.712412,1,61,1.768026,100.11,365.316,1277.169,2,4,compressed_ring_ar
1778542403.1957436,1,62,1.776225,88.63,218.245,1433.993,2,4,compressed_ring_ar
1778542404.4432359,1,63,1.910027,105.91,294.541,1207.171,2,4,compressed_ring_ar
1778542405.781676,1,64,1.771587,99.51,203.537,1281.13,2,4,compressed_ring_ar
1778542407.0807076,1,65,2.086254,102.6,222.719,1239.841,2,4,compressed_ring_ar
1778542408.4002445,1,66,1.979556,100.94,227.6,1264.06,2,4,compressed_ring_ar
1778542409.7074187,1,67,1.91234,101.41,334.198,1255.298,2,4,compressed_ring_ar
1778542410.953654,1,68,1.956458,105.94,192.862,1205.855,2,4,compressed_ring_ar
1778542412.3573613,1,69,1.975863,94.08,404.548,1356.523,2,4,compressed_ring_ar
1778542413.6483293,1,70,1.979843,102.57,226.382,1242.84,2,4,compressed_ring_ar
1778542414.8924341,1,71,1.900659,107.82,255.36,1181.611,2,4,compressed_ring_ar
1778542416.255725,1,72,2.040458,96.93,283.992,1319.146,2,4,compressed_ring_ar
1778542417.7916465,1,73,1.891066,86.14,213.056,1480.896,2,4,compressed_ring_ar
1778542419.2346506,1,74,1.974882,91.47,396.439,1392.487,2,4,compressed_ring_ar
1778542420.5470157,1,75,2.16589,101.01,186.525,1264.434,2,4,compressed_ring_ar
1778542421.9944537,1,76,2.062758,90.77,517.725,1407.98,2,4,compressed_ring_ar
1778542423.3892004,1,77,1.899069,95.3,257.68,1341.744,2,4,compressed_ring_ar
1778542425.133187,1,78,1.866255,74.96,595.801,1703.128,2,4,compressed_ring_ar
1778542426.628405,1,79,1.878008,88.64,369.345,1437.986,2,4,compressed_ring_ar
1778542428.3164885,1,80,1.861856,78.02,239.424,1635.665,2,4,compressed_ring_ar
1778542429.5992463,1,81,1.798393,105.29,192.742,1213.95,2,4,compressed_ring_ar
1778542430.9719598,1,82,1.901173,96.03,320.957,1329.664,2,4,compressed_ring_ar
1778542432.324919,1,83,1.881517,97.92,347.889,1302.418,2,4,compressed_ring_ar
1778542433.56803,1,84,2.056286,106.21,301.173,1200.691,2,4,compressed_ring_ar
1778542435.1048732,1,85,2.045747,86.33,218.271,1478.36,2,4,compressed_ring_ar
1778542436.3640997,1,86,1.943908,105.7,317.905,1208.133,2,4,compressed_ring_ar
1778542437.8978384,1,87,1.836616,86.69,595.992,1475.196,2,4,compressed_ring_ar
1778542439.2659924,1,88,1.830872,97.96,221.093,1305.035,2,4,compressed_ring_ar
1778542440.5972683,1,89,1.87151,99.06,423.637,1290.75,2,4,compressed_ring_ar
1778542441.9034731,1,90,1.980478,101.35,198.12,1260.722,2,4,compressed_ring_ar
1778542443.4520998,1,91,1.959991,84.83,734.658,1505.316,2,4,compressed_ring_ar
1778542444.705218,1,92,1.960649,106.12,221.591,1204.985,2,4,compressed_ring_ar
1778542446.0955365,1,93,2.188957,95.34,202.185,1341.518,2,4,compressed_ring_ar
1778542447.783913,1,94,1.919851,78.06,364.503,1638.619,2,4,compressed_ring_ar
1778542449.1931493,1,95,2.033139,94.71,210.079,1350.129,2,4,compressed_ring_ar
1778542450.5919302,1,96,1.998593,94.93,233.974,1345.843,2,4,compressed_ring_ar
1778542452.033841,1,97,2.141901,59.55,229.998,1401.273,2,4,compressed_ring_ar
1778542463.8854384,2,0,2.065394,86.44,219.236,1476.213,2,4,compressed_ring_ar
1778542465.3772576,2,1,1.711028,89.85,248.465,1420.143,2,4,compressed_ring_ar
1778542466.619139,2,2,2.007437,106.26,199.589,1200.239,2,4,compressed_ring_ar
1778542467.96678,2,3,2.045264,98.31,228.373,1300.624,2,4,compressed_ring_ar
1778542469.2492855,2,4,1.984539,103.8,219.852,1231.844,2,4,compressed_ring_ar
1778542470.4911203,2,5,1.932312,109.85,198.118,1162.522,2,4,compressed_ring_ar
1778542471.8445172,2,6,2.013436,97.85,249.603,1305.978,2,4,compressed_ring_ar
1778542473.0717967,2,7,2.044504,107.88,142.599,1184.533,2,4,compressed_ring_ar
1778542474.4382448,2,8,1.925655,97.3,443.911,1311.279,2,4,compressed_ring_ar
1778542475.6878006,2,9,2.139796,105.98,254.438,1200.79,2,4,compressed_ring_ar
1778542476.91447,2,10,1.965925,108.63,155.797,1176.13,2,4,compressed_ring_ar
1778542478.3654912,2,11,1.977913,90.86,245.382,1402.461,2,4,compressed_ring_ar
1778542479.5013502,2,12,1.911985,116.68,213.125,1094.479,2,4,compressed_ring_ar
1778542480.8300846,2,13,1.963896,99.74,330.067,1281.982,2,4,compressed_ring_ar
1778542482.183225,2,14,2.006191,98.65,537.877,1295.372,2,4,compressed_ring_ar
1778542483.566739,2,15,1.862603,95.47,187.878,1337.307,2,4,compressed_ring_ar
1778542484.8082879,2,16,2.00125,106.25,418.152,1201.964,2,4,compressed_ring_ar
1778542486.1214619,2,17,1.991374,101.9,330.162,1253.393,2,4,compressed_ring_ar
1778542487.4534967,2,18,2.026933,100.47,391.543,1267.953,2,4,compressed_ring_ar
1778542488.7616844,2,19,1.942873,100.94,204.874,1266.561,2,4,compressed_ring_ar
1778542490.0435963,2,20,2.058557,103.77,253.396,1231.504,2,4,compressed_ring_ar
1778542491.4717286,2,21,1.927921,93.72,192.707,1363.926,2,4,compressed_ring_ar
1778542492.7250173,2,22,1.995136,106.4,213.397,1199.889,2,4,compressed_ring_ar
1778542493.989515,2,23,2.120189,105.23,240.225,1214.98,2,4,compressed_ring_ar
1778542495.3371243,2,24,1.922067,98.23,266.061,1300.713,2,4,compressed_ring_ar
1778542496.8792176,2,25,1.759972,86.33,490.799,1481.134,2,4,compressed_ring_ar
1778542498.1391966,2,26,2.067045,105.68,177.152,1209.941,2,4,compressed_ring_ar
1778542499.4266362,2,27,1.926298,102.72,300.177,1243.986,2,4,compressed_ring_ar
1778542500.7149355,2,28,1.775162,105.19,158.376,1215.763,2,4,compressed_ring_ar
1778542502.1421955,2,29,1.884567,93.6,352.52,1360.963,2,4,compressed_ring_ar
1778542503.4491081,2,30,2.142437,101.94,205.291,1251.076,2,4,compressed_ring_ar
1778542504.7223198,2,31,1.912516,104.21,159.337,1226.897,2,4,compressed_ring_ar
1778542506.0513213,2,32,1.894559,98.9,434.864,1293.101,2,4,compressed_ring_ar
1778542507.3770607,2,33,2.100301,100.26,333.196,1275.411,2,4,compressed_ring_ar
1778542508.7331624,2,34,2.006928,97.75,199.298,1306.858,2,4,compressed_ring_ar
1778542510.0328493,2,35,1.857275,102.67,158.239,1245.394,2,4,compressed_ring_ar
1778542511.3215091,2,36,2.181695,102.76,190.374,1242.986,2,4,compressed_ring_ar
1778542512.6871543,2,37,2.080709,97.18,196.052,1314.985,2,4,compressed_ring_ar
1778542514.0077796,2,38,2.069289,100.5,222.617,1270.957,2,4,compressed_ring_ar
1778542515.4867244,2,39,2.022563,90.85,291.894,1404.116,2,4,compressed_ring_ar
1778542516.715241,2,40,1.989623,108.24,197.883,1180.052,2,4,compressed_ring_ar
1778542518.1994853,2,41,2.023412,88.57,401.237,1443.259,2,4,compressed_ring_ar
1778542519.425569,2,42,1.849823,109.03,370.031,1171.883,2,4,compressed_ring_ar
1778542520.7241652,2,43,2.032386,102.21,445.725,1249.773,2,4,compressed_ring_ar
1778542521.9964514,2,44,1.951676,105.74,294.364,1205.726,2,4,compressed_ring_ar
1778542523.3608737,2,45,1.871429,97.85,198.386,1306.834,2,4,compressed_ring_ar
1778542524.939892,2,46,1.873374,84.11,406.256,1520.398,2,4,compressed_ring_ar
1778542526.2973857,2,47,2.114888,97.78,198.51,1306.491,2,4,compressed_ring_ar
1778542527.629609,2,48,2.175275,99.24,369.09,1288.534,2,4,compressed_ring_ar
1778542528.8578265,2,49,2.024674,108.24,145.306,1181.445,2,4,compressed_ring_ar
1778542530.1771648,2,50,1.97738,102.82,191.636,1243.556,2,4,compressed_ring_ar
1778542531.4840555,2,51,1.807596,102.05,199.146,1250.505,2,4,compressed_ring_ar
1778542532.7223113,2,52,2.152204,106.84,167.664,1193.879,2,4,compressed_ring_ar
1778542534.012382,2,53,1.940384,103.44,256.787,1236.266,2,4,compressed_ring_ar
1778542535.3317666,2,54,2.114193,102.71,364.225,1245.031,2,4,compressed_ring_ar
1778542536.595391,2,55,1.743,106.82,332.515,1196.359,2,4,compressed_ring_ar
1778542537.9762514,2,56,2.090658,95.68,177.805,1336.491,2,4,compressed_ring_ar
1778542539.2140377,2,57,2.106264,106.74,405.345,1196.948,2,4,compressed_ring_ar
1778542540.6099439,2,58,1.997475,96.66,413.467,1317.423,2,4,compressed_ring_ar
1778542541.8902364,2,59,1.988843,103.18,183.531,1237.686,2,4,compressed_ring_ar
1778542543.159038,2,60,1.934551,104.32,200.792,1225.622,2,4,compressed_ring_ar
1778542544.525558,2,61,2.057734,98.36,170.065,1298.625,2,4,compressed_ring_ar
1778542545.9305832,2,62,2.201596,93.95,490.157,1359.96,2,4,compressed_ring_ar
1778542547.1784601,2,63,1.865062,106.28,188.57,1202.646,2,4,compressed_ring_ar
1778542548.4987986,2,64,1.936137,102.65,157.597,1243.346,2,4,compressed_ring_ar
1778542549.8696945,2,65,1.97353,96.15,456.074,1330.373,2,4,compressed_ring_ar
1778542551.1803727,2,66,2.013594,102.61,369.226,1245.316,2,4,compressed_ring_ar
1778542552.5283287,2,67,1.967617,97.9,157.53,1305.066,2,4,compressed_ring_ar
1778542553.79048,2,68,2.006521,105.18,276.848,1215.069,2,4,compressed_ring_ar
1778542555.0772238,2,69,1.817218,102.72,362.488,1243.699,2,4,compressed_ring_ar
1778542556.530705,2,70,2.093068,90.83,207.626,1408.132,2,4,compressed_ring_ar
1778542558.0115142,2,71,2.0649,91.56,218.281,1393.994,2,4,compressed_ring_ar
1778542559.301479,2,72,2.005994,102.26,188.106,1245.89,2,4,compressed_ring_ar
1778542560.6520412,2,73,1.985412,99.24,171.815,1288.617,2,4,compressed_ring_ar
1778542561.9525666,2,74,2.054784,103.9,424.041,1230.914,2,4,compressed_ring_ar
1778542563.192751,2,75,1.940366,106.48,182.459,1199.606,2,4,compressed_ring_ar
1778542564.56895,2,76,2.039136,97.09,453.779,1313.802,2,4,compressed_ring_ar
1778542565.8277357,2,77,1.932729,105.67,203.559,1208.791,2,4,compressed_ring_ar
1778542567.159417,2,78,1.974054,100.99,285.914,1265.279,2,4,compressed_ring_ar
1778542568.3893812,2,79,1.874087,109.98,183.36,1162.53,2,4,compressed_ring_ar
1778542569.6032097,2,80,1.916188,109.47,183.109,1167.199,2,4,compressed_ring_ar
1778542570.8954232,2,81,1.836645,102.66,347.373,1245.49,2,4,compressed_ring_ar
1778542572.2533002,2,82,2.092202,97.95,212.041,1304.261,2,4,compressed_ring_ar
1778542573.5756893,2,83,1.906208,100.14,201.897,1274.208,2,4,compressed_ring_ar
1778542574.9409437,2,84,1.784935,96.5,212.723,1322.036,2,4,compressed_ring_ar
1778542576.25679,2,85,1.870897,100.48,414.403,1273.067,2,4,compressed_ring_ar
1778542577.5311787,2,86,1.898553,104.03,182.811,1227.813,2,4,compressed_ring_ar
1778542578.9933403,2,87,1.956575,90.78,217.966,1408.611,2,4,compressed_ring_ar
1778542580.3078027,2,88,1.988843,102.48,253.763,1244.622,2,4,compressed_ring_ar
1778542581.477714,2,89,2.010215,113.17,162.664,1129.76,2,4,compressed_ring_ar
1778542582.8348053,2,90,1.966814,97.57,382.157,1309.073,2,4,compressed_ring_ar
1778542584.136058,2,91,2.066272,101.25,431.159,1263.678,2,4,compressed_ring_ar
1778542585.5938623,2,92,1.851067,92.41,473.475,1383.9,2,4,compressed_ring_ar
1778542587.053599,2,93,1.899211,90.85,201.963,1407.429,2,4,compressed_ring_ar
1778542588.3794813,2,94,1.962575,100.32,137.736,1274.778,2,4,compressed_ring_ar
1778542589.8345723,2,95,1.966447,93.08,499.411,1372.826,2,4,compressed_ring_ar
1778542591.1045396,2,96,1.955759,106.96,313.933,1194.975,2,4,compressed_ring_ar
1778542592.22598,2,97,2.01233,77.92,389.41,1071.524,2,4,compressed_ring_ar
1778542603.9255545,3,0,1.917496,99.7,182.181,1279.455,2,4,compressed_ring_ar
1778542605.1626508,3,1,2.067787,107.44,193.105,1189.956,2,4,compressed_ring_ar
1778542606.5557017,3,2,2.000622,95.27,303.568,1340.735,2,4,compressed_ring_ar
1778542607.7917507,3,3,1.995579,107.59,300.455,1188.448,2,4,compressed_ring_ar
1778542609.083082,3,4,2.020711,104.35,365.77,1223.844,2,4,compressed_ring_ar
1778542610.373977,3,5,1.726185,103.16,156.839,1237.66,2,4,compressed_ring_ar
1778542611.5983906,3,6,1.880304,109.92,213.051,1161.836,2,4,compressed_ring_ar
1778542612.8470898,3,7,1.854963,105.64,389.642,1210.533,2,4,compressed_ring_ar
1778542614.160815,3,8,2.168062,102.29,366.726,1250.221,2,4,compressed_ring_ar
1778542615.6092968,3,9,2.178056,93.74,345.481,1363.557,2,4,compressed_ring_ar
1778542616.836181,3,10,2.00968,110.83,377.633,1154.071,2,4,compressed_ring_ar
1778542618.0753322,3,11,2.06512,110.07,316.938,1161.869,2,4,compressed_ring_ar
1778542619.4524102,3,12,1.992822,97.65,160.491,1308.536,2,4,compressed_ring_ar
1778542620.7876208,3,13,1.947271,99.19,210.623,1285.515,2,4,compressed_ring_ar
1778542622.0347486,3,14,1.938656,107.07,292.992,1192.089,2,4,compressed_ring_ar
1778542623.3550887,3,15,1.950823,100.67,217.772,1265.798,2,4,compressed_ring_ar
1778542624.6478999,3,16,1.94802,102.03,199.813,1249.874,2,4,compressed_ring_ar
1778542625.9812672,3,17,2.181997,99.01,326.615,1291.446,2,4,compressed_ring_ar
1778542627.4583352,3,18,2.002079,89.95,194.15,1418.667,2,4,compressed_ring_ar
1778542628.8367693,3,19,1.78885,97.24,235.394,1315.849,2,4,compressed_ring_ar
1778542630.1187015,3,20,2.091077,108.21,296.717,1180.627,2,4,compressed_ring_ar
1778542631.4018552,3,21,2.184516,105.64,435.398,1207.283,2,4,compressed_ring_ar
1778542632.818893,3,22,1.790769,93.17,177.533,1368.802,2,4,compressed_ring_ar
1778542634.1139078,3,23,1.8903,101.75,315.084,1256.047,2,4,compressed_ring_ar
1778542635.4127016,3,24,2.074944,101.95,205.614,1251.363,2,4,compressed_ring_ar
1778542636.611728,3,25,1.98386,110.86,295.733,1152.369,2,4,compressed_ring_ar
1778542637.9901028,3,26,2.02261,96.06,398.362,1330.224,2,4,compressed_ring_ar
1778542639.2380157,3,27,2.189514,107.2,236.739,1191.454,2,4,compressed_ring_ar
1778542640.6102724,3,28,2.037927,95.88,451.243,1333.689,2,4,compressed_ring_ar
1778542641.9809444,3,29,2.062665,97.53,162.402,1311.202,2,4,compressed_ring_ar
1778542643.7217412,3,30,2.069646,75.91,565.955,1683.816,2,4,compressed_ring_ar
1778542645.2037144,3,31,1.980084,91.18,347.518,1402.526,2,4,compressed_ring_ar
1778542646.5364306,3,32,1.987678,99.78,158.863,1280.447,2,4,compressed_ring_ar
1778542647.8591087,3,33,2.125722,100.25,457.365,1271.995,2,4,compressed_ring_ar
1778542649.0993445,3,34,1.860882,107.23,203.255,1191.325,2,4,compressed_ring_ar
1778542650.3882034,3,35,2.050572,104.1,187.392,1225.336,2,4,compressed_ring_ar
1778542651.7006154,3,36,2.141415,100.96,271.419,1263.624,2,4,compressed_ring_ar
1778542652.9723232,3,37,2.094229,104.06,192.904,1225.982,2,4,compressed_ring_ar
1778542654.3731093,3,38,1.88496,94.06,233.849,1354.202,2,4,compressed_ring_ar
1778542655.560724,3,39,2.068057,112.52,184.437,1133.73,2,4,compressed_ring_ar
1778542656.8694408,3,40,1.982978,101.83,194.693,1255.619,2,4,compressed_ring_ar
1778542658.2107298,3,41,1.971278,98.33,183.599,1299.202,2,4,compressed_ring_ar
1778542659.4685884,3,42,2.174846,105.78,319.918,1207.946,2,4,compressed_ring_ar
1778542660.9480596,3,43,2.133834,91.02,401.371,1403.855,2,4,compressed_ring_ar
1778542662.26796,3,44,1.873288,100.54,272.504,1271.973,2,4,compressed_ring_ar
1778542663.6171749,3,45,1.928074,99.75,334.575,1278.918,2,4,compressed_ring_ar
1778542665.1142197,3,46,1.873922,88.92,337.855,1433.765,2,4,compressed_ring_ar
1778542666.3330882,3,47,2.105342,108.94,275.854,1168.043,2,4,compressed_ring_ar
1778542667.570734,3,48,2.080934,108.01,294.591,1183.947,2,4,compressed_ring_ar
1778542668.957013,3,49,2.204935,96.72,451.957,1320.933,2,4,compressed_ring_ar
1778542670.3084857,3,50,2.164366,97.69,439.549,1307.272,2,4,compressed_ring_ar
1778542671.595202,3,51,2.06352,104.08,552.29,1227.651,2,4,compressed_ring_ar
1778542672.894278,3,52,1.938618,101.99,461.166,1253.798,2,4,compressed_ring_ar
1778542674.215519,3,53,1.958547,100.84,211.158,1265.94,2,4,compressed_ring_ar
1778542675.5103838,3,54,2.079145,101.66,169.587,1256.674,2,4,compressed_ring_ar
1778542677.1252131,3,55,2.091747,82.6,402.347,1547.499,2,4,compressed_ring_ar
1778542678.4496973,3,56,2.127234,101.44,370.602,1260.694,2,4,compressed_ring_ar
1778542679.8287714,3,57,2.053797,97.39,428.422,1313.052,2,4,compressed_ring_ar
1778542680.9984322,3,58,1.948335,115.03,202.75,1111.426,2,4,compressed_ring_ar
1778542682.2801266,3,59,1.744855,103.24,437.184,1238.835,2,4,compressed_ring_ar
1778542683.5621493,3,60,1.933993,105.02,154.952,1216.255,2,4,compressed_ring_ar
1778542684.830112,3,61,2.01948,104.23,395.227,1225.679,2,4,compressed_ring_ar
1778542686.0833802,3,62,1.969036,105.63,365.924,1210.727,2,4,compressed_ring_ar
1778542687.448698,3,63,1.968896,98.13,295.583,1302.156,2,4,compressed_ring_ar
1778542688.7214584,3,64,1.722295,104.55,426.047,1223.108,2,4,compressed_ring_ar
1778542690.07323,3,65,2.26238,98.0,314.725,1304.839,2,4,compressed_ring_ar
1778542691.4267542,3,66,2.27102,98.22,274.151,1301.827,2,4,compressed_ring_ar
1778542692.7131927,3,67,2.073969,102.89,158.673,1242.847,2,4,compressed_ring_ar
1778542693.9764814,3,68,2.037877,105.43,159.655,1209.712,2,4,compressed_ring_ar
1778542695.2876768,3,69,1.995986,102.61,302.395,1245.004,2,4,compressed_ring_ar
1778542696.5538898,3,70,1.911337,104.74,170.861,1219.853,2,4,compressed_ring_ar
1778542697.9072888,3,71,1.903247,99.0,281.247,1291.778,2,4,compressed_ring_ar
1778542699.278756,3,72,1.893302,97.57,193.865,1309.311,2,4,compressed_ring_ar
1778542700.5168521,3,73,2.070186,107.17,146.395,1191.972,2,4,compressed_ring_ar
1778542701.8685913,3,74,1.840264,98.76,447.127,1294.855,2,4,compressed_ring_ar
1778542703.163836,3,75,1.941926,103.77,393.253,1231.75,2,4,compressed_ring_ar
1778542704.5327854,3,76,1.981287,97.72,204.689,1307.777,2,4,compressed_ring_ar
1778542705.74251,3,77,1.870254,110.01,157.991,1162.366,2,4,compressed_ring_ar
1778542707.1949742,3,78,2.0522,91.8,418.185,1392.635,2,4,compressed_ring_ar
1778542708.5660384,3,79,1.880782,97.12,248.712,1316.722,2,4,compressed_ring_ar
1778542710.313119,3,80,2.026121,76.26,476.382,1674.242,2,4,compressed_ring_ar
1778542711.434904,3,81,1.970225,121.16,151.518,1053.171,2,4,compressed_ring_ar
1778542712.8182335,3,82,2.147333,96.41,271.493,1326.546,2,4,compressed_ring_ar
1778542714.069917,3,83,2.050021,107.66,386.603,1187.869,2,4,compressed_ring_ar
1778542715.365556,3,84,1.931111,104.42,612.736,1223.511,2,4,compressed_ring_ar
1778542716.7443027,3,85,2.023788,96.55,306.953,1316.343,2,4,compressed_ring_ar
1778542717.895973,3,86,2.096085,116.99,191.66,1089.654,2,4,compressed_ring_ar
1778542719.2059734,3,87,1.960232,101.0,164.489,1266.061,2,4,compressed_ring_ar
1778542720.5060065,3,88,2.051534,103.23,306.779,1238.909,2,4,compressed_ring_ar
1778542721.7098403,3,89,1.815302,112.15,299.813,1138.692,2,4,compressed_ring_ar
1778542723.0142598,3,90,2.013047,100.9,390.749,1267.394,2,4,compressed_ring_ar
1778542724.384139,3,91,1.818149,97.66,189.94,1309.251,2,4,compressed_ring_ar
1778542725.7000258,3,92,2.021323,101.14,224.517,1263.657,2,4,compressed_ring_ar
1778542726.8970528,3,93,1.986387,110.69,177.209,1153.988,2,4,compressed_ring_ar
1778542728.3963115,3,94,1.88066,90.21,594.794,1413.902,2,4,compressed_ring_ar
1778542729.5182004,3,95,1.9366,119.08,149.307,1071.977,2,4,compressed_ring_ar
1778542730.939676,3,96,1.947762,93.89,469.953,1361.271,2,4,compressed_ring_ar
1778542732.1186388,3,97,1.970241,74.02,149.794,1131.158,2,4,compressed_ring_ar
1778542744.138093,4,0,2.068737,86.85,205.896,1467.619,2,4,compressed_ring_ar
1778542745.3705704,4,1,1.925154,109.01,215.337,1169.658,2,4,compressed_ring_ar
1778542746.8143885,4,2,1.95982,92.38,259.411,1379.949,2,4,compressed_ring_ar
1778542748.1975105,4,3,2.088698,95.88,161.586,1333.14,2,4,compressed_ring_ar
1778542749.5468438,4,4,2.009506,98.43,415.188,1299.154,2,4,compressed_ring_ar
1778542750.8197837,4,5,1.906244,105.89,236.575,1206.542,2,4,compressed_ring_ar
1778542752.0961173,4,6,2.044035,103.85,343.438,1232.004,2,4,compressed_ring_ar
1778542753.4279199,4,7,1.798025,101.38,187.233,1259.864,2,4,compressed_ring_ar
1778542754.688328,4,8,1.868528,105.06,220.486,1216.909,2,4,compressed_ring_ar
1778542755.9551969,4,9,2.081614,104.55,243.691,1219.825,2,4,compressed_ring_ar
1778542757.2347205,4,10,2.042163,104.37,149.979,1223.16,2,4,compressed_ring_ar
1778542758.5781713,4,11,2.108925,100.18,205.575,1276.431,2,4,compressed_ring_ar
1778542759.7982256,4,12,1.945286,109.89,155.185,1163.548,2,4,compressed_ring_ar
1778542761.187471,4,13,1.899575,95.42,208.316,1340.175,2,4,compressed_ring_ar
1778542762.598488,4,14,1.8019,95.22,206.326,1341.565,2,4,compressed_ring_ar
1778542763.9757066,4,15,2.050344,95.97,200.49,1332.398,2,4,compressed_ring_ar
1778542765.192316,4,16,1.756192,109.32,172.209,1168.889,2,4,compressed_ring_ar
1778542766.618541,4,17,1.903489,93.67,164.52,1363.482,2,4,compressed_ring_ar
1778542767.981471,4,18,2.051749,96.86,394.431,1320.179,2,4,compressed_ring_ar
1778542769.3611672,4,19,2.05976,95.33,379.092,1340.024,2,4,compressed_ring_ar
1778542770.605927,4,20,2.057354,106.58,308.061,1196.853,2,4,compressed_ring_ar
1778542771.8770888,4,21,2.008565,105.41,369.948,1213.053,2,4,compressed_ring_ar
1778542773.133141,4,22,1.660689,106.11,376.979,1205.084,2,4,compressed_ring_ar
1778542774.5451794,4,23,1.817043,96.39,362.144,1325.404,2,4,compressed_ring_ar
1778542775.8361225,4,24,2.002389,102.79,388.104,1243.908,2,4,compressed_ring_ar
1778542777.2347474,4,25,2.332001,94.21,418.867,1356.318,2,4,compressed_ring_ar
1778542778.5728936,4,26,1.87943,101.47,720.708,1258.836,2,4,compressed_ring_ar
1778542779.8255885,4,27,1.860331,106.0,263.71,1205.252,2,4,compressed_ring_ar
1778542781.1415365,4,28,1.820049,101.03,403.318,1262.879,2,4,compressed_ring_ar
1778542782.3467329,4,29,1.744507,109.38,322.791,1168.957,2,4,compressed_ring_ar
1778542783.6851692,4,30,2.012171,98.7,414.898,1295.677,2,4,compressed_ring_ar
1778542785.066577,4,31,2.020955,96.74,420.11,1320.733,2,4,compressed_ring_ar
1778542786.4880412,4,32,1.910795,94.25,191.776,1355.999,2,4,compressed_ring_ar
1778542787.70897,4,33,2.040757,108.18,309.133,1181.818,2,4,compressed_ring_ar
1778542788.991976,4,34,2.023571,103.9,334.92,1230.688,2,4,compressed_ring_ar
1778542790.2649848,4,35,1.752059,105.68,165.901,1208.693,2,4,compressed_ring_ar
1778542791.5129154,4,36,1.768207,108.17,332.337,1181.624,2,4,compressed_ring_ar
1778542792.8728907,4,37,2.024642,96.75,307.651,1320.187,2,4,compressed_ring_ar
1778542794.332454,4,38,1.98078,90.95,313.978,1404.727,2,4,compressed_ring_ar
1778542795.648847,4,39,1.854675,100.65,312.275,1270.373,2,4,compressed_ring_ar
1778542796.9106965,4,40,2.114145,106.97,183.014,1195.241,2,4,compressed_ring_ar
1778542798.2750516,4,41,1.925796,99.25,286.991,1280.91,2,4,compressed_ring_ar
1778542799.5050464,4,42,2.095782,106.98,290.727,1189.206,2,4,compressed_ring_ar
1778542800.8199646,4,43,1.931591,100.3,329.918,1273.831,2,4,compressed_ring_ar
1778542801.979812,4,44,1.852882,114.72,257.305,1113.312,2,4,compressed_ring_ar
1778542803.3182726,4,45,2.099349,100.26,481.153,1275.438,2,4,compressed_ring_ar
1778542804.6678584,4,46,2.004704,98.73,340.125,1292.458,2,4,compressed_ring_ar
1778542806.1420357,4,47,2.062216,89.75,210.128,1422.359,2,4,compressed_ring_ar
1778542807.5187051,4,48,2.005206,96.12,163.291,1330.593,2,4,compressed_ring_ar
1778542808.751328,4,49,2.167567,108.18,407.819,1180.876,2,4,compressed_ring_ar
1778542810.1021307,4,50,2.011189,98.25,337.643,1301.173,2,4,compressed_ring_ar
1778542811.6030393,4,51,1.96811,87.39,429.839,1460.907,2,4,compressed_ring_ar
1778542813.0871048,4,52,1.859537,88.95,314.881,1432.082,2,4,compressed_ring_ar
1778542814.1159127,4,53,2.013091,133.32,142.14,958.717,2,4,compressed_ring_ar
1778542815.441394,4,54,2.046176,100.54,405.116,1265.055,2,4,compressed_ring_ar
1778542816.7879298,4,55,2.02603,98.51,191.613,1296.756,2,4,compressed_ring_ar
1778542818.0941312,4,56,2.095628,101.06,410.144,1265.189,2,4,compressed_ring_ar
1778542819.392971,4,57,1.937355,101.77,154.766,1255.367,2,4,compressed_ring_ar
1778542820.7374024,4,58,2.077243,99.64,351.287,1283.019,2,4,compressed_ring_ar
1778542821.9715192,4,59,2.096828,107.6,176.01,1187.157,2,4,compressed_ring_ar
1778542823.2584515,4,60,2.166864,103.76,293.658,1232.341,2,4,compressed_ring_ar
1778542824.4425752,4,61,1.728779,112.66,170.35,1133.562,2,4,compressed_ring_ar
1778542825.6950872,4,62,2.009609,106.85,182.749,1195.313,2,4,compressed_ring_ar
1778542827.0406258,4,63,2.233531,98.21,308.12,1301.008,2,4,compressed_ring_ar
1778542828.4332883,4,64,2.020476,94.79,247.61,1348.981,2,4,compressed_ring_ar
1778542829.726109,4,65,1.991595,102.99,366.751,1234.984,2,4,compressed_ring_ar
1778542830.9899507,4,66,2.041016,105.27,222.704,1208.985,2,4,compressed_ring_ar
1778542832.526414,4,67,1.929312,87.69,232.371,1452.192,2,4,compressed_ring_ar
1778542833.7075555,4,68,1.954862,113.3,203.577,1128.336,2,4,compressed_ring_ar
1778542834.9544296,4,69,1.980383,107.43,201.228,1189.333,2,4,compressed_ring_ar
1778542836.2443612,4,70,1.902357,103.46,193.356,1234.813,2,4,compressed_ring_ar
1778542837.5565352,4,71,1.931316,100.68,176.754,1269.82,2,4,compressed_ring_ar
1778542838.9024448,4,72,1.87415,99.18,158.277,1288.303,2,4,compressed_ring_ar
1778542840.31684,4,73,1.928514,94.8,563.116,1347.804,2,4,compressed_ring_ar
1778542841.7130072,4,74,2.017958,94.98,185.983,1345.106,2,4,compressed_ring_ar
1778542843.0924542,4,75,1.936673,96.27,242.033,1324.856,2,4,compressed_ring_ar
1778542844.3204265,4,76,2.074982,107.93,329.182,1183.425,2,4,compressed_ring_ar
1778542845.6451576,4,77,1.859977,99.57,255.183,1284.228,2,4,compressed_ring_ar
1778542846.9160306,4,78,1.838336,107.32,422.581,1190.678,2,4,compressed_ring_ar
1778542848.4174805,4,79,1.968975,87.68,184.127,1458.852,2,4,compressed_ring_ar
1778542849.7549877,4,80,2.035872,99.04,302.274,1290.825,2,4,compressed_ring_ar
1778542851.0338483,4,81,2.062244,106.42,384.188,1196.716,2,4,compressed_ring_ar
1778542852.2751706,4,82,1.992999,107.65,264.665,1187.646,2,4,compressed_ring_ar
1778542853.470027,4,83,2.232921,111.61,181.802,1145.408,2,4,compressed_ring_ar
1778542854.724666,4,84,1.852632,107.48,418.465,1189.695,2,4,compressed_ring_ar
1778542855.9397292,4,85,1.879516,110.85,330.061,1153.495,2,4,compressed_ring_ar
1778542857.223312,4,86,1.811322,104.77,367.357,1218.745,2,4,compressed_ring_ar
1778542858.6952174,4,87,2.01752,91.0,499.396,1405.477,2,4,compressed_ring_ar
1778542859.9832473,4,88,1.962089,104.9,183.83,1219.882,2,4,compressed_ring_ar
1778542861.4017591,4,89,1.857523,96.78,725.261,1320.49,2,4,compressed_ring_ar
1778542862.7482922,4,90,1.897665,97.94,451.813,1306.164,2,4,compressed_ring_ar
1778542864.0597427,4,91,1.859562,102.08,474.071,1251.356,2,4,compressed_ring_ar
1778542865.4282753,4,92,2.104826,96.87,187.007,1319.292,2,4,compressed_ring_ar
1778542866.8248296,4,93,1.822457,94.55,193.297,1347.811,2,4,compressed_ring_ar
1778542867.9968712,4,94,1.855296,113.97,181.507,1121.868,2,4,compressed_ring_ar
1778542869.2410438,4,95,2.070011,109.92,650.891,1163.469,2,4,compressed_ring_ar
1778542870.5899153,4,96,1.882023,99.05,656.438,1290.879,2,4,compressed_ring_ar
1778542871.821203,4,97,1.866045,70.58,202.166,1183.685,2,4,compressed_ring_ar
1778542883.5932305,5,0,1.98918,92.12,191.484,1388.088,2,4,compressed_ring_ar
1778542885.1136484,5,1,2.005977,86.59,292.962,1468.521,2,4,compressed_ring_ar
1778542886.47237,5,2,2.028727,97.09,333.946,1312.245,2,4,compressed_ring_ar
1778542887.7730792,5,3,2.055359,101.89,313.022,1252.071,2,4,compressed_ring_ar
1778542889.0087967,5,4,1.875006,108.46,178.006,1178.195,2,4,compressed_ring_ar
1778542890.434728,5,5,2.163413,92.38,192.518,1384.248,2,4,compressed_ring_ar
1778542891.719047,5,6,1.878731,104.3,208.873,1224.844,2,4,compressed_ring_ar
1778542892.9739258,5,7,1.886406,105.61,165.855,1207.379,2,4,compressed_ring_ar
1778542894.2309637,5,8,1.839131,106.55,150.072,1198.884,2,4,compressed_ring_ar
1778542895.571351,5,9,1.98187,99.76,520.224,1279.375,2,4,compressed_ring_ar
1778542896.865566,5,10,1.803779,103.09,424.021,1238.914,2,4,compressed_ring_ar
1778542898.2275271,5,11,1.841633,96.7,503.936,1322.074,2,4,compressed_ring_ar
1778542899.442588,5,12,1.804958,109.15,310.091,1171.317,2,4,compressed_ring_ar
1778542900.6976461,5,13,2.132902,105.94,152.907,1207.1,2,4,compressed_ring_ar
1778542902.0495,5,14,1.928772,100.68,193.366,1269.656,2,4,compressed_ring_ar
1778542903.326935,5,15,1.968613,104.38,218.036,1225.028,2,4,compressed_ring_ar
1778542904.6979482,5,16,1.999412,97.17,411.333,1312.734,2,4,compressed_ring_ar
1778542905.9506977,5,17,1.92785,105.48,210.658,1206.37,2,4,compressed_ring_ar
1778542907.1770592,5,18,2.023455,109.16,190.532,1167.954,2,4,compressed_ring_ar
1778542908.4434986,5,19,1.878073,106.17,162.305,1200.848,2,4,compressed_ring_ar
1778542909.8021548,5,20,2.000271,97.61,358.11,1303.53,2,4,compressed_ring_ar
1778542911.0380836,5,21,2.049737,108.68,159.672,1171.289,2,4,compressed_ring_ar
1778542912.3475971,5,22,1.886799,100.55,398.541,1271.391,2,4,compressed_ring_ar
1778542913.7087743,5,23,1.953016,96.98,357.426,1318.685,2,4,compressed_ring_ar
1778542915.073739,5,24,1.800412,98.95,148.215,1290.617,2,4,compressed_ring_ar
1778542916.3243206,5,25,1.997268,107.4,387.604,1191.02,2,4,compressed_ring_ar
1778542917.738679,5,26,1.93403,94.59,221.895,1352.166,2,4,compressed_ring_ar
1778542919.1591759,5,27,1.915501,94.63,169.968,1350.889,2,4,compressed_ring_ar
1778542920.4999242,5,28,1.926499,99.02,484.855,1289.698,2,4,compressed_ring_ar
1778542921.8464909,5,29,1.998424,99.39,269.816,1281.744,2,4,compressed_ring_ar
1778542923.0462382,5,30,1.947886,110.05,238.15,1161.237,2,4,compressed_ring_ar
1778542924.3242505,5,31,1.894556,104.29,334.331,1224.953,2,4,compressed_ring_ar
1778542925.7341971,5,32,1.883148,93.88,169.507,1359.262,2,4,compressed_ring_ar
1778542927.121612,5,33,1.929596,95.45,222.228,1338.543,2,4,compressed_ring_ar
1778542928.5033128,5,34,1.832296,96.62,435.286,1323.649,2,4,compressed_ring_ar
1778542929.7605734,5,35,1.976388,106.88,245.111,1195.286,2,4,compressed_ring_ar
1778542931.0444741,5,36,1.876869,104.14,459.761,1228.338,2,4,compressed_ring_ar
1778542932.3499095,5,37,2.009121,102.38,198.795,1248.621,2,4,compressed_ring_ar
1778542933.6144555,5,38,1.982179,105.47,409.026,1212.434,2,4,compressed_ring_ar
1778542935.0000546,5,39,2.107353,96.33,316.107,1326.692,2,4,compressed_ring_ar
1778542936.327519,5,40,2.131552,99.9,432.611,1276.881,2,4,compressed_ring_ar
1778542937.5724664,5,41,1.952031,108.11,135.51,1181.496,2,4,compressed_ring_ar
1778542938.816375,5,42,1.98045,109.45,400.591,1167.098,2,4,compressed_ring_ar
1778542940.083968,5,43,1.989252,105.35,186.364,1212.155,2,4,compressed_ring_ar
1778542941.412735,5,44,1.783382,100.14,477.563,1275.568,2,4,compressed_ring_ar
1778542942.6060488,5,45,1.784507,111.41,156.168,1147.67,2,4,compressed_ring_ar
1778542943.966825,5,46,1.632408,98.78,527.442,1291.302,2,4,compressed_ring_ar
1778542945.1682415,5,47,2.131813,110.1,201.612,1162.163,2,4,compressed_ring_ar
1778542946.4287636,5,48,1.787074,105.82,389.163,1206.909,2,4,compressed_ring_ar
1778542947.9646027,5,49,1.828648,85.58,264.479,1490.903,2,4,compressed_ring_ar
1778542949.1943076,5,50,2.297597,107.77,262.458,1183.613,2,4,compressed_ring_ar
1778542950.50878,5,51,1.836649,100.17,432.943,1275.25,2,4,compressed_ring_ar
1778542951.7518783,5,52,2.023344,107.13,194.45,1193.762,2,4,compressed_ring_ar
1778542952.9946818,5,53,2.01812,108.69,296.472,1175.392,2,4,compressed_ring_ar
1778542954.2474604,5,54,1.976822,105.59,284.481,1210.132,2,4,compressed_ring_ar
1778542955.5158408,5,55,1.876317,104.4,228.225,1223.608,2,4,compressed_ring_ar
1778542956.7576487,5,56,1.826985,106.8,351.365,1197.284,2,4,compressed_ring_ar
1778542958.1327069,5,57,1.777156,97.03,342.218,1317.921,2,4,compressed_ring_ar
1778542959.5772262,5,58,1.990941,94.58,180.557,1351.845,2,4,compressed_ring_ar
1778542960.8420148,5,59,1.976041,104.56,284.833,1221.829,2,4,compressed_ring_ar
1778542962.2349792,5,60,2.165355,95.89,292.486,1327.957,2,4,compressed_ring_ar
1778542963.5336404,5,61,1.982497,101.62,218.914,1258.208,2,4,compressed_ring_ar
1778542964.8148358,5,62,1.777751,103.99,199.492,1229.587,2,4,compressed_ring_ar
1778542966.0645134,5,63,1.844315,107.02,400.118,1191.686,2,4,compressed_ring_ar
1778542967.304138,5,64,1.939602,107.05,229.92,1191.146,2,4,compressed_ring_ar
1778542968.7252057,5,65,1.887661,93.25,193.048,1365.892,2,4,compressed_ring_ar
1778542970.0486276,5,66,1.966506,100.25,210.315,1274.835,2,4,compressed_ring_ar
1778542971.3456213,5,67,1.972641,103.87,205.787,1226.838,2,4,compressed_ring_ar
1778542972.5791645,5,68,2.165987,110.02,200.48,1162.019,2,4,compressed_ring_ar
1778542973.8299973,5,69,1.971593,105.97,226.131,1205.543,2,4,compressed_ring_ar
1778542975.087457,5,70,2.136012,107.48,456.609,1189.417,2,4,compressed_ring_ar
1778542976.2951112,5,71,1.830932,112.36,558.496,1138.103,2,4,compressed_ring_ar
1778542977.688856,5,72,1.938208,96.0,497.075,1328.913,2,4,compressed_ring_ar
1778542978.9266376,5,73,1.885282,107.06,182.148,1191.208,2,4,compressed_ring_ar
1778542980.7447178,5,74,2.190151,73.42,194.717,1734.472,2,4,compressed_ring_ar
1778542981.9758215,5,75,1.723578,107.31,318.787,1188.826,2,4,compressed_ring_ar
1778542983.2779646,5,76,2.052237,101.17,199.555,1258.26,2,4,compressed_ring_ar
1778542984.4066265,5,77,1.76657,117.05,194.721,1092.166,2,4,compressed_ring_ar
1778542985.6678052,5,78,1.812258,104.63,175.641,1221.256,2,4,compressed_ring_ar
1778542986.854924,5,79,1.829856,111.54,277.132,1146.257,2,4,compressed_ring_ar
1778542988.165942,5,80,1.758237,100.81,401.974,1267.547,2,4,compressed_ring_ar
1778542989.393167,5,81,2.001691,108.23,370.303,1181.696,2,4,compressed_ring_ar
1778542990.6488485,5,82,2.019503,105.24,230.526,1211.802,2,4,compressed_ring_ar
1778542992.0769682,5,83,2.129414,92.72,303.993,1379.152,2,4,compressed_ring_ar
1778542993.4362087,5,84,1.780501,97.47,332.658,1308.913,2,4,compressed_ring_ar
1778542994.6797078,5,85,2.104544,106.48,255.639,1196.847,2,4,compressed_ring_ar
1778542996.0283716,5,86,2.051463,99.74,206.998,1280.748,2,4,compressed_ring_ar
1778542997.2862496,5,87,1.786749,105.58,298.944,1211.019,2,4,compressed_ring_ar
1778542998.557705,5,88,1.95576,103.59,317.755,1234.224,2,4,compressed_ring_ar
1778542999.8232622,5,89,1.852069,104.6,177.113,1219.157,2,4,compressed_ring_ar
1778543001.088292,5,90,1.933693,105.52,263.374,1211.688,2,4,compressed_ring_ar
1778543002.4784076,5,91,1.958936,97.16,261.512,1315.891,2,4,compressed_ring_ar
1778543004.0827978,5,92,2.042499,81.8,347.838,1560.608,2,4,compressed_ring_ar
1778543005.4251845,5,93,1.967657,98.5,382.305,1298.081,2,4,compressed_ring_ar
1778543006.829306,5,94,1.947496,94.61,192.296,1350.471,2,4,compressed_ring_ar
1778543008.181753,5,95,1.95337,97.51,357.591,1308.549,2,4,compressed_ring_ar
1778543009.517456,5,96,1.837453,99.42,205.133,1283.13,2,4,compressed_ring_ar
1778543010.6759565,5,97,2.199474,74.55,163.879,1122.391,2,4,compressed_ring_ar
1778543022.9428732,6,0,2.003835,88.69,222.308,1442.334,2,4,compressed_ring_ar
1778543024.3003423,6,1,2.172478,101.15,418.529,1262.823,2,4,compressed_ring_ar
1778543025.6064363,6,2,1.715192,101.66,483.802,1257.613,2,4,compressed_ring_ar
1778543027.0119026,6,3,1.966639,93.73,255.827,1361.51,2,4,compressed_ring_ar
1778543028.2853053,6,4,2.098674,104.59,195.387,1222.77,2,4,compressed_ring_ar
1778543029.6354928,6,5,2.020111,98.55,192.95,1296.402,2,4,compressed_ring_ar
1778543031.0239058,6,6,2.091981,96.46,215.586,1325.8,2,4,compressed_ring_ar
1778543032.4474235,6,7,2.136635,93.11,179.441,1372.397,2,4,compressed_ring_ar
1778543033.7093637,6,8,1.948174,104.86,316.683,1217.977,2,4,compressed_ring_ar
1778543035.0214427,6,9,1.869344,102.93,398.399,1242.396,2,4,compressed_ring_ar
1778543036.2512352,6,10,2.063674,109.78,203.002,1163.561,2,4,compressed_ring_ar
1778543037.542242,6,11,2.00837,102.39,156.122,1247.517,2,4,compressed_ring_ar
1778543038.9730005,6,12,1.768486,93.76,218.122,1363.791,2,4,compressed_ring_ar
1778543040.3096516,6,13,1.960422,102.9,170.693,1242.887,2,4,compressed_ring_ar
1778543041.6023781,6,14,1.710446,102.44,442.348,1248.174,2,4,compressed_ring_ar
1778543042.9005883,6,15,2.121034,102.73,227.326,1243.958,2,4,compressed_ring_ar
1778543044.124146,6,16,2.153662,108.17,242.767,1182.132,2,4,compressed_ring_ar
1778543045.538801,6,17,2.136866,93.47,472.212,1367.723,2,4,compressed_ring_ar
1778543046.822139,6,18,1.789861,103.48,431.612,1235.788,2,4,compressed_ring_ar
1778543048.103934,6,19,2.057348,103.16,346.334,1238.742,2,4,compressed_ring_ar
1778543049.5278196,6,20,1.866838,93.02,534.841,1373.51,2,4,compressed_ring_ar
1778543050.7989097,6,21,1.990202,103.81,315.29,1230.883,2,4,compressed_ring_ar
1778543052.104104,6,22,1.92828,102.42,165.776,1244.414,2,4,compressed_ring_ar
1778543053.2555497,6,23,2.000798,115.26,149.14,1107.533,2,4,compressed_ring_ar
1778543054.6082268,6,24,1.876258,97.72,511.038,1308.513,2,4,compressed_ring_ar
1778543056.0327158,6,25,1.928811,92.26,442.371,1382.768,2,4,compressed_ring_ar
1778543057.4097452,6,26,2.084022,96.27,147.5,1325.997,2,4,compressed_ring_ar
1778543058.8108435,6,27,1.663479,94.91,227.282,1341.583,2,4,compressed_ring_ar
1778543060.0963268,6,28,2.032891,103.04,203.749,1240.809,2,4,compressed_ring_ar
1778543061.4689233,6,29,1.901588,96.74,227.525,1314.881,2,4,compressed_ring_ar
1778543062.5432796,6,30,2.006814,123.46,171.76,1035.566,2,4,compressed_ring_ar
1778543063.9094722,6,31,1.928235,100.22,559.164,1273.821,2,4,compressed_ring_ar
1778543065.2925022,6,32,1.899615,95.2,298.792,1342.305,2,4,compressed_ring_ar
1778543066.8353708,6,33,1.721065,87.32,213.649,1464.826,2,4,compressed_ring_ar
1778543068.301453,6,34,2.05464,90.53,249.031,1410.288,2,4,compressed_ring_ar
1778543069.5993924,6,35,1.91713,102.02,212.836,1247.49,2,4,compressed_ring_ar
1778543070.8725438,6,36,1.881385,104.32,162.039,1224.693,2,4,compressed_ring_ar
1778543072.2336724,6,37,2.123562,97.72,456.605,1307.409,2,4,compressed_ring_ar
1778543073.534303,6,38,1.885954,102.67,306.241,1245.306,2,4,compressed_ring_ar
1778543074.9187963,6,39,1.848947,95.91,212.751,1330.518,2,4,compressed_ring_ar
1778543076.1557357,6,40,2.058131,107.11,269.761,1190.687,2,4,compressed_ring_ar
1778543077.388911,6,41,2.031429,107.61,254.847,1186.986,2,4,compressed_ring_ar
1778543078.6401775,6,42,1.726383,106.26,298.668,1203.132,2,4,compressed_ring_ar
1778543079.9212875,6,43,1.919102,105.18,168.808,1214.102,2,4,compressed_ring_ar
1778543081.2325757,6,44,2.106843,101.14,330.94,1262.981,2,4,compressed_ring_ar
1778543082.4711945,6,45,1.734179,108.96,435.766,1173.632,2,4,compressed_ring_ar
1778543083.8296769,6,46,1.80986,97.39,158.243,1313.466,2,4,compressed_ring_ar
1778543085.2400603,6,47,1.766576,93.57,412.965,1365.434,2,4,compressed_ring_ar
1778543086.4773288,6,48,1.83654,108.02,338.432,1183.175,2,4,compressed_ring_ar
1778543087.7455711,6,49,1.910091,108.2,421.94,1181.43,2,4,compressed_ring_ar
1778543089.123611,6,50,1.922634,96.48,500.925,1325.454,2,4,compressed_ring_ar
1778543090.5615277,6,51,1.843103,92.07,205.039,1387.943,2,4,compressed_ring_ar
1778543091.882943,6,52,1.907438,100.15,226.029,1270.694,2,4,compressed_ring_ar
1778543093.098848,6,53,1.947408,109.66,177.231,1164.088,2,4,compressed_ring_ar
1778543094.3804142,6,54,1.884833,103.63,285.038,1233.91,2,4,compressed_ring_ar
1778543095.79143,6,55,1.772613,93.33,399.699,1365.275,2,4,compressed_ring_ar
1778543097.0987942,6,56,2.033931,101.27,204.865,1257.763,2,4,compressed_ring_ar
1778543098.5358257,6,57,1.926875,91.85,188.994,1391.564,2,4,compressed_ring_ar
1778543100.342192,6,58,1.761133,74.82,803.829,1706.788,2,4,compressed_ring_ar
1778543101.5822318,6,59,1.797096,106.85,218.708,1196.557,2,4,compressed_ring_ar
1778543102.8533714,6,60,2.004446,104.82,156.181,1218.819,2,4,compressed_ring_ar
1778543104.0683353,6,61,1.931312,109.45,343.758,1168.564,2,4,compressed_ring_ar
1778543105.556163,6,62,1.792154,90.95,802.143,1400.153,2,4,compressed_ring_ar
1778543106.9221146,6,63,1.907639,97.06,255.33,1314.16,2,4,compressed_ring_ar
1778543108.2539558,6,64,1.92903,99.65,183.081,1281.588,2,4,compressed_ring_ar
1778543109.55601,6,65,1.903699,103.68,328.194,1233.44,2,4,compressed_ring_ar
1778543111.0954697,6,66,1.868591,86.3,469.63,1478.743,2,4,compressed_ring_ar
1778543112.4535415,6,67,1.889745,97.16,331.238,1312.663,2,4,compressed_ring_ar
1778543113.6070485,6,68,1.696039,115.55,284.086,1105.484,2,4,compressed_ring_ar
1778543115.0053787,6,69,1.818032,94.42,416.899,1351.189,2,4,compressed_ring_ar
1778543116.3272254,6,70,1.862737,101.11,205.446,1258.309,2,4,compressed_ring_ar
1778543117.4725237,6,71,1.97937,115.73,196.35,1103.475,2,4,compressed_ring_ar
1778543118.8234255,6,72,1.935609,99.02,219.07,1291.578,2,4,compressed_ring_ar
1778543120.013024,6,73,1.697495,112.03,187.475,1140.311,2,4,compressed_ring_ar
1778543121.3757775,6,74,1.866462,96.59,509.163,1319.761,2,4,compressed_ring_ar
1778543122.6023028,6,75,1.892657,108.35,263.502,1179.719,2,4,compressed_ring_ar
1778543123.8743505,6,76,1.864052,103.74,301.643,1232.187,2,4,compressed_ring_ar
1778543125.1736565,6,77,1.778088,102.28,196.806,1250.143,2,4,compressed_ring_ar
1778543126.7091398,6,78,1.937417,85.66,321.198,1492.365,2,4,compressed_ring_ar
1778543128.0671613,6,79,1.895433,98.65,168.335,1294.292,2,4,compressed_ring_ar
1778543129.3301039,6,80,1.914376,105.75,399.181,1209.325,2,4,compressed_ring_ar
1778543130.5503027,6,81,1.796822,109.31,169.283,1169.962,2,4,compressed_ring_ar
1778543131.8477464,6,82,1.992821,102.15,412.966,1250.603,2,4,compressed_ring_ar
1778543133.1309786,6,83,1.812739,104.47,437.865,1221.94,2,4,compressed_ring_ar
1778543134.5263417,6,84,1.691278,94.66,171.305,1350.956,2,4,compressed_ring_ar
1778543135.9013638,6,85,1.654508,96.12,375.268,1329.679,2,4,compressed_ring_ar
1778543137.262156,6,86,1.713601,96.8,473.034,1320.399,2,4,compressed_ring_ar
1778543138.542213,6,87,1.728723,103.88,288.088,1230.305,2,4,compressed_ring_ar
1778543139.825236,6,88,1.832503,104.25,459.189,1226.681,2,4,compressed_ring_ar
1778543141.1631367,6,89,1.688475,100.17,445.873,1273.315,2,4,compressed_ring_ar
1778543142.4999201,6,90,1.920626,99.1,142.475,1289.216,2,4,compressed_ring_ar
1778543143.9451263,6,91,1.737823,91.93,357.311,1391.174,2,4,compressed_ring_ar
1778543145.201705,6,92,1.747922,105.21,383.427,1215.371,2,4,compressed_ring_ar
1778543146.5556989,6,93,1.855884,99.42,648.564,1286.259,2,4,compressed_ring_ar
1778543147.8955483,6,94,2.053824,98.88,303.209,1293.195,2,4,compressed_ring_ar
1778543149.2484162,6,95,1.879037,98.83,195.315,1292.787,2,4,compressed_ring_ar
1778543150.4798675,6,96,2.014091,108.57,159.723,1175.578,2,4,compressed_ring_ar
1778543151.7996993,6,97,1.852254,65.1,162.945,1284.256,2,4,compressed_ring_ar
1778543163.4434264,7,0,1.888189,93.22,297.176,1365.778,2,4,compressed_ring_ar
1778543164.7172315,7,1,1.8028,103.97,210.978,1229.66,2,4,compressed_ring_ar
1778543166.0601907,7,2,1.936401,98.75,351.28,1295.061,2,4,compressed_ring_ar
1778543167.2803566,7,3,1.952454,109.02,182.917,1172.554,2,4,compressed_ring_ar
1778543168.6774242,7,4,1.927162,95.48,166.167,1334.427,2,4,compressed_ring_ar
1778543170.112761,7,5,1.785565,91.7,203.871,1389.092,2,4,compressed_ring_ar
1778543171.2776256,7,6,1.821735,113.76,215.463,1122.632,2,4,compressed_ring_ar
1778543172.6669562,7,7,1.596564,95.76,216.681,1328.486,2,4,compressed_ring_ar
1778543173.8599417,7,8,1.831273,111.21,170.595,1148.653,2,4,compressed_ring_ar
1778543175.2875266,7,9,1.983395,92.45,381.412,1381.82,2,4,compressed_ring_ar
1778543176.692279,7,10,1.82566,95.21,290.638,1342.141,2,4,compressed_ring_ar
1778543178.104229,7,11,1.898527,95.24,208.62,1342.719,2,4,compressed_ring_ar
1778543179.321458,7,12,1.741738,110.18,145.151,1157.832,2,4,compressed_ring_ar
1778543180.7552135,7,13,1.831004,92.0,181.203,1389.945,2,4,compressed_ring_ar
1778543182.0708652,7,14,1.981768,101.37,299.41,1255.13,2,4,compressed_ring_ar
1778543183.2490003,7,15,1.998192,112.01,172.308,1140.397,2,4,compressed_ring_ar
1778543184.719,7,16,1.782468,91.48,156.901,1398.203,2,4,compressed_ring_ar
1778543186.2591646,7,17,1.754699,86.45,718.193,1475.478,2,4,compressed_ring_ar
1778543187.4119005,7,18,2.075778,117.32,301.51,1089.896,2,4,compressed_ring_ar
1778543188.8439062,7,19,1.986629,94.63,609.712,1351.832,2,4,compressed_ring_ar
1778543190.1341174,7,20,1.688913,105.41,419.022,1212.966,2,4,compressed_ring_ar
1778543191.5330055,7,21,1.764284,94.73,188.579,1345.851,2,4,compressed_ring_ar
1778543192.8755422,7,22,1.861494,98.66,235.147,1294.845,2,4,compressed_ring_ar
1778543194.1152725,7,23,1.792179,106.86,352.171,1195.413,2,4,compressed_ring_ar
1778543195.442861,7,24,1.98495,100.07,485.489,1278.476,2,4,compressed_ring_ar
1778543196.7169094,7,25,1.919554,105.69,391.405,1208.702,2,4,compressed_ring_ar
1778543197.9768834,7,26,1.930784,107.07,180.985,1193.467,2,4,compressed_ring_ar
1778543199.2759342,7,27,1.85625,103.21,158.544,1237.808,2,4,compressed_ring_ar
1778543200.6869862,7,28,1.770535,93.29,407.265,1369.603,2,4,compressed_ring_ar
1778543201.9741094,7,29,1.998571,103.71,153.479,1232.274,2,4,compressed_ring_ar
1778543203.327657,7,30,1.970143,98.73,282.538,1293.854,2,4,compressed_ring_ar
1778543204.594053,7,31,1.899402,105.32,421.252,1210.782,2,4,compressed_ring_ar
1778543205.8983219,7,32,1.970698,102.68,309.512,1243.962,2,4,compressed_ring_ar
1778543207.2015846,7,33,1.936979,101.33,299.419,1260.508,2,4,compressed_ring_ar
1778543208.571642,7,34,1.788468,96.84,220.949,1320.044,2,4,compressed_ring_ar
1778543209.9961815,7,35,1.779179,92.62,207.254,1379.682,2,4,compressed_ring_ar
1778543211.3167539,7,36,1.90056,101.0,242.051,1264.688,2,4,compressed_ring_ar
1778543212.6566381,7,37,1.725969,98.3,152.148,1297.854,2,4,compressed_ring_ar
1778543213.9380336,7,38,1.977481,104.91,437.293,1213.491,2,4,compressed_ring_ar
1778543215.3088207,7,39,1.723604,95.7,483.489,1333.387,2,4,compressed_ring_ar
1778543216.5612574,7,40,1.796837,105.37,410.543,1213.437,2,4,compressed_ring_ar
1778543218.099649,7,41,1.84083,86.88,224.539,1472.175,2,4,compressed_ring_ar
1778543219.6436923,7,42,1.851893,87.85,165.096,1453.888,2,4,compressed_ring_ar
1778543220.96183,7,43,1.622705,100.16,187.516,1276.748,2,4,compressed_ring_ar
1778543222.3502886,7,44,1.711766,95.3,461.444,1341.49,2,4,compressed_ring_ar
1778543223.5997875,7,45,1.867603,107.82,363.858,1185.72,2,4,compressed_ring_ar
1778543224.7316835,7,46,1.716087,120.12,223.918,1064.463,2,4,compressed_ring_ar
1778543226.0859663,7,47,1.973018,99.43,669.226,1282.661,2,4,compressed_ring_ar
1778543227.3954148,7,48,1.853998,101.03,214.761,1265.426,2,4,compressed_ring_ar
1778543228.6302416,7,49,1.93744,107.62,198.557,1187.355,2,4,compressed_ring_ar
1778543230.0110853,7,50,1.825074,96.17,480.814,1329.762,2,4,compressed_ring_ar
1778543231.2607217,7,51,1.794546,107.65,244.699,1184.414,2,4,compressed_ring_ar
1778543232.6342657,7,52,1.888941,96.41,243.302,1326.514,2,4,compressed_ring_ar
1778543233.7656214,7,53,1.923744,117.94,224.105,1079.8,2,4,compressed_ring_ar
1778543234.9977622,7,54,1.840471,107.12,211.611,1191.057,2,4,compressed_ring_ar
1778543236.176633,7,55,1.905817,112.46,157.058,1136.284,2,4,compressed_ring_ar
1778543237.425493,7,56,2.056582,106.44,438.304,1201.322,2,4,compressed_ring_ar
1778543238.8802807,7,57,1.818128,93.13,471.594,1372.232,2,4,compressed_ring_ar
1778543240.3185666,7,58,1.766198,92.77,718.809,1377.748,2,4,compressed_ring_ar
1778543241.7056913,7,59,1.99959,96.0,190.775,1330.886,2,4,compressed_ring_ar
1778543242.9390836,7,60,1.755597,107.28,248.371,1191.933,2,4,compressed_ring_ar
1778543244.2078755,7,61,1.753827,106.79,253.037,1196.062,2,4,compressed_ring_ar
1778543245.4701266,7,62,1.869558,105.43,164.627,1210.974,2,4,compressed_ring_ar
1778543246.7637124,7,63,1.830172,102.96,174.838,1240.717,2,4,compressed_ring_ar
1778543248.0551636,7,64,2.044058,104.77,208.457,1219.311,2,4,compressed_ring_ar
1778543249.3336918,7,65,1.772925,103.31,331.088,1237.077,2,4,compressed_ring_ar
1778543250.814074,7,66,1.864805,89.99,206.496,1419.914,2,4,compressed_ring_ar
1778543252.0902183,7,67,1.791048,103.54,176.216,1234.949,2,4,compressed_ring_ar
1778543253.4029803,7,68,1.771309,100.99,489.777,1263.985,2,4,compressed_ring_ar
1778543254.7434998,7,69,1.795553,98.36,452.35,1291.625,2,4,compressed_ring_ar
1778543255.8762984,7,70,1.840312,117.81,226.576,1085.374,2,4,compressed_ring_ar
1778543257.1546037,7,71,1.819732,104.51,429.85,1220.291,2,4,compressed_ring_ar
1778543258.408944,7,72,1.712518,108.58,307.419,1177.991,2,4,compressed_ring_ar
1778543259.6782846,7,73,1.9734,106.65,397.581,1198.985,2,4,compressed_ring_ar
1778543261.0427773,7,74,1.690171,99.18,167.527,1289.669,2,4,compressed_ring_ar
1778543262.3488457,7,75,1.793725,101.88,347.768,1254.914,2,4,compressed_ring_ar
1778543263.6106513,7,76,1.748115,105.24,167.159,1211.906,2,4,compressed_ring_ar
1778543264.914137,7,77,1.652479,101.72,169.53,1257.192,2,4,compressed_ring_ar
1778543266.176452,7,78,1.693609,105.19,381.336,1215.479,2,4,compressed_ring_ar
1778543267.5377367,7,79,1.76655,97.74,162.937,1307.542,2,4,compressed_ring_ar
1778543268.850345,7,80,1.990967,102.45,202.006,1244.808,2,4,compressed_ring_ar
1778543270.257142,7,81,1.663488,93.61,167.449,1365.991,2,4,compressed_ring_ar
1778543271.474479,7,82,1.624712,110.25,161.36,1158.828,2,4,compressed_ring_ar
1778543272.711087,7,83,1.963569,107.03,411.127,1194.964,2,4,compressed_ring_ar
1778543274.1265328,7,84,1.9336,97.83,285.188,1306.228,2,4,compressed_ring_ar
1778543275.4783275,7,85,1.632414,98.66,493.583,1295.978,2,4,compressed_ring_ar
1778543276.7631767,7,86,1.886283,103.22,198.221,1238.656,2,4,compressed_ring_ar
1778543278.0447416,7,87,1.836381,104.51,160.213,1222.868,2,4,compressed_ring_ar
1778543279.3805587,7,88,2.069415,99.24,205.767,1285.783,2,4,compressed_ring_ar
1778543280.617907,7,89,1.931873,107.28,234.369,1191.041,2,4,compressed_ring_ar
1778543282.0222251,7,90,1.871768,94.22,229.683,1349.139,2,4,compressed_ring_ar
1778543283.1816306,7,91,1.927966,114.14,195.463,1119.01,2,4,compressed_ring_ar
1778543284.548417,7,92,1.771511,97.43,207.031,1312.386,2,4,compressed_ring_ar
1778543286.1701698,7,93,1.808448,81.26,331.833,1567.877,2,4,compressed_ring_ar
1778543287.3630373,7,94,1.679809,110.75,297.451,1153.429,2,4,compressed_ring_ar
1778543288.6500623,7,95,1.67516,102.73,369.66,1242.991,2,4,compressed_ring_ar
1778543289.9128869,7,96,1.704071,104.52,381.748,1221.851,2,4,compressed_ring_ar
1778543291.0588706,7,97,1.841813,76.41,434.762,1098.8,2,4,compressed_ring_ar
1778543303.0000067,8,0,1.709068,90.05,373.208,1415.158,2,4,compressed_ring_ar
1778543304.271528,8,1,2.058604,104.85,190.325,1218.374,2,4,compressed_ring_ar
1778543305.523666,8,2,1.770133,106.02,151.144,1206.191,2,4,compressed_ring_ar
1778543306.850057,8,3,1.828428,101.63,611.12,1257.237,2,4,compressed_ring_ar
1778543308.143339,8,4,1.674609,102.76,218.869,1244.298,2,4,compressed_ring_ar
1778543309.5679853,8,5,1.875194,92.68,222.083,1379.821,2,4,compressed_ring_ar
1778543310.6832657,8,6,1.81528,122.59,140.886,1042.808,2,4,compressed_ring_ar
1778543312.2021134,8,7,1.833001,86.89,500.858,1468.728,2,4,compressed_ring_ar
1778543313.469819,8,8,1.988602,104.13,568.565,1228.476,2,4,compressed_ring_ar
1778543314.705999,8,9,1.851289,107.91,407.583,1181.835,2,4,compressed_ring_ar
1778543316.0535321,8,10,1.814947,98.54,153.589,1296.544,2,4,compressed_ring_ar
1778543317.316731,8,11,1.739445,106.56,202.284,1198.895,2,4,compressed_ring_ar
1778543318.6928132,8,12,1.686282,96.18,326.097,1328.234,2,4,compressed_ring_ar
1778543319.9515896,8,13,1.64812,104.73,482.575,1221.027,2,4,compressed_ring_ar
1778543321.2955046,8,14,1.761117,100.95,687.768,1264.293,2,4,compressed_ring_ar
1778543322.6476316,8,15,1.783077,98.57,225.411,1295.605,2,4,compressed_ring_ar
1778543323.8413472,8,16,1.813868,113.6,161.402,1124.41,2,4,compressed_ring_ar
1778543325.1326013,8,17,2.065791,104.43,342.357,1224.404,2,4,compressed_ring_ar
1778543326.3816626,8,18,2.030311,105.57,306.012,1210.435,2,4,compressed_ring_ar
1778543327.728266,8,19,1.89213,97.96,242.895,1304.105,2,4,compressed_ring_ar
1778543328.9999595,8,20,1.924267,105.6,313.87,1209.859,2,4,compressed_ring_ar
1778543330.2648447,8,21,1.919907,104.81,474.781,1220.127,2,4,compressed_ring_ar
1778543331.5864377,8,22,1.754865,101.51,136.638,1259.714,2,4,compressed_ring_ar
1778543332.8113794,8,23,1.882245,110.4,367.582,1156.713,2,4,compressed_ring_ar
1778543334.1897182,8,24,1.773948,97.86,556.077,1306.698,2,4,compressed_ring_ar
1778543335.54996,8,25,1.937032,97.18,252.838,1310.44,2,4,compressed_ring_ar
1778543336.7876906,8,26,1.705826,107.03,210.159,1192.114,2,4,compressed_ring_ar
1778543338.1547036,8,27,1.966844,96.87,370.408,1320.731,2,4,compressed_ring_ar
1778543339.5334303,8,28,1.73409,96.38,222.994,1326.74,2,4,compressed_ring_ar
1778543340.7697237,8,29,1.931174,107.61,149.662,1187.617,2,4,compressed_ring_ar
1778543342.0416338,8,30,1.789139,104.34,452.301,1222.525,2,4,compressed_ring_ar
1778543343.3043098,8,31,1.764837,105.0,203.564,1214.509,2,4,compressed_ring_ar
1778543344.8951442,8,32,1.851412,83.13,447.84,1535.837,2,4,compressed_ring_ar
1778543346.124757,8,33,1.759632,110.02,161.527,1161.468,2,4,compressed_ring_ar
1778543347.3739636,8,34,1.878631,105.64,427.343,1210.317,2,4,compressed_ring_ar
1778543348.7456772,8,35,1.680256,96.22,151.994,1329.126,2,4,compressed_ring_ar
1778543349.9681683,8,36,1.825606,109.59,143.64,1166.69,2,4,compressed_ring_ar
1778543351.2591507,8,37,1.828027,103.68,393.629,1233.299,2,4,compressed_ring_ar
1778543352.6887658,8,38,1.688677,92.1,429.335,1387.215,2,4,compressed_ring_ar
1778543354.0888755,8,39,1.791029,97.62,310.826,1308.728,2,4,compressed_ring_ar
1778543355.4394662,8,40,1.940356,98.72,160.329,1293.452,2,4,compressed_ring_ar
1778543356.808522,8,41,1.907668,97.01,159.08,1318.303,2,4,compressed_ring_ar
1778543358.0721803,8,42,1.567732,104.49,425.397,1222.488,2,4,compressed_ring_ar
1778543359.6235797,8,43,1.999863,86.81,188.036,1472.143,2,4,compressed_ring_ar
1778543360.8007672,8,44,1.751209,113.7,274.634,1123.391,2,4,compressed_ring_ar
1778543362.0859773,8,45,1.769529,105.78,443.061,1207.555,2,4,compressed_ring_ar
1778543363.3472939,8,46,1.746273,105.31,146.141,1214.172,2,4,compressed_ring_ar
1778543364.5997112,8,47,1.911701,106.58,295.415,1199.568,2,4,compressed_ring_ar
1778543365.8215954,8,48,1.939649,108.58,274.705,1176.415,2,4,compressed_ring_ar
1778543367.1572208,8,49,1.734121,99.23,393.812,1287.882,2,4,compressed_ring_ar
1778543368.4892347,8,50,1.77879,99.18,464.258,1289.115,2,4,compressed_ring_ar
1778543369.7987087,8,51,1.788114,102.34,467.76,1248.174,2,4,compressed_ring_ar
1778543371.3057215,8,52,1.854792,87.2,525.99,1463.619,2,4,compressed_ring_ar
1778543372.5231235,8,53,1.825215,108.92,178.886,1171.462,2,4,compressed_ring_ar
1778543373.8418627,8,54,1.959449,100.48,200.149,1269.746,2,4,compressed_ring_ar
1778543375.270861,8,55,1.617691,93.36,226.294,1369.776,2,4,compressed_ring_ar
1778543376.5590618,8,56,1.939524,103.73,206.276,1232.655,2,4,compressed_ring_ar
1778543377.875193,8,57,1.8201,100.98,170.985,1265.528,2,4,compressed_ring_ar
1778543379.2905836,8,58,1.883779,95.29,446.664,1341.666,2,4,compressed_ring_ar
1778543380.8781805,8,59,1.748703,85.48,757.688,1494.558,2,4,compressed_ring_ar
1778543382.3173878,8,60,1.689919,92.95,220.243,1372.576,2,4,compressed_ring_ar
1778543383.5723798,8,61,1.769857,105.57,182.271,1208.89,2,4,compressed_ring_ar
1778543385.0027483,8,62,1.769652,92.21,480.032,1381.102,2,4,compressed_ring_ar
1778543386.2133386,8,63,1.729718,111.0,176.122,1150.719,2,4,compressed_ring_ar
1778543387.4990044,8,64,1.641749,103.91,314.705,1229.958,2,4,compressed_ring_ar
1778543388.921927,8,65,2.023483,92.4,393.293,1383.901,2,4,compressed_ring_ar
1778543390.3703823,8,66,1.762569,91.6,223.446,1393.73,2,4,compressed_ring_ar
1778543391.7588515,8,67,1.814923,94.83,237.772,1343.928,2,4,compressed_ring_ar
1778543393.0260267,8,68,1.780431,105.33,209.236,1212.885,2,4,compressed_ring_ar
1778543394.3164732,8,69,1.620354,102.51,397.481,1247.778,2,4,compressed_ring_ar
1778543395.583501,8,70,1.720869,106.16,169.722,1203.249,2,4,compressed_ring_ar
1778543396.8241537,8,71,1.685021,107.32,305.937,1188.547,2,4,compressed_ring_ar
1778543398.183326,8,72,1.88012,98.01,325.297,1304.659,2,4,compressed_ring_ar
1778543399.5114362,8,73,1.641842,100.89,274.269,1266.496,2,4,compressed_ring_ar
1778543400.865458,8,74,1.81237,98.62,380.892,1296.52,2,4,compressed_ring_ar
1778543402.1319711,8,75,1.860918,104.48,233.398,1221.866,2,4,compressed_ring_ar
1778543403.7494824,8,76,1.771242,82.82,234.667,1540.126,2,4,compressed_ring_ar
1778543404.9681232,8,77,1.812299,108.64,251.76,1175.81,2,4,compressed_ring_ar
1778543406.3001368,8,78,1.756599,99.2,364.708,1284.505,2,4,compressed_ring_ar
1778543407.6695678,8,79,1.833751,96.77,162.321,1320.771,2,4,compressed_ring_ar
1778543408.9674308,8,80,1.95369,101.59,401.594,1257.695,2,4,compressed_ring_ar
1778543410.2562919,8,81,1.64374,102.82,405.631,1243.681,2,4,compressed_ring_ar
1778543411.4498956,8,82,1.920713,111.33,191.711,1148.017,2,4,compressed_ring_ar
1778543412.8045652,8,83,1.723794,97.5,189.185,1309.744,2,4,compressed_ring_ar
1778543414.135162,8,84,1.780569,99.3,215.366,1287.68,2,4,compressed_ring_ar
1778543415.5417764,8,85,1.777685,94.47,234.282,1353.343,2,4,compressed_ring_ar
1778543416.9898794,8,86,1.773697,91.02,360.782,1404.945,2,4,compressed_ring_ar
1778543418.4137914,8,87,1.664457,93.54,162.817,1366.188,2,4,compressed_ring_ar
1778543419.7211792,8,88,1.784187,101.92,167.016,1252.883,2,4,compressed_ring_ar
1778543421.1056147,8,89,1.890607,95.44,203.586,1338.096,2,4,compressed_ring_ar
1778543422.3536944,8,90,1.70495,106.11,277.826,1203.714,2,4,compressed_ring_ar
1778543423.734221,8,91,1.901257,96.42,475.693,1325.537,2,4,compressed_ring_ar
1778543425.2213905,8,92,1.803939,88.86,466.929,1439.122,2,4,compressed_ring_ar
1778543426.267776,8,93,1.868296,132.71,154.105,963.484,2,4,compressed_ring_ar
1778543427.4923127,8,94,1.752004,108.5,287.002,1178.281,2,4,compressed_ring_ar
1778543428.887427,8,95,1.987382,94.98,172.298,1346.135,2,4,compressed_ring_ar
1778543430.1901858,8,96,2.001049,102.05,172.831,1250.618,2,4,compressed_ring_ar
1778543431.4514658,8,97,1.780892,68.48,185.568,1219.271,2,4,compressed_ring_ar
1778543442.9931443,9,0,1.667743,91.33,153.178,1398.99,2,4,compressed_ring_ar
1778543444.3044658,9,1,1.84474,100.65,329.755,1269.405,2,4,compressed_ring_ar
1778543445.5784788,9,2,1.711171,104.84,411.796,1219.434,2,4,compressed_ring_ar
1778543446.9454324,9,3,1.933719,96.38,264.291,1326.06,2,4,compressed_ring_ar
1778543448.205072,9,4,1.67598,105.39,446.15,1213.548,2,4,compressed_ring_ar
1778543449.5989528,9,5,1.621583,94.45,508.779,1351.569,2,4,compressed_ring_ar
1778543451.158877,9,6,1.822154,85.72,215.05,1485.252,2,4,compressed_ring_ar
1778543452.3762019,9,7,1.830484,108.93,244.961,1173.102,2,4,compressed_ring_ar
1778543453.7826777,9,8,1.729989,95.62,483.299,1334.406,2,4,compressed_ring_ar
1778543454.9540098,9,9,1.807965,113.19,149.831,1128.83,2,4,compressed_ring_ar
1778543456.260248,9,10,1.889866,103.0,477.659,1241.485,2,4,compressed_ring_ar
1778543457.6604483,9,11,1.662446,94.82,321.79,1344.841,2,4,compressed_ring_ar
1778543458.9237127,9,12,1.766382,104.73,313.767,1218.131,2,4,compressed_ring_ar
1778543460.505867,9,13,1.794323,83.76,237.539,1521.235,2,4,compressed_ring_ar
1778543461.6994755,9,14,1.666999,111.43,211.16,1145.359,2,4,compressed_ring_ar
1778543462.9518044,9,15,1.696994,106.91,203.529,1193.184,2,4,compressed_ring_ar
1778543464.3047295,9,16,1.674411,97.69,225.821,1305.504,2,4,compressed_ring_ar
1778543465.534658,9,17,1.781478,108.25,157.583,1178.772,2,4,compressed_ring_ar
1778543466.867805,9,18,1.748857,98.75,505.509,1294.905,2,4,compressed_ring_ar
1778543468.302353,9,19,1.681577,92.25,261.416,1380.678,2,4,compressed_ring_ar
1778543469.4611192,9,20,1.565836,116.66,175.777,1094.676,2,4,compressed_ring_ar
1778543470.771906,9,21,1.66017,102.18,208.83,1251.416,2,4,compressed_ring_ar
1778543472.0984788,9,22,1.827047,100.01,364.699,1278.531,2,4,compressed_ring_ar
1778543473.319436,9,23,1.849302,108.65,196.032,1176.731,2,4,compressed_ring_ar
1778543474.7324069,9,24,1.949852,94.94,390.099,1346.743,2,4,compressed_ring_ar
1778543476.0269728,9,25,1.832929,103.31,234.224,1235.451,2,4,compressed_ring_ar
1778543477.276928,9,26,1.703365,106.09,147.261,1202.59,2,4,compressed_ring_ar
1778543478.7045677,9,27,1.570202,92.52,533.801,1379.269,2,4,compressed_ring_ar
1778543480.0048227,9,28,1.814423,102.39,195.678,1248.765,2,4,compressed_ring_ar
1778543481.3285522,9,29,1.751964,100.26,258.913,1273.857,2,4,compressed_ring_ar
1778543482.6187527,9,30,1.719363,103.07,166.369,1238.97,2,4,compressed_ring_ar
1778543483.9078114,9,31,1.908233,102.93,448.206,1242.327,2,4,compressed_ring_ar
1778543485.1822665,9,32,1.711777,104.96,392.574,1218.268,2,4,compressed_ring_ar
1778543486.4633944,9,33,1.740589,103.62,369.281,1234.194,2,4,compressed_ring_ar
1778543487.7698905,9,34,1.633619,102.12,265.635,1247.643,2,4,compressed_ring_ar
1778543489.2364368,9,35,1.743612,91.58,235.898,1396.499,2,4,compressed_ring_ar
1778543490.70055,9,36,1.804193,92.72,195.33,1379.106,2,4,compressed_ring_ar
1778543492.0519683,9,37,1.860286,97.77,193.469,1307.759,2,4,compressed_ring_ar
1778543493.4376674,9,38,2.117842,95.5,209.518,1336.445,2,4,compressed_ring_ar
1778543494.7065284,9,39,1.713228,105.69,218.043,1205.687,2,4,compressed_ring_ar
1778543495.807256,9,40,1.673439,120.47,280.553,1061.195,2,4,compressed_ring_ar
1778543497.0921273,9,41,1.872669,103.02,308.793,1241.237,2,4,compressed_ring_ar
1778543498.542929,9,42,1.534845,91.72,482.039,1393.463,2,4,compressed_ring_ar
1778543499.7948766,9,43,1.695946,105.95,182.589,1205.494,2,4,compressed_ring_ar
1778543501.2642171,9,44,1.764715,90.34,534.981,1413.013,2,4,compressed_ring_ar
1778543502.615835,9,45,1.814409,98.39,313.166,1299.159,2,4,compressed_ring_ar
1778543504.1552618,9,46,1.477671,86.77,205.509,1470.558,2,4,compressed_ring_ar
1778543505.3765113,9,47,1.927736,110.22,278.354,1159.4,2,4,compressed_ring_ar
1778543506.6929042,9,48,1.770722,101.44,170.205,1260.06,2,4,compressed_ring_ar
1778543508.0904043,9,49,1.873575,95.6,447.651,1336.639,2,4,compressed_ring_ar
1778543509.4632566,9,50,1.644516,96.09,259.371,1329.832,2,4,compressed_ring_ar
1778543510.9929812,9,51,1.875935,85.7,459.128,1491.342,2,4,compressed_ring_ar
1778543512.4330995,9,52,1.629343,92.06,476.597,1389.112,2,4,compressed_ring_ar
1778543513.844703,9,53,1.867341,93.85,299.718,1359.748,2,4,compressed_ring_ar
1778543515.0498652,9,54,1.882288,110.38,172.918,1158.27,2,4,compressed_ring_ar
1778543516.276872,9,55,1.890378,108.63,291.122,1176.817,2,4,compressed_ring_ar
1778543517.534885,9,56,1.586406,107.06,365.25,1193.615,2,4,compressed_ring_ar
1778543518.9495864,9,57,1.67358,92.92,339.298,1376.105,2,4,compressed_ring_ar
1778543520.3209338,9,58,1.917544,96.94,162.536,1320.108,2,4,compressed_ring_ar
1778543521.82716,9,59,1.716291,91.9,478.588,1391.511,2,4,compressed_ring_ar
1778543523.2094636,9,60,1.71689,96.28,160.359,1327.086,2,4,compressed_ring_ar
1778543524.5542464,9,61,1.642542,98.75,208.888,1291.561,2,4,compressed_ring_ar
1778543525.9934537,9,62,1.876354,91.71,191.014,1393.31,2,4,compressed_ring_ar
1778543527.2135413,9,63,1.747237,108.88,152.757,1173.626,2,4,compressed_ring_ar
1778543528.6254501,9,64,1.672273,94.24,508.299,1356.911,2,4,compressed_ring_ar
1778543529.9026666,9,65,1.773938,103.64,192.439,1233.789,2,4,compressed_ring_ar
1778543531.0949988,9,66,1.801403,111.34,188.646,1147.444,2,4,compressed_ring_ar
1778543532.3149104,9,67,1.742686,109.1,386.187,1170.443,2,4,compressed_ring_ar
1778543533.5580235,9,68,1.805205,106.6,287.126,1196.554,2,4,compressed_ring_ar
1778543534.8527532,9,69,1.73634,102.41,176.718,1247.218,2,4,compressed_ring_ar
1778543536.1867392,9,70,1.693965,99.56,484.435,1281.328,2,4,compressed_ring_ar
1778543537.5060413,9,71,1.672596,101.58,307.374,1257.772,2,4,compressed_ring_ar
1778543538.9321647,9,72,1.65066,92.91,482.948,1375.011,2,4,compressed_ring_ar
1778543540.2566388,9,73,1.761045,99.88,321.847,1280.407,2,4,compressed_ring_ar
1778543541.7085953,9,74,1.482738,91.18,215.802,1402.566,2,4,compressed_ring_ar
1778543543.0698225,9,75,1.61232,97.32,181.1,1313.966,2,4,compressed_ring_ar
1778543544.5068638,9,76,1.789003,93.32,353.546,1366.132,2,4,compressed_ring_ar
1778543545.7967758,9,77,1.826096,102.94,174.267,1242.557,2,4,compressed_ring_ar
1778543547.021389,9,78,1.800388,109.98,155.69,1162.419,2,4,compressed_ring_ar
1778543548.3802762,9,79,1.694192,97.21,225.381,1314.51,2,4,compressed_ring_ar
1778543549.7021716,9,80,1.707285,100.2,324.845,1276.248,2,4,compressed_ring_ar
1778543550.948297,9,81,1.766827,106.22,189.631,1203.831,2,4,compressed_ring_ar
1778543552.2852142,9,82,1.84062,99.21,193.876,1286.614,2,4,compressed_ring_ar
1778543553.840987,9,83,1.733731,85.27,293.917,1496.412,2,4,compressed_ring_ar
1778543555.2846925,9,84,1.701451,92.67,242.558,1371.806,2,4,compressed_ring_ar
1778543556.5566494,9,85,1.687827,104.1,266.327,1221.395,2,4,compressed_ring_ar
1778543557.6497607,9,86,1.788694,122.61,155.752,1042.542,2,4,compressed_ring_ar
1778543558.969448,9,87,1.830714,101.1,152.957,1264.811,2,4,compressed_ring_ar
1778543560.2987156,9,88,1.699146,99.98,179.499,1278.062,2,4,compressed_ring_ar
1778543561.7499733,9,89,1.764871,91.45,455.616,1398.526,2,4,compressed_ring_ar
1778543563.1531115,9,90,1.572426,94.64,469.826,1347.289,2,4,compressed_ring_ar
1778543564.3546119,9,91,1.797981,110.73,167.009,1151.828,2,4,compressed_ring_ar
1778543565.6397085,9,92,1.685895,105.3,275.35,1212.556,2,4,compressed_ring_ar
1778543566.9248314,9,93,1.580719,103.11,361.269,1239.4,2,4,compressed_ring_ar
1778543568.2037418,9,94,1.766137,105.03,476.473,1215.78,2,4,compressed_ring_ar
1778543569.5457811,9,95,1.733932,100.16,432.494,1276.762,2,4,compressed_ring_ar
1778543570.8021996,9,96,1.68886,106.29,216.085,1202.982,2,4,compressed_ring_ar
1778543571.8413622,9,97,1.702284,84.22,266.736,993.403,2,4,compressed_ring_ar
1778543583.553826,10,0,1.677742,92.47,180.317,1382.928,2,4,compressed_ring_ar
1778543584.836037,10,1,1.851128,104.36,197.656,1225.144,2,4,compressed_ring_ar
1778543586.2238655,10,2,1.7468,95.79,203.789,1334.581,2,4,compressed_ring_ar
1778543587.522582,10,3,1.733287,103.78,188.678,1232.113,2,4,compressed_ring_ar
1778543588.838466,10,4,1.833497,101.86,166.468,1255.444,2,4,compressed_ring_ar
1778543590.05404,10,5,1.947113,112.08,180.481,1139.939,2,4,compressed_ring_ar
1778543591.369962,10,6,1.617504,100.45,476.133,1271.519,2,4,compressed_ring_ar
1778543592.622778,10,7,1.685509,106.2,144.656,1204.306,2,4,compressed_ring_ar
1778543593.8515384,10,8,1.887786,108.98,298.207,1173.137,2,4,compressed_ring_ar
1778543595.2406197,10,9,1.719787,95.32,161.876,1341.496,2,4,compressed_ring_ar
1778543596.596156,10,10,1.878048,97.23,402.733,1313.821,2,4,compressed_ring_ar
1778543597.942376,10,11,1.557559,99.62,417.746,1282.88,2,4,compressed_ring_ar
1778543599.3418984,10,12,1.689948,97.7,179.753,1305.368,2,4,compressed_ring_ar
1778543600.6545916,10,13,1.749277,101.16,298.846,1260.972,2,4,compressed_ring_ar
1778543602.0312617,10,14,1.801176,95.9,361.634,1332.6,2,4,compressed_ring_ar
1778543603.3815308,10,15,2.009761,99.9,183.735,1278.615,2,4,compressed_ring_ar
1778543604.6225886,10,16,1.715285,107.84,190.171,1182.514,2,4,compressed_ring_ar
1778543605.908376,10,17,1.703567,103.85,278.295,1230.858,2,4,compressed_ring_ar
1778543607.1920826,10,18,1.755605,103.71,432.027,1231.661,2,4,compressed_ring_ar
1778543608.5436513,10,19,1.592785,99.0,354.312,1284.28,2,4,compressed_ring_ar
1778543609.9112132,10,20,1.692074,98.21,374.961,1301.294,2,4,compressed_ring_ar
1778543611.1855035,10,21,1.758731,103.88,313.907,1229.908,2,4,compressed_ring_ar
1778543612.5129585,10,22,1.778441,100.54,202.898,1272.036,2,4,compressed_ring_ar
1778543614.1441643,10,23,1.696452,83.09,495.292,1539.483,2,4,compressed_ring_ar
1778543615.2792943,10,24,1.61891,120.21,253.15,1063.391,2,4,compressed_ring_ar
1778543616.5648043,10,25,1.693697,103.38,199.22,1235.947,2,4,compressed_ring_ar
1778543618.0547473,10,26,1.557395,88.12,464.0,1445.146,2,4,compressed_ring_ar
1778543619.1962457,10,27,1.703485,117.12,197.503,1091.441,2,4,compressed_ring_ar
1778543620.438,10,28,1.764023,108.17,240.983,1182.054,2,4,compressed_ring_ar
1778543621.741851,10,29,1.758419,101.49,473.829,1258.933,2,4,compressed_ring_ar
1778543623.187943,10,30,1.699113,91.45,256.517,1398.36,2,4,compressed_ring_ar
1778543624.5196373,10,31,1.570199,99.38,160.554,1285.269,2,4,compressed_ring_ar
1778543625.7606962,10,32,1.669192,106.22,248.387,1202.772,2,4,compressed_ring_ar
1778543627.015208,10,33,1.875797,106.57,200.969,1199.839,2,4,compressed_ring_ar
1778543628.4103875,10,34,1.764057,95.83,410.941,1334.387,2,4,compressed_ring_ar
1778543629.7133737,10,35,1.671014,102.63,204.573,1244.061,2,4,compressed_ring_ar
1778543631.1400585,10,36,1.750168,92.09,385.477,1382.36,2,4,compressed_ring_ar
1778543632.448305,10,37,1.794337,100.89,216.731,1266.942,2,4,compressed_ring_ar
1778543633.9115176,10,38,1.763894,89.94,474.64,1416.796,2,4,compressed_ring_ar
1778543635.25814,10,39,1.692254,98.66,350.874,1291.929,2,4,compressed_ring_ar
1778543636.651146,10,40,1.7337,94.98,303.657,1342.966,2,4,compressed_ring_ar
1778543637.8886502,10,41,1.822472,107.22,294.869,1192.53,2,4,compressed_ring_ar
1778543639.1931546,10,42,1.707002,102.48,168.913,1248.725,2,4,compressed_ring_ar
1778543640.5064132,10,43,1.616842,101.24,158.734,1263.125,2,4,compressed_ring_ar
1778543641.7879357,10,44,1.700979,103.58,181.92,1233.683,2,4,compressed_ring_ar
1778543643.1353521,10,45,1.672578,98.58,200.542,1295.841,2,4,compressed_ring_ar
1778543644.4588544,10,46,1.574045,100.03,165.153,1276.585,2,4,compressed_ring_ar
1778543645.9519138,10,47,1.725609,88.32,477.981,1448.977,2,4,compressed_ring_ar
1778543647.3499537,10,48,1.726993,96.69,180.718,1321.0,2,4,compressed_ring_ar
1778543648.691576,10,49,1.80455,99.58,216.381,1282.28,2,4,compressed_ring_ar
1778543650.184277,10,50,1.610243,89.46,583.523,1423.322,2,4,compressed_ring_ar
1778543651.533039,10,51,1.536792,98.46,172.364,1298.989,2,4,compressed_ring_ar
1778543652.9867537,10,52,1.7921,92.72,414.303,1379.31,2,4,compressed_ring_ar
1778543654.2201645,10,53,1.637838,108.96,173.845,1171.999,2,4,compressed_ring_ar
1778543655.468392,10,54,1.658783,106.63,311.484,1195.195,2,4,compressed_ring_ar
1778543656.8935559,10,55,1.618931,92.82,163.955,1376.62,2,4,compressed_ring_ar
1778543658.2478566,10,56,1.981746,97.58,315.784,1309.332,2,4,compressed_ring_ar
1778543659.5297663,10,57,1.702352,104.8,188.416,1218.328,2,4,compressed_ring_ar
1778543660.8245962,10,58,1.455348,102.65,343.127,1245.603,2,4,compressed_ring_ar
1778543662.0591702,10,59,1.58739,107.99,413.094,1184.037,2,4,compressed_ring_ar
1778543663.418639,10,60,1.604432,97.15,290.592,1316.423,2,4,compressed_ring_ar
1778543664.6913784,10,61,1.808015,104.44,281.711,1224.358,2,4,compressed_ring_ar
1778543666.0637126,10,62,1.643892,97.61,176.023,1309.128,2,4,compressed_ring_ar
1778543667.4449348,10,63,1.752357,96.34,199.182,1324.477,2,4,compressed_ring_ar
1778543668.7562308,10,64,1.73713,101.14,194.954,1259.356,2,4,compressed_ring_ar
1778543669.995568,10,65,1.755501,106.57,163.574,1198.314,2,4,compressed_ring_ar
1778543671.4049802,10,66,1.789211,93.95,255.089,1355.569,2,4,compressed_ring_ar
1778543672.6901124,10,67,1.638422,102.87,306.551,1237.49,2,4,compressed_ring_ar
1778543674.1948812,10,68,2.001281,87.29,271.496,1464.966,2,4,compressed_ring_ar
1778543675.5056126,10,69,1.722649,102.09,242.415,1247.682,2,4,compressed_ring_ar
1778543676.887596,10,70,1.630262,95.2,192.805,1338.249,2,4,compressed_ring_ar
1778543678.0815508,10,71,1.655348,110.93,192.802,1152.379,2,4,compressed_ring_ar
1778543679.2938209,10,72,1.58566,112.63,294.189,1133.916,2,4,compressed_ring_ar
1778543680.6088912,10,73,1.759151,100.62,382.634,1269.616,2,4,compressed_ring_ar
1778543681.9616055,10,74,1.684935,97.75,339.249,1304.871,2,4,compressed_ring_ar
1778543683.2105544,10,75,1.789891,106.02,204.207,1205.234,2,4,compressed_ring_ar
1778543684.4960608,10,76,1.80518,102.89,205.302,1234.941,2,4,compressed_ring_ar
1778543685.834834,10,77,1.661137,98.28,232.567,1299.989,2,4,compressed_ring_ar
1778543687.033606,10,78,1.555724,110.17,217.116,1159.832,2,4,compressed_ring_ar
1778543688.3126812,10,79,1.605707,105.92,180.593,1207.299,2,4,compressed_ring_ar
1778543689.6906888,10,80,1.843838,97.38,157.085,1312.784,2,4,compressed_ring_ar
1778543691.032696,10,81,1.554804,99.18,396.812,1289.223,2,4,compressed_ring_ar
1778543692.236582,10,82,1.61879,110.41,182.904,1155.032,2,4,compressed_ring_ar
1778543693.485523,10,83,1.682103,105.93,437.679,1205.724,2,4,compressed_ring_ar
1778543694.8251455,10,84,1.662833,99.0,174.657,1290.675,2,4,compressed_ring_ar
1778543696.211409,10,85,1.511832,95.94,415.178,1331.679,2,4,compressed_ring_ar
1778543697.5708654,10,86,1.776135,97.13,444.722,1315.721,2,4,compressed_ring_ar
1778543698.922148,10,87,1.63352,97.6,328.738,1307.404,2,4,compressed_ring_ar
1778543700.2251315,10,88,1.631875,102.1,158.865,1252.217,2,4,compressed_ring_ar
1778543701.4720473,10,89,1.901723,106.27,293.204,1202.084,2,4,compressed_ring_ar
1778543702.8062794,10,90,1.722396,99.05,464.266,1289.707,2,4,compressed_ring_ar
1778543704.0043347,10,91,1.406988,112.15,157.359,1136.727,2,4,compressed_ring_ar
1778543705.408149,10,92,1.902907,93.69,337.305,1362.101,2,4,compressed_ring_ar
1778543706.6636102,10,93,1.679568,110.06,150.02,1162.162,2,4,compressed_ring_ar
1778543707.937973,10,94,1.55008,106.31,477.711,1202.848,2,4,compressed_ring_ar
1778543709.1980517,10,95,1.638108,106.57,362.54,1199.677,2,4,compressed_ring_ar
1778543710.5201614,10,96,1.684027,100.41,218.944,1270.282,2,4,compressed_ring_ar
1778543711.685649,10,97,1.747466,73.98,214.682,1128.44,2,4,compressed_ring_ar
1778543723.7023537,11,0,1.873261,99.54,214.801,1283.658,2,4,compressed_ring_ar
1778543725.0006564,11,1,1.700212,101.7,324.672,1252.945,2,4,compressed_ring_ar
1778543726.3352017,11,2,1.655242,98.88,292.02,1287.622,2,4,compressed_ring_ar
1778543727.8693163,11,3,1.715936,85.84,285.837,1482.236,2,4,compressed_ring_ar
1778543729.0033147,11,4,1.70656,118.84,238.832,1076.055,2,4,compressed_ring_ar
1778543730.3415096,11,5,1.696206,100.94,341.362,1266.647,2,4,compressed_ring_ar
1778543731.6256866,11,6,1.884287,103.59,161.59,1234.322,2,4,compressed_ring_ar
1778543732.8903818,11,7,1.709314,104.96,370.945,1218.079,2,4,compressed_ring_ar
1778543734.172264,11,8,1.718262,104.64,481.988,1222.011,2,4,compressed_ring_ar
1778543735.4274173,11,9,1.645755,107.0,410.332,1193.936,2,4,compressed_ring_ar
1778543736.7636554,11,10,1.582385,99.11,201.69,1288.553,2,4,compressed_ring_ar
1778543737.9406536,11,11,1.550933,113.0,290.925,1130.249,2,4,compressed_ring_ar
1778543739.239145,11,12,1.756713,103.88,474.342,1231.453,2,4,compressed_ring_ar
1778543740.5842922,11,13,1.773918,98.32,217.056,1295.196,2,4,compressed_ring_ar
1778543741.9225602,11,14,1.630002,99.17,247.325,1284.182,2,4,compressed_ring_ar
1778543743.1335113,11,15,1.724131,109.43,229.092,1168.022,2,4,compressed_ring_ar
1778543744.364753,11,16,1.664767,108.32,288.65,1180.431,2,4,compressed_ring_ar
1778543745.8375268,11,17,1.504155,91.12,189.363,1400.86,2,4,compressed_ring_ar
1778543747.0754118,11,18,1.675623,108.09,174.788,1182.761,2,4,compressed_ring_ar
1778543748.2778924,11,19,1.818949,110.52,427.047,1157.125,2,4,compressed_ring_ar
1778543749.6801238,11,20,1.716936,96.88,617.541,1319.874,2,4,compressed_ring_ar
1778543751.0660417,11,21,1.710422,95.57,188.062,1337.878,2,4,compressed_ring_ar
1778543752.2563992,11,22,1.573152,112.2,244.036,1138.427,2,4,compressed_ring_ar
1778543753.5588953,11,23,1.505423,101.56,331.992,1255.137,2,4,compressed_ring_ar
1778543754.8626359,11,24,1.800964,101.1,189.909,1264.387,2,4,compressed_ring_ar
1778543756.161112,11,25,1.711889,103.18,167.053,1239.776,2,4,compressed_ring_ar
1778543757.4516346,11,26,1.702588,104.78,436.688,1220.282,2,4,compressed_ring_ar
1778543758.7563334,11,27,1.808273,100.93,519.036,1266.171,2,4,compressed_ring_ar
1778543760.1419535,11,28,1.632003,95.84,409.416,1331.097,2,4,compressed_ring_ar
1778543761.4665542,11,29,1.812551,99.69,159.106,1282.64,2,4,compressed_ring_ar
1778543762.7978776,11,30,1.579212,99.35,267.945,1287.059,2,4,compressed_ring_ar
1778543764.1392312,11,31,1.824371,99.69,244.545,1281.972,2,4,compressed_ring_ar
1778543765.4507022,11,32,1.620124,100.93,196.643,1266.306,2,4,compressed_ring_ar
1778543766.9518504,11,33,1.593613,90.59,209.719,1411.598,2,4,compressed_ring_ar
1778543768.2388728,11,34,1.552782,103.79,169.712,1231.97,2,4,compressed_ring_ar
1778543769.615839,11,35,1.657545,96.26,522.031,1328.578,2,4,compressed_ring_ar
1778543771.024262,11,36,1.694128,93.97,387.584,1357.392,2,4,compressed_ring_ar
1778543772.3272781,11,37,1.528136,101.69,210.253,1253.11,2,4,compressed_ring_ar
1778543773.6433687,11,38,1.555358,100.26,182.153,1273.965,2,4,compressed_ring_ar
1778543774.9639285,11,39,1.715007,99.79,430.831,1280.24,2,4,compressed_ring_ar
1778543776.239453,11,40,1.716799,104.2,164.185,1227.104,2,4,compressed_ring_ar
1778543777.481891,11,41,1.737435,107.43,261.726,1189.931,2,4,compressed_ring_ar
1778543778.8902562,11,42,1.667985,95.5,473.728,1338.008,2,4,compressed_ring_ar
1778543780.1415665,11,43,1.546781,105.77,323.569,1207.633,2,4,compressed_ring_ar
1778543781.4113026,11,44,1.825363,104.81,465.008,1218.968,2,4,compressed_ring_ar
1778543782.8695762,11,45,1.907199,91.91,392.282,1382.65,2,4,compressed_ring_ar
1778543784.131318,11,46,1.835463,104.58,210.046,1222.404,2,4,compressed_ring_ar
1778543785.3503833,11,47,1.659439,109.16,227.682,1168.25,2,4,compressed_ring_ar
1778543786.983376,11,48,1.714094,80.31,205.505,1589.822,2,4,compressed_ring_ar
1778543788.3473406,11,49,1.673162,97.2,238.029,1315.48,2,4,compressed_ring_ar
1778543789.7368474,11,50,1.814409,95.18,281.873,1336.844,2,4,compressed_ring_ar
1778543791.0012076,11,51,1.618529,105.81,167.163,1208.316,2,4,compressed_ring_ar
1778543792.3542054,11,52,1.792871,97.29,355.799,1314.313,2,4,compressed_ring_ar
1778543793.660811,11,53,1.575968,102.92,208.446,1241.023,2,4,compressed_ring_ar
1778543794.9415064,11,54,1.562508,104.41,320.913,1223.637,2,4,compressed_ring_ar
1778543796.2073526,11,55,1.605649,104.26,290.985,1225.473,2,4,compressed_ring_ar
1778543797.5308392,11,56,1.53725,99.67,447.941,1281.383,2,4,compressed_ring_ar
1778543798.9833136,11,57,1.726534,91.5,336.478,1397.618,2,4,compressed_ring_ar
1778543800.3699937,11,58,1.609132,96.21,297.672,1323.449,2,4,compressed_ring_ar
1778543801.510743,11,59,1.688391,116.53,220.095,1090.342,2,4,compressed_ring_ar
1778543802.7512062,11,60,1.596811,107.25,154.401,1189.256,2,4,compressed_ring_ar
1778543804.1620402,11,61,1.583589,93.08,438.937,1373.86,2,4,compressed_ring_ar
1778543805.532367,11,62,1.545584,96.48,207.098,1323.036,2,4,compressed_ring_ar
1778543807.0173104,11,63,1.490696,88.42,229.268,1446.289,2,4,compressed_ring_ar
1778543808.3767078,11,64,1.692936,97.52,191.909,1308.118,2,4,compressed_ring_ar
1778543809.6069343,11,65,1.633024,107.92,158.041,1183.154,2,4,compressed_ring_ar
1778543810.9004986,11,66,1.749798,103.01,363.137,1241.148,2,4,compressed_ring_ar
1778543812.2521353,11,67,1.703936,98.59,221.559,1294.461,2,4,compressed_ring_ar
1778543813.5182834,11,68,1.715682,104.55,171.877,1223.095,2,4,compressed_ring_ar
1778543814.8138556,11,69,1.857703,102.39,442.618,1249.065,2,4,compressed_ring_ar
1778543816.071122,11,70,1.684911,106.64,232.958,1198.886,2,4,compressed_ring_ar
1778543817.3524199,11,71,1.714104,103.39,336.429,1235.653,2,4,compressed_ring_ar
1778543818.6982749,11,72,1.725419,98.49,367.028,1297.965,2,4,compressed_ring_ar
1778543819.9597464,11,73,1.676467,104.93,302.198,1217.769,2,4,compressed_ring_ar
1778543821.320617,11,74,1.500088,98.36,209.617,1298.791,2,4,compressed_ring_ar
1778543822.6516645,11,75,1.848402,102.33,153.093,1249.605,2,4,compressed_ring_ar
1778543823.9513023,11,76,1.677874,102.77,419.536,1240.81,2,4,compressed_ring_ar
1778543825.1856785,11,77,1.605348,108.22,180.319,1180.946,2,4,compressed_ring_ar
1778543826.6196353,11,78,1.745939,92.01,196.928,1382.7,2,4,compressed_ring_ar
1778543827.765434,11,79,1.733587,116.52,279.841,1096.787,2,4,compressed_ring_ar
1778543829.03683,11,80,1.712606,104.55,407.577,1222.076,2,4,compressed_ring_ar
1778543830.385868,11,81,1.698904,97.85,521.494,1306.761,2,4,compressed_ring_ar
1778543831.6757972,11,82,1.810429,105.04,376.243,1217.204,2,4,compressed_ring_ar
1778543832.9543974,11,83,1.549255,103.82,315.792,1230.636,2,4,compressed_ring_ar
1778543834.1174634,11,84,1.663763,113.79,284.479,1122.638,2,4,compressed_ring_ar
1778543835.3522747,11,85,1.740267,106.94,398.749,1194.255,2,4,compressed_ring_ar
1778543836.630799,11,86,1.769914,105.47,435.941,1213.388,2,4,compressed_ring_ar
1778543838.0174644,11,87,1.67254,98.12,395.282,1302.588,2,4,compressed_ring_ar
1778543839.3256695,11,88,1.664436,101.22,209.988,1263.324,2,4,compressed_ring_ar
1778543840.6858094,11,89,1.81425,97.4,323.667,1311.518,2,4,compressed_ring_ar
1778543842.0046718,11,90,1.545617,100.54,148.904,1272.119,2,4,compressed_ring_ar
1778543843.3196602,11,91,1.567056,100.37,392.986,1273.868,2,4,compressed_ring_ar
1778543844.6371367,11,92,1.526219,100.83,205.155,1268.179,2,4,compressed_ring_ar
1778543845.9952037,11,93,1.703962,97.38,197.786,1310.603,2,4,compressed_ring_ar
1778543847.2037468,11,94,1.729972,110.38,216.389,1158.135,2,4,compressed_ring_ar
1778543848.6987104,11,95,1.76453,88.71,209.689,1440.123,2,4,compressed_ring_ar
1778543850.0749815,11,96,1.617456,97.63,465.56,1306.79,2,4,compressed_ring_ar
1778543851.1594353,11,97,1.570212,79.67,181.304,1048.888,2,4,compressed_ring_ar
1778543862.8465047,12,0,1.798916,92.84,347.074,1376.138,2,4,compressed_ring_ar
1778543864.229619,12,1,1.645006,95.58,195.069,1337.331,2,4,compressed_ring_ar
1778543865.442727,12,2,1.694143,109.1,301.573,1171.832,2,4,compressed_ring_ar
1778543866.8720593,12,3,1.609614,93.01,323.721,1371.707,2,4,compressed_ring_ar
1778543868.1991503,12,4,1.747811,99.01,269.433,1285.23,2,4,compressed_ring_ar
1778543869.4562297,12,5,2.0354,106.31,262.062,1199.995,2,4,compressed_ring_ar
1778543870.7742722,12,6,1.746392,101.2,301.251,1259.943,2,4,compressed_ring_ar
1778543872.1856966,12,7,1.547005,93.48,224.584,1365.303,2,4,compressed_ring_ar
1778543873.43224,12,8,1.498352,106.44,222.938,1199.373,2,4,compressed_ring_ar
1778543874.742502,12,9,1.631973,101.76,193.55,1256.56,2,4,compressed_ring_ar
1778543875.924602,12,10,1.736032,112.51,172.267,1135.084,2,4,compressed_ring_ar
1778543877.2031717,12,11,1.706421,106.21,365.56,1203.531,2,4,compressed_ring_ar
1778543878.5316594,12,12,1.548363,99.99,185.251,1277.835,2,4,compressed_ring_ar
1778543879.7800522,12,13,1.690924,106.45,229.473,1199.564,2,4,compressed_ring_ar
1778543881.098618,12,14,1.73217,101.45,312.541,1259.221,2,4,compressed_ring_ar
1778543882.4320557,12,15,1.690103,99.83,480.156,1278.278,2,4,compressed_ring_ar
1778543883.7950451,12,16,1.639317,96.8,164.995,1319.915,2,4,compressed_ring_ar
1778543885.1004453,12,17,1.67902,101.93,156.307,1250.634,2,4,compressed_ring_ar
1778543886.4962077,12,18,1.6636,94.06,465.461,1356.041,2,4,compressed_ring_ar
1778543887.797646,12,19,1.764223,101.92,242.9,1254.515,2,4,compressed_ring_ar
1778543889.5726876,12,20,1.60406,73.76,371.389,1729.47,2,4,compressed_ring_ar
1778543890.7768602,12,21,1.768282,110.28,189.327,1160.143,2,4,compressed_ring_ar
1778543892.0486991,12,22,1.754012,104.73,242.295,1217.509,2,4,compressed_ring_ar
1778543893.4232,12,23,1.539079,96.7,336.03,1322.301,2,4,compressed_ring_ar
1778543894.6332235,12,24,1.507164,109.29,195.537,1168.902,2,4,compressed_ring_ar
1778543895.8830407,12,25,1.517882,105.88,299.983,1205.665,2,4,compressed_ring_ar
1778543897.1197693,12,26,1.60571,106.37,397.445,1202.056,2,4,compressed_ring_ar
1778543898.482024,12,27,1.509567,97.94,193.464,1305.458,2,4,compressed_ring_ar
1778543899.7385557,12,28,1.53111,106.64,198.704,1195.244,2,4,compressed_ring_ar
1778543901.138622,12,29,1.732984,95.08,161.583,1345.157,2,4,compressed_ring_ar
1778543902.4380348,12,30,1.667186,103.63,178.954,1233.825,2,4,compressed_ring_ar
1778543903.9073951,12,31,1.70803,90.69,255.591,1409.041,2,4,compressed_ring_ar
1778543905.145099,12,32,1.598887,107.31,265.201,1191.666,2,4,compressed_ring_ar
1778543906.4916031,12,33,1.761402,100.35,474.13,1270.23,2,4,compressed_ring_ar
1778543907.650006,12,34,1.680087,114.34,152.464,1116.674,2,4,compressed_ring_ar
1778543909.0799985,12,35,1.595989,93.43,245.595,1363.081,2,4,compressed_ring_ar
1778543910.4522948,12,36,1.451507,96.33,259.628,1320.96,2,4,compressed_ring_ar
1778543911.7076888,12,37,1.483024,107.2,181.852,1192.64,2,4,compressed_ring_ar
1778543913.1642234,12,38,1.568444,90.58,206.521,1411.637,2,4,compressed_ring_ar
1778543914.4583793,12,39,1.690233,102.6,229.548,1241.036,2,4,compressed_ring_ar
1778543915.6580079,12,40,1.684036,110.36,187.087,1155.628,2,4,compressed_ring_ar
1778543916.9459867,12,41,1.809778,103.0,239.952,1235.579,2,4,compressed_ring_ar
1778543918.2531781,12,42,1.657992,100.77,241.191,1269.052,2,4,compressed_ring_ar
1778543919.5285404,12,43,1.507748,104.85,220.745,1216.65,2,4,compressed_ring_ar
1778543920.7970405,12,44,1.726328,104.12,211.0,1224.417,2,4,compressed_ring_ar
1778543922.0967853,12,45,1.663954,101.76,212.356,1253.821,2,4,compressed_ring_ar
1778543923.4339817,12,46,1.56117,98.82,230.437,1288.364,2,4,compressed_ring_ar
1778543924.8372812,12,47,1.665897,94.62,277.916,1351.408,2,4,compressed_ring_ar
1778543926.1887934,12,48,1.562456,97.93,306.735,1300.196,2,4,compressed_ring_ar
1778543927.5594878,12,49,1.511113,95.53,296.269,1335.387,2,4,compressed_ring_ar
1778543928.950822,12,50,1.512461,95.51,221.196,1333.237,2,4,compressed_ring_ar
1778543930.2287073,12,51,1.451789,103.11,192.188,1237.327,2,4,compressed_ring_ar
1778543931.6018708,12,52,1.575982,96.72,207.981,1321.971,2,4,compressed_ring_ar
1778543933.0545092,12,53,1.504461,91.16,199.827,1397.672,2,4,compressed_ring_ar
1778543934.3745584,12,54,1.583665,100.15,252.688,1276.667,2,4,compressed_ring_ar
1778543935.7399433,12,55,1.597335,97.76,324.672,1301.912,2,4,compressed_ring_ar
1778543937.1139796,12,56,1.775854,95.9,236.089,1328.132,2,4,compressed_ring_ar
1778543938.3854513,12,57,1.791605,105.47,220.267,1208.017,2,4,compressed_ring_ar
1778543939.7528713,12,58,1.626445,96.71,541.589,1318.938,2,4,compressed_ring_ar
1778543940.91252,12,59,1.420254,115.77,194.204,1098.702,2,4,compressed_ring_ar
1778543942.1180434,12,60,1.722931,109.92,256.209,1163.101,2,4,compressed_ring_ar
1778543943.3746617,12,61,1.500034,108.37,228.486,1176.202,2,4,compressed_ring_ar
1778543944.629591,12,62,1.742226,105.45,288.931,1208.526,2,4,compressed_ring_ar
1778543946.054399,12,63,1.597256,92.76,208.301,1377.414,2,4,compressed_ring_ar
1778543947.6490955,12,64,1.50904,83.73,267.425,1523.104,2,4,compressed_ring_ar
1778543949.012514,12,65,1.596377,96.56,204.083,1320.588,2,4,compressed_ring_ar
1778543950.2754378,12,66,1.452744,104.61,204.085,1214.277,2,4,compressed_ring_ar
1778543951.557259,12,67,1.562027,103.33,261.386,1234.9,2,4,compressed_ring_ar
1778543952.8223646,12,68,1.635332,105.4,215.915,1212.383,2,4,compressed_ring_ar
1778543954.1214764,12,69,1.519605,101.9,273.073,1251.665,2,4,compressed_ring_ar
1778543955.3735747,12,70,1.623893,105.66,212.54,1207.262,2,4,compressed_ring_ar
1778543956.7255883,12,71,1.595937,98.75,199.78,1291.495,2,4,compressed_ring_ar
1778543957.9857998,12,72,1.513617,104.96,248.548,1215.031,2,4,compressed_ring_ar
1778543959.1894789,12,73,1.53678,110.56,207.207,1151.219,2,4,compressed_ring_ar
1778543960.6037376,12,74,1.534535,93.78,222.084,1359.483,2,4,compressed_ring_ar
1778543961.9504187,12,75,1.499973,98.17,209.243,1302.616,2,4,compressed_ring_ar
1778543963.2964451,12,76,1.786327,100.17,198.394,1276.381,2,4,compressed_ring_ar
1778543964.5599473,12,77,1.65568,105.11,189.587,1215.257,2,4,compressed_ring_ar
1778543965.8613315,12,78,1.540755,101.57,219.097,1258.785,2,4,compressed_ring_ar
1778543967.403051,12,79,1.421612,85.15,261.39,1499.371,2,4,compressed_ring_ar
1778543968.8518362,12,80,1.522195,91.87,205.676,1383.989,2,4,compressed_ring_ar
1778543970.2210336,12,81,1.715038,96.03,222.411,1328.021,2,4,compressed_ring_ar
1778543971.5330844,12,82,1.708829,101.84,224.232,1255.474,2,4,compressed_ring_ar
1778543972.7851024,12,83,1.631881,106.96,226.338,1195.344,2,4,compressed_ring_ar
1778543974.104216,12,84,1.670482,100.78,220.572,1266.143,2,4,compressed_ring_ar
1778543975.3641639,12,85,1.902064,107.5,197.947,1186.493,2,4,compressed_ring_ar
1778543976.6419463,12,86,1.687134,103.81,215.597,1222.735,2,4,compressed_ring_ar
1778543978.012839,12,87,1.446074,95.81,209.045,1335.037,2,4,compressed_ring_ar
1778543979.4959636,12,88,1.880162,91.71,267.232,1390.938,2,4,compressed_ring_ar
1778543980.8816822,12,89,1.551591,95.07,198.216,1342.52,2,4,compressed_ring_ar
1778543982.1327484,12,90,1.61768,105.62,309.652,1210.397,2,4,compressed_ring_ar
1778543983.4827225,12,91,1.6006,98.63,279.271,1290.152,2,4,compressed_ring_ar
1778543984.7843802,12,92,1.625061,101.34,198.087,1255.65,2,4,compressed_ring_ar
1778543986.0838547,12,93,1.742246,101.65,244.318,1252.161,2,4,compressed_ring_ar
1778543987.3527567,12,94,1.696985,104.14,221.225,1219.768,2,4,compressed_ring_ar
1778543988.7861505,12,95,1.643813,92.19,240.255,1383.658,2,4,compressed_ring_ar
1778543990.173183,12,96,1.70084,96.58,323.457,1317.974,2,4,compressed_ring_ar
1778543991.3348398,12,97,1.72367,74.67,205.143,1116.285,2,4,compressed_ring_ar
1778544002.8721485,13,0,1.639711,95.41,225.834,1335.35,2,4,compressed_ring_ar
1778544004.3165307,13,1,1.705379,92.12,256.291,1388.052,2,4,compressed_ring_ar
1778544005.6646333,13,2,1.38911,99.1,292.587,1283.81,2,4,compressed_ring_ar
1778544006.9065213,13,3,1.654721,106.42,185.564,1198.122,2,4,compressed_ring_ar
1778544008.111212,13,4,1.758393,109.88,236.852,1157.718,2,4,compressed_ring_ar
1778544009.401887,13,5,1.714533,102.13,189.928,1250.283,2,4,compressed_ring_ar
1778544010.9008543,13,6,1.629508,87.78,360.2,1457.23,2,4,compressed_ring_ar
1778544012.0729618,13,7,1.600359,117.87,254.492,1080.904,2,4,compressed_ring_ar
1778544013.4133778,13,8,1.631027,98.49,256.746,1293.212,2,4,compressed_ring_ar
1778544014.7746985,13,9,1.697159,96.85,277.781,1317.064,2,4,compressed_ring_ar
1778544016.174641,13,10,1.582703,94.67,220.608,1347.11,2,4,compressed_ring_ar
1778544017.3978384,13,11,1.664129,109.36,196.124,1167.529,2,4,compressed_ring_ar
1778544018.8226721,13,12,1.615363,92.57,177.128,1381.462,2,4,compressed_ring_ar
1778544020.1309466,13,13,1.670465,103.19,314.943,1234.999,2,4,compressed_ring_ar
1778544021.5312235,13,14,1.524214,95.35,460.151,1341.067,2,4,compressed_ring_ar
1778544022.8552763,13,15,1.522883,99.67,354.258,1281.911,2,4,compressed_ring_ar
1778544024.2708342,13,16,1.56742,93.65,202.921,1365.528,2,4,compressed_ring_ar
1778544025.8086836,13,17,1.641023,85.38,371.333,1493.696,2,4,compressed_ring_ar
1778544027.039582,13,18,1.632935,108.25,172.744,1181.314,2,4,compressed_ring_ar
1778544028.175258,13,19,1.755186,119.65,311.607,1068.663,2,4,compressed_ring_ar
1778544029.642682,13,20,1.547604,94.31,737.419,1356.694,2,4,compressed_ring_ar
1778544031.058937,13,21,1.710803,95.9,658.484,1332.54,2,4,compressed_ring_ar
1778544032.2812178,13,22,1.49436,111.2,316.168,1149.82,2,4,compressed_ring_ar
1778544033.6143534,13,23,1.697692,103.71,437.851,1229.603,2,4,compressed_ring_ar
1778544034.9474761,13,24,1.521584,100.36,363.853,1273.22,2,4,compressed_ring_ar
1778544036.2147126,13,25,1.649251,105.42,345.41,1213.326,2,4,compressed_ring_ar
1778544037.5322843,13,26,1.432991,101.6,404.285,1258.619,2,4,compressed_ring_ar
1778544038.875911,13,27,1.570008,99.31,696.906,1287.862,2,4,compressed_ring_ar
1778544040.1818006,13,28,1.492131,106.36,579.401,1202.288,2,4,compressed_ring_ar
1778544041.4778345,13,29,1.755,106.57,565.644,1198.732,2,4,compressed_ring_ar
1778544042.7645626,13,30,1.41093,103.51,354.525,1235.416,2,4,compressed_ring_ar
1778544044.0653052,13,31,1.733897,104.04,246.605,1228.02,2,4,compressed_ring_ar
1778544045.5513625,13,32,1.44276,90.16,796.183,1418.481,2,4,compressed_ring_ar
1778544046.8803353,13,33,1.544575,101.57,342.039,1259.118,2,4,compressed_ring_ar
1778544046.7952402,13,34,1.597914,100.02,444.555,1272.928,2,4,compressed_ring_ar
1778544047.870152,13,35,1.649931,125.97,173.587,1013.602,2,4,compressed_ring_ar
1778544049.135369,13,36,1.463191,106.47,397.069,1198.715,2,4,compressed_ring_ar
1778544050.507522,13,37,1.754624,97.13,388.023,1316.139,2,4,compressed_ring_ar
1778544051.842853,13,38,1.620766,99.07,354.174,1290.84,2,4,compressed_ring_ar
1778544053.3696415,13,39,1.474489,88.66,613.852,1442.437,2,4,compressed_ring_ar
1778544054.7996337,13,40,1.590714,92.73,249.491,1376.553,2,4,compressed_ring_ar
1778544055.8743465,13,41,1.627394,123.39,165.601,1036.538,2,4,compressed_ring_ar
1778544057.2107842,13,42,1.723879,100.56,423.74,1271.652,2,4,compressed_ring_ar
1778544058.5031667,13,43,1.682846,103.98,250.531,1229.945,2,4,compressed_ring_ar
1778544060.0016644,13,44,1.845059,89.49,484.186,1429.355,2,4,compressed_ring_ar
1778544061.259741,13,45,1.58243,108.31,182.169,1178.21,2,4,compressed_ring_ar
1778544062.727933,13,46,1.580017,89.5,195.667,1425.624,2,4,compressed_ring_ar
1778544064.2964375,13,47,1.62964,83.93,274.515,1523.921,2,4,compressed_ring_ar
1778544065.7255974,13,48,1.537681,94.05,380.344,1356.133,2,4,compressed_ring_ar
1778544067.0175884,13,49,1.499811,102.76,218.441,1239.062,2,4,compressed_ring_ar
1778544068.1810937,13,50,1.636474,114.09,220.858,1120.618,2,4,compressed_ring_ar
1778544069.5539968,13,51,1.884395,97.35,366.3,1312.827,2,4,compressed_ring_ar
1778544070.8011994,13,52,1.509608,107.23,324.029,1192.457,2,4,compressed_ring_ar
1778544071.9870439,13,53,1.510294,113.29,328.799,1127.768,2,4,compressed_ring_ar
1778544073.366296,13,54,1.666854,95.81,463.34,1330.655,2,4,compressed_ring_ar
1778544074.653521,13,55,1.424496,102.25,229.008,1248.682,2,4,compressed_ring_ar
1778544075.897867,13,56,1.586224,106.31,315.051,1201.156,2,4,compressed_ring_ar
1778544077.2304752,13,57,1.62069,100.78,218.447,1268.064,2,4,compressed_ring_ar
1778544078.4882634,13,58,1.808186,105.69,365.478,1208.695,2,4,compressed_ring_ar
1778544079.7591805,13,59,1.530715,104.67,334.074,1220.176,2,4,compressed_ring_ar
1778544081.1095665,13,60,1.584876,98.39,343.169,1296.496,2,4,compressed_ring_ar
1778544082.366582,13,61,1.703534,106.5,155.367,1200.697,2,4,compressed_ring_ar
1778544083.7108803,13,62,1.709099,100.47,721.099,1272.962,2,4,compressed_ring_ar
1778544084.9840798,13,63,1.531268,107.37,595.595,1191.205,2,4,compressed_ring_ar
1778544086.367191,13,64,1.764477,98.16,385.712,1302.706,2,4,compressed_ring_ar
1778544087.6053832,13,65,1.634426,108.61,300.764,1176.047,2,4,compressed_ring_ar
1778544088.9397423,13,66,1.575926,99.34,357.162,1286.28,2,4,compressed_ring_ar
1778544090.197689,13,67,1.67983,105.96,304.278,1206.743,2,4,compressed_ring_ar
1778544091.4918215,13,68,1.568821,104.29,571.398,1226.237,2,4,compressed_ring_ar
1778544092.8114388,13,69,1.733989,102.11,502.986,1251.337,2,4,compressed_ring_ar
1778544094.129159,13,70,1.584616,102.63,344.76,1246.489,2,4,compressed_ring_ar
1778544095.5019245,13,71,1.489328,97.95,375.944,1300.994,2,4,compressed_ring_ar
1778544097.190075,13,72,1.546619,77.68,451.069,1646.556,2,4,compressed_ring_ar
1778544098.2826078,13,73,1.729082,126.04,150.973,1013.81,2,4,compressed_ring_ar
1778544099.7386281,13,74,1.586421,92.78,581.699,1377.032,2,4,compressed_ring_ar
1778544101.103666,13,75,1.724669,97.16,391.941,1315.024,2,4,compressed_ring_ar
1778544102.4199526,13,76,1.46719,101.3,291.594,1262.403,2,4,compressed_ring_ar
1778544103.5389647,13,77,1.777764,119.88,273.62,1066.462,2,4,compressed_ring_ar
1778544104.8300118,13,78,1.695238,106.36,617.506,1202.162,2,4,compressed_ring_ar
1778544106.1527202,13,79,1.611103,101.81,359.968,1252.878,2,4,compressed_ring_ar
1778544107.4326925,13,80,1.639925,102.99,242.87,1241.723,2,4,compressed_ring_ar
1778544108.7773695,13,81,1.465487,102.94,628.201,1238.376,2,4,compressed_ring_ar
1778544110.017578,13,82,1.519074,106.22,287.516,1203.842,2,4,compressed_ring_ar
1778544111.3993354,13,83,1.430083,97.32,418.531,1313.354,2,4,compressed_ring_ar
1778544112.6585994,13,84,1.722115,105.62,272.327,1210.554,2,4,compressed_ring_ar
1778544113.8551095,13,85,1.674799,114.19,556.983,1119.758,2,4,compressed_ring_ar
1778544115.199997,13,86,1.670707,99.49,732.947,1283.902,2,4,compressed_ring_ar
1778544116.4844093,13,87,1.679093,103.91,428.585,1230.796,2,4,compressed_ring_ar
1778544117.896927,13,88,1.569365,94.65,452.869,1351.201,2,4,compressed_ring_ar
1778544119.414191,13,89,1.599917,87.73,374.966,1455.286,2,4,compressed_ring_ar
1778544120.6111124,13,90,1.601159,110.49,390.165,1157.288,2,4,compressed_ring_ar
1778544122.080782,13,91,1.486241,93.74,466.332,1364.478,2,4,compressed_ring_ar
1778544123.5393794,13,92,1.565547,92.21,342.376,1386.916,2,4,compressed_ring_ar
1778544124.9691184,13,93,1.447955,95.02,771.652,1344.595,2,4,compressed_ring_ar
1778544126.2799883,13,94,1.650006,100.98,228.84,1264.414,2,4,compressed_ring_ar
1778544127.7963855,13,95,1.613955,87.93,384.24,1455.144,2,4,compressed_ring_ar
1778544129.2226536,13,96,1.55979,97.26,374.495,1315.549,2,4,compressed_ring_ar
1778544130.6449232,13,97,1.538457,61.81,397.966,1354.351,2,4,compressed_ring_ar
1778544142.1991055,14,0,1.601636,101.13,269.242,1264.471,2,4,compressed_ring_ar
1778544143.6281412,14,1,1.542302,94.14,701.939,1358.515,2,4,compressed_ring_ar
1778544144.8232465,14,2,1.511092,114.76,304.828,1114.369,2,4,compressed_ring_ar
1778544146.2535856,14,3,1.703651,94.29,417.572,1352.791,2,4,compressed_ring_ar
1778544147.5391185,14,4,1.589245,103.12,356.469,1238.83,2,4,compressed_ring_ar
1778544148.7892373,14,5,1.475307,106.77,186.816,1197.703,2,4,compressed_ring_ar
1778544149.9994786,14,6,1.531429,111.52,365.638,1146.991,2,4,compressed_ring_ar
1778544151.3599403,14,7,1.70302,99.69,628.411,1281.377,2,4,compressed_ring_ar
1778544152.6850264,14,8,1.603694,102.11,413.075,1251.213,2,4,compressed_ring_ar
1778544154.18907,14,9,1.689888,90.52,539.8,1413.282,2,4,compressed_ring_ar
1778544155.517545,14,10,1.551308,102.63,337.245,1246.364,2,4,compressed_ring_ar
1778544156.8657572,14,11,1.608619,98.6,417.818,1296.824,2,4,compressed_ring_ar
1778544158.1801467,14,12,1.385451,102.21,518.104,1251.117,2,4,compressed_ring_ar
1778544159.4579427,14,13,1.481755,105.32,447.308,1214.354,2,4,compressed_ring_ar
1778544160.8493352,14,14,1.57742,98.46,697.27,1298.666,2,4,compressed_ring_ar
1778544162.384016,14,15,1.464781,86.62,489.623,1476.423,2,4,compressed_ring_ar
1778544163.6849341,14,16,1.773327,103.27,346.461,1237.368,2,4,compressed_ring_ar
1778544164.9745111,14,17,1.553896,102.65,308.53,1244.61,2,4,compressed_ring_ar
1778544166.4976044,14,18,1.653217,85.89,459.4,1484.432,2,4,compressed_ring_ar
1778544167.7531605,14,19,1.545636,105.98,147.534,1206.573,2,4,compressed_ring_ar
1778544168.9746814,14,20,1.623787,110.04,351.366,1162.118,2,4,compressed_ring_ar
1778544170.2068229,14,21,1.573063,111.15,641.515,1149.383,2,4,compressed_ring_ar
1778544171.5120845,14,22,1.616995,103.27,450.008,1234.279,2,4,compressed_ring_ar
1778544172.8979902,14,23,1.826108,94.88,428.332,1348.727,2,4,compressed_ring_ar
1778544174.2061796,14,24,1.611176,102.27,333.799,1250.631,2,4,compressed_ring_ar
1778544175.5560334,14,25,1.76372,99.93,447.155,1279.51,2,4,compressed_ring_ar
1778544176.8210707,14,26,1.59007,107.45,141.633,1188.819,2,4,compressed_ring_ar
1778544178.0529504,14,27,1.420229,108.48,238.581,1178.773,2,4,compressed_ring_ar
1778544179.4070756,14,28,1.592092,99.84,414.137,1279.648,2,4,compressed_ring_ar
1778544180.644795,14,29,1.540341,106.71,277.557,1197.041,2,4,compressed_ring_ar
1778544181.9938905,14,30,1.420911,97.98,368.92,1305.345,2,4,compressed_ring_ar
1778544183.4260082,14,31,1.772497,92.4,446.528,1382.855,2,4,compressed_ring_ar
1778544184.854473,14,32,1.65299,93.97,457.892,1359.498,2,4,compressed_ring_ar
1778544186.2232208,14,33,1.583768,99.27,290.282,1287.01,2,4,compressed_ring_ar
1778544187.5328004,14,34,1.54355,103.77,334.804,1230.551,2,4,compressed_ring_ar
1778544188.8148074,14,35,1.552817,103.49,302.467,1235.597,2,4,compressed_ring_ar
1778544190.1331584,14,36,1.638589,102.26,473.032,1250.8,2,4,compressed_ring_ar
1778544191.388629,14,37,1.687483,106.17,310.827,1198.758,2,4,compressed_ring_ar
1778544192.6584496,14,38,1.503844,103.85,210.755,1228.072,2,4,compressed_ring_ar
1778544193.8516765,14,39,1.69861,112.85,191.549,1133.247,2,4,compressed_ring_ar
1778544195.287314,14,40,1.578534,92.54,396.851,1381.875,2,4,compressed_ring_ar
1778544196.7734692,14,41,1.769427,88.9,239.72,1435.322,2,4,compressed_ring_ar
1778544198.1955042,14,42,1.705152,94.23,176.822,1356.815,2,4,compressed_ring_ar
1778544199.770634,14,43,1.599097,86.32,862.439,1479.113,2,4,compressed_ring_ar
1778544201.3083143,14,44,1.674082,87.13,179.795,1464.189,2,4,compressed_ring_ar
1778544202.5736446,14,45,1.580675,105.41,194.223,1213.022,2,4,compressed_ring_ar
1778544204.0417628,14,46,1.430424,91.47,369.221,1396.759,2,4,compressed_ring_ar
1778544205.5581803,14,47,1.448542,87.11,392.536,1468.15,2,4,compressed_ring_ar
1778544206.8931825,14,48,1.632815,101.0,413.716,1266.085,2,4,compressed_ring_ar
1778544208.282896,14,49,1.647529,97.26,371.829,1313.798,2,4,compressed_ring_ar
1778544209.6682103,14,50,1.649493,98.41,404.668,1299.655,2,4,compressed_ring_ar
1778544210.9809418,14,51,1.602563,103.72,700.661,1233.285,2,4,compressed_ring_ar
1778544212.500716,14,52,1.613707,89.38,757.23,1429.297,2,4,compressed_ring_ar
1778544213.8509226,14,53,1.591131,98.08,372.97,1302.499,2,4,compressed_ring_ar
1778544215.1803472,14,54,1.436718,104.13,605.717,1228.116,2,4,compressed_ring_ar
1778544216.8339887,14,55,1.523283,82.76,832.377,1545.381,2,4,compressed_ring_ar
1778544218.2775345,14,56,1.58747,92.58,314.416,1377.02,2,4,compressed_ring_ar
1778544219.3668885,14,57,1.617864,122.6,361.544,1042.692,2,4,compressed_ring_ar
1778544220.9339657,14,58,1.551695,87.12,817.475,1468.31,2,4,compressed_ring_ar
1778544222.5780303,14,59,1.418205,83.25,776.801,1536.378,2,4,compressed_ring_ar
1778544224.0707483,14,60,1.566194,91.83,412.209,1388.87,2,4,compressed_ring_ar
1778544225.5321805,14,61,1.532226,90.39,230.092,1414.904,2,4,compressed_ring_ar
1778544227.123743,14,62,1.553844,84.23,515.541,1515.537,2,4,compressed_ring_ar
1778544228.778251,14,63,1.53891,80.02,363.822,1594.943,2,4,compressed_ring_ar
1778544229.9575987,14,64,1.649058,113.9,185.044,1122.726,2,4,compressed_ring_ar
1778544231.2491453,14,65,1.589994,103.83,483.866,1231.86,2,4,compressed_ring_ar
1778544232.5759213,14,66,1.677235,103.97,612.634,1226.823,2,4,compressed_ring_ar
1778544233.8802612,14,67,1.589789,102.85,500.556,1243.302,2,4,compressed_ring_ar
1778544235.2148366,14,68,1.509426,100.28,164.374,1275.37,2,4,compressed_ring_ar
1778544236.479226,14,69,1.583168,107.8,516.829,1185.964,2,4,compressed_ring_ar
1778544237.7134776,14,70,1.500943,109.21,610.846,1170.917,2,4,compressed_ring_ar
1778544239.083892,14,71,1.757685,98.76,771.651,1293.376,2,4,compressed_ring_ar
1778544240.3440938,14,72,1.643581,107.15,331.085,1193.368,2,4,compressed_ring_ar
1778544241.6783519,14,73,1.759585,102.08,643.764,1251.734,2,4,compressed_ring_ar
1778544242.944126,14,74,1.730042,104.86,434.034,1218.321,2,4,compressed_ring_ar
1778544244.1902127,14,75,1.669062,107.32,314.259,1190.356,2,4,compressed_ring_ar
1778544245.323395,14,76,1.533244,119.88,251.338,1066.46,2,4,compressed_ring_ar
1778544246.5898826,14,77,1.729492,108.79,661.798,1175.2,2,4,compressed_ring_ar
1778544247.9736335,14,78,1.51811,100.5,634.721,1270.917,2,4,compressed_ring_ar
1778544249.3492908,14,79,1.592304,96.3,476.9,1328.117,2,4,compressed_ring_ar
1778544250.6192992,14,80,1.585741,105.84,444.254,1208.127,2,4,compressed_ring_ar
1778544251.9447198,14,81,1.657652,102.09,400.259,1251.381,2,4,compressed_ring_ar
1778544253.2122087,14,82,1.631049,103.97,432.243,1229.084,2,4,compressed_ring_ar
1778544254.4984105,14,83,1.535594,104.31,518.791,1224.683,2,4,compressed_ring_ar
1778544255.7948618,14,84,1.652595,103.79,382.543,1230.874,2,4,compressed_ring_ar
1778544257.0468254,14,85,1.458813,105.73,318.185,1209.446,2,4,compressed_ring_ar
1778544258.357947,14,86,1.467213,102.42,453.233,1248.339,2,4,compressed_ring_ar
1778544259.801216,14,87,1.578478,93.02,506.707,1374.366,2,4,compressed_ring_ar
1778544261.0770628,14,88,1.449136,105.45,173.535,1212.023,2,4,compressed_ring_ar
1778544262.3744717,14,89,1.469971,104.77,371.353,1220.736,2,4,compressed_ring_ar
1778544263.8716896,14,90,1.477384,90.01,841.314,1420.807,2,4,compressed_ring_ar
1778544265.2756546,14,91,1.516152,95.6,335.529,1337.673,2,4,compressed_ring_ar
1778544266.8099375,14,92,1.673653,87.2,700.496,1466.672,2,4,compressed_ring_ar
1778544268.1014593,14,93,1.482513,107.02,575.905,1194.839,2,4,compressed_ring_ar
1778544269.3767302,14,94,1.46669,107.08,644.245,1194.143,2,4,compressed_ring_ar
1778544270.8816729,14,95,1.577709,89.1,678.44,1433.796,2,4,compressed_ring_ar
1778544272.225382,14,96,1.601372,99.63,288.959,1280.049,2,4,compressed_ring_ar
1778544273.2347968,14,97,1.532129,86.3,271.549,966.859,2,4,compressed_ring_ar
1778544284.7240753,15,0,1.393738,100.11,165.718,1277.412,2,4,compressed_ring_ar
1778544285.9739432,15,1,1.639831,108.98,592.747,1172.062,2,4,compressed_ring_ar
1778544287.454185,15,2,1.633152,89.69,404.656,1425.974,2,4,compressed_ring_ar
1778544288.69256,15,3,1.546902,109.15,303.852,1171.51,2,4,compressed_ring_ar
1778544290.0481265,15,4,1.727576,100.74,635.601,1268.977,2,4,compressed_ring_ar
1778544291.5463347,15,5,1.579228,88.14,484.111,1447.641,2,4,compressed_ring_ar
1778544293.0503764,15,6,1.357494,88.41,300.612,1443.328,2,4,compressed_ring_ar
1778544294.3240514,15,7,1.487348,107.41,186.196,1190.029,2,4,compressed_ring_ar
1778544295.8750536,15,8,1.623096,84.54,535.95,1512.778,2,4,compressed_ring_ar
1778544297.2772756,15,9,1.642165,94.8,167.794,1347.606,2,4,compressed_ring_ar
1778544298.5253675,15,10,1.604761,107.0,334.21,1194.968,2,4,compressed_ring_ar
1778544299.7922575,15,11,1.48741,106.37,147.946,1202.036,2,4,compressed_ring_ar
1778544301.130156,15,12,1.584961,100.07,292.221,1277.972,2,4,compressed_ring_ar
1778544302.4150054,15,13,1.506428,107.05,592.927,1193.408,2,4,compressed_ring_ar
1778544303.852589,15,14,1.540171,93.49,585.875,1366.225,2,4,compressed_ring_ar
1778544305.2222114,15,15,1.58075,96.31,383.411,1327.041,2,4,compressed_ring_ar
1778544306.4660804,15,16,1.590167,108.47,297.739,1178.988,2,4,compressed_ring_ar
1778544307.9076035,15,17,1.729542,92.54,242.001,1382.143,2,4,compressed_ring_ar
1778544309.386553,15,18,1.531155,93.32,351.099,1369.115,2,4,compressed_ring_ar
1778544310.710161,15,19,1.569039,101.04,358.548,1263.702,2,4,compressed_ring_ar
1778544311.9646142,15,20,1.336556,105.7,329.677,1210.017,2,4,compressed_ring_ar
1778544313.1345074,15,21,1.351943,115.22,263.688,1108.465,2,4,compressed_ring_ar
1778544314.5060759,15,22,1.673794,98.73,532.536,1295.833,2,4,compressed_ring_ar
1778544315.821104,15,23,1.634604,101.99,343.739,1253.1,2,4,compressed_ring_ar
1778544317.1798508,15,24,1.498768,97.03,291.667,1313.467,2,4,compressed_ring_ar
1778544318.2817564,15,25,1.587281,120.29,131.173,1063.14,2,4,compressed_ring_ar
1778544319.6767113,15,26,1.652068,98.06,760.723,1301.759,2,4,compressed_ring_ar
1778544320.9571404,15,27,1.619074,105.85,271.962,1207.918,2,4,compressed_ring_ar
1778544322.3020349,15,28,1.662282,98.8,148.292,1294.313,2,4,compressed_ring_ar
1778544323.5655146,15,29,1.558206,106.96,304.618,1195.393,2,4,compressed_ring_ar
1778544324.8078682,15,30,1.636463,109.87,570.547,1163.382,2,4,compressed_ring_ar
1778544326.218893,15,31,1.638204,94.27,409.701,1353.033,2,4,compressed_ring_ar
1778544327.4711518,15,32,1.64851,105.83,410.429,1209.005,2,4,compressed_ring_ar
1778544328.7403955,15,33,1.458891,106.82,301.181,1197.111,2,4,compressed_ring_ar
1778544330.0676632,15,34,1.428658,101.45,327.513,1260.421,2,4,compressed_ring_ar
1778544331.281598,15,35,1.618374,108.94,271.404,1173.624,2,4,compressed_ring_ar
1778544332.626352,15,36,1.566906,101.42,515.966,1259.626,2,4,compressed_ring_ar
1778544333.9435606,15,37,1.468738,103.34,360.966,1233.559,2,4,compressed_ring_ar
1778544335.3088627,15,38,1.799048,96.26,330.193,1322.835,2,4,compressed_ring_ar
1778544336.6512256,15,39,1.490329,98.65,173.683,1294.636,2,4,compressed_ring_ar
1778544337.9493692,15,40,1.603981,102.64,295.845,1244.632,2,4,compressed_ring_ar
1778544339.2944841,15,41,1.531733,98.94,321.871,1289.038,2,4,compressed_ring_ar
1778544340.6500518,15,42,1.62975,97.41,435.705,1311.581,2,4,compressed_ring_ar
1778544342.1616812,15,43,1.592743,89.81,379.204,1424.611,2,4,compressed_ring_ar
1778544343.3550534,15,44,1.633841,112.76,283.651,1134.064,2,4,compressed_ring_ar
1778544344.8227854,15,45,1.566018,90.58,543.226,1407.011,2,4,compressed_ring_ar
1778544346.0629177,15,46,1.447975,107.24,145.575,1190.708,2,4,compressed_ring_ar
1778544347.498313,15,47,1.628006,93.29,390.915,1371.162,2,4,compressed_ring_ar
1778544348.8332071,15,48,1.479267,101.49,710.497,1259.719,2,4,compressed_ring_ar
1778544350.041503,15,49,1.479696,109.47,129.965,1168.165,2,4,compressed_ring_ar
1778544351.3190405,15,50,1.754021,107.3,645.095,1190.08,2,4,compressed_ring_ar
1778544352.5798037,15,51,1.469447,105.03,170.927,1217.316,2,4,compressed_ring_ar
1778544353.812851,15,52,1.498221,107.31,331.874,1192.305,2,4,compressed_ring_ar
1778544355.2940557,15,53,1.591188,92.73,526.208,1375.5,2,4,compressed_ring_ar
1778544356.6052315,15,54,1.605624,100.54,248.678,1268.121,2,4,compressed_ring_ar
1778544357.834737,15,55,1.621618,107.64,342.865,1187.894,2,4,compressed_ring_ar
1778544359.3866353,15,56,1.788195,87.66,871.937,1458.653,2,4,compressed_ring_ar
1778544360.7692492,15,57,1.668928,97.42,489.767,1311.065,2,4,compressed_ring_ar
1778544362.1431494,15,58,1.503978,96.34,378.225,1323.385,2,4,compressed_ring_ar
1778544363.3595858,15,59,1.605547,109.73,186.299,1164.486,2,4,compressed_ring_ar
1778544364.6117,15,60,1.499074,106.1,379.028,1206.104,2,4,compressed_ring_ar
1778544365.972601,15,61,1.550041,100.21,535.38,1270.927,2,4,compressed_ring_ar
1778544367.1680133,15,62,1.619861,110.69,131.683,1155.526,2,4,compressed_ring_ar
1778544368.4407501,15,63,1.820879,107.15,506.855,1193.43,2,4,compressed_ring_ar
1778544370.1427708,15,64,1.606637,79.98,892.582,1599.104,2,4,compressed_ring_ar
1778544371.6917765,15,65,1.568438,86.78,372.335,1472.035,2,4,compressed_ring_ar
1778544373.1046293,15,66,1.602093,93.44,196.617,1364.66,2,4,compressed_ring_ar
1778544374.4782193,15,67,1.681796,96.93,288.976,1316.057,2,4,compressed_ring_ar
1778544375.7163792,15,68,1.617573,107.2,155.101,1192.775,2,4,compressed_ring_ar
1778544376.9252493,15,69,1.51839,111.36,368.967,1148.355,2,4,compressed_ring_ar
1778544378.209285,15,70,1.470535,105.51,313.229,1210.28,2,4,compressed_ring_ar
1778544379.7412808,15,71,1.333964,85.59,459.815,1493.019,2,4,compressed_ring_ar
1778544381.010901,15,72,1.643914,105.98,391.068,1206.859,2,4,compressed_ring_ar
1778544382.4416234,15,73,1.669955,94.86,339.955,1346.416,2,4,compressed_ring_ar
1778544383.6880102,15,74,1.720283,106.11,316.174,1204.823,2,4,compressed_ring_ar
1778544385.0115402,15,75,1.598208,101.21,314.434,1264.131,2,4,compressed_ring_ar
1778544386.6006083,15,76,1.583737,84.12,340.032,1514.896,2,4,compressed_ring_ar
1778544387.8211796,15,77,1.62609,109.05,185.963,1172.686,2,4,compressed_ring_ar
1778544389.3728187,15,78,1.653155,86.52,547.045,1476.774,2,4,compressed_ring_ar
1778544390.884446,15,79,1.5299,88.0,205.862,1453.385,2,4,compressed_ring_ar
1778544392.2084012,15,80,1.591347,102.14,380.198,1251.917,2,4,compressed_ring_ar
1778544393.5468998,15,81,1.491017,100.65,396.456,1269.591,2,4,compressed_ring_ar
1778544394.8185186,15,82,1.443721,105.37,339.891,1213.777,2,4,compressed_ring_ar
1778544396.1210957,15,83,1.703483,103.42,393.223,1236.347,2,4,compressed_ring_ar
1778544397.3836708,15,84,1.606508,105.62,382.121,1210.589,2,4,compressed_ring_ar
1778544398.9060125,15,85,1.400716,88.02,456.604,1451.971,2,4,compressed_ring_ar
1778544400.4980807,15,86,1.533736,84.63,203.188,1510.981,2,4,compressed_ring_ar
1778544401.792897,15,87,1.522552,104.0,239.557,1228.796,2,4,compressed_ring_ar
1778544403.0560868,15,88,1.46983,107.46,193.846,1189.174,2,4,compressed_ring_ar
1778544404.4307725,15,89,1.387383,96.0,487.739,1331.989,2,4,compressed_ring_ar
1778544405.7635236,15,90,1.520455,100.43,209.907,1273.232,2,4,compressed_ring_ar
1778544407.1118512,15,91,1.505357,97.8,172.633,1307.802,2,4,compressed_ring_ar
1778544408.4124506,15,92,1.632527,104.96,689.231,1217.991,2,4,compressed_ring_ar
1778544409.6417017,15,93,1.638519,109.32,361.139,1169.339,2,4,compressed_ring_ar
1778544411.0567205,15,94,1.490986,94.77,565.527,1349.087,2,4,compressed_ring_ar
1778544412.3332374,15,95,1.466345,104.87,274.167,1219.537,2,4,compressed_ring_ar
1778544413.621277,15,96,1.678424,106.0,549.143,1205.235,2,4,compressed_ring_ar
1778544414.7352357,15,97,1.50334,78.0,361.451,1072.165,2,4,compressed_ring_ar
1778544426.969537,16,0,1.426392,86.96,176.34,1470.21,2,4,compressed_ring_ar
1778544428.329325,16,1,1.420808,104.48,351.983,1224.143,2,4,compressed_ring_ar
1778544429.6571085,16,2,1.686071,100.56,394.535,1271.778,2,4,compressed_ring_ar
1778544430.9897916,16,3,1.505835,100.53,597.822,1271.925,2,4,compressed_ring_ar
1778544432.3717983,16,4,1.671719,96.75,363.632,1316.808,2,4,compressed_ring_ar
1778544433.4666536,16,5,1.480532,120.71,251.631,1059.548,2,4,compressed_ring_ar
1778544434.8607004,16,6,1.580788,98.24,685.642,1300.838,2,4,compressed_ring_ar
1778544436.198351,16,7,1.470096,98.6,300.617,1297.041,2,4,compressed_ring_ar
1778544437.5530279,16,8,1.703227,98.53,388.685,1298.1,2,4,compressed_ring_ar
1778544438.8002455,16,9,1.615195,107.5,650.939,1190.005,2,4,compressed_ring_ar
1778544440.0738215,16,10,1.533231,107.6,342.256,1187.06,2,4,compressed_ring_ar
1778544441.3250482,16,11,1.456654,105.46,495.43,1212.476,2,4,compressed_ring_ar
1778544442.6968663,16,12,1.623406,99.87,722.767,1279.134,2,4,compressed_ring_ar
1778544443.9477274,16,13,1.416423,107.26,422.678,1191.144,2,4,compressed_ring_ar
1778544445.361976,16,14,1.511721,95.05,575.656,1345.281,2,4,compressed_ring_ar
1778544446.7755008,16,15,1.685343,96.6,696.656,1323.778,2,4,compressed_ring_ar
1778544448.22544,16,16,1.566555,91.56,526.837,1396.595,2,4,compressed_ring_ar
1778544449.5272753,16,17,1.513262,102.82,473.886,1242.938,2,4,compressed_ring_ar
1778544450.8596153,16,18,1.634888,100.33,411.619,1274.571,2,4,compressed_ring_ar
1778544452.3248954,16,19,1.481715,91.78,574.811,1393.53,2,4,compressed_ring_ar
1778544453.6563888,16,20,1.475492,103.91,378.327,1230.844,2,4,compressed_ring_ar
1778544454.949582,16,21,1.545452,103.13,184.931,1240.134,2,4,compressed_ring_ar
1778544456.3089585,16,22,1.570757,99.05,429.802,1291.281,2,4,compressed_ring_ar
1778544457.694091,16,23,1.516111,98.24,678.477,1301.778,2,4,compressed_ring_ar
1778544458.8684962,16,24,1.611474,115.11,305.272,1110.951,2,4,compressed_ring_ar
1778544460.175272,16,25,1.471436,104.61,639.627,1221.462,2,4,compressed_ring_ar
1778544461.530093,16,26,1.536015,98.38,424.908,1297.276,2,4,compressed_ring_ar
1778544462.778415,16,27,1.678185,106.38,206.837,1201.812,2,4,compressed_ring_ar
1778544464.1843052,16,28,1.645353,94.95,333.39,1343.08,2,4,compressed_ring_ar
1778544465.568203,16,29,1.627168,94.97,190.941,1346.46,2,4,compressed_ring_ar
1778544466.982718,16,30,1.58967,93.16,403.954,1369.332,2,4,compressed_ring_ar
1778544468.2341964,16,31,1.609198,106.25,174.702,1204.357,2,4,compressed_ring_ar
1778544469.466269,16,32,1.616316,108.71,620.119,1175.137,2,4,compressed_ring_ar
1778544470.929115,16,33,1.426284,90.97,302.694,1405.716,2,4,compressed_ring_ar
1778544472.2711473,16,34,1.612618,98.04,477.704,1303.46,2,4,compressed_ring_ar
1778544473.712703,16,35,1.682922,91.13,446.589,1396.527,2,4,compressed_ring_ar
1778544474.984499,16,36,1.514879,103.76,218.11,1227.763,2,4,compressed_ring_ar
1778544476.230975,16,37,1.552267,105.86,390.872,1203.355,2,4,compressed_ring_ar
1778544477.5363147,16,38,1.538774,100.83,386.472,1265.315,2,4,compressed_ring_ar
1778544478.8134744,16,39,1.627407,104.18,300.222,1222.782,2,4,compressed_ring_ar
1778544480.1845548,16,40,1.558944,95.88,217.785,1330.764,2,4,compressed_ring_ar
1778544481.3940117,16,41,1.548304,110.23,192.891,1158.934,2,4,compressed_ring_ar
1778544482.759969,16,42,1.328359,97.85,527.588,1306.798,2,4,compressed_ring_ar
1778544484.064998,16,43,1.537934,101.82,242.411,1255.644,2,4,compressed_ring_ar
1778544485.4993446,16,44,1.472664,92.89,193.098,1372.14,2,4,compressed_ring_ar
1778544486.877505,16,45,1.566075,95.52,371.088,1338.658,2,4,compressed_ring_ar
1778544488.2336884,16,46,1.713015,98.7,182.012,1294.627,2,4,compressed_ring_ar
1778544489.575212,16,47,1.435735,99.76,433.565,1281.651,2,4,compressed_ring_ar
1778544490.8544886,16,48,1.623448,103.96,206.359,1229.878,2,4,compressed_ring_ar
1778544492.4082742,16,49,1.493858,84.79,466.35,1504.241,2,4,compressed_ring_ar
1778544493.8194778,16,50,1.483588,97.29,222.612,1305.73,2,4,compressed_ring_ar
1778544495.0297737,16,51,1.438415,108.8,234.131,1169.739,2,4,compressed_ring_ar
1778544496.207868,16,52,1.527967,112.51,261.979,1136.394,2,4,compressed_ring_ar
1778544497.6125486,16,53,1.798275,93.86,227.911,1361.041,2,4,compressed_ring_ar
1778544498.8723474,16,54,1.664588,106.2,401.891,1197.112,2,4,compressed_ring_ar
1778544500.2949495,16,55,1.682903,92.63,223.784,1375.249,2,4,compressed_ring_ar
1778544501.4968328,16,56,1.484822,109.79,191.028,1161.503,2,4,compressed_ring_ar
1778544502.9246054,16,57,1.534031,93.02,275.315,1370.473,2,4,compressed_ring_ar
1778544504.119703,16,58,1.615954,110.67,224.458,1152.483,2,4,compressed_ring_ar
1778544505.4938703,16,59,1.721049,95.68,213.132,1336.351,2,4,compressed_ring_ar
1778544506.8666942,16,60,1.502215,96.79,203.093,1318.674,2,4,compressed_ring_ar
1778544508.4793255,16,61,1.520371,82.04,201.769,1555.062,2,4,compressed_ring_ar
1778544509.7489812,16,62,1.399085,106.24,204.056,1198.433,2,4,compressed_ring_ar
1778544511.0885937,16,63,1.639761,100.32,197.665,1269.444,2,4,compressed_ring_ar
1778544512.4470284,16,64,1.528066,97.41,340.616,1309.411,2,4,compressed_ring_ar
1778544513.723654,16,65,1.608194,103.52,257.117,1235.32,2,4,compressed_ring_ar
1778544514.9756794,16,66,1.518886,105.78,286.785,1208.704,2,4,compressed_ring_ar
1778544516.4829783,16,67,1.572113,87.57,211.14,1455.203,2,4,compressed_ring_ar
1778544517.9550595,16,68,1.584406,90.33,256.695,1409.519,2,4,compressed_ring_ar
1778544519.3360407,16,69,1.536938,97.18,220.951,1311.533,2,4,compressed_ring_ar
1778544520.6837826,16,70,1.664233,98.31,327.966,1296.326,2,4,compressed_ring_ar
1778544522.0160859,16,71,1.614338,100.47,200.871,1270.331,2,4,compressed_ring_ar
1778544523.2935095,16,72,1.55872,103.22,236.996,1234.265,2,4,compressed_ring_ar
1778544524.6737826,16,73,1.610911,95.37,192.851,1336.689,2,4,compressed_ring_ar
1778544526.0965674,16,74,1.400343,93.48,379.376,1363.678,2,4,compressed_ring_ar
1778544527.4802268,16,75,1.402644,95.25,355.326,1338.228,2,4,compressed_ring_ar
1778544528.877387,16,76,1.512951,94.09,198.004,1354.579,2,4,compressed_ring_ar
1778544530.1385546,16,77,1.493925,105.0,283.338,1209.223,2,4,compressed_ring_ar
1778544531.4124157,16,78,1.632347,103.35,228.67,1231.043,2,4,compressed_ring_ar
1778544532.8164933,16,79,1.461998,93.86,215.548,1358.965,2,4,compressed_ring_ar
1778544533.9643254,16,80,1.571475,117.24,209.35,1086.347,2,4,compressed_ring_ar
1778544535.2604434,16,81,1.667229,103.21,224.429,1238.058,2,4,compressed_ring_ar
1778544536.5402448,16,82,1.67493,104.78,226.491,1215.93,2,4,compressed_ring_ar
1778544537.7589252,16,83,1.526606,108.98,311.196,1169.97,2,4,compressed_ring_ar
1778544538.8739607,16,84,1.728804,119.67,197.185,1065.158,2,4,compressed_ring_ar
1778544540.2637527,16,85,1.450562,95.28,218.407,1336.691,2,4,compressed_ring_ar
1778544541.7339344,16,86,1.352986,89.22,237.753,1430.095,2,4,compressed_ring_ar
1778544542.9733732,16,87,1.678368,108.69,205.626,1173.225,2,4,compressed_ring_ar
1778544544.3339171,16,88,1.580499,97.29,253.755,1310.836,2,4,compressed_ring_ar
1778544545.6187267,16,89,1.515153,102.45,228.396,1244.731,2,4,compressed_ring_ar
1778544547.0250514,16,90,1.431031,93.45,233.563,1362.773,2,4,compressed_ring_ar
1778544548.3401713,16,91,1.650141,100.74,206.348,1269.469,2,4,compressed_ring_ar
1778544549.8032057,16,92,1.587653,92.02,282.477,1386.49,2,4,compressed_ring_ar
1778544551.16538,16,93,1.43881,100.42,219.981,1269.938,2,4,compressed_ring_ar
1778544552.3814526,16,94,1.578242,109.04,228.274,1172.512,2,4,compressed_ring_ar
1778544553.9104881,16,95,1.652455,85.9,351.096,1486.207,2,4,compressed_ring_ar
1778544555.1980379,16,96,1.67189,102.77,321.626,1240.644,2,4,compressed_ring_ar
1778544556.4497147,16,97,1.433646,68.51,324.082,1217.726,2,4,compressed_ring_ar
1778544567.992926,17,0,1.610038,91.29,207.992,1396.2,2,4,compressed_ring_ar
1778544569.113912,17,1,1.497819,118.56,356.179,1076.442,2,4,compressed_ring_ar
1778544570.5242758,17,2,1.70162,93.95,361.555,1357.936,2,4,compressed_ring_ar
1778544571.7930412,17,3,1.51702,103.88,334.407,1227.018,2,4,compressed_ring_ar
1778544573.1003451,17,4,1.679067,100.81,223.265,1268.375,2,4,compressed_ring_ar
1778544574.4920168,17,5,1.636016,95.69,221.417,1333.43,2,4,compressed_ring_ar
1778544575.816709,17,6,1.600952,99.25,204.696,1285.126,2,4,compressed_ring_ar
1778544577.209399,17,7,1.453864,95.89,265.933,1325.366,2,4,compressed_ring_ar
1778544578.320814,17,8,1.350607,125.72,202.551,1017.027,2,4,compressed_ring_ar
1778544579.658116,17,9,1.623063,99.46,198.423,1283.102,2,4,compressed_ring_ar
1778544580.9956229,17,10,1.583461,98.67,335.441,1293.143,2,4,compressed_ring_ar
1778544582.3227353,17,11,1.80354,99.14,297.303,1289.752,2,4,compressed_ring_ar
1778544583.5761373,17,12,1.531083,106.19,204.369,1199.706,2,4,compressed_ring_ar
1778544584.817201,17,13,1.639134,106.15,322.092,1204.45,2,4,compressed_ring_ar
1778544586.3559568,17,14,1.597629,85.97,245.558,1484.044,2,4,compressed_ring_ar
1778544587.688704,17,15,1.536602,99.97,282.822,1273.445,2,4,compressed_ring_ar
1778544589.246249,17,16,1.580521,86.05,247.114,1484.898,2,4,compressed_ring_ar
1778544590.7015488,17,17,1.566446,91.19,393.142,1398.286,2,4,compressed_ring_ar
1778544591.9575844,17,18,1.700613,106.78,227.112,1194.112,2,4,compressed_ring_ar
1778544593.2149956,17,19,1.485877,108.89,226.61,1170.684,2,4,compressed_ring_ar
1778544594.5386043,17,20,1.627343,99.66,201.631,1279.75,2,4,compressed_ring_ar
1778544595.9986565,17,21,1.486235,90.62,253.475,1406.477,2,4,compressed_ring_ar
1778544597.4322948,17,22,1.458062,92.35,263.047,1381.018,2,4,compressed_ring_ar
1778544598.6498194,17,23,1.414743,109.29,230.399,1165.717,2,4,compressed_ring_ar
1778544599.966873,17,24,1.519082,100.67,252.897,1267.002,2,4,compressed_ring_ar
1778544601.221466,17,25,1.561554,104.86,203.976,1216.291,2,4,compressed_ring_ar
1778544602.641353,17,26,1.689143,92.95,242.518,1375.81,2,4,compressed_ring_ar
1778544604.1541004,17,27,1.477511,87.19,235.428,1462.769,2,4,compressed_ring_ar
1778544605.46936,17,28,1.560657,100.0,611.125,1275.604,2,4,compressed_ring_ar
1778544606.7933383,17,29,1.495074,100.06,206.366,1277.925,2,4,compressed_ring_ar
1778544608.262543,17,30,1.498736,89.68,240.712,1421.328,2,4,compressed_ring_ar
1778544609.661785,17,31,1.559528,94.57,234.207,1352.112,2,4,compressed_ring_ar
1778544611.0856345,17,32,1.526659,92.87,226.002,1376.888,2,4,compressed_ring_ar
1778544612.4371576,17,33,1.40584,97.63,215.133,1310.07,2,4,compressed_ring_ar
1778544613.9016206,17,34,1.693967,91.55,463.453,1393.362,2,4,compressed_ring_ar
1778544615.0594606,17,35,1.482307,117.54,149.049,1086.532,2,4,compressed_ring_ar
1778544616.282075,17,36,1.436,109.25,322.631,1170.446,2,4,compressed_ring_ar
1778544617.6092076,17,37,1.531918,100.31,465.76,1274.819,2,4,compressed_ring_ar
1778544618.9864156,17,38,1.645771,97.76,204.249,1308.466,2,4,compressed_ring_ar
1778544620.1979487,17,39,1.919945,111.36,296.323,1148.329,2,4,compressed_ring_ar
1778544621.4920304,17,40,1.524078,105.2,348.603,1215.806,2,4,compressed_ring_ar
1778544622.7743573,17,41,1.592979,107.81,597.362,1186.104,2,4,compressed_ring_ar
1778544624.0769577,17,42,1.638994,102.41,342.305,1248.768,2,4,compressed_ring_ar
1778544625.402938,17,43,1.526252,100.34,325.505,1270.911,2,4,compressed_ring_ar
1778544626.7807574,17,44,1.540571,97.01,201.08,1316.434,2,4,compressed_ring_ar
1778544628.2340453,17,45,1.501392,91.72,400.877,1394.173,2,4,compressed_ring_ar
1778544629.796124,17,46,1.547624,85.29,411.227,1498.404,2,4,compressed_ring_ar
1778544631.1154265,17,47,1.605487,100.56,246.154,1271.614,2,4,compressed_ring_ar
1778544632.5449452,17,48,1.518878,94.43,451.077,1353.009,2,4,compressed_ring_ar
1778544633.8210664,17,49,1.459799,104.97,349.614,1217.076,2,4,compressed_ring_ar
1778544635.1940238,17,50,1.643945,96.32,349.884,1327.753,2,4,compressed_ring_ar
1778544636.5308244,17,51,1.458782,103.29,255.68,1238.111,2,4,compressed_ring_ar
1778544637.9017036,17,52,1.416044,97.01,353.34,1318.157,2,4,compressed_ring_ar
1778544639.229964,17,53,1.604606,101.93,480.444,1254.493,2,4,compressed_ring_ar
1778544640.5281072,17,54,1.606738,103.04,331.814,1239.725,2,4,compressed_ring_ar
1778544641.785218,17,55,1.5666,107.14,319.581,1193.536,2,4,compressed_ring_ar
1778544643.0269656,17,56,1.575911,108.13,167.124,1181.179,2,4,compressed_ring_ar
1778544644.3569233,17,57,1.485479,101.6,488.56,1258.614,2,4,compressed_ring_ar
1778544645.6102288,17,58,1.380628,105.93,325.756,1204.546,2,4,compressed_ring_ar
1778544646.8976836,17,59,1.484289,103.2,158.674,1239.634,2,4,compressed_ring_ar
1778544648.3627396,17,60,1.539437,92.62,153.484,1381.244,2,4,compressed_ring_ar
1778544649.9430058,17,61,1.659981,88.75,788.473,1439.839,2,4,compressed_ring_ar
1778544651.2206717,17,62,1.503839,104.42,292.599,1223.538,2,4,compressed_ring_ar
1778544652.5007463,17,63,1.539159,104.06,268.966,1227.211,2,4,compressed_ring_ar
1778544653.7450116,17,64,1.457829,106.99,354.526,1195.176,2,4,compressed_ring_ar
1778544655.1954143,17,65,1.494199,95.49,564.594,1333.125,2,4,compressed_ring_ar
1778544656.242309,17,66,1.565846,127.03,129.838,1006.329,2,4,compressed_ring_ar
1778544657.6093895,17,67,1.631853,98.86,586.86,1293.905,2,4,compressed_ring_ar
1778544658.9096794,17,68,1.551059,101.81,449.796,1254.809,2,4,compressed_ring_ar
1778544660.1901798,17,69,1.720413,104.3,386.939,1225.958,2,4,compressed_ring_ar
1778544661.5032752,17,70,1.616512,101.76,367.264,1256.315,2,4,compressed_ring_ar
1778544662.9841886,17,71,1.567593,91.13,400.435,1403.605,2,4,compressed_ring_ar
1778544664.433461,17,72,1.815456,92.43,649.466,1380.664,2,4,compressed_ring_ar
1778544665.7845268,17,73,1.641114,99.26,158.586,1288.319,2,4,compressed_ring_ar
1778544667.0436623,17,74,1.401079,108.37,524.847,1179.305,2,4,compressed_ring_ar
1778544668.411747,17,75,1.457219,99.44,414.857,1282.315,2,4,compressed_ring_ar
1778544669.536242,17,76,1.708916,119.54,166.626,1069.605,2,4,compressed_ring_ar
1778544670.9205716,17,77,1.532634,98.0,614.962,1304.903,2,4,compressed_ring_ar
1778544672.1832476,17,78,1.443382,105.48,337.194,1212.22,2,4,compressed_ring_ar
1778544673.6263745,17,79,1.628164,93.36,694.961,1365.955,2,4,compressed_ring_ar
1778544674.9493704,17,80,1.511288,101.58,657.746,1256.263,2,4,compressed_ring_ar
1778544676.2189271,17,81,1.519853,104.18,202.029,1227.385,2,4,compressed_ring_ar
1778544677.503235,17,82,1.552297,105.58,349.672,1211.039,2,4,compressed_ring_ar
1778544678.7956629,17,83,1.674365,103.2,492.644,1239.27,2,4,compressed_ring_ar
1778544680.1540585,17,84,1.365434,98.46,423.447,1299.022,2,4,compressed_ring_ar
1778544681.6260846,17,85,1.434491,93.34,797.932,1370.502,2,4,compressed_ring_ar
1778544682.9932897,17,86,1.652763,100.88,539.342,1266.821,2,4,compressed_ring_ar
1778544684.4299793,17,87,1.558124,92.74,532.44,1379.193,2,4,compressed_ring_ar
1778544685.8472865,17,88,1.48131,94.9,469.367,1347.249,2,4,compressed_ring_ar
1778544687.1607776,17,89,1.629294,102.18,312.458,1250.336,2,4,compressed_ring_ar
1778544688.5078194,17,90,1.465843,100.31,405.9,1275.0,2,4,compressed_ring_ar
1778544689.7222683,17,91,1.612305,112.34,364.681,1138.269,2,4,compressed_ring_ar
1778544691.0567775,17,92,1.369783,102.07,654.888,1252.847,2,4,compressed_ring_ar
1778544692.5443132,17,93,1.61449,90.27,643.941,1413.455,2,4,compressed_ring_ar
1778544693.843789,17,94,1.879767,101.27,222.794,1257.721,2,4,compressed_ring_ar
1778544695.0970185,17,95,1.49608,105.39,199.447,1213.433,2,4,compressed_ring_ar
1778544696.415331,17,96,1.602006,102.41,338.783,1248.811,2,4,compressed_ring_ar
1778544697.6176653,17,97,1.481589,72.03,275.654,1160.493,2,4,compressed_ring_ar
1778544709.0639567,18,0,1.539735,107.23,136.548,1193.081,2,4,compressed_ring_ar
1778544710.369333,18,1,1.491015,104.68,542.486,1221.987,2,4,compressed_ring_ar
1778544711.6611643,18,2,1.555954,104.33,284.901,1225.634,2,4,compressed_ring_ar
1778544712.9016032,18,3,1.596913,108.14,342.22,1181.036,2,4,compressed_ring_ar
1778544714.192737,18,4,1.63101,103.52,413.205,1236.012,2,4,compressed_ring_ar
1778544715.4998996,18,5,1.4542,102.1,299.826,1252.573,2,4,compressed_ring_ar
1778544716.8814187,18,6,1.683317,96.82,347.581,1319.696,2,4,compressed_ring_ar
1778544718.3971531,18,7,1.750263,89.96,327.717,1421.339,2,4,compressed_ring_ar
1778544719.626099,18,8,1.548854,110.5,332.309,1157.137,2,4,compressed_ring_ar
1778544720.9283376,18,9,1.502443,104.82,667.176,1217.933,2,4,compressed_ring_ar
1778544722.1732323,18,10,1.482812,106.3,310.057,1202.718,2,4,compressed_ring_ar
1778544723.6276777,18,11,1.566434,91.23,353.974,1401.497,2,4,compressed_ring_ar
1778544724.9362645,18,12,1.501874,104.33,427.928,1225.125,2,4,compressed_ring_ar
1778544726.210326,18,13,1.677562,106.36,341.09,1202.158,2,4,compressed_ring_ar
1778544727.5629616,18,14,1.554575,98.03,311.863,1305.436,2,4,compressed_ring_ar
1778544728.8865426,18,15,1.587907,101.08,372.663,1265.119,2,4,compressed_ring_ar
1778544730.1448238,18,16,1.651864,107.81,664.496,1186.433,2,4,compressed_ring_ar
1778544731.5897822,18,17,1.469429,93.71,563.412,1364.912,2,4,compressed_ring_ar
1778544733.0530434,18,18,1.693848,92.56,734.971,1381.884,2,4,compressed_ring_ar
1778544734.3107848,18,19,1.665345,110.32,453.473,1159.087,2,4,compressed_ring_ar
1778544735.6749554,18,20,1.643662,99.74,646.723,1281.273,2,4,compressed_ring_ar
1778544736.9620056,18,21,1.511793,104.04,159.86,1228.375,2,4,compressed_ring_ar
1778544738.4470184,18,22,1.572083,89.09,606.121,1432.363,2,4,compressed_ring_ar
1778544739.7194388,18,23,1.353506,108.88,152.854,1174.62,2,4,compressed_ring_ar
1778544741.0162246,18,24,1.443609,102.9,240.266,1242.728,2,4,compressed_ring_ar
1778544742.3598332,18,25,1.4122,98.8,323.385,1290.976,2,4,compressed_ring_ar
1778544743.775837,18,26,1.699102,95.38,741.581,1340.172,2,4,compressed_ring_ar
1778544745.1466253,18,27,1.496871,96.9,550.574,1319.684,2,4,compressed_ring_ar
1778544746.4263818,18,28,1.628159,107.42,438.516,1190.535,2,4,compressed_ring_ar
1778544747.7933235,18,29,1.541706,99.64,649.316,1283.484,2,4,compressed_ring_ar
1778544749.1268792,18,30,1.342446,99.98,388.451,1279.039,2,4,compressed_ring_ar
1778544750.4094553,18,31,1.543785,104.04,432.941,1229.152,2,4,compressed_ring_ar
1778544751.7430902,18,32,1.79686,102.0,685.983,1252.409,2,4,compressed_ring_ar
1778544752.9808505,18,33,1.614666,108.29,280.723,1181.048,2,4,compressed_ring_ar
1778544754.3190417,18,34,1.502352,99.02,361.171,1291.425,2,4,compressed_ring_ar
1778544755.699997,18,35,1.602791,97.53,381.19,1309.811,2,4,compressed_ring_ar
1778544756.9994736,18,36,1.532462,102.49,292.779,1247.917,2,4,compressed_ring_ar
1778544758.3627362,18,37,1.592783,97.02,276.586,1316.806,2,4,compressed_ring_ar
1778544759.7292275,18,38,1.437394,99.27,246.066,1287.049,2,4,compressed_ring_ar
1778544760.9828176,18,39,1.485038,108.55,320.608,1176.97,2,4,compressed_ring_ar
1778544762.2678251,18,40,1.489675,103.55,424.712,1234.181,2,4,compressed_ring_ar
1778544763.4626558,18,41,1.595621,111.46,321.72,1147.096,2,4,compressed_ring_ar
1778544764.7110217,18,42,1.535081,110.44,593.628,1156.464,2,4,compressed_ring_ar
1778544766.0057364,18,43,1.632613,103.12,348.516,1239.383,2,4,compressed_ring_ar
1778544767.6168666,18,44,1.520803,81.83,427.861,1562.567,2,4,compressed_ring_ar
1778544768.7689323,18,45,1.624776,117.9,368.463,1084.448,2,4,compressed_ring_ar
1778544770.0670593,18,46,1.520282,102.49,321.712,1246.564,2,4,compressed_ring_ar
1778544771.367771,18,47,1.610738,102.81,463.045,1243.855,2,4,compressed_ring_ar
1778544772.771163,18,48,1.449782,96.84,717.675,1320.044,2,4,compressed_ring_ar
1778544774.0498655,18,49,1.559568,106.26,286.618,1203.364,2,4,compressed_ring_ar
1778544775.3558075,18,50,1.4242,102.57,374.832,1246.841,2,4,compressed_ring_ar
1778544776.6726518,18,51,1.443759,101.33,248.397,1262.338,2,4,compressed_ring_ar
1778544777.9844253,18,52,1.480829,104.32,376.088,1225.654,2,4,compressed_ring_ar
1778544779.4975321,18,53,1.465008,88.08,569.313,1448.221,2,4,compressed_ring_ar
1778544780.6952991,18,54,1.677193,110.62,194.038,1155.822,2,4,compressed_ring_ar
1778544782.0928373,18,55,1.515789,96.76,198.965,1320.238,2,4,compressed_ring_ar
1778544783.4036746,18,56,1.742106,101.59,329.532,1258.94,2,4,compressed_ring_ar
1778544784.6733315,18,57,1.466004,104.71,308.839,1220.0,2,4,compressed_ring_ar
1778544786.0342262,18,58,1.655521,97.71,340.065,1304.611,2,4,compressed_ring_ar
1778544787.3350642,18,59,1.630767,103.07,238.02,1231.145,2,4,compressed_ring_ar
1778544788.4538286,18,60,1.729195,120.35,141.729,1060.825,2,4,compressed_ring_ar
1778544789.6736655,18,61,1.444955,108.9,338.879,1173.93,2,4,compressed_ring_ar
1778544791.1735847,18,62,1.421082,89.43,430.16,1424.39,2,4,compressed_ring_ar
1778544792.2662125,18,63,1.541736,121.15,150.299,1054.101,2,4,compressed_ring_ar
1778544793.6245215,18,64,1.535838,99.89,408.201,1279.507,2,4,compressed_ring_ar
1778544794.9930036,18,65,1.587719,96.53,376.956,1323.444,2,4,compressed_ring_ar
1778544796.2468736,18,66,1.583515,107.85,388.864,1185.582,2,4,compressed_ring_ar
1778544797.6979098,18,67,1.659704,93.12,363.694,1370.334,2,4,compressed_ring_ar
1778544798.8646855,18,68,1.455525,113.23,294.919,1129.352,2,4,compressed_ring_ar
1778544800.1357043,18,69,1.585766,108.45,590.546,1179.238,2,4,compressed_ring_ar
1778544801.5042214,18,70,1.70571,98.83,439.739,1293.846,2,4,compressed_ring_ar
1778544802.9387193,18,71,1.424521,92.81,432.016,1376.346,2,4,compressed_ring_ar
1778544804.3838716,18,72,1.75496,92.2,415.225,1387.016,2,4,compressed_ring_ar
1778544805.6536403,18,73,1.4255,105.24,351.284,1215.037,2,4,compressed_ring_ar
1778544807.020681,18,74,1.652653,98.44,391.506,1299.274,2,4,compressed_ring_ar
1778544808.3314023,18,75,1.491377,103.17,284.569,1239.393,2,4,compressed_ring_ar
1778544809.6932387,18,76,1.700902,98.64,529.801,1296.625,2,4,compressed_ring_ar
1778544810.9982433,18,77,1.338271,104.34,677.568,1224.69,2,4,compressed_ring_ar
1778544812.366414,18,78,1.540393,98.68,593.523,1295.975,2,4,compressed_ring_ar
1778544813.7599213,18,79,1.452929,99.04,436.739,1290.043,2,4,compressed_ring_ar
1778544815.1109273,18,80,1.571149,97.74,332.879,1305.505,2,4,compressed_ring_ar
1778544816.481979,18,81,1.581123,96.77,264.149,1322.003,2,4,compressed_ring_ar
1778544817.9074564,18,82,1.491469,95.0,737.792,1346.307,2,4,compressed_ring_ar
1778544819.3474383,18,83,1.710973,94.4,201.953,1352.987,2,4,compressed_ring_ar
1778544820.7050672,18,84,1.456799,98.07,214.8,1302.351,2,4,compressed_ring_ar
1778544821.9016087,18,85,1.510238,110.96,265.808,1152.346,2,4,compressed_ring_ar
1778544823.1876605,18,86,1.450322,103.85,163.396,1231.25,2,4,compressed_ring_ar
1778544824.5745728,18,87,1.380746,97.5,697.133,1311.605,2,4,compressed_ring_ar
1778544826.04681,18,88,1.570319,91.12,459.009,1400.508,2,4,compressed_ring_ar
1778544827.5934258,18,89,1.882252,89.29,265.022,1424.859,2,4,compressed_ring_ar
1778544828.7532735,18,90,1.614082,115.21,238.111,1108.929,2,4,compressed_ring_ar
1778544830.1767597,18,91,1.329337,94.62,448.145,1346.971,2,4,compressed_ring_ar
1778544831.3206532,18,92,1.627815,115.33,272.332,1107.531,2,4,compressed_ring_ar
1778544832.6418047,18,93,1.556557,101.54,646.571,1258.013,2,4,compressed_ring_ar
1778544834.0643198,18,94,1.569382,92.79,185.297,1377.735,2,4,compressed_ring_ar
1778544835.4114947,18,95,1.635666,98.47,487.064,1296.132,2,4,compressed_ring_ar
1778544836.5613987,18,96,1.502042,117.06,149.173,1092.423,2,4,compressed_ring_ar
1778544837.867174,18,97,1.648264,69.62,467.639,1202.085,2,4,compressed_ring_ar
1778544849.5234008,19,0,1.618,98.55,202.864,1297.641,2,4,compressed_ring_ar
1778544850.7616017,19,1,1.388454,110.23,480.065,1160.049,2,4,compressed_ring_ar
1778544852.004649,19,2,1.438171,110.71,592.431,1155.064,2,4,compressed_ring_ar
1778544853.3928242,19,3,1.49047,98.43,585.859,1299.227,2,4,compressed_ring_ar
1778544854.7109187,19,4,1.344384,100.63,423.746,1266.026,2,4,compressed_ring_ar
1778544855.9004624,19,5,1.520032,112.43,161.088,1136.008,2,4,compressed_ring_ar
1778544857.3052046,19,6,1.717296,94.38,423.927,1353.756,2,4,compressed_ring_ar
1778544858.8155184,19,7,1.541634,90.32,404.2,1414.188,2,4,compressed_ring_ar
1778544860.058369,19,8,1.586165,106.15,447.546,1204.633,2,4,compressed_ring_ar
1778544861.5714428,19,9,1.648981,87.76,732.373,1456.249,2,4,compressed_ring_ar
1778544862.9280946,19,10,1.607072,97.56,273.18,1307.088,2,4,compressed_ring_ar
1778544864.0956578,19,11,1.592481,113.78,178.773,1123.682,2,4,compressed_ring_ar
1778544865.5164747,19,12,1.733452,92.93,369.239,1375.234,2,4,compressed_ring_ar
1778544867.0161788,19,13,1.528741,89.32,627.353,1431.892,2,4,compressed_ring_ar
1778544868.4682043,19,14,1.473426,91.3,440.368,1400.912,2,4,compressed_ring_ar
1778544869.9838152,19,15,1.35353,91.21,692.266,1402.157,2,4,compressed_ring_ar
1778544871.3375275,19,16,1.692775,99.63,374.58,1283.375,2,4,compressed_ring_ar
1778544872.5953705,19,17,1.593354,105.15,315.94,1216.278,2,4,compressed_ring_ar
1778544874.020067,19,18,1.640846,97.11,643.891,1316.666,2,4,compressed_ring_ar
1778544875.24444,19,19,1.454478,109.8,174.994,1164.709,2,4,compressed_ring_ar
1778544876.590752,19,20,1.542261,98.4,408.957,1298.863,2,4,compressed_ring_ar
1778544877.9314783,19,21,1.70919,98.98,486.558,1292.008,2,4,compressed_ring_ar
1778544879.2047956,19,22,1.446529,104.89,394.543,1217.387,2,4,compressed_ring_ar
1778544880.6226742,19,23,1.599219,92.87,389.428,1375.756,2,4,compressed_ring_ar
1778544881.8887177,19,24,1.798318,105.2,310.53,1212.827,2,4,compressed_ring_ar
1778544883.1288419,19,25,1.537652,106.52,262.549,1199.232,2,4,compressed_ring_ar
1778544884.4817588,19,26,1.549479,98.63,167.074,1296.081,2,4,compressed_ring_ar
1778544885.9711823,19,27,1.515663,91.41,383.403,1399.424,2,4,compressed_ring_ar
1778544887.287474,19,28,1.374489,101.57,697.237,1255.308,2,4,compressed_ring_ar
1778544888.6978333,19,29,1.336341,94.29,546.974,1354.567,2,4,compressed_ring_ar
1778544890.054055,19,30,1.616122,97.77,359.36,1302.281,2,4,compressed_ring_ar
1778544891.309179,19,31,1.434488,105.2,161.672,1213.233,2,4,compressed_ring_ar
1778544892.611114,19,32,1.477305,101.4,520.715,1261.344,2,4,compressed_ring_ar
1778544893.8391185,19,33,1.626655,112.8,611.242,1134.019,2,4,compressed_ring_ar
1778544895.2027154,19,34,1.626449,101.38,680.947,1261.304,2,4,compressed_ring_ar
1778544896.605361,19,35,1.443998,94.98,465.994,1346.581,2,4,compressed_ring_ar
1778544897.9237614,19,36,1.447578,102.6,464.149,1245.527,2,4,compressed_ring_ar
1778544899.4435656,19,37,1.660544,88.75,567.271,1437.523,2,4,compressed_ring_ar
1778544900.6397943,19,38,1.581396,113.08,144.564,1130.719,2,4,compressed_ring_ar
1778544901.9408407,19,39,1.470213,101.82,369.757,1256.68,2,4,compressed_ring_ar
1778544903.2711632,19,40,1.701096,100.7,456.002,1270.295,2,4,compressed_ring_ar
1778544904.567151,19,41,1.564686,102.15,345.814,1251.949,2,4,compressed_ring_ar
1778544905.96261,19,42,1.51928,96.29,385.458,1324.51,2,4,compressed_ring_ar
1778544907.240107,19,43,1.50226,104.04,313.019,1228.286,2,4,compressed_ring_ar
1778544908.4753492,19,44,1.659037,109.88,174.121,1163.749,2,4,compressed_ring_ar
1778544909.7610056,19,45,1.537056,105.2,318.095,1215.092,2,4,compressed_ring_ar
1778544911.0682275,19,46,1.534919,103.71,402.242,1232.961,2,4,compressed_ring_ar
1778544912.3901396,19,47,1.57288,103.71,586.264,1231.377,2,4,compressed_ring_ar
1778544913.6785388,19,48,1.476563,103.5,331.448,1234.503,2,4,compressed_ring_ar
1778544915.0962656,19,49,1.491324,93.06,567.858,1372.264,2,4,compressed_ring_ar
1778544916.637247,19,50,1.570278,85.7,601.89,1489.011,2,4,compressed_ring_ar
1778544917.8152997,19,51,1.419371,115.3,198.448,1109.27,2,4,compressed_ring_ar
1778544919.120961,19,52,1.689039,104.98,625.629,1217.911,2,4,compressed_ring_ar
1778544920.4496746,19,53,1.494493,101.48,701.405,1259.952,2,4,compressed_ring_ar
1778544921.8160715,19,54,1.560107,96.61,444.396,1322.404,2,4,compressed_ring_ar
1778544923.00132,19,55,1.582339,111.77,192.796,1144.167,2,4,compressed_ring_ar
1778544924.3632586,19,56,1.523574,103.69,620.251,1233.287,2,4,compressed_ring_ar
1778544925.6819298,19,57,1.472523,104.73,656.718,1221.059,2,4,compressed_ring_ar
1778544926.8930504,19,58,1.420479,113.47,564.701,1127.115,2,4,compressed_ring_ar
1778544928.2239404,19,59,1.662781,101.34,378.352,1260.489,2,4,compressed_ring_ar
1778544929.5824409,19,60,1.686331,98.51,345.057,1292.309,2,4,compressed_ring_ar
1778544930.8769147,19,61,1.404978,101.94,207.497,1248.48,2,4,compressed_ring_ar
1778544932.1285622,19,62,1.463326,105.86,285.05,1202.133,2,4,compressed_ring_ar
1778544933.477157,19,63,1.476633,98.2,252.324,1302.098,2,4,compressed_ring_ar
1778544934.9986577,19,64,1.6541,87.18,491.261,1463.604,2,4,compressed_ring_ar
1778544936.4475622,19,65,1.507746,90.83,257.455,1405.44,2,4,compressed_ring_ar
1778544937.7375963,19,66,1.48988,104.58,235.756,1218.754,2,4,compressed_ring_ar
1778544938.9350266,19,67,1.417329,110.14,182.246,1158.469,2,4,compressed_ring_ar
1778544940.1809118,19,68,1.538398,105.84,225.977,1208.071,2,4,compressed_ring_ar
1778544941.5407114,19,69,1.482298,98.49,577.342,1298.354,2,4,compressed_ring_ar
1778544942.7810009,19,70,1.526517,108.31,336.575,1180.624,2,4,compressed_ring_ar
1778544944.1102793,19,71,1.582733,100.76,486.444,1269.129,2,4,compressed_ring_ar
1778544945.4795601,19,72,1.489346,100.02,753.366,1278.499,2,4,compressed_ring_ar
1778544946.8533254,19,73,1.602712,97.42,715.382,1310.994,2,4,compressed_ring_ar
1778544948.4805489,19,74,1.599714,80.69,246.468,1581.417,2,4,compressed_ring_ar
1778544949.805771,19,75,1.580993,100.97,289.074,1263.123,2,4,compressed_ring_ar
1778544951.040804,19,76,1.445477,106.58,227.358,1198.9,2,4,compressed_ring_ar
1778544952.2587883,19,77,1.693105,111.27,153.087,1149.15,2,4,compressed_ring_ar
1778544953.512828,19,78,1.455243,107.96,549.362,1184.371,2,4,compressed_ring_ar
1778544954.7344296,19,79,1.698288,108.91,182.773,1174.033,2,4,compressed_ring_ar
1778544956.033754,19,80,1.479577,102.89,361.704,1243.071,2,4,compressed_ring_ar
1778544957.2754006,19,81,1.488515,110.14,320.901,1160.914,2,4,compressed_ring_ar
1778544958.6527343,19,82,1.552897,96.55,181.068,1322.856,2,4,compressed_ring_ar
1778544960.0127287,19,83,1.567507,97.99,453.258,1303.889,2,4,compressed_ring_ar
1778544961.3137248,19,84,1.541808,101.79,234.644,1256.071,2,4,compressed_ring_ar
1778544962.7501192,19,85,1.473176,94.03,381.065,1356.696,2,4,compressed_ring_ar
1778544964.1281629,19,86,1.753472,97.45,350.804,1312.099,2,4,compressed_ring_ar
1778544965.579787,19,87,1.582139,91.31,390.346,1400.375,2,4,compressed_ring_ar
1778544966.892875,19,88,1.516688,100.88,173.93,1266.458,2,4,compressed_ring_ar
1778544968.1830413,19,89,1.681834,103.74,290.138,1231.479,2,4,compressed_ring_ar
1778544969.57141,19,90,1.496447,94.93,248.298,1347.087,2,4,compressed_ring_ar
1778544970.8085618,19,91,1.530192,108.37,152.707,1178.708,2,4,compressed_ring_ar
1778544972.0200853,19,92,1.512497,112.07,296.202,1141.274,2,4,compressed_ring_ar
1778544973.4389644,19,93,1.447662,95.84,491.323,1334.263,2,4,compressed_ring_ar
1778544974.698957,19,94,1.49052,105.79,153.412,1208.754,2,4,compressed_ring_ar
1778544976.029191,19,95,1.636576,101.33,373.714,1260.169,2,4,compressed_ring_ar
1778544977.3791366,19,96,1.480854,98.62,311.939,1296.047,2,4,compressed_ring_ar
1778544978.913806,19,97,1.552206,56.77,189.561,1475.23,2,4,compressed_ring_ar
1778544990.5593832,20,0,1.45607,102.66,199.561,1244.446,2,4,compressed_ring_ar
1778544991.9493468,20,1,1.49003,96.5,421.934,1325.511,2,4,compressed_ring_ar
1778544993.3851783,20,2,1.500295,94.6,709.695,1349.013,2,4,compressed_ring_ar
1778544994.7009053,20,3,1.501155,101.03,197.656,1265.481,2,4,compressed_ring_ar
1778544996.0535004,20,4,1.75599,98.05,286.288,1304.54,2,4,compressed_ring_ar
1778544997.354114,20,5,1.662416,104.8,603.014,1220.137,2,4,compressed_ring_ar
1778544998.6536138,20,6,1.517636,104.29,556.775,1226.059,2,4,compressed_ring_ar
1778545000.0519106,20,7,1.531344,94.87,431.804,1346.902,2,4,compressed_ring_ar
1778545001.31958,20,8,1.486814,105.45,300.168,1212.77,2,4,compressed_ring_ar
1778545002.68221,20,9,1.464514,98.39,389.074,1298.765,2,4,compressed_ring_ar
1778545004.1327791,20,10,1.479904,93.34,404.711,1368.913,2,4,compressed_ring_ar
1778545005.3757591,20,11,1.532835,106.38,325.582,1202.036,2,4,compressed_ring_ar
1778545006.7142808,20,12,1.436686,100.98,456.712,1265.55,2,4,compressed_ring_ar
1778545008.0357754,20,13,1.484897,100.47,483.914,1272.635,2,4,compressed_ring_ar
1778545009.3653996,20,14,1.33261,100.3,414.908,1274.107,2,4,compressed_ring_ar
1778545010.6431212,20,15,1.518258,103.57,300.425,1234.753,2,4,compressed_ring_ar
1778545011.9671555,20,16,1.485497,100.51,373.313,1271.077,2,4,compressed_ring_ar
1778545013.1360269,20,17,1.503922,114.84,235.991,1112.037,2,4,compressed_ring_ar
1778545014.4837935,20,18,1.576104,100.61,672.256,1269.853,2,4,compressed_ring_ar
1778545015.8399267,20,19,1.414487,98.97,167.392,1290.354,2,4,compressed_ring_ar
1778545017.1693943,20,20,1.445288,100.9,292.71,1266.121,2,4,compressed_ring_ar
1778545018.749879,20,21,1.503084,83.57,380.401,1527.192,2,4,compressed_ring_ar
1778545020.0533133,20,22,1.536447,101.03,204.055,1265.522,2,4,compressed_ring_ar
1778545021.4429727,20,23,1.516804,95.15,336.837,1340.075,2,4,compressed_ring_ar
1778545022.6254866,20,24,1.456498,114.11,182.935,1120.558,2,4,compressed_ring_ar
1778545023.9523795,20,25,1.470327,101.52,353.162,1259.546,2,4,compressed_ring_ar
1778545025.3385153,20,26,1.535883,95.24,273.253,1342.572,2,4,compressed_ring_ar
1778545026.6726594,20,27,1.725915,99.95,183.916,1278.119,2,4,compressed_ring_ar
1778545027.979806,20,28,1.451302,101.3,342.56,1261.596,2,4,compressed_ring_ar
1778545029.2672043,20,29,1.473173,103.59,431.819,1234.009,2,4,compressed_ring_ar
1778545030.579206,20,30,1.519724,100.53,394.297,1269.054,2,4,compressed_ring_ar
1778545031.902272,20,31,1.390372,99.83,383.014,1280.043,2,4,compressed_ring_ar
1778545033.0578678,20,32,1.635945,115.68,339.023,1105.471,2,4,compressed_ring_ar
1778545034.2852108,20,33,1.653878,111.29,568.513,1148.932,2,4,compressed_ring_ar
1778545035.5945694,20,34,1.408383,102.51,287.532,1247.026,2,4,compressed_ring_ar
1778545036.8557303,20,35,1.409998,105.92,308.151,1205.981,2,4,compressed_ring_ar
1778545038.116645,20,36,1.579526,105.71,410.837,1208.371,2,4,compressed_ring_ar
1778545039.6464498,20,37,1.451032,88.28,572.245,1448.563,2,4,compressed_ring_ar
1778545040.999486,20,38,1.377172,100.14,438.786,1276.57,2,4,compressed_ring_ar
1778545042.321614,20,39,1.527454,100.85,258.986,1266.791,2,4,compressed_ring_ar
1778545043.6468713,20,40,1.644088,100.18,340.513,1275.375,2,4,compressed_ring_ar
1778545044.9720082,20,41,1.65626,99.84,278.538,1278.24,2,4,compressed_ring_ar
1778545046.2304244,20,42,1.546519,106.28,181.536,1202.478,2,4,compressed_ring_ar
1778545047.5185838,20,43,1.498971,103.36,406.98,1237.388,2,4,compressed_ring_ar
1778545048.8221319,20,44,1.568665,107.55,273.297,1186.856,2,4,compressed_ring_ar
1778545050.0593026,20,45,1.736556,106.54,368.599,1200.162,2,4,compressed_ring_ar
1778545051.4145157,20,46,1.671219,98.65,458.846,1294.571,2,4,compressed_ring_ar
1778545052.7755957,20,47,1.554901,97.42,326.925,1309.47,2,4,compressed_ring_ar
1778545054.046268,20,48,1.442608,103.86,291.828,1230.09,2,4,compressed_ring_ar
1778545055.3948026,20,49,1.688134,98.02,439.0,1303.518,2,4,compressed_ring_ar
1778545056.6801007,20,50,1.70838,102.52,396.682,1245.456,2,4,compressed_ring_ar
1778545058.1039743,20,51,1.551361,94.15,227.464,1354.365,2,4,compressed_ring_ar
1778545059.3760552,20,52,1.575096,104.02,210.71,1225.652,2,4,compressed_ring_ar
1778545060.707322,20,53,1.679233,99.13,209.199,1285.073,2,4,compressed_ring_ar
1778545061.96749,20,54,1.567696,107.64,362.586,1187.787,2,4,compressed_ring_ar
1778545063.251675,20,55,1.702801,103.23,308.111,1237.561,2,4,compressed_ring_ar
1778545064.5276513,20,56,1.6927,104.11,296.347,1228.299,2,4,compressed_ring_ar
1778545065.7899706,20,57,1.545173,105.8,364.207,1208.561,2,4,compressed_ring_ar
1778545067.1496108,20,58,1.555405,97.74,378.428,1308.433,2,4,compressed_ring_ar
1778545068.4578063,20,59,1.351055,101.83,465.707,1254.497,2,4,compressed_ring_ar
1778545069.9002087,20,60,1.467231,91.78,355.841,1393.455,2,4,compressed_ring_ar
1778545071.2977672,20,61,1.601768,95.69,399.98,1333.679,2,4,compressed_ring_ar
1778545072.610944,20,62,1.474994,103.45,265.295,1236.059,2,4,compressed_ring_ar
1778545073.8445637,20,63,1.567395,108.66,287.11,1177.17,2,4,compressed_ring_ar
1778545075.1102169,20,64,1.474507,106.58,311.406,1200.164,2,4,compressed_ring_ar
1778545076.3752518,20,65,1.453954,106.96,299.217,1193.772,2,4,compressed_ring_ar
1778545077.66239,20,66,1.523226,103.43,503.616,1236.168,2,4,compressed_ring_ar
1778545079.0003438,20,67,1.582997,101.29,605.64,1256.342,2,4,compressed_ring_ar
1778545080.2796743,20,68,1.460648,103.37,201.507,1236.466,2,4,compressed_ring_ar
1778545081.678384,20,69,1.45008,94.15,286.496,1358.112,2,4,compressed_ring_ar
1778545083.0072076,20,70,1.475862,99.34,348.768,1286.82,2,4,compressed_ring_ar
1778545084.3512115,20,71,1.492303,99.36,165.72,1287.287,2,4,compressed_ring_ar
1778545085.68358,20,72,1.576858,101.94,313.039,1254.556,2,4,compressed_ring_ar
1778545087.052064,20,73,1.646057,99.29,462.214,1285.001,2,4,compressed_ring_ar
1778545088.4109573,20,74,1.441931,97.26,285.057,1314.754,2,4,compressed_ring_ar
1778545089.6194162,20,75,1.455068,112.2,362.945,1139.889,2,4,compressed_ring_ar
1778545090.8693166,20,76,1.669267,110.89,581.67,1151.83,2,4,compressed_ring_ar
1778545092.2451246,20,77,1.466269,96.67,350.082,1319.279,2,4,compressed_ring_ar
1778545093.3955433,20,78,1.753862,116.76,189.164,1093.773,2,4,compressed_ring_ar
1778545094.6723638,20,79,1.555815,104.95,455.434,1218.44,2,4,compressed_ring_ar
1778545095.881169,20,80,1.524571,111.16,301.837,1150.152,2,4,compressed_ring_ar
1778545097.334297,20,81,1.543207,91.21,712.31,1402.099,2,4,compressed_ring_ar
1778545098.6674745,20,82,1.635743,103.92,599.367,1230.422,2,4,compressed_ring_ar
1778545100.295424,20,83,1.467193,82.41,491.955,1551.984,2,4,compressed_ring_ar
1778545101.504191,20,84,1.659729,113.34,247.632,1127.825,2,4,compressed_ring_ar
1778545102.7655811,20,85,1.750154,107.35,450.997,1189.748,2,4,compressed_ring_ar
1778545104.1131482,20,86,1.364559,100.52,400.767,1271.73,2,4,compressed_ring_ar
1778545105.4156723,20,87,1.516039,102.43,311.077,1248.373,2,4,compressed_ring_ar
1778545106.6865494,20,88,1.600821,105.38,311.632,1213.297,2,4,compressed_ring_ar
1778545108.1663888,20,89,1.771844,90.35,468.435,1415.398,2,4,compressed_ring_ar
1778545109.4713113,20,90,1.625353,101.3,305.293,1258.001,2,4,compressed_ring_ar
1778545110.8073177,20,91,1.593876,98.7,165.714,1295.575,2,4,compressed_ring_ar
1778545112.0609264,20,92,1.413387,106.46,277.348,1201.335,2,4,compressed_ring_ar
1778545113.3205442,20,93,1.567169,107.0,241.679,1195.007,2,4,compressed_ring_ar
1778545114.5875466,20,94,1.507859,108.54,468.29,1178.11,2,4,compressed_ring_ar
1778545115.9457533,20,95,1.535452,101.95,710.169,1254.63,2,4,compressed_ring_ar
1778545117.3105152,20,96,1.602841,102.3,664.182,1249.436,2,4,compressed_ring_ar
1778545118.5308602,20,97,1.528895,71.24,412.14,1176.994,2,4,compressed_ring_ar
