timestamp,epoch,iteration,loss,throughput_samp_s,comm_latency_ms,iter_time_ms,rank,world_size,arch
1778532394.0701613,1,0,2.413604,120.3,103.313,1063.595,0,2,compressed_ring_ar
1778532394.7944994,1,1,2.342634,186.62,126.39,685.075,0,2,compressed_ring_ar
1778532395.5274148,1,2,2.281762,182.96,141.319,698.194,0,2,compressed_ring_ar
1778532396.2496402,1,3,2.301669,186.0,123.933,686.703,0,2,compressed_ring_ar
1778532396.8746984,1,4,2.292691,219.1,106.238,582.89,0,2,compressed_ring_ar
1778532397.5879903,1,5,2.320781,189.5,113.145,670.984,0,2,compressed_ring_ar
1778532398.2905052,1,6,2.303827,192.34,123.835,664.127,0,2,compressed_ring_ar
1778532398.9912858,1,7,2.36532,192.7,127.927,662.825,0,2,compressed_ring_ar
1778532399.7215269,1,8,2.233705,183.98,135.032,694.422,0,2,compressed_ring_ar
1778532400.4233594,1,9,2.222409,191.36,110.77,664.634,0,2,compressed_ring_ar
1778532401.119904,1,10,2.277285,192.94,122.589,661.989,0,2,compressed_ring_ar
1778532401.8453593,1,11,2.18514,184.49,115.314,692.459,0,2,compressed_ring_ar
1778532402.5517015,1,12,2.171178,190.22,127.139,671.612,0,2,compressed_ring_ar
1778532403.2446249,1,13,2.21453,193.33,115.987,660.474,0,2,compressed_ring_ar
1778532403.9481673,1,14,2.25466,190.35,112.957,671.093,0,2,compressed_ring_ar
1778532404.6332674,1,15,2.213189,196.25,125.009,650.798,0,2,compressed_ring_ar
1778532405.2794507,1,16,2.176321,208.42,96.544,613.072,0,2,compressed_ring_ar
1778532405.9230864,1,17,2.126801,218.26,136.254,585.063,0,2,compressed_ring_ar
1778532406.613717,1,18,2.126876,193.24,151.105,660.955,0,2,compressed_ring_ar
1778532407.2874465,1,19,2.159336,199.16,114.298,639.714,0,2,compressed_ring_ar
1778532407.9814765,1,20,2.205106,194.24,109.163,657.634,0,2,compressed_ring_ar
1778532408.5754442,1,21,2.035001,227.86,98.094,560.727,0,2,compressed_ring_ar
1778532409.1885226,1,22,2.147998,228.52,171.287,558.727,0,2,compressed_ring_ar
1778532409.9346092,1,23,1.949702,179.36,119.795,711.392,0,2,compressed_ring_ar
1778532410.640707,1,24,2.020128,191.46,121.815,663.81,0,2,compressed_ring_ar
1778532411.2325826,1,25,2.03486,229.6,112.51,556.119,0,2,compressed_ring_ar
1778532411.9079583,1,26,2.116127,199.1,112.212,641.518,0,2,compressed_ring_ar
1778532412.6280842,1,27,2.06478,186.32,143.101,685.62,0,2,compressed_ring_ar
1778532413.318353,1,28,2.100591,194.0,120.569,658.399,0,2,compressed_ring_ar
1778532414.0176797,1,29,2.093289,192.98,104.106,661.131,0,2,compressed_ring_ar
1778532414.6517403,1,30,2.042143,213.1,91.209,599.41,0,2,compressed_ring_ar
1778532415.3001022,1,31,2.123437,210.47,182.968,606.842,0,2,compressed_ring_ar
1778532416.0044432,1,32,2.025497,190.42,151.195,670.769,0,2,compressed_ring_ar
1778532416.7212029,1,33,2.022331,187.5,115.022,681.475,0,2,compressed_ring_ar
1778532417.3971174,1,34,2.022091,199.51,86.613,640.742,0,2,compressed_ring_ar
1778532418.1641805,1,35,1.970666,183.18,132.541,697.287,0,2,compressed_ring_ar
1778532418.8823545,1,36,1.99095,188.28,110.55,678.422,0,2,compressed_ring_ar
1778532419.5686715,1,37,2.069956,196.85,117.946,648.813,0,2,compressed_ring_ar
1778532420.329368,1,38,1.93858,175.36,116.975,727.225,0,2,compressed_ring_ar
1778532421.0521007,1,39,2.049514,186.53,136.971,683.813,0,2,compressed_ring_ar
1778532421.763828,1,40,2.044482,188.03,114.616,679.357,0,2,compressed_ring_ar
1778532422.4330997,1,41,1.878238,201.37,105.496,634.198,0,2,compressed_ring_ar
1778532423.1042757,1,42,1.990316,201.11,113.507,635.087,0,2,compressed_ring_ar
1778532423.781845,1,43,2.058111,198.79,123.427,642.492,0,2,compressed_ring_ar
1778532424.4781177,1,44,2.028144,193.61,111.557,659.711,0,2,compressed_ring_ar
1778532425.1832285,1,45,2.005244,191.89,106.423,665.668,0,2,compressed_ring_ar
1778532425.8838246,1,46,1.871336,192.79,107.278,662.565,0,2,compressed_ring_ar
1778532426.5675075,1,47,1.774116,196.54,114.148,649.036,0,2,compressed_ring_ar
1778532427.266758,1,48,1.901706,191.57,122.204,666.798,0,2,compressed_ring_ar
1778532427.9573445,1,49,1.872165,195.29,108.414,654.003,0,2,compressed_ring_ar
1778532428.6661525,1,50,1.998492,188.78,116.549,676.658,0,2,compressed_ring_ar
1778532429.3411067,1,51,1.803572,199.31,116.905,638.957,0,2,compressed_ring_ar
1778532430.0350127,1,52,1.921008,193.9,110.063,657.875,0,2,compressed_ring_ar
1778532430.7293007,1,53,1.984229,192.78,119.13,662.518,0,2,compressed_ring_ar
1778532431.4957402,1,54,2.384303,174.59,163.78,731.875,0,2,compressed_ring_ar
1778532432.1607974,1,55,2.147278,204.08,108.207,625.803,0,2,compressed_ring_ar
1778532432.8899312,1,56,1.899026,183.83,132.378,694.978,0,2,compressed_ring_ar
1778532433.743768,1,57,2.121827,160.12,133.355,796.436,0,2,compressed_ring_ar
1778532434.402605,1,58,2.153754,204.62,127.162,624.331,0,2,compressed_ring_ar
1778532435.0421047,1,59,2.089164,215.38,184.42,592.916,0,2,compressed_ring_ar
1778532435.743975,1,60,1.981963,191.1,125.234,668.462,0,2,compressed_ring_ar
1778532436.356404,1,61,2.048604,217.42,93.151,587.5,0,2,compressed_ring_ar
1778532436.9418933,1,62,1.888751,239.94,136.187,532.088,0,2,compressed_ring_ar
1778532437.5795724,1,63,2.042448,215.2,172.327,593.49,0,2,compressed_ring_ar
1778532438.2743735,1,64,2.112587,194.69,133.921,656.171,0,2,compressed_ring_ar
1778532438.881447,1,65,2.061931,230.06,102.03,554.937,0,2,compressed_ring_ar
1778532439.4936678,1,66,2.158848,221.65,89.42,576.658,0,2,compressed_ring_ar
1778532440.1322653,1,67,2.018837,219.49,175.746,581.709,0,2,compressed_ring_ar
1778532440.8397117,1,68,2.089659,189.45,123.634,674.289,0,2,compressed_ring_ar
1778532441.5009239,1,69,2.147822,205.0,104.537,623.022,0,2,compressed_ring_ar
1778532442.223721,1,70,2.183579,186.52,114.283,684.949,0,2,compressed_ring_ar
1778532442.8175166,1,71,2.010419,228.71,81.774,558.498,0,2,compressed_ring_ar
1778532443.4999783,1,72,2.131762,200.18,142.009,638.013,0,2,compressed_ring_ar
1778532444.1989882,1,73,2.172909,193.03,114.737,661.678,0,2,compressed_ring_ar
1778532444.9831495,1,74,2.163104,170.02,169.008,750.59,0,2,compressed_ring_ar
1778532445.7407165,1,75,2.166025,177.22,151.457,718.781,0,2,compressed_ring_ar
1778532446.4333746,1,76,2.313859,194.74,114.344,655.849,0,2,compressed_ring_ar
1778532447.2258718,1,77,2.013799,168.35,115.235,758.986,0,2,compressed_ring_ar
1778532447.9558442,1,78,2.142088,188.69,133.893,673.564,0,2,compressed_ring_ar
1778532448.4367397,1,79,2.010475,286.69,70.713,445.481,0,2,compressed_ring_ar
1778532449.0118575,1,80,2.213254,242.04,156.478,527.517,0,2,compressed_ring_ar
1778532449.5928915,1,81,2.131676,238.73,130.953,535.217,0,2,compressed_ring_ar
1778532450.23114,1,82,2.071839,213.73,142.172,594.252,0,2,compressed_ring_ar
1778532450.9357972,1,83,2.202953,191.47,119.947,667.074,0,2,compressed_ring_ar
1778532451.6053383,1,84,2.135033,201.02,107.735,633.628,0,2,compressed_ring_ar
1778532452.3150415,1,85,2.177037,189.81,115.737,673.004,0,2,compressed_ring_ar
1778532453.062096,1,86,2.064419,180.28,146.529,708.647,0,2,compressed_ring_ar
1778532453.7754872,1,87,2.318011,188.43,134.398,677.937,0,2,compressed_ring_ar
1778532454.4427266,1,88,2.306298,203.26,108.636,625.42,0,2,compressed_ring_ar
1778532455.0982127,1,89,2.261894,205.62,110.393,620.33,0,2,compressed_ring_ar
1778532455.6944442,1,90,1.947571,227.32,111.789,562.349,0,2,compressed_ring_ar
1778532456.2597642,1,91,2.187371,246.95,136.71,517.894,0,2,compressed_ring_ar
1778532456.8909514,1,92,2.152949,218.45,185.738,584.684,0,2,compressed_ring_ar
1778532457.8206677,1,93,1.921592,144.83,160.85,882.511,0,2,compressed_ring_ar
1778532458.4688272,1,94,2.057802,207.56,87.042,615.899,0,2,compressed_ring_ar
1778532459.0888329,1,95,2.024643,223.22,134.281,572.039,0,2,compressed_ring_ar
1778532459.8034306,1,96,1.987167,187.68,118.461,680.663,0,2,compressed_ring_ar
1778532460.4723718,1,97,2.302981,202.3,107.841,631.401,0,2,compressed_ring_ar
1778532461.1952617,1,98,2.139371,186.8,133.717,683.129,0,2,compressed_ring_ar
1778532461.9204416,1,99,2.273947,186.89,114.123,683.516,0,2,compressed_ring_ar
1778532462.616419,1,100,2.045531,192.98,112.419,661.876,0,2,compressed_ring_ar
1778532463.3580382,1,101,2.207898,182.27,122.997,700.893,0,2,compressed_ring_ar
1778532464.0464265,1,102,2.108677,196.12,118.269,651.329,0,2,compressed_ring_ar
1778532464.7399843,1,103,2.245402,193.62,115.549,658.403,0,2,compressed_ring_ar
1778532465.475961,1,104,2.153893,182.16,120.773,701.237,0,2,compressed_ring_ar
1778532466.0938163,1,105,2.172234,219.48,103.691,581.965,0,2,compressed_ring_ar
1778532466.6546307,1,106,2.136917,248.47,157.564,514.119,0,2,compressed_ring_ar
1778532467.2153327,1,107,2.247761,252.29,148.98,506.119,0,2,compressed_ring_ar
1778532467.8575737,1,108,2.112484,215.18,154.044,591.612,0,2,compressed_ring_ar
1778532468.5704057,1,109,2.060416,187.97,110.899,678.817,0,2,compressed_ring_ar
1778532469.2811832,1,110,2.088258,189.39,125.645,674.422,0,2,compressed_ring_ar
1778532470.0109081,1,111,2.043332,184.16,118.386,691.253,0,2,compressed_ring_ar
1778532470.6966887,1,112,2.193234,196.19,139.803,651.084,0,2,compressed_ring_ar
1778532471.3820648,1,113,2.26761,201.14,134.826,634.749,0,2,compressed_ring_ar
1778532472.0848808,1,114,2.197779,190.94,111.014,668.958,0,2,compressed_ring_ar
1778532472.7051897,1,115,2.056563,217.0,88.715,588.873,0,2,compressed_ring_ar
1778532473.2739286,1,116,2.11247,246.06,138.469,519.581,0,2,compressed_ring_ar
1778532473.8896608,1,117,2.253192,227.07,143.303,562.343,0,2,compressed_ring_ar
1778532474.5424724,1,118,2.218603,211.62,189.946,603.648,0,2,compressed_ring_ar
1778532475.251005,1,119,2.208935,189.46,109.875,674.189,0,2,compressed_ring_ar
1778532475.8878613,1,120,2.263755,216.17,122.755,590.888,0,2,compressed_ring_ar
1778532476.523526,1,121,2.183551,220.68,134.511,578.157,0,2,compressed_ring_ar
1778532477.199597,1,122,2.162325,198.89,142.283,639.26,0,2,compressed_ring_ar
1778532477.8881044,1,123,2.114073,194.72,116.451,655.911,0,2,compressed_ring_ar
1778532478.5600522,1,124,2.023387,200.44,120.987,634.062,0,2,compressed_ring_ar
1778532479.1231651,1,125,2.184973,244.58,96.869,522.072,0,2,compressed_ring_ar
1778532479.7726085,1,126,2.208639,208.97,155.56,611.162,0,2,compressed_ring_ar
1778532480.4072452,1,127,2.044514,213.65,83.61,597.876,0,2,compressed_ring_ar
1778532480.983633,1,128,2.148516,242.59,163.474,526.783,0,2,compressed_ring_ar
1778532481.6187367,1,129,2.083068,218.09,190.049,585.501,0,2,compressed_ring_ar
1778532482.3101869,1,130,2.186999,193.88,118.449,658.935,0,2,compressed_ring_ar
1778532483.0244648,1,131,2.231465,187.53,126.37,681.238,0,2,compressed_ring_ar
1778532483.5528624,1,132,1.937901,265.22,70.416,481.385,0,2,compressed_ring_ar
1778532484.1835935,1,133,2.194846,218.13,178.717,585.434,0,2,compressed_ring_ar
1778532484.8511953,1,134,2.149784,201.31,95.398,634.682,0,2,compressed_ring_ar
1778532485.5139008,1,135,2.124864,209.82,166.035,608.623,0,2,compressed_ring_ar
1778532486.167941,1,136,2.280009,206.73,85.844,618.053,0,2,compressed_ring_ar
1778532486.7828987,1,137,2.253153,226.89,160.686,559.369,0,2,compressed_ring_ar
1778532487.3868928,1,138,2.33501,223.89,105.818,570.477,0,2,compressed_ring_ar
1778532488.0817,1,139,2.162692,193.37,123.841,660.498,0,2,compressed_ring_ar
1778532488.736087,1,140,2.024547,205.33,85.405,622.181,0,2,compressed_ring_ar
1778532489.3846824,1,141,2.290912,212.77,151.907,600.209,0,2,compressed_ring_ar
1778532490.1074097,1,142,2.241285,186.35,138.663,685.599,0,2,compressed_ring_ar
1778532490.8037488,1,143,2.107128,192.58,106.357,663.314,0,2,compressed_ring_ar
1778532491.4529235,1,144,2.388012,207.53,124.102,614.042,0,2,compressed_ring_ar
1778532492.160176,1,145,2.278359,191.06,181.696,668.525,0,2,compressed_ring_ar
1778532492.8217847,1,146,2.175297,202.67,112.193,630.148,0,2,compressed_ring_ar
1778532493.4881604,1,147,1.807227,201.85,127.399,632.796,0,2,compressed_ring_ar
1778532494.171702,1,148,2.139592,197.5,143.969,646.693,0,2,compressed_ring_ar
1778532494.921394,1,149,1.975205,178.48,130.372,715.77,0,2,compressed_ring_ar
1778532495.7376175,1,150,2.384741,164.79,119.687,775.353,0,2,compressed_ring_ar
1778532496.4885743,1,151,2.172343,179.71,167.039,710.947,0,2,compressed_ring_ar
1778532497.233713,1,152,2.378012,180.34,149.385,708.457,0,2,compressed_ring_ar
1778532498.2356877,1,153,2.16066,135.17,142.31,945.58,0,2,compressed_ring_ar
1778532498.9570131,1,154,2.118105,188.97,132.339,675.973,0,2,compressed_ring_ar
1778532499.63885,1,155,2.241021,200.56,110.115,636.765,0,2,compressed_ring_ar
1778532500.346098,1,156,2.143199,190.42,124.291,670.815,0,2,compressed_ring_ar
1778532501.0056589,1,157,2.24642,203.47,126.787,627.707,0,2,compressed_ring_ar
1778532501.6887653,1,158,2.223843,201.71,113.292,633.186,0,2,compressed_ring_ar
1778532502.3858485,1,159,2.103473,193.12,111.329,661.435,0,2,compressed_ring_ar
1778532503.127725,1,160,2.386221,181.75,107.656,699.738,0,2,compressed_ring_ar
1778532503.8183107,1,161,1.869794,195.51,101.798,651.666,0,2,compressed_ring_ar
1778532504.4932876,1,162,1.975405,198.99,109.204,641.893,0,2,compressed_ring_ar
1778532505.1713762,1,163,2.494738,199.37,123.376,640.615,0,2,compressed_ring_ar
1778532505.8580523,1,164,2.368271,195.56,108.417,653.073,0,2,compressed_ring_ar
1778532506.6267948,1,165,2.195105,174.67,108.043,729.658,0,2,compressed_ring_ar
1778532507.3332026,1,166,2.221215,189.57,122.695,673.613,0,2,compressed_ring_ar
1778532508.0350935,1,167,2.323749,192.51,141.227,663.499,0,2,compressed_ring_ar
1778532508.7549126,1,168,2.259137,187.39,146.578,681.786,0,2,compressed_ring_ar
1778532509.4731693,1,169,2.232877,187.15,124.011,679.658,0,2,compressed_ring_ar
1778532510.1205132,1,170,2.503684,207.98,88.62,614.179,0,2,compressed_ring_ar
1778532510.7038543,1,171,2.293239,235.82,148.07,541.426,0,2,compressed_ring_ar
1778532511.3039126,1,172,2.15588,237.91,155.826,537.125,0,2,compressed_ring_ar
1778532511.9439285,1,173,2.345662,215.58,168.859,592.375,0,2,compressed_ring_ar
1778532512.6245277,1,174,2.33047,198.0,128.49,643.475,0,2,compressed_ring_ar
1778532513.4053404,1,175,2.411297,170.57,155.682,748.541,0,2,compressed_ring_ar
1778532514.265409,1,176,2.339248,158.64,121.234,805.489,0,2,compressed_ring_ar
1778532514.8671398,1,177,2.339441,224.75,103.284,568.294,0,2,compressed_ring_ar
1778532515.561716,1,178,2.6092,198.52,155.872,643.394,0,2,compressed_ring_ar
1778532516.181443,1,179,2.105956,217.46,93.463,587.396,0,2,compressed_ring_ar
1778532516.7891023,1,180,2.219088,230.82,142.548,553.036,0,2,compressed_ring_ar
1778532517.4788659,1,181,2.132154,199.13,184.624,640.316,0,2,compressed_ring_ar
1778532518.1433074,1,182,2.386534,202.54,145.408,630.563,0,2,compressed_ring_ar
1778532518.7776148,1,183,2.454036,213.15,104.67,599.206,0,2,compressed_ring_ar
1778532519.411248,1,184,2.284137,217.02,186.98,588.397,0,2,compressed_ring_ar
1778532520.0846412,1,185,2.456792,199.52,130.193,640.16,0,2,compressed_ring_ar
1778532520.7713828,1,186,2.646315,195.82,123.251,652.407,0,2,compressed_ring_ar
1778532521.4742274,1,187,2.362883,190.77,129.34,666.421,0,2,compressed_ring_ar
1778532522.2152746,1,188,2.412126,180.53,147.06,707.645,0,2,compressed_ring_ar
1778532522.8389165,1,189,2.432698,217.86,98.656,586.326,0,2,compressed_ring_ar
1778532523.4718413,1,190,2.512004,217.91,181.667,585.999,0,2,compressed_ring_ar
1778532524.1449416,1,191,2.326205,200.38,106.405,636.738,0,2,compressed_ring_ar
1778532524.813049,1,192,2.388131,204.15,128.83,625.603,0,2,compressed_ring_ar
1778532525.4840753,1,193,2.126044,201.74,99.585,633.343,0,2,compressed_ring_ar
1778532526.0527427,1,194,2.395953,247.27,160.315,516.334,0,2,compressed_ring_ar
1778532526.6445816,1,195,2.54318,69.81,182.845,571.914,0,2,compressed_ring_ar
1778532533.3196766,2,0,2.264515,179.56,108.905,710.899,0,2,compressed_ring_ar
1778532534.015945,2,1,2.244948,194.22,127.397,657.865,0,2,compressed_ring_ar
1778532534.681966,2,2,2.219146,202.42,104.52,630.961,0,2,compressed_ring_ar
1778532535.410408,2,3,2.203698,184.11,138.121,692.824,0,2,compressed_ring_ar
1778532536.0667007,2,4,2.610867,204.84,132.217,620.479,0,2,compressed_ring_ar
1778532536.7698073,2,5,2.643494,190.56,118.959,670.304,0,2,compressed_ring_ar
1778532537.4328902,2,6,2.943806,202.71,135.291,626.694,0,2,compressed_ring_ar
1778532538.0326488,2,7,2.882052,225.62,129.756,562.645,0,2,compressed_ring_ar
1778532538.640828,2,8,2.551782,228.99,112.458,557.635,0,2,compressed_ring_ar
1778532539.3533492,2,9,2.915464,188.54,103.062,677.522,0,2,compressed_ring_ar
1778532539.9544044,2,10,3.104199,225.46,132.371,566.552,0,2,compressed_ring_ar
1778532540.5655427,2,11,2.759514,225.01,180.514,567.649,0,2,compressed_ring_ar
1778532541.2288735,2,12,3.003627,208.87,196.294,608.385,0,2,compressed_ring_ar
1778532541.9291127,2,13,2.678201,191.51,127.087,666.268,0,2,compressed_ring_ar
1778532542.569507,2,14,3.019909,211.08,180.271,601.932,0,2,compressed_ring_ar
1778532543.152595,2,15,3.069458,232.7,133.424,545.33,0,2,compressed_ring_ar
1778532543.7790115,2,16,3.28425,215.17,126.337,590.341,0,2,compressed_ring_ar
1778532544.3471313,2,17,2.981195,239.68,103.853,532.671,0,2,compressed_ring_ar
1778532545.0692086,2,18,3.113773,185.78,139.655,684.321,0,2,compressed_ring_ar
1778532545.8185623,2,19,2.992041,184.16,104.199,693.789,0,2,compressed_ring_ar
1778532546.6486077,2,20,2.927608,167.16,130.407,761.225,0,2,compressed_ring_ar
1778532547.2072825,2,21,3.06531,243.2,126.193,521.631,0,2,compressed_ring_ar
1778532547.801556,2,22,2.970842,229.12,127.702,554.069,0,2,compressed_ring_ar
1778532548.3415089,2,23,2.963863,251.94,107.707,504.891,0,2,compressed_ring_ar
1778532549.0185106,2,24,2.775148,198.04,120.455,642.561,0,2,compressed_ring_ar
1778532549.5951996,2,25,2.916557,234.99,117.811,540.142,0,2,compressed_ring_ar
1778532550.1549845,2,26,3.033126,242.0,91.647,527.558,0,2,compressed_ring_ar
1778532550.8432431,2,27,2.998644,194.73,137.614,655.888,0,2,compressed_ring_ar
1778532551.4612944,2,28,2.779166,218.03,90.829,585.949,0,2,compressed_ring_ar
1778532552.0875542,2,29,2.986666,217.2,158.535,584.775,0,2,compressed_ring_ar
1778532552.7796752,2,30,2.865,193.48,138.573,656.88,0,2,compressed_ring_ar
1778532553.3356862,2,31,2.77779,246.69,124.804,514.133,0,2,compressed_ring_ar
1778532553.8681288,2,32,2.877874,255.6,82.7,499.428,0,2,compressed_ring_ar
1778532554.5174935,2,33,2.981151,207.09,141.447,613.745,0,2,compressed_ring_ar
1778532555.1046185,2,34,2.683494,230.62,122.273,550.645,0,2,compressed_ring_ar
1778532555.691564,2,35,3.071936,230.75,120.541,550.253,0,2,compressed_ring_ar
1778532556.2197769,2,36,2.589224,260.09,79.918,490.757,0,2,compressed_ring_ar
1778532556.903346,2,37,2.586813,196.21,141.201,648.646,0,2,compressed_ring_ar
1778532557.52071,2,38,2.74519,218.81,101.936,583.586,0,2,compressed_ring_ar
1778532558.1944964,2,39,2.980269,200.53,101.402,633.822,0,2,compressed_ring_ar
1778532558.8795285,2,40,2.949679,195.71,130.135,649.529,0,2,compressed_ring_ar
1778532559.494398,2,41,2.632628,220.2,139.777,576.575,0,2,compressed_ring_ar
1778532560.1265855,2,42,2.88172,215.96,135.213,588.031,0,2,compressed_ring_ar
1778532560.6625195,2,43,2.952165,255.27,82.789,500.088,0,2,compressed_ring_ar
1778532561.297752,2,44,2.57043,211.99,103.388,602.461,0,2,compressed_ring_ar
1778532561.979467,2,45,2.604141,197.47,131.337,643.497,0,2,compressed_ring_ar
1778532562.5690942,2,46,2.688498,229.62,129.487,552.936,0,2,compressed_ring_ar
1778532563.1432354,2,47,2.917414,235.48,120.107,539.251,0,2,compressed_ring_ar
1778532563.7402613,2,48,3.200588,227.69,135.206,557.53,0,2,compressed_ring_ar
1778532564.2973094,2,49,2.808799,243.72,127.438,520.544,0,2,compressed_ring_ar
1778532564.8718815,2,50,2.47539,237.0,116.929,535.275,0,2,compressed_ring_ar
1778532565.4043581,2,51,2.754618,257.73,74.515,495.204,0,2,compressed_ring_ar
1778532566.0555964,2,52,2.690274,212.03,186.47,600.472,0,2,compressed_ring_ar
1778532566.7660615,2,53,2.855533,188.3,128.229,678.439,0,2,compressed_ring_ar
1778532567.434166,2,54,2.466604,201.02,112.402,635.318,0,2,compressed_ring_ar
1778532568.144268,2,55,2.616719,192.92,148.531,658.966,0,2,compressed_ring_ar
1778532568.7345865,2,56,3.054969,230.64,125.459,550.446,0,2,compressed_ring_ar
1778532569.2964938,2,57,2.33942,241.3,121.641,525.97,0,2,compressed_ring_ar
1778532569.8937087,2,58,2.630297,226.72,124.253,560.024,0,2,compressed_ring_ar
1778532570.427784,2,59,2.777602,255.54,85.781,499.525,0,2,compressed_ring_ar
1778532571.1420884,2,60,2.416759,189.08,139.119,672.487,0,2,compressed_ring_ar
1778532571.712299,2,61,2.574037,239.38,128.239,530.182,0,2,compressed_ring_ar
1778532572.2934585,2,62,2.303315,245.5,129.634,516.909,0,2,compressed_ring_ar
1778532572.7953637,2,63,2.936554,271.95,82.761,469.423,0,2,compressed_ring_ar
1778532573.5123913,2,64,2.295568,188.67,131.279,673.53,0,2,compressed_ring_ar
1778532574.0815217,2,65,2.48194,238.04,128.433,532.979,0,2,compressed_ring_ar
1778532574.6506555,2,66,2.747457,239.25,120.346,530.813,0,2,compressed_ring_ar
1778532575.2415648,2,67,2.484763,229.71,105.124,555.966,0,2,compressed_ring_ar
1778532575.9633276,2,68,2.850289,186.67,145.217,680.698,0,2,compressed_ring_ar
1778532576.5094786,2,69,2.639961,248.7,129.784,509.924,0,2,compressed_ring_ar
1778532577.0926266,2,70,2.555599,232.35,118.023,545.936,0,2,compressed_ring_ar
1778532577.6689968,2,71,2.456362,234.45,108.451,544.711,0,2,compressed_ring_ar
1778532578.4732606,2,72,2.734509,167.86,164.835,761.498,0,2,compressed_ring_ar
1778532579.194605,2,73,2.669455,193.51,79.43,660.189,0,2,compressed_ring_ar
1778532579.8715954,2,74,2.524093,199.09,100.413,641.621,0,2,compressed_ring_ar
1778532580.573956,2,75,2.451954,191.8,124.331,662.809,0,2,compressed_ring_ar
1778532581.1946013,2,76,2.612592,217.9,119.21,586.107,0,2,compressed_ring_ar
1778532581.8742273,2,77,2.431827,199.5,140.891,636.982,0,2,compressed_ring_ar
1778532582.4717948,2,78,2.423665,226.25,119.627,561.058,0,2,compressed_ring_ar
1778532583.0452876,2,79,2.467481,236.2,128.072,537.379,0,2,compressed_ring_ar
1778532583.6379206,2,80,2.662055,234.4,117.616,541.729,0,2,compressed_ring_ar
1778532584.237516,2,81,2.494407,226.89,122.258,559.72,0,2,compressed_ring_ar
1778532584.8208501,2,82,2.439081,231.98,128.687,547.285,0,2,compressed_ring_ar
1778532585.417501,2,83,2.450025,226.61,109.753,563.495,0,2,compressed_ring_ar
1778532586.1512423,2,84,2.315907,185.83,103.76,685.751,0,2,compressed_ring_ar
1778532586.8880835,2,85,2.661757,181.47,150.353,700.324,0,2,compressed_ring_ar
1778532587.4302773,2,86,2.526823,250.39,117.122,506.387,0,2,compressed_ring_ar
1778532588.0594006,2,87,2.358349,214.98,135.808,590.657,0,2,compressed_ring_ar
1778532588.6104448,2,88,2.613359,246.39,125.213,514.995,0,2,compressed_ring_ar
1778532589.187726,2,89,2.582599,234.6,122.834,541.078,0,2,compressed_ring_ar
1778532589.7586992,2,90,2.324829,237.1,124.588,535.781,0,2,compressed_ring_ar
1778532590.3305075,2,91,2.410022,237.38,116.121,534.444,0,2,compressed_ring_ar
1778532590.893648,2,92,2.609934,243.92,126.284,520.036,0,2,compressed_ring_ar
1778532591.4751472,2,93,2.677266,232.89,124.05,544.853,0,2,compressed_ring_ar
1778532592.0875933,2,94,2.429029,220.61,131.904,575.29,0,2,compressed_ring_ar
1778532592.6737041,2,95,2.445806,233.79,128.415,542.747,0,2,compressed_ring_ar
1778532593.165962,2,96,2.635662,282.37,68.264,452.033,0,2,compressed_ring_ar
1778532593.7668881,2,97,2.598427,229.95,142.04,552.092,0,2,compressed_ring_ar
1778532594.3675764,2,98,2.189115,227.02,126.343,559.148,0,2,compressed_ring_ar
1778532594.853231,2,99,2.502819,281.6,81.968,453.427,0,2,compressed_ring_ar
1778532595.4905548,2,100,2.407281,216.04,203.827,588.167,0,2,compressed_ring_ar
1778532596.0844495,2,101,2.325177,228.74,119.697,554.68,0,2,compressed_ring_ar
1778532596.6443179,2,102,2.776129,242.52,104.05,526.403,0,2,compressed_ring_ar
1778532597.3452535,2,103,2.43038,191.17,127.816,665.043,0,2,compressed_ring_ar
1778532597.8758314,2,104,2.648142,256.85,77.396,496.979,0,2,compressed_ring_ar
1778532598.6295733,2,105,2.534902,177.77,148.59,715.518,0,2,compressed_ring_ar
1778532599.2694871,2,106,2.597666,212.45,132.986,597.592,0,2,compressed_ring_ar
1778532599.8921404,2,107,2.288239,218.11,129.739,585.47,0,2,compressed_ring_ar
1778532600.5681164,2,108,2.497987,200.82,132.289,633.04,0,2,compressed_ring_ar
1778532601.1475036,2,109,2.417721,235.87,124.948,538.173,0,2,compressed_ring_ar
1778532601.709134,2,110,2.632413,246.3,122.159,515.097,0,2,compressed_ring_ar
1778532602.3474467,2,111,2.420342,212.23,143.974,598.313,0,2,compressed_ring_ar
1778532602.9474778,2,112,2.455266,228.53,137.68,555.649,0,2,compressed_ring_ar
1778532603.5300944,2,113,2.44317,234.09,127.457,542.454,0,2,compressed_ring_ar
1778532604.0961723,2,114,2.388887,242.74,106.795,525.881,0,2,compressed_ring_ar
1778532604.779881,2,115,2.380772,196.73,119.757,648.565,0,2,compressed_ring_ar
1778532605.4302025,2,116,2.56542,208.42,164.922,609.668,0,2,compressed_ring_ar
1778532606.0189838,2,117,2.458554,244.49,124.185,518.766,0,2,compressed_ring_ar
1778532606.6294065,2,118,2.335219,221.09,123.74,574.152,0,2,compressed_ring_ar
1778532607.226821,2,119,2.396181,227.8,123.769,557.356,0,2,compressed_ring_ar
1778532607.7935383,2,120,2.482934,239.11,125.753,534.015,0,2,compressed_ring_ar
1778532608.350138,2,121,2.234669,247.42,85.327,513.148,0,2,compressed_ring_ar
1778532608.999312,2,122,2.144571,207.6,89.307,615.328,0,2,compressed_ring_ar
1778532609.6186678,2,123,2.720565,225.89,140.225,562.178,0,2,compressed_ring_ar
1778532610.449882,2,124,2.490949,161.45,225.875,788.663,0,2,compressed_ring_ar
1778532611.0958817,2,125,2.53012,216.27,129.671,587.227,0,2,compressed_ring_ar
1778532611.7021105,2,126,2.443623,223.89,110.544,570.275,0,2,compressed_ring_ar
1778532612.3587587,2,127,2.58076,204.5,89.749,624.448,0,2,compressed_ring_ar
1778532613.0776813,2,128,2.435036,186.69,134.922,681.015,0,2,compressed_ring_ar
1778532613.7066238,2,129,2.482332,228.78,135.371,554.862,0,2,compressed_ring_ar
1778532614.2055104,2,130,2.4215,281.42,69.832,453.598,0,2,compressed_ring_ar
1778532614.7938576,2,131,2.380615,235.23,138.44,541.895,0,2,compressed_ring_ar
1778532615.512931,2,132,2.614133,190.74,147.007,666.337,0,2,compressed_ring_ar
1778532616.0795758,2,133,2.289677,239.56,135.186,529.733,0,2,compressed_ring_ar
1778532616.6801531,2,134,2.130825,224.53,121.049,565.241,0,2,compressed_ring_ar
1778532617.2634118,2,135,2.281896,232.27,119.65,546.642,0,2,compressed_ring_ar
1778532617.8399282,2,136,2.44435,234.95,131.684,540.373,0,2,compressed_ring_ar
1778532618.459099,2,137,2.605438,218.16,126.495,582.17,0,2,compressed_ring_ar
1778532619.059266,2,138,2.564872,224.86,105.906,567.941,0,2,compressed_ring_ar
1778532619.7384787,2,139,2.322113,197.93,145.625,641.938,0,2,compressed_ring_ar
1778532620.310923,2,140,2.487197,242.66,125.093,522.894,0,2,compressed_ring_ar
1778532620.8607326,2,141,2.429436,247.21,81.94,515.552,0,2,compressed_ring_ar
1778532621.557318,2,142,2.352607,192.33,131.389,661.599,0,2,compressed_ring_ar
1778532622.1477742,2,143,2.58024,229.92,123.082,551.971,0,2,compressed_ring_ar
1778532622.7404346,2,144,2.455625,228.34,126.057,556.799,0,2,compressed_ring_ar
1778532623.3587604,2,145,2.280271,229.72,128.687,552.656,0,2,compressed_ring_ar
1778532623.9378357,2,146,2.411943,233.81,122.891,542.967,0,2,compressed_ring_ar
1778532624.5299716,2,147,2.461952,234.61,129.164,540.874,0,2,compressed_ring_ar
1778532625.1467085,2,148,2.532767,219.5,136.525,578.52,0,2,compressed_ring_ar
1778532625.7229514,2,149,2.399568,236.73,123.219,536.004,0,2,compressed_ring_ar
1778532626.487352,2,150,2.462376,175.02,168.523,726.892,0,2,compressed_ring_ar
1778532627.1416028,2,151,2.9095,216.6,89.355,588.011,0,2,compressed_ring_ar
1778532627.8490415,2,152,2.339938,190.07,119.101,671.994,0,2,compressed_ring_ar
1778532628.5094705,2,153,2.379489,204.2,114.009,625.873,0,2,compressed_ring_ar
1778532629.1171055,2,154,2.556695,226.35,145.718,564.062,0,2,compressed_ring_ar
1778532629.741957,2,155,2.404274,217.33,82.435,584.675,0,2,compressed_ring_ar
1778532630.408684,2,156,2.333937,201.3,95.447,634.458,0,2,compressed_ring_ar
1778532631.0469425,2,157,2.393484,210.9,94.144,605.532,0,2,compressed_ring_ar
1778532631.6915739,2,158,2.43003,210.02,84.24,608.063,0,2,compressed_ring_ar
1778532632.310025,2,159,2.331206,218.8,76.298,583.922,0,2,compressed_ring_ar
1778532632.8862624,2,160,2.532354,243.03,142.386,525.354,0,2,compressed_ring_ar
1778532633.566233,2,161,2.47221,197.33,123.708,643.959,0,2,compressed_ring_ar
1778532634.1518817,2,162,2.347734,232.01,94.955,550.61,0,2,compressed_ring_ar
1778532635.1164653,2,163,2.104649,141.39,128.048,900.886,0,2,compressed_ring_ar
1778532635.8990662,2,164,2.496884,173.1,146.887,737.548,0,2,compressed_ring_ar
1778532636.5517232,2,165,2.465215,211.01,139.84,601.903,0,2,compressed_ring_ar
1778532637.1807957,2,166,2.353151,218.77,143.328,581.393,0,2,compressed_ring_ar
1778532637.7659123,2,167,2.12554,237.35,93.405,537.968,0,2,compressed_ring_ar
1778532638.4221423,2,168,2.394713,211.01,111.512,605.324,0,2,compressed_ring_ar
1778532639.1382113,2,169,2.422198,187.85,156.823,676.824,0,2,compressed_ring_ar
1778532639.7633674,2,170,2.366211,218.21,133.807,582.084,0,2,compressed_ring_ar
1778532640.3465812,2,171,2.68072,231.97,106.154,550.383,0,2,compressed_ring_ar
1778532641.0123963,2,172,2.32805,201.99,127.304,629.217,0,2,compressed_ring_ar
1778532641.5886977,2,173,2.373338,239.34,122.595,530.129,0,2,compressed_ring_ar
1778532642.162334,2,174,2.662835,237.76,107.817,533.882,0,2,compressed_ring_ar
1778532642.9101243,2,175,2.519176,179.02,125.355,713.617,0,2,compressed_ring_ar
1778532643.5936427,2,176,2.288297,197.98,155.3,641.71,0,2,compressed_ring_ar
1778532644.221951,2,177,2.431399,214.4,136.054,592.279,0,2,compressed_ring_ar
1778532644.795897,2,178,2.333296,246.31,125.115,514.966,0,2,compressed_ring_ar
1778532645.4412425,2,179,2.407352,209.48,137.378,606.42,0,2,compressed_ring_ar
1778532646.0679643,2,180,2.181032,221.57,142.527,573.19,0,2,compressed_ring_ar
1778532646.6662254,2,181,2.192004,226.35,144.189,560.863,0,2,compressed_ring_ar
1778532647.3222234,2,182,2.460815,205.33,136.639,621.184,0,2,compressed_ring_ar
1778532648.119637,2,183,2.182054,171.88,116.33,742.244,0,2,compressed_ring_ar
1778532648.710412,2,184,2.552892,230.01,116.278,555.098,0,2,compressed_ring_ar
1778532649.414892,2,185,2.47672,189.98,132.515,669.136,0,2,compressed_ring_ar
1778532649.976415,2,186,2.56732,242.62,122.359,523.031,0,2,compressed_ring_ar
1778532650.5329988,2,187,2.36523,244.82,97.518,521.46,0,2,compressed_ring_ar
1778532651.2053332,2,188,2.39014,199.86,154.501,635.935,0,2,compressed_ring_ar
1778532651.7909365,2,189,2.477804,231.76,105.456,550.961,0,2,compressed_ring_ar
1778532652.4464679,2,190,2.4985,204.8,88.655,623.937,0,2,compressed_ring_ar
1778532653.1230578,2,191,2.339032,201.54,164.708,630.572,0,2,compressed_ring_ar
1778532653.6923854,2,192,2.463275,238.3,115.032,535.766,0,2,compressed_ring_ar
1778532654.370321,2,193,2.415231,200.82,128.809,632.522,0,2,compressed_ring_ar
1778532654.9846313,2,194,2.354263,219.87,125.133,581.321,0,2,compressed_ring_ar
1778532655.4880903,2,195,2.44247,82.93,97.006,478.473,0,2,compressed_ring_ar
1778532661.959768,3,0,2.589351,185.58,130.829,685.275,0,2,compressed_ring_ar
1778532662.6269908,3,1,2.15637,202.37,152.247,628.552,0,2,compressed_ring_ar
1778532663.3535576,3,2,2.434796,192.76,132.748,659.604,0,2,compressed_ring_ar
1778532663.9383385,3,3,2.595178,233.64,106.34,543.468,0,2,compressed_ring_ar
1778532664.5764668,3,4,2.46207,210.92,105.653,605.495,0,2,compressed_ring_ar
1778532665.263308,3,5,2.365767,195.47,84.719,653.431,0,2,compressed_ring_ar
1778532665.8911738,3,6,2.310653,217.28,78.458,587.659,0,2,compressed_ring_ar
1778532666.5934856,3,7,2.487839,191.7,134.8,662.874,0,2,compressed_ring_ar
1778532667.209407,3,8,2.494343,220.7,129.647,575.339,0,2,compressed_ring_ar
1778532667.7836196,3,9,2.590502,238.51,120.13,531.921,0,2,compressed_ring_ar
1778532668.4143362,3,10,2.443857,213.78,136.132,594.217,0,2,compressed_ring_ar
1778532668.9768,3,11,2.232697,241.41,120.322,525.816,0,2,compressed_ring_ar
1778532669.523594,3,12,2.394677,249.15,120.142,509.073,0,2,compressed_ring_ar
1778532670.0779297,3,13,2.326158,249.51,84.907,511.619,0,2,compressed_ring_ar
1778532670.77838,3,14,2.242713,191.41,132.712,664.374,0,2,compressed_ring_ar
1778532671.3269298,3,15,2.474208,247.88,118.899,511.752,0,2,compressed_ring_ar
1778532671.8570926,3,16,2.522165,259.18,76.421,492.464,0,2,compressed_ring_ar
1778532672.5485425,3,17,2.507759,194.85,135.91,652.165,0,2,compressed_ring_ar
1778532673.149549,3,18,2.510109,225.03,110.619,566.506,0,2,compressed_ring_ar
1778532673.784194,3,19,2.595226,212.5,82.59,601.184,0,2,compressed_ring_ar
1778532674.4440396,3,20,2.478295,210.59,188.791,603.704,0,2,compressed_ring_ar
1778532675.0514183,3,21,2.449474,223.46,127.751,568.347,0,2,compressed_ring_ar
1778532675.6477327,3,22,2.459065,227.33,141.655,558.51,0,2,compressed_ring_ar
1778532676.2147472,3,23,2.339061,238.42,127.596,535.704,0,2,compressed_ring_ar
1778532676.8440855,3,24,2.686612,214.25,124.007,592.582,0,2,compressed_ring_ar
1778532677.4106345,3,25,2.489866,239.66,119.689,529.373,0,2,compressed_ring_ar
1778532678.0027783,3,26,2.484427,230.9,130.585,549.895,0,2,compressed_ring_ar
1778532678.5262413,3,27,2.145761,261.92,85.572,484.788,0,2,compressed_ring_ar
1778532679.1906505,3,28,2.427081,202.85,98.648,629.579,0,2,compressed_ring_ar
1778532679.8236442,3,29,2.402365,213.23,85.063,598.866,0,2,compressed_ring_ar
1778532680.5033882,3,30,2.448585,198.25,79.147,643.451,0,2,compressed_ring_ar
1778532681.11954,3,31,2.41696,219.0,102.393,583.256,0,2,compressed_ring_ar
1778532681.6966298,3,32,2.503183,240.86,157.22,530.096,0,2,compressed_ring_ar
1778532682.315641,3,33,2.541149,220.24,185.79,576.862,0,2,compressed_ring_ar
1778532682.835662,3,34,2.481285,264.35,83.34,481.182,0,2,compressed_ring_ar
1778532683.516129,3,35,2.259278,197.08,131.18,647.262,0,2,compressed_ring_ar
1778532684.1406567,3,36,2.405848,217.36,133.733,587.511,0,2,compressed_ring_ar
1778532684.808292,3,37,2.539169,201.04,88.094,635.339,0,2,compressed_ring_ar
1778532685.4529881,3,38,2.391262,208.95,108.673,611.271,0,2,compressed_ring_ar
1778532686.1898646,3,39,2.465495,190.13,143.427,671.894,0,2,compressed_ring_ar
1778532686.9085133,3,40,2.436929,188.03,144.865,676.062,0,2,compressed_ring_ar
1778532687.5479965,3,41,2.256549,213.44,115.68,598.389,0,2,compressed_ring_ar
1778532688.3419483,3,42,2.428932,169.79,119.014,752.637,0,2,compressed_ring_ar
1778532689.0729547,3,43,2.560758,183.96,134.348,691.285,0,2,compressed_ring_ar
1778532689.8279717,3,44,2.341856,178.11,128.982,717.432,0,2,compressed_ring_ar
1778532690.4495456,3,45,2.480495,217.77,96.257,586.403,0,2,compressed_ring_ar
1778532691.0801592,3,46,2.417671,213.99,93.736,597.117,0,2,compressed_ring_ar
1778532691.7108645,3,47,2.461708,220.39,159.564,579.483,0,2,compressed_ring_ar
1778532692.3331325,3,48,2.502528,217.19,125.775,584.586,0,2,compressed_ring_ar
1778532692.88675,3,49,2.25502,245.37,113.151,517.117,0,2,compressed_ring_ar
1778532693.4798963,3,50,2.474056,228.37,130.73,555.638,0,2,compressed_ring_ar
1778532694.0203793,3,51,2.331544,252.38,122.219,505.959,0,2,compressed_ring_ar
1778532694.7138908,3,52,2.567995,194.94,157.54,652.522,0,2,compressed_ring_ar
1778532695.448705,3,53,2.368088,188.61,139.265,674.294,0,2,compressed_ring_ar
1778532696.0189693,3,54,2.435283,241.77,122.924,524.95,0,2,compressed_ring_ar
1778532696.6320696,3,55,2.36371,220.19,128.384,576.865,0,2,compressed_ring_ar
1778532697.1769598,3,56,2.281016,250.41,124.495,506.517,0,2,compressed_ring_ar
1778532697.7499669,3,57,2.293659,236.25,131.017,537.265,0,2,compressed_ring_ar
1778532698.2778645,3,58,2.315412,259.1,77.489,492.702,0,2,compressed_ring_ar
1778532698.9987764,3,59,2.381365,185.67,135.07,684.616,0,2,compressed_ring_ar
1778532699.585675,3,60,2.537584,232.56,122.076,545.747,0,2,compressed_ring_ar
1778532700.174901,3,61,2.381637,231.05,114.769,549.358,0,2,compressed_ring_ar
1778532700.7476535,3,62,2.653613,237.02,128.61,535.48,0,2,compressed_ring_ar
1778532701.3794491,3,63,2.366835,213.77,140.14,593.976,0,2,compressed_ring_ar
1778532701.945838,3,64,2.418033,239.59,120.616,529.741,0,2,compressed_ring_ar
1778532702.4468637,3,65,2.424318,272.32,79.881,467.452,0,2,compressed_ring_ar
1778532703.0839376,3,66,2.628822,211.51,89.464,600.867,0,2,compressed_ring_ar
1778532703.753636,3,67,2.207903,204.89,84.984,621.476,0,2,compressed_ring_ar
1778532704.4024122,3,68,2.222528,207.93,91.97,614.133,0,2,compressed_ring_ar
1778532705.1332734,3,69,2.218771,183.81,149.027,691.881,0,2,compressed_ring_ar
1778532705.7433672,3,70,2.317618,222.07,137.387,571.982,0,2,compressed_ring_ar
1778532706.3000078,3,71,2.56679,243.33,119.058,521.391,0,2,compressed_ring_ar
1778532706.8946207,3,72,2.314171,227.22,132.488,559.063,0,2,compressed_ring_ar
1778532707.493334,3,73,2.542408,225.92,120.594,565.217,0,2,compressed_ring_ar
1778532708.0985873,3,74,2.207596,227.01,125.409,559.161,0,2,compressed_ring_ar
1778532708.6919615,3,75,2.414998,227.41,104.189,561.438,0,2,compressed_ring_ar
1778532709.326434,3,76,2.487522,212.43,86.598,601.414,0,2,compressed_ring_ar
1778532709.9176173,3,77,2.182731,233.07,176.041,547.865,0,2,compressed_ring_ar
1778532710.5581658,3,78,2.423765,215.42,200.592,589.498,0,2,compressed_ring_ar
1778532711.1740756,3,79,2.490013,219.71,127.326,577.955,0,2,compressed_ring_ar
1778532711.7649806,3,80,2.175457,228.77,129.046,555.032,0,2,compressed_ring_ar
1778532712.3356392,3,81,2.644101,236.82,125.385,535.791,0,2,compressed_ring_ar
1778532712.9085925,3,82,2.211218,236.04,128.935,537.97,0,2,compressed_ring_ar
1778532713.4487312,3,83,2.481586,253.6,118.063,500.14,0,2,compressed_ring_ar
1778532714.0379765,3,84,2.319885,229.72,125.67,552.531,0,2,compressed_ring_ar
1778532714.608371,3,85,2.400652,237.33,121.553,534.988,0,2,compressed_ring_ar
1778532715.1244974,3,86,2.400635,270.3,86.253,472.141,0,2,compressed_ring_ar
1778532715.836831,3,87,2.390675,188.12,143.324,676.019,0,2,compressed_ring_ar
1778532716.3912637,3,88,2.378124,247.63,120.96,512.341,0,2,compressed_ring_ar
1778532716.980644,3,89,2.421545,229.51,118.191,553.314,0,2,compressed_ring_ar
1778532717.5554423,3,90,2.506494,236.67,129.47,536.197,0,2,compressed_ring_ar
1778532718.1276195,3,91,2.347707,237.33,135.792,534.567,0,2,compressed_ring_ar
1778532718.6833518,3,92,2.48188,246.21,87.123,518.505,0,2,compressed_ring_ar
1778532719.4343038,3,93,2.372575,178.86,118.779,712.537,0,2,compressed_ring_ar
1778532720.273169,3,94,2.370329,165.16,147.652,770.191,0,2,compressed_ring_ar
1778532720.8713064,3,95,2.430777,225.96,142.196,562.082,0,2,compressed_ring_ar
1778532721.4310586,3,96,2.269445,245.7,77.623,519.638,0,2,compressed_ring_ar
1778532722.1222258,3,97,2.247015,194.28,128.864,653.977,0,2,compressed_ring_ar
1778532722.7199693,3,98,2.546803,228.26,121.63,556.039,0,2,compressed_ring_ar
1778532723.2322888,3,99,2.371672,267.03,79.913,477.943,0,2,compressed_ring_ar
1778532723.9248183,3,100,2.328018,194.24,119.62,657.578,0,2,compressed_ring_ar
1778532724.6116557,3,101,2.281038,196.0,135.887,648.927,0,2,compressed_ring_ar
1778532725.1894817,3,102,2.412847,235.1,129.83,539.701,0,2,compressed_ring_ar
1778532725.7288628,3,103,2.590515,252.7,83.306,505.118,0,2,compressed_ring_ar
1778532726.4313564,3,104,2.353361,191.56,135.118,663.75,0,2,compressed_ring_ar
1778532727.0205843,3,105,2.378959,229.99,124.459,551.916,0,2,compressed_ring_ar
1778532727.5696628,3,106,2.261118,258.83,116.182,489.774,0,2,compressed_ring_ar
1778532728.1660354,3,107,2.417884,226.74,125.018,563.141,0,2,compressed_ring_ar
1778532728.7893314,3,108,2.591667,217.43,122.772,584.121,0,2,compressed_ring_ar
1778532729.3592868,3,109,2.23817,239.1,124.715,530.938,0,2,compressed_ring_ar
1778532729.9348664,3,110,2.257599,235.61,130.435,538.683,0,2,compressed_ring_ar
1778532730.5225255,3,111,2.475752,230.89,118.544,549.92,0,2,compressed_ring_ar
1778532731.1294265,3,112,2.470142,222.7,118.309,570.975,0,2,compressed_ring_ar
1778532731.776518,3,113,2.22101,209.45,125.671,606.183,0,2,compressed_ring_ar
1778532732.3317974,3,114,2.410987,246.47,124.769,514.676,0,2,compressed_ring_ar
1778532732.9042442,3,115,2.332794,236.97,124.855,535.259,0,2,compressed_ring_ar
1778532733.4997377,3,116,2.237043,227.18,121.834,558.839,0,2,compressed_ring_ar
1778532734.109437,3,117,2.270911,221.98,130.481,571.787,0,2,compressed_ring_ar
1778532734.6081126,3,118,2.66408,274.73,70.467,464.818,0,2,compressed_ring_ar
1778532735.2676406,3,119,2.476361,209.28,193.365,610.462,0,2,compressed_ring_ar
1778532736.0475304,3,120,2.478513,178.34,81.136,714.658,0,2,compressed_ring_ar
1778532736.6901727,3,121,2.425652,210.23,84.581,607.436,0,2,compressed_ring_ar
1778532737.337824,3,122,2.47939,208.54,89.882,612.42,0,2,compressed_ring_ar
1778532737.9756584,3,123,2.442631,212.12,92.695,601.988,0,2,compressed_ring_ar
1778532738.6082888,3,124,2.489268,213.02,96.772,599.485,0,2,compressed_ring_ar
1778532739.2844594,3,125,2.229351,198.49,131.003,640.401,0,2,compressed_ring_ar
1778532739.8726625,3,126,2.125237,230.48,133.065,550.784,0,2,compressed_ring_ar
1778532740.4482203,3,127,2.294407,235.85,125.51,537.971,0,2,compressed_ring_ar
1778532741.0305772,3,128,2.451913,232.23,134.826,546.401,0,2,compressed_ring_ar
1778532741.6059282,3,129,2.671639,235.32,129.684,539.23,0,2,compressed_ring_ar
1778532742.221139,3,130,2.406337,219.51,141.49,578.678,0,2,compressed_ring_ar
1778532742.8103056,3,131,2.454072,230.96,122.083,549.737,0,2,compressed_ring_ar
1778532743.4159975,3,132,2.564417,223.7,123.054,567.68,0,2,compressed_ring_ar
1778532744.0036073,3,133,2.400788,230.22,125.758,551.158,0,2,compressed_ring_ar
1778532744.5761049,3,134,2.409147,236.19,125.197,537.447,0,2,compressed_ring_ar
1778532745.0865107,3,135,2.357877,266.7,77.095,478.46,0,2,compressed_ring_ar
1778532745.765757,3,136,2.326996,197.63,108.116,646.519,0,2,compressed_ring_ar
1778532746.3578632,3,137,2.417185,235.01,151.99,540.147,0,2,compressed_ring_ar
1778532747.0154383,3,138,2.379244,206.47,101.931,618.573,0,2,compressed_ring_ar
1778532747.6501598,3,139,2.480229,212.09,86.536,602.209,0,2,compressed_ring_ar
1778532748.30097,3,140,2.415609,206.81,108.95,617.706,0,2,compressed_ring_ar
1778532748.9242287,3,141,2.415758,216.13,86.136,590.838,0,2,compressed_ring_ar
1778532749.570719,3,142,2.360739,209.55,85.339,609.447,0,2,compressed_ring_ar
1778532750.2469475,3,143,2.411573,198.82,109.227,640.587,0,2,compressed_ring_ar
1778532750.89704,3,144,2.427544,207.65,101.748,615.069,0,2,compressed_ring_ar
1778532751.538533,3,145,2.35798,210.62,85.507,606.355,0,2,compressed_ring_ar
1778532752.1477914,3,146,2.287368,221.71,98.489,575.954,0,2,compressed_ring_ar
1778532752.7230525,3,147,2.376351,239.68,153.516,532.747,0,2,compressed_ring_ar
1778532753.3841019,3,148,2.421656,208.9,161.702,608.792,0,2,compressed_ring_ar
1778532754.007841,3,149,2.265303,216.82,100.553,588.842,0,2,compressed_ring_ar
1778532754.7102225,3,150,2.239279,191.2,128.747,664.762,0,2,compressed_ring_ar
1778532755.2892396,3,151,2.372722,234.79,125.184,540.574,0,2,compressed_ring_ar
1778532755.914077,3,152,2.308438,215.88,126.865,588.359,0,2,compressed_ring_ar
1778532756.4127972,3,153,2.542601,276.67,77.026,461.258,0,2,compressed_ring_ar
1778532757.1254325,3,154,2.275284,188.14,138.398,675.691,0,2,compressed_ring_ar
1778532757.6891994,3,155,2.474624,244.62,134.987,519.332,0,2,compressed_ring_ar
1778532758.2651625,3,156,2.402493,235.67,119.952,538.518,0,2,compressed_ring_ar
1778532758.8236318,3,157,2.459935,250.26,117.568,506.884,0,2,compressed_ring_ar
1778532759.5401084,3,158,2.341859,187.11,154.199,679.818,0,2,compressed_ring_ar
1778532760.1647315,3,159,2.164616,225.11,126.592,563.951,0,2,compressed_ring_ar
1778532760.7460616,3,160,2.503605,233.33,126.867,544.166,0,2,compressed_ring_ar
1778532761.3521798,3,161,2.509938,227.35,119.423,559.263,0,2,compressed_ring_ar
1778532761.9117432,3,162,2.540872,246.3,121.877,514.99,0,2,compressed_ring_ar
1778532762.482678,3,163,2.369379,238.31,122.05,532.831,0,2,compressed_ring_ar
1778532763.055911,3,164,2.444113,236.07,115.366,537.341,0,2,compressed_ring_ar
1778532763.628547,3,165,2.299317,237.24,128.143,538.216,0,2,compressed_ring_ar
1778532764.2111595,3,166,2.270086,234.47,85.667,541.553,0,2,compressed_ring_ar
1778532764.8399115,3,167,2.322695,214.61,97.53,595.3,0,2,compressed_ring_ar
1778532765.405561,3,168,2.42817,247.86,135.254,515.164,0,2,compressed_ring_ar
1778532766.0667136,3,169,2.488461,210.61,179.786,603.746,0,2,compressed_ring_ar
1778532766.6563804,3,170,2.215025,229.53,129.726,553.138,0,2,compressed_ring_ar
1778532767.2215288,3,171,2.408639,240.08,116.508,528.668,0,2,compressed_ring_ar
1778532767.7894332,3,172,2.476949,238.46,135.66,532.113,0,2,compressed_ring_ar
1778532768.3791711,3,173,2.405479,230.15,123.545,551.535,0,2,compressed_ring_ar
1778532768.9737227,3,174,2.368222,227.39,108.272,561.532,0,2,compressed_ring_ar
1778532769.6572418,3,175,2.358495,197.88,134.156,642.043,0,2,compressed_ring_ar
1778532770.2658222,3,176,2.557633,221.82,136.332,572.227,0,2,compressed_ring_ar
1778532770.8490767,3,177,2.259022,231.86,123.7,548.325,0,2,compressed_ring_ar
1778532771.3858616,3,178,2.503094,253.76,83.399,503.029,0,2,compressed_ring_ar
1778532772.0754657,3,179,2.450737,194.68,96.206,656.214,0,2,compressed_ring_ar
1778532772.7661514,3,180,2.460266,194.41,118.645,653.891,0,2,compressed_ring_ar
1778532773.3152866,3,181,2.478081,249.73,118.891,507.704,0,2,compressed_ring_ar
1778532773.885187,3,182,2.440009,244.85,115.993,517.94,0,2,compressed_ring_ar
1778532774.4101822,3,183,2.387844,259.08,90.087,492.678,0,2,compressed_ring_ar
1778532775.1212747,3,184,2.357803,189.99,97.04,672.344,0,2,compressed_ring_ar
1778532775.8321545,3,185,2.452563,188.72,157.741,673.725,0,2,compressed_ring_ar
1778532776.3977532,3,186,2.235606,241.86,125.576,524.707,0,2,compressed_ring_ar
1778532776.965603,3,187,2.5214,238.79,114.984,531.532,0,2,compressed_ring_ar
1778532777.4578438,3,188,2.472352,277.91,72.088,459.273,0,2,compressed_ring_ar
1778532778.0355783,3,189,2.409857,239.79,132.921,532.784,0,2,compressed_ring_ar
1778532778.674551,3,190,2.26795,217.88,185.981,582.766,0,2,compressed_ring_ar
1778532779.2657044,3,191,2.281944,229.4,132.284,553.207,0,2,compressed_ring_ar
1778532779.817445,3,192,2.269924,246.32,122.296,515.26,0,2,compressed_ring_ar
1778532780.3924575,3,193,2.233248,236.21,125.252,537.145,0,2,compressed_ring_ar
1778532780.9232442,3,194,2.134902,257.25,73.329,496.233,0,2,compressed_ring_ar
1778532781.5327096,3,195,2.334825,67.74,196.711,585.967,0,2,compressed_ring_ar
1778532787.9997358,4,0,2.293327,187.0,124.735,679.918,0,2,compressed_ring_ar
1778532788.595759,4,1,2.34258,227.6,117.99,557.768,0,2,compressed_ring_ar
1778532789.2012281,4,2,2.256063,225.74,125.429,562.197,0,2,compressed_ring_ar
1778532789.7852783,4,3,2.32223,233.55,101.272,546.647,0,2,compressed_ring_ar
1778532790.4757955,4,4,2.294123,195.63,132.209,649.91,0,2,compressed_ring_ar
1778532791.0656037,4,5,2.253911,229.23,128.964,553.989,0,2,compressed_ring_ar
1778532791.8122315,4,6,2.289882,184.99,159.518,687.889,0,2,compressed_ring_ar
1778532792.541434,4,7,2.577098,189.6,134.22,670.557,0,2,compressed_ring_ar
1778532793.092529,4,8,2.426518,246.68,122.626,514.217,0,2,compressed_ring_ar
1778532793.6798618,4,9,2.463849,230.76,122.224,549.875,0,2,compressed_ring_ar
1778532794.2610445,4,10,2.192563,232.75,124.35,545.557,0,2,compressed_ring_ar
1778532794.855816,4,11,2.162052,227.55,119.252,557.969,0,2,compressed_ring_ar
1778532795.3817554,4,12,2.583837,264.11,77.438,483.3,0,2,compressed_ring_ar
1778532796.0338848,4,13,2.508125,208.97,120.938,611.131,0,2,compressed_ring_ar
1778532796.7047477,4,14,2.23616,205.29,88.294,622.284,0,2,compressed_ring_ar
1778532797.3147538,4,15,2.300057,231.6,141.552,551.301,0,2,compressed_ring_ar
1778532797.9710162,4,16,2.455467,207.67,89.659,615.11,0,2,compressed_ring_ar
1778532798.6006873,4,17,2.329229,218.08,139.509,585.498,0,2,compressed_ring_ar
1778532799.2779255,4,18,2.511529,198.19,129.662,641.034,0,2,compressed_ring_ar
1778532799.830649,4,19,2.563874,245.57,80.261,519.773,0,2,compressed_ring_ar
1778532800.5335963,4,20,2.334989,195.39,134.452,650.494,0,2,compressed_ring_ar
1778532801.0917418,4,21,2.470209,244.93,132.257,517.763,0,2,compressed_ring_ar
1778532801.6497414,4,22,2.161395,243.04,131.843,522.105,0,2,compressed_ring_ar
1778532802.1620362,4,23,2.556218,266.2,76.275,479.457,0,2,compressed_ring_ar
1778532802.784104,4,24,2.298721,218.11,108.531,585.462,0,2,compressed_ring_ar
1778532803.470543,4,25,2.376319,195.24,114.903,652.928,0,2,compressed_ring_ar
1778532804.064621,4,26,2.175936,230.55,94.295,554.004,0,2,compressed_ring_ar
1778532804.7139857,4,27,2.666192,214.02,147.303,593.435,0,2,compressed_ring_ar
1778532805.266079,4,28,2.325242,245.79,121.145,516.302,0,2,compressed_ring_ar
1778532805.8491247,4,29,2.462438,235.94,123.077,537.982,0,2,compressed_ring_ar
1778532806.4230454,4,30,2.373277,237.71,105.888,537.473,0,2,compressed_ring_ar
1778532807.1702077,4,31,2.408487,182.37,129.037,697.104,0,2,compressed_ring_ar
1778532807.7895906,4,32,2.392379,218.88,110.339,583.628,0,2,compressed_ring_ar
1778532808.5507748,4,33,2.307557,180.53,147.704,704.414,0,2,compressed_ring_ar
1778532809.1347315,4,34,2.236836,232.39,133.804,546.316,0,2,compressed_ring_ar
1778532809.7184665,4,35,2.396905,233.27,132.206,547.433,0,2,compressed_ring_ar
1778532810.342727,4,36,2.361464,217.6,80.618,586.857,0,2,compressed_ring_ar
1778532811.033634,4,37,2.4467,195.51,123.685,653.374,0,2,compressed_ring_ar
1778532811.6556747,4,38,2.338324,217.96,128.878,582.55,0,2,compressed_ring_ar
1778532812.222134,4,39,2.094042,240.82,103.21,530.207,0,2,compressed_ring_ar
1778532812.9299479,4,40,2.434271,189.45,119.498,671.199,0,2,compressed_ring_ar
1778532813.5332346,4,41,2.110965,229.79,120.375,553.179,0,2,compressed_ring_ar
1778532814.06198,4,42,2.391215,257.52,79.019,492.767,0,2,compressed_ring_ar
1778532814.734554,4,43,2.323855,202.38,86.023,631.111,0,2,compressed_ring_ar
1778532815.3718064,4,44,2.279784,212.03,94.604,602.328,0,2,compressed_ring_ar
1778532816.0005064,4,45,2.244616,215.54,89.508,592.555,0,2,compressed_ring_ar
1778532816.6440146,4,46,2.476829,209.38,90.558,609.997,0,2,compressed_ring_ar
1778532817.3255308,4,47,2.272318,197.2,123.89,647.727,0,2,compressed_ring_ar
1778532818.0334477,4,48,2.44939,192.27,138.048,661.283,0,2,compressed_ring_ar
1778532818.5832856,4,49,2.360462,247.56,85.644,512.509,0,2,compressed_ring_ar
1778532819.305186,4,50,2.387443,185.11,109.276,690.093,0,2,compressed_ring_ar
1778532820.0012107,4,51,2.437907,193.57,106.408,659.92,0,2,compressed_ring_ar
1778532820.6701162,4,52,2.28529,201.77,128.446,629.693,0,2,compressed_ring_ar
1778532821.2559118,4,53,2.161387,235.08,121.937,540.174,0,2,compressed_ring_ar
1778532821.8376298,4,54,2.486839,233.82,116.107,543.35,0,2,compressed_ring_ar
1778532822.3573508,4,55,2.317446,269.13,80.321,474.178,0,2,compressed_ring_ar
1778532822.973112,4,56,2.328774,222.65,82.099,573.615,0,2,compressed_ring_ar
1778532823.586655,4,57,2.424273,223.38,161.551,570.923,0,2,compressed_ring_ar
1778532824.1763577,4,58,2.574472,232.39,122.199,546.056,0,2,compressed_ring_ar
1778532824.740098,4,59,2.25968,240.2,125.191,531.661,0,2,compressed_ring_ar
1778532825.3526618,4,60,2.232442,223.17,128.627,568.803,0,2,compressed_ring_ar
1778532825.9618866,4,61,2.335412,221.5,113.786,573.424,0,2,compressed_ring_ar
1778532826.57182,4,62,2.304374,221.73,108.999,572.93,0,2,compressed_ring_ar
1778532827.2458043,4,63,2.064461,199.55,105.666,640.089,0,2,compressed_ring_ar
1778532827.9148421,4,64,2.577756,204.67,163.24,620.917,0,2,compressed_ring_ar
1778532828.498174,4,65,2.270819,233.1,132.453,544.478,0,2,compressed_ring_ar
1778532829.0933692,4,66,2.342295,229.25,122.422,553.587,0,2,compressed_ring_ar
1778532829.6516533,4,67,2.128155,242.53,124.133,522.648,0,2,compressed_ring_ar
1778532830.2441232,4,68,2.176733,228.3,123.525,556.165,0,2,compressed_ring_ar
1778532830.8318255,4,69,2.542091,230.09,109.043,554.893,0,2,compressed_ring_ar
1778532831.5296166,4,70,2.356529,192.92,131.422,662.31,0,2,compressed_ring_ar
1778532832.1781425,4,71,2.300424,208.5,140.403,612.687,0,2,compressed_ring_ar
1778532833.0693374,4,72,2.061916,154.13,152.24,829.043,0,2,compressed_ring_ar
1778532833.7932155,4,73,2.394475,186.13,112.198,686.357,0,2,compressed_ring_ar
1778532834.4574485,4,74,2.438449,203.16,124.615,625.594,0,2,compressed_ring_ar
1778532834.993595,4,75,2.289307,254.89,98.957,500.774,0,2,compressed_ring_ar
1778532835.7035105,4,76,2.329199,190.27,180.949,671.344,0,2,compressed_ring_ar
1778532836.3917258,4,77,2.57915,195.04,131.549,651.749,0,2,compressed_ring_ar
1778532836.9226477,4,78,2.338086,258.18,78.001,494.381,0,2,compressed_ring_ar
1778532837.5996933,4,79,1.978866,198.25,126.355,640.853,0,2,compressed_ring_ar
1778532838.1289842,4,80,2.397835,261.12,78.459,488.115,0,2,compressed_ring_ar
1778532838.8025975,4,81,2.427541,199.63,165.939,636.461,0,2,compressed_ring_ar
1778532839.3601928,4,82,2.424629,249.01,105.048,512.614,0,2,compressed_ring_ar
1778532839.9811666,4,83,2.518479,216.96,93.345,588.641,0,2,compressed_ring_ar
1778532840.574189,4,84,2.204382,237.77,145.931,536.969,0,2,compressed_ring_ar
1778532841.2670586,4,85,2.523689,193.25,147.194,657.771,0,2,compressed_ring_ar
1778532841.8537836,4,86,2.434659,230.8,124.614,549.884,0,2,compressed_ring_ar
1778532842.3526835,4,87,2.566258,273.78,78.224,463.183,0,2,compressed_ring_ar
1778532843.0471358,4,88,2.24615,193.76,127.798,656.039,0,2,compressed_ring_ar
1778532843.638,4,89,2.368238,229.13,120.729,553.913,0,2,compressed_ring_ar
1778532844.2134297,4,90,2.277565,235.88,102.825,538.254,0,2,compressed_ring_ar
1778532844.9412277,4,91,2.394937,183.92,123.98,694.528,0,2,compressed_ring_ar
1778532845.6503427,4,92,2.308185,189.44,140.345,671.059,0,2,compressed_ring_ar
1778532846.1788933,4,93,2.215554,259.28,77.695,491.208,0,2,compressed_ring_ar
1778532846.782661,4,94,2.488388,223.54,120.116,571.206,0,2,compressed_ring_ar
1778532847.4855354,4,95,2.422117,190.94,142.443,665.513,0,2,compressed_ring_ar
1778532847.9955857,4,96,2.479081,268.62,82.881,475.095,0,2,compressed_ring_ar
1778532848.7015326,4,97,2.109325,189.97,137.88,669.296,0,2,compressed_ring_ar
1778532849.2903388,4,98,2.179455,229.85,132.065,552.24,0,2,compressed_ring_ar
1778532849.8826392,4,99,2.251607,235.32,124.962,539.344,0,2,compressed_ring_ar
1778532850.4009936,4,100,2.465895,263.46,88.4,484.398,0,2,compressed_ring_ar
1778532851.0697231,4,101,2.405769,203.82,129.484,623.314,0,2,compressed_ring_ar
1778532851.6247628,4,102,2.436142,244.56,81.955,522.152,0,2,compressed_ring_ar
1778532852.249643,4,103,2.349532,217.77,81.792,585.606,0,2,compressed_ring_ar
1778532852.9161923,4,104,2.259119,201.54,109.594,633.721,0,2,compressed_ring_ar
1778532853.5696802,4,105,2.226251,205.66,94.752,621.076,0,2,compressed_ring_ar
1778532854.2099745,4,106,2.357106,211.52,92.798,603.727,0,2,compressed_ring_ar
1778532854.85248,4,107,2.182869,209.67,95.301,609.108,0,2,compressed_ring_ar
1778532855.516445,4,108,2.223662,202.23,92.273,631.57,0,2,compressed_ring_ar
1778532856.2130535,4,109,2.437162,194.12,139.429,654.966,0,2,compressed_ring_ar
1778532856.7295294,4,110,2.324128,265.03,82.344,481.558,0,2,compressed_ring_ar
1778532857.362254,4,111,2.218091,213.15,94.378,599.621,0,2,compressed_ring_ar
1778532857.9743626,4,112,2.297225,233.74,140.393,546.228,0,2,compressed_ring_ar
1778532858.6666603,4,113,2.290171,193.91,125.217,655.499,0,2,compressed_ring_ar
1778532859.2375362,4,114,2.217617,237.98,123.321,533.298,0,2,compressed_ring_ar
1778532859.8102925,4,115,2.504522,236.36,101.862,540.143,0,2,compressed_ring_ar
1778532860.525011,4,116,2.307634,189.66,115.354,673.532,0,2,compressed_ring_ar
1778532861.1975775,4,117,2.331862,201.42,118.072,634.078,0,2,compressed_ring_ar
1778532861.914987,4,118,2.374789,186.54,119.353,681.756,0,2,compressed_ring_ar
1778532862.4714706,4,119,2.352,244.01,121.841,520.059,0,2,compressed_ring_ar
1778532863.0110927,4,120,2.305063,251.89,121.327,503.562,0,2,compressed_ring_ar
1778532863.5280817,4,121,2.211639,264.89,80.898,480.714,0,2,compressed_ring_ar
1778532864.1879358,4,122,2.233322,204.48,126.471,621.135,0,2,compressed_ring_ar
1778532864.766374,4,123,2.32004,234.47,126.915,541.157,0,2,compressed_ring_ar
1778532865.3389516,4,124,2.197172,236.58,119.637,536.636,0,2,compressed_ring_ar
1778532865.9514196,4,125,2.288535,220.47,123.27,575.765,0,2,compressed_ring_ar
1778532866.5323334,4,126,2.408242,233.96,124.001,542.419,0,2,compressed_ring_ar
1778532867.132176,4,127,2.245027,225.61,105.788,566.026,0,2,compressed_ring_ar
1778532867.8494468,4,128,2.315728,186.66,141.268,681.052,0,2,compressed_ring_ar
1778532868.4558172,4,129,2.107415,224.12,125.579,566.744,0,2,compressed_ring_ar
1778532869.0267315,4,130,2.121069,238.66,93.167,534.873,0,2,compressed_ring_ar
1778532869.6101134,4,131,2.592314,238.27,73.251,536.15,0,2,compressed_ring_ar
1778532870.1839383,4,132,2.577871,245.53,101.209,520.098,0,2,compressed_ring_ar
1778532870.7794394,4,133,2.183697,229.95,155.31,556.025,0,2,compressed_ring_ar
1778532871.3845217,4,134,2.479927,226.51,128.967,563.721,0,2,compressed_ring_ar
1778532872.0932288,4,135,2.297772,189.42,133.442,671.159,0,2,compressed_ring_ar
1778532872.5779953,4,136,2.544893,285.54,70.531,447.132,0,2,compressed_ring_ar
1778532873.184774,4,137,2.129452,227.29,181.933,561.074,0,2,compressed_ring_ar
1778532874.108035,4,138,2.310418,150.12,103.21,851.325,0,2,compressed_ring_ar
1778532874.762237,4,139,2.472787,206.67,80.035,618.076,0,2,compressed_ring_ar
1778532875.3815851,4,140,2.390021,217.9,113.952,586.072,0,2,compressed_ring_ar
1778532876.0758982,4,141,2.449857,193.22,124.947,657.688,0,2,compressed_ring_ar
1778532876.6559045,4,142,2.39339,237.62,130.013,534.253,0,2,compressed_ring_ar
1778532877.2621222,4,143,2.508928,225.42,125.382,566.591,0,2,compressed_ring_ar
1778532877.9258587,4,144,2.189164,206.76,131.102,614.376,0,2,compressed_ring_ar
1778532878.4676638,4,145,2.285459,251.91,85.2,505.894,0,2,compressed_ring_ar
1778532879.17966,4,146,2.172413,190.35,122.598,667.934,0,2,compressed_ring_ar
1778532879.736785,4,147,2.401791,243.82,129.258,523.584,0,2,compressed_ring_ar
1778532880.375413,4,148,2.154587,213.76,131.673,594.113,0,2,compressed_ring_ar
1778532880.9486697,4,149,2.102598,245.2,118.363,520.599,0,2,compressed_ring_ar
1778532881.6470947,4,150,2.143523,191.98,144.295,662.024,0,2,compressed_ring_ar
1778532882.233053,4,151,2.273322,233.27,126.415,543.839,0,2,compressed_ring_ar
1778532882.7881007,4,152,2.256557,244.41,101.291,522.292,0,2,compressed_ring_ar
1778532883.4526563,4,153,2.502636,202.52,135.238,630.613,0,2,compressed_ring_ar
1778532884.1557655,4,154,2.454686,190.3,134.586,667.63,0,2,compressed_ring_ar
1778532884.7458825,4,155,2.320654,228.98,105.06,557.605,0,2,compressed_ring_ar
1778532885.4651558,4,156,2.200805,187.09,134.169,679.626,0,2,compressed_ring_ar
1778532886.0496824,4,157,2.237666,232.16,115.769,549.962,0,2,compressed_ring_ar
1778532886.7432573,4,158,2.190017,193.46,139.139,656.567,0,2,compressed_ring_ar
1778532887.3201594,4,159,2.01949,235.28,122.837,539.637,0,2,compressed_ring_ar
1778532887.8744497,4,160,2.100452,245.04,92.954,521.066,0,2,compressed_ring_ar
1778532888.5564284,4,161,2.265528,198.89,135.177,638.882,0,2,compressed_ring_ar
1778532889.115078,4,162,2.224581,242.36,125.829,523.882,0,2,compressed_ring_ar
1778532889.6786807,4,163,2.423233,240.66,116.34,527.403,0,2,compressed_ring_ar
1778532890.2754238,4,164,2.267955,227.17,109.114,562.107,0,2,compressed_ring_ar
1778532890.955997,4,165,2.31624,197.12,123.521,644.604,0,2,compressed_ring_ar
1778532891.4551659,4,166,2.342672,273.46,72.973,466.71,0,2,compressed_ring_ar
1778532892.036236,4,167,2.270364,241.31,120.338,529.166,0,2,compressed_ring_ar
1778532892.6812577,4,168,2.246088,210.59,111.568,605.507,0,2,compressed_ring_ar
1778532893.390877,4,169,2.186839,189.28,125.444,671.546,0,2,compressed_ring_ar
1778532893.8952131,4,170,2.585233,270.28,76.788,472.297,0,2,compressed_ring_ar
1778532894.5658078,4,171,2.214061,200.43,135.697,633.808,0,2,compressed_ring_ar
1778532895.1511393,4,172,2.350109,234.1,123.732,542.025,0,2,compressed_ring_ar
1778532895.7711213,4,173,2.213167,218.0,145.404,582.352,0,2,compressed_ring_ar
1778532896.3953664,4,174,2.185456,216.34,130.904,586.976,0,2,compressed_ring_ar
1778532896.961456,4,175,2.29549,239.07,130.174,530.874,0,2,compressed_ring_ar
1778532897.5476751,4,176,2.080327,231.05,119.638,550.183,0,2,compressed_ring_ar
1778532898.1630237,4,177,2.143688,219.85,140.231,580.953,0,2,compressed_ring_ar
1778532898.886426,4,178,2.24894,191.91,127.454,662.847,0,2,compressed_ring_ar
1778532899.4821486,4,179,2.216319,227.51,123.838,557.762,0,2,compressed_ring_ar
1778532900.091702,4,180,2.16709,222.01,123.1,571.884,0,2,compressed_ring_ar
1778532900.6471272,4,181,2.397373,245.93,102.515,519.159,0,2,compressed_ring_ar
1778532901.368643,4,182,2.413517,186.78,114.449,683.19,0,2,compressed_ring_ar
1778532902.0095863,4,183,2.367595,210.43,159.585,603.76,0,2,compressed_ring_ar
1778532902.602429,4,184,2.255636,228.35,114.622,555.961,0,2,compressed_ring_ar
1778532903.2146275,4,185,2.371848,220.84,128.484,575.058,0,2,compressed_ring_ar
1778532903.75613,4,186,2.440949,252.61,78.082,505.502,0,2,compressed_ring_ar
1778532904.4454114,4,187,2.429553,194.99,138.1,655.172,0,2,compressed_ring_ar
1778532905.0468953,4,188,2.206851,226.27,125.626,561.004,0,2,compressed_ring_ar
1778532905.6218705,4,189,2.18534,235.35,111.191,542.514,0,2,compressed_ring_ar
1778532906.436178,4,190,2.361001,164.52,155.312,776.745,0,2,compressed_ring_ar
1778532907.213517,4,191,2.366295,178.33,141.323,713.095,0,2,compressed_ring_ar
1778532907.8062935,4,192,2.275437,228.34,135.721,556.003,0,2,compressed_ring_ar
1778532908.342682,4,193,2.246168,253.87,110.763,502.943,0,2,compressed_ring_ar
1778532908.9872499,4,194,2.275316,209.62,126.772,609.599,0,2,compressed_ring_ar
1778532909.5148075,4,195,2.280178,78.19,130.618,506.992,0,2,compressed_ring_ar
1778532916.0714998,5,0,2.426828,169.75,122.938,752.66,0,2,compressed_ring_ar
1778532916.7653499,5,1,2.407922,194.32,129.196,653.71,0,2,compressed_ring_ar
1778532917.319985,5,2,2.425885,246.53,116.091,514.465,0,2,compressed_ring_ar
1778532917.9403033,5,3,2.347566,217.71,148.282,582.721,0,2,compressed_ring_ar
1778532918.5637968,5,4,2.203282,222.37,142.619,571.225,0,2,compressed_ring_ar
1778532919.1499326,5,5,2.403672,231.31,127.737,549.019,0,2,compressed_ring_ar
1778532919.7243829,5,6,2.361447,238.4,125.555,532.05,0,2,compressed_ring_ar
1778532920.2854128,5,7,2.462322,250.89,120.581,505.61,0,2,compressed_ring_ar
1778532920.899314,5,8,2.389438,222.27,109.214,574.507,0,2,compressed_ring_ar
1778532921.609424,5,9,2.18981,188.72,115.375,675.184,0,2,compressed_ring_ar
1778532922.3081224,5,10,2.24717,191.8,118.946,665.986,0,2,compressed_ring_ar
1778532923.0084739,5,11,2.108843,191.35,130.621,664.615,0,2,compressed_ring_ar
1778532923.5746136,5,12,2.316345,240.79,129.562,530.615,0,2,compressed_ring_ar
1778532924.2076535,5,13,2.316061,213.77,144.188,594.087,0,2,compressed_ring_ar
1778532924.816645,5,14,2.375353,223.79,133.002,567.242,0,2,compressed_ring_ar
1778532925.380051,5,15,2.368083,241.56,125.371,525.091,0,2,compressed_ring_ar
1778532926.003828,5,16,2.241324,217.91,103.863,585.292,0,2,compressed_ring_ar
1778532926.7330005,5,17,2.138185,185.59,123.746,687.493,0,2,compressed_ring_ar
1778532927.446492,5,18,2.390715,187.5,112.777,681.292,0,2,compressed_ring_ar
1778532928.1224346,5,19,2.533416,199.04,123.38,641.659,0,2,compressed_ring_ar
1778532928.8247497,5,20,2.328,191.03,148.248,665.5,0,2,compressed_ring_ar
1778532929.4205124,5,21,2.074343,227.53,120.917,561.28,0,2,compressed_ring_ar
1778532930.0626268,5,22,2.170516,212.37,132.457,598.275,0,2,compressed_ring_ar
1778532930.7933989,5,23,2.288706,188.99,166.62,672.528,0,2,compressed_ring_ar
1778532931.3791049,5,24,2.238151,230.79,108.509,553.189,0,2,compressed_ring_ar
1778532932.0676563,5,25,2.280548,194.87,127.176,652.449,0,2,compressed_ring_ar
1778532932.67066,5,26,2.30576,224.54,127.185,565.478,0,2,compressed_ring_ar
1778532933.2493315,5,27,2.373331,235.11,123.686,539.68,0,2,compressed_ring_ar
1778532933.7751586,5,28,2.23111,259.28,83.055,492.27,0,2,compressed_ring_ar
1778532934.4414887,5,29,2.36221,201.47,160.63,630.601,0,2,compressed_ring_ar
1778532935.073455,5,30,2.424091,213.65,138.949,594.533,0,2,compressed_ring_ar
1778532935.6979654,5,31,2.213838,218.03,128.367,582.702,0,2,compressed_ring_ar
1778532936.2535717,5,32,2.309453,246.55,127.784,514.717,0,2,compressed_ring_ar
1778532936.8501701,5,33,2.236599,227.14,133.484,558.97,0,2,compressed_ring_ar
1778532937.3942974,5,34,2.110828,249.6,120.948,508.227,0,2,compressed_ring_ar
1778532937.970235,5,35,2.281473,235.01,130.453,540.211,0,2,compressed_ring_ar
1778532938.4613366,5,36,2.197736,278.33,82.406,458.723,0,2,compressed_ring_ar
1778532939.1028876,5,37,2.25559,209.99,102.042,606.292,0,2,compressed_ring_ar
1778532939.7978559,5,38,2.357424,193.44,135.466,657.211,0,2,compressed_ring_ar
1778532940.4138067,5,39,2.338475,220.45,103.796,578.436,0,2,compressed_ring_ar
1778532941.1367612,5,40,2.36948,185.1,122.478,690.13,0,2,compressed_ring_ar
1778532941.775751,5,41,2.385776,211.83,124.886,602.029,0,2,compressed_ring_ar
1778532942.4101703,5,42,2.491578,212.16,87.051,602.051,0,2,compressed_ring_ar
1778532943.030709,5,43,2.169322,220.21,165.107,578.747,0,2,compressed_ring_ar
1778532943.6742601,5,44,2.29457,209.65,142.134,605.66,0,2,compressed_ring_ar
1778532944.2674294,5,45,2.439484,228.52,125.226,555.233,0,2,compressed_ring_ar
1778532944.8096192,5,46,2.141345,250.49,87.921,508.538,0,2,compressed_ring_ar
1778532945.4597929,5,47,2.14994,208.61,88.352,612.171,0,2,compressed_ring_ar
1778532946.1847515,5,48,2.423029,183.68,143.16,694.335,0,2,compressed_ring_ar
1778532947.0116632,5,49,2.34765,166.55,105.136,767.255,0,2,compressed_ring_ar
1778532947.6746528,5,50,2.255088,204.05,94.362,625.885,0,2,compressed_ring_ar
1778532948.3669858,5,51,2.440392,198.8,131.95,639.185,0,2,compressed_ring_ar
1778532948.9217215,5,52,2.320315,246.19,83.877,516.896,0,2,compressed_ring_ar
1778532949.624677,5,53,2.062856,191.24,143.097,664.783,0,2,compressed_ring_ar
1778532950.142366,5,54,2.230009,263.83,78.449,484.01,0,2,compressed_ring_ar
1778532950.8454618,5,55,2.237576,191.29,163.482,664.586,0,2,compressed_ring_ar
1778532951.4065843,5,56,2.180176,241.34,119.824,526.22,0,2,compressed_ring_ar
1778532951.9645066,5,57,2.324506,243.07,124.905,521.944,0,2,compressed_ring_ar
1778532952.5641022,5,58,2.2729,225.35,127.924,563.244,0,2,compressed_ring_ar
1778532953.1333876,5,59,2.199698,238.05,120.897,532.983,0,2,compressed_ring_ar
1778532953.7149777,5,60,2.571961,236.5,125.574,536.43,0,2,compressed_ring_ar
1778532954.3343062,5,61,2.521708,218.67,136.794,580.548,0,2,compressed_ring_ar
1778532954.8583522,5,62,2.244041,259.94,80.742,491.054,0,2,compressed_ring_ar
1778532955.6380446,5,63,2.259283,171.45,147.787,741.652,0,2,compressed_ring_ar
1778532956.2518165,5,64,2.614464,235.67,128.02,538.308,0,2,compressed_ring_ar
1778532956.9166906,5,65,2.168548,205.91,139.474,617.079,0,2,compressed_ring_ar
1778532957.514539,5,66,2.372658,228.26,123.517,556.369,0,2,compressed_ring_ar
1778532958.1383078,5,67,2.358546,221.0,119.272,574.641,0,2,compressed_ring_ar
1778532958.7402902,5,68,2.123117,225.14,117.505,564.088,0,2,compressed_ring_ar
1778532959.3819985,5,69,2.432679,211.48,145.565,600.718,0,2,compressed_ring_ar
1778532959.9585261,5,70,2.242439,235.13,133.356,540.708,0,2,compressed_ring_ar
1778532960.577627,5,71,2.191124,218.07,127.054,583.431,0,2,compressed_ring_ar
1778532961.15448,5,72,2.189037,235.32,140.34,539.524,0,2,compressed_ring_ar
1778532961.7579193,5,73,2.392115,224.61,124.589,565.048,0,2,compressed_ring_ar
1778532962.3332417,5,74,2.367662,235.52,121.409,538.864,0,2,compressed_ring_ar
1778532962.9250488,5,75,2.362025,231.2,126.194,549.265,0,2,compressed_ring_ar
1778532963.4930184,5,76,2.454818,238.42,131.731,532.099,0,2,compressed_ring_ar
1778532964.08175,5,77,2.171568,230.37,124.444,551.09,0,2,compressed_ring_ar
1778532964.681103,5,78,2.110868,225.4,127.356,563.23,0,2,compressed_ring_ar
1778532965.2810102,5,79,2.188795,226.99,122.746,559.362,0,2,compressed_ring_ar
1778532965.8680913,5,80,2.309328,230.73,143.397,550.25,0,2,compressed_ring_ar
1778532966.4377766,5,81,2.4556,238.26,130.396,532.427,0,2,compressed_ring_ar
1778532966.9803216,5,82,2.419328,250.26,117.003,510.116,0,2,compressed_ring_ar
1778532967.6456935,5,83,2.228736,203.7,125.885,624.286,0,2,compressed_ring_ar
1778532968.2428355,5,84,2.355892,241.43,122.211,528.983,0,2,compressed_ring_ar
1778532968.8082557,5,85,2.3308,241.12,79.63,529.534,0,2,compressed_ring_ar
1778532969.4478195,5,86,2.432924,211.1,100.068,604.957,0,2,compressed_ring_ar
1778532970.1698453,5,87,2.333514,185.09,158.289,690.279,0,2,compressed_ring_ar
1778532970.940681,5,88,2.093939,179.37,145.239,709.896,0,2,compressed_ring_ar
1778532971.5308018,5,89,2.131146,231.6,133.929,547.966,0,2,compressed_ring_ar
1778532972.12377,5,90,2.362442,228.11,135.872,556.596,0,2,compressed_ring_ar
1778532972.7211344,5,91,1.8905,226.19,133.531,561.135,0,2,compressed_ring_ar
1778532973.30147,5,92,2.342489,233.11,101.564,547.816,0,2,compressed_ring_ar
1778532973.9381237,5,93,2.241744,214.22,128.178,592.893,0,2,compressed_ring_ar
1778532974.5110009,5,94,2.268806,237.28,124.447,534.725,0,2,compressed_ring_ar
1778532975.0855289,5,95,2.427657,235.92,99.351,538.072,0,2,compressed_ring_ar
1778532975.8491366,5,96,2.259881,177.93,153.21,714.917,0,2,compressed_ring_ar
1778532976.408418,5,97,2.181889,243.59,116.2,520.456,0,2,compressed_ring_ar
1778532976.996338,5,98,2.138954,231.08,127.412,548.972,0,2,compressed_ring_ar
1778532977.576399,5,99,2.210252,234.37,128.025,542.466,0,2,compressed_ring_ar
1778532978.154205,5,100,2.305569,238.45,133.866,532.135,0,2,compressed_ring_ar
1778532978.6746125,5,101,2.387476,264.09,83.999,482.314,0,2,compressed_ring_ar
1778532979.3613722,5,102,2.259832,195.73,123.88,650.956,0,2,compressed_ring_ar
1778532980.0094962,5,103,2.493446,209.48,90.773,609.698,0,2,compressed_ring_ar
1778532980.6978633,5,104,2.588474,194.91,118.677,652.372,0,2,compressed_ring_ar
1778532981.3041854,5,105,2.308037,223.04,134.628,569.996,0,2,compressed_ring_ar
1778532981.8811195,5,106,2.356513,249.31,121.191,508.574,0,2,compressed_ring_ar
1778532982.4413486,5,107,2.367162,248.22,115.285,511.174,0,2,compressed_ring_ar
1778532983.0377371,5,108,2.136655,226.63,127.277,559.524,0,2,compressed_ring_ar
1778532983.6175618,5,109,2.21067,236.77,137.549,536.162,0,2,compressed_ring_ar
1778532984.1254148,5,110,2.288292,271.52,75.333,470.071,0,2,compressed_ring_ar
1778532984.8183358,5,111,2.171406,199.52,149.547,637.781,0,2,compressed_ring_ar
1778532985.368178,5,112,2.424792,253.44,124.62,500.333,0,2,compressed_ring_ar
1778532985.9822602,5,113,2.284372,224.21,131.651,567.037,0,2,compressed_ring_ar
1778532986.68997,5,114,2.405772,202.19,141.217,628.361,0,2,compressed_ring_ar
1778532987.292121,5,115,2.267281,224.55,124.087,565.641,0,2,compressed_ring_ar
1778532987.8718894,5,116,2.462805,236.31,128.039,536.805,0,2,compressed_ring_ar
1778532988.4606712,5,117,2.312134,230.09,131.571,552.156,0,2,compressed_ring_ar
1778532989.064439,5,118,2.333792,225.29,134.307,563.692,0,2,compressed_ring_ar
1778532989.7621038,5,119,2.359439,192.94,141.939,658.951,0,2,compressed_ring_ar
1778532990.2751691,5,120,2.193229,265.87,78.295,480.031,0,2,compressed_ring_ar
1778532990.9205103,5,121,2.376303,208.67,102.919,612.544,0,2,compressed_ring_ar
1778532991.5105035,5,122,2.303234,234.88,144.394,543.767,0,2,compressed_ring_ar
1778532992.2038088,5,123,2.174855,202.39,205.314,627.939,0,2,compressed_ring_ar
1778532992.7350225,5,124,2.159179,258.62,90.239,493.591,0,2,compressed_ring_ar
1778532993.4249341,5,125,2.341961,196.77,129.228,646.005,0,2,compressed_ring_ar
1778532993.947484,5,126,2.159707,262.65,80.578,486.091,0,2,compressed_ring_ar
1778532994.7386477,5,127,2.213153,172.53,109.412,740.486,0,2,compressed_ring_ar
1778532995.4078727,5,128,2.279196,201.99,83.725,632.258,0,2,compressed_ring_ar
1778532996.110059,5,129,2.349398,191.82,126.156,663.22,0,2,compressed_ring_ar
1778532996.6914475,5,130,2.423247,239.54,124.334,529.596,0,2,compressed_ring_ar
1778532997.2177691,5,131,2.150922,269.27,82.281,470.806,0,2,compressed_ring_ar
1778532997.8844943,5,132,2.203797,201.45,94.057,634.005,0,2,compressed_ring_ar
1778532998.5211806,5,133,2.371321,211.52,91.094,603.767,0,2,compressed_ring_ar
1778532999.1433573,5,134,2.317847,218.35,91.968,584.874,0,2,compressed_ring_ar
1778532999.8888113,5,135,2.355696,179.96,124.615,706.569,0,2,compressed_ring_ar
1778533000.4432082,5,136,2.072786,245.76,123.441,516.682,0,2,compressed_ring_ar
1778533001.0080721,5,137,2.435432,240.36,122.563,531.156,0,2,compressed_ring_ar
1778533001.618522,5,138,2.239489,221.57,125.635,573.31,0,2,compressed_ring_ar
1778533002.2276626,5,139,2.134823,222.2,132.156,571.502,0,2,compressed_ring_ar
1778533002.8057275,5,140,2.312186,233.9,136.602,543.17,0,2,compressed_ring_ar
1778533003.3765693,5,141,2.421719,237.65,123.59,533.739,0,2,compressed_ring_ar
1778533003.943928,5,142,2.281016,238.91,130.246,531.375,0,2,compressed_ring_ar
1778533004.4948704,5,143,2.217536,247.09,80.239,516.651,0,2,compressed_ring_ar
1778533005.2002938,5,144,2.3135,191.16,134.502,664.815,0,2,compressed_ring_ar
1778533005.7735727,5,145,2.508453,236.18,122.363,540.618,0,2,compressed_ring_ar
1778533006.4118836,5,146,2.278906,212.35,132.049,598.872,0,2,compressed_ring_ar
1778533006.9150968,5,147,2.225916,270.68,77.647,471.536,0,2,compressed_ring_ar
1778533007.653501,5,148,2.225274,181.29,130.062,701.242,0,2,compressed_ring_ar
1778533008.2369823,5,149,2.285543,237.38,119.157,534.72,0,2,compressed_ring_ar
1778533008.8305702,5,150,2.034775,227.96,135.142,556.988,0,2,compressed_ring_ar
1778533009.373584,5,151,2.29257,250.35,120.816,506.72,0,2,compressed_ring_ar
1778533009.9761221,5,152,2.322446,224.41,129.238,565.73,0,2,compressed_ring_ar
1778533010.597599,5,153,2.451342,218.56,141.5,580.894,0,2,compressed_ring_ar
1778533011.1761653,5,154,2.139485,235.93,129.131,537.709,0,2,compressed_ring_ar
1778533011.7617497,5,155,2.209019,231.18,127.779,549.599,0,2,compressed_ring_ar
1778533012.3271098,5,156,2.179966,239.95,125.413,528.683,0,2,compressed_ring_ar
1778533012.9187274,5,157,2.014392,229.31,128.226,554.524,0,2,compressed_ring_ar
1778533013.4920247,5,158,2.342363,235.64,118.107,538.463,0,2,compressed_ring_ar
1778533014.0290198,5,159,2.080506,253.3,80.204,504.013,0,2,compressed_ring_ar
1778533014.6796284,5,160,2.451419,212.84,129.046,596.863,0,2,compressed_ring_ar
1778533015.226262,5,161,2.202514,248.31,132.733,511.126,0,2,compressed_ring_ar
1778533015.817953,5,162,2.288177,229.1,137.138,554.044,0,2,compressed_ring_ar
1778533016.3806093,5,163,2.174449,240.46,116.248,527.758,0,2,compressed_ring_ar
1778533016.9708679,5,164,2.234902,229.35,124.099,554.199,0,2,compressed_ring_ar
1778533017.5507936,5,165,2.440413,233.95,134.791,542.793,0,2,compressed_ring_ar
1778533018.1095002,5,166,2.175534,243.02,120.211,522.361,0,2,compressed_ring_ar
1778533018.6947556,5,167,2.45266,231.95,137.389,547.166,0,2,compressed_ring_ar
1778533019.2447991,5,168,2.284777,251.03,121.476,505.11,0,2,compressed_ring_ar
1778533019.7880375,5,169,2.329911,250.45,94.075,509.645,0,2,compressed_ring_ar
1778533020.51742,5,170,2.386764,183.83,146.832,694.874,0,2,compressed_ring_ar
1778533021.241896,5,171,2.249675,184.74,140.973,688.463,0,2,compressed_ring_ar
1778533021.8348277,5,172,2.502664,229.57,135.759,552.938,0,2,compressed_ring_ar
1778533022.4433582,5,173,2.254216,221.63,125.303,572.931,0,2,compressed_ring_ar
1778533022.994751,5,174,2.150452,246.34,119.07,515.188,0,2,compressed_ring_ar
1778533023.551499,5,175,2.271697,250.36,108.976,508.19,0,2,compressed_ring_ar
1778533024.2296293,5,176,2.318253,197.85,123.172,642.366,0,2,compressed_ring_ar
1778533024.7815804,5,177,2.130133,246.42,122.723,518.153,0,2,compressed_ring_ar
1778533025.366354,5,178,2.255203,234.05,117.597,542.443,0,2,compressed_ring_ar
1778533025.9835744,5,179,2.21836,218.61,132.929,581.024,0,2,compressed_ring_ar
1778533026.7726245,5,180,2.119121,173.93,137.321,734.542,0,2,compressed_ring_ar
1778533027.4959316,5,181,2.368126,186.53,133.345,681.356,0,2,compressed_ring_ar
1778533028.070521,5,182,2.177307,235.7,123.436,538.546,0,2,compressed_ring_ar
1778533028.6663036,5,183,2.350454,227.21,138.98,558.822,0,2,compressed_ring_ar
1778533029.168695,5,184,2.161894,273.18,88.644,467.126,0,2,compressed_ring_ar
1778533029.8411927,5,185,2.280355,200.03,134.761,635.173,0,2,compressed_ring_ar
1778533030.4161224,5,186,2.482323,236.79,109.904,539.238,0,2,compressed_ring_ar
1778533031.0927231,5,187,2.263855,198.65,160.397,639.953,0,2,compressed_ring_ar
1778533031.671058,5,188,2.350186,234.19,126.751,542.003,0,2,compressed_ring_ar
1778533032.2304752,5,189,2.299987,245.25,83.003,520.515,0,2,compressed_ring_ar
1778533032.9582036,5,190,2.324192,184.97,126.735,687.016,0,2,compressed_ring_ar
1778533033.5090964,5,191,2.231684,246.66,113.995,514.695,0,2,compressed_ring_ar
1778533034.083523,5,192,2.268145,237.36,112.163,538.01,0,2,compressed_ring_ar
1778533034.7824316,5,193,2.164782,192.65,128.379,659.999,0,2,compressed_ring_ar
1778533035.3659897,5,194,2.218497,233.55,122.257,546.864,0,2,compressed_ring_ar
1778533035.9208155,5,195,2.050518,75.52,153.452,525.051,0,2,compressed_ring_ar
1778533042.7665536,6,0,2.321039,168.64,141.486,757.657,0,2,compressed_ring_ar
1778533043.5894382,6,1,2.345491,163.19,131.943,779.51,0,2,compressed_ring_ar
1778533044.2021244,6,2,2.431337,221.24,128.603,574.05,0,2,compressed_ring_ar
1778533044.775058,6,3,2.181257,236.33,127.625,537.93,0,2,compressed_ring_ar
1778533045.3386142,6,4,2.221982,242.2,120.262,523.939,0,2,compressed_ring_ar
1778533045.910501,6,5,2.350736,237.51,139.661,534.384,0,2,compressed_ring_ar
1778533046.4917006,6,6,2.293033,233.05,133.071,544.343,0,2,compressed_ring_ar
1778533047.0652797,6,7,2.385591,235.92,136.094,538.091,0,2,compressed_ring_ar
1778533047.642094,6,8,2.357211,234.96,129.614,540.185,0,2,compressed_ring_ar
1778533048.1861575,6,9,2.353581,250.91,80.352,508.767,0,2,compressed_ring_ar
1778533048.824659,6,10,2.133242,212.35,76.277,601.405,0,2,compressed_ring_ar
1778533049.451977,6,11,2.291402,215.19,85.265,593.473,0,2,compressed_ring_ar
1778533050.1752799,6,12,2.08758,184.86,155.339,689.003,0,2,compressed_ring_ar
1778533050.809935,6,13,2.174653,220.85,81.852,578.161,0,2,compressed_ring_ar
1778533051.4483702,6,14,2.395375,213.34,98.415,598.575,0,2,compressed_ring_ar
1778533052.1511927,6,15,2.236933,191.32,127.489,664.073,0,2,compressed_ring_ar
1778533052.6738582,6,16,2.111282,260.37,118.958,487.711,0,2,compressed_ring_ar
1778533053.2171779,6,17,2.44243,250.41,93.13,508.025,0,2,compressed_ring_ar
1778533053.9418435,6,18,2.146353,188.59,121.951,674.066,0,2,compressed_ring_ar
1778533054.481196,6,19,2.14085,253.26,79.704,504.021,0,2,compressed_ring_ar
1778533055.187185,6,20,2.335329,190.29,130.571,668.291,0,2,compressed_ring_ar
1778533055.7097936,6,21,2.21379,262.08,80.968,484.033,0,2,compressed_ring_ar
1778533056.40272,6,22,2.071511,196.31,137.156,647.533,0,2,compressed_ring_ar
1778533056.9736974,6,23,2.149736,237.1,136.777,534.997,0,2,compressed_ring_ar
1778533057.5012155,6,24,2.332953,259.19,84.367,492.396,0,2,compressed_ring_ar
1778533058.2172196,6,25,2.266817,187.44,121.546,678.15,0,2,compressed_ring_ar
1778533058.781618,6,26,2.136661,240.68,119.028,526.978,0,2,compressed_ring_ar
1778533059.3019364,6,27,2.334995,268.17,82.578,472.863,0,2,compressed_ring_ar
1778533060.0192733,6,28,2.06204,186.89,118.059,683.532,0,2,compressed_ring_ar
1778533060.6454878,6,29,2.30866,215.73,98.362,592.415,0,2,compressed_ring_ar
1778533061.2698271,6,30,2.222347,225.44,126.038,566.542,0,2,compressed_ring_ar
1778533061.9029238,6,31,2.268578,217.76,190.385,582.872,0,2,compressed_ring_ar
1778533062.4980912,6,32,2.470476,228.55,122.904,555.745,0,2,compressed_ring_ar
1778533063.056412,6,33,2.293061,243.62,122.848,520.679,0,2,compressed_ring_ar
1778533063.6643894,6,34,2.377826,222.3,121.28,571.187,0,2,compressed_ring_ar
1778533064.3408625,6,35,2.233876,199.32,138.029,637.614,0,2,compressed_ring_ar
1778533064.8680828,6,36,2.173,259.62,87.154,491.741,0,2,compressed_ring_ar
1778533065.5285487,6,37,2.152389,207.0,114.724,613.834,0,2,compressed_ring_ar
1778533066.1779356,6,38,2.407605,206.32,139.786,616.068,0,2,compressed_ring_ar
1778533066.834308,6,39,2.399081,212.68,89.389,600.487,0,2,compressed_ring_ar
1778533067.513228,6,40,2.103791,199.15,79.376,641.373,0,2,compressed_ring_ar
1778533068.1790147,6,41,2.247128,201.85,93.317,632.712,0,2,compressed_ring_ar
1778533068.8616138,6,42,2.24509,196.58,124.464,646.382,0,2,compressed_ring_ar
1778533069.446159,6,43,2.227672,231.18,106.689,552.208,0,2,compressed_ring_ar
1778533070.0754538,6,44,2.173191,214.82,89.916,592.766,0,2,compressed_ring_ar
1778533070.7988365,6,45,2.318422,185.01,126.476,687.751,0,2,compressed_ring_ar
1778533071.4494302,6,46,2.460237,207.29,87.776,616.123,0,2,compressed_ring_ar
1778533072.163707,6,47,2.20617,187.51,115.616,681.297,0,2,compressed_ring_ar
1778533072.761726,6,48,2.392283,227.58,111.532,561.344,0,2,compressed_ring_ar
1778533073.3603065,6,49,2.132819,230.39,140.626,551.081,0,2,compressed_ring_ar
1778533074.0179167,6,50,2.304674,204.04,83.619,625.958,0,2,compressed_ring_ar
1778533074.64596,6,51,2.307942,215.76,95.903,592.131,0,2,compressed_ring_ar
1778533075.3250828,6,52,2.105091,202.65,195.425,626.904,0,2,compressed_ring_ar
1778533075.9105725,6,53,2.477364,234.13,96.977,545.407,0,2,compressed_ring_ar
1778533076.5282238,6,54,2.165136,219.9,82.806,580.881,0,2,compressed_ring_ar
1778533077.1641588,6,55,2.28018,217.39,201.077,584.128,0,2,compressed_ring_ar
1778533077.695369,6,56,2.121434,256.33,86.228,494.841,0,2,compressed_ring_ar
1778533078.403695,6,57,2.42995,189.24,132.16,671.931,0,2,compressed_ring_ar
1778533078.9989967,6,58,2.236864,227.32,123.096,558.953,0,2,compressed_ring_ar
1778533079.5128925,6,59,2.352469,267.3,77.927,477.486,0,2,compressed_ring_ar
1778533080.1735418,6,60,2.357016,203.95,96.95,626.244,0,2,compressed_ring_ar
1778533080.872971,6,61,2.336326,191.48,110.283,667.243,0,2,compressed_ring_ar
1778533081.5229173,6,62,2.349613,208.51,132.204,609.001,0,2,compressed_ring_ar
1778533082.1143541,6,63,2.213228,228.45,111.988,558.671,0,2,compressed_ring_ar
1778533082.7890127,6,64,2.221921,199.45,123.207,637.354,0,2,compressed_ring_ar
1778533083.318333,6,65,2.303761,257.28,75.717,495.25,0,2,compressed_ring_ar
1778533083.9523125,6,66,2.286091,213.65,88.213,597.804,0,2,compressed_ring_ar
1778533084.5515168,6,67,2.338094,232.9,147.241,548.182,0,2,compressed_ring_ar
1778533085.1852462,6,68,2.222581,213.88,91.285,597.109,0,2,compressed_ring_ar
1778533085.9436033,6,69,2.2584,176.19,179.388,722.024,0,2,compressed_ring_ar
1778533086.5164688,6,70,2.423749,240.84,112.534,526.984,0,2,compressed_ring_ar
1778533087.095546,6,71,2.244282,234.09,123.245,542.23,0,2,compressed_ring_ar
1778533087.6066234,6,72,2.114967,266.62,85.427,477.715,0,2,compressed_ring_ar
1778533088.232091,6,73,2.180987,215.74,99.945,591.86,0,2,compressed_ring_ar
1778533088.925262,6,74,2.178611,193.1,139.369,658.358,0,2,compressed_ring_ar
1778533089.4943025,6,75,2.288711,238.66,104.228,533.155,0,2,compressed_ring_ar
1778533090.1246722,6,76,2.378561,213.37,101.037,598.538,0,2,compressed_ring_ar
1778533090.7356913,6,77,2.254092,224.59,173.714,566.174,0,2,compressed_ring_ar
1778533091.272753,6,78,2.554348,254.2,117.207,498.962,0,2,compressed_ring_ar
1778533091.840248,6,79,2.290144,239.17,116.002,530.347,0,2,compressed_ring_ar
1778533092.4135187,6,80,2.497972,236.45,118.714,536.689,0,2,compressed_ring_ar
1778533092.9736855,6,81,2.327773,242.26,130.406,523.946,0,2,compressed_ring_ar
1778533093.4970887,6,82,2.09215,260.06,84.405,490.915,0,2,compressed_ring_ar
1778533094.2250373,6,83,2.159681,183.67,132.965,692.194,0,2,compressed_ring_ar
1778533094.722248,6,84,2.192419,274.57,84.197,464.734,0,2,compressed_ring_ar
1778533095.3419416,6,85,2.24138,221.19,81.59,574.485,0,2,compressed_ring_ar
1778533096.0248094,6,86,2.369529,196.46,107.758,650.162,0,2,compressed_ring_ar
1778533096.7654855,6,87,2.216532,180.62,140.239,704.577,0,2,compressed_ring_ar
1778533097.287243,6,88,2.388317,262.37,82.27,486.691,0,2,compressed_ring_ar
1778533097.9402642,6,89,2.265956,206.49,124.289,615.353,0,2,compressed_ring_ar
1778533098.6126685,6,90,2.292279,206.17,104.668,619.591,0,2,compressed_ring_ar
1778533099.42685,6,91,2.322862,168.98,123.966,752.891,0,2,compressed_ring_ar
1778533099.992275,6,92,2.188946,239.83,130.055,532.337,0,2,compressed_ring_ar
1778533100.5631495,6,93,2.211714,237.7,69.104,537.421,0,2,compressed_ring_ar
1778533101.1944509,6,94,2.497247,221.5,146.333,576.529,0,2,compressed_ring_ar
1778533101.846169,6,95,2.159629,208.54,87.164,612.363,0,2,compressed_ring_ar
1778533102.4701562,6,96,2.222475,216.34,69.453,590.241,0,2,compressed_ring_ar
1778533103.0441635,6,97,2.170636,239.52,148.588,533.057,0,2,compressed_ring_ar
1778533103.7276504,6,98,2.390271,196.29,116.841,647.469,0,2,compressed_ring_ar
1778533104.2431555,6,99,2.307885,274.6,77.443,463.111,0,2,compressed_ring_ar
1778533104.9016492,6,100,2.385586,206.23,87.571,618.458,0,2,compressed_ring_ar
1778533105.6030672,6,101,2.326183,191.32,147.119,664.318,0,2,compressed_ring_ar
1778533106.1854262,6,102,2.081981,232.49,123.925,545.589,0,2,compressed_ring_ar
1778533106.6997538,6,103,2.184884,266.44,77.707,479.226,0,2,compressed_ring_ar
1778533107.3038363,6,104,2.341535,227.73,157.993,560.821,0,2,compressed_ring_ar
1778533107.9418383,6,105,2.153597,212.31,106.314,601.485,0,2,compressed_ring_ar
1778533108.6912649,6,106,2.075514,178.35,134.829,712.821,0,2,compressed_ring_ar
1778533109.2840407,6,107,2.271917,229.32,131.315,553.455,0,2,compressed_ring_ar
1778533109.8799016,6,108,2.094024,228.47,116.223,555.282,0,2,compressed_ring_ar
1778533110.399757,6,109,2.491659,262.1,76.084,487.307,0,2,compressed_ring_ar
1778533111.0360498,6,110,2.423295,211.27,85.684,603.425,0,2,compressed_ring_ar
1778533111.689995,6,111,2.251544,206.84,94.785,617.454,0,2,compressed_ring_ar
1778533112.3282921,6,112,2.366528,211.54,87.834,603.994,0,2,compressed_ring_ar
1778533112.9542046,6,113,2.374031,220.13,177.957,576.994,0,2,compressed_ring_ar
1778533113.5319035,6,114,2.192726,234.12,123.916,542.939,0,2,compressed_ring_ar
1778533114.1084285,6,115,2.341397,235.71,124.427,538.539,0,2,compressed_ring_ar
1778533114.6787636,6,116,2.115903,237.58,129.312,534.219,0,2,compressed_ring_ar
1778533115.1972086,6,117,2.332659,267.36,81.597,475.717,0,2,compressed_ring_ar
1778533115.861174,6,118,2.519999,203.05,91.505,628.946,0,2,compressed_ring_ar
1778533116.5818467,6,119,2.265432,193.04,124.169,658.923,0,2,compressed_ring_ar
1778533117.1866965,6,120,2.163665,223.7,104.7,570.756,0,2,compressed_ring_ar
1778533117.8353987,6,121,2.2844,208.01,109.708,614.322,0,2,compressed_ring_ar
1778533118.4541774,6,122,2.284004,227.73,178.791,561.055,0,2,compressed_ring_ar
1778533119.0131044,6,123,2.225591,248.85,144.895,513.002,0,2,compressed_ring_ar
1778533119.6034632,6,124,1.974807,232.51,157.779,549.311,0,2,compressed_ring_ar
1778533120.2430382,6,125,2.27678,214.84,168.221,594.375,0,2,compressed_ring_ar
1778533120.9195328,6,126,2.340241,198.49,130.426,640.39,0,2,compressed_ring_ar
1778533121.5134685,6,127,2.293621,227.35,126.591,558.326,0,2,compressed_ring_ar
1778533122.0208337,6,128,2.161577,268.31,77.145,475.693,0,2,compressed_ring_ar
1778533122.6856606,6,129,2.275059,202.37,87.727,629.466,0,2,compressed_ring_ar
1778533123.3792417,6,130,2.166008,193.12,127.569,658.182,0,2,compressed_ring_ar
1778533123.9123123,6,131,2.227406,255.69,114.711,496.006,0,2,compressed_ring_ar
1778533124.4698486,6,132,2.307051,243.95,110.539,520.167,0,2,compressed_ring_ar
1778533124.9974585,6,133,2.308917,257.97,82.698,494.883,0,2,compressed_ring_ar
1778533125.653514,6,134,2.273515,205.21,104.839,622.365,0,2,compressed_ring_ar
1778533126.2974932,6,135,2.290045,208.6,89.067,612.213,0,2,compressed_ring_ar
1778533126.918128,6,136,2.121571,218.44,91.811,584.581,0,2,compressed_ring_ar
1778533127.5808377,6,137,2.113488,202.69,84.366,630.091,0,2,compressed_ring_ar
1778533128.2253108,6,138,2.224603,208.97,86.458,611.151,0,2,compressed_ring_ar
1778533128.9056208,6,139,2.043157,197.52,105.545,646.654,0,2,compressed_ring_ar
1778533129.5885534,6,140,2.315791,198.31,126.564,640.567,0,2,compressed_ring_ar
1778533130.104692,6,141,2.272846,264.37,80.167,482.82,0,2,compressed_ring_ar
1778533130.7805483,6,142,2.254413,198.39,133.942,643.784,0,2,compressed_ring_ar
1778533131.4203205,6,143,2.187414,211.32,92.894,602.709,0,2,compressed_ring_ar
1778533132.1259034,6,144,2.519022,191.42,129.63,664.0,0,2,compressed_ring_ar
1778533132.642684,6,145,2.023519,267.26,76.802,475.895,0,2,compressed_ring_ar
1778533133.357649,6,146,2.308095,187.26,128.574,678.799,0,2,compressed_ring_ar
1778533133.9151552,6,147,2.274845,243.7,115.591,520.361,0,2,compressed_ring_ar
1778533134.412568,6,148,2.081071,274.48,78.589,464.915,0,2,compressed_ring_ar
1778533135.0844102,6,149,2.439199,205.79,90.148,617.527,0,2,compressed_ring_ar
1778533135.7451806,6,150,2.229701,203.21,98.89,628.471,0,2,compressed_ring_ar
1778533136.4646654,6,151,2.307013,189.8,134.715,670.476,0,2,compressed_ring_ar
1778533137.0184817,6,152,2.140193,246.94,119.874,513.681,0,2,compressed_ring_ar
1778533137.5245936,6,153,2.331993,269.85,81.205,472.997,0,2,compressed_ring_ar
1778533138.2401414,6,154,2.417513,187.41,102.35,681.731,0,2,compressed_ring_ar
1778533139.1231267,6,155,2.348261,155.08,127.028,823.836,0,2,compressed_ring_ar
1778533139.7818406,6,156,2.362241,208.15,118.628,613.699,0,2,compressed_ring_ar
1778533140.4194887,6,157,2.212619,211.83,124.367,599.761,0,2,compressed_ring_ar
1778533140.922704,6,158,2.328307,272.19,78.493,468.02,0,2,compressed_ring_ar
1778533141.5973787,6,159,2.327933,199.06,132.098,641.818,0,2,compressed_ring_ar
1778533142.1335416,6,160,2.298257,256.48,77.328,497.658,0,2,compressed_ring_ar
1778533142.7687578,6,161,2.204474,212.08,92.991,602.159,0,2,compressed_ring_ar
1778533143.3910885,6,162,2.210846,219.4,78.26,578.896,0,2,compressed_ring_ar
1778533144.0807135,6,163,2.238672,194.06,133.838,654.903,0,2,compressed_ring_ar
1778533144.58755,6,164,2.448962,269.18,73.712,474.332,0,2,compressed_ring_ar
1778533145.1850386,6,165,2.34469,235.73,134.58,541.693,0,2,compressed_ring_ar
1778533145.883139,6,166,2.259403,195.18,132.927,651.268,0,2,compressed_ring_ar
1778533146.4162116,6,167,2.241069,256.7,88.401,497.212,0,2,compressed_ring_ar
1778533147.1244133,6,168,2.201438,189.64,146.489,670.364,0,2,compressed_ring_ar
1778533147.7007458,6,169,2.189428,235.09,130.906,539.868,0,2,compressed_ring_ar
1778533148.244811,6,170,2.314966,249.56,120.555,508.152,0,2,compressed_ring_ar
1778533148.8303714,6,171,2.13251,230.83,136.135,549.491,0,2,compressed_ring_ar
1778533149.3925295,6,172,2.251117,241.28,120.169,525.899,0,2,compressed_ring_ar
1778533150.004221,6,173,2.249064,220.78,118.129,578.387,0,2,compressed_ring_ar
1778533150.6870027,6,174,2.380526,197.4,100.141,647.041,0,2,compressed_ring_ar
1778533151.4100966,6,175,2.159224,185.46,121.795,688.796,0,2,compressed_ring_ar
1778533152.0600452,6,176,2.286036,208.82,97.162,612.59,0,2,compressed_ring_ar
1778533152.668451,6,177,2.47772,228.64,117.476,558.488,0,2,compressed_ring_ar
1778533153.3936985,6,178,2.287158,185.3,147.568,686.032,0,2,compressed_ring_ar
1778533153.945141,6,179,2.203533,251.58,76.465,507.925,0,2,compressed_ring_ar
1778533154.8544414,6,180,2.383176,150.0,150.803,848.64,0,2,compressed_ring_ar
1778533155.466724,6,181,2.525447,222.51,126.947,570.799,0,2,compressed_ring_ar
1778533156.015039,6,182,2.409048,247.36,98.192,513.22,0,2,compressed_ring_ar
1778533156.6737459,6,183,2.331578,203.44,80.04,627.759,0,2,compressed_ring_ar
1778533157.3086638,6,184,2.49735,212.41,84.323,600.423,0,2,compressed_ring_ar
1778533157.981277,6,185,2.335441,199.51,87.417,640.179,0,2,compressed_ring_ar
1778533158.6010215,6,186,2.483177,221.02,82.912,576.108,0,2,compressed_ring_ar
1778533159.3178525,6,187,2.272625,187.2,139.721,679.005,0,2,compressed_ring_ar
1778533159.867766,6,188,2.29374,246.44,125.667,514.95,0,2,compressed_ring_ar
1778533160.4295044,6,189,2.374241,241.17,115.801,526.207,0,2,compressed_ring_ar
1778533160.9844933,6,190,2.234953,244.92,91.467,521.209,0,2,compressed_ring_ar
1778533161.6268046,6,191,2.61716,212.02,92.985,602.343,0,2,compressed_ring_ar
1778533162.4207468,6,192,2.154525,168.64,177.597,754.559,0,2,compressed_ring_ar
1778533163.0754511,6,193,2.140525,213.06,123.464,599.203,0,2,compressed_ring_ar
1778533163.6321151,6,194,2.187705,246.43,82.047,518.042,0,2,compressed_ring_ar
1778533164.2018228,6,195,2.184865,71.8,127.348,552.636,0,2,compressed_ring_ar
1778533170.6514592,7,0,2.366379,195.98,122.984,651.383,0,2,compressed_ring_ar
1778533171.2821727,7,1,2.476539,216.38,145.049,590.396,0,2,compressed_ring_ar
1778533171.9716012,7,2,2.095767,206.79,174.78,617.633,0,2,compressed_ring_ar
1778533172.6968968,7,3,2.340816,185.14,134.809,686.927,0,2,compressed_ring_ar
1778533173.219033,7,4,2.35012,261.71,81.113,487.725,0,2,compressed_ring_ar
1778533173.8744678,7,5,2.478338,207.92,103.836,614.682,0,2,compressed_ring_ar
1778533174.461854,7,6,2.378189,238.6,156.185,535.257,0,2,compressed_ring_ar
1778533175.028131,7,7,2.204337,244.59,120.169,522.072,0,2,compressed_ring_ar
1778533175.6327167,7,8,2.228828,230.37,145.243,554.465,0,2,compressed_ring_ar
1778533176.2494814,7,9,2.363613,222.95,136.807,572.904,0,2,compressed_ring_ar
1778533176.8732898,7,10,2.271022,216.32,118.393,587.218,0,2,compressed_ring_ar
1778533177.418029,7,11,2.117709,249.83,96.374,510.958,0,2,compressed_ring_ar
1778533178.1965022,7,12,2.13096,171.7,173.888,741.004,0,2,compressed_ring_ar
1778533178.880392,7,13,2.10161,203.64,132.749,623.883,0,2,compressed_ring_ar
1778533179.526402,7,14,2.369887,210.53,127.956,606.716,0,2,compressed_ring_ar
1778533180.2823098,7,15,2.29425,181.77,132.145,699.785,0,2,compressed_ring_ar
1778533180.8261662,7,16,2.532256,250.95,89.542,508.704,0,2,compressed_ring_ar
1778533181.5297172,7,17,2.296043,190.69,131.571,666.667,0,2,compressed_ring_ar
1778533182.0580351,7,18,2.283203,258.19,74.743,494.446,0,2,compressed_ring_ar
1778533182.7877302,7,19,2.124682,184.74,131.969,689.248,0,2,compressed_ring_ar
1778533183.3436918,7,20,2.362614,245.62,119.949,516.529,0,2,compressed_ring_ar
1778533183.8863888,7,21,2.185724,250.49,87.667,508.151,0,2,compressed_ring_ar
1778533184.4660785,7,22,2.231354,233.95,115.034,545.749,0,2,compressed_ring_ar
1778533185.112497,7,23,2.314721,209.58,77.423,609.402,0,2,compressed_ring_ar
1778533185.744923,7,24,2.454549,213.06,92.611,599.96,0,2,compressed_ring_ar
1778533186.5576267,7,25,2.388805,169.06,240.565,754.843,0,2,compressed_ring_ar
1778533187.2387924,7,26,2.130939,198.31,119.845,644.055,0,2,compressed_ring_ar
1778533187.9569457,7,27,2.305496,186.54,114.254,685.045,0,2,compressed_ring_ar
1778533188.6047997,7,28,2.280351,210.58,113.154,606.784,0,2,compressed_ring_ar
1778533189.2698357,7,29,2.403504,204.55,207.915,621.047,0,2,compressed_ring_ar
1778533189.8041131,7,30,2.309741,260.01,77.192,490.175,0,2,compressed_ring_ar
1778533190.52204,7,31,2.085519,188.0,143.071,676.389,0,2,compressed_ring_ar
1778533191.0477443,7,32,2.413246,260.08,77.825,490.776,0,2,compressed_ring_ar
1778533191.720087,7,33,2.379791,199.71,150.431,636.373,0,2,compressed_ring_ar
1778533192.226234,7,34,2.31178,269.35,76.042,473.855,0,2,compressed_ring_ar
1778533192.8855658,7,35,2.258077,205.75,87.097,620.984,0,2,compressed_ring_ar
1778533193.487296,7,36,2.376765,235.26,144.94,542.749,0,2,compressed_ring_ar
1778533194.168699,7,37,2.297378,197.17,84.425,648.116,0,2,compressed_ring_ar
1778533194.8116813,7,38,2.409004,209.92,115.821,605.112,0,2,compressed_ring_ar
1778533195.3198838,7,39,2.463697,270.31,80.318,468.953,0,2,compressed_ring_ar
1778533195.9959078,7,40,2.523097,199.06,102.666,641.743,0,2,compressed_ring_ar
1778533196.647402,7,41,2.312215,207.41,98.246,614.967,0,2,compressed_ring_ar
1778533197.295354,7,42,2.027293,207.69,88.088,612.196,0,2,compressed_ring_ar
1778533198.0344408,7,43,2.498716,181.29,131.028,701.49,0,2,compressed_ring_ar
1778533198.5390024,7,44,2.375129,271.02,80.619,470.913,0,2,compressed_ring_ar
1778533199.2352653,7,45,2.319574,194.11,111.272,657.111,0,2,compressed_ring_ar
1778533199.9279647,7,46,2.287014,197.65,103.544,644.629,0,2,compressed_ring_ar
1778533200.578682,7,47,2.305206,207.97,87.11,614.226,0,2,compressed_ring_ar
1778533201.2190254,7,48,2.458318,213.22,85.749,598.93,0,2,compressed_ring_ar
1778533201.8703134,7,49,2.108002,208.2,83.373,612.037,0,2,compressed_ring_ar
1778533202.7276645,7,50,2.293281,158.79,90.596,804.722,0,2,compressed_ring_ar
1778533203.4346588,7,51,1.991686,193.41,99.314,660.498,0,2,compressed_ring_ar
1778533204.0453744,7,52,2.363698,225.03,163.219,567.507,0,2,compressed_ring_ar
1778533204.665028,7,53,2.332925,224.16,175.152,569.697,0,2,compressed_ring_ar
1778533205.213852,7,54,2.271615,251.03,79.173,508.471,0,2,compressed_ring_ar
1778533205.9358747,7,55,2.192564,185.41,136.072,688.903,0,2,compressed_ring_ar
1778533206.4768836,7,56,2.373676,268.92,77.069,472.822,0,2,compressed_ring_ar
1778533207.1467197,7,57,2.278977,200.34,96.7,637.565,0,2,compressed_ring_ar
1778533207.8476794,7,58,2.247197,191.22,118.057,664.591,0,2,compressed_ring_ar
1778533208.3659163,7,59,2.197449,262.33,87.314,485.678,0,2,compressed_ring_ar
1778533209.0220373,7,60,2.167502,208.91,85.039,611.316,0,2,compressed_ring_ar
1778533209.654616,7,61,2.328157,214.03,97.23,596.647,0,2,compressed_ring_ar
1778533210.3025959,7,62,2.273299,207.84,82.61,614.419,0,2,compressed_ring_ar
1778533211.0122786,7,63,2.293012,188.73,132.775,673.676,0,2,compressed_ring_ar
1778533211.4985623,7,64,2.247887,283.69,68.409,449.898,0,2,compressed_ring_ar
1778533212.101142,7,65,2.440925,229.55,145.97,556.344,0,2,compressed_ring_ar
1778533212.7350485,7,66,2.068097,212.88,114.25,596.671,0,2,compressed_ring_ar
1778533213.3081794,7,67,2.467986,237.05,127.643,535.293,0,2,compressed_ring_ar
1778533213.918257,7,68,2.189551,221.08,128.595,575.091,0,2,compressed_ring_ar
1778533214.4309018,7,69,2.081249,269.92,79.628,471.793,0,2,compressed_ring_ar
1778533215.0573611,7,70,2.198408,217.01,112.235,588.491,0,2,compressed_ring_ar
1778533215.6813626,7,71,2.231408,218.68,90.329,583.892,0,2,compressed_ring_ar
1778533216.3051124,7,72,2.29897,220.89,175.806,578.093,0,2,compressed_ring_ar
1778533216.9337404,7,73,2.383859,216.85,79.279,587.509,0,2,compressed_ring_ar
1778533217.596854,7,74,2.339618,202.88,149.998,626.86,0,2,compressed_ring_ar
1778533218.1287107,7,75,2.356114,255.86,79.732,495.787,0,2,compressed_ring_ar
1778533218.8347638,7,76,2.210224,191.82,137.369,662.775,0,2,compressed_ring_ar
1778533219.3889134,7,77,2.088751,245.52,81.81,520.158,0,2,compressed_ring_ar
1778533220.0295422,7,78,2.154798,211.47,120.033,600.578,0,2,compressed_ring_ar
1778533220.5341291,7,79,2.362985,271.34,77.918,470.37,0,2,compressed_ring_ar
1778533221.194794,7,80,2.17882,203.37,94.54,627.966,0,2,compressed_ring_ar
1778533221.8423622,7,81,2.168704,208.42,122.104,609.466,0,2,compressed_ring_ar
1778533222.39492,7,82,2.257426,246.02,99.683,518.889,0,2,compressed_ring_ar
1778533223.0383127,7,83,2.235903,209.73,84.361,608.942,0,2,compressed_ring_ar
1778533223.6660006,7,84,2.277755,216.16,94.484,591.177,0,2,compressed_ring_ar
1778533224.2991645,7,85,2.156509,216.24,170.126,590.594,0,2,compressed_ring_ar
1778533225.0105007,7,86,2.2701,188.29,117.104,678.523,0,2,compressed_ring_ar
1778533225.646054,7,87,2.234599,214.12,119.4,596.722,0,2,compressed_ring_ar
1778533226.3496246,7,88,2.220404,193.98,175.984,658.89,0,2,compressed_ring_ar
1778533226.9743736,7,89,2.375343,230.34,150.803,554.574,0,2,compressed_ring_ar
1778533227.6409643,7,90,2.252349,205.83,163.356,619.709,0,2,compressed_ring_ar
1778533228.295276,7,91,2.311939,205.54,86.658,621.404,0,2,compressed_ring_ar
1778533228.925017,7,92,2.118598,214.07,82.669,595.622,0,2,compressed_ring_ar
1778533229.66665,7,93,2.248484,180.91,134.569,702.971,0,2,compressed_ring_ar
1778533230.2223513,7,94,2.102835,245.03,103.099,521.028,0,2,compressed_ring_ar
1778533230.921853,7,95,2.30029,195.22,127.749,650.79,0,2,compressed_ring_ar
1778533231.4009635,7,96,2.289254,285.63,76.597,447.321,0,2,compressed_ring_ar
1778533231.9692183,7,97,2.317408,242.9,105.131,526.064,0,2,compressed_ring_ar
1778533232.5655856,7,98,2.07759,228.85,157.682,557.986,0,2,compressed_ring_ar
1778533233.1402981,7,99,2.101033,236.99,79.844,536.827,0,2,compressed_ring_ar
1778533233.7828927,7,100,2.298832,209.83,85.501,606.992,0,2,compressed_ring_ar
1778533234.6419895,7,101,2.265525,155.8,96.888,820.211,0,2,compressed_ring_ar
1778533235.3140044,7,102,1.956139,201.38,82.381,633.514,0,2,compressed_ring_ar
1778533236.0262935,7,103,2.151665,188.23,103.451,678.457,0,2,compressed_ring_ar
1778533236.6589227,7,104,2.20946,214.76,108.253,594.654,0,2,compressed_ring_ar
1778533237.344002,7,105,2.328764,195.98,141.159,648.283,0,2,compressed_ring_ar
1778533237.878873,7,106,2.063583,255.26,82.62,500.13,0,2,compressed_ring_ar
1778533238.5112748,7,107,2.052406,212.95,90.956,599.669,0,2,compressed_ring_ar
1778533239.148416,7,108,2.160129,212.96,91.549,597.984,0,2,compressed_ring_ar
1778533239.7978628,7,109,2.251652,206.97,90.308,615.369,0,2,compressed_ring_ar
1778533240.4540806,7,110,2.453193,205.02,101.975,622.931,0,2,compressed_ring_ar
1778533241.175833,7,111,2.310895,185.79,136.341,684.765,0,2,compressed_ring_ar
1778533241.70672,7,112,2.232056,260.1,82.427,490.738,0,2,compressed_ring_ar
1778533242.456055,7,113,2.272054,178.19,136.377,717.114,0,2,compressed_ring_ar
1778533243.1813495,7,114,2.054886,191.66,87.969,666.519,0,2,compressed_ring_ar
1778533243.835714,7,115,2.33003,206.16,126.385,617.182,0,2,compressed_ring_ar
1778533244.3593478,7,116,2.162625,262.93,84.133,483.044,0,2,compressed_ring_ar
1778533245.0612214,7,117,2.331534,193.11,128.246,658.345,0,2,compressed_ring_ar
1778533245.610649,7,118,2.165434,248.05,78.789,514.671,0,2,compressed_ring_ar
1778533246.2313282,7,119,2.324876,218.31,93.088,585.209,0,2,compressed_ring_ar
1778533246.8466887,7,120,2.083338,222.94,135.492,573.107,0,2,compressed_ring_ar
1778533247.4417033,7,121,2.242678,234.74,142.327,543.823,0,2,compressed_ring_ar
1778533248.08939,7,122,2.389879,207.94,82.238,614.119,0,2,compressed_ring_ar
1778533248.8086014,7,123,2.296619,186.23,133.156,682.473,0,2,compressed_ring_ar
1778533249.3160555,7,124,2.160978,271.95,78.989,469.34,0,2,compressed_ring_ar
1778533250.005494,7,125,2.119663,196.75,129.002,646.142,0,2,compressed_ring_ar
1778533250.5766134,7,126,2.234949,237.27,134.054,534.958,0,2,compressed_ring_ar
1778533251.1301944,7,127,2.277726,245.31,84.734,520.456,0,2,compressed_ring_ar
1778533251.756938,7,128,2.35664,215.19,102.81,592.584,0,2,compressed_ring_ar
1778533252.4505508,7,129,2.180768,193.36,119.997,660.68,0,2,compressed_ring_ar
1778533253.0519953,7,130,2.148062,224.96,91.017,567.787,0,2,compressed_ring_ar
1778533253.711858,7,131,2.153886,208.05,196.78,610.61,0,2,compressed_ring_ar
1778533254.2132723,7,132,2.218775,278.25,80.961,458.681,0,2,compressed_ring_ar
1778533254.9020433,7,133,2.188929,194.97,124.072,651.797,0,2,compressed_ring_ar
1778533255.4002602,7,134,2.065984,278.14,68.893,458.829,0,2,compressed_ring_ar
1778533255.9879665,7,135,2.29691,237.85,157.566,536.846,0,2,compressed_ring_ar
1778533256.6093981,7,136,2.44196,222.25,153.883,574.576,0,2,compressed_ring_ar
1778533257.2150595,7,137,2.149563,223.44,93.92,571.473,0,2,compressed_ring_ar
1778533257.9101908,7,138,2.241598,196.64,103.007,649.499,0,2,compressed_ring_ar
1778533258.5776699,7,139,2.389479,203.74,90.526,626.863,0,2,compressed_ring_ar
1778533259.2631848,7,140,2.276674,197.37,130.934,647.216,0,2,compressed_ring_ar
1778533259.8506482,7,141,2.217292,231.16,83.959,552.34,0,2,compressed_ring_ar
1778533260.5010073,7,142,2.205372,207.18,88.403,616.474,0,2,compressed_ring_ar
1778533261.1634233,7,143,2.454926,203.93,94.854,626.427,0,2,compressed_ring_ar
1778533261.766789,7,144,2.262857,229.96,139.847,554.387,0,2,compressed_ring_ar
1778533262.4518847,7,145,2.201746,195.62,131.499,649.753,0,2,compressed_ring_ar
1778533262.9760144,7,146,2.18576,260.05,77.493,490.814,0,2,compressed_ring_ar
1778533263.628434,7,147,2.094157,207.62,87.321,615.142,0,2,compressed_ring_ar
1778533264.2729225,7,148,2.221056,208.53,147.788,609.091,0,2,compressed_ring_ar
1778533264.8087013,7,149,2.149928,253.84,80.711,502.009,0,2,compressed_ring_ar
1778533265.4944355,7,150,2.119956,195.65,146.498,649.982,0,2,compressed_ring_ar
1778533266.052909,7,151,2.196443,244.65,99.933,521.931,0,2,compressed_ring_ar
1778533266.9578974,7,152,2.130913,149.99,124.452,848.869,0,2,compressed_ring_ar
1778533267.5033035,7,153,2.290421,249.97,84.452,510.624,0,2,compressed_ring_ar
1778533268.1441157,7,154,2.202965,209.81,102.961,608.846,0,2,compressed_ring_ar
1778533268.8382208,7,155,2.150333,194.79,163.242,652.464,0,2,compressed_ring_ar
1778533269.363034,7,156,2.227122,260.3,82.057,490.329,0,2,compressed_ring_ar
1778533270.0246105,7,157,2.26287,202.94,90.199,629.378,0,2,compressed_ring_ar
1778533270.6954181,7,158,2.252345,201.62,97.86,633.636,0,2,compressed_ring_ar
1778533271.3748345,7,159,2.149304,197.76,138.431,642.578,0,2,compressed_ring_ar
1778533271.8818703,7,160,2.235548,268.84,77.109,474.702,0,2,compressed_ring_ar
1778533272.5894728,7,161,2.318105,189.31,166.022,671.562,0,2,compressed_ring_ar
1778533273.140915,7,162,2.144382,248.67,77.694,513.337,0,2,compressed_ring_ar
1778533273.8027604,7,163,2.319556,202.86,91.568,629.552,0,2,compressed_ring_ar
1778533274.4059336,7,164,2.258633,227.65,80.442,560.33,0,2,compressed_ring_ar
1778533275.0718887,7,165,2.26846,203.05,115.087,628.988,0,2,compressed_ring_ar
1778533275.7786481,7,166,2.10159,189.81,131.605,669.421,0,2,compressed_ring_ar
1778533276.3704066,7,167,2.421818,228.49,123.462,558.85,0,2,compressed_ring_ar
1778533276.989914,7,168,2.368852,219.08,124.226,579.866,0,2,compressed_ring_ar
1778533277.5690207,7,169,2.156925,235.58,121.291,538.464,0,2,compressed_ring_ar
1778533278.074648,7,170,2.197703,270.78,77.177,471.322,0,2,compressed_ring_ar
1778533278.730886,7,171,2.151224,205.54,99.965,621.481,0,2,compressed_ring_ar
1778533279.4254925,7,172,2.165759,193.31,133.216,659.09,0,2,compressed_ring_ar
1778533280.1216435,7,173,2.177248,193.31,124.831,657.492,0,2,compressed_ring_ar
1778533280.6563177,7,174,2.180232,254.49,83.687,501.648,0,2,compressed_ring_ar
1778533281.3035257,7,175,2.263193,208.92,92.143,611.352,0,2,compressed_ring_ar
1778533281.8964546,7,176,2.459196,228.21,70.675,559.729,0,2,compressed_ring_ar
1778533282.567893,7,177,2.266426,206.41,196.723,618.809,0,2,compressed_ring_ar
1778533283.2493892,7,178,2.325356,198.33,94.598,642.204,0,2,compressed_ring_ar
1778533283.9706786,7,179,2.230799,187.91,95.338,676.817,0,2,compressed_ring_ar
1778533284.7308586,7,180,2.178729,178.49,138.597,713.396,0,2,compressed_ring_ar
1778533285.284581,7,181,2.303436,246.96,126.95,516.314,0,2,compressed_ring_ar
1778533285.938928,7,182,2.158949,209.91,113.262,608.479,0,2,compressed_ring_ar
1778533286.6919403,7,183,2.369487,182.0,136.868,701.897,0,2,compressed_ring_ar
1778533287.3224769,7,184,2.320864,215.47,90.509,592.714,0,2,compressed_ring_ar
1778533288.0082564,7,185,2.137822,196.3,127.357,647.606,0,2,compressed_ring_ar
1778533288.5343301,7,186,2.251138,261.07,83.305,485.947,0,2,compressed_ring_ar
1778533289.2240775,7,187,2.255597,195.21,131.724,651.207,0,2,compressed_ring_ar
1778533289.8327053,7,188,2.403834,221.7,135.423,572.575,0,2,compressed_ring_ar
1778533290.4620137,7,189,2.253774,215.37,126.644,589.613,0,2,compressed_ring_ar
1778533291.027261,7,190,2.303492,240.46,134.289,527.812,0,2,compressed_ring_ar
1778533291.6060212,7,191,2.278923,234.17,119.376,541.848,0,2,compressed_ring_ar
1778533292.1701465,7,192,2.120756,245.45,123.377,516.858,0,2,compressed_ring_ar
1778533292.7341065,7,193,2.185319,245.68,120.82,516.243,0,2,compressed_ring_ar
1778533293.2687519,7,194,2.459306,254.54,81.271,501.633,0,2,compressed_ring_ar
1778533293.906864,7,195,2.162732,63.87,156.229,621.729,0,2,compressed_ring_ar
1778533300.4530408,8,0,2.077341,177.61,99.044,717.649,0,2,compressed_ring_ar
1778533301.1846488,8,1,2.286658,184.83,124.372,688.343,0,2,compressed_ring_ar
1778533301.7253578,8,2,2.340919,253.51,79.349,503.552,0,2,compressed_ring_ar
1778533302.4265301,8,3,2.150137,191.86,120.736,665.782,0,2,compressed_ring_ar
1778533303.0393257,8,4,2.206268,221.89,108.039,575.484,0,2,compressed_ring_ar
1778533303.6848953,8,5,2.234624,208.67,102.696,612.0,0,2,compressed_ring_ar
1778533304.2932818,8,6,2.288495,222.18,94.552,574.672,0,2,compressed_ring_ar
1778533304.9177783,8,7,2.201026,216.09,83.677,589.441,0,2,compressed_ring_ar
1778533305.5588677,8,8,2.291931,210.24,84.543,607.396,0,2,compressed_ring_ar
1778533306.2371051,8,9,2.250313,197.83,108.382,645.763,0,2,compressed_ring_ar
1778533306.8822267,8,10,2.222345,208.47,77.162,612.657,0,2,compressed_ring_ar
1778533307.523415,8,11,2.285885,210.04,93.9,608.009,0,2,compressed_ring_ar
1778533308.1769989,8,12,2.553872,205.87,82.071,620.32,0,2,compressed_ring_ar
1778533308.7769427,8,13,2.29081,226.05,96.997,565.084,0,2,compressed_ring_ar
1778533309.3677287,8,14,2.368765,238.75,118.869,534.946,0,2,compressed_ring_ar
1778533309.973355,8,15,2.048706,231.3,161.491,552.163,0,2,compressed_ring_ar
1778533310.6858022,8,16,2.243976,197.39,179.677,647.226,0,2,compressed_ring_ar
1778533311.3195295,8,17,2.504524,216.88,163.078,588.614,0,2,compressed_ring_ar
1778533311.9487274,8,18,2.249851,217.93,175.459,582.524,0,2,compressed_ring_ar
1778533312.4756665,8,19,2.200429,260.71,77.706,489.802,0,2,compressed_ring_ar
1778533313.1482503,8,20,2.478878,200.37,95.157,637.674,0,2,compressed_ring_ar
1778533313.766764,8,21,2.279502,228.87,129.877,558.032,0,2,compressed_ring_ar
1778533314.3265119,8,22,2.156744,246.67,138.801,517.597,0,2,compressed_ring_ar
1778533314.923959,8,23,2.15038,232.38,159.733,549.469,0,2,compressed_ring_ar
1778533315.5487988,8,24,2.398094,216.0,99.582,591.639,0,2,compressed_ring_ar
1778533316.2165532,8,25,2.190334,208.54,210.312,611.608,0,2,compressed_ring_ar
1778533316.84934,8,26,2.16832,213.38,88.695,598.469,0,2,compressed_ring_ar
1778533317.5476618,8,27,2.166475,192.76,148.992,659.454,0,2,compressed_ring_ar
1778533318.0418847,8,28,2.142866,276.05,80.355,462.71,0,2,compressed_ring_ar
1778533318.69707,8,29,2.319973,208.68,174.677,608.55,0,2,compressed_ring_ar
1778533319.3122027,8,30,2.318599,219.46,129.943,578.699,0,2,compressed_ring_ar
1778533319.8294117,8,31,2.231238,266.95,86.068,478.091,0,2,compressed_ring_ar
1778533320.4751806,8,32,2.259418,209.89,99.481,608.449,0,2,compressed_ring_ar
1778533321.114453,8,33,2.217419,211.77,80.49,603.072,0,2,compressed_ring_ar
1778533321.8327315,8,34,2.331647,186.69,145.311,683.447,0,2,compressed_ring_ar
1778533322.5154362,8,35,2.37026,197.65,88.856,646.237,0,2,compressed_ring_ar
1778533323.1610014,8,36,2.384427,212.39,79.116,598.17,0,2,compressed_ring_ar
1778533323.8877285,8,37,2.293685,183.99,125.744,690.963,0,2,compressed_ring_ar
1778533324.443876,8,38,2.265812,246.13,114.794,515.306,0,2,compressed_ring_ar
1778533325.0220687,8,39,2.25216,235.61,128.967,538.704,0,2,compressed_ring_ar
1778533325.5226507,8,40,2.143781,273.17,78.626,467.155,0,2,compressed_ring_ar
1778533326.2938535,8,41,2.504967,173.96,166.576,734.509,0,2,compressed_ring_ar
1778533326.9661646,8,42,2.303487,206.81,80.045,616.349,0,2,compressed_ring_ar
1778533327.6631072,8,43,2.288468,192.75,123.742,660.161,0,2,compressed_ring_ar
1778533328.202257,8,44,2.171079,252.51,85.871,505.49,0,2,compressed_ring_ar
1778533328.8190248,8,45,2.206572,219.06,86.805,581.6,0,2,compressed_ring_ar
1778533329.4215844,8,46,2.265176,224.43,107.795,569.114,0,2,compressed_ring_ar
1778533330.0347433,8,47,2.199089,226.81,142.144,562.931,0,2,compressed_ring_ar
1778533330.6922548,8,48,2.208317,204.74,114.881,620.799,0,2,compressed_ring_ar
1778533331.2303314,8,49,2.224148,253.62,79.536,503.285,0,2,compressed_ring_ar
1778533331.9052444,8,50,2.162012,199.28,115.491,640.868,0,2,compressed_ring_ar
1778533332.606782,8,51,2.267107,195.64,126.149,653.064,0,2,compressed_ring_ar
1778533333.2991576,8,52,2.245603,194.1,149.088,657.009,0,2,compressed_ring_ar
1778533333.972834,8,53,2.19821,199.88,86.39,638.99,0,2,compressed_ring_ar
1778533334.5855215,8,54,2.189928,222.48,79.53,573.224,0,2,compressed_ring_ar
1778533335.1992133,8,55,2.548815,220.41,122.189,579.387,0,2,compressed_ring_ar
1778533335.8236709,8,56,2.180262,216.24,157.068,590.481,0,2,compressed_ring_ar
1778533336.4905715,8,57,2.189524,201.19,132.359,631.438,0,2,compressed_ring_ar
1778533337.0655441,8,58,2.209913,235.16,98.979,543.002,0,2,compressed_ring_ar
1778533337.6739619,8,59,2.266296,224.85,95.658,567.598,0,2,compressed_ring_ar
1778533338.3097837,8,60,2.31573,214.34,187.16,592.693,0,2,compressed_ring_ar
1778533338.8799345,8,61,2.367266,242.48,122.773,523.029,0,2,compressed_ring_ar
1778533339.4330986,8,62,1.993258,249.52,113.351,508.418,0,2,compressed_ring_ar
1778533339.9301186,8,63,1.98361,275.04,84.509,463.961,0,2,compressed_ring_ar
1778533340.5625608,8,64,2.296358,213.11,77.454,599.33,0,2,compressed_ring_ar
1778533341.221062,8,65,2.264858,206.82,110.374,617.909,0,2,compressed_ring_ar
1778533341.8481753,8,66,2.172668,216.15,103.487,590.8,0,2,compressed_ring_ar
1778533342.54487,8,67,2.480906,192.45,126.609,661.427,0,2,compressed_ring_ar
1778533343.0804684,8,68,2.36154,254.98,88.005,500.702,0,2,compressed_ring_ar
1778533343.785223,8,69,2.128052,192.35,141.271,660.932,0,2,compressed_ring_ar
1778533344.3467922,8,70,2.211185,241.88,81.811,527.816,0,2,compressed_ring_ar
1778533345.0759106,8,71,2.259552,183.96,121.557,691.196,0,2,compressed_ring_ar
1778533345.5973616,8,72,2.220376,264.18,78.648,483.103,0,2,compressed_ring_ar
1778533346.2641733,8,73,2.326893,202.59,86.996,630.627,0,2,compressed_ring_ar
1778533346.8585038,8,74,2.337877,229.88,79.17,555.223,0,2,compressed_ring_ar
1778533347.5062356,8,75,2.159858,207.93,81.099,614.156,0,2,compressed_ring_ar
1778533348.1989098,8,76,2.401718,196.78,123.049,645.958,0,2,compressed_ring_ar
1778533348.7962635,8,77,2.287594,226.84,134.077,559.537,0,2,compressed_ring_ar
1778533349.392708,8,78,2.195332,227.1,122.379,558.939,0,2,compressed_ring_ar
1778533350.02035,8,79,2.310516,214.83,125.702,591.586,0,2,compressed_ring_ar
1778533350.6576607,8,80,2.399468,219.14,98.903,582.019,0,2,compressed_ring_ar
1778533351.3478026,8,81,2.186446,194.87,105.326,652.409,0,2,compressed_ring_ar
1778533352.0688052,8,82,2.357856,185.87,132.993,684.182,0,2,compressed_ring_ar
1778533352.603801,8,83,2.36475,255.54,83.915,499.546,0,2,compressed_ring_ar
1778533353.3327985,8,84,1.985764,184.28,113.198,693.327,0,2,compressed_ring_ar
1778533354.0930111,8,85,2.08998,181.97,135.0,699.021,0,2,compressed_ring_ar
1778533354.6754153,8,86,2.430892,236.35,128.46,537.073,0,2,compressed_ring_ar
1778533355.3063076,8,87,2.164066,213.76,141.046,594.541,0,2,compressed_ring_ar
1778533355.9555008,8,88,2.225744,208.11,125.348,613.007,0,2,compressed_ring_ar
1778533356.5606427,8,89,1.935017,226.96,130.503,559.29,0,2,compressed_ring_ar
1778533357.1607938,8,90,2.075305,225.14,134.433,563.999,0,2,compressed_ring_ar
1778533357.714138,8,91,2.147169,246.1,122.124,515.453,0,2,compressed_ring_ar
1778533358.3912995,8,92,2.06473,198.51,153.036,643.82,0,2,compressed_ring_ar
1778533359.0828426,8,93,2.242496,201.06,131.693,632.688,0,2,compressed_ring_ar
1778533359.6962125,8,94,2.288005,221.09,112.777,577.697,0,2,compressed_ring_ar
1778533360.3876326,8,95,2.367195,194.53,105.963,654.953,0,2,compressed_ring_ar
1778533361.1025074,8,96,2.195867,189.07,135.904,672.445,0,2,compressed_ring_ar
1778533361.6714015,8,97,2.361927,239.9,122.451,528.81,0,2,compressed_ring_ar
1778533362.279205,8,98,2.042658,222.49,141.516,570.499,0,2,compressed_ring_ar
1778533362.8782864,8,99,2.232599,225.8,129.8,562.303,0,2,compressed_ring_ar
1778533363.4421623,8,100,2.313528,240.5,109.346,530.891,0,2,compressed_ring_ar
1778533364.1299958,8,101,2.125339,195.29,119.326,650.74,0,2,compressed_ring_ar
1778533364.7454937,8,102,2.294288,219.25,143.418,579.265,0,2,compressed_ring_ar
1778533365.3343549,8,103,2.357742,231.41,146.945,549.129,0,2,compressed_ring_ar
1778533365.9044597,8,104,2.285042,238.1,125.324,533.072,0,2,compressed_ring_ar
1778533366.4780717,8,105,2.126648,236.16,132.076,537.369,0,2,compressed_ring_ar
1778533367.0560057,8,106,2.298102,234.78,128.61,540.541,0,2,compressed_ring_ar
1778533367.6515684,8,107,2.183946,227.46,122.598,558.073,0,2,compressed_ring_ar
1778533368.2259648,8,108,1.991355,236.06,128.615,537.311,0,2,compressed_ring_ar
1778533368.7739835,8,109,2.221507,250.73,127.458,505.829,0,2,compressed_ring_ar
1778533369.4000454,8,110,2.118422,215.6,131.568,588.892,0,2,compressed_ring_ar
1778533369.9792757,8,111,2.27078,233.69,134.172,542.772,0,2,compressed_ring_ar
1778533370.5298252,8,112,2.103065,246.87,121.726,514.121,0,2,compressed_ring_ar
1778533371.1012151,8,113,2.111337,237.57,121.507,534.287,0,2,compressed_ring_ar
1778533371.6899173,8,114,2.16316,229.42,126.197,553.317,0,2,compressed_ring_ar
1778533372.2759144,8,115,2.17606,230.99,127.984,549.365,0,2,compressed_ring_ar
1778533372.8048105,8,116,2.195929,258.35,126.208,490.499,0,2,compressed_ring_ar
1778533373.379304,8,117,2.251931,235.43,129.902,538.928,0,2,compressed_ring_ar
1778533373.9634445,8,118,2.261625,232.15,123.365,546.706,0,2,compressed_ring_ar
1778533374.5418746,8,119,2.209188,239.09,126.791,530.66,0,2,compressed_ring_ar
1778533375.1141217,8,120,2.025994,236.52,132.252,536.634,0,2,compressed_ring_ar
1778533375.7176313,8,121,2.324091,224.17,128.857,566.442,0,2,compressed_ring_ar
1778533376.3430736,8,122,2.100635,218.91,124.131,580.294,0,2,compressed_ring_ar
1778533376.9283779,8,123,2.315861,232.21,111.26,549.815,0,2,compressed_ring_ar
1778533377.6384315,8,124,2.137027,188.73,124.29,673.721,0,2,compressed_ring_ar
1778533378.2446961,8,125,2.141876,223.03,124.599,569.466,0,2,compressed_ring_ar
1778533378.8373518,8,126,2.244964,229.96,126.757,552.263,0,2,compressed_ring_ar
1778533379.4470322,8,127,2.213171,223.14,140.503,569.703,0,2,compressed_ring_ar
1778533380.1054184,8,128,2.414353,205.23,139.94,618.897,0,2,compressed_ring_ar
1778533380.7149818,8,129,2.276511,224.3,133.858,566.837,0,2,compressed_ring_ar
1778533381.2713113,8,130,2.522704,244.49,112.543,522.163,0,2,compressed_ring_ar
1778533382.031046,8,131,2.381829,178.93,139.548,710.573,0,2,compressed_ring_ar
1778533382.8016078,8,132,2.069562,180.72,153.346,706.909,0,2,compressed_ring_ar
1778533383.5723846,8,133,2.083126,175.93,128.947,722.747,0,2,compressed_ring_ar
1778533384.132872,8,134,2.062524,243.11,107.821,525.109,0,2,compressed_ring_ar
1778533384.833832,8,135,2.212118,191.05,117.85,668.593,0,2,compressed_ring_ar
1778533385.5214448,8,136,2.040024,196.49,142.871,649.289,0,2,compressed_ring_ar
1778533386.2238376,8,137,2.335057,190.96,180.848,668.975,0,2,compressed_ring_ar
1778533386.8650126,8,138,2.144585,220.57,134.411,575.66,0,2,compressed_ring_ar
1778533387.4405625,8,139,2.313834,234.71,135.094,540.565,0,2,compressed_ring_ar
1778533388.0092878,8,140,2.250442,249.98,124.713,507.61,0,2,compressed_ring_ar
1778533388.596076,8,141,2.134203,236.9,137.374,535.972,0,2,compressed_ring_ar
1778533389.1616745,8,142,2.369314,239.84,126.535,528.95,0,2,compressed_ring_ar
1778533389.7917464,8,143,2.082987,214.12,141.063,593.238,0,2,compressed_ring_ar
1778533390.3715565,8,144,2.383091,244.47,132.135,519.024,0,2,compressed_ring_ar
1778533390.9353802,8,145,2.101464,241.06,126.893,526.504,0,2,compressed_ring_ar
1778533391.564661,8,146,1.993571,215.03,129.196,590.665,0,2,compressed_ring_ar
1778533392.1443195,8,147,2.226797,233.49,128.084,543.542,0,2,compressed_ring_ar
1778533392.7058482,8,148,2.385348,241.16,119.849,526.206,0,2,compressed_ring_ar
1778533393.2868824,8,149,2.083714,233.79,121.406,543.07,0,2,compressed_ring_ar
1778533393.8429315,8,150,2.128708,243.78,121.943,520.355,0,2,compressed_ring_ar
1778533394.4453094,8,151,2.198565,225.06,131.307,563.96,0,2,compressed_ring_ar
1778533394.9879014,8,152,2.284837,251.03,125.716,505.192,0,2,compressed_ring_ar
1778533395.5893278,8,153,2.264532,225.04,129.638,564.114,0,2,compressed_ring_ar
1778533396.1852233,8,154,2.096493,226.46,137.714,560.841,0,2,compressed_ring_ar
1778533396.7716115,8,155,2.175219,231.09,129.107,549.026,0,2,compressed_ring_ar
1778533397.364448,8,156,2.094512,229.88,128.1,552.189,0,2,compressed_ring_ar
1778533397.991912,8,157,2.152992,216.98,111.971,588.673,0,2,compressed_ring_ar
1778533398.7788124,8,158,2.367692,172.53,145.2,737.464,0,2,compressed_ring_ar
1778533399.4355423,8,159,2.22969,213.61,148.709,594.542,0,2,compressed_ring_ar
1778533400.0831323,8,160,2.343959,218.01,141.115,582.442,0,2,compressed_ring_ar
1778533400.7201242,8,161,2.29358,215.82,137.91,589.364,0,2,compressed_ring_ar
1778533401.3542457,8,162,2.167365,214.63,120.698,594.966,0,2,compressed_ring_ar
1778533402.0980752,8,163,2.328488,182.87,130.75,695.365,0,2,compressed_ring_ar
1778533402.7403965,8,164,2.361612,212.59,144.095,598.152,0,2,compressed_ring_ar
1778533403.3550203,8,165,2.029187,222.48,125.946,570.497,0,2,compressed_ring_ar
1778533404.021628,8,166,2.280712,204.8,138.177,620.529,0,2,compressed_ring_ar
1778533404.6382368,8,167,2.312271,221.29,111.879,577.138,0,2,compressed_ring_ar
1778533405.3570893,8,168,2.405961,187.87,137.949,676.85,0,2,compressed_ring_ar
1778533406.0471659,8,169,2.444183,196.89,152.334,645.386,0,2,compressed_ring_ar
1778533406.8586345,8,170,2.378681,178.4,147.13,713.039,0,2,compressed_ring_ar
1778533407.4916008,8,171,2.018576,213.97,133.687,593.531,0,2,compressed_ring_ar
1778533408.1554036,8,172,2.306693,205.5,145.293,618.325,0,2,compressed_ring_ar
1778533408.801977,8,173,2.236511,210.98,128.297,605.428,0,2,compressed_ring_ar
1778533409.5678108,8,174,2.182838,176.8,145.557,719.433,0,2,compressed_ring_ar
1778533410.1766837,8,175,2.184909,227.53,133.011,558.162,0,2,compressed_ring_ar
1778533410.7967553,8,176,2.272345,219.43,145.374,578.744,0,2,compressed_ring_ar
1778533411.4013584,8,177,2.286382,225.28,125.477,563.691,0,2,compressed_ring_ar
1778533412.0294807,8,178,2.16922,215.49,141.159,589.228,0,2,compressed_ring_ar
1778533412.6173358,8,179,2.188045,231.82,124.788,547.489,0,2,compressed_ring_ar
1778533413.2402198,8,180,2.182227,221.25,145.475,574.012,0,2,compressed_ring_ar
1778533413.8583257,8,181,2.331525,219.47,132.549,578.511,0,2,compressed_ring_ar
1778533414.6296396,8,182,2.362854,177.74,167.456,715.53,0,2,compressed_ring_ar
1778533415.353447,8,183,2.035707,192.79,140.93,659.288,0,2,compressed_ring_ar
1778533415.986042,8,184,2.283618,216.31,136.255,586.983,0,2,compressed_ring_ar
1778533416.5844681,8,185,2.491278,235.47,128.713,539.206,0,2,compressed_ring_ar
1778533417.186341,8,186,2.339341,227.75,127.632,557.293,0,2,compressed_ring_ar
1778533417.7783837,8,187,2.031737,229.87,140.764,552.099,0,2,compressed_ring_ar
1778533418.3878965,8,188,2.325828,223.94,124.802,566.463,0,2,compressed_ring_ar
1778533419.047852,8,189,2.226532,208.66,151.215,609.087,0,2,compressed_ring_ar
1778533419.6594033,8,190,2.31398,223.82,122.098,570.521,0,2,compressed_ring_ar
1778533420.367675,8,191,2.520532,192.51,131.517,660.341,0,2,compressed_ring_ar
1778533420.9685323,8,192,2.108085,225.97,133.341,561.597,0,2,compressed_ring_ar
1778533421.60497,8,193,2.18657,219.87,136.427,577.355,0,2,compressed_ring_ar
1778533422.2169802,8,194,2.225174,231.37,118.924,548.626,0,2,compressed_ring_ar
1778533422.812279,8,195,2.193219,68.67,140.861,578.153,0,2,compressed_ring_ar
1778533429.3285522,9,0,2.059633,183.27,143.919,693.599,0,2,compressed_ring_ar
1778533429.9438028,9,1,2.031444,222.56,137.319,570.274,0,2,compressed_ring_ar
1778533430.5009408,9,2,2.076649,243.49,122.561,521.372,0,2,compressed_ring_ar
1778533431.0769029,9,3,2.224837,237.77,123.545,533.525,0,2,compressed_ring_ar
1778533431.6265695,9,4,2.388476,248.24,115.671,511.163,0,2,compressed_ring_ar
1778533432.1941323,9,5,2.30448,239.76,122.257,529.281,0,2,compressed_ring_ar
1778533432.7925258,9,6,2.345748,225.93,120.76,561.863,0,2,compressed_ring_ar
1778533433.3408737,9,7,2.12849,248.52,115.543,510.377,0,2,compressed_ring_ar
1778533433.916988,9,8,2.288967,234.9,124.409,540.137,0,2,compressed_ring_ar
1778533434.476379,9,9,2.119017,243.01,125.38,522.145,0,2,compressed_ring_ar
1778533435.0488834,9,10,2.169315,239.83,102.601,532.313,0,2,compressed_ring_ar
1778533435.7343583,9,11,2.243135,196.16,131.393,647.697,0,2,compressed_ring_ar
1778533436.3276875,9,12,2.247774,230.55,135.645,550.584,0,2,compressed_ring_ar
1778533436.8839595,9,13,2.275753,245.85,117.997,515.862,0,2,compressed_ring_ar
1778533437.4465194,9,14,2.046456,240.28,122.26,527.95,0,2,compressed_ring_ar
1778533437.995398,9,15,1.996359,247.18,128.174,513.166,0,2,compressed_ring_ar
1778533438.545296,9,16,2.266912,246.66,116.401,514.171,0,2,compressed_ring_ar
1778533439.1197278,9,17,2.303697,235.77,108.669,541.485,0,2,compressed_ring_ar
1778533439.8303168,9,18,2.107928,188.5,129.529,674.341,0,2,compressed_ring_ar
1778533440.449588,9,19,2.219052,219.34,128.774,578.825,0,2,compressed_ring_ar
1778533440.9919367,9,20,1.93997,251.34,120.594,504.824,0,2,compressed_ring_ar
1778533441.5797746,9,21,2.334889,232.06,120.004,546.734,0,2,compressed_ring_ar
1778533442.132309,9,22,2.190813,247.1,122.961,513.272,0,2,compressed_ring_ar
1778533442.6891897,9,23,2.079715,246.43,120.827,516.063,0,2,compressed_ring_ar
1778533443.2778065,9,24,2.155338,230.17,121.978,551.098,0,2,compressed_ring_ar
1778533443.8165247,9,25,2.0757,252.07,117.513,503.401,0,2,compressed_ring_ar
1778533444.3763876,9,26,2.226147,243.2,117.718,521.43,0,2,compressed_ring_ar
1778533444.9876282,9,27,2.334692,221.47,126.972,573.465,0,2,compressed_ring_ar
1778533445.5439074,9,28,2.103048,246.42,116.349,518.062,0,2,compressed_ring_ar
1778533446.2543206,9,29,2.138016,188.69,131.26,673.61,0,2,compressed_ring_ar
1778533446.8019454,9,30,2.100616,247.2,123.013,513.384,0,2,compressed_ring_ar
1778533447.3649077,9,31,2.175356,242.17,127.7,524.585,0,2,compressed_ring_ar
1778533448.009305,9,32,2.174448,211.09,140.908,602.514,0,2,compressed_ring_ar
1778533448.6392884,9,33,2.126475,218.9,131.929,580.146,0,2,compressed_ring_ar
1778533449.4104853,9,34,2.366772,178.0,173.879,714.39,0,2,compressed_ring_ar
1778533450.0377834,9,35,2.294324,219.1,127.953,579.658,0,2,compressed_ring_ar
1778533450.6198804,9,36,2.300103,232.65,116.142,545.636,0,2,compressed_ring_ar
1778533451.290951,9,37,2.321308,203.25,136.203,624.992,0,2,compressed_ring_ar
1778533451.8608043,9,38,2.227431,242.65,122.688,523.002,0,2,compressed_ring_ar
1778533452.4088774,9,39,2.04456,248.22,120.572,511.694,0,2,compressed_ring_ar
1778533452.998882,9,40,2.38067,229.16,114.655,557.244,0,2,compressed_ring_ar
1778533453.6870136,9,41,2.045712,194.98,118.679,655.11,0,2,compressed_ring_ar
1778533454.3518367,9,42,2.207108,204.34,124.511,622.072,0,2,compressed_ring_ar
1778533454.9594598,9,43,2.179534,222.54,123.286,570.377,0,2,compressed_ring_ar
1778533455.503276,9,44,2.05557,250.4,119.35,506.637,0,2,compressed_ring_ar
1778533456.1087692,9,45,2.150981,222.9,130.631,569.617,0,2,compressed_ring_ar
1778533456.6802382,9,46,2.150946,241.47,124.775,525.645,0,2,compressed_ring_ar
1778533457.3606937,9,47,2.415907,197.2,163.451,645.01,0,2,compressed_ring_ar
1778533458.0172524,9,48,2.259816,211.11,130.002,601.757,0,2,compressed_ring_ar
1778533458.5967987,9,49,2.271018,233.46,125.272,543.537,0,2,compressed_ring_ar
1778533459.2012646,9,50,2.163822,225.56,105.828,566.166,0,2,compressed_ring_ar
1778533459.844424,9,51,2.303418,210.57,121.406,603.012,0,2,compressed_ring_ar
1778533460.4486594,9,52,2.171579,225.45,133.244,563.393,0,2,compressed_ring_ar
1778533461.0607567,9,53,2.203124,220.55,133.079,575.652,0,2,compressed_ring_ar
1778533461.644899,9,54,2.011788,231.41,142.754,548.599,0,2,compressed_ring_ar
1778533462.2458682,9,55,2.089439,225.35,124.795,563.322,0,2,compressed_ring_ar
1778533462.7901282,9,56,2.17536,249.7,128.366,508.005,0,2,compressed_ring_ar
1778533463.3655546,9,57,2.152754,235.27,105.495,542.713,0,2,compressed_ring_ar
1778533464.0616038,9,58,2.026797,193.22,134.932,661.087,0,2,compressed_ring_ar
1778533464.7910893,9,59,2.193637,183.48,140.635,692.946,0,2,compressed_ring_ar
1778533465.3623796,9,60,2.209069,237.66,109.474,537.201,0,2,compressed_ring_ar
1778533466.0560417,9,61,2.056793,194.85,114.533,655.542,0,2,compressed_ring_ar
1778533466.7639968,9,62,2.314559,191.34,139.08,665.279,0,2,compressed_ring_ar
1778533467.3545551,9,63,2.068875,230.96,122.207,549.784,0,2,compressed_ring_ar
1778533467.9672074,9,64,2.137846,221.39,130.038,574.421,0,2,compressed_ring_ar
1778533468.5398948,9,65,2.217484,237.95,121.351,533.426,0,2,compressed_ring_ar
1778533469.1135006,9,66,2.359272,244.36,133.839,519.224,0,2,compressed_ring_ar
1778533469.6980531,9,67,2.215642,231.73,101.061,550.991,0,2,compressed_ring_ar
1778533470.4114366,9,68,2.267477,188.07,136.054,676.13,0,2,compressed_ring_ar
1778533470.9670613,9,69,2.067649,244.75,131.939,518.318,0,2,compressed_ring_ar
1778533471.5229084,9,70,2.319817,244.91,120.058,518.173,0,2,compressed_ring_ar
1778533472.0833595,9,71,2.232891,241.54,125.834,525.415,0,2,compressed_ring_ar
1778533472.6883132,9,72,2.147284,224.1,135.6,566.445,0,2,compressed_ring_ar
1778533473.3613524,9,73,2.163038,210.38,160.288,603.853,0,2,compressed_ring_ar
1778533474.0358174,9,74,2.003987,207.09,122.895,613.575,0,2,compressed_ring_ar
1778533474.619846,9,75,2.178077,231.86,107.973,550.797,0,2,compressed_ring_ar
1778533475.2851138,9,76,2.265121,203.12,120.612,625.3,0,2,compressed_ring_ar
1778533475.8594708,9,77,2.15915,235.51,131.261,538.885,0,2,compressed_ring_ar
1778533476.4297125,9,78,2.236116,238.49,121.85,532.174,0,2,compressed_ring_ar
1778533477.0241733,9,79,2.343134,227.26,125.366,558.748,0,2,compressed_ring_ar
1778533477.5795362,9,80,2.118227,245.2,104.49,520.705,0,2,compressed_ring_ar
1778533478.2840536,9,81,2.117916,190.25,133.811,671.429,0,2,compressed_ring_ar
1778533478.9654095,9,82,2.115981,197.45,130.803,643.602,0,2,compressed_ring_ar
1778533479.51573,9,83,2.185491,249.55,120.617,511.659,0,2,compressed_ring_ar
1778533480.1405363,9,84,2.427411,216.81,126.075,585.894,0,2,compressed_ring_ar
1778533480.7306366,9,85,2.443413,229.14,130.246,554.4,0,2,compressed_ring_ar
1778533481.316066,9,86,2.124593,230.93,121.417,549.573,0,2,compressed_ring_ar
1778533481.8988042,9,87,2.312376,234.73,117.402,540.885,0,2,compressed_ring_ar
1778533482.5956178,9,88,2.263157,192.54,116.47,660.495,0,2,compressed_ring_ar
1778533483.3691802,9,89,2.05138,172.82,127.786,736.367,0,2,compressed_ring_ar
1778533483.9389248,9,90,2.245815,239.9,121.804,529.3,0,2,compressed_ring_ar
1778533484.4858305,9,91,2.203365,249.49,119.741,508.489,0,2,compressed_ring_ar
1778533485.1084116,9,92,2.491691,217.18,113.794,588.021,0,2,compressed_ring_ar
1778533485.772441,9,93,2.246864,212.3,127.889,598.292,0,2,compressed_ring_ar
1778533486.3552763,9,94,2.211565,233.08,134.214,544.273,0,2,compressed_ring_ar
1778533486.9066327,9,95,2.142001,246.77,121.662,514.199,0,2,compressed_ring_ar
1778533487.4739866,9,96,2.047373,238.88,115.054,531.183,0,2,compressed_ring_ar
1778533488.060623,9,97,1.971975,234.93,129.262,539.874,0,2,compressed_ring_ar
1778533488.6497662,9,98,2.420097,230.34,122.433,551.201,0,2,compressed_ring_ar
1778533489.206608,9,99,2.294882,244.96,132.087,518.194,0,2,compressed_ring_ar
1778533489.7770863,9,100,2.232244,238.16,127.176,532.958,0,2,compressed_ring_ar
1778533490.3321238,9,101,2.17901,247.95,100.278,514.809,0,2,compressed_ring_ar
1778533491.0528905,9,102,2.210463,186.04,132.011,683.159,0,2,compressed_ring_ar
1778533491.6252916,9,103,2.121421,237.56,132.826,534.594,0,2,compressed_ring_ar
1778533492.1787326,9,104,2.047983,244.69,122.553,518.551,0,2,compressed_ring_ar
1778533492.7499294,9,105,2.28957,239.56,102.309,533.026,0,2,compressed_ring_ar
1778533493.445942,9,106,2.247155,192.99,133.779,658.151,0,2,compressed_ring_ar
1778533494.0382395,9,107,2.324119,234.98,126.999,539.966,0,2,compressed_ring_ar
1778533494.6321018,9,108,2.297555,230.75,130.358,549.994,0,2,compressed_ring_ar
1778533495.203008,9,109,2.354994,237.3,125.201,535.439,0,2,compressed_ring_ar
1778533495.8001876,9,110,2.370993,228.16,122.923,556.37,0,2,compressed_ring_ar
1778533496.3743043,9,111,2.173347,236.45,130.446,536.619,0,2,compressed_ring_ar
1778533496.959601,9,112,2.120407,234.57,122.232,541.054,0,2,compressed_ring_ar
1778533497.60378,9,113,2.133547,209.63,128.361,606.224,0,2,compressed_ring_ar
1778533498.1648183,9,114,2.129365,241.67,129.7,525.057,0,2,compressed_ring_ar
1778533498.7856185,9,115,2.221796,226.01,118.946,564.897,0,2,compressed_ring_ar
1778533499.5534973,9,116,2.234875,174.4,161.215,729.423,0,2,compressed_ring_ar
1778533500.148771,9,117,2.41006,229.49,122.271,553.43,0,2,compressed_ring_ar
1778533500.7367284,9,118,2.248587,232.29,109.544,549.598,0,2,compressed_ring_ar
1778533501.4102397,9,119,2.225658,200.6,126.101,633.415,0,2,compressed_ring_ar
1778533502.0890722,9,120,2.042712,200.12,167.228,638.404,0,2,compressed_ring_ar
1778533502.85946,9,121,2.235256,178.64,109.969,715.301,0,2,compressed_ring_ar
1778533503.5663207,9,122,2.263918,190.01,128.039,670.727,0,2,compressed_ring_ar
1778533504.183035,9,123,2.129178,219.29,121.031,578.663,0,2,compressed_ring_ar
1778533504.772571,9,124,2.243753,229.95,128.17,552.323,0,2,compressed_ring_ar
1778533505.3866694,9,125,2.276192,221.67,143.983,572.984,0,2,compressed_ring_ar
1778533505.972255,9,126,2.069287,233.23,130.336,544.139,0,2,compressed_ring_ar
1778533506.5802984,9,127,2.256329,223.14,129.181,569.174,0,2,compressed_ring_ar
1778533507.1227539,9,128,2.155856,250.16,99.565,510.302,0,2,compressed_ring_ar
1778533507.823179,9,129,2.301919,191.96,114.629,662.153,0,2,compressed_ring_ar
1778533508.5238864,9,130,2.232615,191.26,131.653,665.414,0,2,compressed_ring_ar
1778533509.106037,9,131,2.260848,233.13,127.549,544.612,0,2,compressed_ring_ar
1778533509.652712,9,132,2.160767,252.54,119.061,505.453,0,2,compressed_ring_ar
1778533510.3123608,9,133,2.32637,212.21,146.018,602.251,0,2,compressed_ring_ar
1778533510.9888186,9,134,2.21241,205.16,116.972,619.132,0,2,compressed_ring_ar
1778533511.573404,9,135,2.372949,232.08,125.033,546.923,0,2,compressed_ring_ar
1778533512.1480515,9,136,2.31476,235.68,104.109,541.686,0,2,compressed_ring_ar
1778533512.8557303,9,137,2.280014,189.69,124.271,670.189,0,2,compressed_ring_ar
1778533513.4322445,9,138,2.351266,244.98,111.916,521.132,0,2,compressed_ring_ar
1778533514.1271858,9,139,2.215614,193.82,132.225,655.624,0,2,compressed_ring_ar
1778533514.746715,9,140,2.238414,218.23,124.909,582.068,0,2,compressed_ring_ar
1778533515.340518,9,141,2.044194,227.46,119.098,561.441,0,2,compressed_ring_ar
1778533516.0676572,9,142,2.107135,185.68,138.401,685.257,0,2,compressed_ring_ar
1778533516.6463244,9,143,2.248725,235.95,128.933,537.846,0,2,compressed_ring_ar
1778533517.1990435,9,144,2.116524,248.0,124.719,511.509,0,2,compressed_ring_ar
1778533517.7740967,9,145,2.377048,235.21,126.929,539.955,0,2,compressed_ring_ar
1778533518.341666,9,146,2.303205,240.34,136.226,527.916,0,2,compressed_ring_ar
1778533518.90737,9,147,2.058638,243.95,124.479,520.251,0,2,compressed_ring_ar
1778533519.5001209,9,148,2.191725,228.14,126.227,556.324,0,2,compressed_ring_ar
1778533520.0849066,9,149,2.132716,231.96,118.131,548.065,0,2,compressed_ring_ar
1778533520.6870599,9,150,2.196297,225.03,127.112,564.06,0,2,compressed_ring_ar
1778533521.239695,9,151,2.188797,245.99,128.419,515.531,0,2,compressed_ring_ar
1778533521.8125827,9,152,2.282714,239.83,128.515,529.233,0,2,compressed_ring_ar
1778533522.378222,9,153,2.306396,239.85,121.65,532.34,0,2,compressed_ring_ar
1778533523.0018573,9,154,2.34421,217.68,125.958,583.281,0,2,compressed_ring_ar
1778533523.567873,9,155,2.156816,240.11,128.551,528.441,0,2,compressed_ring_ar
1778533524.1666658,9,156,2.284359,225.84,121.698,562.177,0,2,compressed_ring_ar
1778533524.7585516,9,157,2.096749,228.35,124.432,556.01,0,2,compressed_ring_ar
1778533525.3231888,9,158,1.967649,240.22,118.552,527.981,0,2,compressed_ring_ar
1778533525.8950584,9,159,2.104856,237.27,128.214,534.992,0,2,compressed_ring_ar
1778533526.559145,9,160,2.240318,206.04,150.911,616.725,0,2,compressed_ring_ar
1778533527.1419287,9,161,2.067122,233.22,125.313,544.188,0,2,compressed_ring_ar
1778533527.7019029,9,162,2.083283,242.31,124.909,523.753,0,2,compressed_ring_ar
1778533528.2970235,9,163,2.22899,228.75,122.412,555.843,0,2,compressed_ring_ar
1778533528.8981345,9,164,2.248111,226.52,123.478,560.889,0,2,compressed_ring_ar
1778533529.4992952,9,165,2.04668,224.58,121.771,565.519,0,2,compressed_ring_ar
1778533530.0653548,9,166,2.221625,240.76,130.422,527.028,0,2,compressed_ring_ar
1778533530.673293,9,167,2.074508,222.43,129.213,570.621,0,2,compressed_ring_ar
1778533531.2275796,9,168,2.202019,245.01,125.118,517.949,0,2,compressed_ring_ar
1778533531.8025863,9,169,2.20501,243.08,120.735,521.663,0,2,compressed_ring_ar
1778533532.4092283,9,170,2.028925,222.86,101.921,572.926,0,2,compressed_ring_ar
1778533533.0853722,9,171,2.212281,199.0,123.377,638.56,0,2,compressed_ring_ar
1778533533.713631,9,172,2.246542,215.15,134.142,589.978,0,2,compressed_ring_ar
1778533534.3561804,9,173,2.206125,209.56,146.111,606.35,0,2,compressed_ring_ar
1778533535.1180863,9,174,2.262491,180.11,131.064,706.245,0,2,compressed_ring_ar
1778533535.7088215,9,175,1.996009,231.96,134.384,546.991,0,2,compressed_ring_ar
1778533536.3230128,9,176,2.234975,223.26,128.54,571.976,0,2,compressed_ring_ar
1778533537.1054177,9,177,2.349528,171.21,148.562,743.211,0,2,compressed_ring_ar
1778533537.8274605,9,178,2.298918,187.11,117.064,682.667,0,2,compressed_ring_ar
1778533538.5645978,9,179,2.015026,182.34,116.996,699.055,0,2,compressed_ring_ar
1778533539.274653,9,180,2.275215,189.38,129.562,671.119,0,2,compressed_ring_ar
1778533539.850891,9,181,2.133744,235.31,110.946,542.604,0,2,compressed_ring_ar
1778533540.542084,9,182,2.293726,194.14,115.37,658.029,0,2,compressed_ring_ar
1778533541.2121453,9,183,2.42811,201.95,128.426,629.154,0,2,compressed_ring_ar
1778533541.7704706,9,184,2.103069,243.53,121.183,521.407,0,2,compressed_ring_ar
1778533542.3632355,9,185,2.211854,228.05,130.968,556.557,0,2,compressed_ring_ar
1778533542.8965695,9,186,2.185542,254.68,116.071,497.859,0,2,compressed_ring_ar
1778533543.4719865,9,187,2.369506,234.67,118.47,540.903,0,2,compressed_ring_ar
1778533544.0487816,9,188,2.307854,234.22,127.608,542.062,0,2,compressed_ring_ar
1778533544.6048787,9,189,2.170777,243.67,102.093,523.934,0,2,compressed_ring_ar
1778533545.3225427,9,190,2.059566,187.35,129.601,678.698,0,2,compressed_ring_ar
1778533545.873132,9,191,2.086359,255.93,113.899,499.111,0,2,compressed_ring_ar
1778533546.5269794,9,192,2.141231,204.32,121.736,621.954,0,2,compressed_ring_ar
1778533547.095744,9,193,2.130177,240.4,133.4,527.835,0,2,compressed_ring_ar
1778533547.7084808,9,194,2.137522,225.38,129.973,566.891,0,2,compressed_ring_ar
1778533548.2465472,9,195,2.316812,76.99,127.248,514.969,0,2,compressed_ring_ar
1778533554.6898284,10,0,2.04337,186.17,123.473,682.764,0,2,compressed_ring_ar
1778533555.2754097,10,1,2.059665,233.92,125.392,542.606,0,2,compressed_ring_ar
1778533555.8591084,10,2,2.098778,232.78,111.515,548.47,0,2,compressed_ring_ar
1778533556.5854802,10,3,2.3458,184.12,130.555,690.408,0,2,compressed_ring_ar
1778533557.1326487,10,4,2.186215,248.61,121.176,510.454,0,2,compressed_ring_ar
1778533557.7084143,10,5,1.959127,237.11,121.897,535.329,0,2,compressed_ring_ar
1778533558.2998366,10,6,2.37191,229.61,143.263,552.735,0,2,compressed_ring_ar
1778533558.916693,10,7,2.115471,223.31,140.614,568.487,0,2,compressed_ring_ar
1778533559.490966,10,8,2.268297,235.74,119.631,538.449,0,2,compressed_ring_ar
1778533560.0751545,10,9,2.268107,238.61,122.794,531.773,0,2,compressed_ring_ar
1778533560.6759021,10,10,2.107415,225.92,136.263,561.855,0,2,compressed_ring_ar
1778533561.2692797,10,11,2.209975,232.93,130.12,545.02,0,2,compressed_ring_ar
1778533561.8539577,10,12,2.195062,234.83,131.479,540.586,0,2,compressed_ring_ar
1778533562.4812016,10,13,2.267217,227.65,135.524,557.247,0,2,compressed_ring_ar
1778533563.0620966,10,14,2.170126,233.63,124.166,543.079,0,2,compressed_ring_ar
1778533563.611218,10,15,2.20745,250.54,122.586,506.481,0,2,compressed_ring_ar
1778533564.2920513,10,16,2.413809,198.26,149.241,644.462,0,2,compressed_ring_ar
1778533565.0636082,10,17,2.115149,179.92,131.16,710.16,0,2,compressed_ring_ar
1778533565.800378,10,18,1.925966,182.24,124.967,697.695,0,2,compressed_ring_ar
1778533566.4132433,10,19,2.233412,221.07,136.072,574.322,0,2,compressed_ring_ar
1778533567.0045104,10,20,2.292081,241.1,121.605,526.188,0,2,compressed_ring_ar
1778533567.5760033,10,21,2.19047,236.74,124.645,536.039,0,2,compressed_ring_ar
1778533568.1551125,10,22,2.10284,233.19,127.971,544.117,0,2,compressed_ring_ar
1778533568.7565317,10,23,2.147724,227.2,134.809,558.659,0,2,compressed_ring_ar
1778533569.353273,10,24,2.301596,227.83,123.109,557.245,0,2,compressed_ring_ar
1778533569.9936154,10,25,2.035992,211.89,136.848,599.215,0,2,compressed_ring_ar
1778533570.54326,10,26,2.189257,247.53,121.782,512.596,0,2,compressed_ring_ar
1778533571.1094818,10,27,2.10932,240.96,124.904,526.625,0,2,compressed_ring_ar
1778533571.6830196,10,28,2.339195,236.5,124.78,536.508,0,2,compressed_ring_ar
1778533572.280914,10,29,2.171581,226.27,103.241,564.25,0,2,compressed_ring_ar
1778533573.0009978,10,30,2.440114,185.71,129.753,684.737,0,2,compressed_ring_ar
1778533573.5579753,10,31,2.160547,243.85,111.788,520.626,0,2,compressed_ring_ar
1778533574.1489646,10,32,2.226044,229.73,105.805,555.755,0,2,compressed_ring_ar
1778533574.8564863,10,33,2.069991,189.31,144.913,671.383,0,2,compressed_ring_ar
1778533575.3986516,10,34,2.473667,251.51,122.752,504.518,0,2,compressed_ring_ar
1778533576.010466,10,35,2.063796,220.52,134.149,575.604,0,2,compressed_ring_ar
1778533576.5800738,10,36,2.266311,239.23,124.317,530.512,0,2,compressed_ring_ar
1778533577.177016,10,37,2.265921,235.8,135.26,538.413,0,2,compressed_ring_ar
1778533577.7469234,10,38,2.265764,239.14,124.824,530.83,0,2,compressed_ring_ar
1778533578.319268,10,39,2.189906,239.88,128.914,528.934,0,2,compressed_ring_ar
1778533578.8846133,10,40,2.219752,239.4,123.458,529.898,0,2,compressed_ring_ar
1778533579.4445703,10,41,1.923716,242.06,118.051,524.428,0,2,compressed_ring_ar
1778533580.034146,10,42,2.202046,231.16,114.364,552.313,0,2,compressed_ring_ar
1778533580.7323344,10,43,2.00099,193.16,138.089,658.534,0,2,compressed_ring_ar
1778533581.365301,10,44,2.196302,213.67,150.673,597.807,0,2,compressed_ring_ar
1778533582.0644438,10,45,2.127655,199.7,127.84,636.388,0,2,compressed_ring_ar
1778533582.6488023,10,46,2.168872,231.1,102.175,549.661,0,2,compressed_ring_ar
1778533583.3727205,10,47,2.343578,184.79,121.761,687.876,0,2,compressed_ring_ar
1778533583.9375148,10,48,2.113766,247.83,120.887,511.731,0,2,compressed_ring_ar
1778533584.5526757,10,49,2.297131,219.73,125.627,577.873,0,2,compressed_ring_ar
1778533585.1388268,10,50,2.362864,235.52,125.829,538.861,0,2,compressed_ring_ar
1778533585.702362,10,51,2.161325,242.94,114.381,525.49,0,2,compressed_ring_ar
1778533586.4188504,10,52,2.153807,187.5,136.655,678.133,0,2,compressed_ring_ar
1778533586.9578383,10,53,2.190049,255.17,119.186,498.018,0,2,compressed_ring_ar
1778533587.5843613,10,54,2.437439,215.64,132.188,588.884,0,2,compressed_ring_ar
1778533588.1309724,10,55,2.144666,249.24,118.955,509.878,0,2,compressed_ring_ar
1778533588.7246323,10,56,2.135597,228.12,120.474,556.062,0,2,compressed_ring_ar
1778533589.311284,10,57,2.123785,231.97,105.011,550.268,0,2,compressed_ring_ar
1778533590.009909,10,58,2.344926,192.14,127.71,661.099,0,2,compressed_ring_ar
1778533590.6419616,10,59,2.171394,213.77,140.271,594.37,0,2,compressed_ring_ar
1778533591.2384427,10,60,2.008397,227.27,132.6,558.509,0,2,compressed_ring_ar
1778533591.820295,10,61,2.30508,232.68,122.936,546.254,0,2,compressed_ring_ar
1778533592.3869855,10,62,1.868111,239.23,130.72,530.412,0,2,compressed_ring_ar
1778533592.9532285,10,63,2.209197,241.73,121.897,525.253,0,2,compressed_ring_ar
1778533593.570945,10,64,2.149018,220.83,132.103,575.101,0,2,compressed_ring_ar
1778533594.1504588,10,65,2.442551,233.49,130.182,543.48,0,2,compressed_ring_ar
1778533594.757376,10,66,2.339636,222.51,135.697,570.668,0,2,compressed_ring_ar
1778533595.3098204,10,67,2.227542,245.28,122.823,517.172,0,2,compressed_ring_ar
1778533595.8905997,10,68,2.208328,233.32,129.645,543.824,0,2,compressed_ring_ar
1778533596.4697738,10,69,2.047217,233.87,128.917,542.863,0,2,compressed_ring_ar
1778533597.0865424,10,70,2.214552,218.68,109.064,584.126,0,2,compressed_ring_ar
1778533597.7162356,10,71,2.205277,214.54,123.181,591.922,0,2,compressed_ring_ar
1778533598.3014376,10,72,2.02703,235.18,135.74,539.623,0,2,compressed_ring_ar
1778533598.869294,10,73,2.296019,238.35,125.281,532.519,0,2,compressed_ring_ar
1778533599.4502807,10,74,2.120293,237.16,129.384,534.416,0,2,compressed_ring_ar
1778533600.0135882,10,75,1.975079,240.84,128.71,526.897,0,2,compressed_ring_ar
1778533600.627032,10,76,1.933386,220.7,131.757,575.454,0,2,compressed_ring_ar
1778533601.236249,10,77,2.126901,221.62,135.534,573.816,0,2,compressed_ring_ar
1778533601.8399873,10,78,2.154221,225.12,140.065,563.808,0,2,compressed_ring_ar
1778533602.4245145,10,79,2.412553,231.39,130.872,548.368,0,2,compressed_ring_ar
1778533602.9729438,10,80,2.097626,247.11,119.989,513.511,0,2,compressed_ring_ar
1778533603.557749,10,81,2.343415,232.17,126.322,547.133,0,2,compressed_ring_ar
1778533604.1114545,10,82,2.179494,246.45,124.853,514.783,0,2,compressed_ring_ar
1778533604.675909,10,83,2.308389,241.85,124.552,524.992,0,2,compressed_ring_ar
1778533605.3415115,10,84,2.130116,201.88,170.884,632.478,0,2,compressed_ring_ar
1778533606.0620968,10,85,2.173846,192.6,132.47,660.084,0,2,compressed_ring_ar
1778533606.6549163,10,86,2.227061,227.93,107.5,560.185,0,2,compressed_ring_ar
1778533607.3513496,10,87,2.164654,193.0,129.889,658.413,0,2,compressed_ring_ar
1778533607.982658,10,88,2.154943,213.41,122.507,595.102,0,2,compressed_ring_ar
1778533608.5301504,10,89,2.294889,248.03,125.869,511.467,0,2,compressed_ring_ar
1778533609.1243267,10,90,2.118308,230.06,124.724,551.478,0,2,compressed_ring_ar
1778533609.699046,10,91,2.080174,236.29,125.056,536.967,0,2,compressed_ring_ar
1778533610.2753663,10,92,2.205858,234.69,123.939,541.01,0,2,compressed_ring_ar
1778533610.8612025,10,93,2.330138,230.99,103.365,551.5,0,2,compressed_ring_ar
1778533611.5468175,10,94,2.180996,196.09,161.472,648.032,0,2,compressed_ring_ar
1778533612.1347244,10,95,2.069476,229.93,138.323,552.174,0,2,compressed_ring_ar
1778533612.7248046,10,96,1.979009,234.38,127.361,541.613,0,2,compressed_ring_ar
1778533613.3146977,10,97,2.171642,229.18,131.196,553.686,0,2,compressed_ring_ar
1778533613.8939898,10,98,2.248935,234.85,117.94,543.728,0,2,compressed_ring_ar
1778533614.5629823,10,99,2.19363,200.72,113.193,634.992,0,2,compressed_ring_ar
1778533615.1877708,10,100,2.133392,216.91,127.961,585.16,0,2,compressed_ring_ar
1778533615.7614734,10,101,2.236609,236.48,119.828,536.301,0,2,compressed_ring_ar
1778533616.3640473,10,102,2.269451,225.82,151.218,562.17,0,2,compressed_ring_ar
1778533616.8939931,10,103,2.238695,256.76,119.441,494.014,0,2,compressed_ring_ar
1778533617.4868762,10,104,2.273055,229.76,112.65,555.716,0,2,compressed_ring_ar
1778533618.1464074,10,105,2.24668,203.82,121.63,623.302,0,2,compressed_ring_ar
1778533618.6920776,10,106,2.198975,250.4,120.64,506.61,0,2,compressed_ring_ar
1778533619.2807915,10,107,2.128209,229.44,137.173,553.039,0,2,compressed_ring_ar
1778533619.8791442,10,108,2.101854,226.98,113.711,562.5,0,2,compressed_ring_ar
1778533620.6198087,10,109,2.129404,180.69,133.853,703.772,0,2,compressed_ring_ar
1778533621.162577,10,110,2.406366,250.37,122.418,506.676,0,2,compressed_ring_ar
1778533621.7783911,10,111,2.146842,220.12,127.591,576.942,0,2,compressed_ring_ar
1778533622.3398468,10,112,2.354049,241.55,126.216,525.369,0,2,compressed_ring_ar
1778533622.9321635,10,113,2.187347,228.33,132.567,556.142,0,2,compressed_ring_ar
1778533623.5591447,10,114,2.186707,215.84,129.659,588.337,0,2,compressed_ring_ar
1778533624.1634152,10,115,2.050532,223.43,130.165,568.568,0,2,compressed_ring_ar
1778533624.7413833,10,116,1.953846,234.13,122.282,542.098,0,2,compressed_ring_ar
1778533625.3194094,10,117,2.327617,234.66,125.222,540.923,0,2,compressed_ring_ar
1778533625.9100924,10,118,2.286505,229.24,122.317,553.659,0,2,compressed_ring_ar
1778533626.4963562,10,119,2.084232,230.23,125.619,551.155,0,2,compressed_ring_ar
1778533627.0649388,10,120,2.265294,238.69,120.134,531.472,0,2,compressed_ring_ar
1778533627.6739676,10,121,2.25578,221.67,123.68,572.556,0,2,compressed_ring_ar
1778533628.2562416,10,122,2.206389,239.13,109.755,532.129,0,2,compressed_ring_ar
1778533629.0002363,10,123,2.110754,184.96,128.862,691.04,0,2,compressed_ring_ar
1778533629.7532747,10,124,2.138174,183.33,160.586,693.33,0,2,compressed_ring_ar
1778533630.3530796,10,125,2.276739,227.15,106.712,562.192,0,2,compressed_ring_ar
1778533631.0949683,10,126,2.283576,180.83,131.992,703.062,0,2,compressed_ring_ar
1778533631.6811202,10,127,2.15602,231.73,120.059,547.651,0,2,compressed_ring_ar
1778533632.2703054,10,128,2.183788,229.51,128.342,553.604,0,2,compressed_ring_ar
1778533632.8394244,10,129,2.453035,240.14,109.179,531.559,0,2,compressed_ring_ar
1778533633.5767293,10,130,2.185722,181.8,148.056,699.377,0,2,compressed_ring_ar
1778533634.191724,10,131,2.288776,220.45,133.774,576.277,0,2,compressed_ring_ar
1778533634.7902522,10,132,2.339323,228.61,130.818,555.004,0,2,compressed_ring_ar
1778533635.3719883,10,133,2.220236,233.05,122.647,544.541,0,2,compressed_ring_ar
1778533635.9376097,10,134,2.149123,240.3,123.784,528.118,0,2,compressed_ring_ar
1778533636.5579748,10,135,2.072321,216.29,124.927,587.188,0,2,compressed_ring_ar
1778533637.124249,10,136,2.269868,238.82,106.255,531.415,0,2,compressed_ring_ar
1778533637.8599994,10,137,2.215873,181.95,129.784,699.107,0,2,compressed_ring_ar
1778533638.460483,10,138,2.277358,227.33,128.321,558.424,0,2,compressed_ring_ar
1778533639.0221372,10,139,2.221812,241.51,124.709,525.265,0,2,compressed_ring_ar
1778533639.5710847,10,140,2.262935,247.77,125.456,512.01,0,2,compressed_ring_ar
1778533640.159529,10,141,2.108909,230.69,102.92,553.494,0,2,compressed_ring_ar
1778533640.835924,10,142,2.109616,199.35,134.292,637.241,0,2,compressed_ring_ar
1778533641.478281,10,143,2.197338,209.99,140.698,608.187,0,2,compressed_ring_ar
1778533642.1388211,10,144,2.37204,205.84,116.953,617.658,0,2,compressed_ring_ar
1778533642.8894813,10,145,2.095296,181.94,144.606,699.101,0,2,compressed_ring_ar
1778533643.5276573,10,146,2.094053,212.24,147.324,598.243,0,2,compressed_ring_ar
1778533644.1066,10,147,2.386317,235.07,124.49,540.03,0,2,compressed_ring_ar
1778533644.7284098,10,148,2.039328,218.62,144.473,580.85,0,2,compressed_ring_ar
1778533645.3562932,10,149,2.149753,219.69,110.673,581.225,0,2,compressed_ring_ar
1778533646.039341,10,150,2.280201,197.89,106.324,645.435,0,2,compressed_ring_ar
1778533646.7331197,10,151,2.195262,198.81,127.339,639.073,0,2,compressed_ring_ar
1778533647.2863557,10,152,2.241244,245.24,118.99,517.477,0,2,compressed_ring_ar
1778533647.840947,10,153,2.302524,248.74,121.258,509.982,0,2,compressed_ring_ar
1778533648.4413135,10,154,1.976335,225.85,124.078,565.449,0,2,compressed_ring_ar
1778533649.0451324,10,155,2.083412,227.19,105.717,562.053,0,2,compressed_ring_ar
1778533649.7466044,10,156,1.921796,191.0,142.758,665.43,0,2,compressed_ring_ar
1778533650.3264308,10,157,2.273872,233.22,120.56,544.419,0,2,compressed_ring_ar
1778533650.9058511,10,158,2.137683,235.04,127.065,540.078,0,2,compressed_ring_ar
1778533651.4667037,10,159,2.108166,242.52,119.689,523.115,0,2,compressed_ring_ar
1778533652.089795,10,160,2.187009,216.42,126.259,586.748,0,2,compressed_ring_ar
1778533652.6622636,10,161,2.270681,237.36,116.654,534.857,0,2,compressed_ring_ar
1778533653.2934282,10,162,2.292151,216.96,154.493,585.54,0,2,compressed_ring_ar
1778533654.0571158,10,163,2.012837,179.56,117.193,711.489,0,2,compressed_ring_ar
1778533654.7831342,10,164,2.253005,187.04,120.809,679.623,0,2,compressed_ring_ar
1778533655.397591,10,165,2.21516,220.01,126.66,576.599,0,2,compressed_ring_ar
1778533655.9571228,10,166,2.243015,246.58,124.39,517.712,0,2,compressed_ring_ar
1778533656.6089232,10,167,1.882598,207.0,106.532,616.266,0,2,compressed_ring_ar
1778533657.2411516,10,168,2.178854,213.95,120.407,593.444,0,2,compressed_ring_ar
1778533657.8134127,10,169,2.17252,245.89,128.877,515.753,0,2,compressed_ring_ar
1778533658.401045,10,170,2.023414,232.88,121.969,545.018,0,2,compressed_ring_ar
1778533658.960981,10,171,2.049028,242.9,104.069,525.811,0,2,compressed_ring_ar
1778533659.6541085,10,172,2.259261,195.03,129.665,651.961,0,2,compressed_ring_ar
1778533660.227655,10,173,2.358721,236.21,129.232,537.112,0,2,compressed_ring_ar
1778533660.8471248,10,174,2.099935,217.73,120.602,586.585,0,2,compressed_ring_ar
1778533661.4950087,10,175,2.268101,208.06,122.812,610.565,0,2,compressed_ring_ar
1778533662.0859838,10,176,2.329976,229.34,122.198,553.251,0,2,compressed_ring_ar
1778533662.6676412,10,177,2.066589,234.83,134.699,540.336,0,2,compressed_ring_ar
1778533663.2140794,10,178,2.275591,251.09,122.056,505.145,0,2,compressed_ring_ar
1778533663.806178,10,179,2.298597,228.3,124.853,556.178,0,2,compressed_ring_ar
1778533664.3756058,10,180,2.142138,238.51,125.199,532.113,0,2,compressed_ring_ar
1778533664.9684012,10,181,2.223775,228.69,134.032,555.443,0,2,compressed_ring_ar
1778533665.5599716,10,182,1.971014,229.24,124.683,556.992,0,2,compressed_ring_ar
1778533666.2370048,10,183,2.094147,197.79,113.503,645.916,0,2,compressed_ring_ar
1778533666.9394803,10,184,2.222758,199.11,125.899,642.178,0,2,compressed_ring_ar
1778533667.5561974,10,185,2.17066,218.95,130.803,580.48,0,2,compressed_ring_ar
1778533668.1696358,10,186,2.103119,220.2,104.947,579.936,0,2,compressed_ring_ar
1778533668.8798304,10,187,2.018599,188.95,123.697,672.859,0,2,compressed_ring_ar
1778533669.4646425,10,188,1.957958,231.5,124.857,548.107,0,2,compressed_ring_ar
1778533670.042475,10,189,2.27755,235.65,123.979,538.514,0,2,compressed_ring_ar
1778533670.6169462,10,190,2.300089,235.69,130.275,538.579,0,2,compressed_ring_ar
1778533671.2021503,10,191,2.109415,231.91,119.278,547.511,0,2,compressed_ring_ar
1778533671.778365,10,192,2.075252,234.58,125.387,540.896,0,2,compressed_ring_ar
1778533672.3389852,10,193,2.220206,244.79,116.306,518.31,0,2,compressed_ring_ar
1778533672.9527678,10,194,2.122697,220.2,128.128,580.139,0,2,compressed_ring_ar
1778533673.4762783,10,195,2.316581,79.25,142.086,500.455,0,2,compressed_ring_ar
1778533680.3332565,11,0,2.164169,170.31,144.356,746.96,0,2,compressed_ring_ar
1778533680.9754648,11,1,2.181773,211.33,145.524,601.074,0,2,compressed_ring_ar
1778533681.593812,11,2,2.075697,219.28,121.647,579.298,0,2,compressed_ring_ar
1778533682.1832716,11,3,2.265866,229.58,137.158,553.911,0,2,compressed_ring_ar
1778533682.7519026,11,4,1.953622,237.56,113.151,537.603,0,2,compressed_ring_ar
1778533683.3774996,11,5,2.063553,217.81,134.809,583.262,0,2,compressed_ring_ar
1778533683.9577138,11,6,2.317449,233.24,127.658,544.183,0,2,compressed_ring_ar
1778533684.4970758,11,7,2.072378,251.62,127.922,503.676,0,2,compressed_ring_ar
1778533685.1103468,11,8,2.210739,221.77,142.393,574.014,0,2,compressed_ring_ar
1778533685.8477862,11,9,2.116284,187.54,132.352,677.767,0,2,compressed_ring_ar
1778533686.420383,11,10,2.150203,236.64,130.929,536.807,0,2,compressed_ring_ar
1778533686.9953587,11,11,2.270997,237.36,119.061,534.515,0,2,compressed_ring_ar
1778533687.5948496,11,12,2.315849,231.17,146.654,549.049,0,2,compressed_ring_ar
1778533688.1511939,11,13,2.254461,246.84,125.382,513.964,0,2,compressed_ring_ar
1778533688.7564511,11,14,2.09394,223.46,123.022,569.088,0,2,compressed_ring_ar
1778533689.300289,11,15,2.132554,251.25,129.104,504.783,0,2,compressed_ring_ar
1778533689.8823526,11,16,2.273228,232.85,106.244,548.347,0,2,compressed_ring_ar
1778533690.5983138,11,17,2.380156,192.36,132.666,661.124,0,2,compressed_ring_ar
1778533691.170168,11,18,2.266903,238.48,109.799,531.594,0,2,compressed_ring_ar
1778533691.8916354,11,19,2.157503,185.8,109.705,684.375,0,2,compressed_ring_ar
1778533692.5816417,11,20,2.046067,194.69,119.319,653.393,0,2,compressed_ring_ar
1778533693.1730433,11,21,1.95989,229.83,127.3,552.208,0,2,compressed_ring_ar
1778533693.715491,11,22,2.049861,250.09,115.998,507.566,0,2,compressed_ring_ar
1778533694.3010159,11,23,2.232115,232.76,128.577,545.335,0,2,compressed_ring_ar
1778533694.8566196,11,24,2.114935,244.65,105.073,521.782,0,2,compressed_ring_ar
1778533695.5377078,11,25,2.076154,198.54,133.868,639.967,0,2,compressed_ring_ar
1778533696.117852,11,26,2.080575,233.76,126.691,542.736,0,2,compressed_ring_ar
1778533696.683361,11,27,2.35455,239.95,107.344,532.028,0,2,compressed_ring_ar
1778533697.3455372,11,28,2.19351,203.48,95.896,627.882,0,2,compressed_ring_ar
1778533698.0304909,11,29,2.078677,196.3,95.762,650.586,0,2,compressed_ring_ar
1778533698.7366226,11,30,2.14746,191.48,134.907,663.642,0,2,compressed_ring_ar
1778533699.2825446,11,31,2.092073,252.84,124.929,501.701,0,2,compressed_ring_ar
1778533699.896772,11,32,2.308236,220.04,109.105,580.343,0,2,compressed_ring_ar
1778533700.5806367,11,33,2.105266,196.17,131.5,647.853,0,2,compressed_ring_ar
1778533701.1277618,11,34,2.050387,249.24,99.075,512.307,0,2,compressed_ring_ar
1778533701.8472066,11,35,2.184898,191.89,82.424,665.649,0,2,compressed_ring_ar
1778533702.5233536,11,36,2.295793,198.87,133.391,638.952,0,2,compressed_ring_ar
1778533703.0982528,11,37,2.102658,235.62,101.569,541.936,0,2,compressed_ring_ar
1778533703.7388492,11,38,2.080784,211.37,128.806,601.181,0,2,compressed_ring_ar
1778533704.3206491,11,39,2.356801,232.68,123.191,545.676,0,2,compressed_ring_ar
1778533704.870291,11,40,2.14962,247.46,124.458,512.888,0,2,compressed_ring_ar
1778533705.4205704,11,41,1.975944,246.75,126.852,514.42,0,2,compressed_ring_ar
1778533706.0006251,11,42,2.209437,234.41,126.658,541.446,0,2,compressed_ring_ar
1778533706.5754373,11,43,2.39706,237.78,110.391,536.927,0,2,compressed_ring_ar
1778533707.249896,11,44,2.29253,202.5,116.718,630.786,0,2,compressed_ring_ar
1778533707.966317,11,45,2.014934,188.12,135.323,675.583,0,2,compressed_ring_ar
1778533708.4642391,11,46,2.159909,275.27,79.442,463.874,0,2,compressed_ring_ar
1778533709.224194,11,47,2.27255,182.24,228.902,700.994,0,2,compressed_ring_ar
1778533709.8310328,11,48,2.290144,223.77,89.004,570.878,0,2,compressed_ring_ar
1778533710.467679,11,49,2.350327,215.04,163.847,593.776,0,2,compressed_ring_ar
1778533711.2055476,11,50,2.056228,181.89,114.538,702.294,0,2,compressed_ring_ar
1778533711.8894525,11,51,2.142512,197.66,114.2,645.98,0,2,compressed_ring_ar
1778533712.62646,11,52,2.356483,181.61,119.457,703.416,0,2,compressed_ring_ar
1778533713.294385,11,53,2.285907,202.83,139.163,629.742,0,2,compressed_ring_ar
1778533714.006099,11,54,2.275351,188.4,155.473,674.857,0,2,compressed_ring_ar
1778533714.7048352,11,55,2.235412,191.89,109.965,665.62,0,2,compressed_ring_ar
1778533715.40004,11,56,2.13341,194.26,127.41,657.568,0,2,compressed_ring_ar
1778533716.1141112,11,57,2.275194,187.66,159.77,680.649,0,2,compressed_ring_ar
1778533716.7630756,11,58,2.131681,207.47,86.39,615.783,0,2,compressed_ring_ar
1778533717.3576913,11,59,2.219965,237.0,145.149,538.962,0,2,compressed_ring_ar
1778533718.0945356,11,60,2.152894,189.11,224.095,675.524,0,2,compressed_ring_ar
1778533718.8349535,11,61,2.337496,181.33,125.403,703.96,0,2,compressed_ring_ar
1778533719.4846666,11,62,2.120457,206.68,108.284,618.159,0,2,compressed_ring_ar
1778533720.1057537,11,63,2.149672,225.17,117.293,567.151,0,2,compressed_ring_ar
1778533720.7648602,11,64,2.219116,211.08,189.114,605.079,0,2,compressed_ring_ar
1778533721.4391809,11,65,2.269289,200.45,107.818,637.188,0,2,compressed_ring_ar
1778533722.1082857,11,66,2.286778,200.75,169.571,636.185,0,2,compressed_ring_ar
1778533722.8448522,11,67,2.068556,182.13,109.932,699.876,0,2,compressed_ring_ar
1778533723.5526886,11,68,2.135424,190.34,118.975,671.118,0,2,compressed_ring_ar
1778533724.2428615,11,69,2.222018,197.14,149.671,646.216,0,2,compressed_ring_ar
1778533724.9882488,11,70,2.233651,179.21,156.961,712.955,0,2,compressed_ring_ar
1778533725.7752492,11,71,2.144993,179.09,124.386,710.759,0,2,compressed_ring_ar
1778533726.372721,11,72,2.239048,226.51,122.485,561.199,0,2,compressed_ring_ar
1778533726.9731905,11,73,2.117767,226.17,121.226,561.438,0,2,compressed_ring_ar
1778533727.548055,11,74,2.217494,235.87,122.195,537.927,0,2,compressed_ring_ar
1778533728.1010458,11,75,2.076221,247.31,122.419,512.862,0,2,compressed_ring_ar
1778533728.6810377,11,76,2.305365,233.19,117.24,544.094,0,2,compressed_ring_ar
1778533729.2232115,11,77,2.224171,251.93,121.372,506.764,0,2,compressed_ring_ar
1778533729.8886437,11,78,2.197907,202.78,120.022,626.895,0,2,compressed_ring_ar
1778533730.5145419,11,79,2.304283,218.86,139.037,580.215,0,2,compressed_ring_ar
1778533731.094222,11,80,2.19972,236.07,125.586,537.315,0,2,compressed_ring_ar
1778533731.6798415,11,81,2.283761,231.51,123.313,548.295,0,2,compressed_ring_ar
1778533732.2565882,11,82,2.175813,235.17,123.419,539.682,0,2,compressed_ring_ar
1778533732.835218,11,83,2.287461,238.03,119.513,533.132,0,2,compressed_ring_ar
1778533733.4092188,11,84,2.145973,237.66,133.357,534.681,0,2,compressed_ring_ar
1778533733.9927526,11,85,2.159616,233.04,128.976,544.743,0,2,compressed_ring_ar
1778533734.6045609,11,86,2.012357,220.95,126.299,574.505,0,2,compressed_ring_ar
1778533735.160959,11,87,2.317059,244.59,129.677,518.866,0,2,compressed_ring_ar
1778533735.6217628,11,88,2.375841,302.59,68.181,421.831,0,2,compressed_ring_ar
1778533736.283779,11,89,2.199035,209.91,195.631,605.292,0,2,compressed_ring_ar
1778533736.8514616,11,90,2.208638,242.75,111.935,526.0,0,2,compressed_ring_ar
1778533737.4403124,11,91,2.399475,233.14,84.283,547.611,0,2,compressed_ring_ar
1778533738.1720161,11,92,2.173366,182.8,129.246,698.812,0,2,compressed_ring_ar
1778533738.847469,11,93,2.318283,199.91,122.362,636.426,0,2,compressed_ring_ar
1778533739.4311485,11,94,2.07079,232.95,144.614,544.756,0,2,compressed_ring_ar
1778533739.9954903,11,95,2.035038,239.89,109.637,530.497,0,2,compressed_ring_ar
1778533740.6661596,11,96,2.021962,200.19,91.766,636.181,0,2,compressed_ring_ar
1778533741.544225,11,97,2.093272,151.17,104.506,844.055,0,2,compressed_ring_ar
1778533742.2352016,11,98,2.222915,201.02,132.584,635.349,0,2,compressed_ring_ar
1778533742.933848,11,99,2.126601,191.88,112.635,665.759,0,2,compressed_ring_ar
1778533743.5823743,11,100,2.155789,207.72,128.279,611.629,0,2,compressed_ring_ar
1778533744.177761,11,101,2.345843,229.87,120.275,552.151,0,2,compressed_ring_ar
1778533744.725704,11,102,2.180855,247.31,121.379,513.026,0,2,compressed_ring_ar
1778533745.323039,11,103,2.327533,226.71,108.388,563.276,0,2,compressed_ring_ar
1778533745.9995637,11,104,2.332203,198.54,146.088,640.114,0,2,compressed_ring_ar
1778533746.5993562,11,105,2.102745,225.81,104.454,565.464,0,2,compressed_ring_ar
1778533747.3025208,11,106,2.126162,190.81,123.169,666.451,0,2,compressed_ring_ar
1778533747.8453517,11,107,2.243083,252.08,80.083,506.431,0,2,compressed_ring_ar
1778533748.576274,11,108,2.07115,183.78,129.03,691.778,0,2,compressed_ring_ar
1778533749.1691496,11,109,2.026426,228.34,143.604,555.961,0,2,compressed_ring_ar
1778533749.8601174,11,110,2.184659,202.28,134.671,628.101,0,2,compressed_ring_ar
1778533750.4635983,11,111,2.081398,224.73,117.051,564.779,0,2,compressed_ring_ar
1778533751.0251365,11,112,2.238011,241.67,134.002,524.932,0,2,compressed_ring_ar
1778533751.5266519,11,113,2.199931,272.64,81.917,465.225,0,2,compressed_ring_ar
1778533752.282054,11,114,2.197281,176.99,142.006,718.723,0,2,compressed_ring_ar
1778533752.8523452,11,115,2.102757,237.85,130.272,533.629,0,2,compressed_ring_ar
1778533753.4041076,11,116,2.081986,247.88,100.819,514.147,0,2,compressed_ring_ar
1778533754.1231763,11,117,2.192514,186.51,116.195,684.878,0,2,compressed_ring_ar
1778533754.7666302,11,118,2.103921,210.26,102.391,605.595,0,2,compressed_ring_ar
1778533755.4210088,11,119,2.189821,205.6,87.293,621.146,0,2,compressed_ring_ar
1778533756.1249268,11,120,2.10002,191.09,139.475,665.116,0,2,compressed_ring_ar
1778533756.6538656,11,121,2.190529,258.65,90.352,493.536,0,2,compressed_ring_ar
1778533757.2744837,11,122,2.157558,219.8,82.792,580.657,0,2,compressed_ring_ar
1778533757.9573479,11,123,2.244225,198.86,127.368,639.194,0,2,compressed_ring_ar
1778533758.5224507,11,124,2.16281,250.91,124.178,505.689,0,2,compressed_ring_ar
1778533759.1013486,11,125,2.068237,233.59,129.378,543.808,0,2,compressed_ring_ar
1778533759.6810224,11,126,2.020802,235.22,124.369,539.787,0,2,compressed_ring_ar
1778533760.2485888,11,127,2.210893,238.79,127.007,531.388,0,2,compressed_ring_ar
1778533760.764789,11,128,2.380465,263.87,79.247,483.714,0,2,compressed_ring_ar
1778533761.4765296,11,129,2.236201,188.17,132.361,675.635,0,2,compressed_ring_ar
1778533762.025505,11,130,2.194402,246.98,129.188,513.405,0,2,compressed_ring_ar
1778533762.5755057,11,131,2.17544,250.64,92.715,506.421,0,2,compressed_ring_ar
1778533763.290763,11,132,1.950553,188.1,119.948,679.227,0,2,compressed_ring_ar
1778533763.8901913,11,133,2.180525,229.42,128.293,553.459,0,2,compressed_ring_ar
1778533764.4579268,11,134,2.057755,238.37,122.183,532.314,0,2,compressed_ring_ar
1778533765.0328689,11,135,2.071482,236.06,116.876,537.709,0,2,compressed_ring_ar
1778533765.6369946,11,136,2.034934,224.06,101.99,566.826,0,2,compressed_ring_ar
1778533766.3559928,11,137,2.367505,185.83,134.352,684.19,0,2,compressed_ring_ar
1778533766.923917,11,138,2.238992,245.38,126.194,516.885,0,2,compressed_ring_ar
1778533767.4957988,11,139,2.073025,236.98,113.603,535.425,0,2,compressed_ring_ar
1778533768.1056044,11,140,2.191219,222.21,136.883,571.273,0,2,compressed_ring_ar
1778533768.648155,11,141,2.272601,253.89,77.144,501.849,0,2,compressed_ring_ar
1778533769.3401186,11,142,2.235946,196.26,127.635,647.784,0,2,compressed_ring_ar
1778533769.915277,11,143,2.32297,235.72,121.796,538.316,0,2,compressed_ring_ar
1778533770.4694788,11,144,2.357693,246.3,120.631,515.052,0,2,compressed_ring_ar
1778533771.0100265,11,145,2.302626,251.83,81.34,506.968,0,2,compressed_ring_ar
1778533771.6357667,11,146,2.359754,217.03,99.366,588.393,0,2,compressed_ring_ar
1778533772.274852,11,147,2.187045,211.35,100.734,604.232,0,2,compressed_ring_ar
1778533772.9203994,11,148,2.096575,208.93,97.31,609.573,0,2,compressed_ring_ar
1778533773.6473348,11,149,2.152431,184.6,144.152,688.829,0,2,compressed_ring_ar
1778533774.2170708,11,150,2.009478,238.43,140.865,532.12,0,2,compressed_ring_ar
1778533774.7771385,11,151,2.085817,242.63,93.921,526.167,0,2,compressed_ring_ar
1778533775.4631002,11,152,2.219608,196.17,125.404,651.134,0,2,compressed_ring_ar
1778533776.0524416,11,153,2.168283,230.76,120.799,550.394,0,2,compressed_ring_ar
1778533776.6996794,11,154,2.112096,208.96,114.51,611.279,0,2,compressed_ring_ar
1778533777.4180036,11,155,2.336903,188.49,133.035,674.216,0,2,compressed_ring_ar
1778533777.9933748,11,156,2.167412,235.55,127.099,539.094,0,2,compressed_ring_ar
1778533778.5708823,11,157,2.276561,235.26,130.624,539.218,0,2,compressed_ring_ar
1778533779.189568,11,158,2.328233,218.16,106.944,585.31,0,2,compressed_ring_ar
1778533779.897363,11,159,2.088041,189.63,135.425,670.486,0,2,compressed_ring_ar
1778533780.4500954,11,160,2.159724,247.09,125.684,513.186,0,2,compressed_ring_ar
1778533781.0201752,11,161,2.046008,238.49,124.32,531.969,0,2,compressed_ring_ar
1778533781.5605502,11,162,2.233975,253.14,117.961,500.99,0,2,compressed_ring_ar
1778533782.1207974,11,163,2.046103,242.89,130.025,523.123,0,2,compressed_ring_ar
1778533782.7114027,11,164,2.127748,229.73,103.042,555.793,0,2,compressed_ring_ar
1778533783.4317539,11,165,2.00915,185.71,126.877,684.601,0,2,compressed_ring_ar
1778533783.930396,11,166,2.164605,274.86,82.711,464.539,0,2,compressed_ring_ar
1778533784.545567,11,167,2.369296,227.26,133.734,561.829,0,2,compressed_ring_ar
1778533785.165185,11,168,1.923086,218.42,88.411,584.643,0,2,compressed_ring_ar
1778533785.8634698,11,169,2.113771,192.61,131.728,659.645,0,2,compressed_ring_ar
1778533786.446527,11,170,2.188141,231.41,133.592,548.496,0,2,compressed_ring_ar
1778533787.0827549,11,171,2.280002,212.71,118.648,600.281,0,2,compressed_ring_ar
1778533787.7345288,11,172,2.111714,213.93,130.441,593.573,0,2,compressed_ring_ar
1778533788.2994597,11,173,2.097337,240.48,90.185,530.907,0,2,compressed_ring_ar
1778533788.9645944,11,174,2.28023,202.28,89.626,628.527,0,2,compressed_ring_ar
1778533789.9514723,11,175,2.218171,136.95,112.372,933.267,0,2,compressed_ring_ar
1778533790.6547809,11,176,1.972434,191.63,138.682,663.11,0,2,compressed_ring_ar
1778533791.2536457,11,177,2.137065,226.01,132.793,564.232,0,2,compressed_ring_ar
1778533791.8717976,11,178,2.283372,218.65,134.379,581.224,0,2,compressed_ring_ar
1778533792.4416835,11,179,2.178617,238.07,126.819,532.904,0,2,compressed_ring_ar
1778533792.9586644,11,180,2.230183,265.54,77.319,480.61,0,2,compressed_ring_ar
1778533793.6306212,11,181,2.030313,199.91,120.06,635.86,0,2,compressed_ring_ar
1778533794.207541,11,182,2.147042,234.16,121.545,542.185,0,2,compressed_ring_ar
1778533794.7990541,11,183,2.027328,228.31,135.207,556.343,0,2,compressed_ring_ar
1778533795.384602,11,184,2.28309,232.98,129.117,544.896,0,2,compressed_ring_ar
1778533795.9449487,11,185,2.288626,241.83,116.771,524.424,0,2,compressed_ring_ar
1778533796.4703097,11,186,2.287353,263.22,91.654,483.674,0,2,compressed_ring_ar
1778533797.1440108,11,187,2.157108,199.27,128.039,638.052,0,2,compressed_ring_ar
1778533797.696029,11,188,2.081424,246.97,117.11,513.354,0,2,compressed_ring_ar
1778533798.2518458,11,189,2.184389,243.49,133.421,520.931,0,2,compressed_ring_ar
1778533798.8458562,11,190,2.294792,227.78,128.148,557.408,0,2,compressed_ring_ar
1778533799.3754709,11,191,2.247363,257.94,122.234,491.498,0,2,compressed_ring_ar
1778533799.9621778,11,192,2.240051,230.62,126.713,550.354,0,2,compressed_ring_ar
1778533800.5078888,11,193,2.192659,248.53,121.429,510.297,0,2,compressed_ring_ar
1778533801.1035905,11,194,2.117352,226.69,129.502,563.283,0,2,compressed_ring_ar
1778533801.5333486,11,195,1.929222,96.81,75.713,411.971,0,2,compressed_ring_ar
1778533808.1755931,12,0,2.123301,176.42,135.286,720.694,0,2,compressed_ring_ar
1778533808.7698305,12,1,2.232266,227.72,140.757,557.334,0,2,compressed_ring_ar
1778533809.3357484,12,2,2.132458,246.13,121.731,515.482,0,2,compressed_ring_ar
1778533809.9211528,12,3,2.101523,232.04,119.518,547.03,0,2,compressed_ring_ar
1778533810.45769,12,4,1.976597,255.25,83.473,500.082,0,2,compressed_ring_ar
1778533811.1462214,12,5,2.168105,195.87,147.664,649.001,0,2,compressed_ring_ar
1778533811.7093067,12,6,2.224543,246.43,125.006,515.625,0,2,compressed_ring_ar
1778533812.2083344,12,7,1.993615,273.42,69.148,467.029,0,2,compressed_ring_ar
1778533812.8605654,12,8,2.096132,213.64,121.257,596.574,0,2,compressed_ring_ar
1778533813.7449718,12,9,2.140476,153.86,172.222,830.555,0,2,compressed_ring_ar
1778533814.4692128,12,10,2.223636,185.13,136.07,687.207,0,2,compressed_ring_ar
1778533815.0553324,12,11,2.052008,231.2,110.683,552.259,0,2,compressed_ring_ar
1778533815.7877746,12,12,2.092755,183.72,122.256,695.365,0,2,compressed_ring_ar
1778533816.5504632,12,13,2.175892,176.53,136.779,723.651,0,2,compressed_ring_ar
1778533817.2000356,12,14,2.127108,206.96,95.377,617.75,0,2,compressed_ring_ar
1778533817.8581166,12,15,2.067461,210.15,142.435,606.876,0,2,compressed_ring_ar
1778533818.5771759,12,16,2.252669,186.18,139.656,683.055,0,2,compressed_ring_ar
1778533819.2934873,12,17,2.019729,186.84,136.227,680.941,0,2,compressed_ring_ar
1778533820.0049515,12,18,2.161244,189.53,121.015,673.89,0,2,compressed_ring_ar
1778533820.7165532,12,19,2.282337,188.41,121.802,677.954,0,2,compressed_ring_ar
1778533821.4177434,12,20,2.322414,191.06,144.769,665.212,0,2,compressed_ring_ar
1778533821.9998963,12,21,2.253733,232.92,115.321,548.152,0,2,compressed_ring_ar
1778533822.6084938,12,22,2.280608,222.19,103.902,574.676,0,2,compressed_ring_ar
1778533823.357314,12,23,2.154712,178.89,186.807,710.977,0,2,compressed_ring_ar
1778533823.873839,12,24,2.214382,266.6,72.454,478.884,0,2,compressed_ring_ar
1778533824.5044618,12,25,2.105564,219.3,111.328,581.909,0,2,compressed_ring_ar
1778533825.1745303,12,26,2.253488,202.54,129.927,627.41,0,2,compressed_ring_ar
1778533825.7409687,12,27,2.235057,240.93,117.031,526.713,0,2,compressed_ring_ar
1778533826.3444521,12,28,2.19523,224.44,132.64,566.04,0,2,compressed_ring_ar
1778533826.9506764,12,29,2.061521,235.69,127.171,538.792,0,2,compressed_ring_ar
1778533827.5348067,12,30,2.155956,234.11,130.022,542.056,0,2,compressed_ring_ar
1778533828.0954485,12,31,2.154785,244.25,120.605,519.554,0,2,compressed_ring_ar
1778533828.6516304,12,32,2.372972,243.27,127.333,521.745,0,2,compressed_ring_ar
1778533829.2020087,12,33,2.193563,251.85,115.903,504.064,0,2,compressed_ring_ar
1778533829.6844385,12,34,2.14111,283.89,74.303,449.998,0,2,compressed_ring_ar
1778533830.290566,12,35,2.401612,228.51,153.112,558.752,0,2,compressed_ring_ar
1778533830.9865675,12,36,2.078978,192.57,135.414,659.795,0,2,compressed_ring_ar
1778533831.5683887,12,37,2.314993,236.57,136.817,536.347,0,2,compressed_ring_ar
1778533832.1407905,12,38,2.184029,237.95,122.523,533.172,0,2,compressed_ring_ar
1778533832.6956007,12,39,2.053707,247.04,120.003,513.763,0,2,compressed_ring_ar
1778533833.2230933,12,40,1.995607,258.89,81.783,493.08,0,2,compressed_ring_ar
1778533833.9124358,12,41,2.032823,194.83,123.896,652.308,0,2,compressed_ring_ar
1778533834.4950778,12,42,2.162274,233.55,136.932,543.396,0,2,compressed_ring_ar
1778533835.0458694,12,43,2.0852,246.69,129.2,515.256,0,2,compressed_ring_ar
1778533835.6268384,12,44,2.069604,232.93,124.524,544.615,0,2,compressed_ring_ar
1778533836.1515613,12,45,2.398057,275.63,79.845,463.019,0,2,compressed_ring_ar
1778533836.7905967,12,46,2.130101,211.27,83.992,604.446,0,2,compressed_ring_ar
1778533837.7219577,12,47,2.16233,142.7,175.2,892.895,0,2,compressed_ring_ar
1778533838.3496246,12,48,2.023029,216.85,110.471,588.862,0,2,compressed_ring_ar
1778533838.998708,12,49,2.10312,207.66,90.818,615.008,0,2,compressed_ring_ar
1778533839.7306,12,50,2.062995,182.62,138.84,696.007,0,2,compressed_ring_ar
1778533840.2933333,12,51,2.198603,240.89,108.483,529.97,0,2,compressed_ring_ar
1778533840.9473464,12,52,2.13165,206.62,89.999,616.611,0,2,compressed_ring_ar
1778533841.6637173,12,53,2.091638,186.94,117.303,683.351,0,2,compressed_ring_ar
1778533842.377757,12,54,2.140634,187.59,128.569,677.673,0,2,compressed_ring_ar
1778533842.9460266,12,55,2.176791,238.01,124.309,533.241,0,2,compressed_ring_ar
1778533843.494741,12,56,2.047133,249.94,122.417,507.842,0,2,compressed_ring_ar
1778533844.1239412,12,57,2.055917,215.6,127.796,589.164,0,2,compressed_ring_ar
1778533844.6899977,12,58,2.081995,239.69,121.683,529.311,0,2,compressed_ring_ar
1778533845.2988527,12,59,2.215981,221.91,123.94,572.394,0,2,compressed_ring_ar
1778533845.8987327,12,60,2.269726,225.58,130.899,562.625,0,2,compressed_ring_ar
1778533846.4795117,12,61,2.201921,232.26,125.116,546.615,0,2,compressed_ring_ar
1778533847.0845342,12,62,2.312107,225.66,104.999,565.817,0,2,compressed_ring_ar
1778533847.8570263,12,63,2.225809,173.04,141.886,735.132,0,2,compressed_ring_ar
1778533848.5216856,12,64,2.140981,205.57,141.499,621.352,0,2,compressed_ring_ar
1778533849.199051,12,65,2.207403,201.59,111.892,633.567,0,2,compressed_ring_ar
1778533849.9374542,12,66,2.255253,181.94,129.026,698.734,0,2,compressed_ring_ar
1778533850.493632,12,67,2.186065,244.58,120.586,518.806,0,2,compressed_ring_ar
1778533851.1311173,12,68,2.071959,212.37,140.309,598.409,0,2,compressed_ring_ar
1778533851.6935267,12,69,2.072341,241.81,125.012,524.75,0,2,compressed_ring_ar
1778533852.2741416,12,70,2.019441,234.85,136.84,540.274,0,2,compressed_ring_ar
1778533852.820506,12,71,2.086607,248.05,117.266,511.539,0,2,compressed_ring_ar
1778533853.3932912,12,72,2.125052,236.38,129.255,537.573,0,2,compressed_ring_ar
1778533853.950956,12,73,2.152012,244.63,108.5,520.19,0,2,compressed_ring_ar
1778533854.621117,12,74,2.238853,200.11,96.734,638.204,0,2,compressed_ring_ar
1778533855.3012087,12,75,2.277068,198.06,123.502,641.917,0,2,compressed_ring_ar
1778533855.89299,12,76,2.164601,228.51,132.274,558.814,0,2,compressed_ring_ar
1778533856.531087,12,77,2.150739,212.97,138.079,596.284,0,2,compressed_ring_ar
1778533857.1101987,12,78,2.368375,240.52,123.427,527.572,0,2,compressed_ring_ar
1778533857.6726487,12,79,2.030292,240.88,128.769,526.997,0,2,compressed_ring_ar
1778533858.2319264,12,80,2.255418,242.85,121.772,522.393,0,2,compressed_ring_ar
1778533858.8193717,12,81,2.359211,230.54,122.182,550.718,0,2,compressed_ring_ar
1778533859.5504467,12,82,2.229078,183.91,162.547,691.467,0,2,compressed_ring_ar
1778533860.2073703,12,83,2.07369,212.3,130.302,598.199,0,2,compressed_ring_ar
1778533860.7730076,12,84,2.293318,240.51,128.939,527.827,0,2,compressed_ring_ar
1778533861.354277,12,85,2.136754,233.08,122.329,544.238,0,2,compressed_ring_ar
1778533861.9304376,12,86,1.990852,236.88,134.595,535.908,0,2,compressed_ring_ar
1778533862.4764516,12,87,2.157956,248.62,117.705,509.934,0,2,compressed_ring_ar
1778533863.0636177,12,88,2.150545,232.85,132.975,545.039,0,2,compressed_ring_ar
1778533863.655798,12,89,2.175637,229.17,126.05,554.001,0,2,compressed_ring_ar
1778533864.2315266,12,90,2.205779,236.42,115.956,536.709,0,2,compressed_ring_ar
1778533864.7880073,12,91,2.17073,243.36,118.164,521.191,0,2,compressed_ring_ar
1778533865.3449512,12,92,2.065928,245.2,121.496,517.187,0,2,compressed_ring_ar
1778533865.9338014,12,93,2.240308,235.63,123.27,538.605,0,2,compressed_ring_ar
1778533866.4839494,12,94,1.91169,247.39,105.032,516.014,0,2,compressed_ring_ar
1778533867.1367984,12,95,2.289031,207.54,139.846,612.414,0,2,compressed_ring_ar
1778533867.7176886,12,96,2.162858,235.77,129.881,538.347,0,2,compressed_ring_ar
1778533868.2142947,12,97,2.125162,274.49,84.383,464.996,0,2,compressed_ring_ar
1778533868.8535903,12,98,2.241236,211.89,90.003,601.857,0,2,compressed_ring_ar
1778533869.5677378,12,99,2.135715,187.93,130.272,676.279,0,2,compressed_ring_ar
1778533870.1427286,12,100,2.34462,236.56,128.288,536.737,0,2,compressed_ring_ar
1778533870.7054765,12,101,2.034003,243.31,127.941,521.587,0,2,compressed_ring_ar
1778533871.286092,12,102,1.950403,234.13,123.732,541.95,0,2,compressed_ring_ar
1778533871.8647802,12,103,2.100475,233.33,126.985,544.091,0,2,compressed_ring_ar
1778533872.4108536,12,104,2.316347,253.65,94.635,501.564,0,2,compressed_ring_ar
1778533873.1198337,12,105,2.042784,188.82,126.601,673.525,0,2,compressed_ring_ar
1778533873.7046924,12,106,2.253977,231.92,118.14,547.28,0,2,compressed_ring_ar
1778533874.2742639,12,107,2.21892,237.58,128.561,534.301,0,2,compressed_ring_ar
1778533874.817899,12,108,2.099281,250.02,130.258,507.031,0,2,compressed_ring_ar
1778533875.5585945,12,109,2.059094,181.05,155.869,702.045,0,2,compressed_ring_ar
1778533876.0916243,12,110,2.186056,256.16,80.588,498.328,0,2,compressed_ring_ar
1778533876.78432,12,111,2.08752,193.68,90.537,659.49,0,2,compressed_ring_ar
1778533877.4885366,12,112,2.106656,190.05,126.618,668.784,0,2,compressed_ring_ar
1778533878.0994444,12,113,2.147742,221.43,128.156,573.518,0,2,compressed_ring_ar
1778533878.605606,12,114,2.189235,271.47,88.934,470.1,0,2,compressed_ring_ar
1778533879.218221,12,115,2.141965,223.45,86.189,569.812,0,2,compressed_ring_ar
1778533879.9238393,12,116,1.966691,190.0,110.832,672.376,0,2,compressed_ring_ar
1778533880.5714376,12,117,2.142171,208.51,119.307,611.763,0,2,compressed_ring_ar
1778533881.2915728,12,118,2.034717,187.24,125.779,679.35,0,2,compressed_ring_ar
1778533881.9107218,12,119,2.170447,221.15,112.602,577.465,0,2,compressed_ring_ar
1778533882.6250105,12,120,2.218336,187.24,118.284,679.083,0,2,compressed_ring_ar
1778533883.1997917,12,121,2.00974,236.24,119.916,537.146,0,2,compressed_ring_ar
1778533883.8137672,12,122,2.028991,219.88,127.544,577.582,0,2,compressed_ring_ar
1778533884.3783724,12,123,2.138038,240.19,125.909,528.508,0,2,compressed_ring_ar
1778533884.9822958,12,124,2.367243,224.0,132.327,566.922,0,2,compressed_ring_ar
1778533885.5590956,12,125,2.347106,235.08,120.553,540.021,0,2,compressed_ring_ar
1778533886.1348498,12,126,1.939433,238.87,90.672,534.693,0,2,compressed_ring_ar
1778533886.9337015,12,127,2.132467,168.42,133.31,758.667,0,2,compressed_ring_ar
1778533887.6733747,12,128,2.254626,186.62,142.228,681.233,0,2,compressed_ring_ar
1778533888.2078013,12,129,1.936074,259.92,95.656,489.461,0,2,compressed_ring_ar
1778533888.939786,12,130,2.130012,183.96,134.5,690.766,0,2,compressed_ring_ar
1778533889.520022,12,131,2.063229,236.67,92.684,538.221,0,2,compressed_ring_ar
1778533890.3959644,12,132,2.227575,156.99,104.179,814.499,0,2,compressed_ring_ar
1778533891.017469,12,133,2.038773,223.77,178.466,569.791,0,2,compressed_ring_ar
1778533891.7059026,12,134,2.262753,194.95,113.191,655.49,0,2,compressed_ring_ar
1778533892.3579013,12,135,2.156831,209.07,83.961,610.03,0,2,compressed_ring_ar
1778533893.0225613,12,136,2.065004,203.13,94.659,628.746,0,2,compressed_ring_ar
1778533893.7831519,12,137,2.226698,175.58,126.526,723.827,0,2,compressed_ring_ar
1778533894.3073788,12,138,2.093888,265.37,82.999,481.088,0,2,compressed_ring_ar
1778533894.9852967,12,139,2.113885,200.06,121.399,635.097,0,2,compressed_ring_ar
1778533895.5792246,12,140,2.095802,227.46,122.111,558.256,0,2,compressed_ring_ar
1778533896.1350086,12,141,2.165298,249.06,117.463,509.472,0,2,compressed_ring_ar
1778533896.7510474,12,142,2.307231,219.07,127.19,579.352,0,2,compressed_ring_ar
1778533897.3264859,12,143,2.027232,236.44,132.298,536.806,0,2,compressed_ring_ar
1778533897.9037175,12,144,1.985651,234.55,131.022,541.485,0,2,compressed_ring_ar
1778533898.4873981,12,145,1.980121,233.74,128.607,542.953,0,2,compressed_ring_ar
1778533899.0922437,12,146,2.018143,223.85,138.305,567.581,0,2,compressed_ring_ar
1778533899.6782997,12,147,2.102718,249.69,111.702,511.283,0,2,compressed_ring_ar
1778533900.3605475,12,148,2.300366,196.89,140.149,645.595,0,2,compressed_ring_ar
1778533900.9197907,12,149,2.06204,243.29,122.109,521.45,0,2,compressed_ring_ar
1778533901.5154917,12,150,2.078821,226.49,117.602,564.032,0,2,compressed_ring_ar
1778533902.2184331,12,151,2.012967,198.05,83.003,644.917,0,2,compressed_ring_ar
1778533902.9258797,12,152,2.258478,190.12,125.827,668.623,0,2,compressed_ring_ar
1778533903.5105894,12,153,2.372398,231.96,129.572,547.212,0,2,compressed_ring_ar
1778533904.0911155,12,154,2.352486,232.84,128.62,545.923,0,2,compressed_ring_ar
1778533904.649979,12,155,2.161088,242.24,118.351,523.745,0,2,compressed_ring_ar
1778533905.274218,12,156,2.04458,216.38,121.399,586.616,0,2,compressed_ring_ar
1778533905.857045,12,157,2.181287,233.98,124.506,542.408,0,2,compressed_ring_ar
1778533906.5624392,12,158,1.931537,196.81,152.847,645.926,0,2,compressed_ring_ar
1778533907.1905792,12,159,2.225302,215.57,122.804,588.883,0,2,compressed_ring_ar
1778533907.742063,12,160,2.104468,246.02,122.782,515.797,0,2,compressed_ring_ar
1778533908.32764,12,161,2.23097,231.54,128.826,548.232,0,2,compressed_ring_ar
1778533908.9111109,12,162,2.090294,232.08,122.387,546.849,0,2,compressed_ring_ar
1778533909.4977403,12,163,2.081438,230.51,128.63,550.367,0,2,compressed_ring_ar
1778533910.0525372,12,164,2.247281,244.38,136.854,519.337,0,2,compressed_ring_ar
1778533910.6259625,12,165,2.131521,236.62,129.784,536.562,0,2,compressed_ring_ar
1778533911.2320423,12,166,2.208091,222.96,129.351,569.314,0,2,compressed_ring_ar
1778533911.7888317,12,167,2.204661,249.49,121.203,508.34,0,2,compressed_ring_ar
1778533912.4045384,12,168,2.187168,221.72,111.117,575.904,0,2,compressed_ring_ar
1778533913.1330364,12,169,2.080305,183.54,131.945,693.63,0,2,compressed_ring_ar
1778533913.7301428,12,170,2.491858,229.79,133.002,552.339,0,2,compressed_ring_ar
1778533914.311208,12,171,2.291392,233.29,130.861,544.212,0,2,compressed_ring_ar
1778533914.8838634,12,172,2.150878,236.53,115.569,536.695,0,2,compressed_ring_ar
1778533915.4701018,12,173,2.155079,232.65,128.394,545.909,0,2,compressed_ring_ar
1778533916.0276344,12,174,2.371497,243.01,127.185,521.861,0,2,compressed_ring_ar
1778533916.6146152,12,175,2.149618,235.2,136.853,539.528,0,2,compressed_ring_ar
1778533917.1629868,12,176,2.241382,247.41,121.684,512.849,0,2,compressed_ring_ar
1778533917.703736,12,177,2.194523,251.94,81.593,506.542,0,2,compressed_ring_ar
1778533918.448741,12,178,2.091719,179.68,129.061,707.88,0,2,compressed_ring_ar
1778533919.0328553,12,179,2.126875,232.06,124.743,547.438,0,2,compressed_ring_ar
1778533919.6026871,12,180,1.989596,237.85,102.261,536.847,0,2,compressed_ring_ar
1778533920.2868693,12,181,1.992279,196.54,120.867,646.266,0,2,compressed_ring_ar
1778533920.8148642,12,182,2.032295,264.62,120.17,482.424,0,2,compressed_ring_ar
1778533921.490631,12,183,2.051656,199.98,122.995,635.536,0,2,compressed_ring_ar
1778533922.0642483,12,184,2.092594,236.24,126.945,537.16,0,2,compressed_ring_ar
1778533922.6171503,12,185,2.130183,248.02,120.257,511.709,0,2,compressed_ring_ar
1778533923.1907108,12,186,2.215027,238.3,127.972,532.462,0,2,compressed_ring_ar
1778533923.8328722,12,187,2.154335,210.86,149.314,602.424,0,2,compressed_ring_ar
1778533924.3392391,12,188,2.07882,274.67,77.663,463.626,0,2,compressed_ring_ar
1778533924.970858,12,189,2.283966,215.74,90.313,592.114,0,2,compressed_ring_ar
1778533925.6095424,12,190,2.102116,217.99,152.575,584.331,0,2,compressed_ring_ar
1778533926.258062,12,191,2.223803,207.58,146.767,612.061,0,2,compressed_ring_ar
1778533926.8464603,12,192,1.978655,229.59,127.134,553.219,0,2,compressed_ring_ar
1778533927.4014742,12,193,2.251243,245.32,118.574,517.074,0,2,compressed_ring_ar
1778533927.9739535,12,194,2.130276,236.1,124.281,540.747,0,2,compressed_ring_ar
1778533928.492203,12,195,2.134974,79.51,121.206,498.546,0,2,compressed_ring_ar
1778533934.934104,13,0,2.019186,190.52,108.322,670.423,0,2,compressed_ring_ar
1778533935.520717,13,1,2.058618,233.93,78.24,544.194,0,2,compressed_ring_ar
1778533936.1728947,13,2,2.142951,206.57,79.131,615.121,0,2,compressed_ring_ar
1778533936.8710008,13,3,1.985315,191.2,126.632,668.056,0,2,compressed_ring_ar
1778533937.542399,13,4,2.042448,200.64,135.073,633.143,0,2,compressed_ring_ar
1778533938.128007,13,5,2.088833,231.53,99.536,551.773,0,2,compressed_ring_ar
1778533938.8448687,13,6,2.112854,193.76,77.805,659.331,0,2,compressed_ring_ar
1778533939.5061932,13,7,2.086479,203.57,87.884,627.572,0,2,compressed_ring_ar
1778533940.0757713,13,8,2.05209,242.38,142.235,526.774,0,2,compressed_ring_ar
1778533940.7748444,13,9,2.131471,192.34,132.2,660.625,0,2,compressed_ring_ar
1778533941.3378282,13,10,2.205419,240.86,111.255,529.993,0,2,compressed_ring_ar
1778533942.0554695,13,11,2.178336,187.54,134.324,677.766,0,2,compressed_ring_ar
1778533942.6162717,13,12,2.108568,242.67,129.873,522.756,0,2,compressed_ring_ar
1778533943.1888897,13,13,2.106081,237.18,127.468,534.935,0,2,compressed_ring_ar
1778533943.6920881,13,14,2.110073,274.83,84.163,464.333,0,2,compressed_ring_ar
1778533944.3346932,13,15,2.357059,209.49,82.982,609.639,0,2,compressed_ring_ar
1778533945.0907915,13,16,1.974984,179.8,132.449,710.701,0,2,compressed_ring_ar
1778533945.7817566,13,17,1.99211,198.14,122.838,641.764,0,2,compressed_ring_ar
1778533946.3491442,13,18,2.135087,239.0,136.872,530.806,0,2,compressed_ring_ar
1778533946.96132,13,19,2.190368,221.35,124.185,573.682,0,2,compressed_ring_ar
1778533947.5362813,13,20,2.092643,235.03,137.152,539.677,0,2,compressed_ring_ar
1778533948.1439288,13,21,2.015496,222.98,128.842,569.33,0,2,compressed_ring_ar
1778533948.7120657,13,22,2.134511,243.17,128.535,521.848,0,2,compressed_ring_ar
1778533949.2756157,13,23,2.27751,240.46,123.736,529.4,0,2,compressed_ring_ar
1778533949.8196971,13,24,2.19916,252.31,82.121,505.858,0,2,compressed_ring_ar
1778533950.5581603,13,25,2.303315,186.6,118.904,681.374,0,2,compressed_ring_ar
1778533951.1451268,13,26,2.035546,230.15,128.88,551.661,0,2,compressed_ring_ar
1778533951.7577705,13,27,2.150166,223.62,124.759,567.409,0,2,compressed_ring_ar
1778533952.3083122,13,28,2.016081,246.32,129.064,514.93,0,2,compressed_ring_ar
1778533952.8662388,13,29,2.10596,243.58,114.717,520.803,0,2,compressed_ring_ar
1778533953.4859724,13,30,2.037927,217.92,138.196,582.634,0,2,compressed_ring_ar
1778533954.055999,13,31,2.171168,237.61,124.252,534.698,0,2,compressed_ring_ar
1778533954.6298933,13,32,2.061282,236.31,123.37,537.219,0,2,compressed_ring_ar
1778533955.19327,13,33,2.123123,240.97,116.317,526.469,0,2,compressed_ring_ar
1778533955.8240638,13,34,2.242441,214.06,144.628,593.493,0,2,compressed_ring_ar
1778533956.4272807,13,35,2.059374,225.15,121.164,564.094,0,2,compressed_ring_ar
1778533957.0131001,13,36,2.073157,233.65,111.322,545.671,0,2,compressed_ring_ar
1778533957.717952,13,37,2.158829,190.13,126.064,668.569,0,2,compressed_ring_ar
1778533958.281723,13,38,2.062597,240.29,121.229,528.257,0,2,compressed_ring_ar
1778533958.8525596,13,39,2.031367,237.11,134.9,535.046,0,2,compressed_ring_ar
1778533959.4074728,13,40,2.166676,247.55,118.102,512.361,0,2,compressed_ring_ar
1778533959.9959924,13,41,2.409255,230.22,128.884,551.327,0,2,compressed_ring_ar
1778533960.5067627,13,42,2.207679,273.87,82.939,465.993,0,2,compressed_ring_ar
1778533961.1428695,13,43,2.159057,211.45,82.763,603.985,0,2,compressed_ring_ar
1778533961.8376946,13,44,2.068392,193.07,127.652,658.307,0,2,compressed_ring_ar
1778533962.4119494,13,45,2.162847,235.96,133.075,538.696,0,2,compressed_ring_ar
1778533962.9655955,13,46,2.434232,245.25,112.892,517.294,0,2,compressed_ring_ar
1778533963.5405445,13,47,2.215964,235.5,109.519,542.148,0,2,compressed_ring_ar
1778533964.2447658,13,48,2.252096,190.35,129.39,667.889,0,2,compressed_ring_ar
1778533964.801451,13,49,2.274984,245.17,120.797,517.574,0,2,compressed_ring_ar
1778533965.3853874,13,50,2.068807,232.74,103.032,548.571,0,2,compressed_ring_ar
1778533966.1043446,13,51,2.217829,186.58,113.383,685.042,0,2,compressed_ring_ar
1778533966.7463138,13,52,2.197892,224.24,143.921,566.331,0,2,compressed_ring_ar
1778533967.3191652,13,53,2.180748,237.57,126.575,534.026,0,2,compressed_ring_ar
1778533967.8980033,13,54,2.203295,238.62,134.256,531.692,0,2,compressed_ring_ar
1778533968.4719713,13,55,2.439958,235.67,107.006,541.469,0,2,compressed_ring_ar
1778533969.1023488,13,56,2.33266,216.12,80.642,590.895,0,2,compressed_ring_ar
1778533969.8011613,13,57,2.093824,191.81,120.1,665.687,0,2,compressed_ring_ar
1778533970.573813,13,58,2.08466,173.67,93.774,735.634,0,2,compressed_ring_ar
1778533971.177207,13,59,2.182084,225.11,78.616,567.364,0,2,compressed_ring_ar
1778533971.8757117,13,60,2.110544,191.79,132.625,662.51,0,2,compressed_ring_ar
1778533972.4269414,13,61,2.104876,251.02,126.089,507.016,0,2,compressed_ring_ar
1778533973.015108,13,62,1.980842,233.95,108.275,545.846,0,2,compressed_ring_ar
1778533973.6213977,13,63,2.280598,223.35,108.268,571.677,0,2,compressed_ring_ar
1778533974.2320182,13,64,2.217591,221.19,82.529,577.277,0,2,compressed_ring_ar
1778533974.8663628,13,65,2.120645,212.96,89.124,599.579,0,2,compressed_ring_ar
1778533975.528853,13,66,2.227526,204.29,136.045,622.038,0,2,compressed_ring_ar
1778533976.1084924,13,67,2.087576,234.44,138.151,541.272,0,2,compressed_ring_ar
1778533976.6757364,13,68,2.112159,238.63,141.457,531.724,0,2,compressed_ring_ar
1778533977.2797122,13,69,2.011921,223.92,133.15,566.877,0,2,compressed_ring_ar
1778533977.801693,13,70,2.274524,262.02,78.131,487.257,0,2,compressed_ring_ar
1778533978.4324791,13,71,2.194402,215.43,78.816,591.183,0,2,compressed_ring_ar
1778533979.0909412,13,72,2.171773,205.07,94.102,622.814,0,2,compressed_ring_ar
1778533979.727444,13,73,2.249174,211.36,86.147,604.135,0,2,compressed_ring_ar
1778533980.3747442,13,74,2.248749,207.66,84.148,615.092,0,2,compressed_ring_ar
1778533981.0598094,13,75,2.308035,196.93,122.034,645.622,0,2,compressed_ring_ar
1778533981.657807,13,76,2.135729,225.97,124.399,561.449,0,2,compressed_ring_ar
1778533982.2107759,13,77,2.070485,245.15,124.651,517.484,0,2,compressed_ring_ar
1778533982.7731662,13,78,2.048111,245.53,103.156,516.935,0,2,compressed_ring_ar
1778533983.4918008,13,79,2.182042,186.37,125.089,685.379,0,2,compressed_ring_ar
1778533984.1799724,13,80,2.129392,195.44,121.043,650.179,0,2,compressed_ring_ar
1778533984.7892296,13,81,1.92335,221.7,128.476,572.641,0,2,compressed_ring_ar
1778533985.3599887,13,82,2.124113,240.97,123.783,526.446,0,2,compressed_ring_ar
1778533985.8896568,13,83,2.075645,257.27,83.544,495.518,0,2,compressed_ring_ar
1778533986.6249278,13,84,2.428102,183.85,132.726,691.279,0,2,compressed_ring_ar
1778533987.1274962,13,85,2.087675,273.24,79.725,467.085,0,2,compressed_ring_ar
1778533987.8279712,13,86,2.110274,192.22,170.193,661.183,0,2,compressed_ring_ar
1778533988.4353964,13,87,2.122691,223.2,129.205,568.906,0,2,compressed_ring_ar
1778533989.0265884,13,88,2.391068,230.3,118.559,551.851,0,2,compressed_ring_ar
1778533989.626533,13,89,2.084941,225.49,130.378,562.87,0,2,compressed_ring_ar
1778533990.1801834,13,90,2.03685,245.16,135.294,517.664,0,2,compressed_ring_ar
1778533990.7701979,13,91,2.114023,228.97,133.829,554.423,0,2,compressed_ring_ar
1778533991.3373077,13,92,2.003034,238.82,118.929,531.307,0,2,compressed_ring_ar
1778533991.9066784,13,93,2.09147,241.25,132.999,525.958,0,2,compressed_ring_ar
1778533992.4959674,13,94,2.05724,229.38,120.19,553.597,0,2,compressed_ring_ar
1778533993.0347533,13,95,2.057644,254.66,86.359,501.397,0,2,compressed_ring_ar
1778533993.7387986,13,96,2.10552,191.51,126.763,663.671,0,2,compressed_ring_ar
1778533994.3158047,13,97,1.992817,234.91,136.278,540.161,0,2,compressed_ring_ar
1778533994.9354682,13,98,2.407198,218.39,131.457,581.615,0,2,compressed_ring_ar
1778533995.568355,13,99,2.050565,219.88,141.549,577.588,0,2,compressed_ring_ar
1778533996.228307,13,100,2.312965,204.41,116.252,625.026,0,2,compressed_ring_ar
1778533996.947675,13,101,2.056594,189.5,119.024,674.035,0,2,compressed_ring_ar
1778533997.695027,13,102,2.092375,179.44,144.073,708.451,0,2,compressed_ring_ar
1778533998.3122582,13,103,2.173479,223.35,138.899,569.491,0,2,compressed_ring_ar
1778533998.9344492,13,104,2.156146,219.02,130.584,579.821,0,2,compressed_ring_ar
1778533999.5451784,13,105,1.897829,226.59,125.964,560.337,0,2,compressed_ring_ar
1778534000.165169,13,106,2.137365,221.85,120.153,572.5,0,2,compressed_ring_ar
1778534000.718796,13,107,2.016058,246.5,107.76,517.029,0,2,compressed_ring_ar
1778534001.442256,13,108,2.042546,185.04,119.959,689.518,0,2,compressed_ring_ar
1778534002.137662,13,109,2.202199,193.3,136.731,657.746,0,2,compressed_ring_ar
1778534002.7268913,13,110,2.126075,230.2,127.031,551.583,0,2,compressed_ring_ar
1778534003.3071816,13,111,2.13811,233.3,128.602,544.189,0,2,compressed_ring_ar
1778534003.9174156,13,112,2.039097,221.74,113.579,575.836,0,2,compressed_ring_ar
1778534004.6070924,13,113,1.995581,195.11,128.985,651.349,0,2,compressed_ring_ar
1778534005.195082,13,114,2.133031,230.8,123.435,550.844,0,2,compressed_ring_ar
1778534005.757839,13,115,2.262597,241.6,130.249,525.275,0,2,compressed_ring_ar
1778534006.3102772,13,116,2.128685,245.97,130.298,515.817,0,2,compressed_ring_ar
1778534006.8955529,13,117,2.188196,232.75,100.361,548.591,0,2,compressed_ring_ar
1778534007.5352247,13,118,2.156019,211.39,128.784,600.926,0,2,compressed_ring_ar
1778534008.113417,13,119,2.236009,235.09,120.204,539.6,0,2,compressed_ring_ar
1778534008.710223,13,120,2.006628,227.19,137.849,559.692,0,2,compressed_ring_ar
1778534009.305502,13,121,2.24501,228.05,139.156,556.739,0,2,compressed_ring_ar
1778534009.9204423,13,122,2.206862,224.25,126.972,565.863,0,2,compressed_ring_ar
1778534010.4593804,13,123,2.127263,251.86,115.761,503.353,0,2,compressed_ring_ar
1778534011.0336692,13,124,2.208102,235.81,125.699,538.453,0,2,compressed_ring_ar
1778534011.582417,13,125,2.275694,247.34,122.986,513.29,0,2,compressed_ring_ar
1778534012.1576462,13,126,2.085834,245.94,128.855,515.98,0,2,compressed_ring_ar
1778534012.7489135,13,127,2.204225,236.06,132.568,537.653,0,2,compressed_ring_ar
1778534013.3107345,13,128,2.058638,241.15,130.267,526.141,0,2,compressed_ring_ar
1778534013.820931,13,129,2.126783,267.2,82.59,477.646,0,2,compressed_ring_ar
1778534014.554846,13,130,2.115623,182.32,135.282,697.766,0,2,compressed_ring_ar
1778534015.119217,13,131,2.207221,247.18,110.548,516.481,0,2,compressed_ring_ar
1778534015.918844,13,132,2.101125,167.81,152.925,761.482,0,2,compressed_ring_ar
1778534016.8149943,13,133,2.181423,152.13,143.754,836.849,0,2,compressed_ring_ar
1778534017.3809717,13,134,2.081129,239.22,122.426,530.56,0,2,compressed_ring_ar
1778534017.967653,13,135,2.135158,230.43,123.407,550.969,0,2,compressed_ring_ar
1778534018.5146544,13,136,1.935504,250.35,102.499,510.003,0,2,compressed_ring_ar
1778534019.2128198,13,137,2.16679,193.16,133.245,658.144,0,2,compressed_ring_ar
1778534019.7960825,13,138,2.07896,233.88,126.135,542.68,0,2,compressed_ring_ar
1778534020.3465798,13,139,2.178424,247.71,82.346,515.383,0,2,compressed_ring_ar
1778534020.9814208,13,140,2.25504,213.28,95.896,598.084,0,2,compressed_ring_ar
1778534021.5849001,13,141,2.198423,224.6,102.538,566.932,0,2,compressed_ring_ar
1778534022.2798185,13,142,1.87035,192.77,130.925,659.654,0,2,compressed_ring_ar
1778534022.8794188,13,143,2.047694,225.64,129.529,562.772,0,2,compressed_ring_ar
1778534023.4619896,13,144,1.927887,231.94,126.884,550.491,0,2,compressed_ring_ar
1778534024.086372,13,145,2.177171,216.94,126.798,585.467,0,2,compressed_ring_ar
1778534024.6749969,13,146,1.957247,229.64,129.434,552.701,0,2,compressed_ring_ar
1778534025.2463539,13,147,2.273302,237.71,126.753,533.967,0,2,compressed_ring_ar
1778534025.8513753,13,148,2.091559,223.51,104.569,571.331,0,2,compressed_ring_ar
1778534026.5083025,13,149,2.099837,205.17,133.804,619.244,0,2,compressed_ring_ar
1778534027.0179892,13,150,2.274295,273.69,80.55,466.393,0,2,compressed_ring_ar
1778534027.7319539,13,151,2.055569,188.77,123.812,673.75,0,2,compressed_ring_ar
1778534028.3147264,13,152,2.201008,244.58,121.621,518.676,0,2,compressed_ring_ar
1778534028.89352,13,153,2.181545,237.04,126.918,535.379,0,2,compressed_ring_ar
1778534029.4533215,13,154,2.266789,242.02,129.447,523.936,0,2,compressed_ring_ar
1778534030.009047,13,155,2.140921,243.99,128.901,520.095,0,2,compressed_ring_ar
1778534030.5419378,13,156,2.14838,255.56,122.789,496.143,0,2,compressed_ring_ar
1778534031.1611943,13,157,2.070406,220.38,134.009,576.086,0,2,compressed_ring_ar
1778534031.6677544,13,158,2.215088,270.78,79.943,471.305,0,2,compressed_ring_ar
1778534032.397189,13,159,2.122316,184.44,125.886,692.583,0,2,compressed_ring_ar
1778534033.1183336,13,160,2.045733,186.36,124.153,683.065,0,2,compressed_ring_ar
1778534033.678756,13,161,1.927357,241.88,124.869,524.737,0,2,compressed_ring_ar
1778534034.2576592,13,162,2.095203,233.94,125.171,542.432,0,2,compressed_ring_ar
1778534034.8467824,13,163,2.16324,229.88,121.924,552.112,0,2,compressed_ring_ar
1778534035.4144676,13,164,2.117939,239.31,99.477,533.476,0,2,compressed_ring_ar
1778534036.0892258,13,165,2.272544,199.58,132.197,636.382,0,2,compressed_ring_ar
1778534036.665563,13,166,2.118787,235.47,123.284,538.738,0,2,compressed_ring_ar
1778534037.174865,13,167,2.205685,268.42,69.866,475.526,0,2,compressed_ring_ar
1778534037.7562854,13,168,2.099524,237.18,168.011,538.671,0,2,compressed_ring_ar
1778534038.317076,13,169,2.360292,248.08,127.05,514.942,0,2,compressed_ring_ar
1778534038.9125311,13,170,2.09339,234.44,123.871,544.642,0,2,compressed_ring_ar
1778534039.5894876,13,171,2.109622,198.48,134.258,640.416,0,2,compressed_ring_ar
1778534040.1392608,13,172,2.055915,247.18,78.565,516.503,0,2,compressed_ring_ar
1778534040.8306627,13,173,2.257718,193.82,120.266,655.911,0,2,compressed_ring_ar
1778534041.3975728,13,174,2.214114,242.35,119.248,523.532,0,2,compressed_ring_ar
1778534042.0090292,13,175,2.373609,223.75,133.531,567.181,0,2,compressed_ring_ar
1778534042.553133,13,176,2.284127,249.38,109.051,511.896,0,2,compressed_ring_ar
1778534043.224296,13,177,2.13764,200.35,134.28,634.214,0,2,compressed_ring_ar
1778534043.7882447,13,178,2.144673,243.44,125.406,520.987,0,2,compressed_ring_ar
1778534044.3275025,13,179,2.222656,252.24,119.067,503.624,0,2,compressed_ring_ar
1778534044.8694773,13,180,2.175629,251.91,116.599,506.739,0,2,compressed_ring_ar
1778534045.450473,13,181,2.146591,236.33,122.307,536.673,0,2,compressed_ring_ar
1778534046.0554864,13,182,2.141398,232.43,136.837,546.085,0,2,compressed_ring_ar
1778534046.6400313,13,183,1.873863,231.25,116.423,552.116,0,2,compressed_ring_ar
1778534047.3725457,13,184,2.109009,186.18,122.936,682.685,0,2,compressed_ring_ar
1778534047.9511855,13,185,2.081124,233.67,127.6,543.259,0,2,compressed_ring_ar
1778534048.4931695,13,186,2.032177,250.84,120.926,508.937,0,2,compressed_ring_ar
1778534049.1326034,13,187,2.142304,210.67,129.852,603.103,0,2,compressed_ring_ar
1778534049.7323458,13,188,2.13105,225.41,121.334,563.124,0,2,compressed_ring_ar
1778534050.2409186,13,189,2.297942,271.28,78.129,469.252,0,2,compressed_ring_ar
1778534050.9182143,13,190,2.184743,198.97,132.772,638.765,0,2,compressed_ring_ar
1778534051.476969,13,191,2.021058,244.61,103.353,521.837,0,2,compressed_ring_ar
1778534052.104829,13,192,2.107465,215.01,80.206,593.969,0,2,compressed_ring_ar
1778534052.8167467,13,193,2.090882,190.82,135.081,666.107,0,2,compressed_ring_ar
1778534053.3467739,13,194,1.891098,256.94,84.819,496.782,0,2,compressed_ring_ar
1778534053.868605,13,195,1.895248,78.35,85.638,506.982,0,2,compressed_ring_ar
1778534060.2812312,14,0,2.268004,206.53,94.659,618.605,0,2,compressed_ring_ar
1778534060.9204705,14,1,2.142323,215.57,186.622,589.261,0,2,compressed_ring_ar
1778534061.5202045,14,2,2.136631,225.51,133.862,562.924,0,2,compressed_ring_ar
1778534062.0746598,14,3,2.222948,244.73,111.754,521.665,0,2,compressed_ring_ar
1778534062.7314858,14,4,2.145714,205.25,137.829,619.827,0,2,compressed_ring_ar
1778534063.3842673,14,5,2.094639,207.46,135.804,612.242,0,2,compressed_ring_ar
1778534063.9966824,14,6,2.13963,221.47,127.521,573.114,0,2,compressed_ring_ar
1778534064.5739236,14,7,2.241826,250.65,122.496,505.964,0,2,compressed_ring_ar
1778534065.1711671,14,8,2.155012,226.37,130.295,560.745,0,2,compressed_ring_ar
1778534065.7314742,14,9,2.028987,243.63,103.66,522.968,0,2,compressed_ring_ar
1778534066.461574,14,10,2.046737,183.74,114.101,695.37,0,2,compressed_ring_ar
1778534067.1107235,14,11,2.26873,208.25,102.64,613.626,0,2,compressed_ring_ar
1778534067.7911055,14,12,1.895177,197.6,115.516,646.453,0,2,compressed_ring_ar
1778534068.4719539,14,13,2.254115,197.78,137.158,642.596,0,2,compressed_ring_ar
1778534069.0850718,14,14,2.170182,220.35,118.003,576.423,0,2,compressed_ring_ar
1778534069.598812,14,15,2.071334,266.16,84.188,479.536,0,2,compressed_ring_ar
1778534070.2540507,14,16,2.311683,205.48,90.849,621.558,0,2,compressed_ring_ar
1778534070.9293232,14,17,2.024349,199.24,133.95,638.116,0,2,compressed_ring_ar
1778534071.4654455,14,18,2.207524,254.73,81.546,501.151,0,2,compressed_ring_ar
1778534072.162081,14,19,2.129409,194.16,128.332,658.07,0,2,compressed_ring_ar
1778534072.7301056,14,20,2.095129,247.05,114.516,513.496,0,2,compressed_ring_ar
1778534073.3601117,14,21,2.012714,214.35,123.556,592.711,0,2,compressed_ring_ar
1778534073.9523761,14,22,2.17432,228.59,138.424,555.345,0,2,compressed_ring_ar
1778534074.54329,14,23,2.007109,236.08,130.322,537.296,0,2,compressed_ring_ar
1778534075.0990555,14,24,2.218507,247.61,101.097,515.569,0,2,compressed_ring_ar
1778534075.8100233,14,25,2.230829,188.92,115.568,676.246,0,2,compressed_ring_ar
1778534076.5375495,14,26,2.073127,184.12,134.419,690.602,0,2,compressed_ring_ar
1778534077.1157997,14,27,2.218454,235.57,125.074,538.771,0,2,compressed_ring_ar
1778534077.6593866,14,28,2.144164,251.17,114.939,505.094,0,2,compressed_ring_ar
1778534078.2308593,14,29,2.004018,236.58,119.42,536.841,0,2,compressed_ring_ar
1778534078.7985032,14,30,2.140074,238.78,108.184,534.829,0,2,compressed_ring_ar
1778534079.5249844,14,31,2.106637,184.47,142.246,689.133,0,2,compressed_ring_ar
1778534080.1519914,14,32,2.104258,214.77,145.591,591.924,0,2,compressed_ring_ar
1778534080.970163,14,33,2.26036,168.4,127.496,758.845,0,2,compressed_ring_ar
1778534081.7134843,14,34,2.053065,180.91,123.63,702.986,0,2,compressed_ring_ar
1778534082.3147209,14,35,1.986436,224.54,113.972,568.629,0,2,compressed_ring_ar
1778534083.037553,14,36,2.223158,185.23,125.205,686.439,0,2,compressed_ring_ar
1778534083.6652386,14,37,2.026769,218.26,127.101,585.125,0,2,compressed_ring_ar
1778534084.395097,14,38,2.171153,183.85,141.192,691.348,0,2,compressed_ring_ar
1778534085.0001209,14,39,2.072382,225.37,125.382,563.083,0,2,compressed_ring_ar
1778534085.5646744,14,40,2.06686,241.3,97.498,529.036,0,2,compressed_ring_ar
1778534086.2882612,14,41,2.064052,184.11,130.299,693.805,0,2,compressed_ring_ar
1778534087.0009108,14,42,1.980845,187.96,136.851,676.302,0,2,compressed_ring_ar
1778534087.6133828,14,43,2.137062,221.1,104.235,577.583,0,2,compressed_ring_ar
1778534088.3070955,14,44,2.302513,193.29,119.717,660.808,0,2,compressed_ring_ar
1778534088.9990072,14,45,2.032017,193.72,130.374,656.193,0,2,compressed_ring_ar
1778534089.6173332,14,46,1.903496,218.9,141.328,579.931,0,2,compressed_ring_ar
1778534090.2051847,14,47,2.181011,230.88,124.664,549.746,0,2,compressed_ring_ar
1778534090.78642,14,48,2.429291,233.67,143.484,546.493,0,2,compressed_ring_ar
1778534091.409183,14,49,2.243032,222.02,114.293,573.277,0,2,compressed_ring_ar
1778534092.127731,14,50,2.212705,186.22,119.7,682.867,0,2,compressed_ring_ar
1778534092.7163255,14,51,2.243356,230.66,128.101,550.402,0,2,compressed_ring_ar
1778534093.2970753,14,52,2.233031,233.46,132.087,543.432,0,2,compressed_ring_ar
1778534093.8277936,14,53,2.14752,257.84,122.858,491.605,0,2,compressed_ring_ar
1778534094.3457873,14,54,2.071394,265.63,90.035,480.693,0,2,compressed_ring_ar
1778534094.9269562,14,55,2.09273,237.21,157.341,538.188,0,2,compressed_ring_ar
1778534095.6689672,14,56,2.1495,180.65,143.061,707.173,0,2,compressed_ring_ar
1778534096.3692057,14,57,2.104356,192.79,118.089,659.186,0,2,compressed_ring_ar
1778534096.9777868,14,58,2.299591,222.18,123.569,571.491,0,2,compressed_ring_ar
1778534097.5351424,14,59,2.192163,243.61,107.498,521.185,0,2,compressed_ring_ar
1778534098.2392845,14,60,2.107591,190.43,127.457,667.942,0,2,compressed_ring_ar
1778534098.7513454,14,61,2.131386,267.06,82.28,477.837,0,2,compressed_ring_ar
1778534099.3913772,14,62,2.136381,216.72,106.041,590.292,0,2,compressed_ring_ar
1778534099.9863176,14,63,1.986977,231.04,152.731,552.583,0,2,compressed_ring_ar
1778534100.6793864,14,64,2.077309,195.0,123.734,651.702,0,2,compressed_ring_ar
1778534101.2705827,14,65,2.099824,229.17,125.51,553.862,0,2,compressed_ring_ar
1778534101.8224664,14,66,2.277528,246.15,99.16,515.738,0,2,compressed_ring_ar
1778534102.5621142,14,67,2.050597,181.04,160.839,702.12,0,2,compressed_ring_ar
1778534103.132881,14,68,2.167244,237.71,122.105,533.621,0,2,compressed_ring_ar
1778534103.7404244,14,69,2.126395,222.48,134.447,570.805,0,2,compressed_ring_ar
1778534104.2525804,14,70,2.215392,266.73,82.574,478.48,0,2,compressed_ring_ar
1778534104.9448578,14,71,1.902308,194.21,129.944,654.257,0,2,compressed_ring_ar
1778534105.5229537,14,72,1.98009,234.51,123.102,541.119,0,2,compressed_ring_ar
1778534106.146599,14,73,2.139025,216.18,115.241,590.89,0,2,compressed_ring_ar
1778534106.9215994,14,74,2.252847,173.35,146.393,733.947,0,2,compressed_ring_ar
1778534107.4272218,14,75,2.234557,273.22,71.336,467.766,0,2,compressed_ring_ar
1778534108.0894625,14,76,2.015058,207.69,147.896,611.726,0,2,compressed_ring_ar
1778534108.6432166,14,77,2.161147,245.59,129.59,516.808,0,2,compressed_ring_ar
1778534109.2167516,14,78,2.08502,236.1,112.478,540.702,0,2,compressed_ring_ar
1778534109.864199,14,79,2.13358,208.6,113.752,611.997,0,2,compressed_ring_ar
1778534110.5761487,14,80,2.205947,188.44,140.607,674.698,0,2,compressed_ring_ar
1778534111.1399229,14,81,1.993884,240.83,124.875,527.109,0,2,compressed_ring_ar
1778534111.7341278,14,82,2.121497,227.52,112.437,561.247,0,2,compressed_ring_ar
1778534112.4808671,14,83,2.088923,179.74,115.7,710.711,0,2,compressed_ring_ar
1778534113.1975908,14,84,2.279746,187.5,115.16,680.321,0,2,compressed_ring_ar
1778534113.8068295,14,85,2.076234,222.2,113.463,574.686,0,2,compressed_ring_ar
1778534114.4668057,14,86,2.068282,204.73,127.879,620.535,0,2,compressed_ring_ar
1778534115.030669,14,87,2.123577,241.68,129.535,524.966,0,2,compressed_ring_ar
1778534115.5891652,14,88,2.208351,244.38,122.096,521.668,0,2,compressed_ring_ar
1778534116.2077756,14,89,2.325648,218.85,133.399,580.126,0,2,compressed_ring_ar
1778534116.8315527,14,90,2.190193,216.45,154.885,586.537,0,2,compressed_ring_ar
1778534117.3974252,14,91,2.180398,240.53,125.763,527.497,0,2,compressed_ring_ar
1778534117.969323,14,92,2.119476,237.8,100.327,536.97,0,2,compressed_ring_ar
1778534118.6444206,14,93,2.069343,199.64,151.864,636.328,0,2,compressed_ring_ar
1778534119.240876,14,94,1.970634,226.82,126.18,559.581,0,2,compressed_ring_ar
1778534119.7991264,14,95,2.083288,245.16,121.073,517.759,0,2,compressed_ring_ar
1778534120.4075594,14,96,2.039503,223.63,124.559,567.523,0,2,compressed_ring_ar
1778534120.9687376,14,97,2.16089,243.43,125.58,521.808,0,2,compressed_ring_ar
1778534121.5394905,14,98,1.965931,237.95,123.657,533.345,0,2,compressed_ring_ar
1778534122.1156585,14,99,2.137358,236.48,102.049,538.14,0,2,compressed_ring_ar
1778534122.8242137,14,100,2.08782,191.94,107.762,664.353,0,2,compressed_ring_ar
1778534123.518315,14,101,2.245098,193.45,129.371,657.211,0,2,compressed_ring_ar
1778534124.0941887,14,102,1.999628,238.01,119.68,532.98,0,2,compressed_ring_ar
1778534124.6682787,14,103,1.99318,235.91,137.09,537.736,0,2,compressed_ring_ar
1778534125.2634416,14,104,1.98539,227.25,126.792,558.697,0,2,compressed_ring_ar
1778534125.8769243,14,105,2.020446,225.36,131.901,562.954,0,2,compressed_ring_ar
1778534126.4604573,14,106,2.075158,232.83,127.862,545.253,0,2,compressed_ring_ar
1778534127.0584507,14,107,2.066351,227.23,120.221,558.492,0,2,compressed_ring_ar
1778534127.680557,14,108,2.132798,216.55,124.708,586.356,0,2,compressed_ring_ar
1778534128.2737546,14,109,2.099639,230.67,120.022,550.379,0,2,compressed_ring_ar
1778534128.840448,14,110,2.215816,240.24,114.285,531.363,0,2,compressed_ring_ar
1778534129.5607831,14,111,2.13854,186.99,109.29,683.16,0,2,compressed_ring_ar
1778534130.2896547,14,112,2.051811,184.05,119.557,690.859,0,2,compressed_ring_ar
1778534130.8792434,14,113,2.150182,232.56,109.956,549.065,0,2,compressed_ring_ar
1778534131.5068462,14,114,2.194431,215.14,122.297,590.556,0,2,compressed_ring_ar
1778534132.1098974,14,115,2.320741,224.44,135.08,565.626,0,2,compressed_ring_ar
1778534132.6797533,14,116,2.070406,237.96,122.44,533.404,0,2,compressed_ring_ar
1778534133.2843308,14,117,2.127135,225.41,119.132,562.897,0,2,compressed_ring_ar
1778534133.8413587,14,118,2.097186,243.63,136.919,520.75,0,2,compressed_ring_ar
1778534134.3978946,14,119,1.988257,250.37,126.618,506.553,0,2,compressed_ring_ar
1778534134.9101737,14,120,2.172867,266.31,76.223,479.432,0,2,compressed_ring_ar
1778534135.560813,14,121,2.071227,208.34,78.45,612.908,0,2,compressed_ring_ar
1778534136.2474566,14,122,2.069803,196.51,117.287,649.217,0,2,compressed_ring_ar
1778534136.971842,14,123,2.03721,185.41,93.425,689.001,0,2,compressed_ring_ar
1778534137.6724048,14,124,2.393348,191.89,123.902,662.407,0,2,compressed_ring_ar
1778534138.2676497,14,125,2.131877,228.05,136.25,556.757,0,2,compressed_ring_ar
1778534138.8805697,14,126,2.06289,221.24,136.38,574.074,0,2,compressed_ring_ar
1778534139.451861,14,127,2.265584,236.76,131.138,536.115,0,2,compressed_ring_ar
1778534140.048956,14,128,2.007849,226.45,135.136,560.738,0,2,compressed_ring_ar
1778534140.5592413,14,129,2.003386,267.33,78.6,477.418,0,2,compressed_ring_ar
1778534141.1969442,14,130,2.12427,211.43,90.94,602.39,0,2,compressed_ring_ar
1778534141.9376345,14,131,2.214101,180.73,137.321,703.369,0,2,compressed_ring_ar
1778534142.5145204,14,132,2.161994,237.56,125.251,534.092,0,2,compressed_ring_ar
1778534143.0736387,14,133,2.258749,242.39,119.978,523.487,0,2,compressed_ring_ar
1778534143.642948,14,134,2.230587,238.88,126.727,531.069,0,2,compressed_ring_ar
1778534144.3063233,14,135,2.30313,202.75,180.404,626.711,0,2,compressed_ring_ar
1778534145.0730917,14,136,2.195709,181.67,155.391,699.875,0,2,compressed_ring_ar
1778534145.673206,14,137,2.132239,235.05,122.606,539.932,0,2,compressed_ring_ar
1778534146.259667,14,138,2.088243,230.69,130.726,550.216,0,2,compressed_ring_ar
1778534146.8558252,14,139,2.292265,227.0,124.846,562.468,0,2,compressed_ring_ar
1778534147.5309381,14,140,2.114158,199.5,126.095,636.833,0,2,compressed_ring_ar
1778534148.0913963,14,141,2.033242,242.56,119.543,522.861,0,2,compressed_ring_ar
1778534148.6998293,14,142,2.105282,222.36,117.637,571.751,0,2,compressed_ring_ar
1778534149.3249097,14,143,2.194808,221.76,131.296,572.627,0,2,compressed_ring_ar
1778534149.8758457,14,144,2.028052,246.61,126.651,514.346,0,2,compressed_ring_ar
1778534150.4618266,14,145,2.157856,230.99,104.542,552.802,0,2,compressed_ring_ar
1778534151.1980915,14,146,2.290219,181.84,123.765,699.247,0,2,compressed_ring_ar
1778534151.7477126,14,147,2.234332,252.49,122.344,502.739,0,2,compressed_ring_ar
1778534152.2986555,14,148,2.22912,246.79,101.351,517.338,0,2,compressed_ring_ar
1778534152.9499412,14,149,2.004813,207.22,126.87,613.154,0,2,compressed_ring_ar
1778534153.5216658,14,150,2.290504,236.88,125.419,535.838,0,2,compressed_ring_ar
1778534154.077969,14,151,2.067387,244.96,104.929,518.629,0,2,compressed_ring_ar
1778534154.7942393,14,152,2.052397,186.81,111.157,683.807,0,2,compressed_ring_ar
1778534155.510945,14,153,2.174169,188.05,116.224,679.35,0,2,compressed_ring_ar
1778534156.1596487,14,154,1.956881,208.27,103.967,609.99,0,2,compressed_ring_ar
1778534156.8854265,14,155,2.185989,184.44,143.698,689.61,0,2,compressed_ring_ar
1778534157.480019,14,156,2.306306,228.3,130.529,556.03,0,2,compressed_ring_ar
1778534158.0470932,14,157,2.337809,239.11,133.439,530.903,0,2,compressed_ring_ar
1778534158.558488,14,158,2.244028,267.8,76.98,476.621,0,2,compressed_ring_ar
1778534159.2057915,14,159,2.113361,208.33,83.677,613.068,0,2,compressed_ring_ar
1778534159.9461024,14,160,2.305253,180.93,118.144,706.036,0,2,compressed_ring_ar
1778534160.6316166,14,161,2.039652,196.81,133.186,645.646,0,2,compressed_ring_ar
1778534161.1830225,14,162,2.158301,246.5,125.993,514.403,0,2,compressed_ring_ar
1778534161.748209,14,163,2.080731,240.53,98.745,530.731,0,2,compressed_ring_ar
1778534162.4643886,14,164,2.162942,188.07,130.446,678.491,0,2,compressed_ring_ar
1778534163.119431,14,165,2.098368,207.42,110.764,615.822,0,2,compressed_ring_ar
1778534163.8657098,14,166,1.99169,180.38,149.05,704.905,0,2,compressed_ring_ar
1778534164.458044,14,167,2.207835,232.45,140.063,546.164,0,2,compressed_ring_ar
1778534165.0363328,14,168,2.067587,237.22,126.792,534.961,0,2,compressed_ring_ar
1778534165.6089902,14,169,2.0573,237.73,99.921,536.356,0,2,compressed_ring_ar
1778534166.3438444,14,170,2.01697,182.85,130.618,695.223,0,2,compressed_ring_ar
1778534166.9351943,14,171,2.11592,228.66,126.639,555.334,0,2,compressed_ring_ar
1778534167.4982607,14,172,2.178662,240.62,123.894,527.603,0,2,compressed_ring_ar
1778534168.0907273,14,173,2.033997,230.91,135.008,550.417,0,2,compressed_ring_ar
1778534168.5977526,14,174,1.981785,269.71,76.255,473.2,0,2,compressed_ring_ar
1778534169.3022628,14,175,2.176812,190.3,122.966,668.001,0,2,compressed_ring_ar
1778534169.888777,14,176,2.010599,235.25,128.06,539.227,0,2,compressed_ring_ar
1778534170.4690332,14,177,2.013878,234.31,135.905,541.672,0,2,compressed_ring_ar
1778534171.081443,14,178,2.128832,221.62,136.193,573.014,0,2,compressed_ring_ar
1778534171.6557622,14,179,1.843317,237.95,119.028,533.201,0,2,compressed_ring_ar
1778534172.2364376,14,180,2.168702,232.88,126.137,544.942,0,2,compressed_ring_ar
1778534172.7974734,14,181,2.101874,242.51,121.423,523.442,0,2,compressed_ring_ar
1778534173.3866436,14,182,2.28938,229.4,120.971,553.546,0,2,compressed_ring_ar
1778534173.9597409,14,183,2.127411,236.71,109.375,539.423,0,2,compressed_ring_ar
1778534174.5752497,14,184,2.337524,220.45,109.286,579.287,0,2,compressed_ring_ar
1778534175.2776759,14,185,2.288497,191.38,111.099,667.407,0,2,compressed_ring_ar
1778534175.8728273,14,186,2.075601,232.98,94.252,548.02,0,2,compressed_ring_ar
1778534176.5079765,14,187,2.260793,211.15,87.816,603.274,0,2,compressed_ring_ar
1778534177.1759038,14,188,1.997155,201.45,96.343,633.939,0,2,compressed_ring_ar
1778534177.857714,14,189,2.116021,197.49,128.584,643.592,0,2,compressed_ring_ar
1778534178.414513,14,190,2.157328,245.38,97.914,520.266,0,2,compressed_ring_ar
1778534179.087991,14,191,2.330191,202.07,149.92,629.029,0,2,compressed_ring_ar
1778534179.6222608,14,192,2.126062,255.17,81.247,497.086,0,2,compressed_ring_ar
1778534180.3761034,14,193,2.018643,177.22,137.59,717.278,0,2,compressed_ring_ar
1778534180.955412,14,194,2.288182,238.31,127.09,536.252,0,2,compressed_ring_ar
1778534181.5201187,14,195,2.314068,74.45,132.103,532.64,0,2,compressed_ring_ar
1778534188.133727,15,0,2.139224,171.52,138.443,744.026,0,2,compressed_ring_ar
1778534188.694564,15,1,2.096543,246.26,116.051,515.254,0,2,compressed_ring_ar
1778534189.275074,15,2,2.119523,234.13,121.309,542.016,0,2,compressed_ring_ar
1778534189.874393,15,3,2.10752,226.64,102.532,563.367,0,2,compressed_ring_ar
1778534190.527595,15,4,2.151317,207.87,80.611,613.561,0,2,compressed_ring_ar
1778534191.2269597,15,5,2.095377,192.1,121.131,661.677,0,2,compressed_ring_ar
1778534191.855995,15,6,2.005737,214.46,118.606,595.482,0,2,compressed_ring_ar
1778534192.663365,15,7,2.006322,170.11,122.016,747.968,0,2,compressed_ring_ar
1778534193.2517633,15,8,2.0485,230.7,130.052,550.027,0,2,compressed_ring_ar
1778534193.8024423,15,9,2.242431,250.31,121.649,507.005,0,2,compressed_ring_ar
1778534194.380093,15,10,2.032154,234.76,127.92,540.465,0,2,compressed_ring_ar
1778534194.968205,15,11,2.245912,230.69,120.109,553.843,0,2,compressed_ring_ar
1778534195.603362,15,12,2.048104,212.22,119.305,598.539,0,2,compressed_ring_ar
1778534196.189188,15,13,1.96968,233.49,128.396,543.431,0,2,compressed_ring_ar
1778534196.7431984,15,14,2.063208,245.29,120.332,517.351,0,2,compressed_ring_ar
1778534197.3118806,15,15,2.191074,253.03,127.374,501.053,0,2,compressed_ring_ar
1778534197.8786263,15,16,2.150422,247.85,123.544,512.053,0,2,compressed_ring_ar
1778534198.4974442,15,17,2.302936,218.58,131.879,580.885,0,2,compressed_ring_ar
1778534199.0184503,15,18,2.18832,262.07,74.653,487.024,0,2,compressed_ring_ar
1778534199.7357202,15,19,2.017179,186.69,124.596,680.778,0,2,compressed_ring_ar
1778534200.3288424,15,20,2.071584,228.05,97.522,559.894,0,2,compressed_ring_ar
1778534201.0522223,15,21,2.273967,185.34,124.661,686.25,0,2,compressed_ring_ar
1778534201.6106672,15,22,2.11161,244.72,120.923,521.683,0,2,compressed_ring_ar
1778534202.2483277,15,23,2.248517,213.59,115.649,594.544,0,2,compressed_ring_ar
1778534202.857648,15,24,2.193575,223.54,134.223,568.053,0,2,compressed_ring_ar
1778534203.446902,15,25,2.264705,231.11,135.397,549.101,0,2,compressed_ring_ar
1778534204.0153587,15,26,2.17802,239.16,124.141,530.419,0,2,compressed_ring_ar
1778534204.613823,15,27,2.208114,225.66,131.462,562.664,0,2,compressed_ring_ar
1778534205.1801178,15,28,2.139574,240.14,125.088,528.61,0,2,compressed_ring_ar
1778534205.7411814,15,29,2.083846,242.49,122.661,523.516,0,2,compressed_ring_ar
1778534206.3156846,15,30,2.101471,240.32,116.77,528.382,0,2,compressed_ring_ar
1778534206.9198956,15,31,2.233952,225.08,146.738,564.2,0,2,compressed_ring_ar
1778534207.477923,15,32,2.164959,243.78,104.787,523.688,0,2,compressed_ring_ar
1778534208.2063568,15,33,2.332636,183.63,130.388,692.62,0,2,compressed_ring_ar
1778534208.786081,15,34,2.247353,235.21,125.377,540.352,0,2,compressed_ring_ar
1778534209.3747368,15,35,2.093371,230.57,110.997,552.55,0,2,compressed_ring_ar
1778534210.040101,15,36,2.028727,201.99,131.211,629.152,0,2,compressed_ring_ar
1778534210.772046,15,37,2.169132,182.83,117.177,698.736,0,2,compressed_ring_ar
1778534211.402671,15,38,2.161113,215.37,86.338,592.921,0,2,compressed_ring_ar
1778534212.0650725,15,39,2.130859,202.91,95.983,629.426,0,2,compressed_ring_ar
1778534212.7622986,15,40,1.963658,192.18,124.901,662.262,0,2,compressed_ring_ar
1778534213.3200045,15,41,2.09651,243.78,87.763,523.687,0,2,compressed_ring_ar
1778534214.0121386,15,42,2.172685,196.92,133.146,645.525,0,2,compressed_ring_ar
1778534214.6088815,15,43,2.30312,226.72,128.095,559.752,0,2,compressed_ring_ar
1778534215.179598,15,44,2.114327,236.81,136.505,536.514,0,2,compressed_ring_ar
1778534215.7398555,15,45,2.389991,242.53,129.629,523.118,0,2,compressed_ring_ar
1778534216.3463507,15,46,2.06765,222.92,136.422,569.939,0,2,compressed_ring_ar
1778534216.9294643,15,47,2.285636,232.14,137.247,546.838,0,2,compressed_ring_ar
1778534217.487627,15,48,2.17302,242.98,123.638,522.076,0,2,compressed_ring_ar
1778534218.0548122,15,49,2.130941,240.6,128.025,527.642,0,2,compressed_ring_ar
1778534218.6551852,15,50,2.096913,225.03,127.215,567.302,0,2,compressed_ring_ar
1778534219.2543044,15,51,2.369491,230.82,128.861,550.155,0,2,compressed_ring_ar
1778534219.8136394,15,52,2.011487,243.65,120.421,521.368,0,2,compressed_ring_ar
1778534220.3758695,15,53,2.309209,244.69,125.606,518.631,0,2,compressed_ring_ar
1778534220.944266,15,54,2.209791,238.07,121.313,532.843,0,2,compressed_ring_ar
1778534221.5225859,15,55,2.334703,237.61,132.456,534.875,0,2,compressed_ring_ar
1778534222.057998,15,56,2.080137,253.31,120.06,500.408,0,2,compressed_ring_ar
1778534222.6132302,15,57,2.376776,246.58,120.946,514.505,0,2,compressed_ring_ar
1778534223.1722379,15,58,2.024158,242.3,129.243,523.663,0,2,compressed_ring_ar
1778534223.7666452,15,59,2.132282,228.75,130.925,554.869,0,2,compressed_ring_ar
1778534224.3551486,15,60,2.027295,235.15,132.025,539.793,0,2,compressed_ring_ar
1778534224.9417994,15,61,2.227769,235.13,108.833,543.049,0,2,compressed_ring_ar
1778534225.6313558,15,62,2.11409,195.04,110.667,654.936,0,2,compressed_ring_ar
1778534226.3256068,15,63,1.917833,193.46,127.355,657.087,0,2,compressed_ring_ar
1778534226.89911,15,64,2.265852,237.23,145.987,534.965,0,2,compressed_ring_ar
1778534227.4732547,15,65,2.157243,236.07,132.727,537.423,0,2,compressed_ring_ar
1778534227.9923155,15,66,2.32406,264.59,75.985,482.483,0,2,compressed_ring_ar
1778534228.6685872,15,67,2.059482,199.77,96.364,639.333,0,2,compressed_ring_ar
1778534229.3697512,15,68,2.009959,191.67,139.11,663.587,0,2,compressed_ring_ar
1778534229.9250102,15,69,2.231675,245.18,112.634,520.685,0,2,compressed_ring_ar
1778534230.6126668,15,70,2.254104,195.04,125.218,654.924,0,2,compressed_ring_ar
1778534231.3094287,15,71,2.062808,192.83,136.186,659.221,0,2,compressed_ring_ar
1778534231.8768249,15,72,2.097075,238.95,123.882,531.077,0,2,compressed_ring_ar
1778534232.5712762,15,73,2.256863,201.53,151.378,630.503,0,2,compressed_ring_ar
1778534233.177155,15,74,2.057239,223.33,130.308,568.533,0,2,compressed_ring_ar
1778534233.7144299,15,75,2.029116,252.27,115.959,503.373,0,2,compressed_ring_ar
1778534234.2630157,15,76,2.315863,248.76,124.974,510.262,0,2,compressed_ring_ar
1778534234.90917,15,77,2.313952,209.22,139.259,607.423,0,2,compressed_ring_ar
1778534235.5052772,15,78,2.264666,233.3,118.169,544.296,0,2,compressed_ring_ar
1778534236.066828,15,79,2.102993,243.26,121.829,521.821,0,2,compressed_ring_ar
1778534236.6392436,15,80,2.110863,238.8,129.371,532.147,0,2,compressed_ring_ar
1778534237.2188175,15,81,1.946437,248.91,125.531,509.464,0,2,compressed_ring_ar
1778534237.8086922,15,82,2.176319,230.01,121.878,552.141,0,2,compressed_ring_ar
1778534238.4037533,15,83,2.079023,227.47,118.367,558.883,0,2,compressed_ring_ar
1778534238.9732676,15,84,2.152306,238.67,131.903,531.852,0,2,compressed_ring_ar
1778534239.5440788,15,85,2.183444,237.92,123.954,533.551,0,2,compressed_ring_ar
1778534240.077309,15,86,2.060388,260.02,82.237,490.874,0,2,compressed_ring_ar
1778534240.7803957,15,87,2.133247,190.88,124.929,665.966,0,2,compressed_ring_ar
1778534241.3435278,15,88,2.026044,251.2,126.327,505.052,0,2,compressed_ring_ar
1778534241.9357376,15,89,2.214601,228.17,121.6,556.22,0,2,compressed_ring_ar
1778534242.4764628,15,90,2.20019,252.17,128.762,502.982,0,2,compressed_ring_ar
1778534243.075767,15,91,2.10995,226.38,122.312,560.244,0,2,compressed_ring_ar
1778534243.6395178,15,92,2.225169,241.16,103.65,529.325,0,2,compressed_ring_ar
1778534244.3374453,15,93,2.146999,192.33,134.443,660.663,0,2,compressed_ring_ar
1778534244.9326282,15,94,2.222259,226.69,120.068,560.155,0,2,compressed_ring_ar
1778534245.5292675,15,95,2.084461,226.61,137.524,560.54,0,2,compressed_ring_ar
1778534246.1122172,15,96,1.999085,234.04,127.535,542.485,0,2,compressed_ring_ar
1778534246.7088256,15,97,2.302457,226.88,136.22,560.661,0,2,compressed_ring_ar
1778534247.265927,15,98,2.102807,246.51,118.543,514.686,0,2,compressed_ring_ar
1778534247.8424177,15,99,1.988327,234.81,127.719,540.422,0,2,compressed_ring_ar
1778534248.420298,15,100,2.060969,238.76,106.375,534.773,0,2,compressed_ring_ar
1778534249.165707,15,101,2.120377,179.95,133.445,706.698,0,2,compressed_ring_ar
1778534249.7133083,15,102,2.199088,248.48,129.745,510.521,0,2,compressed_ring_ar
1778534250.2818062,15,103,2.118731,238.26,121.216,532.647,0,2,compressed_ring_ar
1778534250.894682,15,104,2.14251,220.13,130.768,576.961,0,2,compressed_ring_ar
1778534251.4434655,15,105,2.124964,247.24,109.059,516.288,0,2,compressed_ring_ar
1778534252.1324437,15,106,2.108079,194.84,135.748,652.178,0,2,compressed_ring_ar
1778534252.7213364,15,107,2.143164,232.38,109.749,549.497,0,2,compressed_ring_ar
1778534253.4038963,15,108,2.008628,197.46,123.768,643.896,0,2,compressed_ring_ar
1778534253.957075,15,109,2.178401,244.85,125.496,518.045,0,2,compressed_ring_ar
1778534254.5405438,15,110,2.042166,231.88,116.955,547.536,0,2,compressed_ring_ar
1778534255.1423106,15,111,2.154406,224.21,124.58,566.398,0,2,compressed_ring_ar
1778534255.6684346,15,112,2.358686,258.57,117.518,490.543,0,2,compressed_ring_ar
1778534256.2751048,15,113,2.152066,222.67,138.021,570.143,0,2,compressed_ring_ar
1778534256.9094954,15,114,2.113724,213.18,156.203,595.682,0,2,compressed_ring_ar
1778534257.4785464,15,115,2.014014,237.77,122.861,533.795,0,2,compressed_ring_ar
1778534258.045222,15,116,2.057325,244.84,116.053,519.785,0,2,compressed_ring_ar
1778534258.7493002,15,117,2.162864,189.96,130.155,669.29,0,2,compressed_ring_ar
1778534259.3375924,15,118,2.103422,230.02,128.277,552.039,0,2,compressed_ring_ar
1778534259.8955398,15,119,2.209429,243.73,119.579,520.638,0,2,compressed_ring_ar
1778534260.4877942,15,120,2.24366,228.49,130.507,555.875,0,2,compressed_ring_ar
1778534261.0662746,15,121,1.932802,235.0,125.853,540.19,0,2,compressed_ring_ar
1778534261.6392555,15,122,1.920971,239.05,127.237,530.926,0,2,compressed_ring_ar
1778534262.252487,15,123,1.973694,221.29,127.241,573.867,0,2,compressed_ring_ar
1778534262.8728626,15,124,2.255205,218.44,106.489,584.604,0,2,compressed_ring_ar
1778534263.532539,15,125,2.146621,204.25,83.88,621.985,0,2,compressed_ring_ar
1778534264.3625016,15,126,2.175885,160.93,138.674,794.035,0,2,compressed_ring_ar
1778534265.294422,15,127,2.185814,148.33,150.376,858.097,0,2,compressed_ring_ar
1778534265.8976357,15,128,2.169254,224.98,162.283,564.117,0,2,compressed_ring_ar
1778534266.4740436,15,129,2.055705,239.05,125.776,530.707,0,2,compressed_ring_ar
1778534267.1160748,15,130,2.123818,210.27,136.901,607.469,0,2,compressed_ring_ar
1778534267.7746596,15,131,2.036091,206.23,129.167,615.793,0,2,compressed_ring_ar
1778534268.3436782,15,132,2.223481,238.72,122.591,531.441,0,2,compressed_ring_ar
1778534268.9159129,15,133,2.158462,236.54,134.012,536.352,0,2,compressed_ring_ar
1778534269.5078084,15,134,1.991305,228.57,119.431,555.472,0,2,compressed_ring_ar
1778534270.075149,15,135,2.169452,238.58,130.866,531.856,0,2,compressed_ring_ar
1778534270.6355426,15,136,2.087539,241.99,122.664,524.476,0,2,compressed_ring_ar
1778534271.2043655,15,137,2.146631,238.64,132.868,532.087,0,2,compressed_ring_ar
1778534271.7666476,15,138,2.174552,241.15,120.974,526.033,0,2,compressed_ring_ar
1778534272.3256655,15,139,2.275108,243.99,124.38,520.082,0,2,compressed_ring_ar
1778534272.8909307,15,140,2.087967,239.95,125.009,528.753,0,2,compressed_ring_ar
1778534273.4946008,15,141,2.184267,223.84,132.788,567.225,0,2,compressed_ring_ar
1778534274.051542,15,142,2.009112,243.05,126.797,521.924,0,2,compressed_ring_ar
1778534274.6121051,15,143,1.883202,241.76,127.139,525.748,0,2,compressed_ring_ar
1778534275.2151532,15,144,2.126883,224.15,133.516,566.392,0,2,compressed_ring_ar
1778534275.7955015,15,145,2.183676,234.07,121.409,542.471,0,2,compressed_ring_ar
1778534276.2852795,15,146,2.114116,280.51,74.431,455.211,0,2,compressed_ring_ar
1778534276.9771464,15,147,2.034605,197.53,191.533,643.488,0,2,compressed_ring_ar
1778534277.5510352,15,148,2.06977,238.59,118.888,531.916,0,2,compressed_ring_ar
1778534278.184649,15,149,2.121247,215.14,143.93,590.355,0,2,compressed_ring_ar
1778534278.7493289,15,150,2.255427,240.18,125.551,528.383,0,2,compressed_ring_ar
1778534279.3132026,15,151,2.131958,243.49,104.198,524.326,0,2,compressed_ring_ar
1778534280.0426595,15,152,1.992874,183.83,139.682,691.653,0,2,compressed_ring_ar
1778534280.5993986,15,153,2.094046,243.6,113.253,524.07,0,2,compressed_ring_ar
1778534281.289416,15,154,2.080979,193.95,132.023,655.589,0,2,compressed_ring_ar
1778534281.88777,15,155,2.196276,225.68,123.441,562.5,0,2,compressed_ring_ar
1778534282.4842353,15,156,2.179678,226.71,124.932,562.587,0,2,compressed_ring_ar
1778534283.1314907,15,157,1.991419,209.12,112.502,610.805,0,2,compressed_ring_ar
1778534283.786811,15,158,2.280084,206.1,101.747,619.692,0,2,compressed_ring_ar
1778534284.4859457,15,159,2.063023,193.45,124.978,656.739,0,2,compressed_ring_ar
1778534285.031519,15,160,2.127638,248.66,133.417,509.991,0,2,compressed_ring_ar
1778534285.6078086,15,161,2.12096,236.42,127.412,536.601,0,2,compressed_ring_ar
1778534286.1648607,15,162,2.042265,243.04,125.785,522.029,0,2,compressed_ring_ar
1778534286.731911,15,163,2.172255,239.75,122.674,529.427,0,2,compressed_ring_ar
1778534287.3068068,15,164,1.981401,238.49,120.193,532.006,0,2,compressed_ring_ar
1778534287.8550072,15,165,1.970796,248.26,126.409,511.134,0,2,compressed_ring_ar
1778534288.4525995,15,166,2.023919,228.03,113.618,559.945,0,2,compressed_ring_ar
1778534289.1885715,15,167,2.198364,183.81,126.333,692.031,0,2,compressed_ring_ar
1778534289.7631416,15,168,2.209581,239.03,121.088,530.752,0,2,compressed_ring_ar
1778534290.3167934,15,169,2.187864,244.78,115.807,518.179,0,2,compressed_ring_ar
1778534290.8847375,15,170,2.085817,238.57,113.812,535.243,0,2,compressed_ring_ar
1778534291.4700634,15,171,2.031478,233.55,119.987,543.263,0,2,compressed_ring_ar
1778534292.0365112,15,172,2.040146,239.13,106.924,533.967,0,2,compressed_ring_ar
1778534292.7148578,15,173,2.182767,199.76,127.387,636.075,0,2,compressed_ring_ar
1778534293.3098102,15,174,1.98463,227.16,128.823,558.615,0,2,compressed_ring_ar
1778534293.8736384,15,175,2.076699,241.3,117.673,525.858,0,2,compressed_ring_ar
1778534294.4522913,15,176,2.051758,234.18,129.236,542.08,0,2,compressed_ring_ar
1778534295.0357563,15,177,2.052525,232.08,129.396,546.869,0,2,compressed_ring_ar
1778534295.6055987,15,178,2.0946,237.89,126.835,533.39,0,2,compressed_ring_ar
1778534296.2415414,15,179,2.09504,211.3,151.693,601.115,0,2,compressed_ring_ar
1778534296.9478993,15,180,2.079413,196.28,120.607,650.739,0,2,compressed_ring_ar
1778534297.6650572,15,181,2.051253,187.1,140.991,679.969,0,2,compressed_ring_ar
1778534298.2749505,15,182,2.255871,222.28,129.896,571.176,0,2,compressed_ring_ar
1778534298.847275,15,183,1.864817,243.57,122.462,520.395,0,2,compressed_ring_ar
1778534299.439558,15,184,1.948897,230.98,102.812,552.838,0,2,compressed_ring_ar
1778534300.1097264,15,185,2.297978,203.01,126.677,626.254,0,2,compressed_ring_ar
1778534300.6940572,15,186,1.950504,231.63,134.556,547.909,0,2,compressed_ring_ar
1778534301.254783,15,187,2.100521,242.01,130.155,523.955,0,2,compressed_ring_ar
1778534301.831213,15,188,1.981795,234.48,111.773,541.515,0,2,compressed_ring_ar
1778534302.40333,15,189,2.030639,236.98,128.607,535.725,0,2,compressed_ring_ar
1778534302.9342847,15,190,2.141205,256.6,93.036,496.616,0,2,compressed_ring_ar
1778534303.6148744,15,191,2.074582,197.62,119.198,642.795,0,2,compressed_ring_ar
1778534304.2241063,15,192,2.1008,225.36,131.142,563.364,0,2,compressed_ring_ar
1778534304.7980967,15,193,2.222557,235.56,128.117,539.873,0,2,compressed_ring_ar
1778534305.382509,15,194,2.110909,232.54,132.426,549.641,0,2,compressed_ring_ar
1778534305.9206185,15,195,2.169666,77.24,125.613,513.159,0,2,compressed_ring_ar
1778534312.763183,16,0,1.974022,178.83,128.598,711.225,0,2,compressed_ring_ar
1778534313.3867118,16,1,1.967557,216.4,125.542,590.105,0,2,compressed_ring_ar
1778534314.0765946,16,2,2.120423,202.09,121.308,628.805,0,2,compressed_ring_ar
1778534314.8090587,16,3,2.130841,185.69,118.901,687.91,0,2,compressed_ring_ar
1778534315.5019464,16,4,2.209025,193.73,133.361,656.258,0,2,compressed_ring_ar
1778534316.07663,16,5,2.135043,236.5,123.754,536.558,0,2,compressed_ring_ar
1778534316.6460779,16,6,2.07511,246.24,109.86,518.394,0,2,compressed_ring_ar
1778534317.3576286,16,7,2.188259,188.14,118.692,679.154,0,2,compressed_ring_ar
1778534318.0496461,16,8,2.245642,193.86,119.582,658.78,0,2,compressed_ring_ar
1778534318.7427034,16,9,2.082434,195.02,128.281,651.64,0,2,compressed_ring_ar
1778534319.3290517,16,10,2.022714,231.12,126.243,549.003,0,2,compressed_ring_ar
1778534319.9649386,16,11,1.975634,213.03,130.409,596.078,0,2,compressed_ring_ar
1778534320.5872056,16,12,2.073592,219.82,128.196,577.432,0,2,compressed_ring_ar
1778534321.162481,16,13,2.089492,238.23,119.761,533.427,0,2,compressed_ring_ar
1778534321.7162812,16,14,1.838043,245.64,119.711,516.469,0,2,compressed_ring_ar
1778534322.3231921,16,15,2.010716,223.99,131.945,566.603,0,2,compressed_ring_ar
1778534322.8584886,16,16,2.173004,254.33,101.007,501.906,0,2,compressed_ring_ar
1778534323.5045128,16,17,2.201488,208.77,121.391,608.504,0,2,compressed_ring_ar
1778534324.09284,16,18,2.342626,230.28,125.47,551.822,0,2,compressed_ring_ar
1778534324.647309,16,19,2.182995,248.82,125.141,509.867,0,2,compressed_ring_ar
1778534325.2314935,16,20,2.305378,232.13,115.252,547.059,0,2,compressed_ring_ar
1778534325.8018346,16,21,2.123485,237.39,116.965,534.565,0,2,compressed_ring_ar
1778534326.3798587,16,22,1.967035,231.6,137.195,548.12,0,2,compressed_ring_ar
1778534326.9355736,16,23,2.09588,244.75,133.413,518.549,0,2,compressed_ring_ar
1778534327.5043187,16,24,2.040756,238.63,121.145,531.701,0,2,compressed_ring_ar
1778534328.0646083,16,25,1.96839,241.56,126.812,525.16,0,2,compressed_ring_ar
1778534328.6457264,16,26,2.211931,232.99,129.504,544.949,0,2,compressed_ring_ar
1778534329.2635367,16,27,2.061809,220.36,122.681,575.932,0,2,compressed_ring_ar
1778534329.7884867,16,28,2.110481,259.39,123.576,489.176,0,2,compressed_ring_ar
1778534330.345282,16,29,2.049434,245.04,129.676,517.812,0,2,compressed_ring_ar
1778534330.9255166,16,30,2.173775,233.07,138.08,544.656,0,2,compressed_ring_ar
1778534331.5312533,16,31,1.926063,224.64,113.899,568.395,0,2,compressed_ring_ar
1778534332.2073877,16,32,2.130718,199.95,125.797,635.465,0,2,compressed_ring_ar
1778534332.7714653,16,33,2.107466,241.28,125.872,525.818,0,2,compressed_ring_ar
1778534333.3361354,16,34,2.015964,244.15,129.808,519.957,0,2,compressed_ring_ar
1778534333.9223657,16,35,2.209143,231.71,110.382,551.026,0,2,compressed_ring_ar
1778534334.6379504,16,36,2.211919,187.3,102.992,681.999,0,2,compressed_ring_ar
1778534335.3415096,16,37,1.870505,191.83,109.054,664.918,0,2,compressed_ring_ar
1778534336.0320492,16,38,1.897231,194.49,122.151,656.8,0,2,compressed_ring_ar
1778534336.7106526,16,39,2.095892,198.22,137.488,641.035,0,2,compressed_ring_ar
1778534337.3038135,16,40,2.106255,231.23,122.125,549.187,0,2,compressed_ring_ar
1778534337.8533251,16,41,2.103192,247.19,127.098,514.002,0,2,compressed_ring_ar
1778534338.4420226,16,42,2.14172,230.6,106.581,553.659,0,2,compressed_ring_ar
1778534339.1422498,16,43,2.34664,191.77,122.894,663.05,0,2,compressed_ring_ar
1778534339.758253,16,44,2.153772,219.21,127.479,579.122,0,2,compressed_ring_ar
1778534340.3193188,16,45,2.047146,241.49,126.254,525.208,0,2,compressed_ring_ar
1778534340.9038966,16,46,2.322082,232.42,122.821,546.078,0,2,compressed_ring_ar
1778534341.4702113,16,47,2.145999,239.25,113.874,533.635,0,2,compressed_ring_ar
1778534342.1928852,16,48,2.230933,185.88,133.825,683.983,0,2,compressed_ring_ar
1778534342.752518,16,49,2.123877,244.71,112.636,521.628,0,2,compressed_ring_ar
1778534343.4581468,16,50,2.143839,190.73,138.368,666.342,0,2,compressed_ring_ar
1778534344.0307395,16,51,2.12085,236.61,132.128,536.572,0,2,compressed_ring_ar
1778534344.5962005,16,52,1.949724,241.65,125.444,525.147,0,2,compressed_ring_ar
1778534345.1615148,16,53,2.109293,241.82,127.91,525.579,0,2,compressed_ring_ar
1778534345.7247639,16,54,2.269322,241.86,117.6,525.27,0,2,compressed_ring_ar
1778534346.3013084,16,55,2.073486,235.37,105.314,542.531,0,2,compressed_ring_ar
1778534347.0245206,16,56,2.10097,185.98,124.88,686.887,0,2,compressed_ring_ar
1778534347.7333663,16,57,2.057044,189.55,108.089,673.907,0,2,compressed_ring_ar
1778534348.4443946,16,58,2.141755,188.16,137.026,675.674,0,2,compressed_ring_ar
1778534349.0185306,16,59,2.053892,235.72,109.243,541.699,0,2,compressed_ring_ar
1778534349.6655567,16,60,1.986284,209.02,127.663,608.649,0,2,compressed_ring_ar
1778534350.2187111,16,61,2.180532,245.71,123.71,516.621,0,2,compressed_ring_ar
1778534350.8076046,16,62,2.06908,230.41,132.335,550.795,0,2,compressed_ring_ar
1778534351.4114215,16,63,2.228574,226.83,117.555,559.791,0,2,compressed_ring_ar
1778534351.9687598,16,64,2.060302,243.27,120.265,521.708,0,2,compressed_ring_ar
1778534352.7885106,16,65,2.177168,167.55,176.36,759.358,0,2,compressed_ring_ar
1778534353.4260557,16,66,2.025609,212.24,131.356,598.611,0,2,compressed_ring_ar
1778534354.0092542,16,67,2.108144,234.14,127.034,541.834,0,2,compressed_ring_ar
1778534354.582828,16,68,2.22688,236.2,138.799,536.958,0,2,compressed_ring_ar
1778534355.1471052,16,69,1.911338,241.66,132.121,524.989,0,2,compressed_ring_ar
1778534355.7495482,16,70,2.056232,224.23,124.488,566.33,0,2,compressed_ring_ar
1778534356.3014767,16,71,2.040482,250.47,122.517,506.424,0,2,compressed_ring_ar
1778534356.8995926,16,72,1.854822,228.51,137.734,555.248,0,2,compressed_ring_ar
1778534357.469559,16,73,2.183941,240.0,127.149,528.699,0,2,compressed_ring_ar
1778534358.0419362,16,74,2.164928,238.84,109.617,534.667,0,2,compressed_ring_ar
1778534358.7671905,16,75,2.190125,186.86,138.277,680.101,0,2,compressed_ring_ar
1778534359.3498013,16,76,1.998177,232.26,127.551,546.465,0,2,compressed_ring_ar
1778534359.9201126,16,77,2.011006,239.55,120.374,530.658,0,2,compressed_ring_ar
1778534360.522491,16,78,2.145886,224.24,106.932,569.45,0,2,compressed_ring_ar
1778534361.1776152,16,79,2.039259,206.8,126.481,614.432,0,2,compressed_ring_ar
1778534361.729545,16,80,1.895093,245.32,116.377,517.146,0,2,compressed_ring_ar
1778534362.297768,16,81,2.209904,238.28,105.497,535.836,0,2,compressed_ring_ar
1778534362.9951665,16,82,2.287701,192.03,133.024,662.172,0,2,compressed_ring_ar
1778534363.5933151,16,83,1.94249,225.93,135.952,561.951,0,2,compressed_ring_ar
1778534364.1671278,16,84,2.004265,237.17,118.915,535.242,0,2,compressed_ring_ar
1778534364.7301304,16,85,2.076886,241.07,127.144,526.357,0,2,compressed_ring_ar
1778534365.3080947,16,86,2.189262,235.54,118.923,538.715,0,2,compressed_ring_ar
1778534365.88985,16,87,2.161363,232.51,119.894,545.928,0,2,compressed_ring_ar
1778534366.4778187,16,88,2.189074,230.65,98.348,553.767,0,2,compressed_ring_ar
1778534367.1954117,16,89,2.181765,187.65,123.942,677.5,0,2,compressed_ring_ar
1778534367.8191895,16,90,2.095401,216.63,141.253,587.103,0,2,compressed_ring_ar
1778534368.4043415,16,91,2.131454,231.99,126.378,547.403,0,2,compressed_ring_ar
1778534368.967792,16,92,2.149858,242.72,123.754,522.95,0,2,compressed_ring_ar
1778534369.5521588,16,93,2.218619,232.17,121.517,547.366,0,2,compressed_ring_ar
1778534370.1266816,16,94,2.210087,236.73,124.983,535.805,0,2,compressed_ring_ar
1778534370.6948073,16,95,2.096489,238.56,106.659,535.196,0,2,compressed_ring_ar
1778534371.377569,16,96,2.213927,197.22,126.407,644.492,0,2,compressed_ring_ar
1778534371.9825854,16,97,2.17059,223.46,133.094,568.248,0,2,compressed_ring_ar
1778534372.5640697,16,98,2.118125,233.2,111.602,544.397,0,2,compressed_ring_ar
1778534373.147803,16,99,2.039752,234.5,128.223,541.204,0,2,compressed_ring_ar
1778534373.7460868,16,100,2.26909,226.3,130.555,560.818,0,2,compressed_ring_ar
1778534374.3401043,16,101,1.734603,227.53,127.644,557.982,0,2,compressed_ring_ar
1778534374.9245613,16,102,1.980826,232.65,120.483,548.847,0,2,compressed_ring_ar
1778534375.5200212,16,103,2.102055,229.04,125.723,554.345,0,2,compressed_ring_ar
1778534376.0872276,16,104,2.04225,242.57,127.303,523.053,0,2,compressed_ring_ar
1778534376.6578813,16,105,2.209208,237.57,125.009,533.903,0,2,compressed_ring_ar
1778534377.2470624,16,106,2.095005,230.49,120.974,550.573,0,2,compressed_ring_ar
1778534377.8557744,16,107,1.990555,222.08,134.42,571.75,0,2,compressed_ring_ar
1778534378.3901882,16,108,2.110618,254.98,101.997,497.584,0,2,compressed_ring_ar
1778534379.1037436,16,109,2.155788,187.52,126.618,680.086,0,2,compressed_ring_ar
1778534379.7508762,16,110,2.211039,208.7,136.743,609.053,0,2,compressed_ring_ar
1778534380.334336,16,111,2.031954,232.6,136.899,545.829,0,2,compressed_ring_ar
1778534380.8930905,16,112,2.077382,242.47,132.454,523.15,0,2,compressed_ring_ar
1778534381.4702163,16,113,2.06282,236.25,127.985,537.185,0,2,compressed_ring_ar
1778534382.0343611,16,114,2.24908,240.0,120.622,528.398,0,2,compressed_ring_ar
1778534382.590675,16,115,2.096443,250.7,121.881,505.93,0,2,compressed_ring_ar
1778534383.169553,16,116,2.047307,234.47,123.665,541.251,0,2,compressed_ring_ar
1778534383.7371428,16,117,2.177357,239.17,127.091,530.482,0,2,compressed_ring_ar
1778534384.3057654,16,118,2.264006,239.41,121.934,529.951,0,2,compressed_ring_ar
1778534384.942967,16,119,2.070354,211.52,141.711,600.688,0,2,compressed_ring_ar
1778534385.520577,16,120,2.153604,236.71,130.344,536.213,0,2,compressed_ring_ar
1778534386.109769,16,121,2.137965,229.37,132.335,553.374,0,2,compressed_ring_ar
1778534386.7042332,16,122,1.97968,235.03,132.544,539.939,0,2,compressed_ring_ar
1778534387.2761972,16,123,2.284489,239.68,119.188,529.277,0,2,compressed_ring_ar
1778534387.8265622,16,124,1.957929,247.64,125.694,512.248,0,2,compressed_ring_ar
1778534388.4128406,16,125,2.075186,230.41,105.429,553.302,0,2,compressed_ring_ar
1778534389.1310651,16,126,2.163428,187.48,129.931,678.518,0,2,compressed_ring_ar
1778534389.7260165,16,127,2.309133,226.95,127.2,559.87,0,2,compressed_ring_ar
1778534390.2700844,16,128,2.061707,250.58,119.62,506.261,0,2,compressed_ring_ar
1778534390.8490572,16,129,2.073639,234.85,116.524,543.604,0,2,compressed_ring_ar
1778534391.5167758,16,130,2.076087,201.55,109.557,633.763,0,2,compressed_ring_ar
1778534392.3045719,16,131,2.126832,169.27,166.176,751.655,0,2,compressed_ring_ar
1778534393.0177262,16,132,2.172688,196.07,127.673,648.189,0,2,compressed_ring_ar
1778534393.6301472,16,133,2.198682,221.91,109.216,574.777,0,2,compressed_ring_ar
1778534394.3338013,16,134,2.086539,190.99,129.131,665.839,0,2,compressed_ring_ar
1778534394.9452407,16,135,2.165644,220.64,140.584,575.396,0,2,compressed_ring_ar
1778534395.488171,16,136,2.222337,250.65,121.149,505.887,0,2,compressed_ring_ar
1778534396.0797002,16,137,2.010948,229.83,123.821,552.079,0,2,compressed_ring_ar
1778534396.6532345,16,138,2.088008,236.67,123.523,536.22,0,2,compressed_ring_ar
1778534397.2330868,16,139,2.144729,235.43,125.071,539.215,0,2,compressed_ring_ar
1778534397.8112962,16,140,2.306422,234.18,125.562,541.786,0,2,compressed_ring_ar
1778534398.3954196,16,141,2.143415,232.34,131.406,546.115,0,2,compressed_ring_ar
1778534398.9665442,16,142,2.240934,237.05,114.911,538.567,0,2,compressed_ring_ar
1778534399.6495829,16,143,2.088415,197.71,126.79,642.78,0,2,compressed_ring_ar
1778534400.213526,16,144,2.129484,240.6,129.56,527.35,0,2,compressed_ring_ar
1778534400.8096783,16,145,2.044631,227.17,118.261,559.265,0,2,compressed_ring_ar
1778534401.3907285,16,146,2.059977,234.13,131.704,541.975,0,2,compressed_ring_ar
1778534401.9615693,16,147,2.138855,238.39,130.734,532.345,0,2,compressed_ring_ar
1778534402.5566087,16,148,2.249664,229.75,129.933,552.049,0,2,compressed_ring_ar
1778534403.1320653,16,149,2.145803,237.19,121.74,535.057,0,2,compressed_ring_ar
1778534403.707306,16,150,1.967099,238.27,120.915,532.518,0,2,compressed_ring_ar
1778534404.2873416,16,151,2.07821,236.27,125.699,536.768,0,2,compressed_ring_ar
1778534404.8375094,16,152,2.051229,247.55,105.648,515.61,0,2,compressed_ring_ar
1778534405.5115635,16,153,1.943863,202.18,127.21,628.601,0,2,compressed_ring_ar
1778534406.0873084,16,154,2.141031,234.63,126.692,540.874,0,2,compressed_ring_ar
1778534406.7185721,16,155,2.377654,222.39,117.788,574.381,0,2,compressed_ring_ar
1778534407.3684556,16,156,2.351112,209.91,126.455,605.581,0,2,compressed_ring_ar
1778534407.9341805,16,157,2.125228,240.05,126.075,528.846,0,2,compressed_ring_ar
1778534408.505588,16,158,1.943095,237.19,124.9,535.019,0,2,compressed_ring_ar
1778534409.1254854,16,159,2.202191,217.92,127.444,582.673,0,2,compressed_ring_ar
1778534409.706038,16,160,2.278812,233.08,129.921,544.756,0,2,compressed_ring_ar
1778534410.2591646,16,161,2.187894,245.96,101.31,519.196,0,2,compressed_ring_ar
1778534410.9683988,16,162,2.286515,188.8,133.4,673.735,0,2,compressed_ring_ar
1778534411.5807312,16,163,2.170704,220.32,129.772,576.139,0,2,compressed_ring_ar
1778534412.1353788,16,164,2.111773,245.14,119.636,517.612,0,2,compressed_ring_ar
1778534412.7235067,16,165,2.281484,232.89,130.266,544.622,0,2,compressed_ring_ar
1778534413.3855333,16,166,2.13177,204.54,148.283,621.137,0,2,compressed_ring_ar
1778534413.9850638,16,167,1.928976,229.8,134.497,552.383,0,2,compressed_ring_ar
1778534414.5909793,16,168,2.185408,224.62,131.63,565.356,0,2,compressed_ring_ar
1778534415.1889012,16,169,2.230704,228.64,122.358,555.189,0,2,compressed_ring_ar
1778534415.7435522,16,170,2.020978,244.49,120.073,519.003,0,2,compressed_ring_ar
1778534416.3780656,16,171,1.99408,212.39,130.216,597.943,0,2,compressed_ring_ar
1778534417.0086658,16,172,1.993614,214.53,143.058,591.9,0,2,compressed_ring_ar
1778534417.6097193,16,173,2.040741,227.56,135.083,557.692,0,2,compressed_ring_ar
1778534418.196116,16,174,2.134473,230.88,109.036,551.341,0,2,compressed_ring_ar
1778534418.8841798,16,175,2.091618,195.01,124.181,651.971,0,2,compressed_ring_ar
1778534419.4498851,16,176,2.025913,242.25,124.393,523.571,0,2,compressed_ring_ar
1778534420.0490885,16,177,2.111195,225.41,126.699,563.313,0,2,compressed_ring_ar
1778534420.6395974,16,178,2.217116,231.01,120.035,549.195,0,2,compressed_ring_ar
1778534421.202611,16,179,2.085865,243.05,128.295,521.791,0,2,compressed_ring_ar
1778534421.7599802,16,180,2.187801,244.73,123.259,518.403,0,2,compressed_ring_ar
1778534422.3259957,16,181,2.008727,239.9,124.212,529.211,0,2,compressed_ring_ar
1778534422.8901253,16,182,2.133738,240.92,123.451,526.423,0,2,compressed_ring_ar
1778534423.454473,16,183,2.085051,241.41,122.947,525.517,0,2,compressed_ring_ar
1778534424.0391843,16,184,2.105899,231.94,110.799,550.442,0,2,compressed_ring_ar
1778534424.740806,16,185,2.181576,190.98,138.519,665.4,0,2,compressed_ring_ar
1778534425.3185627,16,186,2.050941,236.19,122.52,537.368,0,2,compressed_ring_ar
1778534425.8958914,16,187,2.028832,234.56,121.89,541.078,0,2,compressed_ring_ar
1778534426.4881036,16,188,2.086507,230.7,131.139,550.175,0,2,compressed_ring_ar
1778534427.0683875,16,189,2.112666,233.6,137.949,544.425,0,2,compressed_ring_ar
1778534427.620373,16,190,1.982075,254.56,120.778,498.167,0,2,compressed_ring_ar
1778534428.2392077,16,191,1.957832,222.23,142.067,571.47,0,2,compressed_ring_ar
1778534428.849284,16,192,2.141099,223.15,125.39,568.795,0,2,compressed_ring_ar
1778534429.4068544,16,193,2.10372,243.32,124.276,521.4,0,2,compressed_ring_ar
1778534430.0022,16,194,2.053975,230.18,130.363,554.857,0,2,compressed_ring_ar
1778534430.5082488,16,195,2.101589,81.68,122.373,485.755,0,2,compressed_ring_ar
1778534436.9876382,17,0,2.173055,184.68,124.473,689.313,0,2,compressed_ring_ar
1778534437.5698383,17,1,2.064865,234.05,122.635,542.198,0,2,compressed_ring_ar
1778534438.1779017,17,2,2.182542,222.36,111.529,574.259,0,2,compressed_ring_ar
1778534438.8762317,17,3,2.118166,192.0,137.276,661.802,0,2,compressed_ring_ar
1778534439.4513247,17,4,2.053058,237.4,120.919,534.263,0,2,compressed_ring_ar
1778534440.048331,17,5,2.137583,226.8,137.373,559.796,0,2,compressed_ring_ar
1778534440.6976466,17,6,2.12793,214.41,121.28,592.3,0,2,compressed_ring_ar
1778534441.2831402,17,7,2.051719,231.65,123.995,548.052,0,2,compressed_ring_ar
1778534441.8822105,17,8,2.312003,225.57,123.978,566.206,0,2,compressed_ring_ar
1778534442.5042324,17,9,2.047324,218.6,123.22,581.087,0,2,compressed_ring_ar
1778534443.104817,17,10,2.27951,224.94,121.522,564.316,0,2,compressed_ring_ar
1778534443.6887019,17,11,2.029244,237.88,123.133,533.437,0,2,compressed_ring_ar
1778534444.311287,17,12,2.079188,216.71,149.676,586.075,0,2,compressed_ring_ar
1778534444.9097419,17,13,2.065479,229.44,133.395,553.454,0,2,compressed_ring_ar
1778534445.482856,17,14,2.035645,236.51,126.876,536.618,0,2,compressed_ring_ar
1778534446.0242891,17,15,1.997867,257.14,121.205,493.104,0,2,compressed_ring_ar
1778534446.6564322,17,16,1.942095,213.42,143.677,595.048,0,2,compressed_ring_ar
1778534447.2475495,17,17,2.2055,228.94,129.858,554.28,0,2,compressed_ring_ar
1778534447.819393,17,18,2.131367,237.13,129.35,535.43,0,2,compressed_ring_ar
1778534448.357963,17,19,2.048879,252.62,121.302,502.199,0,2,compressed_ring_ar
1778534448.9649885,17,20,1.98037,222.42,124.951,570.859,0,2,compressed_ring_ar
1778534449.5384674,17,21,2.223519,238.71,122.924,531.706,0,2,compressed_ring_ar
1778534450.1121154,17,22,2.253007,237.37,122.966,534.694,0,2,compressed_ring_ar
1778534450.707943,17,23,2.124543,227.98,125.763,556.832,0,2,compressed_ring_ar
1778534451.2568648,17,24,2.011731,247.28,123.337,513.251,0,2,compressed_ring_ar
1778534451.8081503,17,25,2.020997,250.52,120.976,506.1,0,2,compressed_ring_ar
1778534452.4128494,17,26,2.112544,223.68,105.854,570.848,0,2,compressed_ring_ar
1778534453.094111,17,27,1.957643,197.66,123.698,642.956,0,2,compressed_ring_ar
1778534453.6822932,17,28,2.100854,231.55,117.215,548.222,0,2,compressed_ring_ar
1778534454.2486095,17,29,2.314909,239.72,128.636,532.782,0,2,compressed_ring_ar
1778534454.8740382,17,30,2.116567,216.85,129.342,585.56,0,2,compressed_ring_ar
1778534455.4449189,17,31,2.060079,238.39,117.219,532.244,0,2,compressed_ring_ar
1778534456.0351782,17,32,2.149052,236.52,105.892,538.12,0,2,compressed_ring_ar
1778534456.7433996,17,33,2.063134,189.24,128.246,671.664,0,2,compressed_ring_ar
1778534457.331479,17,34,2.157463,230.47,118.213,553.969,0,2,compressed_ring_ar
1778534458.0294604,17,35,2.067586,192.18,116.8,664.778,0,2,compressed_ring_ar
1778534458.684836,17,36,1.962218,205.88,124.598,616.926,0,2,compressed_ring_ar
1778534459.249513,17,37,2.206154,240.91,99.941,529.859,0,2,compressed_ring_ar
1778534459.9385424,17,38,2.252002,194.52,127.539,653.745,0,2,compressed_ring_ar
1778534460.560233,17,39,2.057588,222.66,130.677,570.726,0,2,compressed_ring_ar
1778534461.1260827,17,40,2.220951,240.39,120.325,527.624,0,2,compressed_ring_ar
1778534461.6674283,17,41,2.152696,251.68,103.753,507.173,0,2,compressed_ring_ar
1778534462.3429742,17,42,2.030699,199.32,148.288,637.164,0,2,compressed_ring_ar
1778534462.9131794,17,43,1.999337,237.59,134.899,534.1,0,2,compressed_ring_ar
1778534463.4605186,17,44,2.178598,252.43,124.492,502.296,0,2,compressed_ring_ar
1778534464.0159094,17,45,2.126093,244.49,122.301,519.263,0,2,compressed_ring_ar
1778534464.565708,17,46,2.286188,247.27,116.865,516.333,0,2,compressed_ring_ar
1778534465.1911163,17,47,2.145135,215.86,121.38,588.222,0,2,compressed_ring_ar
1778534465.7526762,17,48,2.087414,243.22,100.685,524.913,0,2,compressed_ring_ar
1778534466.4497955,17,49,2.25451,192.08,111.404,665.068,0,2,compressed_ring_ar
1778534467.1984248,17,50,2.4153,180.24,142.77,705.5,0,2,compressed_ring_ar
1778534467.755993,17,51,2.189676,245.27,124.18,517.404,0,2,compressed_ring_ar
1778534468.3159351,17,52,2.161197,243.21,119.612,521.692,0,2,compressed_ring_ar
1778534468.9023051,17,53,2.011155,231.35,128.094,548.473,0,2,compressed_ring_ar
1778534469.457425,17,54,2.226798,244.61,123.356,519.393,0,2,compressed_ring_ar
1778534470.043176,17,55,1.994935,231.67,130.401,547.669,0,2,compressed_ring_ar
1778534470.6553223,17,56,2.278413,220.58,123.323,575.779,0,2,compressed_ring_ar
1778534471.2402637,17,57,2.194761,233.7,129.558,543.028,0,2,compressed_ring_ar
1778534471.8229198,17,58,1.869164,235.42,124.928,539.143,0,2,compressed_ring_ar
1778534472.5612185,17,59,2.207381,181.1,178.471,702.158,0,2,compressed_ring_ar
1778534473.15921,17,60,2.069727,226.54,130.559,560.355,0,2,compressed_ring_ar
1778534473.731657,17,61,1.945568,236.49,103.427,539.064,0,2,compressed_ring_ar
1778534474.4410138,17,62,2.198524,189.19,124.67,671.586,0,2,compressed_ring_ar
1778534474.9859004,17,63,2.084321,252.41,118.138,502.574,0,2,compressed_ring_ar
1778534475.593957,17,64,2.147352,223.0,129.134,569.472,0,2,compressed_ring_ar
1778534476.1751812,17,65,2.088235,235.81,132.552,538.003,0,2,compressed_ring_ar
1778534476.7171283,17,66,2.160305,249.01,120.244,512.678,0,2,compressed_ring_ar
1778534477.358815,17,67,2.007545,212.44,108.184,599.531,0,2,compressed_ring_ar
1778534478.0637262,17,68,2.162254,189.99,123.782,669.195,0,2,compressed_ring_ar
1778534478.6444232,17,69,2.101452,232.79,100.991,548.537,0,2,compressed_ring_ar
1778534479.2835488,17,70,2.265626,211.23,131.32,601.351,0,2,compressed_ring_ar
1778534479.8554492,17,71,2.103336,246.81,121.346,514.203,0,2,compressed_ring_ar
1778534480.4419742,17,72,1.899998,230.54,138.641,550.649,0,2,compressed_ring_ar
1778534480.9908795,17,73,2.036897,247.37,124.309,512.742,0,2,compressed_ring_ar
1778534481.577952,17,74,2.085167,230.5,144.904,550.587,0,2,compressed_ring_ar
1778534482.1793962,17,75,2.255444,225.46,133.534,563.152,0,2,compressed_ring_ar
1778534482.7410188,17,76,2.060447,242.69,124.865,523.374,0,2,compressed_ring_ar
1778534483.3551452,17,77,2.158379,220.02,128.572,577.004,0,2,compressed_ring_ar
1778534483.9325278,17,78,2.231388,244.06,123.306,519.979,0,2,compressed_ring_ar
1778534484.5292318,17,79,2.321394,226.56,131.383,560.174,0,2,compressed_ring_ar
1778534485.1016653,17,80,2.004264,236.34,106.376,540.217,0,2,compressed_ring_ar
1778534485.836457,17,81,2.350341,182.21,134.962,697.624,0,2,compressed_ring_ar
1778534486.4497705,17,82,2.229702,222.31,133.185,572.166,0,2,compressed_ring_ar
1778534487.0809608,17,83,2.041537,217.59,154.996,583.495,0,2,compressed_ring_ar
1778534487.6915717,17,84,2.217268,223.33,112.953,568.636,0,2,compressed_ring_ar
1778534488.4207273,17,85,2.222481,187.77,119.461,677.034,0,2,compressed_ring_ar
1778534489.0214012,17,86,2.234972,225.42,127.252,563.152,0,2,compressed_ring_ar
1778534489.635404,17,87,2.154227,221.44,141.716,573.315,0,2,compressed_ring_ar
1778534490.208555,17,88,2.063387,238.27,125.944,532.685,0,2,compressed_ring_ar
1778534490.7881806,17,89,2.171609,233.56,109.035,543.639,0,2,compressed_ring_ar
1778534491.5226495,17,90,2.03137,182.63,118.754,699.606,0,2,compressed_ring_ar
1778534492.2693691,17,91,2.045902,179.41,129.476,708.942,0,2,compressed_ring_ar
1778534492.870548,17,92,2.085325,228.99,122.91,554.255,0,2,compressed_ring_ar
1778534493.4480562,17,93,2.094916,237.73,123.39,533.885,0,2,compressed_ring_ar
1778534493.9956,17,94,2.035944,249.95,120.212,507.655,0,2,compressed_ring_ar
1778534494.6118622,17,95,2.141254,219.3,124.456,579.036,0,2,compressed_ring_ar
1778534495.1912692,17,96,2.075281,233.97,123.658,541.981,0,2,compressed_ring_ar
1778534495.789171,17,97,2.18715,225.95,125.148,561.673,0,2,compressed_ring_ar
1778534496.3343287,17,98,2.164032,249.11,122.768,509.226,0,2,compressed_ring_ar
1778534496.957906,17,99,2.020917,216.46,131.544,587.465,0,2,compressed_ring_ar
1778534497.6682985,17,100,2.214283,198.95,144.83,638.823,0,2,compressed_ring_ar
1778534498.248853,17,101,2.227511,233.61,115.255,543.559,0,2,compressed_ring_ar
1778534498.815353,17,102,2.123298,240.1,123.209,528.574,0,2,compressed_ring_ar
1778534499.4120069,17,103,2.086703,226.65,103.433,561.73,0,2,compressed_ring_ar
1778534500.1232548,17,104,2.105967,188.66,129.354,677.076,0,2,compressed_ring_ar
1778534500.803918,17,105,2.010904,198.09,111.484,644.754,0,2,compressed_ring_ar
1778534501.5215309,17,106,2.00786,186.41,169.436,682.075,0,2,compressed_ring_ar
1778534502.0805807,17,107,2.096824,242.7,102.936,526.066,0,2,compressed_ring_ar
1778534502.7675364,17,108,2.139702,195.45,116.318,650.806,0,2,compressed_ring_ar
1778534503.5241258,17,109,2.076235,177.07,136.824,718.122,0,2,compressed_ring_ar
1778534504.0993097,17,110,2.043262,237.46,133.089,534.641,0,2,compressed_ring_ar
1778534504.650366,17,111,2.172235,246.35,124.917,515.116,0,2,compressed_ring_ar
1778534505.2396114,17,112,2.038478,229.39,124.232,553.41,0,2,compressed_ring_ar
1778534505.8027692,17,113,2.077106,240.9,101.845,529.96,0,2,compressed_ring_ar
1778534506.5257628,17,114,2.167474,184.95,133.759,687.151,0,2,compressed_ring_ar
1778534507.1042883,17,115,2.176455,235.04,134.659,540.08,0,2,compressed_ring_ar
1778534507.6637914,17,116,2.121821,246.76,128.737,514.298,0,2,compressed_ring_ar
1778534508.266593,17,117,2.171202,224.18,121.277,566.397,0,2,compressed_ring_ar
1778534508.8278077,17,118,2.06024,242.12,122.173,524.122,0,2,compressed_ring_ar
1778534509.416409,17,119,2.186581,229.62,129.48,552.912,0,2,compressed_ring_ar
1778534510.0015,17,120,2.072353,233.2,126.718,544.345,0,2,compressed_ring_ar
1778534510.6089857,17,121,2.107246,222.2,138.112,571.345,0,2,compressed_ring_ar
1778534511.1644635,17,122,2.208323,245.57,127.949,516.758,0,2,compressed_ring_ar
1778534511.7463343,17,123,2.175147,232.65,123.18,545.75,0,2,compressed_ring_ar
1778534512.3080122,17,124,2.086834,242.02,122.803,524.161,0,2,compressed_ring_ar
1778534512.8818896,17,125,2.108458,235.95,100.265,537.948,0,2,compressed_ring_ar
1778534513.5909958,17,126,2.118154,190.45,128.15,667.343,0,2,compressed_ring_ar
1778534514.203619,17,127,2.122667,221.52,133.244,573.171,0,2,compressed_ring_ar
1778534514.7848394,17,128,2.020062,234.62,126.804,540.909,0,2,compressed_ring_ar
1778534515.3887322,17,129,2.118895,224.28,127.157,566.251,0,2,compressed_ring_ar
1778534515.9710102,17,130,2.130725,234.28,124.838,541.842,0,2,compressed_ring_ar
1778534516.5777762,17,131,2.064614,222.84,139.183,569.795,0,2,compressed_ring_ar
1778534517.1566434,17,132,2.013976,234.4,134.896,541.466,0,2,compressed_ring_ar
1778534517.7224414,17,133,1.954068,239.33,135.675,530.436,0,2,compressed_ring_ar
1778534518.3415124,17,134,1.985959,220.3,127.438,576.249,0,2,compressed_ring_ar
1778534518.9259422,17,135,2.061614,231.84,126.264,547.183,0,2,compressed_ring_ar
1778534519.5046217,17,136,2.145457,234.43,126.412,541.157,0,2,compressed_ring_ar
1778534520.0712552,17,137,2.058236,238.68,107.064,534.946,0,2,compressed_ring_ar
1778534520.7332141,17,138,2.189209,204.26,122.212,622.13,0,2,compressed_ring_ar
1778534521.309301,17,139,2.134351,235.69,126.177,538.572,0,2,compressed_ring_ar
1778534521.88522,17,140,2.114442,236.83,104.813,536.46,0,2,compressed_ring_ar
1778534522.6160514,17,141,2.020117,188.64,125.78,674.082,0,2,compressed_ring_ar
1778534523.194009,17,142,2.262476,235.32,124.788,539.017,0,2,compressed_ring_ar
1778534523.7517002,17,143,2.236068,243.2,108.897,524.905,0,2,compressed_ring_ar
1778534524.4585276,17,144,2.205341,189.56,128.472,670.724,0,2,compressed_ring_ar
1778534525.0554368,17,145,2.231347,229.7,125.503,552.906,0,2,compressed_ring_ar
1778534525.6437163,17,146,2.060883,235.36,126.246,539.224,0,2,compressed_ring_ar
1778534526.2183852,17,147,2.1469,236.97,122.548,535.415,0,2,compressed_ring_ar
1778534526.769717,17,148,2.095507,246.07,125.413,515.484,0,2,compressed_ring_ar
1778534527.3520741,17,149,2.210812,233.66,124.48,543.253,0,2,compressed_ring_ar
1778534527.9055378,17,150,2.11157,245.86,105.398,519.213,0,2,compressed_ring_ar
1778534528.6033387,17,151,2.002848,194.1,129.729,655.512,0,2,compressed_ring_ar
1778534529.241663,17,152,2.405523,214.28,165.309,593.113,0,2,compressed_ring_ar
1778534529.9555962,17,153,2.193383,194.49,125.285,654.318,0,2,compressed_ring_ar
1778534530.5346327,17,154,2.178644,233.72,116.155,546.253,0,2,compressed_ring_ar
1778534531.2419002,17,155,2.024042,189.99,127.745,669.244,0,2,compressed_ring_ar
1778534531.8181407,17,156,2.110462,234.98,130.105,540.154,0,2,compressed_ring_ar
1778534532.4052238,17,157,2.105853,230.39,129.697,550.574,0,2,compressed_ring_ar
1778534532.9549003,17,158,2.029584,246.72,107.831,517.593,0,2,compressed_ring_ar
1778534533.620857,17,159,2.231451,202.0,122.571,629.186,0,2,compressed_ring_ar
1778534534.183116,17,160,2.068452,241.78,128.539,525.714,0,2,compressed_ring_ar
1778534534.7551901,17,161,2.154897,236.74,116.783,539.271,0,2,compressed_ring_ar
1778534535.449208,17,162,2.211353,193.51,132.479,660.145,0,2,compressed_ring_ar
1778534536.0743375,17,163,2.199644,218.96,122.825,580.078,0,2,compressed_ring_ar
1778534536.64899,17,164,2.20076,235.04,120.706,540.686,0,2,compressed_ring_ar
1778534537.1995149,17,165,2.239298,247.78,128.888,512.083,0,2,compressed_ring_ar
1778534537.7871134,17,166,2.201305,231.27,124.559,548.986,0,2,compressed_ring_ar
1778534538.3721828,17,167,2.099811,231.55,126.278,548.068,0,2,compressed_ring_ar
1778534538.9536026,17,168,2.164645,234.49,132.142,541.633,0,2,compressed_ring_ar
1778534539.514624,17,169,1.976482,241.6,121.878,525.144,0,2,compressed_ring_ar
1778534540.0762732,17,170,2.134004,244.4,123.687,518.752,0,2,compressed_ring_ar
1778534540.6329644,17,171,2.09713,243.77,120.404,520.4,0,2,compressed_ring_ar
1778534541.2218754,17,172,2.014745,230.51,111.558,553.97,0,2,compressed_ring_ar
1778534541.9199317,17,173,2.243353,194.31,122.731,657.293,0,2,compressed_ring_ar
1778534542.6813023,17,174,2.046495,175.92,127.019,726.22,0,2,compressed_ring_ar
1778534543.4387655,17,175,2.085821,178.62,125.493,712.086,0,2,compressed_ring_ar
1778534544.075645,17,176,2.106344,214.03,147.223,593.313,0,2,compressed_ring_ar
1778534544.719721,17,177,2.229291,211.42,137.195,600.775,0,2,compressed_ring_ar
1778534545.3650327,17,178,2.035607,211.44,144.732,603.447,0,2,compressed_ring_ar
1778534545.9952261,17,179,2.358077,216.02,129.915,587.826,0,2,compressed_ring_ar
1778534546.6263456,17,180,2.02052,216.31,135.932,586.916,0,2,compressed_ring_ar
1778534547.2085352,17,181,2.190629,233.1,136.838,544.552,0,2,compressed_ring_ar
1778534547.8271623,17,182,2.205813,218.8,137.947,580.466,0,2,compressed_ring_ar
1778534548.4063869,17,183,2.157151,235.9,126.476,538.118,0,2,compressed_ring_ar
1778534549.022094,17,184,1.967317,220.92,128.0,573.601,0,2,compressed_ring_ar
1778534549.61992,17,185,2.204648,230.22,129.281,551.302,0,2,compressed_ring_ar
1778534550.2193418,17,186,2.263487,226.21,116.716,560.889,0,2,compressed_ring_ar
1778534550.9733036,17,187,2.218645,178.97,144.729,710.835,0,2,compressed_ring_ar
1778534551.6342528,17,188,2.274058,204.98,147.138,619.765,0,2,compressed_ring_ar
1778534552.2321475,17,189,2.342788,227.16,134.354,558.756,0,2,compressed_ring_ar
1778534552.8293781,17,190,1.98345,228.1,114.841,559.885,0,2,compressed_ring_ar
1778534553.5353024,17,191,2.241373,190.56,146.228,667.039,0,2,compressed_ring_ar
1778534554.10222,17,192,2.223654,239.61,124.811,529.738,0,2,compressed_ring_ar
1778534554.7196949,17,193,2.165707,218.73,120.485,580.452,0,2,compressed_ring_ar
1778534555.2952237,17,194,2.088607,244.49,113.912,522.317,0,2,compressed_ring_ar
1778534555.8076956,17,195,2.056004,81.03,118.184,489.077,0,2,compressed_ring_ar
1778534562.3469212,18,0,2.116884,184.64,120.039,691.908,0,2,compressed_ring_ar
1778534563.1860297,18,1,2.155791,165.16,110.911,773.612,0,2,compressed_ring_ar
1778534563.8938324,18,2,2.039311,189.63,137.931,670.558,0,2,compressed_ring_ar
1778534564.4986598,18,3,1.992673,227.06,130.684,559.211,0,2,compressed_ring_ar
1778534565.086243,18,4,2.15161,230.14,129.252,551.602,0,2,compressed_ring_ar
1778534565.6243181,18,5,2.088361,255.43,116.383,496.386,0,2,compressed_ring_ar
1778534566.1871932,18,6,2.197068,245.32,121.145,517.007,0,2,compressed_ring_ar
1778534566.7343218,18,7,2.196906,253.52,121.072,500.156,0,2,compressed_ring_ar
1778534567.335526,18,8,2.041015,225.36,108.526,566.66,0,2,compressed_ring_ar
1778534568.0423906,18,9,2.033938,192.25,143.058,661.33,0,2,compressed_ring_ar
1778534568.5943534,18,10,2.155832,245.54,123.426,516.862,0,2,compressed_ring_ar
1778534569.17659,18,11,1.994619,232.86,130.342,545.048,0,2,compressed_ring_ar
1778534569.7830026,18,12,2.235063,222.66,122.077,570.376,0,2,compressed_ring_ar
1778534570.368778,18,13,2.220957,233.06,98.12,547.776,0,2,compressed_ring_ar
1778534571.0697107,18,14,2.160886,191.12,125.921,665.335,0,2,compressed_ring_ar
1778534571.6483068,18,15,2.069386,233.89,120.631,542.822,0,2,compressed_ring_ar
1778534572.2146034,18,16,2.234098,239.56,106.885,533.016,0,2,compressed_ring_ar
1778534572.907445,18,17,2.115622,193.93,129.554,658.66,0,2,compressed_ring_ar
1778534573.5261996,18,18,2.082442,218.48,126.167,581.366,0,2,compressed_ring_ar
1778534574.0879078,18,19,2.121388,241.39,128.115,525.528,0,2,compressed_ring_ar
1778534574.6494184,18,20,2.173293,241.99,113.661,524.76,0,2,compressed_ring_ar
1778534575.3777235,18,21,2.359443,183.58,132.397,693.072,0,2,compressed_ring_ar
1778534575.9608085,18,22,2.146497,231.88,101.156,550.622,0,2,compressed_ring_ar
1778534576.6434062,18,23,2.120483,196.76,124.883,645.676,0,2,compressed_ring_ar
1778534577.2951376,18,24,2.024735,206.44,144.358,615.28,0,2,compressed_ring_ar
1778534577.9123983,18,25,2.240319,218.1,123.713,582.123,0,2,compressed_ring_ar
1778534578.518049,18,26,2.173279,231.7,125.184,551.108,0,2,compressed_ring_ar
1778534579.1482546,18,27,2.291349,215.96,122.62,587.823,0,2,compressed_ring_ar
1778534579.7341914,18,28,2.128657,231.94,120.473,547.013,0,2,compressed_ring_ar
1778534580.31464,18,29,2.051795,240.75,119.793,526.995,0,2,compressed_ring_ar
1778534580.8838968,18,30,2.103327,249.47,130.101,508.619,0,2,compressed_ring_ar
1778534581.4483383,18,31,1.937024,240.11,119.349,528.535,0,2,compressed_ring_ar
1778534582.0512278,18,32,2.246195,224.93,120.101,564.514,0,2,compressed_ring_ar
1778534582.6515703,18,33,2.24376,226.18,121.845,561.203,0,2,compressed_ring_ar
1778534583.1947503,18,34,2.043311,250.32,123.798,507.114,0,2,compressed_ring_ar
1778534583.7549067,18,35,2.071203,242.37,122.109,523.756,0,2,compressed_ring_ar
1778534584.347162,18,36,2.059917,228.76,136.94,554.903,0,2,compressed_ring_ar
1778534584.944418,18,37,2.270743,226.67,125.284,560.375,0,2,compressed_ring_ar
1778534585.5196455,18,38,2.093324,239.49,122.444,529.826,0,2,compressed_ring_ar
1778534586.0938962,18,39,2.203066,236.33,128.419,537.099,0,2,compressed_ring_ar
1778534586.704148,18,40,2.062401,222.15,131.548,571.385,0,2,compressed_ring_ar
1778534587.2934475,18,41,2.074541,229.19,128.817,553.617,0,2,compressed_ring_ar
1778534587.8415859,18,42,1.937269,248.67,123.107,509.963,0,2,compressed_ring_ar
1778534588.4201314,18,43,2.151318,234.06,105.602,545.483,0,2,compressed_ring_ar
1778534589.1897097,18,44,2.149399,174.78,116.144,731.084,0,2,compressed_ring_ar
1778534589.881587,18,45,2.053739,198.84,105.66,642.323,0,2,compressed_ring_ar
1778534590.5680232,18,46,2.10103,195.8,118.814,649.345,0,2,compressed_ring_ar
1778534591.1571374,18,47,2.104277,230.07,125.964,551.838,0,2,compressed_ring_ar
1778534591.7261298,18,48,2.097985,237.73,130.458,534.857,0,2,compressed_ring_ar
1778534592.3038256,18,49,2.298176,238.14,128.461,533.215,0,2,compressed_ring_ar
1778534592.937526,18,50,2.10277,212.99,122.47,596.328,0,2,compressed_ring_ar
1778534593.5114305,18,51,2.264622,238.36,111.438,533.144,0,2,compressed_ring_ar
1778534594.3341365,18,52,2.283624,161.85,173.616,786.306,0,2,compressed_ring_ar
1778534595.07269,18,53,2.246517,190.59,139.107,666.578,0,2,compressed_ring_ar
1778534595.7205892,18,54,1.918939,216.99,140.827,584.99,0,2,compressed_ring_ar
1778534596.298874,18,55,2.055562,232.51,131.58,545.595,0,2,compressed_ring_ar
1778534596.8441403,18,56,2.143397,248.5,119.751,510.387,0,2,compressed_ring_ar
1778534597.4411032,18,57,2.089992,226.56,128.028,560.395,0,2,compressed_ring_ar
1778534598.0487013,18,58,2.167329,222.91,131.33,569.213,0,2,compressed_ring_ar
1778534598.6167142,18,59,2.041392,244.39,102.382,522.398,0,2,compressed_ring_ar
1778534599.2765753,18,60,2.090616,204.91,128.51,620.142,0,2,compressed_ring_ar
1778534599.8839948,18,61,2.101682,222.24,128.607,571.366,0,2,compressed_ring_ar
1778534600.4518204,18,62,2.185879,239.51,107.408,533.297,0,2,compressed_ring_ar
1778534601.0846362,18,63,2.033559,213.44,124.694,594.971,0,2,compressed_ring_ar
1778534601.6532743,18,64,2.215527,238.93,117.655,530.646,0,2,compressed_ring_ar
1778534602.2124147,18,65,2.063853,242.57,109.423,525.296,0,2,compressed_ring_ar
1778534602.9054124,18,66,2.07528,195.17,146.52,651.388,0,2,compressed_ring_ar
1778534603.4743183,18,67,2.165303,238.04,119.563,533.097,0,2,compressed_ring_ar
1778534604.0394604,18,68,2.071405,239.6,115.446,529.554,0,2,compressed_ring_ar
1778534604.6065457,18,69,2.190601,239.72,120.235,529.274,0,2,compressed_ring_ar
1778534605.2014065,18,70,2.034549,227.97,104.976,560.059,0,2,compressed_ring_ar
1778534605.913601,18,71,2.16416,188.32,137.722,675.055,0,2,compressed_ring_ar
1778534606.478282,18,72,2.161939,244.9,120.513,518.112,0,2,compressed_ring_ar
1778534607.1031241,18,73,2.124297,218.49,138.33,581.254,0,2,compressed_ring_ar
1778534607.6745431,18,74,2.151216,239.68,126.822,529.66,0,2,compressed_ring_ar
1778534608.2486024,18,75,2.091403,235.93,139.258,537.852,0,2,compressed_ring_ar
1778534608.8347275,18,76,1.967183,232.16,130.93,547.102,0,2,compressed_ring_ar
1778534609.4281478,18,77,2.120581,232.07,128.68,547.25,0,2,compressed_ring_ar
1778534610.0256205,18,78,1.999333,226.33,126.432,561.968,0,2,compressed_ring_ar
1778534610.6324742,18,79,2.278021,225.62,125.744,562.97,0,2,compressed_ring_ar
1778534611.2229915,18,80,2.108499,230.1,130.718,551.787,0,2,compressed_ring_ar
1778534611.7970405,18,81,2.067163,237.36,126.884,534.433,0,2,compressed_ring_ar
1778534612.3751903,18,82,2.004998,234.45,111.606,542.846,0,2,compressed_ring_ar
1778534613.0986075,18,83,2.068043,184.96,131.667,687.635,0,2,compressed_ring_ar
1778534613.6922483,18,84,2.133068,234.69,120.526,540.98,0,2,compressed_ring_ar
1778534614.2583551,18,85,1.868367,239.0,126.524,530.922,0,2,compressed_ring_ar
1778534614.8486729,18,86,2.163956,229.69,127.806,553.316,0,2,compressed_ring_ar
1778534615.4259555,18,87,2.120358,236.01,131.456,537.939,0,2,compressed_ring_ar
1778534615.9960039,18,88,1.936172,240.69,120.942,527.36,0,2,compressed_ring_ar
1778534616.5688186,18,89,1.947291,236.87,121.853,535.914,0,2,compressed_ring_ar
1778534617.2006626,18,90,2.012531,215.44,142.551,589.63,0,2,compressed_ring_ar
1778534617.776891,18,91,2.175678,237.84,132.473,533.438,0,2,compressed_ring_ar
1778534618.3185847,18,92,2.096214,252.54,120.012,502.572,0,2,compressed_ring_ar
1778534618.9236727,18,93,1.978937,223.61,102.953,571.185,0,2,compressed_ring_ar
1778534619.619537,18,94,2.329823,195.49,138.405,653.326,0,2,compressed_ring_ar
1778534620.3171422,18,95,2.039777,192.25,133.954,661.787,0,2,compressed_ring_ar
1778534620.91347,18,96,2.062214,226.59,106.508,563.75,0,2,compressed_ring_ar
1778534621.5849667,18,97,2.061736,204.16,120.21,625.501,0,2,compressed_ring_ar
1778534622.3040354,18,98,1.950432,186.36,129.62,681.939,0,2,compressed_ring_ar
1778534622.8837094,18,99,2.108299,233.53,123.487,543.542,0,2,compressed_ring_ar
1778534623.4452522,18,100,2.118629,246.31,131.392,515.15,0,2,compressed_ring_ar
1778534624.055718,18,101,2.019817,221.21,128.769,574.104,0,2,compressed_ring_ar
1778534624.6417193,18,102,2.077999,230.63,117.327,553.69,0,2,compressed_ring_ar
1778534625.3736455,18,103,2.080176,184.48,129.514,689.127,0,2,compressed_ring_ar
1778534625.9987612,18,104,2.213784,215.8,141.167,588.822,0,2,compressed_ring_ar
1778534626.6204886,18,105,2.052811,217.49,129.698,584.841,0,2,compressed_ring_ar
1778534627.238352,18,106,2.161497,218.85,151.727,580.065,0,2,compressed_ring_ar
1778534627.8195958,18,107,2.082003,233.55,126.661,543.287,0,2,compressed_ring_ar
1778534628.404142,18,108,2.220582,233.26,129.137,543.902,0,2,compressed_ring_ar
1778534628.9713504,18,109,1.918459,244.87,121.979,517.968,0,2,compressed_ring_ar
1778534629.5389092,18,110,2.081671,238.81,106.21,533.03,0,2,compressed_ring_ar
1778534630.2261178,18,111,2.079865,195.66,128.189,653.021,0,2,compressed_ring_ar
1778534630.8515458,18,112,2.080798,217.83,118.194,582.95,0,2,compressed_ring_ar
1778534631.4371989,18,113,2.167443,230.62,121.204,550.023,0,2,compressed_ring_ar
1778534632.0453277,18,114,2.165872,221.75,147.683,573.159,0,2,compressed_ring_ar
1778534632.6324337,18,115,2.233025,231.29,122.489,548.743,0,2,compressed_ring_ar
1778534633.1831124,18,116,2.043874,246.46,103.269,517.804,0,2,compressed_ring_ar
1778534633.871713,18,117,2.128139,196.36,126.612,647.432,0,2,compressed_ring_ar
1778534634.5925791,18,118,2.278051,192.76,136.577,662.619,0,2,compressed_ring_ar
1778534635.3325045,18,119,1.988863,180.4,130.263,705.471,0,2,compressed_ring_ar
1778534635.904527,18,120,1.966438,237.71,127.94,534.145,0,2,compressed_ring_ar
1778534636.4821756,18,121,2.185817,234.07,124.934,542.032,0,2,compressed_ring_ar
1778534637.0839114,18,122,2.17792,224.27,120.579,566.329,0,2,compressed_ring_ar
1778534637.6757002,18,123,2.038395,229.05,121.019,554.158,0,2,compressed_ring_ar
1778534638.2632966,18,124,1.936459,230.25,126.863,550.986,0,2,compressed_ring_ar
1778534638.8319588,18,125,2.026009,238.17,124.281,532.529,0,2,compressed_ring_ar
1778534639.393433,18,126,2.074,241.49,117.361,525.884,0,2,compressed_ring_ar
1778534639.9710977,18,127,2.259844,235.06,126.025,539.777,0,2,compressed_ring_ar
1778534640.5453043,18,128,1.96273,235.56,134.776,538.908,0,2,compressed_ring_ar
1778534641.115827,18,129,2.138662,237.16,127.247,535.124,0,2,compressed_ring_ar
1778534641.672264,18,130,2.125283,243.55,129.242,524.233,0,2,compressed_ring_ar
1778534642.2765343,18,131,2.234806,223.64,116.75,567.87,0,2,compressed_ring_ar
1778534642.9146714,18,132,1.963832,210.78,125.224,602.328,0,2,compressed_ring_ar
1778534643.4815836,18,133,2.282348,240.55,125.924,527.695,0,2,compressed_ring_ar
1778534644.063259,18,134,2.294248,232.77,126.633,545.078,0,2,compressed_ring_ar
1778534644.622147,18,135,2.057506,242.86,119.791,522.336,0,2,compressed_ring_ar
1778534645.2144089,18,136,2.066681,230.13,125.75,551.598,0,2,compressed_ring_ar
1778534645.8124735,18,137,2.067343,227.56,111.22,561.206,0,2,compressed_ring_ar
1778534646.5248384,18,138,2.016206,187.97,117.702,676.825,0,2,compressed_ring_ar
1778534647.248201,18,139,2.196469,185.2,146.441,686.461,0,2,compressed_ring_ar
1778534647.8297875,18,140,2.133447,232.8,134.568,544.97,0,2,compressed_ring_ar
1778534648.407292,18,141,2.079179,241.79,121.708,525.756,0,2,compressed_ring_ar
1778534648.981053,18,142,2.254845,238.08,126.0,533.042,0,2,compressed_ring_ar
1778534649.5691283,18,143,2.115283,230.47,127.062,550.841,0,2,compressed_ring_ar
1778534650.1720324,18,144,2.311606,224.67,130.703,564.782,0,2,compressed_ring_ar
1778534650.7404013,18,145,2.103091,238.23,123.579,532.808,0,2,compressed_ring_ar
1778534651.2981708,18,146,2.274867,244.42,105.686,521.322,0,2,compressed_ring_ar
1778534652.0185661,18,147,1.936631,186.11,128.141,683.449,0,2,compressed_ring_ar
1778534652.6066422,18,148,2.096888,230.11,127.529,551.175,0,2,compressed_ring_ar
1778534653.193409,18,149,2.049151,231.26,122.674,548.795,0,2,compressed_ring_ar
1778534653.7805693,18,150,2.199533,233.09,127.016,544.424,0,2,compressed_ring_ar
1778534654.4064493,18,151,2.146388,217.08,128.008,584.968,0,2,compressed_ring_ar
1778534654.974889,18,152,2.189383,239.4,133.939,529.884,0,2,compressed_ring_ar
1778534655.5788038,18,153,2.141822,225.17,148.023,563.913,0,2,compressed_ring_ar
1778534656.1374285,18,154,2.039886,249.63,118.974,508.383,0,2,compressed_ring_ar
1778534656.7215548,18,155,2.132962,230.86,119.878,550.063,0,2,compressed_ring_ar
1778534657.309445,18,156,2.117255,233.55,133.085,543.605,0,2,compressed_ring_ar
1778534657.9058301,18,157,1.972485,226.37,124.792,560.806,0,2,compressed_ring_ar
1778534658.469242,18,158,1.976762,241.1,105.414,528.772,0,2,compressed_ring_ar
1778534659.1873257,18,159,2.255897,187.18,144.948,679.363,0,2,compressed_ring_ar
1778534659.759286,18,160,2.116127,237.23,125.866,534.91,0,2,compressed_ring_ar
1778534660.3262897,18,161,2.167758,238.84,137.765,531.16,0,2,compressed_ring_ar
1778534660.8919973,18,162,1.917573,239.4,106.285,533.254,0,2,compressed_ring_ar
1778534661.5770617,18,163,2.115454,197.02,129.021,644.901,0,2,compressed_ring_ar
1778534662.1670592,18,164,2.240938,232.93,124.402,544.871,0,2,compressed_ring_ar
1778534662.7245162,18,165,2.000308,243.25,125.186,521.708,0,2,compressed_ring_ar
1778534663.30513,18,166,2.07563,233.33,126.173,543.927,0,2,compressed_ring_ar
1778534663.8888788,18,167,2.017672,231.81,125.735,547.457,0,2,compressed_ring_ar
1778534664.4875765,18,168,2.107504,227.69,130.732,557.927,0,2,compressed_ring_ar
1778534665.0640113,18,169,2.054963,239.92,118.325,532.166,0,2,compressed_ring_ar
1778534665.7221835,18,170,1.943568,205.25,130.738,619.068,0,2,compressed_ring_ar
1778534666.2882447,18,171,2.058596,247.07,99.142,514.834,0,2,compressed_ring_ar
1778534667.020715,18,172,2.159279,182.58,122.754,696.531,0,2,compressed_ring_ar
1778534667.6391919,18,173,2.060464,220.79,135.964,575.133,0,2,compressed_ring_ar
1778534668.2104983,18,174,2.088202,244.83,128.346,518.14,0,2,compressed_ring_ar
1778534668.771985,18,175,2.060915,247.53,124.407,512.573,0,2,compressed_ring_ar
1778534669.3547885,18,176,2.083469,239.58,130.487,529.612,0,2,compressed_ring_ar
1778534669.9133134,18,177,1.903219,243.1,103.083,523.421,0,2,compressed_ring_ar
1778534670.6371617,18,178,2.279722,184.6,125.482,688.61,0,2,compressed_ring_ar
1778534671.1818333,18,179,2.209711,253.54,117.159,500.409,0,2,compressed_ring_ar
1778534671.768675,18,180,2.075747,232.11,123.338,546.822,0,2,compressed_ring_ar
1778534672.34279,18,181,2.023966,236.05,120.6,537.826,0,2,compressed_ring_ar
1778534672.8919861,18,182,2.121678,248.94,121.158,509.292,0,2,compressed_ring_ar
1778534673.4692044,18,183,2.13547,236.95,131.119,535.247,0,2,compressed_ring_ar
1778534674.0492086,18,184,2.020949,234.26,120.99,541.869,0,2,compressed_ring_ar
1778534674.5924146,18,185,1.950005,250.7,106.147,509.21,0,2,compressed_ring_ar
1778534675.3505712,18,186,2.013072,179.46,137.205,708.642,0,2,compressed_ring_ar
1778534675.9292488,18,187,2.269542,237.19,117.818,535.198,0,2,compressed_ring_ar
1778534676.4986606,18,188,2.136412,237.89,101.849,536.483,0,2,compressed_ring_ar
1778534677.1955028,18,189,2.070049,193.65,162.85,659.564,0,2,compressed_ring_ar
1778534677.8851295,18,190,2.266299,196.98,106.283,648.412,0,2,compressed_ring_ar
1778534678.582721,18,191,2.127289,192.8,123.974,659.293,0,2,compressed_ring_ar
1778534679.1877942,18,192,2.127318,224.26,128.896,566.074,0,2,compressed_ring_ar
1778534679.7716408,18,193,1.999208,240.42,127.039,527.609,0,2,compressed_ring_ar
1778534680.35462,18,194,2.022749,231.95,134.484,550.463,0,2,compressed_ring_ar
1778534680.8896506,18,195,2.137113,77.84,129.353,509.163,0,2,compressed_ring_ar
1778534687.4011285,19,0,2.098205,174.76,103.132,731.655,0,2,compressed_ring_ar
1778534688.0331602,19,1,1.988989,219.87,153.352,580.741,0,2,compressed_ring_ar
1778534688.7267928,19,2,2.070791,194.23,121.647,654.677,0,2,compressed_ring_ar
1778534689.3235698,19,3,2.041638,228.98,133.667,554.39,0,2,compressed_ring_ar
1778534689.86886,19,4,2.184167,249.59,94.475,511.471,0,2,compressed_ring_ar
1778534690.5712705,19,5,2.078001,191.41,130.832,664.154,0,2,compressed_ring_ar
1778534691.2020292,19,6,2.10302,214.04,128.874,593.21,0,2,compressed_ring_ar
1778534691.793109,19,7,2.02784,228.31,141.922,555.973,0,2,compressed_ring_ar
1778534692.345236,19,8,2.127766,246.85,116.253,513.819,0,2,compressed_ring_ar
1778534692.9381375,19,9,1.949363,227.93,131.573,556.916,0,2,compressed_ring_ar
1778534693.4931552,19,10,2.131993,244.25,130.906,519.579,0,2,compressed_ring_ar
1778534694.1261432,19,11,2.308451,212.93,120.823,596.107,0,2,compressed_ring_ar
1778534694.6944983,19,12,2.055168,238.24,117.61,532.812,0,2,compressed_ring_ar
1778534695.2796423,19,13,1.976458,231.79,126.857,547.729,0,2,compressed_ring_ar
1778534695.8447893,19,14,2.280905,239.57,105.762,532.887,0,2,compressed_ring_ar
1778534696.5684624,19,15,1.921582,186.36,116.049,682.401,0,2,compressed_ring_ar
1778534697.2604134,19,16,2.15334,195.15,89.005,654.558,0,2,compressed_ring_ar
1778534698.0013123,19,17,2.06828,180.85,130.193,706.412,0,2,compressed_ring_ar
1778534698.9187846,19,18,2.086051,149.1,116.014,855.195,0,2,compressed_ring_ar
1778534699.623174,19,19,2.255364,191.54,101.751,667.074,0,2,compressed_ring_ar
1778534700.2481,19,20,2.087578,216.07,99.806,591.176,0,2,compressed_ring_ar
1778534700.8181472,19,21,2.121863,241.24,145.351,529.549,0,2,compressed_ring_ar
1778534701.4368103,19,22,2.146707,221.43,147.779,576.686,0,2,compressed_ring_ar
1778534702.0646067,19,23,2.273454,214.59,107.933,595.469,0,2,compressed_ring_ar
1778534702.6858425,19,24,2.261471,220.31,151.279,579.582,0,2,compressed_ring_ar
1778534703.396729,19,25,2.103858,189.56,113.012,673.852,0,2,compressed_ring_ar
1778534704.0887876,19,26,2.152026,193.75,112.768,659.283,0,2,compressed_ring_ar
1778534704.7761111,19,27,1.986072,195.29,113.342,654.023,0,2,compressed_ring_ar
1778534705.4274623,19,28,2.094372,207.76,90.656,614.817,0,2,compressed_ring_ar
1778534706.074733,19,29,2.221241,213.09,155.985,599.269,0,2,compressed_ring_ar
1778534706.8118114,19,30,2.07451,181.55,130.695,703.739,0,2,compressed_ring_ar
1778534707.4798393,19,31,2.198695,202.61,100.077,630.635,0,2,compressed_ring_ar
1778534708.0427623,19,32,2.248249,245.46,152.676,520.236,0,2,compressed_ring_ar
1778534708.6486778,19,33,2.17171,225.71,169.123,565.732,0,2,compressed_ring_ar
1778534709.3443315,19,34,2.181164,193.11,121.051,661.453,0,2,compressed_ring_ar
1778534710.0296218,19,35,2.042002,196.21,110.763,650.937,0,2,compressed_ring_ar
1778534710.6917703,19,36,2.134086,205.04,102.959,622.863,0,2,compressed_ring_ar
1778534711.3799741,19,37,2.258971,195.22,113.038,654.333,0,2,compressed_ring_ar
1778534712.0867922,19,38,2.069423,190.24,125.384,671.378,0,2,compressed_ring_ar
1778534712.8007581,19,39,2.288526,188.74,119.0,676.796,0,2,compressed_ring_ar
1778534713.4184206,19,40,2.179152,219.99,100.116,580.749,0,2,compressed_ring_ar
1778534714.056813,19,41,2.115526,216.33,168.891,587.828,0,2,compressed_ring_ar
1778534714.6844885,19,42,2.202331,214.78,91.245,594.763,0,2,compressed_ring_ar
1778534715.336982,19,43,2.207223,213.65,143.951,597.697,0,2,compressed_ring_ar
1778534716.0638332,19,44,1.987085,184.16,132.436,693.674,0,2,compressed_ring_ar
1778534716.7441306,19,45,2.136153,198.1,114.56,644.669,0,2,compressed_ring_ar
1778534717.4767447,19,46,2.092151,183.29,145.05,697.158,0,2,compressed_ring_ar
1778534718.1934128,19,47,2.222483,187.86,122.949,679.985,0,2,compressed_ring_ar
1778534718.8718636,19,48,2.168297,199.67,126.646,639.689,0,2,compressed_ring_ar
1778534719.5923057,19,49,2.224387,186.77,125.875,683.92,0,2,compressed_ring_ar
1778534720.2687895,19,50,2.107517,199.18,110.937,641.273,0,2,compressed_ring_ar
1778534720.9232814,19,51,2.055228,205.79,125.51,620.642,0,2,compressed_ring_ar
1778534721.5836027,19,52,2.206651,204.53,146.592,621.519,0,2,compressed_ring_ar
1778534722.4251862,19,53,2.083461,160.43,141.037,796.764,0,2,compressed_ring_ar
1778534723.2782285,19,54,2.181466,161.09,127.634,793.147,0,2,compressed_ring_ar
1778534723.9812508,19,55,2.215289,190.96,113.066,668.896,0,2,compressed_ring_ar
1778534724.6585143,19,56,2.173234,199.61,123.02,639.935,0,2,compressed_ring_ar
1778534725.3902643,19,57,2.055884,182.49,124.509,698.748,0,2,compressed_ring_ar
1778534726.087385,19,58,2.094469,192.61,113.481,663.127,0,2,compressed_ring_ar
1778534726.7924056,19,59,2.132271,190.31,118.344,671.297,0,2,compressed_ring_ar
1778534727.5267618,19,60,1.965128,182.51,111.189,698.275,0,2,compressed_ring_ar
1778534728.187056,19,61,2.133905,204.19,87.875,625.805,0,2,compressed_ring_ar
1778534728.8437097,19,62,2.262914,211.23,182.507,604.126,0,2,compressed_ring_ar
1778534729.4966452,19,63,1.925747,206.4,148.433,618.822,0,2,compressed_ring_ar
1778534730.1659107,19,64,2.206535,200.56,120.698,637.079,0,2,compressed_ring_ar
1778534730.7451694,19,65,2.09556,239.06,130.335,534.05,0,2,compressed_ring_ar
1778534731.4011142,19,66,2.159926,204.63,92.101,624.211,0,2,compressed_ring_ar
1778534732.046203,19,67,2.158156,210.41,117.777,604.295,0,2,compressed_ring_ar
1778534732.6307302,19,68,2.311173,232.91,111.417,544.885,0,2,compressed_ring_ar
1778534733.221571,19,69,2.178519,229.13,133.121,554.902,0,2,compressed_ring_ar
1778534733.7964525,19,70,2.117857,237.14,127.388,535.223,0,2,compressed_ring_ar
1778534734.3349075,19,71,2.253209,252.65,79.7,505.276,0,2,compressed_ring_ar
1778534735.0334063,19,72,2.179199,195.15,130.667,651.57,0,2,compressed_ring_ar
1778534735.6562264,19,73,2.194215,228.9,140.53,554.434,0,2,compressed_ring_ar
1778534736.2462747,19,74,2.044698,234.15,111.044,545.328,0,2,compressed_ring_ar
1778534736.9642391,19,75,2.117067,190.67,139.573,666.639,0,2,compressed_ring_ar
1778534737.5396526,19,76,2.049587,244.25,111.413,522.732,0,2,compressed_ring_ar
1778534738.3292086,19,77,2.352311,169.12,127.04,755.585,0,2,compressed_ring_ar
1778534739.064917,19,78,2.049646,186.57,128.706,684.592,0,2,compressed_ring_ar
1778534739.7609575,19,79,2.16091,196.26,122.621,647.837,0,2,compressed_ring_ar
1778534740.336143,19,80,2.112125,247.46,117.622,512.756,0,2,compressed_ring_ar
1778534740.9102983,19,81,1.918725,236.06,124.455,537.657,0,2,compressed_ring_ar
1778534741.484806,19,82,2.294371,235.83,113.209,541.362,0,2,compressed_ring_ar
1778534742.197211,19,83,2.214231,189.55,132.124,670.595,0,2,compressed_ring_ar
1778534742.7058167,19,84,2.26482,271.25,76.323,469.619,0,2,compressed_ring_ar
1778534743.3279908,19,85,2.102674,216.63,81.344,589.617,0,2,compressed_ring_ar
1778534743.9214857,19,86,2.216162,234.39,142.885,541.801,0,2,compressed_ring_ar
1778534744.554612,19,87,2.094836,212.47,92.821,599.455,0,2,compressed_ring_ar
1778534745.2731614,19,88,2.043187,186.44,144.066,682.088,0,2,compressed_ring_ar
1778534745.7852623,19,89,2.17595,267.42,79.48,476.281,0,2,compressed_ring_ar
1778534746.6757176,19,90,2.057541,148.56,138.303,857.652,0,2,compressed_ring_ar
1778534747.2378826,19,91,2.310336,246.05,90.584,518.876,0,2,compressed_ring_ar
1778534747.9540818,19,92,2.217916,188.23,125.456,675.476,0,2,compressed_ring_ar
1778534748.4627285,19,93,2.110822,267.58,75.363,477.011,0,2,compressed_ring_ar
1778534749.0874405,19,94,2.232275,220.3,177.8,579.663,0,2,compressed_ring_ar
1778534749.823264,19,95,2.113415,181.96,160.583,698.876,0,2,compressed_ring_ar
1778534750.3953364,19,96,2.200375,240.42,125.78,527.886,0,2,compressed_ring_ar
1778534750.9405122,19,97,2.123556,248.97,128.316,509.543,0,2,compressed_ring_ar
1778534751.5200243,19,98,2.183841,233.53,103.344,546.714,0,2,compressed_ring_ar
1778534752.212135,19,99,1.918622,194.61,125.496,652.853,0,2,compressed_ring_ar
1778534752.7891715,19,100,2.222185,234.87,121.305,540.38,0,2,compressed_ring_ar
1778534753.2979527,19,101,2.113825,268.4,88.904,475.474,0,2,compressed_ring_ar
1778534754.0090067,19,102,2.031649,188.27,125.001,675.123,0,2,compressed_ring_ar
1778534754.5717437,19,103,2.060274,248.14,102.125,514.429,0,2,compressed_ring_ar
1778534755.2750516,19,104,2.183939,190.77,111.12,666.776,0,2,compressed_ring_ar
1778534755.9741783,19,105,2.103941,192.28,136.259,661.224,0,2,compressed_ring_ar
1778534756.5584786,19,106,2.176313,231.67,101.637,551.144,0,2,compressed_ring_ar
1778534757.2771196,19,107,2.129974,188.06,133.912,676.174,0,2,compressed_ring_ar
1778534757.8474865,19,108,2.082678,238.37,131.413,532.331,0,2,compressed_ring_ar
1778534758.414221,19,109,2.191952,239.18,123.229,530.304,0,2,compressed_ring_ar
1778534759.0464284,19,110,2.149465,213.46,134.353,595.966,0,2,compressed_ring_ar
1778534759.6468165,19,111,2.078687,224.76,126.647,564.73,0,2,compressed_ring_ar
1778534760.204083,19,112,2.084743,242.96,109.99,525.496,0,2,compressed_ring_ar
1778534760.9072158,19,113,2.102754,191.31,129.632,666.853,0,2,compressed_ring_ar
1778534761.6085165,19,114,2.212447,191.87,128.694,662.651,0,2,compressed_ring_ar
1778534762.183695,19,115,2.191493,235.8,131.254,538.524,0,2,compressed_ring_ar
1778534762.7533333,19,116,2.210566,238.62,119.934,531.91,0,2,compressed_ring_ar
1778534763.2594917,19,117,2.074443,272.72,78.374,467.949,0,2,compressed_ring_ar
1778534763.9618695,19,118,2.210726,191.87,116.185,665.758,0,2,compressed_ring_ar
1778534764.648978,19,119,2.153901,195.85,114.226,649.017,0,2,compressed_ring_ar
1778534765.256216,19,120,2.182338,222.82,126.813,570.303,0,2,compressed_ring_ar
1778534765.8178036,19,121,2.086616,242.96,121.2,522.258,0,2,compressed_ring_ar
1778534766.3986237,19,122,1.999293,237.82,131.902,533.617,0,2,compressed_ring_ar
1778534766.9566553,19,123,2.098364,243.0,117.901,522.189,0,2,compressed_ring_ar
1778534767.5423675,19,124,2.131671,231.4,126.416,548.329,0,2,compressed_ring_ar
1778534768.097648,19,125,2.008483,244.48,120.325,522.384,0,2,compressed_ring_ar
1778534768.7157161,19,126,1.939515,219.88,128.587,577.791,0,2,compressed_ring_ar
1778534769.2861185,19,127,1.941281,237.51,115.311,534.256,0,2,compressed_ring_ar
1778534769.861144,19,128,2.113932,238.9,116.918,531.272,0,2,compressed_ring_ar
1778534770.449963,19,129,2.030095,229.78,126.982,552.521,0,2,compressed_ring_ar
1778534770.9608426,19,130,2.185745,267.54,75.605,473.911,0,2,compressed_ring_ar
1778534771.6510425,19,131,2.139493,195.18,86.911,654.984,0,2,compressed_ring_ar
1778534772.3325653,19,132,2.229609,198.28,127.02,640.978,0,2,compressed_ring_ar
1778534772.9041,19,133,2.18197,238.47,121.09,532.128,0,2,compressed_ring_ar
1778534773.4887533,19,134,2.241946,232.13,128.494,546.631,0,2,compressed_ring_ar
1778534774.0422893,19,135,2.016919,244.97,117.558,518.221,0,2,compressed_ring_ar
1778534774.544993,19,136,2.203875,274.05,67.963,466.325,0,2,compressed_ring_ar
1778534775.1701686,19,137,2.166142,219.83,127.146,577.857,0,2,compressed_ring_ar
1778534775.7270362,19,138,2.085038,253.29,109.847,500.806,0,2,compressed_ring_ar
1778534776.3494475,19,139,2.229222,216.13,100.6,590.154,0,2,compressed_ring_ar
1778534777.0332952,19,140,2.264649,201.95,131.893,629.22,0,2,compressed_ring_ar
1778534777.598343,19,141,2.041569,240.88,123.295,526.902,0,2,compressed_ring_ar
1778534778.2424045,19,142,2.139856,209.17,141.08,607.802,0,2,compressed_ring_ar
1778534778.92055,19,143,1.984776,205.89,127.685,616.989,0,2,compressed_ring_ar
1778534779.456729,19,144,2.060088,253.16,121.011,501.68,0,2,compressed_ring_ar
1778534779.9742522,19,145,1.956936,264.03,71.702,483.586,0,2,compressed_ring_ar
1778534780.5647547,19,146,2.05356,233.74,117.861,546.334,0,2,compressed_ring_ar
1778534781.2281528,19,147,2.241427,202.81,144.002,626.471,0,2,compressed_ring_ar
1778534781.797855,19,148,2.0124,237.42,118.886,534.622,0,2,compressed_ring_ar
1778534782.4070697,19,149,2.095047,225.82,116.016,565.387,0,2,compressed_ring_ar
1778534783.069648,19,150,2.15768,207.41,110.606,615.933,0,2,compressed_ring_ar
1778534783.6530676,19,151,2.163486,238.01,73.163,536.641,0,2,compressed_ring_ar
1778534784.2951553,19,152,2.264624,214.85,151.161,591.299,0,2,compressed_ring_ar
1778534784.8861032,19,153,2.011761,232.56,116.86,546.47,0,2,compressed_ring_ar
1778534785.4748945,19,154,2.333,229.43,127.339,553.403,0,2,compressed_ring_ar
1778534786.0240896,19,155,2.067719,252.78,124.044,501.948,0,2,compressed_ring_ar
1778534786.633983,19,156,2.130939,221.36,106.768,576.846,0,2,compressed_ring_ar
1778534787.26725,19,157,2.146863,213.7,83.199,597.602,0,2,compressed_ring_ar
1778534787.9245377,19,158,2.241763,205.14,142.563,619.198,0,2,compressed_ring_ar
1778534788.5445175,19,159,2.129549,218.55,127.55,581.481,0,2,compressed_ring_ar
1778534789.0645664,19,160,2.182231,265.92,84.325,479.942,0,2,compressed_ring_ar
1778534789.7495198,19,161,2.184428,197.37,123.036,643.858,0,2,compressed_ring_ar
1778534790.3455539,19,162,2.088949,241.32,109.913,526.399,0,2,compressed_ring_ar
1778534791.0376759,19,163,2.349069,194.34,122.539,654.224,0,2,compressed_ring_ar
1778534791.6040316,19,164,2.040329,239.73,107.018,532.558,0,2,compressed_ring_ar
1778534792.2455242,19,165,2.201559,211.09,86.477,604.762,0,2,compressed_ring_ar
1778534792.9517155,19,166,1.956223,193.4,180.176,660.604,0,2,compressed_ring_ar
1778534793.6600776,19,167,2.172191,191.2,112.088,665.041,0,2,compressed_ring_ar
1778534794.34823,19,168,2.2862,195.5,116.865,653.436,0,2,compressed_ring_ar
1778534795.0431645,19,169,1.990946,193.43,122.882,660.347,0,2,compressed_ring_ar
1778534795.7383983,19,170,2.115924,192.95,118.986,661.977,0,2,compressed_ring_ar
1778534796.3601384,19,171,2.031286,217.2,80.704,588.093,0,2,compressed_ring_ar
1778534796.9177773,19,172,2.069529,251.1,145.896,508.557,0,2,compressed_ring_ar
1778534797.5796669,19,173,2.204296,211.2,163.38,601.553,0,2,compressed_ring_ar
1778534798.130852,19,174,2.098895,247.13,118.387,513.274,0,2,compressed_ring_ar
1778534798.648178,19,175,2.230927,264.5,87.242,482.655,0,2,compressed_ring_ar
1778534799.360604,19,176,1.8626,193.3,128.548,657.519,0,2,compressed_ring_ar
1778534799.9428015,19,177,2.020854,232.81,122.162,545.377,0,2,compressed_ring_ar
1778534800.498897,19,178,2.090175,244.17,121.616,519.576,0,2,compressed_ring_ar
1778534801.0608115,19,179,2.205235,247.87,122.904,511.787,0,2,compressed_ring_ar
1778534801.5822823,19,180,2.039848,261.27,85.642,488.571,0,2,compressed_ring_ar
1778534802.3813868,19,181,2.056268,167.1,171.082,764.89,0,2,compressed_ring_ar
1778534802.9836733,19,182,2.127878,233.86,73.708,546.205,0,2,compressed_ring_ar
1778534803.6202111,19,183,2.187539,218.68,134.513,580.982,0,2,compressed_ring_ar
1778534804.3426082,19,184,2.068241,186.43,132.775,682.012,0,2,compressed_ring_ar
1778534804.899946,19,185,2.101305,248.17,104.78,514.342,0,2,compressed_ring_ar
1778534805.5769672,19,186,2.146043,200.02,124.35,635.328,0,2,compressed_ring_ar
1778534806.0740027,19,187,2.053288,277.37,76.12,460.2,0,2,compressed_ring_ar
1778534806.7088482,19,188,2.056088,216.62,160.042,589.589,0,2,compressed_ring_ar
1778534807.3768916,19,189,2.183899,207.07,166.329,613.682,0,2,compressed_ring_ar
1778534808.0314808,19,190,1.982615,207.83,134.959,611.559,0,2,compressed_ring_ar
1778534808.6121364,19,191,2.143725,233.99,82.77,545.712,0,2,compressed_ring_ar
1778534809.3371522,19,192,2.282375,186.13,162.689,683.043,0,2,compressed_ring_ar
1778534809.9506266,19,193,2.104122,220.84,140.375,575.151,0,2,compressed_ring_ar
1778534810.5160027,19,194,2.157324,241.31,79.603,529.052,0,2,compressed_ring_ar
1778534811.0780065,19,195,2.139868,72.68,142.778,545.688,0,2,compressed_ring_ar
1778534817.506887,20,0,2.245839,185.11,142.696,686.902,0,2,compressed_ring_ar
1778534818.1186547,20,1,2.030385,221.3,128.618,574.081,0,2,compressed_ring_ar
1778534818.6633112,20,2,2.107459,252.3,114.672,502.975,0,2,compressed_ring_ar
1778534819.2463372,20,3,2.19266,240.15,124.019,528.665,0,2,compressed_ring_ar
1778534819.804589,20,4,1.953281,249.25,125.272,508.799,0,2,compressed_ring_ar
1778534820.4002478,20,5,2.149945,227.92,120.266,557.096,0,2,compressed_ring_ar
1778534820.9361966,20,6,2.15832,254.43,78.889,501.821,0,2,compressed_ring_ar
1778534821.658654,20,7,2.116693,190.3,107.993,671.249,0,2,compressed_ring_ar
1778534822.3387518,20,8,2.113947,198.52,135.629,639.926,0,2,compressed_ring_ar
1778534822.9207404,20,9,2.369085,232.46,136.126,545.904,0,2,compressed_ring_ar
1778534823.465319,20,10,2.136256,252.05,116.8,503.265,0,2,compressed_ring_ar
1778534824.0472503,20,11,2.185748,232.59,124.431,545.997,0,2,compressed_ring_ar
1778534824.6014748,20,12,2.087193,244.76,132.019,518.421,0,2,compressed_ring_ar
1778534825.2133315,20,13,2.201814,221.45,129.29,573.242,0,2,compressed_ring_ar
1778534825.8010652,20,14,2.08962,230.64,123.556,550.666,0,2,compressed_ring_ar
1778534826.3846056,20,15,2.066401,232.31,132.256,546.532,0,2,compressed_ring_ar
1778534826.9671626,20,16,2.171898,232.83,120.24,545.676,0,2,compressed_ring_ar
1778534827.5866222,20,17,2.062984,217.65,125.255,583.386,0,2,compressed_ring_ar
1778534828.1284146,20,18,2.137077,251.49,119.43,504.469,0,2,compressed_ring_ar
1778534828.6819966,20,19,1.914383,245.51,118.377,516.844,0,2,compressed_ring_ar
1778534829.2607977,20,20,2.124289,238.27,119.798,532.824,0,2,compressed_ring_ar
1778534829.8409493,20,21,1.953629,234.68,122.266,541.537,0,2,compressed_ring_ar
1778534830.4567056,20,22,2.127938,220.04,120.591,576.854,0,2,compressed_ring_ar
1778534831.0107374,20,23,1.959942,245.01,115.821,517.898,0,2,compressed_ring_ar
1778534831.556187,20,24,2.153858,252.22,119.381,502.897,0,2,compressed_ring_ar
1778534832.161224,20,25,2.14217,222.93,104.528,572.81,0,2,compressed_ring_ar
1778534832.9216115,20,26,1.892773,178.02,148.144,717.768,0,2,compressed_ring_ar
1778534833.7348332,20,27,2.164085,169.26,130.263,751.791,0,2,compressed_ring_ar
1778534834.2279038,20,28,2.034189,278.6,85.28,458.167,0,2,compressed_ring_ar
1778534834.893624,20,29,2.100197,202.28,122.977,628.319,0,2,compressed_ring_ar
1778534835.4640532,20,30,2.095045,237.86,124.989,533.691,0,2,compressed_ring_ar
1778534836.046001,20,31,2.234169,234.36,121.632,541.552,0,2,compressed_ring_ar
1778534836.6050012,20,32,2.0234,246.0,124.037,515.657,0,2,compressed_ring_ar
1778534837.1527689,20,33,2.008695,248.23,86.728,514.248,0,2,compressed_ring_ar
1778534837.8359604,20,34,2.220448,198.53,126.073,640.037,0,2,compressed_ring_ar
1778534838.4417357,20,35,2.25255,225.39,134.091,563.207,0,2,compressed_ring_ar
1778534838.959667,20,36,2.130532,265.38,84.419,480.24,0,2,compressed_ring_ar
1778534839.6186087,20,37,1.86902,205.03,138.432,620.312,0,2,compressed_ring_ar
1778534840.1974618,20,38,2.141379,234.17,99.884,545.256,0,2,compressed_ring_ar
1778534840.9018748,20,39,2.156564,193.29,128.307,657.579,0,2,compressed_ring_ar
1778534841.4360645,20,40,2.030286,254.9,77.859,500.875,0,2,compressed_ring_ar
1778534842.059712,20,41,1.9351,216.37,85.348,590.32,0,2,compressed_ring_ar
1778534842.638965,20,42,2.027395,239.68,139.711,532.678,0,2,compressed_ring_ar
1778534843.3091612,20,43,2.326976,200.32,121.004,634.426,0,2,compressed_ring_ar
1778534843.901547,20,44,2.08576,228.59,105.164,558.572,0,2,compressed_ring_ar
1778534844.5902119,20,45,2.310388,195.59,120.286,653.134,0,2,compressed_ring_ar
1778534845.2283578,20,46,2.154119,213.72,130.974,594.16,0,2,compressed_ring_ar
1778534845.7959733,20,47,2.001065,239.29,97.833,533.581,0,2,compressed_ring_ar
1778534846.474407,20,48,2.204556,198.69,136.213,639.466,0,2,compressed_ring_ar
1778534846.9677,20,49,2.056809,280.46,72.059,454.879,0,2,compressed_ring_ar
1778534847.5934095,20,50,2.014132,222.36,119.934,573.218,0,2,compressed_ring_ar
1778534848.2403607,20,51,2.265626,208.73,163.943,608.664,0,2,compressed_ring_ar
1778534848.8019745,20,52,2.111794,243.8,120.044,520.444,0,2,compressed_ring_ar
1778534849.4050236,20,53,1.962797,223.98,122.56,566.891,0,2,compressed_ring_ar
1778534849.9829998,20,54,2.132764,233.92,103.889,545.89,0,2,compressed_ring_ar
1778534850.6622825,20,55,2.172556,197.76,129.006,642.547,0,2,compressed_ring_ar
1778534851.2321584,20,56,2.076407,239.98,108.774,532.207,0,2,compressed_ring_ar
1778534851.8842626,20,57,1.863387,206.24,122.824,616.049,0,2,compressed_ring_ar
1778534852.4418643,20,58,2.05899,244.98,124.138,517.94,0,2,compressed_ring_ar
1778534853.0019622,20,59,2.103419,244.92,118.817,517.689,0,2,compressed_ring_ar
1778534853.5579169,20,60,2.114058,245.11,121.392,517.845,0,2,compressed_ring_ar
1778534854.1357036,20,61,1.971665,233.99,107.443,545.68,0,2,compressed_ring_ar
1778534854.8318036,20,62,2.040259,193.17,114.883,657.885,0,2,compressed_ring_ar
1778534855.451758,20,63,2.11207,219.9,123.852,577.468,0,2,compressed_ring_ar
1778534856.0278206,20,64,1.99711,235.2,128.318,539.144,0,2,compressed_ring_ar
1778534856.5878072,20,65,2.171345,247.23,126.491,513.189,0,2,compressed_ring_ar
1778534857.3218045,20,66,2.176177,184.53,141.452,692.491,0,2,compressed_ring_ar
1778534858.1030622,20,67,2.222785,175.95,126.31,723.052,0,2,compressed_ring_ar
1778534858.712803,20,68,1.886073,221.81,125.722,572.313,0,2,compressed_ring_ar
1778534859.2947881,20,69,2.15351,232.38,126.356,546.17,0,2,compressed_ring_ar
1778534859.8517835,20,70,1.996207,243.68,124.575,520.693,0,2,compressed_ring_ar
1778534860.4080646,20,71,2.138725,247.27,117.984,513.021,0,2,compressed_ring_ar
1778534860.950108,20,72,2.155006,250.1,128.979,507.783,0,2,compressed_ring_ar
1778534861.5144527,20,73,2.187044,243.9,124.362,520.072,0,2,compressed_ring_ar
1778534862.0568578,20,74,1.945094,250.84,85.784,508.24,0,2,compressed_ring_ar
1778534862.7786164,20,75,2.057877,185.92,126.797,687.049,0,2,compressed_ring_ar
1778534863.509932,20,76,2.084037,183.23,130.274,694.139,0,2,compressed_ring_ar
1778534864.0495086,20,77,2.087387,256.96,122.296,496.784,0,2,compressed_ring_ar
1778534864.642568,20,78,2.053287,229.68,128.91,552.977,0,2,compressed_ring_ar
1778534865.2940514,20,79,2.045202,209.39,157.811,606.809,0,2,compressed_ring_ar
1778534865.884626,20,80,2.248196,236.07,77.451,540.802,0,2,compressed_ring_ar
1778534866.523451,20,81,2.192727,210.43,79.412,605.144,0,2,compressed_ring_ar
1778534867.2461321,20,82,2.050712,184.87,145.923,687.965,0,2,compressed_ring_ar
1778534867.850122,20,83,2.075699,227.55,135.251,557.871,0,2,compressed_ring_ar
1778534868.4264402,20,84,2.261494,238.81,128.766,531.401,0,2,compressed_ring_ar
1778534869.0446894,20,85,2.184983,219.01,110.126,583.128,0,2,compressed_ring_ar
1778534869.7601326,20,86,2.104593,189.14,134.771,672.083,0,2,compressed_ring_ar
1778534870.339141,20,87,1.988365,234.02,120.643,542.396,0,2,compressed_ring_ar
1778534870.9199638,20,88,2.188151,232.73,127.219,545.603,0,2,compressed_ring_ar
1778534871.5029583,20,89,2.032127,231.72,129.916,547.66,0,2,compressed_ring_ar
1778534872.0627704,20,90,2.257877,242.69,84.28,526.108,0,2,compressed_ring_ar
1778534872.754804,20,91,2.268823,194.63,124.608,653.27,0,2,compressed_ring_ar
1778534873.2870977,20,92,2.089467,256.66,83.942,497.35,0,2,compressed_ring_ar
1778534873.9288886,20,93,2.289616,209.78,94.44,609.114,0,2,compressed_ring_ar
1778534874.5983021,20,94,2.15774,201.23,131.38,631.186,0,2,compressed_ring_ar
1778534875.212121,20,95,2.024478,220.11,114.433,578.992,0,2,compressed_ring_ar
1778534875.9145608,20,96,2.319818,190.97,125.412,665.786,0,2,compressed_ring_ar
1778534876.535396,20,97,2.06255,217.54,119.883,583.532,0,2,compressed_ring_ar
1778534877.0816243,20,98,2.146439,248.12,101.011,512.754,0,2,compressed_ring_ar
1778534877.8125806,20,99,2.21806,183.92,127.373,691.34,0,2,compressed_ring_ar
1778534878.4041924,20,100,2.069394,228.66,110.274,558.598,0,2,compressed_ring_ar
1778534879.0606568,20,101,2.310598,207.13,122.054,613.186,0,2,compressed_ring_ar
1778534879.6395793,20,102,2.137221,234.88,121.983,540.503,0,2,compressed_ring_ar
1778534880.2258573,20,103,2.225816,231.76,132.605,547.687,0,2,compressed_ring_ar
1778534880.7804923,20,104,2.04544,244.27,124.645,519.213,0,2,compressed_ring_ar
1778534881.3451986,20,105,2.289804,240.7,122.661,527.872,0,2,compressed_ring_ar
1778534881.8454547,20,106,1.946361,273.47,75.603,466.736,0,2,compressed_ring_ar
1778534882.5518994,20,107,2.079273,189.8,129.355,670.096,0,2,compressed_ring_ar
1778534883.0795066,20,108,2.102704,258.21,79.685,494.292,0,2,compressed_ring_ar
1778534883.755042,20,109,2.046772,200.14,121.038,635.022,0,2,compressed_ring_ar
1778534884.3515086,20,110,2.098818,226.9,136.151,559.657,0,2,compressed_ring_ar
1778534884.892448,20,111,2.103435,252.32,119.806,502.6,0,2,compressed_ring_ar
1778534885.478137,20,112,2.018188,231.16,125.554,548.996,0,2,compressed_ring_ar
1778534886.050562,20,113,2.12076,236.45,104.355,539.076,0,2,compressed_ring_ar
1778534886.758954,20,114,2.191313,191.67,115.644,666.484,0,2,compressed_ring_ar
1778534887.4680855,20,115,2.167819,189.29,139.714,671.624,0,2,compressed_ring_ar
1778534888.063913,20,116,2.167197,227.3,144.276,558.664,0,2,compressed_ring_ar
1778534888.627544,20,117,2.041225,240.84,128.154,526.674,0,2,compressed_ring_ar
1778534889.2248614,20,118,2.102367,226.2,125.245,560.885,0,2,compressed_ring_ar
1778534889.7968185,20,119,2.062971,238.71,107.309,534.885,0,2,compressed_ring_ar
1778534890.5223532,20,120,2.013294,184.66,121.837,691.772,0,2,compressed_ring_ar
1778534891.2193797,20,121,2.073377,192.17,126.641,661.725,0,2,compressed_ring_ar
1778534891.8078325,20,122,2.164391,230.84,126.114,549.787,0,2,compressed_ring_ar
1778534892.3832774,20,123,2.22593,235.88,128.236,537.818,0,2,compressed_ring_ar
1778534892.9674304,20,124,2.171942,231.53,133.279,548.38,0,2,compressed_ring_ar
1778534893.5252116,20,125,2.056232,243.08,124.979,522.125,0,2,compressed_ring_ar
1778534894.0976644,20,126,2.22842,236.91,125.329,535.803,0,2,compressed_ring_ar
1778534894.6609879,20,127,2.104879,240.99,113.736,526.49,0,2,compressed_ring_ar
1778534895.1802883,20,128,2.03703,262.64,80.029,484.107,0,2,compressed_ring_ar
1778534895.878904,20,129,1.970163,191.65,101.417,666.567,0,2,compressed_ring_ar
1778534896.5943952,20,130,1.910625,186.62,124.952,681.275,0,2,compressed_ring_ar
1778534897.2989802,20,131,2.214727,191.26,132.235,668.147,0,2,compressed_ring_ar
1778534898.156329,20,132,2.054767,164.48,137.461,773.519,0,2,compressed_ring_ar
1778534898.75579,20,133,2.303445,226.46,123.534,560.758,0,2,compressed_ring_ar
1778534899.3648252,20,134,2.20569,223.15,116.338,568.82,0,2,compressed_ring_ar
1778534899.989274,20,135,1.939804,217.12,108.915,588.177,0,2,compressed_ring_ar
1778534900.713601,20,136,2.183549,185.5,131.548,685.348,0,2,compressed_ring_ar
1778534901.2677944,20,137,2.207387,245.37,123.807,517.362,0,2,compressed_ring_ar
1778534901.8340566,20,138,2.08347,239.71,105.64,532.349,0,2,compressed_ring_ar
1778534902.5561445,20,139,2.122046,185.35,123.977,685.984,0,2,compressed_ring_ar
1778534903.1305315,20,140,2.009336,236.21,126.089,537.284,0,2,compressed_ring_ar
1778534903.664344,20,141,2.101567,255.1,115.509,500.446,0,2,compressed_ring_ar
1778534904.3063684,20,142,2.022971,210.08,145.805,604.647,0,2,compressed_ring_ar
1778534904.8606825,20,143,1.992369,245.53,102.794,519.867,0,2,compressed_ring_ar
1778534905.5489535,20,144,2.222649,195.37,147.97,650.852,0,2,compressed_ring_ar
1778534906.11943,20,145,2.028971,237.21,120.686,534.888,0,2,compressed_ring_ar
1778534906.698208,20,146,2.1818,233.53,131.84,543.984,0,2,compressed_ring_ar
1778534907.258841,20,147,2.102662,242.89,89.045,525.637,0,2,compressed_ring_ar
1778534907.9371502,20,148,2.060666,201.52,127.909,630.534,0,2,compressed_ring_ar
1778534908.469546,20,149,2.060145,255.64,80.177,499.603,0,2,compressed_ring_ar
1778534909.0834959,20,150,2.089406,230.15,161.192,554.799,0,2,compressed_ring_ar
1778534909.7358315,20,151,2.387729,209.97,86.473,608.211,0,2,compressed_ring_ar
1778534910.4769409,20,152,2.151573,180.7,140.794,703.941,0,2,compressed_ring_ar
1778534911.0105476,20,153,1.993144,257.8,82.917,495.181,0,2,compressed_ring_ar
1778534911.6663496,20,154,2.222399,205.94,93.373,620.161,0,2,compressed_ring_ar
1778534912.3845556,20,155,1.977795,186.3,141.774,682.278,0,2,compressed_ring_ar
1778534912.9448733,20,156,2.284497,241.97,128.42,524.607,0,2,compressed_ring_ar
1778534913.4465997,20,157,2.15296,272.08,75.606,469.046,0,2,compressed_ring_ar
1778534914.0862467,20,158,2.129166,211.67,93.71,603.35,0,2,compressed_ring_ar
1778534914.7750132,20,159,2.142905,195.37,139.712,650.562,0,2,compressed_ring_ar
1778534915.3471847,20,160,2.190307,239.33,124.412,530.258,0,2,compressed_ring_ar
1778534915.9099598,20,161,2.28284,241.46,118.476,525.452,0,2,compressed_ring_ar
1778534916.5029771,20,162,2.05544,229.47,128.132,553.502,0,2,compressed_ring_ar
1778534917.0463111,20,163,2.344151,251.95,111.831,503.466,0,2,compressed_ring_ar
1778534917.6502707,20,164,2.094654,224.59,125.427,565.415,0,2,compressed_ring_ar
1778534918.2100093,20,165,1.85914,249.83,114.029,507.61,0,2,compressed_ring_ar
1778534918.7321486,20,166,1.99374,262.17,82.293,486.827,0,2,compressed_ring_ar
1778534919.4602015,20,167,2.139508,184.09,109.056,693.886,0,2,compressed_ring_ar
1778534920.126588,20,168,2.173126,201.83,123.567,629.711,0,2,compressed_ring_ar
1778534920.7301679,20,169,2.147863,223.63,142.489,567.802,0,2,compressed_ring_ar
1778534921.2567272,20,170,2.121917,258.67,97.855,490.316,0,2,compressed_ring_ar
1778534922.0002024,20,171,2.284855,180.89,124.78,703.154,0,2,compressed_ring_ar
1778534922.581734,20,172,2.135944,232.5,116.616,545.713,0,2,compressed_ring_ar
1778534923.1476457,20,173,2.200864,239.9,122.847,528.69,0,2,compressed_ring_ar
1778534923.7096562,20,174,1.993457,240.83,110.346,530.229,0,2,compressed_ring_ar
1778534924.4020596,20,175,2.176019,193.81,131.368,656.008,0,2,compressed_ring_ar
1778534924.9749494,20,176,2.172857,236.28,105.613,540.379,0,2,compressed_ring_ar
1778534925.6832676,20,177,2.020209,192.59,118.885,659.871,0,2,compressed_ring_ar
1778534926.2574658,20,178,2.098602,238.59,122.874,531.647,0,2,compressed_ring_ar
1778534926.8341773,20,179,2.098255,234.88,131.885,540.468,0,2,compressed_ring_ar
1778534927.4023883,20,180,2.138159,238.27,141.054,532.652,0,2,compressed_ring_ar
1778534927.9831738,20,181,2.019445,234.61,118.727,541.143,0,2,compressed_ring_ar
1778534928.5576165,20,182,2.092496,236.08,127.888,537.731,0,2,compressed_ring_ar
1778534929.1142032,20,183,2.122889,245.18,114.113,517.68,0,2,compressed_ring_ar
1778534929.7257414,20,184,2.185424,221.6,129.976,573.141,0,2,compressed_ring_ar
1778534930.3062608,20,185,2.119169,234.06,132.176,542.253,0,2,compressed_ring_ar
1778534930.867847,20,186,2.351083,241.42,114.61,525.741,0,2,compressed_ring_ar
1778534931.4227064,20,187,2.055097,251.0,127.756,505.375,0,2,compressed_ring_ar
1778534932.033174,20,188,2.078041,221.18,135.485,574.179,0,2,compressed_ring_ar
1778534932.634087,20,189,2.112437,226.72,123.405,563.222,0,2,compressed_ring_ar
1778534933.2340183,20,190,2.114443,236.57,108.719,539.619,0,2,compressed_ring_ar
1778534933.920158,20,191,2.068702,198.2,116.338,644.453,0,2,compressed_ring_ar
1778534934.608329,20,192,1.909107,195.11,152.734,651.369,0,2,compressed_ring_ar
1778534935.1710525,20,193,2.155654,241.59,121.676,525.286,0,2,compressed_ring_ar
1778534935.7427354,20,194,2.215756,236.75,122.623,539.392,0,2,compressed_ring_ar
1778534936.2411354,20,195,1.961848,83.26,124.656,475.755,0,2,compressed_ring_ar
