timestamp,epoch,iteration,loss,throughput_samp_s,comm_latency_ms,iter_time_ms,rank,world_size,arch
1778539479.0999844,1,0,2.478465,61.64,602.28,2075.788,2,4,compressed_ring_ar
1778539480.5492861,1,1,2.32792,92.26,197.249,1385.824,2,4,compressed_ring_ar
1778539481.9844449,1,2,2.283378,92.23,260.221,1386.396,2,4,compressed_ring_ar
1778539483.409988,1,3,2.26738,92.67,257.462,1378.291,2,4,compressed_ring_ar
1778539484.8993838,1,4,2.286491,88.81,200.238,1436.861,2,4,compressed_ring_ar
1778539486.240773,1,5,2.274772,98.77,199.847,1294.515,2,4,compressed_ring_ar
1778539487.6659591,1,6,2.272146,92.76,197.754,1378.297,2,4,compressed_ring_ar
1778539489.1916525,1,7,2.27924,87.39,213.127,1460.908,2,4,compressed_ring_ar
1778539490.3570852,1,8,2.191644,115.36,241.792,1104.968,2,4,compressed_ring_ar
1778539491.543611,1,9,2.191419,111.92,179.733,1139.768,2,4,compressed_ring_ar
1778539493.0224075,1,10,2.230855,89.19,211.797,1432.247,2,4,compressed_ring_ar
1778539494.3640287,1,11,2.238271,98.56,347.036,1294.118,2,4,compressed_ring_ar
1778539495.6211543,1,12,2.239858,105.33,197.162,1211.336,2,4,compressed_ring_ar
1778539496.8091192,1,13,2.23814,111.82,202.181,1143.391,2,4,compressed_ring_ar
1778539498.1149244,1,14,2.200212,101.9,188.273,1252.246,2,4,compressed_ring_ar
1778539499.3589022,1,15,2.282067,109.77,221.823,1163.322,2,4,compressed_ring_ar
1778539500.713043,1,16,2.147777,97.25,462.54,1313.946,2,4,compressed_ring_ar
1778539502.1084225,1,17,2.151525,94.36,383.462,1351.999,2,4,compressed_ring_ar
1778539503.5194907,1,18,2.165532,93.45,233.913,1365.318,2,4,compressed_ring_ar
1778539504.9271255,1,19,2.101331,93.53,438.524,1367.37,2,4,compressed_ring_ar
1778539506.3003852,1,20,2.078883,98.08,283.988,1304.068,2,4,compressed_ring_ar
1778539507.7811406,1,21,2.18517,89.48,190.221,1427.094,2,4,compressed_ring_ar
1778539509.2105596,1,22,2.08714,92.18,400.302,1387.326,2,4,compressed_ring_ar
1778539510.6796572,1,23,1.997229,91.14,298.036,1401.034,2,4,compressed_ring_ar
1778539511.976885,1,24,1.985547,102.65,225.954,1241.929,2,4,compressed_ring_ar
1778539513.1926732,1,25,1.973666,108.49,270.226,1174.321,2,4,compressed_ring_ar
1778539514.5099294,1,26,2.048702,101.42,205.469,1258.398,2,4,compressed_ring_ar
1778539515.820777,1,27,2.109635,101.16,376.013,1259.991,2,4,compressed_ring_ar
1778539517.2151196,1,28,2.089699,94.45,242.36,1350.344,2,4,compressed_ring_ar
1778539518.6787288,1,29,2.075036,92.15,200.488,1386.863,2,4,compressed_ring_ar
1778539520.2192397,1,30,1.974463,86.17,351.232,1483.928,2,4,compressed_ring_ar
1778539521.499217,1,31,2.006695,103.35,259.825,1234.566,2,4,compressed_ring_ar
1778539522.8377101,1,32,2.045492,98.77,252.24,1289.845,2,4,compressed_ring_ar
1778539524.2139156,1,33,2.05687,96.94,331.304,1316.305,2,4,compressed_ring_ar
1778539525.5598912,1,34,1.940922,98.1,198.477,1303.335,2,4,compressed_ring_ar
1778539526.705762,1,35,2.038654,117.62,230.793,1083.715,2,4,compressed_ring_ar
1778539528.0055878,1,36,1.991636,102.64,214.351,1241.542,2,4,compressed_ring_ar
1778539529.3012059,1,37,1.940676,101.69,280.322,1257.266,2,4,compressed_ring_ar
1778539530.5523925,1,38,1.995968,108.6,181.705,1176.338,2,4,compressed_ring_ar
1778539531.9865215,1,39,1.984624,91.68,497.39,1388.076,2,4,compressed_ring_ar
1778539533.191603,1,40,2.039294,112.07,221.893,1136.642,2,4,compressed_ring_ar
1778539534.4066231,1,41,1.875494,111.38,298.936,1144.561,2,4,compressed_ring_ar
1778539535.738251,1,42,1.939102,99.34,224.471,1287.02,2,4,compressed_ring_ar
1778539537.1296132,1,43,1.918192,95.98,344.284,1329.073,2,4,compressed_ring_ar
1778539538.351975,1,44,1.898925,109.46,295.103,1167.429,2,4,compressed_ring_ar
1778539539.758267,1,45,1.892463,94.44,380.382,1354.126,2,4,compressed_ring_ar
1778539541.1690447,1,46,1.90783,98.5,177.23,1296.476,2,4,compressed_ring_ar
1778539542.570766,1,47,1.783734,94.88,208.312,1343.791,2,4,compressed_ring_ar
1778539543.8309183,1,48,1.933678,104.74,300.976,1217.434,2,4,compressed_ring_ar
1778539545.1116004,1,49,1.937609,104.25,192.244,1226.175,2,4,compressed_ring_ar
1778539546.5815122,1,50,1.853662,91.1,348.536,1400.93,2,4,compressed_ring_ar
1778539547.8599396,1,51,1.95717,104.12,222.923,1223.863,2,4,compressed_ring_ar
1778539549.1796327,1,52,1.838099,101.48,184.765,1259.183,2,4,compressed_ring_ar
1778539550.6190944,1,53,1.887558,91.98,206.427,1387.294,2,4,compressed_ring_ar
1778539551.9092247,1,54,1.822909,103.06,182.68,1240.527,2,4,compressed_ring_ar
1778539553.1461153,1,55,1.721743,106.75,316.797,1195.147,2,4,compressed_ring_ar
1778539554.3432102,1,56,1.787981,110.4,191.276,1157.701,2,4,compressed_ring_ar
1778539555.6939127,1,57,1.932048,97.66,181.19,1308.57,2,4,compressed_ring_ar
1778539557.0560873,1,58,1.83866,96.62,268.128,1317.828,2,4,compressed_ring_ar
1778539558.33377,1,59,1.834913,103.64,209.178,1228.164,2,4,compressed_ring_ar
1778539559.7048283,1,60,1.870222,97.17,193.432,1312.018,2,4,compressed_ring_ar
1778539560.9141386,1,61,1.656085,110.85,220.908,1150.101,2,4,compressed_ring_ar
1778539562.131416,1,62,1.656381,108.73,204.788,1169.419,2,4,compressed_ring_ar
1778539563.3233562,1,63,1.758298,111.52,206.041,1142.713,2,4,compressed_ring_ar
1778539564.5538533,1,64,1.699886,108.09,222.938,1180.103,2,4,compressed_ring_ar
1778539565.9770947,1,65,1.935311,94.44,391.118,1350.872,2,4,compressed_ring_ar
1778539567.2080102,1,66,1.853132,107.72,227.671,1186.536,2,4,compressed_ring_ar
1778539568.593624,1,67,1.717049,95.02,267.393,1342.01,2,4,compressed_ring_ar
1778539569.8737636,1,68,1.881113,104.22,196.707,1220.595,2,4,compressed_ring_ar
1778539571.0365252,1,69,1.769592,115.0,195.6,1107.365,2,4,compressed_ring_ar
1778539572.3026311,1,70,1.799469,106.41,239.636,1201.454,2,4,compressed_ring_ar
1778539573.6087205,1,71,1.752397,102.81,209.796,1239.691,2,4,compressed_ring_ar
1778539574.8382306,1,72,1.768653,107.68,189.808,1187.195,2,4,compressed_ring_ar
1778539576.0304713,1,73,1.715083,113.42,372.339,1122.651,2,4,compressed_ring_ar
1778539577.2687845,1,74,1.69803,106.81,261.411,1193.971,2,4,compressed_ring_ar
1778539578.550802,1,75,1.785983,103.3,338.398,1234.289,2,4,compressed_ring_ar
1778539580.0872853,1,76,1.897654,85.6,265.184,1489.022,2,4,compressed_ring_ar
1778539581.3427236,1,77,1.695326,104.88,370.014,1219.201,2,4,compressed_ring_ar
1778539582.6493826,1,78,1.601007,101.55,194.895,1259.06,2,4,compressed_ring_ar
1778539583.966591,1,79,1.729714,100.52,191.525,1269.225,2,4,compressed_ring_ar
1778539585.3277016,1,80,1.583287,96.8,193.967,1320.926,2,4,compressed_ring_ar
1778539586.7127047,1,81,1.67277,95.29,367.056,1336.955,2,4,compressed_ring_ar
1778539587.9122262,1,82,1.73544,110.85,226.937,1149.243,2,4,compressed_ring_ar
1778539589.0589638,1,83,1.605465,117.54,291.954,1084.417,2,4,compressed_ring_ar
1778539590.5226455,1,84,1.7492,90.61,306.382,1411.281,2,4,compressed_ring_ar
1778539591.7988303,1,85,1.802287,104.76,276.207,1217.397,2,4,compressed_ring_ar
1778539593.1887498,1,86,1.774554,94.64,207.783,1347.626,2,4,compressed_ring_ar
1778539594.5542045,1,87,1.566975,96.35,351.671,1327.114,2,4,compressed_ring_ar
1778539595.7656167,1,88,1.657579,111.89,210.218,1139.949,2,4,compressed_ring_ar
1778539597.0029597,1,89,1.741,107.03,248.672,1192.177,2,4,compressed_ring_ar
1778539598.3718488,1,90,1.768806,96.42,195.001,1322.428,2,4,compressed_ring_ar
1778539599.6138542,1,91,1.773202,107.36,267.581,1191.043,2,4,compressed_ring_ar
1778539601.0264835,1,92,1.71212,94.33,220.944,1355.758,2,4,compressed_ring_ar
1778539602.4124827,1,93,1.750584,95.97,198.881,1332.476,2,4,compressed_ring_ar
1778539603.8244777,1,94,1.658575,93.55,238.362,1363.997,2,4,compressed_ring_ar
1778539604.915626,1,95,1.636631,127.74,188.407,994.49,2,4,compressed_ring_ar
1778539606.154868,1,96,1.683588,106.46,314.256,1201.04,2,4,compressed_ring_ar
1778539607.6833618,1,97,1.746042,56.13,265.404,1493.312,2,4,compressed_ring_ar
1778539619.5421116,2,0,1.783605,87.67,223.444,1458.802,2,4,compressed_ring_ar
1778539620.7584248,2,1,1.509947,111.49,198.048,1143.481,2,4,compressed_ring_ar
1778539622.095175,2,2,1.676721,98.85,223.412,1292.314,2,4,compressed_ring_ar
1778539623.4770584,2,3,1.770129,96.13,415.42,1330.236,2,4,compressed_ring_ar
1778539624.835202,2,4,1.58714,97.67,299.976,1309.069,2,4,compressed_ring_ar
1778539626.0890498,2,5,1.651427,105.86,195.565,1204.64,2,4,compressed_ring_ar
1778539627.370004,2,6,1.665429,103.65,276.201,1232.834,2,4,compressed_ring_ar
1778539628.6018555,2,7,1.643461,107.93,324.741,1184.621,2,4,compressed_ring_ar
1778539630.0952606,2,8,1.629036,88.58,283.295,1435.827,2,4,compressed_ring_ar
1778539631.2181923,2,9,1.743571,118.77,183.239,1076.355,2,4,compressed_ring_ar
1778539632.6082234,2,10,1.621035,95.29,289.57,1335.044,2,4,compressed_ring_ar
1778539633.9081945,2,11,1.611875,103.87,215.279,1229.425,2,4,compressed_ring_ar
1778539635.2293818,2,12,1.623824,100.59,344.667,1267.76,2,4,compressed_ring_ar
1778539636.4240108,2,13,1.598036,112.26,221.307,1135.739,2,4,compressed_ring_ar
1778539637.6732876,2,14,1.60803,105.94,202.965,1204.04,2,4,compressed_ring_ar
1778539638.8911157,2,15,1.570052,108.42,281.695,1179.344,2,4,compressed_ring_ar
1778539640.2615511,2,16,1.774245,96.5,186.088,1325.041,2,4,compressed_ring_ar
1778539641.5635664,2,17,1.74338,101.96,189.799,1253.988,2,4,compressed_ring_ar
1778539642.828807,2,18,1.67815,105.11,294.211,1216.42,2,4,compressed_ring_ar
1778539644.1460297,2,19,1.564676,100.72,193.824,1267.191,2,4,compressed_ring_ar
1778539645.4735532,2,20,1.67552,99.91,315.101,1277.02,2,4,compressed_ring_ar
1778539646.794388,2,21,1.625691,100.4,239.907,1267.868,2,4,compressed_ring_ar
1778539648.2531543,2,22,1.620037,90.68,253.902,1406.711,2,4,compressed_ring_ar
1778539649.680131,2,23,1.66666,92.89,224.268,1373.261,2,4,compressed_ring_ar
1778539650.979375,2,24,1.610077,103.89,265.027,1226.619,2,4,compressed_ring_ar
1778539652.2880507,2,25,1.492968,101.97,272.439,1251.274,2,4,compressed_ring_ar
1778539653.4237719,2,26,1.645302,119.7,215.867,1063.927,2,4,compressed_ring_ar
1778539654.7492163,2,27,1.693721,100.34,210.657,1270.561,2,4,compressed_ring_ar
1778539656.0566125,2,28,1.530234,102.52,207.115,1243.782,2,4,compressed_ring_ar
1778539657.277907,2,29,1.453984,108.45,271.917,1179.058,2,4,compressed_ring_ar
1778539658.625414,2,30,1.659334,99.65,208.087,1278.46,2,4,compressed_ring_ar
1778539659.98266,2,31,1.726186,97.3,222.142,1308.598,2,4,compressed_ring_ar
1778539661.1879187,2,32,1.496751,109.51,217.913,1164.983,2,4,compressed_ring_ar
1778539662.5129378,2,33,1.66309,102.17,297.505,1244.127,2,4,compressed_ring_ar
1778539663.8367674,2,34,1.617711,99.71,273.48,1280.758,2,4,compressed_ring_ar
1778539664.9707136,2,35,1.53405,119.68,169.2,1066.977,2,4,compressed_ring_ar
1778539666.401063,2,36,1.743276,92.49,422.062,1379.519,2,4,compressed_ring_ar
1778539667.6883247,2,37,1.529113,102.89,261.673,1242.695,2,4,compressed_ring_ar
1778539669.1887898,2,38,1.63933,87.84,272.01,1455.615,2,4,compressed_ring_ar
1778539670.5871565,2,39,1.524817,95.28,204.256,1341.903,2,4,compressed_ring_ar
1778539672.0197725,2,40,1.642326,92.65,197.174,1380.226,2,4,compressed_ring_ar
1778539673.3430004,2,41,1.645645,101.36,204.219,1261.436,2,4,compressed_ring_ar
1778539674.655565,2,42,1.606628,101.71,247.072,1254.223,2,4,compressed_ring_ar
1778539676.0490685,2,43,1.661983,94.88,238.548,1339.714,2,4,compressed_ring_ar
1778539677.668143,2,44,1.583462,81.1,253.963,1570.919,2,4,compressed_ring_ar
1778539679.0027156,2,45,1.600452,99.52,210.468,1282.535,2,4,compressed_ring_ar
1778539680.3234253,2,46,1.621058,101.69,364.341,1254.144,2,4,compressed_ring_ar
1778539681.7536519,2,47,1.696609,93.55,199.912,1360.933,2,4,compressed_ring_ar
1778539683.103405,2,48,1.672047,97.83,244.952,1302.046,2,4,compressed_ring_ar
1778539684.4012578,2,49,1.554517,102.21,287.755,1248.368,2,4,compressed_ring_ar
1778539685.7978814,2,50,1.629158,94.62,186.227,1343.609,2,4,compressed_ring_ar
1778539687.0342097,2,51,1.602383,108.98,154.585,1172.554,2,4,compressed_ring_ar
1778539688.527984,2,52,1.749357,88.72,217.984,1438.276,2,4,compressed_ring_ar
1778539689.9378045,2,53,1.693364,94.84,310.579,1343.446,2,4,compressed_ring_ar
1778539691.1833742,2,54,1.754619,106.95,198.78,1192.429,2,4,compressed_ring_ar
1778539692.4817758,2,55,1.471253,101.86,211.916,1252.641,2,4,compressed_ring_ar
1778539693.7913954,2,56,1.771643,102.51,187.968,1247.297,2,4,compressed_ring_ar
1778539695.1589506,2,57,1.626445,96.76,335.349,1317.127,2,4,compressed_ring_ar
1778539696.6169815,2,58,1.680869,90.44,257.575,1413.83,2,4,compressed_ring_ar
1778539698.1090336,2,59,1.6154,89.75,246.172,1423.21,2,4,compressed_ring_ar
1778539699.6145246,2,60,1.644159,88.01,395.397,1450.739,2,4,compressed_ring_ar
1778539700.8832533,2,61,1.632353,106.59,184.11,1196.642,2,4,compressed_ring_ar
1778539702.185516,2,62,1.565611,102.64,215.677,1242.891,2,4,compressed_ring_ar
1778539703.5895681,2,63,1.462876,93.64,225.223,1361.743,2,4,compressed_ring_ar
1778539704.8501012,2,64,1.522133,106.69,206.056,1197.502,2,4,compressed_ring_ar
1778539706.1166413,2,65,1.527481,105.76,195.353,1206.754,2,4,compressed_ring_ar
1778539707.4292364,2,66,1.616909,100.94,225.652,1266.715,2,4,compressed_ring_ar
1778539708.76726,2,67,1.501064,99.03,282.45,1288.594,2,4,compressed_ring_ar
1778539710.313185,2,68,1.71631,85.24,384.302,1494.249,2,4,compressed_ring_ar
1778539711.6015816,2,69,1.527806,103.74,220.737,1232.571,2,4,compressed_ring_ar
1778539712.9942553,2,70,1.616778,95.36,277.783,1340.825,2,4,compressed_ring_ar
1778539714.3053226,2,71,1.592049,101.34,249.692,1254.479,2,4,compressed_ring_ar
1778539715.503334,2,72,1.619499,110.61,218.074,1155.861,2,4,compressed_ring_ar
1778539716.8511891,2,73,1.605995,98.06,206.273,1300.868,2,4,compressed_ring_ar
1778539718.119132,2,74,1.676587,104.07,216.129,1223.315,2,4,compressed_ring_ar
1778539719.3725965,2,75,1.494304,107.21,393.583,1189.343,2,4,compressed_ring_ar
1778539721.0437903,2,76,1.519503,79.66,257.357,1602.109,2,4,compressed_ring_ar
1778539722.4778419,2,77,1.62229,92.72,262.337,1373.877,2,4,compressed_ring_ar
1778539723.5656114,2,78,1.59219,124.64,190.603,1022.544,2,4,compressed_ring_ar
1778539725.0473583,2,79,1.590184,89.73,277.463,1416.057,2,4,compressed_ring_ar
1778539726.3035107,2,80,1.577582,105.1,229.666,1216.602,2,4,compressed_ring_ar
1778539727.5750499,2,81,1.535119,104.82,243.326,1214.522,2,4,compressed_ring_ar
1778539728.816213,2,82,1.594421,106.62,205.547,1199.343,2,4,compressed_ring_ar
1778539730.2505727,2,83,1.491424,92.67,332.413,1375.29,2,4,compressed_ring_ar
1778539731.5254962,2,84,1.545812,105.29,193.701,1208.839,2,4,compressed_ring_ar
1778539732.9345117,2,85,1.746375,93.34,185.416,1370.026,2,4,compressed_ring_ar
1778539734.391288,2,86,1.510486,91.45,348.008,1398.359,2,4,compressed_ring_ar
1778539735.6940188,2,87,1.534997,102.32,277.753,1247.335,2,4,compressed_ring_ar
1778539736.9373207,2,88,1.483113,106.89,208.645,1190.355,2,4,compressed_ring_ar
1778539738.2679985,2,89,1.424171,99.37,311.941,1282.418,2,4,compressed_ring_ar
1778539739.5604966,2,90,1.549795,102.08,230.139,1249.322,2,4,compressed_ring_ar
1778539740.8734305,2,91,1.552491,100.56,210.353,1268.377,2,4,compressed_ring_ar
1778539742.1224108,2,92,1.478057,105.87,246.351,1205.133,2,4,compressed_ring_ar
1778539743.5248923,2,93,1.429367,94.19,242.589,1352.148,2,4,compressed_ring_ar
1778539744.9067872,2,94,1.587703,95.46,326.615,1336.629,2,4,compressed_ring_ar
1778539746.2078097,2,95,1.609015,102.94,236.711,1239.576,2,4,compressed_ring_ar
1778539747.6648335,2,96,1.659084,90.72,236.385,1409.57,2,4,compressed_ring_ar
1778539748.8583212,2,97,1.534097,72.8,217.355,1146.747,2,4,compressed_ring_ar
1778539760.678489,3,0,1.457151,90.56,367.675,1409.547,2,4,compressed_ring_ar
1778539762.005973,3,1,1.632729,100.04,166.224,1277.848,2,4,compressed_ring_ar
1778539763.6834934,3,2,1.531855,79.24,501.534,1610.977,2,4,compressed_ring_ar
1778539764.8661747,3,3,1.479736,116.02,210.46,1099.51,2,4,compressed_ring_ar
1778539766.243495,3,4,1.462753,96.21,351.946,1325.059,2,4,compressed_ring_ar
1778539767.5130994,3,5,1.401218,104.43,253.619,1221.708,2,4,compressed_ring_ar
1778539768.8713064,3,6,1.519661,98.38,356.629,1296.609,2,4,compressed_ring_ar
1778539770.1822946,3,7,1.480874,102.28,260.709,1247.506,2,4,compressed_ring_ar
1778539771.3481786,3,8,1.574957,115.4,186.764,1104.436,2,4,compressed_ring_ar
1778539772.6747317,3,9,1.540079,100.94,377.985,1266.656,2,4,compressed_ring_ar
1778539773.7569003,3,10,1.585008,126.12,199.107,1013.046,2,4,compressed_ring_ar
1778539775.1994102,3,11,1.56207,91.84,240.159,1385.164,2,4,compressed_ring_ar
1778539776.3662014,3,12,1.53883,114.0,188.401,1119.193,2,4,compressed_ring_ar
1778539777.7205734,3,13,1.529895,97.75,257.159,1304.894,2,4,compressed_ring_ar
1778539778.9892943,3,14,1.491094,104.31,262.263,1222.362,2,4,compressed_ring_ar
1778539780.2567294,3,15,1.663406,107.57,427.837,1188.904,2,4,compressed_ring_ar
1778539781.578651,3,16,1.610042,101.28,195.495,1260.889,2,4,compressed_ring_ar
1778539782.8707902,3,17,1.550765,103.45,192.391,1233.225,2,4,compressed_ring_ar
1778539784.14303,3,18,1.67695,103.76,281.275,1231.386,2,4,compressed_ring_ar
1778539785.4946182,3,19,1.416274,97.92,217.013,1302.913,2,4,compressed_ring_ar
1778539786.9180267,3,20,1.599479,92.39,269.254,1378.694,2,4,compressed_ring_ar
1778539788.1815228,3,21,1.654442,104.77,208.048,1218.702,2,4,compressed_ring_ar
1778539789.4087355,3,22,1.383778,108.79,335.287,1169.892,2,4,compressed_ring_ar
1778539790.9120917,3,23,1.484412,87.1,192.253,1468.142,2,4,compressed_ring_ar
1778539792.1562219,3,24,1.609213,108.32,348.782,1180.326,2,4,compressed_ring_ar
1778539793.3383274,3,25,1.524291,114.94,217.004,1108.02,2,4,compressed_ring_ar
1778539794.5797997,3,26,1.613662,108.47,352.414,1175.939,2,4,compressed_ring_ar
1778539795.7772098,3,27,1.491339,111.97,330.829,1141.897,2,4,compressed_ring_ar
1778539797.210873,3,28,1.658812,92.87,477.655,1373.503,2,4,compressed_ring_ar
1778539798.336431,3,29,1.553818,119.43,263.373,1067.304,2,4,compressed_ring_ar
1778539799.5577803,3,30,1.515198,111.04,199.822,1148.584,2,4,compressed_ring_ar
1778539800.8846767,3,31,1.526351,99.49,191.134,1279.746,2,4,compressed_ring_ar
1778539802.1027572,3,32,1.641845,109.4,220.941,1162.185,2,4,compressed_ring_ar
1778539803.3213487,3,33,1.588133,110.09,199.639,1156.762,2,4,compressed_ring_ar
1778539804.6014137,3,34,1.453591,102.98,220.936,1238.42,2,4,compressed_ring_ar
1778539805.8477037,3,35,1.593109,106.7,220.455,1194.412,2,4,compressed_ring_ar
1778539807.008009,3,36,1.573776,114.91,321.375,1109.17,2,4,compressed_ring_ar
1778539808.2390287,3,37,1.491642,108.56,316.519,1174.015,2,4,compressed_ring_ar
1778539809.4040422,3,38,1.403775,113.59,405.456,1120.612,2,4,compressed_ring_ar
1778539810.7170076,3,39,1.472475,100.16,241.135,1272.253,2,4,compressed_ring_ar
1778539811.9236073,3,40,1.49535,109.37,305.041,1166.298,2,4,compressed_ring_ar
1778539813.3847294,3,41,1.535313,90.39,219.462,1410.241,2,4,compressed_ring_ar
1778539814.680441,3,42,1.552187,102.38,223.389,1246.381,2,4,compressed_ring_ar
1778539816.0045824,3,43,1.565535,99.79,203.953,1275.4,2,4,compressed_ring_ar
1778539817.315938,3,44,1.650972,100.23,269.536,1271.967,2,4,compressed_ring_ar
1778539818.6708114,3,45,1.477475,98.26,217.293,1297.873,2,4,compressed_ring_ar
1778539819.9953933,3,46,1.438209,100.27,199.229,1271.793,2,4,compressed_ring_ar
1778539821.4130137,3,47,1.511323,93.4,246.4,1363.105,2,4,compressed_ring_ar
1778539823.082772,3,48,1.595839,80.57,202.495,1587.603,2,4,compressed_ring_ar
1778539824.4147487,3,49,1.516397,100.13,237.236,1274.635,2,4,compressed_ring_ar
1778539825.841966,3,50,1.665334,93.16,202.636,1372.484,2,4,compressed_ring_ar
1778539827.1042845,3,51,1.584939,106.47,292.838,1197.659,2,4,compressed_ring_ar
1778539828.4040158,3,52,1.550706,101.81,184.384,1253.231,2,4,compressed_ring_ar
1778539829.8195531,3,53,1.392475,93.24,221.749,1365.687,2,4,compressed_ring_ar
1778539831.072076,3,54,1.514416,107.64,202.817,1188.074,2,4,compressed_ring_ar
1778539832.4542818,3,55,1.600659,96.65,356.435,1313.892,2,4,compressed_ring_ar
1778539833.7689855,3,56,1.565333,100.8,219.936,1268.406,2,4,compressed_ring_ar
1778539835.0856886,3,57,1.4524,101.12,232.727,1263.515,2,4,compressed_ring_ar
1778539836.4683166,3,58,1.44384,95.96,325.865,1329.267,2,4,compressed_ring_ar
1778539837.8700368,3,59,1.380486,94.26,345.301,1352.654,2,4,compressed_ring_ar
1778539839.1704583,3,60,1.488145,102.4,198.183,1248.241,2,4,compressed_ring_ar
1778539840.5453308,3,61,1.835114,96.8,204.438,1321.315,2,4,compressed_ring_ar
1778539841.9765768,3,62,1.583816,93.59,455.241,1366.233,2,4,compressed_ring_ar
1778539843.3031456,3,63,1.62122,101.22,204.758,1257.258,2,4,compressed_ring_ar
1778539844.623068,3,64,1.460924,100.29,201.922,1272.266,2,4,compressed_ring_ar
1778539846.017844,3,65,1.555423,95.03,310.925,1339.949,2,4,compressed_ring_ar
1778539847.31913,3,66,1.600262,102.11,200.572,1248.723,2,4,compressed_ring_ar
1778539848.690844,3,67,1.579803,97.44,299.614,1308.14,2,4,compressed_ring_ar
1778539850.0276854,3,68,1.530123,98.48,262.918,1291.097,2,4,compressed_ring_ar
1778539851.4095583,3,69,1.618851,95.98,373.253,1331.329,2,4,compressed_ring_ar
1778539852.7702174,3,70,1.377591,99.34,204.015,1287.625,2,4,compressed_ring_ar
1778539854.0221682,3,71,1.39144,107.83,215.556,1182.493,2,4,compressed_ring_ar
1778539855.3540683,3,72,1.519413,99.82,279.492,1278.367,2,4,compressed_ring_ar
1778539856.7577593,3,73,1.557678,94.92,218.273,1344.519,2,4,compressed_ring_ar
1778539857.8905935,3,74,1.456839,122.04,197.363,1046.121,2,4,compressed_ring_ar
1778539859.1748745,3,75,1.513218,103.15,284.523,1234.455,2,4,compressed_ring_ar
1778539860.437343,3,76,1.5494,105.91,199.156,1206.539,2,4,compressed_ring_ar
1778539861.769726,3,77,1.444233,100.09,216.508,1273.583,2,4,compressed_ring_ar
1778539863.047167,3,78,1.606493,104.42,179.108,1224.446,2,4,compressed_ring_ar
1778539864.5132482,3,79,1.419223,90.64,278.859,1405.516,2,4,compressed_ring_ar
1778539865.8422256,3,80,1.512534,101.09,232.483,1261.786,2,4,compressed_ring_ar
1778539867.1215026,3,81,1.651646,104.13,234.083,1227.754,2,4,compressed_ring_ar
1778539868.5666356,3,82,1.649743,91.73,205.78,1389.399,2,4,compressed_ring_ar
1778539869.9731886,3,83,1.534952,94.14,268.555,1355.116,2,4,compressed_ring_ar
1778539871.2003117,3,84,1.486028,108.35,197.857,1178.648,2,4,compressed_ring_ar
1778539872.5564816,3,85,1.480801,98.05,201.914,1304.441,2,4,compressed_ring_ar
1778539873.854665,3,86,1.518767,103.89,271.366,1230.831,2,4,compressed_ring_ar
1778539875.2057383,3,87,1.538227,98.61,245.699,1293.588,2,4,compressed_ring_ar
1778539876.5058165,3,88,1.600186,102.01,320.533,1249.592,2,4,compressed_ring_ar
1778539877.7563417,3,89,1.474722,105.8,367.608,1204.316,2,4,compressed_ring_ar
1778539879.008285,3,90,1.49179,105.76,203.447,1205.869,2,4,compressed_ring_ar
1778539880.2703772,3,91,1.425434,106.02,319.948,1205.949,2,4,compressed_ring_ar
1778539881.7058258,3,92,1.426511,92.68,242.612,1373.977,2,4,compressed_ring_ar
1778539883.0092034,3,93,1.377314,100.96,345.27,1263.885,2,4,compressed_ring_ar
1778539884.549291,3,94,1.460978,85.94,279.702,1485.429,2,4,compressed_ring_ar
1778539885.9713166,3,95,1.517182,95.15,240.192,1337.744,2,4,compressed_ring_ar
1778539887.281091,3,96,1.487494,101.77,204.891,1252.599,2,4,compressed_ring_ar
1778539888.436497,3,97,1.528399,75.46,188.976,1105.845,2,4,compressed_ring_ar
1778539900.2985768,4,0,1.680894,84.7,245.162,1503.344,2,4,compressed_ring_ar
1778539901.756347,4,1,1.463678,90.62,213.237,1407.125,2,4,compressed_ring_ar
1778539903.1530867,4,2,1.383865,95.1,234.335,1341.027,2,4,compressed_ring_ar
1778539904.4920878,4,3,1.489434,99.61,197.819,1277.981,2,4,compressed_ring_ar
1778539905.9499438,4,4,1.416735,90.73,233.137,1402.272,2,4,compressed_ring_ar
1778539907.0241718,4,5,1.477097,123.19,242.456,1036.854,2,4,compressed_ring_ar
1778539908.4234796,4,6,1.695456,95.42,149.177,1338.907,2,4,compressed_ring_ar
1778539910.0714974,4,7,1.435351,79.76,253.762,1603.492,2,4,compressed_ring_ar
1778539911.2982972,4,8,1.391928,109.58,212.375,1166.813,2,4,compressed_ring_ar
1778539912.5983202,4,9,1.588496,103.5,244.74,1232.288,2,4,compressed_ring_ar
1778539913.8261921,4,10,1.450358,108.23,218.327,1181.51,2,4,compressed_ring_ar
1778539915.1673698,4,11,1.625266,99.41,238.819,1282.366,2,4,compressed_ring_ar
1778539916.5780213,4,12,1.364059,93.66,282.578,1365.495,2,4,compressed_ring_ar
1778539917.9603462,4,13,1.399609,97.33,243.2,1308.446,2,4,compressed_ring_ar
1778539919.1707296,4,14,1.307035,109.68,165.365,1164.516,2,4,compressed_ring_ar
1778539920.6089945,4,15,1.575151,92.16,433.657,1384.164,2,4,compressed_ring_ar
1778539921.8757105,4,16,1.421568,104.17,241.184,1223.789,2,4,compressed_ring_ar
1778539923.1981792,4,17,1.435903,99.82,271.545,1276.038,2,4,compressed_ring_ar
1778539924.4000807,4,18,1.524147,110.34,201.79,1158.453,2,4,compressed_ring_ar
1778539925.7627354,4,19,1.591979,96.88,200.25,1316.27,2,4,compressed_ring_ar
1778539927.088135,4,20,1.517524,100.45,279.325,1269.513,2,4,compressed_ring_ar
1778539928.350821,4,21,1.455314,105.92,242.421,1207.106,2,4,compressed_ring_ar
1778539929.6748838,4,22,1.419327,100.11,199.853,1274.013,2,4,compressed_ring_ar
1778539930.9693005,4,23,1.457116,102.3,205.454,1249.912,2,4,compressed_ring_ar
1778539932.3158844,4,24,1.549337,97.7,387.623,1308.453,2,4,compressed_ring_ar
1778539933.6120527,4,25,1.665053,101.98,283.669,1253.682,2,4,compressed_ring_ar
1778539934.8662536,4,26,1.514793,106.04,213.259,1203.224,2,4,compressed_ring_ar
1778539936.1360419,4,27,1.411644,105.53,162.229,1211.522,2,4,compressed_ring_ar
1778539937.4221356,4,28,1.422866,102.47,358.853,1242.224,2,4,compressed_ring_ar
1778539938.7987044,4,29,1.263696,96.44,205.459,1323.584,2,4,compressed_ring_ar
1778539940.0681272,4,30,1.500702,105.37,219.195,1212.76,2,4,compressed_ring_ar
1778539941.5603435,4,31,1.523291,88.45,400.973,1443.389,2,4,compressed_ring_ar
1778539942.9929483,4,32,1.567277,91.95,282.708,1386.77,2,4,compressed_ring_ar
1778539944.5741186,4,33,1.398115,83.4,347.313,1528.665,2,4,compressed_ring_ar
1778539945.920377,4,34,1.421469,98.22,207.329,1298.659,2,4,compressed_ring_ar
1778539947.2914503,4,35,1.396722,97.38,234.259,1307.942,2,4,compressed_ring_ar
1778539948.4847732,4,36,1.362294,112.72,215.928,1131.927,2,4,compressed_ring_ar
1778539949.7663171,4,37,1.62727,104.35,232.992,1219.979,2,4,compressed_ring_ar
1778539951.11249,4,38,1.507077,99.0,230.565,1288.842,2,4,compressed_ring_ar
1778539952.3500588,4,39,1.278909,106.89,283.201,1193.179,2,4,compressed_ring_ar
1778539953.6241846,4,40,1.461775,103.66,288.633,1231.056,2,4,compressed_ring_ar
1778539954.927686,4,41,1.44954,101.66,187.12,1253.926,2,4,compressed_ring_ar
1778539956.2439532,4,42,1.578649,100.26,211.288,1267.056,2,4,compressed_ring_ar
1778539957.386201,4,43,1.425565,115.73,184.661,1100.375,2,4,compressed_ring_ar
1778539958.6279957,4,44,1.379955,106.41,195.761,1197.933,2,4,compressed_ring_ar
1778539959.9073627,4,45,1.482421,103.79,179.524,1230.887,2,4,compressed_ring_ar
1778539961.299837,4,46,1.445327,96.39,217.744,1323.707,2,4,compressed_ring_ar
1778539962.5954547,4,47,1.473496,102.49,243.675,1241.336,2,4,compressed_ring_ar
1778539963.7617555,4,48,1.522517,113.16,213.027,1129.712,2,4,compressed_ring_ar
1778539965.1257765,4,49,1.51993,97.21,331.414,1312.78,2,4,compressed_ring_ar
1778539966.3847697,4,50,1.42653,105.29,189.075,1207.75,2,4,compressed_ring_ar
1778539967.7944324,4,51,1.547556,93.61,229.745,1365.915,2,4,compressed_ring_ar
1778539969.1985042,4,52,1.417212,94.39,214.831,1354.745,2,4,compressed_ring_ar
1778539970.6393726,4,53,1.567642,91.74,261.349,1389.54,2,4,compressed_ring_ar
1778539972.0162275,4,54,1.430999,95.75,289.136,1330.206,2,4,compressed_ring_ar
1778539973.184938,4,55,1.617053,116.92,211.146,1091.013,2,4,compressed_ring_ar
1778539974.5195782,4,56,1.440657,98.94,201.713,1287.101,2,4,compressed_ring_ar
1778539975.8498278,4,57,1.524001,100.31,269.847,1274.916,2,4,compressed_ring_ar
1778539977.2373133,4,58,1.409674,97.75,225.394,1305.563,2,4,compressed_ring_ar
1778539978.5648131,4,59,1.571888,99.58,363.973,1281.041,2,4,compressed_ring_ar
1778539979.8893993,4,60,1.60463,100.15,294.935,1273.418,2,4,compressed_ring_ar
1778539980.9881318,4,61,1.341208,124.81,147.981,1021.416,2,4,compressed_ring_ar
1778539982.3047538,4,62,1.543259,101.44,227.939,1258.111,2,4,compressed_ring_ar
1778539983.6263826,4,63,1.571855,100.27,198.581,1272.215,2,4,compressed_ring_ar
1778539984.9482348,4,64,1.390893,100.04,241.457,1278.003,2,4,compressed_ring_ar
1778539986.2038908,4,65,1.411276,107.24,274.125,1186.711,2,4,compressed_ring_ar
1778539987.3561625,4,66,1.518985,114.77,292.852,1113.895,2,4,compressed_ring_ar
1778539988.713822,4,67,1.539198,97.73,204.838,1305.054,2,4,compressed_ring_ar
1778539990.051731,4,68,1.444842,98.99,215.545,1286.145,2,4,compressed_ring_ar
1778539991.3335493,4,69,1.448661,103.22,345.856,1233.468,2,4,compressed_ring_ar
1778539992.6813505,4,70,1.37359,97.63,244.666,1308.987,2,4,compressed_ring_ar
1778539994.1161978,4,71,1.43559,92.03,216.982,1389.423,2,4,compressed_ring_ar
1778539995.3411853,4,72,1.4602,108.85,181.247,1171.293,2,4,compressed_ring_ar
1778539996.6532738,4,73,1.403903,100.87,208.329,1265.295,2,4,compressed_ring_ar
1778539998.0410895,4,74,1.588559,95.53,325.026,1334.568,2,4,compressed_ring_ar
1778539999.3724456,4,75,1.560642,99.35,198.851,1287.454,2,4,compressed_ring_ar
1778540000.7005436,4,76,1.638742,101.22,199.484,1259.66,2,4,compressed_ring_ar
1778540002.0896783,4,77,1.500022,95.47,231.619,1336.767,2,4,compressed_ring_ar
1778540003.4142985,4,78,1.335082,99.6,289.522,1282.87,2,4,compressed_ring_ar
1778540004.639203,4,79,1.514699,110.4,299.923,1158.052,2,4,compressed_ring_ar
1778540005.9056804,4,80,1.603228,104.95,287.567,1214.97,2,4,compressed_ring_ar
1778540007.233502,4,81,1.609884,99.53,251.946,1282.026,2,4,compressed_ring_ar
1778540008.559641,4,82,1.448577,100.67,237.996,1266.15,2,4,compressed_ring_ar
1778540009.8705473,4,83,1.588362,101.18,266.723,1259.852,2,4,compressed_ring_ar
1778540011.2744427,4,84,1.470876,95.08,210.626,1340.059,2,4,compressed_ring_ar
1778540012.690542,4,85,1.577222,94.2,241.335,1352.794,2,4,compressed_ring_ar
1778540013.9791548,4,86,1.479568,102.98,191.627,1239.098,2,4,compressed_ring_ar
1778540015.543994,4,87,1.508485,84.4,212.678,1515.192,2,4,compressed_ring_ar
1778540016.85888,4,88,1.517673,100.74,222.102,1266.135,2,4,compressed_ring_ar
1778540018.0847967,4,89,1.377119,108.43,203.357,1176.092,2,4,compressed_ring_ar
1778540019.394785,4,90,1.42889,101.67,285.452,1251.851,2,4,compressed_ring_ar
1778540020.681424,4,91,1.422509,102.84,285.27,1243.284,2,4,compressed_ring_ar
1778540022.0400734,4,92,1.379286,97.87,193.37,1302.353,2,4,compressed_ring_ar
1778540023.337527,4,93,1.440593,102.65,311.786,1245.75,2,4,compressed_ring_ar
1778540024.7689059,4,94,1.48673,92.94,269.329,1371.052,2,4,compressed_ring_ar
1778540026.0776753,4,95,1.344494,101.33,266.757,1257.284,2,4,compressed_ring_ar
1778540027.3303308,4,96,1.354754,105.39,214.171,1210.106,2,4,compressed_ring_ar
1778540028.4204032,4,97,1.416811,79.09,209.493,1056.109,2,4,compressed_ring_ar
1778540040.3141289,5,0,1.516388,77.67,307.224,1643.622,2,4,compressed_ring_ar
1778540041.7182667,5,1,1.553544,96.39,205.062,1318.026,2,4,compressed_ring_ar
1778540042.8982565,5,2,1.471338,112.04,246.932,1136.759,2,4,compressed_ring_ar
1778540044.1838033,5,3,1.54529,103.1,204.825,1240.126,2,4,compressed_ring_ar
1778540045.5074816,5,4,1.504797,102.35,242.486,1248.331,2,4,compressed_ring_ar
1778540046.8544748,5,5,1.511483,98.36,266.847,1294.848,2,4,compressed_ring_ar
1778540048.1021602,5,6,1.333656,106.0,184.216,1206.315,2,4,compressed_ring_ar
1778540049.4203494,5,7,1.300963,100.37,179.859,1271.534,2,4,compressed_ring_ar
1778540050.6593893,5,8,1.409404,107.76,275.883,1186.557,2,4,compressed_ring_ar
1778540052.0361369,5,9,1.580702,96.96,234.527,1314.417,2,4,compressed_ring_ar
1778540053.229134,5,10,1.215311,112.04,197.736,1141.125,2,4,compressed_ring_ar
1778540054.5840402,5,11,1.415586,97.52,253.602,1311.253,2,4,compressed_ring_ar
1778540055.9823334,5,12,1.294715,95.89,204.708,1333.703,2,4,compressed_ring_ar
1778540057.414607,5,13,1.467399,94.18,199.608,1354.996,2,4,compressed_ring_ar
1778540058.6642435,5,14,1.38808,106.94,283.412,1188.254,2,4,compressed_ring_ar
1778540060.1918843,5,15,1.538974,86.16,238.602,1480.842,2,4,compressed_ring_ar
1778540061.4242923,5,16,1.508713,107.64,279.511,1185.537,2,4,compressed_ring_ar
1778540062.6467469,5,17,1.568934,108.68,220.123,1173.307,2,4,compressed_ring_ar
1778540063.8815434,5,18,1.424507,107.59,199.816,1188.431,2,4,compressed_ring_ar
1778540065.1995256,5,19,1.375394,100.62,232.759,1267.079,2,4,compressed_ring_ar
1778540066.4789376,5,20,1.518338,103.99,334.249,1226.068,2,4,compressed_ring_ar
1778540067.785497,5,21,1.514243,101.13,265.355,1261.437,2,4,compressed_ring_ar
1778540069.1999927,5,22,1.486749,94.74,205.98,1346.3,2,4,compressed_ring_ar
1778540070.9075377,5,23,1.497939,76.98,255.291,1655.538,2,4,compressed_ring_ar
1778540072.2350698,5,24,1.344491,99.47,263.166,1279.023,2,4,compressed_ring_ar
1778540073.4853668,5,25,1.326708,107.21,336.652,1192.576,2,4,compressed_ring_ar
1778540074.837308,5,26,1.512017,99.22,181.383,1288.599,2,4,compressed_ring_ar
1778540076.1194456,5,27,1.33822,103.33,195.499,1234.167,2,4,compressed_ring_ar
1778540077.3699348,5,28,1.509961,106.15,222.873,1201.653,2,4,compressed_ring_ar
1778540078.805642,5,29,1.38697,91.91,240.432,1388.069,2,4,compressed_ring_ar
1778540080.0486264,5,30,1.424185,108.68,285.965,1173.35,2,4,compressed_ring_ar
1778540081.4701712,5,31,1.51636,93.5,223.174,1367.55,2,4,compressed_ring_ar
1778540082.830951,5,32,1.375636,97.97,214.07,1302.766,2,4,compressed_ring_ar
1778540084.1032677,5,33,1.370294,105.22,195.147,1212.862,2,4,compressed_ring_ar
1778540085.3501844,5,34,1.319683,108.56,220.974,1177.712,2,4,compressed_ring_ar
1778540086.7008293,5,35,1.359983,100.07,193.773,1274.913,2,4,compressed_ring_ar
1778540088.1223927,5,36,1.46744,92.54,215.707,1375.909,2,4,compressed_ring_ar
1778540089.4235349,5,37,1.470992,101.11,303.819,1260.196,2,4,compressed_ring_ar
1778540090.8456473,5,38,1.509147,92.91,184.284,1373.136,2,4,compressed_ring_ar
1778540092.1571245,5,39,1.643632,101.37,195.465,1253.882,2,4,compressed_ring_ar
1778540093.4029427,5,40,1.670992,106.49,214.788,1194.462,2,4,compressed_ring_ar
1778540094.5733476,5,41,1.546264,113.55,200.208,1125.505,2,4,compressed_ring_ar
1778540095.8355484,5,42,1.347905,105.92,207.951,1201.109,2,4,compressed_ring_ar
1778540097.0441804,5,43,1.490417,109.64,229.714,1166.287,2,4,compressed_ring_ar
1778540098.3873372,5,44,1.322821,98.66,303.092,1289.325,2,4,compressed_ring_ar
1778540099.6101465,5,45,1.39696,107.63,190.738,1184.787,2,4,compressed_ring_ar
1778540101.0745196,5,46,1.368458,90.09,294.084,1418.912,2,4,compressed_ring_ar
1778540102.4469657,5,47,1.676589,96.69,320.227,1322.236,2,4,compressed_ring_ar
1778540103.868139,5,48,1.431728,96.13,198.861,1327.502,2,4,compressed_ring_ar
1778540105.1078882,5,49,1.46408,107.16,244.312,1189.235,2,4,compressed_ring_ar
1778540106.3505375,5,50,1.664855,106.71,202.734,1194.421,2,4,compressed_ring_ar
1778540107.7016428,5,51,1.301917,97.95,190.661,1304.395,2,4,compressed_ring_ar
1778540109.0395539,5,52,1.429932,99.69,330.509,1280.194,2,4,compressed_ring_ar
1778540110.3193443,5,53,1.432817,103.99,215.586,1229.584,2,4,compressed_ring_ar
1778540111.790166,5,54,1.470778,89.41,211.608,1427.778,2,4,compressed_ring_ar
1778540113.0867689,5,55,1.420829,102.17,157.784,1251.721,2,4,compressed_ring_ar
1778540114.453092,5,56,1.356117,97.12,429.264,1315.219,2,4,compressed_ring_ar
1778540115.951881,5,57,1.275411,87.94,224.4,1450.724,2,4,compressed_ring_ar
1778540117.247227,5,58,1.419523,102.27,299.929,1248.434,2,4,compressed_ring_ar
1778540118.484709,5,59,1.575073,108.22,202.752,1179.026,2,4,compressed_ring_ar
1778540119.7915819,5,60,1.573917,101.4,177.034,1257.763,2,4,compressed_ring_ar
1778540121.2111263,5,61,1.477439,93.03,214.147,1372.127,2,4,compressed_ring_ar
1778540122.4517071,5,62,1.431018,106.87,268.61,1193.941,2,4,compressed_ring_ar
1778540123.7603192,5,63,1.295033,102.13,217.222,1251.815,2,4,compressed_ring_ar
1778540125.0762453,5,64,1.560856,100.51,269.32,1268.859,2,4,compressed_ring_ar
1778540126.3279786,5,65,1.370019,105.65,231.905,1204.222,2,4,compressed_ring_ar
1778540127.625153,5,66,1.462344,101.6,267.926,1254.354,2,4,compressed_ring_ar
1778540128.9224007,5,67,1.417386,101.81,220.129,1253.407,2,4,compressed_ring_ar
1778540130.26016,5,68,1.361371,99.42,319.753,1285.721,2,4,compressed_ring_ar
1778540131.51474,5,69,1.366639,106.75,269.382,1194.598,2,4,compressed_ring_ar
1778540132.8144195,5,70,1.565749,102.36,214.927,1249.362,2,4,compressed_ring_ar
1778540134.16732,5,71,1.378801,99.57,231.609,1283.797,2,4,compressed_ring_ar
1778540135.4987884,5,72,1.445731,101.43,394.273,1257.719,2,4,compressed_ring_ar
1778540136.6069467,5,73,1.41094,119.24,369.863,1068.863,2,4,compressed_ring_ar
1778540137.8943684,5,74,1.608779,102.4,395.675,1248.464,2,4,compressed_ring_ar
1778540139.091184,5,75,1.212623,112.81,171.8,1129.226,2,4,compressed_ring_ar
1778540140.6478746,5,76,1.280879,84.68,235.739,1504.694,2,4,compressed_ring_ar
1778540141.951243,5,77,1.297752,101.18,200.657,1257.72,2,4,compressed_ring_ar
1778540143.1950192,5,78,1.341329,107.19,213.184,1186.845,2,4,compressed_ring_ar
1778540144.5367,5,79,1.457373,99.08,303.226,1290.541,2,4,compressed_ring_ar
1778540145.7928863,5,80,1.371891,106.0,197.44,1201.786,2,4,compressed_ring_ar
1778540147.0034637,5,81,1.343879,109.65,202.747,1162.715,2,4,compressed_ring_ar
1778540148.3484986,5,82,1.365047,99.49,223.862,1285.14,2,4,compressed_ring_ar
1778540149.4973934,5,83,1.531072,118.23,203.927,1074.888,2,4,compressed_ring_ar
1778540150.773382,5,84,1.358835,103.85,216.18,1227.442,2,4,compressed_ring_ar
1778540152.1032708,5,85,1.48022,99.2,198.516,1285.377,2,4,compressed_ring_ar
1778540153.4388433,5,86,1.518911,98.84,269.414,1287.194,2,4,compressed_ring_ar
1778540154.8841784,5,87,1.24144,90.91,277.354,1402.435,2,4,compressed_ring_ar
1778540156.0187685,5,88,1.303732,116.84,335.618,1092.432,2,4,compressed_ring_ar
1778540157.4023664,5,89,1.48091,96.99,503.884,1315.687,2,4,compressed_ring_ar
1778540158.6207502,5,90,1.473771,108.93,196.635,1173.631,2,4,compressed_ring_ar
1778540160.2021635,5,91,1.350089,83.98,262.543,1520.173,2,4,compressed_ring_ar
1778540161.425617,5,92,1.524,110.19,207.921,1157.038,2,4,compressed_ring_ar
1778540162.8140433,5,93,1.339083,94.94,216.883,1341.828,2,4,compressed_ring_ar
1778540164.1482425,5,94,1.27671,98.81,201.582,1289.668,2,4,compressed_ring_ar
1778540165.459969,5,95,1.413206,100.97,177.346,1265.994,2,4,compressed_ring_ar
1778540166.8870866,5,96,1.578624,92.76,211.105,1373.955,2,4,compressed_ring_ar
1778540168.1162097,5,97,1.516279,70.18,185.112,1189.39,2,4,compressed_ring_ar
1778540180.1390493,6,0,1.256737,86.32,211.362,1478.986,2,4,compressed_ring_ar
1778540181.517787,6,1,1.460967,97.59,203.734,1307.03,2,4,compressed_ring_ar
1778540183.0181854,6,2,1.373923,87.31,255.332,1456.387,2,4,compressed_ring_ar
1778540184.3682163,6,3,1.462787,98.11,222.005,1300.752,2,4,compressed_ring_ar
1778540185.8017857,6,4,1.440027,92.79,224.546,1374.852,2,4,compressed_ring_ar
1778540187.3029423,6,5,1.409435,88.6,249.262,1435.09,2,4,compressed_ring_ar
1778540188.707658,6,6,1.447794,94.32,216.394,1347.806,2,4,compressed_ring_ar
1778540189.8593318,6,7,1.450275,115.54,211.677,1106.638,2,4,compressed_ring_ar
1778540191.154064,6,8,1.333243,102.93,234.252,1238.829,2,4,compressed_ring_ar
1778540192.4269674,6,9,1.428845,104.07,184.677,1228.529,2,4,compressed_ring_ar
1778540193.656331,6,10,1.576425,108.46,208.94,1175.712,2,4,compressed_ring_ar
1778540195.0600994,6,11,1.50375,94.15,312.103,1358.148,2,4,compressed_ring_ar
1778540196.3676746,6,12,1.417519,101.54,202.512,1256.265,2,4,compressed_ring_ar
1778540197.6722791,6,13,1.465778,102.06,186.495,1249.764,2,4,compressed_ring_ar
1778540199.0684907,6,14,1.314564,94.36,232.323,1352.64,2,4,compressed_ring_ar
1778540200.3796678,6,15,1.457545,101.18,256.931,1254.784,2,4,compressed_ring_ar
1778540201.7383144,6,16,1.478239,96.69,198.465,1322.452,2,4,compressed_ring_ar
1778540203.1798768,6,17,1.395514,91.83,209.218,1389.879,2,4,compressed_ring_ar
1778540204.442625,6,18,1.430272,105.04,193.12,1213.228,2,4,compressed_ring_ar
1778540205.755901,6,19,1.347755,100.24,270.347,1270.269,2,4,compressed_ring_ar
1778540207.0297725,6,20,1.330459,103.84,200.945,1228.565,2,4,compressed_ring_ar
1778540208.2188509,6,21,1.447482,112.06,230.734,1140.96,2,4,compressed_ring_ar
1778540209.669318,6,22,1.375589,91.76,332.86,1388.086,2,4,compressed_ring_ar
1778540211.0377955,6,23,1.445738,96.16,214.161,1326.758,2,4,compressed_ring_ar
1778540212.3703585,6,24,1.519027,99.57,222.633,1278.056,2,4,compressed_ring_ar
1778540213.6493323,6,25,1.420291,103.94,203.446,1230.152,2,4,compressed_ring_ar
1778540215.0461419,6,26,1.534916,94.8,284.539,1346.246,2,4,compressed_ring_ar
1778540216.342679,6,27,1.269758,103.21,236.205,1235.98,2,4,compressed_ring_ar
1778540217.5808814,6,28,1.608936,108.35,205.801,1176.667,2,4,compressed_ring_ar
1778540218.8595338,6,29,1.50737,104.05,214.404,1229.063,2,4,compressed_ring_ar
1778540220.559598,6,30,1.460527,78.43,269.241,1623.037,2,4,compressed_ring_ar
1778540221.721019,6,31,1.338591,115.96,171.235,1101.567,2,4,compressed_ring_ar
1778540223.0294385,6,32,1.439611,101.44,222.638,1256.292,2,4,compressed_ring_ar
1778540224.367604,6,33,1.374176,99.07,194.068,1290.678,2,4,compressed_ring_ar
1778540225.6961167,6,34,1.36983,99.54,279.466,1276.201,2,4,compressed_ring_ar
1778540226.94835,6,35,1.4834,105.83,183.004,1203.168,2,4,compressed_ring_ar
1778540228.1759799,6,36,1.392828,108.36,197.423,1180.126,2,4,compressed_ring_ar
1778540229.4442506,6,37,1.52695,105.55,268.972,1211.845,2,4,compressed_ring_ar
1778540230.8084383,6,38,1.485091,97.21,190.828,1315.427,2,4,compressed_ring_ar
1778540232.213023,6,39,1.355593,94.52,212.66,1352.945,2,4,compressed_ring_ar
1778540233.571256,6,40,1.458702,98.57,308.923,1294.04,2,4,compressed_ring_ar
1778540234.9874,6,41,1.330767,94.03,202.166,1351.702,2,4,compressed_ring_ar
1778540236.1793294,6,42,1.319618,110.91,195.753,1152.59,2,4,compressed_ring_ar
1778540237.5967774,6,43,1.510691,93.38,332.735,1360.134,2,4,compressed_ring_ar
1778540238.929568,6,44,1.536198,98.56,198.024,1294.07,2,4,compressed_ring_ar
1778540240.2110555,6,45,1.282853,103.5,212.985,1232.367,2,4,compressed_ring_ar
1778540241.4737647,6,46,1.368354,105.35,216.335,1211.277,2,4,compressed_ring_ar
1778540242.7317104,6,47,1.387199,106.75,321.678,1196.116,2,4,compressed_ring_ar
1778540244.080665,6,48,1.256299,98.3,308.138,1298.29,2,4,compressed_ring_ar
1778540245.3290436,6,49,1.51489,106.4,169.563,1201.659,2,4,compressed_ring_ar
1778540246.7704802,6,50,1.344403,92.04,199.907,1386.032,2,4,compressed_ring_ar
1778540248.0911317,6,51,1.28459,101.1,230.298,1262.173,2,4,compressed_ring_ar
1778540249.3657196,6,52,1.253974,104.65,204.793,1219.174,2,4,compressed_ring_ar
1778540250.8853407,6,53,1.493619,86.69,282.501,1470.039,2,4,compressed_ring_ar
1778540252.1136131,6,54,1.373931,110.44,196.057,1157.636,2,4,compressed_ring_ar
1778540253.5321534,6,55,1.28405,93.58,376.185,1366.545,2,4,compressed_ring_ar
1778540254.9612796,6,56,1.312278,93.0,322.919,1375.105,2,4,compressed_ring_ar
1778540256.2679052,6,57,1.344158,101.61,201.082,1254.835,2,4,compressed_ring_ar
1778540257.5405583,6,58,1.233916,104.24,339.827,1222.482,2,4,compressed_ring_ar
1778540258.8010383,6,59,1.376352,105.46,245.798,1212.497,2,4,compressed_ring_ar
1778540260.0844626,6,60,1.323531,103.43,190.425,1236.204,2,4,compressed_ring_ar
1778540261.4816737,6,61,1.309393,96.46,398.389,1322.765,2,4,compressed_ring_ar
1778540262.7387147,6,62,1.23291,105.31,239.698,1211.568,2,4,compressed_ring_ar
1778540264.0336409,6,63,1.395324,102.41,238.606,1248.503,2,4,compressed_ring_ar
1778540265.5444093,6,64,1.388418,88.04,337.33,1444.601,2,4,compressed_ring_ar
1778540266.7815244,6,65,1.367604,106.45,188.472,1201.039,2,4,compressed_ring_ar
1778540268.2054543,6,66,1.381825,92.93,212.051,1373.448,2,4,compressed_ring_ar
1778540269.5936573,6,67,1.436746,95.35,198.266,1338.526,2,4,compressed_ring_ar
1778540270.9928613,6,68,1.221972,94.25,240.583,1350.488,2,4,compressed_ring_ar
1778540272.2418308,6,69,1.414414,106.44,270.874,1201.55,2,4,compressed_ring_ar
1778540273.5365186,6,70,1.397432,103.47,255.182,1233.327,2,4,compressed_ring_ar
1778540274.8175893,6,71,1.439134,103.78,197.357,1232.215,2,4,compressed_ring_ar
1778540276.127711,6,72,1.275493,102.2,211.074,1245.794,2,4,compressed_ring_ar
1778540277.4034133,6,73,1.234745,103.75,315.583,1229.922,2,4,compressed_ring_ar
1778540278.6880448,6,74,1.356093,103.7,233.61,1228.901,2,4,compressed_ring_ar
1778540279.8812523,6,75,1.248118,113.41,140.162,1127.27,2,4,compressed_ring_ar
1778540281.230859,6,76,1.287886,98.12,434.403,1303.188,2,4,compressed_ring_ar
1778540282.61073,6,77,1.325352,95.44,217.311,1337.197,2,4,compressed_ring_ar
1778540283.9664993,6,78,1.311201,97.62,367.109,1310.638,2,4,compressed_ring_ar
1778540285.4739587,6,79,1.342179,89.19,234.533,1433.762,2,4,compressed_ring_ar
1778540286.7774227,6,80,1.437041,102.53,215.183,1244.506,2,4,compressed_ring_ar
1778540288.1655219,6,81,1.33758,95.28,190.707,1338.067,2,4,compressed_ring_ar
1778540289.428516,6,82,1.270468,104.59,241.82,1217.074,2,4,compressed_ring_ar
1778540290.6984088,6,83,1.26306,104.84,163.967,1218.779,2,4,compressed_ring_ar
1778540292.0490074,6,84,1.145472,97.44,405.721,1308.988,2,4,compressed_ring_ar
1778540293.326514,6,85,1.2114,104.11,345.687,1228.07,2,4,compressed_ring_ar
1778540294.6235983,6,86,1.343163,103.31,211.0,1234.179,2,4,compressed_ring_ar
1778540295.8435893,6,87,1.428946,109.03,240.142,1172.66,2,4,compressed_ring_ar
1778540297.1778667,6,88,1.422408,99.5,218.349,1281.907,2,4,compressed_ring_ar
1778540298.5288804,6,89,1.346669,97.98,202.356,1302.568,2,4,compressed_ring_ar
1778540299.9509563,6,90,1.461288,93.09,295.402,1367.594,2,4,compressed_ring_ar
1778540301.2321541,6,91,1.232905,103.64,293.078,1229.36,2,4,compressed_ring_ar
1778540302.457628,6,92,1.237672,108.78,240.117,1172.578,2,4,compressed_ring_ar
1778540303.700697,6,93,1.186345,106.8,219.866,1196.854,2,4,compressed_ring_ar
1778540305.097771,6,94,1.335484,95.06,225.425,1336.934,2,4,compressed_ring_ar
1778540306.363315,6,95,1.259567,104.05,201.84,1223.99,2,4,compressed_ring_ar
1778540307.795326,6,96,1.414227,92.27,194.521,1385.822,2,4,compressed_ring_ar
1778540308.9269578,6,97,1.316064,76.8,165.887,1087.226,2,4,compressed_ring_ar
1778540320.5811954,7,0,1.300097,90.27,213.247,1410.718,2,4,compressed_ring_ar
1778540321.7787232,7,1,1.456027,110.36,227.534,1152.953,2,4,compressed_ring_ar
1778540323.046067,7,2,1.456644,104.04,243.369,1220.408,2,4,compressed_ring_ar
1778540324.2568166,7,3,1.364503,109.75,247.759,1164.792,2,4,compressed_ring_ar
1778540325.5657475,7,4,1.399286,102.1,211.158,1249.293,2,4,compressed_ring_ar
1778540326.9174733,7,5,1.424207,97.9,224.578,1303.603,2,4,compressed_ring_ar
1778540328.204439,7,6,1.365981,103.27,219.889,1234.818,2,4,compressed_ring_ar
1778540329.5183008,7,7,1.327188,101.9,256.745,1249.997,2,4,compressed_ring_ar
1778540330.8637445,7,8,1.243991,99.19,222.865,1285.639,2,4,compressed_ring_ar
1778540332.2162533,7,9,1.47514,97.72,299.746,1304.463,2,4,compressed_ring_ar
1778540333.6286917,7,10,1.239449,94.73,212.477,1349.784,2,4,compressed_ring_ar
1778540335.074367,7,11,1.33048,91.59,289.314,1390.749,2,4,compressed_ring_ar
1778540336.2897086,7,12,1.305424,111.76,295.299,1141.881,2,4,compressed_ring_ar
1778540337.5325212,7,13,1.293069,107.28,162.654,1190.862,2,4,compressed_ring_ar
1778540338.8587914,7,14,1.39293,99.49,184.555,1284.051,2,4,compressed_ring_ar
1778540340.1958513,7,15,1.540244,99.0,454.238,1288.834,2,4,compressed_ring_ar
1778540341.514407,7,16,1.316609,101.54,202.325,1253.751,2,4,compressed_ring_ar
1778540342.77715,7,17,1.280666,104.55,273.146,1219.804,2,4,compressed_ring_ar
1778540344.1170425,7,18,1.50377,99.53,272.6,1284.815,2,4,compressed_ring_ar
1778540345.540764,7,19,1.493187,95.01,201.158,1342.546,2,4,compressed_ring_ar
1778540346.948503,7,20,1.366046,94.03,197.004,1355.824,2,4,compressed_ring_ar
1778540348.1548347,7,21,1.488087,110.47,185.845,1157.251,2,4,compressed_ring_ar
1778540349.5336554,7,22,1.366166,96.18,221.92,1321.698,2,4,compressed_ring_ar
1778540350.8890963,7,23,1.335269,97.14,245.164,1313.825,2,4,compressed_ring_ar
1778540352.1179507,7,24,1.409168,108.35,190.207,1179.959,2,4,compressed_ring_ar
1778540353.4042897,7,25,1.394914,103.13,216.554,1236.562,2,4,compressed_ring_ar
1778540354.698447,7,26,1.375018,102.37,183.257,1248.178,2,4,compressed_ring_ar
1778540356.1000261,7,27,1.399819,94.27,198.336,1350.999,2,4,compressed_ring_ar
1778540357.3350976,7,28,1.369534,106.89,184.148,1196.176,2,4,compressed_ring_ar
1778540358.6442077,7,29,1.336952,101.38,198.842,1255.734,2,4,compressed_ring_ar
1778540359.9188726,7,30,1.195952,103.67,173.796,1232.306,2,4,compressed_ring_ar
1778540361.3119895,7,31,1.344108,94.99,486.256,1346.396,2,4,compressed_ring_ar
1778540362.662934,7,32,1.410775,98.23,210.658,1301.629,2,4,compressed_ring_ar
1778540364.0635307,7,33,1.356459,94.15,185.109,1355.9,2,4,compressed_ring_ar
1778540365.345244,7,34,1.289556,103.82,214.299,1229.086,2,4,compressed_ring_ar
1778540366.716595,7,35,1.431807,97.13,283.101,1313.93,2,4,compressed_ring_ar
1778540368.0794084,7,36,1.441253,97.87,204.46,1306.707,2,4,compressed_ring_ar
1778540369.3238676,7,37,1.370607,107.57,217.618,1183.556,2,4,compressed_ring_ar
1778540370.7095244,7,38,1.439383,96.03,268.139,1323.162,2,4,compressed_ring_ar
1778540372.0184054,7,39,1.309711,100.28,272.047,1275.047,2,4,compressed_ring_ar
1778540373.2790313,7,40,1.324967,106.47,196.935,1197.236,2,4,compressed_ring_ar
1778540374.5527427,7,41,1.273432,103.45,233.691,1232.458,2,4,compressed_ring_ar
1778540375.8924048,7,42,1.29732,99.87,208.236,1280.128,2,4,compressed_ring_ar
1778540377.3357472,7,43,1.24764,92.87,201.149,1373.078,2,4,compressed_ring_ar
1778540378.6518178,7,44,1.158677,101.58,202.451,1256.192,2,4,compressed_ring_ar
1778540380.030582,7,45,1.306471,95.84,190.522,1331.463,2,4,compressed_ring_ar
1778540381.2556114,7,46,1.316718,109.27,178.715,1170.027,2,4,compressed_ring_ar
1778540382.5029786,7,47,1.482234,107.76,206.442,1184.949,2,4,compressed_ring_ar
1778540383.8767233,7,48,1.308882,98.25,184.981,1301.046,2,4,compressed_ring_ar
1778540385.2061672,7,49,1.185876,100.04,199.692,1275.712,2,4,compressed_ring_ar
1778540386.5443804,7,50,1.18996,99.24,232.104,1285.29,2,4,compressed_ring_ar
1778540387.8765626,7,51,1.282929,99.46,231.682,1282.367,2,4,compressed_ring_ar
1778540389.2449298,7,52,1.271022,96.72,306.258,1317.932,2,4,compressed_ring_ar
1778540390.5730753,7,53,1.340206,99.56,261.207,1275.959,2,4,compressed_ring_ar
1778540391.8571947,7,54,1.309103,103.16,212.027,1234.858,2,4,compressed_ring_ar
1778540393.2537208,7,55,1.271669,94.94,232.7,1344.498,2,4,compressed_ring_ar
1778540394.4821904,7,56,1.491852,108.93,208.714,1169.883,2,4,compressed_ring_ar
1778540395.800591,7,57,1.313782,100.43,247.956,1270.364,2,4,compressed_ring_ar
1778540397.1126401,7,58,1.280639,101.82,224.365,1255.013,2,4,compressed_ring_ar
1778540398.4347405,7,59,1.312448,100.79,222.224,1262.012,2,4,compressed_ring_ar
1778540399.6893363,7,60,1.307834,105.11,283.218,1213.019,2,4,compressed_ring_ar
1778540401.134321,7,61,1.43891,91.36,166.009,1399.73,2,4,compressed_ring_ar
1778540402.8152602,7,62,1.328548,77.83,250.999,1640.739,2,4,compressed_ring_ar
1778540404.2893147,7,63,1.374068,90.02,278.529,1420.13,2,4,compressed_ring_ar
1778540405.781356,7,64,1.375991,89.86,287.409,1423.547,2,4,compressed_ring_ar
1778540407.2344103,7,65,1.423812,92.38,251.792,1384.257,2,4,compressed_ring_ar
1778540408.6583953,7,66,1.317244,93.86,273.421,1362.347,2,4,compressed_ring_ar
1778540410.004684,7,67,1.32026,98.89,222.024,1293.021,2,4,compressed_ring_ar
1778540411.4968145,7,68,1.412614,89.18,229.949,1429.638,2,4,compressed_ring_ar
1778540412.8382034,7,69,1.266035,99.18,336.912,1283.903,2,4,compressed_ring_ar
1778540414.1554458,7,70,1.302012,100.62,316.504,1271.373,2,4,compressed_ring_ar
1778540415.705132,7,71,1.39925,85.26,210.905,1497.594,2,4,compressed_ring_ar
1778540417.0018904,7,72,1.270788,104.76,249.971,1214.838,2,4,compressed_ring_ar
1778540418.409217,7,73,1.492876,93.67,202.992,1365.389,2,4,compressed_ring_ar
1778540419.7782729,7,74,1.198835,98.34,237.699,1296.544,2,4,compressed_ring_ar
1778540421.1427383,7,75,1.206307,97.31,232.064,1312.612,2,4,compressed_ring_ar
1778540422.5443263,7,76,1.299253,95.46,260.63,1337.011,2,4,compressed_ring_ar
1778540423.9521363,7,77,1.226839,94.39,238.547,1349.852,2,4,compressed_ring_ar
1778540425.3682823,7,78,1.304981,95.16,228.297,1340.138,2,4,compressed_ring_ar
1778540426.7802606,7,79,1.328774,93.97,274.588,1356.355,2,4,compressed_ring_ar
1778540428.2300036,7,80,1.493287,91.96,230.792,1387.957,2,4,compressed_ring_ar
1778540429.6861985,7,81,1.202156,90.8,235.022,1408.577,2,4,compressed_ring_ar
1778540431.3501556,7,82,1.144059,80.72,260.441,1584.537,2,4,compressed_ring_ar
1778540432.822833,7,83,1.547429,90.11,236.372,1416.808,2,4,compressed_ring_ar
1778540434.048354,7,84,1.410756,109.46,203.196,1168.047,2,4,compressed_ring_ar
1778540435.3065856,7,85,1.147225,106.5,193.726,1200.41,2,4,compressed_ring_ar
1778540436.642148,7,86,1.306303,99.14,210.203,1289.614,2,4,compressed_ring_ar
1778540437.990742,7,87,1.295773,99.22,215.874,1282.879,2,4,compressed_ring_ar
1778540439.1852686,7,88,1.658143,111.31,213.456,1141.593,2,4,compressed_ring_ar
1778540440.4144597,7,89,1.502029,108.27,225.176,1177.036,2,4,compressed_ring_ar
1778540441.7881675,7,90,1.353104,95.95,206.398,1330.019,2,4,compressed_ring_ar
1778540443.0570774,7,91,1.294352,104.9,197.226,1216.091,2,4,compressed_ring_ar
1778540444.2958958,7,92,1.280453,106.3,187.595,1202.782,2,4,compressed_ring_ar
1778540445.6249523,7,93,1.243916,99.89,221.412,1276.918,2,4,compressed_ring_ar
1778540446.9134247,7,94,1.276891,103.6,265.551,1231.176,2,4,compressed_ring_ar
1778540448.3913028,7,95,1.277983,89.36,276.473,1431.051,2,4,compressed_ring_ar
1778540449.730534,7,96,1.395848,99.64,199.997,1274.334,2,4,compressed_ring_ar
1778540450.9436555,7,97,1.399085,70.93,236.724,1177.304,2,4,compressed_ring_ar
1778540462.614924,8,0,1.283595,84.84,378.566,1507.592,2,4,compressed_ring_ar
1778540463.9807308,8,1,1.413109,98.89,225.012,1290.559,2,4,compressed_ring_ar
1778540465.270514,8,2,1.306561,103.15,292.162,1231.418,2,4,compressed_ring_ar
1778540466.552653,8,3,1.373399,102.54,264.708,1237.668,2,4,compressed_ring_ar
1778540467.804884,8,4,1.318991,105.69,215.418,1206.274,2,4,compressed_ring_ar
1778540469.071583,8,5,1.329597,104.27,194.198,1223.144,2,4,compressed_ring_ar
1778540470.528518,8,6,1.342743,90.1,427.894,1416.037,2,4,compressed_ring_ar
1778540471.8293514,8,7,1.187112,101.76,205.093,1253.408,2,4,compressed_ring_ar
1778540473.1527498,8,8,1.461321,99.99,203.318,1272.696,2,4,compressed_ring_ar
1778540474.3988078,8,9,1.284472,105.88,251.115,1202.666,2,4,compressed_ring_ar
1778540475.6081371,8,10,1.353139,109.95,189.968,1162.843,2,4,compressed_ring_ar
1778540476.940803,8,11,1.239711,99.11,182.926,1282.512,2,4,compressed_ring_ar
1778540478.1381774,8,12,1.286877,111.43,183.838,1146.228,2,4,compressed_ring_ar
1778540479.5071166,8,13,1.142685,96.23,409.882,1324.388,2,4,compressed_ring_ar
1778540480.788811,8,14,1.320378,104.2,238.425,1219.544,2,4,compressed_ring_ar
1778540482.0835567,8,15,1.228172,101.92,244.841,1251.581,2,4,compressed_ring_ar
1778540483.3308325,8,16,1.344003,106.34,200.355,1199.831,2,4,compressed_ring_ar
1778540484.5067246,8,17,1.440755,113.66,183.072,1124.848,2,4,compressed_ring_ar
1778540485.9763696,8,18,1.413284,90.14,504.663,1416.146,2,4,compressed_ring_ar
1778540487.3470137,8,19,1.240812,97.25,255.971,1308.457,2,4,compressed_ring_ar
1778540488.6406977,8,20,1.394637,102.53,247.447,1242.767,2,4,compressed_ring_ar
1778540490.1310275,8,21,1.334054,88.38,324.255,1443.492,2,4,compressed_ring_ar
1778540491.43765,8,22,1.282748,103.04,202.672,1234.713,2,4,compressed_ring_ar
1778540492.7688737,8,23,1.302217,99.65,338.117,1279.827,2,4,compressed_ring_ar
1778540494.033833,8,24,1.37692,104.32,264.14,1221.904,2,4,compressed_ring_ar
1778540495.3522983,8,25,1.468319,100.42,243.389,1270.541,2,4,compressed_ring_ar
1778540496.616489,8,26,1.279364,104.99,190.92,1214.564,2,4,compressed_ring_ar
1778540497.9068234,8,27,1.392257,104.27,238.477,1218.256,2,4,compressed_ring_ar
1778540499.1807244,8,28,1.335182,103.43,185.575,1236.079,2,4,compressed_ring_ar
1778540500.5126612,8,29,1.249758,101.52,226.586,1253.194,2,4,compressed_ring_ar
1778540501.7146208,8,30,1.270234,110.51,215.623,1156.835,2,4,compressed_ring_ar
1778540503.1659927,8,31,1.256028,91.3,198.089,1400.654,2,4,compressed_ring_ar
1778540504.5195842,8,32,1.151812,97.92,196.813,1300.648,2,4,compressed_ring_ar
1778540505.9271321,8,33,1.222069,93.78,236.858,1363.467,2,4,compressed_ring_ar
1778540507.2483528,8,34,1.344466,99.94,223.779,1274.625,2,4,compressed_ring_ar
1778540508.4844697,8,35,1.226574,107.16,183.298,1189.0,2,4,compressed_ring_ar
1778540509.7985516,8,36,1.459021,100.39,220.722,1273.4,2,4,compressed_ring_ar
1778540511.209614,8,37,1.497072,95.53,177.743,1338.543,2,4,compressed_ring_ar
1778540512.6183608,8,38,1.203582,94.72,213.187,1344.644,2,4,compressed_ring_ar
1778540514.0348802,8,39,1.362612,93.44,218.711,1368.721,2,4,compressed_ring_ar
1778540515.1732488,8,40,1.473427,119.59,220.159,1065.359,2,4,compressed_ring_ar
1778540516.3867157,8,41,1.444801,110.12,220.718,1160.675,2,4,compressed_ring_ar
1778540517.677852,8,42,1.16222,103.68,213.01,1233.09,2,4,compressed_ring_ar
1778540519.043528,8,43,1.36885,97.78,219.268,1304.516,2,4,compressed_ring_ar
1778540520.639598,8,44,1.160164,82.76,292.172,1541.333,2,4,compressed_ring_ar
1778540521.8777137,8,45,1.214844,109.64,338.215,1165.012,2,4,compressed_ring_ar
1778540523.1516347,8,46,1.215548,103.73,218.3,1227.416,2,4,compressed_ring_ar
1778540524.3937933,8,47,1.38062,107.07,241.215,1191.485,2,4,compressed_ring_ar
1778540525.6125998,8,48,1.287865,110.02,197.901,1157.779,2,4,compressed_ring_ar
1778540527.0034633,8,49,1.352537,94.8,297.771,1340.046,2,4,compressed_ring_ar
1778540528.2553823,8,50,1.263545,105.14,207.483,1216.11,2,4,compressed_ring_ar
1778540529.5560007,8,51,1.261531,101.65,214.572,1257.41,2,4,compressed_ring_ar
1778540530.9808483,8,52,1.259809,93.63,357.482,1361.261,2,4,compressed_ring_ar
1778540532.3446364,8,53,1.411031,96.77,365.583,1316.817,2,4,compressed_ring_ar
1778540533.5625947,8,54,1.403008,109.47,214.545,1164.412,2,4,compressed_ring_ar
1778540534.848384,8,55,1.191964,102.46,184.305,1245.226,2,4,compressed_ring_ar
1778540536.2183194,8,56,1.376631,96.87,218.952,1317.319,2,4,compressed_ring_ar
1778540537.4905844,8,57,1.25483,104.52,260.054,1223.47,2,4,compressed_ring_ar
1778540538.8368046,8,58,1.470198,98.33,234.586,1295.432,2,4,compressed_ring_ar
1778540540.0961304,8,59,1.276277,104.97,191.07,1213.154,2,4,compressed_ring_ar
1778540541.4567103,8,60,1.213491,97.7,261.33,1303.232,2,4,compressed_ring_ar
1778540542.7862737,8,61,1.378501,102.12,286.601,1245.93,2,4,compressed_ring_ar
1778540544.143049,8,62,1.268369,97.81,209.245,1303.95,2,4,compressed_ring_ar
1778540545.4228964,8,63,1.281052,104.32,197.047,1225.69,2,4,compressed_ring_ar
1778540546.8718946,8,64,1.226384,92.54,235.575,1378.679,2,4,compressed_ring_ar
1778540548.1423976,8,65,1.378598,104.05,203.521,1228.861,2,4,compressed_ring_ar
1778540549.4604301,8,66,1.347618,101.57,197.925,1256.369,2,4,compressed_ring_ar
1778540550.9434605,8,67,1.344752,88.95,265.743,1437.64,2,4,compressed_ring_ar
1778540552.1058245,8,68,1.237908,115.38,372.475,1107.22,2,4,compressed_ring_ar
1778540553.4490626,8,69,1.229807,98.48,214.006,1289.419,2,4,compressed_ring_ar
1778540554.6163685,8,70,1.268615,113.26,196.449,1128.763,2,4,compressed_ring_ar
1778540555.905342,8,71,1.242946,103.04,218.321,1240.842,2,4,compressed_ring_ar
1778540557.416066,8,72,1.389993,87.23,209.073,1460.447,2,4,compressed_ring_ar
1778540558.6843705,8,73,1.08289,104.7,281.949,1218.573,2,4,compressed_ring_ar
1778540560.0268755,8,74,1.230281,98.63,193.327,1296.422,2,4,compressed_ring_ar
1778540561.4174016,8,75,1.287941,95.16,208.445,1340.772,2,4,compressed_ring_ar
1778540562.695069,8,76,1.413803,103.48,203.717,1231.903,2,4,compressed_ring_ar
1778540564.0824265,8,77,1.160236,95.06,210.593,1345.082,2,4,compressed_ring_ar
1778540565.287642,8,78,1.425444,113.47,194.742,1120.547,2,4,compressed_ring_ar
1778540566.5706935,8,79,1.261076,103.32,220.941,1231.993,2,4,compressed_ring_ar
1778540567.8725758,8,80,1.341646,102.42,190.984,1248.667,2,4,compressed_ring_ar
1778540569.2047691,8,81,1.221166,101.03,191.686,1263.564,2,4,compressed_ring_ar
1778540570.6108449,8,82,1.235436,93.82,209.894,1361.821,2,4,compressed_ring_ar
1778540572.0720034,8,83,1.324587,89.89,446.019,1417.653,2,4,compressed_ring_ar
1778540573.3620613,8,84,1.273769,102.4,215.091,1248.567,2,4,compressed_ring_ar
1778540574.776213,8,85,1.253975,93.19,392.215,1369.236,2,4,compressed_ring_ar
1778540576.0843585,8,86,1.373104,101.3,235.345,1261.88,2,4,compressed_ring_ar
1778540577.4106693,8,87,1.053946,100.3,203.491,1270.721,2,4,compressed_ring_ar
1778540578.8144908,8,88,1.298938,93.87,420.807,1359.576,2,4,compressed_ring_ar
1778540580.122608,8,89,1.273291,101.95,249.744,1251.681,2,4,compressed_ring_ar
1778540581.5127082,8,90,1.346078,98.65,239.474,1296.128,2,4,compressed_ring_ar
1778540582.944771,8,91,1.37191,92.57,215.254,1377.927,2,4,compressed_ring_ar
1778540584.0789225,8,92,1.342433,118.95,149.061,1073.742,2,4,compressed_ring_ar
1778540585.502946,8,93,1.205948,95.17,457.819,1340.206,2,4,compressed_ring_ar
1778540586.85015,8,94,1.182651,97.65,192.497,1309.489,2,4,compressed_ring_ar
1778540588.1809309,8,95,1.438748,99.43,192.722,1286.022,2,4,compressed_ring_ar
1778540589.5210311,8,96,1.370397,100.37,210.704,1270.826,2,4,compressed_ring_ar
1778540590.9555361,8,97,1.352935,59.76,207.706,1398.863,2,4,compressed_ring_ar
1778540602.5920103,9,0,1.255453,91.06,265.268,1400.929,2,4,compressed_ring_ar
1778540603.888428,9,1,1.275458,102.25,213.826,1247.728,2,4,compressed_ring_ar
1778540605.1279109,9,2,1.264586,107.32,202.547,1187.49,2,4,compressed_ring_ar
1778540606.3971026,9,3,1.43993,104.56,225.328,1223.076,2,4,compressed_ring_ar
1778540607.6775773,9,4,1.300801,104.16,365.682,1223.54,2,4,compressed_ring_ar
1778540608.9783585,9,5,1.198622,101.92,340.512,1248.185,2,4,compressed_ring_ar
1778540610.228346,9,6,1.252035,107.45,195.664,1188.877,2,4,compressed_ring_ar
1778540611.5640802,9,7,1.411574,99.42,211.825,1285.284,2,4,compressed_ring_ar
1778540612.9934907,9,8,1.128186,93.28,142.584,1368.466,2,4,compressed_ring_ar
1778540614.4573085,9,9,1.128761,92.75,329.455,1378.681,2,4,compressed_ring_ar
1778540615.9100292,9,10,1.36855,91.67,413.561,1392.369,2,4,compressed_ring_ar
1778540617.2793102,9,11,1.246922,96.63,192.094,1320.586,2,4,compressed_ring_ar
1778540618.5514162,9,12,1.320532,104.03,211.373,1225.649,2,4,compressed_ring_ar
1778540619.9065497,9,13,1.187326,97.87,340.4,1303.485,2,4,compressed_ring_ar
1778540621.167739,9,14,1.061008,107.47,197.992,1188.478,2,4,compressed_ring_ar
1778540622.601701,9,15,1.192423,92.25,407.233,1384.978,2,4,compressed_ring_ar
1778540624.073858,9,16,1.140543,89.79,222.284,1421.601,2,4,compressed_ring_ar
1778540625.2814085,9,17,1.358204,111.89,211.549,1141.759,2,4,compressed_ring_ar
1778540626.5227187,9,18,1.417873,106.75,319.033,1196.334,2,4,compressed_ring_ar
1778540628.0304286,9,19,1.164861,87.06,202.954,1465.644,2,4,compressed_ring_ar
1778540629.4078352,9,20,1.034319,96.39,220.944,1325.022,2,4,compressed_ring_ar
1778540630.658228,9,21,1.24027,107.49,187.285,1188.308,2,4,compressed_ring_ar
1778540631.922593,9,22,1.259837,106.41,360.597,1198.29,2,4,compressed_ring_ar
1778540633.2434716,9,23,1.346457,99.91,342.114,1276.15,2,4,compressed_ring_ar
1778540634.5195436,9,24,1.321725,105.64,367.596,1206.356,2,4,compressed_ring_ar
1778540636.0186105,9,25,1.272766,87.92,328.511,1451.237,2,4,compressed_ring_ar
1778540637.3825543,9,26,1.242371,96.97,248.144,1314.403,2,4,compressed_ring_ar
1778540638.6220896,9,27,1.178672,108.71,342.224,1172.593,2,4,compressed_ring_ar
1778540640.0428836,9,28,1.187551,92.73,211.566,1378.002,2,4,compressed_ring_ar
1778540641.3828254,9,29,1.36972,99.13,298.312,1284.637,2,4,compressed_ring_ar
1778540642.4710379,9,30,1.200072,127.04,176.526,1003.163,2,4,compressed_ring_ar
1778540643.8311825,9,31,1.368525,97.76,306.504,1305.385,2,4,compressed_ring_ar
1778540645.1692364,9,32,1.282602,99.89,390.988,1274.919,2,4,compressed_ring_ar
1778540646.3242495,9,33,1.357389,114.31,323.161,1115.75,2,4,compressed_ring_ar
1778540647.765071,9,34,1.200062,92.16,231.952,1381.304,2,4,compressed_ring_ar
1778540649.042272,9,35,1.258301,103.01,355.227,1237.845,2,4,compressed_ring_ar
1778540650.3103304,9,36,1.303084,104.06,223.532,1228.049,2,4,compressed_ring_ar
1778540651.628142,9,37,1.374295,101.58,213.063,1254.636,2,4,compressed_ring_ar
1778540652.8942728,9,38,1.401882,103.93,359.622,1226.123,2,4,compressed_ring_ar
1778540654.2213566,9,39,1.271469,99.96,215.624,1276.367,2,4,compressed_ring_ar
1778540655.5995007,9,40,1.121372,95.91,179.938,1332.957,2,4,compressed_ring_ar
1778540656.9599142,9,41,1.370107,96.59,437.23,1322.95,2,4,compressed_ring_ar
1778540658.404762,9,42,1.108803,91.63,364.592,1393.308,2,4,compressed_ring_ar
1778540659.5065067,9,43,1.194026,122.91,208.879,1036.624,2,4,compressed_ring_ar
1778540660.9098225,9,44,1.229855,93.6,459.819,1362.929,2,4,compressed_ring_ar
1778540662.1960883,9,45,1.450565,102.84,307.542,1240.686,2,4,compressed_ring_ar
1778540663.3783133,9,46,1.136822,115.44,217.104,1103.354,2,4,compressed_ring_ar
1778540664.6865315,9,47,1.267684,100.86,199.583,1265.223,2,4,compressed_ring_ar
1778540666.1858277,9,48,1.258497,87.78,239.053,1457.001,2,4,compressed_ring_ar
1778540667.4622192,9,49,1.326916,103.83,198.825,1231.545,2,4,compressed_ring_ar
1778540669.083404,9,50,1.178224,82.38,274.824,1551.665,2,4,compressed_ring_ar
1778540670.700735,9,51,1.199886,82.85,416.602,1538.949,2,4,compressed_ring_ar
1778540672.0284724,9,52,1.282402,99.89,183.187,1278.9,2,4,compressed_ring_ar
1778540673.2688093,9,53,1.215985,106.57,211.243,1199.861,2,4,compressed_ring_ar
1778540674.65348,9,54,1.28163,97.13,498.943,1311.502,2,4,compressed_ring_ar
1778540676.0627477,9,55,1.283282,93.63,222.457,1360.127,2,4,compressed_ring_ar
1778540677.2971666,9,56,1.198309,108.14,207.65,1181.482,2,4,compressed_ring_ar
1778540678.5799155,9,57,1.12601,103.27,332.386,1234.799,2,4,compressed_ring_ar
1778540679.8100247,9,58,1.368971,107.7,239.5,1184.323,2,4,compressed_ring_ar
1778540681.130693,9,59,1.405966,100.21,201.873,1270.909,2,4,compressed_ring_ar
1778540682.4046717,9,60,1.291478,103.38,301.142,1236.868,2,4,compressed_ring_ar
1778540683.7693846,9,61,1.289444,97.49,215.941,1308.659,2,4,compressed_ring_ar
1778540685.1563802,9,62,1.32263,96.06,222.485,1328.635,2,4,compressed_ring_ar
1778540686.3841333,9,63,1.363825,108.25,214.1,1177.91,2,4,compressed_ring_ar
1778540687.8401964,9,64,1.120439,90.14,205.965,1415.007,2,4,compressed_ring_ar
1778540689.200828,9,65,1.255468,99.41,205.513,1281.405,2,4,compressed_ring_ar
1778540690.5554478,9,66,1.265972,97.2,219.887,1309.881,2,4,compressed_ring_ar
1778540691.9291344,9,67,1.29534,95.85,206.127,1328.982,2,4,compressed_ring_ar
1778540693.1433837,9,68,1.271591,108.91,199.332,1173.338,2,4,compressed_ring_ar
1778540694.5570335,9,69,1.34837,93.32,392.552,1369.431,2,4,compressed_ring_ar
1778540695.792927,9,70,1.234831,108.78,198.62,1172.006,2,4,compressed_ring_ar
1778540697.0337389,9,71,1.20876,108.67,198.394,1176.643,2,4,compressed_ring_ar
1778540698.4024315,9,72,1.239817,96.68,444.986,1319.107,2,4,compressed_ring_ar
1778540699.749973,9,73,1.247468,99.06,197.195,1287.032,2,4,compressed_ring_ar
1778540701.287827,9,74,1.057656,85.42,275.23,1495.46,2,4,compressed_ring_ar
1778540702.7058582,9,75,1.243487,94.31,270.312,1352.784,2,4,compressed_ring_ar
1778540703.985978,9,76,1.325839,103.22,214.406,1238.27,2,4,compressed_ring_ar
1778540705.3739839,9,77,1.254852,94.85,340.153,1345.635,2,4,compressed_ring_ar
1778540706.5261278,9,78,1.23308,115.56,191.116,1104.252,2,4,compressed_ring_ar
1778540707.9304533,9,79,1.177542,93.98,364.911,1357.983,2,4,compressed_ring_ar
1778540709.1912057,9,80,1.306768,105.0,234.302,1214.456,2,4,compressed_ring_ar
1778540710.5372758,9,81,1.205649,100.04,368.002,1273.576,2,4,compressed_ring_ar
1778540711.8670032,9,82,1.324566,99.06,226.172,1288.426,2,4,compressed_ring_ar
1778540713.2850604,9,83,1.350604,93.75,225.94,1362.407,2,4,compressed_ring_ar
1778540714.7204158,9,84,1.171213,92.12,383.637,1383.418,2,4,compressed_ring_ar
1778540716.1154416,9,85,1.31614,95.37,377.63,1338.188,2,4,compressed_ring_ar
1778540717.4718516,9,86,1.393044,97.95,212.919,1305.467,2,4,compressed_ring_ar
1778540718.9548962,9,87,1.265586,89.54,288.159,1424.031,2,4,compressed_ring_ar
1778540720.265304,9,88,1.259602,100.76,266.115,1264.374,2,4,compressed_ring_ar
1778540721.4849553,9,89,1.30308,108.55,197.699,1175.321,2,4,compressed_ring_ar
1778540722.7383842,9,90,1.238106,106.16,191.294,1200.475,2,4,compressed_ring_ar
1778540724.0742922,9,91,1.293074,98.34,207.616,1297.546,2,4,compressed_ring_ar
1778540725.2619376,9,92,1.269361,112.17,216.707,1135.792,2,4,compressed_ring_ar
1778540726.4997284,9,93,1.254063,106.8,194.568,1193.906,2,4,compressed_ring_ar
1778540727.802396,9,94,1.311569,100.95,289.779,1266.658,2,4,compressed_ring_ar
1778540729.4179626,9,95,1.172471,81.62,254.424,1563.579,2,4,compressed_ring_ar
1778540730.7633753,9,96,1.070194,98.72,236.525,1291.132,2,4,compressed_ring_ar
1778540732.083318,9,97,1.275031,65.48,237.65,1276.461,2,4,compressed_ring_ar
1778540743.6924496,10,0,1.252479,85.19,205.214,1495.433,2,4,compressed_ring_ar
1778540744.910697,10,1,1.377073,109.57,186.459,1166.339,2,4,compressed_ring_ar
1778540746.2449045,10,2,1.190441,101.24,687.15,1263.047,2,4,compressed_ring_ar
1778540747.537483,10,3,1.229633,104.5,358.785,1223.461,2,4,compressed_ring_ar
1778540748.9277298,10,4,1.221335,94.91,220.667,1342.92,2,4,compressed_ring_ar
1778540750.247024,10,5,1.432312,101.09,207.126,1260.873,2,4,compressed_ring_ar
1778540751.4889147,10,6,1.155753,107.07,212.755,1189.505,2,4,compressed_ring_ar
1778540752.800049,10,7,1.286354,100.8,504.175,1265.059,2,4,compressed_ring_ar
1778540753.9726534,10,8,1.38605,117.32,304.752,1086.399,2,4,compressed_ring_ar
1778540755.2433157,10,9,1.04354,104.42,208.395,1221.051,2,4,compressed_ring_ar
1778540756.4868226,10,10,1.251069,105.99,361.556,1206.464,2,4,compressed_ring_ar
1778540757.8623724,10,11,1.132074,96.24,344.597,1325.601,2,4,compressed_ring_ar
1778540759.5099576,10,12,1.199183,80.03,393.14,1598.275,2,4,compressed_ring_ar
1778540761.0072398,10,13,1.17783,89.71,319.4,1417.31,2,4,compressed_ring_ar
1778540762.34607,10,14,1.236866,98.26,238.447,1298.6,2,4,compressed_ring_ar
1778540763.7490954,10,15,1.204285,94.7,268.996,1346.67,2,4,compressed_ring_ar
1778540765.0311322,10,16,1.306289,104.01,187.69,1226.757,2,4,compressed_ring_ar
1778540766.232393,10,17,1.238388,110.29,319.489,1159.608,2,4,compressed_ring_ar
1778540767.640318,10,18,1.384054,94.12,385.532,1356.248,2,4,compressed_ring_ar
1778540768.9722033,10,19,1.136663,99.21,227.926,1283.703,2,4,compressed_ring_ar
1778540770.154875,10,20,1.266355,113.65,238.78,1124.786,2,4,compressed_ring_ar
1778540771.498636,10,21,1.271692,98.03,182.833,1304.341,2,4,compressed_ring_ar
1778540772.9329605,10,22,1.245074,92.87,266.753,1372.808,2,4,compressed_ring_ar
1778540774.248738,10,23,1.189097,101.25,418.323,1260.141,2,4,compressed_ring_ar
1778540775.5007496,10,24,1.13061,106.24,419.66,1200.161,2,4,compressed_ring_ar
1778540776.8239734,10,25,1.11518,99.59,235.59,1280.463,2,4,compressed_ring_ar
1778540778.1238308,10,26,1.105923,102.76,177.757,1244.375,2,4,compressed_ring_ar
1778540779.3747506,10,27,1.292017,105.51,277.827,1210.162,2,4,compressed_ring_ar
1778540780.8796291,10,28,1.384905,88.17,260.858,1447.084,2,4,compressed_ring_ar
1778540782.050957,10,29,1.190696,114.71,315.736,1110.901,2,4,compressed_ring_ar
1778540783.3562691,10,30,1.195079,102.05,206.727,1252.896,2,4,compressed_ring_ar
1778540784.683824,10,31,1.176866,101.61,276.313,1257.449,2,4,compressed_ring_ar
1778540786.2338877,10,32,1.229046,85.23,372.175,1496.698,2,4,compressed_ring_ar
1778540787.595158,10,33,1.326096,96.78,209.791,1318.555,2,4,compressed_ring_ar
1778540788.8072238,10,34,1.188041,109.86,427.135,1163.089,2,4,compressed_ring_ar
1778540790.2364552,10,35,1.206282,92.77,280.457,1373.094,2,4,compressed_ring_ar
1778540791.811951,10,36,1.208486,83.51,280.133,1529.026,2,4,compressed_ring_ar
1778540793.2948833,10,37,1.278708,91.68,242.179,1390.148,2,4,compressed_ring_ar
1778540794.5984669,10,38,1.229657,101.07,235.717,1257.56,2,4,compressed_ring_ar
1778540795.719486,10,39,1.351364,119.24,298.01,1068.207,2,4,compressed_ring_ar
1778540797.149274,10,40,1.312937,92.53,270.919,1379.426,2,4,compressed_ring_ar
1778540798.5188332,10,41,1.377928,96.55,378.828,1321.932,2,4,compressed_ring_ar
1778540799.7428322,10,42,1.164773,110.89,265.374,1150.466,2,4,compressed_ring_ar
1778540801.1443717,10,43,1.195701,93.92,387.832,1357.92,2,4,compressed_ring_ar
1778540802.4504533,10,44,1.34745,100.95,360.046,1263.521,2,4,compressed_ring_ar
1778540803.851878,10,45,1.156173,94.14,233.633,1354.983,2,4,compressed_ring_ar
1778540805.1307106,10,46,1.097837,102.97,279.464,1238.019,2,4,compressed_ring_ar
1778540806.4365263,10,47,1.339991,101.62,381.318,1253.923,2,4,compressed_ring_ar
1778540807.7821074,10,48,1.250489,98.64,247.628,1293.656,2,4,compressed_ring_ar
1778540809.1287205,10,49,1.228098,98.47,252.921,1297.591,2,4,compressed_ring_ar
1778540810.667312,10,50,1.197688,86.09,241.329,1485.316,2,4,compressed_ring_ar
1778540812.045258,10,51,1.141294,96.77,196.662,1318.9,2,4,compressed_ring_ar
1778540813.3786168,10,52,1.25372,98.79,321.131,1294.357,2,4,compressed_ring_ar
1778540814.6880002,10,53,1.139934,101.33,127.209,1262.035,2,4,compressed_ring_ar
1778540816.0649395,10,54,1.10419,97.99,466.616,1303.868,2,4,compressed_ring_ar
1778540817.4482431,10,55,1.136111,95.54,189.224,1332.801,2,4,compressed_ring_ar
1778540818.817656,10,56,1.3948,98.09,200.922,1303.543,2,4,compressed_ring_ar
1778540820.4809701,10,57,1.192989,79.12,447.894,1616.577,2,4,compressed_ring_ar
1778540821.717904,10,58,1.166401,112.79,212.958,1132.981,2,4,compressed_ring_ar
1778540823.139348,10,59,1.110947,93.11,415.643,1369.376,2,4,compressed_ring_ar
1778540824.365868,10,60,1.141789,107.73,330.496,1183.212,2,4,compressed_ring_ar
1778540825.7106469,10,61,1.37734,98.12,222.984,1299.864,2,4,compressed_ring_ar
1778540826.7964895,10,62,1.080198,125.07,188.113,1019.441,2,4,compressed_ring_ar
1778540828.1103597,10,63,1.221129,102.08,201.251,1246.671,2,4,compressed_ring_ar
1778540829.4478054,10,64,1.308937,98.24,216.957,1299.037,2,4,compressed_ring_ar
1778540830.904652,10,65,1.317317,90.45,318.064,1409.26,2,4,compressed_ring_ar
1778540832.0777776,10,66,1.385582,114.16,252.51,1117.409,2,4,compressed_ring_ar
1778540833.4225588,10,67,1.039732,98.92,233.352,1289.127,2,4,compressed_ring_ar
1778540834.7184203,10,68,1.275011,101.75,204.777,1253.52,2,4,compressed_ring_ar
1778540835.9744368,10,69,1.151721,107.34,234.76,1187.468,2,4,compressed_ring_ar
1778540837.245831,10,70,1.154822,104.28,224.24,1224.002,2,4,compressed_ring_ar
1778540838.5045283,10,71,1.152766,105.2,355.217,1212.949,2,4,compressed_ring_ar
1778540839.9652529,10,72,1.23577,91.09,272.962,1402.763,2,4,compressed_ring_ar
1778540841.205258,10,73,1.230641,109.01,198.202,1171.844,2,4,compressed_ring_ar
1778540842.6588483,10,74,1.229774,91.83,453.075,1388.934,2,4,compressed_ring_ar
1778540844.1405063,10,75,1.259444,89.27,432.194,1429.696,2,4,compressed_ring_ar
1778540845.4982984,10,76,1.329147,97.5,238.604,1306.805,2,4,compressed_ring_ar
1778540846.9053433,10,77,1.195217,95.99,231.545,1332.521,2,4,compressed_ring_ar
1778540848.242008,10,78,1.192984,99.02,254.37,1286.328,2,4,compressed_ring_ar
1778540849.5849967,10,79,1.06477,97.85,389.896,1304.334,2,4,compressed_ring_ar
1778540850.8746948,10,80,1.374441,103.97,212.019,1222.568,2,4,compressed_ring_ar
1778540852.350664,10,81,1.160786,89.61,220.709,1427.151,2,4,compressed_ring_ar
1778540853.8655262,10,82,1.167447,88.04,364.097,1449.435,2,4,compressed_ring_ar
1778540855.1882668,10,83,1.193478,100.07,248.907,1270.261,2,4,compressed_ring_ar
1778540856.38968,10,84,1.233013,113.05,204.432,1127.306,2,4,compressed_ring_ar
1778540857.6949396,10,85,1.090218,101.61,212.253,1254.597,2,4,compressed_ring_ar
1778540858.9979973,10,86,1.226451,101.13,222.294,1263.959,2,4,compressed_ring_ar
1778540860.3718338,10,87,1.267424,96.39,386.698,1326.571,2,4,compressed_ring_ar
1778540861.8578253,10,88,1.092313,88.7,204.412,1438.67,2,4,compressed_ring_ar
1778540863.218771,10,89,1.32616,98.89,284.976,1289.146,2,4,compressed_ring_ar
1778540864.4873066,10,90,1.261102,105.57,203.426,1206.633,2,4,compressed_ring_ar
1778540865.8196104,10,91,1.041003,99.13,236.549,1286.692,2,4,compressed_ring_ar
1778540866.994209,10,92,1.376612,112.16,228.942,1139.976,2,4,compressed_ring_ar
1778540868.3575149,10,93,1.197628,98.67,337.105,1296.02,2,4,compressed_ring_ar
1778540869.8071623,10,94,1.131209,91.06,154.73,1402.423,2,4,compressed_ring_ar
1778540871.150141,10,95,1.265916,99.41,362.283,1283.857,2,4,compressed_ring_ar
1778540872.4477587,10,96,1.138686,102.64,186.337,1245.716,2,4,compressed_ring_ar
1778540873.8059,10,97,1.145099,63.37,216.454,1317.963,2,4,compressed_ring_ar
1778540886.0517356,11,0,1.340899,79.7,539.679,1603.574,2,4,compressed_ring_ar
1778540887.3432274,11,1,1.198897,106.94,378.369,1189.877,2,4,compressed_ring_ar
1778540888.5550444,11,2,1.221998,109.78,191.101,1163.663,2,4,compressed_ring_ar
1778540889.9800835,11,3,1.326583,92.55,201.347,1378.367,2,4,compressed_ring_ar
1778540891.2090132,11,4,1.305731,108.84,206.241,1174.645,2,4,compressed_ring_ar
1778540892.6795428,11,5,1.147405,90.16,245.456,1415.043,2,4,compressed_ring_ar
1778540893.8686805,11,6,1.288475,112.64,218.829,1131.18,2,4,compressed_ring_ar
1778540895.2130542,11,7,1.264391,98.55,203.881,1294.995,2,4,compressed_ring_ar
1778540896.5086057,11,8,1.234739,102.21,225.109,1248.685,2,4,compressed_ring_ar
1778540897.8446953,11,9,1.160501,98.63,260.04,1296.601,2,4,compressed_ring_ar
1778540899.11973,11,10,1.186023,105.91,307.249,1205.645,2,4,compressed_ring_ar
1778540900.481505,11,11,1.070339,97.04,270.972,1312.465,2,4,compressed_ring_ar
1778540901.7953806,11,12,1.21742,100.59,234.616,1264.782,2,4,compressed_ring_ar
1778540903.054616,11,13,1.190297,105.66,191.201,1209.98,2,4,compressed_ring_ar
1778540904.410832,11,14,1.049989,98.17,204.682,1297.68,2,4,compressed_ring_ar
1778540905.7561173,11,15,1.233752,98.34,239.472,1294.775,2,4,compressed_ring_ar
1778540907.2063074,11,16,1.215725,91.33,221.502,1396.583,2,4,compressed_ring_ar
1778540908.4935913,11,17,1.139501,103.67,199.738,1230.109,2,4,compressed_ring_ar
1778540909.798878,11,18,1.149892,102.57,355.582,1241.091,2,4,compressed_ring_ar
1778540911.1096048,11,19,1.207179,102.02,303.224,1250.703,2,4,compressed_ring_ar
1778540912.519744,11,20,1.035272,93.62,210.0,1362.398,2,4,compressed_ring_ar
1778540913.8404381,11,21,1.194659,100.73,217.62,1264.654,2,4,compressed_ring_ar
1778540915.1296911,11,22,1.143152,102.8,254.342,1239.115,2,4,compressed_ring_ar
1778540916.5184174,11,23,1.118771,95.84,318.736,1334.492,2,4,compressed_ring_ar
1778540917.9887116,11,24,1.311221,91.72,437.924,1391.011,2,4,compressed_ring_ar
1778540919.2801664,11,25,1.351781,102.21,318.782,1249.37,2,4,compressed_ring_ar
1778540920.6654987,11,26,1.169626,94.98,492.309,1342.952,2,4,compressed_ring_ar
1778540922.001823,11,27,1.246199,102.66,250.522,1243.87,2,4,compressed_ring_ar
1778540923.318097,11,28,1.186589,100.27,356.906,1275.203,2,4,compressed_ring_ar
1778540924.696568,11,29,1.299674,95.91,359.185,1333.162,2,4,compressed_ring_ar
1778540926.0553136,11,30,1.149979,97.35,486.562,1305.939,2,4,compressed_ring_ar
1778540927.263332,11,31,1.365694,115.24,189.741,1107.991,2,4,compressed_ring_ar
1778540928.6112313,11,32,1.185672,98.91,230.865,1290.248,2,4,compressed_ring_ar
1778540929.8503363,11,33,1.004984,107.13,215.505,1193.992,2,4,compressed_ring_ar
1778540931.2861996,11,34,1.036702,93.35,586.327,1363.623,2,4,compressed_ring_ar
1778540932.4854739,11,35,1.273127,110.63,198.104,1152.164,2,4,compressed_ring_ar
1778540933.86944,11,36,1.19481,94.95,365.622,1342.329,2,4,compressed_ring_ar
1778540935.1331215,11,37,1.144252,104.23,194.254,1224.23,2,4,compressed_ring_ar
1778540936.4771707,11,38,1.075026,98.66,208.696,1293.201,2,4,compressed_ring_ar
1778540937.913915,11,39,1.250993,92.18,206.467,1384.041,2,4,compressed_ring_ar
1778540939.1612234,11,40,1.243256,105.7,342.45,1204.734,2,4,compressed_ring_ar
1778540940.4120953,11,41,1.170775,105.36,234.188,1210.149,2,4,compressed_ring_ar
1778540941.7390342,11,42,1.268326,100.72,194.262,1266.572,2,4,compressed_ring_ar
1778540943.013642,11,43,1.037324,104.12,265.116,1228.015,2,4,compressed_ring_ar
1778540944.3138454,11,44,1.327713,103.75,179.212,1229.27,2,4,compressed_ring_ar
1778540945.6954522,11,45,1.354724,96.05,341.375,1324.189,2,4,compressed_ring_ar
1778540946.9271991,11,46,1.261428,107.39,187.486,1187.797,2,4,compressed_ring_ar
1778540948.081068,11,47,1.1152,114.68,320.202,1111.326,2,4,compressed_ring_ar
1778540949.335924,11,48,1.21097,107.6,223.167,1182.195,2,4,compressed_ring_ar
1778540950.5260208,11,49,1.305752,111.36,199.059,1143.562,2,4,compressed_ring_ar
1778540951.7295616,11,50,1.314469,110.6,289.224,1151.12,2,4,compressed_ring_ar
1778540953.3266683,11,51,1.170228,82.8,290.645,1541.474,2,4,compressed_ring_ar
1778540954.6157992,11,52,1.200078,102.71,390.441,1241.455,2,4,compressed_ring_ar
1778540955.82148,11,53,1.170029,110.68,188.742,1153.365,2,4,compressed_ring_ar
1778540957.2582107,11,54,1.273272,92.03,518.814,1386.859,2,4,compressed_ring_ar
1778540958.4504647,11,55,1.300857,110.95,147.745,1152.586,2,4,compressed_ring_ar
1778540959.924273,11,56,1.15009,90.81,237.452,1408.327,2,4,compressed_ring_ar
1778540961.315372,11,57,1.214616,95.23,254.158,1342.469,2,4,compressed_ring_ar
1778540962.5469658,11,58,1.149463,109.31,183.174,1169.601,2,4,compressed_ring_ar
1778540963.9623697,11,59,1.206413,92.79,435.699,1377.755,2,4,compressed_ring_ar
1778540965.2838635,11,60,1.123746,99.55,417.911,1283.765,2,4,compressed_ring_ar
1778540966.6758337,11,61,1.122514,94.8,380.951,1342.04,2,4,compressed_ring_ar
1778540968.0928173,11,62,1.019593,92.57,219.703,1377.797,2,4,compressed_ring_ar
1778540969.3659291,11,63,0.969024,104.41,263.668,1221.709,2,4,compressed_ring_ar
1778540970.8296692,11,64,1.350959,89.73,423.301,1425.167,2,4,compressed_ring_ar
1778540972.1730418,11,65,1.103691,99.45,224.47,1282.217,2,4,compressed_ring_ar
1778540973.3892221,11,66,1.218086,109.1,244.508,1167.006,2,4,compressed_ring_ar
1778540974.8008454,11,67,1.275636,93.39,274.666,1369.665,2,4,compressed_ring_ar
1778540976.2920659,11,68,1.124332,89.58,276.28,1426.489,2,4,compressed_ring_ar
1778540977.8049994,11,69,1.332191,87.46,622.266,1462.239,2,4,compressed_ring_ar
1778540979.1402452,11,70,1.210836,98.82,263.452,1294.15,2,4,compressed_ring_ar
1778540980.5614102,11,71,1.163043,92.74,352.969,1379.074,2,4,compressed_ring_ar
1778540981.9618447,11,72,1.26624,95.69,344.837,1336.38,2,4,compressed_ring_ar
1778540983.3393497,11,73,1.274107,97.02,314.954,1311.516,2,4,compressed_ring_ar
1778540984.5681639,11,74,1.110628,107.41,209.246,1187.441,2,4,compressed_ring_ar
1778540985.7818522,11,75,1.35391,109.13,160.076,1171.734,2,4,compressed_ring_ar
1778540987.2472768,11,76,0.967889,90.97,525.438,1402.321,2,4,compressed_ring_ar
1778540988.4112349,11,77,1.130723,114.15,213.395,1112.961,2,4,compressed_ring_ar
1778540989.6954584,11,78,1.268486,103.77,207.17,1227.791,2,4,compressed_ring_ar
1778540991.2766254,11,79,1.151511,82.94,490.488,1535.803,2,4,compressed_ring_ar
1778540992.7288663,11,80,1.322569,91.22,403.898,1401.754,2,4,compressed_ring_ar
1778540994.2072496,11,81,1.15561,89.36,524.796,1428.241,2,4,compressed_ring_ar
1778540995.472197,11,82,1.365563,106.18,210.309,1198.818,2,4,compressed_ring_ar
1778540996.7199697,11,83,1.106448,106.4,278.089,1197.825,2,4,compressed_ring_ar
1778540997.9836946,11,84,1.238464,105.14,200.433,1215.161,2,4,compressed_ring_ar
1778540999.2558687,11,85,1.081486,105.05,324.304,1217.468,2,4,compressed_ring_ar
1778541000.7162883,11,86,1.065088,90.03,218.221,1419.203,2,4,compressed_ring_ar
1778541002.1342769,11,87,1.316788,94.06,255.557,1357.106,2,4,compressed_ring_ar
1778541003.5311606,11,88,1.09558,95.15,350.334,1338.478,2,4,compressed_ring_ar
1778541004.8595371,11,89,1.225463,99.29,209.234,1285.356,2,4,compressed_ring_ar
1778541006.1306841,11,90,1.168716,103.58,238.332,1231.684,2,4,compressed_ring_ar
1778541007.5415072,11,91,1.12641,93.37,247.385,1369.173,2,4,compressed_ring_ar
1778541008.7971144,11,92,1.178922,106.74,369.632,1197.81,2,4,compressed_ring_ar
1778541010.1900136,11,93,1.120133,94.95,190.199,1345.87,2,4,compressed_ring_ar
1778541011.5798051,11,94,1.150494,94.77,274.296,1349.461,2,4,compressed_ring_ar
1778541012.9796007,11,95,1.244954,94.9,229.688,1344.988,2,4,compressed_ring_ar
1778541014.3939075,11,96,1.21515,93.2,284.625,1372.045,2,4,compressed_ring_ar
1778541015.549815,11,97,1.154794,75.28,197.894,1110.5,2,4,compressed_ring_ar
1778541027.1753635,12,0,1.339246,95.3,218.753,1337.224,2,4,compressed_ring_ar
1778541028.5116706,12,1,1.124718,99.18,189.089,1285.917,2,4,compressed_ring_ar
1778541029.7739666,12,2,1.195602,105.38,278.163,1210.333,2,4,compressed_ring_ar
1778541031.124418,12,3,1.2578,97.86,233.874,1303.821,2,4,compressed_ring_ar
1778541032.597271,12,4,1.1665,90.7,242.234,1406.219,2,4,compressed_ring_ar
1778541034.0955029,12,5,1.322521,89.12,329.846,1432.344,2,4,compressed_ring_ar
1778541035.394996,12,6,1.231781,102.86,257.957,1239.688,2,4,compressed_ring_ar
1778541036.6646423,12,7,1.081035,105.11,252.29,1213.454,2,4,compressed_ring_ar
1778541037.9366922,12,8,1.054553,104.24,184.457,1224.072,2,4,compressed_ring_ar
1778541039.2341416,12,9,1.068242,101.91,386.42,1250.939,2,4,compressed_ring_ar
1778541040.5313406,12,10,1.31057,102.51,307.887,1241.814,2,4,compressed_ring_ar
1778541041.7562513,12,11,1.340324,107.84,213.373,1182.544,2,4,compressed_ring_ar
1778541043.151129,12,12,1.054624,94.69,239.817,1346.816,2,4,compressed_ring_ar
1778541044.2711754,12,13,1.255726,117.98,177.407,1082.591,2,4,compressed_ring_ar
1778541045.6360297,12,14,1.159491,98.04,395.546,1299.662,2,4,compressed_ring_ar
1778541047.0040498,12,15,1.255934,96.15,242.327,1324.587,2,4,compressed_ring_ar
1778541048.3170393,12,16,1.188365,100.56,199.947,1268.344,2,4,compressed_ring_ar
1778541049.533552,12,17,1.19947,108.32,348.901,1176.968,2,4,compressed_ring_ar
1778541050.8905551,12,18,1.111914,97.01,262.826,1317.479,2,4,compressed_ring_ar
1778541052.3912196,12,19,1.245162,88.2,247.9,1445.115,2,4,compressed_ring_ar
1778541053.8308804,12,20,1.141592,93.31,208.591,1368.0,2,4,compressed_ring_ar
1778541055.386736,12,21,1.286851,85.76,208.593,1488.202,2,4,compressed_ring_ar
1778541056.4568238,12,22,1.128902,126.72,152.736,1009.097,2,4,compressed_ring_ar
1778541057.9711342,12,23,1.074556,91.11,396.502,1403.595,2,4,compressed_ring_ar
1778541059.312786,12,24,1.0939,98.59,205.894,1293.558,2,4,compressed_ring_ar
1778541060.5147696,12,25,1.001253,109.93,190.04,1159.342,2,4,compressed_ring_ar
1778541061.8345525,12,26,1.071501,100.85,183.332,1265.564,2,4,compressed_ring_ar
1778541063.146691,12,27,1.162111,101.49,223.106,1256.637,2,4,compressed_ring_ar
1778541064.430642,12,28,0.979868,102.74,317.283,1240.481,2,4,compressed_ring_ar
1778541065.872034,12,29,1.168091,91.33,275.774,1396.597,2,4,compressed_ring_ar
1778541067.0676916,12,30,1.344596,111.26,242.743,1149.097,2,4,compressed_ring_ar
1778541068.6831963,12,31,1.306593,81.4,335.208,1571.23,2,4,compressed_ring_ar
1778541069.9973404,12,32,1.147188,101.49,274.345,1259.785,2,4,compressed_ring_ar
1778541071.3436544,12,33,1.224569,98.33,222.939,1300.336,2,4,compressed_ring_ar
1778541072.6407168,12,34,1.229526,102.9,226.603,1238.246,2,4,compressed_ring_ar
1778541073.9399023,12,35,1.237387,101.8,215.548,1249.607,2,4,compressed_ring_ar
1778541075.1736171,12,36,1.02874,107.37,198.246,1187.643,2,4,compressed_ring_ar
1778541076.5104141,12,37,1.118118,99.15,265.82,1287.155,2,4,compressed_ring_ar
1778541077.8351898,12,38,1.105841,99.45,302.007,1282.205,2,4,compressed_ring_ar
1778541079.0692008,12,39,1.190354,107.41,430.243,1189.223,2,4,compressed_ring_ar
1778541080.4597054,12,40,1.191998,95.01,256.969,1343.796,2,4,compressed_ring_ar
1778541081.8015482,12,41,1.11248,98.47,216.629,1298.564,2,4,compressed_ring_ar
1778541083.0990696,12,42,1.134329,103.71,231.664,1229.643,2,4,compressed_ring_ar
1778541084.331897,12,43,1.181138,107.64,209.501,1187.095,2,4,compressed_ring_ar
1778541085.6248655,12,44,1.200814,102.44,317.711,1244.37,2,4,compressed_ring_ar
1778541087.029364,12,45,1.255894,93.69,393.8,1360.627,2,4,compressed_ring_ar
1778541088.318262,12,46,1.065306,102.11,341.939,1247.145,2,4,compressed_ring_ar
1778541089.4767818,12,47,1.260383,115.4,257.557,1101.631,2,4,compressed_ring_ar
1778541090.7663841,12,48,1.007818,103.25,266.653,1235.709,2,4,compressed_ring_ar
1778541092.0994284,12,49,1.119899,101.35,235.236,1258.057,2,4,compressed_ring_ar
1778541093.2970905,12,50,1.106912,113.81,297.307,1119.251,2,4,compressed_ring_ar
1778541094.6034725,12,51,0.954151,102.25,192.464,1245.052,2,4,compressed_ring_ar
1778541095.7657623,12,52,1.241393,113.66,191.647,1123.734,2,4,compressed_ring_ar
1778541097.0853744,12,53,1.123434,100.98,308.447,1261.822,2,4,compressed_ring_ar
1778541098.3350074,12,54,1.051205,107.8,217.367,1182.817,2,4,compressed_ring_ar
1778541099.4660668,12,55,1.326687,119.67,278.29,1068.182,2,4,compressed_ring_ar
1778541100.976388,12,56,1.256514,87.69,263.447,1458.087,2,4,compressed_ring_ar
1778541102.2894425,12,57,1.244546,103.47,229.786,1232.327,2,4,compressed_ring_ar
1778541103.513155,12,58,1.237393,108.79,183.592,1173.921,2,4,compressed_ring_ar
1778541104.8828452,12,59,0.981149,96.7,376.613,1318.758,2,4,compressed_ring_ar
1778541106.1399918,12,60,1.198334,108.89,183.808,1170.937,2,4,compressed_ring_ar
1778541107.478369,12,61,1.071959,98.31,230.387,1298.173,2,4,compressed_ring_ar
1778541108.770401,12,62,1.322264,102.7,354.915,1244.929,2,4,compressed_ring_ar
1778541110.2398577,12,63,1.02124,89.49,437.733,1428.919,2,4,compressed_ring_ar
1778541111.5584347,12,64,1.09646,100.4,200.176,1273.663,2,4,compressed_ring_ar
1778541112.9392962,12,65,1.243957,98.37,507.41,1297.336,2,4,compressed_ring_ar
1778541114.3331084,12,66,1.005091,94.75,380.781,1346.609,2,4,compressed_ring_ar
1778541115.6145024,12,67,1.149198,103.2,343.024,1238.071,2,4,compressed_ring_ar
1778541117.013032,12,68,1.168493,95.21,351.102,1338.237,2,4,compressed_ring_ar
1778541118.2701542,12,69,1.068318,106.82,229.137,1192.703,2,4,compressed_ring_ar
1778541119.4278457,12,70,1.10082,115.85,301.528,1099.924,2,4,compressed_ring_ar
1778541120.660754,12,71,1.280753,107.32,243.286,1188.235,2,4,compressed_ring_ar
1778541122.3726864,12,72,1.109895,77.03,285.244,1660.812,2,4,compressed_ring_ar
1778541123.6530118,12,73,1.135353,106.54,177.32,1196.255,2,4,compressed_ring_ar
1778541124.8570523,12,74,1.120248,109.74,360.132,1163.593,2,4,compressed_ring_ar
1778541126.1659858,12,75,1.127523,101.36,193.383,1256.365,2,4,compressed_ring_ar
1778541127.467951,12,76,1.244061,101.52,234.48,1255.852,2,4,compressed_ring_ar
1778541128.7762418,12,77,1.222906,100.93,200.753,1265.473,2,4,compressed_ring_ar
1778541130.0846298,12,78,1.159755,101.41,276.616,1256.722,2,4,compressed_ring_ar
1778541131.4480493,12,79,1.039158,96.86,294.55,1316.649,2,4,compressed_ring_ar
1778541132.709906,12,80,1.044927,104.69,489.003,1218.238,2,4,compressed_ring_ar
1778541134.0785308,12,81,1.20916,96.26,200.368,1328.298,2,4,compressed_ring_ar
1778541135.2814608,12,82,1.109796,112.05,189.188,1135.405,2,4,compressed_ring_ar
1778541136.6077783,12,83,1.226695,100.9,381.66,1267.356,2,4,compressed_ring_ar
1778541137.9677448,12,84,1.156164,97.68,233.234,1306.378,2,4,compressed_ring_ar
1778541139.195456,12,85,1.389785,107.62,352.787,1186.253,2,4,compressed_ring_ar
1778541140.7126327,12,86,1.196861,87.0,201.121,1467.18,2,4,compressed_ring_ar
1778541142.1542768,12,87,1.180053,92.4,219.766,1381.961,2,4,compressed_ring_ar
1778541143.4692488,12,88,1.186159,104.94,253.632,1215.256,2,4,compressed_ring_ar
1778541144.9001756,12,89,1.094104,94.21,257.311,1353.725,2,4,compressed_ring_ar
1778541146.410076,12,90,1.107873,86.84,458.576,1472.484,2,4,compressed_ring_ar
1778541147.6067238,12,91,1.148244,113.64,205.584,1124.15,2,4,compressed_ring_ar
1778541149.0398803,12,92,1.055037,92.09,341.69,1382.601,2,4,compressed_ring_ar
1778541150.2962408,12,93,1.391139,105.28,212.234,1212.903,2,4,compressed_ring_ar
1778541151.8404028,12,94,1.181512,85.41,532.856,1497.17,2,4,compressed_ring_ar
1778541153.2527804,12,95,1.072073,94.05,210.866,1356.163,2,4,compressed_ring_ar
1778541154.721896,12,96,1.177341,89.99,337.056,1418.124,2,4,compressed_ring_ar
1778541156.125552,12,97,1.262301,62.48,275.799,1335.263,2,4,compressed_ring_ar
1778541167.595607,13,0,1.092403,100.61,184.088,1270.151,2,4,compressed_ring_ar
1778541168.9028175,13,1,1.278731,101.35,391.635,1257.457,2,4,compressed_ring_ar
1778541170.0803692,13,2,0.952789,112.06,439.899,1139.829,2,4,compressed_ring_ar
1778541171.4854538,13,3,1.104169,94.0,220.073,1357.8,2,4,compressed_ring_ar
1778541172.9289134,13,4,1.191988,91.59,343.413,1396.174,2,4,compressed_ring_ar
1778541174.4405658,13,5,1.15326,88.2,235.855,1444.468,2,4,compressed_ring_ar
1778541175.6702297,13,6,1.076475,109.01,227.331,1172.969,2,4,compressed_ring_ar
1778541176.8637013,13,7,1.129231,112.26,284.213,1135.057,2,4,compressed_ring_ar
1778541178.1106005,13,8,1.182194,106.77,190.262,1195.776,2,4,compressed_ring_ar
1778541179.4327867,13,9,1.181134,100.35,248.074,1274.091,2,4,compressed_ring_ar
1778541180.7477028,13,10,1.066463,100.65,200.689,1265.882,2,4,compressed_ring_ar
1778541182.0765421,13,11,1.304404,99.67,373.331,1279.086,2,4,compressed_ring_ar
1778541183.312933,13,12,1.256256,107.08,364.744,1194.062,2,4,compressed_ring_ar
1778541184.6834128,13,13,1.098604,96.15,324.549,1327.307,2,4,compressed_ring_ar
1778541186.1772797,13,14,0.955451,90.23,259.264,1417.354,2,4,compressed_ring_ar
1778541187.734523,13,15,0.989506,86.16,398.521,1479.419,2,4,compressed_ring_ar
1778541188.886139,13,16,1.044443,116.07,174.717,1100.244,2,4,compressed_ring_ar
1778541190.243807,13,17,1.094008,97.15,467.62,1312.704,2,4,compressed_ring_ar
1778541191.5767367,13,18,1.167884,98.75,187.801,1291.544,2,4,compressed_ring_ar
1778541192.9257731,13,19,1.256305,99.51,188.428,1282.295,2,4,compressed_ring_ar
1778541194.203178,13,20,1.062509,104.51,257.349,1220.554,2,4,compressed_ring_ar
1778541195.3875058,13,21,1.151354,112.1,202.195,1140.574,2,4,compressed_ring_ar
1778541196.6591423,13,22,1.047791,104.57,340.345,1223.042,2,4,compressed_ring_ar
1778541197.9521203,13,23,1.152006,102.65,375.404,1245.46,2,4,compressed_ring_ar
1778541199.2676532,13,24,1.141672,100.62,218.365,1266.997,2,4,compressed_ring_ar
1778541200.7484305,13,25,1.228427,88.89,189.603,1433.251,2,4,compressed_ring_ar
1778541202.0973678,13,26,0.947501,99.0,408.995,1291.6,2,4,compressed_ring_ar
1778541203.645134,13,27,1.116547,85.46,249.568,1496.425,2,4,compressed_ring_ar
1778541204.9661694,13,28,1.073512,101.69,188.677,1254.195,2,4,compressed_ring_ar
1778541206.178905,13,29,1.252106,109.27,186.319,1168.932,2,4,compressed_ring_ar
1778541207.5073004,13,30,1.087592,100.79,429.398,1265.369,2,4,compressed_ring_ar
1778541208.9243453,13,31,1.29592,93.67,217.277,1361.728,2,4,compressed_ring_ar
1778541210.2495086,13,32,0.952515,101.72,219.555,1253.276,2,4,compressed_ring_ar
1778541211.5716183,13,33,1.1232,99.72,242.666,1277.199,2,4,compressed_ring_ar
1778541213.0131702,13,34,1.066181,91.83,288.239,1388.643,2,4,compressed_ring_ar
1778541214.49208,13,35,1.160592,88.92,285.169,1438.091,2,4,compressed_ring_ar
1778541215.9764307,13,36,1.141782,88.9,206.507,1431.299,2,4,compressed_ring_ar
1778541217.2304955,13,37,1.24067,107.95,213.784,1180.283,2,4,compressed_ring_ar
1778541218.513054,13,38,1.090179,103.05,189.153,1237.145,2,4,compressed_ring_ar
1778541219.8328798,13,39,1.086399,100.75,194.704,1268.147,2,4,compressed_ring_ar
1778541221.3570786,13,40,0.957579,86.98,247.389,1466.913,2,4,compressed_ring_ar
1778541222.5472226,13,41,1.331638,110.7,405.876,1151.622,2,4,compressed_ring_ar
1778541223.9384146,13,42,1.140138,94.67,192.928,1348.346,2,4,compressed_ring_ar
1778541225.1491177,13,43,1.187751,109.02,190.48,1171.781,2,4,compressed_ring_ar
1778541226.5920458,13,44,1.245752,90.9,449.527,1403.612,2,4,compressed_ring_ar
1778541227.9342372,13,45,1.009846,98.73,229.955,1291.362,2,4,compressed_ring_ar
1778541229.231995,13,46,1.097907,102.65,284.381,1242.899,2,4,compressed_ring_ar
1778541230.5047307,13,47,1.022384,104.15,241.816,1224.155,2,4,compressed_ring_ar
1778541231.943552,13,48,1.007716,91.67,219.501,1392.989,2,4,compressed_ring_ar
1778541233.342988,13,49,1.054355,94.58,246.454,1345.522,2,4,compressed_ring_ar
1778541234.6340477,13,50,1.223287,102.71,202.321,1241.812,2,4,compressed_ring_ar
1778541236.0349689,13,51,1.258849,94.64,203.162,1347.409,2,4,compressed_ring_ar
1778541237.2014391,13,52,1.043741,114.53,350.87,1112.968,2,4,compressed_ring_ar
1778541238.3649547,13,53,0.968002,114.64,219.753,1111.88,2,4,compressed_ring_ar
1778541239.711454,13,54,1.273496,97.83,360.98,1301.175,2,4,compressed_ring_ar
1778541240.9159322,13,55,1.025782,110.37,189.181,1156.937,2,4,compressed_ring_ar
1778541242.1691809,13,56,1.104017,106.81,319.14,1197.539,2,4,compressed_ring_ar
1778541243.4841485,13,57,1.218865,103.21,340.779,1239.166,2,4,compressed_ring_ar
1778541244.7774508,13,58,1.282359,102.57,371.948,1245.735,2,4,compressed_ring_ar
1778541246.1497183,13,59,1.039729,97.72,321.222,1306.619,2,4,compressed_ring_ar
1778541247.4613025,13,60,1.165379,101.49,222.914,1256.066,2,4,compressed_ring_ar
1778541248.5709026,13,61,1.317584,119.95,222.878,1058.864,2,4,compressed_ring_ar
1778541249.8539689,13,62,1.211681,103.38,340.476,1233.799,2,4,compressed_ring_ar
1778541251.3653867,13,63,1.140974,87.03,287.708,1467.214,2,4,compressed_ring_ar
1778541252.7702105,13,64,1.231176,96.52,305.083,1319.035,2,4,compressed_ring_ar
1778541254.1637588,13,65,1.251776,94.78,318.807,1342.671,2,4,compressed_ring_ar
1778541255.4142485,13,66,1.093059,106.38,198.921,1199.208,2,4,compressed_ring_ar
1778541256.7318027,13,67,1.209861,99.78,380.119,1275.208,2,4,compressed_ring_ar
1778541257.9116945,13,68,1.117307,111.53,196.563,1143.908,2,4,compressed_ring_ar
1778541259.2642467,13,69,1.116051,100.12,273.307,1274.102,2,4,compressed_ring_ar
1778541260.486198,13,70,1.177197,111.91,305.062,1142.459,2,4,compressed_ring_ar
1778541261.9148357,13,71,1.057864,92.5,302.651,1382.308,2,4,compressed_ring_ar
1778541263.2656596,13,72,1.098605,98.5,234.834,1296.6,2,4,compressed_ring_ar
1778541264.8190765,13,73,1.325546,85.29,220.168,1493.631,2,4,compressed_ring_ar
1778541265.973371,13,74,1.253144,116.23,228.01,1099.992,2,4,compressed_ring_ar
1778541267.2665765,13,75,1.197198,109.09,428.688,1172.129,2,4,compressed_ring_ar
1778541268.831792,13,76,1.123636,86.42,873.626,1479.026,2,4,compressed_ring_ar
1778541270.1144266,13,77,1.165472,102.96,312.802,1242.022,2,4,compressed_ring_ar
1778541271.551888,13,78,1.118185,94.56,769.693,1352.271,2,4,compressed_ring_ar
1778541273.1513467,13,79,1.115514,82.41,365.291,1547.636,2,4,compressed_ring_ar
1778541274.6006799,13,80,1.205385,91.82,296.041,1392.24,2,4,compressed_ring_ar
1778541276.0040324,13,81,1.095609,93.84,424.009,1362.699,2,4,compressed_ring_ar
1778541277.343162,13,82,1.094817,98.58,325.695,1295.547,2,4,compressed_ring_ar
1778541278.967888,13,83,0.932754,80.72,658.155,1584.324,2,4,compressed_ring_ar
1778541280.4656198,13,84,1.211247,89.08,460.648,1434.663,2,4,compressed_ring_ar
1778541282.021413,13,85,1.242261,85.28,198.637,1498.197,2,4,compressed_ring_ar
1778541283.5143003,13,86,1.127456,88.28,401.697,1448.655,2,4,compressed_ring_ar
1778541284.873652,13,87,1.17379,98.66,232.08,1295.162,2,4,compressed_ring_ar
1778541286.3083088,13,88,1.054114,91.92,390.679,1387.367,2,4,compressed_ring_ar
1778541287.6411827,13,89,1.228155,98.76,236.156,1289.346,2,4,compressed_ring_ar
1778541288.8505633,13,90,1.182233,109.57,235.07,1166.788,2,4,compressed_ring_ar
1778541290.1612096,13,91,1.069393,100.52,276.898,1271.566,2,4,compressed_ring_ar
1778541291.5983157,13,92,1.068986,92.15,438.069,1383.568,2,4,compressed_ring_ar
1778541292.9690764,13,93,1.101441,96.33,209.018,1323.942,2,4,compressed_ring_ar
1778541294.2211645,13,94,1.255108,106.59,197.743,1193.53,2,4,compressed_ring_ar
1778541295.493,13,95,1.067562,104.22,203.278,1222.3,2,4,compressed_ring_ar
1778541296.8144765,13,96,1.296992,99.79,226.767,1277.494,2,4,compressed_ring_ar
1778541297.9624062,13,97,0.964837,75.17,363.746,1109.872,2,4,compressed_ring_ar
1778541309.3791597,14,0,1.262731,104.27,269.931,1225.167,2,4,compressed_ring_ar
1778541310.7650023,14,1,1.237042,96.92,493.068,1316.775,2,4,compressed_ring_ar
1778541312.3112023,14,2,1.078052,85.19,273.202,1498.566,2,4,compressed_ring_ar
1778541313.6358202,14,3,1.362313,100.79,205.928,1263.965,2,4,compressed_ring_ar
1778541314.9104726,14,4,1.075566,103.39,344.724,1234.171,2,4,compressed_ring_ar
1778541316.360532,14,5,1.058558,91.28,298.522,1399.796,2,4,compressed_ring_ar
1778541317.7744393,14,6,1.10809,92.95,518.707,1375.794,2,4,compressed_ring_ar
1778541319.151937,14,7,1.262688,97.55,224.242,1307.418,2,4,compressed_ring_ar
1778541320.510088,14,8,1.084032,97.22,228.269,1315.194,2,4,compressed_ring_ar
1778541322.0807278,14,9,1.250571,84.29,244.85,1514.431,2,4,compressed_ring_ar
1778541323.4612372,14,10,0.956422,95.88,227.413,1333.11,2,4,compressed_ring_ar
1778541324.954704,14,11,1.194163,88.36,197.15,1443.951,2,4,compressed_ring_ar
1778541326.1988037,14,12,0.945428,106.2,206.459,1200.941,2,4,compressed_ring_ar
1778541327.3707764,14,13,1.020688,112.83,136.457,1133.182,2,4,compressed_ring_ar
1778541328.9083407,14,14,1.077439,88.54,783.519,1444.407,2,4,compressed_ring_ar
1778541330.3357291,14,15,1.085573,93.96,180.214,1360.08,2,4,compressed_ring_ar
1778541331.789875,14,16,1.22016,91.58,344.47,1396.599,2,4,compressed_ring_ar
1778541333.1380742,14,17,1.227678,97.94,305.591,1303.831,2,4,compressed_ring_ar
1778541334.5291815,14,18,1.143779,95.18,363.699,1340.068,2,4,compressed_ring_ar
1778541335.7643476,14,19,1.092466,107.27,246.919,1188.096,2,4,compressed_ring_ar
1778541337.1246605,14,20,1.075715,97.07,399.089,1311.211,2,4,compressed_ring_ar
1778541338.3445237,14,21,1.136881,108.6,203.835,1170.487,2,4,compressed_ring_ar
1778541339.8009193,14,22,1.090149,90.72,287.393,1406.528,2,4,compressed_ring_ar
1778541341.2909534,14,23,1.258452,90.17,447.918,1414.375,2,4,compressed_ring_ar
1778541342.6179662,14,24,1.209937,100.01,379.503,1275.453,2,4,compressed_ring_ar
1778541343.8762393,14,25,1.324288,106.12,203.791,1199.262,2,4,compressed_ring_ar
1778541345.2324882,14,26,1.115517,97.22,315.551,1310.545,2,4,compressed_ring_ar
1778541346.480197,14,27,1.02359,106.72,201.422,1195.341,2,4,compressed_ring_ar
1778541347.825391,14,28,1.039257,97.68,380.45,1305.423,2,4,compressed_ring_ar
1778541349.2088678,14,29,1.121561,95.85,216.543,1330.889,2,4,compressed_ring_ar
1778541350.5079427,14,30,0.970516,102.0,295.505,1253.435,2,4,compressed_ring_ar
1778541351.9699016,14,31,1.259727,91.12,204.756,1398.819,2,4,compressed_ring_ar
1778541353.2616036,14,32,1.064709,102.53,201.687,1243.204,2,4,compressed_ring_ar
1778541354.6071181,14,33,1.183959,98.25,334.391,1298.779,2,4,compressed_ring_ar
1778541356.0269916,14,34,0.982725,92.88,212.054,1372.258,2,4,compressed_ring_ar
1778541357.2690332,14,35,1.213372,107.69,340.434,1184.68,2,4,compressed_ring_ar
1778541358.6244273,14,36,1.1191,97.88,276.76,1302.989,2,4,compressed_ring_ar
1778541359.8183548,14,37,1.152724,111.54,196.505,1144.729,2,4,compressed_ring_ar
1778541361.3722205,14,38,1.005778,84.77,234.323,1507.09,2,4,compressed_ring_ar
1778541362.762579,14,39,1.085827,95.97,172.443,1332.581,2,4,compressed_ring_ar
1778541364.0795555,14,40,1.027176,100.41,344.312,1270.957,2,4,compressed_ring_ar
1778541365.6684463,14,41,1.126515,82.99,261.353,1537.928,2,4,compressed_ring_ar
1778541367.0158544,14,42,1.163196,100.75,196.38,1268.143,2,4,compressed_ring_ar
1778541368.311253,14,43,1.225433,101.87,257.429,1251.87,2,4,compressed_ring_ar
1778541369.6803944,14,44,1.07194,97.46,254.745,1308.768,2,4,compressed_ring_ar
1778541370.9249468,14,45,1.046029,106.74,202.597,1193.784,2,4,compressed_ring_ar
1778541372.1405177,14,46,0.969113,109.99,431.01,1159.518,2,4,compressed_ring_ar
1778541373.433709,14,47,1.031371,102.08,233.497,1251.492,2,4,compressed_ring_ar
1778541374.7392077,14,48,1.168037,102.45,435.576,1246.634,2,4,compressed_ring_ar
1778541376.0775042,14,49,1.000055,98.52,390.848,1295.368,2,4,compressed_ring_ar
1778541377.2881231,14,50,1.334269,108.93,185.313,1172.409,2,4,compressed_ring_ar
1778541378.6015987,14,51,1.123096,101.1,352.997,1261.275,2,4,compressed_ring_ar
1778541379.9601147,14,52,1.325622,97.62,209.949,1305.483,2,4,compressed_ring_ar
1778541381.0918257,14,53,1.089355,118.85,291.854,1074.601,2,4,compressed_ring_ar
1778541382.4670267,14,54,0.962786,95.93,344.57,1332.88,2,4,compressed_ring_ar
1778541383.8854148,14,55,0.989998,93.84,223.968,1356.095,2,4,compressed_ring_ar
1778541385.1190972,14,56,0.997888,107.25,238.976,1187.454,2,4,compressed_ring_ar
1778541386.6152332,14,57,1.039247,87.92,227.077,1454.572,2,4,compressed_ring_ar
1778541388.1621134,14,58,1.089813,86.25,408.142,1479.048,2,4,compressed_ring_ar
1778541389.3278718,14,59,1.045331,118.1,208.369,1079.741,2,4,compressed_ring_ar
1778541390.7395597,14,60,1.152834,93.5,233.297,1367.083,2,4,compressed_ring_ar
1778541392.2707682,14,61,1.091249,85.89,332.958,1489.038,2,4,compressed_ring_ar
1778541393.5213714,14,62,1.130858,107.79,313.227,1186.297,2,4,compressed_ring_ar
1778541394.8162599,14,63,1.162056,104.53,200.874,1219.85,2,4,compressed_ring_ar
1778541396.1288207,14,64,1.198142,101.45,295.363,1257.435,2,4,compressed_ring_ar
1778541397.3696132,14,65,1.098836,108.73,492.3,1173.753,2,4,compressed_ring_ar
1778541398.8787713,14,66,1.204547,89.92,641.332,1418.665,2,4,compressed_ring_ar
1778541400.189051,14,67,1.124377,101.82,236.341,1253.105,2,4,compressed_ring_ar
1778541401.4604533,14,68,1.08417,103.91,232.569,1226.517,2,4,compressed_ring_ar
1778541402.7579978,14,69,1.065565,102.13,216.563,1249.194,2,4,compressed_ring_ar
1778541404.1169772,14,70,1.049346,97.66,194.098,1306.15,2,4,compressed_ring_ar
1778541405.4405587,14,71,1.240918,99.32,340.045,1281.154,2,4,compressed_ring_ar
1778541406.791875,14,72,1.072168,98.21,191.83,1297.649,2,4,compressed_ring_ar
1778541408.0366483,14,73,1.239534,107.19,281.654,1190.207,2,4,compressed_ring_ar
1778541409.327835,14,74,1.136772,102.74,239.616,1244.551,2,4,compressed_ring_ar
1778541410.6069205,14,75,1.318836,105.02,190.959,1214.761,2,4,compressed_ring_ar
1778541411.755291,14,76,1.004008,117.34,240.962,1085.432,2,4,compressed_ring_ar
1778541413.1874428,14,77,1.159826,91.96,424.658,1384.856,2,4,compressed_ring_ar
1778541414.3450296,14,78,1.151139,114.06,213.261,1116.299,2,4,compressed_ring_ar
1778541415.5510445,14,79,1.165069,109.72,186.502,1164.062,2,4,compressed_ring_ar
1778541416.8816702,14,80,1.070961,101.46,500.412,1259.52,2,4,compressed_ring_ar
1778541418.1499376,14,81,1.155533,104.2,306.384,1227.785,2,4,compressed_ring_ar
1778541419.5053988,14,82,1.053963,97.99,422.776,1301.523,2,4,compressed_ring_ar
1778541420.7963243,14,83,1.047698,102.6,261.068,1243.019,2,4,compressed_ring_ar
1778541422.0046427,14,84,1.083931,109.81,208.478,1159.816,2,4,compressed_ring_ar
1778541423.22573,14,85,1.135759,108.69,374.289,1173.55,2,4,compressed_ring_ar
1778541424.495755,14,86,1.108486,104.3,229.21,1225.897,2,4,compressed_ring_ar
1778541425.8567188,14,87,0.996368,97.08,209.656,1313.455,2,4,compressed_ring_ar
1778541427.1133606,14,88,1.091084,105.4,153.467,1213.126,2,4,compressed_ring_ar
1778541428.45172,14,89,1.051437,100.46,318.81,1267.747,2,4,compressed_ring_ar
1778541429.7760143,14,90,1.065562,99.27,406.143,1284.02,2,4,compressed_ring_ar
1778541431.1211052,14,91,1.042566,98.11,316.538,1300.223,2,4,compressed_ring_ar
1778541432.561967,14,92,1.096194,92.38,249.869,1381.78,2,4,compressed_ring_ar
1778541433.840095,14,93,1.07434,104.32,241.019,1218.945,2,4,compressed_ring_ar
1778541435.135168,14,94,1.000463,103.68,225.65,1230.551,2,4,compressed_ring_ar
1778541436.47553,14,95,1.128091,98.35,309.142,1299.13,2,4,compressed_ring_ar
1778541437.9649208,14,96,1.121711,88.39,187.664,1443.269,2,4,compressed_ring_ar
1778541439.142947,14,97,1.098497,72.93,282.479,1144.179,2,4,compressed_ring_ar
1778541450.6607227,15,0,1.02322,94.88,232.81,1345.065,2,4,compressed_ring_ar
1778541452.1116202,15,1,1.116538,91.03,205.708,1401.78,2,4,compressed_ring_ar
1778541453.4911892,15,2,1.138248,96.72,207.877,1322.067,2,4,compressed_ring_ar
1778541454.8249898,15,3,1.15833,101.16,261.013,1259.563,2,4,compressed_ring_ar
1778541456.3993385,15,4,1.133696,83.27,500.507,1535.706,2,4,compressed_ring_ar
1778541457.7334673,15,5,1.097224,100.25,289.927,1275.587,2,4,compressed_ring_ar
1778541459.2000659,15,6,0.907872,90.21,293.372,1417.573,2,4,compressed_ring_ar
1778541460.6917567,15,7,1.11519,89.21,189.31,1429.712,2,4,compressed_ring_ar
1778541462.0137532,15,8,1.152447,100.1,322.294,1277.85,2,4,compressed_ring_ar
1778541463.426691,15,9,1.150602,95.73,529.756,1331.792,2,4,compressed_ring_ar
1778541464.733335,15,10,1.217762,101.06,220.376,1261.85,2,4,compressed_ring_ar
1778541466.0038753,15,11,1.036614,105.03,200.681,1214.562,2,4,compressed_ring_ar
1778541467.300269,15,12,0.982244,101.83,219.341,1252.948,2,4,compressed_ring_ar
1778541468.5759213,15,13,1.135331,105.06,190.371,1217.048,2,4,compressed_ring_ar
1778541469.9577756,15,14,1.120203,95.69,197.019,1334.134,2,4,compressed_ring_ar
1778541471.31364,15,15,1.191035,97.83,357.855,1304.391,2,4,compressed_ring_ar
1778541472.694988,15,16,1.108015,95.24,274.381,1338.678,2,4,compressed_ring_ar
1778541474.063476,15,17,1.27064,96.75,384.173,1321.696,2,4,compressed_ring_ar
1778541475.374639,15,18,1.047532,100.47,431.801,1272.652,2,4,compressed_ring_ar
1778541476.7693064,15,19,1.121598,94.54,265.945,1349.852,2,4,compressed_ring_ar
1778541478.065701,15,20,0.885504,102.0,247.235,1250.098,2,4,compressed_ring_ar
1778541479.3314304,15,21,0.979856,104.18,290.856,1223.895,2,4,compressed_ring_ar
1778541480.8370283,15,22,1.181361,87.88,433.343,1454.644,2,4,compressed_ring_ar
1778541482.1744716,15,23,1.076356,99.18,321.37,1285.656,2,4,compressed_ring_ar
1778541483.4854157,15,24,1.141647,101.76,226.08,1253.731,2,4,compressed_ring_ar
1778541484.9558446,15,25,1.068605,89.71,206.598,1425.646,2,4,compressed_ring_ar
1778541486.532475,15,26,1.153063,83.39,514.972,1529.972,2,4,compressed_ring_ar
1778541487.8892832,15,27,1.203989,101.85,218.944,1247.317,2,4,compressed_ring_ar
1778541489.190538,15,28,1.168133,101.39,183.743,1261.009,2,4,compressed_ring_ar
1778541490.580745,15,29,1.063221,94.83,375.523,1344.936,2,4,compressed_ring_ar
1778541491.8962474,15,30,1.04672,100.43,243.697,1270.466,2,4,compressed_ring_ar
1778541493.179352,15,31,1.128776,104.25,242.621,1226.832,2,4,compressed_ring_ar
1778541494.5289032,15,32,1.224182,98.02,369.552,1303.971,2,4,compressed_ring_ar
1778541495.9134777,15,33,1.089949,95.55,236.133,1335.834,2,4,compressed_ring_ar
1778541497.1719975,15,34,0.990426,104.89,213.11,1216.829,2,4,compressed_ring_ar
1778541498.484519,15,35,1.239753,101.21,347.908,1261.754,2,4,compressed_ring_ar
1778541499.9917934,15,36,1.082611,87.94,227.303,1454.181,2,4,compressed_ring_ar
1778541501.4531868,15,37,1.051699,90.67,301.344,1407.463,2,4,compressed_ring_ar
1778541502.76071,15,38,1.238407,101.17,226.88,1259.849,2,4,compressed_ring_ar
1778541504.011173,15,39,1.124346,105.8,491.24,1205.922,2,4,compressed_ring_ar
1778541505.3355124,15,40,1.208949,99.93,367.156,1277.299,2,4,compressed_ring_ar
1778541506.604611,15,41,1.118099,104.81,211.297,1217.363,2,4,compressed_ring_ar
1778541507.9588587,15,42,1.1298,97.5,192.207,1311.479,2,4,compressed_ring_ar
1778541509.4187486,15,43,1.133041,91.3,239.96,1400.636,2,4,compressed_ring_ar
1778541510.8493185,15,44,1.225563,92.94,331.855,1371.586,2,4,compressed_ring_ar
1778541512.266728,15,45,1.091335,93.12,353.173,1373.273,2,4,compressed_ring_ar
1778541513.741906,15,46,1.033595,91.58,207.314,1393.043,2,4,compressed_ring_ar
1778541515.0150638,15,47,1.133255,108.03,331.125,1183.582,2,4,compressed_ring_ar
1778541516.4413202,15,48,1.073743,94.24,542.418,1352.863,2,4,compressed_ring_ar
1778541517.6389956,15,49,1.112705,114.0,365.802,1118.106,2,4,compressed_ring_ar
1778541519.1182442,15,50,1.130677,88.8,321.269,1435.604,2,4,compressed_ring_ar
1778541520.4254668,15,51,1.006622,104.45,297.736,1219.896,2,4,compressed_ring_ar
1778541521.7461631,15,52,0.954035,99.78,199.396,1277.46,2,4,compressed_ring_ar
1778541522.9961271,15,53,1.188979,106.9,224.472,1193.254,2,4,compressed_ring_ar
1778541524.308891,15,54,1.101058,100.52,233.606,1272.59,2,4,compressed_ring_ar
1778541525.5349696,15,55,1.161173,110.22,365.013,1156.837,2,4,compressed_ring_ar
1778541526.967597,15,56,1.199765,91.88,361.186,1391.97,2,4,compressed_ring_ar
1778541528.2909963,15,57,1.155547,100.9,190.546,1264.555,2,4,compressed_ring_ar
1778541529.553545,15,58,0.943766,104.99,241.864,1214.669,2,4,compressed_ring_ar
1778541530.8125231,15,59,1.162261,105.32,214.004,1211.1,2,4,compressed_ring_ar
1778541532.0678306,15,60,1.064953,104.76,350.882,1216.16,2,4,compressed_ring_ar
1778541533.310438,15,61,1.01912,107.22,464.012,1192.097,2,4,compressed_ring_ar
1778541534.5153468,15,62,1.073337,110.77,324.083,1149.462,2,4,compressed_ring_ar
1778541535.921636,15,63,1.281196,93.85,191.629,1362.431,2,4,compressed_ring_ar
1778541537.3194497,15,64,0.984616,94.31,186.202,1355.95,2,4,compressed_ring_ar
1778541538.8757987,15,65,1.027735,85.26,197.286,1496.088,2,4,compressed_ring_ar
1778541540.2060752,15,66,1.182408,101.32,288.354,1258.616,2,4,compressed_ring_ar
1778541541.289941,15,67,1.086648,125.07,133.345,1022.193,2,4,compressed_ring_ar
1778541542.6685722,15,68,1.087968,98.33,642.601,1296.87,2,4,compressed_ring_ar
1778541544.0760098,15,69,1.046322,94.15,284.122,1358.146,2,4,compressed_ring_ar
1778541545.3162534,15,70,1.095567,109.16,305.453,1166.286,2,4,compressed_ring_ar
1778541546.7563627,15,71,0.937236,91.32,202.663,1398.083,2,4,compressed_ring_ar
1778541548.292171,15,72,1.111825,86.86,204.583,1468.453,2,4,compressed_ring_ar
1778541549.5582006,15,73,1.054594,104.51,543.997,1214.847,2,4,compressed_ring_ar
1778541550.8333364,15,74,1.04169,103.11,357.579,1237.048,2,4,compressed_ring_ar
1778541551.939355,15,75,1.099776,128.44,198.719,992.702,2,4,compressed_ring_ar
1778541553.3798718,15,76,1.118435,92.31,218.672,1379.956,2,4,compressed_ring_ar
1778541554.5470977,15,77,1.116609,113.36,190.015,1122.686,2,4,compressed_ring_ar
1778541555.821939,15,78,1.120417,103.59,194.016,1230.695,2,4,compressed_ring_ar
1778541557.2089443,15,79,1.000897,94.77,223.284,1345.243,2,4,compressed_ring_ar
1778541558.4200075,15,80,1.043964,109.47,283.449,1165.363,2,4,compressed_ring_ar
1778541559.70766,15,81,0.90152,102.34,190.913,1249.389,2,4,compressed_ring_ar
1778541561.044266,15,82,1.008888,98.58,349.214,1294.695,2,4,compressed_ring_ar
1778541562.2961874,15,83,1.143142,106.84,181.19,1194.798,2,4,compressed_ring_ar
1778541563.5489526,15,84,1.190976,105.93,628.535,1207.124,2,4,compressed_ring_ar
1778541564.87647,15,85,0.896567,101.56,678.763,1256.293,2,4,compressed_ring_ar
1778541566.0698898,15,86,1.268628,112.91,191.164,1129.328,2,4,compressed_ring_ar
1778541567.3028936,15,87,1.09182,107.24,305.803,1188.143,2,4,compressed_ring_ar
1778541568.791246,15,88,0.994571,89.46,190.232,1426.433,2,4,compressed_ring_ar
1778541570.1944356,15,89,0.938866,93.68,375.027,1365.092,2,4,compressed_ring_ar
1778541571.3427107,15,90,0.963487,117.56,238.926,1084.9,2,4,compressed_ring_ar
1778541572.7625725,15,91,0.963882,93.37,509.682,1366.878,2,4,compressed_ring_ar
1778541573.9781914,15,92,1.218293,108.7,292.337,1175.112,2,4,compressed_ring_ar
1778541575.395367,15,93,1.147632,93.64,713.484,1365.67,2,4,compressed_ring_ar
1778541576.6050766,15,94,1.105458,112.35,194.442,1133.904,2,4,compressed_ring_ar
1778541577.880334,15,95,0.955323,103.16,262.243,1239.391,2,4,compressed_ring_ar
1778541579.3088698,15,96,1.027977,92.64,247.994,1374.629,2,4,compressed_ring_ar
1778541580.4547575,15,97,0.893189,75.5,211.79,1107.006,2,4,compressed_ring_ar
1778541592.7045028,16,0,0.923029,79.44,272.948,1608.651,2,4,compressed_ring_ar
1778541594.1683664,16,1,1.012935,91.3,472.348,1397.395,2,4,compressed_ring_ar
1778541595.486437,16,2,1.240115,100.58,226.975,1270.054,2,4,compressed_ring_ar
1778541596.760676,16,3,1.127637,103.67,150.527,1232.782,2,4,compressed_ring_ar
1778541598.1984773,16,4,1.094621,91.34,389.332,1395.642,2,4,compressed_ring_ar
1778541599.567261,16,5,1.027698,97.4,219.848,1312.918,2,4,compressed_ring_ar
1778541600.9314134,16,6,1.158838,97.79,203.156,1301.671,2,4,compressed_ring_ar
1778541602.387532,16,7,0.960027,90.1,245.841,1414.761,2,4,compressed_ring_ar
1778541603.6616342,16,8,1.21338,103.83,471.769,1228.764,2,4,compressed_ring_ar
1778541604.9245677,16,9,1.041301,106.44,377.771,1200.222,2,4,compressed_ring_ar
1778541606.5463092,16,10,1.122902,82.63,396.888,1544.633,2,4,compressed_ring_ar
1778541608.1736352,16,11,1.174689,80.5,293.018,1585.868,2,4,compressed_ring_ar
1778541609.5100374,16,12,1.05198,99.13,366.658,1289.994,2,4,compressed_ring_ar
1778541610.8271694,16,13,0.952143,102.44,294.251,1244.382,2,4,compressed_ring_ar
1778541612.0370073,16,14,1.313477,110.14,182.585,1157.687,2,4,compressed_ring_ar
1778541613.2784882,16,15,1.175222,108.27,212.493,1177.152,2,4,compressed_ring_ar
1778541614.5772114,16,16,1.038675,107.88,208.163,1185.143,2,4,compressed_ring_ar
1778541616.0063958,16,17,1.120713,92.37,244.884,1380.755,2,4,compressed_ring_ar
1778541617.3340054,16,18,1.206796,98.99,278.957,1291.664,2,4,compressed_ring_ar
1778541618.725934,16,19,1.122307,95.47,188.75,1333.248,2,4,compressed_ring_ar
1778541620.037845,16,20,1.066378,100.89,203.791,1264.658,2,4,compressed_ring_ar
1778541621.2639782,16,21,1.048698,108.95,193.067,1170.989,2,4,compressed_ring_ar
1778541622.548225,16,22,1.081176,105.2,193.734,1212.139,2,4,compressed_ring_ar
1778541623.8032768,16,23,0.986193,107.19,222.79,1188.769,2,4,compressed_ring_ar
1778541625.147916,16,24,1.084186,99.8,272.972,1275.339,2,4,compressed_ring_ar
1778541626.3459086,16,25,0.991611,111.43,234.338,1142.773,2,4,compressed_ring_ar
1778541627.6008008,16,26,0.949282,106.09,188.088,1198.483,2,4,compressed_ring_ar
1778541628.778474,16,27,0.977881,112.95,210.906,1126.929,2,4,compressed_ring_ar
1778541630.1058278,16,28,1.15864,99.28,208.737,1287.563,2,4,compressed_ring_ar
1778541631.4755592,16,29,1.108371,96.29,386.837,1323.84,2,4,compressed_ring_ar
1778541632.758407,16,30,1.10652,103.52,606.634,1232.87,2,4,compressed_ring_ar
1778541634.1914337,16,31,1.048513,92.41,213.04,1380.765,2,4,compressed_ring_ar
1778541635.4305627,16,32,1.025437,107.61,237.007,1184.253,2,4,compressed_ring_ar
1778541636.6648004,16,33,0.965164,108.2,310.961,1175.389,2,4,compressed_ring_ar
1778541637.8250704,16,34,1.151697,113.64,203.45,1120.082,2,4,compressed_ring_ar
1778541639.24182,16,35,1.270456,94.34,239.156,1351.876,2,4,compressed_ring_ar
1778541640.4791992,16,36,1.0697,111.3,240.281,1145.321,2,4,compressed_ring_ar
1778541641.9105904,16,37,0.980039,93.07,264.544,1372.689,2,4,compressed_ring_ar
1778541643.4082484,16,38,1.052159,88.2,245.414,1446.73,2,4,compressed_ring_ar
1778541644.6216588,16,39,1.175894,111.47,201.46,1143.541,2,4,compressed_ring_ar
1778541645.901474,16,40,0.960138,103.15,296.536,1234.327,2,4,compressed_ring_ar
1778541647.201914,16,41,0.917854,101.34,232.855,1259.146,2,4,compressed_ring_ar
1778541648.4921408,16,42,0.895074,102.92,209.178,1239.687,2,4,compressed_ring_ar
1778541649.8196645,16,43,1.18459,99.57,228.155,1284.145,2,4,compressed_ring_ar
1778541651.1148283,16,44,1.035305,101.86,291.953,1251.691,2,4,compressed_ring_ar
1778541652.468061,16,45,1.073932,98.89,365.636,1289.372,2,4,compressed_ring_ar
1778541653.7840226,16,46,1.241058,100.66,575.239,1270.226,2,4,compressed_ring_ar
1778541655.280578,16,47,1.08,88.37,250.368,1444.14,2,4,compressed_ring_ar
1778541656.8771613,16,48,1.133587,82.41,243.384,1551.696,2,4,compressed_ring_ar
1778541658.0958576,16,49,0.931794,109.87,294.979,1160.197,2,4,compressed_ring_ar
1778541659.3736136,16,50,1.027928,104.37,203.821,1219.747,2,4,compressed_ring_ar
1778541660.5949686,16,51,0.946333,109.57,236.195,1163.847,2,4,compressed_ring_ar
1778541661.8381798,16,52,1.043187,106.9,296.903,1195.129,2,4,compressed_ring_ar
1778541663.1506624,16,53,1.037199,101.4,382.814,1257.477,2,4,compressed_ring_ar
1778541664.3311698,16,54,1.211769,113.64,195.931,1122.233,2,4,compressed_ring_ar
1778541665.732532,16,55,1.176469,94.47,221.348,1352.916,2,4,compressed_ring_ar
1778541666.9391582,16,56,0.946122,112.26,365.212,1135.311,2,4,compressed_ring_ar
1778541668.258733,16,57,1.126776,100.35,235.481,1269.026,2,4,compressed_ring_ar
1778541669.634248,16,58,1.370335,96.43,331.314,1324.905,2,4,compressed_ring_ar
1778541671.0140073,16,59,1.093983,96.92,424.284,1315.877,2,4,compressed_ring_ar
1778541672.2576995,16,60,0.983722,106.32,284.948,1198.988,2,4,compressed_ring_ar
1778541673.6383123,16,61,1.003374,95.93,230.002,1326.872,2,4,compressed_ring_ar
1778541674.913631,16,62,0.975257,103.88,232.117,1226.427,2,4,compressed_ring_ar
1778541676.2591836,16,63,1.210199,98.4,233.217,1295.677,2,4,compressed_ring_ar
1778541677.5923064,16,64,1.107959,99.81,243.712,1275.922,2,4,compressed_ring_ar
1778541678.9233167,16,65,1.116242,99.83,329.481,1280.156,2,4,compressed_ring_ar
1778541680.1603208,16,66,1.05025,107.23,399.148,1187.453,2,4,compressed_ring_ar
1778541681.4469218,16,67,1.076868,102.62,304.282,1243.431,2,4,compressed_ring_ar
1778541682.82449,16,68,0.96286,96.22,188.328,1326.42,2,4,compressed_ring_ar
1778541684.186304,16,69,1.0129,96.37,212.08,1324.022,2,4,compressed_ring_ar
1778541685.4136784,16,70,1.142164,107.88,251.48,1182.767,2,4,compressed_ring_ar
1778541686.729978,16,71,1.095915,101.21,219.752,1263.4,2,4,compressed_ring_ar
1778541688.0898285,16,72,1.096296,97.51,366.807,1308.215,2,4,compressed_ring_ar
1778541689.4677625,16,73,1.123318,95.97,354.621,1327.388,2,4,compressed_ring_ar
1778541690.7468774,16,74,0.939013,103.13,251.434,1237.123,2,4,compressed_ring_ar
1778541692.0482771,16,75,1.027847,102.16,218.348,1248.703,2,4,compressed_ring_ar
1778541693.4564943,16,76,0.95766,93.49,201.855,1368.411,2,4,compressed_ring_ar
1778541694.820145,16,77,1.111405,96.89,361.577,1316.673,2,4,compressed_ring_ar
1778541696.1176906,16,78,1.132,102.92,217.237,1240.93,2,4,compressed_ring_ar
1778541697.568169,16,79,0.89619,90.83,387.789,1404.759,2,4,compressed_ring_ar
1778541698.9736874,16,80,1.137853,95.9,261.031,1332.989,2,4,compressed_ring_ar
1778541700.3616984,16,81,1.112197,95.56,236.362,1333.19,2,4,compressed_ring_ar
1778541701.6661313,16,82,1.294268,101.0,223.377,1263.026,2,4,compressed_ring_ar
1778541703.160202,16,83,1.164489,87.67,378.75,1455.43,2,4,compressed_ring_ar
1778541704.4877462,16,84,1.194318,99.29,204.506,1287.824,2,4,compressed_ring_ar
1778541705.7352173,16,85,1.15412,108.02,199.347,1177.443,2,4,compressed_ring_ar
1778541706.9547882,16,86,0.921198,107.96,215.225,1181.173,2,4,compressed_ring_ar
1778541708.18703,16,87,1.085563,109.29,307.777,1169.752,2,4,compressed_ring_ar
1778541709.6991963,16,88,1.190914,87.39,293.048,1459.259,2,4,compressed_ring_ar
1778541711.0617986,16,89,1.06176,97.01,177.348,1318.627,2,4,compressed_ring_ar
1778541712.534217,16,90,1.067764,90.77,783.719,1405.503,2,4,compressed_ring_ar
1778541713.898195,16,91,1.099775,98.18,208.051,1299.775,2,4,compressed_ring_ar
1778541715.2010345,16,92,1.213941,101.47,213.389,1256.97,2,4,compressed_ring_ar
1778541716.4630945,16,93,0.960733,104.58,220.539,1219.76,2,4,compressed_ring_ar
1778541717.811456,16,94,1.06202,97.62,353.999,1305.854,2,4,compressed_ring_ar
1778541719.1226811,16,95,1.062782,100.6,192.52,1267.469,2,4,compressed_ring_ar
1778541720.4143991,16,96,1.088629,102.43,338.74,1247.589,2,4,compressed_ring_ar
1778541721.6958613,16,97,1.114089,67.2,271.402,1244.422,2,4,compressed_ring_ar
1778541733.351504,17,0,1.108701,96.12,224.319,1327.022,2,4,compressed_ring_ar
1778541734.8681452,17,1,0.931388,87.01,296.516,1469.921,2,4,compressed_ring_ar
1778541736.1816049,17,2,1.284061,103.73,294.413,1229.238,2,4,compressed_ring_ar
1778541737.4109764,17,3,1.077689,107.42,193.284,1186.811,2,4,compressed_ring_ar
1778541738.7003024,17,4,1.093453,102.28,304.916,1246.863,2,4,compressed_ring_ar
1778541739.9346087,17,5,1.03349,108.81,237.675,1174.955,2,4,compressed_ring_ar
1778541741.3101094,17,6,1.107009,97.29,252.921,1310.339,2,4,compressed_ring_ar
1778541742.816761,17,7,0.994152,89.59,249.552,1426.37,2,4,compressed_ring_ar
1778541744.322296,17,8,0.85821,87.38,781.942,1463.517,2,4,compressed_ring_ar
1778541745.7378712,17,9,1.142131,93.57,300.365,1361.051,2,4,compressed_ring_ar
1778541747.0584865,17,10,1.190833,100.44,226.157,1270.067,2,4,compressed_ring_ar
1778541748.1703327,17,11,1.167027,121.19,217.459,1051.207,2,4,compressed_ring_ar
1778541749.382763,17,12,1.134036,108.93,200.824,1171.551,2,4,compressed_ring_ar
1778541750.744452,17,13,1.149086,97.21,203.846,1312.253,2,4,compressed_ring_ar
1778541751.9924984,17,14,1.098616,105.47,308.512,1209.05,2,4,compressed_ring_ar
1778541753.3174918,17,15,1.090251,100.19,195.175,1271.387,2,4,compressed_ring_ar
1778541754.7484825,17,16,1.055361,92.87,238.823,1373.92,2,4,compressed_ring_ar
1778541756.1046581,17,17,1.082563,96.94,336.943,1316.836,2,4,compressed_ring_ar
1778541757.3781211,17,18,1.147318,104.27,193.444,1225.345,2,4,compressed_ring_ar
1778541758.8086617,17,19,1.105308,92.29,559.002,1382.09,2,4,compressed_ring_ar
1778541760.1341372,17,20,1.095665,100.15,229.238,1276.788,2,4,compressed_ring_ar
1778541761.333152,17,21,1.012541,111.97,304.277,1141.792,2,4,compressed_ring_ar
1778541762.8100965,17,22,1.072183,90.64,214.732,1410.91,2,4,compressed_ring_ar
1778541764.2693472,17,23,1.262284,91.81,761.189,1389.487,2,4,compressed_ring_ar
1778541765.5778327,17,24,1.140295,101.47,217.603,1257.582,2,4,compressed_ring_ar
1778541766.8927572,17,25,1.154062,100.24,236.842,1271.045,2,4,compressed_ring_ar
1778541768.1216197,17,26,1.255527,107.6,445.298,1185.641,2,4,compressed_ring_ar
1778541769.342601,17,27,1.124458,109.4,190.165,1165.905,2,4,compressed_ring_ar
1778541770.7589624,17,28,1.045028,93.1,223.027,1369.465,2,4,compressed_ring_ar
1778541772.018987,17,29,1.050614,105.37,390.565,1209.567,2,4,compressed_ring_ar
1778541773.3821099,17,30,1.031228,96.72,234.213,1315.071,2,4,compressed_ring_ar
1778541774.643522,17,31,0.988984,106.8,275.854,1192.237,2,4,compressed_ring_ar
1778541776.0454507,17,32,1.10475,93.97,267.849,1352.92,2,4,compressed_ring_ar
1778541777.3308878,17,33,0.90732,103.12,254.755,1235.35,2,4,compressed_ring_ar
1778541778.5178723,17,34,1.244817,113.01,209.88,1131.172,2,4,compressed_ring_ar
1778541779.871162,17,35,0.937293,98.0,354.986,1301.642,2,4,compressed_ring_ar
1778541781.1165545,17,36,1.023518,106.18,244.724,1196.816,2,4,compressed_ring_ar
1778541782.4737482,17,37,1.056042,96.95,248.407,1316.713,2,4,compressed_ring_ar
1778541783.6342754,17,38,1.160484,119.22,197.987,1070.392,2,4,compressed_ring_ar
1778541784.9026194,17,39,1.308571,104.76,396.086,1217.464,2,4,compressed_ring_ar
1778541786.190756,17,40,1.002726,104.76,219.767,1217.823,2,4,compressed_ring_ar
1778541787.4197273,17,41,1.075169,107.92,294.4,1181.384,2,4,compressed_ring_ar
1778541788.7864645,17,42,1.059742,96.13,379.641,1329.369,2,4,compressed_ring_ar
1778541790.1776395,17,43,0.974138,96.51,373.907,1324.264,2,4,compressed_ring_ar
1778541791.5372145,17,44,0.928282,99.35,312.761,1287.146,2,4,compressed_ring_ar
1778541792.9299428,17,45,0.950565,96.24,362.852,1325.576,2,4,compressed_ring_ar
1778541794.058056,17,46,1.061462,117.33,390.786,1089.005,2,4,compressed_ring_ar
1778541795.3776107,17,47,1.065212,100.44,423.182,1271.969,2,4,compressed_ring_ar
1778541796.8544307,17,48,1.120444,89.99,341.092,1420.647,2,4,compressed_ring_ar
1778541798.177367,17,49,1.044517,100.51,369.465,1268.993,2,4,compressed_ring_ar
1778541799.4622135,17,50,0.955228,103.19,200.426,1234.882,2,4,compressed_ring_ar
1778541800.7111194,17,51,1.039986,106.35,213.565,1197.94,2,4,compressed_ring_ar
1778541801.9827287,17,52,0.919543,105.13,543.476,1212.571,2,4,compressed_ring_ar
1778541803.362889,17,53,0.927676,95.91,205.328,1328.935,2,4,compressed_ring_ar
1778541804.6587229,17,54,1.067583,102.21,308.198,1247.503,2,4,compressed_ring_ar
1778541805.9385784,17,55,0.975761,103.24,206.408,1234.983,2,4,compressed_ring_ar
1778541807.2410798,17,56,1.188179,102.26,404.842,1247.713,2,4,compressed_ring_ar
1778541808.5244813,17,57,1.107266,104.17,228.732,1223.093,2,4,compressed_ring_ar
1778541809.8284676,17,58,0.909655,101.32,369.309,1258.737,2,4,compressed_ring_ar
1778541811.1616418,17,59,1.151924,99.26,224.301,1283.75,2,4,compressed_ring_ar
1778541812.3412333,17,60,0.962306,113.79,249.842,1123.605,2,4,compressed_ring_ar
1778541813.6262734,17,61,1.071038,103.55,225.564,1231.162,2,4,compressed_ring_ar
1778541814.8398473,17,62,0.927153,108.8,531.465,1171.111,2,4,compressed_ring_ar
1778541816.0639164,17,63,1.01851,107.95,440.44,1181.899,2,4,compressed_ring_ar
1778541817.4571404,17,64,1.046992,94.75,226.278,1345.51,2,4,compressed_ring_ar
1778541818.8160703,17,65,1.054536,97.89,199.536,1306.398,2,4,compressed_ring_ar
1778541819.9968216,17,66,1.20792,114.05,138.3,1121.051,2,4,compressed_ring_ar
1778541821.4108968,17,67,1.078353,94.69,329.348,1349.459,2,4,compressed_ring_ar
1778541822.9585633,17,68,1.106587,86.87,335.043,1468.7,2,4,compressed_ring_ar
1778541824.2458975,17,69,1.209542,103.29,230.257,1229.758,2,4,compressed_ring_ar
1778541825.4783084,17,70,1.168915,107.43,222.045,1186.832,2,4,compressed_ring_ar
1778541826.6943002,17,71,0.961737,109.16,198.334,1166.68,2,4,compressed_ring_ar
1778541827.9307165,17,72,1.295518,106.43,333.267,1196.506,2,4,compressed_ring_ar
1778541829.232313,17,73,1.138145,101.0,345.716,1262.952,2,4,compressed_ring_ar
1778541830.4921968,17,74,0.999255,105.72,275.002,1206.391,2,4,compressed_ring_ar
1778541831.8529785,17,75,1.04205,96.97,267.103,1313.785,2,4,compressed_ring_ar
1778541832.8792098,17,76,1.280491,129.03,321.354,990.897,2,4,compressed_ring_ar
1778541834.2429206,17,77,1.022847,98.96,503.539,1291.183,2,4,compressed_ring_ar
1778541835.530067,17,78,0.962133,103.02,181.704,1241.066,2,4,compressed_ring_ar
1778541836.9409838,17,79,1.10956,93.72,338.948,1363.983,2,4,compressed_ring_ar
1778541838.2828841,17,80,1.025985,98.84,244.254,1290.43,2,4,compressed_ring_ar
1778541839.5545676,17,81,0.970861,104.02,237.622,1229.259,2,4,compressed_ring_ar
1778541840.7617288,17,82,1.109133,112.59,252.181,1132.527,2,4,compressed_ring_ar
1778541842.1375759,17,83,1.114955,95.86,208.927,1329.088,2,4,compressed_ring_ar
1778541843.3370132,17,84,0.926522,110.14,224.087,1157.549,2,4,compressed_ring_ar
1778541844.7089167,17,85,0.984469,96.12,221.097,1327.193,2,4,compressed_ring_ar
1778541846.0636926,17,86,1.061028,98.07,280.451,1298.391,2,4,compressed_ring_ar
1778541847.2509563,17,87,1.014669,111.49,215.358,1143.853,2,4,compressed_ring_ar
1778541848.5573025,17,88,1.057303,102.23,219.255,1247.415,2,4,compressed_ring_ar
1778541850.0209403,17,89,1.114133,89.62,407.771,1423.678,2,4,compressed_ring_ar
1778541851.421121,17,90,0.978267,97.11,289.623,1313.987,2,4,compressed_ring_ar
1778541852.7441528,17,91,1.018323,102.29,212.705,1247.635,2,4,compressed_ring_ar
1778541854.292057,17,92,0.87143,84.87,277.614,1506.864,2,4,compressed_ring_ar
1778541855.7212827,17,93,1.039158,91.8,560.589,1390.38,2,4,compressed_ring_ar
1778541857.007208,17,94,1.304315,102.76,223.393,1243.348,2,4,compressed_ring_ar
1778541858.3989682,17,95,1.015349,95.17,201.486,1339.117,2,4,compressed_ring_ar
1778541859.5258062,17,96,1.161367,117.27,349.139,1087.054,2,4,compressed_ring_ar
1778541860.7854397,17,97,1.082319,68.1,243.002,1226.729,2,4,compressed_ring_ar
1778541872.619541,18,0,1.095168,81.79,468.538,1560.093,2,4,compressed_ring_ar
1778541874.015627,18,1,0.946116,94.57,198.496,1352.107,2,4,compressed_ring_ar
1778541875.4502704,18,2,1.028016,92.0,222.368,1384.504,2,4,compressed_ring_ar
1778541876.8186278,18,3,1.016106,96.04,219.076,1331.428,2,4,compressed_ring_ar
1778541878.099839,18,4,1.032282,106.25,187.012,1203.324,2,4,compressed_ring_ar
1778541879.3851833,18,5,1.190689,103.33,332.223,1237.394,2,4,compressed_ring_ar
1778541880.7387948,18,6,1.278593,100.66,624.131,1270.138,2,4,compressed_ring_ar
1778541882.1974297,18,7,1.271673,90.81,285.502,1405.015,2,4,compressed_ring_ar
1778541883.6334312,18,8,1.096556,93.95,249.631,1355.057,2,4,compressed_ring_ar
1778541884.858047,18,9,1.036601,109.72,178.179,1165.212,2,4,compressed_ring_ar
1778541886.4798028,18,10,0.966088,80.71,492.671,1584.585,2,4,compressed_ring_ar
1778541887.9466207,18,11,1.104606,89.98,201.221,1415.205,2,4,compressed_ring_ar
1778541889.2238734,18,12,1.143738,103.59,213.015,1230.873,2,4,compressed_ring_ar
1778541890.6094391,18,13,1.152219,95.64,238.34,1328.959,2,4,compressed_ring_ar
1778541891.8792582,18,14,0.929573,103.51,189.066,1235.221,2,4,compressed_ring_ar
1778541893.4899178,18,15,1.058798,81.62,389.682,1564.534,2,4,compressed_ring_ar
1778541894.875163,18,16,0.932106,95.64,366.973,1336.383,2,4,compressed_ring_ar
1778541896.169349,18,17,1.081893,102.16,437.666,1251.257,2,4,compressed_ring_ar
1778541897.5022297,18,18,1.082572,100.59,324.354,1267.156,2,4,compressed_ring_ar
1778541898.8207285,18,19,1.113584,99.96,311.772,1275.783,2,4,compressed_ring_ar
1778541900.0780458,18,20,1.176434,105.12,171.269,1216.107,2,4,compressed_ring_ar
1778541901.7051668,18,21,1.015245,81.16,282.789,1575.758,2,4,compressed_ring_ar
1778541903.1698525,18,22,1.07219,90.11,375.142,1419.203,2,4,compressed_ring_ar
1778541904.415191,18,23,0.877968,108.15,334.907,1182.189,2,4,compressed_ring_ar
1778541905.8211732,18,24,1.06638,94.55,409.169,1352.335,2,4,compressed_ring_ar
1778541907.0916436,18,25,1.11302,105.09,231.284,1212.272,2,4,compressed_ring_ar
1778541908.3281887,18,26,1.064643,107.1,313.938,1193.78,2,4,compressed_ring_ar
1778541909.6636884,18,27,0.972912,99.8,260.897,1277.409,2,4,compressed_ring_ar
1778541911.0498056,18,28,1.097741,94.89,503.005,1346.642,2,4,compressed_ring_ar
1778541912.4673183,18,29,1.065642,96.41,448.924,1321.811,2,4,compressed_ring_ar
1778541913.902664,18,30,0.89433,92.41,372.325,1383.668,2,4,compressed_ring_ar
1778541915.0593822,18,31,1.083538,115.76,182.791,1100.549,2,4,compressed_ring_ar
1778541916.426629,18,32,1.247395,97.29,203.208,1311.841,2,4,compressed_ring_ar
1778541917.7673688,18,33,1.131568,98.37,220.901,1295.067,2,4,compressed_ring_ar
1778541918.9816282,18,34,1.21575,109.06,204.912,1169.127,2,4,compressed_ring_ar
1778541920.256886,18,35,1.010672,104.31,211.325,1223.439,2,4,compressed_ring_ar
1778541921.6277492,18,36,0.951796,96.32,296.145,1323.303,2,4,compressed_ring_ar
1778541922.954075,18,37,1.160559,101.73,241.747,1254.086,2,4,compressed_ring_ar
1778541924.2375436,18,38,0.94363,103.32,255.025,1234.516,2,4,compressed_ring_ar
1778541925.5293982,18,39,0.96126,102.0,336.088,1247.26,2,4,compressed_ring_ar
1778541926.8157375,18,40,0.971596,105.3,210.088,1210.286,2,4,compressed_ring_ar
1778541927.9774482,18,41,1.302449,117.92,203.728,1081.553,2,4,compressed_ring_ar
1778541929.1112256,18,42,0.956393,119.05,190.768,1073.365,2,4,compressed_ring_ar
1778541930.459873,18,43,0.994011,98.33,369.035,1299.587,2,4,compressed_ring_ar
1778541931.8233073,18,44,0.934029,97.06,222.253,1314.01,2,4,compressed_ring_ar
1778541933.1060991,18,45,1.092867,102.71,209.02,1240.713,2,4,compressed_ring_ar
1778541934.4011273,18,46,0.981026,102.05,222.61,1249.779,2,4,compressed_ring_ar
1778541935.7039301,18,47,1.017297,101.92,357.755,1251.516,2,4,compressed_ring_ar
1778541936.991378,18,48,1.017612,105.3,203.801,1209.919,2,4,compressed_ring_ar
1778541938.33476,18,49,0.986466,99.76,168.291,1280.644,2,4,compressed_ring_ar
1778541939.8882992,18,50,0.951762,85.23,439.56,1498.142,2,4,compressed_ring_ar
1778541941.2216961,18,51,1.087801,102.11,205.977,1248.507,2,4,compressed_ring_ar
1778541942.5465918,18,52,0.965691,100.31,279.966,1271.243,2,4,compressed_ring_ar
1778541943.7811763,18,53,0.926753,109.46,287.708,1164.663,2,4,compressed_ring_ar
1778541945.1230502,18,54,1.119676,99.28,325.266,1288.023,2,4,compressed_ring_ar
1778541946.468835,18,55,1.102093,100.93,306.698,1263.554,2,4,compressed_ring_ar
1778541947.723787,18,56,1.125194,105.56,315.491,1210.38,2,4,compressed_ring_ar
1778541949.1518133,18,57,1.070598,92.26,386.418,1383.625,2,4,compressed_ring_ar
1778541950.4462774,18,58,0.999521,102.1,220.211,1248.025,2,4,compressed_ring_ar
1778541951.7560556,18,59,1.140513,101.36,280.714,1261.162,2,4,compressed_ring_ar
1778541952.9870412,18,60,1.130614,109.43,214.302,1165.074,2,4,compressed_ring_ar
1778541954.261149,18,61,1.056664,104.22,252.798,1223.368,2,4,compressed_ring_ar
1778541955.6369293,18,62,1.027874,96.66,240.132,1318.07,2,4,compressed_ring_ar
1778541956.7745948,18,63,1.10324,116.04,206.154,1098.062,2,4,compressed_ring_ar
1778541958.026451,18,64,0.956151,105.24,344.426,1214.92,2,4,compressed_ring_ar
1778541959.4213822,18,65,1.121258,95.87,197.987,1333.758,2,4,compressed_ring_ar
1778541960.8562665,18,66,1.065612,91.85,203.423,1392.184,2,4,compressed_ring_ar
1778541962.1777256,18,67,1.202095,100.39,317.573,1271.204,2,4,compressed_ring_ar
1778541963.4397802,18,68,1.021644,107.27,348.704,1188.704,2,4,compressed_ring_ar
1778541964.6013386,18,69,0.980653,114.0,191.114,1117.515,2,4,compressed_ring_ar
1778541965.9138658,18,70,1.197208,100.84,213.127,1267.339,2,4,compressed_ring_ar
1778541967.1951454,18,71,1.008857,103.56,332.349,1232.252,2,4,compressed_ring_ar
1778541968.5988872,18,72,1.161783,94.33,207.393,1352.155,2,4,compressed_ring_ar
1778541969.880408,18,73,1.190258,102.7,467.543,1245.181,2,4,compressed_ring_ar
1778541971.2307007,18,74,1.194543,99.33,232.854,1284.086,2,4,compressed_ring_ar
1778541972.488598,18,75,1.049631,106.47,181.721,1201.063,2,4,compressed_ring_ar
1778541973.8967755,18,76,1.261772,95.43,360.167,1334.664,2,4,compressed_ring_ar
1778541975.2821357,18,77,0.988154,95.51,231.283,1339.208,2,4,compressed_ring_ar
1778541976.8810651,18,78,1.078767,83.4,432.201,1532.996,2,4,compressed_ring_ar
1778541978.2917418,18,79,1.025892,94.25,317.57,1349.367,2,4,compressed_ring_ar
1778541979.559806,18,80,0.994567,104.54,192.394,1220.004,2,4,compressed_ring_ar
1778541980.9839025,18,81,1.115605,93.07,216.472,1370.872,2,4,compressed_ring_ar
1778541982.3217704,18,82,0.987,99.72,260.033,1273.724,2,4,compressed_ring_ar
1778541983.4808152,18,83,1.155965,114.75,203.347,1114.011,2,4,compressed_ring_ar
1778541984.9447172,18,84,1.073738,90.49,427.415,1410.018,2,4,compressed_ring_ar
1778541986.1962872,18,85,1.075004,107.04,204.551,1194.487,2,4,compressed_ring_ar
1778541987.6299517,18,86,1.142195,92.68,223.629,1379.984,2,4,compressed_ring_ar
1778541989.0853975,18,87,0.99582,91.52,198.976,1396.277,2,4,compressed_ring_ar
1778541990.6118124,18,88,1.129723,86.56,644.171,1471.541,2,4,compressed_ring_ar
1778541991.9269865,18,89,1.249435,100.77,355.974,1269.008,2,4,compressed_ring_ar
1778541993.1065967,18,90,1.178065,115.37,217.904,1103.844,2,4,compressed_ring_ar
1778541994.4541433,18,91,0.875539,97.85,375.263,1304.201,2,4,compressed_ring_ar
1778541995.7158237,18,92,1.203803,104.59,196.322,1219.998,2,4,compressed_ring_ar
1778541997.0182521,18,93,1.100817,101.02,176.24,1264.201,2,4,compressed_ring_ar
1778541998.226202,18,94,1.003876,110.13,298.868,1161.065,2,4,compressed_ring_ar
1778541999.668384,18,95,1.241526,93.19,418.687,1369.847,2,4,compressed_ring_ar
1778542001.0473585,18,96,1.014159,95.69,215.318,1332.955,2,4,compressed_ring_ar
1778542002.2043378,18,97,1.119885,76.39,207.652,1092.814,2,4,compressed_ring_ar
1778542013.842797,19,0,1.102595,88.5,215.21,1444.882,2,4,compressed_ring_ar
1778542015.3141208,19,1,1.044834,89.1,314.277,1435.17,2,4,compressed_ring_ar
1778542016.7101138,19,2,0.991716,94.64,285.445,1348.419,2,4,compressed_ring_ar
1778542018.0373955,19,3,0.959664,100.0,232.955,1274.224,2,4,compressed_ring_ar
1778542019.310551,19,4,0.957444,104.62,334.865,1219.043,2,4,compressed_ring_ar
1778542020.5881817,19,5,1.118806,103.35,303.067,1233.599,2,4,compressed_ring_ar
1778542021.8106472,19,6,1.231468,109.44,268.298,1167.37,2,4,compressed_ring_ar
1778542023.1730137,19,7,1.072489,97.88,255.936,1304.825,2,4,compressed_ring_ar
1778542024.4754498,19,8,1.244409,101.59,278.203,1257.718,2,4,compressed_ring_ar
1778542025.9106429,19,9,0.973244,93.57,239.416,1363.725,2,4,compressed_ring_ar
1778542027.1591098,19,10,1.167121,105.47,183.173,1209.499,2,4,compressed_ring_ar
1778542028.571323,19,11,1.126856,94.35,202.964,1354.834,2,4,compressed_ring_ar
1778542029.9981706,19,12,1.20517,92.25,376.301,1381.653,2,4,compressed_ring_ar
1778542031.2490437,19,13,1.079978,106.27,462.388,1196.765,2,4,compressed_ring_ar
1778542032.752431,19,14,0.986758,87.72,247.955,1457.855,2,4,compressed_ring_ar
1778542033.9943364,19,15,0.96447,108.93,310.472,1171.068,2,4,compressed_ring_ar
1778542035.3295052,19,16,1.087853,99.25,340.834,1286.702,2,4,compressed_ring_ar
1778542036.659849,19,17,1.04724,100.53,257.736,1267.759,2,4,compressed_ring_ar
1778542037.9682982,19,18,1.189876,101.61,427.125,1259.291,2,4,compressed_ring_ar
1778542039.0381398,19,19,0.952376,128.08,260.812,993.483,2,4,compressed_ring_ar
1778542040.2119699,19,20,0.938363,113.66,339.013,1124.794,2,4,compressed_ring_ar
1778542041.7250009,19,21,1.274955,87.14,549.821,1467.604,2,4,compressed_ring_ar
1778542043.1497824,19,22,0.98685,92.76,201.206,1374.561,2,4,compressed_ring_ar
1778542044.4655917,19,23,0.918735,100.36,268.28,1269.269,2,4,compressed_ring_ar
1778542045.9254372,19,24,1.069191,90.41,415.553,1413.576,2,4,compressed_ring_ar
1778542047.273382,19,25,1.061085,98.45,229.784,1294.905,2,4,compressed_ring_ar
1778542048.5476713,19,26,1.065117,103.29,298.094,1234.445,2,4,compressed_ring_ar
1778542049.90493,19,27,1.090891,97.52,181.72,1309.833,2,4,compressed_ring_ar
1778542051.375574,19,28,0.870385,89.4,644.663,1429.451,2,4,compressed_ring_ar
1778542052.758457,19,29,0.976146,95.71,241.492,1331.341,2,4,compressed_ring_ar
1778542054.0393133,19,30,0.967519,103.07,161.007,1238.979,2,4,compressed_ring_ar
1778542055.440068,19,31,1.012804,95.19,453.755,1343.374,2,4,compressed_ring_ar
1778542056.7579298,19,32,1.022525,102.3,223.477,1248.927,2,4,compressed_ring_ar
1778542058.2150397,19,33,1.048023,90.52,189.896,1406.293,2,4,compressed_ring_ar
1778542059.474947,19,34,1.115867,104.67,313.611,1221.527,2,4,compressed_ring_ar
1778542060.8434503,19,35,0.899527,96.79,221.1,1315.336,2,4,compressed_ring_ar
1778542062.2003932,19,36,1.086898,97.62,246.394,1306.712,2,4,compressed_ring_ar
1778542063.4769514,19,37,1.259687,104.93,239.151,1215.035,2,4,compressed_ring_ar
1778542064.6778247,19,38,1.012036,111.05,203.844,1151.266,2,4,compressed_ring_ar
1778542066.130732,19,39,1.046849,91.31,351.014,1397.22,2,4,compressed_ring_ar
1778542067.602359,19,40,1.192852,89.08,316.719,1435.807,2,4,compressed_ring_ar
1778542068.8766146,19,41,1.026453,109.38,182.94,1165.737,2,4,compressed_ring_ar
1778542070.106359,19,42,1.065454,107.83,380.504,1184.428,2,4,compressed_ring_ar
1778542071.4412181,19,43,0.986383,99.22,230.431,1285.389,2,4,compressed_ring_ar
1778542072.7712674,19,44,1.143736,100.55,220.16,1268.034,2,4,compressed_ring_ar
1778542074.1289215,19,45,1.006063,96.99,254.329,1313.418,2,4,compressed_ring_ar
1778542075.426109,19,46,1.030688,102.65,181.209,1244.997,2,4,compressed_ring_ar
1778542076.7086997,19,47,1.101751,103.56,302.834,1234.877,2,4,compressed_ring_ar
1778542078.2053936,19,48,0.899101,90.11,484.523,1415.634,2,4,compressed_ring_ar
1778542079.4231913,19,49,1.069334,112.41,212.036,1137.962,2,4,compressed_ring_ar
1778542080.7730267,19,50,1.092823,97.96,227.736,1304.195,2,4,compressed_ring_ar
1778542082.1014593,19,51,0.878567,101.06,213.783,1257.685,2,4,compressed_ring_ar
1778542083.4040382,19,52,1.192055,105.92,210.586,1203.165,2,4,compressed_ring_ar
1778542084.7171113,19,53,0.972305,100.73,327.667,1266.864,2,4,compressed_ring_ar
1778542086.0058637,19,54,0.991129,102.65,217.247,1242.352,2,4,compressed_ring_ar
1778542087.4834836,19,55,1.041456,89.57,222.445,1427.594,2,4,compressed_ring_ar
1778542088.9664829,19,56,1.038703,89.39,315.401,1431.181,2,4,compressed_ring_ar
1778542090.1585793,19,57,1.057838,115.54,205.267,1103.621,2,4,compressed_ring_ar
1778542091.48329,19,58,1.038345,101.13,215.952,1260.802,2,4,compressed_ring_ar
1778542092.7192218,19,59,1.1173,109.89,222.355,1159.792,2,4,compressed_ring_ar
1778542094.0828118,19,60,1.246012,96.82,285.816,1314.874,2,4,compressed_ring_ar
1778542095.4570384,19,61,1.035999,95.89,358.976,1332.813,2,4,compressed_ring_ar
1778542096.6615288,19,62,1.177765,111.2,386.532,1149.736,2,4,compressed_ring_ar
1778542098.0813317,19,63,1.081552,92.92,196.399,1372.892,2,4,compressed_ring_ar
1778542099.378625,19,64,1.046292,102.67,213.28,1241.904,2,4,compressed_ring_ar
1778542100.6582031,19,65,1.044975,103.07,230.322,1237.198,2,4,compressed_ring_ar
1778542101.9268777,19,66,1.069579,105.06,200.666,1215.945,2,4,compressed_ring_ar
1778542103.2893648,19,67,1.034451,97.24,366.007,1310.635,2,4,compressed_ring_ar
1778542104.5139906,19,68,1.185442,108.02,185.101,1178.494,2,4,compressed_ring_ar
1778542105.773291,19,69,1.023542,104.4,212.978,1224.747,2,4,compressed_ring_ar
1778542107.1361659,19,70,1.014229,96.79,394.397,1316.44,2,4,compressed_ring_ar
1778542108.5079143,19,71,1.038521,96.02,443.093,1326.761,2,4,compressed_ring_ar
1778542109.7976367,19,72,1.204984,102.65,295.524,1242.231,2,4,compressed_ring_ar
1778542111.254288,19,73,1.024788,90.77,246.595,1405.214,2,4,compressed_ring_ar
1778542112.4768267,19,74,0.893119,112.5,220.668,1136.415,2,4,compressed_ring_ar
1778542113.9692683,19,75,1.129424,88.67,289.216,1441.135,2,4,compressed_ring_ar
1778542115.3173177,19,76,1.029444,98.05,228.263,1299.75,2,4,compressed_ring_ar
1778542116.6301112,19,77,1.164691,100.3,187.284,1271.521,2,4,compressed_ring_ar
1778542117.8213007,19,78,1.038477,111.91,399.412,1136.631,2,4,compressed_ring_ar
1778542119.1930687,19,79,1.154198,96.16,216.167,1323.863,2,4,compressed_ring_ar
1778542120.5125387,19,80,0.974722,99.64,229.093,1280.74,2,4,compressed_ring_ar
1778542121.8204205,19,81,1.045346,101.56,200.646,1258.943,2,4,compressed_ring_ar
1778542123.5028985,19,82,1.042158,78.16,777.979,1633.483,2,4,compressed_ring_ar
1778542124.9147117,19,83,1.189746,96.6,213.613,1323.954,2,4,compressed_ring_ar
1778542126.152224,19,84,1.165717,110.36,233.001,1158.779,2,4,compressed_ring_ar
1778542127.3323061,19,85,1.019258,115.85,220.161,1100.31,2,4,compressed_ring_ar
1778542128.5767121,19,86,1.113796,105.75,375.798,1202.619,2,4,compressed_ring_ar
1778542129.8235857,19,87,1.102647,106.13,209.214,1202.636,2,4,compressed_ring_ar
1778542131.117526,19,88,1.031684,102.37,219.013,1245.693,2,4,compressed_ring_ar
1778542132.5876546,19,89,1.026907,89.65,213.716,1426.316,2,4,compressed_ring_ar
1778542133.9729674,19,90,0.903342,96.35,203.51,1327.161,2,4,compressed_ring_ar
1778542135.412029,19,91,1.012891,92.18,198.097,1383.605,2,4,compressed_ring_ar
1778542136.8633888,19,92,1.021461,90.42,442.062,1409.992,2,4,compressed_ring_ar
1778542138.184166,19,93,1.022372,100.25,386.64,1271.675,2,4,compressed_ring_ar
1778542139.3652096,19,94,1.06387,111.74,293.599,1140.335,2,4,compressed_ring_ar
1778542140.5956302,19,95,1.21251,107.59,256.614,1184.017,2,4,compressed_ring_ar
1778542142.0066698,19,96,1.032714,93.14,278.313,1372.822,2,4,compressed_ring_ar
1778542143.3424082,19,97,1.195171,64.2,434.434,1301.884,2,4,compressed_ring_ar
1778542155.1954439,20,0,1.025071,75.83,247.788,1686.872,2,4,compressed_ring_ar
1778542156.4172647,20,1,1.014371,111.25,184.435,1144.179,2,4,compressed_ring_ar
1778542157.6890447,20,2,1.000986,105.98,211.948,1199.907,2,4,compressed_ring_ar
1778542158.9164157,20,3,0.92923,108.54,238.678,1175.262,2,4,compressed_ring_ar
1778542160.163745,20,4,1.224926,106.04,247.358,1202.942,2,4,compressed_ring_ar
1778542161.5035374,20,5,1.135882,98.47,248.432,1292.386,2,4,compressed_ring_ar
1778542162.7063198,20,6,0.959251,112.58,199.512,1135.94,2,4,compressed_ring_ar
1778542164.1168723,20,7,1.059841,94.6,313.912,1346.528,2,4,compressed_ring_ar
1778542165.5820563,20,8,0.933799,90.46,306.476,1408.24,2,4,compressed_ring_ar
1778542166.8762894,20,9,0.934733,102.34,190.398,1249.061,2,4,compressed_ring_ar
1778542168.3511271,20,10,0.927483,89.52,417.887,1423.973,2,4,compressed_ring_ar
1778542169.5096965,20,11,1.113481,115.88,305.07,1099.858,2,4,compressed_ring_ar
1778542170.7486413,20,12,1.067462,106.9,232.24,1193.394,2,4,compressed_ring_ar
1778542172.0661325,20,13,1.011856,101.5,244.678,1256.455,2,4,compressed_ring_ar
1778542173.4874496,20,14,0.928006,92.86,297.519,1372.462,2,4,compressed_ring_ar
1778542174.7493055,20,15,0.973957,105.58,168.614,1208.743,2,4,compressed_ring_ar
1778542176.3010747,20,16,1.067035,85.43,241.891,1494.022,2,4,compressed_ring_ar
1778542177.615273,20,17,1.101121,101.08,184.127,1261.195,2,4,compressed_ring_ar
1778542178.9115238,20,18,1.124652,102.3,365.785,1249.153,2,4,compressed_ring_ar
1778542180.2058525,20,19,1.009293,102.5,204.759,1243.202,2,4,compressed_ring_ar
1778542181.4912102,20,20,1.189202,102.61,371.119,1240.42,2,4,compressed_ring_ar
1778542182.975038,20,21,1.060854,90.53,279.335,1413.019,2,4,compressed_ring_ar
1778542184.260191,20,22,1.020938,105.06,230.418,1215.962,2,4,compressed_ring_ar
1778542185.6250916,20,23,1.069639,97.56,404.414,1307.338,2,4,compressed_ring_ar
1778542187.1159656,20,24,1.066552,88.48,353.214,1445.354,2,4,compressed_ring_ar
1778542188.2690825,20,25,0.940456,118.07,225.656,1078.929,2,4,compressed_ring_ar
1778542189.5167727,20,26,1.090166,106.08,352.774,1205.213,2,4,compressed_ring_ar
1778542191.0536578,20,27,1.282082,85.6,210.187,1493.873,2,4,compressed_ring_ar
1778542192.505835,20,28,1.005076,91.4,197.103,1396.595,2,4,compressed_ring_ar
1778542194.1175807,20,29,1.075838,81.53,276.019,1568.444,2,4,compressed_ring_ar
1778542195.5027003,20,30,0.994107,96.14,211.123,1330.041,2,4,compressed_ring_ar
1778542197.0074823,20,31,1.01489,88.11,207.828,1443.881,2,4,compressed_ring_ar
1778542198.4943352,20,32,1.008476,88.21,213.012,1450.794,2,4,compressed_ring_ar
1778542199.919077,20,33,1.187636,94.63,226.03,1348.903,2,4,compressed_ring_ar
1778542201.266378,20,34,1.001688,98.18,207.655,1301.99,2,4,compressed_ring_ar
1778542202.6301935,20,35,0.989594,96.8,264.824,1320.86,2,4,compressed_ring_ar
1778542204.001788,20,36,1.218083,96.73,214.541,1321.23,2,4,compressed_ring_ar
1778542205.421504,20,37,1.026246,93.19,295.587,1368.56,2,4,compressed_ring_ar
1778542206.5344915,20,38,0.987238,121.28,269.193,1053.945,2,4,compressed_ring_ar
1778542207.8991814,20,39,1.171926,97.38,255.328,1310.61,2,4,compressed_ring_ar
1778542209.265715,20,40,1.043778,96.81,330.59,1320.917,2,4,compressed_ring_ar
1778542210.7062387,20,41,1.048972,92.52,205.033,1382.074,2,4,compressed_ring_ar
1778542212.0656717,20,42,1.098456,97.07,210.277,1317.309,2,4,compressed_ring_ar
1778542213.7588575,20,43,1.077385,77.64,235.449,1643.611,2,4,compressed_ring_ar
1778542214.9422562,20,44,1.108858,116.81,216.455,1090.858,2,4,compressed_ring_ar
1778542216.212305,20,45,1.272216,104.31,332.746,1225.697,2,4,compressed_ring_ar
1778542217.5639,20,46,1.029938,98.03,337.811,1300.845,2,4,compressed_ring_ar
1778542218.857288,20,47,0.999916,103.31,180.469,1234.51,2,4,compressed_ring_ar
1778542220.1426837,20,48,1.12077,104.01,216.937,1227.491,2,4,compressed_ring_ar
1778542221.469406,20,49,1.203922,100.49,393.916,1268.197,2,4,compressed_ring_ar
1778542222.6664305,20,50,1.204808,110.36,324.883,1158.604,2,4,compressed_ring_ar
1778542223.9954207,20,51,1.10776,99.71,353.346,1281.817,2,4,compressed_ring_ar
1778542225.2722921,20,52,1.247382,103.63,386.792,1230.138,2,4,compressed_ring_ar
1778542226.5282552,20,53,1.229768,104.84,248.818,1215.461,2,4,compressed_ring_ar
1778542227.8208146,20,54,1.077403,102.8,380.557,1240.833,2,4,compressed_ring_ar
1778542229.3064606,20,55,1.20757,88.92,367.107,1430.332,2,4,compressed_ring_ar
1778542230.521824,20,56,1.124396,108.49,189.742,1176.005,2,4,compressed_ring_ar
1778542231.9251523,20,57,1.001449,95.15,236.285,1340.421,2,4,compressed_ring_ar
1778542233.2543383,20,58,1.027081,99.66,326.895,1282.956,2,4,compressed_ring_ar
1778542234.6291192,20,59,0.990059,96.59,222.061,1320.451,2,4,compressed_ring_ar
1778542235.9934955,20,60,0.93989,96.52,220.056,1322.317,2,4,compressed_ring_ar
1778542237.2457492,20,61,1.044544,105.69,178.759,1209.096,2,4,compressed_ring_ar
1778542238.6211154,20,62,1.068241,96.24,420.821,1325.137,2,4,compressed_ring_ar
1778542240.00441,20,63,1.064352,96.05,210.215,1327.694,2,4,compressed_ring_ar
1778542241.3606782,20,64,1.03518,97.11,234.026,1310.126,2,4,compressed_ring_ar
1778542242.7511365,20,65,1.046891,95.34,250.977,1336.056,2,4,compressed_ring_ar
1778542244.0990963,20,66,1.105999,98.23,234.864,1299.39,2,4,compressed_ring_ar
1778542245.3545218,20,67,1.038456,105.75,199.826,1209.024,2,4,compressed_ring_ar
1778542246.793926,20,68,0.924719,92.44,183.973,1380.181,2,4,compressed_ring_ar
1778542248.1545825,20,69,0.957803,96.72,205.214,1319.45,2,4,compressed_ring_ar
1778542249.5236573,20,70,0.988385,96.29,276.928,1325.419,2,4,compressed_ring_ar
1778542251.0887477,20,71,1.058727,84.44,240.054,1506.609,2,4,compressed_ring_ar
1778542252.4457922,20,72,1.045642,97.48,222.094,1310.028,2,4,compressed_ring_ar
1778542253.8945503,20,73,1.169346,91.21,201.694,1395.715,2,4,compressed_ring_ar
1778542255.0855772,20,74,1.025409,111.84,237.09,1140.025,2,4,compressed_ring_ar
1778542256.5079944,20,75,1.032687,92.54,195.452,1377.497,2,4,compressed_ring_ar
1778542257.7738938,20,76,1.232221,104.06,277.39,1225.999,2,4,compressed_ring_ar
1778542259.0866337,20,77,0.878454,100.67,219.079,1266.692,2,4,compressed_ring_ar
1778542260.3336377,20,78,1.165406,106.55,189.384,1197.402,2,4,compressed_ring_ar
1778542261.6061168,20,79,0.992487,103.49,215.899,1233.981,2,4,compressed_ring_ar
1778542262.9517517,20,80,1.028176,98.82,726.055,1293.045,2,4,compressed_ring_ar
1778542264.3667011,20,81,0.974259,93.6,428.984,1364.069,2,4,compressed_ring_ar
1778542265.7971094,20,82,1.140011,93.02,420.654,1374.698,2,4,compressed_ring_ar
1778542267.1192496,20,83,1.074963,99.93,216.938,1279.227,2,4,compressed_ring_ar
1778542268.5293336,20,84,1.088604,94.61,275.936,1345.63,2,4,compressed_ring_ar
1778542269.7840657,20,85,1.129114,105.35,270.891,1210.174,2,4,compressed_ring_ar
1778542270.8641717,20,86,1.002512,129.72,146.531,984.234,2,4,compressed_ring_ar
1778542272.1981542,20,87,0.991339,100.33,208.308,1269.311,2,4,compressed_ring_ar
1778542273.6825304,20,88,1.249696,89.05,264.743,1435.762,2,4,compressed_ring_ar
1778542275.0385017,20,89,1.261958,100.27,292.2,1269.669,2,4,compressed_ring_ar
1778542276.3081677,20,90,1.115626,105.39,229.648,1213.813,2,4,compressed_ring_ar
1778542277.62382,20,91,1.128828,102.81,179.64,1242.581,2,4,compressed_ring_ar
1778542279.1139657,20,92,1.01323,88.17,409.988,1447.739,2,4,compressed_ring_ar
1778542280.4605913,20,93,1.096659,99.31,174.997,1287.48,2,4,compressed_ring_ar
1778542281.816478,20,94,1.058146,98.64,279.653,1293.147,2,4,compressed_ring_ar
1778542283.1590817,20,95,1.070877,98.44,235.353,1293.951,2,4,compressed_ring_ar
1778542284.345265,20,96,1.024448,111.49,170.327,1143.169,2,4,compressed_ring_ar
1778542285.6753688,20,97,1.036463,64.52,458.481,1294.386,2,4,compressed_ring_ar
