timestamp,epoch,iteration,loss,throughput_samp_s,comm_latency_ms,iter_time_ms,rank,world_size,arch
1778536653.2868686,1,0,2.392778,55.75,491.618,2295.384,1,4,compressed_ring_ar
1778536654.8476973,1,1,2.33943,87.02,201.266,1470.15,1,4,compressed_ring_ar
1778536656.3160124,1,2,2.278325,90.01,209.446,1417.69,1,4,compressed_ring_ar
1778536657.6415403,1,3,2.305347,99.93,196.442,1279.469,1,4,compressed_ring_ar
1778536659.049784,1,4,2.352263,93.63,186.141,1364.549,1,4,compressed_ring_ar
1778536660.4939764,1,5,2.279438,91.71,459.742,1392.468,1,4,compressed_ring_ar
1778536661.8796468,1,6,2.265877,94.95,199.054,1343.248,1,4,compressed_ring_ar
1778536663.1898024,1,7,2.206901,101.86,178.553,1254.764,1,4,compressed_ring_ar
1778536664.6557522,1,8,2.237033,91.5,481.335,1397.704,1,4,compressed_ring_ar
1778536666.0926664,1,9,2.210092,91.96,206.386,1390.519,1,4,compressed_ring_ar
1778536667.5808132,1,10,2.282027,88.66,197.203,1439.21,1,4,compressed_ring_ar
1778536668.824469,1,11,2.251258,106.17,232.106,1203.519,1,4,compressed_ring_ar
1778536670.1216931,1,12,2.172748,102.93,216.558,1242.597,1,4,compressed_ring_ar
1778536671.5321097,1,13,2.249439,97.23,194.901,1314.516,1,4,compressed_ring_ar
1778536672.7794302,1,14,2.198987,107.08,155.409,1194.051,1,4,compressed_ring_ar
1778536674.1819875,1,15,2.20045,97.53,387.722,1309.036,1,4,compressed_ring_ar
1778536675.4930735,1,16,2.215168,101.57,188.547,1258.929,1,4,compressed_ring_ar
1778536676.8915236,1,17,2.094072,95.5,474.885,1336.166,1,4,compressed_ring_ar
1778536678.1928716,1,18,2.273139,101.53,395.529,1256.796,1,4,compressed_ring_ar
1778536679.5513663,1,19,2.193362,98.15,197.306,1302.448,1,4,compressed_ring_ar
1778536681.0663173,1,20,2.127908,89.02,408.396,1430.089,1,4,compressed_ring_ar
1778536682.1480203,1,21,2.149598,124.67,182.996,1022.192,1,4,compressed_ring_ar
1778536683.538074,1,22,2.184054,94.96,189.871,1346.877,1,4,compressed_ring_ar
1778536684.7969651,1,23,2.239791,106.86,299.835,1195.963,1,4,compressed_ring_ar
1778536686.084793,1,24,2.009868,105.33,299.976,1213.239,1,4,compressed_ring_ar
1778536687.493851,1,25,2.055017,94.91,562.656,1344.797,1,4,compressed_ring_ar
1778536688.8671107,1,26,2.069021,95.78,250.535,1332.819,1,4,compressed_ring_ar
1778536690.2718568,1,27,1.959754,95.44,225.893,1336.306,1,4,compressed_ring_ar
1778536691.4957557,1,28,2.059913,107.97,194.608,1181.394,1,4,compressed_ring_ar
1778536692.76785,1,29,1.95865,104.43,282.41,1220.856,1,4,compressed_ring_ar
1778536694.0586083,1,30,2.184996,102.94,225.097,1242.457,1,4,compressed_ring_ar
1778536695.3598742,1,31,1.916967,103.88,375.168,1230.225,1,4,compressed_ring_ar
1778536696.6028285,1,32,1.848579,107.18,238.38,1189.825,1,4,compressed_ring_ar
1778536697.7891567,1,33,1.975314,114.06,201.051,1120.086,1,4,compressed_ring_ar
1778536699.3043354,1,34,1.901021,88.93,476.586,1434.658,1,4,compressed_ring_ar
1778536700.6484077,1,35,2.051857,100.53,201.83,1269.326,1,4,compressed_ring_ar
1778536701.8936818,1,36,1.894047,106.78,215.007,1194.856,1,4,compressed_ring_ar
1778536703.2155032,1,37,1.987174,100.54,180.988,1269.304,1,4,compressed_ring_ar
1778536704.5546827,1,38,1.924289,102.92,342.835,1240.427,1,4,compressed_ring_ar
1778536705.9061766,1,39,1.94792,97.79,212.92,1304.356,1,4,compressed_ring_ar
1778536707.1830063,1,40,2.053122,103.23,189.038,1235.775,1,4,compressed_ring_ar
1778536708.5299575,1,41,1.877794,98.04,281.522,1301.196,1,4,compressed_ring_ar
1778536709.8164582,1,42,1.865487,103.27,219.869,1234.927,1,4,compressed_ring_ar
1778536711.093426,1,43,1.901768,103.57,191.679,1234.865,1,4,compressed_ring_ar
1778536712.4736648,1,44,1.942631,97.09,387.098,1312.712,1,4,compressed_ring_ar
1778536713.590233,1,45,1.827903,119.45,275.049,1070.298,1,4,compressed_ring_ar
1778536715.0515068,1,46,1.905483,90.96,392.565,1402.815,1,4,compressed_ring_ar
1778536716.0857663,1,47,1.91021,128.23,321.808,996.947,1,4,compressed_ring_ar
1778536717.3868258,1,48,1.820048,103.98,408.213,1229.678,1,4,compressed_ring_ar
1778536718.743803,1,49,1.787208,97.45,196.034,1311.02,1,4,compressed_ring_ar
1778536720.1591742,1,50,1.877936,93.85,203.046,1359.007,1,4,compressed_ring_ar
1778536721.3268049,1,51,1.840575,114.17,171.751,1119.972,1,4,compressed_ring_ar
1778536722.7017684,1,52,1.882247,98.26,373.384,1298.595,1,4,compressed_ring_ar
1778536723.891517,1,53,1.920167,111.5,218.37,1146.454,1,4,compressed_ring_ar
1778536725.292894,1,54,1.753842,95.1,380.722,1344.483,1,4,compressed_ring_ar
1778536726.597837,1,55,1.7937,101.76,197.113,1253.054,1,4,compressed_ring_ar
1778536727.8380353,1,56,1.698967,106.32,229.517,1199.842,1,4,compressed_ring_ar
1778536729.3518026,1,57,1.992025,87.97,314.646,1450.791,1,4,compressed_ring_ar
1778536730.7815228,1,58,1.776449,96.11,252.407,1327.933,1,4,compressed_ring_ar
1778536732.1840434,1,59,1.759523,94.87,224.25,1347.896,1,4,compressed_ring_ar
1778536733.5587225,1,60,1.76659,97.85,238.924,1302.411,1,4,compressed_ring_ar
1778536734.8403087,1,61,1.901598,104.62,214.168,1218.809,1,4,compressed_ring_ar
1778536736.044452,1,62,1.776575,110.25,210.425,1158.424,1,4,compressed_ring_ar
1778536737.4373024,1,63,1.834652,94.43,463.964,1349.325,1,4,compressed_ring_ar
1778536738.6812003,1,64,1.735203,107.08,330.526,1194.098,1,4,compressed_ring_ar
1778536740.164965,1,65,1.76961,89.34,238.153,1428.625,1,4,compressed_ring_ar
1778536741.4783285,1,66,1.756687,100.66,141.703,1269.994,1,4,compressed_ring_ar
1778536742.8841052,1,67,1.650162,94.53,494.229,1349.507,1,4,compressed_ring_ar
1778536744.1535053,1,68,1.72333,105.12,313.543,1213.794,1,4,compressed_ring_ar
1778536745.6256924,1,69,1.682026,89.54,223.156,1424.915,1,4,compressed_ring_ar
1778536746.9905055,1,70,1.639445,96.95,210.371,1318.963,1,4,compressed_ring_ar
1778536748.3350248,1,71,1.887197,101.09,287.757,1260.029,1,4,compressed_ring_ar
1778536749.626158,1,72,1.698475,102.45,269.399,1245.466,1,4,compressed_ring_ar
1778536750.891614,1,73,1.875319,104.6,208.218,1217.231,1,4,compressed_ring_ar
1778536752.1359637,1,74,1.688461,109.02,145.367,1171.798,1,4,compressed_ring_ar
1778536753.6434972,1,75,1.747897,87.43,449.194,1457.696,1,4,compressed_ring_ar
1778536754.7048042,1,76,1.790545,130.09,217.74,981.609,1,4,compressed_ring_ar
1778536756.0541704,1,77,1.802603,98.09,341.684,1296.034,1,4,compressed_ring_ar
1778536757.4027123,1,78,1.799572,99.61,242.626,1280.443,1,4,compressed_ring_ar
1778536758.5067012,1,79,1.73818,124.92,142.129,1023.463,1,4,compressed_ring_ar
1778536759.7800548,1,80,1.92986,106.34,419.679,1201.359,1,4,compressed_ring_ar
1778536761.0910223,1,81,1.686741,101.88,478.814,1255.015,1,4,compressed_ring_ar
1778536762.5639746,1,82,1.842685,91.28,300.137,1397.784,1,4,compressed_ring_ar
1778536763.8578768,1,83,1.736305,102.4,176.249,1248.741,1,4,compressed_ring_ar
1778536765.3455205,1,84,1.73759,90.45,365.756,1411.532,1,4,compressed_ring_ar
1778536766.6113799,1,85,1.844552,105.79,214.494,1208.652,1,4,compressed_ring_ar
1778536767.9103608,1,86,1.766274,101.54,191.425,1256.117,1,4,compressed_ring_ar
1778536769.1126106,1,87,1.676266,110.27,306.334,1156.8,1,4,compressed_ring_ar
1778536770.4241188,1,88,1.642929,101.21,259.097,1257.421,1,4,compressed_ring_ar
1778536771.6649954,1,89,1.708358,106.86,197.876,1193.683,1,4,compressed_ring_ar
1778536772.978685,1,90,1.753408,100.84,235.113,1265.161,1,4,compressed_ring_ar
1778536774.2733855,1,91,1.602946,102.35,199.204,1247.886,1,4,compressed_ring_ar
1778536775.5312386,1,92,1.650414,105.48,266.367,1210.929,1,4,compressed_ring_ar
1778536776.8667717,1,93,1.721439,100.46,390.43,1272.592,1,4,compressed_ring_ar
1778536778.169539,1,94,1.693036,104.25,631.029,1226.51,1,4,compressed_ring_ar
1778536779.4681878,1,95,1.790881,102.39,388.904,1249.035,1,4,compressed_ring_ar
1778536780.8804262,1,96,1.761973,93.61,193.565,1364.747,1,4,compressed_ring_ar
1778536781.9639785,1,97,1.735778,79.49,315.592,1055.548,1,4,compressed_ring_ar
1778536794.018625,2,0,1.683051,88.42,164.292,1446.708,1,4,compressed_ring_ar
1778536795.4631102,2,1,1.636769,94.45,448.17,1350.069,1,4,compressed_ring_ar
1778536796.5880148,2,2,1.495481,118.28,143.554,1081.204,1,4,compressed_ring_ar
1778536797.9854782,2,3,1.583182,97.8,529.522,1308.113,1,4,compressed_ring_ar
1778536799.310795,2,4,1.671339,101.47,415.187,1259.209,1,4,compressed_ring_ar
1778536800.689003,2,5,1.554045,96.61,549.731,1323.273,1,4,compressed_ring_ar
1778536801.9525127,2,6,1.63789,105.44,302.06,1211.666,1,4,compressed_ring_ar
1778536803.3288815,2,7,1.689504,96.27,362.868,1323.0,1,4,compressed_ring_ar
1778536804.5985465,2,8,1.653604,104.93,349.467,1216.793,1,4,compressed_ring_ar
1778536805.9270575,2,9,1.588813,100.91,219.223,1264.614,1,4,compressed_ring_ar
1778536807.1821187,2,10,1.592676,105.61,314.126,1209.838,1,4,compressed_ring_ar
1778536808.5683966,2,11,1.695296,97.77,338.849,1308.292,1,4,compressed_ring_ar
1778536809.9069445,2,12,1.540925,102.84,372.93,1243.576,1,4,compressed_ring_ar
1778536811.3141851,2,13,1.643354,94.91,360.205,1342.076,1,4,compressed_ring_ar
1778536812.6204472,2,14,1.638525,101.31,224.803,1262.687,1,4,compressed_ring_ar
1778536813.9887693,2,15,1.720839,97.84,386.536,1303.144,1,4,compressed_ring_ar
1778536815.2824178,2,16,1.815578,102.3,196.618,1246.791,1,4,compressed_ring_ar
1778536816.5680914,2,17,1.580582,102.41,195.45,1243.954,1,4,compressed_ring_ar
1778536817.794054,2,18,1.622792,107.88,437.738,1176.512,1,4,compressed_ring_ar
1778536819.0810657,2,19,1.547979,102.83,223.173,1239.614,1,4,compressed_ring_ar
1778536820.4283657,2,20,1.653342,99.74,288.692,1280.355,1,4,compressed_ring_ar
1778536821.8193965,2,21,1.662502,94.62,392.973,1348.312,1,4,compressed_ring_ar
1778536823.2383206,2,22,1.601542,93.16,261.69,1366.588,1,4,compressed_ring_ar
1778536824.5672255,2,23,1.641898,101.11,166.206,1256.359,1,4,compressed_ring_ar
1778536825.7474608,2,24,1.61569,111.9,191.654,1139.568,1,4,compressed_ring_ar
1778536827.061429,2,25,1.503159,100.78,222.531,1268.218,1,4,compressed_ring_ar
1778536828.2238407,2,26,1.692006,117.75,360.009,1085.855,1,4,compressed_ring_ar
1778536829.5234993,2,27,1.65723,102.61,200.437,1243.481,1,4,compressed_ring_ar
1778536830.7569492,2,28,1.679531,107.75,225.572,1186.061,1,4,compressed_ring_ar
1778536832.042733,2,29,1.624088,103.38,156.1,1236.752,1,4,compressed_ring_ar
1778536833.3387592,2,30,1.63078,102.54,420.417,1241.821,1,4,compressed_ring_ar
1778536834.639738,2,31,1.501668,102.88,306.976,1237.081,1,4,compressed_ring_ar
1778536835.8484952,2,32,1.64597,109.26,232.373,1165.306,1,4,compressed_ring_ar
1778536837.007259,2,33,1.6299,114.35,165.972,1116.747,1,4,compressed_ring_ar
1778536838.3034363,2,34,1.513827,103.37,224.82,1233.364,1,4,compressed_ring_ar
1778536839.6012652,2,35,1.572416,102.04,219.851,1246.066,1,4,compressed_ring_ar
1778536840.7673125,2,36,1.689636,113.63,204.968,1125.276,1,4,compressed_ring_ar
1778536842.1025712,2,37,1.609871,99.42,183.687,1286.248,1,4,compressed_ring_ar
1778536843.4954238,2,38,1.613362,95.01,465.522,1345.535,1,4,compressed_ring_ar
1778536844.8256617,2,39,1.46878,101.49,383.864,1256.559,1,4,compressed_ring_ar
1778536846.1297798,2,40,1.689257,102.13,259.557,1248.777,1,4,compressed_ring_ar
1778536847.437266,2,41,1.447542,101.17,232.331,1260.178,1,4,compressed_ring_ar
1778536848.628508,2,42,1.511323,111.41,208.415,1147.597,1,4,compressed_ring_ar
1778536850.0268304,2,43,1.607747,94.61,334.537,1349.233,1,4,compressed_ring_ar
1778536851.3184175,2,44,1.568577,102.96,291.5,1239.079,1,4,compressed_ring_ar
1778536852.6866136,2,45,1.448518,96.72,216.55,1322.038,1,4,compressed_ring_ar
1778536854.0899334,2,46,1.526268,94.94,192.858,1345.648,1,4,compressed_ring_ar
1778536855.4335911,2,47,1.53076,99.59,185.895,1283.902,1,4,compressed_ring_ar
1778536856.874926,2,48,1.605517,92.06,401.388,1383.839,1,4,compressed_ring_ar
1778536858.1917322,2,49,1.521526,100.23,253.082,1269.921,1,4,compressed_ring_ar
1778536859.4794593,2,50,1.589452,103.82,207.411,1231.521,1,4,compressed_ring_ar
1778536860.9409637,2,51,1.492546,91.34,322.849,1394.163,1,4,compressed_ring_ar
1778536862.1563425,2,52,1.382927,109.08,194.85,1171.064,1,4,compressed_ring_ar
1778536863.6128945,2,53,1.536136,92.25,235.85,1380.931,1,4,compressed_ring_ar
1778536865.1002839,2,54,1.61493,88.27,263.624,1444.629,1,4,compressed_ring_ar
1778536866.3789968,2,55,1.556681,103.48,215.287,1231.006,1,4,compressed_ring_ar
1778536867.5598183,2,56,1.531003,113.77,154.96,1123.775,1,4,compressed_ring_ar
1778536868.9500315,2,57,1.40751,94.97,358.401,1342.42,1,4,compressed_ring_ar
1778536870.2951913,2,58,1.638654,98.63,195.835,1291.096,1,4,compressed_ring_ar
1778536871.5797563,2,59,1.63546,103.38,296.154,1232.656,1,4,compressed_ring_ar
1778536872.9568317,2,60,1.502297,96.22,195.608,1329.006,1,4,compressed_ring_ar
1778536874.5026345,2,61,1.653931,86.36,284.057,1481.039,1,4,compressed_ring_ar
1778536875.8967104,2,62,1.574986,95.62,335.474,1334.209,1,4,compressed_ring_ar
1778536877.1488938,2,63,1.353561,105.86,312.444,1203.042,1,4,compressed_ring_ar
1778536878.439265,2,64,1.54924,102.93,296.989,1239.661,1,4,compressed_ring_ar
1778536879.7801023,2,65,1.550528,98.99,244.63,1291.693,1,4,compressed_ring_ar
1778536881.459009,2,66,1.69112,79.75,307.114,1598.274,1,4,compressed_ring_ar
1778536882.8094246,2,67,1.519237,99.05,250.592,1282.403,1,4,compressed_ring_ar
1778536884.0925696,2,68,1.388793,102.56,220.295,1246.644,1,4,compressed_ring_ar
1778536885.5580046,2,69,1.532123,90.1,293.286,1419.156,1,4,compressed_ring_ar
1778536886.9371102,2,70,1.464846,96.31,186.639,1324.226,1,4,compressed_ring_ar
1778536888.3026187,2,71,1.472124,99.1,229.824,1283.521,1,4,compressed_ring_ar
1778536889.7147822,2,72,1.584277,93.73,221.043,1363.353,1,4,compressed_ring_ar
1778536891.0938144,2,73,1.485369,96.08,238.2,1327.621,1,4,compressed_ring_ar
1778536892.6302466,2,74,1.495464,86.49,264.523,1477.911,1,4,compressed_ring_ar
1778536894.1926491,2,75,1.348745,84.79,408.61,1507.663,1,4,compressed_ring_ar
1778536895.7984176,2,76,1.367875,82.19,281.631,1555.935,1,4,compressed_ring_ar
1778536897.2668657,2,77,1.444057,91.13,415.285,1397.73,1,4,compressed_ring_ar
1778536898.6869044,2,78,1.511997,92.93,441.795,1375.197,1,4,compressed_ring_ar
1778536900.197907,2,79,1.600352,88.22,433.208,1446.423,1,4,compressed_ring_ar
1778536901.6056325,2,80,1.409863,93.91,197.882,1361.644,1,4,compressed_ring_ar
1778536903.0911727,2,81,1.557801,89.18,217.899,1429.042,1,4,compressed_ring_ar
1778536904.4670262,2,82,1.429053,96.38,305.351,1322.702,1,4,compressed_ring_ar
1778536905.8922482,2,83,1.533387,92.91,221.913,1373.303,1,4,compressed_ring_ar
1778536907.3366277,2,84,1.570773,91.23,203.95,1399.394,1,4,compressed_ring_ar
1778536908.6853716,2,85,1.509293,101.24,151.975,1261.647,1,4,compressed_ring_ar
1778536910.287517,2,86,1.505282,83.13,481.977,1530.428,1,4,compressed_ring_ar
1778536911.6209006,2,87,1.56685,99.71,250.608,1282.382,1,4,compressed_ring_ar
1778536913.253399,2,88,1.601133,81.29,440.603,1567.195,1,4,compressed_ring_ar
1778536914.6453767,2,89,1.547495,95.28,200.928,1341.619,1,4,compressed_ring_ar
1778536916.0002918,2,90,1.402703,98.49,222.683,1297.409,1,4,compressed_ring_ar
1778536917.3914707,2,91,1.573487,95.69,249.423,1330.698,1,4,compressed_ring_ar
1778536918.7955322,2,92,1.544388,96.88,242.37,1317.279,1,4,compressed_ring_ar
1778536920.1776323,2,93,1.488988,95.91,339.453,1328.531,1,4,compressed_ring_ar
1778536921.5399384,2,94,1.556502,97.33,195.562,1310.829,1,4,compressed_ring_ar
1778536922.8378706,2,95,1.419174,101.84,242.206,1252.12,1,4,compressed_ring_ar
1778536924.1236875,2,96,1.488413,102.56,216.13,1243.39,1,4,compressed_ring_ar
1778536925.339383,2,97,1.518815,70.59,216.777,1182.898,1,4,compressed_ring_ar
1778536936.9566877,3,0,1.525677,87.06,206.92,1468.939,1,4,compressed_ring_ar
1778536938.2944791,3,1,1.528372,100.04,193.763,1273.034,1,4,compressed_ring_ar
1778536939.6130378,3,2,1.570944,100.34,208.505,1271.884,1,4,compressed_ring_ar
1778536940.7807379,3,3,1.40512,114.19,250.045,1119.799,1,4,compressed_ring_ar
1778536942.1135907,3,4,1.591041,102.48,607.449,1246.71,1,4,compressed_ring_ar
1778536943.448943,3,5,1.487801,99.59,285.596,1284.273,1,4,compressed_ring_ar
1778536945.1040523,3,6,1.469913,80.38,540.935,1585.308,1,4,compressed_ring_ar
1778536946.2938654,3,7,1.656856,116.4,175.488,1097.223,1,4,compressed_ring_ar
1778536947.7528172,3,8,1.361637,92.44,563.491,1383.058,1,4,compressed_ring_ar
1778536949.0331907,3,9,1.542193,103.42,309.482,1233.504,1,4,compressed_ring_ar
1778536950.2866466,3,10,1.467124,106.16,238.774,1203.932,1,4,compressed_ring_ar
1778536951.654306,3,11,1.454953,97.69,213.524,1305.865,1,4,compressed_ring_ar
1778536952.9118495,3,12,1.384909,106.57,248.786,1197.169,1,4,compressed_ring_ar
1778536954.2029908,3,13,1.445885,102.37,235.569,1243.152,1,4,compressed_ring_ar
1778536955.4382963,3,14,1.484735,106.72,248.309,1198.036,1,4,compressed_ring_ar
1778536956.6566193,3,15,1.385211,108.92,202.693,1172.582,1,4,compressed_ring_ar
1778536957.9092727,3,16,1.482641,106.08,274.544,1205.323,1,4,compressed_ring_ar
1778536959.3249035,3,17,1.572313,93.3,191.661,1370.506,1,4,compressed_ring_ar
1778536960.6995366,3,18,1.426423,96.32,220.309,1323.252,1,4,compressed_ring_ar
1778536962.0866177,3,19,1.512101,98.77,316.241,1293.838,1,4,compressed_ring_ar
1778536963.3514955,3,20,1.480408,105.08,186.42,1211.742,1,4,compressed_ring_ar
1778536964.8207583,3,21,1.463266,90.53,210.261,1408.369,1,4,compressed_ring_ar
1778536966.1821747,3,22,1.499954,97.92,263.041,1302.263,1,4,compressed_ring_ar
1778536967.4402788,3,23,1.365002,105.39,212.974,1208.2,1,4,compressed_ring_ar
1778536968.717076,3,24,1.464381,104.49,188.18,1220.999,1,4,compressed_ring_ar
1778536970.0232005,3,25,1.365023,101.43,175.427,1257.459,1,4,compressed_ring_ar
1778536971.2633932,3,26,1.337692,106.63,237.431,1198.985,1,4,compressed_ring_ar
1778536972.7152529,3,27,1.56313,90.93,280.793,1400.864,1,4,compressed_ring_ar
1778536974.108893,3,28,1.402184,94.61,214.738,1345.887,1,4,compressed_ring_ar
1778536975.5611436,3,29,1.372157,91.64,254.364,1392.693,1,4,compressed_ring_ar
1778536976.827657,3,30,1.597896,109.64,197.347,1163.059,1,4,compressed_ring_ar
1778536978.143907,3,31,1.413502,101.27,219.826,1262.684,1,4,compressed_ring_ar
1778536979.4887743,3,32,1.554261,99.24,295.152,1286.042,1,4,compressed_ring_ar
1778536981.002645,3,33,1.511854,87.77,307.065,1457.023,1,4,compressed_ring_ar
1778536982.4903772,3,34,1.466517,94.24,242.192,1352.266,1,4,compressed_ring_ar
1778536983.851122,3,35,1.399644,98.54,234.47,1292.448,1,4,compressed_ring_ar
1778536985.1648767,3,36,1.352286,101.21,193.711,1259.256,1,4,compressed_ring_ar
1778536986.459501,3,37,1.455296,102.52,264.574,1247.454,1,4,compressed_ring_ar
1778536987.906525,3,38,1.396026,92.49,470.006,1376.695,1,4,compressed_ring_ar
1778536989.1192725,3,39,1.718467,108.61,283.166,1173.708,1,4,compressed_ring_ar
1778536990.5181034,3,40,1.442197,95.04,216.412,1342.251,1,4,compressed_ring_ar
1778536991.8507073,3,41,1.521182,99.04,243.32,1285.638,1,4,compressed_ring_ar
1778536993.1017346,3,42,1.431858,106.61,236.377,1199.394,1,4,compressed_ring_ar
1778536994.5163054,3,43,1.421984,93.16,345.133,1369.178,1,4,compressed_ring_ar
1778536995.9282706,3,44,1.514153,93.61,195.945,1362.79,1,4,compressed_ring_ar
1778536997.1779087,3,45,1.448253,106.71,178.988,1196.51,1,4,compressed_ring_ar
1778536998.4603977,3,46,1.421457,103.36,154.132,1237.14,1,4,compressed_ring_ar
1778536999.6846988,3,47,1.343495,112.12,340.465,1140.514,1,4,compressed_ring_ar
1778537000.953402,3,48,1.437515,106.02,202.175,1201.83,1,4,compressed_ring_ar
1778537002.202943,3,49,1.465415,105.78,201.795,1208.559,1,4,compressed_ring_ar
1778537003.6256876,3,50,1.4784,93.27,181.005,1370.391,1,4,compressed_ring_ar
1778537005.092788,3,51,1.543187,90.03,280.228,1416.369,1,4,compressed_ring_ar
1778537006.2179542,3,52,1.321285,118.01,361.834,1078.131,1,4,compressed_ring_ar
1778537007.5002835,3,53,1.521063,102.78,253.041,1239.212,1,4,compressed_ring_ar
1778537008.6913517,3,54,1.540176,111.46,242.469,1147.264,1,4,compressed_ring_ar
1778537010.0793183,3,55,1.415753,97.54,739.285,1311.039,1,4,compressed_ring_ar
1778537011.4641628,3,56,1.410296,95.73,201.157,1329.037,1,4,compressed_ring_ar
1778537012.7770965,3,57,1.360588,100.26,202.83,1272.593,1,4,compressed_ring_ar
1778537014.055179,3,58,1.596152,104.15,177.465,1226.549,1,4,compressed_ring_ar
1778537015.4040668,3,59,1.358185,97.67,206.606,1306.103,1,4,compressed_ring_ar
1778537016.5844307,3,60,1.464184,113.62,174.515,1125.296,1,4,compressed_ring_ar
1778537017.975955,3,61,1.381892,95.83,216.237,1334.366,1,4,compressed_ring_ar
1778537019.2866976,3,62,1.464224,101.67,325.961,1251.46,1,4,compressed_ring_ar
1778537020.6062257,3,63,1.301399,99.8,214.173,1281.278,1,4,compressed_ring_ar
1778537021.955053,3,64,1.291832,97.82,216.507,1304.112,1,4,compressed_ring_ar
1778537023.4105926,3,65,1.555832,90.41,294.822,1408.211,1,4,compressed_ring_ar
1778537024.7024522,3,66,1.307595,103.95,199.342,1224.39,1,4,compressed_ring_ar
1778537025.9474437,3,67,1.337173,106.95,261.333,1191.728,1,4,compressed_ring_ar
1778537027.2702487,3,68,1.446093,100.24,269.764,1272.322,1,4,compressed_ring_ar
1778537028.5630934,3,69,1.284673,102.31,288.79,1249.754,1,4,compressed_ring_ar
1778537030.086006,3,70,1.419101,86.72,320.991,1465.697,1,4,compressed_ring_ar
1778537031.227114,3,71,1.347106,115.93,140.629,1102.962,1,4,compressed_ring_ar
1778537032.7027826,3,72,1.402475,91.17,369.639,1399.761,1,4,compressed_ring_ar
1778537034.0354593,3,73,1.603817,99.71,203.482,1283.169,1,4,compressed_ring_ar
1778537035.5139494,3,74,1.499923,90.23,374.643,1417.175,1,4,compressed_ring_ar
1778537036.653453,3,75,1.553762,120.12,201.697,1058.332,1,4,compressed_ring_ar
1778537038.0266225,3,76,1.297369,96.8,317.929,1315.298,1,4,compressed_ring_ar
1778537039.2752085,3,77,1.272014,106.38,190.628,1202.272,1,4,compressed_ring_ar
1778537040.598706,3,78,1.584265,101.43,175.82,1260.607,1,4,compressed_ring_ar
1778537042.0267024,3,79,1.403871,92.8,453.151,1377.918,1,4,compressed_ring_ar
1778537043.3418956,3,80,1.265481,100.91,301.074,1262.96,1,4,compressed_ring_ar
1778537044.5482352,3,81,1.507498,111.98,232.74,1142.126,1,4,compressed_ring_ar
1778537045.823372,3,82,1.45375,106.25,236.246,1200.728,1,4,compressed_ring_ar
1778537047.1501224,3,83,1.403756,100.97,317.924,1258.868,1,4,compressed_ring_ar
1778537048.561778,3,84,1.480349,93.95,234.092,1357.18,1,4,compressed_ring_ar
1778537049.894535,3,85,1.43609,99.09,202.525,1284.237,1,4,compressed_ring_ar
1778537051.0717587,3,86,1.504817,113.69,210.314,1118.539,1,4,compressed_ring_ar
1778537052.4452457,3,87,1.372731,96.58,406.537,1318.193,1,4,compressed_ring_ar
1778537053.6853614,3,88,1.348075,106.52,190.532,1198.951,1,4,compressed_ring_ar
1778537054.9816144,3,89,1.419024,103.2,164.724,1238.356,1,4,compressed_ring_ar
1778537056.3588119,3,90,1.248055,96.44,259.267,1322.505,1,4,compressed_ring_ar
1778537057.7063513,3,91,1.289497,97.97,227.305,1300.171,1,4,compressed_ring_ar
1778537058.98579,3,92,1.317413,103.12,311.416,1239.821,1,4,compressed_ring_ar
1778537060.3149178,3,93,1.511182,100.81,200.833,1268.337,1,4,compressed_ring_ar
1778537061.5629842,3,94,1.321215,106.22,212.993,1203.723,1,4,compressed_ring_ar
1778537062.9137633,3,95,1.228207,99.03,218.139,1290.156,1,4,compressed_ring_ar
1778537064.2229047,3,96,1.317524,101.5,237.988,1260.633,1,4,compressed_ring_ar
1778537065.5000749,3,97,1.440457,70.07,348.93,1192.911,1,4,compressed_ring_ar
1778537077.0500674,4,0,1.530115,99.51,199.122,1281.804,1,4,compressed_ring_ar
1778537078.2826903,4,1,1.410408,107.65,183.692,1186.519,1,4,compressed_ring_ar
1778537079.6172428,4,2,1.235688,99.41,223.086,1283.317,1,4,compressed_ring_ar
1778537081.052167,4,3,1.410762,91.89,222.062,1389.252,1,4,compressed_ring_ar
1778537082.381401,4,4,1.367117,99.88,231.084,1273.205,1,4,compressed_ring_ar
1778537083.7420888,4,5,1.331742,96.62,334.607,1323.334,1,4,compressed_ring_ar
1778537085.0983276,4,6,1.178359,97.61,192.806,1309.88,1,4,compressed_ring_ar
1778537086.3764076,4,7,1.48348,103.64,305.491,1229.707,1,4,compressed_ring_ar
1778537087.6689122,4,8,1.378545,102.82,205.281,1239.6,1,4,compressed_ring_ar
1778537088.95107,4,9,1.260949,104.02,222.133,1222.721,1,4,compressed_ring_ar
1778537090.167875,4,10,1.348547,109.16,231.752,1169.062,1,4,compressed_ring_ar
1778537091.6316257,4,11,1.235868,90.48,256.175,1410.062,1,4,compressed_ring_ar
1778537092.8960345,4,12,1.516833,105.18,212.464,1212.238,1,4,compressed_ring_ar
1778537094.258653,4,13,1.289493,97.96,244.645,1301.515,1,4,compressed_ring_ar
1778537095.5229115,4,14,1.226714,104.06,389.024,1225.608,1,4,compressed_ring_ar
1778537096.8569126,4,15,1.441987,99.42,236.166,1282.998,1,4,compressed_ring_ar
1778537098.3161595,4,16,1.243357,90.35,275.372,1412.51,1,4,compressed_ring_ar
1778537099.6550355,4,17,1.352798,99.21,183.454,1288.954,1,4,compressed_ring_ar
1778537101.1495752,4,18,1.482265,89.29,504.529,1428.884,1,4,compressed_ring_ar
1778537102.4525917,4,19,1.38155,101.42,238.56,1258.482,1,4,compressed_ring_ar
1778537103.8383439,4,20,1.345732,96.7,192.782,1322.195,1,4,compressed_ring_ar
1778537105.1865382,4,21,1.27307,97.83,347.947,1304.141,1,4,compressed_ring_ar
1778537106.3116667,4,22,1.304678,118.3,203.914,1077.829,1,4,compressed_ring_ar
1778537107.7385712,4,23,1.476946,92.32,261.523,1379.054,1,4,compressed_ring_ar
1778537108.9722643,4,24,1.348162,106.83,262.811,1190.791,1,4,compressed_ring_ar
1778537110.1584065,4,25,1.17561,111.72,182.525,1143.643,1,4,compressed_ring_ar
1778537111.4484184,4,26,1.286542,105.46,362.97,1212.444,1,4,compressed_ring_ar
1778537112.7886631,4,27,1.363095,98.87,337.255,1289.89,1,4,compressed_ring_ar
1778537114.1584587,4,28,1.314288,97.28,195.071,1311.308,1,4,compressed_ring_ar
1778537115.2188327,4,29,1.331222,126.54,150.266,1010.433,1,4,compressed_ring_ar
1778537116.6381085,4,30,1.354649,94.8,491.923,1345.07,1,4,compressed_ring_ar
1778537117.9484878,4,31,1.193679,102.31,203.704,1246.58,1,4,compressed_ring_ar
1778537119.17853,4,32,1.43068,107.52,180.792,1186.449,1,4,compressed_ring_ar
1778537120.4574757,4,33,1.373648,103.81,190.357,1227.396,1,4,compressed_ring_ar
1778537121.6922219,4,34,1.267633,106.81,190.151,1193.859,1,4,compressed_ring_ar
1778537123.0832386,4,35,1.25264,94.51,214.252,1348.87,1,4,compressed_ring_ar
1778537124.5506396,4,36,1.307446,89.55,364.467,1424.522,1,4,compressed_ring_ar
1778537125.686921,4,37,1.250229,119.53,193.092,1067.323,1,4,compressed_ring_ar
1778537126.906198,4,38,1.512616,109.74,204.899,1165.031,1,4,compressed_ring_ar
1778537128.2895696,4,39,1.323079,96.06,197.784,1327.836,1,4,compressed_ring_ar
1778537129.4551313,4,40,1.407847,114.43,166.674,1117.426,1,4,compressed_ring_ar
1778537130.917731,4,41,1.207099,91.33,303.925,1400.101,1,4,compressed_ring_ar
1778537132.3753765,4,42,1.281207,92.31,209.833,1383.753,1,4,compressed_ring_ar
1778537133.6293325,4,43,1.354524,106.66,221.289,1196.274,1,4,compressed_ring_ar
1778537134.8326635,4,44,1.45304,110.38,168.959,1157.375,1,4,compressed_ring_ar
1778537136.1251464,4,45,1.232865,105.16,648.204,1215.935,1,4,compressed_ring_ar
1778537137.3718688,4,46,1.489782,106.3,146.228,1202.923,1,4,compressed_ring_ar
1778537138.6954432,4,47,1.324315,100.73,391.116,1269.325,1,4,compressed_ring_ar
1778537139.994517,4,48,1.318867,102.34,282.027,1244.569,1,4,compressed_ring_ar
1778537141.2916098,4,49,1.180722,103.38,194.663,1230.437,1,4,compressed_ring_ar
1778537142.4386446,4,50,1.469279,115.6,188.082,1105.482,1,4,compressed_ring_ar
1778537143.7346191,4,51,1.287303,102.66,247.148,1242.512,1,4,compressed_ring_ar
1778537145.0772612,4,52,1.281457,99.28,211.249,1283.3,1,4,compressed_ring_ar
1778537146.5667205,4,53,1.42753,88.39,203.816,1442.412,1,4,compressed_ring_ar
1778537147.859073,4,54,1.317671,101.89,198.226,1251.824,1,4,compressed_ring_ar
1778537149.2044945,4,55,1.391904,98.36,188.388,1297.306,1,4,compressed_ring_ar
1778537150.5273554,4,56,1.17112,100.5,294.103,1272.338,1,4,compressed_ring_ar
1778537151.716944,4,57,1.287137,114.33,198.906,1114.795,1,4,compressed_ring_ar
1778537153.0086067,4,58,1.363388,102.6,201.457,1246.276,1,4,compressed_ring_ar
1778537154.3455136,4,59,1.264577,98.71,189.076,1294.364,1,4,compressed_ring_ar
1778537155.708675,4,60,1.350563,97.88,203.961,1303.101,1,4,compressed_ring_ar
1778537157.0478806,4,61,1.302767,99.02,191.161,1287.997,1,4,compressed_ring_ar
1778537158.3221679,4,62,1.309216,104.05,256.186,1223.797,1,4,compressed_ring_ar
1778537159.4981112,4,63,1.208131,113.42,214.67,1125.964,1,4,compressed_ring_ar
1778537160.8253028,4,64,1.301063,100.05,201.687,1277.924,1,4,compressed_ring_ar
1778537162.2497041,4,65,1.28046,92.64,184.885,1380.324,1,4,compressed_ring_ar
1778537163.6826358,4,66,1.446436,92.58,208.427,1376.865,1,4,compressed_ring_ar
1778537164.9503183,4,67,1.352712,105.63,203.38,1204.991,1,4,compressed_ring_ar
1778537166.1943858,4,68,1.382082,107.13,263.833,1193.401,1,4,compressed_ring_ar
1778537167.935079,4,69,1.513048,75.66,315.246,1682.849,1,4,compressed_ring_ar
1778537169.3019474,4,70,1.349738,99.11,218.032,1289.121,1,4,compressed_ring_ar
1778537170.7001948,4,71,1.298254,95.2,308.357,1339.07,1,4,compressed_ring_ar
1778537172.1103892,4,72,1.331747,93.67,173.822,1364.226,1,4,compressed_ring_ar
1778537173.5945973,4,73,1.231445,90.0,397.26,1419.313,1,4,compressed_ring_ar
1778537174.7962291,4,74,1.31019,114.84,201.123,1111.555,1,4,compressed_ring_ar
1778537176.340499,4,75,1.444304,86.9,653.9,1468.613,1,4,compressed_ring_ar
1778537177.8560472,4,76,1.303112,87.51,211.504,1458.097,1,4,compressed_ring_ar
1778537179.1887906,4,77,1.236331,99.21,146.056,1289.043,1,4,compressed_ring_ar
1778537180.5901031,4,78,1.330701,95.28,544.886,1341.972,1,4,compressed_ring_ar
1778537181.8549738,4,79,1.532327,105.11,199.491,1216.111,1,4,compressed_ring_ar
1778537183.2429662,4,80,1.16827,95.82,209.389,1333.73,1,4,compressed_ring_ar
1778537184.6740904,4,81,1.130638,93.22,193.023,1370.569,1,4,compressed_ring_ar
1778537186.0141783,4,82,1.23358,99.09,193.061,1286.541,1,4,compressed_ring_ar
1778537187.443371,4,83,1.235557,92.66,258.892,1375.454,1,4,compressed_ring_ar
1778537188.873673,4,84,1.398961,93.23,316.714,1367.755,1,4,compressed_ring_ar
1778537190.2107384,4,85,1.296609,98.56,359.495,1291.941,1,4,compressed_ring_ar
1778537191.4523535,4,86,1.273523,106.7,247.372,1198.128,1,4,compressed_ring_ar
1778537192.661187,4,87,1.292006,110.66,150.037,1154.747,1,4,compressed_ring_ar
1778537194.035743,4,88,1.2961,96.08,583.795,1330.925,1,4,compressed_ring_ar
1778537195.4140737,4,89,1.23815,95.96,260.784,1329.382,1,4,compressed_ring_ar
1778537196.647044,4,90,1.329684,108.18,217.885,1178.543,1,4,compressed_ring_ar
1778537197.7887714,4,91,1.165546,116.59,197.523,1095.482,1,4,compressed_ring_ar
1778537199.1145105,4,92,1.144168,99.52,435.705,1279.679,1,4,compressed_ring_ar
1778537200.4111931,4,93,1.261627,101.5,293.673,1256.912,1,4,compressed_ring_ar
1778537201.7371826,4,94,1.310911,100.1,257.678,1272.039,1,4,compressed_ring_ar
1778537203.0857034,4,95,1.386,97.7,193.495,1308.855,1,4,compressed_ring_ar
1778537204.4323874,4,96,1.283612,98.22,208.084,1297.601,1,4,compressed_ring_ar
1778537205.6285288,4,97,1.161987,71.89,175.861,1160.462,1,4,compressed_ring_ar
1778537217.365776,5,0,1.168181,82.22,407.626,1555.851,1,4,compressed_ring_ar
1778537218.7505677,5,1,1.288862,97.43,190.617,1309.497,1,4,compressed_ring_ar
1778537219.9347682,5,2,1.114635,111.87,175.171,1142.985,1,4,compressed_ring_ar
1778537221.2186055,5,3,1.203261,104.13,246.832,1226.743,1,4,compressed_ring_ar
1778537222.572793,5,4,1.207919,97.85,186.342,1306.787,1,4,compressed_ring_ar
1778537223.9539874,5,5,1.282011,95.65,386.088,1333.947,1,4,compressed_ring_ar
1778537225.2443974,5,6,1.156117,102.42,241.114,1242.739,1,4,compressed_ring_ar
1778537226.6519449,5,7,1.337192,94.32,216.819,1353.017,1,4,compressed_ring_ar
1778537227.9498022,5,8,1.109047,102.74,248.874,1237.437,1,4,compressed_ring_ar
1778537229.215163,5,9,1.274257,104.21,199.093,1227.003,1,4,compressed_ring_ar
1778537230.5220993,5,10,1.225189,102.43,234.188,1244.769,1,4,compressed_ring_ar
1778537231.7283487,5,11,1.265953,111.53,212.872,1141.908,1,4,compressed_ring_ar
1778537233.0777264,5,12,1.334282,98.08,216.293,1303.653,1,4,compressed_ring_ar
1778537234.370676,5,13,1.381352,103.88,207.634,1226.855,1,4,compressed_ring_ar
1778537235.6633615,5,14,1.243742,102.26,227.108,1247.214,1,4,compressed_ring_ar
1778537236.956814,5,15,1.330921,101.76,227.006,1253.681,1,4,compressed_ring_ar
1778537238.236302,5,16,1.207871,103.11,254.961,1238.623,1,4,compressed_ring_ar
1778537239.5556276,5,17,1.101394,100.44,292.047,1269.551,1,4,compressed_ring_ar
1778537240.8814373,5,18,1.223243,99.74,203.664,1276.21,1,4,compressed_ring_ar
1778537242.1939225,5,19,1.258122,101.56,259.375,1253.463,1,4,compressed_ring_ar
1778537243.5462074,5,20,1.192727,99.72,224.497,1281.31,1,4,compressed_ring_ar
1778537245.0249455,5,21,1.14555,90.24,263.049,1415.649,1,4,compressed_ring_ar
1778537246.5132046,5,22,1.114294,90.4,255.541,1410.171,1,4,compressed_ring_ar
1778537247.7896492,5,23,1.223853,103.78,237.745,1224.322,1,4,compressed_ring_ar
1778537249.0664067,5,24,1.122494,103.9,180.75,1229.783,1,4,compressed_ring_ar
1778537250.4601352,5,25,1.378874,96.29,297.249,1324.942,1,4,compressed_ring_ar
1778537251.8260105,5,26,1.10041,96.93,199.683,1312.384,1,4,compressed_ring_ar
1778537253.0263426,5,27,1.202734,110.95,196.852,1152.318,1,4,compressed_ring_ar
1778537254.437882,5,28,1.312861,93.87,193.437,1357.062,1,4,compressed_ring_ar
1778537255.7540348,5,29,1.294974,100.99,226.023,1262.826,1,4,compressed_ring_ar
1778537257.0303037,5,30,1.157217,104.54,195.815,1220.437,1,4,compressed_ring_ar
1778537258.3762877,5,31,1.134269,98.57,212.447,1293.268,1,4,compressed_ring_ar
1778537259.4933114,5,32,1.13282,118.49,393.23,1078.896,1,4,compressed_ring_ar
1778537260.8984463,5,33,1.157091,94.32,199.01,1355.687,1,4,compressed_ring_ar
1778537262.218283,5,34,1.171159,101.35,267.79,1256.899,1,4,compressed_ring_ar
1778537263.5295956,5,35,1.263789,100.53,193.098,1266.176,1,4,compressed_ring_ar
1778537264.779364,5,36,1.081341,106.24,196.445,1203.461,1,4,compressed_ring_ar
1778537266.1937997,5,37,1.227669,93.23,308.628,1370.602,1,4,compressed_ring_ar
1778537267.4855714,5,38,1.216097,102.16,211.8,1250.963,1,4,compressed_ring_ar
1778537268.7808676,5,39,1.185453,102.81,191.899,1243.854,1,4,compressed_ring_ar
1778537270.1154356,5,40,1.340049,99.71,186.292,1279.381,1,4,compressed_ring_ar
1778537271.4171767,5,41,1.166568,101.21,314.267,1260.378,1,4,compressed_ring_ar
1778537272.7460032,5,42,1.235633,99.48,199.783,1284.696,1,4,compressed_ring_ar
1778537274.0970159,5,43,1.135998,99.66,221.346,1279.805,1,4,compressed_ring_ar
1778537275.342952,5,44,1.275945,107.16,216.886,1190.884,1,4,compressed_ring_ar
1778537276.7965665,5,45,1.213841,91.57,280.154,1396.793,1,4,compressed_ring_ar
1778537278.467177,5,46,1.226103,80.83,241.863,1579.481,1,4,compressed_ring_ar
1778537279.7544947,5,47,1.184881,103.93,303.612,1226.663,1,4,compressed_ring_ar
1778537281.0704093,5,48,1.23596,101.87,257.549,1250.712,1,4,compressed_ring_ar
1778537282.339131,5,49,1.358775,105.06,185.579,1212.871,1,4,compressed_ring_ar
1778537283.607384,5,50,1.341248,104.54,264.282,1223.251,1,4,compressed_ring_ar
1778537284.780807,5,51,1.297237,115.84,177.056,1100.237,1,4,compressed_ring_ar
1778537286.212047,5,52,1.238147,92.86,309.5,1371.508,1,4,compressed_ring_ar
1778537287.4967828,5,53,1.27454,102.65,218.134,1241.974,1,4,compressed_ring_ar
1778537288.8404045,5,54,1.100551,99.64,200.729,1279.561,1,4,compressed_ring_ar
1778537290.1176088,5,55,1.113474,104.6,247.042,1218.693,1,4,compressed_ring_ar
1778537291.2877727,5,56,1.110439,113.87,218.65,1116.734,1,4,compressed_ring_ar
1778537292.5837123,5,57,1.228151,101.97,189.265,1249.703,1,4,compressed_ring_ar
1778537293.802965,5,58,1.033333,108.41,212.601,1179.322,1,4,compressed_ring_ar
1778537295.1850138,5,59,1.181163,95.88,305.607,1327.388,1,4,compressed_ring_ar
1778537296.3605926,5,60,1.237284,114.27,203.88,1116.471,1,4,compressed_ring_ar
1778537297.6625426,5,61,1.272684,101.74,203.374,1255.294,1,4,compressed_ring_ar
1778537299.01852,5,62,1.21093,97.71,246.424,1305.753,1,4,compressed_ring_ar
1778537300.065885,5,63,1.294044,129.14,156.135,990.081,1,4,compressed_ring_ar
1778537301.4316185,5,64,1.255093,97.13,226.967,1310.423,1,4,compressed_ring_ar
1778537302.7000918,5,65,1.202639,104.1,268.632,1222.655,1,4,compressed_ring_ar
1778537304.0977595,5,66,1.387163,95.39,244.396,1335.094,1,4,compressed_ring_ar
1778537305.4158523,5,67,1.039158,102.27,304.722,1247.102,1,4,compressed_ring_ar
1778537307.0783389,5,68,1.164491,79.23,262.544,1610.981,1,4,compressed_ring_ar
1778537308.187744,5,69,1.224464,126.73,228.307,1008.85,1,4,compressed_ring_ar
1778537309.8093932,5,70,1.159604,82.08,753.524,1556.852,1,4,compressed_ring_ar
1778537311.1329684,5,71,1.259747,100.6,227.405,1268.051,1,4,compressed_ring_ar
1778537312.3116055,5,72,1.260283,111.99,394.814,1138.666,1,4,compressed_ring_ar
1778537313.6543465,5,73,1.2593,98.08,230.059,1303.778,1,4,compressed_ring_ar
1778537314.932513,5,74,1.169063,104.82,240.483,1215.769,1,4,compressed_ring_ar
1778537316.3591332,5,75,1.255556,93.89,210.943,1361.926,1,4,compressed_ring_ar
1778537317.708829,5,76,1.223552,98.23,198.866,1298.007,1,4,compressed_ring_ar
1778537319.0770366,5,77,1.263929,96.55,203.913,1319.684,1,4,compressed_ring_ar
1778537320.4349544,5,78,1.136147,97.05,375.597,1313.467,1,4,compressed_ring_ar
1778537321.7126606,5,79,1.312957,105.25,211.432,1214.755,1,4,compressed_ring_ar
1778537323.0015657,5,80,1.150799,102.87,211.221,1243.26,1,4,compressed_ring_ar
1778537324.3749545,5,81,1.212418,97.21,200.173,1311.325,1,4,compressed_ring_ar
1778537325.6411827,5,82,1.303996,104.18,148.961,1225.8,1,4,compressed_ring_ar
1778537326.9298959,5,83,1.25785,102.87,433.473,1240.049,1,4,compressed_ring_ar
1778537328.2475817,5,84,1.374229,101.66,200.823,1250.721,1,4,compressed_ring_ar
1778537329.492926,5,85,1.192725,106.91,204.67,1192.92,1,4,compressed_ring_ar
1778537330.9800417,5,86,1.206827,88.77,388.388,1438.966,1,4,compressed_ring_ar
1778537332.3974679,5,87,1.140714,94.76,331.815,1343.62,1,4,compressed_ring_ar
1778537333.6812725,5,88,1.028248,103.59,254.555,1230.569,1,4,compressed_ring_ar
1778537335.0802753,5,89,1.422916,98.02,293.379,1302.138,1,4,compressed_ring_ar
1778537336.4222937,5,90,1.311432,98.69,203.411,1295.998,1,4,compressed_ring_ar
1778537337.7995548,5,91,1.362997,100.97,370.952,1261.54,1,4,compressed_ring_ar
1778537339.1965456,5,92,1.207977,94.32,198.109,1348.963,1,4,compressed_ring_ar
1778537340.4457188,5,93,1.234232,106.85,302.289,1191.271,1,4,compressed_ring_ar
1778537341.74385,5,94,1.158676,102.26,237.275,1247.812,1,4,compressed_ring_ar
1778537343.0804496,5,95,1.310634,101.55,208.225,1253.616,1,4,compressed_ring_ar
1778537344.3574464,5,96,1.218563,103.89,200.276,1229.026,1,4,compressed_ring_ar
1778537345.5203166,5,97,1.102884,74.69,243.912,1115.333,1,4,compressed_ring_ar
1778537357.4684095,6,0,1.002621,92.3,466.236,1381.502,1,4,compressed_ring_ar
1778537358.7963526,6,1,1.053382,100.92,292.523,1261.27,1,4,compressed_ring_ar
1778537360.0195956,6,2,1.292871,109.67,229.929,1163.339,1,4,compressed_ring_ar
1778537361.2728012,6,3,1.202883,106.62,206.164,1194.817,1,4,compressed_ring_ar
1778537362.5221393,6,4,1.153932,107.32,271.789,1188.66,1,4,compressed_ring_ar
1778537363.9888883,6,5,1.114791,90.21,299.706,1414.635,1,4,compressed_ring_ar
1778537365.3209171,6,6,1.164159,101.01,293.813,1264.818,1,4,compressed_ring_ar
1778537366.7326233,6,7,1.052733,93.52,350.338,1361.162,1,4,compressed_ring_ar
1778537368.0355458,6,8,1.174735,102.02,207.461,1253.255,1,4,compressed_ring_ar
1778537369.3591664,6,9,1.179013,99.93,215.243,1275.311,1,4,compressed_ring_ar
1778537370.5738716,6,10,1.100834,109.43,148.057,1167.799,1,4,compressed_ring_ar
1778537371.9570346,6,11,1.171111,97.68,452.552,1306.176,1,4,compressed_ring_ar
1778537373.1809554,6,12,1.33355,108.55,187.837,1177.126,1,4,compressed_ring_ar
1778537374.5305877,6,13,1.091627,98.62,203.141,1293.362,1,4,compressed_ring_ar
1778537375.762135,6,14,1.216809,108.22,273.161,1181.467,1,4,compressed_ring_ar
1778537377.0907664,6,15,1.152375,99.48,175.837,1285.694,1,4,compressed_ring_ar
1778537378.3841648,6,16,1.127502,102.6,388.956,1241.168,1,4,compressed_ring_ar
1778537379.766757,6,17,1.181845,95.35,263.729,1338.565,1,4,compressed_ring_ar
1778537381.1641073,6,18,1.167978,94.79,195.836,1347.835,1,4,compressed_ring_ar
1778537382.4428773,6,19,1.046307,104.65,293.908,1217.911,1,4,compressed_ring_ar
1778537383.770239,6,20,0.956348,99.26,212.29,1284.931,1,4,compressed_ring_ar
1778537384.9965236,6,21,1.031485,110.1,203.834,1161.416,1,4,compressed_ring_ar
1778537386.3937902,6,22,0.98728,95.35,376.306,1341.075,1,4,compressed_ring_ar
1778537387.8324142,6,23,1.235626,93.24,295.929,1367.383,1,4,compressed_ring_ar
1778537389.0956426,6,24,1.195734,104.58,225.79,1221.463,1,4,compressed_ring_ar
1778537390.4348338,6,25,1.208359,99.43,389.219,1281.857,1,4,compressed_ring_ar
1778537391.6737728,6,26,1.17846,106.59,354.167,1190.853,1,4,compressed_ring_ar
1778537392.8821526,6,27,1.164528,109.16,240.407,1168.978,1,4,compressed_ring_ar
1778537394.2782648,6,28,1.113387,94.54,241.4,1349.636,1,4,compressed_ring_ar
1778537395.6845121,6,29,1.424132,93.77,257.748,1360.428,1,4,compressed_ring_ar
1778537397.0395408,6,30,1.215757,97.7,203.516,1304.594,1,4,compressed_ring_ar
1778537398.272929,6,31,1.140418,108.71,295.648,1166.889,1,4,compressed_ring_ar
1778537399.5167506,6,32,1.086272,106.01,205.189,1201.84,1,4,compressed_ring_ar
1778537400.904071,6,33,1.2461,96.35,200.762,1327.689,1,4,compressed_ring_ar
1778537402.2660449,6,34,1.07592,99.09,433.441,1287.165,1,4,compressed_ring_ar
1778537403.4727626,6,35,1.274006,109.6,203.074,1165.808,1,4,compressed_ring_ar
1778537404.9200659,6,36,1.318484,91.29,246.662,1397.572,1,4,compressed_ring_ar
1778537406.227934,6,37,1.222833,101.27,220.062,1262.402,1,4,compressed_ring_ar
1778537407.3589022,6,38,1.146291,119.92,159.728,1066.305,1,4,compressed_ring_ar
1778537408.7309854,6,39,1.300118,98.14,477.547,1300.084,1,4,compressed_ring_ar
1778537409.9909406,6,40,1.441585,105.24,288.132,1211.573,1,4,compressed_ring_ar
1778537411.296197,6,41,1.116213,101.17,202.424,1255.952,1,4,compressed_ring_ar
1778537412.640689,6,42,1.154872,99.49,199.806,1284.464,1,4,compressed_ring_ar
1778537414.0158782,6,43,1.260522,96.69,221.859,1317.934,1,4,compressed_ring_ar
1778537415.357395,6,44,1.310134,98.48,215.646,1292.662,1,4,compressed_ring_ar
1778537416.5732365,6,45,1.086733,108.29,148.838,1180.917,1,4,compressed_ring_ar
1778537417.9029117,6,46,1.017125,100.19,423.174,1276.577,1,4,compressed_ring_ar
1778537419.2448013,6,47,1.272833,99.77,274.518,1280.597,1,4,compressed_ring_ar
1778537420.530801,6,48,1.141749,102.82,327.093,1242.088,1,4,compressed_ring_ar
1778537421.895816,6,49,1.236947,98.39,399.069,1299.402,1,4,compressed_ring_ar
1778537423.1906826,6,50,1.238982,102.29,282.916,1247.385,1,4,compressed_ring_ar
1778537424.4066415,6,51,1.200634,109.67,191.848,1164.758,1,4,compressed_ring_ar
1778537425.7903545,6,52,1.199728,95.74,446.974,1327.843,1,4,compressed_ring_ar
1778537426.9852142,6,53,1.145165,110.55,313.006,1153.88,1,4,compressed_ring_ar
1778537428.4167657,6,54,1.056491,92.28,205.11,1385.766,1,4,compressed_ring_ar
1778537429.6155097,6,55,1.496903,112.04,171.133,1141.038,1,4,compressed_ring_ar
1778537430.9159818,6,56,1.299676,102.36,202.796,1249.155,1,4,compressed_ring_ar
1778537432.2007287,6,57,1.101241,103.98,229.558,1223.888,1,4,compressed_ring_ar
1778537433.4255009,6,58,0.976147,107.8,254.887,1184.933,1,4,compressed_ring_ar
1778537434.74566,6,59,1.171729,101.06,427.077,1262.745,1,4,compressed_ring_ar
1778537435.9924538,6,60,1.114049,106.97,210.023,1195.205,1,4,compressed_ring_ar
1778537437.319412,6,61,0.999524,99.24,422.653,1282.142,1,4,compressed_ring_ar
1778537438.610911,6,62,1.107503,102.57,200.161,1244.194,1,4,compressed_ring_ar
1778537440.059838,6,63,1.349238,91.68,257.012,1392.305,1,4,compressed_ring_ar
1778537441.5338023,6,64,1.080039,89.49,209.465,1426.035,1,4,compressed_ring_ar
1778537442.8014352,6,65,1.119255,104.14,274.252,1223.692,1,4,compressed_ring_ar
1778537444.1828544,6,66,0.934023,95.84,264.728,1331.004,1,4,compressed_ring_ar
1778537445.5223708,6,67,1.027618,99.94,257.216,1277.113,1,4,compressed_ring_ar
1778537446.7358797,6,68,1.102452,109.71,269.904,1165.407,1,4,compressed_ring_ar
1778537448.0427372,6,69,1.241959,101.59,398.669,1258.615,1,4,compressed_ring_ar
1778537449.3427522,6,70,1.17221,101.57,282.775,1258.876,1,4,compressed_ring_ar
1778537450.6725852,6,71,1.25542,99.68,214.831,1279.875,1,4,compressed_ring_ar
1778537451.8771956,6,72,1.020046,110.44,197.68,1157.941,1,4,compressed_ring_ar
1778537453.2019238,6,73,0.956684,100.93,454.425,1261.546,1,4,compressed_ring_ar
1778537454.4528706,6,74,1.267837,106.24,184.305,1201.906,1,4,compressed_ring_ar
1778537455.8101976,6,75,1.141325,97.19,214.108,1315.67,1,4,compressed_ring_ar
1778537457.08938,6,76,1.194989,105.38,216.93,1213.394,1,4,compressed_ring_ar
1778537458.368911,6,77,1.218932,103.98,145.961,1228.66,1,4,compressed_ring_ar
1778537459.716066,6,78,1.005332,99.46,298.777,1283.055,1,4,compressed_ring_ar
1778537461.068302,6,79,1.205821,97.65,210.036,1309.853,1,4,compressed_ring_ar
1778537462.4962926,6,80,1.260791,93.87,230.269,1358.951,1,4,compressed_ring_ar
1778537463.933704,6,81,1.17406,91.82,212.654,1391.239,1,4,compressed_ring_ar
1778537465.2458506,6,82,1.108005,101.26,193.722,1262.073,1,4,compressed_ring_ar
1778537466.7655466,6,83,1.00351,87.32,289.711,1458.729,1,4,compressed_ring_ar
1778537467.9082537,6,84,1.333175,116.23,189.788,1099.527,1,4,compressed_ring_ar
1778537469.2890267,6,85,1.121161,95.82,237.326,1329.961,1,4,compressed_ring_ar
1778537470.566713,6,86,1.190412,103.52,239.662,1231.09,1,4,compressed_ring_ar
1778537471.708977,6,87,0.932585,116.13,200.881,1099.776,1,4,compressed_ring_ar
1778537473.09836,6,88,1.150039,95.03,194.049,1342.286,1,4,compressed_ring_ar
1778537474.5358338,6,89,1.218969,92.02,196.581,1387.467,1,4,compressed_ring_ar
1778537475.820252,6,90,1.230216,103.47,212.348,1231.662,1,4,compressed_ring_ar
1778537477.1487646,6,91,1.471919,99.19,200.895,1284.753,1,4,compressed_ring_ar
1778537478.3731935,6,92,1.068976,109.97,271.364,1159.927,1,4,compressed_ring_ar
1778537479.6036115,6,93,1.101347,107.58,204.246,1185.901,1,4,compressed_ring_ar
1778537480.9104013,6,94,1.169402,101.49,213.026,1257.497,1,4,compressed_ring_ar
1778537482.26665,6,95,1.303542,97.91,221.365,1300.201,1,4,compressed_ring_ar
1778537483.6588302,6,96,1.162561,94.6,208.45,1347.968,1,4,compressed_ring_ar
1778537484.9713984,6,97,1.123871,65.43,197.484,1277.705,1,4,compressed_ring_ar
1778537496.7059329,7,0,1.297668,88.35,420.818,1447.25,1,4,compressed_ring_ar
1778537498.073381,7,1,1.087131,97.09,208.121,1313.31,1,4,compressed_ring_ar
1778537499.295988,7,2,1.162799,108.5,263.936,1173.125,1,4,compressed_ring_ar
1778537500.612622,7,3,1.062403,100.5,188.919,1269.161,1,4,compressed_ring_ar
1778537501.9663725,7,4,1.063552,97.19,312.871,1312.978,1,4,compressed_ring_ar
1778537503.1755824,7,5,1.377325,109.52,161.044,1167.711,1,4,compressed_ring_ar
1778537504.6310291,7,6,1.269162,91.44,419.313,1398.63,1,4,compressed_ring_ar
1778537506.0499392,7,7,0.953414,94.91,599.011,1347.188,1,4,compressed_ring_ar
1778537507.35413,7,8,1.062507,102.14,218.374,1247.888,1,4,compressed_ring_ar
1778537508.6392925,7,9,1.101053,102.8,205.41,1237.628,1,4,compressed_ring_ar
1778537509.933384,7,10,1.087875,102.41,327.399,1242.56,1,4,compressed_ring_ar
1778537511.2491963,7,11,1.382714,100.92,241.243,1267.001,1,4,compressed_ring_ar
1778537512.6273153,7,12,1.21396,96.48,246.754,1325.232,1,4,compressed_ring_ar
1778537513.8986712,7,13,1.160903,106.11,189.837,1205.016,1,4,compressed_ring_ar
1778537515.1563501,7,14,1.10882,105.93,148.25,1205.714,1,4,compressed_ring_ar
1778537516.5991166,7,15,0.991493,92.96,702.038,1374.501,1,4,compressed_ring_ar
1778537518.034024,7,16,1.186459,93.33,567.989,1363.45,1,4,compressed_ring_ar
1778537519.3600235,7,17,1.087924,99.72,215.744,1276.499,1,4,compressed_ring_ar
1778537520.5680957,7,18,1.108384,109.39,147.658,1167.43,1,4,compressed_ring_ar
1778537521.9731736,7,19,1.311546,94.44,355.725,1351.484,1,4,compressed_ring_ar
1778537523.3285635,7,20,1.222256,97.98,315.333,1301.62,1,4,compressed_ring_ar
1778537524.6185892,7,21,1.131418,103.0,234.99,1241.49,1,4,compressed_ring_ar
1778537525.910872,7,22,1.035413,104.22,200.08,1226.017,1,4,compressed_ring_ar
1778537527.2559042,7,23,0.925641,98.67,190.823,1294.893,1,4,compressed_ring_ar
1778537528.5482895,7,24,1.093296,102.69,208.336,1242.633,1,4,compressed_ring_ar
1778537530.0068834,7,25,1.093739,90.87,360.501,1406.867,1,4,compressed_ring_ar
1778537531.360699,7,26,1.256423,97.44,428.85,1309.157,1,4,compressed_ring_ar
1778537532.7622309,7,27,1.062459,94.96,303.991,1338.609,1,4,compressed_ring_ar
1778537534.2385852,7,28,1.110906,89.38,341.581,1425.049,1,4,compressed_ring_ar
1778537535.5464528,7,29,1.077114,100.83,220.729,1264.445,1,4,compressed_ring_ar
1778537536.8462107,7,30,1.070948,102.04,350.573,1249.084,1,4,compressed_ring_ar
1778537538.155589,7,31,0.990306,101.73,211.719,1254.444,1,4,compressed_ring_ar
1778537539.4113925,7,32,0.978,106.67,211.146,1196.044,1,4,compressed_ring_ar
1778537540.776935,7,33,0.934834,97.08,186.313,1317.116,1,4,compressed_ring_ar
1778537542.0310595,7,34,0.99421,106.05,185.351,1205.574,1,4,compressed_ring_ar
1778537543.4071922,7,35,1.046413,96.17,219.776,1328.66,1,4,compressed_ring_ar
1778537544.8193176,7,36,0.933499,93.96,342.955,1354.576,1,4,compressed_ring_ar
1778537546.063941,7,37,0.991241,107.77,161.741,1185.204,1,4,compressed_ring_ar
1778537547.3864124,7,38,1.148528,100.59,342.031,1266.49,1,4,compressed_ring_ar
1778537548.9331653,7,39,1.125931,85.95,212.274,1487.861,1,4,compressed_ring_ar
1778537550.2116277,7,40,1.042081,103.7,245.435,1232.951,1,4,compressed_ring_ar
1778537551.5376573,7,41,0.95279,99.67,275.87,1277.171,1,4,compressed_ring_ar
1778537552.8797085,7,42,1.205512,98.39,199.523,1293.345,1,4,compressed_ring_ar
1778537554.1552172,7,43,1.146624,103.38,290.383,1234.357,1,4,compressed_ring_ar
1778537555.3083344,7,44,1.214509,115.54,216.131,1103.194,1,4,compressed_ring_ar
1778537556.564133,7,45,1.115546,105.05,159.245,1216.038,1,4,compressed_ring_ar
1778537557.9250782,7,46,1.173539,97.79,234.571,1302.168,1,4,compressed_ring_ar
1778537559.1661355,7,47,1.20443,107.75,186.54,1185.711,1,4,compressed_ring_ar
1778537560.661504,7,48,1.144634,89.6,467.535,1425.05,1,4,compressed_ring_ar
1778537561.8211024,7,49,1.095837,116.16,158.071,1098.822,1,4,compressed_ring_ar
1778537563.1806977,7,50,1.061231,97.04,417.592,1312.469,1,4,compressed_ring_ar
1778537564.4922493,7,51,0.986885,100.71,210.102,1264.055,1,4,compressed_ring_ar
1778537565.8481903,7,52,1.045911,96.9,403.076,1311.259,1,4,compressed_ring_ar
1778537567.216283,7,53,1.087775,96.98,212.284,1317.481,1,4,compressed_ring_ar
1778537568.5873964,7,54,1.094598,96.27,224.062,1323.088,1,4,compressed_ring_ar
1778537569.9130187,7,55,1.058919,99.74,306.066,1282.479,1,4,compressed_ring_ar
1778537571.295774,7,56,1.188985,97.47,538.402,1311.259,1,4,compressed_ring_ar
1778537572.5632513,7,57,1.336971,105.43,268.213,1209.378,1,4,compressed_ring_ar
1778537573.8214858,7,58,1.0899,104.96,168.341,1216.892,1,4,compressed_ring_ar
1778537575.2033424,7,59,0.913352,96.16,516.128,1324.954,1,4,compressed_ring_ar
1778537576.5636482,7,60,1.173285,96.8,214.521,1312.63,1,4,compressed_ring_ar
1778537577.661753,7,61,0.907289,121.7,146.341,1047.875,1,4,compressed_ring_ar
1778537579.0139546,7,62,1.110757,98.3,332.191,1295.31,1,4,compressed_ring_ar
1778537580.3027394,7,63,1.121666,102.38,216.2,1243.653,1,4,compressed_ring_ar
1778537581.6300118,7,64,1.222987,100.0,225.707,1275.452,1,4,compressed_ring_ar
1778537582.9645288,7,65,0.96216,100.9,166.189,1267.331,1,4,compressed_ring_ar
1778537584.3111813,7,66,1.101407,98.86,537.736,1293.146,1,4,compressed_ring_ar
1778537585.6186755,7,67,1.021914,101.3,269.329,1256.527,1,4,compressed_ring_ar
1778537586.8093197,7,68,1.107228,110.93,183.055,1151.484,1,4,compressed_ring_ar
1778537588.1564155,7,69,1.230504,98.67,369.655,1296.028,1,4,compressed_ring_ar
1778537589.4137208,7,70,1.018571,105.03,317.207,1217.364,1,4,compressed_ring_ar
1778537590.751365,7,71,0.993399,99.15,207.729,1289.489,1,4,compressed_ring_ar
1778537592.0580485,7,72,1.051556,103.0,380.977,1241.589,1,4,compressed_ring_ar
1778537593.2836063,7,73,1.062967,110.28,227.692,1156.545,1,4,compressed_ring_ar
1778537594.5883925,7,74,1.085349,101.34,190.225,1257.317,1,4,compressed_ring_ar
1778537595.8424482,7,75,1.137102,105.08,218.723,1215.647,1,4,compressed_ring_ar
1778537597.217156,7,76,1.050793,96.5,458.102,1324.13,1,4,compressed_ring_ar
1778537598.5307205,7,77,1.019751,101.53,314.634,1255.534,1,4,compressed_ring_ar
1778537599.860936,7,78,1.016285,99.11,282.447,1286.868,1,4,compressed_ring_ar
1778537601.1146703,7,79,1.013999,106.24,234.69,1200.754,1,4,compressed_ring_ar
1778537602.4118624,7,80,1.144546,102.28,220.517,1246.418,1,4,compressed_ring_ar
1778537603.814695,7,81,1.163434,94.87,261.697,1345.338,1,4,compressed_ring_ar
1778537605.1126697,7,82,1.081855,103.63,214.148,1230.557,1,4,compressed_ring_ar
1778537606.392475,7,83,1.182949,103.08,374.84,1240.4,1,4,compressed_ring_ar
1778537607.6907382,7,84,1.15427,102.93,204.038,1242.286,1,4,compressed_ring_ar
1778537609.0417814,7,85,1.144505,98.14,302.099,1296.406,1,4,compressed_ring_ar
1778537610.3378093,7,86,1.037412,103.41,233.972,1236.386,1,4,compressed_ring_ar
1778537611.6819296,7,87,1.135321,99.19,289.231,1284.45,1,4,compressed_ring_ar
1778537613.116387,7,88,1.152797,91.46,295.797,1398.08,1,4,compressed_ring_ar
1778537614.756331,7,89,1.272264,80.45,312.294,1583.378,1,4,compressed_ring_ar
1778537615.9394841,7,90,1.051745,112.45,188.437,1137.265,1,4,compressed_ring_ar
1778537617.3012965,7,91,1.148237,98.29,190.779,1300.979,1,4,compressed_ring_ar
1778537618.6420627,7,92,1.044603,98.55,229.157,1291.235,1,4,compressed_ring_ar
1778537619.9292638,7,93,0.985801,102.5,307.89,1244.387,1,4,compressed_ring_ar
1778537621.1910253,7,94,1.121996,104.85,191.339,1216.305,1,4,compressed_ring_ar
1778537622.4544253,7,95,1.15945,104.43,226.827,1224.535,1,4,compressed_ring_ar
1778537623.7401943,7,96,1.085165,102.84,192.053,1239.52,1,4,compressed_ring_ar
1778537625.0867157,7,97,0.958869,63.9,190.508,1305.576,1,4,compressed_ring_ar
1778537636.6469176,8,0,1.012815,93.9,455.64,1357.295,1,4,compressed_ring_ar
1778537637.8311372,8,1,1.127291,112.27,185.91,1138.759,1,4,compressed_ring_ar
1778537639.158968,8,2,1.018708,100.09,244.758,1271.162,1,4,compressed_ring_ar
1778537640.3166535,8,3,1.084223,115.51,192.171,1103.869,1,4,compressed_ring_ar
1778537641.653507,8,4,1.139117,99.07,221.216,1284.984,1,4,compressed_ring_ar
1778537642.8664734,8,5,0.891877,111.42,208.419,1147.389,1,4,compressed_ring_ar
1778537644.207025,8,6,1.05919,98.82,310.575,1288.576,1,4,compressed_ring_ar
1778537645.5552845,8,7,0.878029,98.02,311.894,1298.576,1,4,compressed_ring_ar
1778537646.867009,8,8,0.894156,100.68,298.554,1266.79,1,4,compressed_ring_ar
1778537648.1434734,8,9,0.927973,104.32,199.826,1225.038,1,4,compressed_ring_ar
1778537649.4082558,8,10,1.092731,105.18,219.25,1214.365,1,4,compressed_ring_ar
1778537650.8644667,8,11,1.057768,90.78,250.689,1404.825,1,4,compressed_ring_ar
1778537652.1440897,8,12,0.953925,103.93,280.492,1224.263,1,4,compressed_ring_ar
1778537653.3148293,8,13,1.002645,113.69,187.744,1123.337,1,4,compressed_ring_ar
1778537654.7715528,8,14,1.139758,92.9,548.077,1373.898,1,4,compressed_ring_ar
1778537656.0857933,8,15,1.104782,100.93,241.201,1264.842,1,4,compressed_ring_ar
1778537657.274254,8,16,0.910035,112.79,154.364,1132.546,1,4,compressed_ring_ar
1778537658.6242456,8,17,1.06919,98.53,459.185,1291.465,1,4,compressed_ring_ar
1778537659.9029338,8,18,0.948103,102.9,204.41,1242.566,1,4,compressed_ring_ar
1778537661.2866013,8,19,1.217792,95.59,289.001,1337.806,1,4,compressed_ring_ar
1778537662.6142209,8,20,1.001768,102.17,271.094,1247.478,1,4,compressed_ring_ar
1778537663.8891978,8,21,1.033212,103.24,389.788,1235.361,1,4,compressed_ring_ar
1778537665.094618,8,22,1.000683,114.36,210.169,1115.048,1,4,compressed_ring_ar
1778537666.289892,8,23,1.077035,114.16,218.936,1116.611,1,4,compressed_ring_ar
1778537667.7211835,8,24,1.078443,92.96,351.788,1369.738,1,4,compressed_ring_ar
1778537669.005141,8,25,0.960757,105.06,204.26,1215.966,1,4,compressed_ring_ar
1778537670.3784473,8,26,1.17011,96.48,248.843,1322.132,1,4,compressed_ring_ar
1778537671.878122,8,27,1.010255,89.31,291.712,1428.648,1,4,compressed_ring_ar
1778537673.2163224,8,28,1.129746,98.89,249.603,1290.129,1,4,compressed_ring_ar
1778537674.4063065,8,29,1.020253,111.2,166.67,1149.9,1,4,compressed_ring_ar
1778537675.9194708,8,30,1.073534,88.03,469.56,1452.707,1,4,compressed_ring_ar
1778537677.2588058,8,31,0.926859,99.13,296.582,1286.686,1,4,compressed_ring_ar
1778537678.6103106,8,32,1.152053,97.63,229.877,1305.211,1,4,compressed_ring_ar
1778537679.9957626,8,33,1.265164,95.13,212.654,1343.486,1,4,compressed_ring_ar
1778537681.330956,8,34,1.080384,99.02,230.943,1283.796,1,4,compressed_ring_ar
1778537682.6146717,8,35,1.024913,103.04,253.689,1240.802,1,4,compressed_ring_ar
1778537683.8954947,8,36,1.107226,103.67,213.118,1233.287,1,4,compressed_ring_ar
1778537685.3066027,8,37,1.137517,95.23,219.72,1334.018,1,4,compressed_ring_ar
1778537686.4820168,8,38,1.076985,111.98,309.478,1137.008,1,4,compressed_ring_ar
1778537687.7037024,8,39,0.948146,108.96,173.172,1173.301,1,4,compressed_ring_ar
1778537689.1042645,8,40,0.951067,94.68,220.602,1346.452,1,4,compressed_ring_ar
1778537690.3524027,8,41,1.058465,108.96,247.552,1169.755,1,4,compressed_ring_ar
1778537691.5212126,8,42,1.051435,112.9,267.019,1126.999,1,4,compressed_ring_ar
1778537692.8441908,8,43,1.052719,101.33,286.444,1256.857,1,4,compressed_ring_ar
1778537694.243243,8,44,1.142488,94.22,210.151,1353.939,1,4,compressed_ring_ar
1778537695.5799232,8,45,1.062411,98.63,213.008,1296.459,1,4,compressed_ring_ar
1778537696.872658,8,46,1.047247,102.75,206.557,1241.172,1,4,compressed_ring_ar
1778537698.123636,8,47,0.98026,106.74,198.862,1194.267,1,4,compressed_ring_ar
1778537699.4547043,8,48,1.111853,99.98,193.97,1276.492,1,4,compressed_ring_ar
1778537700.8465865,8,49,1.053,94.39,227.494,1353.637,1,4,compressed_ring_ar
1778537702.147308,8,50,1.124974,102.34,218.229,1245.597,1,4,compressed_ring_ar
1778537703.342564,8,51,1.090935,113.52,219.024,1123.588,1,4,compressed_ring_ar
1778537704.610216,8,52,1.063149,104.87,168.226,1219.335,1,4,compressed_ring_ar
1778537705.9999511,8,53,1.03929,97.21,258.37,1311.718,1,4,compressed_ring_ar
1778537707.2923381,8,54,1.116052,103.65,245.734,1233.512,1,4,compressed_ring_ar
1778537708.6410534,8,55,1.083649,98.08,212.41,1301.501,1,4,compressed_ring_ar
1778537709.9431117,8,56,1.177712,102.33,204.852,1244.8,1,4,compressed_ring_ar
1778537711.2086878,8,57,1.070872,105.94,204.104,1201.451,1,4,compressed_ring_ar
1778537712.4177973,8,58,0.952856,111.03,227.9,1151.573,1,4,compressed_ring_ar
1778537713.593022,8,59,1.162421,114.43,147.336,1117.407,1,4,compressed_ring_ar
1778537715.0866225,8,60,0.899035,89.08,391.582,1435.701,1,4,compressed_ring_ar
1778537716.5315094,8,61,1.029938,93.41,188.064,1366.193,1,4,compressed_ring_ar
1778537718.0022295,8,62,1.010349,89.77,309.231,1418.728,1,4,compressed_ring_ar
1778537719.3430412,8,63,1.110684,98.21,235.416,1296.111,1,4,compressed_ring_ar
1778537720.7319322,8,64,1.007428,94.77,226.421,1346.395,1,4,compressed_ring_ar
1778537722.0347805,8,65,0.990244,101.95,246.796,1247.97,1,4,compressed_ring_ar
1778537723.2969718,8,66,1.003192,105.6,222.997,1204.833,1,4,compressed_ring_ar
1778537724.6419375,8,67,0.976571,98.13,221.987,1302.884,1,4,compressed_ring_ar
1778537725.9562306,8,68,0.96682,100.72,220.3,1263.568,1,4,compressed_ring_ar
1778537727.3468096,8,69,1.09385,94.94,215.452,1346.782,1,4,compressed_ring_ar
1778537728.7506964,8,70,1.027202,94.11,239.138,1358.701,1,4,compressed_ring_ar
1778537729.93749,8,71,0.971107,112.46,158.004,1133.523,1,4,compressed_ring_ar
1778537731.317583,8,72,0.947666,95.45,465.888,1334.169,1,4,compressed_ring_ar
1778537732.5751677,8,73,0.959382,105.16,224.108,1211.909,1,4,compressed_ring_ar
1778537733.7251546,8,74,1.01226,115.93,382.705,1099.796,1,4,compressed_ring_ar
1778537735.1560283,8,75,1.005658,93.21,284.101,1366.177,1,4,compressed_ring_ar
1778537736.2866948,8,76,1.070266,118.48,210.673,1079.002,1,4,compressed_ring_ar
1778537737.562612,8,77,0.957158,105.21,190.254,1212.103,1,4,compressed_ring_ar
1778537738.8401577,8,78,1.108555,103.51,298.73,1231.615,1,4,compressed_ring_ar
1778537740.0873954,8,79,0.930238,106.71,197.976,1193.959,1,4,compressed_ring_ar
1778537741.2897398,8,80,1.022761,109.76,153.51,1165.022,1,4,compressed_ring_ar
1778537742.69494,8,81,0.956288,94.96,209.016,1345.271,1,4,compressed_ring_ar
1778537744.276352,8,82,0.992705,83.24,347.531,1528.968,1,4,compressed_ring_ar
1778537745.4591818,8,83,1.074114,111.3,172.142,1141.747,1,4,compressed_ring_ar
1778537746.6304212,8,84,1.069662,112.32,223.092,1138.228,1,4,compressed_ring_ar
1778537748.0415974,8,85,1.095383,94.04,215.408,1357.28,1,4,compressed_ring_ar
1778537749.312571,8,86,0.930804,104.86,226.041,1212.695,1,4,compressed_ring_ar
1778537750.4439628,8,87,1.061355,118.85,251.422,1071.228,1,4,compressed_ring_ar
1778537751.68821,8,88,0.886503,108.23,206.902,1180.808,1,4,compressed_ring_ar
1778537753.0013113,8,89,1.004722,100.91,198.329,1264.439,1,4,compressed_ring_ar
1778537754.3082697,8,90,1.047162,103.12,200.98,1234.088,1,4,compressed_ring_ar
1778537755.6293538,8,91,0.920346,99.91,209.942,1274.744,1,4,compressed_ring_ar
1778537756.8498185,8,92,1.032895,108.26,228.603,1177.029,1,4,compressed_ring_ar
1778537758.1305172,8,93,1.15693,103.32,198.525,1234.183,1,4,compressed_ring_ar
1778537759.3555758,8,94,1.06442,108.57,205.252,1175.308,1,4,compressed_ring_ar
1778537760.6202872,8,95,1.214504,105.22,273.513,1213.832,1,4,compressed_ring_ar
1778537761.9537418,8,96,0.820004,99.54,338.862,1281.249,1,4,compressed_ring_ar
1778537763.1129992,8,97,0.84882,75.76,234.772,1101.205,1,4,compressed_ring_ar
1778537774.7452567,9,0,1.163062,86.59,224.323,1471.708,1,4,compressed_ring_ar
1778537776.0542085,9,1,1.014196,101.49,169.063,1258.989,1,4,compressed_ring_ar
1778537777.5662515,9,2,0.872225,88.51,476.62,1442.795,1,4,compressed_ring_ar
1778537779.0510397,9,3,0.80207,88.85,290.28,1437.809,1,4,compressed_ring_ar
1778537780.414958,9,4,1.046589,97.35,208.763,1308.882,1,4,compressed_ring_ar
1778537781.6656058,9,5,1.042496,106.39,225.994,1198.104,1,4,compressed_ring_ar
1778537783.0248811,9,6,0.849009,97.13,294.047,1310.521,1,4,compressed_ring_ar
1778537784.4520056,9,7,1.061871,92.23,263.549,1380.043,1,4,compressed_ring_ar
1778537785.6018033,9,8,0.924854,115.66,198.216,1104.39,1,4,compressed_ring_ar
1778537787.083838,9,9,0.978882,89.19,251.052,1429.005,1,4,compressed_ring_ar
1778537788.447253,9,10,0.952862,97.94,259.985,1301.174,1,4,compressed_ring_ar
1778537789.681565,9,11,1.033257,107.47,218.732,1185.427,1,4,compressed_ring_ar
1778537791.0160422,9,12,0.944292,98.99,256.113,1289.308,1,4,compressed_ring_ar
1778537792.306258,9,13,1.045225,102.38,195.526,1246.112,1,4,compressed_ring_ar
1778537793.5822978,9,14,1.052026,103.74,212.743,1229.537,1,4,compressed_ring_ar
1778537794.989998,9,15,1.029649,94.9,294.758,1342.601,1,4,compressed_ring_ar
1778537796.200528,9,16,1.040716,109.39,221.968,1165.698,1,4,compressed_ring_ar
1778537797.435131,9,17,0.973867,109.1,262.099,1171.851,1,4,compressed_ring_ar
1778537798.8856504,9,18,0.970858,91.9,199.872,1391.472,1,4,compressed_ring_ar
1778537800.2217872,9,19,1.09509,99.15,340.441,1284.818,1,4,compressed_ring_ar
1778537801.5658731,9,20,1.074195,98.51,370.187,1297.996,1,4,compressed_ring_ar
1778537802.8665,9,21,1.003819,102.01,201.845,1247.375,1,4,compressed_ring_ar
1778537804.1496007,9,22,1.169327,103.76,308.249,1232.634,1,4,compressed_ring_ar
1778537805.5173628,9,23,1.005158,98.67,264.895,1295.177,1,4,compressed_ring_ar
1778537806.8122554,9,24,0.865017,102.7,182.855,1240.645,1,4,compressed_ring_ar
1778537808.1838384,9,25,1.194821,96.24,329.414,1324.11,1,4,compressed_ring_ar
1778537809.3984196,9,26,0.965176,110.04,233.045,1157.692,1,4,compressed_ring_ar
1778537810.644378,9,27,1.058985,106.38,283.447,1199.304,1,4,compressed_ring_ar
1778537811.9928071,9,28,0.894515,98.03,189.957,1301.285,1,4,compressed_ring_ar
1778537813.4081368,9,29,1.077479,93.51,191.532,1361.48,1,4,compressed_ring_ar
1778537814.6300783,9,30,1.094555,107.87,347.333,1179.229,1,4,compressed_ring_ar
1778537815.9225214,9,31,1.140195,102.09,186.742,1246.083,1,4,compressed_ring_ar
1778537817.0605812,9,32,0.848731,116.32,183.763,1098.98,1,4,compressed_ring_ar
1778537818.382881,9,33,0.869067,100.13,191.786,1277.154,1,4,compressed_ring_ar
1778537819.798799,9,34,1.051737,94.1,214.336,1355.768,1,4,compressed_ring_ar
1778537821.104433,9,35,0.896613,101.65,287.378,1257.878,1,4,compressed_ring_ar
1778537822.417127,9,36,1.155451,101.5,267.308,1256.886,1,4,compressed_ring_ar
1778537823.6277475,9,37,0.971034,110.5,175.388,1156.041,1,4,compressed_ring_ar
1778537825.0047748,9,38,1.10961,96.25,208.417,1325.24,1,4,compressed_ring_ar
1778537826.2798502,9,39,1.090807,104.6,235.141,1219.172,1,4,compressed_ring_ar
1778537827.6942177,9,40,0.93028,93.01,305.618,1369.124,1,4,compressed_ring_ar
1778537829.0133307,9,41,0.894007,99.74,294.052,1277.79,1,4,compressed_ring_ar
1778537830.269942,9,42,1.055272,105.46,192.555,1207.937,1,4,compressed_ring_ar
1778537831.5710099,9,43,1.017987,101.82,220.263,1254.793,1,4,compressed_ring_ar
1778537833.0867476,9,44,0.973698,87.36,199.98,1459.891,1,4,compressed_ring_ar
1778537834.3919728,9,45,0.940823,103.82,205.503,1231.768,1,4,compressed_ring_ar
1778537835.814605,9,46,0.983968,93.08,258.445,1373.81,1,4,compressed_ring_ar
1778537837.0490096,9,47,0.919132,107.74,162.735,1186.273,1,4,compressed_ring_ar
1778537838.410791,9,48,0.864481,97.53,209.586,1306.412,1,4,compressed_ring_ar
1778537839.6936138,9,49,0.925518,103.09,199.866,1236.808,1,4,compressed_ring_ar
1778537840.9987926,9,50,1.093443,101.4,203.402,1254.727,1,4,compressed_ring_ar
1778537842.206605,9,51,1.078757,111.07,200.551,1150.358,1,4,compressed_ring_ar
1778537843.6187634,9,52,1.24689,93.85,207.741,1362.547,1,4,compressed_ring_ar
1778537844.9207997,9,53,0.866861,102.29,190.434,1244.112,1,4,compressed_ring_ar
1778537846.2324867,9,54,1.003839,101.09,293.258,1257.262,1,4,compressed_ring_ar
1778537847.4434576,9,55,0.865198,109.42,201.671,1165.509,1,4,compressed_ring_ar
1778537848.7113676,9,56,1.082052,104.39,245.905,1219.288,1,4,compressed_ring_ar
1778537850.0933359,9,57,0.725436,95.24,238.392,1336.439,1,4,compressed_ring_ar
1778537851.3944743,9,58,0.943079,101.84,277.416,1252.153,1,4,compressed_ring_ar
1778537852.737873,9,59,1.015927,98.49,297.146,1295.101,1,4,compressed_ring_ar
1778537854.0045524,9,60,0.956093,104.55,206.919,1222.713,1,4,compressed_ring_ar
1778537855.3451297,9,61,1.058338,98.77,362.26,1291.244,1,4,compressed_ring_ar
1778537856.8705997,9,62,1.071742,86.23,219.107,1482.37,1,4,compressed_ring_ar
1778537858.105164,9,63,1.107801,108.14,231.278,1182.308,1,4,compressed_ring_ar
1778537859.4686408,9,64,0.927416,97.78,236.11,1303.498,1,4,compressed_ring_ar
1778537860.8520477,9,65,1.071631,95.44,224.369,1337.251,1,4,compressed_ring_ar
1778537862.1746953,9,66,0.898584,99.97,248.206,1274.356,1,4,compressed_ring_ar
1778537863.5122938,9,67,0.899188,99.21,324.965,1285.724,1,4,compressed_ring_ar
1778537864.9622297,9,68,0.944553,91.58,222.712,1392.927,1,4,compressed_ring_ar
1778537866.226587,9,69,0.82767,104.3,212.701,1223.322,1,4,compressed_ring_ar
1778537867.5510068,9,70,1.036642,100.65,263.517,1264.809,1,4,compressed_ring_ar
1778537868.8592284,9,71,1.018719,101.17,233.188,1262.266,1,4,compressed_ring_ar
1778537870.214336,9,72,1.023483,98.01,207.071,1302.054,1,4,compressed_ring_ar
1778537871.535984,9,73,1.040397,100.95,209.901,1263.474,1,4,compressed_ring_ar
1778537872.741443,9,74,0.950951,111.07,201.781,1147.955,1,4,compressed_ring_ar
1778537874.2051556,9,75,1.089797,90.16,228.421,1414.557,1,4,compressed_ring_ar
1778537875.4272895,9,76,0.855703,111.2,302.378,1143.93,1,4,compressed_ring_ar
1778537876.7237191,9,77,0.877266,102.56,327.783,1240.619,1,4,compressed_ring_ar
1778537877.9775176,9,78,0.972115,105.39,210.625,1207.594,1,4,compressed_ring_ar
1778537879.2080562,9,79,0.897412,107.45,204.193,1184.45,1,4,compressed_ring_ar
1778537880.4618652,9,80,0.963237,105.28,197.469,1213.833,1,4,compressed_ring_ar
1778537881.8137307,9,81,0.981692,97.87,290.083,1306.419,1,4,compressed_ring_ar
1778537883.0995014,9,82,0.983212,103.63,280.795,1231.228,1,4,compressed_ring_ar
1778537884.4303517,9,83,1.017051,100.3,220.279,1274.902,1,4,compressed_ring_ar
1778537886.0720913,9,84,1.000691,81.23,337.314,1569.54,1,4,compressed_ring_ar
1778537887.4226472,9,85,1.010196,98.27,223.757,1296.037,1,4,compressed_ring_ar
1778537888.7564063,9,86,0.947204,99.76,266.213,1281.76,1,4,compressed_ring_ar
1778537890.0044186,9,87,0.924995,107.32,379.171,1188.88,1,4,compressed_ring_ar
1778537891.362199,9,88,1.106123,98.15,248.857,1296.449,1,4,compressed_ring_ar
1778537892.5205085,9,89,1.028919,113.87,264.741,1122.937,1,4,compressed_ring_ar
1778537894.0155811,9,90,0.953533,89.95,346.871,1417.538,1,4,compressed_ring_ar
1778537895.193592,9,91,0.905665,113.5,181.98,1125.431,1,4,compressed_ring_ar
1778537896.6199806,9,92,0.940027,92.97,263.424,1372.675,1,4,compressed_ring_ar
1778537898.0018895,9,93,0.906253,96.16,237.801,1329.777,1,4,compressed_ring_ar
1778537899.3381462,9,94,1.250143,99.68,217.282,1282.75,1,4,compressed_ring_ar
1778537900.7476058,9,95,0.902319,93.46,199.87,1365.286,1,4,compressed_ring_ar
1778537902.088455,9,96,0.909462,98.85,194.441,1287.501,1,4,compressed_ring_ar
1778537903.2718897,9,97,1.039533,73.02,283.423,1145.091,1,4,compressed_ring_ar
1778537914.981688,10,0,0.966498,97.02,186.38,1313.836,1,4,compressed_ring_ar
1778537916.4076562,10,1,0.915737,93.18,234.44,1369.994,1,4,compressed_ring_ar
1778537917.9734414,10,2,0.981632,85.16,252.56,1495.758,1,4,compressed_ring_ar
1778537919.2735856,10,3,1.097346,101.9,185.383,1253.152,1,4,compressed_ring_ar
1778537920.7203877,10,4,1.004112,91.33,208.143,1400.042,1,4,compressed_ring_ar
1778537922.091059,10,5,1.000096,96.14,240.01,1325.141,1,4,compressed_ring_ar
1778537923.2094557,10,6,0.979818,119.21,206.822,1072.373,1,4,compressed_ring_ar
1778537924.5316882,10,7,1.050045,101.07,290.593,1261.406,1,4,compressed_ring_ar
1778537925.9935997,10,8,1.160528,90.17,200.275,1413.546,1,4,compressed_ring_ar
1778537927.2697997,10,9,0.812155,104.39,249.738,1218.092,1,4,compressed_ring_ar
1778537928.6438575,10,10,0.873949,96.29,244.048,1321.714,1,4,compressed_ring_ar
1778537930.0290148,10,11,1.079714,95.1,213.321,1340.185,1,4,compressed_ring_ar
1778537931.3649044,10,12,0.902436,98.72,228.527,1289.038,1,4,compressed_ring_ar
1778537932.7011762,10,13,0.958149,98.44,205.788,1294.249,1,4,compressed_ring_ar
1778537934.0209806,10,14,0.956027,100.28,239.657,1270.544,1,4,compressed_ring_ar
1778537935.3128176,10,15,0.996401,103.41,209.782,1232.907,1,4,compressed_ring_ar
1778537936.7057838,10,16,0.846105,94.58,388.3,1348.371,1,4,compressed_ring_ar
1778537937.9855936,10,17,1.022282,102.87,209.459,1237.192,1,4,compressed_ring_ar
1778537939.3333259,10,18,0.964248,98.57,314.545,1294.176,1,4,compressed_ring_ar
1778537940.6387835,10,19,0.762683,102.29,195.312,1247.184,1,4,compressed_ring_ar
1778537941.8849251,10,20,0.933189,106.92,195.706,1192.539,1,4,compressed_ring_ar
1778537943.2347705,10,21,0.914069,98.09,195.765,1303.546,1,4,compressed_ring_ar
1778537944.5390608,10,22,0.937491,101.19,203.098,1260.764,1,4,compressed_ring_ar
1778537945.8827977,10,23,1.079278,97.97,199.742,1301.952,1,4,compressed_ring_ar
1778537947.4086661,10,24,0.962257,86.75,264.682,1469.297,1,4,compressed_ring_ar
1778537948.6470988,10,25,0.987407,107.85,220.138,1185.288,1,4,compressed_ring_ar
1778537949.9619281,10,26,0.961462,100.9,200.514,1263.791,1,4,compressed_ring_ar
1778537951.3095229,10,27,1.022434,98.33,219.736,1293.922,1,4,compressed_ring_ar
1778537952.4400294,10,28,0.962208,120.28,242.906,1060.122,1,4,compressed_ring_ar
1778537953.805484,10,29,0.804458,96.81,322.149,1316.709,1,4,compressed_ring_ar
1778537955.133092,10,30,1.001037,100.45,283.973,1270.061,1,4,compressed_ring_ar
1778537956.465967,10,31,0.894318,98.95,201.942,1287.839,1,4,compressed_ring_ar
1778537957.7146888,10,32,0.834499,106.2,317.583,1201.335,1,4,compressed_ring_ar
1778537958.9724917,10,33,1.094894,105.44,260.76,1206.71,1,4,compressed_ring_ar
1778537960.1266348,10,34,0.955514,115.43,207.342,1103.206,1,4,compressed_ring_ar
1778537961.5554233,10,35,0.848889,92.32,212.158,1383.371,1,4,compressed_ring_ar
1778537962.787161,10,36,0.825308,107.22,204.335,1191.194,1,4,compressed_ring_ar
1778537964.0649762,10,37,0.853216,104.11,233.303,1223.068,1,4,compressed_ring_ar
1778537965.3880446,10,38,0.942935,101.06,312.07,1262.984,1,4,compressed_ring_ar
1778537966.7013958,10,39,0.967771,102.2,240.185,1248.657,1,4,compressed_ring_ar
1778537968.0688655,10,40,1.185307,97.35,335.706,1310.315,1,4,compressed_ring_ar
1778537969.4015982,10,41,0.976516,99.59,337.852,1281.435,1,4,compressed_ring_ar
1778537970.764659,10,42,0.838055,97.6,275.956,1305.165,1,4,compressed_ring_ar
1778537972.2089102,10,43,0.934517,91.49,242.574,1394.155,1,4,compressed_ring_ar
1778537973.6640873,10,44,0.891637,90.57,209.276,1408.726,1,4,compressed_ring_ar
1778537975.104148,10,45,1.200876,91.65,227.45,1389.005,1,4,compressed_ring_ar
1778537976.337642,10,46,1.021801,107.9,218.489,1182.57,1,4,compressed_ring_ar
1778537977.7161794,10,47,0.962715,96.46,194.64,1321.692,1,4,compressed_ring_ar
1778537979.080647,10,48,1.055942,96.54,281.287,1324.643,1,4,compressed_ring_ar
1778537980.479664,10,49,0.919635,94.95,306.415,1343.755,1,4,compressed_ring_ar
1778537981.7046194,10,50,0.913783,108.34,203.804,1180.083,1,4,compressed_ring_ar
1778537983.196673,10,51,1.006286,88.46,197.094,1439.781,1,4,compressed_ring_ar
1778537984.4384885,10,52,0.879201,107.49,231.293,1186.411,1,4,compressed_ring_ar
1778537985.7758627,10,53,0.886131,98.55,216.944,1293.218,1,4,compressed_ring_ar
1778537987.064581,10,54,0.996843,102.43,202.153,1242.842,1,4,compressed_ring_ar
1778537988.487153,10,55,1.163882,92.82,229.738,1377.814,1,4,compressed_ring_ar
1778537989.5764375,10,56,1.032614,125.43,263.092,1015.058,1,4,compressed_ring_ar
1778537990.915838,10,57,0.881191,98.44,210.41,1298.196,1,4,compressed_ring_ar
1778537992.2957036,10,58,1.015825,95.99,255.161,1325.568,1,4,compressed_ring_ar
1778537993.5770178,10,59,1.024172,103.17,350.362,1239.214,1,4,compressed_ring_ar
1778537994.9515896,10,60,1.007116,96.41,221.484,1323.075,1,4,compressed_ring_ar
1778537996.3471422,10,61,0.977468,94.74,295.834,1342.58,1,4,compressed_ring_ar
1778537997.519134,10,62,1.00125,113.56,215.867,1125.812,1,4,compressed_ring_ar
1778537998.91228,10,63,0.943353,95.33,225.421,1338.359,1,4,compressed_ring_ar
1778538000.2405493,10,64,0.815928,100.03,247.27,1274.622,1,4,compressed_ring_ar
1778538001.5365384,10,65,0.981135,102.69,196.085,1244.479,1,4,compressed_ring_ar
1778538002.9225867,10,66,1.01145,95.7,304.526,1332.944,1,4,compressed_ring_ar
1778538004.3671315,10,67,0.975928,91.25,251.011,1401.407,1,4,compressed_ring_ar
1778538005.5755115,10,68,0.880343,112.15,206.689,1136.737,1,4,compressed_ring_ar
1778538006.9246385,10,69,1.11008,97.61,300.278,1305.83,1,4,compressed_ring_ar
1778538008.2867255,10,70,0.770164,97.3,280.915,1307.261,1,4,compressed_ring_ar
1778538009.515375,10,71,1.029535,107.49,224.749,1189.42,1,4,compressed_ring_ar
1778538010.9288254,10,72,0.849435,93.42,233.383,1364.108,1,4,compressed_ring_ar
1778538012.3119855,10,73,1.040266,95.79,222.475,1327.82,1,4,compressed_ring_ar
1778538013.5145555,10,74,0.865333,110.27,193.549,1158.583,1,4,compressed_ring_ar
1778538014.987775,10,75,0.875062,89.17,184.904,1427.847,1,4,compressed_ring_ar
1778538016.1954844,10,76,0.971042,109.68,227.604,1164.795,1,4,compressed_ring_ar
1778538017.5674858,10,77,1.15702,96.17,233.148,1323.458,1,4,compressed_ring_ar
1778538018.7602296,10,78,1.011899,110.9,207.082,1149.026,1,4,compressed_ring_ar
1778538020.0961556,10,79,1.119229,99.14,318.618,1287.276,1,4,compressed_ring_ar
1778538021.3140955,10,80,0.920413,110.47,205.956,1157.274,1,4,compressed_ring_ar
1778538022.612065,10,81,1.034243,102.07,195.481,1248.268,1,4,compressed_ring_ar
1778538023.8060637,10,82,0.843342,112.39,204.106,1134.0,1,4,compressed_ring_ar
1778538025.197658,10,83,1.049237,94.75,202.159,1349.534,1,4,compressed_ring_ar
1778538026.5707643,10,84,0.858489,96.29,203.484,1324.742,1,4,compressed_ring_ar
1778538027.973867,10,85,0.929116,94.11,193.945,1352.44,1,4,compressed_ring_ar
1778538029.2064142,10,86,0.794892,107.37,205.376,1185.32,1,4,compressed_ring_ar
1778538030.4145224,10,87,0.848154,109.77,224.423,1160.204,1,4,compressed_ring_ar
1778538031.7068765,10,88,0.999117,102.51,195.244,1247.214,1,4,compressed_ring_ar
1778538032.9844825,10,89,1.099037,103.46,246.804,1235.738,1,4,compressed_ring_ar
1778538034.2828507,10,90,1.15419,102.68,236.029,1245.198,1,4,compressed_ring_ar
1778538035.6645012,10,91,1.007088,96.96,211.847,1310.521,1,4,compressed_ring_ar
1778538037.006167,10,92,0.970908,98.73,271.497,1287.244,1,4,compressed_ring_ar
1778538038.312744,10,93,0.979869,101.53,236.622,1256.06,1,4,compressed_ring_ar
1778538039.6364403,10,94,0.91706,103.03,190.397,1234.916,1,4,compressed_ring_ar
1778538040.8713615,10,95,1.034619,106.99,214.544,1188.991,1,4,compressed_ring_ar
1778538042.1382804,10,96,0.853348,104.64,184.108,1219.049,1,4,compressed_ring_ar
1778538043.3979912,10,97,0.965886,68.86,287.942,1214.088,1,4,compressed_ring_ar
1778538055.4987614,11,0,0.974481,80.46,298.791,1589.909,1,4,compressed_ring_ar
1778538056.857531,11,1,0.882395,98.25,168.066,1301.387,1,4,compressed_ring_ar
1778538058.2609177,11,2,0.923095,93.87,260.655,1362.179,1,4,compressed_ring_ar
1778538059.5818987,11,3,0.930051,101.59,321.195,1256.044,1,4,compressed_ring_ar
1778538060.9844337,11,4,0.956782,95.64,218.479,1333.048,1,4,compressed_ring_ar
1778538062.3740332,11,5,0.94367,95.7,204.252,1332.985,1,4,compressed_ring_ar
1778538063.658989,11,6,0.982253,103.1,240.539,1236.344,1,4,compressed_ring_ar
1778538065.0718079,11,7,0.955889,93.32,301.816,1366.061,1,4,compressed_ring_ar
1778538066.5698338,11,8,0.939716,89.55,221.808,1427.958,1,4,compressed_ring_ar
1778538068.001664,11,9,1.016896,93.12,329.723,1370.664,1,4,compressed_ring_ar
1778538069.4119062,11,10,1.070577,94.68,207.116,1349.806,1,4,compressed_ring_ar
1778538070.7111611,11,11,1.029531,102.18,205.276,1246.898,1,4,compressed_ring_ar
1778538071.9059193,11,12,0.925897,110.74,215.086,1151.549,1,4,compressed_ring_ar
1778538073.185049,11,13,1.174174,103.82,210.684,1229.606,1,4,compressed_ring_ar
1778538074.3530185,11,14,0.93693,113.78,217.667,1123.92,1,4,compressed_ring_ar
1778538075.6708264,11,15,0.998368,101.66,202.329,1257.026,1,4,compressed_ring_ar
1778538076.9884844,11,16,0.840644,101.17,263.908,1258.754,1,4,compressed_ring_ar
1778538078.266883,11,17,1.085663,104.15,201.452,1227.561,1,4,compressed_ring_ar
1778538079.6794455,11,18,0.968659,93.4,196.492,1366.806,1,4,compressed_ring_ar
1778538081.0760436,11,19,1.094773,95.19,193.452,1339.3,1,4,compressed_ring_ar
1778538082.3934464,11,20,1.067717,100.15,222.856,1270.289,1,4,compressed_ring_ar
1778538083.7814322,11,21,0.865292,95.27,235.313,1336.558,1,4,compressed_ring_ar
1778538085.180972,11,22,0.804771,93.97,214.656,1356.911,1,4,compressed_ring_ar
1778538086.5419543,11,23,0.877982,97.36,228.923,1313.226,1,4,compressed_ring_ar
1778538087.9198723,11,24,1.003976,95.93,195.281,1328.675,1,4,compressed_ring_ar
1778538089.1856427,11,25,0.968843,104.85,212.989,1212.408,1,4,compressed_ring_ar
1778538090.4636264,11,26,1.007327,103.11,248.387,1233.517,1,4,compressed_ring_ar
1778538091.8813534,11,27,0.855603,94.62,254.629,1351.544,1,4,compressed_ring_ar
1778538093.2582135,11,28,0.871966,96.76,199.836,1321.532,1,4,compressed_ring_ar
1778538094.551275,11,29,1.055759,103.0,243.998,1238.483,1,4,compressed_ring_ar
1778538095.8701086,11,30,0.768463,100.44,289.962,1270.565,1,4,compressed_ring_ar
1778538097.1903567,11,31,0.846691,101.04,205.676,1259.294,1,4,compressed_ring_ar
1778538098.4194312,11,32,0.867573,107.5,195.255,1183.345,1,4,compressed_ring_ar
1778538099.7287247,11,33,0.928686,100.99,188.39,1263.114,1,4,compressed_ring_ar
1778538101.1677103,11,34,0.933077,91.73,245.895,1388.012,1,4,compressed_ring_ar
1778538102.4003284,11,35,0.807051,107.32,222.428,1191.265,1,4,compressed_ring_ar
1778538103.813769,11,36,1.015836,93.42,200.61,1368.042,1,4,compressed_ring_ar
1778538105.1255972,11,37,1.158862,101.49,204.468,1256.03,1,4,compressed_ring_ar
1778538106.3742394,11,38,0.83759,105.67,203.486,1206.991,1,4,compressed_ring_ar
1778538107.6543224,11,39,0.931055,103.7,306.883,1227.713,1,4,compressed_ring_ar
1778538109.0338285,11,40,0.91317,96.93,244.427,1318.19,1,4,compressed_ring_ar
1778538110.1732464,11,41,0.826875,118.9,286.712,1075.183,1,4,compressed_ring_ar
1778538111.4575775,11,42,1.048566,105.15,228.66,1215.632,1,4,compressed_ring_ar
1778538112.723246,11,43,0.883842,105.27,145.163,1214.773,1,4,compressed_ring_ar
1778538114.1077683,11,44,0.917043,98.38,348.947,1296.857,1,4,compressed_ring_ar
1778538115.4313014,11,45,1.058563,101.64,373.765,1253.644,1,4,compressed_ring_ar
1778538116.6677678,11,46,1.026961,106.81,210.438,1190.863,1,4,compressed_ring_ar
1778538118.152658,11,47,1.031205,88.88,242.248,1434.726,1,4,compressed_ring_ar
1778538119.3991134,11,48,0.914927,106.82,274.049,1188.023,1,4,compressed_ring_ar
1778538120.7135856,11,49,0.89822,100.0,291.926,1275.157,1,4,compressed_ring_ar
1778538122.0127208,11,50,1.009795,102.09,247.17,1247.236,1,4,compressed_ring_ar
1778538123.1854784,11,51,0.898029,113.01,196.332,1127.608,1,4,compressed_ring_ar
1778538124.5117455,11,52,0.950349,99.98,223.284,1275.829,1,4,compressed_ring_ar
1778538125.8648863,11,53,1.009747,97.65,366.775,1307.802,1,4,compressed_ring_ar
1778538127.2901955,11,54,0.905243,93.9,279.935,1356.488,1,4,compressed_ring_ar
1778538128.5139112,11,55,0.836478,109.7,231.149,1164.282,1,4,compressed_ring_ar
1778538129.8153832,11,56,0.96409,102.06,186.584,1247.533,1,4,compressed_ring_ar
1778538131.006181,11,57,0.827458,112.89,212.237,1129.189,1,4,compressed_ring_ar
1778538132.2013261,11,58,1.009027,111.28,215.924,1144.698,1,4,compressed_ring_ar
1778538133.5413606,11,59,1.053689,98.38,359.777,1296.752,1,4,compressed_ring_ar
1778538135.0600915,11,60,0.956222,88.65,331.237,1438.083,1,4,compressed_ring_ar
1778538136.2623055,11,61,0.914345,111.73,259.08,1140.114,1,4,compressed_ring_ar
1778538137.4414797,11,62,1.044872,113.88,162.051,1121.313,1,4,compressed_ring_ar
1778538138.8091488,11,63,0.933319,96.79,224.994,1320.617,1,4,compressed_ring_ar
1778538140.0833526,11,64,0.915327,104.7,180.702,1221.333,1,4,compressed_ring_ar
1778538141.2649305,11,65,1.084329,113.21,230.045,1127.917,1,4,compressed_ring_ar
1778538142.6061366,11,66,1.055344,98.61,258.326,1292.857,1,4,compressed_ring_ar
1778538143.8137636,11,67,0.94404,110.13,179.899,1158.655,1,4,compressed_ring_ar
1778538145.2320757,11,68,0.888291,93.55,301.414,1360.608,1,4,compressed_ring_ar
1778538146.452011,11,69,0.974437,108.78,211.821,1175.519,1,4,compressed_ring_ar
1778538147.8200672,11,70,0.987701,97.29,277.646,1305.693,1,4,compressed_ring_ar
1778538149.1851401,11,71,0.939474,96.21,221.66,1320.604,1,4,compressed_ring_ar
1778538150.3597271,11,72,0.988972,112.17,224.148,1137.27,1,4,compressed_ring_ar
1778538151.7408936,11,73,0.879117,95.83,218.126,1328.359,1,4,compressed_ring_ar
1778538153.0991592,11,74,0.79095,96.94,229.286,1319.081,1,4,compressed_ring_ar
1778538154.481293,11,75,0.937334,97.13,198.655,1316.42,1,4,compressed_ring_ar
1778538155.7995121,11,76,0.836881,100.2,201.866,1276.359,1,4,compressed_ring_ar
1778538157.183428,11,77,0.860747,96.12,198.773,1324.187,1,4,compressed_ring_ar
1778538158.3896964,11,78,0.914816,111.3,211.177,1144.742,1,4,compressed_ring_ar
1778538159.7119024,11,79,0.818249,99.52,342.203,1280.005,1,4,compressed_ring_ar
1778538160.968175,11,80,0.980964,105.39,197.66,1211.914,1,4,compressed_ring_ar
1778538162.26412,11,81,0.859982,102.24,204.901,1247.719,1,4,compressed_ring_ar
1778538163.589734,11,82,0.679169,100.46,206.28,1272.855,1,4,compressed_ring_ar
1778538164.9130137,11,83,0.936953,100.09,212.16,1273.745,1,4,compressed_ring_ar
1778538166.1488304,11,84,0.996625,108.16,326.356,1181.446,1,4,compressed_ring_ar
1778538167.5808918,11,85,0.811831,92.45,305.991,1381.072,1,4,compressed_ring_ar
1778538168.8401878,11,86,0.853038,105.32,215.525,1210.845,1,4,compressed_ring_ar
1778538170.0938141,11,87,0.834627,105.58,211.004,1208.434,1,4,compressed_ring_ar
1778538171.3416219,11,88,0.808663,106.93,225.847,1193.456,1,4,compressed_ring_ar
1778538172.59909,11,89,0.840737,105.49,261.531,1206.86,1,4,compressed_ring_ar
1778538173.8160665,11,90,0.836275,110.62,209.137,1152.811,1,4,compressed_ring_ar
1778538175.0967011,11,91,0.87264,103.96,190.149,1229.176,1,4,compressed_ring_ar
1778538176.3900168,11,92,0.937877,102.44,191.809,1244.685,1,4,compressed_ring_ar
1778538177.7095373,11,93,0.9207,100.9,226.337,1262.07,1,4,compressed_ring_ar
1778538179.0390892,11,94,0.829965,101.16,245.227,1259.028,1,4,compressed_ring_ar
1778538180.3686073,11,95,0.814253,99.68,289.056,1276.201,1,4,compressed_ring_ar
1778538181.7391992,11,96,1.001931,95.99,269.486,1326.386,1,4,compressed_ring_ar
1778538182.9274774,11,97,1.028302,72.85,214.553,1147.504,1,4,compressed_ring_ar
1778538194.5252354,12,0,0.786349,93.57,294.804,1363.313,1,4,compressed_ring_ar
1778538196.0020547,12,1,0.824996,89.94,384.728,1418.369,1,4,compressed_ring_ar
1778538197.3590155,12,2,0.784682,97.2,241.42,1309.789,1,4,compressed_ring_ar
1778538198.6280072,12,3,0.878261,107.74,280.136,1183.186,1,4,compressed_ring_ar
1778538199.954521,12,4,0.923094,100.35,197.668,1271.297,1,4,compressed_ring_ar
1778538201.263081,12,5,0.845721,102.16,308.789,1242.875,1,4,compressed_ring_ar
1778538202.4390388,12,6,0.960045,112.11,214.34,1139.138,1,4,compressed_ring_ar
1778538203.9155467,12,7,0.836317,90.09,230.793,1416.796,1,4,compressed_ring_ar
1778538205.3456848,12,8,1.045216,92.56,224.636,1378.17,1,4,compressed_ring_ar
1778538206.674768,12,9,0.746526,100.47,220.967,1265.443,1,4,compressed_ring_ar
1778538207.8860264,12,10,0.803215,108.93,191.245,1170.454,1,4,compressed_ring_ar
1778538209.1904457,12,11,0.853789,101.22,273.679,1263.357,1,4,compressed_ring_ar
1778538210.6320086,12,12,0.805553,92.02,229.519,1386.582,1,4,compressed_ring_ar
1778538211.8097894,12,13,1.013211,112.98,233.651,1131.548,1,4,compressed_ring_ar
1778538213.0513823,12,14,0.972544,107.15,195.478,1190.393,1,4,compressed_ring_ar
1778538214.365168,12,15,0.987553,100.27,212.833,1275.33,1,4,compressed_ring_ar
1778538215.6636171,12,16,0.933434,103.79,310.624,1227.341,1,4,compressed_ring_ar
1778538216.8616853,12,17,0.918235,110.44,194.157,1157.561,1,4,compressed_ring_ar
1778538218.1108627,12,18,1.039299,107.26,202.292,1188.211,1,4,compressed_ring_ar
1778538219.416373,12,19,0.958786,100.84,220.857,1265.318,1,4,compressed_ring_ar
1778538220.8058398,12,20,0.984474,97.11,300.094,1311.327,1,4,compressed_ring_ar
1778538221.9591267,12,21,0.812571,118.5,263.286,1074.544,1,4,compressed_ring_ar
1778538223.1875238,12,22,1.04978,107.88,209.557,1184.933,1,4,compressed_ring_ar
1778538224.6275468,12,23,0.829007,91.77,307.383,1385.894,1,4,compressed_ring_ar
1778538225.8413677,12,24,0.848141,108.55,365.989,1172.203,1,4,compressed_ring_ar
1778538227.1618066,12,25,0.93631,100.8,223.08,1263.114,1,4,compressed_ring_ar
1778538228.3727787,12,26,0.818949,109.65,206.841,1160.532,1,4,compressed_ring_ar
1778538229.7289464,12,27,0.884136,97.65,199.761,1303.266,1,4,compressed_ring_ar
1778538230.9402475,12,28,0.835879,111.79,231.133,1140.743,1,4,compressed_ring_ar
1778538232.2734451,12,29,0.988474,98.91,241.66,1288.87,1,4,compressed_ring_ar
1778538233.616083,12,30,0.826543,98.48,198.557,1292.746,1,4,compressed_ring_ar
1778538234.9834986,12,31,0.958941,96.72,269.981,1315.496,1,4,compressed_ring_ar
1778538236.206465,12,32,1.000915,108.39,257.546,1177.954,1,4,compressed_ring_ar
1778538237.5552468,12,33,0.901942,98.93,181.28,1289.05,1,4,compressed_ring_ar
1778538238.8775713,12,34,1.022357,101.19,199.414,1259.17,1,4,compressed_ring_ar
1778538240.076666,12,35,0.9179,110.83,204.504,1150.645,1,4,compressed_ring_ar
1778538241.3016863,12,36,0.841336,108.53,258.024,1171.647,1,4,compressed_ring_ar
1778538242.6230824,12,37,0.933193,99.83,217.811,1276.346,1,4,compressed_ring_ar
1778538243.886975,12,38,0.790184,105.59,219.293,1205.11,1,4,compressed_ring_ar
1778538245.1484632,12,39,0.865755,105.02,304.786,1217.447,1,4,compressed_ring_ar
1778538246.539071,12,40,0.809348,95.07,204.478,1336.914,1,4,compressed_ring_ar
1778538247.7243047,12,41,1.054584,112.44,302.273,1135.548,1,4,compressed_ring_ar
1778538249.0192971,12,42,0.975454,102.36,195.502,1246.131,1,4,compressed_ring_ar
1778538250.3521903,12,43,0.977076,99.68,211.009,1279.551,1,4,compressed_ring_ar
1778538251.58202,12,44,0.987045,108.08,203.52,1183.158,1,4,compressed_ring_ar
1778538252.918424,12,45,0.904639,100.1,298.707,1273.449,1,4,compressed_ring_ar
1778538254.554326,12,46,1.016736,81.67,261.27,1566.299,1,4,compressed_ring_ar
1778538255.896397,12,47,0.710879,101.31,222.254,1258.682,1,4,compressed_ring_ar
1778538257.29973,12,48,0.915811,95.08,243.462,1339.089,1,4,compressed_ring_ar
1778538258.586038,12,49,0.85713,104.75,278.987,1220.709,1,4,compressed_ring_ar
1778538259.9923325,12,50,1.058472,96.02,230.685,1328.337,1,4,compressed_ring_ar
1778538261.2431703,12,51,0.893241,106.25,263.49,1199.693,1,4,compressed_ring_ar
1778538262.5446782,12,52,1.027781,101.35,209.227,1259.353,1,4,compressed_ring_ar
1778538263.9411733,12,53,0.973353,94.57,206.424,1352.114,1,4,compressed_ring_ar
1778538265.596169,12,54,0.8925,80.32,317.953,1588.105,1,4,compressed_ring_ar
1778538266.8725371,12,55,0.831254,105.09,408.809,1212.911,1,4,compressed_ring_ar
1778538268.1455305,12,56,0.798584,105.11,228.812,1209.005,1,4,compressed_ring_ar
1778538269.3864684,12,57,0.93934,106.58,209.771,1197.104,1,4,compressed_ring_ar
1778538270.7298884,12,58,0.841591,98.13,185.154,1302.382,1,4,compressed_ring_ar
1778538272.031883,12,59,0.97336,101.64,341.312,1254.939,1,4,compressed_ring_ar
1778538273.3656926,12,60,0.886731,100.34,328.714,1268.031,1,4,compressed_ring_ar
1778538274.6469944,12,61,0.965045,103.19,227.824,1232.91,1,4,compressed_ring_ar
1778538275.9569073,12,62,0.960294,101.31,278.955,1262.089,1,4,compressed_ring_ar
1778538277.2689216,12,63,0.934734,101.89,253.126,1250.142,1,4,compressed_ring_ar
1778538278.58382,12,64,0.983516,100.49,190.146,1272.416,1,4,compressed_ring_ar
1778538280.0885746,12,65,0.928249,87.65,333.294,1455.61,1,4,compressed_ring_ar
1778538281.3658612,12,66,0.845997,104.13,250.128,1224.172,1,4,compressed_ring_ar
1778538282.7156515,12,67,0.963258,98.07,225.543,1297.785,1,4,compressed_ring_ar
1778538283.8912492,12,68,0.92908,113.07,277.996,1128.242,1,4,compressed_ring_ar
1778538285.1856432,12,69,0.916053,102.43,205.041,1248.33,1,4,compressed_ring_ar
1778538286.556367,12,70,1.046469,96.77,287.36,1315.511,1,4,compressed_ring_ar
1778538287.9713771,12,71,0.980111,93.99,328.284,1354.242,1,4,compressed_ring_ar
1778538289.0764332,12,72,0.884759,120.42,241.962,1057.286,1,4,compressed_ring_ar
1778538290.4244006,12,73,0.861084,98.77,206.8,1294.587,1,4,compressed_ring_ar
1778538291.7739358,12,74,0.852566,98.02,187.515,1300.725,1,4,compressed_ring_ar
1778538292.981147,12,75,0.763092,109.14,213.151,1171.626,1,4,compressed_ring_ar
1778538294.3879015,12,76,0.697857,94.73,277.934,1345.433,1,4,compressed_ring_ar
1778538295.722346,12,77,0.834013,100.95,208.383,1260.75,1,4,compressed_ring_ar
1778538297.117114,12,78,0.965721,94.66,366.85,1345.276,1,4,compressed_ring_ar
1778538298.3795898,12,79,0.854162,105.33,190.095,1211.375,1,4,compressed_ring_ar
1778538299.6980705,12,80,0.890882,100.27,221.742,1272.664,1,4,compressed_ring_ar
1778538300.956394,12,81,0.961969,105.11,190.208,1216.41,1,4,compressed_ring_ar
1778538302.219196,12,82,0.862265,105.39,284.752,1213.754,1,4,compressed_ring_ar
1778538303.5762925,12,83,0.922163,98.68,250.52,1290.864,1,4,compressed_ring_ar
1778538304.9006183,12,84,0.901006,100.2,218.766,1276.082,1,4,compressed_ring_ar
1778538306.3675723,12,85,0.871271,90.29,250.038,1411.182,1,4,compressed_ring_ar
1778538307.4041038,12,86,1.071732,129.74,234.715,985.214,1,4,compressed_ring_ar
1778538308.8495638,12,87,0.788696,91.31,167.534,1400.405,1,4,compressed_ring_ar
1778538310.3757944,12,88,0.850472,89.09,510.153,1435.01,1,4,compressed_ring_ar
1778538311.7248461,12,89,0.869115,98.9,230.849,1288.219,1,4,compressed_ring_ar
1778538313.0093439,12,90,0.89206,103.19,193.486,1236.158,1,4,compressed_ring_ar
1778538314.3276718,12,91,0.8501,101.79,219.152,1256.408,1,4,compressed_ring_ar
1778538315.4915473,12,92,0.786833,116.7,241.202,1092.308,1,4,compressed_ring_ar
1778538316.8175333,12,93,1.050157,100.09,215.323,1270.978,1,4,compressed_ring_ar
1778538317.9674213,12,94,1.120637,115.14,203.434,1110.326,1,4,compressed_ring_ar
1778538319.437011,12,95,0.808569,90.4,200.362,1411.237,1,4,compressed_ring_ar
1778538320.7126708,12,96,0.835915,103.48,257.102,1232.946,1,4,compressed_ring_ar
1778538322.033925,12,97,0.642906,65.03,242.136,1284.343,1,4,compressed_ring_ar
1778538333.6828966,13,0,0.986589,88.4,252.163,1441.544,1,4,compressed_ring_ar
1778538334.9750977,13,1,0.885722,105.84,179.138,1205.072,1,4,compressed_ring_ar
1778538336.2340503,13,2,0.919267,105.84,216.142,1206.352,1,4,compressed_ring_ar
1778538337.7664688,13,3,0.870899,85.65,566.267,1490.437,1,4,compressed_ring_ar
1778538339.10002,13,4,0.950012,99.16,244.542,1289.46,1,4,compressed_ring_ar
1778538340.509287,13,5,0.957426,94.07,206.877,1356.13,1,4,compressed_ring_ar
1778538341.6330311,13,6,0.706563,120.99,255.409,1056.041,1,4,compressed_ring_ar
1778538342.997365,13,7,0.95977,100.47,226.523,1264.381,1,4,compressed_ring_ar
1778538344.2417424,13,8,0.988534,106.95,201.494,1190.334,1,4,compressed_ring_ar
1778538345.4512703,13,9,0.917167,109.19,330.424,1168.422,1,4,compressed_ring_ar
1778538346.9436553,13,10,1.012035,88.07,305.609,1451.963,1,4,compressed_ring_ar
1778538348.3508084,13,11,0.918147,93.86,254.808,1357.507,1,4,compressed_ring_ar
1778538349.5704813,13,12,0.910598,109.99,187.603,1156.419,1,4,compressed_ring_ar
1778538350.8752174,13,13,0.862377,101.21,201.453,1260.838,1,4,compressed_ring_ar
1778538352.2393699,13,14,0.84944,97.77,333.216,1305.646,1,4,compressed_ring_ar
1778538353.546438,13,15,0.741116,100.98,225.018,1258.477,1,4,compressed_ring_ar
1778538354.9471216,13,16,0.852224,93.82,216.843,1363.105,1,4,compressed_ring_ar
1778538356.226297,13,17,0.907553,103.96,180.085,1229.48,1,4,compressed_ring_ar
1778538357.6017976,13,18,0.854143,96.06,684.371,1325.476,1,4,compressed_ring_ar
1778538358.9672246,13,19,0.7503,97.01,256.64,1316.868,1,4,compressed_ring_ar
1778538360.2593477,13,20,0.94037,102.66,198.088,1244.226,1,4,compressed_ring_ar
1778538361.6436086,13,21,0.810571,95.87,215.785,1327.298,1,4,compressed_ring_ar
1778538363.041032,13,22,1.054407,94.33,216.444,1355.571,1,4,compressed_ring_ar
1778538364.3239844,13,23,0.995066,104.28,174.839,1225.196,1,4,compressed_ring_ar
1778538365.6617198,13,24,0.874406,99.29,207.435,1287.736,1,4,compressed_ring_ar
1778538367.1008854,13,25,0.895837,93.02,217.417,1371.648,1,4,compressed_ring_ar
1778538368.6143925,13,26,0.840172,86.78,206.167,1473.611,1,4,compressed_ring_ar
1778538369.9784157,13,27,0.939481,97.05,287.98,1317.782,1,4,compressed_ring_ar
1778538371.3153548,13,28,0.918956,99.5,282.686,1285.02,1,4,compressed_ring_ar
1778538372.6690438,13,29,0.859676,98.42,329.072,1293.142,1,4,compressed_ring_ar
1778538374.102415,13,30,0.968692,92.06,361.654,1383.818,1,4,compressed_ring_ar
1778538375.5477822,13,31,1.010324,91.0,314.224,1399.624,1,4,compressed_ring_ar
1778538376.9114218,13,32,0.904706,96.74,338.407,1313.057,1,4,compressed_ring_ar
1778538378.1218433,13,33,0.70586,108.91,224.38,1169.666,1,4,compressed_ring_ar
1778538379.4675887,13,34,0.942777,98.47,183.223,1298.613,1,4,compressed_ring_ar
1778538380.7631614,13,35,1.002395,103.45,211.871,1229.806,1,4,compressed_ring_ar
1778538382.0923789,13,36,0.987132,98.97,189.93,1289.218,1,4,compressed_ring_ar
1778538383.3682864,13,37,0.877932,104.55,228.599,1217.302,1,4,compressed_ring_ar
1778538384.6879745,13,38,0.852683,101.66,250.481,1254.393,1,4,compressed_ring_ar
1778538385.933697,13,39,0.943339,106.44,277.14,1198.046,1,4,compressed_ring_ar
1778538387.2198708,13,40,1.059522,102.83,214.895,1243.337,1,4,compressed_ring_ar
1778538388.5597122,13,41,1.007846,98.51,245.216,1296.444,1,4,compressed_ring_ar
1778538389.9985685,13,42,0.734722,91.86,179.663,1390.898,1,4,compressed_ring_ar
1778538391.4612927,13,43,0.847703,90.78,317.155,1403.963,1,4,compressed_ring_ar
1778538392.7764757,13,44,0.993761,100.51,254.945,1270.903,1,4,compressed_ring_ar
1778538394.022615,13,45,0.881851,106.03,349.658,1205.396,1,4,compressed_ring_ar
1778538395.3768692,13,46,0.787269,98.7,285.271,1293.927,1,4,compressed_ring_ar
1778538396.7714186,13,47,0.949719,95.96,330.55,1325.928,1,4,compressed_ring_ar
1778538398.01488,13,48,0.939713,106.04,199.522,1203.005,1,4,compressed_ring_ar
1778538399.287334,13,49,0.773115,103.77,244.302,1232.07,1,4,compressed_ring_ar
1778538400.7907674,13,50,0.855937,88.39,371.379,1442.564,1,4,compressed_ring_ar
1778538402.0782914,13,51,1.020826,102.61,194.894,1246.151,1,4,compressed_ring_ar
1778538403.4168084,13,52,0.832012,99.66,178.53,1282.297,1,4,compressed_ring_ar
1778538404.844311,13,53,0.858247,94.57,230.485,1346.702,1,4,compressed_ring_ar
1778538406.1357543,13,54,0.944248,103.31,319.96,1233.507,1,4,compressed_ring_ar
1778538407.382847,13,55,0.821803,107.01,160.495,1193.461,1,4,compressed_ring_ar
1778538408.7384095,13,56,0.85591,97.6,370.033,1307.121,1,4,compressed_ring_ar
1778538409.9785025,13,57,0.739632,107.58,254.892,1182.306,1,4,compressed_ring_ar
1778538411.254037,13,58,0.730898,103.51,305.8,1229.401,1,4,compressed_ring_ar
1778538412.5925117,13,59,0.899026,98.49,250.277,1294.35,1,4,compressed_ring_ar
1778538413.8138545,13,60,0.809407,108.78,229.274,1170.747,1,4,compressed_ring_ar
1778538415.061947,13,61,1.02957,109.93,323.758,1156.659,1,4,compressed_ring_ar
1778538416.1260052,13,62,1.153361,125.76,150.382,1016.425,1,4,compressed_ring_ar
1778538417.5875428,13,63,0.813804,91.48,564.488,1393.553,1,4,compressed_ring_ar
1778538418.8733723,13,64,0.739915,102.61,319.666,1241.743,1,4,compressed_ring_ar
1778538420.1712346,13,65,0.867712,102.07,198.73,1252.167,1,4,compressed_ring_ar
1778538421.47665,13,66,0.710292,102.72,303.654,1237.885,1,4,compressed_ring_ar
1778538422.6656332,13,67,0.912128,110.93,135.432,1153.162,1,4,compressed_ring_ar
1778538424.039821,13,68,0.947339,99.27,664.179,1287.933,1,4,compressed_ring_ar
1778538425.386578,13,69,0.813228,99.98,231.989,1278.907,1,4,compressed_ring_ar
1778538426.5893312,13,70,0.861979,110.12,305.2,1161.215,1,4,compressed_ring_ar
1778538428.06181,13,71,0.997459,92.98,772.893,1375.174,1,4,compressed_ring_ar
1778538429.3642814,13,72,1.024148,104.01,200.801,1226.001,1,4,compressed_ring_ar
1778538430.695496,13,73,0.927329,99.97,202.693,1275.988,1,4,compressed_ring_ar
1778538432.0889485,13,74,0.88198,95.53,343.151,1335.333,1,4,compressed_ring_ar
1778538433.2373054,13,75,0.851664,116.48,197.338,1097.581,1,4,compressed_ring_ar
1778538434.4867885,13,76,0.785562,106.35,177.736,1200.53,1,4,compressed_ring_ar
1778538435.7569263,13,77,0.866762,106.7,174.705,1199.089,1,4,compressed_ring_ar
1778538436.9946468,13,78,0.701126,109.35,309.154,1168.724,1,4,compressed_ring_ar
1778538438.231507,13,79,0.910362,109.66,395.219,1166.238,1,4,compressed_ring_ar
1778538439.6039479,13,80,0.814866,99.32,451.312,1284.717,1,4,compressed_ring_ar
1778538441.0069418,13,81,0.800339,94.36,179.644,1355.315,1,4,compressed_ring_ar
1778538442.4315276,13,82,0.857725,93.37,533.04,1366.874,1,4,compressed_ring_ar
1778538443.7488227,13,83,1.11069,100.08,218.098,1270.862,1,4,compressed_ring_ar
1778538445.074176,13,84,0.843038,102.02,202.818,1249.49,1,4,compressed_ring_ar
1778538446.5740314,13,85,0.83616,87.78,257.45,1457.027,1,4,compressed_ring_ar
1778538447.8076153,13,86,0.936962,109.3,372.648,1166.712,1,4,compressed_ring_ar
1778538449.067642,13,87,0.771131,106.63,280.795,1195.939,1,4,compressed_ring_ar
1778538450.3176396,13,88,0.918892,109.76,232.367,1164.969,1,4,compressed_ring_ar
1778538451.644043,13,89,0.86318,101.52,234.834,1256.52,1,4,compressed_ring_ar
1778538453.0032668,13,90,1.03223,98.63,263.772,1292.162,1,4,compressed_ring_ar
1778538454.216313,13,91,0.766966,110.65,204.638,1152.77,1,4,compressed_ring_ar
1778538455.4653575,13,92,0.718414,106.34,244.421,1201.17,1,4,compressed_ring_ar
1778538456.7814894,13,93,0.905954,100.76,207.075,1265.889,1,4,compressed_ring_ar
1778538458.1455617,13,94,0.866961,96.92,185.725,1315.382,1,4,compressed_ring_ar
1778538459.5059037,13,95,0.804245,96.85,190.314,1316.667,1,4,compressed_ring_ar
1778538460.7941427,13,96,0.783421,103.99,234.321,1227.017,1,4,compressed_ring_ar
1778538462.042751,13,97,0.91435,68.87,440.672,1210.746,1,4,compressed_ring_ar
1778538473.6719527,14,0,0.877252,91.67,188.559,1394.022,1,4,compressed_ring_ar
1778538475.0941598,14,1,0.943074,92.48,515.892,1382.617,1,4,compressed_ring_ar
1778538476.441091,14,2,0.918292,98.16,188.046,1301.635,1,4,compressed_ring_ar
1778538477.702731,14,3,0.816724,105.04,143.453,1216.331,1,4,compressed_ring_ar
1778538479.1195996,14,4,0.851332,94.78,264.787,1345.839,1,4,compressed_ring_ar
1778538480.369399,14,5,1.022392,106.17,228.407,1198.451,1,4,compressed_ring_ar
1778538481.5693347,14,6,0.849429,110.7,202.23,1153.637,1,4,compressed_ring_ar
1778538482.8109066,14,7,1.00427,106.93,296.145,1195.789,1,4,compressed_ring_ar
1778538484.2006857,14,8,0.993069,97.28,646.983,1311.203,1,4,compressed_ring_ar
1778538485.6135423,14,9,0.904468,98.42,190.273,1296.924,1,4,compressed_ring_ar
1778538486.8466496,14,10,0.80087,107.69,208.208,1186.389,1,4,compressed_ring_ar
1778538488.1223006,14,11,0.940349,104.0,155.136,1228.81,1,4,compressed_ring_ar
1778538489.4982014,14,12,0.783544,96.05,514.507,1331.27,1,4,compressed_ring_ar
1778538490.8644319,14,13,0.851237,96.82,377.369,1317.291,1,4,compressed_ring_ar
1778538492.0455446,14,14,0.772492,113.04,141.377,1129.938,1,4,compressed_ring_ar
1778538493.4094038,14,15,0.808422,97.93,323.037,1306.487,1,4,compressed_ring_ar
1778538494.938721,14,16,0.77968,87.84,223.196,1450.238,1,4,compressed_ring_ar
1778538496.1600785,14,17,0.755532,110.44,235.73,1154.96,1,4,compressed_ring_ar
1778538497.4585693,14,18,0.925874,103.11,159.832,1238.939,1,4,compressed_ring_ar
1778538498.6632931,14,19,0.736946,110.2,302.881,1160.234,1,4,compressed_ring_ar
1778538500.1401062,14,20,0.923172,92.68,791.712,1373.271,1,4,compressed_ring_ar
1778538501.4646122,14,21,1.000864,99.87,220.384,1276.885,1,4,compressed_ring_ar
1778538502.729763,14,22,0.750785,104.65,318.116,1220.731,1,4,compressed_ring_ar
1778538504.1700122,14,23,0.771869,92.61,360.341,1380.653,1,4,compressed_ring_ar
1778538505.5859764,14,24,0.863065,93.51,211.093,1364.069,1,4,compressed_ring_ar
1778538506.9061081,14,25,0.897099,100.1,249.876,1273.758,1,4,compressed_ring_ar
1778538507.9926095,14,26,1.064539,122.18,148.368,1046.66,1,4,compressed_ring_ar
1778538509.4654238,14,27,0.85191,92.32,765.681,1381.173,1,4,compressed_ring_ar
1778538510.9511287,14,28,0.842187,88.56,237.276,1438.487,1,4,compressed_ring_ar
1778538512.3114102,14,29,1.158665,96.77,230.284,1317.935,1,4,compressed_ring_ar
1778538513.5953133,14,30,0.823669,104.11,257.502,1224.057,1,4,compressed_ring_ar
1778538514.8124242,14,31,0.833999,112.15,205.698,1136.399,1,4,compressed_ring_ar
1778538516.0946872,14,32,0.927629,104.41,219.786,1220.666,1,4,compressed_ring_ar
1778538517.4125082,14,33,0.878265,101.28,214.571,1262.452,1,4,compressed_ring_ar
1778538518.816929,14,34,0.849552,94.09,203.68,1358.744,1,4,compressed_ring_ar
1778538520.0347579,14,35,0.743392,111.72,371.668,1142.632,1,4,compressed_ring_ar
1778538521.4198549,14,36,1.009841,97.49,740.383,1308.399,1,4,compressed_ring_ar
1778538522.7896297,14,37,0.856171,96.84,222.09,1318.463,1,4,compressed_ring_ar
1778538524.055984,14,38,1.079361,104.86,414.248,1219.525,1,4,compressed_ring_ar
1778538525.5601692,14,39,0.785387,90.84,757.737,1407.871,1,4,compressed_ring_ar
1778538527.011013,14,40,0.926522,91.44,245.658,1395.193,1,4,compressed_ring_ar
1778538528.273657,14,41,0.818472,105.06,221.766,1213.17,1,4,compressed_ring_ar
1778538529.4682055,14,42,0.84642,111.59,264.21,1145.633,1,4,compressed_ring_ar
1778538530.7557163,14,43,0.928446,102.89,197.894,1241.483,1,4,compressed_ring_ar
1778538532.1263342,14,44,0.864953,96.28,447.827,1325.367,1,4,compressed_ring_ar
1778538533.4373221,14,45,0.76341,100.9,259.28,1261.902,1,4,compressed_ring_ar
1778538534.9125345,14,46,0.894721,89.06,349.609,1436.098,1,4,compressed_ring_ar
1778538536.109105,14,47,0.991637,115.58,207.006,1103.669,1,4,compressed_ring_ar
1778538537.3718266,14,48,0.977502,104.67,161.284,1221.672,1,4,compressed_ring_ar
1778538538.800346,14,49,0.814551,94.45,760.191,1353.822,1,4,compressed_ring_ar
1778538540.0691118,14,50,0.858767,105.84,215.836,1206.796,1,4,compressed_ring_ar
1778538541.380113,14,51,0.948997,101.56,422.514,1258.904,1,4,compressed_ring_ar
1778538542.7498944,14,52,1.000172,96.1,207.686,1327.491,1,4,compressed_ring_ar
1778538544.0486476,14,53,0.840343,102.77,187.576,1244.218,1,4,compressed_ring_ar
1778538545.3631568,14,54,0.759917,101.88,176.12,1251.236,1,4,compressed_ring_ar
1778538546.6183195,14,55,0.911582,104.88,312.462,1217.248,1,4,compressed_ring_ar
1778538547.9743183,14,56,0.85106,97.46,182.529,1310.94,1,4,compressed_ring_ar
1778538549.4152474,14,57,0.925733,91.77,511.594,1387.646,1,4,compressed_ring_ar
1778538550.5935354,14,58,0.935618,112.67,211.821,1131.134,1,4,compressed_ring_ar
1778538552.155266,14,59,0.840779,84.27,395.396,1517.89,1,4,compressed_ring_ar
1778538553.2973433,14,60,0.903172,118.5,181.096,1076.172,1,4,compressed_ring_ar
1778538554.6114483,14,61,0.893634,100.69,215.499,1267.081,1,4,compressed_ring_ar
1778538556.025739,14,62,0.904642,95.34,226.081,1334.785,1,4,compressed_ring_ar
1778538557.1523385,14,63,0.897673,121.24,239.394,1054.167,1,4,compressed_ring_ar
1778538558.679042,14,64,0.953534,90.43,207.862,1410.554,1,4,compressed_ring_ar
1778538559.828377,14,65,0.832585,115.0,286.411,1111.951,1,4,compressed_ring_ar
1778538561.1768198,14,66,0.839509,100.64,409.136,1268.284,1,4,compressed_ring_ar
1778538562.4245796,14,67,0.946856,106.31,240.147,1198.805,1,4,compressed_ring_ar
1778538563.6422744,14,68,0.960943,110.67,192.868,1150.631,1,4,compressed_ring_ar
1778538564.8997242,14,69,0.892257,105.57,252.511,1207.489,1,4,compressed_ring_ar
1778538566.0517523,14,70,0.837017,115.52,177.826,1105.895,1,4,compressed_ring_ar
1778538567.3719013,14,71,0.78325,101.28,487.013,1262.633,1,4,compressed_ring_ar
1778538568.8853142,14,72,0.767477,89.28,837.93,1432.388,1,4,compressed_ring_ar
1778538570.094284,14,73,0.737519,111.35,200.932,1145.519,1,4,compressed_ring_ar
1778538571.4435573,14,74,0.970097,97.69,177.729,1308.877,1,4,compressed_ring_ar
1778538572.7395897,14,75,0.866778,103.31,184.929,1236.652,1,4,compressed_ring_ar
1778538574.139783,14,76,0.821174,95.27,361.12,1337.891,1,4,compressed_ring_ar
1778538575.3604152,14,77,0.971962,110.0,226.88,1158.721,1,4,compressed_ring_ar
1778538576.5886655,14,78,0.723316,109.47,353.718,1168.095,1,4,compressed_ring_ar
1778538577.7600868,14,79,0.890444,113.77,295.94,1123.745,1,4,compressed_ring_ar
1778538579.121421,14,80,0.836347,98.13,378.124,1295.665,1,4,compressed_ring_ar
1778538580.4733114,14,81,0.80667,97.98,208.75,1301.307,1,4,compressed_ring_ar
1778538581.911755,14,82,0.706205,91.67,178.197,1392.228,1,4,compressed_ring_ar
1778538583.3778646,14,83,0.92638,91.09,416.11,1399.5,1,4,compressed_ring_ar
1778538584.552505,14,84,0.865434,113.03,278.402,1131.319,1,4,compressed_ring_ar
1778538585.9042206,14,85,0.72784,101.36,651.596,1257.316,1,4,compressed_ring_ar
1778538587.124513,14,86,0.687259,109.69,182.689,1165.487,1,4,compressed_ring_ar
1778538588.480815,14,87,0.920287,97.5,463.514,1310.917,1,4,compressed_ring_ar
1778538589.8648503,14,88,0.854984,96.69,489.794,1318.21,1,4,compressed_ring_ar
1778538591.3135777,14,89,0.940691,91.03,410.425,1401.08,1,4,compressed_ring_ar
1778538592.6102529,14,90,0.74595,102.12,372.409,1247.53,1,4,compressed_ring_ar
1778538593.9206126,14,91,0.728406,101.98,393.134,1249.706,1,4,compressed_ring_ar
1778538595.220607,14,92,0.932609,101.98,475.247,1250.385,1,4,compressed_ring_ar
1778538596.4936197,14,93,0.933566,104.61,199.719,1218.359,1,4,compressed_ring_ar
1778538597.7900093,14,94,0.778463,101.74,195.741,1255.812,1,4,compressed_ring_ar
1778538598.898476,14,95,0.908836,122.43,155.083,1044.28,1,4,compressed_ring_ar
1778538600.3817549,14,96,0.710426,91.37,445.779,1398.63,1,4,compressed_ring_ar
1778538601.5753758,14,97,0.845569,73.19,271.549,1143.76,1,4,compressed_ring_ar
1778538613.2504175,15,0,0.924672,88.41,449.316,1446.122,1,4,compressed_ring_ar
1778538614.498171,15,1,0.952308,107.67,436.836,1187.322,1,4,compressed_ring_ar
1778538615.9606361,15,2,0.916936,91.71,534.371,1389.483,1,4,compressed_ring_ar
1778538617.2845516,15,3,0.804726,99.43,196.026,1283.284,1,4,compressed_ring_ar
1778538618.6165013,15,4,0.829699,98.91,233.923,1285.016,1,4,compressed_ring_ar
1778538619.8569841,15,5,0.776681,106.33,198.002,1198.982,1,4,compressed_ring_ar
1778538621.0543475,15,6,0.946082,111.13,304.637,1149.546,1,4,compressed_ring_ar
1778538622.3867297,15,7,1.035902,98.95,298.465,1292.238,1,4,compressed_ring_ar
1778538624.1180797,15,8,0.855854,75.84,227.98,1683.956,1,4,compressed_ring_ar
1778538625.5390835,15,9,0.811134,92.64,200.445,1380.33,1,4,compressed_ring_ar
1778538627.073757,15,10,0.874852,86.24,402.851,1482.919,1,4,compressed_ring_ar
1778538628.5542977,15,11,0.748282,89.78,204.8,1420.948,1,4,compressed_ring_ar
1778538629.930946,15,12,0.995563,97.02,202.688,1315.086,1,4,compressed_ring_ar
1778538631.240718,15,13,0.790084,102.7,226.865,1241.968,1,4,compressed_ring_ar
1778538632.4855978,15,14,0.815235,106.07,185.15,1204.727,1,4,compressed_ring_ar
1778538633.9556751,15,15,0.823484,89.57,219.287,1420.815,1,4,compressed_ring_ar
1778538635.3967803,15,16,0.8253,92.58,274.598,1381.389,1,4,compressed_ring_ar
1778538636.739824,15,17,0.855886,100.11,270.136,1274.825,1,4,compressed_ring_ar
1778538638.0854006,15,18,0.929844,98.42,197.141,1296.222,1,4,compressed_ring_ar
1778538639.2506282,15,19,0.834637,114.12,140.054,1119.274,1,4,compressed_ring_ar
1778538640.5710044,15,20,0.939186,99.83,495.005,1280.095,1,4,compressed_ring_ar
1778538641.865937,15,21,0.850717,102.83,358.144,1238.929,1,4,compressed_ring_ar
1778538643.0830128,15,22,0.995006,109.17,368.936,1169.932,1,4,compressed_ring_ar
1778538644.4066682,15,23,0.798211,100.29,196.85,1273.791,1,4,compressed_ring_ar
1778538645.9107623,15,24,0.774458,88.7,596.838,1437.135,1,4,compressed_ring_ar
1778538647.194179,15,25,0.852534,103.12,188.387,1236.998,1,4,compressed_ring_ar
1778538648.3566732,15,26,0.786129,114.65,232.151,1115.19,1,4,compressed_ring_ar
1778538649.7714815,15,27,0.771866,94.58,605.457,1347.6,1,4,compressed_ring_ar
1778538651.0660784,15,28,0.812263,102.58,349.779,1243.991,1,4,compressed_ring_ar
1778538652.3717718,15,29,0.734361,100.98,331.704,1262.488,1,4,compressed_ring_ar
1778538653.5388558,15,30,0.841551,113.29,193.223,1128.599,1,4,compressed_ring_ar
1778538655.0271175,15,31,1.008746,89.64,423.677,1423.325,1,4,compressed_ring_ar
1778538656.1838071,15,32,0.74341,117.55,229.937,1086.409,1,4,compressed_ring_ar
1778538657.5744169,15,33,0.860004,97.21,479.051,1312.035,1,4,compressed_ring_ar
1778538658.9583678,15,34,0.872111,95.41,240.278,1339.958,1,4,compressed_ring_ar
1778538660.1468036,15,35,0.820366,113.37,175.52,1127.231,1,4,compressed_ring_ar
1778538661.5239637,15,36,0.853229,98.5,482.334,1298.226,1,4,compressed_ring_ar
1778538662.7743266,15,37,0.692671,106.53,299.843,1200.734,1,4,compressed_ring_ar
1778538664.1955895,15,38,0.824893,95.66,545.638,1330.912,1,4,compressed_ring_ar
1778538665.5977979,15,39,0.768647,94.28,301.557,1353.315,1,4,compressed_ring_ar
1778538667.0743542,15,40,0.804486,91.69,154.73,1393.417,1,4,compressed_ring_ar
1778538668.4689376,15,41,0.785509,96.04,369.587,1325.188,1,4,compressed_ring_ar
1778538669.8508286,15,42,0.927782,95.93,264.615,1332.807,1,4,compressed_ring_ar
1778538671.2108686,15,43,0.849643,98.12,201.119,1300.64,1,4,compressed_ring_ar
1778538672.5724752,15,44,0.919575,96.85,198.321,1320.333,1,4,compressed_ring_ar
1778538674.1135938,15,45,0.838453,85.12,482.693,1497.845,1,4,compressed_ring_ar
1778538675.5782852,15,46,0.770068,89.66,209.429,1423.064,1,4,compressed_ring_ar
1778538676.86507,15,47,0.95336,102.37,192.73,1244.011,1,4,compressed_ring_ar
1778538678.235544,15,48,0.955249,97.6,212.796,1310.174,1,4,compressed_ring_ar
1778538679.5395057,15,49,0.933126,101.8,291.883,1252.363,1,4,compressed_ring_ar
1778538680.8776238,15,50,0.763764,98.3,229.379,1297.452,1,4,compressed_ring_ar
1778538682.1154196,15,51,0.870577,108.4,217.443,1175.194,1,4,compressed_ring_ar
1778538683.4236875,15,52,0.888653,100.86,223.44,1266.464,1,4,compressed_ring_ar
1778538684.8194015,15,53,0.842995,95.82,360.535,1330.97,1,4,compressed_ring_ar
1778538686.2128174,15,54,0.735721,98.98,276.368,1288.295,1,4,compressed_ring_ar
1778538687.5734072,15,55,0.669721,98.3,345.526,1299.641,1,4,compressed_ring_ar
1778538688.964345,15,56,0.768653,94.88,411.938,1347.651,1,4,compressed_ring_ar
1778538690.41159,15,57,0.859754,92.69,280.148,1374.046,1,4,compressed_ring_ar
1778538691.8957858,15,58,0.780404,88.91,224.955,1435.986,1,4,compressed_ring_ar
1778538693.388636,15,59,0.782978,88.27,211.265,1442.362,1,4,compressed_ring_ar
1778538694.5219893,15,60,0.841644,116.43,211.652,1094.977,1,4,compressed_ring_ar
1778538695.8032715,15,61,0.849897,103.23,157.622,1236.97,1,4,compressed_ring_ar
1778538697.0111234,15,62,0.693297,110.48,292.805,1157.163,1,4,compressed_ring_ar
1778538698.352664,15,63,0.773989,100.21,406.841,1274.633,1,4,compressed_ring_ar
1778538699.7978866,15,64,0.966279,91.84,207.826,1389.944,1,4,compressed_ring_ar
1778538700.999757,15,65,0.884606,112.23,221.647,1136.018,1,4,compressed_ring_ar
1778538702.3372953,15,66,0.818591,99.86,183.661,1277.053,1,4,compressed_ring_ar
1778538703.676148,15,67,0.836295,98.96,325.305,1288.61,1,4,compressed_ring_ar
1778538704.943365,15,68,0.88039,103.96,196.436,1228.818,1,4,compressed_ring_ar
1778538706.3137307,15,69,0.8572,97.53,193.268,1307.005,1,4,compressed_ring_ar
1778538707.7196846,15,70,0.821947,93.28,212.957,1370.687,1,4,compressed_ring_ar
1778538709.0609748,15,71,0.829865,98.61,357.9,1293.308,1,4,compressed_ring_ar
1778538710.3519094,15,72,0.666551,103.2,196.903,1239.426,1,4,compressed_ring_ar
1778538711.7584195,15,73,0.871039,94.86,234.703,1344.608,1,4,compressed_ring_ar
1778538713.0866668,15,74,0.996145,99.24,344.807,1284.674,1,4,compressed_ring_ar
1778538714.2382233,15,75,0.753381,117.46,203.402,1084.927,1,4,compressed_ring_ar
1778538715.4892795,15,76,0.860928,105.77,225.663,1209.074,1,4,compressed_ring_ar
1778538716.9426734,15,77,0.929555,92.32,215.71,1384.317,1,4,compressed_ring_ar
1778538718.383694,15,78,0.855637,91.26,293.041,1401.289,1,4,compressed_ring_ar
1778538719.6430745,15,79,0.924057,106.5,209.365,1195.317,1,4,compressed_ring_ar
1778538720.9167447,15,80,0.926516,103.59,192.083,1233.657,1,4,compressed_ring_ar
1778538722.234234,15,81,0.809288,101.18,380.219,1263.832,1,4,compressed_ring_ar
1778538723.6700008,15,82,0.953496,94.68,382.842,1345.725,1,4,compressed_ring_ar
1778538725.1685236,15,83,0.726817,87.54,247.726,1458.67,1,4,compressed_ring_ar
1778538726.5044894,15,84,0.857656,98.54,355.66,1292.072,1,4,compressed_ring_ar
1778538727.7614982,15,85,0.832908,106.6,220.248,1194.923,1,4,compressed_ring_ar
1778538729.0927556,15,86,0.909049,99.4,190.944,1283.113,1,4,compressed_ring_ar
1778538730.3545403,15,87,0.904438,105.41,198.076,1208.679,1,4,compressed_ring_ar
1778538731.6734846,15,88,0.801598,100.11,336.347,1277.338,1,4,compressed_ring_ar
1778538733.0906646,15,89,0.774755,93.81,212.256,1363.103,1,4,compressed_ring_ar
1778538734.4923615,15,90,0.969389,94.16,202.461,1354.643,1,4,compressed_ring_ar
1778538735.8549511,15,91,0.852858,96.94,222.212,1315.684,1,4,compressed_ring_ar
1778538736.9341295,15,92,0.873169,126.06,178.065,1014.088,1,4,compressed_ring_ar
1778538738.2042558,15,93,0.701333,105.52,418.602,1212.927,1,4,compressed_ring_ar
1778538739.5835605,15,94,0.839146,98.04,159.08,1303.566,1,4,compressed_ring_ar
1778538740.9993477,15,95,0.675071,94.36,509.82,1352.582,1,4,compressed_ring_ar
1778538742.3725824,15,96,0.869838,95.81,385.748,1332.045,1,4,compressed_ring_ar
1778538743.7339618,15,97,0.767072,63.32,453.592,1321.125,1,4,compressed_ring_ar
1778538756.0075011,16,0,1.04009,79.02,464.936,1617.344,1,4,compressed_ring_ar
1778538757.4294336,16,1,0.983105,92.93,269.103,1373.36,1,4,compressed_ring_ar
1778538758.6812959,16,2,0.891667,110.1,228.09,1158.939,1,4,compressed_ring_ar
1778538759.9365804,16,3,0.905686,105.16,329.574,1212.599,1,4,compressed_ring_ar
1778538761.1669934,16,4,0.880724,107.31,182.108,1189.82,1,4,compressed_ring_ar
1778538762.5265167,16,5,0.860218,97.41,216.701,1308.116,1,4,compressed_ring_ar
1778538763.8215373,16,6,0.764789,102.86,196.285,1243.052,1,4,compressed_ring_ar
1778538765.3646793,16,7,0.756436,85.36,304.348,1493.96,1,4,compressed_ring_ar
1778538766.566374,16,8,0.93846,110.59,228.382,1150.562,1,4,compressed_ring_ar
1778538767.7048059,16,9,1.000005,117.68,191.004,1081.358,1,4,compressed_ring_ar
1778538769.0151522,16,10,0.80379,100.82,219.791,1264.99,1,4,compressed_ring_ar
1778538770.3249245,16,11,0.755421,101.8,243.47,1252.351,1,4,compressed_ring_ar
1778538771.5795798,16,12,0.853135,105.43,214.995,1210.489,1,4,compressed_ring_ar
1778538772.908448,16,13,0.790617,99.19,213.887,1285.598,1,4,compressed_ring_ar
1778538774.118871,16,14,0.850507,114.33,188.571,1112.713,1,4,compressed_ring_ar
1778538775.4828484,16,15,0.674655,96.89,267.457,1316.458,1,4,compressed_ring_ar
1778538776.8114972,16,16,0.870038,99.73,246.127,1279.477,1,4,compressed_ring_ar
1778538778.1194704,16,17,0.891126,101.45,249.512,1258.002,1,4,compressed_ring_ar
1778538779.2559662,16,18,0.788661,118.11,151.967,1082.69,1,4,compressed_ring_ar
1778538780.694928,16,19,0.879649,93.06,324.497,1372.841,1,4,compressed_ring_ar
1778538782.0859244,16,20,0.966711,96.59,482.432,1320.084,1,4,compressed_ring_ar
1778538783.3198726,16,21,0.760573,107.78,329.242,1183.649,1,4,compressed_ring_ar
1778538784.6108973,16,22,0.891905,103.05,209.478,1237.269,1,4,compressed_ring_ar
1778538785.7841403,16,23,0.786929,114.14,152.763,1117.553,1,4,compressed_ring_ar
1778538787.1385307,16,24,0.880808,98.39,498.261,1299.668,1,4,compressed_ring_ar
1778538788.632998,16,25,0.676168,90.31,257.414,1411.084,1,4,compressed_ring_ar
1778538789.9479413,16,26,0.889194,101.03,212.558,1262.055,1,4,compressed_ring_ar
1778538791.159315,16,27,0.961776,109.24,422.424,1169.659,1,4,compressed_ring_ar
1778538792.5576968,16,28,0.772661,95.42,193.473,1339.088,1,4,compressed_ring_ar
1778538793.832272,16,29,0.750785,103.92,316.132,1230.483,1,4,compressed_ring_ar
1778538795.3213089,16,30,0.772468,89.15,224.025,1431.317,1,4,compressed_ring_ar
1778538796.689393,16,31,0.768592,96.07,215.805,1330.981,1,4,compressed_ring_ar
1778538798.2591572,16,32,0.773536,83.91,518.932,1518.027,1,4,compressed_ring_ar
1778538799.5326977,16,33,0.792477,105.04,193.5,1214.739,1,4,compressed_ring_ar
1778538800.8596065,16,34,0.806114,99.13,162.962,1289.064,1,4,compressed_ring_ar
1778538802.1428175,16,35,0.77217,102.63,481.053,1246.383,1,4,compressed_ring_ar
1778538803.5365663,16,36,1.005953,96.16,420.079,1327.437,1,4,compressed_ring_ar
1778538804.8081112,16,37,0.904242,105.36,209.106,1213.67,1,4,compressed_ring_ar
1778538806.1242516,16,38,0.979714,102.75,155.046,1243.904,1,4,compressed_ring_ar
1778538807.488936,16,39,0.903387,97.38,348.605,1312.526,1,4,compressed_ring_ar
1778538809.053817,16,40,0.802805,84.06,457.881,1521.903,1,4,compressed_ring_ar
1778538810.6042647,16,41,0.86677,86.68,223.926,1475.623,1,4,compressed_ring_ar
1778538812.0490727,16,42,0.791591,92.84,379.726,1377.467,1,4,compressed_ring_ar
1778538813.4581149,16,43,0.708844,93.86,354.189,1356.727,1,4,compressed_ring_ar
1778538814.83188,16,44,1.020244,96.22,274.333,1324.522,1,4,compressed_ring_ar
1778538816.043565,16,45,0.771567,114.28,181.872,1116.687,1,4,compressed_ring_ar
1778538817.2498138,16,46,0.971668,110.89,147.185,1153.179,1,4,compressed_ring_ar
1778538818.4879344,16,47,1.072896,109.16,581.248,1171.362,1,4,compressed_ring_ar
1778538819.9523873,16,48,0.863343,92.98,405.445,1375.253,1,4,compressed_ring_ar
1778538821.555631,16,49,0.872379,81.93,224.176,1561.32,1,4,compressed_ring_ar
1778538822.963172,16,50,0.766453,97.07,227.333,1313.097,1,4,compressed_ring_ar
1778538824.1420553,16,51,0.95362,114.44,405.774,1115.163,1,4,compressed_ring_ar
1778538825.4833677,16,52,0.797998,99.08,246.919,1286.868,1,4,compressed_ring_ar
1778538826.845744,16,53,0.812758,96.73,215.935,1318.606,1,4,compressed_ring_ar
1778538828.3127503,16,54,0.790511,90.31,232.355,1413.713,1,4,compressed_ring_ar
1778538829.547248,16,55,0.985795,107.09,197.919,1193.883,1,4,compressed_ring_ar
1778538831.0377474,16,56,0.761884,89.17,435.61,1431.834,1,4,compressed_ring_ar
1778538832.3976848,16,57,0.906734,98.27,332.153,1297.088,1,4,compressed_ring_ar
1778538833.7244155,16,58,0.971328,99.42,217.742,1282.696,1,4,compressed_ring_ar
1778538834.883465,16,59,0.652037,115.36,130.684,1108.121,1,4,compressed_ring_ar
1778538836.1940792,16,60,0.86933,101.84,448.073,1254.529,1,4,compressed_ring_ar
1778538837.491246,16,61,0.788608,102.79,483.848,1242.516,1,4,compressed_ring_ar
1778538838.90682,16,62,0.755104,95.52,375.503,1338.744,1,4,compressed_ring_ar
1778538840.3177695,16,63,0.88275,93.53,238.971,1366.964,1,4,compressed_ring_ar
1778538841.811321,16,64,0.755261,88.56,376.002,1438.79,1,4,compressed_ring_ar
1778538842.9803996,16,65,0.776401,116.37,186.711,1098.887,1,4,compressed_ring_ar
1778538844.3077695,16,66,0.876214,104.65,480.223,1221.959,1,4,compressed_ring_ar
1778538845.6544993,16,67,0.784223,99.57,395.508,1283.099,1,4,compressed_ring_ar
1778538847.358418,16,68,0.816024,77.24,385.35,1655.528,1,4,compressed_ring_ar
1778538848.6426673,16,69,0.939488,104.4,389.442,1221.223,1,4,compressed_ring_ar
1778538849.9684882,16,70,0.782079,100.2,224.126,1275.341,1,4,compressed_ring_ar
1778538851.2543888,16,71,0.758597,106.28,203.59,1199.841,1,4,compressed_ring_ar
1778538852.6875272,16,72,0.968954,91.96,318.224,1387.602,1,4,compressed_ring_ar
1778538853.8228495,16,73,0.828208,116.89,281.167,1093.847,1,4,compressed_ring_ar
1778538855.348585,16,74,0.845378,87.47,496.856,1462.004,1,4,compressed_ring_ar
1778538856.6870549,16,75,0.983368,100.14,159.603,1276.899,1,4,compressed_ring_ar
1778538858.1565704,16,76,0.801125,91.39,578.458,1396.238,1,4,compressed_ring_ar
1778538859.6247234,16,77,0.788965,90.06,189.075,1419.893,1,4,compressed_ring_ar
1778538861.0764477,16,78,1.019651,90.84,343.835,1404.752,1,4,compressed_ring_ar
1778538862.5083902,16,79,0.817104,92.7,236.099,1379.226,1,4,compressed_ring_ar
1778538863.7301826,16,80,0.907821,110.55,262.486,1153.023,1,4,compressed_ring_ar
1778538865.134752,16,81,0.846086,93.89,223.136,1355.391,1,4,compressed_ring_ar
1778538866.246074,16,82,0.907543,119.5,169.433,1068.445,1,4,compressed_ring_ar
1778538867.7190168,16,83,0.778506,89.41,432.538,1425.498,1,4,compressed_ring_ar
1778538868.9691296,16,84,0.907782,106.6,173.146,1200.413,1,4,compressed_ring_ar
1778538870.2683535,16,85,0.895416,103.91,318.33,1230.516,1,4,compressed_ring_ar
1778538871.6900992,16,86,0.87928,93.05,520.878,1370.813,1,4,compressed_ring_ar
1778538873.018177,16,87,0.964612,99.8,215.553,1281.203,1,4,compressed_ring_ar
1778538874.2757182,16,88,0.907788,105.92,159.652,1207.331,1,4,compressed_ring_ar
1778538875.567532,16,89,0.958935,103.92,386.343,1230.52,1,4,compressed_ring_ar
1778538876.931109,16,90,0.730907,98.66,415.594,1292.993,1,4,compressed_ring_ar
1778538878.0665863,16,91,0.93086,117.06,165.9,1092.565,1,4,compressed_ring_ar
1778538879.3534515,16,92,0.894394,104.72,608.281,1218.889,1,4,compressed_ring_ar
1778538880.7775772,16,93,1.046327,94.43,247.781,1354.106,1,4,compressed_ring_ar
1778538882.355863,16,94,0.916097,83.55,349.828,1530.658,1,4,compressed_ring_ar
1778538883.4684594,16,95,0.929865,121.56,137.408,1051.948,1,4,compressed_ring_ar
1778538884.8518064,16,96,0.812208,99.68,719.657,1281.642,1,4,compressed_ring_ar
1778538886.302839,16,97,0.830265,60.39,423.062,1383.549,1,4,compressed_ring_ar
1778538897.838068,17,0,0.890048,95.36,320.293,1340.219,1,4,compressed_ring_ar
1778538899.161056,17,1,0.928179,99.69,297.516,1278.035,1,4,compressed_ring_ar
1778538900.365713,17,2,0.794576,109.8,284.806,1163.545,1,4,compressed_ring_ar
1778538901.891322,17,3,0.742061,86.97,441.074,1466.87,1,4,compressed_ring_ar
1778538903.2629557,17,4,0.704439,96.21,225.648,1325.682,1,4,compressed_ring_ar
1778538904.4747477,17,5,0.814027,109.82,244.024,1160.188,1,4,compressed_ring_ar
1778538905.905458,17,6,0.799477,91.86,226.607,1389.142,1,4,compressed_ring_ar
1778538907.1959448,17,7,0.925318,103.12,231.739,1237.066,1,4,compressed_ring_ar
1778538908.5595667,17,8,0.965505,96.92,216.595,1312.131,1,4,compressed_ring_ar
1778538909.8340285,17,9,0.934784,103.33,249.716,1231.146,1,4,compressed_ring_ar
1778538911.118748,17,10,0.977226,102.51,211.315,1245.765,1,4,compressed_ring_ar
1778538912.5572705,17,11,0.818997,91.81,212.979,1390.182,1,4,compressed_ring_ar
1778538913.796216,17,12,0.862643,106.96,218.099,1188.688,1,4,compressed_ring_ar
1778538915.22521,17,13,0.720687,91.92,215.493,1385.965,1,4,compressed_ring_ar
1778538916.5373547,17,14,0.720822,102.3,361.579,1249.581,1,4,compressed_ring_ar
1778538917.8671937,17,15,0.904664,102.44,195.051,1248.086,1,4,compressed_ring_ar
1778538919.2175918,17,16,0.83515,98.17,258.07,1298.913,1,4,compressed_ring_ar
1778538920.5920522,17,17,0.679853,96.65,185.854,1322.975,1,4,compressed_ring_ar
1778538922.0165303,17,18,0.827967,92.21,367.259,1384.249,1,4,compressed_ring_ar
1778538923.3843555,17,19,0.772288,97.37,352.944,1312.563,1,4,compressed_ring_ar
1778538924.7817347,17,20,0.778672,94.5,357.665,1348.368,1,4,compressed_ring_ar
1778538926.1190503,17,21,0.881152,99.67,243.524,1280.436,1,4,compressed_ring_ar
1778538927.4447966,17,22,0.937025,99.96,208.72,1277.74,1,4,compressed_ring_ar
1778538928.8995018,17,23,0.769303,91.31,636.096,1397.588,1,4,compressed_ring_ar
1778538930.186266,17,24,0.759203,103.28,270.22,1229.756,1,4,compressed_ring_ar
1778538931.2399452,17,25,1.023979,126.93,231.844,1007.189,1,4,compressed_ring_ar
1778538932.7087116,17,26,0.801813,90.54,420.57,1407.757,1,4,compressed_ring_ar
1778538934.008097,17,27,0.757233,101.19,228.887,1260.766,1,4,compressed_ring_ar
1778538935.2074687,17,28,0.675192,117.83,213.147,1083.645,1,4,compressed_ring_ar
1778538936.4611218,17,29,0.769477,107.63,194.303,1188.009,1,4,compressed_ring_ar
1778538937.6741576,17,30,0.869026,111.66,199.264,1144.908,1,4,compressed_ring_ar
1778538939.1356094,17,31,0.925081,89.83,240.337,1423.576,1,4,compressed_ring_ar
1778538940.5323768,17,32,0.907465,94.92,245.271,1340.903,1,4,compressed_ring_ar
1778538941.7884123,17,33,0.791339,106.25,193.93,1203.279,1,4,compressed_ring_ar
1778538943.167167,17,34,0.839164,96.98,233.256,1314.354,1,4,compressed_ring_ar
1778538944.5763235,17,35,0.773982,95.06,476.617,1344.441,1,4,compressed_ring_ar
1778538946.065166,17,36,0.865055,88.51,315.233,1441.408,1,4,compressed_ring_ar
1778538947.2466516,17,37,0.844832,111.48,218.186,1145.8,1,4,compressed_ring_ar
1778538948.5858977,17,38,0.701735,98.7,352.271,1294.702,1,4,compressed_ring_ar
1778538950.0389643,17,39,0.884624,90.93,355.298,1403.49,1,4,compressed_ring_ar
1778538951.3107347,17,40,0.862239,103.74,242.6,1232.478,1,4,compressed_ring_ar
1778538952.4501822,17,41,0.786987,116.76,321.673,1091.823,1,4,compressed_ring_ar
1778538953.759539,17,42,1.139437,101.52,266.354,1254.432,1,4,compressed_ring_ar
1778538954.8918347,17,43,0.924313,116.61,164.35,1095.418,1,4,compressed_ring_ar
1778538956.2639992,17,44,0.748988,98.69,623.526,1288.629,1,4,compressed_ring_ar
1778538957.3888035,17,45,0.814494,117.5,144.733,1087.092,1,4,compressed_ring_ar
1778538958.8107746,17,46,0.693486,94.91,560.11,1343.718,1,4,compressed_ring_ar
1778538960.2604625,17,47,0.83612,90.84,230.315,1405.51,1,4,compressed_ring_ar
1778538961.4720402,17,48,0.842778,109.45,233.789,1164.888,1,4,compressed_ring_ar
1778538962.6958942,17,49,0.772229,109.15,171.264,1171.679,1,4,compressed_ring_ar
1778538964.1482902,17,50,0.865404,93.53,475.369,1364.729,1,4,compressed_ring_ar
1778538965.518474,17,51,0.99598,95.97,365.185,1328.521,1,4,compressed_ring_ar
1778538966.9652798,17,52,0.880094,91.34,226.216,1396.198,1,4,compressed_ring_ar
1778538968.2980838,17,53,0.861818,100.93,172.426,1266.94,1,4,compressed_ring_ar
1778538969.6471884,17,54,1.006979,98.71,693.411,1295.289,1,4,compressed_ring_ar
1778538971.0466392,17,55,0.78762,94.05,385.379,1357.265,1,4,compressed_ring_ar
1778538972.355366,17,56,0.768307,101.4,209.487,1261.148,1,4,compressed_ring_ar
1778538973.8218005,17,57,0.923855,90.17,216.341,1415.706,1,4,compressed_ring_ar
1778538975.1936133,17,58,0.856939,96.36,213.011,1324.337,1,4,compressed_ring_ar
1778538976.6117692,17,59,1.001993,92.83,206.191,1377.564,1,4,compressed_ring_ar
1778538978.067748,17,60,0.85903,90.41,266.218,1414.688,1,4,compressed_ring_ar
1778538979.588796,17,61,0.849464,86.86,295.618,1468.188,1,4,compressed_ring_ar
1778538980.8638039,17,62,0.868964,104.92,220.171,1214.649,1,4,compressed_ring_ar
1778538982.305424,17,63,0.767805,92.12,200.797,1386.024,1,4,compressed_ring_ar
1778538983.5939386,17,64,0.793733,103.43,236.41,1235.149,1,4,compressed_ring_ar
1778538985.0173323,17,65,0.744664,94.94,288.575,1343.792,1,4,compressed_ring_ar
1778538986.3703,17,66,0.899369,98.21,375.983,1301.887,1,4,compressed_ring_ar
1778538987.8452463,17,67,0.946567,89.8,230.028,1424.228,1,4,compressed_ring_ar
1778538988.9320343,17,68,0.778472,124.53,215.148,1026.52,1,4,compressed_ring_ar
1778538990.300946,17,69,0.670525,97.47,254.845,1311.852,1,4,compressed_ring_ar
1778538991.7950392,17,70,0.681643,89.46,407.566,1423.149,1,4,compressed_ring_ar
1778538993.1936166,17,71,0.90414,97.07,242.389,1313.699,1,4,compressed_ring_ar
1778538994.5115018,17,72,0.928913,99.96,368.433,1279.316,1,4,compressed_ring_ar
1778538995.8655047,17,73,0.825543,97.54,423.613,1307.31,1,4,compressed_ring_ar
1778538997.1864793,17,74,0.740945,101.13,221.875,1260.864,1,4,compressed_ring_ar
1778538998.2931774,17,75,0.868128,121.08,167.798,1054.558,1,4,compressed_ring_ar
1778538999.6823845,17,76,0.853544,95.55,436.402,1334.969,1,4,compressed_ring_ar
1778539000.9858632,17,77,0.599395,101.37,187.926,1258.907,1,4,compressed_ring_ar
1778539002.1648233,17,78,0.861367,112.2,225.982,1139.54,1,4,compressed_ring_ar
1778539003.5972514,17,79,0.842134,94.38,741.582,1349.478,1,4,compressed_ring_ar
1778539004.7986574,17,80,0.92377,113.69,212.082,1124.492,1,4,compressed_ring_ar
1778539006.3353007,17,81,0.930968,86.27,234.517,1478.231,1,4,compressed_ring_ar
1778539007.6907642,17,82,0.840633,97.27,200.557,1311.781,1,4,compressed_ring_ar
1778539009.0325139,17,83,0.938171,98.46,336.817,1292.888,1,4,compressed_ring_ar
1778539010.204992,17,84,0.785127,114.05,242.824,1118.226,1,4,compressed_ring_ar
1778539011.5511885,17,85,0.741216,98.61,232.865,1291.916,1,4,compressed_ring_ar
1778539012.8751416,17,86,0.843148,99.51,184.611,1281.2,1,4,compressed_ring_ar
1778539014.1642394,17,87,0.863931,102.6,194.419,1242.634,1,4,compressed_ring_ar
1778539015.3819597,17,88,0.713823,110.32,213.744,1158.328,1,4,compressed_ring_ar
1778539016.7380328,17,89,0.85677,98.88,507.882,1291.656,1,4,compressed_ring_ar
1778539018.0425613,17,90,0.828187,101.54,341.853,1255.927,1,4,compressed_ring_ar
1778539019.2659018,17,91,0.856881,108.77,279.803,1174.868,1,4,compressed_ring_ar
1778539020.5749767,17,92,0.921312,100.98,338.909,1259.899,1,4,compressed_ring_ar
1778539021.8794668,17,93,0.790396,102.02,144.328,1253.115,1,4,compressed_ring_ar
1778539023.302356,17,94,1.142888,92.78,225.363,1374.611,1,4,compressed_ring_ar
1778539024.6432931,17,95,0.755777,98.0,380.058,1301.119,1,4,compressed_ring_ar
1778539026.0472925,17,96,0.73754,93.95,295.036,1361.25,1,4,compressed_ring_ar
1778539027.333972,17,97,1.058525,67.82,466.648,1234.694,1,4,compressed_ring_ar
1778539038.8253033,18,0,0.642538,93.63,349.041,1361.673,1,4,compressed_ring_ar
1778539040.0632956,18,1,0.883828,107.78,395.807,1183.264,1,4,compressed_ring_ar
1778539041.442174,18,2,0.877068,95.98,343.306,1328.553,1,4,compressed_ring_ar
1778539042.685856,18,3,0.866476,106.7,236.102,1195.096,1,4,compressed_ring_ar
1778539044.0607212,18,4,0.949177,95.75,285.136,1332.595,1,4,compressed_ring_ar
1778539045.3982487,18,5,0.843421,99.18,234.524,1287.625,1,4,compressed_ring_ar
1778539046.7365656,18,6,0.787041,98.85,356.653,1290.089,1,4,compressed_ring_ar
1778539048.0478926,18,7,0.770403,101.98,269.759,1253.688,1,4,compressed_ring_ar
1778539049.5489602,18,8,0.878613,87.82,241.848,1452.831,1,4,compressed_ring_ar
1778539050.7509618,18,9,0.862465,112.27,238.085,1136.158,1,4,compressed_ring_ar
1778539051.9275506,18,10,0.775631,112.28,284.181,1137.905,1,4,compressed_ring_ar
1778539053.174235,18,11,0.687479,107.54,279.555,1185.789,1,4,compressed_ring_ar
1778539054.627665,18,12,1.015908,91.32,229.777,1400.694,1,4,compressed_ring_ar
1778539056.042453,18,13,0.789795,94.88,163.141,1346.906,1,4,compressed_ring_ar
1778539057.419009,18,14,0.735455,97.91,442.693,1302.376,1,4,compressed_ring_ar
1778539058.5957847,18,15,0.821951,115.76,144.759,1103.983,1,4,compressed_ring_ar
1778539059.977568,18,16,0.792361,97.07,495.607,1312.432,1,4,compressed_ring_ar
1778539061.1824024,18,17,0.672067,110.81,202.145,1150.1,1,4,compressed_ring_ar
1778539062.371228,18,18,0.787506,110.95,388.147,1148.784,1,4,compressed_ring_ar
1778539063.5500274,18,19,0.837377,112.37,148.522,1138.264,1,4,compressed_ring_ar
1778539064.870735,18,20,0.659938,100.77,481.961,1269.081,1,4,compressed_ring_ar
1778539066.3223498,18,21,0.732415,92.04,200.763,1388.334,1,4,compressed_ring_ar
1778539067.6937199,18,22,0.805942,95.84,540.306,1328.269,1,4,compressed_ring_ar
1778539069.0809624,18,23,0.806614,95.26,196.404,1341.225,1,4,compressed_ring_ar
1778539070.3654068,18,24,0.781048,102.92,309.199,1239.644,1,4,compressed_ring_ar
1778539071.5346222,18,25,0.818455,113.23,295.525,1126.825,1,4,compressed_ring_ar
1778539072.860897,18,26,0.920783,99.55,377.632,1280.855,1,4,compressed_ring_ar
1778539074.0658078,18,27,0.956985,111.05,174.325,1149.623,1,4,compressed_ring_ar
1778539075.3713722,18,28,0.908882,101.59,370.951,1253.59,1,4,compressed_ring_ar
1778539076.597507,18,29,0.702,108.56,211.387,1175.49,1,4,compressed_ring_ar
1778539077.9313571,18,30,0.640236,99.26,298.485,1284.233,1,4,compressed_ring_ar
1778539079.1925683,18,31,0.798143,104.66,308.403,1220.533,1,4,compressed_ring_ar
1778539080.54785,18,32,0.705896,97.98,334.872,1304.848,1,4,compressed_ring_ar
1778539082.0663097,18,33,0.913775,87.34,573.877,1461.919,1,4,compressed_ring_ar
1778539083.137543,18,34,0.854787,128.95,184.208,991.25,1,4,compressed_ring_ar
1778539084.5224128,18,35,0.84639,95.06,373.857,1345.189,1,4,compressed_ring_ar
1778539085.999963,18,36,0.699124,89.3,184.421,1432.021,1,4,compressed_ring_ar
1778539087.4755886,18,37,0.801318,90.49,244.473,1413.133,1,4,compressed_ring_ar
1778539088.8446007,18,38,0.787992,97.17,205.147,1311.618,1,4,compressed_ring_ar
1778539090.000319,18,39,0.800608,114.33,291.871,1117.238,1,4,compressed_ring_ar
1778539091.312975,18,40,0.707889,102.71,137.026,1245.158,1,4,compressed_ring_ar
1778539092.7325325,18,41,0.78309,96.77,616.033,1321.46,1,4,compressed_ring_ar
1778539094.0350208,18,42,0.694994,104.06,310.887,1228.259,1,4,compressed_ring_ar
1778539095.3957841,18,43,0.854656,96.76,246.807,1317.515,1,4,compressed_ring_ar
1778539096.7415123,18,44,0.818689,98.04,338.059,1301.393,1,4,compressed_ring_ar
1778539098.0473266,18,45,0.760073,100.99,412.647,1261.475,1,4,compressed_ring_ar
1778539099.2857566,18,46,0.850298,109.33,295.562,1165.889,1,4,compressed_ring_ar
1778539100.4807186,18,47,0.689166,111.83,214.264,1141.908,1,4,compressed_ring_ar
1778539101.8923244,18,48,0.86088,93.6,247.005,1363.639,1,4,compressed_ring_ar
1778539103.2645166,18,49,0.952727,96.63,199.764,1323.219,1,4,compressed_ring_ar
1778539104.3981152,18,50,0.868892,120.53,278.158,1057.081,1,4,compressed_ring_ar
1778539105.9542205,18,51,0.793755,84.24,256.358,1515.476,1,4,compressed_ring_ar
1778539107.3130968,18,52,0.708899,98.67,219.678,1289.879,1,4,compressed_ring_ar
1778539108.5827498,18,53,0.865232,104.68,236.178,1217.71,1,4,compressed_ring_ar
1778539109.983906,18,54,0.711612,94.99,206.75,1346.02,1,4,compressed_ring_ar
1778539111.296911,18,55,0.75644,101.32,253.877,1259.241,1,4,compressed_ring_ar
1778539112.787582,18,56,0.797168,88.42,213.979,1441.83,1,4,compressed_ring_ar
1778539114.0483742,18,57,0.819095,105.13,472.048,1212.749,1,4,compressed_ring_ar
1778539115.4176922,18,58,0.771537,96.27,241.234,1324.735,1,4,compressed_ring_ar
1778539116.7176561,18,59,0.88665,101.61,194.853,1257.263,1,4,compressed_ring_ar
1778539118.1117172,18,60,0.703045,95.16,276.25,1339.728,1,4,compressed_ring_ar
1778539119.3986332,18,61,0.686842,102.66,190.35,1245.417,1,4,compressed_ring_ar
1778539120.9357884,18,62,0.790142,85.96,215.632,1484.472,1,4,compressed_ring_ar
1778539122.0479321,18,63,0.860094,121.68,221.07,1046.061,1,4,compressed_ring_ar
1778539123.419164,18,64,0.996367,96.11,272.512,1326.893,1,4,compressed_ring_ar
1778539124.6705227,18,65,0.892828,105.86,274.433,1207.852,1,4,compressed_ring_ar
1778539126.1004395,18,66,0.856839,94.55,197.958,1349.052,1,4,compressed_ring_ar
1778539127.3019705,18,67,0.725089,110.07,145.674,1160.063,1,4,compressed_ring_ar
1778539128.9169128,18,68,0.721696,81.35,289.403,1568.528,1,4,compressed_ring_ar
1778539130.0218961,18,69,0.694338,127.56,192.833,1000.702,1,4,compressed_ring_ar
1778539131.2897468,18,70,1.004244,104.6,374.841,1219.284,1,4,compressed_ring_ar
1778539132.6626003,18,71,0.902346,96.0,240.316,1329.373,1,4,compressed_ring_ar
1778539133.7281163,18,72,0.820788,124.43,293.92,1026.754,1,4,compressed_ring_ar
1778539135.211496,18,73,0.851893,90.31,550.171,1413.204,1,4,compressed_ring_ar
1778539136.6977184,18,74,0.861529,88.68,220.949,1438.896,1,4,compressed_ring_ar
1778539137.9425569,18,75,1.03719,106.57,173.885,1196.502,1,4,compressed_ring_ar
1778539139.456191,18,76,0.840228,89.01,801.92,1434.158,1,4,compressed_ring_ar
1778539140.7780015,18,77,0.802337,99.56,231.432,1278.264,1,4,compressed_ring_ar
1778539141.80742,18,78,0.58588,132.48,151.429,964.408,1,4,compressed_ring_ar
1778539143.183059,18,79,0.652247,98.4,605.052,1298.669,1,4,compressed_ring_ar
1778539144.552897,18,80,1.029812,96.89,491.684,1316.635,1,4,compressed_ring_ar
1778539145.8418245,18,81,0.747341,102.69,317.353,1241.529,1,4,compressed_ring_ar
1778539147.1551492,18,82,1.061871,100.37,191.495,1272.323,1,4,compressed_ring_ar
1778539148.436751,18,83,0.820129,104.36,270.006,1224.424,1,4,compressed_ring_ar
1778539149.5799954,18,84,0.675903,119.57,255.556,1065.926,1,4,compressed_ring_ar
1778539150.7536838,18,85,0.894714,113.04,141.196,1131.17,1,4,compressed_ring_ar
1778539152.1709752,18,86,0.767802,94.61,441.708,1347.055,1,4,compressed_ring_ar
1778539153.49761,18,87,0.899365,102.06,253.165,1251.686,1,4,compressed_ring_ar
1778539154.8055432,18,88,1.083855,100.99,169.765,1264.21,1,4,compressed_ring_ar
1778539156.286804,18,89,0.907991,90.15,402.501,1415.194,1,4,compressed_ring_ar
1778539157.4626327,18,90,0.831687,115.25,146.016,1109.05,1,4,compressed_ring_ar
1778539158.8068807,18,91,0.858787,99.18,444.82,1284.033,1,4,compressed_ring_ar
1778539160.0118196,18,92,0.826554,109.97,193.03,1160.255,1,4,compressed_ring_ar
1778539161.25664,18,93,0.79278,106.44,172.087,1200.433,1,4,compressed_ring_ar
1778539162.6372674,18,94,0.871725,97.34,573.793,1309.323,1,4,compressed_ring_ar
1778539163.946454,18,95,0.741632,100.48,342.194,1266.943,1,4,compressed_ring_ar
1778539165.0360475,18,96,0.962379,121.68,180.017,1049.155,1,4,compressed_ring_ar
1778539166.3206313,18,97,0.855483,67.27,435.102,1239.858,1,4,compressed_ring_ar
1778539178.3006656,19,0,0.810166,78.58,287.034,1627.499,1,4,compressed_ring_ar
1778539179.6564991,19,1,0.595499,97.4,440.071,1312.977,1,4,compressed_ring_ar
1778539181.1451569,19,2,0.862289,90.31,655.158,1416.034,1,4,compressed_ring_ar
1778539182.41858,19,3,0.858027,105.75,134.624,1209.213,1,4,compressed_ring_ar
1778539183.9646451,19,4,0.767778,88.06,781.469,1444.06,1,4,compressed_ring_ar
1778539185.2969673,19,5,0.887999,99.1,266.236,1283.516,1,4,compressed_ring_ar
1778539186.5395353,19,6,0.878813,107.43,195.931,1186.755,1,4,compressed_ring_ar
1778539188.1059067,19,7,0.773449,83.89,241.152,1524.504,1,4,compressed_ring_ar
1778539189.363078,19,8,0.937492,107.73,230.371,1183.651,1,4,compressed_ring_ar
1778539190.5158026,19,9,0.75109,114.64,180.004,1115.252,1,4,compressed_ring_ar
1778539191.9549208,19,10,0.815102,93.91,460.088,1360.287,1,4,compressed_ring_ar
1778539193.3306944,19,11,0.930087,95.78,219.849,1335.031,1,4,compressed_ring_ar
1778539194.7305753,19,12,0.833383,94.38,351.011,1354.048,1,4,compressed_ring_ar
1778539196.1299171,19,13,0.928598,94.13,327.638,1358.369,1,4,compressed_ring_ar
1778539197.4823458,19,14,0.7199,98.46,211.079,1298.517,1,4,compressed_ring_ar
1778539198.7950454,19,15,0.802315,100.82,176.732,1268.172,1,4,compressed_ring_ar
1778539200.0756114,19,16,0.663604,104.15,134.742,1227.826,1,4,compressed_ring_ar
1778539201.508629,19,17,0.872971,95.38,555.849,1338.387,1,4,compressed_ring_ar
1778539202.653857,19,18,0.798893,116.24,179.565,1100.391,1,4,compressed_ring_ar
1778539204.1230164,19,19,0.770394,92.06,737.54,1388.758,1,4,compressed_ring_ar
1778539205.5056937,19,20,0.806993,97.35,248.63,1313.758,1,4,compressed_ring_ar
1778539206.800373,19,21,0.897708,104.76,191.221,1214.766,1,4,compressed_ring_ar
1778539207.8896573,19,22,0.783703,122.67,243.649,1042.02,1,4,compressed_ring_ar
1778539209.248932,19,23,0.814819,99.63,343.768,1283.335,1,4,compressed_ring_ar
1778539210.6501825,19,24,0.754387,94.41,201.357,1351.503,1,4,compressed_ring_ar
1778539211.922455,19,25,0.90884,104.26,203.114,1222.805,1,4,compressed_ring_ar
1778539213.2234275,19,26,0.896202,102.69,246.096,1243.796,1,4,compressed_ring_ar
1778539214.678807,19,27,0.749546,91.69,174.277,1394.687,1,4,compressed_ring_ar
1778539216.0746214,19,28,0.947784,94.55,384.137,1353.525,1,4,compressed_ring_ar
1778539217.423713,19,29,0.642204,98.83,382.261,1292.533,1,4,compressed_ring_ar
1778539218.8404305,19,30,0.766451,93.57,342.255,1363.408,1,4,compressed_ring_ar
1778539220.1137002,19,31,1.023882,103.39,204.627,1231.785,1,4,compressed_ring_ar
1778539221.3045862,19,32,0.903117,112.79,176.418,1133.574,1,4,compressed_ring_ar
1778539222.7139773,19,33,0.850563,95.18,371.446,1339.596,1,4,compressed_ring_ar
1778539224.063923,19,34,0.896192,98.25,197.787,1297.828,1,4,compressed_ring_ar
1778539225.1765609,19,35,0.660297,121.02,210.249,1056.66,1,4,compressed_ring_ar
1778539226.5398548,19,36,0.964605,98.05,483.146,1301.088,1,4,compressed_ring_ar
1778539227.7976992,19,37,0.86593,104.86,227.477,1214.651,1,4,compressed_ring_ar
1778539229.0072484,19,38,0.788493,109.25,193.391,1169.348,1,4,compressed_ring_ar
1778539230.336054,19,39,0.730278,100.05,367.269,1277.985,1,4,compressed_ring_ar
1778539231.7794585,19,40,0.869837,91.15,152.48,1403.437,1,4,compressed_ring_ar
1778539233.0928574,19,41,0.766684,102.38,384.348,1244.805,1,4,compressed_ring_ar
1778539234.354606,19,42,0.681552,104.54,276.933,1214.208,1,4,compressed_ring_ar
1778539235.6490977,19,43,0.654907,101.69,246.715,1254.523,1,4,compressed_ring_ar
1778539236.714632,19,44,0.683256,126.18,329.504,1013.626,1,4,compressed_ring_ar
1778539238.263558,19,45,0.687381,86.76,643.766,1470.638,1,4,compressed_ring_ar
1778539239.427777,19,46,0.666443,117.73,258.637,1080.563,1,4,compressed_ring_ar
1778539240.5889823,19,47,0.878145,115.41,220.351,1104.421,1,4,compressed_ring_ar
1778539241.9214554,19,48,0.960363,98.65,329.066,1294.737,1,4,compressed_ring_ar
1778539243.290792,19,49,0.894963,96.96,211.893,1314.528,1,4,compressed_ring_ar
1778539244.5731142,19,50,0.798414,103.47,188.86,1231.758,1,4,compressed_ring_ar
1778539245.903813,19,51,0.78638,99.94,213.848,1279.172,1,4,compressed_ring_ar
1778539247.2950103,19,52,0.647949,95.8,378.826,1331.417,1,4,compressed_ring_ar
1778539248.4794338,19,53,0.906132,112.61,191.206,1131.688,1,4,compressed_ring_ar
1778539249.7569442,19,54,0.828826,103.17,220.581,1239.248,1,4,compressed_ring_ar
1778539251.0274544,19,55,0.900237,105.42,137.991,1213.131,1,4,compressed_ring_ar
1778539252.4384444,19,56,0.817732,95.49,516.04,1333.536,1,4,compressed_ring_ar
1778539253.762914,19,57,0.916194,99.51,212.117,1281.592,1,4,compressed_ring_ar
1778539254.9454567,19,58,0.883596,112.01,269.206,1141.373,1,4,compressed_ring_ar
1778539256.3363492,19,59,0.82339,97.14,444.676,1316.847,1,4,compressed_ring_ar
1778539257.7109437,19,60,0.772306,95.89,190.623,1333.512,1,4,compressed_ring_ar
1778539258.9958172,19,61,0.772743,103.1,147.504,1240.308,1,4,compressed_ring_ar
1778539260.3724058,19,62,0.676573,95.96,208.236,1328.761,1,4,compressed_ring_ar
1778539261.5970142,19,63,0.803347,109.01,183.548,1171.91,1,4,compressed_ring_ar
1778539263.045427,19,64,0.969108,90.98,257.896,1402.291,1,4,compressed_ring_ar
1778539264.2907708,19,65,0.80561,106.39,181.475,1201.948,1,4,compressed_ring_ar
1778539265.683224,19,66,0.752079,96.11,758.404,1328.069,1,4,compressed_ring_ar
1778539266.9880419,19,67,0.784328,101.09,215.376,1261.277,1,4,compressed_ring_ar
1778539268.280827,19,68,0.912244,104.22,220.781,1223.64,1,4,compressed_ring_ar
1778539269.571633,19,69,0.914457,102.18,214.284,1248.588,1,4,compressed_ring_ar
1778539270.8479764,19,70,0.805847,104.09,308.99,1228.092,1,4,compressed_ring_ar
1778539272.129872,19,71,0.715005,104.41,236.275,1224.91,1,4,compressed_ring_ar
1778539273.4886875,19,72,0.796422,98.47,204.475,1296.201,1,4,compressed_ring_ar
1778539274.898018,19,73,0.857239,93.41,269.563,1365.697,1,4,compressed_ring_ar
1778539276.278976,19,74,0.984368,95.7,223.125,1335.049,1,4,compressed_ring_ar
1778539277.653554,19,75,0.955834,97.02,357.15,1317.83,1,4,compressed_ring_ar
1778539279.0883079,19,76,0.774536,92.81,217.003,1377.875,1,4,compressed_ring_ar
1778539280.424669,19,77,0.878216,100.94,199.675,1263.451,1,4,compressed_ring_ar
1778539281.6173055,19,78,0.944908,110.64,378.563,1155.512,1,4,compressed_ring_ar
1778539283.1162753,19,79,0.777158,89.16,228.998,1429.306,1,4,compressed_ring_ar
1778539284.3104846,19,80,0.911045,111.71,159.467,1144.964,1,4,compressed_ring_ar
1778539285.795083,19,81,0.940144,90.75,324.672,1408.165,1,4,compressed_ring_ar
1778539287.3598993,19,82,0.837597,84.12,550.686,1514.56,1,4,compressed_ring_ar
1778539288.5443473,19,83,0.832137,113.1,138.386,1129.298,1,4,compressed_ring_ar
1778539290.0095205,19,84,0.819503,92.97,533.108,1371.666,1,4,compressed_ring_ar
1778539291.37218,19,85,0.721668,97.87,293.434,1303.524,1,4,compressed_ring_ar
1778539292.6842027,19,86,0.827124,101.01,234.194,1263.193,1,4,compressed_ring_ar
1778539293.93408,19,87,0.822544,106.06,192.59,1205.395,1,4,compressed_ring_ar
1778539295.2948802,19,88,0.868231,96.81,251.636,1318.034,1,4,compressed_ring_ar
1778539296.6147208,19,89,0.632327,100.93,183.093,1266.95,1,4,compressed_ring_ar
1778539297.9520152,19,90,0.745927,99.65,309.762,1279.776,1,4,compressed_ring_ar
1778539299.3422196,19,91,0.809726,94.78,195.097,1344.874,1,4,compressed_ring_ar
1778539300.5259385,19,92,0.958108,111.46,324.153,1146.333,1,4,compressed_ring_ar
1778539301.8825767,19,93,0.873572,97.91,451.561,1306.04,1,4,compressed_ring_ar
1778539303.2377357,19,94,0.739506,97.88,346.885,1306.574,1,4,compressed_ring_ar
1778539304.6789794,19,95,0.76024,95.07,692.158,1344.075,1,4,compressed_ring_ar
1778539306.0335133,19,96,0.810166,97.93,444.157,1302.477,1,4,compressed_ring_ar
1778539307.2111385,19,97,0.83821,73.14,412.597,1143.321,1,4,compressed_ring_ar
1778539318.7553425,20,0,0.743403,94.34,397.489,1354.432,1,4,compressed_ring_ar
1778539320.1722538,20,1,0.753761,94.69,597.039,1347.896,1,4,compressed_ring_ar
1778539321.4230108,20,2,0.92661,105.29,196.055,1211.759,1,4,compressed_ring_ar
1778539322.6017895,20,3,0.765814,112.52,142.841,1136.663,1,4,compressed_ring_ar
1778539323.9497218,20,4,0.855915,98.86,497.521,1292.386,1,4,compressed_ring_ar
1778539325.383946,20,5,0.807737,91.89,195.39,1391.675,1,4,compressed_ring_ar
1778539326.8185616,20,6,0.8481,92.08,324.218,1385.115,1,4,compressed_ring_ar
1778539328.110843,20,7,0.765848,106.47,141.977,1199.709,1,4,compressed_ring_ar
1778539329.5493617,20,8,0.755281,92.4,362.104,1379.622,1,4,compressed_ring_ar
1778539330.818075,20,9,0.78294,105.83,213.714,1208.082,1,4,compressed_ring_ar
1778539332.177618,20,10,0.821035,98.1,195.88,1300.805,1,4,compressed_ring_ar
1778539333.376039,20,11,0.946513,110.48,280.891,1155.712,1,4,compressed_ring_ar
1778539334.695023,20,12,0.827203,100.59,304.714,1271.081,1,4,compressed_ring_ar
1778539336.1171336,20,13,0.794052,92.55,348.312,1381.902,1,4,compressed_ring_ar
1778539337.4744618,20,14,0.871291,97.5,203.761,1309.824,1,4,compressed_ring_ar
1778539338.784789,20,15,0.959742,100.61,491.892,1269.25,1,4,compressed_ring_ar
1778539340.2027578,20,16,0.891565,93.07,379.643,1370.228,1,4,compressed_ring_ar
1778539341.5470328,20,17,0.829469,98.54,249.495,1294.622,1,4,compressed_ring_ar
1778539343.1805084,20,18,0.703885,80.44,221.227,1590.014,1,4,compressed_ring_ar
1778539344.7774134,20,19,0.774751,83.76,229.922,1526.948,1,4,compressed_ring_ar
1778539346.2798538,20,20,0.731413,87.32,206.331,1464.64,1,4,compressed_ring_ar
1778539347.6408753,20,21,0.871193,97.28,201.646,1310.879,1,4,compressed_ring_ar
1778539349.0341547,20,22,0.777662,94.49,181.043,1345.818,1,4,compressed_ring_ar
1778539350.2579176,20,23,0.760858,108.41,196.404,1175.266,1,4,compressed_ring_ar
1778539351.6650739,20,24,0.799194,93.76,276.911,1360.996,1,4,compressed_ring_ar
1778539353.1841648,20,25,0.806726,86.47,239.294,1478.841,1,4,compressed_ring_ar
1778539354.4448495,20,26,0.658195,106.57,265.912,1195.691,1,4,compressed_ring_ar
1778539355.8241448,20,27,0.704613,96.96,235.826,1318.987,1,4,compressed_ring_ar
1778539357.2343144,20,28,0.818494,96.75,718.006,1318.301,1,4,compressed_ring_ar
1778539358.7073033,20,29,0.866845,89.15,231.957,1431.733,1,4,compressed_ring_ar
1778539359.9667652,20,30,0.952902,104.57,276.568,1222.052,1,4,compressed_ring_ar
1778539361.448331,20,31,0.774062,89.63,220.704,1420.352,1,4,compressed_ring_ar
1778539362.806217,20,32,0.69422,97.04,224.838,1315.28,1,4,compressed_ring_ar
1778539363.9750528,20,33,0.612131,115.32,181.837,1105.926,1,4,compressed_ring_ar
1778539365.3667219,20,34,0.83049,94.99,175.263,1346.164,1,4,compressed_ring_ar
1778539366.8573658,20,35,0.976656,89.46,230.274,1427.034,1,4,compressed_ring_ar
1778539368.1515791,20,36,0.867306,104.56,185.078,1217.207,1,4,compressed_ring_ar
1778539369.3734238,20,37,0.875078,109.22,191.347,1168.21,1,4,compressed_ring_ar
1778539370.625463,20,38,0.657119,105.86,207.101,1205.121,1,4,compressed_ring_ar
1778539371.8224576,20,39,0.659898,111.67,222.199,1143.7,1,4,compressed_ring_ar
1778539373.2142956,20,40,0.802268,94.74,377.603,1349.756,1,4,compressed_ring_ar
1778539374.6675832,20,41,0.811174,92.17,205.239,1387.438,1,4,compressed_ring_ar
1778539375.9006507,20,42,0.762139,109.35,302.749,1169.218,1,4,compressed_ring_ar
1778539377.1948092,20,43,0.799567,102.54,140.493,1247.072,1,4,compressed_ring_ar
1778539378.628284,20,44,0.663145,93.38,357.118,1365.891,1,4,compressed_ring_ar
1778539379.711428,20,45,0.707548,124.9,140.899,1023.278,1,4,compressed_ring_ar
1778539380.9590747,20,46,0.716053,109.22,377.493,1169.793,1,4,compressed_ring_ar
1778539382.2570784,20,47,0.655519,105.34,386.822,1212.877,1,4,compressed_ring_ar
1778539383.6408186,20,48,0.796806,95.95,461.756,1331.364,1,4,compressed_ring_ar
1778539385.0073426,20,49,0.782122,98.0,320.45,1298.219,1,4,compressed_ring_ar
1778539386.21732,20,50,0.837536,110.57,195.686,1149.156,1,4,compressed_ring_ar
1778539387.5045052,20,51,0.835397,102.3,351.957,1249.821,1,4,compressed_ring_ar
1778539388.8876114,20,52,0.759943,97.23,272.487,1315.292,1,4,compressed_ring_ar
1778539390.225168,20,53,0.826616,99.5,374.354,1284.317,1,4,compressed_ring_ar
1778539391.5795057,20,54,0.888302,97.82,292.71,1300.167,1,4,compressed_ring_ar
1778539392.9412692,20,55,1.110778,97.67,247.176,1303.453,1,4,compressed_ring_ar
1778539394.16125,20,56,0.787704,108.29,206.986,1176.945,1,4,compressed_ring_ar
1778539395.6231463,20,57,0.956007,89.98,259.465,1420.533,1,4,compressed_ring_ar
1778539396.8570704,20,58,0.754382,109.01,200.526,1168.465,1,4,compressed_ring_ar
1778539398.060019,20,59,0.725134,111.2,253.65,1148.652,1,4,compressed_ring_ar
1778539399.269829,20,60,0.803284,110.65,147.512,1155.65,1,4,compressed_ring_ar
1778539400.7204816,20,61,0.79122,94.48,758.69,1351.834,1,4,compressed_ring_ar
1778539402.1219738,20,62,0.859834,94.44,211.56,1350.49,1,4,compressed_ring_ar
1778539403.3667989,20,63,0.679413,106.06,238.843,1202.115,1,4,compressed_ring_ar
1778539404.6723266,20,64,0.713524,102.64,209.867,1244.048,1,4,compressed_ring_ar
1778539406.1473217,20,65,0.826804,89.41,214.594,1426.856,1,4,compressed_ring_ar
1778539407.2568498,20,66,0.924182,121.25,264.098,1053.477,1,4,compressed_ring_ar
1778539408.7319162,20,67,0.717762,89.91,269.856,1416.638,1,4,compressed_ring_ar
1778539409.9284718,20,68,0.909072,110.62,216.224,1151.996,1,4,compressed_ring_ar
1778539411.1757588,20,69,0.832164,106.05,323.324,1201.92,1,4,compressed_ring_ar
1778539412.4669092,20,70,0.88217,102.41,203.61,1245.145,1,4,compressed_ring_ar
1778539413.7292774,20,71,0.850164,104.88,201.339,1215.718,1,4,compressed_ring_ar
1778539415.1846964,20,72,0.811233,90.45,221.389,1409.976,1,4,compressed_ring_ar
1778539416.6483595,20,73,0.794622,91.62,226.073,1391.706,1,4,compressed_ring_ar
1778539417.9789023,20,74,0.65432,100.5,399.921,1267.91,1,4,compressed_ring_ar
1778539419.3681161,20,75,0.694984,96.6,233.181,1319.286,1,4,compressed_ring_ar
1778539420.6375554,20,76,0.771064,105.57,211.869,1207.438,1,4,compressed_ring_ar
1778539421.8426883,20,77,0.765821,110.1,224.469,1160.398,1,4,compressed_ring_ar
1778539423.1275833,20,78,0.733146,103.13,411.468,1238.392,1,4,compressed_ring_ar
1778539424.369871,20,79,0.837644,107.12,265.053,1192.724,1,4,compressed_ring_ar
1778539425.780166,20,80,0.810075,94.53,235.485,1349.843,1,4,compressed_ring_ar
1778539427.0611234,20,81,0.842148,102.83,153.705,1241.324,1,4,compressed_ring_ar
1778539428.6737223,20,82,0.866898,82.61,751.268,1544.208,1,4,compressed_ring_ar
1778539430.0018091,20,83,0.872635,102.03,374.896,1249.245,1,4,compressed_ring_ar
1778539431.1730967,20,84,0.881131,112.96,167.583,1131.873,1,4,compressed_ring_ar
1778539432.5348475,20,85,0.756556,98.72,378.561,1287.445,1,4,compressed_ring_ar
1778539433.7688046,20,86,0.838523,107.19,217.958,1189.363,1,4,compressed_ring_ar
1778539435.0291138,20,87,0.765029,105.33,164.278,1213.85,1,4,compressed_ring_ar
1778539436.4181914,20,88,0.778861,97.63,352.708,1306.575,1,4,compressed_ring_ar
1778539437.6405473,20,89,0.801009,107.78,405.706,1183.254,1,4,compressed_ring_ar
1778539439.0696826,20,90,0.752009,91.95,216.353,1387.105,1,4,compressed_ring_ar
1778539440.2108104,20,91,0.766506,116.09,163.959,1100.355,1,4,compressed_ring_ar
1778539441.600543,20,92,0.798094,95.58,522.711,1332.948,1,4,compressed_ring_ar
1778539442.8271532,20,93,0.709381,107.27,336.087,1188.582,1,4,compressed_ring_ar
1778539444.126522,20,94,0.813225,102.07,249.438,1251.897,1,4,compressed_ring_ar
1778539445.5186498,20,95,0.863198,95.34,405.159,1338.192,1,4,compressed_ring_ar
1778539446.6881719,20,96,0.841798,113.13,364.841,1128.479,1,4,compressed_ring_ar
1778539448.0629597,20,97,0.735005,62.47,399.268,1335.889,1,4,compressed_ring_ar
