timestamp,epoch,iteration,loss,throughput_samp_s,comm_latency_ms,iter_time_ms,rank,world_size,arch
1778536653.3003159,1,0,2.457768,54.81,592.327,2335.013,3,4,compressed_ring_ar
1778536654.8731215,1,1,2.356389,84.74,220.742,1507.553,3,4,compressed_ring_ar
1778536656.226276,1,2,2.271961,98.09,261.993,1303.755,3,4,compressed_ring_ar
1778536657.650489,1,3,2.316032,95.27,674.404,1342.255,3,4,compressed_ring_ar
1778536659.071316,1,4,2.326259,92.78,286.539,1378.327,3,4,compressed_ring_ar
1778536660.47707,1,5,2.278334,93.71,352.651,1364.563,3,4,compressed_ring_ar
1778536661.8402097,1,6,2.31454,96.37,412.289,1325.29,3,4,compressed_ring_ar
1778536663.2006013,1,7,2.238091,97.67,293.044,1309.295,3,4,compressed_ring_ar
1778536664.6501667,1,8,2.244894,92.5,361.987,1382.331,3,4,compressed_ring_ar
1778536666.0966809,1,9,2.219528,91.1,195.817,1403.179,3,4,compressed_ring_ar
1778536667.592357,1,10,2.18919,88.46,316.678,1442.568,3,4,compressed_ring_ar
1778536668.8403318,1,11,2.217037,106.49,200.043,1197.62,3,4,compressed_ring_ar
1778536670.202288,1,12,2.236761,97.53,233.198,1307.783,3,4,compressed_ring_ar
1778536671.5583112,1,13,2.191573,99.63,234.17,1281.968,3,4,compressed_ring_ar
1778536672.8598554,1,14,2.102458,102.22,225.357,1247.968,3,4,compressed_ring_ar
1778536674.1575491,1,15,2.118227,104.05,302.696,1228.886,3,4,compressed_ring_ar
1778536675.5718505,1,16,2.169022,94.07,294.719,1351.034,3,4,compressed_ring_ar
1778536676.8740618,1,17,2.097501,101.4,244.885,1257.083,3,4,compressed_ring_ar
1778536678.1742961,1,18,2.139983,103.82,208.726,1228.138,3,4,compressed_ring_ar
1778536679.651865,1,19,2.082428,89.7,290.214,1422.509,3,4,compressed_ring_ar
1778536681.0052187,1,20,2.015781,98.47,235.589,1294.189,3,4,compressed_ring_ar
1778536682.1520903,1,21,2.112347,115.91,382.326,1098.735,3,4,compressed_ring_ar
1778536683.6320415,1,22,2.052906,89.22,267.256,1424.705,3,4,compressed_ring_ar
1778536684.851294,1,23,2.088409,107.98,224.561,1184.458,3,4,compressed_ring_ar
1778536686.157249,1,24,2.143145,102.25,212.461,1247.063,3,4,compressed_ring_ar
1778536687.5105636,1,25,2.017887,98.16,207.829,1299.192,3,4,compressed_ring_ar
1778536688.839973,1,26,2.11657,99.69,217.521,1279.58,3,4,compressed_ring_ar
1778536690.3030522,1,27,2.007406,90.39,225.823,1408.705,3,4,compressed_ring_ar
1778536691.4673755,1,28,2.000242,113.75,233.679,1122.957,3,4,compressed_ring_ar
1778536692.7610624,1,29,2.082508,102.33,218.535,1246.348,3,4,compressed_ring_ar
1778536694.121367,1,30,1.979485,97.31,200.369,1311.653,3,4,compressed_ring_ar
1778536695.3911521,1,31,2.081175,104.48,244.535,1220.312,3,4,compressed_ring_ar
1778536696.6026852,1,32,2.027025,109.97,205.479,1159.615,3,4,compressed_ring_ar
1778536697.89608,1,33,1.973589,103.22,362.462,1232.157,3,4,compressed_ring_ar
1778536699.288881,1,34,2.077656,95.12,235.098,1341.26,3,4,compressed_ring_ar
1778536700.6342773,1,35,1.984763,100.36,241.199,1271.238,3,4,compressed_ring_ar
1778536701.8832808,1,36,1.96828,106.65,318.72,1195.557,3,4,compressed_ring_ar
1778536703.2199273,1,37,1.982725,99.16,310.56,1286.396,3,4,compressed_ring_ar
1778536704.5493534,1,38,1.866428,104.08,253.82,1228.457,3,4,compressed_ring_ar
1778536705.924999,1,39,1.92229,95.81,221.857,1331.214,3,4,compressed_ring_ar
1778536707.1892626,1,40,1.908795,105.6,242.131,1207.405,3,4,compressed_ring_ar
1778536708.492157,1,41,1.977615,101.9,219.819,1250.639,3,4,compressed_ring_ar
1778536709.8469126,1,42,1.903473,97.68,240.786,1303.343,3,4,compressed_ring_ar
1778536711.1484153,1,43,1.940173,102.87,196.176,1242.278,3,4,compressed_ring_ar
1778536712.421775,1,44,1.880699,104.9,271.301,1214.812,3,4,compressed_ring_ar
1778536713.644552,1,45,1.748124,108.68,403.704,1173.304,3,4,compressed_ring_ar
1778536715.0629961,1,46,1.903944,93.28,198.635,1367.024,3,4,compressed_ring_ar
1778536716.1440134,1,47,1.911525,123.93,212.129,1031.579,3,4,compressed_ring_ar
1778536717.3975096,1,48,1.907307,106.06,197.584,1205.515,3,4,compressed_ring_ar
1778536718.7722213,1,49,1.900119,96.38,211.913,1323.349,3,4,compressed_ring_ar
1778536720.1956265,1,50,1.92143,92.68,257.808,1375.254,3,4,compressed_ring_ar
1778536721.4369612,1,51,1.888014,106.95,204.379,1189.401,3,4,compressed_ring_ar
1778536722.7145183,1,52,1.983801,104.17,206.066,1223.192,3,4,compressed_ring_ar
1778536723.937096,1,53,1.878391,108.19,186.514,1181.724,3,4,compressed_ring_ar
1778536725.28233,1,54,1.868317,99.44,265.79,1285.87,3,4,compressed_ring_ar
1778536726.5792656,1,55,1.858815,102.69,307.996,1242.159,3,4,compressed_ring_ar
1778536727.8249445,1,56,1.755885,105.87,232.622,1204.353,3,4,compressed_ring_ar
1778536729.2945106,1,57,1.84856,89.85,265.724,1419.484,3,4,compressed_ring_ar
1778536730.7636435,1,58,1.888756,91.24,211.636,1401.451,3,4,compressed_ring_ar
1778536732.1878755,1,59,1.793501,93.08,237.168,1374.081,3,4,compressed_ring_ar
1778536733.5482583,1,60,1.793499,99.11,272.26,1286.983,3,4,compressed_ring_ar
1778536734.8349879,1,61,1.693843,103.0,369.487,1238.194,3,4,compressed_ring_ar
1778536736.090403,1,62,1.819857,105.28,193.936,1208.915,3,4,compressed_ring_ar
1778536737.4473827,1,63,1.965542,97.28,276.416,1309.142,3,4,compressed_ring_ar
1778536738.733366,1,64,1.793238,103.3,210.214,1233.344,3,4,compressed_ring_ar
1778536740.1724787,1,65,1.90426,91.53,356.739,1393.869,3,4,compressed_ring_ar
1778536741.539148,1,66,1.772366,96.73,214.146,1318.333,3,4,compressed_ring_ar
1778536742.9052007,1,67,1.791713,97.03,199.654,1312.979,3,4,compressed_ring_ar
1778536744.1723654,1,68,1.786349,105.66,220.772,1205.754,3,4,compressed_ring_ar
1778536745.6625087,1,69,1.858781,88.75,223.907,1435.256,3,4,compressed_ring_ar
1778536746.9546711,1,70,1.817964,103.01,276.842,1237.25,3,4,compressed_ring_ar
1778536748.2694008,1,71,1.768731,104.23,356.125,1223.972,3,4,compressed_ring_ar
1778536749.6008446,1,72,1.636222,99.71,354.952,1278.525,3,4,compressed_ring_ar
1778536750.896867,1,73,1.838505,103.45,202.961,1231.545,3,4,compressed_ring_ar
1778536752.1711807,1,74,1.627038,104.04,211.563,1225.857,3,4,compressed_ring_ar
1778536753.562564,1,75,1.820296,95.0,204.988,1341.786,3,4,compressed_ring_ar
1778536754.721348,1,76,1.765583,115.32,385.747,1105.347,3,4,compressed_ring_ar
1778536756.0552738,1,77,1.713587,98.95,188.637,1285.971,3,4,compressed_ring_ar
1778536757.3805344,1,78,1.777059,99.56,218.505,1280.743,3,4,compressed_ring_ar
1778536758.580678,1,79,1.749098,110.29,396.894,1157.639,3,4,compressed_ring_ar
1778536759.8560762,1,80,1.782818,105.19,200.642,1212.359,3,4,compressed_ring_ar
1778536761.10269,1,81,1.87104,107.13,216.515,1190.338,3,4,compressed_ring_ar
1778536762.5685031,1,82,1.617118,89.93,195.766,1418.441,3,4,compressed_ring_ar
1778536763.9178057,1,83,1.655014,98.36,319.566,1299.894,3,4,compressed_ring_ar
1778536765.3262799,1,84,1.735551,93.87,205.729,1357.58,3,4,compressed_ring_ar
1778536766.6292806,1,85,1.783357,102.61,198.145,1241.82,3,4,compressed_ring_ar
1778536767.9191806,1,86,1.812229,102.37,252.4,1245.82,3,4,compressed_ring_ar
1778536769.1854413,1,87,1.725582,104.62,224.23,1213.223,3,4,compressed_ring_ar
1778536770.427524,1,88,1.655307,107.24,225.517,1187.477,3,4,compressed_ring_ar
1778536771.7088387,1,89,1.766941,106.38,227.721,1198.46,3,4,compressed_ring_ar
1778536772.955614,1,90,1.638199,106.4,196.138,1201.752,3,4,compressed_ring_ar
1778536774.3046951,1,91,1.675417,98.48,328.724,1295.725,3,4,compressed_ring_ar
1778536775.543274,1,92,1.642768,106.97,204.62,1195.579,3,4,compressed_ring_ar
1778536776.9887707,1,93,1.653339,94.93,227.781,1343.509,3,4,compressed_ring_ar
1778536778.2437146,1,94,1.751343,105.9,218.834,1199.152,3,4,compressed_ring_ar
1778536779.476564,1,95,1.754312,107.48,254.893,1186.094,3,4,compressed_ring_ar
1778536780.908422,1,96,1.728917,92.31,241.608,1384.501,3,4,compressed_ring_ar
1778536782.1181583,1,97,1.546016,71.37,245.69,1170.441,3,4,compressed_ring_ar
1778536794.1209316,2,0,1.646186,83.23,437.34,1533.862,3,4,compressed_ring_ar
1778536795.4371293,2,1,1.665853,101.87,203.026,1252.433,3,4,compressed_ring_ar
1778536796.710893,2,2,1.554101,103.99,257.996,1226.654,3,4,compressed_ring_ar
1778536798.065978,2,3,1.677377,97.61,223.687,1305.192,3,4,compressed_ring_ar
1778536799.360143,2,4,1.767841,102.57,209.067,1246.558,3,4,compressed_ring_ar
1778536800.7085066,2,5,1.719112,98.6,252.032,1293.576,3,4,compressed_ring_ar
1778536801.9861805,2,6,1.662086,104.32,197.268,1220.383,3,4,compressed_ring_ar
1778536803.326626,2,7,1.561606,98.36,193.893,1295.0,3,4,compressed_ring_ar
1778536804.5643754,2,8,1.707301,111.8,202.28,1139.536,3,4,compressed_ring_ar
1778536805.9697804,2,9,1.54024,93.96,328.956,1357.698,3,4,compressed_ring_ar
1778536807.265377,2,10,1.593996,103.51,236.014,1230.418,3,4,compressed_ring_ar
1778536808.699482,2,11,1.696499,92.28,284.99,1379.522,3,4,compressed_ring_ar
1778536809.949692,2,12,1.634013,106.09,312.807,1201.849,3,4,compressed_ring_ar
1778536811.2724893,2,13,1.558604,100.34,166.941,1272.621,3,4,compressed_ring_ar
1778536812.581882,2,14,1.52119,101.84,350.543,1254.912,3,4,compressed_ring_ar
1778536813.8481352,2,15,1.613292,106.62,473.759,1199.273,3,4,compressed_ring_ar
1778536815.222175,2,16,1.651288,100.39,523.729,1274.571,3,4,compressed_ring_ar
1778536816.5909097,2,17,1.593877,96.84,474.843,1317.131,3,4,compressed_ring_ar
1778536817.7093956,2,18,1.712931,119.45,186.542,1070.278,3,4,compressed_ring_ar
1778536818.979833,2,19,1.533444,105.41,352.15,1213.118,3,4,compressed_ring_ar
1778536820.4266987,2,20,1.659813,94.14,439.415,1356.571,3,4,compressed_ring_ar
1778536821.7478359,2,21,1.571264,100.39,229.231,1272.641,3,4,compressed_ring_ar
1778536823.1298988,2,22,1.684377,96.67,427.191,1322.88,3,4,compressed_ring_ar
1778536824.4372652,2,23,1.663193,104.64,355.041,1222.092,3,4,compressed_ring_ar
1778536825.7331705,2,24,1.656515,104.42,342.177,1221.415,3,4,compressed_ring_ar
1778536827.093424,2,25,1.674864,96.95,355.176,1318.547,3,4,compressed_ring_ar
1778536828.1588533,2,26,1.599896,128.16,150.005,997.437,3,4,compressed_ring_ar
1778536829.417449,2,27,1.535083,108.04,336.794,1183.498,3,4,compressed_ring_ar
1778536830.7417622,2,28,1.534365,103.47,350.887,1234.712,3,4,compressed_ring_ar
1778536832.0412397,2,29,1.719367,101.93,425.892,1253.925,3,4,compressed_ring_ar
1778536833.2619252,2,30,1.7299,110.5,255.735,1157.311,3,4,compressed_ring_ar
1778536834.6493688,2,31,1.624491,96.16,454.675,1323.252,3,4,compressed_ring_ar
1778536835.818598,2,32,1.573723,113.28,194.603,1125.875,3,4,compressed_ring_ar
1778536836.985664,2,33,1.584046,114.11,173.515,1120.45,3,4,compressed_ring_ar
1778536838.227819,2,34,1.56293,106.76,341.815,1197.794,3,4,compressed_ring_ar
1778536839.5467901,2,35,1.633136,101.16,442.01,1259.854,3,4,compressed_ring_ar
1778536840.78826,2,36,1.471614,106.53,373.822,1196.929,3,4,compressed_ring_ar
1778536842.1222649,2,37,1.593617,99.34,201.453,1285.89,3,4,compressed_ring_ar
1778536843.5279539,2,38,1.605473,94.92,258.62,1347.466,3,4,compressed_ring_ar
1778536844.8155124,2,39,1.561038,103.67,303.076,1227.934,3,4,compressed_ring_ar
1778536846.0599632,2,40,1.514672,106.72,140.631,1198.034,3,4,compressed_ring_ar
1778536847.3784642,2,41,1.637684,101.7,389.794,1257.656,3,4,compressed_ring_ar
1778536848.583437,2,42,1.563421,113.44,153.065,1126.992,3,4,compressed_ring_ar
1778536849.9413042,2,43,1.619469,98.21,371.988,1302.152,3,4,compressed_ring_ar
1778536851.292307,2,44,1.71412,100.1,426.185,1277.464,3,4,compressed_ring_ar
1778536852.6353784,2,45,1.685717,98.65,331.297,1295.775,3,4,compressed_ring_ar
1778536854.0377002,2,46,1.582725,96.97,169.366,1318.894,3,4,compressed_ring_ar
1778536855.3744972,2,47,1.543542,100.23,335.56,1274.733,3,4,compressed_ring_ar
1778536856.807573,2,48,1.500481,93.34,715.256,1368.849,3,4,compressed_ring_ar
1778536858.1131103,2,49,1.512525,102.11,444.101,1251.573,3,4,compressed_ring_ar
1778536859.443785,2,50,1.664395,101.05,244.866,1264.186,3,4,compressed_ring_ar
1778536860.7990842,2,51,1.606381,98.19,327.21,1301.603,3,4,compressed_ring_ar
1778536862.1203845,2,52,1.551911,103.78,336.455,1231.149,3,4,compressed_ring_ar
1778536863.5418572,2,53,1.462515,94.54,396.895,1353.586,3,4,compressed_ring_ar
1778536864.9978387,2,54,1.470537,91.69,451.869,1394.862,3,4,compressed_ring_ar
1778536866.311121,2,55,1.545527,102.59,314.875,1246.419,3,4,compressed_ring_ar
1778536867.548979,2,56,1.700704,108.76,363.388,1174.357,3,4,compressed_ring_ar
1778536868.8456957,2,57,1.785409,101.72,480.852,1257.144,3,4,compressed_ring_ar
1778536870.1923578,2,58,1.596215,100.5,377.983,1271.033,3,4,compressed_ring_ar
1778536871.4814227,2,59,1.743301,107.01,305.103,1195.259,3,4,compressed_ring_ar
1778536872.9126892,2,60,1.556082,94.28,772.084,1355.259,3,4,compressed_ring_ar
1778536874.5287087,2,61,1.537664,82.89,462.557,1541.649,3,4,compressed_ring_ar
1778536875.9308913,2,62,1.497484,94.34,205.985,1351.747,3,4,compressed_ring_ar
1778536877.091019,2,63,1.553445,114.7,148.231,1113.264,3,4,compressed_ring_ar
1778536878.3592112,2,64,1.660423,104.98,288.537,1216.344,3,4,compressed_ring_ar
1778536879.7153645,2,65,1.782798,99.73,414.547,1282.187,3,4,compressed_ring_ar
1778536881.3014414,2,66,1.49264,84.1,577.567,1519.611,3,4,compressed_ring_ar
1778536882.7119403,2,67,1.554127,100.39,408.697,1271.261,3,4,compressed_ring_ar
1778536884.0365353,2,68,1.600426,100.94,214.728,1266.915,3,4,compressed_ring_ar
1778536885.479075,2,69,1.560098,92.68,425.987,1379.823,3,4,compressed_ring_ar
1778536886.8319557,2,70,1.581894,101.12,444.81,1263.728,3,4,compressed_ring_ar
1778536888.2302392,2,71,1.442483,97.38,581.486,1313.037,3,4,compressed_ring_ar
1778536889.685052,2,72,1.452685,91.61,342.225,1394.819,3,4,compressed_ring_ar
1778536891.0151503,2,73,1.436667,100.44,353.131,1273.227,3,4,compressed_ring_ar
1778536892.6682744,2,74,1.564167,80.92,572.286,1577.448,3,4,compressed_ring_ar
1778536894.2016144,2,75,1.665201,86.56,213.936,1477.661,3,4,compressed_ring_ar
1778536895.8210602,2,76,1.593994,81.8,227.104,1560.842,3,4,compressed_ring_ar
1778536897.2683358,2,77,1.427055,92.43,271.147,1377.581,3,4,compressed_ring_ar
1778536898.7629943,2,78,1.563924,88.37,354.929,1441.207,3,4,compressed_ring_ar
1778536900.20125,2,79,1.561086,92.58,256.153,1377.49,3,4,compressed_ring_ar
1778536901.5815537,2,80,1.704334,97.19,182.505,1314.802,3,4,compressed_ring_ar
1778536903.0062833,2,81,1.429599,94.08,366.039,1359.521,3,4,compressed_ring_ar
1778536904.421443,2,82,1.414244,95.01,390.868,1344.926,3,4,compressed_ring_ar
1778536905.8415096,2,83,1.487187,93.74,438.009,1361.541,3,4,compressed_ring_ar
1778536907.2404785,2,84,1.486508,95.17,220.803,1343.963,3,4,compressed_ring_ar
1778536908.7243795,2,85,1.257084,90.36,825.525,1414.66,3,4,compressed_ring_ar
1778536910.0837834,2,86,1.607761,97.91,218.937,1306.08,3,4,compressed_ring_ar
1778536911.56356,2,87,1.710057,92.05,624.318,1389.567,3,4,compressed_ring_ar
1778536913.149003,2,88,1.399225,84.6,501.409,1510.551,3,4,compressed_ring_ar
1778536914.5793738,2,89,1.496426,94.82,408.025,1347.618,3,4,compressed_ring_ar
1778536915.9721267,2,90,1.438897,96.28,531.897,1327.89,3,4,compressed_ring_ar
1778536917.2865653,2,91,1.567521,101.74,337.809,1256.883,3,4,compressed_ring_ar
1778536918.7401428,2,92,1.580439,93.95,350.169,1361.231,3,4,compressed_ring_ar
1778536920.1159816,2,93,1.521275,97.78,357.985,1308.253,3,4,compressed_ring_ar
1778536921.4737847,2,94,1.504391,98.88,379.334,1291.901,3,4,compressed_ring_ar
1778536922.849549,2,95,1.5102,97.33,510.102,1308.74,3,4,compressed_ring_ar
1778536924.1517735,2,96,1.647598,101.56,261.917,1252.99,3,4,compressed_ring_ar
1778536925.2192628,2,97,1.628129,80.87,136.754,1034.304,3,4,compressed_ring_ar
1778536936.9315302,3,0,1.394283,89.35,157.546,1431.007,3,4,compressed_ring_ar
1778536938.2464826,3,1,1.617526,101.1,295.224,1263.43,3,4,compressed_ring_ar
1778536939.5970793,3,2,1.41778,97.79,304.257,1307.749,3,4,compressed_ring_ar
1778536940.9670854,3,3,1.413854,96.3,206.239,1319.472,3,4,compressed_ring_ar
1778536942.1494133,3,4,1.483753,111.42,208.46,1144.389,3,4,compressed_ring_ar
1778536943.5581276,3,5,1.583825,93.66,214.148,1359.978,3,4,compressed_ring_ar
1778536945.1047225,3,6,1.407345,84.98,356.782,1499.383,3,4,compressed_ring_ar
1778536946.3842106,3,7,1.372867,106.17,200.299,1201.002,3,4,compressed_ring_ar
1778536947.7094111,3,8,1.525835,99.4,242.332,1285.296,3,4,compressed_ring_ar
1778536948.9342623,3,9,1.50711,108.32,468.697,1180.495,3,4,compressed_ring_ar
1778536950.2425158,3,10,1.453444,103.56,497.376,1233.589,3,4,compressed_ring_ar
1778536951.640173,3,11,1.487212,95.4,508.472,1337.677,3,4,compressed_ring_ar
1778536952.8536828,3,12,1.490918,110.37,132.8,1156.861,3,4,compressed_ring_ar
1778536954.0852146,3,13,1.365153,108.29,369.696,1180.841,3,4,compressed_ring_ar
1778536955.3882463,3,14,1.419826,103.8,374.642,1231.902,3,4,compressed_ring_ar
1778536956.6495569,3,15,1.340866,106.29,311.834,1203.093,3,4,compressed_ring_ar
1778536957.8844268,3,16,1.391427,107.47,163.029,1188.152,3,4,compressed_ring_ar
1778536959.2871628,3,17,1.486235,94.03,386.961,1358.786,3,4,compressed_ring_ar
1778536960.749261,3,18,1.574728,91.01,446.858,1405.21,3,4,compressed_ring_ar
1778536962.0603037,3,19,1.366683,102.48,209.966,1246.737,3,4,compressed_ring_ar
1778536963.3317423,3,20,1.581651,103.94,327.827,1230.184,3,4,compressed_ring_ar
1778536964.7175534,3,21,1.567792,95.6,188.269,1337.534,3,4,compressed_ring_ar
1778536966.1661758,3,22,1.442705,92.62,453.381,1377.262,3,4,compressed_ring_ar
1778536967.3702435,3,23,1.52131,109.54,322.847,1167.369,3,4,compressed_ring_ar
1778536968.6595669,3,24,1.494782,104.87,274.144,1219.309,3,4,compressed_ring_ar
1778536970.0820603,3,25,1.59341,93.98,310.032,1354.462,3,4,compressed_ring_ar
1778536971.2156737,3,26,1.420521,117.6,194.285,1087.135,3,4,compressed_ring_ar
1778536972.6214983,3,27,1.55432,94.69,441.704,1350.644,3,4,compressed_ring_ar
1778536973.9870274,3,28,1.461366,99.15,365.277,1289.086,3,4,compressed_ring_ar
1778536975.5191398,3,29,1.392433,87.88,607.126,1451.023,3,4,compressed_ring_ar
1778536976.7795463,3,30,1.444535,108.93,405.614,1173.139,3,4,compressed_ring_ar
1778536978.0912943,3,31,1.519821,101.91,216.005,1254.809,3,4,compressed_ring_ar
1778536979.409899,3,32,1.591925,102.16,362.84,1250.514,3,4,compressed_ring_ar
1778536981.0151408,3,33,1.500969,83.03,615.86,1539.976,3,4,compressed_ring_ar
1778536982.4887004,3,34,1.335848,92.86,376.607,1372.489,3,4,compressed_ring_ar
1778536983.7584832,3,35,1.520983,105.53,223.19,1210.484,3,4,compressed_ring_ar
1778536985.1110322,3,36,1.518067,99.24,375.478,1288.595,3,4,compressed_ring_ar
1778536986.5174763,3,37,1.447993,95.15,439.742,1340.236,3,4,compressed_ring_ar
1778536987.7654018,3,38,1.334417,106.78,213.035,1197.64,3,4,compressed_ring_ar
1778536989.117154,3,39,1.284134,100.87,398.836,1263.194,3,4,compressed_ring_ar
1778536990.521466,3,40,1.607124,94.16,235.526,1353.575,3,4,compressed_ring_ar
1778536991.793571,3,41,1.449672,104.39,200.878,1220.798,3,4,compressed_ring_ar
1778536993.1228123,3,42,1.314024,99.24,352.227,1285.603,3,4,compressed_ring_ar
1778536994.4376092,3,43,1.495034,101.48,158.031,1260.293,3,4,compressed_ring_ar
1778536995.8753426,3,44,1.298586,93.6,383.049,1365.966,3,4,compressed_ring_ar
1778536997.1771164,3,45,1.236936,102.25,332.043,1248.214,3,4,compressed_ring_ar
1778536998.5878253,3,46,1.534824,93.38,342.774,1363.911,3,4,compressed_ring_ar
1778536999.600021,3,47,1.466657,131.86,139.653,969.485,3,4,compressed_ring_ar
1778537000.8148184,3,48,1.373863,114.14,375.57,1120.288,3,4,compressed_ring_ar
1778537002.1955857,3,49,1.509606,98.37,703.338,1299.811,3,4,compressed_ring_ar
1778537003.586096,3,50,1.369356,94.94,216.965,1345.401,3,4,compressed_ring_ar
1778537005.0910227,3,51,1.424233,87.73,553.01,1452.656,3,4,compressed_ring_ar
1778537006.1355236,3,52,1.589971,131.49,144.744,972.125,3,4,compressed_ring_ar
1778537007.4286036,3,53,1.391672,104.01,372.686,1228.828,3,4,compressed_ring_ar
1778537008.7813027,3,54,1.443662,98.57,348.741,1294.158,3,4,compressed_ring_ar
1778537010.0584528,3,55,1.294363,104.11,239.429,1228.246,3,4,compressed_ring_ar
1778537011.385295,3,56,1.396628,100.35,177.986,1274.316,3,4,compressed_ring_ar
1778537012.693561,3,57,1.393276,102.69,369.339,1245.363,3,4,compressed_ring_ar
1778537014.03359,3,58,1.556531,100.97,526.239,1266.137,3,4,compressed_ring_ar
1778537015.3392155,3,59,1.353973,101.41,432.801,1261.237,3,4,compressed_ring_ar
1778537016.6445508,3,60,1.284323,103.72,398.934,1228.25,3,4,compressed_ring_ar
1778537017.93076,3,61,1.387504,103.92,287.842,1229.237,3,4,compressed_ring_ar
1778537019.22211,3,62,1.343974,102.81,445.478,1242.275,3,4,compressed_ring_ar
1778537020.5985024,3,63,1.354735,97.04,372.961,1316.498,3,4,compressed_ring_ar
1778537021.8935885,3,64,1.339586,101.89,303.437,1254.96,3,4,compressed_ring_ar
1778537023.3133385,3,65,1.194719,94.26,173.924,1355.853,3,4,compressed_ring_ar
1778537024.6221085,3,66,1.403961,101.93,359.468,1253.663,3,4,compressed_ring_ar
1778537025.8617206,3,67,1.321412,108.44,306.726,1179.114,3,4,compressed_ring_ar
1778537027.2276714,3,68,1.40764,98.74,464.292,1294.101,3,4,compressed_ring_ar
1778537028.548233,3,69,1.356598,101.1,165.293,1263.07,3,4,compressed_ring_ar
1778537029.8964207,3,70,1.528891,98.15,378.645,1302.793,3,4,compressed_ring_ar
1778537031.3140855,3,71,1.321246,97.18,426.413,1309.74,3,4,compressed_ring_ar
1778537032.6737244,3,72,1.287439,96.74,213.951,1320.28,3,4,compressed_ring_ar
1778537034.1009283,3,73,1.524896,92.66,419.474,1375.283,3,4,compressed_ring_ar
1778537035.4987493,3,74,1.262191,95.01,213.557,1341.977,3,4,compressed_ring_ar
1778537036.5693502,3,75,1.373018,126.24,347.12,1012.86,3,4,compressed_ring_ar
1778537037.928184,3,76,1.323848,99.66,357.529,1283.867,3,4,compressed_ring_ar
1778537039.237123,3,77,1.386098,103.01,395.867,1240.273,3,4,compressed_ring_ar
1778537040.6178179,3,78,1.488562,97.02,421.108,1316.71,3,4,compressed_ring_ar
1778537041.9837453,3,79,1.352434,97.26,261.345,1314.154,3,4,compressed_ring_ar
1778537043.2720053,3,80,1.271149,102.93,442.16,1240.37,3,4,compressed_ring_ar
1778537044.544907,3,81,1.341836,104.16,345.68,1227.708,3,4,compressed_ring_ar
1778537045.7462974,3,82,1.397363,110.69,259.437,1155.196,3,4,compressed_ring_ar
1778537047.0384815,3,83,1.403082,103.94,430.376,1230.403,3,4,compressed_ring_ar
1778537048.4977496,3,84,1.452021,92.0,744.236,1388.774,3,4,compressed_ring_ar
1778537049.7202537,3,85,1.32663,109.64,319.402,1165.537,3,4,compressed_ring_ar
1778537050.992522,3,86,1.324927,107.64,323.142,1185.162,3,4,compressed_ring_ar
1778537052.3825033,3,87,1.462505,96.16,212.032,1330.305,3,4,compressed_ring_ar
1778537053.6658232,3,88,1.512872,103.34,322.67,1237.48,3,4,compressed_ring_ar
1778537054.9716752,3,89,1.320802,102.02,315.081,1249.813,3,4,compressed_ring_ar
1778537056.289942,3,90,1.365663,100.71,271.359,1269.742,3,4,compressed_ring_ar
1778537057.5649612,3,91,1.26933,105.74,199.819,1209.456,3,4,compressed_ring_ar
1778537058.93899,3,92,1.418304,99.21,409.529,1288.429,3,4,compressed_ring_ar
1778537060.2818887,3,93,1.339147,98.72,391.624,1293.112,3,4,compressed_ring_ar
1778537061.567013,3,94,1.444786,103.07,274.759,1238.905,3,4,compressed_ring_ar
1778537062.8623784,3,95,1.276379,102.65,289.906,1245.706,3,4,compressed_ring_ar
1778537064.2896674,3,96,1.463346,94.37,218.559,1355.181,3,4,compressed_ring_ar
1778537065.4215558,3,97,1.462748,81.49,148.491,1025.76,3,4,compressed_ring_ar
1778537076.942725,4,0,1.463246,107.64,185.14,1188.117,3,4,compressed_ring_ar
1778537078.2381873,4,1,1.455409,104.91,461.434,1217.634,3,4,compressed_ring_ar
1778537079.6368701,4,2,1.329219,95.88,318.667,1330.498,3,4,compressed_ring_ar
1778537080.9867597,4,3,1.387413,98.69,158.939,1295.88,3,4,compressed_ring_ar
1778537082.2852638,4,4,1.369901,105.56,313.146,1211.484,3,4,compressed_ring_ar
1778537083.675955,4,5,1.311048,96.74,331.549,1321.675,3,4,compressed_ring_ar
1778537085.078224,4,6,1.332601,95.75,442.137,1335.336,3,4,compressed_ring_ar
1778537086.2793767,4,7,1.399377,111.34,308.703,1147.208,3,4,compressed_ring_ar
1778537087.645806,4,8,1.479247,99.47,469.108,1285.342,3,4,compressed_ring_ar
1778537088.840307,4,9,1.202853,110.64,316.575,1155.209,3,4,compressed_ring_ar
1778537090.0920548,4,10,1.385553,107.85,400.513,1185.635,3,4,compressed_ring_ar
1778537091.6111102,4,11,1.296145,88.53,433.665,1444.463,3,4,compressed_ring_ar
1778537092.8362637,4,12,1.338005,108.91,208.64,1174.116,3,4,compressed_ring_ar
1778537094.2621522,4,13,1.124456,93.52,228.821,1363.537,3,4,compressed_ring_ar
1778537095.514594,4,14,1.255706,105.53,185.225,1209.119,3,4,compressed_ring_ar
1778537096.8197572,4,15,1.266141,101.05,172.764,1264.243,3,4,compressed_ring_ar
1778537098.3237863,4,16,1.332947,87.61,446.031,1456.301,3,4,compressed_ring_ar
1778537099.7376246,4,17,1.408816,94.1,198.926,1353.477,3,4,compressed_ring_ar
1778537101.0526848,4,18,1.331782,100.64,172.191,1270.346,3,4,compressed_ring_ar
1778537102.42778,4,19,1.274754,98.73,392.616,1294.318,3,4,compressed_ring_ar
1778537103.8501482,4,20,1.213499,92.99,401.069,1375.668,3,4,compressed_ring_ar
1778537105.2072947,4,21,1.410592,97.8,230.829,1302.825,3,4,compressed_ring_ar
1778537106.2406244,4,22,1.462708,131.96,174.128,968.673,3,4,compressed_ring_ar
1778537107.6126676,4,23,1.505118,97.27,539.064,1314.848,3,4,compressed_ring_ar
1778537108.8714695,4,24,1.386754,106.42,356.684,1200.274,3,4,compressed_ring_ar
1778537110.2008038,4,25,1.39949,101.73,404.138,1256.389,3,4,compressed_ring_ar
1778537111.4194832,4,26,1.220048,110.43,150.97,1156.126,3,4,compressed_ring_ar
1778537112.745884,4,27,1.354912,100.62,464.16,1265.883,3,4,compressed_ring_ar
1778537114.1748106,4,28,1.287597,92.78,410.76,1372.691,3,4,compressed_ring_ar
1778537115.3111453,4,29,1.442268,118.08,212.318,1079.725,3,4,compressed_ring_ar
1778537116.580925,4,30,1.366956,105.37,150.222,1213.615,3,4,compressed_ring_ar
1778537117.8968956,4,31,1.322148,101.4,190.537,1258.763,3,4,compressed_ring_ar
1778537119.0810845,4,32,1.371794,112.24,388.529,1139.699,3,4,compressed_ring_ar
1778537120.3950434,4,33,1.288231,104.13,451.051,1228.651,3,4,compressed_ring_ar
1778537121.734749,4,34,1.308929,99.39,448.891,1280.945,3,4,compressed_ring_ar
1778537122.9852483,4,35,1.239375,105.78,228.773,1209.243,3,4,compressed_ring_ar
1778537124.5026183,4,36,1.176587,88.22,427.444,1446.168,3,4,compressed_ring_ar
1778537125.7033825,4,37,1.232946,110.08,469.578,1158.0,3,4,compressed_ring_ar
1778537126.8954644,4,38,1.267317,113.56,176.164,1122.491,3,4,compressed_ring_ar
1778537128.2055023,4,39,1.263784,100.65,350.663,1270.938,3,4,compressed_ring_ar
1778537129.474168,4,40,1.450028,106.88,357.166,1195.592,3,4,compressed_ring_ar
1778537130.9088266,4,41,1.433017,92.42,210.399,1383.863,3,4,compressed_ring_ar
1778537132.3296547,4,42,1.228751,94.23,307.198,1356.817,3,4,compressed_ring_ar
1778537133.5792744,4,43,1.278735,107.02,300.736,1193.441,3,4,compressed_ring_ar
1778537134.9155166,4,44,1.199479,101.08,245.99,1261.751,3,4,compressed_ring_ar
1778537136.1117702,4,45,1.402418,111.5,142.482,1145.318,3,4,compressed_ring_ar
1778537137.4360273,4,46,1.603772,100.24,272.842,1269.847,3,4,compressed_ring_ar
1778537138.6637528,4,47,1.287884,107.6,180.118,1186.985,3,4,compressed_ring_ar
1778537139.9098585,4,48,1.279926,106.97,309.701,1195.427,3,4,compressed_ring_ar
1778537141.1550202,4,49,1.176567,108.24,426.453,1180.093,3,4,compressed_ring_ar
1778537142.4141953,4,50,1.530757,107.99,460.118,1183.83,3,4,compressed_ring_ar
1778537143.6993172,4,51,1.445659,103.85,359.738,1230.636,3,4,compressed_ring_ar
1778537145.0105968,4,52,1.30703,101.16,349.284,1264.297,3,4,compressed_ring_ar
1778537146.475501,4,53,1.361274,90.96,294.153,1406.11,3,4,compressed_ring_ar
1778537147.8004827,4,54,1.270302,101.45,428.888,1259.195,3,4,compressed_ring_ar
1778537149.153874,4,55,1.321328,97.77,517.478,1307.175,3,4,compressed_ring_ar
1778537150.5515091,4,56,1.170781,94.63,460.007,1348.607,3,4,compressed_ring_ar
1778537151.6774201,4,57,1.232999,122.16,240.374,1044.746,3,4,compressed_ring_ar
1778537152.9978795,4,58,1.307205,100.27,153.491,1274.495,3,4,compressed_ring_ar
1778537154.327493,4,59,1.352173,99.18,312.958,1288.165,3,4,compressed_ring_ar
1778537155.630737,4,60,1.381674,103.13,282.28,1239.908,3,4,compressed_ring_ar
1778537157.0000281,4,61,1.217993,99.18,477.569,1288.218,3,4,compressed_ring_ar
1778537158.2314992,4,62,1.37674,108.25,319.036,1181.077,3,4,compressed_ring_ar
1778537159.469416,4,63,1.415331,108.86,388.44,1175.084,3,4,compressed_ring_ar
1778537160.8180847,4,64,1.351107,98.45,484.635,1298.818,3,4,compressed_ring_ar
1778537162.2073684,4,65,1.384109,94.82,209.243,1348.188,3,4,compressed_ring_ar
1778537163.579998,4,66,1.292423,97.39,163.362,1313.071,3,4,compressed_ring_ar
1778537164.8571677,4,67,1.172975,106.28,328.669,1203.095,3,4,compressed_ring_ar
1778537166.1726184,4,68,1.314318,101.92,442.579,1254.706,3,4,compressed_ring_ar
1778537167.718825,4,69,1.264789,85.6,203.691,1495.067,3,4,compressed_ring_ar
1778537169.240597,4,70,1.32757,91.28,310.066,1400.912,3,4,compressed_ring_ar
1778537170.6013575,4,71,1.346429,98.22,435.188,1302.36,3,4,compressed_ring_ar
1778537172.0815759,4,72,1.223453,90.33,488.199,1413.848,3,4,compressed_ring_ar
1778537173.5510423,4,73,1.391796,90.83,593.56,1407.296,3,4,compressed_ring_ar
1778537174.847439,4,74,1.190426,104.65,419.561,1220.848,3,4,compressed_ring_ar
1778537176.2746768,4,75,1.332699,94.17,182.37,1358.104,3,4,compressed_ring_ar
1778537177.7951005,4,76,1.266601,87.67,219.049,1458.886,3,4,compressed_ring_ar
1778537179.2503176,4,77,1.246771,91.2,452.507,1400.716,3,4,compressed_ring_ar
1778537180.5410156,4,78,1.266608,103.05,185.01,1239.476,3,4,compressed_ring_ar
1778537181.8377843,4,79,1.218778,102.88,637.442,1242.946,3,4,compressed_ring_ar
1778537183.2066731,4,80,1.274423,97.03,330.241,1314.404,3,4,compressed_ring_ar
1778537184.6125817,4,81,1.222273,94.04,343.861,1359.927,3,4,compressed_ring_ar
1778537186.0472107,4,82,1.384462,94.5,497.852,1349.325,3,4,compressed_ring_ar
1778537187.3945599,4,83,1.300084,97.96,167.831,1304.475,3,4,compressed_ring_ar
1778537188.8265498,4,84,1.308736,92.18,631.941,1386.963,3,4,compressed_ring_ar
1778537190.1465416,4,85,1.245763,101.1,156.25,1264.023,3,4,compressed_ring_ar
1778537191.3878129,4,86,1.412615,107.68,254.923,1187.336,3,4,compressed_ring_ar
1778537192.682241,4,87,1.198484,106.13,276.684,1201.185,3,4,compressed_ring_ar
1778537194.0017343,4,88,1.275122,100.35,384.515,1272.844,3,4,compressed_ring_ar
1778537195.314384,4,89,1.148562,100.88,482.536,1266.282,3,4,compressed_ring_ar
1778537196.5959296,4,90,1.247717,105.33,695.668,1212.678,3,4,compressed_ring_ar
1778537197.7909563,4,91,1.316715,112.13,298.927,1139.789,3,4,compressed_ring_ar
1778537199.030297,4,92,1.287592,107.88,288.612,1185.225,3,4,compressed_ring_ar
1778537200.3271475,4,93,1.259025,103.42,239.777,1236.409,3,4,compressed_ring_ar
1778537201.663688,4,94,1.314682,100.37,512.712,1274.204,3,4,compressed_ring_ar
1778537203.043237,4,95,1.278517,96.93,383.187,1317.545,3,4,compressed_ring_ar
1778537204.391217,4,96,1.172183,98.31,497.231,1299.517,3,4,compressed_ring_ar
1778537205.4606397,4,97,1.256508,81.32,303.44,1031.014,3,4,compressed_ring_ar
1778537217.2985368,5,0,1.120257,85.19,171.503,1501.945,3,4,compressed_ring_ar
1778537218.6595755,5,1,1.214107,100.87,274.97,1267.451,3,4,compressed_ring_ar
1778537219.9442651,5,2,1.126578,105.38,434.527,1213.066,3,4,compressed_ring_ar
1778537221.1854403,5,3,1.215547,107.79,142.018,1185.813,3,4,compressed_ring_ar
1778537222.5652664,5,4,1.292804,96.12,488.843,1330.331,3,4,compressed_ring_ar
1778537223.9034321,5,5,1.147069,98.7,171.836,1295.078,3,4,compressed_ring_ar
1778537225.1543312,5,6,1.312605,107.51,282.622,1189.399,3,4,compressed_ring_ar
1778537226.59688,5,7,1.197014,92.96,508.281,1375.364,3,4,compressed_ring_ar
1778537227.8781853,5,8,1.184793,103.67,371.673,1233.468,3,4,compressed_ring_ar
1778537229.1842654,5,9,1.240367,103.05,323.294,1238.868,3,4,compressed_ring_ar
1778537230.5113883,5,10,1.399783,100.11,251.015,1274.397,3,4,compressed_ring_ar
1778537231.6576884,5,11,1.129604,116.71,346.761,1095.684,3,4,compressed_ring_ar
1778537233.0454671,5,12,1.397065,96.33,352.26,1326.579,3,4,compressed_ring_ar
1778537234.2391155,5,13,1.212016,112.67,315.363,1135.003,3,4,compressed_ring_ar
1778537235.6033561,5,14,1.050055,100.43,522.132,1273.306,3,4,compressed_ring_ar
1778537236.9705477,5,15,1.343448,97.48,315.916,1308.468,3,4,compressed_ring_ar
1778537238.2680864,5,16,1.176682,102.02,202.528,1250.334,3,4,compressed_ring_ar
1778537239.4795363,5,17,1.495766,109.54,266.524,1167.89,3,4,compressed_ring_ar
1778537240.7550435,5,18,1.167551,104.99,445.608,1217.978,3,4,compressed_ring_ar
1778537242.0998335,5,19,1.323822,100.31,449.219,1274.854,3,4,compressed_ring_ar
1778537243.5051613,5,20,1.237346,95.6,470.597,1337.571,3,4,compressed_ring_ar
1778537245.0464914,5,21,1.302824,86.78,387.153,1474.093,3,4,compressed_ring_ar
1778537246.4267998,5,22,1.087526,96.96,168.795,1318.962,3,4,compressed_ring_ar
1778537247.6973495,5,23,1.223697,107.68,310.379,1187.592,3,4,compressed_ring_ar
1778537249.0755801,5,24,1.260118,97.71,342.215,1307.896,3,4,compressed_ring_ar
1778537250.389292,5,25,1.268262,102.34,169.728,1248.242,3,4,compressed_ring_ar
1778537251.7399974,5,26,1.156603,99.11,370.489,1290.323,3,4,compressed_ring_ar
1778537252.9787712,5,27,1.353382,109.12,344.294,1171.538,3,4,compressed_ring_ar
1778537254.3482256,5,28,1.310714,97.23,422.212,1313.963,3,4,compressed_ring_ar
1778537255.6603866,5,29,1.257626,102.37,735.51,1248.702,3,4,compressed_ring_ar
1778537257.025671,5,30,1.355249,98.52,542.103,1294.097,3,4,compressed_ring_ar
1778537258.4023247,5,31,1.238319,96.07,357.496,1327.182,3,4,compressed_ring_ar
1778537259.4475386,5,32,1.363653,129.97,224.248,982.855,3,4,compressed_ring_ar
1778537260.8686345,5,33,1.226697,94.49,437.724,1351.96,3,4,compressed_ring_ar
1778537262.1250029,5,34,1.105159,105.42,146.11,1213.098,3,4,compressed_ring_ar
1778537263.366225,5,35,1.067319,108.92,437.966,1173.916,3,4,compressed_ring_ar
1778537264.7254584,5,36,1.271997,98.87,549.167,1293.357,3,4,compressed_ring_ar
1778537266.2335138,5,37,1.21607,88.14,526.837,1447.458,3,4,compressed_ring_ar
1778537267.4408247,5,38,1.127262,109.97,191.77,1161.503,3,4,compressed_ring_ar
1778537268.7636306,5,39,1.165042,101.35,307.086,1260.733,3,4,compressed_ring_ar
1778537270.1328416,5,40,1.152637,96.9,217.756,1316.489,3,4,compressed_ring_ar
1778537271.4222903,5,41,1.305317,102.84,242.089,1237.194,3,4,compressed_ring_ar
1778537272.7204797,5,42,1.175966,102.98,165.198,1241.742,3,4,compressed_ring_ar
1778537274.0278342,5,43,1.302753,101.51,266.776,1259.683,3,4,compressed_ring_ar
1778537275.2823875,5,44,1.214505,106.61,380.517,1199.142,3,4,compressed_ring_ar
1778537276.7764754,5,45,1.076704,88.99,480.95,1437.081,3,4,compressed_ring_ar
1778537278.4178033,5,46,1.133538,82.44,273.136,1550.287,3,4,compressed_ring_ar
1778537279.6324425,5,47,1.212878,109.74,361.662,1165.956,3,4,compressed_ring_ar
1778537280.977281,5,48,1.395214,102.18,402.55,1251.635,3,4,compressed_ring_ar
1778537282.2597702,5,49,1.11741,104.7,445.3,1221.356,3,4,compressed_ring_ar
1778537283.5616515,5,50,1.268039,103.19,398.197,1238.019,3,4,compressed_ring_ar
1778537284.808016,5,51,1.194732,108.58,321.113,1173.725,3,4,compressed_ring_ar
1778537286.2417884,5,52,1.200891,93.03,235.077,1368.318,3,4,compressed_ring_ar
1778537287.4546413,5,53,1.188108,109.18,159.407,1169.825,3,4,compressed_ring_ar
1778537288.8209953,5,54,1.319073,97.04,366.795,1314.075,3,4,compressed_ring_ar
1778537290.1117873,5,55,1.207298,102.27,215.534,1246.889,3,4,compressed_ring_ar
1778537291.202633,5,56,1.258637,122.41,265.435,1044.461,3,4,compressed_ring_ar
1778537292.5265715,5,57,1.101111,101.07,228.997,1265.352,3,4,compressed_ring_ar
1778537293.7418427,5,58,1.109677,110.11,254.331,1160.912,3,4,compressed_ring_ar
1778537295.1448293,5,59,1.235768,95.37,487.67,1336.965,3,4,compressed_ring_ar
1778537296.2975705,5,60,1.291732,115.93,165.731,1102.916,3,4,compressed_ring_ar
1778537297.5872786,5,61,1.186179,105.69,208.784,1209.092,3,4,compressed_ring_ar
1778537299.0106952,5,62,1.243266,94.68,467.275,1347.536,3,4,compressed_ring_ar
1778537300.0550594,5,63,1.209733,128.94,177.724,990.037,3,4,compressed_ring_ar
1778537301.3333242,5,64,1.458484,103.99,187.842,1229.613,3,4,compressed_ring_ar
1778537302.6233711,5,65,1.402765,105.05,224.293,1217.8,3,4,compressed_ring_ar
1778537303.9927273,5,66,1.132631,98.69,320.745,1295.817,3,4,compressed_ring_ar
1778537305.3481097,5,67,1.355387,99.82,523.143,1281.15,3,4,compressed_ring_ar
1778537306.9376888,5,68,1.139141,84.04,198.883,1518.127,3,4,compressed_ring_ar
1778537308.2622073,5,69,1.232939,105.23,411.864,1212.472,3,4,compressed_ring_ar
1778537309.7565665,5,70,1.219393,88.51,163.509,1439.991,3,4,compressed_ring_ar
1778537311.1579762,5,71,1.055448,95.38,309.356,1337.485,3,4,compressed_ring_ar
1778537312.370235,5,72,1.250017,110.37,206.59,1150.773,3,4,compressed_ring_ar
1778537313.6006653,5,73,1.355094,107.57,157.602,1188.92,3,4,compressed_ring_ar
1778537314.7933376,5,74,1.217148,112.56,394.207,1136.138,3,4,compressed_ring_ar
1778537316.2971704,5,75,1.278324,91.26,814.287,1401.301,3,4,compressed_ring_ar
1778537317.6048663,5,76,1.18593,102.77,404.498,1244.358,3,4,compressed_ring_ar
1778537318.993616,5,77,1.235359,98.25,591.533,1301.797,3,4,compressed_ring_ar
1778537320.3451884,5,78,1.126036,99.22,431.454,1288.893,3,4,compressed_ring_ar
1778537321.6588726,5,79,1.333731,102.29,507.424,1250.115,3,4,compressed_ring_ar
1778537322.9795692,5,80,1.431659,102.02,366.074,1252.69,3,4,compressed_ring_ar
1778537324.3138545,5,81,1.295418,99.15,373.919,1289.711,3,4,compressed_ring_ar
1778537325.6682384,5,82,1.135228,98.03,359.902,1303.241,3,4,compressed_ring_ar
1778537326.875336,5,83,1.164452,110.06,170.202,1159.159,3,4,compressed_ring_ar
1778537328.1764996,5,84,1.135433,101.86,206.889,1254.357,3,4,compressed_ring_ar
1778537329.4268856,5,85,1.192079,106.95,349.407,1195.792,3,4,compressed_ring_ar
1778537330.8949947,5,86,1.231557,90.97,398.011,1405.711,3,4,compressed_ring_ar
1778537332.311706,5,87,1.286415,95.82,405.154,1335.473,3,4,compressed_ring_ar
1778537333.573048,5,88,1.216067,107.93,317.355,1184.996,3,4,compressed_ring_ar
1778537335.0613883,5,89,1.006102,91.39,463.656,1398.631,3,4,compressed_ring_ar
1778537336.642111,5,90,1.26401,83.42,447.728,1525.006,3,4,compressed_ring_ar
1778537337.745858,5,91,1.210007,126.49,143.141,1010.605,3,4,compressed_ring_ar
1778537339.1413982,5,92,1.224969,95.11,470.164,1344.554,3,4,compressed_ring_ar
1778537340.3817525,5,93,1.171835,107.56,346.959,1187.735,3,4,compressed_ring_ar
1778537341.593613,5,94,1.298349,109.86,370.891,1163.582,3,4,compressed_ring_ar
1778537342.995192,5,95,1.492249,96.83,587.854,1320.662,3,4,compressed_ring_ar
1778537344.3597891,5,96,1.300075,97.98,425.371,1301.964,3,4,compressed_ring_ar
1778537345.4844513,5,97,1.333051,77.15,200.402,1084.692,3,4,compressed_ring_ar
1778537357.4074073,6,0,1.346503,98.63,152.798,1295.435,3,4,compressed_ring_ar
1778537358.7063859,6,1,1.034508,102.41,452.137,1248.651,3,4,compressed_ring_ar
1778537359.936412,6,2,1.16468,109.58,320.858,1167.392,3,4,compressed_ring_ar
1778537361.1869538,6,3,1.19267,108.01,344.634,1182.882,3,4,compressed_ring_ar
1778537362.4922485,6,4,1.186804,103.43,403.765,1234.93,3,4,compressed_ring_ar
1778537363.905997,6,5,1.023462,93.27,160.528,1371.204,3,4,compressed_ring_ar
1778537365.3016076,6,6,1.218919,96.94,416.149,1318.793,3,4,compressed_ring_ar
1778537366.662298,6,7,1.271082,97.26,394.297,1314.74,3,4,compressed_ring_ar
1778537367.9757707,6,8,1.292808,101.57,404.226,1259.222,3,4,compressed_ring_ar
1778537369.2756279,6,9,1.071901,105.76,225.094,1209.213,3,4,compressed_ring_ar
1778537370.6757412,6,10,1.036914,95.61,467.858,1332.992,3,4,compressed_ring_ar
1778537371.9335735,6,11,1.098795,106.29,242.033,1198.42,3,4,compressed_ring_ar
1778537373.165629,6,12,1.182837,107.56,291.892,1188.763,3,4,compressed_ring_ar
1778537374.448182,6,13,1.144475,103.59,256.239,1234.531,3,4,compressed_ring_ar
1778537375.6986074,6,14,1.245623,110.14,316.302,1161.067,3,4,compressed_ring_ar
1778537377.1090767,6,15,1.192232,98.51,335.503,1296.587,3,4,compressed_ring_ar
1778537378.2747953,6,16,1.323033,113.8,257.276,1123.672,3,4,compressed_ring_ar
1778537379.6599476,6,17,1.162079,97.61,385.917,1309.139,3,4,compressed_ring_ar
1778537381.199958,6,18,1.137213,87.94,503.189,1451.019,3,4,compressed_ring_ar
1778537382.4452314,6,19,1.119383,106.85,231.352,1191.326,3,4,compressed_ring_ar
1778537383.7623227,6,20,1.180528,100.58,228.525,1267.779,3,4,compressed_ring_ar
1778537385.0517,6,21,1.030048,104.41,195.214,1220.862,3,4,compressed_ring_ar
1778537386.3809159,6,22,1.189314,100.65,204.725,1270.602,3,4,compressed_ring_ar
1778537387.8257668,6,23,1.180879,91.36,399.134,1395.739,3,4,compressed_ring_ar
1778537389.1563084,6,24,1.143213,98.84,223.066,1287.258,3,4,compressed_ring_ar
1778537390.4665487,6,25,1.117519,100.9,209.364,1263.813,3,4,compressed_ring_ar
1778537391.6174679,6,26,1.207873,116.63,279.652,1091.711,3,4,compressed_ring_ar
1778537392.8577094,6,27,1.350718,107.06,208.9,1193.376,3,4,compressed_ring_ar
1778537394.2646334,6,28,1.099773,94.11,232.513,1355.715,3,4,compressed_ring_ar
1778537395.651423,6,29,1.38129,94.87,194.796,1343.562,3,4,compressed_ring_ar
1778537397.0173693,6,30,1.084993,96.7,376.463,1319.447,3,4,compressed_ring_ar
1778537398.211296,6,31,1.048314,110.39,423.681,1154.353,3,4,compressed_ring_ar
1778537399.512523,6,32,1.076397,102.1,224.823,1247.902,3,4,compressed_ring_ar
1778537401.0388494,6,33,1.050735,87.69,232.283,1452.508,3,4,compressed_ring_ar
1778537402.2626915,6,34,1.285349,107.82,198.96,1182.098,3,4,compressed_ring_ar
1778537403.511203,6,35,1.382374,107.35,229.419,1187.837,3,4,compressed_ring_ar
1778537404.8856354,6,36,1.184289,96.14,199.876,1325.766,3,4,compressed_ring_ar
1778537406.201396,6,37,1.198201,100.63,216.659,1266.669,3,4,compressed_ring_ar
1778537407.4278567,6,38,1.036523,109.57,348.741,1163.656,3,4,compressed_ring_ar
1778537408.663831,6,39,0.973507,112.26,234.117,1139.295,3,4,compressed_ring_ar
1778537409.9205377,6,40,1.39017,106.06,391.759,1205.682,3,4,compressed_ring_ar
1778537411.1936562,6,41,1.278591,105.02,396.043,1218.102,3,4,compressed_ring_ar
1778537412.6007895,6,42,1.19739,95.16,508.712,1342.854,3,4,compressed_ring_ar
1778537413.9047706,6,43,1.191512,101.91,457.744,1254.768,3,4,compressed_ring_ar
1778537415.255336,6,44,1.174939,101.73,426.362,1257.093,3,4,compressed_ring_ar
1778537416.594685,6,45,1.129965,100.08,354.944,1276.579,3,4,compressed_ring_ar
1778537417.8798614,6,46,1.211512,104.44,154.157,1222.577,3,4,compressed_ring_ar
1778537419.2713141,6,47,1.189611,95.15,384.157,1338.811,3,4,compressed_ring_ar
1778537420.5774314,6,48,1.070478,100.87,196.46,1267.551,3,4,compressed_ring_ar
1778537421.8302708,6,49,1.360763,106.45,192.419,1200.027,3,4,compressed_ring_ar
1778537423.1291978,6,50,1.10971,104.8,413.059,1220.497,3,4,compressed_ring_ar
1778537424.445468,6,51,1.147301,101.73,449.149,1256.076,3,4,compressed_ring_ar
1778537425.7364378,6,52,1.225814,102.66,205.021,1241.757,3,4,compressed_ring_ar
1778537426.9892328,6,53,1.119007,106.03,168.758,1204.921,3,4,compressed_ring_ar
1778537428.3549778,6,54,1.028737,96.72,170.852,1322.349,3,4,compressed_ring_ar
1778537429.5671206,6,55,1.082266,111.18,371.326,1149.447,3,4,compressed_ring_ar
1778537430.8593562,6,56,1.14517,104.14,475.285,1227.945,3,4,compressed_ring_ar
1778537432.1078525,6,57,1.371514,107.36,490.302,1191.807,3,4,compressed_ring_ar
1778537433.4482365,6,58,1.108349,101.69,285.85,1257.405,3,4,compressed_ring_ar
1778537434.700212,6,59,1.069124,106.07,262.822,1204.419,3,4,compressed_ring_ar
1778537435.9853582,6,60,1.182614,103.21,318.939,1237.737,3,4,compressed_ring_ar
1778537437.2576158,6,61,1.309033,104.92,133.597,1218.877,3,4,compressed_ring_ar
1778537438.614807,6,62,1.093303,98.37,359.297,1296.677,3,4,compressed_ring_ar
1778537440.1192195,6,63,1.264746,87.4,253.649,1457.945,3,4,compressed_ring_ar
1778537441.544063,6,64,1.14414,92.12,245.527,1385.387,3,4,compressed_ring_ar
1778537442.7520368,6,65,0.989138,109.71,206.105,1162.096,3,4,compressed_ring_ar
1778537444.18952,6,66,1.07936,92.88,265.808,1372.97,3,4,compressed_ring_ar
1778537445.4904597,6,67,1.096528,102.19,213.244,1250.566,3,4,compressed_ring_ar
1778537446.7899241,6,68,1.143077,102.08,219.775,1249.814,3,4,compressed_ring_ar
1778537448.0150604,6,69,1.09423,110.38,196.68,1158.01,3,4,compressed_ring_ar
1778537449.2997377,6,70,0.958254,103.2,450.8,1237.312,3,4,compressed_ring_ar
1778537450.614238,6,71,1.143498,102.59,243.176,1246.546,3,4,compressed_ring_ar
1778537451.9555528,6,72,1.208083,100.26,330.32,1269.07,3,4,compressed_ring_ar
1778537453.2603374,6,73,1.271305,103.14,222.116,1232.024,3,4,compressed_ring_ar
1778537454.4805145,6,74,1.206407,108.06,198.437,1183.112,3,4,compressed_ring_ar
1778537455.751735,6,75,1.098212,104.37,211.518,1224.385,3,4,compressed_ring_ar
1778537457.06382,6,76,1.101587,102.07,421.06,1252.486,3,4,compressed_ring_ar
1778537458.408988,6,77,0.907488,98.43,429.778,1299.16,3,4,compressed_ring_ar
1778537459.6304662,6,78,1.193692,109.04,145.854,1172.677,3,4,compressed_ring_ar
1778537461.002351,6,79,1.185059,98.31,417.114,1300.689,3,4,compressed_ring_ar
1778537462.4235027,6,80,1.167386,94.66,486.053,1349.927,3,4,compressed_ring_ar
1778537463.8706408,6,81,1.200572,92.47,420.025,1383.907,3,4,compressed_ring_ar
1778537465.1887734,6,82,1.176116,101.68,447.499,1257.865,3,4,compressed_ring_ar
1778537466.6443954,6,83,1.213409,92.44,166.181,1382.208,3,4,compressed_ring_ar
1778537467.8553908,6,84,1.185128,111.95,386.597,1142.187,3,4,compressed_ring_ar
1778537469.1438386,6,85,1.337996,103.7,496.473,1233.111,3,4,compressed_ring_ar
1778537470.5528133,6,86,1.218958,95.98,511.793,1328.945,3,4,compressed_ring_ar
1778537471.699737,6,87,1.098619,115.49,183.506,1107.151,3,4,compressed_ring_ar
1778537473.0095525,6,88,1.05367,101.01,379.331,1266.09,3,4,compressed_ring_ar
1778537474.4994512,6,89,1.052276,90.09,598.348,1418.602,3,4,compressed_ring_ar
1778537475.7335606,6,90,1.044179,107.59,305.373,1187.148,3,4,compressed_ring_ar
1778537477.0312786,6,91,1.086345,103.54,359.621,1235.185,3,4,compressed_ring_ar
1778537478.2996688,6,92,1.070804,107.66,499.805,1187.333,3,4,compressed_ring_ar
1778537479.5086858,6,93,1.160734,111.34,412.467,1148.429,3,4,compressed_ring_ar
1778537480.868461,6,94,1.237883,99.23,466.049,1288.725,3,4,compressed_ring_ar
1778537482.1790438,6,95,1.196022,101.21,253.18,1263.384,3,4,compressed_ring_ar
1778537483.6058857,6,96,1.267256,93.44,399.476,1368.105,3,4,compressed_ring_ar
1778537484.8563557,6,97,1.080352,69.68,329.529,1203.941,3,4,compressed_ring_ar
1778537496.6358452,7,0,1.134858,93.47,151.022,1367.872,3,4,compressed_ring_ar
1778537497.9688876,7,1,1.013673,101.97,357.403,1254.168,3,4,compressed_ring_ar
1778537499.2185876,7,2,1.16776,109.29,392.223,1168.735,3,4,compressed_ring_ar
1778537500.523979,7,3,1.097592,102.66,463.344,1245.313,3,4,compressed_ring_ar
1778537501.921175,7,4,1.060074,97.2,572.104,1314.43,3,4,compressed_ring_ar
1778537503.1828797,7,5,1.177921,105.97,354.619,1206.831,3,4,compressed_ring_ar
1778537504.708491,7,6,1.118656,86.85,210.869,1469.159,3,4,compressed_ring_ar
1778537506.0077004,7,7,1.273337,102.03,158.283,1251.373,3,4,compressed_ring_ar
1778537507.2845998,7,8,1.025109,103.69,455.095,1232.303,3,4,compressed_ring_ar
1778537508.5401914,7,9,0.952538,107.98,323.866,1184.08,3,4,compressed_ring_ar
1778537509.8701868,7,10,1.037702,100.94,420.536,1265.568,3,4,compressed_ring_ar
1778537511.2143593,7,11,1.080575,98.63,374.783,1294.197,3,4,compressed_ring_ar
1778537512.5756252,7,12,1.224159,98.36,385.309,1296.946,3,4,compressed_ring_ar
1778537513.8539057,7,13,1.144321,105.65,262.995,1209.05,3,4,compressed_ring_ar
1778537515.2007344,7,14,1.058175,99.5,368.222,1284.918,3,4,compressed_ring_ar
1778537516.6148913,7,15,1.075543,94.15,153.621,1357.837,3,4,compressed_ring_ar
1778537517.9582324,7,16,1.064967,100.49,330.394,1272.014,3,4,compressed_ring_ar
1778537519.286416,7,17,1.167914,100.14,453.424,1276.957,3,4,compressed_ring_ar
1778537520.5435963,7,18,1.193199,106.52,279.854,1199.0,3,4,compressed_ring_ar
1778537521.8895047,7,19,0.943649,98.75,477.866,1295.325,3,4,compressed_ring_ar
1778537523.2533517,7,20,1.192033,99.9,331.852,1280.351,3,4,compressed_ring_ar
1778537524.560364,7,21,1.017977,103.5,216.086,1235.834,3,4,compressed_ring_ar
1778537525.897173,7,22,1.061378,101.0,283.922,1264.745,3,4,compressed_ring_ar
1778537527.2294335,7,23,1.224935,99.85,280.229,1280.769,3,4,compressed_ring_ar
1778537528.4878185,7,24,1.115536,106.83,186.406,1195.242,3,4,compressed_ring_ar
1778537530.0140672,7,25,1.194561,87.21,217.015,1465.612,3,4,compressed_ring_ar
1778537531.2991428,7,26,1.168676,103.71,307.219,1232.948,3,4,compressed_ring_ar
1778537532.5938616,7,27,1.013776,104.37,336.256,1223.892,3,4,compressed_ring_ar
1778537534.10634,7,28,1.109557,88.9,853.247,1436.367,3,4,compressed_ring_ar
1778537535.5607102,7,29,0.995612,92.33,341.366,1381.944,3,4,compressed_ring_ar
1778537536.8473241,7,30,1.01423,102.64,195.379,1240.58,3,4,compressed_ring_ar
1778537538.0621052,7,31,1.144497,110.54,138.684,1156.897,3,4,compressed_ring_ar
1778537539.345529,7,32,1.314878,106.51,435.415,1200.481,3,4,compressed_ring_ar
1778537540.7548797,7,33,1.106764,95.41,238.399,1340.026,3,4,compressed_ring_ar
1778537542.021461,7,34,1.071888,104.28,322.062,1225.712,3,4,compressed_ring_ar
1778537543.4467778,7,35,1.009354,92.85,230.137,1377.118,3,4,compressed_ring_ar
1778537544.733521,7,36,1.098729,103.44,150.556,1236.098,3,4,compressed_ring_ar
1778537546.066785,7,37,1.110217,100.43,474.055,1271.909,3,4,compressed_ring_ar
1778537547.3564146,7,38,1.155784,103.84,237.166,1231.338,3,4,compressed_ring_ar
1778537548.8640797,7,39,0.968931,88.09,139.317,1450.465,3,4,compressed_ring_ar
1778537550.1695957,7,40,0.974807,104.37,345.992,1224.888,3,4,compressed_ring_ar
1778537551.4014866,7,41,1.085228,108.08,309.926,1183.85,3,4,compressed_ring_ar
1778537552.760979,7,42,1.236648,100.85,666.564,1268.29,3,4,compressed_ring_ar
1778537554.137109,7,43,0.996258,98.87,378.749,1289.518,3,4,compressed_ring_ar
1778537555.2972734,7,44,0.951155,114.08,364.342,1117.324,3,4,compressed_ring_ar
1778537556.5578156,7,45,1.109487,104.49,261.749,1223.966,3,4,compressed_ring_ar
1778537557.8082845,7,46,0.957876,106.3,280.427,1202.824,3,4,compressed_ring_ar
1778537559.205636,7,47,1.027169,96.33,582.581,1327.512,3,4,compressed_ring_ar
1778537560.6652098,7,48,1.125276,91.01,191.011,1400.14,3,4,compressed_ring_ar
1778537561.8204536,7,49,1.203949,115.91,273.295,1101.339,3,4,compressed_ring_ar
1778537563.0699515,7,50,1.098333,107.28,143.928,1192.059,3,4,compressed_ring_ar
1778537564.526963,7,51,1.127161,91.81,403.028,1389.473,3,4,compressed_ring_ar
1778537565.763291,7,52,0.910408,107.99,183.895,1183.724,3,4,compressed_ring_ar
1778537567.242933,7,53,1.083756,90.54,212.889,1408.858,3,4,compressed_ring_ar
1778537568.5277288,7,54,1.091999,103.86,175.186,1230.764,3,4,compressed_ring_ar
1778537570.004828,7,55,1.207879,89.43,217.468,1426.356,3,4,compressed_ring_ar
1778537571.314171,7,56,1.031557,102.5,305.785,1244.131,3,4,compressed_ring_ar
1778537572.503322,7,57,1.128324,111.44,154.033,1146.693,3,4,compressed_ring_ar
1778537573.8480074,7,58,1.044103,98.82,702.975,1293.088,3,4,compressed_ring_ar
1778537575.1537244,7,59,1.291299,102.58,158.473,1245.657,3,4,compressed_ring_ar
1778537576.4872549,7,60,1.163419,99.2,406.904,1284.523,3,4,compressed_ring_ar
1778537577.7394502,7,61,1.167462,105.83,448.146,1202.409,3,4,compressed_ring_ar
1778537578.89802,7,62,0.965502,116.56,173.666,1095.677,3,4,compressed_ring_ar
1778537580.2981725,7,63,1.039346,95.89,589.999,1328.034,3,4,compressed_ring_ar
1778537581.605803,7,64,1.148116,101.2,278.549,1263.38,3,4,compressed_ring_ar
1778537582.9901671,7,65,1.137625,96.8,151.783,1321.217,3,4,compressed_ring_ar
1778537584.2576916,7,66,1.096568,105.02,277.526,1217.434,3,4,compressed_ring_ar
1778537585.5210469,7,67,1.194999,105.76,356.906,1209.309,3,4,compressed_ring_ar
1778537586.8120587,7,68,0.861951,105.26,395.425,1212.544,3,4,compressed_ring_ar
1778537588.1095147,7,69,1.270848,102.94,150.587,1242.31,3,4,compressed_ring_ar
1778537589.4038644,7,70,0.990091,106.92,165.077,1194.734,3,4,compressed_ring_ar
1778537590.7664788,7,71,1.103009,97.3,348.943,1314.417,3,4,compressed_ring_ar
1778537592.0398085,7,72,1.051865,106.52,211.296,1197.129,3,4,compressed_ring_ar
1778537593.197204,7,73,1.151297,116.9,342.061,1092.864,3,4,compressed_ring_ar
1778537594.591785,7,74,0.956336,96.85,444.576,1315.408,3,4,compressed_ring_ar
1778537595.9093661,7,75,1.032233,100.99,211.606,1261.508,3,4,compressed_ring_ar
1778537597.169673,7,76,1.23418,105.34,161.692,1213.121,3,4,compressed_ring_ar
1778537598.4440017,7,77,1.098464,105.68,281.118,1209.135,3,4,compressed_ring_ar
1778537599.8379004,7,78,1.117203,96.41,506.529,1322.674,3,4,compressed_ring_ar
1778537601.156366,7,79,0.897963,100.63,299.077,1264.453,3,4,compressed_ring_ar
1778537602.357859,7,80,1.145363,110.6,189.708,1154.37,3,4,compressed_ring_ar
1778537603.8414352,7,81,1.094704,89.02,423.912,1432.297,3,4,compressed_ring_ar
1778537605.169991,7,82,1.005975,102.08,258.895,1244.991,3,4,compressed_ring_ar
1778537606.3237228,7,83,1.031873,115.94,155.108,1101.133,3,4,compressed_ring_ar
1778537607.6324315,7,84,1.143332,103.63,411.01,1234.155,3,4,compressed_ring_ar
1778537608.9519365,7,85,1.11808,102.41,267.207,1248.587,3,4,compressed_ring_ar
1778537610.2845268,7,86,1.062836,101.64,418.821,1256.053,3,4,compressed_ring_ar
1778537611.5985138,7,87,1.109329,103.14,340.082,1239.71,3,4,compressed_ring_ar
1778537613.0870507,7,88,1.058603,89.4,445.693,1430.212,3,4,compressed_ring_ar
1778537614.639701,7,89,0.982818,85.48,523.112,1496.3,3,4,compressed_ring_ar
1778537615.8704712,7,90,1.190458,110.44,357.188,1158.049,3,4,compressed_ring_ar
1778537617.2816474,7,91,1.288162,96.29,509.618,1326.44,3,4,compressed_ring_ar
1778537618.5572636,7,92,0.955533,104.99,305.556,1218.424,3,4,compressed_ring_ar
1778537619.8653853,7,93,1.200163,103.07,157.244,1240.656,3,4,compressed_ring_ar
1778537621.1239874,7,94,1.306981,107.51,288.836,1189.81,3,4,compressed_ring_ar
1778537622.4283338,7,95,1.168833,104.21,314.38,1226.168,3,4,compressed_ring_ar
1778537623.6854568,7,96,0.93773,105.18,276.169,1214.499,3,4,compressed_ring_ar
1778537624.9555635,7,97,1.042058,68.79,275.347,1218.931,3,4,compressed_ring_ar
1778537636.5547392,8,0,1.08768,103.45,151.344,1236.132,3,4,compressed_ring_ar
1778537637.7568254,8,1,1.001735,112.9,351.552,1127.916,3,4,compressed_ring_ar
1778537639.0530696,8,2,1.000596,105.07,368.882,1216.536,3,4,compressed_ring_ar
1778537640.2540114,8,3,1.069062,114.92,337.832,1111.546,3,4,compressed_ring_ar
1778537641.5212812,8,4,1.105802,105.68,437.393,1206.537,3,4,compressed_ring_ar
1778537642.8337317,8,5,0.965243,102.52,618.503,1246.898,3,4,compressed_ring_ar
1778537644.1276474,8,6,1.130077,102.66,318.816,1245.656,3,4,compressed_ring_ar
1778537645.4284515,8,7,0.992358,103.19,416.949,1239.531,3,4,compressed_ring_ar
1778537646.8101735,8,8,1.175622,97.4,403.35,1311.649,3,4,compressed_ring_ar
1778537648.0796266,8,9,1.144544,105.01,415.179,1217.995,3,4,compressed_ring_ar
1778537649.372864,8,10,1.143428,104.34,319.338,1223.717,3,4,compressed_ring_ar
1778537650.7730837,8,11,0.999772,94.95,499.3,1344.825,3,4,compressed_ring_ar
1778537652.0441544,8,12,1.056542,106.86,375.786,1196.903,3,4,compressed_ring_ar
1778537653.4336302,8,13,0.922964,96.87,416.444,1314.332,3,4,compressed_ring_ar
1778537654.694322,8,14,1.116651,104.99,190.15,1216.592,3,4,compressed_ring_ar
1778537656.0004108,8,15,1.075276,102.81,405.222,1243.833,3,4,compressed_ring_ar
1778537657.3009672,8,16,1.016942,103.46,394.445,1234.023,3,4,compressed_ring_ar
1778537658.4762886,8,17,0.955399,115.64,149.944,1105.749,3,4,compressed_ring_ar
1778537659.9217918,8,18,1.136623,93.67,525.189,1360.384,3,4,compressed_ring_ar
1778537661.267212,8,19,0.933631,98.98,224.304,1288.968,3,4,compressed_ring_ar
1778537662.6348667,8,20,1.147064,98.22,209.445,1298.508,3,4,compressed_ring_ar
1778537663.9237304,8,21,0.957485,102.63,217.058,1242.325,3,4,compressed_ring_ar
1778537665.0161703,8,22,0.972681,127.95,139.194,999.106,3,4,compressed_ring_ar
1778537666.2373674,8,23,1.027632,111.35,631.58,1147.194,3,4,compressed_ring_ar
1778537667.6277475,8,24,1.108412,95.61,178.523,1336.518,3,4,compressed_ring_ar
1778537668.965783,8,25,1.030457,100.68,325.843,1268.852,3,4,compressed_ring_ar
1778537670.4004967,8,26,1.06304,92.87,250.727,1373.544,3,4,compressed_ring_ar
1778537671.8552701,8,27,1.160339,93.06,193.24,1371.277,3,4,compressed_ring_ar
1778537673.12972,8,28,0.894179,103.43,170.453,1236.643,3,4,compressed_ring_ar
1778537674.4297748,8,29,1.055412,103.56,444.034,1233.47,3,4,compressed_ring_ar
1778537675.8905582,8,30,1.125012,90.63,229.455,1409.304,3,4,compressed_ring_ar
1778537677.2700195,8,31,1.170826,95.99,397.398,1328.358,3,4,compressed_ring_ar
1778537678.5555007,8,32,1.063087,102.79,146.484,1243.925,3,4,compressed_ring_ar
1778537679.987055,8,33,1.088778,92.51,202.332,1381.291,3,4,compressed_ring_ar
1778537681.2326818,8,34,1.145581,106.18,192.345,1204.385,3,4,compressed_ring_ar
1778537682.5488355,8,35,1.043811,103.6,413.357,1232.954,3,4,compressed_ring_ar
1778537683.8873835,8,36,1.009483,102.33,350.741,1248.378,3,4,compressed_ring_ar
1778537685.1045606,8,37,1.113973,110.2,141.124,1160.36,3,4,compressed_ring_ar
1778537686.401775,8,38,1.070104,105.42,485.676,1212.664,3,4,compressed_ring_ar
1778537687.6857717,8,39,1.053971,104.78,420.803,1219.049,3,4,compressed_ring_ar
1778537689.1008666,8,40,1.036464,92.91,472.818,1371.976,3,4,compressed_ring_ar
1778537690.3754003,8,41,1.134902,106.86,204.896,1193.181,3,4,compressed_ring_ar
1778537691.456131,8,42,1.209983,123.35,166.053,1035.155,3,4,compressed_ring_ar
1778537692.7875843,8,43,0.889739,99.62,416.77,1283.276,3,4,compressed_ring_ar
1778537694.2466245,8,44,1.146743,90.71,442.563,1405.218,3,4,compressed_ring_ar
1778537695.5541809,8,45,1.251899,101.2,225.235,1263.616,3,4,compressed_ring_ar
1778537696.8193984,8,46,0.946823,105.09,214.963,1216.922,3,4,compressed_ring_ar
1778537698.0353134,8,47,1.080952,110.15,309.022,1161.289,3,4,compressed_ring_ar
1778537699.4614232,8,48,0.995884,94.52,618.154,1348.099,3,4,compressed_ring_ar
1778537700.8155346,8,49,0.940222,98.95,176.596,1290.957,3,4,compressed_ring_ar
1778537702.0830257,8,50,1.172996,106.01,168.707,1206.093,3,4,compressed_ring_ar
1778537703.277823,8,51,1.034937,112.95,307.285,1132.029,3,4,compressed_ring_ar
1778537704.7030559,8,52,0.985379,93.67,509.617,1359.17,3,4,compressed_ring_ar
1778537705.9714117,8,53,1.175253,105.15,175.471,1216.018,3,4,compressed_ring_ar
1778537707.2428327,8,54,1.109924,105.35,283.628,1213.31,3,4,compressed_ring_ar
1778537708.5678146,8,55,1.006892,100.69,474.475,1268.54,3,4,compressed_ring_ar
1778537709.8443055,8,56,0.994826,105.63,419.477,1210.764,3,4,compressed_ring_ar
1778537711.1377804,8,57,0.988372,106.05,347.867,1204.625,3,4,compressed_ring_ar
1778537712.3581216,8,58,1.205549,110.0,374.074,1159.266,3,4,compressed_ring_ar
1778537713.564933,8,59,1.06727,112.73,302.289,1132.958,3,4,compressed_ring_ar
1778537715.0358586,8,60,1.17256,91.37,463.394,1398.452,3,4,compressed_ring_ar
1778537716.4805808,8,61,1.174203,92.0,474.424,1388.819,3,4,compressed_ring_ar
1778537717.9252386,8,62,0.993612,92.82,203.741,1377.805,3,4,compressed_ring_ar
1778537719.2551773,8,63,0.982984,100.26,278.461,1275.368,3,4,compressed_ring_ar
1778537720.6736345,8,64,1.072225,94.97,478.787,1346.427,3,4,compressed_ring_ar
1778537721.9209747,8,65,0.958769,108.16,196.593,1182.659,3,4,compressed_ring_ar
1778537723.2214987,8,66,1.012753,103.77,403.014,1232.187,3,4,compressed_ring_ar
1778537724.5904367,8,67,1.163526,98.18,344.124,1299.551,3,4,compressed_ring_ar
1778537725.885543,8,68,1.054083,102.98,594.072,1240.696,3,4,compressed_ring_ar
1778537727.2640655,8,69,1.117233,96.76,462.981,1320.378,3,4,compressed_ring_ar
1778537728.7107186,8,70,1.099133,93.87,588.712,1361.528,3,4,compressed_ring_ar
1778537729.938154,8,71,1.002743,109.81,307.796,1160.594,3,4,compressed_ring_ar
1778537731.2595694,8,72,1.010439,100.43,226.338,1272.255,3,4,compressed_ring_ar
1778537732.6363769,8,73,1.12466,96.29,307.106,1324.684,3,4,compressed_ring_ar
1778537733.687651,8,74,1.111364,130.46,161.998,978.821,3,4,compressed_ring_ar
1778537735.0048528,8,75,0.868082,100.69,335.007,1269.993,3,4,compressed_ring_ar
1778537736.2288105,8,76,1.123974,112.35,325.88,1138.286,3,4,compressed_ring_ar
1778537737.502326,8,77,1.123937,105.25,323.663,1215.068,3,4,compressed_ring_ar
1778537738.7612934,8,78,1.287653,106.97,150.181,1195.565,3,4,compressed_ring_ar
1778537740.0094929,8,79,1.022364,107.39,368.594,1190.641,3,4,compressed_ring_ar
1778537741.300976,8,80,1.040394,103.27,331.994,1236.112,3,4,compressed_ring_ar
1778537742.6918573,8,81,1.062581,94.73,378.141,1346.869,3,4,compressed_ring_ar
1778537744.1264625,8,82,0.98997,91.88,388.424,1391.836,3,4,compressed_ring_ar
1778537745.3787339,8,83,1.030952,107.97,422.059,1184.216,3,4,compressed_ring_ar
1778537746.611915,8,84,0.935405,108.02,382.363,1182.805,3,4,compressed_ring_ar
1778537748.033096,8,85,1.030472,92.4,555.725,1382.319,3,4,compressed_ring_ar
1778537749.3644168,8,86,1.187132,99.49,257.493,1281.62,3,4,compressed_ring_ar
1778537750.444709,8,87,0.915812,124.46,192.586,1022.266,3,4,compressed_ring_ar
1778537751.6282628,8,88,0.985338,114.38,167.462,1115.004,3,4,compressed_ring_ar
1778537752.9174018,8,89,1.071041,104.17,396.984,1227.489,3,4,compressed_ring_ar
1778537754.2212114,8,90,1.226329,103.18,423.643,1240.181,3,4,compressed_ring_ar
1778537755.5746837,8,91,0.829241,100.13,386.937,1277.521,3,4,compressed_ring_ar
1778537756.759338,8,92,0.920636,114.63,249.565,1114.41,3,4,compressed_ring_ar
1778537758.0883446,8,93,0.823773,101.02,476.784,1264.732,3,4,compressed_ring_ar
1778537759.3017604,8,94,1.032038,109.77,305.723,1164.953,3,4,compressed_ring_ar
1778537760.5689352,8,95,1.165101,105.02,429.851,1217.562,3,4,compressed_ring_ar
1778537761.875541,8,96,0.92828,101.92,376.01,1254.877,3,4,compressed_ring_ar
1778537763.0089428,8,97,1.04598,77.21,439.062,1085.809,3,4,compressed_ring_ar
1778537774.6662786,9,0,1.005574,92.64,218.504,1379.255,3,4,compressed_ring_ar
1778537776.0688941,9,1,0.860112,94.9,474.613,1344.304,3,4,compressed_ring_ar
1778537777.5037627,9,2,1.171367,93.77,224.092,1363.497,3,4,compressed_ring_ar
1778537778.983546,9,3,0.978902,90.11,563.413,1419.238,3,4,compressed_ring_ar
1778537780.3382494,9,4,0.906336,100.54,395.422,1272.698,3,4,compressed_ring_ar
1778537781.6502938,9,5,0.889603,102.58,377.27,1242.62,3,4,compressed_ring_ar
1778537782.9542148,9,6,1.068204,101.23,247.622,1263.17,3,4,compressed_ring_ar
1778537784.2561548,9,7,0.928663,103.25,351.829,1239.326,3,4,compressed_ring_ar
1778537785.5366452,9,8,1.173728,108.65,604.522,1176.868,3,4,compressed_ring_ar
1778537787.0227635,9,9,1.146206,91.15,331.035,1403.874,3,4,compressed_ring_ar
1778537788.4414039,9,10,1.008454,94.82,380.13,1345.108,3,4,compressed_ring_ar
1778537789.5810823,9,11,0.910557,116.2,296.324,1099.625,3,4,compressed_ring_ar
1778537791.0062268,9,12,0.942892,95.29,534.576,1338.876,3,4,compressed_ring_ar
1778537792.2662802,9,13,0.962925,104.9,327.646,1217.69,3,4,compressed_ring_ar
1778537793.508786,9,14,0.99391,107.03,356.045,1194.851,3,4,compressed_ring_ar
1778537794.9363568,9,15,0.905195,93.8,423.229,1362.644,3,4,compressed_ring_ar
1778537796.1065843,9,16,0.940557,113.99,263.66,1120.807,3,4,compressed_ring_ar
1778537797.3642,9,17,1.075105,107.66,409.339,1187.039,3,4,compressed_ring_ar
1778537798.829109,9,18,1.096021,92.32,501.845,1384.87,3,4,compressed_ring_ar
1778537800.1298988,9,19,1.159018,103.15,382.019,1239.719,3,4,compressed_ring_ar
1778537801.5225856,9,20,1.008723,97.19,199.473,1315.781,3,4,compressed_ring_ar
1778537802.7940953,9,21,0.966979,105.13,183.801,1215.156,3,4,compressed_ring_ar
1778537804.088645,9,22,0.967577,102.54,407.305,1243.872,3,4,compressed_ring_ar
1778537805.4992313,9,23,1.086632,97.66,358.371,1309.272,3,4,compressed_ring_ar
1778537806.7643561,9,24,1.009188,104.88,302.844,1218.405,3,4,compressed_ring_ar
1778537808.0567844,9,25,0.913756,102.48,160.294,1247.995,3,4,compressed_ring_ar
1778537809.3494534,9,26,1.010316,105.11,418.223,1215.88,3,4,compressed_ring_ar
1778537810.5944965,9,27,1.043574,106.41,334.138,1200.432,3,4,compressed_ring_ar
1778537811.9722354,9,28,0.88022,96.42,311.768,1324.443,3,4,compressed_ring_ar
1778537813.274131,9,29,0.946943,101.26,178.351,1262.794,3,4,compressed_ring_ar
1778537814.530934,9,30,0.98993,108.42,474.845,1179.363,3,4,compressed_ring_ar
1778537815.7666237,9,31,1.10098,108.62,317.965,1177.507,3,4,compressed_ring_ar
1778537817.0053442,9,32,0.939201,109.47,336.194,1168.142,3,4,compressed_ring_ar
1778537818.3127146,9,33,1.053922,102.75,400.049,1244.717,3,4,compressed_ring_ar
1778537819.725212,9,34,1.111503,95.32,473.535,1340.648,3,4,compressed_ring_ar
1778537821.011965,9,35,0.976609,104.81,427.292,1220.305,3,4,compressed_ring_ar
1778537822.3092794,9,36,1.174113,106.28,426.999,1202.502,3,4,compressed_ring_ar
1778537823.6167579,9,37,0.995285,104.28,478.46,1224.897,3,4,compressed_ring_ar
1778537824.9485176,9,38,0.835234,99.32,405.638,1287.336,3,4,compressed_ring_ar
1778537826.1862726,9,39,1.026255,108.35,315.783,1180.402,3,4,compressed_ring_ar
1778537827.5912156,9,40,0.838233,96.84,372.135,1320.711,3,4,compressed_ring_ar
1778537828.8885093,9,41,0.942725,103.18,418.532,1238.72,3,4,compressed_ring_ar
1778537830.1930015,9,42,1.145843,104.18,502.638,1227.457,3,4,compressed_ring_ar
1778537831.5023155,9,43,0.973343,103.45,296.966,1234.477,3,4,compressed_ring_ar
1778537833.0326176,9,44,0.998611,87.4,221.445,1462.074,3,4,compressed_ring_ar
1778537834.3364606,9,45,0.943718,102.92,306.001,1242.439,3,4,compressed_ring_ar
1778537835.7694461,9,46,1.13969,93.06,519.207,1372.485,3,4,compressed_ring_ar
1778537837.0304112,9,47,1.128696,106.3,249.904,1202.843,3,4,compressed_ring_ar
1778537838.356498,9,48,1.001379,102.06,321.79,1252.941,3,4,compressed_ring_ar
1778537839.6510098,9,49,0.877904,104.06,285.163,1228.679,3,4,compressed_ring_ar
1778537840.8119826,9,50,1.132205,114.41,204.361,1117.702,3,4,compressed_ring_ar
1778537842.1941442,9,51,0.93519,99.4,552.808,1286.021,3,4,compressed_ring_ar
1778537843.5599327,9,52,1.040323,96.97,228.004,1318.699,3,4,compressed_ring_ar
1778537844.8914468,9,53,0.969386,101.84,318.454,1255.61,3,4,compressed_ring_ar
1778537846.1239827,9,54,0.97912,107.42,269.747,1190.419,3,4,compressed_ring_ar
1778537847.5093155,9,55,0.955442,97.04,412.454,1312.657,3,4,compressed_ring_ar
1778537848.6142015,9,56,0.932195,120.17,171.273,1064.485,3,4,compressed_ring_ar
1778537849.96573,9,57,1.089741,99.75,522.014,1279.841,3,4,compressed_ring_ar
1778537851.3436189,9,58,1.033175,97.94,517.737,1304.466,3,4,compressed_ring_ar
1778537852.6643503,9,59,1.112401,101.56,357.958,1258.702,3,4,compressed_ring_ar
1778537853.985782,9,60,0.97365,101.1,463.067,1264.726,3,4,compressed_ring_ar
1778537855.2572708,9,61,0.888314,106.05,149.878,1205.843,3,4,compressed_ring_ar
1778537856.8211403,9,62,1.069717,86.11,480.58,1485.282,3,4,compressed_ring_ar
1778537858.0583045,9,63,0.849292,109.11,272.488,1171.509,3,4,compressed_ring_ar
1778537859.4647527,9,64,1.163399,95.07,201.637,1341.323,3,4,compressed_ring_ar
1778537860.7806056,9,65,0.849021,100.09,280.765,1277.68,3,4,compressed_ring_ar
1778537862.1039548,9,66,0.927453,101.64,417.271,1257.191,3,4,compressed_ring_ar
1778537863.4082243,9,67,0.868107,102.57,315.699,1246.835,3,4,compressed_ring_ar
1778537864.9145799,9,68,0.964406,89.37,531.672,1431.153,3,4,compressed_ring_ar
1778537866.184641,9,69,1.009909,106.73,186.733,1197.441,3,4,compressed_ring_ar
1778537867.4873064,9,70,1.06122,101.42,285.217,1259.054,3,4,compressed_ring_ar
1778537868.8096218,9,71,0.959409,100.34,216.168,1273.867,3,4,compressed_ring_ar
1778537870.1736884,9,72,1.115911,97.87,234.669,1304.993,3,4,compressed_ring_ar
1778537871.5018005,9,73,1.218026,100.46,290.713,1268.381,3,4,compressed_ring_ar
1778537872.6690288,9,74,0.988987,113.44,275.11,1127.1,3,4,compressed_ring_ar
1778537874.0725243,9,75,1.100036,95.46,454.866,1340.148,3,4,compressed_ring_ar
1778537875.3652627,9,76,0.844245,105.85,417.7,1207.072,3,4,compressed_ring_ar
1778537876.6409652,9,77,0.896485,104.21,367.556,1227.337,3,4,compressed_ring_ar
1778537877.8371394,9,78,0.829642,112.56,345.746,1134.581,3,4,compressed_ring_ar
1778537879.130083,9,79,1.113511,105.09,454.887,1216.736,3,4,compressed_ring_ar
1778537880.3988404,9,80,1.078613,106.29,296.036,1202.994,3,4,compressed_ring_ar
1778537881.7569494,9,81,1.160264,98.87,214.821,1293.689,3,4,compressed_ring_ar
1778537883.0818803,9,82,1.222436,101.37,449.411,1261.39,3,4,compressed_ring_ar
1778537884.3927732,9,83,0.838555,101.21,180.975,1260.61,3,4,compressed_ring_ar
1778537885.9850898,9,84,0.982014,84.09,473.36,1520.902,3,4,compressed_ring_ar
1778537887.3268974,9,85,0.973291,100.51,427.237,1272.243,3,4,compressed_ring_ar
1778537888.7662182,9,86,1.093738,93.31,459.898,1369.318,3,4,compressed_ring_ar
1778537889.9459996,9,87,1.051347,114.5,190.106,1115.409,3,4,compressed_ring_ar
1778537891.2329206,9,88,0.978199,105.5,159.008,1211.727,3,4,compressed_ring_ar
1778537892.5783672,9,89,0.833677,100.46,472.633,1273.053,3,4,compressed_ring_ar
1778537893.9085195,9,90,0.868085,99.8,179.115,1281.503,3,4,compressed_ring_ar
1778537895.1959987,9,91,1.199301,106.22,405.833,1202.74,3,4,compressed_ring_ar
1778537896.5744805,9,92,1.148509,96.43,188.546,1324.893,3,4,compressed_ring_ar
1778537897.9740677,9,93,0.941404,95.12,267.06,1342.895,3,4,compressed_ring_ar
1778537899.275532,9,94,0.823534,103.33,190.341,1236.676,3,4,compressed_ring_ar
1778537900.690136,9,95,0.8182,96.46,464.501,1325.931,3,4,compressed_ring_ar
1778537901.9287148,9,96,1.050112,111.18,285.274,1150.273,3,4,compressed_ring_ar
1778537903.2625148,9,97,0.818964,67.07,541.857,1248.42,3,4,compressed_ring_ar
1778537914.9538443,10,0,1.000167,97.66,410.669,1308.42,3,4,compressed_ring_ar
1778537916.307025,10,1,1.040459,97.71,362.265,1309.147,3,4,compressed_ring_ar
1778537917.8776345,10,2,1.03132,86.43,439.88,1479.718,3,4,compressed_ring_ar
1778537919.2444522,10,3,0.905517,98.07,373.144,1302.205,3,4,compressed_ring_ar
1778537920.663895,10,4,1.016369,92.8,393.638,1378.177,3,4,compressed_ring_ar
1778537921.9170737,10,5,0.924517,107.08,426.932,1192.761,3,4,compressed_ring_ar
1778537923.1739392,10,6,0.853245,109.98,416.956,1161.319,3,4,compressed_ring_ar
1778537924.455538,10,7,0.780567,104.13,279.697,1228.06,3,4,compressed_ring_ar
1778537925.8911047,10,8,1.035355,93.04,537.966,1373.259,3,4,compressed_ring_ar
1778537927.1639009,10,9,1.078274,105.37,164.207,1213.773,3,4,compressed_ring_ar
1778537928.5809221,10,10,1.004261,95.24,465.706,1341.565,3,4,compressed_ring_ar
1778537930.0672178,10,11,1.062513,89.06,243.865,1432.653,3,4,compressed_ring_ar
1778537931.2478783,10,12,0.980259,114.7,172.98,1114.323,3,4,compressed_ring_ar
1778537932.6135428,10,13,0.829536,99.58,470.789,1283.355,3,4,compressed_ring_ar
1778537933.9078484,10,14,0.957494,104.16,548.691,1227.585,3,4,compressed_ring_ar
1778537935.3337018,10,15,1.006717,95.46,303.752,1335.985,3,4,compressed_ring_ar
1778537936.7133555,10,16,1.020126,95.71,255.465,1332.221,3,4,compressed_ring_ar
1778537937.8380482,10,17,0.940006,118.16,185.216,1082.906,3,4,compressed_ring_ar
1778537939.2421038,10,18,0.898952,97.11,516.044,1315.795,3,4,compressed_ring_ar
1778537940.658864,10,19,0.952398,95.44,488.543,1334.569,3,4,compressed_ring_ar
1778537941.8939786,10,20,0.900718,107.07,237.042,1190.071,3,4,compressed_ring_ar
1778537943.2246854,10,21,1.03168,99.5,179.485,1284.047,3,4,compressed_ring_ar
1778537944.459038,10,22,0.940659,106.93,276.173,1196.066,3,4,compressed_ring_ar
1778537945.8493385,10,23,0.966513,97.11,521.465,1315.105,3,4,compressed_ring_ar
1778537947.269035,10,24,0.901358,92.88,401.465,1377.566,3,4,compressed_ring_ar
1778537948.5788846,10,25,1.044754,105.92,398.573,1207.146,3,4,compressed_ring_ar
1778537949.9187446,10,26,0.878277,100.62,431.291,1269.639,3,4,compressed_ring_ar
1778537951.2608767,10,27,0.985296,100.5,286.532,1268.576,3,4,compressed_ring_ar
1778537952.3998702,10,28,1.163665,116.51,327.893,1096.118,3,4,compressed_ring_ar
1778537953.7246037,10,29,1.125855,100.39,385.137,1273.711,3,4,compressed_ring_ar
1778537955.1205733,10,30,0.940147,96.25,409.553,1325.197,3,4,compressed_ring_ar
1778537956.5365622,10,31,0.910538,92.84,209.695,1371.239,3,4,compressed_ring_ar
1778537957.6337204,10,32,0.958676,120.95,151.141,1057.061,3,4,compressed_ring_ar
1778537958.8627734,10,33,0.810797,112.96,253.866,1132.369,3,4,compressed_ring_ar
1778537960.0681107,10,34,1.034873,112.05,461.289,1140.859,3,4,compressed_ring_ar
1778537961.4793844,10,35,1.21021,94.28,300.967,1356.636,3,4,compressed_ring_ar
1778537962.7505674,10,36,1.164206,106.35,390.735,1201.913,3,4,compressed_ring_ar
1778537963.9743881,10,37,1.108218,109.57,188.963,1166.896,3,4,compressed_ring_ar
1778537965.3442748,10,38,0.994671,98.34,383.473,1299.958,3,4,compressed_ring_ar
1778537966.6466389,10,39,0.903994,102.61,332.947,1244.44,3,4,compressed_ring_ar
1778537967.9689045,10,40,0.907907,101.25,151.96,1263.025,3,4,compressed_ring_ar
1778537969.3632112,10,41,0.879353,97.82,638.372,1306.508,3,4,compressed_ring_ar
1778537970.7295082,10,42,1.111272,97.12,202.016,1312.563,3,4,compressed_ring_ar
1778537972.150444,10,43,0.872398,93.1,165.109,1372.459,3,4,compressed_ring_ar
1778537973.623704,10,44,1.008387,89.67,511.145,1425.207,3,4,compressed_ring_ar
1778537975.0385208,10,45,0.831789,94.82,192.737,1349.437,3,4,compressed_ring_ar
1778537976.2774518,10,46,1.049681,106.79,246.254,1196.569,3,4,compressed_ring_ar
1778537977.62354,10,47,1.008375,99.0,359.07,1291.714,3,4,compressed_ring_ar
1778537979.0300267,10,48,0.98153,96.08,575.155,1330.611,3,4,compressed_ring_ar
1778537980.443705,10,49,1.057105,94.0,492.709,1359.386,3,4,compressed_ring_ar
1778537981.648948,10,50,0.944519,109.69,291.195,1165.671,3,4,compressed_ring_ar
1778537983.088616,10,51,0.985294,93.31,387.001,1371.028,3,4,compressed_ring_ar
1778537984.4527893,10,52,0.835562,98.98,396.863,1287.952,3,4,compressed_ring_ar
1778537985.7218704,10,53,0.889567,104.31,230.811,1223.715,3,4,compressed_ring_ar
1778537987.062383,10,54,0.935308,98.97,269.204,1284.999,3,4,compressed_ring_ar
1778537988.489626,10,55,0.917966,91.99,391.747,1390.442,3,4,compressed_ring_ar
1778537989.5517251,10,56,0.873812,127.55,202.816,997.832,3,4,compressed_ring_ar
1778537990.8783505,10,57,1.052223,99.42,189.797,1285.16,3,4,compressed_ring_ar
1778537992.1617844,10,58,0.914964,105.36,317.894,1213.778,3,4,compressed_ring_ar
1778537993.5179694,10,59,1.079584,99.73,435.157,1282.193,3,4,compressed_ring_ar
1778537994.8486545,10,60,0.923272,102.04,435.224,1252.152,3,4,compressed_ring_ar
1778537996.2377005,10,61,0.910721,97.05,683.848,1317.54,3,4,compressed_ring_ar
1778537997.4725022,10,62,0.948812,110.71,367.846,1154.927,3,4,compressed_ring_ar
1778537998.8340602,10,63,1.007019,98.41,434.62,1297.527,3,4,compressed_ring_ar
1778538000.1294765,10,64,1.089826,105.53,197.416,1211.464,3,4,compressed_ring_ar
1778538001.4769044,10,65,1.001597,101.8,512.759,1256.135,3,4,compressed_ring_ar
1778538002.9013379,10,66,0.871926,93.81,168.451,1360.606,3,4,compressed_ring_ar
1778538004.3799214,10,67,0.763676,89.29,325.618,1429.247,3,4,compressed_ring_ar
1778538005.5835338,10,68,1.0776,112.84,226.971,1127.564,3,4,compressed_ring_ar
1778538006.8512204,10,69,1.02005,104.68,154.132,1221.531,3,4,compressed_ring_ar
1778538008.181398,10,70,0.889958,100.72,417.611,1270.124,3,4,compressed_ring_ar
1778538009.4754014,10,71,0.747683,105.43,328.951,1209.853,3,4,compressed_ring_ar
1778538010.8657022,10,72,0.959947,95.68,300.103,1336.896,3,4,compressed_ring_ar
1778538012.1627052,10,73,0.911564,102.56,220.879,1247.162,3,4,compressed_ring_ar
1778538013.4603941,10,74,1.093721,104.54,468.958,1222.134,3,4,compressed_ring_ar
1778538014.8214974,10,75,0.915067,98.27,574.545,1300.674,3,4,compressed_ring_ar
1778538016.1785293,10,76,0.971054,101.4,316.233,1261.368,3,4,compressed_ring_ar
1778538017.489327,10,77,0.911347,100.76,228.697,1268.2,3,4,compressed_ring_ar
1778538018.7057633,10,78,0.993973,109.07,388.878,1172.39,3,4,compressed_ring_ar
1778538020.0256085,10,79,0.776134,100.6,377.681,1269.995,3,4,compressed_ring_ar
1778538021.2888854,10,80,0.845759,106.05,428.562,1203.78,3,4,compressed_ring_ar
1778538022.6362627,10,81,0.883662,98.81,329.767,1293.658,3,4,compressed_ring_ar
1778538023.8784926,10,82,0.971646,108.77,248.206,1166.625,3,4,compressed_ring_ar
1778538025.1735191,10,83,1.125895,102.43,186.165,1246.771,3,4,compressed_ring_ar
1778538026.5039194,10,84,0.884686,99.29,300.164,1287.957,3,4,compressed_ring_ar
1778538027.8583744,10,85,0.795449,98.73,435.283,1294.246,3,4,compressed_ring_ar
1778538029.0773222,10,86,0.925925,111.43,343.299,1147.66,3,4,compressed_ring_ar
1778538030.3251903,10,87,0.944332,108.3,385.727,1180.728,3,4,compressed_ring_ar
1778538031.6654768,10,88,0.987121,100.52,370.288,1272.402,3,4,compressed_ring_ar
1778538032.976924,10,89,0.874016,102.11,306.77,1252.272,3,4,compressed_ring_ar
1778538034.2120924,10,90,0.941257,107.73,255.74,1186.944,3,4,compressed_ring_ar
1778538035.5857522,10,91,0.725606,98.41,461.121,1299.432,3,4,compressed_ring_ar
1778538037.0086823,10,92,0.917981,94.11,418.29,1351.886,3,4,compressed_ring_ar
1778538038.2662728,10,93,0.942963,106.85,216.199,1192.029,3,4,compressed_ring_ar
1778538039.5494685,10,94,1.012484,104.95,231.744,1218.672,3,4,compressed_ring_ar
1778538040.7860355,10,95,0.932093,109.1,220.06,1171.951,3,4,compressed_ring_ar
1778538042.080999,10,96,0.874822,103.52,348.258,1233.886,3,4,compressed_ring_ar
1778538043.2706623,10,97,0.760019,74.22,222.405,1130.447,3,4,compressed_ring_ar
1778538055.4198298,11,0,1.017905,85.34,191.643,1497.546,3,4,compressed_ring_ar
1778538056.8546946,11,1,0.918292,94.44,197.878,1353.372,3,4,compressed_ring_ar
1778538058.1852195,11,2,1.056968,99.9,198.019,1280.04,3,4,compressed_ring_ar
1778538059.4941268,11,3,0.979163,104.03,445.9,1229.56,3,4,compressed_ring_ar
1778538060.8581035,11,4,1.052429,99.34,416.75,1286.289,3,4,compressed_ring_ar
1778538062.2534606,11,5,0.851167,99.62,295.457,1283.923,3,4,compressed_ring_ar
1778538063.5599346,11,6,0.789575,105.56,496.319,1210.073,3,4,compressed_ring_ar
1778538065.0677187,11,7,0.782846,88.63,550.12,1437.231,3,4,compressed_ring_ar
1778538066.5242248,11,8,0.821775,90.9,237.836,1403.593,3,4,compressed_ring_ar
1778538067.8790023,11,9,0.975267,99.16,138.399,1289.588,3,4,compressed_ring_ar
1778538069.3357768,11,10,0.976527,94.14,812.878,1358.335,3,4,compressed_ring_ar
1778538070.5776439,11,11,0.994482,109.53,380.563,1168.289,3,4,compressed_ring_ar
1778538071.882733,11,12,1.007244,104.31,544.857,1223.001,3,4,compressed_ring_ar
1778538073.191721,11,13,0.968063,102.0,270.334,1250.202,3,4,compressed_ring_ar
1778538074.2759397,11,14,0.949071,123.47,232.99,1035.479,3,4,compressed_ring_ar
1778538075.644982,11,15,1.038544,98.88,411.37,1291.7,3,4,compressed_ring_ar
1778538076.906692,11,16,0.95294,104.81,335.912,1220.202,3,4,compressed_ring_ar
1778538078.2201667,11,17,1.081172,101.8,406.424,1256.144,3,4,compressed_ring_ar
1778538079.614674,11,18,0.838998,96.38,375.205,1325.037,3,4,compressed_ring_ar
1778538080.975065,11,19,0.905278,99.09,256.447,1289.868,3,4,compressed_ring_ar
1778538082.2993457,11,20,1.163678,102.46,408.206,1248.258,3,4,compressed_ring_ar
1778538083.6741626,11,21,0.982643,97.18,416.583,1315.896,3,4,compressed_ring_ar
1778538085.1332827,11,22,1.112188,92.78,231.389,1378.318,3,4,compressed_ring_ar
1778538086.5210407,11,23,1.071869,95.8,157.829,1333.844,3,4,compressed_ring_ar
1778538087.9181533,11,24,0.993945,94.85,388.385,1343.177,3,4,compressed_ring_ar
1778538089.1209707,11,25,0.848141,109.81,240.225,1162.242,3,4,compressed_ring_ar
1778538090.3486702,11,26,0.768573,108.02,225.676,1183.741,3,4,compressed_ring_ar
1778538091.823497,11,27,0.96677,91.31,490.133,1400.363,3,4,compressed_ring_ar
1778538093.2112944,11,28,0.938209,98.93,168.566,1292.494,3,4,compressed_ring_ar
1778538094.4823937,11,29,1.112032,105.32,376.125,1213.088,3,4,compressed_ring_ar
1778538095.7899487,11,30,0.852282,103.29,310.377,1237.438,3,4,compressed_ring_ar
1778538097.0375261,11,31,0.88463,108.34,478.021,1180.495,3,4,compressed_ring_ar
1778538098.3438056,11,32,0.817562,105.26,467.33,1211.757,3,4,compressed_ring_ar
1778538099.6540697,11,33,0.773277,101.78,414.644,1256.509,3,4,compressed_ring_ar
1778538101.1002529,11,34,0.870542,92.79,677.194,1377.74,3,4,compressed_ring_ar
1778538102.3570595,11,35,0.968386,105.29,289.074,1214.396,3,4,compressed_ring_ar
1778538103.772528,11,36,0.735357,94.22,459.852,1355.942,3,4,compressed_ring_ar
1778538105.076914,11,37,0.906731,102.15,327.079,1250.784,3,4,compressed_ring_ar
1778538106.3182008,11,38,0.935897,107.87,283.257,1184.183,3,4,compressed_ring_ar
1778538107.555249,11,39,0.948852,107.12,319.305,1193.487,3,4,compressed_ring_ar
1778538109.0504973,11,40,0.904442,89.29,421.768,1428.819,3,4,compressed_ring_ar
1778538110.168038,11,41,1.061387,121.28,195.295,1050.68,3,4,compressed_ring_ar
1778538111.4067001,11,42,0.797917,107.52,160.183,1188.009,3,4,compressed_ring_ar
1778538112.746179,11,43,0.954915,99.98,516.088,1278.999,3,4,compressed_ring_ar
1778538114.111215,11,44,0.888944,98.9,208.209,1288.366,3,4,compressed_ring_ar
1778538115.3451042,11,45,0.973031,109.26,190.471,1170.238,3,4,compressed_ring_ar
1778538116.5776467,11,46,0.842719,109.16,306.059,1170.774,3,4,compressed_ring_ar
1778538118.1516447,11,47,0.843963,85.5,501.564,1490.72,3,4,compressed_ring_ar
1778538119.266219,11,48,1.011594,119.3,150.346,1071.844,3,4,compressed_ring_ar
1778538120.6811366,11,49,0.89935,94.33,383.81,1351.558,3,4,compressed_ring_ar
1778538121.9943237,11,50,0.891576,101.41,210.055,1257.704,3,4,compressed_ring_ar
1778538123.1159585,11,51,1.092699,118.52,173.825,1078.804,3,4,compressed_ring_ar
1778538124.607886,11,52,0.979672,89.47,524.776,1420.437,3,4,compressed_ring_ar
1778538125.9065173,11,53,0.97896,101.22,240.599,1259.985,3,4,compressed_ring_ar
1778538127.1951632,11,54,0.965345,103.01,294.845,1241.51,3,4,compressed_ring_ar
1778538128.4808874,11,55,0.997884,106.49,306.355,1200.065,3,4,compressed_ring_ar
1778538129.7108498,11,56,0.986992,108.02,359.93,1182.519,3,4,compressed_ring_ar
1778538130.85048,11,57,1.029176,119.26,418.852,1071.703,3,4,compressed_ring_ar
1778538132.2332237,11,58,0.959585,99.13,682.679,1287.762,3,4,compressed_ring_ar
1778538133.5489426,11,59,0.869117,100.76,233.832,1265.691,3,4,compressed_ring_ar
1778538135.0418715,11,60,1.075343,87.87,205.705,1449.226,3,4,compressed_ring_ar
1778538136.1763878,11,61,0.96974,116.41,152.493,1098.285,3,4,compressed_ring_ar
1778538137.4204326,11,62,0.933374,108.73,363.245,1176.124,3,4,compressed_ring_ar
1778538138.73374,11,63,0.879018,100.87,333.279,1267.024,3,4,compressed_ring_ar
1778538140.0403266,11,64,0.759802,104.03,357.578,1227.849,3,4,compressed_ring_ar
1778538141.297916,11,65,0.908871,105.28,422.082,1213.312,3,4,compressed_ring_ar
1778538142.6217694,11,66,0.784715,99.69,219.874,1279.212,3,4,compressed_ring_ar
1778538143.7636492,11,67,0.821869,116.34,215.083,1099.303,3,4,compressed_ring_ar
1778538145.1143947,11,68,0.822216,98.39,336.579,1300.127,3,4,compressed_ring_ar
1778538146.399896,11,69,0.934121,105.69,344.435,1210.019,3,4,compressed_ring_ar
1778538147.6999605,11,70,0.984982,102.78,415.295,1242.996,3,4,compressed_ring_ar
1778538149.0001655,11,71,1.055018,103.06,311.01,1240.818,3,4,compressed_ring_ar
1778538150.3294241,11,72,0.894333,102.64,491.593,1244.855,3,4,compressed_ring_ar
1778538151.6201918,11,73,0.915407,102.36,325.816,1247.932,3,4,compressed_ring_ar
1778538153.0252194,11,74,0.948919,96.2,411.166,1329.407,3,4,compressed_ring_ar
1778538154.4559174,11,75,0.898412,95.52,325.497,1337.134,3,4,compressed_ring_ar
1778538155.7492437,11,76,1.000746,102.13,308.533,1252.12,3,4,compressed_ring_ar
1778538157.039575,11,77,0.884038,105.04,343.122,1216.387,3,4,compressed_ring_ar
1778538158.3980434,11,78,1.009521,101.96,490.496,1251.439,3,4,compressed_ring_ar
1778538159.6836483,11,79,0.924996,102.82,302.426,1240.238,3,4,compressed_ring_ar
1778538160.9279733,11,80,0.986319,106.15,217.461,1203.28,3,4,compressed_ring_ar
1778538162.206489,11,81,1.163033,105.61,305.857,1210.798,3,4,compressed_ring_ar
1778538163.5452852,11,82,0.915661,101.08,374.913,1265.009,3,4,compressed_ring_ar
1778538164.820469,11,83,0.956623,104.24,421.074,1226.474,3,4,compressed_ring_ar
1778538166.1140475,11,84,1.002808,104.25,564.755,1225.724,3,4,compressed_ring_ar
1778538167.52308,11,85,0.881152,94.62,196.821,1351.61,3,4,compressed_ring_ar
1778538168.8211207,11,86,0.920445,103.66,294.23,1229.508,3,4,compressed_ring_ar
1778538170.0467424,11,87,1.120658,108.78,284.191,1171.974,3,4,compressed_ring_ar
1778538171.3242624,11,88,0.811051,104.03,317.291,1228.985,3,4,compressed_ring_ar
1778538172.548345,11,89,0.929855,108.96,158.193,1173.823,3,4,compressed_ring_ar
1778538173.7760708,11,90,0.871718,108.08,203.814,1181.739,3,4,compressed_ring_ar
1778538175.06332,11,91,0.937871,102.76,330.46,1243.166,3,4,compressed_ring_ar
1778538176.3499842,11,92,0.99113,103.28,442.861,1236.486,3,4,compressed_ring_ar
1778538177.6195173,11,93,0.796773,104.92,230.408,1218.709,3,4,compressed_ring_ar
1778538178.9837835,11,94,0.932217,98.79,425.248,1294.388,3,4,compressed_ring_ar
1778538180.226716,11,95,1.008779,109.42,319.381,1166.328,3,4,compressed_ring_ar
1778538181.6478572,11,96,0.863385,95.1,542.416,1343.77,3,4,compressed_ring_ar
1778538182.8880947,11,97,1.040706,70.73,298.715,1185.218,3,4,compressed_ring_ar
1778538194.4472437,12,0,0.955885,100.12,250.298,1277.14,3,4,compressed_ring_ar
1778538195.937936,12,1,0.870109,89.77,488.384,1423.615,3,4,compressed_ring_ar
1778538197.3951232,12,2,0.843296,92.68,366.631,1380.022,3,4,compressed_ring_ar
1778538198.556125,12,3,0.955291,117.96,149.09,1083.852,3,4,compressed_ring_ar
1778538199.89743,12,4,0.807562,100.87,367.724,1267.928,3,4,compressed_ring_ar
1778538201.116988,12,5,0.939825,110.97,311.187,1151.475,3,4,compressed_ring_ar
1778538202.426138,12,6,0.880081,103.29,269.009,1237.88,3,4,compressed_ring_ar
1778538203.8491778,12,7,0.972696,93.38,422.313,1368.994,3,4,compressed_ring_ar
1778538205.31158,12,8,0.894409,92.32,409.445,1383.964,3,4,compressed_ring_ar
1778538206.5283768,12,9,0.869086,109.92,178.525,1163.376,3,4,compressed_ring_ar
1778538207.855644,12,10,0.735932,102.49,335.104,1246.738,3,4,compressed_ring_ar
1778538209.157747,12,11,0.919724,101.79,154.261,1255.458,3,4,compressed_ring_ar
1778538210.5962396,12,12,1.003454,92.22,393.714,1384.002,3,4,compressed_ring_ar
1778538211.753276,12,13,0.87497,115.22,292.836,1108.842,3,4,compressed_ring_ar
1778538213.0092058,12,14,0.937359,107.89,243.155,1183.973,3,4,compressed_ring_ar
1778538214.3294065,12,15,1.082934,100.48,359.811,1271.502,3,4,compressed_ring_ar
1778538215.5522792,12,16,0.828254,109.62,256.874,1166.717,3,4,compressed_ring_ar
1778538216.8287392,12,17,0.93182,107.19,333.002,1189.489,3,4,compressed_ring_ar
1778538218.1683683,12,18,0.799345,98.81,407.472,1285.97,3,4,compressed_ring_ar
1778538219.350573,12,19,0.952857,111.43,248.738,1148.251,3,4,compressed_ring_ar
1778538220.6120315,12,20,0.880078,107.31,331.637,1191.915,3,4,compressed_ring_ar
1778538221.868064,12,21,0.999058,108.22,545.103,1181.756,3,4,compressed_ring_ar
1778538223.1610115,12,22,0.770908,104.25,356.959,1225.442,3,4,compressed_ring_ar
1778538224.4766612,12,23,0.962594,100.92,362.547,1267.026,3,4,compressed_ring_ar
1778538225.774468,12,24,0.890361,104.85,314.745,1219.238,3,4,compressed_ring_ar
1778538227.0582829,12,25,1.053136,103.41,200.345,1236.674,3,4,compressed_ring_ar
1778538228.318828,12,26,0.795115,107.23,370.178,1191.98,3,4,compressed_ring_ar
1778538229.6528394,12,27,0.977129,101.24,383.938,1259.5,3,4,compressed_ring_ar
1778538230.8965883,12,28,0.87209,106.98,492.945,1193.485,3,4,compressed_ring_ar
1778538232.1989958,12,29,0.937256,102.41,308.637,1248.594,3,4,compressed_ring_ar
1778538233.5477407,12,30,0.893604,99.39,356.915,1287.149,3,4,compressed_ring_ar
1778538234.8510935,12,31,0.902413,102.68,165.186,1245.622,3,4,compressed_ring_ar
1778538236.1371255,12,32,0.805298,107.55,409.37,1188.694,3,4,compressed_ring_ar
1778538237.47105,12,33,0.848293,101.9,491.762,1254.962,3,4,compressed_ring_ar
1778538238.8880658,12,34,0.920181,95.01,490.422,1339.847,3,4,compressed_ring_ar
1778538240.0452383,12,35,0.84804,114.67,245.789,1110.58,3,4,compressed_ring_ar
1778538241.3010428,12,36,0.905204,107.59,366.788,1182.099,3,4,compressed_ring_ar
1778538242.5188851,12,37,1.058026,108.28,271.701,1177.684,3,4,compressed_ring_ar
1778538243.7655797,12,38,0.917985,108.87,366.973,1173.183,3,4,compressed_ring_ar
1778538245.1159377,12,39,0.853204,100.0,469.326,1277.747,3,4,compressed_ring_ar
1778538246.3468854,12,40,1.0345,107.98,264.523,1183.69,3,4,compressed_ring_ar
1778538247.7087674,12,41,0.839429,100.02,620.259,1277.391,3,4,compressed_ring_ar
1778538248.9765568,12,42,1.032722,104.44,410.862,1222.855,3,4,compressed_ring_ar
1778538250.342755,12,43,0.903943,96.84,288.747,1317.319,3,4,compressed_ring_ar
1778538251.550526,12,44,0.827716,111.72,167.882,1144.58,3,4,compressed_ring_ar
1778538252.811495,12,45,0.960843,106.37,318.22,1201.978,3,4,compressed_ring_ar
1778538254.5020387,12,46,0.805525,79.16,493.075,1611.843,3,4,compressed_ring_ar
1778538255.8569493,12,47,0.907318,100.31,404.048,1273.456,3,4,compressed_ring_ar
1778538257.215095,12,48,0.871747,97.69,264.923,1308.613,3,4,compressed_ring_ar
1778538258.5331283,12,49,0.881179,102.47,439.462,1246.678,3,4,compressed_ring_ar
1778538260.0081003,12,50,0.972788,90.31,213.717,1412.606,3,4,compressed_ring_ar
1778538261.186597,12,51,0.822668,113.34,153.245,1128.241,3,4,compressed_ring_ar
1778538262.5172918,12,52,0.967347,101.65,334.617,1256.682,3,4,compressed_ring_ar
1778538263.9221878,12,53,0.940063,94.14,446.04,1358.551,3,4,compressed_ring_ar
1778538265.5986183,12,54,0.93903,80.41,217.129,1585.709,3,4,compressed_ring_ar
1778538266.8216164,12,55,0.840299,111.2,250.088,1148.049,3,4,compressed_ring_ar
1778538268.0523374,12,56,0.880632,107.42,284.539,1190.454,3,4,compressed_ring_ar
1778538269.3300164,12,57,1.152014,106.37,314.484,1202.126,3,4,compressed_ring_ar
1778538270.7644153,12,58,0.836675,93.39,279.614,1366.176,3,4,compressed_ring_ar
1778538271.9391673,12,59,0.931272,112.74,185.656,1132.84,3,4,compressed_ring_ar
1778538273.2472677,12,60,0.942326,104.04,628.429,1228.1,3,4,compressed_ring_ar
1778538274.540055,12,61,0.888356,104.93,355.07,1218.749,3,4,compressed_ring_ar
1778538275.9121752,12,62,0.917967,98.17,198.955,1300.259,3,4,compressed_ring_ar
1778538277.2005537,12,63,0.889928,102.84,342.998,1243.39,3,4,compressed_ring_ar
1778538278.549399,12,64,0.827435,98.81,452.417,1290.434,3,4,compressed_ring_ar
1778538280.0042975,12,65,0.855036,91.05,166.936,1404.804,3,4,compressed_ring_ar
1778538281.311547,12,66,0.902708,103.16,465.716,1238.343,3,4,compressed_ring_ar
1778538282.5361392,12,67,0.880117,110.3,176.866,1159.395,3,4,compressed_ring_ar
1778538283.826653,12,68,0.790676,105.26,670.608,1213.534,3,4,compressed_ring_ar
1778538285.135851,12,69,0.966521,102.85,302.721,1242.796,3,4,compressed_ring_ar
1778538286.488279,12,70,0.854753,98.87,428.468,1293.476,3,4,compressed_ring_ar
1778538287.7562304,12,71,0.856512,105.83,331.563,1207.137,3,4,compressed_ring_ar
1778538289.0225825,12,72,0.95438,107.56,406.447,1188.773,3,4,compressed_ring_ar
1778538290.3633184,12,73,1.16159,99.12,333.244,1289.216,3,4,compressed_ring_ar
1778538291.7729177,12,74,0.938895,95.15,509.134,1338.959,3,4,compressed_ring_ar
1778538292.948222,12,75,0.842934,115.99,148.033,1102.785,3,4,compressed_ring_ar
1778538294.423025,12,76,0.931584,89.49,613.469,1425.77,3,4,compressed_ring_ar
1778538295.6402614,12,77,1.018378,111.85,152.953,1143.198,3,4,compressed_ring_ar
1778538297.0167806,12,78,0.971713,97.4,417.549,1313.138,3,4,compressed_ring_ar
1778538298.3102796,12,79,0.879908,104.57,443.821,1222.951,3,4,compressed_ring_ar
1778538299.633972,12,80,0.97691,101.02,490.009,1264.726,3,4,compressed_ring_ar
1778538300.934178,12,81,1.131641,102.46,457.391,1246.198,3,4,compressed_ring_ar
1778538302.18628,12,82,0.883053,105.84,187.463,1207.315,3,4,compressed_ring_ar
1778538303.509606,12,83,0.987476,101.82,147.634,1255.962,3,4,compressed_ring_ar
1778538304.8847017,12,84,0.915714,97.24,322.893,1314.51,3,4,compressed_ring_ar
1778538306.3693264,12,85,0.836951,88.8,395.875,1434.664,3,4,compressed_ring_ar
1778538307.3703911,12,86,0.944662,136.54,156.118,935.105,3,4,compressed_ring_ar
1778538308.9536521,12,87,0.81199,83.44,265.828,1529.824,3,4,compressed_ring_ar
1778538310.326858,12,88,0.912861,97.35,154.876,1312.954,3,4,compressed_ring_ar
1778538311.5892944,12,89,0.739767,107.15,382.788,1193.333,3,4,compressed_ring_ar
1778538312.9411817,12,90,0.953419,101.55,500.185,1259.208,3,4,compressed_ring_ar
1778538314.2912002,12,91,0.97472,101.14,334.074,1262.964,3,4,compressed_ring_ar
1778538315.407164,12,92,0.850883,122.29,351.606,1045.424,3,4,compressed_ring_ar
1778538316.6644347,12,93,1.020435,107.08,541.136,1193.071,3,4,compressed_ring_ar
1778538317.9198391,12,94,0.787689,108.36,440.511,1180.151,3,4,compressed_ring_ar
1778538319.3201087,12,95,1.099621,96.58,365.441,1323.516,3,4,compressed_ring_ar
1778538320.666795,12,96,0.976025,102.59,676.744,1246.59,3,4,compressed_ring_ar
1778538321.8953688,12,97,0.7156,71.11,178.848,1177.89,3,4,compressed_ring_ar
1778538333.5694528,13,0,0.84695,95.63,179.818,1337.349,3,4,compressed_ring_ar
1778538334.8954203,13,1,0.806973,104.45,339.19,1224.477,3,4,compressed_ring_ar
1778538336.2384086,13,2,0.839403,100.64,458.624,1268.98,3,4,compressed_ring_ar
1778538337.703463,13,3,0.822539,89.99,175.029,1421.033,3,4,compressed_ring_ar
1778538339.0624073,13,4,0.965896,98.34,500.31,1298.977,3,4,compressed_ring_ar
1778538340.528311,13,5,0.793292,90.26,321.985,1413.581,3,4,compressed_ring_ar
1778538341.7398543,13,6,0.931546,113.0,212.404,1123.157,3,4,compressed_ring_ar
1778538342.8672287,13,7,0.779303,118.7,139.422,1076.713,3,4,compressed_ring_ar
1778538344.2446024,13,8,0.937629,97.42,484.644,1307.491,3,4,compressed_ring_ar
1778538345.401115,13,9,0.872285,116.38,221.675,1098.697,3,4,compressed_ring_ar
1778538346.9061053,13,10,0.758052,88.43,215.606,1444.893,3,4,compressed_ring_ar
1778538348.2399335,13,11,1.077971,101.75,326.272,1256.989,3,4,compressed_ring_ar
1778538349.593199,13,12,0.825689,99.25,389.823,1282.526,3,4,compressed_ring_ar
1778538350.841075,13,13,0.877726,106.18,176.705,1202.748,3,4,compressed_ring_ar
1778538352.2005446,13,14,1.112361,97.1,157.107,1315.782,3,4,compressed_ring_ar
1778538353.4381125,13,15,0.937869,107.09,282.982,1194.487,3,4,compressed_ring_ar
1778538354.9262004,13,16,0.875186,91.36,510.365,1398.425,3,4,compressed_ring_ar
1778538356.2760177,13,17,0.930972,98.21,175.927,1298.459,3,4,compressed_ring_ar
1778538357.51618,13,18,0.823532,107.78,202.102,1186.428,3,4,compressed_ring_ar
1778538358.9286425,13,19,0.79436,94.95,162.864,1345.686,3,4,compressed_ring_ar
1778538360.249545,13,20,0.932775,100.37,439.424,1274.013,3,4,compressed_ring_ar
1778538361.5625343,13,21,1.097079,101.3,396.411,1261.065,3,4,compressed_ring_ar
1778538363.0530822,13,22,0.894865,89.53,375.473,1425.304,3,4,compressed_ring_ar
1778538364.3203356,13,23,1.039101,105.65,148.82,1207.708,3,4,compressed_ring_ar
1778538365.6601708,13,24,0.86863,99.1,239.437,1290.371,3,4,compressed_ring_ar
1778538367.0298576,13,25,0.969202,97.71,320.934,1308.803,3,4,compressed_ring_ar
1778538368.5834122,13,26,1.013647,85.82,432.183,1488.075,3,4,compressed_ring_ar
1778538369.928608,13,27,0.919056,98.45,270.382,1299.125,3,4,compressed_ring_ar
1778538371.2670813,13,28,0.803584,100.52,327.628,1269.864,3,4,compressed_ring_ar
1778538372.6093137,13,29,0.937505,98.88,386.299,1292.928,3,4,compressed_ring_ar
1778538374.0244946,13,30,0.711155,93.54,399.179,1367.038,3,4,compressed_ring_ar
1778538375.4640377,13,31,0.896754,93.17,352.544,1372.46,3,4,compressed_ring_ar
1778538376.7968478,13,32,0.855207,101.58,367.227,1257.621,3,4,compressed_ring_ar
1778538378.0447683,13,33,1.006343,109.37,292.055,1169.092,3,4,compressed_ring_ar
1778538379.4215112,13,34,0.757707,96.96,623.403,1317.255,3,4,compressed_ring_ar
1778538380.680684,13,35,0.908403,106.79,301.128,1197.639,3,4,compressed_ring_ar
1778538382.0674498,13,36,0.720438,96.29,364.336,1326.815,3,4,compressed_ring_ar
1778538383.2833147,13,37,1.119042,109.06,317.804,1172.167,3,4,compressed_ring_ar
1778538384.6120436,13,38,0.873081,101.78,332.479,1256.396,3,4,compressed_ring_ar
1778538385.9370277,13,39,0.952873,102.58,350.308,1242.047,3,4,compressed_ring_ar
1778538387.1901603,13,40,1.068142,106.77,163.161,1195.988,3,4,compressed_ring_ar
1778538388.5099833,13,41,0.84156,101.49,354.388,1259.927,3,4,compressed_ring_ar
1778538389.9854157,13,42,0.918802,89.98,656.289,1420.012,3,4,compressed_ring_ar
1778538391.3677404,13,43,0.931522,95.76,161.636,1335.57,3,4,compressed_ring_ar
1778538392.7914395,13,44,0.80449,94.15,517.74,1355.086,3,4,compressed_ring_ar
1778538393.9862738,13,45,0.712575,112.32,204.172,1137.306,3,4,compressed_ring_ar
1778538395.3777077,13,46,0.820893,96.47,163.162,1324.032,3,4,compressed_ring_ar
1778538396.6823468,13,47,0.668143,103.19,145.978,1239.048,3,4,compressed_ring_ar
1778538398.0254197,13,48,0.788927,99.87,406.336,1277.116,3,4,compressed_ring_ar
1778538399.2730427,13,49,0.86617,106.26,195.643,1203.633,3,4,compressed_ring_ar
1778538400.7278597,13,50,0.83277,90.81,201.873,1408.767,3,4,compressed_ring_ar
1778538402.0274951,13,51,0.791765,102.75,332.861,1241.351,3,4,compressed_ring_ar
1778538403.3929596,13,52,0.748263,99.22,161.324,1287.682,3,4,compressed_ring_ar
1778538404.7450073,13,53,0.943631,99.46,548.542,1285.589,3,4,compressed_ring_ar
1778538406.0320795,13,54,0.806919,105.54,371.047,1211.586,3,4,compressed_ring_ar
1778538407.3172224,13,55,0.887668,105.67,353.401,1210.041,3,4,compressed_ring_ar
1778538408.6967096,13,56,0.788302,97.82,675.6,1306.525,3,4,compressed_ring_ar
1778538409.9248366,13,57,1.024039,108.15,300.726,1182.317,3,4,compressed_ring_ar
1778538411.1966145,13,58,0.837464,104.05,328.495,1227.835,3,4,compressed_ring_ar
1778538412.4205065,13,59,0.888846,108.76,297.218,1175.773,3,4,compressed_ring_ar
1778538413.6409535,13,60,0.853928,112.71,633.493,1134.619,3,4,compressed_ring_ar
1778538414.8680274,13,61,0.950589,113.21,602.479,1129.59,3,4,compressed_ring_ar
1778538416.1153402,13,62,1.131549,109.4,588.946,1169.568,3,4,compressed_ring_ar
1778538417.4801898,13,63,0.818221,100.14,384.116,1277.169,3,4,compressed_ring_ar
1778538418.7688787,13,64,0.897363,107.15,504.718,1194.235,3,4,compressed_ring_ar
1778538420.108585,13,65,0.957415,102.98,506.521,1242.317,3,4,compressed_ring_ar
1778538421.3299568,13,66,1.038955,111.24,614.941,1149.474,3,4,compressed_ring_ar
1778538422.7770605,13,67,0.781779,93.58,660.56,1359.837,3,4,compressed_ring_ar
1778538424.0014114,13,68,0.937337,108.81,176.355,1172.914,3,4,compressed_ring_ar
1778538425.3679025,13,69,1.02917,96.84,696.703,1318.025,3,4,compressed_ring_ar
1778538426.716624,13,70,0.805583,97.67,510.294,1305.767,3,4,compressed_ring_ar
1778538428.0168767,13,71,0.979213,101.22,364.275,1261.932,3,4,compressed_ring_ar
1778538429.223324,13,72,0.759068,110.8,388.472,1154.099,3,4,compressed_ring_ar
1778538430.6040728,13,73,0.937167,99.79,654.18,1281.664,3,4,compressed_ring_ar
1778538431.914697,13,74,0.802581,103.25,630.195,1238.732,3,4,compressed_ring_ar
1778538433.1916244,13,75,0.904919,107.54,604.767,1187.849,3,4,compressed_ring_ar
1778538434.488707,13,76,0.892152,102.75,617.067,1242.846,3,4,compressed_ring_ar
1778538435.6894023,13,77,0.780139,112.13,378.43,1140.379,3,4,compressed_ring_ar
1778538437.0327477,13,78,0.791859,102.47,420.045,1248.281,3,4,compressed_ring_ar
1778538438.2523282,13,79,0.746332,110.4,346.55,1158.461,3,4,compressed_ring_ar
1778538439.5313294,13,80,0.962192,107.24,274.32,1190.793,3,4,compressed_ring_ar
1778538440.9965618,13,81,0.881649,91.18,673.589,1402.607,3,4,compressed_ring_ar
1778538442.320559,13,82,0.961624,102.3,342.148,1250.617,3,4,compressed_ring_ar
1778538443.5777073,13,83,0.936568,108.86,668.39,1174.522,3,4,compressed_ring_ar
1778538444.9810095,13,84,0.901634,96.26,752.495,1328.907,3,4,compressed_ring_ar
1778538446.365198,13,85,0.986296,97.7,606.424,1309.022,3,4,compressed_ring_ar
1778538447.6498384,13,86,0.896351,107.16,692.312,1193.374,3,4,compressed_ring_ar
1778538448.8934257,13,87,0.901529,110.91,550.316,1152.873,3,4,compressed_ring_ar
1778538450.1292465,13,88,0.842989,111.3,587.363,1149.194,3,4,compressed_ring_ar
1778538451.5066605,13,89,0.746236,99.11,790.88,1290.185,3,4,compressed_ring_ar
1778538452.8175716,13,90,0.713567,106.78,655.81,1197.295,3,4,compressed_ring_ar
1778538454.1260536,13,91,0.988793,105.01,632.172,1218.535,3,4,compressed_ring_ar
1778538455.401409,13,92,0.77642,106.31,604.897,1202.908,3,4,compressed_ring_ar
1778538456.6912317,13,93,0.930756,104.19,620.494,1227.404,3,4,compressed_ring_ar
1778538458.0064676,13,94,0.888412,103.15,476.236,1239.824,3,4,compressed_ring_ar
1778538459.3890786,13,95,0.765748,99.66,551.505,1283.743,3,4,compressed_ring_ar
1778538460.7203588,13,96,0.814719,101.4,697.227,1261.386,3,4,compressed_ring_ar
1778538461.8871841,13,97,0.87419,75.16,444.679,1115.138,3,4,compressed_ring_ar
1778538473.6849725,14,0,0.899594,90.49,366.663,1413.001,3,4,compressed_ring_ar
1778538475.0816672,14,1,0.882985,94.66,196.191,1350.847,3,4,compressed_ring_ar
1778538476.3877974,14,2,0.918526,100.72,406.588,1264.977,3,4,compressed_ring_ar
1778538477.7196276,14,3,0.836573,99.93,515.45,1280.54,3,4,compressed_ring_ar
1778538478.9935493,14,4,0.948397,103.83,308.804,1231.737,3,4,compressed_ring_ar
1778538480.1934614,14,5,0.975215,113.68,630.759,1124.746,3,4,compressed_ring_ar
1778538481.5359957,14,6,0.752317,102.0,611.634,1252.468,3,4,compressed_ring_ar
1778538482.8849616,14,7,0.88287,99.3,482.816,1284.793,3,4,compressed_ring_ar
1778538484.0909824,14,8,0.959328,110.57,182.601,1156.447,3,4,compressed_ring_ar
1778538485.523218,14,9,0.7837,95.37,601.127,1340.983,3,4,compressed_ring_ar
1778538486.7797377,14,10,0.735759,107.46,599.414,1186.03,3,4,compressed_ring_ar
1778538488.13501,14,11,0.85964,100.5,594.511,1272.678,3,4,compressed_ring_ar
1778538489.4412656,14,12,0.780012,101.26,309.545,1262.856,3,4,compressed_ring_ar
1778538490.7556417,14,13,0.806058,102.63,465.342,1246.614,3,4,compressed_ring_ar
1778538492.0482507,14,14,0.981493,105.77,680.757,1207.59,3,4,compressed_ring_ar
1778538493.395432,14,15,0.830801,98.24,384.453,1301.756,3,4,compressed_ring_ar
1778538494.7661967,14,16,0.793878,99.1,425.181,1290.523,3,4,compressed_ring_ar
1778538496.0899858,14,17,0.914494,103.16,672.222,1239.677,3,4,compressed_ring_ar
1778538497.390488,14,18,0.833787,102.83,695.368,1243.554,3,4,compressed_ring_ar
1778538498.8475883,14,19,0.978658,92.17,630.1,1382.187,3,4,compressed_ring_ar
1778538500.0538793,14,20,0.817834,113.04,135.556,1131.085,3,4,compressed_ring_ar
1778538501.32945,14,21,0.937606,105.81,687.522,1208.492,3,4,compressed_ring_ar
1778538502.7034407,14,22,0.898301,99.45,696.919,1285.837,3,4,compressed_ring_ar
1778538504.158718,14,23,0.901628,92.16,407.776,1387.786,3,4,compressed_ring_ar
1778538505.4605384,14,24,0.807618,101.99,303.806,1253.847,3,4,compressed_ring_ar
1778538506.7844505,14,25,0.828353,102.08,646.124,1252.509,3,4,compressed_ring_ar
1778538508.1885242,14,26,0.777272,96.5,699.001,1325.311,3,4,compressed_ring_ar
1778538509.3809912,14,27,0.862058,112.9,301.283,1132.649,3,4,compressed_ring_ar
1778538510.8199959,14,28,0.841271,93.89,790.223,1362.133,3,4,compressed_ring_ar
1778538512.1389086,14,29,0.903539,102.23,528.524,1250.978,3,4,compressed_ring_ar
1778538513.405895,14,30,0.882803,109.66,674.133,1166.107,3,4,compressed_ring_ar
1778538514.6874945,14,31,0.819028,108.43,587.764,1179.744,3,4,compressed_ring_ar
1778538516.0108588,14,32,0.824374,103.59,679.298,1231.103,3,4,compressed_ring_ar
1778538517.3639364,14,33,1.005977,100.13,676.136,1276.431,3,4,compressed_ring_ar
1778538518.7247064,14,34,0.872021,98.06,594.896,1304.072,3,4,compressed_ring_ar
1778538520.1037445,14,35,0.953656,99.29,568.034,1287.172,3,4,compressed_ring_ar
1778538521.3195715,14,36,0.731618,110.73,185.067,1155.479,3,4,compressed_ring_ar
1778538522.8274233,14,37,0.65128,88.37,761.571,1447.202,3,4,compressed_ring_ar
1778538524.1686344,14,38,0.833581,98.87,258.863,1288.18,3,4,compressed_ring_ar
1778538525.5736003,14,39,0.814555,93.98,257.458,1359.8,3,4,compressed_ring_ar
1778538526.9280086,14,40,0.926016,97.95,164.503,1304.604,3,4,compressed_ring_ar
1778538528.102245,14,41,0.932938,115.07,401.902,1111.404,3,4,compressed_ring_ar
1778538529.462197,14,42,0.723214,100.24,673.486,1275.576,3,4,compressed_ring_ar
1778538530.74378,14,43,0.811574,102.93,178.407,1240.968,3,4,compressed_ring_ar
1778538531.9894495,14,44,0.836057,108.1,241.404,1182.858,3,4,compressed_ring_ar
1778538533.3142776,14,45,0.807878,105.77,625.691,1209.074,3,4,compressed_ring_ar
1778538534.7061775,14,46,0.707754,99.23,686.672,1288.719,3,4,compressed_ring_ar
1778538535.9747317,14,47,0.907564,107.94,613.985,1184.731,3,4,compressed_ring_ar
1778538537.4634924,14,48,0.941861,92.6,807.376,1377.11,3,4,compressed_ring_ar
1778538538.8062317,14,49,0.685972,97.94,361.125,1305.446,3,4,compressed_ring_ar
1778538540.0686421,14,50,0.934409,104.91,147.221,1217.117,3,4,compressed_ring_ar
1778538541.2974088,14,51,0.892783,109.64,290.301,1166.807,3,4,compressed_ring_ar
1778538542.6613626,14,52,0.828361,100.29,545.157,1275.011,3,4,compressed_ring_ar
1778538544.0700018,14,53,0.983208,94.56,490.91,1349.199,3,4,compressed_ring_ar
1778538545.2386603,14,54,0.709385,114.14,205.774,1120.595,3,4,compressed_ring_ar
1778538546.473212,14,55,0.76861,111.68,669.506,1141.768,3,4,compressed_ring_ar
1778538547.97574,14,56,0.982582,90.48,783.086,1411.298,3,4,compressed_ring_ar
1778538549.2569609,14,57,1.005299,104.35,322.551,1225.523,3,4,compressed_ring_ar
1778538550.4612405,14,58,1.102896,113.88,594.741,1122.846,3,4,compressed_ring_ar
1778538551.9463584,14,59,0.837124,92.96,854.098,1376.516,3,4,compressed_ring_ar
1778538553.1878953,14,60,0.830521,110.1,615.011,1161.577,3,4,compressed_ring_ar
1778538554.5203872,14,61,0.812764,101.86,654.825,1255.635,3,4,compressed_ring_ar
1778538555.8437688,14,62,0.736779,101.94,636.677,1254.423,3,4,compressed_ring_ar
1778538557.186825,14,63,0.916334,101.01,623.468,1264.717,3,4,compressed_ring_ar
1778538558.5043926,14,64,0.811417,100.52,521.903,1272.273,3,4,compressed_ring_ar
1778538559.8378627,14,65,0.787469,102.74,618.669,1244.597,3,4,compressed_ring_ar
1778538561.0875106,14,66,1.097382,109.59,305.677,1158.934,3,4,compressed_ring_ar
1778538562.3272088,14,67,0.747017,108.04,634.475,1183.492,3,4,compressed_ring_ar
1778538563.5437977,14,68,0.87437,111.04,615.47,1151.535,3,4,compressed_ring_ar
1778538564.7469928,14,69,0.869166,112.53,577.57,1136.191,3,4,compressed_ring_ar
1778538566.0755565,14,70,0.749916,103.24,646.639,1237.648,3,4,compressed_ring_ar
1778538567.4932349,14,71,0.700873,93.64,388.423,1359.993,3,4,compressed_ring_ar
1778538568.6723328,14,72,0.838396,114.17,218.094,1119.967,3,4,compressed_ring_ar
1778538570.028006,14,73,0.776822,102.87,663.859,1243.16,3,4,compressed_ring_ar
1778538571.4045393,14,74,0.936051,96.95,521.671,1318.566,3,4,compressed_ring_ar
1778538572.7460625,14,75,0.91363,99.23,218.431,1287.303,3,4,compressed_ring_ar
1778538574.0119147,14,76,0.841431,104.25,385.361,1226.725,3,4,compressed_ring_ar
1778538575.2184868,14,77,0.998865,114.41,656.028,1117.53,3,4,compressed_ring_ar
1778538576.4862845,14,78,0.794314,109.7,656.123,1165.677,3,4,compressed_ring_ar
1778538577.77098,14,79,0.885019,108.14,513.713,1181.216,3,4,compressed_ring_ar
1778538578.9717162,14,80,0.894785,111.77,290.058,1144.203,3,4,compressed_ring_ar
1778538580.3039348,14,81,0.897301,102.19,690.739,1251.317,3,4,compressed_ring_ar
1778538581.9116836,14,82,0.920709,84.41,889.93,1511.862,3,4,compressed_ring_ar
1778538583.243257,14,83,0.757437,99.68,424.028,1282.808,3,4,compressed_ring_ar
1778538584.6226208,14,84,0.805866,98.83,654.618,1292.862,3,4,compressed_ring_ar
1778538585.7879279,14,85,0.846302,117.62,295.202,1086.708,3,4,compressed_ring_ar
1778538587.135548,14,86,1.064282,100.75,676.097,1267.542,3,4,compressed_ring_ar
1778538588.5710025,14,87,0.926454,92.89,217.55,1373.545,3,4,compressed_ring_ar
1778538589.725818,14,88,0.821531,115.44,196.226,1107.444,3,4,compressed_ring_ar
1778538591.1953259,14,89,0.982512,93.31,781.188,1370.726,3,4,compressed_ring_ar
1778538592.4624527,14,90,0.972535,109.34,624.85,1169.497,3,4,compressed_ring_ar
1778538593.7691846,14,91,0.730966,105.6,641.388,1210.993,3,4,compressed_ring_ar
1778538595.1116362,14,92,0.735962,103.53,596.621,1235.445,3,4,compressed_ring_ar
1778538596.4050093,14,93,0.901571,104.63,601.841,1218.863,3,4,compressed_ring_ar
1778538597.597028,14,94,0.860346,113.25,615.077,1129.029,3,4,compressed_ring_ar
1778538598.8768265,14,95,0.814647,107.77,637.574,1186.488,3,4,compressed_ring_ar
1778538600.1997573,14,96,0.896505,102.77,447.026,1244.433,3,4,compressed_ring_ar
1778538601.4454572,14,97,0.862511,71.42,662.971,1175.149,3,4,compressed_ring_ar
1778538613.3316786,15,0,0.918811,85.19,208.374,1498.112,3,4,compressed_ring_ar
1778538614.545976,15,1,0.912962,110.62,225.342,1154.95,3,4,compressed_ring_ar
1778538615.8938255,15,2,0.770826,98.66,334.135,1296.01,3,4,compressed_ring_ar
1778538617.1741285,15,3,1.02358,103.93,421.412,1230.468,3,4,compressed_ring_ar
1778538618.454383,15,4,0.747828,108.18,511.726,1182.043,3,4,compressed_ring_ar
1778538619.7357938,15,5,0.7822,106.29,659.644,1202.816,3,4,compressed_ring_ar
1778538621.081604,15,6,0.965566,101.73,641.458,1256.843,3,4,compressed_ring_ar
1778538622.3948615,15,7,0.818839,101.37,251.967,1261.448,3,4,compressed_ring_ar
1778538623.9999874,15,8,0.691292,81.99,189.488,1560.643,3,4,compressed_ring_ar
1778538625.5543306,15,9,0.777956,86.37,880.89,1480.563,3,4,compressed_ring_ar
1778538627.0349226,15,10,0.870545,89.71,228.501,1423.869,3,4,compressed_ring_ar
1778538628.3840117,15,11,0.900061,98.7,500.342,1296.078,3,4,compressed_ring_ar
1778538629.8398364,15,12,0.769331,94.54,744.416,1353.508,3,4,compressed_ring_ar
1778538631.1552186,15,13,0.852671,102.81,463.975,1244.021,3,4,compressed_ring_ar
1778538632.4271295,15,14,0.865471,105.8,589.256,1208.674,3,4,compressed_ring_ar
1778538633.8247583,15,15,0.925778,95.93,667.582,1333.259,3,4,compressed_ring_ar
1778538635.327212,15,16,1.082288,90.15,705.111,1419.357,3,4,compressed_ring_ar
1778538636.6553633,15,17,0.77484,102.79,716.194,1243.902,3,4,compressed_ring_ar
1778538637.9736376,15,18,0.988386,102.85,497.769,1243.325,3,4,compressed_ring_ar
1778538639.2586021,15,19,0.869408,106.75,638.8,1196.338,3,4,compressed_ring_ar
1778538640.5522041,15,20,0.926554,102.77,280.414,1244.232,3,4,compressed_ring_ar
1778538641.763993,15,21,0.912521,110.22,388.32,1160.101,3,4,compressed_ring_ar
1778538643.0170038,15,22,0.935039,108.71,629.485,1175.404,3,4,compressed_ring_ar
1778538644.427938,15,23,0.868519,95.76,697.311,1335.507,3,4,compressed_ring_ar
1778538645.9113479,15,24,0.768282,90.29,406.43,1411.435,3,4,compressed_ring_ar
1778538647.0826128,15,25,0.73905,114.18,229.384,1120.107,3,4,compressed_ring_ar
1778538648.3680844,15,26,0.782086,106.1,610.168,1205.949,3,4,compressed_ring_ar
1778538649.648727,15,27,0.659037,107.18,315.125,1193.779,3,4,compressed_ring_ar
1778538651.0007257,15,28,0.840426,100.35,559.548,1274.482,3,4,compressed_ring_ar
1778538652.256131,15,29,0.866298,106.69,619.53,1198.592,3,4,compressed_ring_ar
1778538653.5347724,15,30,0.896754,106.3,671.154,1202.727,3,4,compressed_ring_ar
1778538654.8167782,15,31,0.890922,105.93,309.424,1207.172,3,4,compressed_ring_ar
1778538656.2102153,15,32,0.954506,97.9,504.533,1305.872,3,4,compressed_ring_ar
1778538657.4884505,15,33,0.823973,105.21,296.504,1214.946,3,4,compressed_ring_ar
1778538658.75555,15,34,0.642663,106.0,474.544,1206.413,3,4,compressed_ring_ar
1778538660.1970615,15,35,1.035322,94.74,759.574,1348.625,3,4,compressed_ring_ar
1778538661.511762,15,36,0.8785,101.63,370.299,1256.248,3,4,compressed_ring_ar
1778538662.8563259,15,37,0.692141,98.07,511.398,1303.927,3,4,compressed_ring_ar
1778538664.0131109,15,38,0.859277,115.31,285.848,1108.99,3,4,compressed_ring_ar
1778538665.4316633,15,39,0.904467,95.7,745.159,1336.531,3,4,compressed_ring_ar
1778538667.055579,15,40,0.79728,85.41,708.559,1498.293,3,4,compressed_ring_ar
1778538668.35391,15,41,0.742158,105.63,225.269,1209.352,3,4,compressed_ring_ar
1778538669.856455,15,42,0.903159,89.31,574.893,1431.938,3,4,compressed_ring_ar
1778538671.1214426,15,43,0.947309,104.81,135.318,1220.454,3,4,compressed_ring_ar
1778538672.5891917,15,44,0.868933,92.42,573.2,1383.612,3,4,compressed_ring_ar
1778538674.0276446,15,45,1.057731,91.6,255.45,1394.496,3,4,compressed_ring_ar
1778538675.5127742,15,46,0.839336,90.71,728.507,1409.92,3,4,compressed_ring_ar
1778538676.7290158,15,47,0.865794,110.07,431.146,1161.994,3,4,compressed_ring_ar
1778538678.1851397,15,48,0.808467,92.38,797.411,1383.723,3,4,compressed_ring_ar
1778538679.4547899,15,49,0.858417,105.19,681.15,1215.729,3,4,compressed_ring_ar
1778538680.7723405,15,50,0.828315,102.1,577.718,1252.552,3,4,compressed_ring_ar
1778538682.023265,15,51,0.774043,109.01,443.61,1169.24,3,4,compressed_ring_ar
1778538683.3820577,15,52,0.871493,99.04,743.022,1290.476,3,4,compressed_ring_ar
1778538684.6722376,15,53,1.042484,105.28,435.819,1214.673,3,4,compressed_ring_ar
1778538686.025767,15,54,0.921599,100.76,610.443,1269.084,3,4,compressed_ring_ar
1778538687.5342188,15,55,0.810974,90.8,792.484,1407.327,3,4,compressed_ring_ar
1778538688.8983343,15,56,0.814573,98.41,450.518,1299.517,3,4,compressed_ring_ar
1778538690.225564,15,57,0.865899,103.52,488.248,1235.358,3,4,compressed_ring_ar
1778538691.8453891,15,58,0.974737,83.31,869.787,1534.115,3,4,compressed_ring_ar
1778538693.1947565,15,59,0.991182,98.18,565.736,1302.587,3,4,compressed_ring_ar
1778538694.4113014,15,60,0.817302,114.29,570.642,1118.698,3,4,compressed_ring_ar
1778538695.7575312,15,61,0.762655,100.5,730.168,1272.174,3,4,compressed_ring_ar
1778538697.0201755,15,62,0.68953,107.82,413.536,1185.979,3,4,compressed_ring_ar
1778538698.298367,15,63,0.863453,106.05,276.012,1206.033,3,4,compressed_ring_ar
1778538699.6258485,15,64,0.855224,101.45,641.808,1260.756,3,4,compressed_ring_ar
1778538700.8864663,15,65,0.78133,109.27,518.882,1171.041,3,4,compressed_ring_ar
1778538702.3058026,15,66,0.914188,96.16,777.072,1329.709,3,4,compressed_ring_ar
1778538703.5396457,15,67,0.883756,106.71,412.644,1194.573,3,4,compressed_ring_ar
1778538704.8578558,15,68,0.861603,103.49,652.285,1236.193,3,4,compressed_ring_ar
1778538706.2320895,15,69,0.875299,99.65,684.334,1283.313,3,4,compressed_ring_ar
1778538707.7604415,15,70,0.800208,87.89,700.543,1451.705,3,4,compressed_ring_ar
1778538708.9055421,15,71,0.678666,116.44,192.959,1098.06,3,4,compressed_ring_ar
1778538710.2653296,15,72,0.824121,100.94,672.308,1262.64,3,4,compressed_ring_ar
1778538711.615819,15,73,0.83217,101.43,462.805,1260.733,3,4,compressed_ring_ar
1778538712.901522,15,74,0.787498,107.01,715.056,1191.929,3,4,compressed_ring_ar
1778538714.1402662,15,75,0.994007,110.82,628.39,1153.869,3,4,compressed_ring_ar
1778538715.4598014,15,76,0.889142,103.01,685.303,1241.435,3,4,compressed_ring_ar
1778538716.9438868,15,77,0.853163,90.84,421.157,1406.807,3,4,compressed_ring_ar
1778538718.195419,15,78,0.916984,105.75,262.818,1209.197,3,4,compressed_ring_ar
1778538719.5255322,15,79,0.878483,103.21,731.27,1239.056,3,4,compressed_ring_ar
1778538720.873977,15,80,0.828663,101.19,611.921,1262.478,3,4,compressed_ring_ar
1778538722.2441068,15,81,0.885894,98.73,512.232,1295.252,3,4,compressed_ring_ar
1778538723.5328515,15,82,0.837078,105.64,251.02,1210.801,3,4,compressed_ring_ar
1778538725.0704312,15,83,0.927553,87.35,686.493,1464.478,3,4,compressed_ring_ar
1778538726.3253493,15,84,0.767031,109.44,622.926,1168.724,3,4,compressed_ring_ar
1778538727.6560314,15,85,0.759019,102.67,670.075,1245.624,3,4,compressed_ring_ar
1778538728.9965622,15,86,0.954625,101.38,563.595,1261.789,3,4,compressed_ring_ar
1778538730.2652516,15,87,0.815874,107.54,691.563,1189.217,3,4,compressed_ring_ar
1778538731.5927198,15,88,0.762319,102.27,588.629,1250.442,3,4,compressed_ring_ar
1778538733.0537736,15,89,0.800834,93.83,375.077,1362.645,3,4,compressed_ring_ar
1778538734.364304,15,90,0.786053,101.38,551.34,1261.125,3,4,compressed_ring_ar
1778538735.6897283,15,91,0.645833,102.85,522.608,1243.183,3,4,compressed_ring_ar
1778538736.9396167,15,92,1.00082,109.17,610.554,1169.938,3,4,compressed_ring_ar
1778538738.226922,15,93,0.858039,105.0,241.018,1216.657,3,4,compressed_ring_ar
1778538739.6211026,15,94,0.911342,94.8,436.639,1349.07,3,4,compressed_ring_ar
1778538740.8585923,15,95,0.775459,109.19,138.987,1167.546,3,4,compressed_ring_ar
1778538742.2714,15,96,0.819634,97.21,654.581,1315.612,3,4,compressed_ring_ar
1778538743.6185026,15,97,0.903761,66.38,594.124,1264.153,3,4,compressed_ring_ar
1778538755.9369795,16,0,0.829595,83.64,166.456,1529.43,3,4,compressed_ring_ar
1778538757.2158186,16,1,0.810386,106.25,560.325,1204.275,3,4,compressed_ring_ar
1778538758.566933,16,2,0.847092,105.75,597.398,1209.091,3,4,compressed_ring_ar
1778538759.8764064,16,3,0.809449,103.75,677.26,1231.578,3,4,compressed_ring_ar
1778538761.1513042,16,4,0.929079,104.57,617.319,1222.922,3,4,compressed_ring_ar
1778538762.4446216,16,5,1.035689,102.97,430.044,1242.026,3,4,compressed_ring_ar
1778538763.7517571,16,6,0.88585,102.79,676.562,1244.047,3,4,compressed_ring_ar
1778538765.1680903,16,7,0.95058,94.99,652.836,1346.37,3,4,compressed_ring_ar
1778538766.3861735,16,8,0.927731,113.56,568.396,1126.398,3,4,compressed_ring_ar
1778538767.6449933,16,9,0.848327,110.39,546.824,1158.311,3,4,compressed_ring_ar
1778538768.9133976,16,10,0.867215,104.89,466.644,1219.648,3,4,compressed_ring_ar
1778538770.1706576,16,11,0.785816,109.41,391.711,1168.831,3,4,compressed_ring_ar
1778538771.468698,16,12,0.735267,107.13,683.214,1194.071,3,4,compressed_ring_ar
1778538772.7142723,16,13,0.901463,109.83,689.463,1164.416,3,4,compressed_ring_ar
1778538774.0256271,16,14,0.742668,104.14,610.886,1228.565,3,4,compressed_ring_ar
1778538775.3727505,16,15,0.837497,101.27,652.373,1262.852,3,4,compressed_ring_ar
1778538776.7209759,16,16,0.842151,100.22,720.741,1276.038,3,4,compressed_ring_ar
1778538778.0090754,16,17,0.894647,104.03,542.512,1229.371,3,4,compressed_ring_ar
1778538779.2763698,16,18,0.899811,108.23,640.694,1180.137,3,4,compressed_ring_ar
1778538780.7260838,16,19,0.803012,91.63,157.166,1395.734,3,4,compressed_ring_ar
1778538781.968419,16,20,0.854496,107.41,325.124,1190.684,3,4,compressed_ring_ar
1778538783.1819632,16,21,0.85429,114.25,568.005,1119.174,3,4,compressed_ring_ar
1778538784.4544973,16,22,0.785601,107.3,704.064,1191.846,3,4,compressed_ring_ar
1778538785.783397,16,23,0.901176,103.41,528.977,1235.775,3,4,compressed_ring_ar
1778538787.1450222,16,24,0.940543,99.14,363.026,1288.915,3,4,compressed_ring_ar
1778538788.5227497,16,25,0.877306,96.94,462.665,1314.362,3,4,compressed_ring_ar
1778538789.8132513,16,26,0.84343,106.59,669.343,1199.634,3,4,compressed_ring_ar
1778538791.1562638,16,27,0.97263,101.69,602.491,1257.337,3,4,compressed_ring_ar
1778538792.5193882,16,28,0.936047,98.15,161.122,1302.262,3,4,compressed_ring_ar
1778538793.816019,16,29,0.827502,103.96,410.86,1229.963,3,4,compressed_ring_ar
1778538795.3083048,16,30,0.696626,88.53,445.462,1443.0,3,4,compressed_ring_ar
1778538796.6685426,16,31,0.858584,98.61,208.427,1296.115,3,4,compressed_ring_ar
1778538798.1126077,16,32,0.932423,91.02,638.433,1405.641,3,4,compressed_ring_ar
1778538799.4593852,16,33,0.931989,101.66,514.26,1257.805,3,4,compressed_ring_ar
1778538800.8692167,16,34,0.897446,95.36,648.235,1340.008,3,4,compressed_ring_ar
1778538802.1644404,16,35,0.910233,102.61,283.4,1245.814,3,4,compressed_ring_ar
1778538803.4267426,16,36,0.780129,105.83,272.761,1208.282,3,4,compressed_ring_ar
1778538804.7482245,16,37,0.877532,102.04,632.171,1251.941,3,4,compressed_ring_ar
1778538806.1174374,16,38,0.685228,98.69,607.154,1294.518,3,4,compressed_ring_ar
1778538807.4719157,16,39,0.762964,97.77,414.844,1306.723,3,4,compressed_ring_ar
1778538809.0707572,16,40,0.755419,83.67,154.426,1527.397,3,4,compressed_ring_ar
1778538810.5792809,16,41,0.63935,87.6,506.39,1460.148,3,4,compressed_ring_ar
1778538811.9756634,16,42,1.06189,97.07,441.513,1317.452,3,4,compressed_ring_ar
1778538813.309799,16,43,0.809126,101.99,615.291,1253.895,3,4,compressed_ring_ar
1778538814.674892,16,44,0.910088,100.48,560.788,1272.707,3,4,compressed_ring_ar
1778538816.04285,16,45,0.923936,99.46,664.351,1284.348,3,4,compressed_ring_ar
1778538817.3799276,16,46,0.822099,98.94,236.195,1286.759,3,4,compressed_ring_ar
1778538818.4858298,16,47,0.882801,120.24,227.443,1063.181,3,4,compressed_ring_ar
1778538819.9072883,16,48,0.854436,96.9,342.41,1319.725,3,4,compressed_ring_ar
1778538821.554064,16,49,0.851702,80.33,688.004,1592.426,3,4,compressed_ring_ar
1778538822.8194225,16,50,0.806375,107.86,380.522,1182.221,3,4,compressed_ring_ar
1778538824.0372233,16,51,0.74063,112.11,541.718,1140.758,3,4,compressed_ring_ar
1778538825.4023128,16,52,0.906264,101.5,448.676,1260.185,3,4,compressed_ring_ar
1778538826.7132792,16,53,0.793852,102.63,669.546,1242.409,3,4,compressed_ring_ar
1778538828.2013311,16,54,0.949876,92.96,691.547,1375.69,3,4,compressed_ring_ar
1778538829.5428267,16,55,0.766922,101.57,641.075,1258.539,3,4,compressed_ring_ar
1778538831.0941,16,56,0.850337,86.49,266.292,1478.598,3,4,compressed_ring_ar
1778538832.2691817,16,57,0.805508,113.73,234.636,1121.093,3,4,compressed_ring_ar
1778538833.5708354,16,58,0.797486,104.95,633.229,1218.444,3,4,compressed_ring_ar
1778538834.919355,16,59,0.782244,101.45,639.198,1260.246,3,4,compressed_ring_ar
1778538836.2302802,16,60,0.817859,102.11,155.44,1250.956,3,4,compressed_ring_ar
1778538837.5166929,16,61,0.829778,102.91,293.891,1241.438,3,4,compressed_ring_ar
1778538838.8747451,16,62,0.775485,96.86,480.085,1318.517,3,4,compressed_ring_ar
1778538840.2388747,16,63,0.826461,96.47,642.55,1325.473,3,4,compressed_ring_ar
1778538841.599902,16,64,0.998242,99.66,716.296,1283.095,3,4,compressed_ring_ar
1778538843.0763552,16,65,0.836421,93.92,717.574,1360.773,3,4,compressed_ring_ar
1778538844.3266053,16,66,0.780255,107.0,360.171,1194.997,3,4,compressed_ring_ar
1778538845.6464026,16,67,0.745425,101.74,317.18,1257.002,3,4,compressed_ring_ar
1778538847.1245704,16,68,0.73725,89.71,479.698,1426.013,3,4,compressed_ring_ar
1778538848.5504525,16,69,1.001131,97.43,756.282,1312.464,3,4,compressed_ring_ar
1778538849.8942893,16,70,0.841196,100.81,523.668,1268.586,3,4,compressed_ring_ar
1778538851.1306722,16,71,0.836976,111.01,651.389,1151.947,3,4,compressed_ring_ar
1778538852.5892842,16,72,0.906372,94.69,709.824,1350.842,3,4,compressed_ring_ar
1778538853.8419106,16,73,0.836662,108.56,651.115,1176.588,3,4,compressed_ring_ar
1778538855.3350797,16,74,0.716497,89.35,318.009,1431.192,3,4,compressed_ring_ar
1778538856.7510054,16,75,0.793807,94.31,188.531,1356.018,3,4,compressed_ring_ar
1778538858.1353884,16,76,0.896193,95.94,301.982,1332.148,3,4,compressed_ring_ar
1778538859.6111646,16,77,0.648507,89.94,426.707,1421.735,3,4,compressed_ring_ar
1778538860.9578965,16,78,0.789134,97.95,358.488,1306.402,3,4,compressed_ring_ar
1778538862.2847037,16,79,0.889251,102.54,666.217,1247.35,3,4,compressed_ring_ar
1778538863.6382985,16,80,0.838138,101.69,700.039,1257.545,3,4,compressed_ring_ar
1778538864.9487739,16,81,0.855834,103.31,652.081,1237.783,3,4,compressed_ring_ar
1778538866.2013066,16,82,0.86998,110.98,516.97,1151.494,3,4,compressed_ring_ar
1778538867.6283054,16,83,0.89118,94.49,520.252,1353.371,3,4,compressed_ring_ar
1778538868.9877427,16,84,0.864628,99.01,626.061,1289.932,3,4,compressed_ring_ar
1778538870.2884645,16,85,0.960487,101.52,377.343,1258.415,3,4,compressed_ring_ar
1778538871.6691744,16,86,0.802281,95.57,349.069,1337.887,3,4,compressed_ring_ar
1778538873.0015073,16,87,0.820507,98.97,323.14,1292.158,3,4,compressed_ring_ar
1778538874.2870567,16,88,0.899353,103.78,236.77,1232.094,3,4,compressed_ring_ar
1778538875.6104934,16,89,0.736773,101.33,216.888,1260.911,3,4,compressed_ring_ar
1778538876.8383052,16,90,0.79267,108.2,306.472,1181.834,3,4,compressed_ring_ar
1778538878.0935934,16,91,0.903686,107.12,598.454,1193.674,3,4,compressed_ring_ar
1778538879.3535855,16,92,0.826534,108.21,194.617,1178.759,3,4,compressed_ring_ar
1778538880.7528691,16,93,0.861962,95.47,401.416,1337.871,3,4,compressed_ring_ar
1778538882.1547391,16,94,0.767377,94.16,379.076,1358.16,3,4,compressed_ring_ar
1778538883.642478,16,95,0.795807,91.76,791.515,1390.443,3,4,compressed_ring_ar
1778538884.887416,16,96,0.816534,107.78,538.739,1186.333,3,4,compressed_ring_ar
1778538886.1139896,16,97,0.828175,72.33,335.701,1160.036,3,4,compressed_ring_ar
1778538897.836923,17,0,0.86541,97.01,184.852,1317.257,3,4,compressed_ring_ar
1778538899.0712702,17,1,0.842669,107.98,165.786,1184.18,3,4,compressed_ring_ar
1778538900.367808,17,2,0.807167,105.36,499.694,1211.753,3,4,compressed_ring_ar
1778538901.7840476,17,3,0.894087,94.36,322.916,1355.743,3,4,compressed_ring_ar
1778538903.0600464,17,4,0.697541,108.26,410.829,1181.621,3,4,compressed_ring_ar
1778538904.3601549,17,5,0.754251,108.49,664.482,1178.941,3,4,compressed_ring_ar
1778538905.7665691,17,6,0.871265,97.2,575.864,1315.71,3,4,compressed_ring_ar
1778538907.0429704,17,7,0.80216,108.02,649.309,1183.752,3,4,compressed_ring_ar
1778538908.3649242,17,8,1.100944,104.48,736.134,1224.214,3,4,compressed_ring_ar
1778538909.7079668,17,9,0.685747,104.04,650.507,1229.7,3,4,compressed_ring_ar
1778538911.057281,17,10,0.924358,100.55,658.549,1271.892,3,4,compressed_ring_ar
1778538912.4190278,17,11,0.820001,99.0,596.658,1291.916,3,4,compressed_ring_ar
1778538913.6621983,17,12,0.775317,110.91,627.958,1152.181,3,4,compressed_ring_ar
1778538915.0321562,17,13,0.6453,98.89,537.461,1293.262,3,4,compressed_ring_ar
1778538916.326953,17,14,0.866676,105.86,573.505,1207.918,3,4,compressed_ring_ar
1778538917.8314078,17,15,0.946147,90.93,733.53,1405.18,3,4,compressed_ring_ar
1778538919.255641,17,16,0.855901,92.36,517.865,1381.367,3,4,compressed_ring_ar
1778538920.5966828,17,17,0.88188,99.27,209.152,1288.269,3,4,compressed_ring_ar
1778538921.9021146,17,18,0.877916,101.06,142.119,1265.468,3,4,compressed_ring_ar
1778538923.4042814,17,19,0.799234,92.48,724.888,1382.668,3,4,compressed_ring_ar
1778538924.6715903,17,20,0.670193,104.53,132.294,1223.124,3,4,compressed_ring_ar
1778538926.0337887,17,21,0.961113,101.69,663.692,1256.084,3,4,compressed_ring_ar
1778538927.4820476,17,22,0.804125,92.22,571.825,1385.955,3,4,compressed_ring_ar
1778538928.7877681,17,23,0.862007,101.45,170.708,1260.67,3,4,compressed_ring_ar
1778538930.007922,17,24,0.784721,113.07,475.914,1130.739,3,4,compressed_ring_ar
1778538931.2351596,17,25,0.721435,111.93,565.021,1142.273,3,4,compressed_ring_ar
1778538932.6029072,17,26,0.758791,98.51,320.805,1298.507,3,4,compressed_ring_ar
1778538933.837186,17,27,0.887808,109.83,664.931,1164.415,3,4,compressed_ring_ar
1778538935.0041633,17,28,0.856486,118.75,517.184,1076.889,3,4,compressed_ring_ar
1778538936.263698,17,29,0.815279,108.47,676.805,1178.925,3,4,compressed_ring_ar
1778538937.6782782,17,30,0.82728,95.93,699.042,1332.903,3,4,compressed_ring_ar
1778538939.1123335,17,31,0.725917,92.07,192.787,1388.307,3,4,compressed_ring_ar
1778538940.4126127,17,32,0.805162,102.09,136.132,1253.401,3,4,compressed_ring_ar
1778538941.718168,17,33,0.915167,103.71,718.717,1232.753,3,4,compressed_ring_ar
1778538943.0074298,17,34,0.875205,104.98,671.271,1218.411,3,4,compressed_ring_ar
1778538944.4914608,17,35,0.876843,93.05,422.699,1374.264,3,4,compressed_ring_ar
1778538945.9078374,17,36,0.710956,96.64,604.416,1323.868,3,4,compressed_ring_ar
1778538947.2564845,17,37,0.819117,100.74,684.924,1267.427,3,4,compressed_ring_ar
1778538948.541419,17,38,0.70221,103.26,206.582,1237.081,3,4,compressed_ring_ar
1778538949.9068253,17,39,0.764349,98.5,487.464,1298.723,3,4,compressed_ring_ar
1778538951.120321,17,40,0.795893,112.48,634.52,1136.697,3,4,compressed_ring_ar
1778538952.3154051,17,41,0.785909,114.95,585.59,1112.162,3,4,compressed_ring_ar
1778538953.6331956,17,42,1.001044,103.72,692.059,1233.729,3,4,compressed_ring_ar
1778538954.9439166,17,43,0.837686,103.39,624.177,1235.625,3,4,compressed_ring_ar
1778538956.1124542,17,44,0.647005,116.23,275.935,1100.034,3,4,compressed_ring_ar
1778538957.4380167,17,45,0.818545,103.26,624.712,1237.209,3,4,compressed_ring_ar
1778538958.6772296,17,46,0.909323,107.78,336.043,1186.313,3,4,compressed_ring_ar
1778538960.068049,17,47,0.810554,97.12,650.162,1314.796,3,4,compressed_ring_ar
1778538961.3419042,17,48,0.752062,110.34,621.848,1158.805,3,4,compressed_ring_ar
1778538962.8051474,17,49,0.930833,92.53,595.872,1378.649,3,4,compressed_ring_ar
1778538964.0523868,17,50,0.767393,106.07,192.497,1205.994,3,4,compressed_ring_ar
1778538965.3438885,17,51,0.878862,105.65,713.356,1210.368,3,4,compressed_ring_ar
1778538966.9632778,17,52,0.83956,84.13,814.114,1517.591,3,4,compressed_ring_ar
1778538968.367372,17,53,0.820673,95.15,275.131,1341.076,3,4,compressed_ring_ar
1778538969.5896645,17,54,0.662482,107.87,243.987,1182.311,3,4,compressed_ring_ar
1778538970.9429393,17,55,0.830161,100.61,447.61,1271.49,3,4,compressed_ring_ar
1778538972.314802,17,56,0.772004,98.99,671.723,1290.454,3,4,compressed_ring_ar
1778538973.811053,17,57,0.919316,88.96,216.164,1434.745,3,4,compressed_ring_ar
1778538975.1786084,17,58,0.8063,98.16,219.652,1302.781,3,4,compressed_ring_ar
1778538976.6272497,17,59,0.768234,90.69,294.166,1407.57,3,4,compressed_ring_ar
1778538978.0380056,17,60,0.922058,93.59,196.856,1364.225,3,4,compressed_ring_ar
1778538979.428271,17,61,0.787664,94.7,477.321,1351.348,3,4,compressed_ring_ar
1778538980.7865763,17,62,0.866467,100.75,642.332,1269.44,3,4,compressed_ring_ar
1778538982.3051727,17,63,0.820171,88.3,686.955,1445.477,3,4,compressed_ring_ar
1778538983.6032035,17,64,0.75373,102.01,394.81,1252.787,3,4,compressed_ring_ar
1778538984.9134896,17,65,0.918451,101.87,359.832,1255.566,3,4,compressed_ring_ar
1778538986.361747,17,66,0.904078,93.68,738.62,1364.882,3,4,compressed_ring_ar
1778538987.6664236,17,67,0.820321,102.03,213.059,1253.376,3,4,compressed_ring_ar
1778538988.927814,17,68,0.853628,108.12,615.006,1182.726,3,4,compressed_ring_ar
1778538990.3148124,17,69,0.75986,95.78,367.418,1333.885,3,4,compressed_ring_ar
1778538991.5934381,17,70,0.888603,105.19,221.574,1215.215,3,4,compressed_ring_ar
1778538993.0905392,17,71,0.857657,92.01,665.816,1390.81,3,4,compressed_ring_ar
1778538994.5056472,17,72,0.850011,95.98,761.036,1332.267,3,4,compressed_ring_ar
1778538995.7740705,17,73,0.805517,105.45,266.936,1210.562,3,4,compressed_ring_ar
1778538996.9975467,17,74,0.722224,110.86,645.506,1153.405,3,4,compressed_ring_ar
1778538998.3265443,17,75,0.892063,104.01,557.52,1229.274,3,4,compressed_ring_ar
1778538999.5427756,17,76,0.800308,108.83,140.816,1174.955,3,4,compressed_ring_ar
1778539000.9056468,17,77,0.895029,100.83,723.985,1268.285,3,4,compressed_ring_ar
1778539002.2724094,17,78,0.751933,98.15,658.145,1297.917,3,4,compressed_ring_ar
1778539003.430299,17,79,0.746164,119.6,148.147,1069.061,3,4,compressed_ring_ar
1778539004.730454,17,80,0.822413,104.29,596.627,1226.161,3,4,compressed_ring_ar
1778539006.222672,17,81,0.797321,91.22,525.274,1402.762,3,4,compressed_ring_ar
1778539007.5929666,17,82,0.991675,100.37,673.329,1274.535,3,4,compressed_ring_ar
1778539008.8053768,17,83,0.779899,113.08,615.53,1131.28,3,4,compressed_ring_ar
1778539010.099726,17,84,0.790801,109.8,513.523,1158.35,3,4,compressed_ring_ar
1778539011.4573116,17,85,0.955838,100.45,596.05,1269.768,3,4,compressed_ring_ar
1778539012.7947237,17,86,0.958998,100.49,485.928,1271.336,3,4,compressed_ring_ar
1778539014.0516741,17,87,0.796299,107.4,464.704,1190.706,3,4,compressed_ring_ar
1778539015.4153032,17,88,0.792264,100.82,618.571,1268.371,3,4,compressed_ring_ar
1778539016.6846795,17,89,0.742898,105.18,243.644,1215.759,3,4,compressed_ring_ar
1778539017.9226139,17,90,0.738756,108.86,391.818,1174.65,3,4,compressed_ring_ar
1778539019.217054,17,91,0.853146,104.93,660.309,1214.94,3,4,compressed_ring_ar
1778539020.4642303,17,92,0.992652,108.3,420.156,1181.221,3,4,compressed_ring_ar
1778539021.8674242,17,93,0.657981,97.49,707.523,1310.342,3,4,compressed_ring_ar
1778539023.1955984,17,94,0.731413,99.44,406.042,1286.05,3,4,compressed_ring_ar
1778539024.5677218,17,95,0.835965,98.83,749.436,1294.326,3,4,compressed_ring_ar
1778539026.0540295,17,96,0.837007,90.2,480.79,1417.797,3,4,compressed_ring_ar
1778539027.1613648,17,97,0.738637,79.84,254.862,1050.973,3,4,compressed_ring_ar
1778539038.7118778,18,0,0.948039,102.51,159.458,1247.411,3,4,compressed_ring_ar
1778539039.9475513,18,1,0.873615,111.29,420.266,1149.309,3,4,compressed_ring_ar
1778539041.3040173,18,2,0.82426,100.52,632.275,1271.867,3,4,compressed_ring_ar
1778539042.5721684,18,3,0.670573,107.39,648.374,1190.605,3,4,compressed_ring_ar
1778539043.8658383,18,4,0.843969,105.45,690.821,1212.899,3,4,compressed_ring_ar
1778539045.3232334,18,5,0.920061,94.39,783.034,1354.838,3,4,compressed_ring_ar
1778539046.56439,18,6,0.911452,109.39,661.895,1169.077,3,4,compressed_ring_ar
1778539047.979583,18,7,0.94619,99.18,708.259,1289.899,3,4,compressed_ring_ar
1778539049.352396,18,8,0.895906,98.86,619.979,1293.866,3,4,compressed_ring_ar
1778539050.5909035,18,9,0.856632,111.15,672.471,1150.658,3,4,compressed_ring_ar
1778539051.8646712,18,10,0.736776,107.61,639.921,1188.813,3,4,compressed_ring_ar
1778539053.0810707,18,11,0.702433,111.57,580.115,1144.464,3,4,compressed_ring_ar
1778539054.6096015,18,12,0.864974,87.56,615.552,1458.803,3,4,compressed_ring_ar
1778539056.066131,18,13,0.911165,90.75,396.114,1409.148,3,4,compressed_ring_ar
1778539057.2889993,18,14,0.891517,110.85,307.853,1154.336,3,4,compressed_ring_ar
1778539058.6441596,18,15,0.740468,101.82,686.555,1255.961,3,4,compressed_ring_ar
1778539059.8791664,18,16,0.72035,107.49,305.089,1190.456,3,4,compressed_ring_ar
1778539061.0386295,18,17,0.794809,117.32,573.882,1089.975,3,4,compressed_ring_ar
1778539062.2652845,18,18,0.688786,110.92,563.249,1153.153,3,4,compressed_ring_ar
1778539063.5753083,18,19,0.769889,103.53,632.08,1234.583,3,4,compressed_ring_ar
1778539064.8243062,18,20,0.718915,107.22,295.31,1191.528,3,4,compressed_ring_ar
1778539066.3475258,18,21,0.801562,87.65,621.64,1456.456,3,4,compressed_ring_ar
1778539067.6139054,18,22,0.862282,104.56,175.733,1219.774,3,4,compressed_ring_ar
1778539069.0184731,18,23,0.851151,94.78,783.695,1349.509,3,4,compressed_ring_ar
1778539070.2500262,18,24,0.708846,111.93,347.089,1142.276,3,4,compressed_ring_ar
1778539071.4684258,18,25,0.773179,113.31,585.578,1128.755,3,4,compressed_ring_ar
1778539072.775027,18,26,0.726524,102.8,641.001,1243.902,3,4,compressed_ring_ar
1778539074.0419643,18,27,0.874524,106.83,675.079,1196.648,3,4,compressed_ring_ar
1778539075.2517924,18,28,0.757835,111.15,397.824,1150.527,3,4,compressed_ring_ar
1778539076.6217222,18,29,0.86044,99.08,676.282,1290.453,3,4,compressed_ring_ar
1778539077.8167217,18,30,0.83175,111.14,163.54,1150.444,3,4,compressed_ring_ar
1778539079.1791048,18,31,0.938429,101.8,648.398,1255.082,3,4,compressed_ring_ar
1778539080.5752676,18,32,0.958786,95.03,517.018,1345.011,3,4,compressed_ring_ar
1778539081.8361347,18,33,0.825052,105.75,313.264,1208.31,3,4,compressed_ring_ar
1778539083.152779,18,34,0.839161,103.99,428.197,1227.916,3,4,compressed_ring_ar
1778539084.481295,18,35,0.783122,100.04,140.785,1276.56,3,4,compressed_ring_ar
1778539085.9806802,18,36,1.076043,88.04,601.04,1452.609,3,4,compressed_ring_ar
1778539087.4685462,18,37,0.819092,89.41,425.201,1429.672,3,4,compressed_ring_ar
1778539088.701061,18,38,0.808053,108.16,361.195,1182.125,3,4,compressed_ring_ar
1778539089.9495747,18,39,0.814117,111.12,618.971,1149.364,3,4,compressed_ring_ar
1778539091.43224,18,40,0.81389,91.1,751.045,1400.06,3,4,compressed_ring_ar
1778539092.7249033,18,41,0.874194,103.48,248.035,1235.676,3,4,compressed_ring_ar
1778539093.9420588,18,42,0.710767,111.24,363.576,1149.576,3,4,compressed_ring_ar
1778539095.3874407,18,43,0.913376,95.94,464.296,1332.842,3,4,compressed_ring_ar
1778539096.5735836,18,44,0.969516,111.87,178.633,1142.777,3,4,compressed_ring_ar
1778539097.8778737,18,45,0.787369,105.91,669.025,1207.406,3,4,compressed_ring_ar
1778539099.1648662,18,46,0.769858,106.61,653.051,1199.315,3,4,compressed_ring_ar
1778539100.3919182,18,47,0.71096,111.21,624.886,1149.669,3,4,compressed_ring_ar
1778539101.795816,18,48,0.673201,97.26,461.662,1313.463,3,4,compressed_ring_ar
1778539103.066554,18,49,0.747842,106.08,522.044,1205.754,3,4,compressed_ring_ar
1778539104.2584958,18,50,0.698583,116.11,577.913,1101.187,3,4,compressed_ring_ar
1778539105.8232968,18,51,0.7309,87.0,869.03,1470.185,3,4,compressed_ring_ar
1778539107.1845443,18,52,0.818831,99.77,601.082,1282.265,3,4,compressed_ring_ar
1778539108.5055425,18,53,0.842781,103.26,697.049,1236.932,3,4,compressed_ring_ar
1778539109.9717617,18,54,0.631263,91.51,558.611,1395.637,3,4,compressed_ring_ar
1778539111.2192764,18,55,0.755873,106.69,139.143,1198.821,3,4,compressed_ring_ar
1778539112.6452963,18,56,0.727398,94.34,795.755,1356.014,3,4,compressed_ring_ar
1778539113.959834,18,57,0.767146,105.28,607.449,1214.549,3,4,compressed_ring_ar
1778539115.4050238,18,58,0.88175,93.43,545.312,1368.643,3,4,compressed_ring_ar
1778539116.6655753,18,59,0.82397,104.88,292.774,1218.019,3,4,compressed_ring_ar
1778539117.9882078,18,60,0.947304,101.54,554.601,1259.776,3,4,compressed_ring_ar
1778539119.3941996,18,61,0.891361,97.33,721.366,1313.619,3,4,compressed_ring_ar
1778539120.750745,18,62,0.876212,97.44,198.459,1312.668,3,4,compressed_ring_ar
1778539121.9310894,18,63,0.82396,117.74,531.733,1086.015,3,4,compressed_ring_ar
1778539123.2732394,18,64,0.724957,101.81,680.909,1256.254,3,4,compressed_ring_ar
1778539124.6391792,18,65,0.895376,100.12,710.993,1274.777,3,4,compressed_ring_ar
1778539125.9678652,18,66,0.808756,99.16,704.896,1289.88,3,4,compressed_ring_ar
1778539127.2610033,18,67,0.71835,106.49,580.161,1199.932,3,4,compressed_ring_ar
1778539128.6979773,18,68,0.866934,93.84,362.811,1363.109,3,4,compressed_ring_ar
1778539129.959592,18,69,0.818034,110.87,364.537,1153.543,3,4,compressed_ring_ar
1778539131.2089536,18,70,0.752434,109.13,445.026,1171.631,3,4,compressed_ring_ar
1778539132.514771,18,71,0.680058,102.89,701.621,1242.781,3,4,compressed_ring_ar
1778539133.777453,18,72,0.764127,108.64,591.903,1175.83,3,4,compressed_ring_ar
1778539135.154789,18,73,0.820281,96.29,412.653,1327.969,3,4,compressed_ring_ar
1778539136.6020958,18,74,0.721132,91.35,527.026,1396.174,3,4,compressed_ring_ar
1778539138.0469942,18,75,0.693024,93.46,501.943,1365.343,3,4,compressed_ring_ar
1778539139.35906,18,76,0.878382,102.06,171.123,1252.834,3,4,compressed_ring_ar
1778539140.5658364,18,77,0.636483,112.76,656.537,1133.949,3,4,compressed_ring_ar
1778539141.8405921,18,78,0.851403,110.52,640.608,1156.972,3,4,compressed_ring_ar
1778539143.1934054,18,79,0.72229,101.0,253.25,1265.148,3,4,compressed_ring_ar
1778539144.4454126,18,80,0.923598,107.12,323.295,1193.892,3,4,compressed_ring_ar
1778539145.745838,18,81,0.811461,104.85,669.729,1219.63,3,4,compressed_ring_ar
1778539147.1187165,18,82,0.939264,99.54,676.799,1282.206,3,4,compressed_ring_ar
1778539148.2585015,18,83,0.96474,116.28,343.629,1099.371,3,4,compressed_ring_ar
1778539149.442383,18,84,1.006994,116.78,582.165,1094.949,3,4,compressed_ring_ar
1778539150.7846987,18,85,0.718199,101.22,709.129,1262.34,3,4,compressed_ring_ar
1778539152.054149,18,86,0.775782,104.47,192.661,1224.079,3,4,compressed_ring_ar
1778539153.4434717,18,87,0.856249,99.12,729.655,1290.227,3,4,compressed_ring_ar
1778539154.8041303,18,88,0.783934,98.06,579.572,1301.58,3,4,compressed_ring_ar
1778539156.1068711,18,89,0.886587,101.62,457.713,1258.443,3,4,compressed_ring_ar
1778539157.5026314,18,90,0.890471,98.85,709.913,1293.577,3,4,compressed_ring_ar
1778539158.707829,18,91,0.760688,109.96,297.845,1162.98,3,4,compressed_ring_ar
1778539159.931087,18,92,0.698737,111.07,622.163,1151.21,3,4,compressed_ring_ar
1778539161.315205,18,93,0.762822,97.16,722.664,1314.878,3,4,compressed_ring_ar
1778539162.5084817,18,94,0.918619,110.95,134.397,1152.465,3,4,compressed_ring_ar
1778539163.765207,18,95,0.867218,110.24,638.458,1159.938,3,4,compressed_ring_ar
1778539165.0104861,18,96,0.80423,109.39,565.115,1169.566,3,4,compressed_ring_ar
1778539166.1145127,18,97,0.616284,79.36,403.954,1057.479,3,4,compressed_ring_ar
1778539178.3050597,19,0,0.758687,77.42,227.128,1651.998,3,4,compressed_ring_ar
1778539179.7641633,19,1,0.807655,91.06,250.395,1400.811,3,4,compressed_ring_ar
1778539181.1578915,19,2,0.787576,95.12,229.761,1344.176,3,4,compressed_ring_ar
1778539182.5438128,19,3,0.696824,95.4,367.088,1337.729,3,4,compressed_ring_ar
1778539183.8271341,19,4,0.70077,102.86,191.291,1243.237,3,4,compressed_ring_ar
1778539185.0862072,19,5,0.986859,107.42,443.261,1190.441,3,4,compressed_ring_ar
1778539186.425102,19,6,1.001908,103.52,626.138,1235.176,3,4,compressed_ring_ar
1778539187.8909924,19,7,0.850478,91.47,877.988,1399.051,3,4,compressed_ring_ar
1778539189.238694,19,8,0.91447,101.89,723.141,1255.282,3,4,compressed_ring_ar
1778539190.5188444,19,9,0.825333,106.32,660.743,1202.669,3,4,compressed_ring_ar
1778539191.965764,19,10,0.666836,93.84,337.393,1361.996,3,4,compressed_ring_ar
1778539193.341254,19,11,0.966798,95.75,272.449,1335.393,3,4,compressed_ring_ar
1778539194.7317052,19,12,0.808809,96.89,191.649,1319.033,3,4,compressed_ring_ar
1778539196.1149457,19,13,0.866407,95.48,252.087,1338.306,3,4,compressed_ring_ar
1778539197.444488,19,14,1.042146,99.6,410.808,1281.872,3,4,compressed_ring_ar
1778539198.792518,19,15,0.735267,97.9,435.23,1306.036,3,4,compressed_ring_ar
1778539200.1999753,19,16,0.681492,95.12,216.985,1341.112,3,4,compressed_ring_ar
1778539201.3988779,19,17,0.912663,111.53,194.892,1146.632,3,4,compressed_ring_ar
1778539202.7402766,19,18,0.820561,100.71,672.549,1264.341,3,4,compressed_ring_ar
1778539203.9199834,19,19,0.89872,112.94,143.61,1132.176,3,4,compressed_ring_ar
1778539205.2864769,19,20,0.747414,99.69,751.322,1282.745,3,4,compressed_ring_ar
1778539206.6298945,19,21,1.148813,102.57,737.303,1246.758,3,4,compressed_ring_ar
1778539207.8599305,19,22,0.759811,111.36,637.454,1148.213,3,4,compressed_ring_ar
1778539209.2463486,19,23,0.76451,98.46,445.511,1298.605,3,4,compressed_ring_ar
1778539210.5756147,19,24,0.748504,99.61,203.8,1279.238,3,4,compressed_ring_ar
1778539211.7859857,19,25,0.764784,111.21,603.831,1149.793,3,4,compressed_ring_ar
1778539213.1189325,19,26,0.804424,102.36,649.186,1249.394,3,4,compressed_ring_ar
1778539214.6825547,19,27,0.653431,88.34,702.834,1447.71,3,4,compressed_ring_ar
1778539216.1445208,19,28,0.855248,90.53,342.03,1407.855,3,4,compressed_ring_ar
1778539217.3532763,19,29,0.814957,110.94,248.31,1152.664,3,4,compressed_ring_ar
1778539218.7433016,19,30,0.916488,97.05,672.309,1316.513,3,4,compressed_ring_ar
1778539219.9786255,19,31,0.864526,109.82,669.628,1164.462,3,4,compressed_ring_ar
1778539221.2820363,19,32,0.881938,106.94,654.94,1195.485,3,4,compressed_ring_ar
1778539222.7140472,19,33,0.805353,93.98,382.894,1356.434,3,4,compressed_ring_ar
1778539223.9212847,19,34,0.922755,109.86,203.05,1164.084,3,4,compressed_ring_ar
1778539225.192401,19,35,0.80038,109.4,647.186,1168.716,3,4,compressed_ring_ar
1778539226.432461,19,36,0.784889,108.11,351.404,1182.779,3,4,compressed_ring_ar
1778539227.7115154,19,37,0.725047,106.43,655.332,1201.73,3,4,compressed_ring_ar
1778539228.9794805,19,38,0.916739,107.19,594.705,1192.168,3,4,compressed_ring_ar
1778539230.253436,19,39,0.878877,105.55,443.765,1212.269,3,4,compressed_ring_ar
1778539231.7476318,19,40,0.824812,91.3,655.329,1400.691,3,4,compressed_ring_ar
1778539232.989688,19,41,0.892151,109.43,385.255,1168.541,3,4,compressed_ring_ar
1778539234.1843781,19,42,0.909062,114.15,568.001,1120.237,3,4,compressed_ring_ar
1778539235.459387,19,43,0.795894,106.74,620.664,1198.026,3,4,compressed_ring_ar
1778539236.7826772,19,44,0.933211,104.37,634.258,1224.415,3,4,compressed_ring_ar
1778539238.0992763,19,45,0.843657,100.63,179.027,1270.722,3,4,compressed_ring_ar
1778539239.272386,19,46,0.82722,117.41,484.496,1089.953,3,4,compressed_ring_ar
1778539240.4902198,19,47,0.963669,112.5,589.989,1136.751,3,4,compressed_ring_ar
1778539241.857534,19,48,0.767865,99.37,645.098,1285.698,3,4,compressed_ring_ar
1778539243.203995,19,49,0.924707,99.47,675.183,1285.62,3,4,compressed_ring_ar
1778539244.4850602,19,50,0.839225,104.62,720.562,1222.532,3,4,compressed_ring_ar
1778539245.8277333,19,51,0.808365,100.64,669.154,1270.647,3,4,compressed_ring_ar
1778539247.1312828,19,52,0.87744,104.81,674.86,1220.009,3,4,compressed_ring_ar
1778539248.3278928,19,53,0.912609,115.39,610.526,1108.241,3,4,compressed_ring_ar
1778539249.7151268,19,54,0.778165,99.03,752.735,1289.568,3,4,compressed_ring_ar
1778539251.0599816,19,55,0.908402,98.24,516.241,1300.235,3,4,compressed_ring_ar
1778539252.2638555,19,56,0.688712,111.65,314.156,1145.727,3,4,compressed_ring_ar
1778539253.657471,19,57,0.782726,99.47,513.298,1285.703,3,4,compressed_ring_ar
1778539254.9570138,19,58,0.963365,106.44,470.368,1201.578,3,4,compressed_ring_ar
1778539256.327232,19,59,0.804719,98.99,410.247,1291.614,3,4,compressed_ring_ar
1778539257.696842,19,60,0.716491,96.01,319.996,1331.731,3,4,compressed_ring_ar
1778539258.9420836,19,61,0.810708,106.34,204.986,1202.443,3,4,compressed_ring_ar
1778539260.2394269,19,62,0.799242,103.39,604.902,1237.024,3,4,compressed_ring_ar
1778539261.592052,19,63,0.867452,100.82,676.489,1267.041,3,4,compressed_ring_ar
1778539262.8846881,19,64,0.701039,102.36,338.942,1249.702,3,4,compressed_ring_ar
1778539264.3509283,19,65,0.718658,94.37,746.97,1355.304,3,4,compressed_ring_ar
1778539265.5917723,19,66,0.696069,107.53,353.272,1189.069,3,4,compressed_ring_ar
1778539266.9041507,19,67,0.708166,103.31,580.026,1237.738,3,4,compressed_ring_ar
1778539268.1645913,19,68,0.833127,108.07,670.867,1183.454,3,4,compressed_ring_ar
1778539269.4682937,19,69,0.73597,104.83,647.469,1220.388,3,4,compressed_ring_ar
1778539270.842114,19,70,0.823673,98.54,766.968,1297.66,3,4,compressed_ring_ar
1778539272.0722842,19,71,0.858292,108.7,361.987,1175.792,3,4,compressed_ring_ar
1778539273.3997786,19,72,0.800758,102.7,536.553,1245.986,3,4,compressed_ring_ar
1778539274.7889085,19,73,0.67127,97.23,534.46,1315.487,3,4,compressed_ring_ar
1778539276.168291,19,74,0.812072,97.73,759.429,1308.753,3,4,compressed_ring_ar
1778539277.6246817,19,75,0.758774,95.38,518.854,1339.418,3,4,compressed_ring_ar
1778539278.8913562,19,76,0.791533,104.08,334.317,1228.713,3,4,compressed_ring_ar
1778539280.260698,19,77,0.718695,99.71,801.358,1282.928,3,4,compressed_ring_ar
1778539281.5812564,19,78,0.733288,103.84,595.198,1229.996,3,4,compressed_ring_ar
1778539283.008433,19,79,0.965468,92.5,379.014,1382.729,3,4,compressed_ring_ar
1778539284.3040066,19,80,0.848401,104.52,657.556,1223.417,3,4,compressed_ring_ar
1778539285.7382705,19,81,0.928919,94.0,407.5,1360.544,3,4,compressed_ring_ar
1778539287.1970603,19,82,0.79248,95.49,331.852,1339.388,3,4,compressed_ring_ar
1778539288.6059303,19,83,0.885139,97.65,586.909,1309.72,3,4,compressed_ring_ar
1778539289.9057217,19,84,0.900682,103.94,339.421,1230.387,3,4,compressed_ring_ar
1778539291.266897,19,85,0.781497,99.46,708.947,1286.244,3,4,compressed_ring_ar
1778539292.5914133,19,86,0.89701,101.74,660.131,1256.878,3,4,compressed_ring_ar
1778539293.9291768,19,87,0.857527,101.16,560.255,1262.752,3,4,compressed_ring_ar
1778539295.2247946,19,88,0.837438,101.57,370.779,1259.105,3,4,compressed_ring_ar
1778539296.5203638,19,89,0.83806,103.94,670.876,1230.411,3,4,compressed_ring_ar
1778539297.8822324,19,90,0.730296,100.9,727.705,1267.332,3,4,compressed_ring_ar
1778539299.193336,19,91,1.022621,102.23,563.939,1250.849,3,4,compressed_ring_ar
1778539300.5807135,19,92,0.835073,99.68,676.974,1279.748,3,4,compressed_ring_ar
1778539301.8604174,19,93,0.812948,103.11,223.555,1240.041,3,4,compressed_ring_ar
1778539303.3502665,19,94,0.830672,89.5,272.912,1425.327,3,4,compressed_ring_ar
1778539304.6892304,19,95,0.797385,100.41,204.888,1272.65,3,4,compressed_ring_ar
1778539305.9008327,19,96,0.842586,110.39,262.718,1159.144,3,4,compressed_ring_ar
1778539307.0853662,19,97,0.910351,74.83,504.002,1121.489,3,4,compressed_ring_ar
1778539318.7966993,20,0,0.921977,92.88,161.466,1375.311,3,4,compressed_ring_ar
1778539320.0340216,20,1,0.875458,108.59,303.276,1177.518,3,4,compressed_ring_ar
1778539321.3223867,20,2,0.761086,105.63,637.709,1211.038,3,4,compressed_ring_ar
1778539322.643496,20,3,0.922514,103.05,552.461,1240.075,3,4,compressed_ring_ar
1778539323.8759294,20,4,0.953084,107.25,272.753,1192.312,3,4,compressed_ring_ar
1778539325.344416,20,5,0.87144,91.68,728.828,1393.577,3,4,compressed_ring_ar
1778539326.7426324,20,6,0.768953,94.94,581.937,1343.651,3,4,compressed_ring_ar
1778539328.076947,20,7,0.745357,100.6,647.269,1271.067,3,4,compressed_ring_ar
1778539329.4585779,20,8,0.803938,96.54,533.449,1321.215,3,4,compressed_ring_ar
1778539330.753931,20,9,0.861543,104.91,672.689,1219.612,3,4,compressed_ring_ar
1778539332.0739486,20,10,0.868819,102.13,535.068,1252.169,3,4,compressed_ring_ar
1778539333.3363876,20,11,0.78294,109.45,613.198,1167.301,3,4,compressed_ring_ar
1778539334.7110765,20,12,0.887211,97.95,412.394,1305.59,3,4,compressed_ring_ar
1778539336.106021,20,13,0.758037,96.27,274.513,1328.473,3,4,compressed_ring_ar
1778539337.500161,20,14,0.79312,94.58,357.052,1348.85,3,4,compressed_ring_ar
1778539338.7304027,20,15,0.885229,108.35,136.564,1178.827,3,4,compressed_ring_ar
1778539340.0524812,20,16,0.782519,101.59,467.745,1258.731,3,4,compressed_ring_ar
1778539341.3750587,20,17,0.764233,104.76,685.107,1220.769,3,4,compressed_ring_ar
1778539343.1829667,20,18,0.895193,74.59,985.94,1714.641,3,4,compressed_ring_ar
1778539344.765745,20,19,0.89812,84.62,208.187,1511.363,3,4,compressed_ring_ar
1778539346.2904596,20,20,0.740994,85.88,413.412,1489.091,3,4,compressed_ring_ar
1778539347.48612,20,21,0.80464,111.17,162.694,1150.216,3,4,compressed_ring_ar
1778539348.9361749,20,22,0.814735,93.63,826.193,1365.984,3,4,compressed_ring_ar
1778539350.1475587,20,23,0.85462,111.76,657.31,1144.639,3,4,compressed_ring_ar
1778539351.5221014,20,24,0.924505,100.12,586.477,1277.538,3,4,compressed_ring_ar
1778539352.9748957,20,25,1.027286,95.95,796.03,1332.827,3,4,compressed_ring_ar
1778539354.317244,20,26,0.86315,101.59,701.929,1259.196,3,4,compressed_ring_ar
1778539355.9503195,20,27,0.675243,83.62,806.984,1526.486,3,4,compressed_ring_ar
1778539357.1109645,20,28,0.746264,116.27,155.96,1100.195,3,4,compressed_ring_ar
1778539358.6143813,20,29,0.801907,90.63,834.456,1410.617,3,4,compressed_ring_ar
1778539359.9573724,20,30,0.859736,100.83,626.821,1265.861,3,4,compressed_ring_ar
1778539361.283131,20,31,0.951022,100.9,300.456,1267.405,3,4,compressed_ring_ar
1778539362.6101289,20,32,0.894119,102.99,698.865,1241.975,3,4,compressed_ring_ar
1778539363.9400275,20,33,0.891357,103.32,602.208,1236.416,3,4,compressed_ring_ar
1778539365.3697555,20,34,0.936357,91.87,386.931,1392.189,3,4,compressed_ring_ar
1778539366.7588325,20,35,0.822771,94.69,536.489,1350.55,3,4,compressed_ring_ar
1778539368.0248246,20,36,0.843331,107.55,460.3,1188.966,3,4,compressed_ring_ar
1778539369.349599,20,37,0.664956,101.68,390.93,1256.874,3,4,compressed_ring_ar
1778539370.498428,20,38,0.964947,115.6,176.135,1106.035,3,4,compressed_ring_ar
1778539371.737373,20,39,0.871503,111.47,565.806,1147.085,3,4,compressed_ring_ar
1778539373.202655,20,40,0.853959,93.97,530.048,1360.825,3,4,compressed_ring_ar
1778539374.4667518,20,41,0.761692,107.1,393.647,1193.785,3,4,compressed_ring_ar
1778539375.892985,20,42,0.796649,95.64,759.381,1337.108,3,4,compressed_ring_ar
1778539377.178043,20,43,0.743451,103.24,222.13,1238.603,3,4,compressed_ring_ar
1778539378.445308,20,44,0.782244,106.56,410.4,1200.097,3,4,compressed_ring_ar
1778539379.7488098,20,45,0.660196,104.74,638.672,1220.808,3,4,compressed_ring_ar
1778539381.0025191,20,46,0.883309,106.48,328.166,1201.169,3,4,compressed_ring_ar
1778539382.2723088,20,47,0.887585,105.74,375.1,1207.808,3,4,compressed_ring_ar
1778539383.582618,20,48,0.894043,101.27,333.847,1259.232,3,4,compressed_ring_ar
1778539384.8014343,20,49,0.861906,111.86,592.476,1143.163,3,4,compressed_ring_ar
1778539386.0992408,20,50,0.682216,105.24,671.468,1215.118,3,4,compressed_ring_ar
1778539387.5167496,20,51,0.852828,95.85,743.17,1332.914,3,4,compressed_ring_ar
1778539388.8328762,20,52,0.837368,102.73,160.845,1244.898,3,4,compressed_ring_ar
1778539390.1761994,20,53,0.696686,99.25,597.263,1287.742,3,4,compressed_ring_ar
1778539391.4118884,20,54,0.662967,109.05,452.678,1172.584,3,4,compressed_ring_ar
1778539392.76737,20,55,0.84282,100.57,753.917,1271.616,3,4,compressed_ring_ar
1778539394.0284207,20,56,0.699135,109.08,630.108,1172.187,3,4,compressed_ring_ar
1778539395.3857,20,57,0.939646,100.4,711.399,1273.909,3,4,compressed_ring_ar
1778539396.6740148,20,58,0.868045,108.01,659.771,1183.874,3,4,compressed_ring_ar
1778539398.0411136,20,59,0.783497,100.62,688.9,1269.906,3,4,compressed_ring_ar
1778539399.418952,20,60,1.070957,95.74,517.639,1331.616,3,4,compressed_ring_ar
1778539400.7466323,20,61,0.90821,99.51,211.252,1281.431,3,4,compressed_ring_ar
1778539401.976332,20,62,0.809114,107.62,201.104,1188.17,3,4,compressed_ring_ar
1778539403.2018478,20,63,0.870572,111.81,609.773,1143.956,3,4,compressed_ring_ar
1778539404.621101,20,64,0.86946,96.11,804.947,1326.45,3,4,compressed_ring_ar
1778539405.9217358,20,65,0.752495,102.16,549.457,1251.957,3,4,compressed_ring_ar
1778539407.1963706,20,66,0.810645,111.23,566.649,1149.571,3,4,compressed_ring_ar
1778539408.561918,20,67,0.74897,97.92,673.545,1306.098,3,4,compressed_ring_ar
1778539409.831432,20,68,0.86706,107.88,643.107,1185.243,3,4,compressed_ring_ar
1778539411.0519414,20,69,0.714501,111.59,597.585,1145.804,3,4,compressed_ring_ar
1778539412.384745,20,70,0.722939,103.03,679.811,1238.007,3,4,compressed_ring_ar
1778539413.572465,20,71,0.675617,112.49,586.084,1136.771,3,4,compressed_ring_ar
1778539415.0762327,20,72,0.855194,91.22,721.849,1402.094,3,4,compressed_ring_ar
1778539416.4645216,20,73,0.715806,98.02,727.084,1305.236,3,4,compressed_ring_ar
1778539417.8947048,20,74,0.78662,95.41,736.438,1340.336,3,4,compressed_ring_ar
1778539419.1855462,20,75,0.881795,104.55,705.933,1223.334,3,4,compressed_ring_ar
1778539420.5159943,20,76,0.76885,102.98,703.323,1241.795,3,4,compressed_ring_ar
1778539421.9005635,20,77,0.777368,97.59,553.329,1307.269,3,4,compressed_ring_ar
1778539423.0408282,20,78,1.023611,117.16,156.579,1091.374,3,4,compressed_ring_ar
1778539424.3907208,20,79,0.848141,101.44,622.495,1260.419,3,4,compressed_ring_ar
1778539425.7023237,20,80,0.881204,101.31,302.605,1262.512,3,4,compressed_ring_ar
1778539427.105453,20,81,0.828787,95.28,590.247,1340.825,3,4,compressed_ring_ar
1778539428.4814613,20,82,0.858261,96.6,174.037,1322.095,3,4,compressed_ring_ar
1778539429.8745024,20,83,0.918547,99.91,616.206,1280.174,3,4,compressed_ring_ar
1778539431.167322,20,84,0.988774,106.31,635.273,1202.738,3,4,compressed_ring_ar
1778539432.3049312,20,85,0.769002,118.06,370.128,1083.111,3,4,compressed_ring_ar
1778539433.6699724,20,86,0.887912,103.31,668.938,1237.907,3,4,compressed_ring_ar
1778539435.030598,20,87,0.885783,98.81,447.25,1294.145,3,4,compressed_ring_ar
1778539436.2733889,20,88,0.803865,108.58,400.987,1177.887,3,4,compressed_ring_ar
1778539437.5441282,20,89,0.889033,107.62,666.205,1188.213,3,4,compressed_ring_ar
1778539438.9014459,20,90,0.768808,100.45,573.487,1273.361,3,4,compressed_ring_ar
1778539440.2428734,20,91,0.71575,102.61,627.773,1245.019,3,4,compressed_ring_ar
1778539441.4868524,20,92,0.616301,106.67,282.659,1198.722,3,4,compressed_ring_ar
1778539442.77919,20,93,0.758294,105.18,649.886,1214.14,3,4,compressed_ring_ar
1778539444.1130145,20,94,0.800458,98.96,423.432,1292.526,3,4,compressed_ring_ar
1778539445.3458982,20,95,0.81883,110.56,243.516,1156.388,3,4,compressed_ring_ar
1778539446.6361306,20,96,0.838035,107.65,647.363,1187.542,3,4,compressed_ring_ar
1778539447.9146974,20,97,0.765158,69.38,379.183,1209.733,3,4,compressed_ring_ar
