timestamp,epoch,iteration,loss,throughput_samp_s,comm_latency_ms,iter_time_ms,rank,world_size,arch
1778529731.9526393,1,0,2.44802,100.12,416.057,1278.031,1,2,compressed_ring_ar
1778529732.735705,1,1,2.332064,171.61,109.262,744.981,1,2,compressed_ring_ar
1778529733.4698613,1,2,2.33772,182.96,120.211,698.185,1,2,compressed_ring_ar
1778529734.1805196,1,3,2.300398,189.74,104.887,673.353,1,2,compressed_ring_ar
1778529734.8271103,1,4,2.310336,209.31,106.58,610.274,1,2,compressed_ring_ar
1778529735.5209274,1,5,2.292405,193.43,110.857,659.47,1,2,compressed_ring_ar
1778529736.2304597,1,6,2.346941,188.34,121.681,678.249,1,2,compressed_ring_ar
1778529736.9110935,1,7,2.33108,197.4,105.728,645.44,1,2,compressed_ring_ar
1778529737.633875,1,8,2.287514,186.44,118.2,685.13,1,2,compressed_ring_ar
1778529738.3298795,1,9,2.208891,196.74,122.779,648.974,1,2,compressed_ring_ar
1778529739.0100534,1,10,2.249214,198.09,108.079,644.795,1,2,compressed_ring_ar
1778529739.7310133,1,11,2.151271,186.08,119.867,686.471,1,2,compressed_ring_ar
1778529740.4661314,1,12,2.211778,185.67,113.226,688.036,1,2,compressed_ring_ar
1778529741.1276925,1,13,2.180931,204.89,102.736,620.367,1,2,compressed_ring_ar
1778529741.870261,1,14,2.163153,183.04,135.537,697.865,1,2,compressed_ring_ar
1778529742.5427866,1,15,2.175715,199.97,129.187,638.675,1,2,compressed_ring_ar
1778529743.2143197,1,16,2.159125,200.32,107.339,637.608,1,2,compressed_ring_ar
1778529743.9439511,1,17,2.167766,185.07,136.759,690.385,1,2,compressed_ring_ar
1778529744.6781425,1,18,2.112831,188.91,110.534,676.17,1,2,compressed_ring_ar
1778529745.3291123,1,19,2.094676,207.85,105.36,613.887,1,2,compressed_ring_ar
1778529746.0480144,1,20,2.265296,186.62,118.632,681.664,1,2,compressed_ring_ar
1778529746.7521825,1,21,2.05601,190.78,117.711,669.542,1,2,compressed_ring_ar
1778529747.473728,1,22,2.065107,185.45,138.77,685.494,1,2,compressed_ring_ar
1778529748.0570655,1,23,2.078817,232.11,104.901,550.221,1,2,compressed_ring_ar
1778529748.7171023,1,24,2.081401,204.69,103.712,624.018,1,2,compressed_ring_ar
1778529749.408615,1,25,1.969959,194.51,138.256,656.629,1,2,compressed_ring_ar
1778529750.1064649,1,26,2.080848,192.06,123.673,665.032,1,2,compressed_ring_ar
1778529750.8564596,1,27,2.167802,180.37,126.828,708.383,1,2,compressed_ring_ar
1778529751.5461297,1,28,1.939273,195.36,133.657,653.85,1,2,compressed_ring_ar
1778529752.354499,1,29,1.984346,164.63,146.207,776.141,1,2,compressed_ring_ar
1778529753.0744922,1,30,2.038998,185.94,112.074,683.881,1,2,compressed_ring_ar
1778529753.7795238,1,31,2.017057,192.38,108.593,663.939,1,2,compressed_ring_ar
1778529754.4652605,1,32,2.013078,196.94,117.994,646.895,1,2,compressed_ring_ar
1778529755.1657474,1,33,2.049963,191.38,116.5,664.254,1,2,compressed_ring_ar
1778529755.8787377,1,34,1.9502,187.76,116.996,680.379,1,2,compressed_ring_ar
1778529756.5256715,1,35,2.012368,209.45,109.426,609.741,1,2,compressed_ring_ar
1778529757.1450837,1,36,2.113917,218.45,130.9,584.61,1,2,compressed_ring_ar
1778529757.8390765,1,37,2.100116,194.08,129.002,658.09,1,2,compressed_ring_ar
1778529758.5114477,1,38,1.944314,200.14,111.704,638.167,1,2,compressed_ring_ar
1778529759.2264545,1,39,1.985536,187.11,119.938,679.919,1,2,compressed_ring_ar
1778529759.960106,1,40,1.844701,182.52,116.253,699.58,1,2,compressed_ring_ar
1778529760.6282113,1,41,1.937914,202.47,100.16,630.04,1,2,compressed_ring_ar
1778529761.367252,1,42,1.998609,181.23,129.753,702.989,1,2,compressed_ring_ar
1778529762.0976353,1,43,1.929756,184.05,122.567,694.215,1,2,compressed_ring_ar
1778529762.7555895,1,44,1.822233,204.54,105.22,622.769,1,2,compressed_ring_ar
1778529763.4890194,1,45,1.917497,182.28,122.375,697.773,1,2,compressed_ring_ar
1778529764.174419,1,46,1.961487,196.01,114.266,651.592,1,2,compressed_ring_ar
1778529764.850806,1,47,1.947135,199.16,118.732,641.285,1,2,compressed_ring_ar
1778529765.5263627,1,48,1.918486,200.53,120.993,636.878,1,2,compressed_ring_ar
1778529766.2416234,1,49,1.785031,186.69,104.837,684.209,1,2,compressed_ring_ar
1778529766.939812,1,50,1.944086,191.93,112.64,665.726,1,2,compressed_ring_ar
1778529767.565507,1,51,1.798714,218.88,104.536,583.344,1,2,compressed_ring_ar
1778529768.3762221,1,52,2.002879,164.92,152.068,775.179,1,2,compressed_ring_ar
1778529769.1827343,1,53,1.948758,171.77,128.609,742.887,1,2,compressed_ring_ar
1778529769.9062586,1,54,1.843798,185.63,116.237,688.107,1,2,compressed_ring_ar
1778529770.6274283,1,55,1.720415,185.27,104.938,687.87,1,2,compressed_ring_ar
1778529771.3225129,1,56,1.786911,193.21,116.218,661.075,1,2,compressed_ring_ar
1778529772.0254936,1,57,1.710427,191.05,152.408,668.67,1,2,compressed_ring_ar
1778529772.7488568,1,58,1.940187,186.11,114.739,686.362,1,2,compressed_ring_ar
1778529773.448546,1,59,1.882832,192.57,118.479,663.274,1,2,compressed_ring_ar
1778529774.128293,1,60,1.832865,200.04,116.934,637.646,1,2,compressed_ring_ar
1778529774.8355412,1,61,1.986332,190.97,111.215,668.946,1,2,compressed_ring_ar
1778529775.5282204,1,62,1.750716,193.87,112.576,658.068,1,2,compressed_ring_ar
1778529776.262547,1,63,1.849151,182.41,117.003,700.344,1,2,compressed_ring_ar
1778529776.9148672,1,64,1.780092,207.54,109.071,613.534,1,2,compressed_ring_ar
1778529777.6306071,1,65,1.758742,186.91,118.409,683.409,1,2,compressed_ring_ar
1778529778.3250568,1,66,1.837057,193.26,115.452,660.873,1,2,compressed_ring_ar
1778529778.9812562,1,67,1.826075,207.39,114.263,613.898,1,2,compressed_ring_ar
1778529779.6875463,1,68,1.657455,190.68,122.462,669.861,1,2,compressed_ring_ar
1778529780.3810196,1,69,1.894406,193.45,127.89,660.343,1,2,compressed_ring_ar
1778529781.0739307,1,70,1.815597,195.0,107.172,654.993,1,2,compressed_ring_ar
1778529781.783713,1,71,1.828409,189.07,108.529,675.544,1,2,compressed_ring_ar
1778529782.4415953,1,72,1.889304,205.39,115.014,621.783,1,2,compressed_ring_ar
1778529783.1652515,1,73,1.73069,187.45,155.601,681.49,1,2,compressed_ring_ar
1778529783.8330758,1,74,1.770548,202.97,107.943,627.569,1,2,compressed_ring_ar
1778529784.5820959,1,75,1.822025,178.39,126.646,716.037,1,2,compressed_ring_ar
1778529785.280223,1,76,1.756127,192.45,107.685,663.68,1,2,compressed_ring_ar
1778529785.967666,1,77,1.736021,196.01,110.705,650.809,1,2,compressed_ring_ar
1778529786.7357373,1,78,1.718,173.94,126.226,734.571,1,2,compressed_ring_ar
1778529787.4269962,1,79,1.755729,193.94,114.451,656.906,1,2,compressed_ring_ar
1778529788.105903,1,80,1.75687,198.09,104.702,643.717,1,2,compressed_ring_ar
1778529788.7852142,1,81,1.883612,197.88,109.319,643.778,1,2,compressed_ring_ar
1778529789.5233097,1,82,1.757094,182.33,106.626,700.583,1,2,compressed_ring_ar
1778529790.2344675,1,83,1.625056,189.52,115.197,673.956,1,2,compressed_ring_ar
1778529790.9633095,1,84,1.647451,184.17,105.603,691.966,1,2,compressed_ring_ar
1778529791.6527195,1,85,1.806831,194.31,113.071,657.334,1,2,compressed_ring_ar
1778529792.3543196,1,86,1.584923,191.2,125.336,668.069,1,2,compressed_ring_ar
1778529793.0303078,1,87,1.836617,201.28,114.976,634.543,1,2,compressed_ring_ar
1778529793.800107,1,88,1.693247,173.24,138.356,734.529,1,2,compressed_ring_ar
1778529794.3724582,1,89,1.699717,239.12,100.587,533.929,1,2,compressed_ring_ar
1778529795.0728517,1,90,1.628581,191.84,113.317,665.863,1,2,compressed_ring_ar
1778529795.7360325,1,91,1.694433,207.33,111.923,612.964,1,2,compressed_ring_ar
1778529796.414032,1,92,1.73972,197.85,108.355,645.538,1,2,compressed_ring_ar
1778529797.154918,1,93,1.588774,180.7,113.27,706.91,1,2,compressed_ring_ar
1778529797.8540335,1,94,1.795771,193.4,113.473,660.479,1,2,compressed_ring_ar
1778529798.5259058,1,95,1.706753,203.53,107.09,627.473,1,2,compressed_ring_ar
1778529799.2191887,1,96,1.563966,197.34,105.359,647.213,1,2,compressed_ring_ar
1778529799.907794,1,97,1.589892,196.14,114.84,651.255,1,2,compressed_ring_ar
1778529800.6096072,1,98,1.734717,192.14,110.018,664.775,1,2,compressed_ring_ar
1778529801.292267,1,99,1.802978,197.7,124.203,645.995,1,2,compressed_ring_ar
1778529802.0058985,1,100,1.608013,187.81,134.693,676.805,1,2,compressed_ring_ar
1778529802.569123,1,101,1.682494,242.02,106.177,527.522,1,2,compressed_ring_ar
1778529803.2936368,1,102,1.81043,185.67,127.036,687.97,1,2,compressed_ring_ar
1778529804.0074396,1,103,1.720074,190.06,131.427,672.057,1,2,compressed_ring_ar
1778529804.7383518,1,104,1.726534,184.52,121.701,692.296,1,2,compressed_ring_ar
1778529805.4725878,1,105,1.827631,182.39,109.954,700.402,1,2,compressed_ring_ar
1778529806.1624358,1,106,1.658647,194.6,108.296,656.373,1,2,compressed_ring_ar
1778529806.853976,1,107,1.786071,194.86,111.639,652.33,1,2,compressed_ring_ar
1778529807.5921116,1,108,1.614276,181.37,112.785,704.324,1,2,compressed_ring_ar
1778529808.258078,1,109,1.759648,203.06,115.216,628.905,1,2,compressed_ring_ar
1778529808.9582846,1,110,1.751907,194.14,121.367,657.987,1,2,compressed_ring_ar
1778529809.658583,1,111,1.685004,194.84,112.099,655.588,1,2,compressed_ring_ar
1778529810.355435,1,112,1.71358,193.19,120.702,661.147,1,2,compressed_ring_ar
1778529811.054739,1,113,1.488732,192.18,122.431,662.1,1,2,compressed_ring_ar
1778529811.6569958,1,114,1.699021,225.16,101.047,567.085,1,2,compressed_ring_ar
1778529812.3436818,1,115,1.842435,198.05,110.29,644.968,1,2,compressed_ring_ar
1778529813.0344756,1,116,1.757655,194.9,115.775,655.329,1,2,compressed_ring_ar
1778529813.7646034,1,117,1.694381,184.58,108.394,692.144,1,2,compressed_ring_ar
1778529814.4683712,1,118,1.591747,190.77,109.754,669.568,1,2,compressed_ring_ar
1778529815.2252567,1,119,1.61518,177.11,131.549,720.625,1,2,compressed_ring_ar
1778529815.8979638,1,120,1.708975,201.26,111.86,634.639,1,2,compressed_ring_ar
1778529816.5924456,1,121,1.69374,193.45,118.691,660.247,1,2,compressed_ring_ar
1778529817.2963982,1,122,1.729397,190.73,119.945,669.757,1,2,compressed_ring_ar
1778529818.0077314,1,123,1.679393,188.6,125.869,676.414,1,2,compressed_ring_ar
1778529818.7125826,1,124,1.780776,189.86,108.684,672.776,1,2,compressed_ring_ar
1778529819.4084365,1,125,1.630105,194.57,119.05,656.463,1,2,compressed_ring_ar
1778529820.0936704,1,126,1.802537,197.81,104.453,645.732,1,2,compressed_ring_ar
1778529820.791859,1,127,1.78159,191.93,116.81,665.585,1,2,compressed_ring_ar
1778529821.4788465,1,128,1.711398,196.5,106.193,649.986,1,2,compressed_ring_ar
1778529822.1694534,1,129,1.504466,194.64,104.98,656.202,1,2,compressed_ring_ar
1778529822.8548439,1,130,1.707496,197.18,116.598,647.747,1,2,compressed_ring_ar
1778529823.5841339,1,131,1.810368,184.3,133.274,692.943,1,2,compressed_ring_ar
1778529824.2802718,1,132,1.725856,192.28,119.255,664.362,1,2,compressed_ring_ar
1778529824.9829226,1,133,1.538954,191.02,115.315,668.788,1,2,compressed_ring_ar
1778529825.7311683,1,134,1.60273,178.58,132.987,712.092,1,2,compressed_ring_ar
1778529826.2994287,1,135,1.655209,242.22,96.045,527.16,1,2,compressed_ring_ar
1778529826.9680917,1,136,1.620878,202.2,134.201,631.604,1,2,compressed_ring_ar
1778529827.6528785,1,137,1.603311,196.23,122.112,650.899,1,2,compressed_ring_ar
1778529828.3437738,1,138,1.633354,194.65,117.153,656.361,1,2,compressed_ring_ar
1778529829.0202343,1,139,1.633644,198.71,122.199,641.205,1,2,compressed_ring_ar
1778529829.7217193,1,140,1.699313,191.72,128.909,666.296,1,2,compressed_ring_ar
1778529830.4037843,1,141,1.522587,196.84,108.012,645.731,1,2,compressed_ring_ar
1778529831.1225045,1,142,1.693936,186.85,116.233,683.807,1,2,compressed_ring_ar
1778529831.7323365,1,143,1.792222,221.62,106.427,576.105,1,2,compressed_ring_ar
1778529832.3840883,1,144,1.707078,210.71,108.54,606.17,1,2,compressed_ring_ar
1778529833.0452955,1,145,1.613444,203.95,105.024,626.205,1,2,compressed_ring_ar
1778529833.7862318,1,146,1.723171,180.63,97.322,707.181,1,2,compressed_ring_ar
1778529834.5033495,1,147,1.634416,188.78,106.157,676.716,1,2,compressed_ring_ar
1778529835.2101092,1,148,1.604532,189.53,137.716,671.05,1,2,compressed_ring_ar
1778529835.9049032,1,149,1.582879,193.39,107.251,660.447,1,2,compressed_ring_ar
1778529836.6294675,1,150,1.645179,184.94,151.5,690.728,1,2,compressed_ring_ar
1778529837.3102255,1,151,1.514902,198.49,136.29,643.448,1,2,compressed_ring_ar
1778529838.0071907,1,152,1.671514,194.21,110.733,657.641,1,2,compressed_ring_ar
1778529838.7108018,1,153,1.593682,190.5,118.135,670.623,1,2,compressed_ring_ar
1778529839.3350718,1,154,1.717387,217.41,110.745,586.659,1,2,compressed_ring_ar
1778529840.0266864,1,155,1.724831,194.67,131.386,656.101,1,2,compressed_ring_ar
1778529840.719288,1,156,1.672664,195.1,120.872,651.852,1,2,compressed_ring_ar
1778529841.4388862,1,157,1.760506,186.33,116.412,685.592,1,2,compressed_ring_ar
1778529842.2037942,1,158,1.679395,176.4,113.53,723.384,1,2,compressed_ring_ar
1778529842.8933084,1,159,1.588161,194.46,113.949,656.776,1,2,compressed_ring_ar
1778529843.5992587,1,160,1.899554,190.15,125.812,671.93,1,2,compressed_ring_ar
1778529844.3123407,1,161,1.736686,187.9,113.716,679.819,1,2,compressed_ring_ar
1778529845.0108035,1,162,1.550189,192.41,119.07,663.806,1,2,compressed_ring_ar
1778529845.7136002,1,163,1.626042,190.83,117.173,669.37,1,2,compressed_ring_ar
1778529846.4117155,1,164,1.552422,192.11,113.991,664.925,1,2,compressed_ring_ar
1778529847.1375933,1,165,1.644854,184.79,129.092,691.275,1,2,compressed_ring_ar
1778529847.8712409,1,166,1.671455,183.31,117.058,696.944,1,2,compressed_ring_ar
1778529848.5281112,1,167,1.559085,206.87,109.378,617.309,1,2,compressed_ring_ar
1778529849.2450414,1,168,1.574811,187.41,126.058,681.46,1,2,compressed_ring_ar
1778529849.971888,1,169,1.649322,184.07,115.923,694.133,1,2,compressed_ring_ar
1778529850.6022942,1,170,1.588988,217.56,105.891,586.928,1,2,compressed_ring_ar
1778529851.3022554,1,171,1.864407,191.7,106.415,666.334,1,2,compressed_ring_ar
1778529852.0204866,1,172,1.770313,187.19,115.163,681.543,1,2,compressed_ring_ar
1778529852.731284,1,173,1.722902,189.0,119.768,675.951,1,2,compressed_ring_ar
1778529853.4368346,1,174,1.549651,190.45,113.633,670.044,1,2,compressed_ring_ar
1778529854.1442878,1,175,1.565916,191.25,111.787,667.9,1,2,compressed_ring_ar
1778529854.821487,1,176,1.573462,198.71,108.103,642.861,1,2,compressed_ring_ar
1778529855.5188065,1,177,1.472945,193.3,114.208,660.761,1,2,compressed_ring_ar
1778529856.2158682,1,178,1.689657,191.87,119.291,664.45,1,2,compressed_ring_ar
1778529856.8925657,1,179,1.64472,198.97,126.082,640.218,1,2,compressed_ring_ar
1778529857.5887249,1,180,1.786741,193.11,112.019,661.609,1,2,compressed_ring_ar
1778529858.3178947,1,181,1.599021,184.93,146.851,689.917,1,2,compressed_ring_ar
1778529859.0116618,1,182,1.520197,193.33,110.825,660.7,1,2,compressed_ring_ar
1778529859.6853833,1,183,1.49426,200.38,108.506,637.512,1,2,compressed_ring_ar
1778529860.3764255,1,184,1.63208,194.54,110.612,656.584,1,2,compressed_ring_ar
1778529861.084366,1,185,1.530788,190.18,116.263,671.737,1,2,compressed_ring_ar
1778529861.7603545,1,186,1.643864,199.04,107.537,641.689,1,2,compressed_ring_ar
1778529862.480464,1,187,1.635613,186.1,131.362,683.071,1,2,compressed_ring_ar
1778529863.0299911,1,188,1.842668,246.96,103.318,516.965,1,2,compressed_ring_ar
1778529863.7487557,1,189,1.750086,187.71,119.414,680.494,1,2,compressed_ring_ar
1778529864.6831746,1,190,1.599322,142.06,152.662,899.772,1,2,compressed_ring_ar
1778529865.475395,1,191,1.731513,173.55,140.81,732.912,1,2,compressed_ring_ar
1778529866.0341713,1,192,1.659895,243.0,107.885,525.24,1,2,compressed_ring_ar
1778529866.765947,1,193,1.748836,184.45,107.419,692.711,1,2,compressed_ring_ar
1778529867.4035766,1,194,1.601616,212.44,108.871,601.142,1,2,compressed_ring_ar
1778529867.997219,1,195,1.490339,68.74,107.316,577.57,1,2,compressed_ring_ar
1778529874.5759099,2,0,1.5324,172.09,129.064,742.545,1,2,compressed_ring_ar
1778529875.3188488,2,1,1.750451,180.57,130.404,706.588,1,2,compressed_ring_ar
1778529876.0093176,2,2,1.611397,194.64,110.217,656.261,1,2,compressed_ring_ar
1778529876.725056,2,3,1.606884,187.28,109.123,679.05,1,2,compressed_ring_ar
1778529877.4571471,2,4,1.707122,182.8,113.084,698.926,1,2,compressed_ring_ar
1778529878.1589544,2,5,1.530915,192.01,114.311,665.123,1,2,compressed_ring_ar
1778529878.9395242,2,6,1.674931,172.04,139.338,742.638,1,2,compressed_ring_ar
1778529879.67648,2,7,1.648671,184.57,118.963,692.192,1,2,compressed_ring_ar
1778529880.3861535,2,8,1.77311,190.38,127.877,670.942,1,2,compressed_ring_ar
1778529881.1156785,2,9,1.836763,184.04,140.859,694.106,1,2,compressed_ring_ar
1778529881.828813,2,10,1.732166,191.6,116.593,666.648,1,2,compressed_ring_ar
1778529882.5062177,2,11,1.702602,199.19,111.954,641.02,1,2,compressed_ring_ar
1778529883.1777897,2,12,1.549072,200.25,106.037,637.943,1,2,compressed_ring_ar
1778529883.896673,2,13,1.887667,188.11,113.253,679.238,1,2,compressed_ring_ar
1778529884.5684617,2,14,1.702426,200.15,123.654,638.109,1,2,compressed_ring_ar
1778529885.3061445,2,15,1.816979,182.26,120.012,701.008,1,2,compressed_ring_ar
1778529886.0569239,2,16,1.87768,182.34,133.491,697.536,1,2,compressed_ring_ar
1778529886.774746,2,17,1.871485,186.27,120.057,685.741,1,2,compressed_ring_ar
1778529887.4759355,2,18,1.738291,191.79,112.3,662.865,1,2,compressed_ring_ar
1778529888.1828392,2,19,1.694448,189.33,115.32,674.934,1,2,compressed_ring_ar
1778529888.9003842,2,20,1.715466,186.99,116.065,681.515,1,2,compressed_ring_ar
1778529889.598418,2,21,1.624324,194.27,135.069,655.535,1,2,compressed_ring_ar
1778529890.2241545,2,22,1.73637,218.18,117.706,585.265,1,2,compressed_ring_ar
1778529890.926664,2,23,1.711948,195.91,112.265,651.982,1,2,compressed_ring_ar
1778529891.6250157,2,24,1.632973,192.09,159.563,665.011,1,2,compressed_ring_ar
1778529892.328518,2,25,1.746106,190.53,120.405,669.379,1,2,compressed_ring_ar
1778529893.0318773,2,26,1.658656,192.34,184.186,664.125,1,2,compressed_ring_ar
1778529893.7040622,2,27,1.537581,204.46,122.697,624.68,1,2,compressed_ring_ar
1778529894.4427865,2,28,1.702041,182.97,119.218,698.249,1,2,compressed_ring_ar
1778529895.1827552,2,29,1.66812,183.62,159.739,695.659,1,2,compressed_ring_ar
1778529895.9278595,2,30,1.767468,180.22,112.784,708.103,1,2,compressed_ring_ar
1778529896.7246168,2,31,1.773658,172.08,143.954,739.235,1,2,compressed_ring_ar
1778529897.32706,2,32,1.793274,224.27,127.924,566.254,1,2,compressed_ring_ar
1778529897.8896859,2,33,1.6123,241.42,127.222,525.168,1,2,compressed_ring_ar
1778529898.472747,2,34,1.62135,232.73,136.088,545.45,1,2,compressed_ring_ar
1778529899.0559616,2,35,1.558906,232.01,132.827,546.946,1,2,compressed_ring_ar
1778529899.614189,2,36,1.704504,244.26,125.907,519.487,1,2,compressed_ring_ar
1778529900.1951025,2,37,1.632438,237.05,123.256,535.464,1,2,compressed_ring_ar
1778529900.7893214,2,38,1.702772,229.44,125.657,553.22,1,2,compressed_ring_ar
1778529901.4589946,2,39,1.507674,201.59,154.071,630.321,1,2,compressed_ring_ar
1778529902.0915267,2,40,1.61444,213.0,144.445,596.24,1,2,compressed_ring_ar
1778529902.682299,2,41,1.763628,231.83,129.997,547.44,1,2,compressed_ring_ar
1778529903.278323,2,42,1.681741,226.43,125.124,560.832,1,2,compressed_ring_ar
1778529903.886016,2,43,1.711946,227.72,125.407,558.105,1,2,compressed_ring_ar
1778529904.4635499,2,44,1.720603,235.09,121.828,539.852,1,2,compressed_ring_ar
1778529905.0536985,2,45,1.733466,229.29,117.281,553.499,1,2,compressed_ring_ar
1778529905.6525927,2,46,1.601962,230.16,130.339,551.545,1,2,compressed_ring_ar
1778529906.243105,2,47,1.637988,229.2,124.733,553.694,1,2,compressed_ring_ar
1778529906.841453,2,48,1.623492,226.36,126.852,560.944,1,2,compressed_ring_ar
1778529907.4272091,2,49,1.766575,231.48,126.608,548.211,1,2,compressed_ring_ar
1778529908.0242999,2,50,1.637708,227.07,130.123,559.158,1,2,compressed_ring_ar
1778529908.5969694,2,51,1.669337,236.99,130.138,536.201,1,2,compressed_ring_ar
1778529909.1879663,2,52,1.545732,228.73,131.508,555.216,1,2,compressed_ring_ar
1778529909.742051,2,53,1.606492,245.46,119.618,516.82,1,2,compressed_ring_ar
1778529910.2994568,2,54,1.566576,244.35,118.184,519.253,1,2,compressed_ring_ar
1778529910.878744,2,55,1.566304,234.46,129.73,541.27,1,2,compressed_ring_ar
1778529911.4856021,2,56,1.723511,222.38,137.524,571.766,1,2,compressed_ring_ar
1778529912.0703044,2,57,1.562382,233.17,122.645,544.281,1,2,compressed_ring_ar
1778529912.6573753,2,58,1.728518,230.39,126.604,551.159,1,2,compressed_ring_ar
1778529913.2796118,2,59,1.645387,216.7,144.367,585.836,1,2,compressed_ring_ar
1778529913.8954332,2,60,1.563949,220.98,122.4,574.605,1,2,compressed_ring_ar
1778529914.481908,2,61,1.747892,231.04,122.869,549.346,1,2,compressed_ring_ar
1778529915.062494,2,62,1.682521,237.96,136.195,533.204,1,2,compressed_ring_ar
1778529915.634016,2,63,1.582764,237.0,129.787,535.175,1,2,compressed_ring_ar
1778529916.1943336,2,64,1.529742,245.03,123.852,517.408,1,2,compressed_ring_ar
1778529916.7575035,2,65,1.804027,240.66,126.755,527.254,1,2,compressed_ring_ar
1778529917.3045475,2,66,1.689557,250.78,119.882,506.036,1,2,compressed_ring_ar
1778529917.9002175,2,67,1.646628,227.18,127.059,558.835,1,2,compressed_ring_ar
1778529918.473577,2,68,1.617032,236.84,117.519,535.766,1,2,compressed_ring_ar
1778529919.0359259,2,69,1.541624,242.56,122.937,523.145,1,2,compressed_ring_ar
1778529919.5817928,2,70,1.614156,249.03,120.244,510.129,1,2,compressed_ring_ar
1778529920.1430364,2,71,1.57123,247.16,121.947,513.204,1,2,compressed_ring_ar
1778529920.7134573,2,72,1.727257,244.43,120.983,519.858,1,2,compressed_ring_ar
1778529921.267731,2,73,1.59985,245.2,126.637,517.51,1,2,compressed_ring_ar
1778529921.902557,2,74,1.626508,212.92,142.862,596.757,1,2,compressed_ring_ar
1778529922.5448234,2,75,1.710371,211.97,155.407,600.137,1,2,compressed_ring_ar
1778529923.1279097,2,76,1.715874,236.46,131.485,536.634,1,2,compressed_ring_ar
1778529923.7695162,2,77,1.539522,210.77,152.352,602.628,1,2,compressed_ring_ar
1778529924.3432548,2,78,1.654222,236.57,127.072,537.467,1,2,compressed_ring_ar
1778529924.9254985,2,79,1.552769,232.63,122.476,545.552,1,2,compressed_ring_ar
1778529925.5048385,2,80,1.592134,235.32,120.515,539.262,1,2,compressed_ring_ar
1778529926.0595188,2,81,1.613539,245.9,127.674,516.795,1,2,compressed_ring_ar
1778529926.63957,2,82,1.637646,234.75,125.555,541.428,1,2,compressed_ring_ar
1778529927.2440178,2,83,1.563354,223.43,130.653,568.391,1,2,compressed_ring_ar
1778529927.8173342,2,84,1.599543,237.11,125.06,535.089,1,2,compressed_ring_ar
1778529928.37579,2,85,1.666121,245.17,122.554,517.329,1,2,compressed_ring_ar
1778529928.9811265,2,86,1.757924,229.82,121.164,552.31,1,2,compressed_ring_ar
1778529929.7322164,2,87,1.670641,181.35,183.383,701.319,1,2,compressed_ring_ar
1778529930.3562741,2,88,1.665173,217.02,127.045,585.177,1,2,compressed_ring_ar
1778529930.9363298,2,89,1.649649,233.53,127.935,543.728,1,2,compressed_ring_ar
1778529931.4843822,2,90,1.508877,248.41,121.143,510.22,1,2,compressed_ring_ar
1778529932.0885422,2,91,1.581357,223.73,134.988,567.222,1,2,compressed_ring_ar
1778529932.6705675,2,92,1.59372,234.01,118.047,542.655,1,2,compressed_ring_ar
1778529933.2915952,2,93,1.63308,220.78,139.203,575.098,1,2,compressed_ring_ar
1778529933.8742652,2,94,1.514494,236.37,124.779,536.919,1,2,compressed_ring_ar
1778529934.4231207,2,95,1.624488,247.24,127.499,513.209,1,2,compressed_ring_ar
1778529935.0112464,2,96,1.473764,232.65,123.405,545.417,1,2,compressed_ring_ar
1778529935.5704703,2,97,1.671883,242.77,127.052,522.629,1,2,compressed_ring_ar
1778529936.1443179,2,98,1.744279,238.09,127.749,532.327,1,2,compressed_ring_ar
1778529936.696332,2,99,1.513012,246.08,126.378,515.514,1,2,compressed_ring_ar
1778529937.2588146,2,100,1.692935,241.1,123.843,526.225,1,2,compressed_ring_ar
1778529937.8045158,2,101,1.648334,249.16,138.997,509.018,1,2,compressed_ring_ar
1778529938.3719976,2,102,1.549438,238.81,121.89,531.112,1,2,compressed_ring_ar
1778529938.9564142,2,103,1.678871,232.13,124.159,546.886,1,2,compressed_ring_ar
1778529939.5245519,2,104,1.479695,238.39,124.72,532.464,1,2,compressed_ring_ar
1778529940.1107664,2,105,1.685441,230.97,125.268,549.495,1,2,compressed_ring_ar
1778529940.6551106,2,106,1.560331,249.52,121.004,509.275,1,2,compressed_ring_ar
1778529941.2325156,2,107,1.434216,235.97,126.954,537.793,1,2,compressed_ring_ar
1778529941.8191073,2,108,1.51144,231.39,136.549,548.699,1,2,compressed_ring_ar
1778529942.3865998,2,109,1.575917,240.59,127.574,527.261,1,2,compressed_ring_ar
1778529942.939433,2,110,1.58641,247.04,123.951,513.275,1,2,compressed_ring_ar
1778529943.518657,2,111,1.58964,234.14,140.033,542.921,1,2,compressed_ring_ar
1778529944.117121,2,112,1.733026,234.59,131.429,541.234,1,2,compressed_ring_ar
1778529944.6769733,2,113,1.601356,246.39,120.13,514.951,1,2,compressed_ring_ar
1778529945.271849,2,114,1.615187,229.61,128.299,553.158,1,2,compressed_ring_ar
1778529945.8316522,2,115,1.60357,242.41,131.346,526.267,1,2,compressed_ring_ar
1778529946.4253807,2,116,1.745479,232.0,132.729,547.217,1,2,compressed_ring_ar
1778529947.0138006,2,117,1.515922,230.72,125.592,549.743,1,2,compressed_ring_ar
1778529947.5926251,2,118,1.653328,237.51,127.789,534.15,1,2,compressed_ring_ar
1778529948.1662133,2,119,1.686258,236.85,134.287,536.156,1,2,compressed_ring_ar
1778529948.7636445,2,120,1.57065,227.4,129.241,558.413,1,2,compressed_ring_ar
1778529949.324917,2,121,1.498632,241.83,126.469,524.534,1,2,compressed_ring_ar
1778529949.8833473,2,122,1.507265,249.24,125.532,509.22,1,2,compressed_ring_ar
1778529950.480532,2,123,1.618288,226.99,120.447,559.7,1,2,compressed_ring_ar
1778529951.042151,2,124,1.570355,242.87,123.961,522.632,1,2,compressed_ring_ar
1778529951.5909746,2,125,1.512948,247.45,117.319,512.488,1,2,compressed_ring_ar
1778529952.1702902,2,126,1.457216,234.73,120.548,540.641,1,2,compressed_ring_ar
1778529952.749534,2,127,1.513958,234.15,126.361,541.9,1,2,compressed_ring_ar
1778529953.3153467,2,128,1.656384,241.58,119.002,525.05,1,2,compressed_ring_ar
1778529953.884313,2,129,1.675117,242.72,127.332,522.483,1,2,compressed_ring_ar
1778529954.478439,2,130,1.78412,228.03,146.672,556.543,1,2,compressed_ring_ar
1778529955.0751424,2,131,1.655647,229.48,130.964,552.861,1,2,compressed_ring_ar
1778529955.6504855,2,132,1.804534,237.46,127.761,534.485,1,2,compressed_ring_ar
1778529956.2366505,2,133,1.673557,232.92,138.025,544.889,1,2,compressed_ring_ar
1778529956.8104143,2,134,1.645218,237.93,128.857,533.492,1,2,compressed_ring_ar
1778529957.3700616,2,135,1.509172,243.72,122.098,520.557,1,2,compressed_ring_ar
1778529957.948568,2,136,1.525386,237.2,137.098,538.318,1,2,compressed_ring_ar
1778529958.5787368,2,137,1.669367,214.77,128.616,591.493,1,2,compressed_ring_ar
1778529959.1682944,2,138,1.569313,237.5,122.026,534.368,1,2,compressed_ring_ar
1778529959.7063923,2,139,1.620363,252.71,128.842,501.963,1,2,compressed_ring_ar
1778529960.2979033,2,140,1.548938,234.01,125.763,544.116,1,2,compressed_ring_ar
1778529960.891008,2,141,1.527202,229.33,125.023,553.725,1,2,compressed_ring_ar
1778529961.4513931,2,142,1.468908,250.86,124.921,505.793,1,2,compressed_ring_ar
1778529962.0256581,2,143,1.594797,236.3,129.161,537.397,1,2,compressed_ring_ar
1778529962.5737824,2,144,1.561917,250.74,124.057,506.733,1,2,compressed_ring_ar
1778529963.2037432,2,145,1.561634,214.67,136.377,591.624,1,2,compressed_ring_ar
1778529963.799104,2,146,1.466118,228.62,121.881,555.305,1,2,compressed_ring_ar
1778529964.3633213,2,147,1.487264,241.54,133.99,525.181,1,2,compressed_ring_ar
1778529964.9417539,2,148,1.663444,238.89,129.893,531.024,1,2,compressed_ring_ar
1778529965.5309598,2,149,1.632982,231.91,121.473,547.382,1,2,compressed_ring_ar
1778529966.0769727,2,150,1.470245,254.57,122.858,498.185,1,2,compressed_ring_ar
1778529966.6631286,2,151,1.645514,232.95,127.582,545.843,1,2,compressed_ring_ar
1778529967.2391803,2,152,1.544823,235.36,135.373,538.952,1,2,compressed_ring_ar
1778529967.7852108,2,153,1.605318,248.87,125.762,509.992,1,2,compressed_ring_ar
1778529968.354862,2,154,1.568815,239.84,118.665,529.033,1,2,compressed_ring_ar
1778529968.9161932,2,155,1.451358,242.05,121.699,524.125,1,2,compressed_ring_ar
1778529969.5167944,2,156,1.592364,227.29,124.679,558.239,1,2,compressed_ring_ar
1778529970.0866578,2,157,1.576634,238.52,122.174,531.912,1,2,compressed_ring_ar
1778529970.655817,2,158,1.722075,242.91,122.266,522.246,1,2,compressed_ring_ar
1778529971.2039237,2,159,1.67297,247.87,118.614,511.968,1,2,compressed_ring_ar
1778529971.76564,2,160,1.655908,245.3,132.918,517.195,1,2,compressed_ring_ar
1778529972.4009137,2,161,1.532204,212.62,143.636,597.213,1,2,compressed_ring_ar
1778529972.9606595,2,162,1.52357,243.74,123.732,520.626,1,2,compressed_ring_ar
1778529973.5581288,2,163,1.570552,226.99,131.867,559.119,1,2,compressed_ring_ar
1778529974.1258605,2,164,1.519739,242.54,131.345,523.091,1,2,compressed_ring_ar
1778529974.711112,2,165,1.450873,231.25,122.493,548.766,1,2,compressed_ring_ar
1778529975.306046,2,166,1.536012,229.39,123.248,553.415,1,2,compressed_ring_ar
1778529975.8983812,2,167,1.595111,230.33,128.721,551.251,1,2,compressed_ring_ar
1778529976.48293,2,168,1.4949,235.7,124.586,538.417,1,2,compressed_ring_ar
1778529977.0789104,2,169,1.623359,227.23,134.441,558.835,1,2,compressed_ring_ar
1778529977.642881,2,170,1.472427,241.85,122.365,524.601,1,2,compressed_ring_ar
1778529978.2127542,2,171,1.574883,238.6,117.72,531.71,1,2,compressed_ring_ar
1778529978.775259,2,172,1.54671,244.06,121.809,519.874,1,2,compressed_ring_ar
1778529979.3941214,2,173,1.617897,218.39,132.376,581.412,1,2,compressed_ring_ar
1778529979.9683363,2,174,1.788329,240.96,127.004,526.571,1,2,compressed_ring_ar
1778529980.5706873,2,175,1.611932,224.66,131.486,565.268,1,2,compressed_ring_ar
1778529981.120607,2,176,1.541456,248.48,125.701,510.422,1,2,compressed_ring_ar
1778529981.6746175,2,177,1.617733,249.89,122.396,507.525,1,2,compressed_ring_ar
1778529982.2541487,2,178,1.675287,238.81,123.657,532.032,1,2,compressed_ring_ar
1778529982.822581,2,179,1.580763,245.62,126.308,516.771,1,2,compressed_ring_ar
1778529983.3991697,2,180,1.410306,235.74,126.416,539.302,1,2,compressed_ring_ar
1778529983.9761949,2,181,1.535408,241.58,125.599,525.783,1,2,compressed_ring_ar
1778529984.544632,2,182,1.666288,241.63,127.495,525.38,1,2,compressed_ring_ar
1778529985.1292896,2,183,1.479249,234.14,127.635,542.084,1,2,compressed_ring_ar
1778529985.7351604,2,184,1.588232,223.7,133.857,567.324,1,2,compressed_ring_ar
1778529986.3737192,2,185,1.816692,212.68,131.335,597.127,1,2,compressed_ring_ar
1778529987.0196354,2,186,1.554444,210.27,134.278,604.292,1,2,compressed_ring_ar
1778529987.6786237,2,187,1.55453,209.52,133.74,606.009,1,2,compressed_ring_ar
1778529988.2646463,2,188,1.681247,235.82,134.419,538.2,1,2,compressed_ring_ar
1778529988.8495297,2,189,1.553116,231.53,121.985,548.241,1,2,compressed_ring_ar
1778529989.4674284,2,190,1.552974,218.19,159.14,582.103,1,2,compressed_ring_ar
1778529990.1935163,2,191,1.362905,190.44,133.96,667.221,1,2,compressed_ring_ar
1778529990.7596185,2,192,1.630485,240.12,124.575,528.451,1,2,compressed_ring_ar
1778529991.3834276,2,193,1.669278,217.37,122.778,584.404,1,2,compressed_ring_ar
1778529991.9497228,2,194,1.709899,239.61,120.408,532.938,1,2,compressed_ring_ar
1778529992.4846628,2,195,1.471561,78.38,122.721,505.823,1,2,compressed_ring_ar
1778529999.0204408,3,0,1.550596,190.02,128.38,669.193,1,2,compressed_ring_ar
1778529999.6040912,3,1,1.471187,231.76,126.466,547.751,1,2,compressed_ring_ar
1778530000.1774838,3,2,1.661602,239.9,124.806,528.665,1,2,compressed_ring_ar
1778530000.7241986,3,3,1.567453,249.47,125.457,508.629,1,2,compressed_ring_ar
1778530001.2791936,3,4,1.394704,244.62,123.873,518.839,1,2,compressed_ring_ar
1778530001.8549898,3,5,1.633661,236.12,120.219,537.653,1,2,compressed_ring_ar
1778530002.434551,3,6,1.505268,234.02,125.403,542.208,1,2,compressed_ring_ar
1778530002.9933512,3,7,1.455589,243.36,125.811,521.256,1,2,compressed_ring_ar
1778530003.5802727,3,8,1.665407,230.92,130.343,549.789,1,2,compressed_ring_ar
1778530004.1484866,3,9,1.488418,239.26,121.7,530.077,1,2,compressed_ring_ar
1778530004.7254784,3,10,1.610058,236.46,120.327,536.549,1,2,compressed_ring_ar
1778530005.3230839,3,11,1.613791,227.04,129.869,559.01,1,2,compressed_ring_ar
1778530005.8706877,3,12,1.495417,251.08,124.206,508.503,1,2,compressed_ring_ar
1778530006.5615509,3,13,1.556902,200.44,126.883,633.802,1,2,compressed_ring_ar
1778530007.1523948,3,14,1.752463,228.95,130.109,554.683,1,2,compressed_ring_ar
1778530007.6928976,3,15,1.647536,254.97,118.605,497.423,1,2,compressed_ring_ar
1778530008.3156712,3,16,1.535084,216.79,137.871,585.446,1,2,compressed_ring_ar
1778530008.9081657,3,17,1.688641,230.33,132.021,551.663,1,2,compressed_ring_ar
1778530009.4813154,3,18,1.531929,236.64,126.161,536.319,1,2,compressed_ring_ar
1778530010.0589366,3,19,1.55364,236.77,124.395,535.787,1,2,compressed_ring_ar
1778530010.6500545,3,20,1.633463,229.19,126.043,553.824,1,2,compressed_ring_ar
1778530011.19362,3,21,1.494915,250.07,118.777,507.815,1,2,compressed_ring_ar
1778530011.7346275,3,22,1.481644,251.63,115.804,503.957,1,2,compressed_ring_ar
1778530012.3243313,3,23,1.52685,230.72,123.986,550.053,1,2,compressed_ring_ar
1778530012.8752794,3,24,1.508449,248.45,124.451,510.871,1,2,compressed_ring_ar
1778530013.4406474,3,25,1.572489,241.14,121.044,526.319,1,2,compressed_ring_ar
1778530014.0174558,3,26,1.336867,238.63,121.446,531.304,1,2,compressed_ring_ar
1778530014.6078868,3,27,1.686376,230.27,123.979,551.056,1,2,compressed_ring_ar
1778530015.160551,3,28,1.615803,247.2,124.378,513.083,1,2,compressed_ring_ar
1778530015.7263904,3,29,1.510264,249.27,133.393,508.958,1,2,compressed_ring_ar
1778530016.3139017,3,30,1.463776,230.03,132.691,551.967,1,2,compressed_ring_ar
1778530016.8886724,3,31,1.546123,241.38,125.575,528.936,1,2,compressed_ring_ar
1778530017.5126574,3,32,1.539786,217.66,124.128,583.659,1,2,compressed_ring_ar
1778530018.0930922,3,33,1.516502,234.01,131.931,542.404,1,2,compressed_ring_ar
1778530018.6768131,3,34,1.698819,233.13,136.007,544.118,1,2,compressed_ring_ar
1778530019.2913392,3,35,1.467885,235.02,137.023,540.032,1,2,compressed_ring_ar
1778530019.8585904,3,36,1.463595,239.63,132.344,529.527,1,2,compressed_ring_ar
1778530020.4348106,3,37,1.644923,236.11,122.241,538.121,1,2,compressed_ring_ar
1778530021.0478802,3,38,1.57038,220.44,131.5,575.938,1,2,compressed_ring_ar
1778530021.6096818,3,39,1.620094,242.19,119.296,523.972,1,2,compressed_ring_ar
1778530022.1836746,3,40,1.589505,236.05,128.173,537.625,1,2,compressed_ring_ar
1778530022.7517602,3,41,1.667836,239.02,121.579,530.708,1,2,compressed_ring_ar
1778530023.3336015,3,42,1.720356,232.47,119.501,546.022,1,2,compressed_ring_ar
1778530023.9063935,3,43,1.528223,238.46,123.969,532.148,1,2,compressed_ring_ar
1778530024.505404,3,44,1.485332,228.49,131.686,555.496,1,2,compressed_ring_ar
1778530025.0747368,3,45,1.662237,241.94,128.326,524.113,1,2,compressed_ring_ar
1778530025.6669924,3,46,1.493381,229.01,136.747,554.237,1,2,compressed_ring_ar
1778530026.2177517,3,47,1.633311,246.73,125.617,514.291,1,2,compressed_ring_ar
1778530026.8428757,3,48,1.502869,227.29,136.486,558.624,1,2,compressed_ring_ar
1778530027.4423718,3,49,1.623882,228.76,127.799,554.931,1,2,compressed_ring_ar
1778530028.0776086,3,50,1.706231,213.94,131.451,593.61,1,2,compressed_ring_ar
1778530028.6740608,3,51,1.500531,228.28,121.901,556.046,1,2,compressed_ring_ar
1778530029.2425683,3,52,1.506185,238.9,126.514,531.089,1,2,compressed_ring_ar
1778530029.8649826,3,53,1.597298,221.25,130.895,574.145,1,2,compressed_ring_ar
1778530030.5402682,3,54,1.606517,208.04,135.326,610.649,1,2,compressed_ring_ar
1778530031.1165786,3,55,1.682451,235.27,129.715,539.536,1,2,compressed_ring_ar
1778530031.713021,3,56,1.490736,227.59,120.385,557.997,1,2,compressed_ring_ar
1778530032.277125,3,57,1.668722,240.01,132.84,528.835,1,2,compressed_ring_ar
1778530032.8369257,3,58,1.513092,244.75,119.738,518.317,1,2,compressed_ring_ar
1778530033.4136536,3,59,1.652274,235.66,125.919,538.454,1,2,compressed_ring_ar
1778530033.9972298,3,60,1.625082,235.86,136.103,538.267,1,2,compressed_ring_ar
1778530034.5658822,3,61,1.585657,242.6,129.158,523.003,1,2,compressed_ring_ar
1778530035.1556475,3,62,1.604692,230.15,118.94,551.363,1,2,compressed_ring_ar
1778530035.7414396,3,63,1.601914,233.37,123.832,543.801,1,2,compressed_ring_ar
1778530036.2953403,3,64,1.666828,244.86,122.868,518.132,1,2,compressed_ring_ar
1778530036.8434665,3,65,1.616784,247.82,121.67,511.986,1,2,compressed_ring_ar
1778530037.4016554,3,66,1.676963,243.0,133.249,522.018,1,2,compressed_ring_ar
1778530037.9685955,3,67,1.52556,241.62,108.919,525.889,1,2,compressed_ring_ar
1778530038.5434625,3,68,1.487624,239.47,122.689,533.234,1,2,compressed_ring_ar
1778530039.1418443,3,69,1.284849,228.13,132.177,556.419,1,2,compressed_ring_ar
1778530039.7223344,3,70,1.61063,235.1,126.158,540.001,1,2,compressed_ring_ar
1778530040.295261,3,71,1.503266,237.49,131.05,534.819,1,2,compressed_ring_ar
1778530040.9042988,3,72,1.432745,222.69,132.306,570.827,1,2,compressed_ring_ar
1778530041.537879,3,73,1.607335,213.71,144.415,594.404,1,2,compressed_ring_ar
1778530042.1278622,3,74,1.433619,231.33,132.28,548.886,1,2,compressed_ring_ar
1778530042.7437675,3,75,1.740343,221.88,129.897,572.461,1,2,compressed_ring_ar
1778530043.3512406,3,76,1.513432,223.05,134.395,569.479,1,2,compressed_ring_ar
1778530043.9611921,3,77,1.672669,224.55,122.391,565.59,1,2,compressed_ring_ar
1778530044.569449,3,78,1.505109,222.04,134.221,572.073,1,2,compressed_ring_ar
1778530045.2074053,3,79,1.570092,220.92,131.53,575.063,1,2,compressed_ring_ar
1778530045.9175649,3,80,1.612499,199.96,134.361,635.486,1,2,compressed_ring_ar
1778530046.5069487,3,81,1.706978,229.51,120.453,553.175,1,2,compressed_ring_ar
1778530047.0655038,3,82,1.587568,243.61,122.91,520.895,1,2,compressed_ring_ar
1778530047.6655698,3,83,1.507002,225.34,126.69,563.555,1,2,compressed_ring_ar
1778530048.222289,3,84,1.525841,243.68,130.002,520.934,1,2,compressed_ring_ar
1778530048.8222742,3,85,1.472847,227.04,129.378,558.991,1,2,compressed_ring_ar
1778530049.365111,3,86,1.70794,250.54,125.384,509.614,1,2,compressed_ring_ar
1778530049.9808927,3,87,1.450524,219.7,118.259,578.188,1,2,compressed_ring_ar
1778530050.6144085,3,88,1.597286,213.11,133.312,595.986,1,2,compressed_ring_ar
1778530051.1806974,3,89,1.514573,239.75,136.818,529.246,1,2,compressed_ring_ar
1778530051.8064911,3,90,1.452006,217.09,126.529,585.534,1,2,compressed_ring_ar
1778530052.3801017,3,91,1.507141,236.26,126.668,537.201,1,2,compressed_ring_ar
1778530052.9562562,3,92,1.364466,235.4,123.286,539.013,1,2,compressed_ring_ar
1778530053.544371,3,93,1.668652,230.22,132.209,551.68,1,2,compressed_ring_ar
1778530054.1455147,3,94,1.53415,230.77,137.139,549.735,1,2,compressed_ring_ar
1778530054.7061133,3,95,1.639907,241.93,135.467,524.641,1,2,compressed_ring_ar
1778530055.3262134,3,96,1.671211,218.35,125.806,581.451,1,2,compressed_ring_ar
1778530055.9301114,3,97,1.5835,223.68,127.161,567.509,1,2,compressed_ring_ar
1778530056.4948528,3,98,1.564485,239.98,128.277,528.988,1,2,compressed_ring_ar
1778530057.0549607,3,99,1.602306,251.58,128.02,504.268,1,2,compressed_ring_ar
1778530057.6653132,3,100,1.610656,221.22,127.475,574.099,1,2,compressed_ring_ar
1778530058.2384715,3,101,1.582817,236.59,126.215,536.298,1,2,compressed_ring_ar
1778530058.8266685,3,102,1.639688,230.51,126.705,550.491,1,2,compressed_ring_ar
1778530059.3634775,3,103,1.593258,254.54,123.622,501.576,1,2,compressed_ring_ar
1778530060.004755,3,104,1.726679,210.38,131.406,603.573,1,2,compressed_ring_ar
1778530060.590952,3,105,1.547437,231.09,124.349,549.283,1,2,compressed_ring_ar
1778530061.1608105,3,106,1.470906,238.99,119.854,531.099,1,2,compressed_ring_ar
1778530061.824308,3,107,1.70656,202.97,151.907,626.025,1,2,compressed_ring_ar
1778530062.417708,3,108,1.447858,230.79,126.763,549.901,1,2,compressed_ring_ar
1778530063.0164514,3,109,1.594842,226.46,115.243,560.674,1,2,compressed_ring_ar
1778530063.5917358,3,110,1.51571,235.21,138.795,539.682,1,2,compressed_ring_ar
1778530064.1827085,3,111,1.559501,229.82,123.275,552.251,1,2,compressed_ring_ar
1778530064.7452762,3,112,1.669458,241.12,129.247,526.125,1,2,compressed_ring_ar
1778530065.3341901,3,113,1.437888,230.19,121.993,552.107,1,2,compressed_ring_ar
1778530065.9577317,3,114,1.519385,217.91,132.756,582.75,1,2,compressed_ring_ar
1778530066.4956694,3,115,1.522546,251.82,121.389,503.816,1,2,compressed_ring_ar
1778530067.076933,3,116,1.594943,232.99,119.687,544.73,1,2,compressed_ring_ar
1778530067.614,3,117,1.766943,253.19,122.872,500.842,1,2,compressed_ring_ar
1778530068.2012582,3,118,1.505325,231.56,118.85,548.542,1,2,compressed_ring_ar
1778530068.7851377,3,119,1.54121,233.04,123.74,544.639,1,2,compressed_ring_ar
1778530069.33935,3,120,1.531382,250.33,122.876,506.589,1,2,compressed_ring_ar
1778530069.957809,3,121,1.444512,218.23,133.731,581.727,1,2,compressed_ring_ar
1778530070.5361516,3,122,1.565551,233.87,126.749,542.377,1,2,compressed_ring_ar
1778530071.0989408,3,123,1.507666,241.25,120.316,526.104,1,2,compressed_ring_ar
1778530071.6964087,3,124,1.579361,225.99,118.408,561.948,1,2,compressed_ring_ar
1778530072.265152,3,125,1.538907,239.28,122.847,530.349,1,2,compressed_ring_ar
1778530072.8708484,3,126,1.521042,222.99,137.438,569.615,1,2,compressed_ring_ar
1778530073.5020905,3,127,1.454649,215.07,130.482,590.702,1,2,compressed_ring_ar
1778530074.1112921,3,128,1.44405,225.31,121.332,563.521,1,2,compressed_ring_ar
1778530074.6716108,3,129,1.460746,241.97,127.329,524.341,1,2,compressed_ring_ar
1778530075.230952,3,130,1.509489,243.68,121.094,520.49,1,2,compressed_ring_ar
1778530075.8429222,3,131,1.584817,220.79,131.448,578.768,1,2,compressed_ring_ar
1778530076.458529,3,132,1.541623,221.3,122.51,573.833,1,2,compressed_ring_ar
1778530077.0636296,3,133,1.420916,222.94,125.997,569.356,1,2,compressed_ring_ar
1778530077.6217241,3,134,1.494354,242.97,124.502,522.994,1,2,compressed_ring_ar
1778530078.238397,3,135,1.453577,219.01,125.232,579.964,1,2,compressed_ring_ar
1778530078.7941337,3,136,1.536163,244.2,124.476,519.813,1,2,compressed_ring_ar
1778530079.3806474,3,137,1.577735,231.17,120.646,548.976,1,2,compressed_ring_ar
1778530079.9654226,3,138,1.511258,238.01,130.8,533.179,1,2,compressed_ring_ar
1778530080.547957,3,139,1.430484,232.11,126.888,547.139,1,2,compressed_ring_ar
1778530081.1150377,3,140,1.53936,238.88,124.795,530.97,1,2,compressed_ring_ar
1778530081.7077594,3,141,1.694274,228.24,134.184,556.429,1,2,compressed_ring_ar
1778530082.3369224,3,142,1.598725,215.12,129.558,590.335,1,2,compressed_ring_ar
1778530082.9081652,3,143,1.552486,237.5,132.254,534.219,1,2,compressed_ring_ar
1778530083.5749948,3,144,1.465462,206.8,174.828,617.423,1,2,compressed_ring_ar
1778530084.2120101,3,145,1.628194,217.37,131.114,584.343,1,2,compressed_ring_ar
1778530084.7723684,3,146,1.570889,250.74,122.509,505.82,1,2,compressed_ring_ar
1778530085.3983736,3,147,1.676388,216.37,147.634,586.773,1,2,compressed_ring_ar
1778530085.9590838,3,148,1.523151,245.83,121.052,516.168,1,2,compressed_ring_ar
1778530086.5678096,3,149,1.579651,222.11,133.51,571.525,1,2,compressed_ring_ar
1778530087.1340125,3,150,1.664958,239.89,121.832,528.507,1,2,compressed_ring_ar
1778530087.6956625,3,151,1.576511,242.42,130.969,523.754,1,2,compressed_ring_ar
1778530088.2565851,3,152,1.428165,249.5,121.234,508.788,1,2,compressed_ring_ar
1778530088.8568692,3,153,1.471511,225.86,120.857,564.712,1,2,compressed_ring_ar
1778530089.4540505,3,154,1.517762,228.19,123.377,556.233,1,2,compressed_ring_ar
1778530090.0127811,3,155,1.545189,245.92,119.28,516.126,1,2,compressed_ring_ar
1778530090.5844507,3,156,1.690119,242.05,120.187,524.279,1,2,compressed_ring_ar
1778530091.2271526,3,157,1.589733,209.95,124.114,605.277,1,2,compressed_ring_ar
1778530091.7770145,3,158,1.602249,247.31,123.16,513.227,1,2,compressed_ring_ar
1778530092.3582206,3,159,1.474788,233.79,124.698,542.678,1,2,compressed_ring_ar
1778530092.9459186,3,160,1.393823,230.72,129.604,550.003,1,2,compressed_ring_ar
1778530093.780677,3,161,1.458909,163.87,206.558,776.64,1,2,compressed_ring_ar
1778530094.4362688,3,162,1.594353,215.15,137.427,590.123,1,2,compressed_ring_ar
1778530095.036803,3,163,1.531829,225.89,122.636,562.095,1,2,compressed_ring_ar
1778530095.6176867,3,164,1.53285,245.45,130.43,517.224,1,2,compressed_ring_ar
1778530096.191022,3,165,1.601039,240.7,129.459,527.057,1,2,compressed_ring_ar
1778530096.7684026,3,166,1.488328,235.1,131.31,539.998,1,2,compressed_ring_ar
1778530097.3313525,3,167,1.669016,241.56,125.971,525.316,1,2,compressed_ring_ar
1778530097.8992052,3,168,1.482935,238.98,118.934,531.724,1,2,compressed_ring_ar
1778530098.4927335,3,169,1.612728,229.18,127.77,554.025,1,2,compressed_ring_ar
1778530099.0769627,3,170,1.714808,235.98,133.543,537.686,1,2,compressed_ring_ar
1778530099.6674604,3,171,1.471049,229.67,133.434,552.713,1,2,compressed_ring_ar
1778530100.20341,3,172,1.668998,254.81,115.342,497.787,1,2,compressed_ring_ar
1778530100.779625,3,173,1.450483,239.89,121.587,528.965,1,2,compressed_ring_ar
1778530101.3348377,3,174,1.578721,244.55,124.366,518.758,1,2,compressed_ring_ar
1778530101.8850482,3,175,1.631924,250.2,119.743,507.796,1,2,compressed_ring_ar
1778530102.4582648,3,176,1.43777,237.27,122.344,535.144,1,2,compressed_ring_ar
1778530103.0355475,3,177,1.562523,234.74,123.237,540.798,1,2,compressed_ring_ar
1778530103.584301,3,178,1.565977,247.84,124.054,511.862,1,2,compressed_ring_ar
1778530104.1812687,3,179,1.54172,229.27,126.039,553.981,1,2,compressed_ring_ar
1778530104.747518,3,180,1.431011,245.51,130.027,516.874,1,2,compressed_ring_ar
1778530105.3516629,3,181,1.396131,223.54,135.485,568.816,1,2,compressed_ring_ar
1778530105.9210172,3,182,1.523174,239.85,119.545,529.164,1,2,compressed_ring_ar
1778530106.4956279,3,183,1.431483,236.7,137.26,536.021,1,2,compressed_ring_ar
1778530107.0459092,3,184,1.621048,246.53,129.327,514.476,1,2,compressed_ring_ar
1778530107.6448174,3,185,1.465112,226.22,141.271,561.006,1,2,compressed_ring_ar
1778530108.2203524,3,186,1.519691,243.82,128.849,520.557,1,2,compressed_ring_ar
1778530108.808327,3,187,1.568259,232.96,136.238,545.016,1,2,compressed_ring_ar
1778530109.3897276,3,188,1.509048,238.42,118.712,531.979,1,2,compressed_ring_ar
1778530109.9497502,3,189,1.547152,242.28,123.098,523.649,1,2,compressed_ring_ar
1778530110.5023084,3,190,1.462058,252.87,122.065,501.447,1,2,compressed_ring_ar
1778530111.0974805,3,191,1.346218,227.22,133.514,558.503,1,2,compressed_ring_ar
1778530111.644442,3,192,1.566231,248.88,127.137,510.518,1,2,compressed_ring_ar
1778530112.2231715,3,193,1.562653,234.41,137.063,541.215,1,2,compressed_ring_ar
1778530112.8012137,3,194,1.55718,234.41,120.923,544.724,1,2,compressed_ring_ar
1778530113.3334177,3,195,1.755452,78.73,132.802,503.757,1,2,compressed_ring_ar
1778530119.8310986,4,0,1.658813,188.91,115.363,676.131,1,2,compressed_ring_ar
1778530120.5130737,4,1,1.604747,198.19,114.288,642.923,1,2,compressed_ring_ar
1778530121.2191947,4,2,1.648221,189.72,122.821,672.882,1,2,compressed_ring_ar
1778530121.8493962,4,3,1.498815,214.35,128.269,592.584,1,2,compressed_ring_ar
1778530122.4295688,4,4,1.587647,239.72,107.073,532.561,1,2,compressed_ring_ar
1778530123.112156,4,5,1.507062,197.37,123.822,643.743,1,2,compressed_ring_ar
1778530123.726609,4,6,1.581902,220.08,119.152,580.327,1,2,compressed_ring_ar
1778530124.443828,4,7,1.606006,187.96,134.011,679.614,1,2,compressed_ring_ar
1778530125.1416092,4,8,1.471141,193.13,115.648,661.565,1,2,compressed_ring_ar
1778530125.8166773,4,9,1.631588,199.94,110.753,638.851,1,2,compressed_ring_ar
1778530126.5027714,4,10,1.510611,195.52,160.963,653.377,1,2,compressed_ring_ar
1778530127.2356217,4,11,1.463688,183.99,131.274,690.696,1,2,compressed_ring_ar
1778530127.8081253,4,12,1.368416,242.53,137.285,523.479,1,2,compressed_ring_ar
1778530128.3971822,4,13,1.541675,230.28,121.181,551.28,1,2,compressed_ring_ar
1778530128.9780712,4,14,1.709017,233.01,119.33,543.901,1,2,compressed_ring_ar
1778530129.5493822,4,15,1.477897,238.57,128.96,531.851,1,2,compressed_ring_ar
1778530130.109889,4,16,1.744744,242.43,125.091,523.466,1,2,compressed_ring_ar
1778530130.6944644,4,17,1.507902,231.56,131.464,547.893,1,2,compressed_ring_ar
1778530131.2606614,4,18,1.523817,244.03,122.781,520.01,1,2,compressed_ring_ar
1778530131.8463898,4,19,1.443645,231.67,120.251,548.007,1,2,compressed_ring_ar
1778530132.420783,4,20,1.390028,237.0,124.201,535.511,1,2,compressed_ring_ar
1778530132.9899247,4,21,1.434274,238.63,126.351,535.292,1,2,compressed_ring_ar
1778530133.57603,4,22,1.587166,233.41,124.314,544.113,1,2,compressed_ring_ar
1778530134.1323483,4,23,1.496417,247.49,118.808,512.752,1,2,compressed_ring_ar
1778530134.7177937,4,24,1.535257,231.23,129.182,548.91,1,2,compressed_ring_ar
1778530135.3237715,4,25,1.609831,223.32,128.223,568.536,1,2,compressed_ring_ar
1778530135.8744814,4,26,1.452909,249.78,115.574,511.112,1,2,compressed_ring_ar
1778530136.4923167,4,27,1.542441,219.55,121.625,578.463,1,2,compressed_ring_ar
1778530137.0638843,4,28,1.46127,237.76,134.525,533.873,1,2,compressed_ring_ar
1778530137.6372945,4,29,1.48484,238.43,123.769,535.491,1,2,compressed_ring_ar
1778530138.2756214,4,30,1.572323,211.64,130.976,600.074,1,2,compressed_ring_ar
1778530138.8447545,4,31,1.48866,242.08,122.373,523.837,1,2,compressed_ring_ar
1778530139.4272244,4,32,1.590346,232.59,123.181,545.709,1,2,compressed_ring_ar
1778530139.9780986,4,33,1.473701,247.18,128.085,513.43,1,2,compressed_ring_ar
1778530140.5662024,4,34,1.649544,230.65,128.651,550.337,1,2,compressed_ring_ar
1778530141.1561906,4,35,1.519561,229.22,126.079,553.614,1,2,compressed_ring_ar
1778530141.7175813,4,36,1.636553,242.6,127.766,522.992,1,2,compressed_ring_ar
1778530142.311021,4,37,1.597841,227.96,133.967,557.416,1,2,compressed_ring_ar
1778530142.8879824,4,38,1.441803,239.0,129.515,530.931,1,2,compressed_ring_ar
1778530143.4622126,4,39,1.517897,235.89,130.131,538.07,1,2,compressed_ring_ar
1778530144.0350873,4,40,1.452226,239.85,129.441,529.358,1,2,compressed_ring_ar
1778530144.6080983,4,41,1.543997,240.62,119.269,527.492,1,2,compressed_ring_ar
1778530145.1910584,4,42,1.395107,232.96,122.449,544.691,1,2,compressed_ring_ar
1778530145.7644818,4,43,1.664556,237.1,132.115,535.474,1,2,compressed_ring_ar
1778530146.3544014,4,44,1.603606,230.52,137.39,550.955,1,2,compressed_ring_ar
1778530146.93551,4,45,1.685272,233.04,121.851,544.455,1,2,compressed_ring_ar
1778530147.498005,4,46,1.853922,241.44,121.78,525.325,1,2,compressed_ring_ar
1778530148.100067,4,47,1.57107,227.25,134.28,558.702,1,2,compressed_ring_ar
1778530148.6706228,4,48,1.678681,239.02,123.266,531.006,1,2,compressed_ring_ar
1778530149.2232597,4,49,1.574831,245.5,130.614,520.019,1,2,compressed_ring_ar
1778530149.8774464,4,50,1.560942,206.77,133.574,614.271,1,2,compressed_ring_ar
1778530150.431235,4,51,1.352711,246.69,123.003,514.873,1,2,compressed_ring_ar
1778530151.0250618,4,52,1.503955,229.03,117.987,557.556,1,2,compressed_ring_ar
1778530151.6791918,4,53,1.554607,206.95,123.927,614.136,1,2,compressed_ring_ar
1778530152.240809,4,54,1.657171,241.51,128.032,525.462,1,2,compressed_ring_ar
1778530152.8088534,4,55,1.631404,240.67,122.554,527.487,1,2,compressed_ring_ar
1778530153.4151664,4,56,1.53923,223.49,128.779,568.102,1,2,compressed_ring_ar
1778530154.0203574,4,57,1.489834,224.23,128.046,566.402,1,2,compressed_ring_ar
1778530154.6242943,4,58,1.596713,223.75,122.622,567.617,1,2,compressed_ring_ar
1778530155.190601,4,59,1.556572,239.33,131.264,530.377,1,2,compressed_ring_ar
1778530155.769603,4,60,1.586142,234.94,129.17,540.196,1,2,compressed_ring_ar
1778530156.4041986,4,61,1.570288,211.86,131.639,599.596,1,2,compressed_ring_ar
1778530156.9851367,4,62,1.559927,232.9,122.362,545.113,1,2,compressed_ring_ar
1778530157.746752,4,63,1.410504,180.54,161.69,704.402,1,2,compressed_ring_ar
1778530158.3847115,4,64,1.432257,211.62,126.722,600.278,1,2,compressed_ring_ar
1778530158.971373,4,65,1.628296,237.06,137.18,535.075,1,2,compressed_ring_ar
1778530159.579044,4,66,1.584333,222.59,123.213,570.35,1,2,compressed_ring_ar
1778530160.1336043,4,67,1.465749,246.72,124.367,514.051,1,2,compressed_ring_ar
1778530160.6996362,4,68,1.431438,239.51,120.887,529.802,1,2,compressed_ring_ar
1778530161.2971132,4,69,1.6968,227.01,132.674,559.336,1,2,compressed_ring_ar
1778530161.8996952,4,70,1.406782,226.3,126.991,560.993,1,2,compressed_ring_ar
1778530162.4923577,4,71,1.460977,232.73,133.383,545.373,1,2,compressed_ring_ar
1778530163.0954835,4,72,1.518408,225.25,126.375,563.493,1,2,compressed_ring_ar
1778530163.7365031,4,73,1.521938,219.29,155.139,578.902,1,2,compressed_ring_ar
1778530164.2964156,4,74,1.449383,243.12,121.22,521.869,1,2,compressed_ring_ar
1778530164.9235573,4,75,1.553474,217.27,125.376,584.449,1,2,compressed_ring_ar
1778530165.6242733,4,76,1.615934,200.85,143.252,632.614,1,2,compressed_ring_ar
1778530166.183584,4,77,1.395622,244.25,121.402,519.298,1,2,compressed_ring_ar
1778530166.8004751,4,78,1.548671,219.71,151.957,578.085,1,2,compressed_ring_ar
1778530167.3970797,4,79,1.448918,230.69,133.537,550.387,1,2,compressed_ring_ar
1778530168.0015666,4,80,1.701564,223.37,137.247,568.427,1,2,compressed_ring_ar
1778530168.5649767,4,81,1.580471,241.24,126.215,525.852,1,2,compressed_ring_ar
1778530169.155742,4,82,1.497873,230.45,128.907,554.102,1,2,compressed_ring_ar
1778530169.7909844,4,83,1.568799,215.77,128.715,588.611,1,2,compressed_ring_ar
1778530170.4144204,4,84,1.451324,217.81,129.618,582.91,1,2,compressed_ring_ar
1778530170.9726238,4,85,1.471763,242.86,119.787,526.072,1,2,compressed_ring_ar
1778530171.61072,4,86,1.594192,213.22,133.433,595.736,1,2,compressed_ring_ar
1778530172.137847,4,87,1.50963,259.34,120.943,492.414,1,2,compressed_ring_ar
1778530172.7562764,4,88,1.440346,219.57,118.659,578.05,1,2,compressed_ring_ar
1778530173.3194292,4,89,1.604786,240.85,121.697,526.785,1,2,compressed_ring_ar
1778530173.9220488,4,90,1.594175,225.41,128.767,562.88,1,2,compressed_ring_ar
1778530174.4913142,4,91,1.5906,237.68,129.248,534.662,1,2,compressed_ring_ar
1778530175.0495162,4,92,1.764424,243.85,125.82,520.291,1,2,compressed_ring_ar
1778530175.6357098,4,93,1.679785,233.52,129.144,543.393,1,2,compressed_ring_ar
1778530176.2014132,4,94,1.493426,239.88,128.834,528.919,1,2,compressed_ring_ar
1778530176.8187509,4,95,1.538444,219.63,150.492,578.255,1,2,compressed_ring_ar
1778530177.4366915,4,96,1.501657,221.08,131.278,574.501,1,2,compressed_ring_ar
1778530178.0183487,4,97,1.545409,240.45,128.855,528.218,1,2,compressed_ring_ar
1778530178.6253188,4,98,1.430236,222.51,127.378,570.569,1,2,compressed_ring_ar
1778530179.1850395,4,99,1.415392,243.06,130.183,522.119,1,2,compressed_ring_ar
1778530179.7957907,4,100,1.585906,221.44,127.849,573.144,1,2,compressed_ring_ar
1778530180.3946455,4,101,1.69696,227.52,132.189,558.109,1,2,compressed_ring_ar
1778530181.007663,4,102,1.693725,225.52,125.552,563.208,1,2,compressed_ring_ar
1778530181.598137,4,103,1.562343,230.0,134.884,551.682,1,2,compressed_ring_ar
1778530182.195487,4,104,1.543926,227.22,125.664,558.76,1,2,compressed_ring_ar
1778530182.7983456,4,105,1.446416,224.79,125.382,564.604,1,2,compressed_ring_ar
1778530183.422635,4,106,1.524649,216.43,134.435,586.69,1,2,compressed_ring_ar
1778530184.004464,4,107,1.633171,239.42,128.09,529.849,1,2,compressed_ring_ar
1778530184.5869558,4,108,1.517992,232.94,127.836,544.629,1,2,compressed_ring_ar
1778530185.1432858,4,109,1.520586,246.37,116.63,514.851,1,2,compressed_ring_ar
1778530185.7238219,4,110,1.564637,235.02,121.972,540.071,1,2,compressed_ring_ar
1778530186.2918317,4,111,1.523818,243.16,124.802,521.563,1,2,compressed_ring_ar
1778530186.8866212,4,112,1.49368,227.5,125.81,558.297,1,2,compressed_ring_ar
1778530187.4740498,4,113,1.431652,235.88,119.287,538.242,1,2,compressed_ring_ar
1778530188.089108,4,114,1.573514,220.29,125.786,576.259,1,2,compressed_ring_ar
1778530188.6832614,4,115,1.532895,227.91,133.315,557.116,1,2,compressed_ring_ar
1778530189.2805843,4,116,1.556539,229.13,136.602,553.923,1,2,compressed_ring_ar
1778530189.8468559,4,117,1.511673,239.83,123.028,528.972,1,2,compressed_ring_ar
1778530190.4036784,4,118,1.570619,244.31,123.945,519.333,1,2,compressed_ring_ar
1778530190.9886124,4,119,1.39624,231.29,133.353,548.749,1,2,compressed_ring_ar
1778530191.574443,4,120,1.539368,237.64,124.941,533.927,1,2,compressed_ring_ar
1778530192.1435397,4,121,1.632455,239.74,129.605,529.602,1,2,compressed_ring_ar
1778530192.7207458,4,122,1.351397,238.16,123.516,532.701,1,2,compressed_ring_ar
1778530193.273017,4,123,1.629846,246.11,122.307,515.533,1,2,compressed_ring_ar
1778530193.8977497,4,124,1.499808,215.93,130.453,588.171,1,2,compressed_ring_ar
1778530194.4964778,4,125,1.669007,225.79,129.558,562.152,1,2,compressed_ring_ar
1778530195.0767725,4,126,1.541182,239.18,122.505,530.675,1,2,compressed_ring_ar
1778530195.6400008,4,127,1.565559,241.69,132.864,525.022,1,2,compressed_ring_ar
1778530196.2021031,4,128,1.569494,241.73,123.159,525.01,1,2,compressed_ring_ar
1778530196.775397,4,129,1.54599,238.17,122.628,532.811,1,2,compressed_ring_ar
1778530197.3345094,4,130,1.442428,242.88,134.022,522.275,1,2,compressed_ring_ar
1778530197.9201627,4,131,1.729964,231.43,120.289,548.654,1,2,compressed_ring_ar
1778530198.5100987,4,132,1.632746,229.6,125.565,553.051,1,2,compressed_ring_ar
1778530199.0607302,4,133,1.517566,250.51,122.428,507.169,1,2,compressed_ring_ar
1778530199.6636128,4,134,1.470286,224.34,127.505,566.128,1,2,compressed_ring_ar
1778530200.2398577,4,135,1.547923,244.06,128.804,519.729,1,2,compressed_ring_ar
1778530200.8588848,4,136,1.622792,218.23,130.67,581.73,1,2,compressed_ring_ar
1778530201.4260602,4,137,1.509915,239.93,127.27,528.929,1,2,compressed_ring_ar
1778530202.0192637,4,138,1.60186,228.4,125.897,555.945,1,2,compressed_ring_ar
1778530202.5833356,4,139,1.639759,247.38,124.892,513.045,1,2,compressed_ring_ar
1778530203.1565819,4,140,1.672326,238.83,124.896,531.383,1,2,compressed_ring_ar
1778530203.7391024,4,141,1.591151,232.07,149.941,547.055,1,2,compressed_ring_ar
1778530204.300663,4,142,1.586459,243.51,122.352,520.854,1,2,compressed_ring_ar
1778530204.9011362,4,143,1.513153,224.95,122.836,564.659,1,2,compressed_ring_ar
1778530205.6249425,4,144,1.462889,191.09,135.48,665.083,1,2,compressed_ring_ar
1778530206.2394173,4,145,1.530509,221.04,126.439,574.819,1,2,compressed_ring_ar
1778530206.8107104,4,146,1.671146,238.01,123.984,533.321,1,2,compressed_ring_ar
1778530207.3944473,4,147,1.545124,232.79,119.84,545.316,1,2,compressed_ring_ar
1778530207.9496913,4,148,1.490535,246.09,122.111,516.137,1,2,compressed_ring_ar
1778530208.528263,4,149,1.650774,234.76,121.694,540.489,1,2,compressed_ring_ar
1778530209.1177602,4,150,1.632191,231.42,127.975,548.364,1,2,compressed_ring_ar
1778530209.6799617,4,151,1.524934,241.53,125.2,525.357,1,2,compressed_ring_ar
1778530210.2644708,4,152,1.595567,232.88,120.508,545.147,1,2,compressed_ring_ar
1778530210.8800814,4,153,1.448894,223.18,122.264,568.831,1,2,compressed_ring_ar
1778530211.4382086,4,154,1.478568,245.69,125.056,516.308,1,2,compressed_ring_ar
1778530212.0200076,4,155,1.526198,232.83,124.712,545.145,1,2,compressed_ring_ar
1778530212.638253,4,156,1.520895,222.92,133.444,569.536,1,2,compressed_ring_ar
1778530213.2043917,4,157,1.526125,242.92,134.949,522.495,1,2,compressed_ring_ar
1778530213.7763612,4,158,1.53976,240.14,139.612,528.22,1,2,compressed_ring_ar
1778530214.3636363,4,159,1.647575,237.59,125.692,534.276,1,2,compressed_ring_ar
1778530214.9553103,4,160,1.530788,229.5,125.63,552.97,1,2,compressed_ring_ar
1778530215.55298,4,161,1.41033,226.43,128.198,560.604,1,2,compressed_ring_ar
1778530216.1210036,4,162,1.476824,237.85,119.771,533.497,1,2,compressed_ring_ar
1778530216.6905982,4,163,1.540384,239.85,131.339,529.27,1,2,compressed_ring_ar
1778530217.2804196,4,164,1.751736,230.66,124.381,550.692,1,2,compressed_ring_ar
1778530217.85927,4,165,1.485957,234.06,121.698,542.15,1,2,compressed_ring_ar
1778530218.408098,4,166,1.62197,249.7,116.022,508.308,1,2,compressed_ring_ar
1778530219.02021,4,167,1.444414,221.19,123.673,574.023,1,2,compressed_ring_ar
1778530219.571538,4,168,1.59822,247.21,121.461,512.967,1,2,compressed_ring_ar
1778530220.1468532,4,169,1.59562,234.93,131.333,540.372,1,2,compressed_ring_ar
1778530220.7242563,4,170,1.756267,242.55,123.028,523.05,1,2,compressed_ring_ar
1778530221.2935886,4,171,1.508224,237.92,130.915,533.352,1,2,compressed_ring_ar
1778530221.8639343,4,172,1.507309,240.59,128.318,527.348,1,2,compressed_ring_ar
1778530222.4452083,4,173,1.68453,232.51,122.102,545.731,1,2,compressed_ring_ar
1778530223.0821435,4,174,1.562888,220.04,154.928,577.177,1,2,compressed_ring_ar
1778530223.7052858,4,175,1.394936,217.32,148.332,584.166,1,2,compressed_ring_ar
1778530224.2742527,4,176,1.450877,239.84,120.774,528.878,1,2,compressed_ring_ar
1778530224.8503747,4,177,1.647874,235.61,125.825,539.586,1,2,compressed_ring_ar
1778530225.4080744,4,178,1.531255,246.05,124.864,515.552,1,2,compressed_ring_ar
1778530226.012304,4,179,1.39817,224.0,130.337,566.793,1,2,compressed_ring_ar
1778530226.5669723,4,180,1.395928,245.19,124.458,517.604,1,2,compressed_ring_ar
1778530227.1403198,4,181,1.562838,236.37,130.202,537.622,1,2,compressed_ring_ar
1778530227.6915455,4,182,1.501643,248.44,121.823,510.731,1,2,compressed_ring_ar
1778530228.2946267,4,183,1.495351,225.21,129.618,563.915,1,2,compressed_ring_ar
1778530228.8658967,4,184,1.398076,239.94,121.985,528.757,1,2,compressed_ring_ar
1778530229.4428184,4,185,1.521903,234.81,121.203,540.259,1,2,compressed_ring_ar
1778530229.9926667,4,186,1.604211,247.85,128.345,511.974,1,2,compressed_ring_ar
1778530230.5657136,4,187,1.497456,237.99,130.808,533.035,1,2,compressed_ring_ar
1778530231.1309762,4,188,1.570268,242.09,123.97,524.176,1,2,compressed_ring_ar
1778530231.689532,4,189,1.546526,243.39,124.387,521.223,1,2,compressed_ring_ar
1778530232.281932,4,190,1.523395,228.75,124.27,554.759,1,2,compressed_ring_ar
1778530232.859388,4,191,1.574304,239.5,119.021,529.886,1,2,compressed_ring_ar
1778530233.4247522,4,192,1.487639,241.26,125.019,525.97,1,2,compressed_ring_ar
1778530234.0627964,4,193,1.517508,211.05,133.735,601.792,1,2,compressed_ring_ar
1778530234.6557581,4,194,1.546091,234.15,121.208,545.352,1,2,compressed_ring_ar
1778530235.1914642,4,195,1.482345,77.43,130.473,512.275,1,2,compressed_ring_ar
1778530241.6103466,5,0,1.539828,186.27,115.812,685.752,1,2,compressed_ring_ar
1778530242.3355513,5,1,1.389785,185.22,123.075,689.635,1,2,compressed_ring_ar
1778530243.0348403,5,2,1.590975,192.87,109.802,662.238,1,2,compressed_ring_ar
1778530243.7444868,5,3,1.443332,191.17,130.85,668.19,1,2,compressed_ring_ar
1778530244.437074,5,4,1.446318,194.37,112.761,657.217,1,2,compressed_ring_ar
1778530245.3025897,5,5,1.474518,155.59,145.232,818.32,1,2,compressed_ring_ar
1778530246.115474,5,6,1.48457,169.4,131.498,750.908,1,2,compressed_ring_ar
1778530246.756311,5,7,1.488157,210.63,142.635,602.86,1,2,compressed_ring_ar
1778530247.3250146,5,8,1.58864,245.05,129.714,517.616,1,2,compressed_ring_ar
1778530247.897474,5,9,1.496066,236.63,123.575,535.965,1,2,compressed_ring_ar
1778530248.4555886,5,10,1.552683,244.27,124.47,519.626,1,2,compressed_ring_ar
1778530249.0231247,5,11,1.584536,238.72,129.012,531.825,1,2,compressed_ring_ar
1778530249.6127796,5,12,1.52097,229.46,124.051,552.939,1,2,compressed_ring_ar
1778530250.1716213,5,13,1.590974,243.12,129.895,522.999,1,2,compressed_ring_ar
1778530250.747377,5,14,1.510586,235.09,120.639,539.558,1,2,compressed_ring_ar
1778530251.3084388,5,15,1.421198,241.65,128.574,524.885,1,2,compressed_ring_ar
1778530251.871893,5,16,1.479843,241.13,131.181,526.061,1,2,compressed_ring_ar
1778530252.4348052,5,17,1.484347,241.98,134.005,524.279,1,2,compressed_ring_ar
1778530253.0322797,5,18,1.506742,226.79,126.849,559.982,1,2,compressed_ring_ar
1778530253.594457,5,19,1.646113,241.35,126.06,525.939,1,2,compressed_ring_ar
1778530254.148297,5,20,1.729482,248.42,123.97,510.585,1,2,compressed_ring_ar
1778530254.7415752,5,21,1.426428,228.05,123.462,556.437,1,2,compressed_ring_ar
1778530255.3496068,5,22,1.578859,222.51,137.868,570.543,1,2,compressed_ring_ar
1778530255.9289348,5,23,1.465013,235.1,139.182,539.77,1,2,compressed_ring_ar
1778530256.5270495,5,24,1.767991,227.01,145.923,559.125,1,2,compressed_ring_ar
1778530257.114736,5,25,1.49747,230.86,137.697,550.25,1,2,compressed_ring_ar
1778530257.7010174,5,26,1.663201,231.12,120.093,549.021,1,2,compressed_ring_ar
1778530258.2955914,5,27,1.583602,227.46,123.753,557.88,1,2,compressed_ring_ar
1778530258.8441327,5,28,1.423052,247.8,122.422,512.023,1,2,compressed_ring_ar
1778530259.433876,5,29,1.410665,234.6,126.895,540.987,1,2,compressed_ring_ar
1778530260.0304606,5,30,1.549706,226.63,129.664,560.274,1,2,compressed_ring_ar
1778530260.5939293,5,31,1.450534,247.79,128.578,511.946,1,2,compressed_ring_ar
1778530261.162887,5,32,1.549347,239.04,130.009,531.162,1,2,compressed_ring_ar
1778530261.7467146,5,33,1.437334,231.82,124.405,547.248,1,2,compressed_ring_ar
1778530262.2916608,5,34,1.557096,248.99,122.713,509.572,1,2,compressed_ring_ar
1778530262.9045188,5,35,1.568107,220.16,133.038,576.64,1,2,compressed_ring_ar
1778530263.502627,5,36,1.532221,225.96,137.041,561.476,1,2,compressed_ring_ar
1778530264.1002512,5,37,1.482885,228.2,124.159,556.173,1,2,compressed_ring_ar
1778530264.675167,5,38,1.533014,235.68,136.817,538.512,1,2,compressed_ring_ar
1778530265.2938893,5,39,1.550199,222.15,125.706,571.692,1,2,compressed_ring_ar
1778530265.8881414,5,40,1.606627,234.84,125.183,540.467,1,2,compressed_ring_ar
1778530266.5246112,5,41,1.367756,216.77,129.052,585.736,1,2,compressed_ring_ar
1778530267.1423519,5,42,1.496192,227.12,140.717,559.801,1,2,compressed_ring_ar
1778530267.7286382,5,43,1.567214,230.73,135.448,550.14,1,2,compressed_ring_ar
1778530268.2998097,5,44,1.533702,240.35,124.713,528.103,1,2,compressed_ring_ar
1778530268.8763506,5,45,1.313648,234.91,118.948,540.08,1,2,compressed_ring_ar
1778530269.464406,5,46,1.414071,230.33,126.605,551.192,1,2,compressed_ring_ar
1778530270.0579767,5,47,1.614791,232.08,119.919,546.837,1,2,compressed_ring_ar
1778530270.631663,5,48,1.556207,239.75,127.126,529.194,1,2,compressed_ring_ar
1778530271.2078145,5,49,1.368074,242.49,128.598,522.82,1,2,compressed_ring_ar
1778530271.731085,5,50,1.574924,260.21,117.64,487.381,1,2,compressed_ring_ar
1778530272.3103554,5,51,1.465355,233.47,120.752,543.716,1,2,compressed_ring_ar
1778530272.874372,5,52,1.571918,240.69,117.834,527.176,1,2,compressed_ring_ar
1778530273.4921343,5,53,1.386778,218.67,124.134,580.489,1,2,compressed_ring_ar
1778530274.0809698,5,54,1.478702,231.83,118.909,547.469,1,2,compressed_ring_ar
1778530274.643721,5,55,1.531806,240.95,126.608,526.4,1,2,compressed_ring_ar
1778530275.23659,5,56,1.535103,230.33,133.337,551.048,1,2,compressed_ring_ar
1778530275.8257096,5,57,1.595729,236.84,126.804,535.786,1,2,compressed_ring_ar
1778530276.3674312,5,58,1.559832,249.45,120.443,507.67,1,2,compressed_ring_ar
1778530277.0037751,5,59,1.551453,225.52,141.186,562.924,1,2,compressed_ring_ar
1778530277.58084,5,60,1.403425,240.29,128.744,528.116,1,2,compressed_ring_ar
1778530278.1740696,5,61,1.482881,229.15,119.855,553.681,1,2,compressed_ring_ar
1778530278.72285,5,62,1.544304,248.16,118.367,512.37,1,2,compressed_ring_ar
1778530279.3423734,5,63,1.37201,222.59,141.571,570.177,1,2,compressed_ring_ar
1778530279.9040387,5,64,1.574576,247.52,123.934,512.087,1,2,compressed_ring_ar
1778530280.4700785,5,65,1.43441,240.16,124.628,528.219,1,2,compressed_ring_ar
1778530281.0431323,5,66,1.408904,237.02,121.462,535.592,1,2,compressed_ring_ar
1778530281.6287494,5,67,1.501532,232.39,122.311,546.113,1,2,compressed_ring_ar
1778530282.1931012,5,68,1.370727,240.07,131.548,528.61,1,2,compressed_ring_ar
1778530282.746002,5,69,1.537667,245.42,126.606,516.789,1,2,compressed_ring_ar
1778530283.320144,5,70,1.580122,237.88,123.545,533.576,1,2,compressed_ring_ar
1778530283.9520195,5,71,1.309739,213.81,128.321,594.029,1,2,compressed_ring_ar
1778530284.5215054,5,72,1.531089,237.8,127.707,533.378,1,2,compressed_ring_ar
1778530285.0794494,5,73,1.489924,242.81,127.661,522.368,1,2,compressed_ring_ar
1778530285.6501575,5,74,1.431461,238.75,140.461,531.469,1,2,compressed_ring_ar
1778530286.308273,5,75,1.780942,205.0,151.186,619.827,1,2,compressed_ring_ar
1778530286.901718,5,76,1.540515,228.59,136.368,555.239,1,2,compressed_ring_ar
1778530287.5780373,5,77,1.557346,204.81,147.062,620.422,1,2,compressed_ring_ar
1778530288.2237842,5,78,1.463587,210.45,151.203,603.89,1,2,compressed_ring_ar
1778530288.8061554,5,79,1.311041,237.22,128.241,534.93,1,2,compressed_ring_ar
1778530289.367805,5,80,1.462786,242.34,121.322,523.624,1,2,compressed_ring_ar
1778530290.1078315,5,81,1.586551,187.64,149.535,677.85,1,2,compressed_ring_ar
1778530290.6853158,5,82,1.669733,236.15,122.687,537.677,1,2,compressed_ring_ar
1778530291.2645154,5,83,1.476028,236.07,133.524,537.66,1,2,compressed_ring_ar
1778530291.8268456,5,84,1.575667,241.45,120.078,526.395,1,2,compressed_ring_ar
1778530292.3754091,5,85,1.459389,248.68,117.841,509.815,1,2,compressed_ring_ar
1778530292.9577577,5,86,1.464637,232.91,123.423,544.969,1,2,compressed_ring_ar
1778530293.542033,5,87,1.375498,233.93,132.829,543.269,1,2,compressed_ring_ar
1778530294.102102,5,88,1.660436,242.75,117.563,522.871,1,2,compressed_ring_ar
1778530294.650635,5,89,1.623477,251.52,120.542,504.176,1,2,compressed_ring_ar
1778530295.234757,5,90,1.545991,232.5,131.632,546.139,1,2,compressed_ring_ar
1778530295.8392043,5,91,1.505196,235.33,144.196,539.156,1,2,compressed_ring_ar
1778530296.3919163,5,92,1.540377,246.07,122.919,517.383,1,2,compressed_ring_ar
1778530297.000604,5,93,1.477561,223.43,120.475,568.277,1,2,compressed_ring_ar
1778530297.5654273,5,94,1.454776,240.3,120.947,528.265,1,2,compressed_ring_ar
1778530298.133368,5,95,1.443708,239.34,123.826,530.174,1,2,compressed_ring_ar
1778530298.765547,5,96,1.773441,215.04,127.772,594.088,1,2,compressed_ring_ar
1778530299.3972638,5,97,1.640845,216.15,126.633,587.526,1,2,compressed_ring_ar
1778530299.9925487,5,98,1.462849,235.35,131.726,539.073,1,2,compressed_ring_ar
1778530300.5582044,5,99,1.629924,244.61,125.391,518.441,1,2,compressed_ring_ar
1778530301.1019998,5,100,1.473067,249.88,123.517,507.542,1,2,compressed_ring_ar
1778530301.6763697,5,101,1.614323,237.06,122.882,535.396,1,2,compressed_ring_ar
1778530302.2666798,5,102,1.465653,229.57,123.125,552.756,1,2,compressed_ring_ar
1778530302.845255,5,103,1.638514,235.42,123.495,539.389,1,2,compressed_ring_ar
1778530303.4180455,5,104,1.545936,237.52,120.2,534.338,1,2,compressed_ring_ar
1778530303.9947,5,105,1.424352,237.38,121.5,534.769,1,2,compressed_ring_ar
1778530304.5906866,5,106,1.49753,228.21,126.081,557.119,1,2,compressed_ring_ar
1778530305.159237,5,107,1.663982,238.97,124.361,530.839,1,2,compressed_ring_ar
1778530305.7139132,5,108,1.528431,247.82,121.514,511.857,1,2,compressed_ring_ar
1778530306.3897865,5,109,1.460639,200.96,156.868,633.056,1,2,compressed_ring_ar
1778530307.0081673,5,110,1.550989,226.77,127.753,560.016,1,2,compressed_ring_ar
1778530307.6030023,5,111,1.433019,227.48,121.28,558.032,1,2,compressed_ring_ar
1778530308.169268,5,112,1.457949,239.77,126.35,529.048,1,2,compressed_ring_ar
1778530308.7018566,5,113,1.539556,256.1,124.668,495.282,1,2,compressed_ring_ar
1778530309.2960813,5,114,1.435134,235.68,138.574,538.916,1,2,compressed_ring_ar
1778530309.8668227,5,115,1.490285,239.48,128.654,529.783,1,2,compressed_ring_ar
1778530310.4607332,5,116,1.413591,227.54,129.555,557.815,1,2,compressed_ring_ar
1778530311.0190785,5,117,1.516936,246.74,120.265,514.21,1,2,compressed_ring_ar
1778530311.5962527,5,118,1.494002,234.46,120.953,541.957,1,2,compressed_ring_ar
1778530312.1384006,5,119,1.517647,251.1,116.786,505.298,1,2,compressed_ring_ar
1778530312.695365,5,120,1.603117,243.14,119.368,521.881,1,2,compressed_ring_ar
1778530313.3078845,5,121,1.599509,220.85,146.835,574.879,1,2,compressed_ring_ar
1778530313.865411,5,122,1.453882,243.64,133.032,521.302,1,2,compressed_ring_ar
1778530314.419098,5,123,1.589112,245.89,134.983,516.853,1,2,compressed_ring_ar
1778530315.0483382,5,124,1.563533,214.48,135.567,592.215,1,2,compressed_ring_ar
1778530315.6024241,5,125,1.51736,245.47,119.867,516.637,1,2,compressed_ring_ar
1778530316.1923122,5,126,1.57179,229.21,126.065,553.51,1,2,compressed_ring_ar
1778530316.7421432,5,127,1.682673,248.14,123.872,511.143,1,2,compressed_ring_ar
1778530317.3335707,5,128,1.656435,228.75,128.36,554.854,1,2,compressed_ring_ar
1778530317.8985467,5,129,1.581327,242.11,120.994,523.999,1,2,compressed_ring_ar
1778530318.4922686,5,130,1.638401,227.92,121.453,557.511,1,2,compressed_ring_ar
1778530319.0879953,5,131,1.483742,229.17,129.556,553.971,1,2,compressed_ring_ar
1778530319.6454368,5,132,1.67543,243.0,123.515,522.285,1,2,compressed_ring_ar
1778530320.2352178,5,133,1.404496,230.55,130.309,550.468,1,2,compressed_ring_ar
1778530320.8270428,5,134,1.572992,230.38,121.132,550.805,1,2,compressed_ring_ar
1778530321.411555,5,135,1.527066,236.34,125.093,537.101,1,2,compressed_ring_ar
1778530321.9462898,5,136,1.375156,254.39,115.681,498.673,1,2,compressed_ring_ar
1778530322.5343816,5,137,1.37906,239.74,124.538,529.378,1,2,compressed_ring_ar
1778530323.1195424,5,138,1.54267,231.25,128.294,549.607,1,2,compressed_ring_ar
1778530323.7107866,5,139,1.542464,236.43,125.596,536.887,1,2,compressed_ring_ar
1778530324.300374,5,140,1.485476,230.79,119.272,550.124,1,2,compressed_ring_ar
1778530324.8870432,5,141,1.462954,232.99,119.339,544.414,1,2,compressed_ring_ar
1778530325.4439206,5,142,1.582982,243.22,121.208,521.487,1,2,compressed_ring_ar
1778530326.007458,5,143,1.544228,241.3,124.166,525.797,1,2,compressed_ring_ar
1778530326.5725975,5,144,1.562836,239.59,126.921,529.686,1,2,compressed_ring_ar
1778530327.1698341,5,145,1.435384,226.93,126.125,559.254,1,2,compressed_ring_ar
1778530327.733286,5,146,1.710931,241.45,122.163,525.544,1,2,compressed_ring_ar
1778530328.3070407,5,147,1.592816,236.83,129.952,535.814,1,2,compressed_ring_ar
1778530328.8663576,5,148,1.472359,242.63,126.464,522.768,1,2,compressed_ring_ar
1778530329.4346926,5,149,1.55104,246.31,119.808,515.321,1,2,compressed_ring_ar
1778530329.9996536,5,150,1.432658,244.64,126.944,518.754,1,2,compressed_ring_ar
1778530330.6029015,5,151,1.713141,227.19,132.169,558.792,1,2,compressed_ring_ar
1778530331.2324648,5,152,1.45877,215.5,137.631,589.017,1,2,compressed_ring_ar
1778530331.813493,5,153,1.471563,235.93,122.501,538.01,1,2,compressed_ring_ar
1778530332.3556507,5,154,1.685091,250.29,121.193,506.924,1,2,compressed_ring_ar
1778530332.9423685,5,155,1.392215,231.96,123.422,547.308,1,2,compressed_ring_ar
1778530333.5129066,5,156,1.600029,237.44,133.923,534.203,1,2,compressed_ring_ar
1778530334.0788176,5,157,1.517296,244.66,120.479,518.635,1,2,compressed_ring_ar
1778530334.6445177,5,158,1.554584,239.77,126.815,529.195,1,2,compressed_ring_ar
1778530335.2229073,5,159,1.686864,236.37,122.549,536.564,1,2,compressed_ring_ar
1778530335.8287358,5,160,1.515856,222.94,118.91,570.106,1,2,compressed_ring_ar
1778530336.4000878,5,161,1.689152,237.02,121.247,535.225,1,2,compressed_ring_ar
1778530336.976625,5,162,1.582023,235.27,117.183,539.524,1,2,compressed_ring_ar
1778530337.5183835,5,163,1.643583,254.6,119.646,498.063,1,2,compressed_ring_ar
1778530338.0913236,5,164,1.523646,236.01,119.524,537.811,1,2,compressed_ring_ar
1778530338.6460447,5,165,1.457732,247.82,121.76,511.908,1,2,compressed_ring_ar
1778530339.2160811,5,166,1.49825,237.33,133.463,534.977,1,2,compressed_ring_ar
1778530339.7845774,5,167,1.519456,239.06,129.463,530.703,1,2,compressed_ring_ar
1778530340.3538055,5,168,1.439734,238.26,117.968,531.487,1,2,compressed_ring_ar
1778530340.9095423,5,169,1.547629,249.03,116.515,509.395,1,2,compressed_ring_ar
1778530341.5399919,5,170,1.452471,213.88,139.809,594.641,1,2,compressed_ring_ar
1778530342.1245992,5,171,1.632317,235.12,133.516,539.718,1,2,compressed_ring_ar
1778530342.692216,5,172,1.57675,238.45,127.859,532.117,1,2,compressed_ring_ar
1778530343.223277,5,173,1.377249,256.5,118.831,494.243,1,2,compressed_ring_ar
1778530343.8218687,5,174,1.574351,226.02,142.73,561.377,1,2,compressed_ring_ar
1778530344.3815763,5,175,1.468354,242.64,123.161,522.85,1,2,compressed_ring_ar
1778530344.9410276,5,176,1.521361,242.57,130.527,523.903,1,2,compressed_ring_ar
1778530345.515074,5,177,1.461972,236.89,127.323,535.887,1,2,compressed_ring_ar
1778530346.1272414,5,178,1.536894,221.32,154.138,573.716,1,2,compressed_ring_ar
1778530346.8018446,5,179,1.523148,204.39,126.512,621.525,1,2,compressed_ring_ar
1778530347.409551,5,180,1.494952,222.65,131.41,570.597,1,2,compressed_ring_ar
1778530348.0013158,5,181,1.626677,231.95,126.624,547.075,1,2,compressed_ring_ar
1778530348.5985634,5,182,1.425987,226.17,130.923,561.435,1,2,compressed_ring_ar
1778530349.19156,5,183,1.75356,228.58,123.162,555.342,1,2,compressed_ring_ar
1778530349.7569602,5,184,1.459803,239.85,132.802,529.214,1,2,compressed_ring_ar
1778530350.3148735,5,185,1.502491,245.31,123.529,517.072,1,2,compressed_ring_ar
1778530350.8968334,5,186,1.667031,236.53,123.311,536.304,1,2,compressed_ring_ar
1778530351.4572086,5,187,1.383688,243.05,122.459,521.845,1,2,compressed_ring_ar
1778530352.0283475,5,188,1.547152,237.21,118.632,535.67,1,2,compressed_ring_ar
1778530352.6424637,5,189,1.601552,223.94,127.457,567.035,1,2,compressed_ring_ar
1778530353.2041295,5,190,1.593703,243.5,131.563,521.414,1,2,compressed_ring_ar
1778530353.8228006,5,191,1.678803,219.3,140.7,578.882,1,2,compressed_ring_ar
1778530354.4189131,5,192,1.434323,227.18,128.533,558.652,1,2,compressed_ring_ar
1778530355.0064526,5,193,1.57052,241.66,124.332,524.762,1,2,compressed_ring_ar
1778530355.551222,5,194,1.517556,249.44,121.482,508.383,1,2,compressed_ring_ar
1778530356.1036272,5,195,1.747993,74.23,135.64,534.351,1,2,compressed_ring_ar
1778530362.9096572,6,0,1.582274,177.63,119.302,719.15,1,2,compressed_ring_ar
1778530363.7651587,6,1,1.466048,156.83,129.981,814.809,1,2,compressed_ring_ar
1778530364.4768016,6,2,1.410454,190.14,112.803,671.827,1,2,compressed_ring_ar
1778530365.1681526,6,3,1.403701,194.21,110.073,657.699,1,2,compressed_ring_ar
1778530365.8753254,6,4,1.486762,189.49,127.867,674.116,1,2,compressed_ring_ar
1778530366.5667508,6,5,1.56086,193.06,110.546,661.542,1,2,compressed_ring_ar
1778530367.2711718,6,6,1.533772,190.75,115.616,667.211,1,2,compressed_ring_ar
1778530367.979381,6,7,1.453397,188.92,104.123,673.26,1,2,compressed_ring_ar
1778530368.691846,6,8,1.463487,189.54,121.983,673.928,1,2,compressed_ring_ar
1778530369.3757236,6,9,1.409338,196.98,109.83,647.696,1,2,compressed_ring_ar
1778530370.0698752,6,10,1.481052,193.83,144.911,659.066,1,2,compressed_ring_ar
1778530370.8550482,6,11,1.361309,173.92,113.188,734.801,1,2,compressed_ring_ar
1778530371.4877913,6,12,1.5238,218.42,108.538,581.657,1,2,compressed_ring_ar
1778530372.1808193,6,13,1.600203,194.14,109.993,657.904,1,2,compressed_ring_ar
1778530372.8889806,6,14,1.580502,188.9,116.066,676.234,1,2,compressed_ring_ar
1778530373.5509784,6,15,1.248341,203.37,104.834,628.052,1,2,compressed_ring_ar
1778530374.3047569,6,16,1.674367,180.13,114.91,709.186,1,2,compressed_ring_ar
1778530374.9998503,6,17,1.40409,193.3,109.903,660.746,1,2,compressed_ring_ar
1778530375.7026083,6,18,1.555742,191.73,114.598,663.061,1,2,compressed_ring_ar
1778530376.4077919,6,19,1.521829,192.54,132.736,660.328,1,2,compressed_ring_ar
1778530376.989353,6,20,1.480568,232.57,107.407,549.013,1,2,compressed_ring_ar
1778530377.6701777,6,21,1.394561,197.53,102.267,646.433,1,2,compressed_ring_ar
1778530378.400997,6,22,1.51789,183.79,115.602,695.11,1,2,compressed_ring_ar
1778530379.0375369,6,23,1.415091,211.93,103.1,602.602,1,2,compressed_ring_ar
1778530379.7383175,6,24,1.635633,191.28,114.501,667.771,1,2,compressed_ring_ar
1778530380.462312,6,25,1.591012,185.83,112.036,687.458,1,2,compressed_ring_ar
1778530381.0978162,6,26,1.512007,213.33,127.574,595.837,1,2,compressed_ring_ar
1778530381.7160072,6,27,1.47354,218.36,102.847,584.847,1,2,compressed_ring_ar
1778530382.3462832,6,28,1.626926,215.53,111.056,592.478,1,2,compressed_ring_ar
1778530383.05589,6,29,1.449153,189.02,123.95,675.748,1,2,compressed_ring_ar
1778530383.7761316,6,30,1.428503,186.84,114.884,683.716,1,2,compressed_ring_ar
1778530384.4850214,6,31,1.641992,190.68,126.257,669.925,1,2,compressed_ring_ar
1778530385.230013,6,32,1.524875,182.98,135.285,698.116,1,2,compressed_ring_ar
1778530385.9377823,6,33,1.543272,191.49,122.583,666.44,1,2,compressed_ring_ar
1778530386.7077692,6,34,1.638592,178.23,140.199,716.863,1,2,compressed_ring_ar
1778530387.349601,6,35,1.551706,213.07,103.942,598.513,1,2,compressed_ring_ar
1778530388.0626922,6,36,1.579819,187.69,110.545,680.588,1,2,compressed_ring_ar
1778530388.7419028,6,37,1.493913,197.66,116.073,646.139,1,2,compressed_ring_ar
1778530389.426364,6,38,1.343615,196.47,112.921,650.158,1,2,compressed_ring_ar
1778530390.1487858,6,39,1.62482,185.89,110.573,687.155,1,2,compressed_ring_ar
1778530390.8568783,6,40,1.430902,188.94,121.43,676.136,1,2,compressed_ring_ar
1778530391.5612643,6,41,1.465824,191.03,111.807,668.598,1,2,compressed_ring_ar
1778530392.2828658,6,42,1.394769,185.68,118.784,688.037,1,2,compressed_ring_ar
1778530392.9519095,6,43,1.4606,202.86,105.156,629.569,1,2,compressed_ring_ar
1778530393.6611152,6,44,1.61487,189.01,136.477,672.646,1,2,compressed_ring_ar
1778530394.227569,6,45,1.426185,242.66,102.093,526.043,1,2,compressed_ring_ar
1778530394.9637406,6,46,1.681853,182.1,115.302,700.751,1,2,compressed_ring_ar
1778530395.6941562,6,47,1.52771,183.5,139.589,693.061,1,2,compressed_ring_ar
1778530396.268842,6,48,1.517801,241.55,102.564,528.634,1,2,compressed_ring_ar
1778530396.9734566,6,49,1.572415,190.4,134.396,670.997,1,2,compressed_ring_ar
1778530397.688788,6,50,1.461988,188.59,133.725,677.457,1,2,compressed_ring_ar
1778530398.397963,6,51,1.568702,189.34,132.06,673.645,1,2,compressed_ring_ar
1778530399.1098652,6,52,1.644253,188.07,111.935,679.266,1,2,compressed_ring_ar
1778530399.8168411,6,53,1.524177,190.97,117.176,669.163,1,2,compressed_ring_ar
1778530400.5567815,6,54,1.444515,183.29,122.829,696.941,1,2,compressed_ring_ar
1778530401.2740412,6,55,1.673983,188.42,117.334,677.901,1,2,compressed_ring_ar
1778530401.9926484,6,56,1.398146,186.77,124.542,683.966,1,2,compressed_ring_ar
1778530402.6913762,6,57,1.37924,192.14,113.026,664.81,1,2,compressed_ring_ar
1778530403.3784127,6,58,1.639316,197.26,116.353,647.465,1,2,compressed_ring_ar
1778530404.1235075,6,59,1.548125,179.59,138.288,709.501,1,2,compressed_ring_ar
1778530404.8232489,6,60,1.488258,191.67,104.982,666.408,1,2,compressed_ring_ar
1778530405.4921033,6,61,1.487323,203.19,112.197,628.546,1,2,compressed_ring_ar
1778530406.265325,6,62,1.382428,172.86,121.222,739.27,1,2,compressed_ring_ar
1778530406.9443216,6,63,1.477902,200.89,111.397,635.79,1,2,compressed_ring_ar
1778530407.7375572,6,64,1.411101,171.13,136.072,746.658,1,2,compressed_ring_ar
1778530408.5781481,6,65,1.347337,163.44,163.886,781.801,1,2,compressed_ring_ar
1778530409.345802,6,66,1.5981,176.18,119.743,725.276,1,2,compressed_ring_ar
1778530410.0206466,6,67,1.435398,199.67,133.871,636.274,1,2,compressed_ring_ar
1778530410.5812697,6,68,1.585609,249.95,119.335,507.269,1,2,compressed_ring_ar
1778530411.1723285,6,69,1.597054,228.56,112.572,558.684,1,2,compressed_ring_ar
1778530411.790133,6,70,1.633087,219.51,106.471,581.677,1,2,compressed_ring_ar
1778530412.4894166,6,71,1.564778,191.95,134.436,662.403,1,2,compressed_ring_ar
1778530413.057936,6,72,1.619495,238.42,127.102,532.245,1,2,compressed_ring_ar
1778530413.626122,6,73,1.51122,238.69,103.825,534.853,1,2,compressed_ring_ar
1778530414.319049,6,74,1.534924,196.41,104.152,650.264,1,2,compressed_ring_ar
1778530414.9763558,6,75,1.63313,204.91,140.282,623.263,1,2,compressed_ring_ar
1778530415.6982532,6,76,1.568676,186.26,129.933,682.627,1,2,compressed_ring_ar
1778530416.2868218,6,77,1.513103,229.5,136.351,553.176,1,2,compressed_ring_ar
1778530416.9478562,6,78,1.449423,205.28,138.166,622.158,1,2,compressed_ring_ar
1778530417.7086697,6,79,1.408581,178.34,120.538,716.548,1,2,compressed_ring_ar
1778530418.4009833,6,80,1.604452,196.48,125.534,650.112,1,2,compressed_ring_ar
1778530419.0555172,6,81,1.678771,207.95,106.027,614.123,1,2,compressed_ring_ar
1778530419.8034596,6,82,1.628571,179.95,118.658,709.984,1,2,compressed_ring_ar
1778530420.5220196,6,83,1.353286,188.58,109.069,677.401,1,2,compressed_ring_ar
1778530421.2023847,6,84,1.634151,198.58,116.42,643.139,1,2,compressed_ring_ar
1778530421.8762078,6,85,1.486609,199.85,100.62,639.057,1,2,compressed_ring_ar
1778530422.5817149,6,86,1.655779,190.1,120.678,671.907,1,2,compressed_ring_ar
1778530423.261935,6,87,1.64941,198.83,106.79,642.481,1,2,compressed_ring_ar
1778530423.9614584,6,88,1.59023,192.18,115.701,664.767,1,2,compressed_ring_ar
1778530424.6435938,6,89,1.600286,198.43,103.309,643.757,1,2,compressed_ring_ar
1778530425.3275135,6,90,1.55241,197.49,100.791,646.713,1,2,compressed_ring_ar
1778530426.1174393,6,91,1.486195,168.15,146.631,760.043,1,2,compressed_ring_ar
1778530426.8805187,6,92,1.487523,180.07,128.551,706.541,1,2,compressed_ring_ar
1778530427.6180742,6,93,1.429772,181.59,131.514,700.38,1,2,compressed_ring_ar
1778530428.2161756,6,94,1.566219,228.03,121.232,560.162,1,2,compressed_ring_ar
1778530428.9137778,6,95,1.60455,192.55,121.252,663.323,1,2,compressed_ring_ar
1778530429.5749342,6,96,1.411863,204.67,109.437,623.663,1,2,compressed_ring_ar
1778530430.262776,6,97,1.560944,195.26,104.703,652.491,1,2,compressed_ring_ar
1778530430.9556587,6,98,1.6067,194.2,103.056,657.633,1,2,compressed_ring_ar
1778530431.6463695,6,99,1.616826,194.54,119.894,656.531,1,2,compressed_ring_ar
1778530432.3263924,6,100,1.58584,198.59,103.469,643.081,1,2,compressed_ring_ar
1778530433.015356,6,101,1.379214,195.05,117.741,654.868,1,2,compressed_ring_ar
1778530433.7215881,6,102,1.566217,190.83,108.985,669.381,1,2,compressed_ring_ar
1778530434.3848631,6,103,1.387759,206.98,101.636,615.087,1,2,compressed_ring_ar
1778530435.0875251,6,104,1.596419,191.11,125.246,665.909,1,2,compressed_ring_ar
1778530435.6511354,6,105,1.698655,243.54,102.178,524.315,1,2,compressed_ring_ar
1778530436.3745906,6,106,1.425946,185.85,119.427,687.333,1,2,compressed_ring_ar
1778530437.0410457,6,107,1.610723,202.25,116.243,631.503,1,2,compressed_ring_ar
1778530437.7827399,6,108,1.469081,180.27,166.952,709.004,1,2,compressed_ring_ar
1778530438.4757576,6,109,1.485525,197.5,112.632,646.675,1,2,compressed_ring_ar
1778530439.1597593,6,110,1.525374,198.47,103.204,642.793,1,2,compressed_ring_ar
1778530439.882617,6,111,1.584562,185.58,118.825,688.297,1,2,compressed_ring_ar
1778530440.5534039,6,112,1.494706,203.58,110.66,627.385,1,2,compressed_ring_ar
1778530441.2567372,6,113,1.658054,191.83,113.23,665.871,1,2,compressed_ring_ar
1778530441.977601,6,114,1.53098,186.15,138.975,686.375,1,2,compressed_ring_ar
1778530442.7597694,6,115,1.577068,175.21,118.992,729.482,1,2,compressed_ring_ar
1778530443.46777,6,116,1.460078,189.74,122.295,673.206,1,2,compressed_ring_ar
1778530444.1814847,6,117,1.417339,188.43,155.564,677.873,1,2,compressed_ring_ar
1778530444.8881762,6,118,1.44948,190.48,115.151,667.787,1,2,compressed_ring_ar
1778530445.6169648,6,119,1.617597,183.43,133.597,696.493,1,2,compressed_ring_ar
1778530446.3256936,6,120,1.542335,191.28,113.713,667.823,1,2,compressed_ring_ar
1778530447.0885708,6,121,1.483924,179.13,115.547,709.997,1,2,compressed_ring_ar
1778530447.8268743,6,122,1.575984,181.16,115.985,705.217,1,2,compressed_ring_ar
1778530448.5313873,6,123,1.551833,190.63,110.666,670.125,1,2,compressed_ring_ar
1778530449.302825,6,124,1.496008,174.29,138.438,729.642,1,2,compressed_ring_ar
1778530449.861933,6,125,1.624983,247.26,103.682,516.555,1,2,compressed_ring_ar
1778530450.592194,6,126,1.618514,188.71,148.877,673.877,1,2,compressed_ring_ar
1778530451.1750343,6,127,1.672185,233.95,108.08,545.758,1,2,compressed_ring_ar
1778530451.8620417,6,128,1.519392,196.23,107.748,650.84,1,2,compressed_ring_ar
1778530452.5981102,6,129,1.41244,181.56,118.195,700.925,1,2,compressed_ring_ar
1778530453.3080487,6,130,1.459689,188.63,116.86,677.114,1,2,compressed_ring_ar
1778530454.0344868,6,131,1.454684,187.42,121.698,681.575,1,2,compressed_ring_ar
1778530454.725796,6,132,1.432628,194.08,116.606,658.169,1,2,compressed_ring_ar
1778530455.4160645,6,133,1.532263,194.46,117.909,656.875,1,2,compressed_ring_ar
1778530456.1067958,6,134,1.439034,193.3,124.678,660.822,1,2,compressed_ring_ar
1778530456.8114293,6,135,1.399098,192.04,109.151,665.446,1,2,compressed_ring_ar
1778530457.5616546,6,136,1.464845,178.71,135.523,713.761,1,2,compressed_ring_ar
1778530458.4079416,6,137,1.488808,159.02,179.448,803.59,1,2,compressed_ring_ar
1778530459.1497204,6,138,1.465448,181.41,137.402,700.973,1,2,compressed_ring_ar
1778530459.9193218,6,139,1.484195,174.25,130.138,733.39,1,2,compressed_ring_ar
1778530460.6545932,6,140,1.435021,183.36,114.817,696.762,1,2,compressed_ring_ar
1778530461.3953085,6,141,1.49031,184.15,144.051,692.117,1,2,compressed_ring_ar
1778530462.1044495,6,142,1.822205,188.79,116.168,673.578,1,2,compressed_ring_ar
1778530462.8214717,6,143,1.364817,187.0,106.927,682.207,1,2,compressed_ring_ar
1778530463.577088,6,144,1.466396,176.97,120.083,721.879,1,2,compressed_ring_ar
1778530464.264697,6,145,1.483522,196.42,113.793,650.201,1,2,compressed_ring_ar
1778530464.9963145,6,146,1.483333,184.02,117.171,694.227,1,2,compressed_ring_ar
1778530465.747148,6,147,1.592503,178.38,136.883,716.471,1,2,compressed_ring_ar
1778530466.5874283,6,148,1.548623,162.78,130.015,785.114,1,2,compressed_ring_ar
1778530467.321292,6,149,1.415578,184.55,109.305,692.235,1,2,compressed_ring_ar
1778530468.0423703,6,150,1.527792,186.95,109.646,683.273,1,2,compressed_ring_ar
1778530468.7232132,6,151,1.380219,199.81,100.112,636.135,1,2,compressed_ring_ar
1778530469.4333677,6,152,1.502757,188.88,113.593,676.303,1,2,compressed_ring_ar
1778530470.12262,6,153,1.649925,195.08,122.626,654.753,1,2,compressed_ring_ar
1778530470.894677,6,154,1.459899,172.99,133.066,735.372,1,2,compressed_ring_ar
1778530471.4577715,6,155,1.416436,242.29,124.873,523.492,1,2,compressed_ring_ar
1778530472.0339222,6,156,1.408202,234.78,112.568,543.141,1,2,compressed_ring_ar
1778530472.7412827,6,157,1.435113,189.52,142.981,674.155,1,2,compressed_ring_ar
1778530473.4343388,6,158,1.485568,193.74,109.411,659.322,1,2,compressed_ring_ar
1778530474.2185023,6,159,1.490903,172.31,144.098,741.464,1,2,compressed_ring_ar
1778530474.9819,6,160,1.552058,179.67,108.886,711.089,1,2,compressed_ring_ar
1778530475.6599724,6,161,1.517544,199.49,107.896,640.329,1,2,compressed_ring_ar
1778530476.2909122,6,162,1.549155,221.12,110.422,577.51,1,2,compressed_ring_ar
1778530477.011011,6,163,1.607019,186.39,115.292,685.336,1,2,compressed_ring_ar
1778530477.7285779,6,164,1.503391,190.47,114.758,668.945,1,2,compressed_ring_ar
1778530478.4364612,6,165,1.495986,189.66,110.934,673.544,1,2,compressed_ring_ar
1778530479.1265707,6,166,1.489648,195.23,106.271,651.038,1,2,compressed_ring_ar
1778530479.8198593,6,167,1.556847,194.31,108.657,657.376,1,2,compressed_ring_ar
1778530480.551592,6,168,1.939692,183.02,121.265,698.057,1,2,compressed_ring_ar
1778530481.2914314,6,169,1.511118,180.45,132.779,708.096,1,2,compressed_ring_ar
1778530482.005729,6,170,1.541692,189.07,104.404,675.732,1,2,compressed_ring_ar
1778530482.8224964,6,171,1.457512,171.25,127.296,746.128,1,2,compressed_ring_ar
1778530483.4647477,6,172,1.535036,210.2,101.255,607.535,1,2,compressed_ring_ar
1778530484.182796,6,173,1.547646,186.44,110.525,682.357,1,2,compressed_ring_ar
1778530484.886531,6,174,1.406191,190.36,113.921,671.081,1,2,compressed_ring_ar
1778530485.513901,6,175,1.496354,217.22,110.915,587.864,1,2,compressed_ring_ar
1778530486.1979213,6,176,1.580423,195.65,113.851,652.858,1,2,compressed_ring_ar
1778530486.8994207,6,177,1.597085,191.16,115.528,668.257,1,2,compressed_ring_ar
1778530487.550116,6,178,1.481542,207.27,113.992,614.495,1,2,compressed_ring_ar
1778530488.2542026,6,179,1.446044,190.61,120.758,670.15,1,2,compressed_ring_ar
1778530488.9614909,6,180,1.540692,190.5,120.658,670.605,1,2,compressed_ring_ar
1778530489.6157868,6,181,1.40199,206.59,111.349,618.316,1,2,compressed_ring_ar
1778530490.2978663,6,182,1.655497,197.6,113.625,646.343,1,2,compressed_ring_ar
1778530491.049888,6,183,1.504514,177.71,116.668,715.859,1,2,compressed_ring_ar
1778530491.744676,6,184,1.427675,193.61,126.008,656.496,1,2,compressed_ring_ar
1778530492.3772147,6,185,1.522031,214.65,116.44,594.145,1,2,compressed_ring_ar
1778530493.0481253,6,186,1.534024,204.78,105.224,623.699,1,2,compressed_ring_ar
1778530493.753087,6,187,1.592073,191.22,116.03,665.087,1,2,compressed_ring_ar
1778530494.4496133,6,188,1.592694,194.68,126.899,656.087,1,2,compressed_ring_ar
1778530495.1425486,6,189,1.612491,194.22,111.984,656.391,1,2,compressed_ring_ar
1778530495.8279908,6,190,1.611243,195.84,127.227,649.35,1,2,compressed_ring_ar
1778530496.585733,6,191,1.546621,179.57,115.48,711.429,1,2,compressed_ring_ar
1778530497.2769635,6,192,1.602921,194.88,115.363,655.47,1,2,compressed_ring_ar
1778530497.9804647,6,193,1.567147,190.6,108.973,670.169,1,2,compressed_ring_ar
1778530498.6752844,6,194,1.431167,193.09,112.817,661.514,1,2,compressed_ring_ar
1778530499.1990213,6,195,1.521081,78.8,105.799,506.252,1,2,compressed_ring_ar
1778530505.6651125,7,0,1.548375,183.69,119.1,695.401,1,2,compressed_ring_ar
1778530506.3811402,7,1,1.648399,188.0,110.539,677.595,1,2,compressed_ring_ar
1778530507.083195,7,2,1.324908,191.52,118.172,666.936,1,2,compressed_ring_ar
1778530507.8024635,7,3,1.608235,186.34,114.259,685.808,1,2,compressed_ring_ar
1778530508.4408596,7,4,1.515137,211.89,109.371,602.658,1,2,compressed_ring_ar
1778530509.1389678,7,5,1.501788,192.75,119.031,662.67,1,2,compressed_ring_ar
1778530509.8427298,7,6,1.464017,190.85,109.507,668.953,1,2,compressed_ring_ar
1778530510.5072324,7,7,1.463108,204.21,139.589,625.631,1,2,compressed_ring_ar
1778530511.1890318,7,8,1.424689,198.15,129.41,641.176,1,2,compressed_ring_ar
1778530511.802662,7,9,1.532429,220.22,128.367,576.575,1,2,compressed_ring_ar
1778530512.3437707,7,10,1.582679,251.38,119.292,504.772,1,2,compressed_ring_ar
1778530512.924598,7,11,1.58567,233.37,106.347,547.127,1,2,compressed_ring_ar
1778530513.6729262,7,12,1.609563,178.6,124.461,715.383,1,2,compressed_ring_ar
1778530514.613677,7,13,1.422322,142.82,168.264,893.24,1,2,compressed_ring_ar
1778530515.3577268,7,14,1.536048,180.14,112.409,709.118,1,2,compressed_ring_ar
1778530516.0406473,7,15,1.431087,195.88,138.242,651.271,1,2,compressed_ring_ar
1778530516.7506123,7,16,1.451784,189.3,115.74,671.758,1,2,compressed_ring_ar
1778530517.4525056,7,17,1.517737,191.0,115.651,667.054,1,2,compressed_ring_ar
1778530518.1711411,7,18,1.47439,187.03,109.545,680.125,1,2,compressed_ring_ar
1778530518.8915596,7,19,1.456912,186.57,121.16,684.715,1,2,compressed_ring_ar
1778530519.609371,7,20,1.453322,187.31,119.587,681.987,1,2,compressed_ring_ar
1778530520.3121727,7,21,1.430128,191.52,111.662,666.102,1,2,compressed_ring_ar
1778530521.0098023,7,22,1.535119,192.07,119.191,665.006,1,2,compressed_ring_ar
1778530521.6977088,7,23,1.503313,195.3,134.536,650.618,1,2,compressed_ring_ar
1778530522.2975764,7,24,1.698539,225.62,112.337,565.217,1,2,compressed_ring_ar
1778530522.990236,7,25,1.568245,194.11,149.644,658.269,1,2,compressed_ring_ar
1778530523.6549325,7,26,1.593496,204.15,110.134,625.612,1,2,compressed_ring_ar
1778530524.3609734,7,27,1.515168,191.76,134.957,665.973,1,2,compressed_ring_ar
1778530525.045034,7,28,1.392026,198.96,108.503,641.096,1,2,compressed_ring_ar
1778530525.7600179,7,29,1.630573,187.42,118.836,681.339,1,2,compressed_ring_ar
1778530526.4485214,7,30,1.523425,195.21,105.74,654.275,1,2,compressed_ring_ar
1778530527.1029994,7,31,1.411633,210.17,107.902,607.671,1,2,compressed_ring_ar
1778530527.7870872,7,32,1.411875,196.69,115.901,649.015,1,2,compressed_ring_ar
1778530528.4401333,7,33,1.543651,206.29,114.323,616.17,1,2,compressed_ring_ar
1778530529.1558993,7,34,1.53273,187.02,104.075,682.149,1,2,compressed_ring_ar
1778530529.8651865,7,35,1.569739,190.47,120.946,670.617,1,2,compressed_ring_ar
1778530530.5480971,7,36,1.486753,197.49,111.464,646.642,1,2,compressed_ring_ar
1778530531.2493732,7,37,1.504358,191.82,116.343,665.909,1,2,compressed_ring_ar
1778530531.963901,7,38,1.712982,188.25,122.584,678.56,1,2,compressed_ring_ar
1778530532.6542675,7,39,1.635232,195.2,115.858,654.348,1,2,compressed_ring_ar
1778530533.3674092,7,40,1.574339,190.76,112.193,669.587,1,2,compressed_ring_ar
1778530534.0971978,7,41,1.479053,183.88,137.62,693.105,1,2,compressed_ring_ar
1778530534.8483958,7,42,1.536905,177.96,142.666,717.846,1,2,compressed_ring_ar
1778530535.5518122,7,43,1.468248,192.06,123.455,665.031,1,2,compressed_ring_ar
1778530536.2627895,7,44,1.390978,188.45,114.535,677.845,1,2,compressed_ring_ar
1778530536.9593172,7,45,1.495871,192.35,110.435,664.003,1,2,compressed_ring_ar
1778530537.6240244,7,46,1.502934,202.19,117.851,631.699,1,2,compressed_ring_ar
1778530538.3452616,7,47,1.556446,186.39,107.177,685.308,1,2,compressed_ring_ar
1778530539.065394,7,48,1.665983,185.92,112.688,687.305,1,2,compressed_ring_ar
1778530539.722155,7,49,1.534202,205.21,111.965,622.348,1,2,compressed_ring_ar
1778530540.4557338,7,50,1.499694,182.6,126.891,699.659,1,2,compressed_ring_ar
1778530541.1021962,7,51,1.543507,210.18,130.916,607.613,1,2,compressed_ring_ar
1778530541.749744,7,52,1.466416,209.25,108.036,610.324,1,2,compressed_ring_ar
1778530542.4874542,7,53,1.473239,181.88,121.572,702.318,1,2,compressed_ring_ar
1778530543.1737661,7,54,1.493419,196.47,124.802,650.062,1,2,compressed_ring_ar
1778530543.8802736,7,55,1.488594,189.95,118.288,672.43,1,2,compressed_ring_ar
1778530544.58363,7,56,1.433914,191.18,128.623,668.109,1,2,compressed_ring_ar
1778530545.2511013,7,57,1.491338,202.15,106.369,630.138,1,2,compressed_ring_ar
1778530546.0572357,7,58,1.344002,165.94,157.258,770.15,1,2,compressed_ring_ar
1778530546.8907976,7,59,1.422439,164.51,120.645,776.7,1,2,compressed_ring_ar
1778530547.592583,7,60,1.449172,191.71,118.574,666.293,1,2,compressed_ring_ar
1778530548.3248231,7,61,1.604498,184.38,132.874,692.825,1,2,compressed_ring_ar
1778530549.0576172,7,62,1.535317,184.56,107.909,692.161,1,2,compressed_ring_ar
1778530549.7589476,7,63,1.53367,194.41,127.61,657.056,1,2,compressed_ring_ar
1778530550.4133048,7,64,1.659556,206.21,143.287,619.37,1,2,compressed_ring_ar
1778530551.1510973,7,65,1.383271,181.5,140.411,703.843,1,2,compressed_ring_ar
1778530551.816067,7,66,1.403777,203.01,136.928,625.752,1,2,compressed_ring_ar
1778530552.382182,7,67,1.574211,240.12,121.077,528.57,1,2,compressed_ring_ar
1778530552.9799614,7,68,1.482885,225.87,106.779,565.287,1,2,compressed_ring_ar
1778530553.6318336,7,69,1.372842,207.09,118.633,613.732,1,2,compressed_ring_ar
1778530554.322315,7,70,1.424636,194.06,113.377,657.125,1,2,compressed_ring_ar
1778530554.9569674,7,71,1.488859,213.85,169.132,596.298,1,2,compressed_ring_ar
1778530555.5930388,7,72,1.361597,211.99,146.238,602.382,1,2,compressed_ring_ar
1778530556.3330138,7,73,1.472283,180.5,128.034,707.791,1,2,compressed_ring_ar
1778530557.0627575,7,74,1.515753,184.2,115.108,691.839,1,2,compressed_ring_ar
1778530557.7588508,7,75,1.563611,192.51,111.05,663.512,1,2,compressed_ring_ar
1778530558.446085,7,76,1.527978,196.17,127.904,651.193,1,2,compressed_ring_ar
1778530559.0839024,7,77,1.579345,219.34,104.512,580.477,1,2,compressed_ring_ar
1778530559.7728877,7,78,1.339265,194.63,111.014,656.298,1,2,compressed_ring_ar
1778530560.4745557,7,79,1.499946,192.56,110.232,663.266,1,2,compressed_ring_ar
1778530561.2175782,7,80,1.533799,186.17,131.455,686.195,1,2,compressed_ring_ar
1778530561.8138301,7,81,1.505417,229.02,130.661,554.444,1,2,compressed_ring_ar
1778530562.5526595,7,82,1.545603,182.3,139.918,700.919,1,2,compressed_ring_ar
1778530563.3450541,7,83,1.555978,171.43,121.528,743.332,1,2,compressed_ring_ar
1778530564.0686913,7,84,1.467434,185.82,143.392,684.515,1,2,compressed_ring_ar
1778530564.624348,7,85,1.723934,244.96,119.627,521.184,1,2,compressed_ring_ar
1778530565.2481785,7,86,1.502923,218.47,132.733,581.362,1,2,compressed_ring_ar
1778530565.825537,7,87,1.670159,245.0,109.442,521.079,1,2,compressed_ring_ar
1778530566.5227132,7,88,1.472731,193.06,122.212,661.637,1,2,compressed_ring_ar
1778530567.2663822,7,89,1.520908,180.14,110.213,706.027,1,2,compressed_ring_ar
1778530567.980593,7,90,1.621627,187.93,126.074,676.593,1,2,compressed_ring_ar
1778530568.51906,7,91,1.35699,253.34,118.946,500.312,1,2,compressed_ring_ar
1778530569.1220493,7,92,1.403685,224.52,127.668,565.453,1,2,compressed_ring_ar
1778530569.6812654,7,93,1.459908,253.4,128.22,500.55,1,2,compressed_ring_ar
1778530570.2660956,7,94,1.373368,231.65,117.291,547.916,1,2,compressed_ring_ar
1778530570.828978,7,95,1.542325,240.73,122.34,527.119,1,2,compressed_ring_ar
1778530571.4129999,7,96,1.449035,250.7,103.151,509.211,1,2,compressed_ring_ar
1778530572.095117,7,97,1.463935,196.93,117.264,645.727,1,2,compressed_ring_ar
1778530572.811088,7,98,1.692877,187.9,118.61,679.784,1,2,compressed_ring_ar
1778530573.491275,7,99,1.48263,197.55,118.906,646.534,1,2,compressed_ring_ar
1778530574.239855,7,100,1.618644,178.71,125.784,714.856,1,2,compressed_ring_ar
1778530574.8568866,7,101,1.492894,222.75,108.301,573.239,1,2,compressed_ring_ar
1778530575.5609844,7,102,1.519594,191.47,114.885,667.089,1,2,compressed_ring_ar
1778530576.2616625,7,103,1.48787,190.63,131.103,666.969,1,2,compressed_ring_ar
1778530576.8257964,7,104,1.499094,240.72,108.38,530.357,1,2,compressed_ring_ar
1778530577.5690787,7,105,1.389403,182.19,130.809,700.348,1,2,compressed_ring_ar
1778530578.3015487,7,106,1.420439,184.58,144.662,692.092,1,2,compressed_ring_ar
1778530578.9981163,7,107,1.537923,194.91,109.226,653.912,1,2,compressed_ring_ar
1778530579.6794546,7,108,1.451494,199.41,127.179,640.469,1,2,compressed_ring_ar
1778530580.3858228,7,109,1.39112,190.35,132.702,671.093,1,2,compressed_ring_ar
1778530581.1021786,7,110,1.435888,187.65,118.054,677.704,1,2,compressed_ring_ar
1778530581.8179135,7,111,1.539599,187.32,119.544,680.333,1,2,compressed_ring_ar
1778530582.5169606,7,112,1.512532,191.67,120.468,664.632,1,2,compressed_ring_ar
1778530583.2277672,7,113,1.420856,188.81,119.206,676.545,1,2,compressed_ring_ar
1778530583.9246376,7,114,1.670445,193.17,106.806,660.257,1,2,compressed_ring_ar
1778530584.5941248,7,115,1.657638,202.78,132.165,629.826,1,2,compressed_ring_ar
1778530585.2568712,7,116,1.391288,204.16,106.466,625.638,1,2,compressed_ring_ar
1778530586.0303242,7,117,1.430251,172.67,116.302,736.875,1,2,compressed_ring_ar
1778530586.782603,7,118,1.525574,178.99,130.712,713.653,1,2,compressed_ring_ar
1778530587.4926858,7,119,1.476644,189.67,109.036,673.533,1,2,compressed_ring_ar
1778530588.156445,7,120,1.64298,203.18,115.211,628.851,1,2,compressed_ring_ar
1778530588.8450768,7,121,1.586476,196.98,110.896,648.432,1,2,compressed_ring_ar
1778530589.598308,7,122,1.460443,178.61,144.235,712.541,1,2,compressed_ring_ar
1778530590.3094144,7,123,1.648174,188.45,117.323,675.997,1,2,compressed_ring_ar
1778530591.0029752,7,124,1.451969,193.2,124.552,657.717,1,2,compressed_ring_ar
1778530591.583696,7,125,1.399788,234.72,128.297,540.779,1,2,compressed_ring_ar
1778530592.1664214,7,126,1.409658,233.0,132.794,544.762,1,2,compressed_ring_ar
1778530592.7290945,7,127,1.522163,240.49,127.141,527.421,1,2,compressed_ring_ar
1778530593.3090277,7,128,1.47479,239.21,126.619,530.447,1,2,compressed_ring_ar
1778530593.9754677,7,129,1.573123,201.64,133.284,630.011,1,2,compressed_ring_ar
1778530594.5728514,7,130,1.599453,227.01,124.994,559.288,1,2,compressed_ring_ar
1778530595.1326883,7,131,1.383958,242.29,128.242,524.02,1,2,compressed_ring_ar
1778530595.6982374,7,132,1.473649,240.53,105.448,530.768,1,2,compressed_ring_ar
1778530596.4221027,7,133,1.559104,185.08,117.072,689.351,1,2,compressed_ring_ar
1778530597.1523883,7,134,1.420882,183.18,161.039,695.068,1,2,compressed_ring_ar
1778530597.8240497,7,135,1.576674,208.58,103.932,612.238,1,2,compressed_ring_ar
1778530598.5684896,7,136,1.44783,179.66,129.41,707.597,1,2,compressed_ring_ar
1778530599.1682155,7,137,1.373933,230.85,104.213,553.16,1,2,compressed_ring_ar
1778530599.87966,7,138,1.649415,190.57,124.203,670.277,1,2,compressed_ring_ar
1778530600.5394402,7,139,1.579374,207.61,106.066,615.212,1,2,compressed_ring_ar
1778530601.2356236,7,140,1.425058,193.37,109.334,660.561,1,2,compressed_ring_ar
1778530601.9583652,7,141,1.507903,185.34,106.854,689.235,1,2,compressed_ring_ar
1778530602.6548765,7,142,1.402059,192.71,121.043,662.796,1,2,compressed_ring_ar
1778530603.372149,7,143,1.595595,187.23,137.324,682.24,1,2,compressed_ring_ar
1778530604.1349058,7,144,1.357526,175.01,127.939,729.297,1,2,compressed_ring_ar
1778530604.8083208,7,145,1.51593,200.83,133.906,635.968,1,2,compressed_ring_ar
1778530605.643023,7,146,1.548395,160.5,116.785,796.059,1,2,compressed_ring_ar
1778530606.3535645,7,147,1.46357,188.49,130.785,677.752,1,2,compressed_ring_ar
1778530606.9969535,7,148,1.393566,210.23,103.858,607.576,1,2,compressed_ring_ar
1778530607.6996121,7,149,1.369933,190.98,115.271,668.791,1,2,compressed_ring_ar
1778530608.376966,7,150,1.540734,198.81,118.27,642.532,1,2,compressed_ring_ar
1778530609.0264807,7,151,1.590046,211.18,112.512,604.716,1,2,compressed_ring_ar
1778530609.7251647,7,152,1.528441,198.4,118.1,643.798,1,2,compressed_ring_ar
1778530610.3894362,7,153,1.556081,205.36,116.453,621.92,1,2,compressed_ring_ar
1778530611.0910656,7,154,1.472023,191.91,110.248,665.178,1,2,compressed_ring_ar
1778530611.7388504,7,155,1.43139,207.96,122.542,614.114,1,2,compressed_ring_ar
1778530612.440845,7,156,1.477113,191.19,107.752,665.134,1,2,compressed_ring_ar
1778530613.132906,7,157,1.459306,193.98,120.776,655.307,1,2,compressed_ring_ar
1778530613.7027986,7,158,1.467936,243.31,105.048,521.828,1,2,compressed_ring_ar
1778530614.399525,7,159,1.311682,195.48,130.038,650.094,1,2,compressed_ring_ar
1778530614.9937012,7,160,1.499128,229.09,104.691,556.4,1,2,compressed_ring_ar
1778530615.7078624,7,161,1.568387,187.43,110.871,681.523,1,2,compressed_ring_ar
1778530616.416916,7,162,1.468213,189.65,118.165,672.679,1,2,compressed_ring_ar
1778530617.1350963,7,163,1.402503,188.08,120.173,679.101,1,2,compressed_ring_ar
1778530617.839449,7,164,1.379929,192.08,106.028,664.993,1,2,compressed_ring_ar
1778530618.5519123,7,165,1.372607,192.83,117.605,662.431,1,2,compressed_ring_ar
1778530619.2695377,7,166,1.695538,187.18,110.391,681.701,1,2,compressed_ring_ar
1778530619.9614341,7,167,1.455142,195.34,110.24,653.856,1,2,compressed_ring_ar
1778530620.7153888,7,168,1.471522,179.03,131.014,713.638,1,2,compressed_ring_ar
1778530621.513871,7,169,1.506296,169.12,140.246,755.393,1,2,compressed_ring_ar
1778530622.230799,7,170,1.519948,187.42,114.493,681.578,1,2,compressed_ring_ar
1778530622.9116826,7,171,1.671733,197.93,105.518,645.271,1,2,compressed_ring_ar
1778530623.5982242,7,172,1.396563,196.92,114.335,645.533,1,2,compressed_ring_ar
1778530624.354251,7,173,1.536404,176.46,128.851,722.954,1,2,compressed_ring_ar
1778530625.0606835,7,174,1.534616,189.97,120.258,672.446,1,2,compressed_ring_ar
1778530625.7812994,7,175,1.518071,185.95,106.901,686.998,1,2,compressed_ring_ar
1778530626.4991302,7,176,1.466761,186.85,111.058,680.497,1,2,compressed_ring_ar
1778530627.2477708,7,177,1.628509,180.52,132.758,707.808,1,2,compressed_ring_ar
1778530627.9158106,7,178,1.599153,201.37,135.522,631.095,1,2,compressed_ring_ar
1778530628.5437405,7,179,1.456336,226.39,116.855,563.988,1,2,compressed_ring_ar
1778530629.333432,7,180,1.547742,170.61,134.011,748.926,1,2,compressed_ring_ar
1778530630.0624309,7,181,1.419283,185.66,114.003,688.053,1,2,compressed_ring_ar
1778530630.906142,7,182,1.581868,162.06,142.479,785.304,1,2,compressed_ring_ar
1778530631.6606746,7,183,1.850216,181.39,144.657,704.294,1,2,compressed_ring_ar
1778530632.3401926,7,184,1.488211,201.08,111.687,635.342,1,2,compressed_ring_ar
1778530633.0207381,7,185,1.472135,198.23,106.815,644.303,1,2,compressed_ring_ar
1778530633.7344875,7,186,1.675756,188.12,140.781,679.072,1,2,compressed_ring_ar
1778530634.4714236,7,187,1.469945,182.99,103.76,695.236,1,2,compressed_ring_ar
1778530635.2001994,7,188,1.564947,184.12,115.443,694.061,1,2,compressed_ring_ar
1778530635.8611002,7,189,1.605881,209.93,102.163,608.331,1,2,compressed_ring_ar
1778530636.5628045,7,190,1.366312,191.32,125.929,666.022,1,2,compressed_ring_ar
1778530637.324825,7,191,1.678341,175.24,130.777,727.597,1,2,compressed_ring_ar
1778530637.9376876,7,192,1.416405,221.22,108.019,577.292,1,2,compressed_ring_ar
1778530638.6481116,7,193,1.593871,188.67,114.016,677.03,1,2,compressed_ring_ar
1778530639.3500328,7,194,1.398626,194.07,114.267,658.358,1,2,compressed_ring_ar
1778530639.884064,7,195,1.432824,77.1,106.433,517.391,1,2,compressed_ring_ar
1778530646.3916156,8,0,1.438336,182.43,137.054,700.602,1,2,compressed_ring_ar
1778530647.0875382,8,1,1.41639,193.64,114.21,658.807,1,2,compressed_ring_ar
1778530647.8020246,8,2,1.583069,187.67,123.456,680.681,1,2,compressed_ring_ar
1778530648.5112472,8,3,1.330631,190.05,118.792,672.195,1,2,compressed_ring_ar
1778530649.2151048,8,4,1.47838,190.65,127.693,669.141,1,2,compressed_ring_ar
1778530649.8982723,8,5,1.525517,196.98,116.104,648.403,1,2,compressed_ring_ar
1778530650.5951982,8,6,1.558513,192.79,128.325,662.573,1,2,compressed_ring_ar
1778530651.281245,8,7,1.411538,195.99,128.523,651.925,1,2,compressed_ring_ar
1778530651.9747636,8,8,1.59437,193.96,111.269,658.506,1,2,compressed_ring_ar
1778530652.7225647,8,9,1.563233,178.64,131.795,715.168,1,2,compressed_ring_ar
1778530653.5831263,8,10,1.356373,155.39,138.516,822.323,1,2,compressed_ring_ar
1778530654.3295064,8,11,1.423294,179.68,116.601,710.968,1,2,compressed_ring_ar
1778530655.0417883,8,12,1.46555,187.87,119.93,679.894,1,2,compressed_ring_ar
1778530655.7527418,8,13,1.628981,192.31,121.499,664.232,1,2,compressed_ring_ar
1778530656.492356,8,14,1.488783,181.17,107.64,705.705,1,2,compressed_ring_ar
1778530657.1452742,8,15,1.46793,212.96,113.514,599.648,1,2,compressed_ring_ar
1778530657.846835,8,16,1.406977,193.63,105.955,659.809,1,2,compressed_ring_ar
1778530658.456126,8,17,1.710549,222.35,98.67,574.327,1,2,compressed_ring_ar
1778530659.1579545,8,18,1.480309,190.83,120.879,669.419,1,2,compressed_ring_ar
1778530659.7994878,8,19,1.550667,211.35,108.462,603.4,1,2,compressed_ring_ar
1778530660.4939146,8,20,1.610725,194.31,116.463,657.383,1,2,compressed_ring_ar
1778530661.1866395,8,21,1.493064,194.62,107.406,653.17,1,2,compressed_ring_ar
1778530661.8791232,8,22,1.568949,193.56,111.673,659.923,1,2,compressed_ring_ar
1778530662.5516315,8,23,1.524468,200.25,121.991,637.813,1,2,compressed_ring_ar
1778530663.3065915,8,24,1.445951,177.75,128.405,718.877,1,2,compressed_ring_ar
1778530664.0313852,8,25,1.449972,185.52,184.657,688.619,1,2,compressed_ring_ar
1778530664.745956,8,26,1.324005,189.46,112.513,674.183,1,2,compressed_ring_ar
1778530665.451199,8,27,1.540486,191.43,113.126,664.128,1,2,compressed_ring_ar
1778530666.1435757,8,28,1.395462,193.18,112.165,659.793,1,2,compressed_ring_ar
1778530666.8568957,8,29,1.7459,189.26,109.465,674.907,1,2,compressed_ring_ar
1778530667.5353281,8,30,1.629609,201.04,116.792,632.364,1,2,compressed_ring_ar
1778530668.244624,8,31,1.512419,189.85,121.333,669.834,1,2,compressed_ring_ar
1778530669.0056481,8,32,1.505111,180.53,114.724,704.519,1,2,compressed_ring_ar
1778530669.8080137,8,33,1.522148,170.69,118.706,748.716,1,2,compressed_ring_ar
1778530670.4662087,8,34,1.240618,207.34,104.039,615.944,1,2,compressed_ring_ar
1778530671.17052,8,35,1.524448,190.76,126.862,666.579,1,2,compressed_ring_ar
1778530671.8862529,8,36,1.521019,187.2,123.863,682.345,1,2,compressed_ring_ar
1778530672.57342,8,37,1.319011,196.07,112.978,651.489,1,2,compressed_ring_ar
1778530673.2658007,8,38,1.524733,194.18,127.901,657.597,1,2,compressed_ring_ar
1778530674.0129743,8,39,1.501181,178.89,120.411,714.156,1,2,compressed_ring_ar
1778530674.7196867,8,40,1.489267,191.25,118.626,666.333,1,2,compressed_ring_ar
1778530675.4394321,8,41,1.433312,187.32,112.283,681.948,1,2,compressed_ring_ar
1778530676.097313,8,42,1.464907,204.79,119.059,623.728,1,2,compressed_ring_ar
1778530676.8068163,8,43,1.439026,189.41,133.564,674.343,1,2,compressed_ring_ar
1778530677.5087104,8,44,1.517068,191.14,115.151,668.331,1,2,compressed_ring_ar
1778530678.155946,8,45,1.424781,209.97,114.069,608.31,1,2,compressed_ring_ar
1778530678.7869337,8,46,1.489356,215.36,107.89,592.979,1,2,compressed_ring_ar
1778530679.4617534,8,47,1.482463,199.75,119.582,639.491,1,2,compressed_ring_ar
1778530680.1546829,8,48,1.589209,194.08,109.183,656.475,1,2,compressed_ring_ar
1778530680.8710256,8,49,1.437598,187.35,118.695,681.804,1,2,compressed_ring_ar
1778530681.6042075,8,50,1.391735,182.2,135.212,698.688,1,2,compressed_ring_ar
1778530682.3125293,8,51,1.481446,189.82,118.009,672.89,1,2,compressed_ring_ar
1778530683.011928,8,52,1.461831,192.02,111.798,665.144,1,2,compressed_ring_ar
1778530683.7403111,8,53,1.640002,184.22,124.156,692.584,1,2,compressed_ring_ar
1778530684.4912746,8,54,1.493713,179.34,125.089,709.345,1,2,compressed_ring_ar
1778530685.2272372,8,55,1.56111,182.95,109.606,698.292,1,2,compressed_ring_ar
1778530685.934718,8,56,1.583208,190.11,124.32,670.201,1,2,compressed_ring_ar
1778530686.653252,8,57,1.426353,191.29,116.331,664.608,1,2,compressed_ring_ar
1778530687.3651211,8,58,1.450186,194.46,109.623,656.934,1,2,compressed_ring_ar
1778530688.0668406,8,59,1.419868,192.02,115.664,665.507,1,2,compressed_ring_ar
1778530688.7042823,8,60,1.620358,211.72,108.749,601.354,1,2,compressed_ring_ar
1778530689.4176857,8,61,1.410907,188.94,118.092,676.257,1,2,compressed_ring_ar
1778530690.0622928,8,62,1.511287,211.68,109.627,603.516,1,2,compressed_ring_ar
1778530690.699476,8,63,1.387208,212.89,104.211,599.894,1,2,compressed_ring_ar
1778530691.410748,8,64,1.483909,189.32,112.515,674.76,1,2,compressed_ring_ar
1778530692.1315455,8,65,1.738088,186.26,119.222,685.798,1,2,compressed_ring_ar
1778530692.8133745,8,66,1.534911,197.58,111.211,646.484,1,2,compressed_ring_ar
1778530693.6694105,8,67,1.559924,156.91,142.27,814.477,1,2,compressed_ring_ar
1778530694.41964,8,68,1.576368,179.44,130.585,711.923,1,2,compressed_ring_ar
1778530695.151757,8,69,1.363627,183.13,129.339,697.874,1,2,compressed_ring_ar
1778530695.8086047,8,70,1.548211,206.71,112.177,617.753,1,2,compressed_ring_ar
1778530696.5235488,8,71,1.523329,187.9,120.209,679.878,1,2,compressed_ring_ar
1778530697.1966503,8,72,1.530782,200.51,119.483,637.14,1,2,compressed_ring_ar
1778530697.898574,8,73,1.45853,192.45,124.84,663.686,1,2,compressed_ring_ar
1778530698.582997,8,74,1.405962,197.51,106.502,645.175,1,2,compressed_ring_ar
1778530699.3122776,8,75,1.645948,185.89,112.508,687.236,1,2,compressed_ring_ar
1778530699.9772956,8,76,1.36486,202.85,108.712,629.567,1,2,compressed_ring_ar
1778530700.6784477,8,77,1.539511,191.35,111.163,667.735,1,2,compressed_ring_ar
1778530701.382784,8,78,1.478147,191.17,125.688,668.203,1,2,compressed_ring_ar
1778530702.0225449,8,79,1.511145,211.04,121.775,603.267,1,2,compressed_ring_ar
1778530702.7335129,8,80,1.496402,188.62,113.745,675.428,1,2,compressed_ring_ar
1778530703.4385848,8,81,1.534033,190.05,118.836,672.113,1,2,compressed_ring_ar
1778530704.17552,8,82,1.629043,182.87,127.971,698.63,1,2,compressed_ring_ar
1778530704.8735976,8,83,1.479917,193.04,109.9,660.034,1,2,compressed_ring_ar
1778530705.5844555,8,84,1.579311,189.45,109.491,671.123,1,2,compressed_ring_ar
1778530706.3282807,8,85,1.607349,180.72,119.958,706.969,1,2,compressed_ring_ar
1778530707.0083601,8,86,1.459594,197.66,116.58,645.019,1,2,compressed_ring_ar
1778530707.7110157,8,87,1.528398,190.64,121.376,670.024,1,2,compressed_ring_ar
1778530708.4475813,8,88,1.489876,181.48,138.335,703.985,1,2,compressed_ring_ar
1778530709.1653092,8,89,1.472384,188.09,137.484,679.284,1,2,compressed_ring_ar
1778530709.8853502,8,90,1.412227,187.05,109.564,682.876,1,2,compressed_ring_ar
1778530710.5855782,8,91,1.712075,196.92,117.337,648.583,1,2,compressed_ring_ar
1778530711.2874377,8,92,1.538596,191.25,115.312,667.889,1,2,compressed_ring_ar
1778530711.9611666,8,93,1.429378,199.69,103.473,639.622,1,2,compressed_ring_ar
1778530712.7426248,8,94,1.439154,171.05,143.899,746.983,1,2,compressed_ring_ar
1778530713.4916685,8,95,1.459813,180.67,134.469,707.183,1,2,compressed_ring_ar
1778530714.3008761,8,96,1.453035,165.99,177.739,769.756,1,2,compressed_ring_ar
1778530715.0318828,8,97,1.579785,183.97,117.55,694.487,1,2,compressed_ring_ar
1778530715.719342,8,98,1.600054,196.27,121.665,649.111,1,2,compressed_ring_ar
1778530716.5000472,8,99,1.503544,174.39,127.938,732.576,1,2,compressed_ring_ar
1778530717.1984067,8,100,1.549874,193.08,133.586,661.511,1,2,compressed_ring_ar
1778530717.8932538,8,101,1.58604,193.56,125.208,659.9,1,2,compressed_ring_ar
1778530718.6742282,8,102,1.463768,171.85,148.991,743.574,1,2,compressed_ring_ar
1778530719.4729123,8,103,1.674819,171.8,132.426,740.208,1,2,compressed_ring_ar
1778530720.055205,8,104,1.468563,232.65,131.982,545.692,1,2,compressed_ring_ar
1778530720.6610482,8,105,1.451162,226.46,133.483,560.83,1,2,compressed_ring_ar
1778530721.2295303,8,106,1.544955,238.33,120.783,532.473,1,2,compressed_ring_ar
1778530721.8043954,8,107,1.489862,235.71,126.006,538.617,1,2,compressed_ring_ar
1778530722.365391,8,108,1.607684,245.43,123.546,517.14,1,2,compressed_ring_ar
1778530722.9431648,8,109,1.450643,235.09,126.847,539.605,1,2,compressed_ring_ar
1778530723.4846323,8,110,1.558132,252.06,121.236,503.123,1,2,compressed_ring_ar
1778530724.0865474,8,111,1.402287,224.37,137.127,566.382,1,2,compressed_ring_ar
1778530724.6722374,8,112,1.659928,232.12,121.292,546.92,1,2,compressed_ring_ar
1778530725.2541196,8,113,1.596728,235.82,124.017,538.184,1,2,compressed_ring_ar
1778530725.8329127,8,114,1.597667,234.36,134.434,541.264,1,2,compressed_ring_ar
1778530726.4535947,8,115,1.50108,220.77,116.981,575.199,1,2,compressed_ring_ar
1778530727.0508342,8,116,1.546486,227.15,128.125,558.983,1,2,compressed_ring_ar
1778530727.6429057,8,117,1.539791,231.56,138.42,547.934,1,2,compressed_ring_ar
1778530728.214131,8,118,1.69301,239.27,126.354,530.503,1,2,compressed_ring_ar
1778530728.7834456,8,119,1.579832,238.33,122.768,532.295,1,2,compressed_ring_ar
1778530729.333331,8,120,1.386618,247.91,124.102,511.806,1,2,compressed_ring_ar
1778530729.8967466,8,121,1.548623,241.1,119.627,526.573,1,2,compressed_ring_ar
1778530730.447311,8,122,1.417646,248.34,117.385,510.878,1,2,compressed_ring_ar
1778530731.0310476,8,123,1.545725,231.72,119.266,547.888,1,2,compressed_ring_ar
1778530731.5917459,8,124,1.523549,247.04,124.467,513.695,1,2,compressed_ring_ar
1778530732.175908,8,125,1.53125,231.74,128.58,547.776,1,2,compressed_ring_ar
1778530732.7442324,8,126,1.627557,238.92,124.59,530.973,1,2,compressed_ring_ar
1778530733.3561957,8,127,1.386674,222.16,134.017,571.609,1,2,compressed_ring_ar
1778530733.892623,8,128,1.485444,254.47,116.335,498.331,1,2,compressed_ring_ar
1778530734.4869633,8,129,1.536039,228.88,125.165,554.74,1,2,compressed_ring_ar
1778530735.0825663,8,130,1.444124,237.73,135.267,533.505,1,2,compressed_ring_ar
1778530735.6398268,8,131,1.417383,244.03,123.89,520.664,1,2,compressed_ring_ar
1778530736.224496,8,132,1.541522,232.28,146.408,546.321,1,2,compressed_ring_ar
1778530736.8486617,8,133,1.51538,215.91,118.687,589.103,1,2,compressed_ring_ar
1778530737.4133663,8,134,1.596885,246.54,117.932,514.474,1,2,compressed_ring_ar
1778530738.047268,8,135,1.540235,212.47,138.821,597.683,1,2,compressed_ring_ar
1778530738.6546683,8,136,1.465377,232.39,131.708,546.922,1,2,compressed_ring_ar
1778530739.2533956,8,137,1.459007,226.59,135.526,560.192,1,2,compressed_ring_ar
1778530739.806259,8,138,1.537571,246.64,122.1,514.15,1,2,compressed_ring_ar
1778530740.367255,8,139,1.446105,242.39,121.797,523.414,1,2,compressed_ring_ar
1778530740.941099,8,140,1.592552,238.55,125.232,532.091,1,2,compressed_ring_ar
1778530741.5176032,8,141,1.506835,234.82,127.213,540.182,1,2,compressed_ring_ar
1778530742.0905077,8,142,1.39958,237.23,124.839,534.802,1,2,compressed_ring_ar
1778530742.6623926,8,143,1.477479,239.25,132.695,531.105,1,2,compressed_ring_ar
1778530743.2296867,8,144,1.515328,240.22,130.825,528.985,1,2,compressed_ring_ar
1778530743.8148465,8,145,1.425339,231.73,119.067,551.197,1,2,compressed_ring_ar
1778530744.4419706,8,146,1.502071,217.34,125.081,584.434,1,2,compressed_ring_ar
1778530745.0425417,8,147,1.466892,225.35,133.852,563.094,1,2,compressed_ring_ar
1778530745.5978105,8,148,1.577863,245.53,125.202,516.758,1,2,compressed_ring_ar
1778530746.1982746,8,149,1.429621,224.89,130.677,564.332,1,2,compressed_ring_ar
1778530746.7582097,8,150,1.540184,247.11,129.42,513.61,1,2,compressed_ring_ar
1778530747.340439,8,151,1.466128,232.56,129.218,545.81,1,2,compressed_ring_ar
1778530747.9040484,8,152,1.586981,241.75,135.237,524.889,1,2,compressed_ring_ar
1778530748.4799063,8,153,1.559663,235.01,128.129,540.811,1,2,compressed_ring_ar
1778530749.0737433,8,154,1.562244,230.57,128.481,550.411,1,2,compressed_ring_ar
1778530749.6451461,8,155,1.58285,238.9,122.419,531.269,1,2,compressed_ring_ar
1778530750.2080822,8,156,1.478349,243.55,123.064,520.735,1,2,compressed_ring_ar
1778530750.8106735,8,157,1.582283,224.68,117.583,565.259,1,2,compressed_ring_ar
1778530751.3881347,8,158,1.571678,235.13,129.608,539.908,1,2,compressed_ring_ar
1778530751.9726403,8,159,1.449758,231.41,119.306,548.642,1,2,compressed_ring_ar
1778530752.5314558,8,160,1.475546,248.51,123.822,510.399,1,2,compressed_ring_ar
1778530753.1142623,8,161,1.484632,232.55,123.237,546.158,1,2,compressed_ring_ar
1778530753.6690652,8,162,1.543918,246.14,120.313,515.542,1,2,compressed_ring_ar
1778530754.294323,8,163,1.405058,215.83,128.265,588.338,1,2,compressed_ring_ar
1778530754.8395188,8,164,1.415856,251.69,111.282,503.65,1,2,compressed_ring_ar
1778530755.43942,8,165,1.527898,227.96,134.529,557.037,1,2,compressed_ring_ar
1778530755.9955559,8,166,1.577056,249.31,130.897,509.69,1,2,compressed_ring_ar
1778530756.568356,8,167,1.459729,236.07,119.038,537.437,1,2,compressed_ring_ar
1778530757.1803925,8,168,1.422735,223.56,123.398,567.967,1,2,compressed_ring_ar
1778530757.759561,8,169,1.655155,234.88,126.206,540.907,1,2,compressed_ring_ar
1778530758.3091154,8,170,1.481883,248.56,124.718,510.251,1,2,compressed_ring_ar
1778530758.9026647,8,171,1.547229,228.47,120.956,555.747,1,2,compressed_ring_ar
1778530759.4831357,8,172,1.595081,235.63,133.195,538.499,1,2,compressed_ring_ar
1778530760.0944238,8,173,1.456269,221.61,144.87,573.074,1,2,compressed_ring_ar
1778530760.6348228,8,174,1.444565,252.05,119.808,503.209,1,2,compressed_ring_ar
1778530761.209528,8,175,1.345891,236.11,120.052,537.307,1,2,compressed_ring_ar
1778530761.7716386,8,176,1.367796,244.02,123.391,519.97,1,2,compressed_ring_ar
1778530762.3417819,8,177,1.460559,237.56,125.705,534.346,1,2,compressed_ring_ar
1778530762.90497,8,178,1.405473,241.86,125.734,524.374,1,2,compressed_ring_ar
1778530763.4779494,8,179,1.43416,236.56,127.457,536.137,1,2,compressed_ring_ar
1778530764.025295,8,180,1.524762,248.84,125.877,509.909,1,2,compressed_ring_ar
1778530764.5925827,8,181,1.63921,241.71,123.109,525.039,1,2,compressed_ring_ar
1778530765.1372974,8,182,1.395287,249.5,119.297,508.296,1,2,compressed_ring_ar
1778530765.761762,8,183,1.405157,217.72,124.3,583.115,1,2,compressed_ring_ar
1778530766.3117983,8,184,1.557757,247.98,122.64,511.369,1,2,compressed_ring_ar
1778530766.8797266,8,185,1.569626,238.45,122.385,531.97,1,2,compressed_ring_ar
1778530767.448339,8,186,1.401145,238.94,127.031,531.115,1,2,compressed_ring_ar
1778530768.0622745,8,187,1.386136,220.49,132.818,575.864,1,2,compressed_ring_ar
1778530768.6308584,8,188,1.417543,240.26,124.716,528.094,1,2,compressed_ring_ar
1778530769.1685653,8,189,1.596581,252.42,125.118,502.531,1,2,compressed_ring_ar
1778530769.7577264,8,190,1.723534,230.49,119.106,550.792,1,2,compressed_ring_ar
1778530770.382358,8,191,1.621354,216.13,130.748,587.593,1,2,compressed_ring_ar
1778530770.9824438,8,192,1.307309,229.07,117.696,554.19,1,2,compressed_ring_ar
1778530771.560448,8,193,1.354098,235.54,121.222,538.712,1,2,compressed_ring_ar
1778530772.1333623,8,194,1.483313,237.74,118.268,537.077,1,2,compressed_ring_ar
1778530772.6594057,8,195,1.563598,78.62,119.022,504.266,1,2,compressed_ring_ar
1778530779.102585,9,0,1.573156,186.55,128.885,681.579,1,2,compressed_ring_ar
1778530779.688197,9,1,1.438145,231.88,127.69,547.449,1,2,compressed_ring_ar
1778530780.258168,9,2,1.468661,237.61,123.047,534.326,1,2,compressed_ring_ar
1778530780.8837392,9,3,1.352794,216.56,128.212,586.447,1,2,compressed_ring_ar
1778530781.506527,9,4,1.583761,218.47,133.707,581.075,1,2,compressed_ring_ar
1778530782.1257925,9,5,1.581802,217.83,144.236,583.073,1,2,compressed_ring_ar
1778530782.911985,9,6,1.471219,174.45,160.759,729.013,1,2,compressed_ring_ar
1778530783.5041428,9,7,1.53565,229.85,134.949,552.073,1,2,compressed_ring_ar
1778530784.076316,9,8,1.399179,236.5,133.123,536.737,1,2,compressed_ring_ar
1778530784.6224651,9,9,1.613625,254.68,123.242,497.795,1,2,compressed_ring_ar
1778530785.209832,9,10,1.553488,230.73,125.016,550.155,1,2,compressed_ring_ar
1778530785.7993321,9,11,1.413183,231.94,126.632,547.424,1,2,compressed_ring_ar
1778530786.3922713,9,12,1.329054,229.12,121.87,554.0,1,2,compressed_ring_ar
1778530786.9589565,9,13,1.468381,243.43,120.31,521.317,1,2,compressed_ring_ar
1778530787.5225976,9,14,1.396871,241.71,133.517,525.369,1,2,compressed_ring_ar
1778530788.096013,9,15,1.636487,242.5,129.264,523.161,1,2,compressed_ring_ar
1778530788.6724393,9,16,1.457124,244.87,128.224,518.18,1,2,compressed_ring_ar
1778530789.2388532,9,17,1.606654,241.75,135.053,525.65,1,2,compressed_ring_ar
1778530789.8167694,9,18,1.537208,234.11,125.442,542.594,1,2,compressed_ring_ar
1778530790.3733053,9,19,1.471393,246.1,122.085,515.568,1,2,compressed_ring_ar
1778530790.9339643,9,20,1.570287,243.68,120.914,524.008,1,2,compressed_ring_ar
1778530791.5538669,9,21,1.514821,223.37,133.012,568.817,1,2,compressed_ring_ar
1778530792.150073,9,22,1.522671,229.11,136.746,554.294,1,2,compressed_ring_ar
1778530792.7194765,9,23,1.67332,248.25,119.646,510.957,1,2,compressed_ring_ar
1778530793.3053606,9,24,1.492856,231.03,120.735,549.303,1,2,compressed_ring_ar
1778530793.8710775,9,25,1.46822,242.92,125.047,522.164,1,2,compressed_ring_ar
1778530794.487513,9,26,1.582662,220.24,129.925,576.49,1,2,compressed_ring_ar
1778530795.0610616,9,27,1.355245,239.92,115.954,529.046,1,2,compressed_ring_ar
1778530795.626817,9,28,1.598905,240.39,131.786,528.295,1,2,compressed_ring_ar
1778530796.1998956,9,29,1.617946,237.2,122.994,535.225,1,2,compressed_ring_ar
1778530796.8106222,9,30,1.602609,221.22,123.596,573.826,1,2,compressed_ring_ar
1778530797.362761,9,31,1.292292,246.54,126.708,514.502,1,2,compressed_ring_ar
1778530797.955808,9,32,1.446563,228.56,123.696,556.264,1,2,compressed_ring_ar
1778530798.5269208,9,33,1.491307,247.58,119.294,513.154,1,2,compressed_ring_ar
1778530799.1173563,9,34,1.432468,230.06,117.053,551.904,1,2,compressed_ring_ar
1778530799.6843586,9,35,1.473405,239.64,132.257,529.803,1,2,compressed_ring_ar
1778530800.2570198,9,36,1.544908,236.2,125.251,537.12,1,2,compressed_ring_ar
1778530800.8486626,9,37,1.558519,229.48,124.899,553.155,1,2,compressed_ring_ar
1778530801.4075546,9,38,1.567492,243.0,122.609,522.085,1,2,compressed_ring_ar
1778530801.9728146,9,39,1.7245,240.92,120.854,526.929,1,2,compressed_ring_ar
1778530802.5569088,9,40,1.550176,232.18,131.103,550.066,1,2,compressed_ring_ar
1778530803.1612453,9,41,1.584669,226.31,123.814,564.284,1,2,compressed_ring_ar
1778530803.7763186,9,42,1.505456,221.88,123.364,572.092,1,2,compressed_ring_ar
1778530804.378367,9,43,1.596117,225.38,133.085,563.384,1,2,compressed_ring_ar
1778530804.9498615,9,44,1.536593,239.96,125.783,528.887,1,2,compressed_ring_ar
1778530805.5232246,9,45,1.459676,238.37,125.558,532.326,1,2,compressed_ring_ar
1778530806.100147,9,46,1.665516,244.17,123.843,521.048,1,2,compressed_ring_ar
1778530806.6708975,9,47,1.554049,237.96,132.305,533.357,1,2,compressed_ring_ar
1778530807.262768,9,48,1.427956,228.52,121.309,555.076,1,2,compressed_ring_ar
1778530807.849157,9,49,1.468131,232.3,125.444,546.631,1,2,compressed_ring_ar
1778530808.4004078,9,50,1.435212,246.79,127.391,514.266,1,2,compressed_ring_ar
1778530808.9732604,9,51,1.65121,238.91,119.901,531.302,1,2,compressed_ring_ar
1778530809.5762944,9,52,1.666118,224.76,130.023,565.289,1,2,compressed_ring_ar
1778530810.2155492,9,53,1.476729,229.86,127.52,552.276,1,2,compressed_ring_ar
1778530810.7798395,9,54,1.503306,241.07,127.488,527.105,1,2,compressed_ring_ar
1778530811.3519793,9,55,1.419962,239.05,131.764,530.756,1,2,compressed_ring_ar
1778530811.9551814,9,56,1.426685,223.8,137.341,567.583,1,2,compressed_ring_ar
1778530812.5317895,9,57,1.349079,235.62,131.989,538.522,1,2,compressed_ring_ar
1778530813.0893848,9,58,1.407318,245.18,122.027,517.332,1,2,compressed_ring_ar
1778530813.6888342,9,59,1.491168,232.86,128.85,545.057,1,2,compressed_ring_ar
1778530814.2931068,9,60,1.518526,224.79,136.053,564.745,1,2,compressed_ring_ar
1778530814.8586547,9,61,1.582748,246.76,121.236,514.04,1,2,compressed_ring_ar
1778530815.4204752,9,62,1.377696,242.13,115.918,524.087,1,2,compressed_ring_ar
1778530816.000547,9,63,1.604142,234.32,119.946,541.734,1,2,compressed_ring_ar
1778530816.6276615,9,64,1.475776,215.87,126.356,588.287,1,2,compressed_ring_ar
1778530817.2016652,9,65,1.397337,238.24,125.608,532.499,1,2,compressed_ring_ar
1778530817.7908285,9,66,1.300693,229.47,141.138,553.076,1,2,compressed_ring_ar
1778530818.3618286,9,67,1.546756,250.03,128.511,507.701,1,2,compressed_ring_ar
1778530818.9324424,9,68,1.631476,237.8,121.177,533.639,1,2,compressed_ring_ar
1778530819.4879584,9,69,1.590295,245.13,118.764,517.568,1,2,compressed_ring_ar
1778530820.085749,9,70,1.413441,226.33,120.884,561.187,1,2,compressed_ring_ar
1778530820.6616635,9,71,1.417644,236.07,121.986,537.037,1,2,compressed_ring_ar
1778530821.224601,9,72,1.549519,240.73,120.772,527.134,1,2,compressed_ring_ar
1778530821.8360288,9,73,1.658903,221.73,140.439,572.637,1,2,compressed_ring_ar
1778530822.383073,9,74,1.499374,248.62,116.025,510.383,1,2,compressed_ring_ar
1778530822.9508586,9,75,1.426853,240.43,120.79,527.501,1,2,compressed_ring_ar
1778530823.5477688,9,76,1.383997,226.65,120.317,560.095,1,2,compressed_ring_ar
1778530824.1701784,9,77,1.419991,219.9,148.415,578.065,1,2,compressed_ring_ar
1778530824.7554648,9,78,1.664327,231.99,131.889,547.055,1,2,compressed_ring_ar
1778530825.3108656,9,79,1.407061,248.87,125.31,509.654,1,2,compressed_ring_ar
1778530825.9332993,9,80,1.453172,217.17,122.456,585.308,1,2,compressed_ring_ar
1778530826.520281,9,81,1.466329,230.86,134.747,549.874,1,2,compressed_ring_ar
1778530827.066095,9,82,1.427665,248.88,127.347,509.762,1,2,compressed_ring_ar
1778530827.623583,9,83,1.491475,248.6,121.819,510.487,1,2,compressed_ring_ar
1778530828.2047462,9,84,1.517378,242.23,119.184,523.627,1,2,compressed_ring_ar
1778530828.7548544,9,85,1.583818,248.35,124.688,511.512,1,2,compressed_ring_ar
1778530829.3218951,9,86,1.564283,238.62,126.245,532.054,1,2,compressed_ring_ar
1778530829.911931,9,87,1.480688,229.44,132.506,552.958,1,2,compressed_ring_ar
1778530830.4619577,9,88,1.563299,248.22,117.544,510.793,1,2,compressed_ring_ar
1778530831.0034785,9,89,1.492057,253.18,115.743,500.912,1,2,compressed_ring_ar
1778530831.5527792,9,90,1.378952,247.37,121.004,512.837,1,2,compressed_ring_ar
1778530832.12498,9,91,1.399178,237.25,123.972,534.955,1,2,compressed_ring_ar
1778530832.688605,9,92,1.490896,243.62,121.747,521.468,1,2,compressed_ring_ar
1778530833.264637,9,93,1.43689,237.29,131.321,534.981,1,2,compressed_ring_ar
1778530833.8444781,9,94,1.536289,234.48,129.92,541.148,1,2,compressed_ring_ar
1778530834.4685302,9,95,1.539502,216.94,124.435,586.672,1,2,compressed_ring_ar
1778530835.0654972,9,96,1.500001,227.95,136.459,557.728,1,2,compressed_ring_ar
1778530835.61869,9,97,1.367098,250.89,120.906,506.389,1,2,compressed_ring_ar
1778530836.2116034,9,98,1.53035,229.95,130.735,552.122,1,2,compressed_ring_ar
1778530836.7778442,9,99,1.353986,240.54,125.37,527.862,1,2,compressed_ring_ar
1778530837.3640788,9,100,1.634801,231.16,121.085,549.293,1,2,compressed_ring_ar
1778530837.9396584,9,101,1.545971,250.69,124.096,506.018,1,2,compressed_ring_ar
1778530838.510792,9,102,1.413289,237.65,124.482,533.985,1,2,compressed_ring_ar
1778530839.1263616,9,103,1.444213,221.21,124.889,574.17,1,2,compressed_ring_ar
1778530839.6767821,9,104,1.584351,249.45,119.95,508.635,1,2,compressed_ring_ar
1778530840.241718,9,105,1.502114,243.3,118.11,522.144,1,2,compressed_ring_ar
1778530840.848254,9,106,1.504505,222.64,132.013,570.058,1,2,compressed_ring_ar
1778530841.4118845,9,107,1.5008,241.71,120.281,524.943,1,2,compressed_ring_ar
1778530841.9779449,9,108,1.517225,239.64,126.393,529.413,1,2,compressed_ring_ar
1778530842.5268059,9,109,1.575952,248.57,124.735,510.627,1,2,compressed_ring_ar
1778530843.142987,9,110,1.438218,219.0,123.551,579.932,1,2,compressed_ring_ar
1778530843.7426543,9,111,1.37711,226.94,124.731,559.307,1,2,compressed_ring_ar
1778530844.35942,9,112,1.452989,220.15,136.695,576.748,1,2,compressed_ring_ar
1778530844.9158952,9,113,1.579344,243.96,128.49,520.716,1,2,compressed_ring_ar
1778530845.5079658,9,114,1.451764,228.83,134.388,554.684,1,2,compressed_ring_ar
1778530846.1125042,9,115,1.459196,225.61,131.092,562.527,1,2,compressed_ring_ar
1778530846.671532,9,116,1.498954,244.19,119.192,519.313,1,2,compressed_ring_ar
1778530847.2623801,9,117,1.440759,233.11,123.744,544.66,1,2,compressed_ring_ar
1778530847.8236978,9,118,1.49967,241.36,118.849,525.711,1,2,compressed_ring_ar
1778530848.4021454,9,119,1.514539,236.19,132.457,537.428,1,2,compressed_ring_ar
1778530848.9641557,9,120,1.513803,249.92,124.155,507.85,1,2,compressed_ring_ar
1778530849.559584,9,121,1.418495,236.58,124.473,536.374,1,2,compressed_ring_ar
1778530850.158262,9,122,1.487376,233.91,123.046,542.573,1,2,compressed_ring_ar
1778530850.7318432,9,123,1.522622,239.72,122.989,529.368,1,2,compressed_ring_ar
1778530851.286244,9,124,1.467743,245.64,122.813,516.258,1,2,compressed_ring_ar
1778530851.8712788,9,125,1.464826,232.78,125.5,545.37,1,2,compressed_ring_ar
1778530852.423497,9,126,1.418398,255.0,111.589,497.498,1,2,compressed_ring_ar
1778530852.9963412,9,127,1.450837,240.31,130.596,527.976,1,2,compressed_ring_ar
1778530853.5445957,9,128,1.507942,247.63,124.842,512.349,1,2,compressed_ring_ar
1778530854.201531,9,129,1.610022,205.3,140.996,618.713,1,2,compressed_ring_ar
1778530854.7524471,9,130,1.448515,246.37,128.188,515.121,1,2,compressed_ring_ar
1778530855.3374584,9,131,1.56646,231.97,123.903,547.231,1,2,compressed_ring_ar
1778530855.9044273,9,132,1.370876,239.36,126.928,529.907,1,2,compressed_ring_ar
1778530856.5145574,9,133,1.590467,223.67,124.932,567.75,1,2,compressed_ring_ar
1778530857.111787,9,134,1.500469,229.39,128.167,553.398,1,2,compressed_ring_ar
1778530857.6653843,9,135,1.499667,245.9,121.534,515.684,1,2,compressed_ring_ar
1778530858.2919137,9,136,1.447415,215.5,129.686,589.404,1,2,compressed_ring_ar
1778530858.8382554,9,137,1.450882,248.28,125.618,511.505,1,2,compressed_ring_ar
1778530859.3931444,9,138,1.424671,245.38,128.785,520.288,1,2,compressed_ring_ar
1778530860.0788813,9,139,1.508391,196.63,150.171,646.301,1,2,compressed_ring_ar
1778530860.6292498,9,140,1.527509,247.28,123.686,513.788,1,2,compressed_ring_ar
1778530861.2446811,9,141,1.42323,219.96,129.192,577.713,1,2,compressed_ring_ar
1778530861.774616,9,142,1.563144,256.92,120.382,494.104,1,2,compressed_ring_ar
1778530862.346557,9,143,1.583779,237.21,117.17,534.92,1,2,compressed_ring_ar
1778530862.906222,9,144,1.481276,247.18,120.777,514.215,1,2,compressed_ring_ar
1778530863.5087984,9,145,1.507352,225.65,122.702,562.636,1,2,compressed_ring_ar
1778530864.0870347,9,146,1.669261,234.13,131.603,542.06,1,2,compressed_ring_ar
1778530864.6698446,9,147,1.544497,236.22,103.507,540.44,1,2,compressed_ring_ar
1778530865.373984,9,148,1.40317,190.33,117.047,671.202,1,2,compressed_ring_ar
1778530866.0643363,9,149,1.56343,194.49,126.558,656.737,1,2,compressed_ring_ar
1778530866.7714696,9,150,1.515532,189.52,126.375,674.25,1,2,compressed_ring_ar
1778530867.5026407,9,151,1.59929,183.65,125.139,695.631,1,2,compressed_ring_ar
1778530868.2097144,9,152,1.464787,191.86,127.697,664.177,1,2,compressed_ring_ar
1778530868.904755,9,153,1.392421,192.79,111.978,661.323,1,2,compressed_ring_ar
1778530869.545016,9,154,1.484597,211.24,123.991,603.609,1,2,compressed_ring_ar
1778530870.332911,9,155,1.361398,169.51,188.285,753.899,1,2,compressed_ring_ar
1778530871.1867235,9,156,1.365857,159.57,130.596,800.635,1,2,compressed_ring_ar
1778530871.8443377,9,157,1.358373,204.84,113.63,622.801,1,2,compressed_ring_ar
1778530872.5718904,9,158,1.457467,183.88,120.415,693.922,1,2,compressed_ring_ar
1778530873.2577562,9,159,1.555035,196.72,122.683,649.282,1,2,compressed_ring_ar
1778530873.9448152,9,160,1.507936,195.49,121.945,653.412,1,2,compressed_ring_ar
1778530874.595934,9,161,1.538797,208.42,105.845,612.727,1,2,compressed_ring_ar
1778530875.285338,9,162,1.501722,195.18,115.016,653.347,1,2,compressed_ring_ar
1778530875.9472694,9,163,1.584735,203.1,151.192,628.856,1,2,compressed_ring_ar
1778530876.6405785,9,164,1.486641,192.94,115.048,662.037,1,2,compressed_ring_ar
1778530877.3861194,9,165,1.530077,184.52,144.052,692.268,1,2,compressed_ring_ar
1778530878.1325817,9,166,1.520163,179.41,153.911,711.069,1,2,compressed_ring_ar
1778530878.8028047,9,167,1.437408,201.55,146.813,630.551,1,2,compressed_ring_ar
1778530879.520194,9,168,1.433177,186.53,106.334,683.924,1,2,compressed_ring_ar
1778530880.200576,9,169,1.478565,197.15,132.618,647.935,1,2,compressed_ring_ar
1778530880.885877,9,170,1.507632,196.0,110.089,650.825,1,2,compressed_ring_ar
1778530881.6170158,9,171,1.346387,182.86,126.43,695.563,1,2,compressed_ring_ar
1778530882.334369,9,172,1.419552,187.63,117.265,680.734,1,2,compressed_ring_ar
1778530883.0281274,9,173,1.494114,194.22,119.428,656.937,1,2,compressed_ring_ar
1778530883.7163916,9,174,1.471673,195.05,111.596,654.811,1,2,compressed_ring_ar
1778530884.4202747,9,175,1.501668,191.64,106.957,666.143,1,2,compressed_ring_ar
1778530885.1129043,9,176,1.598221,196.06,127.305,651.418,1,2,compressed_ring_ar
1778530885.872343,9,177,1.552129,177.02,135.457,719.994,1,2,compressed_ring_ar
1778530886.6391985,9,178,1.531771,176.1,149.353,725.449,1,2,compressed_ring_ar
1778530887.378744,9,179,1.438985,182.95,151.97,698.218,1,2,compressed_ring_ar
1778530888.107265,9,180,1.457482,186.61,109.439,684.665,1,2,compressed_ring_ar
1778530888.8087373,9,181,1.431894,192.8,107.79,660.582,1,2,compressed_ring_ar
1778530889.5901716,9,182,1.48981,172.28,117.272,741.635,1,2,compressed_ring_ar
1778530890.2361436,9,183,1.341499,209.98,104.257,608.19,1,2,compressed_ring_ar
1778530890.9121478,9,184,1.547036,198.78,128.227,642.464,1,2,compressed_ring_ar
1778530891.607887,9,185,1.485798,192.68,121.682,662.957,1,2,compressed_ring_ar
1778530892.3237498,9,186,1.556608,187.34,134.48,681.019,1,2,compressed_ring_ar
1778530893.0367234,9,187,1.324148,188.12,119.746,679.124,1,2,compressed_ring_ar
1778530893.7042634,9,188,1.484628,202.12,120.483,631.857,1,2,compressed_ring_ar
1778530894.4304833,9,189,1.603068,184.34,140.697,690.609,1,2,compressed_ring_ar
1778530895.1431575,9,190,1.449622,187.99,114.28,679.476,1,2,compressed_ring_ar
1778530895.8378518,9,191,1.426676,195.02,120.237,654.977,1,2,compressed_ring_ar
1778530896.5195282,9,192,1.599535,196.98,133.188,648.456,1,2,compressed_ring_ar
1778530897.2142782,9,193,1.420578,195.37,122.853,652.08,1,2,compressed_ring_ar
1778530897.8798995,9,194,1.515586,201.57,106.602,633.612,1,2,compressed_ring_ar
1778530898.4029353,9,195,1.448175,78.45,126.325,505.367,1,2,compressed_ring_ar
1778530904.9227953,10,0,1.430879,182.74,114.054,699.008,1,2,compressed_ring_ar
1778530905.5927353,10,1,1.557893,201.08,130.077,635.175,1,2,compressed_ring_ar
1778530906.2886748,10,2,1.676129,192.69,115.463,662.033,1,2,compressed_ring_ar
1778530907.0049736,10,3,1.35266,188.32,110.263,678.471,1,2,compressed_ring_ar
1778530907.6634185,10,4,1.503729,204.75,117.711,623.74,1,2,compressed_ring_ar
1778530908.3217325,10,5,1.502196,205.06,138.545,619.584,1,2,compressed_ring_ar
1778530908.9007034,10,6,1.55571,234.23,108.256,545.028,1,2,compressed_ring_ar
1778530909.6234229,10,7,1.579028,186.66,113.522,684.316,1,2,compressed_ring_ar
1778530910.5000708,10,8,1.363388,152.27,200.916,836.188,1,2,compressed_ring_ar
1778530911.1088133,10,9,1.552398,221.96,124.181,572.008,1,2,compressed_ring_ar
1778530911.6908705,10,10,1.590517,232.54,126.663,549.102,1,2,compressed_ring_ar
1778530912.2967923,10,11,1.487011,224.97,120.589,565.143,1,2,compressed_ring_ar
1778530912.8569686,10,12,1.348713,243.59,126.042,520.681,1,2,compressed_ring_ar
1778530913.44372,10,13,1.417766,230.46,129.169,550.735,1,2,compressed_ring_ar
1778530914.040652,10,14,1.56737,226.97,124.668,559.364,1,2,compressed_ring_ar
1778530914.599844,10,15,1.446751,245.64,119.52,516.563,1,2,compressed_ring_ar
1778530915.1791265,10,16,1.620593,233.51,132.875,543.608,1,2,compressed_ring_ar
1778530915.743405,10,17,1.581047,240.64,126.881,527.806,1,2,compressed_ring_ar
1778530916.3045654,10,18,1.601964,243.03,131.921,525.3,1,2,compressed_ring_ar
1778530916.9193654,10,19,1.548927,221.78,123.882,572.589,1,2,compressed_ring_ar
1778530917.5159645,10,20,1.454958,227.3,119.366,559.013,1,2,compressed_ring_ar
1778530918.0773947,10,21,1.395187,241.38,120.981,525.634,1,2,compressed_ring_ar
1778530918.660803,10,22,1.470858,232.17,118.055,546.847,1,2,compressed_ring_ar
1778530919.234414,10,23,1.587248,236.28,119.724,537.494,1,2,compressed_ring_ar
1778530919.8008318,10,24,1.454283,238.86,123.628,534.529,1,2,compressed_ring_ar
1778530920.4363751,10,25,1.496157,215.61,132.765,588.746,1,2,compressed_ring_ar
1778530921.0373394,10,26,1.455181,227.69,129.408,558.035,1,2,compressed_ring_ar
1778530921.6225111,10,27,1.513777,231.42,124.031,548.418,1,2,compressed_ring_ar
1778530922.1606333,10,28,1.50234,252.49,121.623,502.247,1,2,compressed_ring_ar
1778530922.7435799,10,29,1.468799,231.97,137.46,547.374,1,2,compressed_ring_ar
1778530923.3259716,10,30,1.576303,237.42,121.151,535.417,1,2,compressed_ring_ar
1778530923.88223,10,31,1.488846,247.17,119.921,513.186,1,2,compressed_ring_ar
1778530924.5037887,10,32,1.379768,217.94,129.732,582.852,1,2,compressed_ring_ar
1778530925.0643067,10,33,1.405499,242.91,120.016,522.399,1,2,compressed_ring_ar
1778530925.682694,10,34,1.331653,218.82,124.045,580.38,1,2,compressed_ring_ar
1778530926.2226179,10,35,1.427047,251.83,122.721,503.754,1,2,compressed_ring_ar
1778530926.8029563,10,36,1.338077,234.79,118.77,543.911,1,2,compressed_ring_ar
1778530927.4239225,10,37,1.405226,217.73,132.787,583.151,1,2,compressed_ring_ar
1778530928.0087562,10,38,1.420978,235.77,116.877,538.159,1,2,compressed_ring_ar
1778530928.587624,10,39,1.468263,234.47,132.872,540.97,1,2,compressed_ring_ar
1778530929.1617637,10,40,1.52186,237.14,121.026,535.1,1,2,compressed_ring_ar
1778530929.7058878,10,41,1.447043,251.93,116.356,503.278,1,2,compressed_ring_ar
1778530930.3303297,10,42,1.456046,216.38,129.743,586.943,1,2,compressed_ring_ar
1778530930.8746426,10,43,1.533679,250.08,126.711,506.336,1,2,compressed_ring_ar
1778530931.4956167,10,44,1.333898,218.45,131.912,581.522,1,2,compressed_ring_ar
1778530932.0711606,10,45,1.536033,236.63,121.218,536.766,1,2,compressed_ring_ar
1778530932.6596518,10,46,1.568418,229.91,131.686,552.082,1,2,compressed_ring_ar
1778530933.2156103,10,47,1.425457,244.43,125.76,518.917,1,2,compressed_ring_ar
1778530933.8033178,10,48,1.627964,230.17,122.244,551.535,1,2,compressed_ring_ar
1778530934.405551,10,49,1.397214,224.68,125.165,565.566,1,2,compressed_ring_ar
1778530934.963712,10,50,1.543533,242.74,120.306,522.903,1,2,compressed_ring_ar
1778530935.5448172,10,51,1.435771,233.66,123.924,543.186,1,2,compressed_ring_ar
1778530936.1284926,10,52,1.390425,230.67,121.805,550.265,1,2,compressed_ring_ar
1778530936.6818004,10,53,1.601311,248.6,121.963,510.297,1,2,compressed_ring_ar
1778530937.2378104,10,54,1.558857,243.93,120.936,520.83,1,2,compressed_ring_ar
1778530937.8113248,10,55,1.429991,238.01,123.434,533.031,1,2,compressed_ring_ar
1778530938.431987,10,56,1.511835,217.35,127.274,584.249,1,2,compressed_ring_ar
1778530939.0225015,10,57,1.478272,229.82,130.106,551.938,1,2,compressed_ring_ar
1778530939.579816,10,58,1.375148,243.54,126.289,524.239,1,2,compressed_ring_ar
1778530940.1873584,10,59,1.511575,222.85,125.233,569.978,1,2,compressed_ring_ar
1778530940.777369,10,60,1.60034,229.59,127.543,552.957,1,2,compressed_ring_ar
1778530941.3472579,10,61,1.436327,237.79,120.886,534.445,1,2,compressed_ring_ar
1778530942.022257,10,62,1.443001,199.5,125.987,637.304,1,2,compressed_ring_ar
1778530942.7573578,10,63,1.504994,193.02,144.233,658.505,1,2,compressed_ring_ar
1778530943.3451726,10,64,1.457875,231.73,125.767,547.57,1,2,compressed_ring_ar
1778530943.9330006,10,65,1.533764,230.82,122.769,550.067,1,2,compressed_ring_ar
1778530944.503398,10,66,1.471712,238.8,131.139,532.009,1,2,compressed_ring_ar
1778530945.106722,10,67,1.411323,225.69,123.636,562.655,1,2,compressed_ring_ar
1778530945.6609597,10,68,1.666726,245.89,128.215,515.918,1,2,compressed_ring_ar
1778530946.2333388,10,69,1.416594,237.87,117.631,533.459,1,2,compressed_ring_ar
1778530946.8189158,10,70,1.502312,232.21,129.714,546.511,1,2,compressed_ring_ar
1778530947.3910706,10,71,1.534731,237.28,128.016,534.748,1,2,compressed_ring_ar
1778530947.970708,10,72,1.370564,234.35,121.386,541.724,1,2,compressed_ring_ar
1778530948.5627275,10,73,1.550098,228.74,125.188,555.05,1,2,compressed_ring_ar
1778530949.1214793,10,74,1.528994,245.79,122.279,516.341,1,2,compressed_ring_ar
1778530949.7227325,10,75,1.498051,225.18,136.352,563.898,1,2,compressed_ring_ar
1778530950.2841728,10,76,1.485026,250.49,117.884,506.068,1,2,compressed_ring_ar
1778530950.8392372,10,77,1.629169,246.88,123.363,513.789,1,2,compressed_ring_ar
1778530951.4008477,10,78,1.511193,246.59,123.59,514.571,1,2,compressed_ring_ar
1778530951.970044,10,79,1.377174,242.13,124.338,524.516,1,2,compressed_ring_ar
1778530952.5544786,10,80,1.508871,232.32,138.712,546.325,1,2,compressed_ring_ar
1778530953.1599264,10,81,1.614614,227.17,140.936,558.695,1,2,compressed_ring_ar
1778530953.7313237,10,82,1.438468,248.81,126.576,509.805,1,2,compressed_ring_ar
1778530954.336666,10,83,1.488816,226.28,149.129,560.911,1,2,compressed_ring_ar
1778530954.9207122,10,84,1.401325,235.42,133.93,539.017,1,2,compressed_ring_ar
1778530955.4717937,10,85,1.587606,246.16,119.081,515.45,1,2,compressed_ring_ar
1778530956.024829,10,86,1.43789,246.41,124.444,515.179,1,2,compressed_ring_ar
1778530956.6024678,10,87,1.395047,234.07,126.953,543.142,1,2,compressed_ring_ar
1778530957.1886423,10,88,1.49681,232.27,130.329,546.324,1,2,compressed_ring_ar
1778530957.7462802,10,89,1.45567,243.88,124.986,520.777,1,2,compressed_ring_ar
1778530958.3129644,10,90,1.474231,239.97,125.25,529.454,1,2,compressed_ring_ar
1778530958.8904932,10,91,1.404423,234.65,119.981,540.894,1,2,compressed_ring_ar
1778530959.494765,10,92,1.517542,224.3,132.568,566.054,1,2,compressed_ring_ar
1778530960.0537858,10,93,1.511903,243.16,126.017,522.396,1,2,compressed_ring_ar
1778530960.6331933,10,94,1.559946,235.43,131.208,539.723,1,2,compressed_ring_ar
1778530961.250444,10,95,1.524555,219.54,130.815,578.326,1,2,compressed_ring_ar
1778530961.805985,10,96,1.567835,248.59,125.964,509.913,1,2,compressed_ring_ar
1778530962.3751585,10,97,1.486072,237.85,118.297,533.407,1,2,compressed_ring_ar
1778530962.9366493,10,98,1.515413,242.26,124.349,523.6,1,2,compressed_ring_ar
1778530963.5340605,10,99,1.365339,226.05,137.509,561.651,1,2,compressed_ring_ar
1778530964.127433,10,100,1.400479,229.5,131.581,554.052,1,2,compressed_ring_ar
1778530964.6925435,10,101,1.525159,245.81,125.76,516.077,1,2,compressed_ring_ar
1778530965.2961814,10,102,1.609444,225.97,124.705,562.546,1,2,compressed_ring_ar
1778530965.8569171,10,103,1.437592,242.22,132.873,524.004,1,2,compressed_ring_ar
1778530966.4749124,10,104,1.498546,218.1,131.475,581.946,1,2,compressed_ring_ar
1778530967.0385091,10,105,1.493387,240.19,127.053,528.316,1,2,compressed_ring_ar
1778530967.6104784,10,106,1.602947,237.68,121.331,533.918,1,2,compressed_ring_ar
1778530968.157145,10,107,1.531927,248.9,116.667,509.529,1,2,compressed_ring_ar
1778530968.746381,10,108,1.462956,232.08,132.163,546.79,1,2,compressed_ring_ar
1778530969.2879431,10,109,1.328969,250.87,120.294,508.912,1,2,compressed_ring_ar
1778530969.9124873,10,110,1.499163,219.47,119.35,579.236,1,2,compressed_ring_ar
1778530970.4649317,10,111,1.546978,245.33,120.502,517.488,1,2,compressed_ring_ar
1778530971.043845,10,112,1.546141,234.95,125.03,540.195,1,2,compressed_ring_ar
1778530971.6161122,10,113,1.486624,236.77,123.835,536.066,1,2,compressed_ring_ar
1778530972.1735098,10,114,1.429898,244.38,114.694,519.152,1,2,compressed_ring_ar
1778530972.7453701,10,115,1.558982,236.66,117.896,536.396,1,2,compressed_ring_ar
1778530973.342319,10,116,1.481997,227.53,121.335,557.918,1,2,compressed_ring_ar
1778530973.919742,10,117,1.520508,234.19,125.62,541.824,1,2,compressed_ring_ar
1778530974.5441449,10,118,1.561968,217.06,132.672,585.195,1,2,compressed_ring_ar
1778530975.1440313,10,119,1.505037,226.34,127.636,561.013,1,2,compressed_ring_ar
1778530975.7135596,10,120,1.324888,240.38,120.702,528.614,1,2,compressed_ring_ar
1778530976.3156557,10,121,1.583982,225.4,128.028,563.51,1,2,compressed_ring_ar
1778530976.8890996,10,122,1.554923,237.4,130.622,534.728,1,2,compressed_ring_ar
1778530977.4525805,10,123,1.440518,241.34,118.588,525.661,1,2,compressed_ring_ar
1778530978.0415127,10,124,1.438345,233.03,125.292,544.688,1,2,compressed_ring_ar
1778530978.6302254,10,125,1.510183,230.17,123.349,551.566,1,2,compressed_ring_ar
1778530979.2031298,10,126,1.523995,237.74,122.79,533.691,1,2,compressed_ring_ar
1778530979.757147,10,127,1.505287,245.14,125.461,517.509,1,2,compressed_ring_ar
1778530980.320683,10,128,1.482188,243.11,116.264,521.953,1,2,compressed_ring_ar
1778530980.9095695,10,129,1.374199,229.83,125.794,552.116,1,2,compressed_ring_ar
1778530981.4826772,10,130,1.539445,236.78,127.239,535.729,1,2,compressed_ring_ar
1778530982.0775073,10,131,1.514841,227.65,132.782,560.899,1,2,compressed_ring_ar
1778530982.7228284,10,132,1.548099,213.92,134.943,593.796,1,2,compressed_ring_ar
1778530983.3567069,10,133,1.400698,218.82,137.067,580.101,1,2,compressed_ring_ar
1778530983.9677134,10,134,1.52289,225.93,136.536,561.823,1,2,compressed_ring_ar
1778530984.6504738,10,135,1.34272,197.61,143.079,642.878,1,2,compressed_ring_ar
1778530985.2860394,10,136,1.496415,214.4,131.795,592.726,1,2,compressed_ring_ar
1778530985.8635716,10,137,1.484697,237.38,125.661,534.394,1,2,compressed_ring_ar
1778530986.6221673,10,138,1.497461,177.07,181.729,718.386,1,2,compressed_ring_ar
1778530987.2796226,10,139,1.625154,210.81,122.074,602.449,1,2,compressed_ring_ar
1778530987.8426986,10,140,1.492095,241.31,124.117,525.859,1,2,compressed_ring_ar
1778530988.3918917,10,141,1.480816,250.3,122.748,506.687,1,2,compressed_ring_ar
1778530988.9863985,10,142,1.382059,228.12,125.278,556.681,1,2,compressed_ring_ar
1778530989.5809925,10,143,1.385456,228.3,129.438,555.964,1,2,compressed_ring_ar
1778530990.1883311,10,144,1.467271,222.37,136.468,570.948,1,2,compressed_ring_ar
1778530990.7917435,10,145,1.301079,225.48,127.406,562.993,1,2,compressed_ring_ar
1778530991.426063,10,146,1.407181,212.65,146.702,597.101,1,2,compressed_ring_ar
1778530992.0686657,10,147,1.448574,214.69,123.479,591.683,1,2,compressed_ring_ar
1778530992.6592448,10,148,1.488866,229.54,140.561,553.144,1,2,compressed_ring_ar
1778530993.2427497,10,149,1.447005,234.42,127.184,541.66,1,2,compressed_ring_ar
1778530993.857885,10,150,1.487386,219.4,143.269,578.753,1,2,compressed_ring_ar
1778530994.455424,10,151,1.426649,227.48,122.859,557.949,1,2,compressed_ring_ar
1778530995.0301118,10,152,1.332311,236.04,133.199,537.604,1,2,compressed_ring_ar
1778530995.6282423,10,153,1.498535,230.26,133.032,551.293,1,2,compressed_ring_ar
1778530996.2434227,10,154,1.544894,220.88,133.274,574.802,1,2,compressed_ring_ar
1778530996.8149805,10,155,1.656746,240.24,124.608,528.445,1,2,compressed_ring_ar
1778530997.40426,10,156,1.453669,230.45,130.561,551.022,1,2,compressed_ring_ar
1778530997.9580731,10,157,1.484246,246.47,131.481,514.76,1,2,compressed_ring_ar
1778530998.5349457,10,158,1.601233,234.85,124.095,540.459,1,2,compressed_ring_ar
1778530999.1477213,10,159,1.420408,221.85,125.833,572.148,1,2,compressed_ring_ar
1778530999.698653,10,160,1.500187,247.92,127.71,511.716,1,2,compressed_ring_ar
1778531000.2612207,10,161,1.386086,243.38,117.984,524.802,1,2,compressed_ring_ar
1778531000.8707325,10,162,1.498295,226.35,118.82,560.944,1,2,compressed_ring_ar
1778531001.4254582,10,163,1.509983,245.44,121.176,516.857,1,2,compressed_ring_ar
1778531001.987073,10,164,1.450114,241.34,129.622,525.701,1,2,compressed_ring_ar
1778531002.5408251,10,165,1.520705,245.2,120.855,517.6,1,2,compressed_ring_ar
1778531003.120431,10,166,1.524426,233.08,129.798,544.59,1,2,compressed_ring_ar
1778531003.6811397,10,167,1.536957,243.66,118.638,521.103,1,2,compressed_ring_ar
1778531004.2446513,10,168,1.456692,240.21,131.59,528.239,1,2,compressed_ring_ar
1778531004.8344846,10,169,1.336717,231.69,128.197,547.838,1,2,compressed_ring_ar
1778531005.418992,10,170,1.391347,232.7,131.777,545.741,1,2,compressed_ring_ar
1778531005.9946065,10,171,1.3346,236.53,134.862,536.447,1,2,compressed_ring_ar
1778531006.5736527,10,172,1.320047,233.23,134.166,544.302,1,2,compressed_ring_ar
1778531007.2011554,10,173,1.340187,217.36,135.072,584.086,1,2,compressed_ring_ar
1778531007.8281202,10,174,1.378049,215.73,121.907,588.668,1,2,compressed_ring_ar
1778531008.4482744,10,175,1.449741,219.65,131.248,578.227,1,2,compressed_ring_ar
1778531009.069871,10,176,1.505173,218.25,131.127,581.828,1,2,compressed_ring_ar
1778531009.618472,10,177,1.506737,249.02,121.53,509.369,1,2,compressed_ring_ar
1778531010.247651,10,178,1.641671,214.24,147.654,593.115,1,2,compressed_ring_ar
1778531010.9038315,10,179,1.371289,212.77,127.161,597.084,1,2,compressed_ring_ar
1778531011.506328,10,180,1.603209,224.89,124.664,564.396,1,2,compressed_ring_ar
1778531012.0965667,10,181,1.517318,230.74,129.926,550.162,1,2,compressed_ring_ar
1778531012.662588,10,182,1.548601,239.79,126.185,529.157,1,2,compressed_ring_ar
1778531013.2435622,10,183,1.576072,233.65,132.505,542.906,1,2,compressed_ring_ar
1778531013.7989788,10,184,1.477086,244.88,124.461,518.012,1,2,compressed_ring_ar
1778531014.3663194,10,185,1.490582,242.75,132.958,522.485,1,2,compressed_ring_ar
1778531014.9654624,10,186,1.287274,231.17,134.787,549.828,1,2,compressed_ring_ar
1778531015.532857,10,187,1.50578,240.33,120.89,528.08,1,2,compressed_ring_ar
1778531016.1037915,10,188,1.441533,237.27,125.553,534.969,1,2,compressed_ring_ar
1778531016.6931608,10,189,1.545876,230.2,126.901,551.701,1,2,compressed_ring_ar
1778531017.2668173,10,190,1.545362,235.7,125.833,539.285,1,2,compressed_ring_ar
1778531017.8435495,10,191,1.633853,238.11,125.438,532.958,1,2,compressed_ring_ar
1778531018.4366899,10,192,1.449672,228.01,131.961,557.632,1,2,compressed_ring_ar
1778531019.029442,10,193,1.42081,231.44,122.455,548.64,1,2,compressed_ring_ar
1778531019.6621792,10,194,1.543621,213.01,127.53,599.531,1,2,compressed_ring_ar
1778531020.1819808,10,195,1.339138,78.93,123.909,502.336,1,2,compressed_ring_ar
1778531027.0313966,11,0,1.514571,174.35,130.121,732.041,1,2,compressed_ring_ar
1778531027.690882,11,1,1.545111,204.34,150.266,621.898,1,2,compressed_ring_ar
1778531028.3488324,11,2,1.344978,204.53,126.724,621.352,1,2,compressed_ring_ar
1778531028.9529934,11,3,1.364878,224.49,122.124,566.445,1,2,compressed_ring_ar
1778531029.5071092,11,4,1.415266,247.03,122.048,513.552,1,2,compressed_ring_ar
1778531030.1119983,11,5,1.604022,224.59,132.034,565.461,1,2,compressed_ring_ar
1778531030.6692357,11,6,1.490739,244.12,129.619,519.741,1,2,compressed_ring_ar
1778531031.2558672,11,7,1.520912,230.74,143.759,550.094,1,2,compressed_ring_ar
1778531031.8110688,11,8,1.438426,244.97,125.029,517.778,1,2,compressed_ring_ar
1778531032.404936,11,9,1.660416,227.69,126.51,557.742,1,2,compressed_ring_ar
1778531032.990892,11,10,1.596097,231.14,131.921,548.982,1,2,compressed_ring_ar
1778531033.54267,11,11,1.418986,247.36,130.913,513.005,1,2,compressed_ring_ar
1778531034.1520452,11,12,1.492014,221.94,129.861,571.765,1,2,compressed_ring_ar
1778531034.6959832,11,13,1.384886,254.37,127.01,498.757,1,2,compressed_ring_ar
1778531035.2668562,11,14,1.405556,237.28,124.582,534.763,1,2,compressed_ring_ar
1778531035.832395,11,15,1.32546,241.15,129.219,526.291,1,2,compressed_ring_ar
1778531036.4260142,11,16,1.491679,227.61,125.372,557.608,1,2,compressed_ring_ar
1778531036.9793894,11,17,1.482826,249.6,128.93,507.965,1,2,compressed_ring_ar
1778531037.5347464,11,18,1.334028,252.84,120.002,501.661,1,2,compressed_ring_ar
1778531038.1171615,11,19,1.584949,232.14,132.33,546.954,1,2,compressed_ring_ar
1778531038.6710057,11,20,1.430876,250.11,118.34,507.363,1,2,compressed_ring_ar
1778531039.2747679,11,21,1.657068,228.95,139.839,554.59,1,2,compressed_ring_ar
1778531039.8749444,11,22,1.536065,227.63,133.501,557.565,1,2,compressed_ring_ar
1778531040.4491768,11,23,1.470949,239.85,127.328,529.059,1,2,compressed_ring_ar
1778531041.0371747,11,24,1.477314,230.11,124.144,551.584,1,2,compressed_ring_ar
1778531041.5875723,11,25,1.556913,246.88,124.62,514.031,1,2,compressed_ring_ar
1778531042.1625926,11,26,1.467012,240.28,126.56,527.82,1,2,compressed_ring_ar
1778531042.749849,11,27,1.585657,230.14,132.877,551.573,1,2,compressed_ring_ar
1778531043.3338416,11,28,1.46342,243.28,128.803,522.189,1,2,compressed_ring_ar
1778531043.9361546,11,29,1.430069,224.5,120.322,565.399,1,2,compressed_ring_ar
1778531044.5140355,11,30,1.408657,234.32,132.843,541.755,1,2,compressed_ring_ar
1778531045.107133,11,31,1.511822,228.05,126.857,556.462,1,2,compressed_ring_ar
1778531045.666924,11,32,1.532264,248.73,117.914,510.82,1,2,compressed_ring_ar
1778531046.227558,11,33,1.392705,242.05,127.762,527.457,1,2,compressed_ring_ar
1778531046.8219905,11,34,1.724247,231.72,117.663,547.607,1,2,compressed_ring_ar
1778531047.393269,11,35,1.464368,236.85,124.009,535.752,1,2,compressed_ring_ar
1778531047.948565,11,36,1.562207,247.54,127.656,512.681,1,2,compressed_ring_ar
1778531048.5573723,11,37,1.516561,222.33,125.0,571.719,1,2,compressed_ring_ar
1778531049.1074698,11,38,1.535281,249.56,120.187,508.258,1,2,compressed_ring_ar
1778531049.7127442,11,39,1.433452,224.89,129.706,564.886,1,2,compressed_ring_ar
1778531050.287704,11,40,1.673503,238.44,128.174,532.373,1,2,compressed_ring_ar
1778531050.8671882,11,41,1.508709,234.34,119.345,542.101,1,2,compressed_ring_ar
1778531051.4590244,11,42,1.423738,230.91,119.27,549.671,1,2,compressed_ring_ar
1778531052.0176282,11,43,1.415799,252.16,124.125,502.908,1,2,compressed_ring_ar
1778531052.6016407,11,44,1.317826,235.94,122.685,537.752,1,2,compressed_ring_ar
1778531053.1832116,11,45,1.470314,232.41,126.121,545.967,1,2,compressed_ring_ar
1778531053.7491992,11,46,1.471818,252.57,128.312,502.401,1,2,compressed_ring_ar
1778531054.357878,11,47,1.372863,221.49,142.614,573.002,1,2,compressed_ring_ar
1778531054.93029,11,48,1.525146,239.35,137.512,530.16,1,2,compressed_ring_ar
1778531055.5228896,11,49,1.496608,228.39,129.188,555.591,1,2,compressed_ring_ar
1778531056.090762,11,50,1.583292,246.46,125.901,514.992,1,2,compressed_ring_ar
1778531056.6934588,11,51,1.359805,224.78,130.349,564.518,1,2,compressed_ring_ar
1778531057.2576458,11,52,1.388726,240.53,122.79,527.61,1,2,compressed_ring_ar
1778531057.8598104,11,53,1.384362,224.84,123.251,564.654,1,2,compressed_ring_ar
1778531058.4131293,11,54,1.616433,252.69,123.027,501.698,1,2,compressed_ring_ar
1778531058.9912238,11,55,1.369142,234.91,121.187,540.334,1,2,compressed_ring_ar
1778531059.576371,11,56,1.404858,244.89,123.694,521.734,1,2,compressed_ring_ar
1778531060.2344694,11,57,1.426651,205.23,131.836,619.333,1,2,compressed_ring_ar
1778531060.8151293,11,58,1.593882,238.49,135.644,531.996,1,2,compressed_ring_ar
1778531061.3990984,11,59,1.563049,233.96,121.782,543.055,1,2,compressed_ring_ar
1778531061.9508302,11,60,1.44883,246.71,119.0,514.281,1,2,compressed_ring_ar
1778531062.510368,11,61,1.400305,242.51,117.201,523.151,1,2,compressed_ring_ar
1778531063.0972443,11,62,1.447383,231.72,121.799,547.586,1,2,compressed_ring_ar
1778531063.6659434,11,63,1.478381,238.2,126.499,533.227,1,2,compressed_ring_ar
1778531064.2578616,11,64,1.595731,229.03,122.01,554.422,1,2,compressed_ring_ar
1778531064.8636727,11,65,1.334024,227.47,120.144,558.216,1,2,compressed_ring_ar
1778531065.4172018,11,66,1.41933,248.86,125.089,509.883,1,2,compressed_ring_ar
1778531065.984069,11,67,1.492118,239.04,117.836,530.743,1,2,compressed_ring_ar
1778531066.586491,11,68,1.565473,225.68,128.159,562.478,1,2,compressed_ring_ar
1778531067.1443772,11,69,1.36262,243.87,120.931,520.326,1,2,compressed_ring_ar
1778531067.737102,11,70,1.361362,228.72,121.19,555.687,1,2,compressed_ring_ar
1778531068.3386269,11,71,1.528965,225.48,131.294,563.009,1,2,compressed_ring_ar
1778531068.8979752,11,72,1.325292,246.52,120.789,514.544,1,2,compressed_ring_ar
1778531069.5037363,11,73,1.60119,223.29,126.185,569.662,1,2,compressed_ring_ar
1778531070.0418813,11,74,1.542385,258.19,119.594,490.962,1,2,compressed_ring_ar
1778531070.604704,11,75,1.511517,241.06,113.549,527.014,1,2,compressed_ring_ar
1778531071.190892,11,76,1.440797,231.06,128.566,549.159,1,2,compressed_ring_ar
1778531071.760897,11,77,1.525619,243.92,130.549,519.871,1,2,compressed_ring_ar
1778531072.318812,11,78,1.46319,245.68,122.219,516.335,1,2,compressed_ring_ar
1778531072.8903303,11,79,1.443137,237.36,130.027,534.577,1,2,compressed_ring_ar
1778531073.4448874,11,80,1.546778,246.93,127.742,514.033,1,2,compressed_ring_ar
1778531074.0259717,11,81,1.405224,232.58,122.307,545.622,1,2,compressed_ring_ar
1778531074.617335,11,82,1.391225,233.12,125.23,544.344,1,2,compressed_ring_ar
1778531075.1686256,11,83,1.550091,248.17,123.329,511.242,1,2,compressed_ring_ar
1778531075.757099,11,84,1.514384,231.81,127.333,547.683,1,2,compressed_ring_ar
1778531076.309304,11,85,1.504223,245.41,124.958,518.027,1,2,compressed_ring_ar
1778531076.9000752,11,86,1.345441,231.77,122.646,547.895,1,2,compressed_ring_ar
1778531077.4745924,11,87,1.686544,235.56,130.832,538.656,1,2,compressed_ring_ar
1778531078.0696416,11,88,1.489784,227.89,131.48,557.085,1,2,compressed_ring_ar
1778531078.6327682,11,89,1.379366,241.15,120.533,526.222,1,2,compressed_ring_ar
1778531079.2460814,11,90,1.493566,221.47,123.286,573.488,1,2,compressed_ring_ar
1778531079.799262,11,91,1.485232,246.57,117.365,515.303,1,2,compressed_ring_ar
1778531080.384362,11,92,1.485505,232.76,121.057,547.201,1,2,compressed_ring_ar
1778531081.017693,11,93,1.427131,213.38,131.918,595.39,1,2,compressed_ring_ar
1778531081.6042325,11,94,1.435447,231.37,128.528,548.793,1,2,compressed_ring_ar
1778531082.2429595,11,95,1.586176,211.7,135.213,600.041,1,2,compressed_ring_ar
1778531082.8227997,11,96,1.508898,235.74,118.799,538.357,1,2,compressed_ring_ar
1778531083.3836713,11,97,1.574208,241.63,137.93,525.658,1,2,compressed_ring_ar
1778531083.960009,11,98,1.521969,235.76,123.757,538.376,1,2,compressed_ring_ar
1778531084.5561132,11,99,1.382847,226.85,130.478,559.846,1,2,compressed_ring_ar
1778531085.1261094,11,100,1.482382,242.01,127.503,524.139,1,2,compressed_ring_ar
1778531085.715181,11,101,1.511652,230.11,125.524,551.742,1,2,compressed_ring_ar
1778531086.2791677,11,102,1.513033,241.18,122.619,526.193,1,2,compressed_ring_ar
1778531086.834798,11,103,1.545163,247.29,133.434,513.084,1,2,compressed_ring_ar
1778531087.4567084,11,104,1.45771,226.32,129.457,560.859,1,2,compressed_ring_ar
1778531088.0484974,11,105,1.376621,232.99,127.824,544.74,1,2,compressed_ring_ar
1778531088.618429,11,106,1.362116,244.02,127.509,519.933,1,2,compressed_ring_ar
1778531089.193563,11,107,1.478584,235.48,129.019,538.791,1,2,compressed_ring_ar
1778531089.7490792,11,108,1.582514,245.05,122.601,517.585,1,2,compressed_ring_ar
1778531090.4741986,11,109,1.530657,184.85,189.95,687.982,1,2,compressed_ring_ar
1778531091.1405332,11,110,1.373552,209.8,125.143,607.213,1,2,compressed_ring_ar
1778531091.7808135,11,111,1.514106,210.59,124.308,603.047,1,2,compressed_ring_ar
1778531092.340223,11,112,1.36349,242.96,124.137,522.53,1,2,compressed_ring_ar
1778531092.9461825,11,113,1.475863,224.72,138.357,565.018,1,2,compressed_ring_ar
1778531093.5279343,11,114,1.628883,233.45,131.952,543.918,1,2,compressed_ring_ar
1778531094.086155,11,115,1.528053,243.91,124.316,520.253,1,2,compressed_ring_ar
1778531094.6737695,11,116,1.525161,231.5,121.991,548.001,1,2,compressed_ring_ar
1778531095.234848,11,117,1.491537,241.68,124.008,524.862,1,2,compressed_ring_ar
1778531095.824867,11,118,1.372902,230.28,121.854,551.103,1,2,compressed_ring_ar
1778531096.4136922,11,119,1.497897,232.09,135.018,547.038,1,2,compressed_ring_ar
1778531096.9835272,11,120,1.506075,238.05,123.493,533.347,1,2,compressed_ring_ar
1778531097.5823545,11,121,1.588745,228.15,141.516,556.436,1,2,compressed_ring_ar
1778531098.1201475,11,122,1.557958,252.45,119.827,502.229,1,2,compressed_ring_ar
1778531098.7068315,11,123,1.514703,231.22,127.475,548.802,1,2,compressed_ring_ar
1778531099.3052826,11,124,1.533441,225.93,121.084,562.055,1,2,compressed_ring_ar
1778531099.8824904,11,125,1.473027,235.18,126.325,540.228,1,2,compressed_ring_ar
1778531100.4329972,11,126,1.577566,246.61,118.25,514.517,1,2,compressed_ring_ar
1778531101.0003002,11,127,1.480629,238.91,133.918,531.675,1,2,compressed_ring_ar
1778531101.6045487,11,128,1.555626,224.44,133.331,565.683,1,2,compressed_ring_ar
1778531102.1886024,11,129,1.506755,231.28,135.43,548.971,1,2,compressed_ring_ar
1778531102.7946386,11,130,1.565936,223.22,133.725,568.746,1,2,compressed_ring_ar
1778531103.390501,11,131,1.490091,226.58,144.59,560.354,1,2,compressed_ring_ar
1778531103.973803,11,132,1.540649,238.02,124.105,533.451,1,2,compressed_ring_ar
1778531104.5778458,11,133,1.569489,223.8,143.724,567.73,1,2,compressed_ring_ar
1778531105.1557987,11,134,1.521289,253.7,126.964,500.171,1,2,compressed_ring_ar
1778531105.7667744,11,135,1.399745,223.35,127.976,568.364,1,2,compressed_ring_ar
1778531106.3388436,11,136,1.49283,245.4,119.824,517.027,1,2,compressed_ring_ar
1778531106.9114456,11,137,1.476412,237.05,117.731,535.189,1,2,compressed_ring_ar
1778531107.4755988,11,138,1.505619,242.92,127.233,522.202,1,2,compressed_ring_ar
1778531108.0592191,11,139,1.481448,231.77,128.081,547.879,1,2,compressed_ring_ar
1778531108.6283782,11,140,1.494476,237.45,128.215,534.469,1,2,compressed_ring_ar
1778531109.1824162,11,141,1.451185,246.08,127.61,515.595,1,2,compressed_ring_ar
1778531109.7706463,11,142,1.436126,234.7,126.434,541.027,1,2,compressed_ring_ar
1778531110.3258586,11,143,1.569344,246.3,123.59,514.905,1,2,compressed_ring_ar
1778531110.917817,11,144,1.491793,228.46,119.579,556.241,1,2,compressed_ring_ar
1778531111.5130923,11,145,1.54515,227.67,120.498,557.325,1,2,compressed_ring_ar
1778531112.0670636,11,146,1.456551,245.5,119.058,517.04,1,2,compressed_ring_ar
1778531112.680054,11,147,1.452793,220.52,135.408,575.643,1,2,compressed_ring_ar
1778531113.286336,11,148,1.428225,222.57,132.036,570.289,1,2,compressed_ring_ar
1778531113.849892,11,149,1.447106,240.33,131.779,528.172,1,2,compressed_ring_ar
1778531114.4585013,11,150,1.418157,224.1,139.569,566.482,1,2,compressed_ring_ar
1778531115.070848,11,151,1.427511,222.15,131.619,571.305,1,2,compressed_ring_ar
1778531115.627803,11,152,1.636091,244.23,123.811,519.543,1,2,compressed_ring_ar
1778531116.214128,11,153,1.335862,229.97,131.694,551.976,1,2,compressed_ring_ar
1778531116.8074293,11,154,1.381312,228.33,130.854,555.865,1,2,compressed_ring_ar
1778531117.392787,11,155,1.600948,230.68,129.438,550.045,1,2,compressed_ring_ar
1778531117.9525821,11,156,1.533153,242.33,122.739,523.663,1,2,compressed_ring_ar
1778531118.566835,11,157,1.608939,219.96,126.879,577.349,1,2,compressed_ring_ar
1778531119.1232967,11,158,1.59964,244.92,124.189,518.019,1,2,compressed_ring_ar
1778531119.7155924,11,159,1.431193,228.56,124.004,555.309,1,2,compressed_ring_ar
1778531120.3455327,11,160,1.734268,215.01,139.665,590.66,1,2,compressed_ring_ar
1778531120.9093413,11,161,1.346663,240.09,127.078,528.556,1,2,compressed_ring_ar
1778531121.4750843,11,162,1.480991,240.76,121.262,530.324,1,2,compressed_ring_ar
1778531122.0998497,11,163,1.524626,217.59,119.79,584.205,1,2,compressed_ring_ar
1778531122.6697767,11,164,1.366608,238.68,120.83,531.464,1,2,compressed_ring_ar
1778531123.2720706,11,165,1.457957,224.62,129.567,564.92,1,2,compressed_ring_ar
1778531123.8326857,11,166,1.63769,244.81,129.129,518.322,1,2,compressed_ring_ar
1778531124.4201193,11,167,1.38826,230.5,134.394,550.797,1,2,compressed_ring_ar
1778531125.0070407,11,168,1.537091,230.25,125.576,554.703,1,2,compressed_ring_ar
1778531125.6337657,11,169,1.452918,220.04,131.123,577.297,1,2,compressed_ring_ar
1778531126.2030275,11,170,1.487301,239.09,126.85,531.597,1,2,compressed_ring_ar
1778531126.7749226,11,171,1.429473,239.85,117.203,529.071,1,2,compressed_ring_ar
1778531127.372428,11,172,1.507424,226.52,124.674,560.329,1,2,compressed_ring_ar
1778531127.9554818,11,173,1.419915,232.74,117.73,545.277,1,2,compressed_ring_ar
1778531128.530948,11,174,1.636543,234.85,127.411,540.433,1,2,compressed_ring_ar
1778531129.095427,11,175,1.592139,241.82,117.037,524.405,1,2,compressed_ring_ar
1778531129.6394508,11,176,1.421577,249.81,124.327,508.164,1,2,compressed_ring_ar
1778531130.2100203,11,177,1.377178,246.03,126.423,515.585,1,2,compressed_ring_ar
1778531130.7991855,11,178,1.465794,230.02,129.615,551.671,1,2,compressed_ring_ar
1778531131.3434205,11,179,1.547158,252.3,119.444,503.081,1,2,compressed_ring_ar
1778531131.9084299,11,180,1.406998,246.97,126.034,513.578,1,2,compressed_ring_ar
1778531132.4904625,11,181,1.404838,234.26,127.534,541.894,1,2,compressed_ring_ar
1778531133.052544,11,182,1.479094,243.53,132.517,520.933,1,2,compressed_ring_ar
1778531133.6067395,11,183,1.37644,247.63,122.972,513.152,1,2,compressed_ring_ar
1778531134.192894,11,184,1.51167,231.52,121.373,547.955,1,2,compressed_ring_ar
1778531134.758365,11,185,1.478145,246.52,119.146,515.217,1,2,compressed_ring_ar
1778531135.3471012,11,186,1.442171,230.48,124.899,550.871,1,2,compressed_ring_ar
1778531135.9660006,11,187,1.455142,224.85,140.415,564.312,1,2,compressed_ring_ar
1778531136.5011075,11,188,1.366326,255.19,117.064,500.224,1,2,compressed_ring_ar
1778531137.094939,11,189,1.493655,237.53,129.881,533.996,1,2,compressed_ring_ar
1778531137.6557596,11,190,1.346013,241.85,122.389,524.696,1,2,compressed_ring_ar
1778531138.2162497,11,191,1.604189,242.44,119.524,523.412,1,2,compressed_ring_ar
1778531138.8067956,11,192,1.52273,229.01,128.928,554.166,1,2,compressed_ring_ar
1778531139.3766482,11,193,1.50594,238.31,132.691,532.456,1,2,compressed_ring_ar
1778531139.934974,11,194,1.484285,243.66,127.973,524.344,1,2,compressed_ring_ar
1778531140.4492981,11,195,1.481963,80.82,117.842,490.322,1,2,compressed_ring_ar
1778531146.9144971,12,0,1.386751,176.42,150.203,724.138,1,2,compressed_ring_ar
1778531147.6074722,12,1,1.528337,194.29,104.505,657.386,1,2,compressed_ring_ar
1778531148.2989364,12,2,1.450603,194.14,115.557,657.853,1,2,compressed_ring_ar
1778531149.0061426,12,3,1.449503,189.44,129.286,674.346,1,2,compressed_ring_ar
1778531149.690356,12,4,1.360473,199.07,141.625,639.256,1,2,compressed_ring_ar
1778531150.3135557,12,5,1.35626,218.82,143.169,580.545,1,2,compressed_ring_ar
1778531150.9077737,12,6,1.488847,229.05,125.292,554.263,1,2,compressed_ring_ar
1778531151.5827785,12,7,1.599964,200.15,137.677,634.916,1,2,compressed_ring_ar
1778531152.1659694,12,8,1.446577,235.07,118.541,539.805,1,2,compressed_ring_ar
1778531152.719153,12,9,1.425723,246.73,123.394,514.379,1,2,compressed_ring_ar
1778531153.4753554,12,10,1.454096,180.46,170.621,704.471,1,2,compressed_ring_ar
1778531154.0543876,12,11,1.395698,233.65,122.461,543.233,1,2,compressed_ring_ar
1778531154.6830657,12,12,1.597776,214.25,125.47,592.64,1,2,compressed_ring_ar
1778531155.2807872,12,13,1.458422,225.75,131.346,562.233,1,2,compressed_ring_ar
1778531155.8510933,12,14,1.450425,238.39,125.717,532.4,1,2,compressed_ring_ar
1778531156.4229922,12,15,1.533844,237.71,117.484,534.692,1,2,compressed_ring_ar
1778531157.0236447,12,16,1.539559,226.71,140.114,560.593,1,2,compressed_ring_ar
1778531157.6440794,12,17,1.435524,218.5,129.743,581.31,1,2,compressed_ring_ar
1778531158.215213,12,18,1.339143,241.18,126.501,526.18,1,2,compressed_ring_ar
1778531158.7661414,12,19,1.431428,248.08,117.868,511.311,1,2,compressed_ring_ar
1778531159.34955,12,20,1.364877,232.16,130.323,546.908,1,2,compressed_ring_ar
1778531159.9200716,12,21,1.490864,239.33,121.723,531.007,1,2,compressed_ring_ar
1778531160.489819,12,22,1.506684,244.2,132.68,519.49,1,2,compressed_ring_ar
1778531161.0916789,12,23,1.527205,224.2,150.67,566.511,1,2,compressed_ring_ar
1778531161.7995682,12,24,1.455996,193.89,123.384,655.846,1,2,compressed_ring_ar
1778531162.4072723,12,25,1.445776,222.81,128.927,570.52,1,2,compressed_ring_ar
1778531163.0130215,12,26,1.70406,223.03,129.781,569.061,1,2,compressed_ring_ar
1778531163.5580668,12,27,1.470304,250.18,123.605,506.88,1,2,compressed_ring_ar
1778531164.1577036,12,28,1.585984,225.3,143.184,563.592,1,2,compressed_ring_ar
1778531164.7502148,12,29,1.458263,232.01,125.12,547.08,1,2,compressed_ring_ar
1778531165.3127255,12,30,1.611951,251.9,113.817,503.397,1,2,compressed_ring_ar
1778531165.887387,12,31,1.551969,237.15,114.561,534.812,1,2,compressed_ring_ar
1778531166.4846518,12,32,1.349046,227.15,126.049,559.751,1,2,compressed_ring_ar
1778531167.0720127,12,33,1.425153,239.78,126.574,529.205,1,2,compressed_ring_ar
1778531167.7017696,12,34,1.383606,214.02,152.769,593.404,1,2,compressed_ring_ar
1778531168.2746353,12,35,1.537229,238.4,119.063,532.236,1,2,compressed_ring_ar
1778531168.8621013,12,36,1.537801,230.42,122.674,550.569,1,2,compressed_ring_ar
1778531169.4433572,12,37,1.407411,233.8,129.455,543.525,1,2,compressed_ring_ar
1778531170.0099208,12,38,1.356671,239.07,123.406,530.88,1,2,compressed_ring_ar
1778531170.5549629,12,39,1.537614,251.67,119.05,504.512,1,2,compressed_ring_ar
1778531171.1460347,12,40,1.441504,229.11,125.729,554.158,1,2,compressed_ring_ar
1778531171.7434623,12,41,1.422326,226.83,147.978,559.568,1,2,compressed_ring_ar
1778531172.3064644,12,42,1.486902,242.07,121.086,524.225,1,2,compressed_ring_ar
1778531172.8956366,12,43,1.55468,231.69,122.665,547.666,1,2,compressed_ring_ar
1778531173.5369647,12,44,1.429442,212.26,129.642,598.3,1,2,compressed_ring_ar
1778531174.1089308,12,45,1.542533,238.5,117.593,531.874,1,2,compressed_ring_ar
1778531174.6983542,12,46,1.378189,233.73,125.487,542.986,1,2,compressed_ring_ar
1778531175.2624576,12,47,1.447773,242.43,116.403,523.556,1,2,compressed_ring_ar
1778531175.8763633,12,48,1.490241,221.64,142.882,572.717,1,2,compressed_ring_ar
1778531176.4698284,12,49,1.381671,227.94,133.345,556.939,1,2,compressed_ring_ar
1778531177.023523,12,50,1.587663,244.59,122.701,518.786,1,2,compressed_ring_ar
1778531177.595046,12,51,1.502809,240.54,120.664,527.438,1,2,compressed_ring_ar
1778531178.2178223,12,52,1.437546,216.98,137.576,588.747,1,2,compressed_ring_ar
1778531178.8348124,12,53,1.428582,236.61,125.876,536.404,1,2,compressed_ring_ar
1778531179.4140685,12,54,1.378743,235.29,128.651,540.336,1,2,compressed_ring_ar
1778531179.9919374,12,55,1.483292,236.2,132.289,537.259,1,2,compressed_ring_ar
1778531180.5644195,12,56,1.576458,239.36,122.861,530.223,1,2,compressed_ring_ar
1778531181.1475046,12,57,1.466233,241.57,128.525,525.249,1,2,compressed_ring_ar
1778531181.737593,12,58,1.559258,229.44,122.368,555.815,1,2,compressed_ring_ar
1778531182.3460917,12,59,1.431197,225.56,123.824,563.031,1,2,compressed_ring_ar
1778531182.927194,12,60,1.456593,233.45,125.759,543.716,1,2,compressed_ring_ar
1778531183.5153384,12,61,1.478557,230.97,127.865,549.641,1,2,compressed_ring_ar
1778531184.098221,12,62,1.476571,232.42,126.747,546.77,1,2,compressed_ring_ar
1778531184.6976287,12,63,1.441272,228.38,127.614,555.855,1,2,compressed_ring_ar
1778531185.2820907,12,64,1.435764,235.62,136.267,538.64,1,2,compressed_ring_ar
1778531185.869937,12,65,1.436478,230.83,133.156,550.705,1,2,compressed_ring_ar
1778531186.487038,12,66,1.420372,221.94,135.316,572.203,1,2,compressed_ring_ar
1778531187.0656395,12,67,1.385902,236.92,129.854,535.533,1,2,compressed_ring_ar
1778531187.6774242,12,68,1.567463,222.81,131.627,569.89,1,2,compressed_ring_ar
1778531188.258185,12,69,1.503604,235.6,127.853,538.512,1,2,compressed_ring_ar
1778531188.8554096,12,70,1.433043,227.08,123.119,559.349,1,2,compressed_ring_ar
1778531189.517503,12,71,1.502432,206.63,144.77,614.833,1,2,compressed_ring_ar
1778531190.1217806,12,72,1.548587,226.14,124.171,561.774,1,2,compressed_ring_ar
1778531190.694947,12,73,1.505199,237.53,120.743,534.451,1,2,compressed_ring_ar
1778531191.2930152,12,74,1.543519,226.19,127.37,561.677,1,2,compressed_ring_ar
1778531191.8643854,12,75,1.526137,237.38,126.858,534.441,1,2,compressed_ring_ar
1778531192.4308887,12,76,1.468738,239.51,129.204,529.645,1,2,compressed_ring_ar
1778531193.0390859,12,77,1.353127,224.45,132.482,565.647,1,2,compressed_ring_ar
1778531193.5950513,12,78,1.467394,243.82,119.671,521.151,1,2,compressed_ring_ar
1778531194.1613605,12,79,1.45149,240.54,123.114,527.357,1,2,compressed_ring_ar
1778531194.7381735,12,80,1.469844,236.52,123.793,536.521,1,2,compressed_ring_ar
1778531195.3083324,12,81,1.613418,242.74,134.362,523.731,1,2,compressed_ring_ar
1778531195.9026532,12,82,1.610416,229.07,125.381,554.517,1,2,compressed_ring_ar
1778531196.4790065,12,83,1.549146,240.44,131.878,528.549,1,2,compressed_ring_ar
1778531197.108944,12,84,1.639826,214.59,146.073,591.907,1,2,compressed_ring_ar
1778531197.7538762,12,85,1.563098,216.34,122.787,586.761,1,2,compressed_ring_ar
1778531198.3337228,12,86,1.391103,237.44,132.765,534.434,1,2,compressed_ring_ar
1778531198.9104536,12,87,1.473502,234.94,125.686,541.908,1,2,compressed_ring_ar
1778531199.5341709,12,88,1.515864,216.96,130.032,585.372,1,2,compressed_ring_ar
1778531200.1210966,12,89,1.328857,230.19,125.593,552.218,1,2,compressed_ring_ar
1778531200.7011983,12,90,1.604977,236.29,134.219,537.293,1,2,compressed_ring_ar
1778531201.2754688,12,91,1.472233,236.08,121.865,538.318,1,2,compressed_ring_ar
1778531201.8741276,12,92,1.408257,226.06,130.816,561.777,1,2,compressed_ring_ar
1778531202.4682953,12,93,1.493895,227.76,130.565,557.585,1,2,compressed_ring_ar
1778531203.0773592,12,94,1.329575,221.59,121.441,572.944,1,2,compressed_ring_ar
1778531203.6413317,12,95,1.355805,239.95,134.156,528.592,1,2,compressed_ring_ar
1778531204.2148252,12,96,1.455756,235.59,126.356,538.666,1,2,compressed_ring_ar
1778531204.8135357,12,97,1.488605,230.09,125.574,551.479,1,2,compressed_ring_ar
1778531205.3916411,12,98,1.471282,238.58,131.073,531.976,1,2,compressed_ring_ar
1778531205.9619544,12,99,1.463802,237.52,126.414,534.097,1,2,compressed_ring_ar
1778531206.5590596,12,100,1.534199,226.23,131.536,561.229,1,2,compressed_ring_ar
1778531207.1287513,12,101,1.554919,244.01,129.445,520.644,1,2,compressed_ring_ar
1778531207.7150977,12,102,1.334624,230.85,128.758,549.878,1,2,compressed_ring_ar
1778531208.2774534,12,103,1.384405,246.89,123.894,513.732,1,2,compressed_ring_ar
1778531208.8332288,12,104,1.401558,244.61,121.151,518.566,1,2,compressed_ring_ar
1778531209.4026976,12,105,1.656494,241.19,126.201,526.35,1,2,compressed_ring_ar
1778531209.967731,12,106,1.588415,240.67,123.724,527.238,1,2,compressed_ring_ar
1778531210.5466912,12,107,1.457726,233.93,130.165,543.774,1,2,compressed_ring_ar
1778531211.1210585,12,108,1.528542,237.3,133.584,535.211,1,2,compressed_ring_ar
1778531211.6786613,12,109,1.735868,248.46,119.509,510.517,1,2,compressed_ring_ar
1778531212.265783,12,110,1.363684,229.98,121.175,551.856,1,2,compressed_ring_ar
1778531212.830924,12,111,1.538774,242.6,126.524,522.918,1,2,compressed_ring_ar
1778531213.390728,12,112,1.539148,242.09,119.572,524.068,1,2,compressed_ring_ar
1778531213.9344158,12,113,1.489922,250.54,122.734,506.101,1,2,compressed_ring_ar
1778531214.5511017,12,114,1.563722,218.86,142.457,580.236,1,2,compressed_ring_ar
1778531215.1058655,12,115,1.441482,244.65,131.245,518.659,1,2,compressed_ring_ar
1778531215.6747034,12,116,1.425201,238.01,120.366,536.443,1,2,compressed_ring_ar
1778531216.279649,12,117,1.535068,223.94,119.306,566.819,1,2,compressed_ring_ar
1778531216.8637621,12,118,1.553624,233.53,120.725,543.303,1,2,compressed_ring_ar
1778531217.4566085,12,119,1.519502,229.17,131.012,554.038,1,2,compressed_ring_ar
1778531218.02396,12,120,1.463898,239.54,124.659,529.99,1,2,compressed_ring_ar
1778531218.6023405,12,121,1.492709,236.34,125.362,537.137,1,2,compressed_ring_ar
1778531219.146165,12,122,1.491561,249.84,121.197,508.089,1,2,compressed_ring_ar
1778531219.7158365,12,123,1.48641,241.96,122.554,524.493,1,2,compressed_ring_ar
1778531220.3140397,12,124,1.628239,226.1,126.21,561.545,1,2,compressed_ring_ar
1778531220.882439,12,125,1.479249,239.97,127.891,528.779,1,2,compressed_ring_ar
1778531221.620337,12,126,1.501616,186.53,154.639,681.589,1,2,compressed_ring_ar
1778531222.2383885,12,127,1.440558,222.58,130.721,570.311,1,2,compressed_ring_ar
1778531222.8118186,12,128,1.518763,247.3,118.826,512.722,1,2,compressed_ring_ar
1778531223.4069295,12,129,1.454651,227.34,115.345,558.625,1,2,compressed_ring_ar
1778531223.972663,12,130,1.509837,240.24,125.975,528.369,1,2,compressed_ring_ar
1778531224.569019,12,131,1.380755,229.97,146.379,552.299,1,2,compressed_ring_ar
1778531225.1421316,12,132,1.498695,236.43,122.921,537.605,1,2,compressed_ring_ar
1778531225.7653773,12,133,1.481723,220.09,132.414,576.678,1,2,compressed_ring_ar
1778531226.3202171,12,134,1.45522,244.46,124.485,519.011,1,2,compressed_ring_ar
1778531226.896931,12,135,1.436653,235.73,121.474,538.429,1,2,compressed_ring_ar
1778531227.464104,12,136,1.323532,238.98,129.651,530.952,1,2,compressed_ring_ar
1778531228.019945,12,137,1.443661,245.56,123.259,516.579,1,2,compressed_ring_ar
1778531228.6273499,12,138,1.456365,223.98,133.116,566.773,1,2,compressed_ring_ar
1778531229.1758764,12,139,1.652143,248.04,120.453,513.883,1,2,compressed_ring_ar
1778531229.7904823,12,140,1.438332,219.98,124.076,577.586,1,2,compressed_ring_ar
1778531230.3668454,12,141,1.600063,236.47,128.133,536.53,1,2,compressed_ring_ar
1778531230.9243312,12,142,1.548154,243.69,125.53,520.477,1,2,compressed_ring_ar
1778531231.5343273,12,143,1.495857,221.97,131.4,571.967,1,2,compressed_ring_ar
1778531232.1088152,12,144,1.544567,235.47,127.445,538.821,1,2,compressed_ring_ar
1778531232.6948647,12,145,1.462016,236.02,129.622,538.523,1,2,compressed_ring_ar
1778531233.2895916,12,146,1.559508,228.13,124.052,556.624,1,2,compressed_ring_ar
1778531233.897606,12,147,1.504426,223.0,128.729,569.307,1,2,compressed_ring_ar
1778531234.5104167,12,148,1.520986,220.4,139.371,576.345,1,2,compressed_ring_ar
1778531235.0922961,12,149,1.554808,233.78,123.433,543.789,1,2,compressed_ring_ar
1778531235.694846,12,150,1.438293,224.05,134.374,566.551,1,2,compressed_ring_ar
1778531236.2656195,12,151,1.32375,237.11,120.758,535.369,1,2,compressed_ring_ar
1778531236.8206677,12,152,1.413745,244.66,125.782,518.505,1,2,compressed_ring_ar
1778531237.4052205,12,153,1.495727,234.44,135.435,541.259,1,2,compressed_ring_ar
1778531237.9960964,12,154,1.566253,229.58,133.472,552.756,1,2,compressed_ring_ar
1778531238.5740595,12,155,1.364838,240.62,129.034,527.502,1,2,compressed_ring_ar
1778531239.1609757,12,156,1.62047,230.73,121.134,550.166,1,2,compressed_ring_ar
1778531239.7321208,12,157,1.380025,237.81,128.108,533.498,1,2,compressed_ring_ar
1778531240.2742345,12,158,1.530166,260.27,117.946,490.326,1,2,compressed_ring_ar
1778531240.875501,12,159,1.311045,229.4,119.182,553.131,1,2,compressed_ring_ar
1778531241.4718118,12,160,1.377842,232.1,125.727,546.789,1,2,compressed_ring_ar
1778531242.0533385,12,161,1.435772,234.5,142.588,540.878,1,2,compressed_ring_ar
1778531242.610413,12,162,1.525632,249.64,124.897,508.2,1,2,compressed_ring_ar
1778531243.2331748,12,163,1.472523,219.82,135.932,578.567,1,2,compressed_ring_ar
1778531243.7918828,12,164,1.526788,244.9,125.499,517.903,1,2,compressed_ring_ar
1778531244.3426096,12,165,1.557626,251.16,120.569,505.416,1,2,compressed_ring_ar
1778531244.887748,12,166,1.696,251.61,121.685,507.351,1,2,compressed_ring_ar
1778531245.5038905,12,167,1.474458,219.79,127.376,577.67,1,2,compressed_ring_ar
1778531246.0645335,12,168,1.363158,244.39,124.304,518.974,1,2,compressed_ring_ar
1778531246.6657338,12,169,1.426669,225.39,132.491,563.122,1,2,compressed_ring_ar
1778531247.2046487,12,170,1.384591,255.97,124.915,495.521,1,2,compressed_ring_ar
1778531247.7694075,12,171,1.431082,241.64,119.338,525.047,1,2,compressed_ring_ar
1778531248.3133616,12,172,1.623967,249.76,122.759,508.075,1,2,compressed_ring_ar
1778531248.8833554,12,173,1.525007,245.08,116.988,517.442,1,2,compressed_ring_ar
1778531249.4572542,12,174,1.584868,236.15,123.25,537.345,1,2,compressed_ring_ar
1778531250.0306334,12,175,1.479761,242.54,131.196,523.042,1,2,compressed_ring_ar
1778531250.6082604,12,176,1.53221,235.56,123.19,539.547,1,2,compressed_ring_ar
1778531251.166324,12,177,1.350616,244.87,119.53,518.148,1,2,compressed_ring_ar
1778531251.7420232,12,178,1.409148,235.47,123.38,539.09,1,2,compressed_ring_ar
1778531252.3146465,12,179,1.352852,245.93,123.201,516.791,1,2,compressed_ring_ar
1778531252.9029117,12,180,1.514739,231.38,126.031,548.332,1,2,compressed_ring_ar
1778531253.4790912,12,181,1.42453,237.4,124.618,534.486,1,2,compressed_ring_ar
1778531254.1172218,12,182,1.463258,220.99,142.302,574.672,1,2,compressed_ring_ar
1778531254.713123,12,183,1.500542,229.52,122.099,553.24,1,2,compressed_ring_ar
1778531255.281468,12,184,1.480266,238.43,118.149,532.614,1,2,compressed_ring_ar
1778531255.864035,12,185,1.406741,233.4,132.864,543.556,1,2,compressed_ring_ar
1778531256.4234107,12,186,1.589212,242.08,131.587,523.981,1,2,compressed_ring_ar
1778531256.9734857,12,187,1.515751,247.94,125.048,511.677,1,2,compressed_ring_ar
1778531257.5779688,12,188,1.630825,226.59,129.686,560.155,1,2,compressed_ring_ar
1778531258.154976,12,189,1.444312,236.26,138.622,537.991,1,2,compressed_ring_ar
1778531258.7130437,12,190,1.513818,242.67,125.762,522.799,1,2,compressed_ring_ar
1778531259.3044748,12,191,1.543662,229.71,117.783,552.817,1,2,compressed_ring_ar
1778531259.8948815,12,192,1.564642,228.75,130.963,554.907,1,2,compressed_ring_ar
1778531260.4658527,12,193,1.485129,239.03,133.839,530.819,1,2,compressed_ring_ar
1778531261.0805929,12,194,1.466397,223.47,133.944,571.779,1,2,compressed_ring_ar
1778531261.7199142,12,195,1.252764,65.06,133.133,610.194,1,2,compressed_ring_ar
1778531268.23797,13,0,1.483246,178.5,108.055,714.87,1,2,compressed_ring_ar
1778531268.943798,13,1,1.522162,189.83,119.991,672.874,1,2,compressed_ring_ar
1778531269.6458282,13,2,1.401913,191.29,108.899,664.818,1,2,compressed_ring_ar
1778531270.3896952,13,3,1.43459,181.31,122.01,702.698,1,2,compressed_ring_ar
1778531271.1051018,13,4,1.612362,187.17,126.472,679.173,1,2,compressed_ring_ar
1778531271.6854508,13,5,1.31306,233.62,105.766,545.729,1,2,compressed_ring_ar
1778531272.391912,13,6,1.461635,192.64,114.937,663.051,1,2,compressed_ring_ar
1778531273.105389,13,7,1.566361,188.23,143.044,678.66,1,2,compressed_ring_ar
1778531273.801092,13,8,1.591748,194.5,124.794,653.231,1,2,compressed_ring_ar
1778531274.3861291,13,9,1.478786,233.5,131.285,543.664,1,2,compressed_ring_ar
1778531274.9897044,13,10,1.654619,226.42,147.471,560.757,1,2,compressed_ring_ar
1778531275.5794203,13,11,1.402946,233.45,137.453,543.59,1,2,compressed_ring_ar
1778531276.1738865,13,12,1.40103,228.0,119.227,557.296,1,2,compressed_ring_ar
1778531276.7543516,13,13,1.454315,233.4,114.651,543.72,1,2,compressed_ring_ar
1778531277.3388226,13,14,1.536409,233.35,120.714,544.0,1,2,compressed_ring_ar
1778531277.893432,13,15,1.352154,245.77,122.799,519.504,1,2,compressed_ring_ar
1778531278.499763,13,16,1.490116,222.43,127.555,570.664,1,2,compressed_ring_ar
1778531279.0956285,13,17,1.492073,226.68,118.338,560.854,1,2,compressed_ring_ar
1778531279.6853845,13,18,1.358579,230.19,139.901,551.284,1,2,compressed_ring_ar
1778531280.249394,13,19,1.537207,239.98,119.334,528.853,1,2,compressed_ring_ar
1778531280.801254,13,20,1.488018,248.29,117.805,510.959,1,2,compressed_ring_ar
1778531281.366615,13,21,1.465085,241.14,116.746,526.337,1,2,compressed_ring_ar
1778531281.9270077,13,22,1.626822,241.73,123.324,525.023,1,2,compressed_ring_ar
1778531282.5126266,13,23,1.53618,231.11,118.287,549.239,1,2,compressed_ring_ar
1778531283.1191666,13,24,1.43232,222.43,142.08,570.716,1,2,compressed_ring_ar
1778531283.6769292,13,25,1.492718,243.63,128.254,520.519,1,2,compressed_ring_ar
1778531284.2450647,13,26,1.47094,240.72,129.086,527.194,1,2,compressed_ring_ar
1778531284.8233511,13,27,1.575954,235.07,120.754,540.25,1,2,compressed_ring_ar
1778531285.376134,13,28,1.387882,249.84,127.897,507.864,1,2,compressed_ring_ar
1778531285.9960673,13,29,1.40424,218.87,138.673,581.177,1,2,compressed_ring_ar
1778531286.6077917,13,30,1.37614,221.57,140.389,573.102,1,2,compressed_ring_ar
1778531287.1658158,13,31,1.537538,243.14,122.642,522.11,1,2,compressed_ring_ar
1778531287.7578897,13,32,1.467105,229.79,125.693,552.245,1,2,compressed_ring_ar
1778531288.3323157,13,33,1.516586,236.01,126.783,537.677,1,2,compressed_ring_ar
1778531288.8863328,13,34,1.564609,249.52,118.405,508.478,1,2,compressed_ring_ar
1778531289.4450161,13,35,1.451139,245.27,129.005,517.155,1,2,compressed_ring_ar
1778531290.0174925,13,36,1.357955,236.44,130.424,537.025,1,2,compressed_ring_ar
1778531290.582739,13,37,1.404312,240.31,116.614,528.28,1,2,compressed_ring_ar
1778531291.164682,13,38,1.341792,232.37,126.416,546.349,1,2,compressed_ring_ar
1778531291.7010982,13,39,1.354727,253.13,122.271,501.348,1,2,compressed_ring_ar
1778531292.283584,13,40,1.576404,232.42,125.347,546.18,1,2,compressed_ring_ar
1778531292.8590376,13,41,1.331635,235.37,114.901,539.49,1,2,compressed_ring_ar
1778531293.439764,13,42,1.603433,233.61,124.166,543.096,1,2,compressed_ring_ar
1778531293.9902802,13,43,1.402817,247.18,123.959,512.967,1,2,compressed_ring_ar
1778531294.5783358,13,44,1.598588,230.07,140.315,551.687,1,2,compressed_ring_ar
1778531295.1219587,13,45,1.498115,250.17,129.073,510.329,1,2,compressed_ring_ar
1778531295.75924,13,46,1.645323,211.47,133.027,600.666,1,2,compressed_ring_ar
1778531296.3338528,13,47,1.524679,236.11,124.084,537.207,1,2,compressed_ring_ar
1778531296.9331028,13,48,1.449781,225.04,146.022,564.961,1,2,compressed_ring_ar
1778531297.516139,13,49,1.408114,236.79,126.749,535.819,1,2,compressed_ring_ar
1778531298.1232853,13,50,1.380445,222.25,141.173,571.083,1,2,compressed_ring_ar
1778531298.6861472,13,51,1.449339,242.01,126.419,524.349,1,2,compressed_ring_ar
1778531299.2665882,13,52,1.522383,235.12,123.734,539.742,1,2,compressed_ring_ar
1778531299.8383214,13,53,1.565361,239.01,130.761,530.74,1,2,compressed_ring_ar
1778531300.4164617,13,54,1.594759,234.41,120.798,541.708,1,2,compressed_ring_ar
1778531301.023005,13,55,1.544789,223.11,117.695,569.059,1,2,compressed_ring_ar
1778531301.5864415,13,56,1.43646,240.24,123.969,528.644,1,2,compressed_ring_ar
1778531302.1532817,13,57,1.452206,240.31,126.555,528.143,1,2,compressed_ring_ar
1778531302.707322,13,58,1.449424,245.76,120.653,516.112,1,2,compressed_ring_ar
1778531303.303481,13,59,1.455289,230.34,129.199,551.008,1,2,compressed_ring_ar
1778531303.9115188,13,60,1.456403,222.03,128.71,571.578,1,2,compressed_ring_ar
1778531304.4983087,13,61,1.323841,235.08,143.052,539.833,1,2,compressed_ring_ar
1778531305.1148937,13,62,1.279803,219.35,122.227,578.987,1,2,compressed_ring_ar
1778531305.6628084,13,63,1.540225,248.09,127.784,511.346,1,2,compressed_ring_ar
1778531306.2264287,13,64,1.53093,240.5,124.396,527.401,1,2,compressed_ring_ar
1778531306.8321621,13,65,1.426187,223.95,126.663,566.831,1,2,compressed_ring_ar
1778531307.415432,13,66,1.577483,232.22,135.159,547.029,1,2,compressed_ring_ar
1778531308.0416079,13,67,1.464071,216.64,130.619,586.287,1,2,compressed_ring_ar
1778531308.6213443,13,68,1.383733,235.56,133.646,538.75,1,2,compressed_ring_ar
1778531309.201829,13,69,1.484803,234.99,131.569,540.086,1,2,compressed_ring_ar
1778531309.7716131,13,70,1.370308,240.11,118.583,528.248,1,2,compressed_ring_ar
1778531310.3519838,13,71,1.685904,234.85,125.829,540.24,1,2,compressed_ring_ar
1778531310.9157631,13,72,1.320607,240.46,121.825,527.995,1,2,compressed_ring_ar
1778531311.5232477,13,73,1.376533,231.26,126.217,548.821,1,2,compressed_ring_ar
1778531312.074145,13,74,1.58221,246.12,120.046,515.271,1,2,compressed_ring_ar
1778531312.6155417,13,75,1.597825,251.64,113.009,504.07,1,2,compressed_ring_ar
1778531313.2150717,13,76,1.512331,225.25,142.1,563.624,1,2,compressed_ring_ar
1778531313.8058553,13,77,1.462015,229.66,125.016,552.836,1,2,compressed_ring_ar
1778531314.3725374,13,78,1.46455,238.89,121.974,531.111,1,2,compressed_ring_ar
1778531314.9383671,13,79,1.604722,244.27,126.697,522.838,1,2,compressed_ring_ar
1778531315.5362291,13,80,1.625862,231.01,122.702,549.519,1,2,compressed_ring_ar
1778531316.128668,13,81,1.644177,228.36,121.02,555.872,1,2,compressed_ring_ar
1778531316.7211072,13,82,1.377098,229.06,128.468,554.461,1,2,compressed_ring_ar
1778531317.40843,13,83,1.599854,198.15,166.132,641.642,1,2,compressed_ring_ar
1778531318.122153,13,84,1.434529,193.12,133.552,658.063,1,2,compressed_ring_ar
1778531318.714794,13,85,1.510036,232.28,132.059,546.501,1,2,compressed_ring_ar
1778531319.2981288,13,86,1.450064,232.49,123.844,545.857,1,2,compressed_ring_ar
1778531319.8618062,13,87,1.449461,242.11,115.516,523.884,1,2,compressed_ring_ar
1778531320.4846268,13,88,1.538861,216.69,133.119,585.986,1,2,compressed_ring_ar
1778531321.0400174,13,89,1.532653,244.61,119.932,518.584,1,2,compressed_ring_ar
1778531321.6046543,13,90,1.593011,251.35,122.753,504.513,1,2,compressed_ring_ar
1778531322.19468,13,91,1.354049,231.91,125.48,547.391,1,2,compressed_ring_ar
1778531322.7918694,13,92,1.554384,226.09,119.427,561.625,1,2,compressed_ring_ar
1778531323.357244,13,93,1.399264,240.08,125.169,528.733,1,2,compressed_ring_ar
1778531323.9191222,13,94,1.437509,241.53,125.019,525.775,1,2,compressed_ring_ar
1778531324.5298915,13,95,1.403016,220.89,143.623,574.524,1,2,compressed_ring_ar
1778531325.1280115,13,96,1.324053,226.39,144.822,560.749,1,2,compressed_ring_ar
1778531325.6871743,13,97,1.403167,246.53,124.461,514.73,1,2,compressed_ring_ar
1778531326.2624922,13,98,1.438304,234.55,131.596,541.069,1,2,compressed_ring_ar
1778531326.858124,13,99,1.394132,228.64,132.32,555.046,1,2,compressed_ring_ar
1778531327.4285173,13,100,1.416225,237.07,133.557,535.368,1,2,compressed_ring_ar
1778531327.9825284,13,101,1.492518,244.78,123.137,519.05,1,2,compressed_ring_ar
1778531328.5860078,13,102,1.595439,223.92,134.869,566.961,1,2,compressed_ring_ar
1778531329.2387526,13,103,1.498366,208.42,136.778,609.623,1,2,compressed_ring_ar
1778531329.8010957,13,104,1.422506,242.73,119.473,522.766,1,2,compressed_ring_ar
1778531330.34209,13,105,1.396567,251.56,122.644,504.333,1,2,compressed_ring_ar
1778531330.9052734,13,106,1.439336,245.22,119.22,517.447,1,2,compressed_ring_ar
1778531331.49755,13,107,1.575768,228.29,122.189,556.149,1,2,compressed_ring_ar
1778531332.0968487,13,108,1.509591,225.37,123.766,563.521,1,2,compressed_ring_ar
1778531332.650281,13,109,1.552855,245.7,125.224,516.405,1,2,compressed_ring_ar
1778531333.2170162,13,110,1.466766,239.52,122.717,532.353,1,2,compressed_ring_ar
1778531333.8301182,13,111,1.605385,220.3,129.264,577.328,1,2,compressed_ring_ar
1778531334.4453964,13,112,1.503173,219.37,141.059,578.987,1,2,compressed_ring_ar
1778531335.0051022,13,113,1.424423,246.59,127.394,515.261,1,2,compressed_ring_ar
1778531335.6177483,13,114,1.488292,220.74,129.214,575.338,1,2,compressed_ring_ar
1778531336.2118216,13,115,1.411624,227.36,131.789,558.164,1,2,compressed_ring_ar
1778531336.7965302,13,116,1.479987,232.38,134.795,546.273,1,2,compressed_ring_ar
1778531337.350586,13,117,1.433587,246.67,126.777,514.499,1,2,compressed_ring_ar
1778531337.9380546,13,118,1.542206,230.56,128.664,550.612,1,2,compressed_ring_ar
1778531338.5242379,13,119,1.467548,231.04,120.434,549.693,1,2,compressed_ring_ar
1778531339.0916336,13,120,1.417697,238.59,123.14,532.491,1,2,compressed_ring_ar
1778531339.6968718,13,121,1.461673,223.29,139.799,568.391,1,2,compressed_ring_ar
1778531340.3138463,13,122,1.467899,219.51,122.185,578.742,1,2,compressed_ring_ar
1778531340.8992722,13,123,1.53223,231.58,125.353,548.871,1,2,compressed_ring_ar
1778531341.5116858,13,124,1.507545,220.96,129.12,574.669,1,2,compressed_ring_ar
1778531342.0834024,13,125,1.645578,236.78,126.809,535.764,1,2,compressed_ring_ar
1778531342.652027,13,126,1.529444,238.29,125.475,532.706,1,2,compressed_ring_ar
1778531343.2293918,13,127,1.317712,234.66,127.194,540.888,1,2,compressed_ring_ar
1778531343.7983294,13,128,1.488599,238.77,123.742,531.403,1,2,compressed_ring_ar
1778531344.3855064,13,129,1.4694,234.48,127.585,542.01,1,2,compressed_ring_ar
1778531344.9454935,13,130,1.52933,246.78,121.687,514.217,1,2,compressed_ring_ar
1778531345.5236306,13,131,1.439211,238.37,125.773,532.273,1,2,compressed_ring_ar
1778531346.0965693,13,132,1.63116,238.3,125.757,532.6,1,2,compressed_ring_ar
1778531346.6744127,13,133,1.401158,234.29,132.904,541.516,1,2,compressed_ring_ar
1778531347.2632194,13,134,1.368252,229.89,127.029,552.721,1,2,compressed_ring_ar
1778531347.8434317,13,135,1.456205,233.54,120.73,543.31,1,2,compressed_ring_ar
1778531348.4225037,13,136,1.541231,233.6,125.319,543.388,1,2,compressed_ring_ar
1778531349.0209885,13,137,1.404854,225.65,123.146,562.527,1,2,compressed_ring_ar
1778531349.6267793,13,138,1.603849,222.72,128.142,570.137,1,2,compressed_ring_ar
1778531350.1844933,13,139,1.554923,246.98,123.324,513.379,1,2,compressed_ring_ar
1778531350.7798293,13,140,1.373303,228.58,130.799,556.173,1,2,compressed_ring_ar
1778531351.3833768,13,141,1.462114,224.94,126.946,564.971,1,2,compressed_ring_ar
1778531351.9612565,13,142,1.677166,234.78,119.561,540.366,1,2,compressed_ring_ar
1778531352.5176032,13,143,1.573631,243.53,120.67,521.545,1,2,compressed_ring_ar
1778531353.1053443,13,144,1.605827,230.27,126.415,551.436,1,2,compressed_ring_ar
1778531353.7069304,13,145,1.382252,224.95,128.992,564.724,1,2,compressed_ring_ar
1778531354.2869964,13,146,1.397839,234.76,127.419,540.735,1,2,compressed_ring_ar
1778531354.9224927,13,147,1.660362,215.04,150.568,590.488,1,2,compressed_ring_ar
1778531355.533214,13,148,1.507163,223.92,138.749,567.17,1,2,compressed_ring_ar
1778531356.1433473,13,149,1.404129,220.05,130.199,577.071,1,2,compressed_ring_ar
1778531356.7229526,13,150,1.471311,234.08,137.519,541.829,1,2,compressed_ring_ar
1778531357.3051937,13,151,1.494714,234.87,125.426,540.891,1,2,compressed_ring_ar
1778531357.860916,13,152,1.413021,248.81,119.372,510.036,1,2,compressed_ring_ar
1778531358.4243991,13,153,1.43781,240.68,128.976,527.251,1,2,compressed_ring_ar
1778531358.9689353,13,154,1.454346,251.14,117.478,505.041,1,2,compressed_ring_ar
1778531359.5562382,13,155,1.423763,231.8,133.926,547.705,1,2,compressed_ring_ar
1778531360.1024396,13,156,1.490793,248.4,121.616,510.653,1,2,compressed_ring_ar
1778531360.7226794,13,157,1.311772,217.48,131.491,583.745,1,2,compressed_ring_ar
1778531361.3133917,13,158,1.658858,232.79,124.285,545.388,1,2,compressed_ring_ar
1778531361.8820834,13,159,1.402029,240.88,128.506,526.978,1,2,compressed_ring_ar
1778531362.4400656,13,160,1.473428,243.05,120.85,523.058,1,2,compressed_ring_ar
1778531363.031441,13,161,1.540028,229.49,125.313,553.028,1,2,compressed_ring_ar
1778531363.592265,13,162,1.499568,242.05,125.556,524.283,1,2,compressed_ring_ar
1778531364.1334429,13,163,1.485234,250.67,116.931,509.194,1,2,compressed_ring_ar
1778531364.7752173,13,164,1.640165,217.58,134.907,583.713,1,2,compressed_ring_ar
1778531365.3267436,13,165,1.467033,246.82,118.854,513.884,1,2,compressed_ring_ar
1778531365.9160714,13,166,1.654355,229.3,126.106,553.677,1,2,compressed_ring_ar
1778531366.5062242,13,167,1.541839,229.44,128.232,553.101,1,2,compressed_ring_ar
1778531367.079732,13,168,1.403767,237.3,119.398,537.359,1,2,compressed_ring_ar
1778531367.7279704,13,169,1.520612,207.95,119.589,611.209,1,2,compressed_ring_ar
1778531368.3686974,13,170,1.455981,211.24,124.531,601.8,1,2,compressed_ring_ar
1778531368.931949,13,171,1.322084,241.84,133.284,525.171,1,2,compressed_ring_ar
1778531369.484365,13,172,1.476651,245.92,126.258,515.837,1,2,compressed_ring_ar
1778531370.0639186,13,173,1.512631,234.32,129.125,541.596,1,2,compressed_ring_ar
1778531370.6290183,13,174,1.481354,240.83,129.283,527.148,1,2,compressed_ring_ar
1778531371.2114727,13,175,1.423406,232.69,115.278,545.463,1,2,compressed_ring_ar
1778531371.8044653,13,176,1.492695,229.08,124.048,554.104,1,2,compressed_ring_ar
1778531372.3780909,13,177,1.440632,240.9,125.397,526.573,1,2,compressed_ring_ar
1778531372.9445708,13,178,1.34078,240.35,119.094,527.779,1,2,compressed_ring_ar
1778531373.5485096,13,179,1.455203,223.83,122.43,568.073,1,2,compressed_ring_ar
1778531374.1143882,13,180,1.372454,243.5,126.867,520.783,1,2,compressed_ring_ar
1778531374.7227557,13,181,1.515572,224.55,124.895,565.559,1,2,compressed_ring_ar
1778531375.3284767,13,182,1.375027,224.82,126.932,564.659,1,2,compressed_ring_ar
1778531375.906453,13,183,1.481058,234.05,124.029,542.909,1,2,compressed_ring_ar
1778531376.4810376,13,184,1.275663,236.3,129.272,536.996,1,2,compressed_ring_ar
1778531377.0386775,13,185,1.400262,245.54,125.86,517.311,1,2,compressed_ring_ar
1778531377.6087875,13,186,1.540831,241.45,125.117,525.656,1,2,compressed_ring_ar
1778531378.196151,13,187,1.636903,230.63,123.808,551.081,1,2,compressed_ring_ar
1778531378.7711475,13,188,1.460148,240.25,125.75,527.899,1,2,compressed_ring_ar
1778531379.3378062,13,189,1.469355,238.93,124.04,531.201,1,2,compressed_ring_ar
1778531379.9135559,13,190,1.468535,245.64,120.475,516.82,1,2,compressed_ring_ar
1778531380.4910855,13,191,1.342008,242.53,118.353,523.228,1,2,compressed_ring_ar
1778531381.051636,13,192,1.396085,245.2,125.294,517.269,1,2,compressed_ring_ar
1778531381.5949745,13,193,1.367752,249.83,122.306,508.063,1,2,compressed_ring_ar
1778531382.163569,13,194,1.491326,242.52,114.857,525.376,1,2,compressed_ring_ar
1778531382.7086759,13,195,1.558823,75.3,138.848,526.621,1,2,compressed_ring_ar
1778531389.1593812,14,0,1.497318,184.87,116.363,691.028,1,2,compressed_ring_ar
1778531389.8849,14,1,1.329074,184.88,106.771,689.272,1,2,compressed_ring_ar
1778531390.5810924,14,2,1.378164,193.87,118.729,658.801,1,2,compressed_ring_ar
1778531391.2487671,14,3,1.482387,203.77,104.886,626.748,1,2,compressed_ring_ar
1778531391.9339983,14,4,1.58078,195.92,116.911,651.942,1,2,compressed_ring_ar
1778531392.6106622,14,5,1.529998,198.58,115.0,642.445,1,2,compressed_ring_ar
1778531393.3092067,14,6,1.289011,192.83,153.107,662.348,1,2,compressed_ring_ar
1778531394.0352905,14,7,1.456937,185.47,101.821,688.879,1,2,compressed_ring_ar
1778531394.6945143,14,8,1.516045,205.91,111.435,620.409,1,2,compressed_ring_ar
1778531395.4538357,14,9,1.561983,179.5,122.167,711.795,1,2,compressed_ring_ar
1778531396.1008866,14,10,1.556923,208.38,109.527,609.91,1,2,compressed_ring_ar
1778531396.8185866,14,11,1.511572,186.63,111.022,684.455,1,2,compressed_ring_ar
1778531397.7990332,14,12,1.417185,136.12,164.292,939.361,1,2,compressed_ring_ar
1778531398.5677884,14,13,1.401429,174.54,118.496,732.303,1,2,compressed_ring_ar
1778531399.2786493,14,14,1.578978,192.79,113.285,662.501,1,2,compressed_ring_ar
1778531399.9886622,14,15,1.421661,193.22,110.345,661.047,1,2,compressed_ring_ar
1778531400.7137609,14,16,1.517696,186.42,124.104,685.243,1,2,compressed_ring_ar
1778531401.4593241,14,17,1.697757,180.94,126.447,706.006,1,2,compressed_ring_ar
1778531402.172917,14,18,1.486733,187.57,103.398,681.131,1,2,compressed_ring_ar
1778531402.8541687,14,19,1.567515,201.36,112.298,631.166,1,2,compressed_ring_ar
1778531403.5675719,14,20,1.425297,187.92,131.2,676.543,1,2,compressed_ring_ar
1778531404.1701586,14,21,1.440268,226.39,108.819,564.097,1,2,compressed_ring_ar
1778531404.8584251,14,22,1.489066,195.87,158.551,652.134,1,2,compressed_ring_ar
1778531405.5844817,14,23,1.468561,189.59,110.631,673.95,1,2,compressed_ring_ar
1778531406.2905366,14,24,1.454588,190.02,117.397,672.271,1,2,compressed_ring_ar
1778531406.9834635,14,25,1.457074,194.31,126.627,656.624,1,2,compressed_ring_ar
1778531407.674849,14,26,1.553063,195.1,123.54,654.692,1,2,compressed_ring_ar
1778531408.3712783,14,27,1.367069,193.06,108.93,661.905,1,2,compressed_ring_ar
1778531409.0685964,14,28,1.436925,192.38,117.107,663.923,1,2,compressed_ring_ar
1778531409.738113,14,29,1.399028,201.64,108.587,632.54,1,2,compressed_ring_ar
1778531410.4724221,14,30,1.505921,183.22,131.57,697.411,1,2,compressed_ring_ar
1778531411.2020493,14,31,1.520072,183.73,127.732,695.425,1,2,compressed_ring_ar
1778531411.8777828,14,32,1.579951,199.19,126.814,640.722,1,2,compressed_ring_ar
1778531412.5682833,14,33,1.437799,195.74,106.821,652.534,1,2,compressed_ring_ar
1778531413.41085,14,34,1.553679,159.15,157.617,802.836,1,2,compressed_ring_ar
1778531414.169967,14,35,1.461543,176.25,124.977,723.236,1,2,compressed_ring_ar
1778531414.954214,14,36,1.447004,170.41,119.289,749.717,1,2,compressed_ring_ar
1778531415.6621602,14,37,1.509174,190.56,129.913,670.278,1,2,compressed_ring_ar
1778531416.3793864,14,38,1.505416,186.14,114.421,686.325,1,2,compressed_ring_ar
1778531417.055107,14,39,1.542258,199.5,103.187,640.198,1,2,compressed_ring_ar
1778531417.7464724,14,40,1.576313,194.1,110.872,658.062,1,2,compressed_ring_ar
1778531418.448823,14,41,1.460452,191.07,111.604,668.588,1,2,compressed_ring_ar
1778531419.092516,14,42,1.501161,210.31,119.175,607.23,1,2,compressed_ring_ar
1778531419.7995675,14,43,1.576972,189.44,123.176,671.164,1,2,compressed_ring_ar
1778531420.5036967,14,44,1.305269,191.5,118.0,666.273,1,2,compressed_ring_ar
1778531421.3076878,14,45,1.556255,165.52,153.545,772.047,1,2,compressed_ring_ar
1778531422.0410721,14,46,1.442161,182.36,126.3,700.54,1,2,compressed_ring_ar
1778531422.7410326,14,47,1.410352,191.66,112.2,666.462,1,2,compressed_ring_ar
1778531423.4665303,14,48,1.331332,191.44,103.757,667.14,1,2,compressed_ring_ar
1778531424.1831799,14,49,1.428367,187.59,118.727,681.049,1,2,compressed_ring_ar
1778531424.9049134,14,50,1.545707,187.42,114.394,681.509,1,2,compressed_ring_ar
1778531425.641688,14,51,1.418052,183.39,119.82,693.942,1,2,compressed_ring_ar
1778531426.3434844,14,52,1.49522,192.7,112.566,661.56,1,2,compressed_ring_ar
1778531427.025408,14,53,1.396548,199.61,122.479,639.857,1,2,compressed_ring_ar
1778531427.7117772,14,54,1.556659,195.61,126.512,649.609,1,2,compressed_ring_ar
1778531428.2937932,14,55,1.463499,233.33,134.102,544.619,1,2,compressed_ring_ar
1778531428.91438,14,56,1.455047,217.56,108.381,587.242,1,2,compressed_ring_ar
1778531429.7372968,14,57,1.29803,168.17,120.164,759.731,1,2,compressed_ring_ar
1778531430.4328341,14,58,1.609073,193.18,119.652,661.181,1,2,compressed_ring_ar
1778531431.1054366,14,59,1.633836,200.26,114.289,634.688,1,2,compressed_ring_ar
1778531431.793707,14,60,1.491749,194.94,111.205,655.18,1,2,compressed_ring_ar
1778531432.5063596,14,61,1.501276,188.48,134.44,677.777,1,2,compressed_ring_ar
1778531433.173889,14,62,1.607782,203.28,113.014,628.274,1,2,compressed_ring_ar
1778531433.8731735,14,63,1.406278,191.62,116.615,666.009,1,2,compressed_ring_ar
1778531434.5711012,14,64,1.405059,194.16,183.207,656.75,1,2,compressed_ring_ar
1778531435.3034346,14,65,1.533651,185.76,162.693,687.717,1,2,compressed_ring_ar
1778531436.1099873,14,66,1.518921,166.88,121.817,765.581,1,2,compressed_ring_ar
1778531436.8599534,14,67,1.515948,181.67,112.455,703.375,1,2,compressed_ring_ar
1778531437.6110716,14,68,1.420949,177.82,137.952,715.306,1,2,compressed_ring_ar
1778531438.3257756,14,69,1.349483,188.34,118.755,675.205,1,2,compressed_ring_ar
1778531439.0401604,14,70,1.461759,187.69,110.295,680.603,1,2,compressed_ring_ar
1778531439.7369277,14,71,1.470394,193.15,103.887,661.331,1,2,compressed_ring_ar
1778531440.426713,14,72,1.480437,194.44,122.083,656.946,1,2,compressed_ring_ar
1778531441.1310074,14,73,1.552029,192.28,113.799,664.337,1,2,compressed_ring_ar
1778531441.8351586,14,74,1.271725,190.19,119.483,671.602,1,2,compressed_ring_ar
1778531442.5077634,14,75,1.522971,200.03,114.694,638.474,1,2,compressed_ring_ar
1778531443.2240129,14,76,1.537439,186.85,124.316,683.639,1,2,compressed_ring_ar
1778531443.9286215,14,77,1.601264,190.17,112.458,668.665,1,2,compressed_ring_ar
1778531444.6981149,14,78,1.442008,174.64,149.988,731.719,1,2,compressed_ring_ar
1778531445.4636369,14,79,1.344963,178.73,114.957,714.774,1,2,compressed_ring_ar
1778531446.1553698,14,80,1.397756,193.31,113.237,660.724,1,2,compressed_ring_ar
1778531446.8872244,14,81,1.630176,183.98,132.864,694.3,1,2,compressed_ring_ar
1778531447.605003,14,82,1.552601,187.2,121.041,682.388,1,2,compressed_ring_ar
1778531448.3033924,14,83,1.440786,192.13,109.274,664.762,1,2,compressed_ring_ar
1778531448.9931612,14,84,1.508222,195.37,114.662,653.762,1,2,compressed_ring_ar
1778531449.6935575,14,85,1.500173,192.82,116.28,660.835,1,2,compressed_ring_ar
1778531450.393912,14,86,1.49131,192.47,110.32,660.658,1,2,compressed_ring_ar
1778531451.115139,14,87,1.462405,185.62,136.125,684.912,1,2,compressed_ring_ar
1778531451.7421634,14,88,1.494824,215.17,110.542,593.547,1,2,compressed_ring_ar
1778531452.508707,14,89,1.252282,175.34,117.982,728.816,1,2,compressed_ring_ar
1778531453.1672196,14,90,1.329925,204.61,113.796,621.13,1,2,compressed_ring_ar
1778531453.8528948,14,91,1.420782,195.65,113.074,651.12,1,2,compressed_ring_ar
1778531454.5712004,14,92,1.529264,186.27,111.417,685.837,1,2,compressed_ring_ar
1778531455.3169296,14,93,1.3785,180.69,115.977,707.064,1,2,compressed_ring_ar
1778531455.9610999,14,94,1.516937,210.72,107.921,605.981,1,2,compressed_ring_ar
1778531456.697156,14,95,1.529057,182.56,123.787,698.878,1,2,compressed_ring_ar
1778531457.4158096,14,96,1.432462,187.05,108.246,682.89,1,2,compressed_ring_ar
1778531458.1428092,14,97,1.486648,185.89,129.292,686.211,1,2,compressed_ring_ar
1778531458.8244267,14,98,1.296687,197.89,139.438,645.539,1,2,compressed_ring_ar
1778531459.5209568,14,99,1.48346,194.07,111.509,658.207,1,2,compressed_ring_ar
1778531460.338041,14,100,1.450256,163.11,180.635,783.4,1,2,compressed_ring_ar
1778531461.1328363,14,101,1.544512,173.03,115.263,738.463,1,2,compressed_ring_ar
1778531461.8133507,14,102,1.332191,198.33,104.07,643.985,1,2,compressed_ring_ar
1778531462.5175374,14,103,1.632442,190.39,129.039,670.907,1,2,compressed_ring_ar
1778531463.2314408,14,104,1.527862,188.54,133.553,677.482,1,2,compressed_ring_ar
1778531463.9074934,14,105,1.530491,199.16,103.409,641.325,1,2,compressed_ring_ar
1778531464.6562986,14,106,1.343411,178.88,124.658,714.392,1,2,compressed_ring_ar
1778531465.3192282,14,107,1.44562,205.59,107.493,620.706,1,2,compressed_ring_ar
1778531465.9641175,14,108,1.54675,208.6,122.177,612.227,1,2,compressed_ring_ar
1778531466.6723979,14,109,1.312267,188.99,104.637,675.91,1,2,compressed_ring_ar
1778531467.3137434,14,110,1.412732,217.93,117.002,585.959,1,2,compressed_ring_ar
1778531467.9685674,14,111,1.411398,205.61,124.089,621.189,1,2,compressed_ring_ar
1778531468.6870666,14,112,1.550598,188.99,138.941,675.933,1,2,compressed_ring_ar
1778531469.4085019,14,113,1.532828,185.73,117.539,686.827,1,2,compressed_ring_ar
1778531470.109973,14,114,1.422826,191.27,115.059,667.787,1,2,compressed_ring_ar
1778531470.8197875,14,115,1.486454,189.76,117.258,673.143,1,2,compressed_ring_ar
1778531471.5415986,14,116,1.565354,185.5,110.413,688.687,1,2,compressed_ring_ar
1778531472.1895475,14,117,1.617802,211.62,103.918,603.427,1,2,compressed_ring_ar
1778531472.8606093,14,118,1.484464,202.82,118.796,629.701,1,2,compressed_ring_ar
1778531473.5744355,14,119,1.435034,187.56,131.518,681.11,1,2,compressed_ring_ar
1778531474.2655256,14,120,1.516677,194.24,117.592,657.655,1,2,compressed_ring_ar
1778531475.0015106,14,121,1.439114,184.37,112.752,689.624,1,2,compressed_ring_ar
1778531475.7173557,14,122,1.526938,192.45,116.782,663.703,1,2,compressed_ring_ar
1778531476.39785,14,123,1.320683,200.08,120.016,638.397,1,2,compressed_ring_ar
1778531477.0187068,14,124,1.426899,219.27,109.469,582.359,1,2,compressed_ring_ar
1778531477.7700963,14,125,1.484469,177.97,107.674,717.055,1,2,compressed_ring_ar
1778531478.4764051,14,126,1.459166,189.56,117.997,673.991,1,2,compressed_ring_ar
1778531479.2437901,14,127,1.367499,174.99,110.158,730.067,1,2,compressed_ring_ar
1778531479.9101093,14,128,1.51794,205.81,104.469,617.721,1,2,compressed_ring_ar
1778531480.6085253,14,129,1.479528,195.5,105.707,653.228,1,2,compressed_ring_ar
1778531481.3199446,14,130,1.442176,188.49,122.728,677.68,1,2,compressed_ring_ar
1778531481.9890945,14,131,1.430989,201.59,111.219,633.569,1,2,compressed_ring_ar
1778531482.690195,14,132,1.424622,193.67,118.004,659.496,1,2,compressed_ring_ar
1778531483.4058871,14,133,1.515039,187.08,117.336,682.78,1,2,compressed_ring_ar
1778531484.102342,14,134,1.428271,195.95,104.02,649.912,1,2,compressed_ring_ar
1778531484.8193085,14,135,1.542074,187.32,115.608,681.978,1,2,compressed_ring_ar
1778531485.5944843,14,136,1.546906,173.34,117.465,737.022,1,2,compressed_ring_ar
1778531486.3643105,14,137,1.544977,175.02,130.933,730.055,1,2,compressed_ring_ar
1778531487.0816207,14,138,1.487974,188.62,161.929,677.217,1,2,compressed_ring_ar
1778531487.7848375,14,139,1.514068,191.64,160.475,663.375,1,2,compressed_ring_ar
1778531488.390641,14,140,1.503425,232.66,106.361,548.738,1,2,compressed_ring_ar
1778531489.0749755,14,141,1.406022,196.91,122.54,649.066,1,2,compressed_ring_ar
1778531490.0002952,14,142,1.255167,146.04,134.042,875.654,1,2,compressed_ring_ar
1778531490.6977968,14,143,1.439655,193.37,112.901,660.505,1,2,compressed_ring_ar
1778531491.3945282,14,144,1.476994,192.63,130.262,663.095,1,2,compressed_ring_ar
1778531492.0679927,14,145,1.361843,199.5,135.414,639.216,1,2,compressed_ring_ar
1778531492.6995926,14,146,1.340384,213.62,133.041,597.784,1,2,compressed_ring_ar
1778531493.4172385,14,147,1.477351,186.8,127.598,683.855,1,2,compressed_ring_ar
1778531494.130294,14,148,1.496953,188.27,110.543,677.712,1,2,compressed_ring_ar
1778531494.853753,14,149,1.639886,185.32,113.638,687.683,1,2,compressed_ring_ar
1778531495.5626945,14,150,1.592549,189.41,119.579,674.355,1,2,compressed_ring_ar
1778531496.2519238,14,151,1.503046,195.51,103.586,653.357,1,2,compressed_ring_ar
1778531496.9981601,14,152,1.434296,179.61,106.742,711.363,1,2,compressed_ring_ar
1778531497.7683942,14,153,1.553786,177.78,113.444,718.574,1,2,compressed_ring_ar
1778531498.4759035,14,154,1.513912,190.54,113.122,669.09,1,2,compressed_ring_ar
1778531499.1408038,14,155,1.629697,202.82,134.894,630.012,1,2,compressed_ring_ar
1778531499.8128135,14,156,1.400209,199.68,139.405,636.396,1,2,compressed_ring_ar
1778531500.577774,14,157,1.413578,177.13,124.258,721.285,1,2,compressed_ring_ar
1778531501.2885616,14,158,1.565031,190.63,105.831,670.055,1,2,compressed_ring_ar
1778531502.0070875,14,159,1.444951,186.55,110.408,684.468,1,2,compressed_ring_ar
1778531502.6857266,14,160,1.511928,198.17,115.138,644.181,1,2,compressed_ring_ar
1778531503.3805776,14,161,1.286969,195.15,122.907,654.629,1,2,compressed_ring_ar
1778531504.061005,14,162,1.472455,197.21,111.763,647.859,1,2,compressed_ring_ar
1778531504.7385063,14,163,1.417273,198.7,115.264,642.757,1,2,compressed_ring_ar
1778531505.4263473,14,164,1.284686,194.89,125.324,655.38,1,2,compressed_ring_ar
1778531506.1298661,14,165,1.516485,189.59,139.694,673.77,1,2,compressed_ring_ar
1778531506.837237,14,166,1.513573,191.28,114.999,667.871,1,2,compressed_ring_ar
1778531507.4987235,14,167,1.46966,204.71,129.535,623.009,1,2,compressed_ring_ar
1778531508.1797452,14,168,1.431157,196.83,107.426,648.897,1,2,compressed_ring_ar
1778531508.8998258,14,169,1.375335,185.96,119.953,686.876,1,2,compressed_ring_ar
1778531509.593632,14,170,1.362929,193.29,104.416,659.142,1,2,compressed_ring_ar
1778531510.2927096,14,171,1.575212,193.84,117.648,658.943,1,2,compressed_ring_ar
1778531511.036966,14,172,1.441427,181.54,127.838,703.646,1,2,compressed_ring_ar
1778531511.7620738,14,173,1.487388,186.0,110.628,686.795,1,2,compressed_ring_ar
1778531512.4809263,14,174,1.557171,186.23,121.655,683.157,1,2,compressed_ring_ar
1778531513.2265074,14,175,1.531949,179.27,135.77,712.606,1,2,compressed_ring_ar
1778531513.9278524,14,176,1.416897,191.49,129.728,666.212,1,2,compressed_ring_ar
1778531514.7031279,14,177,1.409107,171.92,137.689,740.128,1,2,compressed_ring_ar
1778531515.4167936,14,178,1.48313,187.55,117.596,681.075,1,2,compressed_ring_ar
1778531516.1188254,14,179,1.536866,191.37,107.878,667.5,1,2,compressed_ring_ar
1778531516.8415577,14,180,1.410343,185.19,128.323,687.357,1,2,compressed_ring_ar
1778531517.5451226,14,181,1.470677,191.16,119.375,668.184,1,2,compressed_ring_ar
1778531518.2516813,14,182,1.298499,189.88,113.71,672.702,1,2,compressed_ring_ar
1778531518.9364192,14,183,1.45159,196.74,112.381,649.264,1,2,compressed_ring_ar
1778531519.624065,14,184,1.600326,195.77,118.402,652.44,1,2,compressed_ring_ar
1778531520.318528,14,185,1.426864,193.51,120.849,657.45,1,2,compressed_ring_ar
1778531521.0784783,14,186,1.554919,178.12,129.444,717.385,1,2,compressed_ring_ar
1778531521.9093237,14,187,1.476717,164.2,128.589,778.164,1,2,compressed_ring_ar
1778531522.6132362,14,188,1.52049,191.18,124.78,666.368,1,2,compressed_ring_ar
1778531523.323605,14,189,1.458551,188.99,124.454,672.943,1,2,compressed_ring_ar
1778531523.9135733,14,190,1.479366,229.51,107.025,556.36,1,2,compressed_ring_ar
1778531524.5943305,14,191,1.568023,197.53,123.779,646.626,1,2,compressed_ring_ar
1778531525.2918172,14,192,1.455987,193.18,123.831,661.226,1,2,compressed_ring_ar
1778531525.9756565,14,193,1.47217,196.63,113.335,649.519,1,2,compressed_ring_ar
1778531526.6647618,14,194,1.545006,194.74,120.27,655.913,1,2,compressed_ring_ar
1778531527.2430456,14,195,1.350276,70.61,115.793,562.002,1,2,compressed_ring_ar
1778531533.757274,15,0,1.59069,179.52,115.214,711.763,1,2,compressed_ring_ar
1778531534.3563294,15,1,1.42723,233.29,102.072,547.526,1,2,compressed_ring_ar
1778531535.0856674,15,2,1.744549,183.38,123.697,696.611,1,2,compressed_ring_ar
1778531535.794343,15,3,1.608358,189.87,107.717,669.888,1,2,compressed_ring_ar
1778531536.6049306,15,4,1.431912,163.7,122.62,780.59,1,2,compressed_ring_ar
1778531537.3344076,15,5,1.269685,184.04,120.869,694.082,1,2,compressed_ring_ar
1778531537.9963167,15,6,1.595333,206.44,102.778,618.651,1,2,compressed_ring_ar
1778531538.7759404,15,7,1.58127,171.53,117.919,742.324,1,2,compressed_ring_ar
1778531539.5013735,15,8,1.556461,185.25,132.763,686.404,1,2,compressed_ring_ar
1778531540.0554929,15,9,1.494483,246.77,108.915,516.68,1,2,compressed_ring_ar
1778531540.7665129,15,10,1.403556,188.23,124.664,678.772,1,2,compressed_ring_ar
1778531541.4767241,15,11,1.363586,190.42,115.707,669.063,1,2,compressed_ring_ar
1778531542.1703782,15,12,1.703887,193.82,107.394,658.992,1,2,compressed_ring_ar
1778531542.8596597,15,13,1.381978,194.98,111.857,655.157,1,2,compressed_ring_ar
1778531543.6247497,15,14,1.458526,175.98,119.364,726.072,1,2,compressed_ring_ar
1778531544.2808163,15,15,1.598015,205.96,103.689,620.097,1,2,compressed_ring_ar
1778531545.035721,15,16,1.388625,177.92,112.896,718.023,1,2,compressed_ring_ar
1778531545.709621,15,17,1.427631,199.49,114.739,640.277,1,2,compressed_ring_ar
1778531546.4298995,15,18,1.378406,186.54,111.856,681.745,1,2,compressed_ring_ar
1778531547.1453774,15,19,1.430793,187.59,123.686,681.306,1,2,compressed_ring_ar
1778531547.7771127,15,20,1.419886,220.55,110.959,578.978,1,2,compressed_ring_ar
1778531548.4387023,15,21,1.453858,205.3,108.786,621.456,1,2,compressed_ring_ar
1778531549.1032565,15,22,1.388884,204.06,139.35,623.969,1,2,compressed_ring_ar
1778531549.8273137,15,23,1.537457,185.26,131.917,686.759,1,2,compressed_ring_ar
1778531550.4573817,15,24,1.520551,216.09,113.751,590.984,1,2,compressed_ring_ar
1778531551.174218,15,25,1.395064,190.05,108.228,672.143,1,2,compressed_ring_ar
1778531551.9215527,15,26,1.450499,180.06,118.01,709.561,1,2,compressed_ring_ar
1778531552.621859,15,27,1.409681,192.89,118.573,659.122,1,2,compressed_ring_ar
1778531553.4577196,15,28,1.4455,159.17,164.801,802.796,1,2,compressed_ring_ar
1778531554.1898303,15,29,1.371711,185.31,115.483,689.426,1,2,compressed_ring_ar
1778531554.917895,15,30,1.490155,184.2,141.956,693.468,1,2,compressed_ring_ar
1778531555.6107254,15,31,1.524918,194.55,112.251,656.568,1,2,compressed_ring_ar
1778531556.2849376,15,32,1.531308,200.01,106.916,638.637,1,2,compressed_ring_ar
1778531556.982299,15,33,1.485029,192.18,108.914,663.127,1,2,compressed_ring_ar
1778531557.7213368,15,34,1.342336,182.23,108.766,701.317,1,2,compressed_ring_ar
1778531558.341787,15,35,1.433186,217.61,111.97,584.068,1,2,compressed_ring_ar
1778531559.0544038,15,36,1.546767,187.81,113.22,680.262,1,2,compressed_ring_ar
1778531559.743265,15,37,1.54537,194.83,130.773,652.428,1,2,compressed_ring_ar
1778531560.329677,15,38,1.516386,230.56,110.222,550.965,1,2,compressed_ring_ar
1778531561.0769603,15,39,1.366174,179.08,123.523,713.682,1,2,compressed_ring_ar
1778531561.8526888,15,40,1.574515,177.72,122.325,718.885,1,2,compressed_ring_ar
1778531562.520193,15,41,1.607402,200.97,110.815,635.484,1,2,compressed_ring_ar
1778531563.221423,15,42,1.44106,190.94,104.752,669.151,1,2,compressed_ring_ar
1778531563.864679,15,43,1.438117,209.76,108.798,608.801,1,2,compressed_ring_ar
1778531564.5784998,15,44,1.45148,189.31,122.288,674.764,1,2,compressed_ring_ar
1778531565.3410535,15,45,1.5099,180.3,110.618,708.584,1,2,compressed_ring_ar
1778531565.9605339,15,46,1.645436,222.89,109.9,572.827,1,2,compressed_ring_ar
1778531566.665216,15,47,1.389037,190.39,107.526,670.905,1,2,compressed_ring_ar
1778531567.3646204,15,48,1.502188,193.05,110.759,661.626,1,2,compressed_ring_ar
1778531568.0646114,15,49,1.432565,192.94,112.318,662.05,1,2,compressed_ring_ar
1778531568.7689533,15,50,1.496562,191.32,117.179,667.611,1,2,compressed_ring_ar
1778531569.475477,15,51,1.465434,190.69,107.452,669.806,1,2,compressed_ring_ar
1778531570.1421428,15,52,1.396356,203.66,104.478,624.349,1,2,compressed_ring_ar
1778531570.8291054,15,53,1.455361,196.23,117.881,649.038,1,2,compressed_ring_ar
1778531571.5437446,15,54,1.41012,188.86,113.982,676.424,1,2,compressed_ring_ar
1778531572.1748307,15,55,1.306531,214.13,114.742,596.326,1,2,compressed_ring_ar
1778531572.848458,15,56,1.498769,201.23,118.181,634.745,1,2,compressed_ring_ar
1778531573.5580556,15,57,1.456902,189.18,108.381,675.163,1,2,compressed_ring_ar
1778531574.2184882,15,58,1.490468,203.49,111.305,627.681,1,2,compressed_ring_ar
1778531574.91089,15,59,1.421996,194.85,105.864,655.517,1,2,compressed_ring_ar
1778531575.6503804,15,60,1.500782,180.68,130.446,707.024,1,2,compressed_ring_ar
1778531576.3451915,15,61,1.551687,194.9,118.428,652.384,1,2,compressed_ring_ar
1778531577.0570173,15,62,1.435371,188.69,121.615,676.968,1,2,compressed_ring_ar
1778531577.7460496,15,63,1.57945,195.82,113.767,652.428,1,2,compressed_ring_ar
1778531578.4655573,15,64,1.329673,187.39,113.849,681.728,1,2,compressed_ring_ar
1778531579.1793156,15,65,1.544127,188.26,120.554,678.554,1,2,compressed_ring_ar
1778531579.9203274,15,66,1.336692,181.63,136.084,703.443,1,2,compressed_ring_ar
1778531580.5984921,15,67,1.463845,197.77,114.606,645.787,1,2,compressed_ring_ar
1778531581.2799716,15,68,1.397965,198.48,109.443,643.504,1,2,compressed_ring_ar
1778531581.9860814,15,69,1.393398,190.6,133.758,670.165,1,2,compressed_ring_ar
1778531582.6869843,15,70,1.498596,191.83,113.265,665.851,1,2,compressed_ring_ar
1778531583.3824968,15,71,1.588398,194.42,110.154,656.93,1,2,compressed_ring_ar
1778531584.0833085,15,72,1.482369,191.3,116.076,667.678,1,2,compressed_ring_ar
1778531584.8162546,15,73,1.469099,182.75,139.508,699.274,1,2,compressed_ring_ar
1778531585.4994814,15,74,1.339808,202.2,107.886,629.906,1,2,compressed_ring_ar
1778531586.3061287,15,75,1.413631,165.15,115.997,773.679,1,2,compressed_ring_ar
1778531586.9877346,15,76,1.420159,198.65,121.624,643.093,1,2,compressed_ring_ar
1778531587.7291765,15,77,1.324457,181.07,123.823,702.352,1,2,compressed_ring_ar
1778531588.515575,15,78,1.347983,172.96,123.657,738.713,1,2,compressed_ring_ar
1778531589.3897562,15,79,1.39796,153.25,192.787,831.505,1,2,compressed_ring_ar
1778531590.167258,15,80,1.556358,176.49,134.639,721.991,1,2,compressed_ring_ar
1778531590.9073603,15,81,1.414329,180.42,128.519,708.008,1,2,compressed_ring_ar
1778531591.611308,15,82,1.382812,191.54,110.69,666.887,1,2,compressed_ring_ar
1778531592.3205814,15,83,1.465831,190.69,129.701,668.871,1,2,compressed_ring_ar
1778531593.034527,15,84,1.434057,187.46,130.824,681.414,1,2,compressed_ring_ar
1778531593.7088795,15,85,1.451206,199.45,114.117,638.712,1,2,compressed_ring_ar
1778531594.4242327,15,86,1.504139,187.55,124.584,681.09,1,2,compressed_ring_ar
1778531595.1303623,15,87,1.580702,190.56,112.524,670.251,1,2,compressed_ring_ar
1778531595.788598,15,88,1.450157,205.43,112.557,621.68,1,2,compressed_ring_ar
1778531596.4805017,15,89,1.533231,193.26,121.403,660.887,1,2,compressed_ring_ar
1778531597.2197475,15,90,1.599862,181.67,115.964,703.199,1,2,compressed_ring_ar
1778531597.9743445,15,91,1.486681,177.34,137.43,717.283,1,2,compressed_ring_ar
1778531598.5448864,15,92,1.326634,240.59,106.431,529.684,1,2,compressed_ring_ar
1778531599.3891327,15,93,1.589764,157.3,174.271,812.658,1,2,compressed_ring_ar
1778531600.1087098,15,94,1.531055,186.34,118.745,685.538,1,2,compressed_ring_ar
1778531600.7859187,15,95,1.523783,198.21,128.83,644.361,1,2,compressed_ring_ar
1778531601.4742448,15,96,1.580117,195.12,122.907,654.736,1,2,compressed_ring_ar
1778531602.162652,15,97,1.410183,195.07,104.363,654.795,1,2,compressed_ring_ar
1778531602.858744,15,98,1.524569,192.97,150.474,660.286,1,2,compressed_ring_ar
1778531603.5638425,15,99,1.526696,190.89,111.138,669.125,1,2,compressed_ring_ar
1778531604.286402,15,100,1.337018,185.34,118.743,689.161,1,2,compressed_ring_ar
1778531605.0261137,15,101,1.362848,180.81,132.203,706.457,1,2,compressed_ring_ar
1778531605.7351825,15,102,1.550223,189.04,106.309,675.737,1,2,compressed_ring_ar
1778531606.4219904,15,103,1.485239,195.23,119.229,654.267,1,2,compressed_ring_ar
1778531607.134527,15,104,1.382562,188.98,122.314,672.8,1,2,compressed_ring_ar
1778531607.8376782,15,105,1.507177,193.73,105.636,659.604,1,2,compressed_ring_ar
1778531608.5525587,15,106,1.476379,188.61,142.638,675.994,1,2,compressed_ring_ar
1778531609.2458036,15,107,1.570564,197.04,141.65,648.243,1,2,compressed_ring_ar
1778531609.967414,15,108,1.441122,185.71,118.634,687.871,1,2,compressed_ring_ar
1778531610.7083983,15,109,1.488812,183.48,111.232,693.536,1,2,compressed_ring_ar
1778531611.415914,15,110,1.305341,189.45,115.121,674.228,1,2,compressed_ring_ar
1778531612.0504713,15,111,1.55536,216.94,109.822,585.714,1,2,compressed_ring_ar
1778531612.7609506,15,112,1.407969,188.48,116.267,677.778,1,2,compressed_ring_ar
1778531613.4770892,15,113,1.45433,187.51,125.739,681.29,1,2,compressed_ring_ar
1778531614.1785212,15,114,1.422145,192.01,117.129,665.198,1,2,compressed_ring_ar
1778531614.9479473,15,115,1.460361,173.49,111.998,736.48,1,2,compressed_ring_ar
1778531615.7742338,15,116,1.656347,165.51,128.605,771.963,1,2,compressed_ring_ar
1778531616.491357,15,117,1.429339,188.02,106.896,678.395,1,2,compressed_ring_ar
1778531617.1605883,15,118,1.40988,201.05,132.58,635.208,1,2,compressed_ring_ar
1778531617.8999155,15,119,1.477965,181.99,122.188,701.971,1,2,compressed_ring_ar
1778531618.6623738,15,120,1.432066,180.31,110.993,705.411,1,2,compressed_ring_ar
1778531619.385929,15,121,1.487839,184.73,118.59,691.468,1,2,compressed_ring_ar
1778531620.053243,15,122,1.490346,202.55,104.384,630.52,1,2,compressed_ring_ar
1778531620.7536986,15,123,1.390257,191.11,126.665,667.617,1,2,compressed_ring_ar
1778531621.4614425,15,124,1.384388,189.4,120.064,674.486,1,2,compressed_ring_ar
1778531622.165348,15,125,1.310572,190.77,140.414,666.633,1,2,compressed_ring_ar
1778531622.7264595,15,126,1.550646,241.99,122.254,524.154,1,2,compressed_ring_ar
1778531623.3085356,15,127,1.475673,232.25,105.06,546.576,1,2,compressed_ring_ar
1778531624.0100029,15,128,1.484134,191.29,126.715,667.892,1,2,compressed_ring_ar
1778531624.7045786,15,129,1.583787,194.13,122.39,657.947,1,2,compressed_ring_ar
1778531625.4370902,15,130,1.4762,182.84,123.784,698.672,1,2,compressed_ring_ar
1778531626.1038384,15,131,1.373506,203.3,107.333,628.219,1,2,compressed_ring_ar
1778531626.7770963,15,132,1.447453,201.0,110.445,634.488,1,2,compressed_ring_ar
1778531627.4781806,15,133,1.410237,191.47,141.002,667.112,1,2,compressed_ring_ar
1778531628.162169,15,134,1.491091,197.06,114.344,646.387,1,2,compressed_ring_ar
1778531628.890298,15,135,1.414576,183.97,120.666,694.413,1,2,compressed_ring_ar
1778531629.5955932,15,136,1.470241,190.67,119.917,669.921,1,2,compressed_ring_ar
1778531630.3007927,15,137,1.581333,190.34,106.435,671.048,1,2,compressed_ring_ar
1778531631.0055811,15,138,1.401515,190.2,110.308,671.757,1,2,compressed_ring_ar
1778531631.678521,15,139,1.433841,202.05,100.441,632.104,1,2,compressed_ring_ar
1778531632.3110132,15,140,1.390369,216.09,108.988,588.225,1,2,compressed_ring_ar
1778531633.003403,15,141,1.480847,194.37,116.841,654.054,1,2,compressed_ring_ar
1778531633.7115068,15,142,1.311693,189.35,107.591,674.601,1,2,compressed_ring_ar
1778531634.4207838,15,143,1.521541,188.98,112.792,675.892,1,2,compressed_ring_ar
1778531635.1456852,15,144,1.474477,184.83,109.163,687.938,1,2,compressed_ring_ar
1778531635.838285,15,145,1.297594,193.58,118.012,659.836,1,2,compressed_ring_ar
1778531636.543484,15,146,1.457171,189.94,111.448,672.548,1,2,compressed_ring_ar
1778531637.2164552,15,147,1.465896,199.89,134.409,635.587,1,2,compressed_ring_ar
1778531637.7879634,15,148,1.611994,236.99,108.238,537.882,1,2,compressed_ring_ar
1778531638.5043488,15,149,1.543084,186.98,134.021,683.185,1,2,compressed_ring_ar
1778531639.2305427,15,150,1.441266,185.24,119.762,689.588,1,2,compressed_ring_ar
1778531639.9623868,15,151,1.589808,184.68,116.739,691.705,1,2,compressed_ring_ar
1778531640.6409864,15,152,1.490484,198.33,109.094,643.967,1,2,compressed_ring_ar
1778531641.3389633,15,153,1.411524,192.01,110.015,665.23,1,2,compressed_ring_ar
1778531642.0669384,15,154,1.405733,184.66,118.168,691.85,1,2,compressed_ring_ar
1778531642.7343366,15,155,1.47259,201.67,110.467,633.499,1,2,compressed_ring_ar
1778531643.4367507,15,156,1.500311,191.83,106.477,663.286,1,2,compressed_ring_ar
1778531644.1599655,15,157,1.617724,185.35,112.532,689.207,1,2,compressed_ring_ar
1778531644.9120069,15,158,1.585166,183.34,106.585,696.814,1,2,compressed_ring_ar
1778531645.620574,15,159,1.474737,190.08,106.186,672.014,1,2,compressed_ring_ar
1778531646.321361,15,160,1.4855,191.64,134.846,666.55,1,2,compressed_ring_ar
1778531647.0679545,15,161,1.339838,179.38,125.415,712.245,1,2,compressed_ring_ar
1778531647.8944657,15,162,1.531189,164.91,119.954,774.758,1,2,compressed_ring_ar
1778531648.598186,15,163,1.354605,190.28,113.603,671.269,1,2,compressed_ring_ar
1778531649.294828,15,164,1.545599,192.61,119.19,659.854,1,2,compressed_ring_ar
1778531650.0338588,15,165,1.396008,180.93,117.258,706.19,1,2,compressed_ring_ar
1778531650.7459652,15,166,1.487004,191.1,119.134,668.465,1,2,compressed_ring_ar
1778531651.4336016,15,167,1.489086,195.91,108.158,651.968,1,2,compressed_ring_ar
1778531652.1317873,15,168,1.568653,193.17,113.561,659.652,1,2,compressed_ring_ar
1778531652.8197885,15,169,1.521311,195.33,143.527,653.955,1,2,compressed_ring_ar
1778531653.5241132,15,170,1.467801,190.2,117.995,668.444,1,2,compressed_ring_ar
1778531654.2548788,15,171,1.490159,183.27,123.278,697.028,1,2,compressed_ring_ar
1778531654.9653218,15,172,1.622041,189.02,119.404,675.779,1,2,compressed_ring_ar
1778531655.680698,15,173,1.577933,187.95,109.095,679.626,1,2,compressed_ring_ar
1778531656.3513072,15,174,1.415581,199.74,121.496,639.419,1,2,compressed_ring_ar
1778531657.0480313,15,175,1.524481,192.27,115.089,664.299,1,2,compressed_ring_ar
1778531657.771708,15,176,1.348671,185.39,111.782,685.945,1,2,compressed_ring_ar
1778531658.4701784,15,177,1.370617,191.58,123.203,666.723,1,2,compressed_ring_ar
1778531659.1599975,15,178,1.292615,195.49,120.741,653.376,1,2,compressed_ring_ar
1778531659.8601801,15,179,1.353701,192.23,121.008,662.807,1,2,compressed_ring_ar
1778531660.5672412,15,180,1.237792,190.29,120.281,671.44,1,2,compressed_ring_ar
1778531661.3039582,15,181,1.48451,181.72,114.943,703.127,1,2,compressed_ring_ar
1778531661.9977083,15,182,1.420517,195.24,119.97,653.869,1,2,compressed_ring_ar
1778531662.7675076,15,183,1.286457,173.38,110.632,736.936,1,2,compressed_ring_ar
1778531663.610155,15,184,1.566798,158.75,112.49,804.933,1,2,compressed_ring_ar
1778531664.3881066,15,185,1.515301,172.82,156.662,736.648,1,2,compressed_ring_ar
1778531665.1101468,15,186,1.331164,186.33,109.833,685.556,1,2,compressed_ring_ar
1778531665.864591,15,187,1.486711,177.35,134.708,720.311,1,2,compressed_ring_ar
1778531666.5830965,15,188,1.432648,188.78,116.769,674.994,1,2,compressed_ring_ar
1778531667.27916,15,189,1.419759,192.56,116.696,663.467,1,2,compressed_ring_ar
1778531668.0110257,15,190,1.47874,187.59,102.857,681.052,1,2,compressed_ring_ar
1778531668.72033,15,191,1.314302,189.34,110.878,674.726,1,2,compressed_ring_ar
1778531669.4227843,15,192,1.454965,190.88,126.117,669.166,1,2,compressed_ring_ar
1778531670.1448367,15,193,1.374779,185.99,118.245,686.757,1,2,compressed_ring_ar
1778531670.8324487,15,194,1.348871,194.88,104.851,655.391,1,2,compressed_ring_ar
1778531671.3766775,15,195,1.357441,75.04,112.79,531.589,1,2,compressed_ring_ar
1778531678.257903,16,0,1.548141,171.42,105.444,745.349,1,2,compressed_ring_ar
1778531679.0732439,16,1,1.520053,164.0,126.633,779.219,1,2,compressed_ring_ar
1778531679.7822785,16,2,1.582662,189.36,109.341,671.491,1,2,compressed_ring_ar
1778531680.4981616,16,3,1.442522,187.59,117.753,677.88,1,2,compressed_ring_ar
1778531681.2002764,16,4,1.515298,191.49,111.984,665.413,1,2,compressed_ring_ar
1778531681.924511,16,5,1.538496,184.88,126.706,691.006,1,2,compressed_ring_ar
1778531682.6412861,16,6,1.593841,189.29,121.582,674.786,1,2,compressed_ring_ar
1778531683.3567054,16,7,1.355065,187.53,124.203,681.22,1,2,compressed_ring_ar
1778531684.0036502,16,8,1.407682,216.72,102.667,589.15,1,2,compressed_ring_ar
1778531684.6738167,16,9,1.465072,206.53,108.678,618.388,1,2,compressed_ring_ar
1778531685.3634953,16,10,1.522928,196.81,113.179,647.31,1,2,compressed_ring_ar
1778531686.0540318,16,11,1.55258,194.98,114.581,655.174,1,2,compressed_ring_ar
1778531686.7646437,16,12,1.453762,188.65,128.247,677.203,1,2,compressed_ring_ar
1778531687.4463348,16,13,1.560344,196.84,106.792,648.907,1,2,compressed_ring_ar
1778531688.1212802,16,14,1.557017,201.06,110.598,635.231,1,2,compressed_ring_ar
1778531688.8050284,16,15,1.341805,196.55,121.458,649.831,1,2,compressed_ring_ar
1778531689.5088284,16,16,1.590093,191.06,113.844,668.381,1,2,compressed_ring_ar
1778531690.2215388,16,17,1.617837,188.38,122.961,678.08,1,2,compressed_ring_ar
1778531690.933848,16,18,1.444517,188.12,112.331,678.303,1,2,compressed_ring_ar
1778531691.6453063,16,19,1.544462,188.52,119.159,674.834,1,2,compressed_ring_ar
1778531692.3767226,16,20,1.351013,182.94,104.005,696.723,1,2,compressed_ring_ar
1778531693.1301875,16,21,1.55554,178.14,116.326,717.182,1,2,compressed_ring_ar
1778531693.8360746,16,22,1.519394,191.61,123.27,666.645,1,2,compressed_ring_ar
1778531694.5734797,16,23,1.430635,181.36,107.445,703.616,1,2,compressed_ring_ar
1778531695.2534633,16,24,1.395681,201.18,108.758,634.864,1,2,compressed_ring_ar
1778531695.970505,16,25,1.370045,186.52,110.475,684.883,1,2,compressed_ring_ar
1778531696.6835442,16,26,1.410235,187.91,115.884,679.918,1,2,compressed_ring_ar
1778531697.3996027,16,27,1.504195,189.2,121.821,675.272,1,2,compressed_ring_ar
1778531698.1638348,16,28,1.325908,174.81,133.844,731.211,1,2,compressed_ring_ar
1778531698.9089258,16,29,1.429097,185.67,116.548,688.16,1,2,compressed_ring_ar
1778531699.558398,16,30,1.335978,207.74,101.894,614.749,1,2,compressed_ring_ar
1778531700.2847855,16,31,1.508401,184.78,120.928,691.351,1,2,compressed_ring_ar
1778531700.9740832,16,32,1.480117,195.16,103.427,652.54,1,2,compressed_ring_ar
1778531701.6777108,16,33,1.357,190.47,110.533,669.736,1,2,compressed_ring_ar
1778531702.4044724,16,34,1.452485,183.97,120.88,694.332,1,2,compressed_ring_ar
1778531703.111773,16,35,1.399089,191.02,113.861,668.701,1,2,compressed_ring_ar
1778531703.8293269,16,36,1.561981,188.13,111.969,679.332,1,2,compressed_ring_ar
1778531704.5085368,16,37,1.491898,198.47,132.421,643.541,1,2,compressed_ring_ar
1778531705.2195246,16,38,1.486199,190.78,129.038,669.572,1,2,compressed_ring_ar
1778531705.9095545,16,39,1.480962,194.29,112.445,656.473,1,2,compressed_ring_ar
1778531706.608716,16,40,1.573912,192.7,107.095,662.885,1,2,compressed_ring_ar
1778531707.2921968,16,41,1.559252,197.72,109.175,643.007,1,2,compressed_ring_ar
1778531707.9701264,16,42,1.454936,199.9,107.68,638.913,1,2,compressed_ring_ar
1778531708.694973,16,43,1.377402,184.74,118.981,689.856,1,2,compressed_ring_ar
1778531709.381671,16,44,1.3575,196.73,106.052,646.547,1,2,compressed_ring_ar
1778531710.0806038,16,45,1.46646,192.49,107.54,663.649,1,2,compressed_ring_ar
1778531710.785488,16,46,1.379592,190.05,117.545,672.11,1,2,compressed_ring_ar
1778531711.4511104,16,47,1.441319,202.43,104.901,630.849,1,2,compressed_ring_ar
1778531712.147917,16,48,1.651986,192.29,122.98,664.267,1,2,compressed_ring_ar
1778531712.8725033,16,49,1.454848,184.72,106.45,691.59,1,2,compressed_ring_ar
1778531713.55184,16,50,1.306371,197.73,116.742,642.837,1,2,compressed_ring_ar
1778531714.3020494,16,51,1.375631,180.53,148.578,707.689,1,2,compressed_ring_ar
1778531715.0749595,16,52,1.345956,173.26,143.817,737.384,1,2,compressed_ring_ar
1778531715.7428586,16,53,1.475004,201.67,123.92,633.378,1,2,compressed_ring_ar
1778531716.4364092,16,54,1.684587,193.92,117.532,658.861,1,2,compressed_ring_ar
1778531717.1168218,16,55,1.494737,200.07,114.133,636.744,1,2,compressed_ring_ar
1778531718.0027657,16,56,1.560572,149.93,160.025,852.454,1,2,compressed_ring_ar
1778531718.8046439,16,57,1.460114,172.37,139.204,741.143,1,2,compressed_ring_ar
1778531719.4993217,16,58,1.365998,193.76,107.293,659.875,1,2,compressed_ring_ar
1778531720.2172332,16,59,1.324527,187.75,133.917,680.324,1,2,compressed_ring_ar
1778531720.9007237,16,60,1.433984,200.1,108.984,638.319,1,2,compressed_ring_ar
1778531721.586988,16,61,1.44098,197.63,118.725,643.016,1,2,compressed_ring_ar
1778531722.2945442,16,62,1.527991,189.24,113.224,673.354,1,2,compressed_ring_ar
1778531723.0446892,16,63,1.588677,178.0,116.21,716.036,1,2,compressed_ring_ar
1778531723.7435043,16,64,1.512283,191.77,109.785,666.19,1,2,compressed_ring_ar
1778531724.425185,16,65,1.42173,197.55,131.284,646.531,1,2,compressed_ring_ar
1778531725.2129996,16,66,1.452706,170.21,118.13,751.025,1,2,compressed_ring_ar
1778531725.9386754,16,67,1.454372,186.1,121.659,686.481,1,2,compressed_ring_ar
1778531726.7299778,16,68,1.478894,173.58,110.671,736.112,1,2,compressed_ring_ar
1778531727.4363387,16,69,1.529806,193.44,130.225,660.272,1,2,compressed_ring_ar
1778531728.148632,16,70,1.462573,187.88,116.025,679.931,1,2,compressed_ring_ar
1778531728.864867,16,71,1.5577,186.86,133.751,683.596,1,2,compressed_ring_ar
1778531729.5426297,16,72,1.598477,199.21,106.381,641.106,1,2,compressed_ring_ar
1778531730.265935,16,73,1.421226,185.09,124.713,690.327,1,2,compressed_ring_ar
1778531730.9658217,16,74,1.37323,192.99,113.61,661.831,1,2,compressed_ring_ar
1778531731.646586,16,75,1.510612,197.46,128.035,646.912,1,2,compressed_ring_ar
1778531732.3228195,16,76,1.398772,199.31,108.045,640.821,1,2,compressed_ring_ar
1778531733.025065,16,77,1.390682,190.93,126.18,669.087,1,2,compressed_ring_ar
1778531733.7310536,16,78,1.476641,193.52,113.64,660.183,1,2,compressed_ring_ar
1778531734.4237735,16,79,1.388679,195.73,114.65,652.559,1,2,compressed_ring_ar
1778531735.1566803,16,80,1.572169,182.71,128.121,698.362,1,2,compressed_ring_ar
1778531735.9210155,16,81,1.473602,174.62,128.464,731.646,1,2,compressed_ring_ar
1778531736.627758,16,82,1.334931,190.49,115.222,670.517,1,2,compressed_ring_ar
1778531737.324929,16,83,1.52809,192.92,119.186,660.518,1,2,compressed_ring_ar
1778531738.0333996,16,84,1.640491,189.69,116.169,673.346,1,2,compressed_ring_ar
1778531738.7261772,16,85,1.394529,193.52,117.146,660.003,1,2,compressed_ring_ar
1778531739.4204798,16,86,1.391884,193.71,114.398,659.505,1,2,compressed_ring_ar
1778531740.080051,16,87,1.470772,203.67,109.237,627.005,1,2,compressed_ring_ar
1778531740.7734494,16,88,1.459496,193.85,123.866,658.901,1,2,compressed_ring_ar
1778531741.4785173,16,89,1.546698,190.85,122.579,669.303,1,2,compressed_ring_ar
1778531742.2635791,16,90,1.490758,170.32,138.909,750.256,1,2,compressed_ring_ar
1778531743.0653162,16,91,1.423551,171.38,121.348,742.634,1,2,compressed_ring_ar
1778531743.7658768,16,92,1.607168,191.89,110.144,665.72,1,2,compressed_ring_ar
1778531744.4651995,16,93,1.576574,191.93,124.956,665.604,1,2,compressed_ring_ar
1778531745.1600866,16,94,1.452702,193.16,111.27,661.257,1,2,compressed_ring_ar
1778531745.8773427,16,95,1.621808,187.92,123.955,679.865,1,2,compressed_ring_ar
1778531746.6254106,16,96,1.475835,178.21,117.463,716.876,1,2,compressed_ring_ar
1778531747.301818,16,97,1.45539,202.14,116.586,631.786,1,2,compressed_ring_ar
1778531748.0082955,16,98,1.515781,189.9,131.834,672.618,1,2,compressed_ring_ar
1778531748.6962519,16,99,1.466924,195.07,117.87,653.142,1,2,compressed_ring_ar
1778531749.3932538,16,100,1.423878,193.18,115.576,660.438,1,2,compressed_ring_ar
1778531750.088077,16,101,1.561028,193.83,131.708,658.955,1,2,compressed_ring_ar
1778531750.7748907,16,102,1.419717,195.61,120.326,652.937,1,2,compressed_ring_ar
1778531751.504073,16,103,1.485809,183.41,124.005,696.537,1,2,compressed_ring_ar
1778531752.26737,16,104,1.470446,176.11,116.937,725.425,1,2,compressed_ring_ar
1778531752.9900382,16,105,1.508875,186.85,123.637,682.755,1,2,compressed_ring_ar
1778531753.7510011,16,106,1.514884,176.18,130.113,725.159,1,2,compressed_ring_ar
1778531754.440802,16,107,1.309046,194.52,113.472,653.507,1,2,compressed_ring_ar
1778531755.211924,16,108,1.435642,173.75,129.931,735.242,1,2,compressed_ring_ar
1778531755.9939015,16,109,1.523757,170.51,168.025,749.401,1,2,compressed_ring_ar
1778531756.808245,16,110,1.525564,168.21,111.977,759.632,1,2,compressed_ring_ar
1778531757.5490923,16,111,1.466247,181.1,128.456,705.421,1,2,compressed_ring_ar
1778531758.297183,16,112,1.586995,179.99,129.552,706.705,1,2,compressed_ring_ar
1778531759.0023613,16,113,1.491283,190.07,112.557,672.005,1,2,compressed_ring_ar
1778531759.6909387,16,114,1.58338,195.05,116.516,654.86,1,2,compressed_ring_ar
1778531760.4042563,16,115,1.412427,187.77,113.598,680.283,1,2,compressed_ring_ar
1778531761.1159594,16,116,1.538444,188.73,117.445,676.809,1,2,compressed_ring_ar
1778531761.8073864,16,117,1.495611,194.36,113.833,657.187,1,2,compressed_ring_ar
1778531762.4975147,16,118,1.458885,194.21,113.101,657.695,1,2,compressed_ring_ar
1778531763.1995106,16,119,1.406439,190.99,118.494,666.256,1,2,compressed_ring_ar
1778531763.9313102,16,120,1.327166,182.53,124.604,699.852,1,2,compressed_ring_ar
1778531764.6218169,16,121,1.39351,195.33,120.805,654.049,1,2,compressed_ring_ar
1778531765.3321338,16,122,1.398817,192.09,106.962,664.878,1,2,compressed_ring_ar
1778531766.0481868,16,123,1.379419,186.95,119.015,683.384,1,2,compressed_ring_ar
1778531766.7401865,16,124,1.352482,194.1,113.602,658.127,1,2,compressed_ring_ar
1778531767.445174,16,125,1.403056,192.43,114.499,662.084,1,2,compressed_ring_ar
1778531768.2228274,16,126,1.532118,171.54,132.536,743.151,1,2,compressed_ring_ar
1778531768.9346905,16,127,1.457305,189.36,121.817,671.638,1,2,compressed_ring_ar
1778531769.6400678,16,128,1.538329,191.35,122.824,667.473,1,2,compressed_ring_ar
1778531770.3358202,16,129,1.432661,192.61,128.174,660.099,1,2,compressed_ring_ar
1778531771.0658212,16,130,1.453482,183.73,113.043,692.252,1,2,compressed_ring_ar
1778531771.7777593,16,131,1.404539,188.27,115.183,675.286,1,2,compressed_ring_ar
1778531772.5485425,16,132,1.344675,174.11,106.963,732.867,1,2,compressed_ring_ar
1778531773.215218,16,133,1.369359,201.56,166.955,630.743,1,2,compressed_ring_ar
1778531773.9387267,16,134,1.522799,184.76,110.974,691.391,1,2,compressed_ring_ar
1778531774.623604,16,135,1.401651,196.72,134.444,648.34,1,2,compressed_ring_ar
1778531775.3222175,16,136,1.416742,193.81,114.156,659.069,1,2,compressed_ring_ar
1778531776.0219376,16,137,1.514161,197.61,112.619,646.383,1,2,compressed_ring_ar
1778531776.697906,16,138,1.596706,198.48,115.616,643.465,1,2,compressed_ring_ar
1778531777.3884997,16,139,1.505202,195.1,109.36,652.816,1,2,compressed_ring_ar
1778531778.0957003,16,140,1.543854,189.22,120.806,675.06,1,2,compressed_ring_ar
1778531778.8250008,16,141,1.487855,184.12,120.091,693.755,1,2,compressed_ring_ar
1778531779.5568595,16,142,1.457168,184.33,119.178,693.066,1,2,compressed_ring_ar
1778531780.2178988,16,143,1.569524,203.83,117.023,626.608,1,2,compressed_ring_ar
1778531780.904657,16,144,1.448041,195.85,116.159,649.01,1,2,compressed_ring_ar
1778531781.5952454,16,145,1.499346,194.46,118.175,656.815,1,2,compressed_ring_ar
1778531782.3024862,16,146,1.555884,190.18,117.153,671.589,1,2,compressed_ring_ar
1778531783.0150921,16,147,1.366129,191.98,112.213,665.317,1,2,compressed_ring_ar
1778531783.745168,16,148,1.559352,183.99,110.425,691.532,1,2,compressed_ring_ar
1778531784.4822638,16,149,1.372415,181.31,115.636,701.779,1,2,compressed_ring_ar
1778531785.1912792,16,150,1.482211,189.27,126.493,674.946,1,2,compressed_ring_ar
1778531785.912541,16,151,1.526379,185.67,113.464,688.007,1,2,compressed_ring_ar
1778531786.631249,16,152,1.392109,186.25,108.508,685.717,1,2,compressed_ring_ar
1778531787.3367877,16,153,1.598435,190.16,116.634,670.764,1,2,compressed_ring_ar
1778531788.0492556,16,154,1.32614,189.66,124.396,673.67,1,2,compressed_ring_ar
1778531788.8081157,16,155,1.339372,182.68,142.651,699.221,1,2,compressed_ring_ar
1778531789.5718267,16,156,1.434796,175.05,127.872,729.817,1,2,compressed_ring_ar
1778531790.260917,16,157,1.430686,195.85,136.62,652.126,1,2,compressed_ring_ar
1778531790.9498587,16,158,1.512195,195.49,121.36,653.36,1,2,compressed_ring_ar
1778531791.6603596,16,159,1.400023,189.8,120.54,672.999,1,2,compressed_ring_ar
1778531792.3568,16,160,1.439382,192.26,120.871,662.63,1,2,compressed_ring_ar
1778531793.0759308,16,161,1.691387,186.77,110.86,680.837,1,2,compressed_ring_ar
1778531793.792087,16,162,1.565363,187.35,120.465,681.833,1,2,compressed_ring_ar
1778531794.472354,16,163,1.462859,198.04,117.524,644.993,1,2,compressed_ring_ar
1778531795.184957,16,164,1.556076,188.27,131.928,678.616,1,2,compressed_ring_ar
1778531795.8937511,16,165,1.475885,189.29,112.687,674.792,1,2,compressed_ring_ar
1778531796.5879796,16,166,1.566345,193.68,109.364,656.355,1,2,compressed_ring_ar
1778531797.3044684,16,167,1.503295,186.75,125.639,684.015,1,2,compressed_ring_ar
1778531797.9721901,16,168,1.328978,202.6,110.75,630.351,1,2,compressed_ring_ar
1778531798.6839159,16,169,1.639781,188.29,126.834,678.432,1,2,compressed_ring_ar
1778531799.3818638,16,170,1.655574,192.09,122.793,665.03,1,2,compressed_ring_ar
1778531800.1091769,16,171,1.482197,184.06,141.682,694.177,1,2,compressed_ring_ar
1778531800.8418689,16,172,1.585805,183.68,135.924,695.567,1,2,compressed_ring_ar
1778531801.4901779,16,173,1.520039,207.89,142.453,614.323,1,2,compressed_ring_ar
1778531802.1676981,16,174,1.425347,198.38,112.104,643.843,1,2,compressed_ring_ar
1778531802.864107,16,175,1.457214,194.15,110.702,657.89,1,2,compressed_ring_ar
1778531803.5704598,16,176,1.498894,189.87,119.109,671.734,1,2,compressed_ring_ar
1778531804.3580768,16,177,1.418092,170.43,161.85,749.601,1,2,compressed_ring_ar
1778531805.14718,16,178,1.455889,169.13,115.873,755.368,1,2,compressed_ring_ar
1778531805.8318543,16,179,1.504464,196.65,123.471,649.516,1,2,compressed_ring_ar
1778531806.5319788,16,180,1.431871,190.92,112.435,669.001,1,2,compressed_ring_ar
1778531807.2956574,16,181,1.405448,175.6,138.789,724.518,1,2,compressed_ring_ar
1778531808.0145917,16,182,1.44926,188.22,109.377,678.66,1,2,compressed_ring_ar
1778531808.7047372,16,183,1.418317,194.57,131.892,655.348,1,2,compressed_ring_ar
1778531809.3907034,16,184,1.445106,196.32,128.355,649.652,1,2,compressed_ring_ar
1778531810.075351,16,185,1.526013,196.6,106.454,649.682,1,2,compressed_ring_ar
1778531810.7834475,16,186,1.565722,190.08,130.776,672.031,1,2,compressed_ring_ar
1778531811.485537,16,187,1.594602,190.88,110.887,666.426,1,2,compressed_ring_ar
1778531812.1881194,16,188,1.505216,190.38,115.384,670.964,1,2,compressed_ring_ar
1778531812.9013317,16,189,1.42451,188.57,114.188,677.397,1,2,compressed_ring_ar
1778531813.5972748,16,190,1.429553,192.35,121.927,663.981,1,2,compressed_ring_ar
1778531814.2590497,16,191,1.527733,204.12,108.507,625.087,1,2,compressed_ring_ar
1778531814.960645,16,192,1.474683,191.32,138.987,664.724,1,2,compressed_ring_ar
1778531815.6901245,16,193,1.557374,183.07,115.118,697.825,1,2,compressed_ring_ar
1778531816.3851862,16,194,1.453772,196.41,110.212,650.316,1,2,compressed_ring_ar
1778531816.9515383,16,195,1.573387,72.15,135.932,551.374,1,2,compressed_ring_ar
1778531823.5304296,17,0,1.483687,173.64,112.465,733.126,1,2,compressed_ring_ar
1778531824.2366068,17,1,1.459298,190.06,114.465,672.075,1,2,compressed_ring_ar
1778531824.9655435,17,2,1.543108,183.95,138.135,694.438,1,2,compressed_ring_ar
1778531825.6579437,17,3,1.381956,193.62,121.618,659.365,1,2,compressed_ring_ar
1778531826.3481526,17,4,1.407425,194.48,139.739,656.7,1,2,compressed_ring_ar
1778531827.0449376,17,5,1.422385,192.3,116.29,664.043,1,2,compressed_ring_ar
1778531827.7313595,17,6,1.388362,197.87,104.306,645.603,1,2,compressed_ring_ar
1778531828.43136,17,7,1.535886,192.26,114.628,664.488,1,2,compressed_ring_ar
1778531829.1274583,17,8,1.238237,192.81,105.612,662.49,1,2,compressed_ring_ar
1778531829.841552,17,9,1.260091,188.01,120.286,679.399,1,2,compressed_ring_ar
1778531830.5456843,17,10,1.441173,190.05,110.48,672.058,1,2,compressed_ring_ar
1778531831.235701,17,11,1.43792,194.86,124.767,655.477,1,2,compressed_ring_ar
1778531831.9676158,17,12,1.456572,182.82,129.277,698.765,1,2,compressed_ring_ar
1778531832.6654277,17,13,1.473711,192.84,101.405,659.294,1,2,compressed_ring_ar
1778531833.409402,17,14,1.596577,179.59,129.831,711.33,1,2,compressed_ring_ar
1778531834.1005034,17,15,1.571492,194.08,113.466,658.215,1,2,compressed_ring_ar
1778531834.8079376,17,16,1.617899,189.48,123.804,674.129,1,2,compressed_ring_ar
1778531835.5120618,17,17,1.525113,192.01,115.146,665.198,1,2,compressed_ring_ar
1778531836.3331096,17,18,1.530571,161.75,133.002,790.008,1,2,compressed_ring_ar
1778531837.1048315,17,19,1.454601,176.75,118.702,723.021,1,2,compressed_ring_ar
1778531837.778344,17,20,1.598214,200.11,128.481,638.26,1,2,compressed_ring_ar
1778531838.5013056,17,21,1.643269,185.13,111.541,689.925,1,2,compressed_ring_ar
1778531839.182409,17,22,1.462114,197.15,109.236,647.907,1,2,compressed_ring_ar
1778531839.9085317,17,23,1.454168,185.1,121.938,690.097,1,2,compressed_ring_ar
1778531840.622347,17,24,1.538994,187.97,118.083,678.775,1,2,compressed_ring_ar
1778531841.334219,17,25,1.527712,188.03,124.847,679.327,1,2,compressed_ring_ar
1778531842.0503466,17,26,1.506899,187.3,120.379,682.012,1,2,compressed_ring_ar
1778531842.7870793,17,27,1.421643,181.92,115.632,702.222,1,2,compressed_ring_ar
1778531843.542759,17,28,1.338576,178.36,113.119,716.293,1,2,compressed_ring_ar
1778531844.1741207,17,29,1.438336,215.26,106.324,593.244,1,2,compressed_ring_ar
1778531844.8897107,17,30,1.549164,187.51,118.326,678.207,1,2,compressed_ring_ar
1778531845.604258,17,31,1.400286,187.22,127.443,682.265,1,2,compressed_ring_ar
1778531846.2773654,17,32,1.489633,200.38,117.928,637.321,1,2,compressed_ring_ar
1778531846.9624631,17,33,1.446732,196.45,113.998,650.13,1,2,compressed_ring_ar
1778531847.6513152,17,34,1.523571,194.44,118.946,656.85,1,2,compressed_ring_ar
1778531848.3138945,17,35,1.240208,203.65,103.135,627.183,1,2,compressed_ring_ar
1778531849.0063002,17,36,1.360012,193.59,119.299,657.871,1,2,compressed_ring_ar
1778531849.7053978,17,37,1.59862,192.02,113.493,665.319,1,2,compressed_ring_ar
1778531850.4047873,17,38,1.503295,191.65,117.579,666.611,1,2,compressed_ring_ar
1778531851.05217,17,39,1.455738,213.88,110.008,597.024,1,2,compressed_ring_ar
1778531851.7382436,17,40,1.405419,195.92,113.067,651.902,1,2,compressed_ring_ar
1778531852.6563365,17,41,1.481097,144.67,129.709,882.532,1,2,compressed_ring_ar
1778531853.4275947,17,42,1.671197,172.89,119.776,739.116,1,2,compressed_ring_ar
1778531854.1443293,17,43,1.44038,189.06,109.368,672.796,1,2,compressed_ring_ar
1778531854.9204154,17,44,1.473333,171.92,128.697,743.134,1,2,compressed_ring_ar
1778531855.565351,17,45,1.451375,210.74,107.277,605.963,1,2,compressed_ring_ar
1778531856.273504,17,46,1.534712,190.82,114.828,669.376,1,2,compressed_ring_ar
1778531856.9946914,17,47,1.408722,185.58,133.682,688.327,1,2,compressed_ring_ar
1778531857.6995764,17,48,1.390192,190.69,112.093,669.898,1,2,compressed_ring_ar
1778531858.3975334,17,49,1.372183,192.06,135.776,665.123,1,2,compressed_ring_ar
1778531859.071903,17,50,1.375381,199.15,122.318,641.272,1,2,compressed_ring_ar
1778531859.7934275,17,51,1.488715,186.5,143.944,684.955,1,2,compressed_ring_ar
1778531860.478895,17,52,1.453716,197.37,137.222,647.158,1,2,compressed_ring_ar
1778531861.1560996,17,53,1.324518,198.93,122.182,642.121,1,2,compressed_ring_ar
1778531861.8399324,17,54,1.502488,196.75,133.843,649.208,1,2,compressed_ring_ar
1778531862.5342011,17,55,1.544863,194.29,121.382,657.476,1,2,compressed_ring_ar
1778531863.2325716,17,56,1.462108,192.79,113.654,662.529,1,2,compressed_ring_ar
1778531863.990557,17,57,1.375154,176.03,135.461,725.74,1,2,compressed_ring_ar
1778531864.718539,17,58,1.492136,184.24,112.814,692.695,1,2,compressed_ring_ar
1778531865.4269469,17,59,1.318441,194.1,120.201,658.06,1,2,compressed_ring_ar
1778531866.1246927,17,60,1.478035,193.07,101.408,661.589,1,2,compressed_ring_ar
1778531866.7896285,17,61,1.314958,201.77,137.253,632.341,1,2,compressed_ring_ar
1778531867.4407291,17,62,1.362782,207.87,155.656,612.732,1,2,compressed_ring_ar
1778531868.1608033,17,63,1.411849,185.74,103.073,687.712,1,2,compressed_ring_ar
1778531868.8721673,17,64,1.495056,188.41,129.806,677.96,1,2,compressed_ring_ar
1778531869.5425987,17,65,1.389242,200.58,126.911,636.761,1,2,compressed_ring_ar
1778531870.227666,17,66,1.458138,196.9,107.896,648.611,1,2,compressed_ring_ar
1778531870.9256418,17,67,1.622924,192.05,110.19,665.096,1,2,compressed_ring_ar
1778531871.6182802,17,68,1.464903,194.68,111.285,656.061,1,2,compressed_ring_ar
1778531872.3025346,17,69,1.627941,196.88,141.124,648.73,1,2,compressed_ring_ar
1778531872.9762273,17,70,1.414908,199.4,126.927,639.652,1,2,compressed_ring_ar
1778531873.7226653,17,71,1.634619,182.02,121.679,701.863,1,2,compressed_ring_ar
1778531874.4185843,17,72,1.430205,193.43,114.93,660.29,1,2,compressed_ring_ar
1778531875.1523452,17,73,1.360522,184.62,114.175,692.017,1,2,compressed_ring_ar
1778531875.842486,17,74,1.347675,194.92,131.481,652.698,1,2,compressed_ring_ar
1778531876.5330172,17,75,1.436814,194.33,114.992,656.4,1,2,compressed_ring_ar
1778531877.2208717,17,76,1.362741,195.43,159.968,650.53,1,2,compressed_ring_ar
1778531877.9301796,17,77,1.435432,188.68,119.161,677.035,1,2,compressed_ring_ar
1778531878.6445258,17,78,1.483409,189.2,114.912,673.467,1,2,compressed_ring_ar
1778531879.3642743,17,79,1.486439,186.26,124.806,684.666,1,2,compressed_ring_ar
1778531880.0769506,17,80,1.386834,189.53,111.205,672.698,1,2,compressed_ring_ar
1778531880.7505183,17,81,1.511734,200.43,124.949,637.27,1,2,compressed_ring_ar
1778531881.4625907,17,82,1.517446,188.47,119.037,677.752,1,2,compressed_ring_ar
1778531882.183478,17,83,1.408093,187.33,108.347,679.063,1,2,compressed_ring_ar
1778531882.8841157,17,84,1.615819,192.83,111.968,659.71,1,2,compressed_ring_ar
1778531883.5757463,17,85,1.592587,193.76,109.58,659.227,1,2,compressed_ring_ar
1778531884.261636,17,86,1.417551,195.95,119.143,651.834,1,2,compressed_ring_ar
1778531884.9754238,17,87,1.544741,187.55,142.038,681.163,1,2,compressed_ring_ar
1778531885.683467,17,88,1.342316,189.48,107.447,674.116,1,2,compressed_ring_ar
1778531886.3721383,17,89,1.491075,197.04,125.601,645.36,1,2,compressed_ring_ar
1778531887.0775201,17,90,1.409981,190.15,123.25,671.771,1,2,compressed_ring_ar
1778531887.7633426,17,91,1.403258,196.51,109.776,649.951,1,2,compressed_ring_ar
1778531888.4640024,17,92,1.335185,193.0,113.92,661.777,1,2,compressed_ring_ar
1778531889.1515625,17,93,1.412287,195.26,108.865,654.117,1,2,compressed_ring_ar
1778531889.8810823,17,94,1.567101,185.25,135.015,689.591,1,2,compressed_ring_ar
1778531890.59314,17,95,1.398105,188.02,108.744,679.349,1,2,compressed_ring_ar
1778531891.2945845,17,96,1.500943,191.75,116.636,666.1,1,2,compressed_ring_ar
1778531892.0307443,17,97,1.47755,181.89,135.253,702.556,1,2,compressed_ring_ar
1778531892.9213436,17,98,1.571416,153.41,137.154,830.177,1,2,compressed_ring_ar
1778531893.625673,17,99,1.423242,190.68,109.472,669.749,1,2,compressed_ring_ar
1778531894.377187,17,100,1.410415,177.87,113.708,718.367,1,2,compressed_ring_ar
1778531895.0399258,17,101,1.437774,203.69,133.709,627.023,1,2,compressed_ring_ar
1778531895.7258945,17,102,1.471048,195.35,110.78,653.883,1,2,compressed_ring_ar
1778531896.4758964,17,103,1.554201,178.63,114.978,715.121,1,2,compressed_ring_ar
1778531897.1966226,17,104,1.414138,186.66,121.065,681.414,1,2,compressed_ring_ar
1778531897.9175286,17,105,1.544914,185.75,116.36,687.687,1,2,compressed_ring_ar
1778531898.6295488,17,106,1.430889,188.13,135.36,678.989,1,2,compressed_ring_ar
1778531899.3471818,17,107,1.506036,187.61,111.013,680.907,1,2,compressed_ring_ar
1778531900.0648882,17,108,1.591815,188.3,127.358,678.351,1,2,compressed_ring_ar
1778531900.8064215,17,109,1.448522,180.21,125.752,708.867,1,2,compressed_ring_ar
1778531901.5011468,17,110,1.413303,193.87,111.192,658.841,1,2,compressed_ring_ar
1778531902.219016,17,111,1.456762,187.93,113.706,679.671,1,2,compressed_ring_ar
1778531902.8779466,17,112,1.427428,207.28,105.85,616.15,1,2,compressed_ring_ar
1778531903.623821,17,113,1.457952,180.38,126.177,705.249,1,2,compressed_ring_ar
1778531904.324262,17,114,1.536632,191.45,110.19,667.305,1,2,compressed_ring_ar
1778531905.0451713,17,115,1.504922,185.78,130.672,687.665,1,2,compressed_ring_ar
1778531905.722852,17,116,1.589159,198.92,131.165,642.139,1,2,compressed_ring_ar
1778531906.4163313,17,117,1.515535,193.63,113.913,659.64,1,2,compressed_ring_ar
1778531907.138845,17,118,1.465466,186.56,127.093,684.772,1,2,compressed_ring_ar
1778531907.8189528,17,119,1.37489,198.48,110.907,643.538,1,2,compressed_ring_ar
1778531908.5384731,17,120,1.512859,186.56,129.803,684.651,1,2,compressed_ring_ar
1778531909.2982886,17,121,1.618756,177.63,123.824,717.481,1,2,compressed_ring_ar
1778531910.0259585,17,122,1.458182,184.8,116.178,691.279,1,2,compressed_ring_ar
1778531910.7068324,17,123,1.409113,197.86,114.569,645.754,1,2,compressed_ring_ar
1778531911.322415,17,124,1.413496,220.75,98.72,575.248,1,2,compressed_ring_ar
1778531912.0233471,17,125,1.60249,193.19,104.031,661.174,1,2,compressed_ring_ar
1778531912.707604,17,126,1.304535,196.75,116.3,649.147,1,2,compressed_ring_ar
1778531913.401624,17,127,1.442522,193.94,118.709,657.751,1,2,compressed_ring_ar
1778531914.128632,17,128,1.371729,184.23,108.929,690.285,1,2,compressed_ring_ar
1778531914.8687804,17,129,1.359356,180.45,113.217,708.178,1,2,compressed_ring_ar
1778531915.5646498,17,130,1.343315,199.54,140.254,640.081,1,2,compressed_ring_ar
1778531916.2815597,17,131,1.574956,186.59,104.099,684.58,1,2,compressed_ring_ar
1778531916.9641101,17,132,1.607679,196.45,112.318,650.105,1,2,compressed_ring_ar
1778531917.6998518,17,133,1.572287,182.42,117.179,700.277,1,2,compressed_ring_ar
1778531918.3856194,17,134,1.526461,198.24,114.06,644.24,1,2,compressed_ring_ar
1778531919.0916798,17,135,1.568345,189.43,116.195,674.302,1,2,compressed_ring_ar
1778531919.7651167,17,136,1.369794,199.54,104.368,640.391,1,2,compressed_ring_ar
1778531920.4615233,17,137,1.616412,196.56,107.485,648.937,1,2,compressed_ring_ar
1778531921.1636958,17,138,1.333056,190.88,110.942,666.02,1,2,compressed_ring_ar
1778531921.8616846,17,139,1.54204,191.74,121.865,666.155,1,2,compressed_ring_ar
1778531922.5676937,17,140,1.440636,190.67,119.913,669.009,1,2,compressed_ring_ar
1778531923.323673,17,141,1.37032,176.75,125.302,722.814,1,2,compressed_ring_ar
1778531923.9949534,17,142,1.462683,203.13,118.37,628.722,1,2,compressed_ring_ar
1778531924.666813,17,143,1.466588,202.25,115.039,631.481,1,2,compressed_ring_ar
1778531925.375739,17,144,1.414135,189.82,108.211,672.868,1,2,compressed_ring_ar
1778531926.0847795,17,145,1.487357,188.25,125.737,678.528,1,2,compressed_ring_ar
1778531926.7666953,17,146,1.366451,198.26,114.918,644.156,1,2,compressed_ring_ar
1778531927.5165033,17,147,1.495646,178.21,126.121,716.862,1,2,compressed_ring_ar
1778531928.234114,17,148,1.409503,186.92,132.495,683.369,1,2,compressed_ring_ar
1778531928.9577444,17,149,1.362987,186.78,108.664,683.82,1,2,compressed_ring_ar
1778531929.6609976,17,150,1.41941,190.64,116.68,670.034,1,2,compressed_ring_ar
1778531930.3873847,17,151,1.655369,185.12,111.191,690.039,1,2,compressed_ring_ar
1778531931.1069965,17,152,1.406933,185.81,123.581,687.471,1,2,compressed_ring_ar
1778531931.795089,17,153,1.451686,200.21,112.02,637.123,1,2,compressed_ring_ar
1778531932.713187,17,154,1.337719,144.29,144.348,885.716,1,2,compressed_ring_ar
1778531933.4560146,17,155,1.336316,180.55,118.477,707.492,1,2,compressed_ring_ar
1778531934.1288779,17,156,1.44569,200.46,107.587,637.175,1,2,compressed_ring_ar
1778531934.8349516,17,157,1.513984,190.72,139.767,669.867,1,2,compressed_ring_ar
1778531935.5707512,17,158,1.510408,183.93,109.996,694.48,1,2,compressed_ring_ar
1778531936.2660174,17,159,1.458822,193.54,116.906,659.12,1,2,compressed_ring_ar
1778531936.9648838,17,160,1.495768,191.71,115.42,666.334,1,2,compressed_ring_ar
1778531937.6618223,17,161,1.48847,192.34,142.991,662.896,1,2,compressed_ring_ar
1778531938.3999555,17,162,1.537655,182.74,169.461,699.097,1,2,compressed_ring_ar
1778531939.1529984,17,163,1.512484,180.14,137.756,709.187,1,2,compressed_ring_ar
1778531939.8299031,17,164,1.507753,200.48,124.887,637.143,1,2,compressed_ring_ar
1778531940.6099212,17,165,1.367739,171.61,123.465,744.496,1,2,compressed_ring_ar
1778531941.3355832,17,166,1.398315,185.37,130.941,689.152,1,2,compressed_ring_ar
1778531942.0189831,17,167,1.452314,197.33,124.878,646.363,1,2,compressed_ring_ar
1778531942.7390373,17,168,1.346428,185.84,126.203,684.829,1,2,compressed_ring_ar
1778531943.4844,17,169,1.505989,179.35,132.53,712.265,1,2,compressed_ring_ar
1778531944.204234,17,170,1.507847,186.28,126.19,685.693,1,2,compressed_ring_ar
1778531944.892226,17,171,1.354421,195.75,117.251,652.522,1,2,compressed_ring_ar
1778531945.5793467,17,172,1.497626,197.51,123.717,646.659,1,2,compressed_ring_ar
1778531946.3153145,17,173,1.415082,186.66,121.317,681.258,1,2,compressed_ring_ar
1778531947.0135818,17,174,1.433879,191.95,108.496,664.539,1,2,compressed_ring_ar
1778531947.735445,17,175,1.355168,185.5,121.674,688.643,1,2,compressed_ring_ar
1778531948.4349105,17,176,1.361795,191.99,122.699,664.882,1,2,compressed_ring_ar
1778531949.0825608,17,177,1.485278,208.27,132.534,612.463,1,2,compressed_ring_ar
1778531949.8082647,17,178,1.454121,184.44,162.434,692.659,1,2,compressed_ring_ar
1778531950.534904,17,179,1.397465,185.06,130.322,690.272,1,2,compressed_ring_ar
1778531951.190485,17,180,1.475253,206.18,102.141,619.395,1,2,compressed_ring_ar
1778531951.893243,17,181,1.273716,191.5,122.566,667.019,1,2,compressed_ring_ar
1778531952.584063,17,182,1.472594,194.38,124.106,657.075,1,2,compressed_ring_ar
1778531953.2871394,17,183,1.531788,190.38,110.892,671.246,1,2,compressed_ring_ar
1778531953.9642627,17,184,1.499171,198.63,126.223,643.041,1,2,compressed_ring_ar
1778531954.6238954,17,185,1.525851,203.52,123.206,627.332,1,2,compressed_ring_ar
1778531955.3191922,17,186,1.562092,192.67,113.263,662.983,1,2,compressed_ring_ar
1778531956.043887,17,187,1.566442,185.27,130.713,689.588,1,2,compressed_ring_ar
1778531956.8039155,17,188,1.578593,180.02,103.079,706.972,1,2,compressed_ring_ar
1778531957.526592,17,189,1.552213,186.37,114.664,684.376,1,2,compressed_ring_ar
1778531958.2294006,17,190,1.443468,190.75,115.887,668.657,1,2,compressed_ring_ar
1778531958.9475276,17,191,1.404518,192.97,111.406,661.973,1,2,compressed_ring_ar
1778531959.6542804,17,192,1.379474,189.36,119.381,673.671,1,2,compressed_ring_ar
1778531960.4255354,17,193,1.480672,175.92,124.893,726.272,1,2,compressed_ring_ar
1778531961.1559901,17,194,1.49887,184.72,124.764,691.66,1,2,compressed_ring_ar
1778531961.704327,17,195,1.453215,75.4,110.734,529.285,1,2,compressed_ring_ar
1778531968.2316375,18,0,1.357283,179.58,119.309,711.031,1,2,compressed_ring_ar
1778531968.9179983,18,1,1.553885,197.26,126.206,647.507,1,2,compressed_ring_ar
1778531969.6258614,18,2,1.459399,193.28,115.631,660.897,1,2,compressed_ring_ar
1778531970.3291976,18,3,1.340502,190.64,112.447,670.083,1,2,compressed_ring_ar
1778531971.0613573,18,4,1.438797,185.39,123.274,686.15,1,2,compressed_ring_ar
1778531971.7729182,18,5,1.544947,188.81,119.683,675.705,1,2,compressed_ring_ar
1778531972.5522065,18,6,1.497128,171.26,123.063,746.025,1,2,compressed_ring_ar
1778531973.2537732,18,7,1.365257,192.67,107.679,662.948,1,2,compressed_ring_ar
1778531973.9742746,18,8,1.624959,187.12,118.504,682.661,1,2,compressed_ring_ar
1778531974.6801057,18,9,1.463055,189.9,108.963,672.692,1,2,compressed_ring_ar
1778531975.372028,18,10,1.525803,193.94,109.426,658.654,1,2,compressed_ring_ar
1778531976.07986,18,11,1.436769,190.18,123.809,671.654,1,2,compressed_ring_ar
1778531976.777929,18,12,1.565277,192.21,126.5,661.705,1,2,compressed_ring_ar
1778531977.4894416,18,13,1.456042,188.06,113.923,676.264,1,2,compressed_ring_ar
1778531978.2057395,18,14,1.580948,187.37,122.438,681.701,1,2,compressed_ring_ar
1778531978.909026,18,15,1.364199,192.34,113.2,662.477,1,2,compressed_ring_ar
1778531979.6321087,18,16,1.447687,185.21,114.741,688.09,1,2,compressed_ring_ar
1778531980.340292,18,17,1.470891,188.95,103.766,676.046,1,2,compressed_ring_ar
1778531981.0046506,18,18,1.507218,204.43,103.986,622.913,1,2,compressed_ring_ar
1778531981.7713163,18,19,1.519384,174.75,147.494,731.12,1,2,compressed_ring_ar
1778531982.491666,18,20,1.462382,186.57,104.423,684.7,1,2,compressed_ring_ar
1778531983.2099044,18,21,1.431832,186.69,126.919,684.395,1,2,compressed_ring_ar
1778531983.898289,18,22,1.276885,194.78,104.132,655.857,1,2,compressed_ring_ar
1778531984.5977635,18,23,1.394008,191.91,136.497,665.574,1,2,compressed_ring_ar
1778531985.314643,18,24,1.447478,186.75,115.071,684.016,1,2,compressed_ring_ar
1778531986.0155666,18,25,1.649051,191.05,120.878,666.94,1,2,compressed_ring_ar
1778531986.7498102,18,26,1.583319,181.55,111.695,703.676,1,2,compressed_ring_ar
1778531987.5970275,18,27,1.447654,157.55,136.821,808.122,1,2,compressed_ring_ar
1778531988.2944763,18,28,1.414294,192.28,118.708,664.259,1,2,compressed_ring_ar
1778531988.9824665,18,29,1.35367,195.36,134.475,653.82,1,2,compressed_ring_ar
1778531989.6351044,18,30,1.444815,212.25,107.186,601.743,1,2,compressed_ring_ar
1778531990.321199,18,31,1.444702,196.88,105.23,648.727,1,2,compressed_ring_ar
1778531991.0011628,18,32,1.496999,198.52,108.97,643.376,1,2,compressed_ring_ar
1778531991.7157538,18,33,1.574578,187.37,123.353,681.919,1,2,compressed_ring_ar
1778531992.460871,18,34,1.42558,179.96,120.264,709.87,1,2,compressed_ring_ar
1778531993.160963,18,35,1.386914,192.91,105.046,662.206,1,2,compressed_ring_ar
1778531993.872497,18,36,1.563766,189.17,140.61,672.243,1,2,compressed_ring_ar
1778531994.589155,18,37,1.48372,186.79,111.635,683.957,1,2,compressed_ring_ar
1778531995.315016,18,38,1.485653,184.58,111.027,692.092,1,2,compressed_ring_ar
1778531996.0207431,18,39,1.469827,190.12,117.632,671.869,1,2,compressed_ring_ar
1778531996.7426667,18,40,1.452829,185.59,116.125,688.223,1,2,compressed_ring_ar
1778531997.432287,18,41,1.321105,194.64,131.435,656.264,1,2,compressed_ring_ar
1778531998.1268396,18,42,1.456755,193.07,107.537,661.528,1,2,compressed_ring_ar
1778531998.8244517,18,43,1.557336,192.5,123.28,663.67,1,2,compressed_ring_ar
1778531999.5033786,18,44,1.543458,198.5,122.564,643.459,1,2,compressed_ring_ar
1778532000.2064989,18,45,1.428226,190.86,121.703,668.113,1,2,compressed_ring_ar
1778532000.847677,18,46,1.517606,210.26,155.796,607.364,1,2,compressed_ring_ar
1778532001.5462525,18,47,1.606391,191.81,139.78,665.994,1,2,compressed_ring_ar
1778532002.2267103,18,48,1.418647,197.78,123.878,645.83,1,2,compressed_ring_ar
1778532002.9432425,18,49,1.490762,186.86,121.787,681.867,1,2,compressed_ring_ar
1778532003.7197437,18,50,1.41121,173.71,130.449,735.429,1,2,compressed_ring_ar
1778532004.6448226,18,51,1.70263,144.66,164.979,883.463,1,2,compressed_ring_ar
1778532005.3730822,18,52,1.529065,186.78,157.595,683.858,1,2,compressed_ring_ar
1778532006.0847669,18,53,1.300109,188.79,146.057,676.554,1,2,compressed_ring_ar
1778532006.797693,18,54,1.655767,187.71,131.342,680.547,1,2,compressed_ring_ar
1778532007.5347476,18,55,1.506494,181.27,122.878,703.728,1,2,compressed_ring_ar
1778532008.2319987,18,56,1.423816,194.02,136.182,658.294,1,2,compressed_ring_ar
1778532008.907617,18,57,1.489797,202.12,103.995,631.851,1,2,compressed_ring_ar
1778532009.5896945,18,58,1.390005,196.65,116.665,649.466,1,2,compressed_ring_ar
1778532010.2497036,18,59,1.368272,205.48,147.913,621.504,1,2,compressed_ring_ar
1778532010.9675229,18,60,1.46872,187.07,133.439,682.912,1,2,compressed_ring_ar
1778532011.6658535,18,61,1.448196,192.08,119.906,665.142,1,2,compressed_ring_ar
1778532012.3699334,18,62,1.471865,195.17,112.161,654.397,1,2,compressed_ring_ar
1778532013.082719,18,63,1.43291,188.13,119.45,677.978,1,2,compressed_ring_ar
1778532013.783227,18,64,1.351028,192.35,148.392,664.231,1,2,compressed_ring_ar
1778532014.4703062,18,65,1.40871,197.68,134.798,646.215,1,2,compressed_ring_ar
1778532015.2602005,18,66,1.52792,169.95,132.361,751.828,1,2,compressed_ring_ar
1778532016.0761673,18,67,1.495942,168.08,124.18,760.127,1,2,compressed_ring_ar
1778532016.790372,18,68,1.411378,188.14,114.432,678.953,1,2,compressed_ring_ar
1778532017.451814,18,69,1.290804,203.97,128.527,623.328,1,2,compressed_ring_ar
1778532018.1814601,18,70,1.501873,183.74,110.697,695.211,1,2,compressed_ring_ar
1778532018.8782904,18,71,1.434231,192.38,128.086,663.982,1,2,compressed_ring_ar
1778532019.5670831,18,72,1.478753,195.06,116.289,652.038,1,2,compressed_ring_ar
1778532020.296268,18,73,1.490875,183.34,119.675,693.94,1,2,compressed_ring_ar
1778532021.0178862,18,74,1.392084,185.22,125.9,689.691,1,2,compressed_ring_ar
1778532021.751969,18,75,1.428156,182.74,129.572,699.036,1,2,compressed_ring_ar
1778532022.4624932,18,76,1.426377,188.9,106.711,676.277,1,2,compressed_ring_ar
1778532023.1555932,18,77,1.471533,193.25,118.06,661.04,1,2,compressed_ring_ar
1778532023.8565745,18,78,1.414421,192.93,116.468,661.815,1,2,compressed_ring_ar
1778532024.5905192,18,79,1.449697,182.59,130.094,699.663,1,2,compressed_ring_ar
1778532025.3327584,18,80,1.492274,182.24,105.699,701.12,1,2,compressed_ring_ar
1778532025.9969983,18,81,1.356656,203.26,106.338,627.074,1,2,compressed_ring_ar
1778532026.6656249,18,82,1.493977,201.91,131.667,632.611,1,2,compressed_ring_ar
1778532027.3656602,18,83,1.477049,192.26,110.06,663.506,1,2,compressed_ring_ar
1778532028.0738363,18,84,1.441665,188.94,120.592,676.087,1,2,compressed_ring_ar
1778532028.7532985,18,85,1.385048,200.12,109.761,635.914,1,2,compressed_ring_ar
1778532029.4798863,18,86,1.529613,184.53,118.439,692.209,1,2,compressed_ring_ar
1778532030.1718829,18,87,1.547792,194.13,112.185,657.891,1,2,compressed_ring_ar
1778532030.8499424,18,88,1.535234,198.58,130.281,643.169,1,2,compressed_ring_ar
1778532031.5424461,18,89,1.32181,193.76,107.479,656.114,1,2,compressed_ring_ar
1778532032.2767625,18,90,1.519247,182.38,112.952,700.461,1,2,compressed_ring_ar
1778532032.8969808,18,91,1.473718,217.69,111.569,586.606,1,2,compressed_ring_ar
1778532033.6092744,18,92,1.379215,189.09,124.406,672.387,1,2,compressed_ring_ar
1778532034.303434,18,93,1.480525,193.9,103.886,657.572,1,2,compressed_ring_ar
1778532035.0640228,18,94,1.429657,176.42,192.11,724.005,1,2,compressed_ring_ar
1778532035.7730682,18,95,1.436237,194.12,103.354,657.964,1,2,compressed_ring_ar
1778532036.4709547,18,96,1.441708,193.13,114.98,658.401,1,2,compressed_ring_ar
1778532037.2072985,18,97,1.379924,181.47,120.135,704.004,1,2,compressed_ring_ar
1778532037.9169333,18,98,1.502538,188.83,103.781,676.422,1,2,compressed_ring_ar
1778532038.5903575,18,99,1.320674,200.38,121.052,637.392,1,2,compressed_ring_ar
1778532039.402964,18,100,1.486319,164.81,136.453,775.288,1,2,compressed_ring_ar
1778532040.2006483,18,101,1.401178,174.36,124.375,732.633,1,2,compressed_ring_ar
1778532040.9279647,18,102,1.422753,183.88,117.491,694.727,1,2,compressed_ring_ar
1778532041.6216002,18,103,1.440804,193.57,111.764,659.85,1,2,compressed_ring_ar
1778532042.3089664,18,104,1.578605,195.75,103.199,651.837,1,2,compressed_ring_ar
1778532043.01776,18,105,1.373909,188.77,115.581,676.651,1,2,compressed_ring_ar
1778532043.7353473,18,106,1.522044,187.08,119.945,682.852,1,2,compressed_ring_ar
1778532044.4598553,18,107,1.382093,188.2,119.369,677.098,1,2,compressed_ring_ar
1778532045.1794431,18,108,1.371828,186.12,116.255,686.316,1,2,compressed_ring_ar
1778532045.947701,18,109,1.333399,174.01,131.043,734.963,1,2,compressed_ring_ar
1778532046.5996296,18,110,1.331589,210.46,102.933,605.118,1,2,compressed_ring_ar
1778532047.316835,18,111,1.368391,186.58,111.216,682.754,1,2,compressed_ring_ar
1778532048.031667,18,112,1.44045,187.57,117.811,681.068,1,2,compressed_ring_ar
1778532048.7242754,18,113,1.400901,193.77,121.701,659.176,1,2,compressed_ring_ar
1778532049.3770938,18,114,1.412027,206.04,116.983,619.04,1,2,compressed_ring_ar
1778532050.095358,18,115,1.306485,186.48,118.924,685.069,1,2,compressed_ring_ar
1778532050.7855716,18,116,1.423993,194.29,118.17,657.424,1,2,compressed_ring_ar
1778532051.4862761,18,117,1.583992,192.95,107.101,661.294,1,2,compressed_ring_ar
1778532052.2244337,18,118,1.498182,181.46,109.372,704.117,1,2,compressed_ring_ar
1778532052.920748,18,119,1.443376,192.34,104.929,663.177,1,2,compressed_ring_ar
1778532053.6293979,18,120,1.469373,189.17,118.93,675.267,1,2,compressed_ring_ar
1778532054.338745,18,121,1.465627,188.87,107.106,676.378,1,2,compressed_ring_ar
1778532055.096892,18,122,1.50653,180.1,133.429,709.331,1,2,compressed_ring_ar
1778532055.778588,18,123,1.472189,196.86,130.692,647.815,1,2,compressed_ring_ar
1778532056.4640558,18,124,1.507279,196.58,133.856,648.157,1,2,compressed_ring_ar
1778532057.2088242,18,125,1.419839,183.63,112.365,695.904,1,2,compressed_ring_ar
1778532057.9134307,18,126,1.508422,190.12,127.38,671.481,1,2,compressed_ring_ar
1778532058.5534577,18,127,1.499574,211.26,126.833,604.498,1,2,compressed_ring_ar
1778532059.2675683,18,128,1.51671,187.54,135.269,680.234,1,2,compressed_ring_ar
1778532059.9685822,18,129,1.489499,191.61,122.392,666.635,1,2,compressed_ring_ar
1778532060.6585913,18,130,1.640866,195.81,109.906,652.271,1,2,compressed_ring_ar
1778532061.3333569,18,131,1.427775,199.15,114.804,641.298,1,2,compressed_ring_ar
1778532062.0189457,18,132,1.54594,195.58,115.917,652.393,1,2,compressed_ring_ar
1778532062.681998,18,133,1.517895,203.54,116.069,625.808,1,2,compressed_ring_ar
1778532063.3885286,18,134,1.280041,189.2,122.138,675.178,1,2,compressed_ring_ar
1778532064.1203983,18,135,1.419013,182.65,146.781,700.107,1,2,compressed_ring_ar
1778532064.755252,18,136,1.415624,214.38,110.951,592.717,1,2,compressed_ring_ar
1778532065.4699647,18,137,1.437694,187.75,115.061,680.393,1,2,compressed_ring_ar
1778532066.182644,18,138,1.442788,188.17,127.628,678.881,1,2,compressed_ring_ar
1778532066.8199992,18,139,1.342748,212.86,107.562,599.936,1,2,compressed_ring_ar
1778532067.5763996,18,140,1.432772,176.81,139.781,722.527,1,2,compressed_ring_ar
1778532068.2634456,18,141,1.574774,196.4,118.787,650.416,1,2,compressed_ring_ar
1778532068.9289796,18,142,1.484116,202.2,114.348,629.975,1,2,compressed_ring_ar
1778532069.659741,18,143,1.626744,183.13,116.861,696.161,1,2,compressed_ring_ar
1778532070.3085413,18,144,1.408421,207.46,133.35,615.649,1,2,compressed_ring_ar
1778532070.9792836,18,145,1.540808,200.75,115.817,636.251,1,2,compressed_ring_ar
1778532071.8562145,18,146,1.491431,155.81,111.907,819.299,1,2,compressed_ring_ar
1778532072.5710373,18,147,1.633338,187.62,115.22,680.784,1,2,compressed_ring_ar
1778532073.290105,18,148,1.341059,186.82,116.588,683.767,1,2,compressed_ring_ar
1778532073.9879005,18,149,1.471724,192.47,122.567,663.634,1,2,compressed_ring_ar
1778532074.696303,18,150,1.486245,190.95,122.998,668.845,1,2,compressed_ring_ar
1778532075.4031808,18,151,1.583138,194.81,122.706,656.028,1,2,compressed_ring_ar
1778532076.0946198,18,152,1.447265,193.36,127.645,660.573,1,2,compressed_ring_ar
1778532076.8056788,18,153,1.48612,189.25,106.969,674.979,1,2,compressed_ring_ar
1778532077.5059133,18,154,1.44749,191.47,115.052,665.536,1,2,compressed_ring_ar
1778532078.2616103,18,155,1.446009,178.03,120.754,715.151,1,2,compressed_ring_ar
1778532078.9772453,18,156,1.300922,188.2,111.535,678.891,1,2,compressed_ring_ar
1778532079.6721115,18,157,1.39046,194.51,104.535,655.848,1,2,compressed_ring_ar
1778532080.4238877,18,158,1.411149,182.26,133.584,701.045,1,2,compressed_ring_ar
1778532081.0780146,18,159,1.351117,206.3,112.101,619.109,1,2,compressed_ring_ar
1778532081.787589,18,160,1.498375,190.97,125.032,668.818,1,2,compressed_ring_ar
1778532082.5269074,18,161,1.6299,181.56,122.885,701.621,1,2,compressed_ring_ar
1778532083.230276,18,162,1.460078,191.64,119.309,665.074,1,2,compressed_ring_ar
1778532083.9587653,18,163,1.461814,184.59,176.391,691.997,1,2,compressed_ring_ar
1778532084.6762621,18,164,1.488464,187.32,135.265,680.195,1,2,compressed_ring_ar
1778532085.3987026,18,165,1.519567,184.97,164.368,690.594,1,2,compressed_ring_ar
1778532086.1904082,18,166,1.598137,168.41,161.387,758.728,1,2,compressed_ring_ar
1778532086.9375536,18,167,1.513913,181.53,116.561,704.05,1,2,compressed_ring_ar
1778532087.7158837,18,168,1.420441,184.43,122.357,692.649,1,2,compressed_ring_ar
1778532088.4018378,18,169,1.706108,197.79,111.741,645.744,1,2,compressed_ring_ar
1778532089.1102014,18,170,1.540025,194.32,122.581,657.299,1,2,compressed_ring_ar
1778532089.8464417,18,171,1.412078,185.45,133.77,685.996,1,2,compressed_ring_ar
1778532090.57182,18,172,1.460785,184.74,122.77,691.461,1,2,compressed_ring_ar
1778532091.2799675,18,173,1.403847,189.17,122.434,675.178,1,2,compressed_ring_ar
1778532091.9552214,18,174,1.349767,200.23,109.295,634.9,1,2,compressed_ring_ar
1778532092.666195,18,175,1.436446,188.49,114.284,677.709,1,2,compressed_ring_ar
1778532093.401264,18,176,1.484879,183.11,112.812,697.593,1,2,compressed_ring_ar
1778532094.1274235,18,177,1.553982,184.61,140.927,691.934,1,2,compressed_ring_ar
1778532094.8651369,18,178,1.434533,182.24,132.83,700.981,1,2,compressed_ring_ar
1778532095.5572114,18,179,1.427205,199.86,118.309,638.376,1,2,compressed_ring_ar
1778532096.2916932,18,180,1.507342,187.25,127.583,682.143,1,2,compressed_ring_ar
1778532096.9674942,18,181,1.435557,209.73,101.556,608.275,1,2,compressed_ring_ar
1778532097.7639992,18,182,1.464352,171.13,112.746,746.637,1,2,compressed_ring_ar
1778532098.442125,18,183,1.49655,197.87,106.099,645.5,1,2,compressed_ring_ar
1778532099.1198337,18,184,1.531139,199.86,106.337,639.282,1,2,compressed_ring_ar
1778532099.8682835,18,185,1.275554,178.58,120.532,715.369,1,2,compressed_ring_ar
1778532100.568942,18,186,1.370881,191.22,128.778,664.918,1,2,compressed_ring_ar
1778532101.2699509,18,187,1.447704,193.19,106.893,661.17,1,2,compressed_ring_ar
1778532101.970679,18,188,1.505711,191.33,108.705,667.67,1,2,compressed_ring_ar
1778532102.619728,18,189,1.521681,210.31,117.303,607.276,1,2,compressed_ring_ar
1778532103.3601093,18,190,1.428569,181.71,116.695,702.978,1,2,compressed_ring_ar
1778532104.0214536,18,191,1.42339,205.22,107.889,622.392,1,2,compressed_ring_ar
1778532104.743445,18,192,1.502457,185.63,132.324,688.13,1,2,compressed_ring_ar
1778532105.455574,18,193,1.3756,190.53,118.983,670.408,1,2,compressed_ring_ar
1778532106.1497405,18,194,1.48506,193.22,113.039,661.022,1,2,compressed_ring_ar
1778532106.722417,18,195,1.667447,71.59,110.883,557.39,1,2,compressed_ring_ar
1778532113.182527,19,0,1.531832,196.92,107.355,645.673,1,2,compressed_ring_ar
1778532113.8812134,19,1,1.351907,191.97,109.705,662.237,1,2,compressed_ring_ar
1778532114.576846,19,2,1.373319,192.81,114.606,662.516,1,2,compressed_ring_ar
1778532115.2752519,19,3,1.297951,193.13,139.92,661.399,1,2,compressed_ring_ar
1778532115.956434,19,4,1.496334,196.92,134.593,645.289,1,2,compressed_ring_ar
1778532116.5557408,19,5,1.4506,227.23,109.647,561.87,1,2,compressed_ring_ar
1778532117.2586646,19,6,1.330239,191.04,117.97,668.582,1,2,compressed_ring_ar
1778532117.925449,19,7,1.543515,201.38,127.463,631.286,1,2,compressed_ring_ar
1778532118.551574,19,8,1.329718,215.42,126.82,589.782,1,2,compressed_ring_ar
1778532119.1579695,19,9,1.599576,222.69,108.818,573.358,1,2,compressed_ring_ar
1778532119.8589842,19,10,1.494409,193.54,101.985,659.914,1,2,compressed_ring_ar
1778532120.5969758,19,11,1.59561,181.66,129.699,703.18,1,2,compressed_ring_ar
1778532121.4352434,19,12,1.556246,159.24,138.936,802.448,1,2,compressed_ring_ar
1778532122.1798267,19,13,1.428676,183.02,106.457,698.002,1,2,compressed_ring_ar
1778532122.90886,19,14,1.562904,183.78,129.98,695.099,1,2,compressed_ring_ar
1778532123.6102352,19,15,1.466648,193.0,114.05,661.782,1,2,compressed_ring_ar
1778532124.30641,19,16,1.555653,192.33,108.86,664.107,1,2,compressed_ring_ar
1778532125.0144536,19,17,1.519332,189.3,116.459,674.818,1,2,compressed_ring_ar
1778532125.675342,19,18,1.462077,208.27,146.788,613.17,1,2,compressed_ring_ar
1778532126.4128284,19,19,1.519108,181.29,121.336,704.599,1,2,compressed_ring_ar
1778532127.0749533,19,20,1.58351,204.32,112.766,625.081,1,2,compressed_ring_ar
1778532127.7779763,19,21,1.424023,196.87,102.156,648.809,1,2,compressed_ring_ar
1778532128.4721887,19,22,1.535616,193.28,113.598,660.848,1,2,compressed_ring_ar
1778532129.1492105,19,23,1.480511,201.56,115.929,633.708,1,2,compressed_ring_ar
1778532129.8165817,19,24,1.312248,204.3,110.43,623.466,1,2,compressed_ring_ar
1778532130.4986744,19,25,1.402828,196.95,130.271,648.596,1,2,compressed_ring_ar
1778532131.1056824,19,26,1.540342,224.91,124.723,564.533,1,2,compressed_ring_ar
1778532131.743432,19,27,1.371714,212.54,123.161,600.942,1,2,compressed_ring_ar
1778532132.442281,19,28,1.451158,193.6,117.424,659.779,1,2,compressed_ring_ar
1778532133.0999753,19,29,1.502487,203.99,121.076,626.065,1,2,compressed_ring_ar
1778532133.7841341,19,30,1.547765,199.24,112.925,641.024,1,2,compressed_ring_ar
1778532134.4791286,19,31,1.338454,193.29,120.498,659.149,1,2,compressed_ring_ar
1778532135.1989515,19,32,1.379151,186.32,125.949,685.573,1,2,compressed_ring_ar
1778532135.9104106,19,33,1.466271,191.89,113.47,665.635,1,2,compressed_ring_ar
1778532136.610136,19,34,1.436419,191.11,113.568,668.492,1,2,compressed_ring_ar
1778532137.3686118,19,35,1.57829,177.17,136.573,721.169,1,2,compressed_ring_ar
1778532138.1355894,19,36,1.449491,178.58,109.334,715.376,1,2,compressed_ring_ar
1778532138.8327363,19,37,1.455675,192.15,108.523,661.705,1,2,compressed_ring_ar
1778532139.5493288,19,38,1.431781,187.07,110.161,682.78,1,2,compressed_ring_ar
1778532140.1978624,19,39,1.519461,209.16,124.003,610.631,1,2,compressed_ring_ar
1778532140.8684297,19,40,1.424574,200.3,108.059,634.793,1,2,compressed_ring_ar
1778532141.593267,19,41,1.407607,184.44,116.319,692.539,1,2,compressed_ring_ar
1778532142.347451,19,42,1.564016,177.78,133.804,718.653,1,2,compressed_ring_ar
1778532143.0068154,19,43,1.507996,207.51,103.39,615.495,1,2,compressed_ring_ar
1778532143.7067578,19,44,1.436143,191.33,133.643,664.566,1,2,compressed_ring_ar
1778532144.4162061,19,45,1.423108,188.5,114.045,677.643,1,2,compressed_ring_ar
1778532145.127072,19,46,1.352074,188.88,127.096,674.703,1,2,compressed_ring_ar
1778532145.8434763,19,47,1.561681,186.79,114.543,683.824,1,2,compressed_ring_ar
1778532146.563218,19,48,1.431503,187.17,123.695,679.471,1,2,compressed_ring_ar
1778532147.1549385,19,49,1.635325,231.68,112.471,551.058,1,2,compressed_ring_ar
1778532147.8659098,19,50,1.537029,188.86,122.553,676.058,1,2,compressed_ring_ar
1778532148.498566,19,51,1.500484,219.58,104.59,581.51,1,2,compressed_ring_ar
1778532149.146461,19,52,1.428806,209.08,108.082,610.818,1,2,compressed_ring_ar
1778532149.8451664,19,53,1.501687,192.45,116.839,662.767,1,2,compressed_ring_ar
1778532150.5477266,19,54,1.38371,191.76,117.343,666.173,1,2,compressed_ring_ar
1778532151.2321749,19,55,1.456144,196.17,118.492,651.147,1,2,compressed_ring_ar
1778532151.925629,19,56,1.556459,194.22,120.903,657.652,1,2,compressed_ring_ar
1778532152.6321611,19,57,1.448277,189.9,120.695,672.906,1,2,compressed_ring_ar
1778532153.359004,19,58,1.287821,189.18,118.659,675.138,1,2,compressed_ring_ar
1778532154.037539,19,59,1.451688,199.51,107.379,640.24,1,2,compressed_ring_ar
1778532154.7373059,19,60,1.438482,192.06,126.353,665.022,1,2,compressed_ring_ar
1778532155.4409819,19,61,1.424502,191.64,109.591,666.536,1,2,compressed_ring_ar
1778532156.1407154,19,62,1.519148,192.27,134.111,661.652,1,2,compressed_ring_ar
1778532156.7430615,19,63,1.555631,228.44,128.851,555.876,1,2,compressed_ring_ar
1778532157.3092499,19,64,1.494414,246.03,104.781,518.793,1,2,compressed_ring_ar
1778532158.0099852,19,65,1.348778,192.79,113.846,662.543,1,2,compressed_ring_ar
1778532158.7387488,19,66,1.553991,183.51,110.115,696.24,1,2,compressed_ring_ar
1778532159.416521,19,67,1.517598,198.05,114.023,644.964,1,2,compressed_ring_ar
1778532160.1357777,19,68,1.722382,186.65,120.517,684.367,1,2,compressed_ring_ar
1778532160.8266807,19,69,1.410537,194.4,107.067,657.034,1,2,compressed_ring_ar
1778532161.525934,19,70,1.458398,193.45,129.464,660.243,1,2,compressed_ring_ar
1778532162.2356777,19,71,1.370326,188.76,130.204,676.744,1,2,compressed_ring_ar
1778532162.9216938,19,72,1.414993,196.16,122.665,648.21,1,2,compressed_ring_ar
1778532163.6461854,19,73,1.491007,185.08,117.387,690.229,1,2,compressed_ring_ar
1778532164.377856,19,74,1.51325,184.11,134.659,692.298,1,2,compressed_ring_ar
1778532165.0878377,19,75,1.349936,188.81,123.945,676.52,1,2,compressed_ring_ar
1778532165.8026342,19,76,1.600827,187.31,120.187,681.992,1,2,compressed_ring_ar
1778532166.4949949,19,77,1.338162,192.75,119.242,662.757,1,2,compressed_ring_ar
1778532167.1564016,19,78,1.460635,203.54,132.578,627.503,1,2,compressed_ring_ar
1778532167.8604789,19,79,1.477587,190.32,127.898,671.111,1,2,compressed_ring_ar
1778532168.4929855,19,80,1.458166,213.42,116.086,595.095,1,2,compressed_ring_ar
1778532169.1329672,19,81,1.428869,210.31,133.465,607.373,1,2,compressed_ring_ar
1778532169.9585078,19,82,1.435113,165.64,125.181,771.478,1,2,compressed_ring_ar
1778532170.6352694,19,83,1.591622,199.2,115.076,641.251,1,2,compressed_ring_ar
1778532171.3131192,19,84,1.463108,197.95,117.547,645.17,1,2,compressed_ring_ar
1778532172.0475075,19,85,1.408238,181.9,108.81,702.308,1,2,compressed_ring_ar
1778532172.7810702,19,86,1.362096,185.99,112.69,683.819,1,2,compressed_ring_ar
1778532173.4736788,19,87,1.36382,194.51,111.119,656.727,1,2,compressed_ring_ar
1778532174.19043,19,88,1.402374,187.88,122.442,679.93,1,2,compressed_ring_ar
1778532174.942366,19,89,1.461256,178.28,125.392,713.642,1,2,compressed_ring_ar
1778532175.6383336,19,90,1.426365,196.59,121.604,649.706,1,2,compressed_ring_ar
1778532176.335031,19,91,1.527196,192.42,126.012,663.778,1,2,compressed_ring_ar
1778532177.0453467,19,92,1.36378,188.89,129.401,676.243,1,2,compressed_ring_ar
1778532177.723023,19,93,1.44555,198.96,105.583,638.879,1,2,compressed_ring_ar
1778532178.4371996,19,94,1.518007,187.59,121.925,678.03,1,2,compressed_ring_ar
1778532179.1619346,19,95,1.443527,184.74,115.858,690.799,1,2,compressed_ring_ar
1778532179.867373,19,96,1.466014,190.04,114.377,672.197,1,2,compressed_ring_ar
1778532180.5894933,19,97,1.56629,190.03,107.262,672.151,1,2,compressed_ring_ar
1778532181.3016717,19,98,1.469418,187.91,108.666,679.782,1,2,compressed_ring_ar
1778532182.0047572,19,99,1.518224,190.81,112.293,669.504,1,2,compressed_ring_ar
1778532182.6741886,19,100,1.545933,200.6,110.208,636.716,1,2,compressed_ring_ar
1778532183.3335416,19,101,1.39094,204.9,109.351,623.356,1,2,compressed_ring_ar
1778532184.0352871,19,102,1.535041,191.26,115.735,667.814,1,2,compressed_ring_ar
1778532184.7892144,19,103,1.505475,181.68,122.612,703.103,1,2,compressed_ring_ar
1778532185.5167778,19,104,1.51372,187.19,114.569,682.399,1,2,compressed_ring_ar
1778532186.2294536,19,105,1.562433,188.62,111.742,675.493,1,2,compressed_ring_ar
1778532186.937528,19,106,1.445782,190.98,103.007,668.823,1,2,compressed_ring_ar
1778532187.6460185,19,107,1.64422,192.24,115.766,664.474,1,2,compressed_ring_ar
1778532188.2713182,19,108,1.483531,222.06,107.808,574.172,1,2,compressed_ring_ar
1778532188.9761784,19,109,1.471397,191.34,114.441,667.555,1,2,compressed_ring_ar
1778532189.632118,19,110,1.386611,205.69,102.038,620.952,1,2,compressed_ring_ar
1778532190.3423393,19,111,1.550719,188.66,119.663,677.083,1,2,compressed_ring_ar
1778532191.0393932,19,112,1.352655,193.45,114.61,660.243,1,2,compressed_ring_ar
1778532191.7147748,19,113,1.474123,199.6,144.495,639.85,1,2,compressed_ring_ar
1778532192.4252186,19,114,1.480286,194.28,109.384,657.554,1,2,compressed_ring_ar
1778532193.1300724,19,115,1.414893,190.59,119.16,668.406,1,2,compressed_ring_ar
1778532193.8152425,19,116,1.533114,196.67,117.775,649.433,1,2,compressed_ring_ar
1778532194.5060408,19,117,1.505775,195.63,119.237,652.821,1,2,compressed_ring_ar
1778532195.239298,19,118,1.375036,182.76,124.299,699.105,1,2,compressed_ring_ar
1778532195.9462194,19,119,1.511609,190.76,111.267,668.338,1,2,compressed_ring_ar
1778532196.5981634,19,120,1.370806,207.98,124.941,612.391,1,2,compressed_ring_ar
1778532197.314091,19,121,1.399846,188.69,117.8,676.92,1,2,compressed_ring_ar
1778532198.0420277,19,122,1.308982,185.2,123.809,689.69,1,2,compressed_ring_ar
1778532198.6982827,19,123,1.484783,208.08,107.531,613.946,1,2,compressed_ring_ar
1778532199.3779044,19,124,1.324655,200.1,105.003,638.372,1,2,compressed_ring_ar
1778532200.0755289,19,125,1.439944,192.51,126.466,663.601,1,2,compressed_ring_ar
1778532200.7640755,19,126,1.371179,196.23,108.046,650.861,1,2,compressed_ring_ar
1778532201.482278,19,127,1.30062,186.86,155.946,683.695,1,2,compressed_ring_ar
1778532202.1705787,19,128,1.436812,195.92,114.64,651.922,1,2,compressed_ring_ar
1778532202.8823333,19,129,1.521692,188.81,110.12,676.838,1,2,compressed_ring_ar
1778532203.5987303,19,130,1.356433,187.17,131.17,681.677,1,2,compressed_ring_ar
1778532204.2692244,19,131,1.530978,201.05,107.384,635.393,1,2,compressed_ring_ar
1778532204.941105,19,132,1.562648,199.9,114.032,638.06,1,2,compressed_ring_ar
1778532205.616172,19,133,1.505963,201.66,104.115,632.936,1,2,compressed_ring_ar
1778532206.3279393,19,134,1.529374,188.21,141.252,678.671,1,2,compressed_ring_ar
1778532207.0391665,19,135,1.32896,188.73,118.329,676.836,1,2,compressed_ring_ar
1778532207.7484882,19,136,1.347131,193.69,126.297,659.422,1,2,compressed_ring_ar
1778532208.4930463,19,137,1.458082,179.55,111.267,708.614,1,2,compressed_ring_ar
1778532209.2333114,19,138,1.376919,181.76,129.937,702.782,1,2,compressed_ring_ar
1778532209.8933167,19,139,1.574135,204.54,113.766,624.398,1,2,compressed_ring_ar
1778532210.5880249,19,140,1.483797,192.94,112.328,662.021,1,2,compressed_ring_ar
1778532211.272144,19,141,1.37472,197.78,121.013,645.733,1,2,compressed_ring_ar
1778532211.9272926,19,142,1.387503,207.86,112.748,614.418,1,2,compressed_ring_ar
1778532212.5994961,19,143,1.383196,200.99,106.348,633.767,1,2,compressed_ring_ar
1778532213.312806,19,144,1.479356,187.97,115.425,679.472,1,2,compressed_ring_ar
1778532214.0419574,19,145,1.286915,183.75,122.114,695.151,1,2,compressed_ring_ar
1778532214.7039833,19,146,1.278396,206.58,107.223,618.234,1,2,compressed_ring_ar
1778532215.4472065,19,147,1.409519,179.88,110.407,710.171,1,2,compressed_ring_ar
1778532216.1650653,19,148,1.542572,186.71,116.455,684.198,1,2,compressed_ring_ar
1778532216.8529873,19,149,1.440479,197.17,110.886,648.07,1,2,compressed_ring_ar
1778532217.8338943,19,150,1.520249,138.41,147.855,921.932,1,2,compressed_ring_ar
1778532218.5482483,19,151,1.500978,187.87,118.908,679.938,1,2,compressed_ring_ar
1778532219.2446864,19,152,1.500359,192.51,120.584,663.725,1,2,compressed_ring_ar
1778532219.922511,19,153,1.441157,198.56,108.967,643.333,1,2,compressed_ring_ar
1778532220.6492517,19,154,1.454693,184.56,105.462,689.384,1,2,compressed_ring_ar
1778532221.3623855,19,155,1.614158,188.27,112.952,678.537,1,2,compressed_ring_ar
1778532222.060578,19,156,1.52857,192.55,111.945,663.387,1,2,compressed_ring_ar
1778532222.7506382,19,157,1.492434,195.24,124.064,654.29,1,2,compressed_ring_ar
1778532223.4011786,19,158,1.495848,208.43,132.317,612.708,1,2,compressed_ring_ar
1778532224.09806,19,159,1.596094,192.21,109.543,663.222,1,2,compressed_ring_ar
1778532224.7628334,19,160,1.508322,203.42,128.628,627.832,1,2,compressed_ring_ar
1778532225.4580197,19,161,1.508593,193.13,111.035,661.378,1,2,compressed_ring_ar
1778532226.1452248,19,162,1.571839,194.42,107.01,657.025,1,2,compressed_ring_ar
1778532226.845286,19,163,1.340138,191.69,120.564,663.229,1,2,compressed_ring_ar
1778532227.591563,19,164,1.367855,179.15,108.542,713.214,1,2,compressed_ring_ar
1778532228.3176706,19,165,1.518002,186.97,112.268,683.209,1,2,compressed_ring_ar
1778532229.014328,19,166,1.442238,192.65,111.424,663.013,1,2,compressed_ring_ar
1778532229.7028773,19,167,1.53526,196.48,103.466,650.097,1,2,compressed_ring_ar
1778532230.4119256,19,168,1.500763,189.7,117.898,670.276,1,2,compressed_ring_ar
1778532231.1145616,19,169,1.518758,190.8,129.127,666.372,1,2,compressed_ring_ar
1778532231.709449,19,170,1.48722,229.89,108.255,555.369,1,2,compressed_ring_ar
1778532232.4129386,19,171,1.342654,191.6,123.969,666.614,1,2,compressed_ring_ar
1778532233.0672588,19,172,1.415484,209.73,107.456,608.939,1,2,compressed_ring_ar
1778532233.7831972,19,173,1.478487,188.72,108.446,676.985,1,2,compressed_ring_ar
1778532234.4323828,19,174,1.542042,208.68,110.775,612.159,1,2,compressed_ring_ar
1778532235.1158764,19,175,1.516219,196.78,114.972,649.246,1,2,compressed_ring_ar
1778532235.7877727,19,176,1.49544,201.98,108.186,632.387,1,2,compressed_ring_ar
1778532236.4678774,19,177,1.553228,197.84,126.79,645.864,1,2,compressed_ring_ar
1778532237.1038065,19,178,1.441185,213.59,103.086,597.901,1,2,compressed_ring_ar
1778532237.7971904,19,179,1.316955,195.39,113.781,650.7,1,2,compressed_ring_ar
1778532238.5404398,19,180,1.47013,180.6,135.38,707.46,1,2,compressed_ring_ar
1778532239.1973958,19,181,1.390429,207.11,107.865,613.799,1,2,compressed_ring_ar
1778532239.8822353,19,182,1.328365,196.75,97.618,649.185,1,2,compressed_ring_ar
1778532240.535054,19,183,1.527172,205.78,130.733,617.465,1,2,compressed_ring_ar
1778532241.2238007,19,184,1.494202,195.69,118.232,649.171,1,2,compressed_ring_ar
1778532241.8436015,19,185,1.573841,218.35,108.136,584.178,1,2,compressed_ring_ar
1778532242.5302396,19,186,1.384707,195.57,110.707,653.068,1,2,compressed_ring_ar
1778532243.1908329,19,187,1.475634,203.41,127.538,627.847,1,2,compressed_ring_ar
1778532243.8904579,19,188,1.425948,192.17,113.735,664.658,1,2,compressed_ring_ar
1778532244.5877194,19,189,1.476673,195.46,147.572,653.462,1,2,compressed_ring_ar
1778532245.3472183,19,190,1.36462,175.99,143.451,726.025,1,2,compressed_ring_ar
1778532245.9539475,19,191,1.328346,223.98,105.086,570.112,1,2,compressed_ring_ar
1778532246.6616764,19,192,1.468241,189.55,115.917,674.272,1,2,compressed_ring_ar
1778532247.2947438,19,193,1.363689,214.43,112.549,595.534,1,2,compressed_ring_ar
1778532247.968512,19,194,1.600086,202.33,112.657,631.354,1,2,compressed_ring_ar
1778532248.5149372,19,195,1.481512,75.04,119.658,529.97,1,2,compressed_ring_ar
1778532255.1406517,20,0,1.563582,173.63,140.052,733.06,1,2,compressed_ring_ar
1778532255.7199473,20,1,1.56192,234.53,127.253,541.136,1,2,compressed_ring_ar
1778532256.2989984,20,2,1.467281,233.12,125.518,544.327,1,2,compressed_ring_ar
1778532256.8769088,20,3,1.393216,237.91,135.397,533.19,1,2,compressed_ring_ar
1778532257.4449344,20,4,1.386212,239.74,123.239,529.072,1,2,compressed_ring_ar
1778532258.0016975,20,5,1.348925,244.85,136.913,518.246,1,2,compressed_ring_ar
1778532258.561943,20,6,1.397938,242.17,131.373,524.039,1,2,compressed_ring_ar
1778532259.119949,20,7,1.529293,243.91,130.729,520.107,1,2,compressed_ring_ar
1778532259.7460036,20,8,1.420139,218.06,135.664,582.213,1,2,compressed_ring_ar
1778532260.3890243,20,9,1.61252,210.74,142.516,603.057,1,2,compressed_ring_ar
1778532260.9643493,20,10,1.442117,239.81,120.079,529.143,1,2,compressed_ring_ar
1778532261.5379639,20,11,1.522379,235.96,122.086,537.987,1,2,compressed_ring_ar
1778532262.167805,20,12,1.417763,215.84,130.267,588.401,1,2,compressed_ring_ar
1778532262.7631793,20,13,1.450218,227.1,126.917,559.054,1,2,compressed_ring_ar
1778532263.3977358,20,14,1.365685,215.57,121.775,589.074,1,2,compressed_ring_ar
1778532263.948164,20,15,1.629488,247.93,126.746,511.499,1,2,compressed_ring_ar
1778532264.5202138,20,16,1.539289,237.97,122.087,533.333,1,2,compressed_ring_ar
1778532265.1459782,20,17,1.255142,219.44,128.128,579.021,1,2,compressed_ring_ar
1778532265.7494707,20,18,1.565676,229.04,137.369,553.976,1,2,compressed_ring_ar
1778532266.3664134,20,19,1.405545,218.76,137.276,580.221,1,2,compressed_ring_ar
1778532266.9689336,20,20,1.641319,224.4,122.89,565.711,1,2,compressed_ring_ar
1778532267.5632734,20,21,1.403491,228.31,130.095,556.975,1,2,compressed_ring_ar
1778532268.2235167,20,22,1.640641,204.84,164.824,620.802,1,2,compressed_ring_ar
1778532268.9291835,20,23,1.321445,195.69,122.878,649.348,1,2,compressed_ring_ar
1778532269.5288584,20,24,1.442823,225.33,139.955,563.208,1,2,compressed_ring_ar
1778532270.065897,20,25,1.489318,255.0,125.628,497.234,1,2,compressed_ring_ar
1778532270.7205064,20,26,1.387054,205.43,137.073,618.544,1,2,compressed_ring_ar
1778532271.2995284,20,27,1.413601,235.4,120.33,539.206,1,2,compressed_ring_ar
1778532271.8687704,20,28,1.487892,247.97,132.559,511.599,1,2,compressed_ring_ar
1778532272.4460332,20,29,1.467349,234.63,127.619,540.786,1,2,compressed_ring_ar
1778532273.0158348,20,30,1.52016,238.91,121.931,530.94,1,2,compressed_ring_ar
1778532273.592452,20,31,1.55246,234.98,126.688,540.926,1,2,compressed_ring_ar
1778532274.2082088,20,32,1.484926,220.96,137.699,575.26,1,2,compressed_ring_ar
1778532274.755831,20,33,1.497173,248.48,123.157,510.47,1,2,compressed_ring_ar
1778532275.3255062,20,34,1.486043,237.89,128.323,533.466,1,2,compressed_ring_ar
1778532275.900697,20,35,1.488695,234.89,116.629,540.422,1,2,compressed_ring_ar
1778532276.4602988,20,36,1.530977,242.14,129.841,524.032,1,2,compressed_ring_ar
1778532277.0781531,20,37,1.33355,218.32,140.411,581.613,1,2,compressed_ring_ar
1778532277.6384616,20,38,1.369217,242.02,134.52,523.953,1,2,compressed_ring_ar
1778532278.2128272,20,39,1.498238,238.08,118.4,532.659,1,2,compressed_ring_ar
1778532278.7978892,20,40,1.441041,233.72,136.874,542.965,1,2,compressed_ring_ar
1778532279.3557286,20,41,1.487692,245.88,125.95,515.389,1,2,compressed_ring_ar
1778532279.9627376,20,42,1.488537,222.65,126.706,570.204,1,2,compressed_ring_ar
1778532280.535493,20,43,1.413065,236.56,127.958,536.447,1,2,compressed_ring_ar
1778532281.124295,20,44,1.364037,231.63,138.561,547.996,1,2,compressed_ring_ar
1778532281.7217166,20,45,1.44102,229.01,135.638,554.225,1,2,compressed_ring_ar
1778532282.2821426,20,46,1.466599,242.61,128.646,526.354,1,2,compressed_ring_ar
1778532282.8804965,20,47,1.320878,228.86,126.281,554.785,1,2,compressed_ring_ar
1778532283.471092,20,48,1.500274,229.23,120.94,553.965,1,2,compressed_ring_ar
1778532284.0538604,20,49,1.385737,232.38,139.031,546.488,1,2,compressed_ring_ar
1778532284.6438043,20,50,1.439823,228.87,128.133,554.687,1,2,compressed_ring_ar
1778532285.242776,20,51,1.542339,226.73,152.773,559.812,1,2,compressed_ring_ar
1778532285.7987232,20,52,1.444377,243.72,124.352,520.623,1,2,compressed_ring_ar
1778532286.3597176,20,53,1.381652,242.39,125.274,523.621,1,2,compressed_ring_ar
1778532286.9409454,20,54,1.467209,232.8,126.275,545.273,1,2,compressed_ring_ar
1778532287.50832,20,55,1.32972,239.19,119.323,530.614,1,2,compressed_ring_ar
1778532288.133901,20,56,1.465849,215.81,133.193,588.567,1,2,compressed_ring_ar
1778532288.690933,20,57,1.334424,243.9,122.763,520.826,1,2,compressed_ring_ar
1778532289.2779398,20,58,1.359079,232.43,131.982,546.112,1,2,compressed_ring_ar
1778532289.84487,20,59,1.465655,239.1,124.316,530.865,1,2,compressed_ring_ar
1778532290.449593,20,60,1.476767,223.74,134.968,567.482,1,2,compressed_ring_ar
1778532291.1111028,20,61,1.503093,203.41,130.047,624.957,1,2,compressed_ring_ar
1778532291.7218995,20,62,1.521339,222.03,124.458,572.06,1,2,compressed_ring_ar
1778532292.3188453,20,63,1.524726,235.65,137.08,538.323,1,2,compressed_ring_ar
1778532292.9428625,20,64,1.339017,227.55,141.964,557.676,1,2,compressed_ring_ar
1778532293.4946525,20,65,1.393283,251.25,120.153,504.749,1,2,compressed_ring_ar
1778532294.1124015,20,66,1.483139,218.49,128.433,581.1,1,2,compressed_ring_ar
1778532294.6509523,20,67,1.513479,252.5,120.671,502.363,1,2,compressed_ring_ar
1778532295.2484198,20,68,1.531883,225.93,145.997,561.734,1,2,compressed_ring_ar
1778532295.7969806,20,69,1.453425,248.73,122.611,509.982,1,2,compressed_ring_ar
1778532296.3790808,20,70,1.595922,233.36,123.752,543.556,1,2,compressed_ring_ar
1778532296.975344,20,71,1.389179,227.95,127.407,556.94,1,2,compressed_ring_ar
1778532297.577912,20,72,1.411062,224.03,126.544,566.396,1,2,compressed_ring_ar
1778532298.1182835,20,73,1.44892,251.63,127.804,504.129,1,2,compressed_ring_ar
1778532298.7017968,20,74,1.403342,232.6,117.499,545.55,1,2,compressed_ring_ar
1778532299.274237,20,75,1.41677,236.61,123.868,536.614,1,2,compressed_ring_ar
1778532299.8303277,20,76,1.477069,244.43,119.003,522.31,1,2,compressed_ring_ar
1778532300.456163,20,77,1.488731,218.72,121.187,580.409,1,2,compressed_ring_ar
1778532301.026363,20,78,1.46398,248.94,128.314,509.334,1,2,compressed_ring_ar
1778532301.5950243,20,79,1.488252,238.59,120.269,532.634,1,2,compressed_ring_ar
1778532302.2028584,20,80,1.492568,222.17,126.558,571.245,1,2,compressed_ring_ar
1778532302.7738652,20,81,1.554201,236.97,131.113,535.621,1,2,compressed_ring_ar
1778532303.3681638,20,82,1.465785,229.96,126.304,552.091,1,2,compressed_ring_ar
1778532303.955828,20,83,1.380416,232.31,124.354,546.328,1,2,compressed_ring_ar
1778532304.526222,20,84,1.372039,237.26,131.699,535.009,1,2,compressed_ring_ar
1778532305.099943,20,85,1.444271,240.41,130.486,527.312,1,2,compressed_ring_ar
1778532305.667597,20,86,1.40124,244.57,122.649,518.854,1,2,compressed_ring_ar
1778532306.2304165,20,87,1.418901,240.83,125.391,526.871,1,2,compressed_ring_ar
1778532306.7836747,20,88,1.475725,245.28,119.697,517.107,1,2,compressed_ring_ar
1778532307.364051,20,89,1.258259,237.79,133.956,533.596,1,2,compressed_ring_ar
1778532307.9268632,20,90,1.417403,241.36,121.08,525.952,1,2,compressed_ring_ar
1778532308.4781058,20,91,1.267498,245.99,119.2,515.916,1,2,compressed_ring_ar
1778532309.054958,20,92,1.636681,234.3,127.285,541.737,1,2,compressed_ring_ar
1778532309.6125402,20,93,1.291271,245.32,119.969,516.968,1,2,compressed_ring_ar
1778532310.1947768,20,94,1.421346,232.21,124.897,547.411,1,2,compressed_ring_ar
1778532310.7529457,20,95,1.519619,248.0,117.27,511.5,1,2,compressed_ring_ar
1778532311.357136,20,96,1.50603,224.29,135.54,566.01,1,2,compressed_ring_ar
1778532311.9473908,20,97,1.43361,236.93,146.31,535.562,1,2,compressed_ring_ar
1778532312.5351057,20,98,1.459996,230.47,137.331,550.636,1,2,compressed_ring_ar
1778532313.1226964,20,99,1.500803,232.05,120.911,547.115,1,2,compressed_ring_ar
1778532313.7350178,20,100,1.466777,221.29,139.666,573.857,1,2,compressed_ring_ar
1778532314.3101735,20,101,1.441136,240.65,125.365,527.477,1,2,compressed_ring_ar
1778532314.8580208,20,102,1.460792,248.33,122.046,510.712,1,2,compressed_ring_ar
1778532315.4530516,20,103,1.467881,227.85,125.773,557.003,1,2,compressed_ring_ar
1778532316.0499475,20,104,1.446867,226.21,129.251,561.215,1,2,compressed_ring_ar
1778532316.6005557,20,105,1.422537,246.26,125.099,515.062,1,2,compressed_ring_ar
1778532317.1688383,20,106,1.441372,237.96,124.78,532.992,1,2,compressed_ring_ar
1778532317.7132473,20,107,1.521184,255.6,120.655,496.538,1,2,compressed_ring_ar
1778532318.3064218,20,108,1.373528,228.27,121.53,556.283,1,2,compressed_ring_ar
1778532318.890503,20,109,1.475673,231.77,116.345,547.81,1,2,compressed_ring_ar
1778532319.457022,20,110,1.537919,239.98,124.138,528.897,1,2,compressed_ring_ar
1778532320.0342097,20,111,1.504313,234.4,129.638,541.637,1,2,compressed_ring_ar
1778532320.6006725,20,112,1.619827,242.46,127.374,523.234,1,2,compressed_ring_ar
1778532321.1757116,20,113,1.461157,236.01,131.813,537.647,1,2,compressed_ring_ar
1778532321.7463832,20,114,1.562493,237.15,128.236,535.191,1,2,compressed_ring_ar
1778532322.2800283,20,115,1.614976,254.54,117.501,498.159,1,2,compressed_ring_ar
1778532322.8636882,20,116,1.478301,232.03,124.338,547.291,1,2,compressed_ring_ar
1778532323.4163897,20,117,1.508012,245.97,123.96,515.693,1,2,compressed_ring_ar
1778532323.9951398,20,118,1.292906,233.91,124.614,542.702,1,2,compressed_ring_ar
1778532324.5898151,20,119,1.444313,230.5,135.906,550.394,1,2,compressed_ring_ar
1778532325.1737044,20,120,1.696814,232.8,130.912,545.233,1,2,compressed_ring_ar
1778532325.7327516,20,121,1.494549,245.79,121.967,516.44,1,2,compressed_ring_ar
1778532326.3292286,20,122,1.472955,226.3,130.113,560.871,1,2,compressed_ring_ar
1778532326.8857782,20,123,1.661288,244.89,137.046,518.886,1,2,compressed_ring_ar
1778532327.4739673,20,124,1.474449,231.49,121.243,548.163,1,2,compressed_ring_ar
1778532328.0704901,20,125,1.432103,227.48,120.005,558.302,1,2,compressed_ring_ar
1778532328.6379664,20,126,1.427757,239.22,122.688,530.905,1,2,compressed_ring_ar
1778532329.202694,20,127,1.431624,240.41,133.217,527.911,1,2,compressed_ring_ar
1778532329.7602046,20,128,1.625669,243.7,117.984,520.298,1,2,compressed_ring_ar
1778532330.321009,20,129,1.404896,242.39,125.923,523.49,1,2,compressed_ring_ar
1778532330.8901486,20,130,1.352764,241.26,126.265,525.964,1,2,compressed_ring_ar
1778532331.4636662,20,131,1.392606,236.34,125.749,537.19,1,2,compressed_ring_ar
1778532332.0441747,20,132,1.503766,233.93,133.329,542.383,1,2,compressed_ring_ar
1778532332.6178868,20,133,1.373013,238.49,132.693,532.071,1,2,compressed_ring_ar
1778532333.228332,20,134,1.351556,221.54,154.109,572.943,1,2,compressed_ring_ar
1778532333.8187716,20,135,1.569153,233.01,122.362,544.659,1,2,compressed_ring_ar
1778532334.387645,20,136,1.36016,238.26,130.888,532.809,1,2,compressed_ring_ar
1778532335.0011532,20,137,1.451509,220.36,133.608,576.177,1,2,compressed_ring_ar
1778532335.601249,20,138,1.453945,230.97,127.405,549.416,1,2,compressed_ring_ar
1778532336.1713488,20,139,1.363634,238.19,135.672,532.804,1,2,compressed_ring_ar
1778532336.7412572,20,140,1.404865,238.45,125.317,532.817,1,2,compressed_ring_ar
1778532337.3323355,20,141,1.448985,232.3,121.626,546.543,1,2,compressed_ring_ar
1778532337.920488,20,142,1.423657,230.41,120.425,550.751,1,2,compressed_ring_ar
1778532338.5040479,20,143,1.436306,232.56,131.289,545.873,1,2,compressed_ring_ar
1778532339.0584857,20,144,1.432609,247.22,124.918,513.327,1,2,compressed_ring_ar
1778532339.6480417,20,145,1.541089,233.15,130.627,544.384,1,2,compressed_ring_ar
1778532340.2092211,20,146,1.491474,253.95,121.455,499.457,1,2,compressed_ring_ar
1778532340.770336,20,147,1.347216,242.99,124.567,522.102,1,2,compressed_ring_ar
1778532341.3410716,20,148,1.434477,237.03,118.963,535.613,1,2,compressed_ring_ar
1778532341.8943386,20,149,1.422225,245.51,121.745,516.59,1,2,compressed_ring_ar
1778532342.4720783,20,150,1.496307,236.74,118.588,536.161,1,2,compressed_ring_ar
1778532343.0312612,20,151,1.513358,247.62,135.92,512.228,1,2,compressed_ring_ar
1778532343.6185064,20,152,1.51599,231.06,124.636,549.359,1,2,compressed_ring_ar
1778532344.2147648,20,153,1.430305,228.46,117.714,555.915,1,2,compressed_ring_ar
1778532344.796035,20,154,1.425658,232.87,120.439,545.261,1,2,compressed_ring_ar
1778532345.3966942,20,155,1.517152,231.69,133.768,547.715,1,2,compressed_ring_ar
1778532345.9787772,20,156,1.542767,233.31,131.554,544.18,1,2,compressed_ring_ar
1778532346.5735903,20,157,1.43901,231.83,122.16,547.344,1,2,compressed_ring_ar
1778532347.11103,20,158,1.284464,252.92,115.46,501.21,1,2,compressed_ring_ar
1778532347.699072,20,159,1.467589,232.49,124.829,545.933,1,2,compressed_ring_ar
1778532348.2716749,20,160,1.685557,237.46,123.852,534.325,1,2,compressed_ring_ar
1778532348.8408518,20,161,1.43681,238.71,121.492,531.644,1,2,compressed_ring_ar
1778532349.413213,20,162,1.499749,238.92,127.602,531.248,1,2,compressed_ring_ar
1778532349.993358,20,163,1.420892,233.81,129.784,542.925,1,2,compressed_ring_ar
1778532350.5752363,20,164,1.521359,232.53,131.668,545.83,1,2,compressed_ring_ar
1778532351.1540725,20,165,1.477144,234.36,140.811,541.306,1,2,compressed_ring_ar
1778532351.7104878,20,166,1.506902,245.97,119.888,515.774,1,2,compressed_ring_ar
1778532352.298451,20,167,1.478447,231.21,127.473,548.885,1,2,compressed_ring_ar
1778532352.837568,20,168,1.598898,254.17,126.453,499.986,1,2,compressed_ring_ar
1778532353.4487445,20,169,1.568572,223.28,129.698,568.563,1,2,compressed_ring_ar
1778532354.067304,20,170,1.438561,221.25,133.653,574.167,1,2,compressed_ring_ar
1778532354.709658,20,171,1.457216,216.01,137.897,587.968,1,2,compressed_ring_ar
1778532355.3482575,20,172,1.515785,213.52,154.357,594.772,1,2,compressed_ring_ar
1778532355.9198842,20,173,1.557787,238.31,123.758,534.286,1,2,compressed_ring_ar
1778532356.7143025,20,174,1.517364,172.77,176.503,736.34,1,2,compressed_ring_ar
1778532357.3748646,20,175,1.453883,205.28,146.553,619.661,1,2,compressed_ring_ar
1778532357.9425058,20,176,1.453205,240.02,121.894,528.718,1,2,compressed_ring_ar
1778532358.542175,20,177,1.498354,225.72,127.385,562.703,1,2,compressed_ring_ar
1778532359.1208372,20,178,1.553716,234.29,124.424,541.681,1,2,compressed_ring_ar
1778532359.6821728,20,179,1.45745,241.47,123.346,525.496,1,2,compressed_ring_ar
1778532360.244275,20,180,1.389856,241.39,114.374,529.0,1,2,compressed_ring_ar
1778532360.8439097,20,181,1.448185,227.22,125.083,558.808,1,2,compressed_ring_ar
1778532361.415111,20,182,1.274425,241.89,124.952,527.784,1,2,compressed_ring_ar
1778532362.0390487,20,183,1.331356,217.15,125.206,584.789,1,2,compressed_ring_ar
1778532362.63746,20,184,1.344212,225.81,121.121,562.15,1,2,compressed_ring_ar
1778532363.2137456,20,185,1.406398,236.9,132.496,535.907,1,2,compressed_ring_ar
1778532363.7943268,20,186,1.441566,239.3,129.685,530.462,1,2,compressed_ring_ar
1778532364.3796136,20,187,1.40833,234.71,123.907,540.81,1,2,compressed_ring_ar
1778532364.9466798,20,188,1.414283,242.49,122.455,523.216,1,2,compressed_ring_ar
1778532365.576389,20,189,1.36514,216.54,132.327,586.592,1,2,compressed_ring_ar
1778532366.192711,20,190,1.349813,219.09,126.345,579.54,1,2,compressed_ring_ar
1778532366.7514212,20,191,1.572665,244.68,122.854,518.212,1,2,compressed_ring_ar
1778532367.3691072,20,192,1.570814,218.73,145.87,580.384,1,2,compressed_ring_ar
1778532367.9403849,20,193,1.363085,242.48,123.556,523.246,1,2,compressed_ring_ar
1778532368.5401273,20,194,1.470468,225.68,128.422,565.81,1,2,compressed_ring_ar
1778532369.0368571,20,195,1.308589,83.16,120.849,476.694,1,2,compressed_ring_ar
