timestamp,epoch,iteration,loss,throughput_samp_s,comm_latency_ms,iter_time_ms,rank,world_size,arch
1778534961.9983635,1,0,2.478465,68.9,935.459,1856.494,2,4,compressed_ring_ar
1778534962.8227136,1,1,2.331254,167.59,385.251,761.405,2,4,compressed_ring_ar
1778534963.5328329,1,2,2.261207,195.33,170.98,653.889,2,4,compressed_ring_ar
1778534964.3869557,1,3,2.283614,161.93,195.721,789.092,2,4,compressed_ring_ar
1778534965.0561342,1,4,2.265604,206.31,173.988,617.247,2,4,compressed_ring_ar
1778534965.782888,1,5,2.265892,188.21,320.013,678.752,2,4,compressed_ring_ar
1778534966.4934049,1,6,2.22845,191.34,196.364,664.66,2,4,compressed_ring_ar
1778534967.2858984,1,7,2.297002,171.84,144.613,743.528,2,4,compressed_ring_ar
1778534968.066895,1,8,2.149564,173.39,283.775,735.413,2,4,compressed_ring_ar
1778534968.8486032,1,9,2.168017,176.79,160.863,722.65,2,4,compressed_ring_ar
1778534969.521179,1,10,2.209354,208.67,133.695,612.047,2,4,compressed_ring_ar
1778534970.3258352,1,11,2.161321,169.91,185.237,749.313,2,4,compressed_ring_ar
1778534970.9895363,1,12,2.170745,206.33,194.299,617.782,2,4,compressed_ring_ar
1778534971.6647592,1,13,2.153144,202.39,214.988,630.995,2,4,compressed_ring_ar
1778534972.4490137,1,14,2.172808,171.42,268.808,741.473,2,4,compressed_ring_ar
1778534973.237754,1,15,2.222404,172.61,148.862,740.204,2,4,compressed_ring_ar
1778534973.942485,1,16,2.089496,192.19,209.426,662.734,2,4,compressed_ring_ar
1778534974.7582986,1,17,2.032009,168.37,323.477,757.663,2,4,compressed_ring_ar
1778534975.467137,1,18,2.037196,193.09,209.072,658.742,2,4,compressed_ring_ar
1778534976.2313106,1,19,2.038903,177.57,246.135,719.502,2,4,compressed_ring_ar
1778534976.9147708,1,20,2.007147,203.69,173.206,626.108,2,4,compressed_ring_ar
1778534977.6251836,1,21,2.043711,199.59,153.335,638.718,2,4,compressed_ring_ar
1778534978.5085082,1,22,1.9472,153.29,403.81,833.797,2,4,compressed_ring_ar
1778534979.4096718,1,23,1.841126,148.72,445.478,859.674,2,4,compressed_ring_ar
1778534980.105531,1,24,1.800254,198.36,171.781,644.056,2,4,compressed_ring_ar
1778534980.8611133,1,25,1.825183,180.29,192.358,708.721,2,4,compressed_ring_ar
1778534981.7678325,1,26,1.93014,149.6,278.665,851.588,2,4,compressed_ring_ar
1778534982.5833154,1,27,1.874836,166.01,302.337,769.65,2,4,compressed_ring_ar
1778534983.326598,1,28,1.904953,186.41,226.963,685.255,2,4,compressed_ring_ar
1778534984.0887928,1,29,2.043869,178.9,186.463,711.089,2,4,compressed_ring_ar
1778534984.8210485,1,30,1.91003,185.38,223.015,689.065,2,4,compressed_ring_ar
1778534985.5150821,1,31,1.903129,197.89,142.002,644.358,2,4,compressed_ring_ar
1778534986.203889,1,32,1.895984,198.14,260.782,644.382,2,4,compressed_ring_ar
1778534986.9821692,1,33,1.9332,174.5,263.173,728.575,2,4,compressed_ring_ar
1778534987.712395,1,34,1.898754,187.03,278.73,680.022,2,4,compressed_ring_ar
1778534988.3918855,1,35,1.872709,201.21,174.023,633.652,2,4,compressed_ring_ar
1778534989.0603087,1,36,1.870689,203.85,200.817,626.768,2,4,compressed_ring_ar
1778534989.754675,1,37,1.714119,197.39,170.496,647.09,2,4,compressed_ring_ar
1778534990.5098538,1,38,1.89986,179.0,242.561,713.704,2,4,compressed_ring_ar
1778534991.1824088,1,39,1.804835,210.14,145.592,606.401,2,4,compressed_ring_ar
1778534991.9013875,1,40,1.838015,191.1,255.029,668.53,2,4,compressed_ring_ar
1778534992.6468232,1,41,1.710227,182.24,240.722,700.958,2,4,compressed_ring_ar
1778534993.2981062,1,42,1.866808,216.81,137.063,587.761,2,4,compressed_ring_ar
1778534993.9921072,1,43,1.806412,195.59,253.145,652.412,2,4,compressed_ring_ar
1778534994.6758578,1,44,1.7896,198.56,235.669,643.22,2,4,compressed_ring_ar
1778534995.488196,1,45,1.758912,166.99,406.902,759.818,2,4,compressed_ring_ar
1778534996.1687205,1,46,1.790286,198.12,256.358,645.088,2,4,compressed_ring_ar
1778534996.8966444,1,47,1.646089,187.92,275.077,678.527,2,4,compressed_ring_ar
1778534997.5779786,1,48,1.848774,199.37,176.919,636.923,2,4,compressed_ring_ar
1778534998.2953825,1,49,1.877174,188.2,210.941,678.716,2,4,compressed_ring_ar
1778534999.0109334,1,50,1.718538,192.23,164.632,660.721,2,4,compressed_ring_ar
1778534999.7322412,1,51,1.785638,191.75,137.119,665.445,2,4,compressed_ring_ar
1778535000.4187152,1,52,1.737274,196.56,261.535,648.359,2,4,compressed_ring_ar
1778535001.1832604,1,53,1.755683,175.84,365.588,726.548,2,4,compressed_ring_ar
1778535001.8351653,1,54,1.676585,214.08,129.027,595.687,2,4,compressed_ring_ar
1778535002.5154338,1,55,1.506684,200.14,266.896,638.154,2,4,compressed_ring_ar
1778535003.2397196,1,56,1.631196,190.4,238.769,670.441,2,4,compressed_ring_ar
1778535003.973536,1,57,1.681769,186.09,344.103,685.576,2,4,compressed_ring_ar
1778535004.6389747,1,58,1.704451,208.76,155.988,609.393,2,4,compressed_ring_ar
1778535005.4112992,1,59,1.728523,176.37,387.905,722.879,2,4,compressed_ring_ar
1778535006.147709,1,60,1.679339,184.48,401.219,692.454,2,4,compressed_ring_ar
1778535006.887162,1,61,1.553083,183.56,207.438,695.907,2,4,compressed_ring_ar
1778535007.6057465,1,62,1.584061,194.02,180.395,658.369,2,4,compressed_ring_ar
1778535008.3065934,1,63,1.629846,193.69,220.35,659.799,2,4,compressed_ring_ar
1778535009.0228364,1,64,1.578378,192.29,166.43,664.066,2,4,compressed_ring_ar
1778535009.7377965,1,65,1.805338,192.21,225.344,664.648,2,4,compressed_ring_ar
1778535010.4734793,1,66,1.693929,185.96,149.747,686.473,2,4,compressed_ring_ar
1778535011.3830078,1,67,1.535323,147.85,201.16,862.467,2,4,compressed_ring_ar
1778535012.1103609,1,68,1.664702,194.97,142.834,653.543,2,4,compressed_ring_ar
1778535012.8951879,1,69,1.668616,171.84,449.367,741.549,2,4,compressed_ring_ar
1778535013.702171,1,70,1.580605,171.42,166.18,745.725,2,4,compressed_ring_ar
1778535014.4291112,1,71,1.57892,185.49,296.457,688.679,2,4,compressed_ring_ar
1778535015.1582892,1,72,1.645939,185.74,168.052,685.243,2,4,compressed_ring_ar
1778535015.9136658,1,73,1.522677,179.15,251.291,713.168,2,4,compressed_ring_ar
1778535016.5790439,1,74,1.540658,206.5,134.976,618.405,2,4,compressed_ring_ar
1778535017.4552681,1,75,1.655985,153.19,448.501,832.817,2,4,compressed_ring_ar
1778535018.1703112,1,76,1.66956,191.03,249.393,668.727,2,4,compressed_ring_ar
1778535018.8490045,1,77,1.592949,203.43,175.354,625.9,2,4,compressed_ring_ar
1778535019.623457,1,78,1.553797,175.11,365.658,729.847,2,4,compressed_ring_ar
1778535020.3189056,1,79,1.508252,194.42,204.096,656.962,2,4,compressed_ring_ar
1778535021.0592005,1,80,1.389492,184.98,145.789,689.655,2,4,compressed_ring_ar
1778535021.7521648,1,81,1.562449,197.3,225.976,646.052,2,4,compressed_ring_ar
1778535022.434105,1,82,1.547255,200.83,326.283,633.526,2,4,compressed_ring_ar
1778535023.2864494,1,83,1.515794,156.82,493.371,813.456,2,4,compressed_ring_ar
1778535023.9633296,1,84,1.668895,202.57,258.527,630.184,2,4,compressed_ring_ar
1778535024.648921,1,85,1.670159,199.79,271.617,637.947,2,4,compressed_ring_ar
1778535025.4005558,1,86,1.583722,180.97,369.829,704.918,2,4,compressed_ring_ar
1778535026.1593683,1,87,1.394189,177.53,334.438,718.944,2,4,compressed_ring_ar
1778535026.86364,1,88,1.459398,193.79,211.94,658.07,2,4,compressed_ring_ar
1778535027.5875187,1,89,1.583264,186.56,193.467,683.634,2,4,compressed_ring_ar
1778535028.4705617,1,90,1.617238,153.0,457.637,835.217,2,4,compressed_ring_ar
1778535029.1256735,1,91,1.626695,212.58,146.941,600.815,2,4,compressed_ring_ar
1778535029.837322,1,92,1.463744,192.24,147.228,663.044,2,4,compressed_ring_ar
1778535030.565409,1,93,1.561605,189.67,329.19,673.476,2,4,compressed_ring_ar
1778535031.2766042,1,94,1.495081,196.58,145.508,649.9,2,4,compressed_ring_ar
1778535031.9564605,1,95,1.412204,199.81,210.89,637.865,2,4,compressed_ring_ar
1778535032.7528276,1,96,1.534289,171.04,367.56,746.954,2,4,compressed_ring_ar
1778535033.399037,1,97,1.62523,138.21,210.712,604.578,2,4,compressed_ring_ar
1778535044.4707465,2,0,1.514851,179.79,218.545,705.902,2,4,compressed_ring_ar
1778535045.3195267,2,1,1.424752,167.0,175.912,764.304,2,4,compressed_ring_ar
1778535046.0282366,2,2,1.562408,193.5,233.271,660.034,2,4,compressed_ring_ar
1778535046.7307763,2,3,1.532713,191.55,217.638,665.521,2,4,compressed_ring_ar
1778535047.424578,2,4,1.462686,198.25,223.046,642.431,2,4,compressed_ring_ar
1778535048.256733,2,5,1.48754,161.71,178.496,789.454,2,4,compressed_ring_ar
1778535048.9690497,2,6,1.547294,190.52,147.64,669.465,2,4,compressed_ring_ar
1778535049.721022,2,7,1.420579,183.99,191.98,694.435,2,4,compressed_ring_ar
1778535050.3668578,2,8,1.466475,216.48,161.373,588.527,2,4,compressed_ring_ar
1778535051.0999157,2,9,1.645958,185.74,335.691,686.052,2,4,compressed_ring_ar
1778535051.886477,2,10,1.508035,174.57,226.865,731.004,2,4,compressed_ring_ar
1778535052.545142,2,11,1.37939,208.48,174.042,610.668,2,4,compressed_ring_ar
1778535053.4173245,2,12,1.348469,156.69,522.02,815.793,2,4,compressed_ring_ar
1778535054.1593432,2,13,1.518852,182.23,238.566,699.788,2,4,compressed_ring_ar
1778535054.8445153,2,14,1.415244,199.03,206.595,640.107,2,4,compressed_ring_ar
1778535055.570347,2,15,1.449608,187.22,280.318,682.279,2,4,compressed_ring_ar
1778535056.3091838,2,16,1.607749,187.15,151.489,679.549,2,4,compressed_ring_ar
1778535056.9953728,2,17,1.538151,199.22,158.113,637.941,2,4,compressed_ring_ar
1778535057.6972086,2,18,1.487821,194.3,208.292,657.45,2,4,compressed_ring_ar
1778535058.4458847,2,19,1.420549,183.77,152.58,695.119,2,4,compressed_ring_ar
1778535059.1603448,2,20,1.378923,189.55,205.149,673.703,2,4,compressed_ring_ar
1778535059.8833148,2,21,1.449472,191.24,153.474,667.931,2,4,compressed_ring_ar
1778535060.7183514,2,22,1.297595,161.42,325.879,788.454,2,4,compressed_ring_ar
1778535061.4152708,2,23,1.408738,198.13,144.565,644.633,2,4,compressed_ring_ar
1778535062.1505747,2,24,1.412758,186.38,153.221,685.663,2,4,compressed_ring_ar
1778535062.8958342,2,25,1.361955,181.38,229.749,704.486,2,4,compressed_ring_ar
1778535063.6025262,2,26,1.406834,195.02,139.938,655.282,2,4,compressed_ring_ar
1778535064.295426,2,27,1.431544,200.67,146.094,635.123,2,4,compressed_ring_ar
1778535065.051776,2,28,1.359404,178.21,273.349,712.545,2,4,compressed_ring_ar
1778535065.8228803,2,29,1.264488,177.36,179.794,720.311,2,4,compressed_ring_ar
1778535066.530447,2,30,1.448468,193.59,155.458,659.921,2,4,compressed_ring_ar
1778535067.2377694,2,31,1.546618,193.86,148.108,658.907,2,4,compressed_ring_ar
1778535067.924368,2,32,1.380932,198.44,160.911,643.423,2,4,compressed_ring_ar
1778535068.6363766,2,33,1.390619,192.32,178.417,663.338,2,4,compressed_ring_ar
1778535069.3265858,2,34,1.356473,201.79,142.476,633.16,2,4,compressed_ring_ar
1778535069.9989903,2,35,1.354201,206.59,140.064,618.224,2,4,compressed_ring_ar
1778535070.7569468,2,36,1.653446,179.32,227.241,709.91,2,4,compressed_ring_ar
1778535071.4527926,2,37,1.287083,202.73,140.628,626.959,2,4,compressed_ring_ar
1778535072.211342,2,38,1.351717,180.26,149.462,705.038,2,4,compressed_ring_ar
1778535073.049702,2,39,1.340232,163.14,171.501,780.229,2,4,compressed_ring_ar
1778535073.7161195,2,40,1.326015,205.73,145.146,620.864,2,4,compressed_ring_ar
1778535074.4866784,2,41,1.379748,177.72,221.214,718.911,2,4,compressed_ring_ar
1778535075.1875072,2,42,1.45152,196.55,142.424,649.875,2,4,compressed_ring_ar
1778535075.9022207,2,43,1.427845,196.99,160.104,647.702,2,4,compressed_ring_ar
1778535076.6313999,2,44,1.412625,184.97,203.971,688.272,2,4,compressed_ring_ar
1778535077.328478,2,45,1.286437,196.37,131.395,650.471,2,4,compressed_ring_ar
1778535078.1251972,2,46,1.423426,168.52,319.839,758.151,2,4,compressed_ring_ar
1778535078.8487153,2,47,1.414342,192.08,156.226,665.312,2,4,compressed_ring_ar
1778535079.573669,2,48,1.515701,191.04,180.321,665.569,2,4,compressed_ring_ar
1778535080.2557828,2,49,1.36734,202.15,135.027,632.178,2,4,compressed_ring_ar
1778535080.994841,2,50,1.360261,187.29,183.408,681.985,2,4,compressed_ring_ar
1778535081.8584156,2,51,1.320756,156.92,159.312,815.227,2,4,compressed_ring_ar
1778535082.5314155,2,52,1.543664,206.72,139.266,617.806,2,4,compressed_ring_ar
1778535083.2110648,2,53,1.402698,202.55,177.509,629.807,2,4,compressed_ring_ar
1778535083.9446988,2,54,1.477065,189.87,149.89,672.816,2,4,compressed_ring_ar
1778535084.6851223,2,55,1.145895,185.41,136.049,688.3,2,4,compressed_ring_ar
1778535085.394535,2,56,1.476598,191.5,211.118,667.052,2,4,compressed_ring_ar
1778535086.1987343,2,57,1.251556,170.56,209.305,749.049,2,4,compressed_ring_ar
1778535086.976472,2,58,1.357912,178.32,179.107,716.614,2,4,compressed_ring_ar
1778535087.6652715,2,59,1.305735,200.71,140.565,635.566,2,4,compressed_ring_ar
1778535088.4067113,2,60,1.327272,183.99,236.864,694.45,2,4,compressed_ring_ar
1778535089.1261678,2,61,1.338328,190.31,146.943,668.053,2,4,compressed_ring_ar
1778535089.9813762,2,62,1.399323,159.48,203.099,798.216,2,4,compressed_ring_ar
1778535090.7110553,2,63,1.192006,189.12,137.952,674.103,2,4,compressed_ring_ar
1778535091.4755561,2,64,1.251771,185.0,145.087,690.525,2,4,compressed_ring_ar
1778535092.2337742,2,65,1.208802,180.0,158.38,709.868,2,4,compressed_ring_ar
1778535093.0407834,2,66,1.357574,170.62,174.031,748.922,2,4,compressed_ring_ar
1778535093.7344904,2,67,1.26784,196.7,172.796,646.251,2,4,compressed_ring_ar
1778535094.4338202,2,68,1.408336,195.58,171.466,652.818,2,4,compressed_ring_ar
1778535095.1355584,2,69,1.210066,194.96,171.452,655.209,2,4,compressed_ring_ar
1778535095.8162684,2,70,1.393129,201.83,162.321,633.083,2,4,compressed_ring_ar
1778535096.5236251,2,71,1.308586,195.17,139.21,654.43,2,4,compressed_ring_ar
1778535097.3784697,2,72,1.34011,160.85,177.044,793.698,2,4,compressed_ring_ar
1778535098.1429234,2,73,1.343509,177.68,272.804,715.706,2,4,compressed_ring_ar
1778535098.8127747,2,74,1.372657,205.44,141.573,621.546,2,4,compressed_ring_ar
1778535099.5284767,2,75,1.210645,193.1,167.847,661.476,2,4,compressed_ring_ar
1778535100.3211284,2,76,1.259587,170.45,239.569,749.557,2,4,compressed_ring_ar
1778535101.0603275,2,77,1.292486,184.0,175.987,694.247,2,4,compressed_ring_ar
1778535101.741161,2,78,1.265346,200.65,175.332,633.365,2,4,compressed_ring_ar
1778535102.4705217,2,79,1.365338,189.36,136.38,674.537,2,4,compressed_ring_ar
1778535103.2455134,2,80,1.183636,177.07,198.236,720.696,2,4,compressed_ring_ar
1778535103.9609523,2,81,1.274991,190.94,160.977,665.662,2,4,compressed_ring_ar
1778535104.637171,2,82,1.257517,201.95,132.966,630.829,2,4,compressed_ring_ar
1778535105.346012,2,83,1.191291,193.83,153.567,658.474,2,4,compressed_ring_ar
1778535106.0988355,2,84,1.2243,179.46,244.81,711.899,2,4,compressed_ring_ar
1778535106.842805,2,85,1.479783,185.36,166.48,689.184,2,4,compressed_ring_ar
1778535107.5466218,2,86,1.248117,200.54,138.796,636.111,2,4,compressed_ring_ar
1778535108.366595,2,87,1.240127,164.47,281.926,776.866,2,4,compressed_ring_ar
1778535109.0770166,2,88,1.273409,193.51,152.163,660.048,2,4,compressed_ring_ar
1778535109.8044176,2,89,1.126235,186.92,167.066,679.526,2,4,compressed_ring_ar
1778535110.4673991,2,90,1.411601,207.98,146.719,614.079,2,4,compressed_ring_ar
1778535111.2203028,2,91,1.259963,183.2,197.857,696.041,2,4,compressed_ring_ar
1778535111.966262,2,92,1.185868,186.47,149.761,685.078,2,4,compressed_ring_ar
1778535112.7156167,2,93,1.164937,181.54,169.567,702.937,2,4,compressed_ring_ar
1778535113.462008,2,94,1.279284,187.5,190.167,679.462,2,4,compressed_ring_ar
1778535114.3181348,2,95,1.251519,158.86,151.921,804.579,2,4,compressed_ring_ar
1778535115.0209153,2,96,1.365819,200.07,153.363,637.206,2,4,compressed_ring_ar
1778535115.674902,2,97,1.157118,141.37,184.417,585.338,2,4,compressed_ring_ar
1778535126.7658741,3,0,1.203128,153.58,178.533,831.169,2,4,compressed_ring_ar
1778535127.5602217,3,1,1.244924,169.34,252.953,754.447,2,4,compressed_ring_ar
1778535128.2668765,3,2,1.253167,193.2,166.291,661.143,2,4,compressed_ring_ar
1778535129.0981157,3,3,1.291386,163.24,147.528,782.957,2,4,compressed_ring_ar
1778535129.7447548,3,4,1.169239,213.91,131.415,596.095,2,4,compressed_ring_ar
1778535130.520729,3,5,1.177193,176.75,331.494,722.83,2,4,compressed_ring_ar
1778535131.238267,3,6,1.199557,192.25,146.154,664.976,2,4,compressed_ring_ar
1778535131.94896,3,7,1.178804,191.52,166.852,665.674,2,4,compressed_ring_ar
1778535132.642283,3,8,1.267132,195.44,222.033,653.647,2,4,compressed_ring_ar
1778535133.3902447,3,9,1.132723,185.54,177.271,688.39,2,4,compressed_ring_ar
1778535134.1346893,3,10,1.37755,182.82,155.594,697.849,2,4,compressed_ring_ar
1778535134.862844,3,11,1.273075,187.6,155.129,680.653,2,4,compressed_ring_ar
1778535135.6799886,3,12,1.281814,164.25,381.797,776.688,2,4,compressed_ring_ar
1778535136.3738244,3,13,1.17486,196.69,192.051,649.014,2,4,compressed_ring_ar
1778535137.155457,3,14,1.162539,173.72,225.59,735.489,2,4,compressed_ring_ar
1778535138.031978,3,15,1.306596,154.18,166.676,825.869,2,4,compressed_ring_ar
1778535138.7345126,3,16,1.259489,197.32,128.323,646.587,2,4,compressed_ring_ar
1778535139.5226421,3,17,1.299222,170.82,309.921,743.97,2,4,compressed_ring_ar
1778535140.2577562,3,18,1.404897,183.9,146.655,691.671,2,4,compressed_ring_ar
1778535141.0544531,3,19,1.179946,168.85,232.551,756.714,2,4,compressed_ring_ar
1778535141.7897587,3,20,1.289619,185.95,186.556,685.208,2,4,compressed_ring_ar
1778535142.5415328,3,21,1.3754,181.12,382.283,704.279,2,4,compressed_ring_ar
1778535143.2353067,3,22,1.051664,198.79,179.336,641.087,2,4,compressed_ring_ar
1778535143.9956586,3,23,1.130494,177.31,338.827,720.097,2,4,compressed_ring_ar
1778535144.7175786,3,24,1.231529,188.2,211.398,677.398,2,4,compressed_ring_ar
1778535145.4706373,3,25,1.226807,180.01,435.409,710.492,2,4,compressed_ring_ar
1778535146.2140923,3,26,1.414091,182.23,184.08,701.304,2,4,compressed_ring_ar
1778535146.9256184,3,27,1.076369,193.87,170.074,658.883,2,4,compressed_ring_ar
1778535147.6870644,3,28,1.19079,178.45,234.762,715.944,2,4,compressed_ring_ar
1778535148.4557824,3,29,1.176366,178.28,158.16,712.987,2,4,compressed_ring_ar
1778535149.1897864,3,30,1.161207,188.25,167.365,678.53,2,4,compressed_ring_ar
1778535149.9194534,3,31,1.220597,188.26,146.493,678.572,2,4,compressed_ring_ar
1778535150.6260276,3,32,1.262091,192.36,204.435,662.451,2,4,compressed_ring_ar
1778535151.3800783,3,33,1.207609,182.3,335.819,700.708,2,4,compressed_ring_ar
1778535152.2350047,3,34,1.235408,156.93,354.159,814.333,2,4,compressed_ring_ar
1778535152.94273,3,35,1.285797,193.53,149.621,658.588,2,4,compressed_ring_ar
1778535153.6801093,3,36,1.166265,184.17,196.9,692.261,2,4,compressed_ring_ar
1778535154.4118922,3,37,1.250147,185.77,293.618,686.629,2,4,compressed_ring_ar
1778535155.1606128,3,38,1.130314,181.11,207.385,705.567,2,4,compressed_ring_ar
1778535155.8922956,3,39,1.017058,189.07,206.584,673.992,2,4,compressed_ring_ar
1778535156.6467679,3,40,1.121933,178.28,279.091,716.555,2,4,compressed_ring_ar
1778535157.4415166,3,41,1.120753,171.19,171.645,745.549,2,4,compressed_ring_ar
1778535158.148221,3,42,1.331609,195.58,138.18,653.205,2,4,compressed_ring_ar
1778535158.9087415,3,43,1.230264,178.75,209.688,714.704,2,4,compressed_ring_ar
1778535159.6083863,3,44,1.26673,196.08,156.308,651.378,2,4,compressed_ring_ar
1778535160.3747725,3,45,1.158486,175.75,236.312,726.891,2,4,compressed_ring_ar
1778535161.2329452,3,46,1.053007,157.01,154.028,813.78,2,4,compressed_ring_ar
1778535161.9320498,3,47,1.219229,196.06,183.346,651.515,2,4,compressed_ring_ar
1778535162.6358576,3,48,1.187174,200.04,166.326,638.464,2,4,compressed_ring_ar
1778535163.3288872,3,49,1.133281,201.79,135.931,631.901,2,4,compressed_ring_ar
1778535164.1449368,3,50,1.292298,166.93,325.961,765.456,2,4,compressed_ring_ar
1778535164.8784156,3,51,1.24211,185.2,159.925,689.766,2,4,compressed_ring_ar
1778535165.619957,3,52,1.232556,183.54,206.43,696.037,2,4,compressed_ring_ar
1778535166.3435116,3,53,1.095793,188.77,165.408,676.739,2,4,compressed_ring_ar
1778535167.0245378,3,54,1.135768,200.52,161.048,635.059,2,4,compressed_ring_ar
1778535167.7508912,3,55,1.336813,190.16,225.095,671.759,2,4,compressed_ring_ar
1778535168.5413544,3,56,1.193923,170.79,254.691,747.238,2,4,compressed_ring_ar
1778535169.2306118,3,57,1.200858,202.87,137.339,628.62,2,4,compressed_ring_ar
1778535169.9900355,3,58,1.12986,180.15,417.886,706.939,2,4,compressed_ring_ar
1778535170.7301211,3,59,1.080254,183.96,350.163,693.233,2,4,compressed_ring_ar
1778535171.4844384,3,60,1.152496,183.56,221.18,695.397,2,4,compressed_ring_ar
1778535172.2433765,3,61,1.343815,178.33,261.708,716.396,2,4,compressed_ring_ar
1778535173.2105591,3,62,1.279355,140.52,176.87,909.612,2,4,compressed_ring_ar
1778535173.9041045,3,63,1.208378,197.31,172.981,647.359,2,4,compressed_ring_ar
1778535174.6598794,3,64,1.081104,180.76,133.048,706.605,2,4,compressed_ring_ar
1778535175.3888865,3,65,1.187271,188.18,166.232,678.612,2,4,compressed_ring_ar
1778535176.136166,3,66,1.212963,181.31,233.678,704.824,2,4,compressed_ring_ar
1778535176.858507,3,67,1.236722,189.65,148.164,673.48,2,4,compressed_ring_ar
1778535177.6084723,3,68,1.25211,180.84,184.534,706.425,2,4,compressed_ring_ar
1778535178.3761172,3,69,1.15418,176.95,206.86,722.293,2,4,compressed_ring_ar
1778535179.1630573,3,70,1.104505,174.63,234.182,731.543,2,4,compressed_ring_ar
1778535179.9634266,3,71,1.059699,167.95,309.601,759.112,2,4,compressed_ring_ar
1778535180.6940966,3,72,1.240876,185.49,295.04,688.786,2,4,compressed_ring_ar
1778535181.3910751,3,73,1.3305,196.86,139.742,648.337,2,4,compressed_ring_ar
1778535182.12034,3,74,1.08219,186.41,204.915,684.564,2,4,compressed_ring_ar
1778535182.8442295,3,75,1.254463,189.52,194.885,673.931,2,4,compressed_ring_ar
1778535183.6687918,3,76,1.287473,163.09,334.54,783.668,2,4,compressed_ring_ar
1778535184.4070866,3,77,1.128378,186.86,185.362,683.708,2,4,compressed_ring_ar
1778535185.1698155,3,78,1.351172,181.19,152.343,705.022,2,4,compressed_ring_ar
1778535185.891326,3,79,1.021188,189.47,130.693,672.615,2,4,compressed_ring_ar
1778535186.6245453,3,80,1.262766,184.91,145.435,689.508,2,4,compressed_ring_ar
1778535187.433175,3,81,1.276173,166.07,333.709,769.472,2,4,compressed_ring_ar
1778535188.1622424,3,82,1.159191,190.88,144.117,668.31,2,4,compressed_ring_ar
1778535188.9094589,3,83,1.21444,181.35,158.567,704.445,2,4,compressed_ring_ar
1778535189.6374643,3,84,1.192233,190.88,169.891,669.161,2,4,compressed_ring_ar
1778535190.3444834,3,85,1.083432,194.81,168.169,654.562,2,4,compressed_ring_ar
1778535191.0802226,3,86,1.180027,184.24,350.472,690.223,2,4,compressed_ring_ar
1778535191.8251703,3,87,1.114026,181.36,219.17,704.345,2,4,compressed_ring_ar
1778535192.546163,3,88,1.25308,190.95,150.529,668.947,2,4,compressed_ring_ar
1778535193.320767,3,89,1.208635,175.57,166.896,727.722,2,4,compressed_ring_ar
1778535194.0924473,3,90,1.181598,175.64,143.514,727.391,2,4,compressed_ring_ar
1778535194.7953556,3,91,1.077342,195.38,168.852,651.855,2,4,compressed_ring_ar
1778535195.5506642,3,92,1.000738,179.9,343.102,710.089,2,4,compressed_ring_ar
1778535196.273784,3,93,0.951055,190.92,173.935,668.014,2,4,compressed_ring_ar
1778535197.028064,3,94,1.201432,185.3,157.916,689.361,2,4,compressed_ring_ar
1778535197.7877076,3,95,1.058662,180.85,158.06,703.421,2,4,compressed_ring_ar
1778535198.5003364,3,96,1.037604,193.96,164.877,657.783,2,4,compressed_ring_ar
1778535199.1944273,3,97,1.208024,126.8,455.722,659.514,2,4,compressed_ring_ar
1778535210.285764,4,0,1.206939,153.04,255.519,835.111,2,4,compressed_ring_ar
1778535211.0109913,4,1,1.081982,193.19,163.264,661.421,2,4,compressed_ring_ar
1778535211.700633,4,2,1.062896,199.75,136.9,637.732,2,4,compressed_ring_ar
1778535212.4136548,4,3,1.070377,189.98,212.179,672.434,2,4,compressed_ring_ar
1778535213.1909547,4,4,1.009034,174.36,180.925,731.985,2,4,compressed_ring_ar
1778535213.938324,4,5,1.000721,183.3,148.564,696.688,2,4,compressed_ring_ar
1778535214.6778574,4,6,1.18517,182.72,187.126,699.102,2,4,compressed_ring_ar
1778535215.4153738,4,7,1.129584,186.61,138.593,684.628,2,4,compressed_ring_ar
1778535216.1233902,4,8,1.142276,195.47,168.566,653.485,2,4,compressed_ring_ar
1778535216.8555899,4,9,1.220436,186.74,210.615,684.151,2,4,compressed_ring_ar
1778535217.5962863,4,10,1.055821,186.83,155.342,683.859,2,4,compressed_ring_ar
1778535218.2932413,4,11,1.085284,206.87,133.769,615.344,2,4,compressed_ring_ar
1778535219.0270894,4,12,1.00263,184.55,358.817,692.257,2,4,compressed_ring_ar
1778535219.7553954,4,13,1.054288,186.33,208.714,685.66,2,4,compressed_ring_ar
1778535220.4795609,4,14,0.924535,187.75,167.59,680.288,2,4,compressed_ring_ar
1778535221.2085092,4,15,1.075379,186.59,182.664,683.971,2,4,compressed_ring_ar
1778535221.949546,4,16,1.036569,184.15,250.208,693.663,2,4,compressed_ring_ar
1778535222.7134264,4,17,1.087944,178.77,190.714,714.741,2,4,compressed_ring_ar
1778535223.4226162,4,18,1.023525,200.86,137.977,635.973,2,4,compressed_ring_ar
1778535224.1333003,4,19,1.036998,193.51,157.217,660.154,2,4,compressed_ring_ar
1778535224.8612936,4,20,1.111289,187.16,145.285,680.997,2,4,compressed_ring_ar
1778535225.587151,4,21,1.019602,193.48,134.892,658.871,2,4,compressed_ring_ar
1778535226.3183024,4,22,1.021669,184.99,223.778,687.656,2,4,compressed_ring_ar
1778535227.0471284,4,23,0.926855,187.65,142.832,680.772,2,4,compressed_ring_ar
1778535227.7335236,4,24,0.997081,197.01,218.112,647.585,2,4,compressed_ring_ar
1778535228.4953606,4,25,1.230275,179.31,361.087,712.474,2,4,compressed_ring_ar
1778535229.2990263,4,26,1.101902,167.72,203.327,758.716,2,4,compressed_ring_ar
1778535230.053926,4,27,0.899305,179.49,233.722,711.81,2,4,compressed_ring_ar
1778535230.827113,4,28,0.881209,179.34,147.252,710.366,2,4,compressed_ring_ar
1778535231.6180727,4,29,0.91953,170.32,268.42,749.468,2,4,compressed_ring_ar
1778535232.3648472,4,30,1.120497,182.46,293.302,700.349,2,4,compressed_ring_ar
1778535233.1589932,4,31,1.068496,171.61,141.372,743.631,2,4,compressed_ring_ar
1778535233.848877,4,32,1.054167,197.37,167.54,644.071,2,4,compressed_ring_ar
1778535234.5972118,4,33,1.177084,180.87,204.828,706.314,2,4,compressed_ring_ar
1778535235.3187115,4,34,1.074554,192.42,142.329,663.95,2,4,compressed_ring_ar
1778535236.0170243,4,35,1.018768,197.09,135.713,648.037,2,4,compressed_ring_ar
1778535236.7169285,4,36,0.928791,195.96,163.983,650.071,2,4,compressed_ring_ar
1778535237.480719,4,37,1.104982,178.56,188.59,715.225,2,4,compressed_ring_ar
1778535238.3362195,4,38,0.938209,159.37,165.983,801.781,2,4,compressed_ring_ar
1778535239.039936,4,39,0.822958,193.01,145.043,658.957,2,4,compressed_ring_ar
1778535239.7718942,4,40,1.090916,189.65,138.875,673.363,2,4,compressed_ring_ar
1778535240.45683,4,41,1.016237,201.22,172.442,634.369,2,4,compressed_ring_ar
1778535241.1550128,4,42,1.074385,198.31,166.503,644.123,2,4,compressed_ring_ar
1778535241.8843162,4,43,1.040681,189.66,176.432,673.5,2,4,compressed_ring_ar
1778535242.7385817,4,44,0.939574,157.99,181.86,809.079,2,4,compressed_ring_ar
1778535243.4703798,4,45,1.13481,194.75,153.345,652.813,2,4,compressed_ring_ar
1778535244.1642706,4,46,1.044013,199.26,144.444,639.622,2,4,compressed_ring_ar
1778535244.8937838,4,47,1.068846,186.65,189.933,683.632,2,4,compressed_ring_ar
1778535245.6701593,4,48,1.197697,177.25,266.787,720.842,2,4,compressed_ring_ar
1778535246.355408,4,49,1.048668,205.68,141.299,619.81,2,4,compressed_ring_ar
1778535247.128223,4,50,1.055795,174.29,291.346,727.13,2,4,compressed_ring_ar
1778535247.769305,4,51,1.054461,218.04,125.154,584.041,2,4,compressed_ring_ar
1778535248.490796,4,52,0.918292,190.5,210.414,670.693,2,4,compressed_ring_ar
1778535249.2216556,4,53,1.042722,187.75,142.878,676.038,2,4,compressed_ring_ar
1778535249.9805233,4,54,1.029643,178.33,190.787,712.668,2,4,compressed_ring_ar
1778535250.7126336,4,55,1.238603,184.74,282.748,690.65,2,4,compressed_ring_ar
1778535251.4322293,4,56,1.144839,193.0,148.671,660.159,2,4,compressed_ring_ar
1778535252.1861916,4,57,1.213083,180.48,168.118,708.029,2,4,compressed_ring_ar
1778535252.9551373,4,58,0.952834,175.58,223.656,724.629,2,4,compressed_ring_ar
1778535253.7355528,4,59,1.027038,175.31,229.934,728.752,2,4,compressed_ring_ar
1778535254.427401,4,60,1.081187,201.35,136.107,634.543,2,4,compressed_ring_ar
1778535255.171622,4,61,0.890106,183.62,169.281,695.723,2,4,compressed_ring_ar
1778535255.8481,4,62,1.026143,209.17,129.952,608.05,2,4,compressed_ring_ar
1778535256.614995,4,63,1.126728,175.96,382.69,722.971,2,4,compressed_ring_ar
1778535257.33853,4,64,0.910428,188.41,149.462,677.946,2,4,compressed_ring_ar
1778535258.0975373,4,65,1.141031,178.68,249.54,714.997,2,4,compressed_ring_ar
1778535258.828239,4,66,0.998975,186.64,173.514,684.449,2,4,compressed_ring_ar
1778535259.5570965,4,67,1.060605,191.37,144.859,667.548,2,4,compressed_ring_ar
1778535260.3823411,4,68,1.042384,165.41,152.193,771.357,2,4,compressed_ring_ar
1778535261.0994532,4,69,0.970102,191.81,158.593,665.918,2,4,compressed_ring_ar
1778535261.852008,4,70,1.013525,184.44,169.758,692.556,2,4,compressed_ring_ar
1778535262.6115658,4,71,1.008183,181.58,172.282,703.586,2,4,compressed_ring_ar
1778535263.382731,4,72,1.121287,175.16,141.572,729.604,2,4,compressed_ring_ar
1778535264.1364975,4,73,0.95598,180.89,190.581,706.469,2,4,compressed_ring_ar
1778535264.872611,4,74,1.04725,187.08,184.899,682.838,2,4,compressed_ring_ar
1778535265.5785604,4,75,1.088299,195.94,161.526,651.802,2,4,compressed_ring_ar
1778535266.3396552,4,76,1.074374,179.98,144.132,709.861,2,4,compressed_ring_ar
1778535267.0699065,4,77,1.069485,190.08,139.694,672.089,2,4,compressed_ring_ar
1778535267.8593473,4,78,1.125437,173.03,181.898,738.489,2,4,compressed_ring_ar
1778535268.5773928,4,79,1.106967,194.52,170.905,656.596,2,4,compressed_ring_ar
1778535269.351036,4,80,1.255007,176.36,206.554,721.366,2,4,compressed_ring_ar
1778535270.0834932,4,81,1.15621,185.43,172.197,689.044,2,4,compressed_ring_ar
1778535270.7917163,4,82,0.957766,197.2,165.302,647.746,2,4,compressed_ring_ar
1778535271.5756488,4,83,1.221917,173.36,233.205,737.176,2,4,compressed_ring_ar
1778535272.2662039,4,84,1.125434,198.45,135.519,643.668,2,4,compressed_ring_ar
1778535273.0106854,4,85,1.117568,182.25,191.939,701.164,2,4,compressed_ring_ar
1778535273.760095,4,86,0.980553,182.96,134.72,698.364,2,4,compressed_ring_ar
1778535274.5335083,4,87,1.099116,175.56,181.333,727.523,2,4,compressed_ring_ar
1778535275.2426374,4,88,1.102856,195.51,155.716,653.355,2,4,compressed_ring_ar
1778535276.033352,4,89,0.95741,174.16,146.118,729.053,2,4,compressed_ring_ar
1778535276.789757,4,90,0.913905,181.44,131.143,701.237,2,4,compressed_ring_ar
1778535277.5173578,4,91,1.035481,189.06,153.417,675.694,2,4,compressed_ring_ar
1778535278.244993,4,92,1.068399,191.25,161.698,667.715,2,4,compressed_ring_ar
1778535279.0085948,4,93,0.854502,179.65,178.702,711.18,2,4,compressed_ring_ar
1778535279.7629726,4,94,0.993543,180.0,223.47,708.001,2,4,compressed_ring_ar
1778535280.492608,4,95,0.933536,188.19,142.619,677.61,2,4,compressed_ring_ar
1778535281.2648914,4,96,1.104416,174.72,284.329,726.573,2,4,compressed_ring_ar
1778535281.819032,4,97,0.936644,162.51,142.918,511.506,2,4,compressed_ring_ar
1778535293.0391874,5,0,1.10573,171.79,187.281,743.683,2,4,compressed_ring_ar
1778535293.7699087,5,1,1.102307,188.93,186.459,676.113,2,4,compressed_ring_ar
1778535294.488661,5,2,1.016925,189.81,134.836,672.254,2,4,compressed_ring_ar
1778535295.3106751,5,3,1.195812,164.11,459.08,778.945,2,4,compressed_ring_ar
1778535296.0276766,5,4,1.136531,194.62,156.539,656.414,2,4,compressed_ring_ar
1778535296.750378,5,5,1.063298,192.96,145.878,660.337,2,4,compressed_ring_ar
1778535297.4910772,5,6,0.973378,183.65,155.063,693.908,2,4,compressed_ring_ar
1778535298.2367373,5,7,0.912086,182.12,238.495,701.457,2,4,compressed_ring_ar
1778535298.959221,5,8,0.94379,190.17,243.008,672.07,2,4,compressed_ring_ar
1778535299.6312604,5,9,1.074081,205.17,142.076,621.431,2,4,compressed_ring_ar
1778535300.413909,5,10,0.835342,173.66,209.806,732.716,2,4,compressed_ring_ar
1778535301.2415648,5,11,0.927183,163.35,156.03,780.556,2,4,compressed_ring_ar
1778535302.0164587,5,12,0.804362,173.69,342.45,735.594,2,4,compressed_ring_ar
1778535302.7351017,5,13,0.975434,190.16,167.692,671.716,2,4,compressed_ring_ar
1778535303.4126697,5,14,0.918268,213.87,141.111,597.259,2,4,compressed_ring_ar
1778535304.26694,5,15,0.983959,158.23,240.154,807.618,2,4,compressed_ring_ar
1778535304.9712934,5,16,0.930876,197.46,176.45,647.145,2,4,compressed_ring_ar
1778535305.676401,5,17,1.012365,195.58,168.5,653.09,2,4,compressed_ring_ar
1778535306.441122,5,18,0.822262,176.86,226.826,720.685,2,4,compressed_ring_ar
1778535307.1386614,5,19,0.806886,196.86,172.598,648.899,2,4,compressed_ring_ar
1778535307.8615906,5,20,1.072169,188.8,217.489,676.55,2,4,compressed_ring_ar
1778535308.5542793,5,21,1.092758,194.81,198.292,652.546,2,4,compressed_ring_ar
1778535309.2911086,5,22,0.895607,185.96,170.175,685.479,2,4,compressed_ring_ar
1778535310.0590262,5,23,0.959216,176.06,249.035,725.692,2,4,compressed_ring_ar
1778535310.796483,5,24,0.81948,185.42,175.147,685.903,2,4,compressed_ring_ar
1778535311.5491455,5,25,0.906975,179.61,217.541,709.587,2,4,compressed_ring_ar
1778535312.3151915,5,26,1.103712,177.76,160.12,718.66,2,4,compressed_ring_ar
1778535313.2245371,5,27,1.021036,148.89,270.951,858.844,2,4,compressed_ring_ar
1778535314.0042887,5,28,0.880267,181.21,184.162,705.115,2,4,compressed_ring_ar
1778535314.713075,5,29,0.83377,195.09,183.424,654.568,2,4,compressed_ring_ar
1778535315.4751203,5,30,0.962049,179.29,224.861,711.454,2,4,compressed_ring_ar
1778535316.2359118,5,31,0.968639,176.6,207.287,723.372,2,4,compressed_ring_ar
1778535316.9684672,5,32,0.943705,187.89,167.027,679.873,2,4,compressed_ring_ar
1778535317.701746,5,33,0.863272,188.81,164.095,676.519,2,4,compressed_ring_ar
1778535318.4563997,5,34,0.930889,181.11,137.209,705.543,2,4,compressed_ring_ar
1778535319.20081,5,35,0.932956,182.81,147.109,698.92,2,4,compressed_ring_ar
1778535319.9210212,5,36,0.890237,192.43,146.025,663.852,2,4,compressed_ring_ar
1778535320.625937,5,37,1.01535,194.47,138.711,656.774,2,4,compressed_ring_ar
1778535321.3375976,5,38,1.108996,192.2,144.754,665.524,2,4,compressed_ring_ar
1778535322.0712698,5,39,1.027446,185.24,174.59,687.143,2,4,compressed_ring_ar
1778535322.843844,5,40,1.036242,175.79,140.228,724.136,2,4,compressed_ring_ar
1778535323.5727806,5,41,1.126136,192.47,159.231,664.026,2,4,compressed_ring_ar
1778535324.300968,5,42,1.042342,190.12,133.58,670.668,2,4,compressed_ring_ar
1778535325.0371091,5,43,1.008521,186.63,278.951,684.539,2,4,compressed_ring_ar
1778535325.808031,5,44,1.000469,177.71,180.855,715.174,2,4,compressed_ring_ar
1778535326.5416033,5,45,1.040767,191.07,140.193,668.644,2,4,compressed_ring_ar
1778535327.2531853,5,46,0.947155,192.64,179.742,662.147,2,4,compressed_ring_ar
1778535328.0855124,5,47,1.167246,161.34,401.675,791.96,2,4,compressed_ring_ar
1778535328.8475275,5,48,0.965006,179.11,221.416,710.923,2,4,compressed_ring_ar
1778535329.5640125,5,49,0.925669,192.11,167.222,664.081,2,4,compressed_ring_ar
1778535330.3230965,5,50,1.11814,183.01,144.496,698.184,2,4,compressed_ring_ar
1778535331.0601995,5,51,0.784602,185.99,148.379,686.119,2,4,compressed_ring_ar
1778535331.7812645,5,52,0.800555,188.15,206.755,678.995,2,4,compressed_ring_ar
1778535332.594349,5,53,0.973252,169.02,166.844,753.024,2,4,compressed_ring_ar
1778535333.2986739,5,54,0.994445,198.19,152.923,642.767,2,4,compressed_ring_ar
1778535334.0329788,5,55,1.027482,186.86,381.625,683.694,2,4,compressed_ring_ar
1778535334.7522154,5,56,0.925858,189.4,171.186,672.772,2,4,compressed_ring_ar
1778535335.457172,5,57,0.854331,200.31,134.731,637.56,2,4,compressed_ring_ar
1778535336.182236,5,58,1.052437,189.11,151.326,674.476,2,4,compressed_ring_ar
1778535336.8806486,5,59,0.971101,197.1,174.259,648.065,2,4,compressed_ring_ar
1778535337.625908,5,60,1.146998,181.15,214.894,705.219,2,4,compressed_ring_ar
1778535338.430903,5,61,0.98793,171.42,151.668,745.329,2,4,compressed_ring_ar
1778535339.2035522,5,62,1.098493,180.5,188.864,707.417,2,4,compressed_ring_ar
1778535339.9641135,5,63,1.01046,180.79,144.496,706.815,2,4,compressed_ring_ar
1778535340.7522557,5,64,0.994586,176.34,149.098,724.408,2,4,compressed_ring_ar
1778535341.4556606,5,65,1.083036,195.67,164.706,652.947,2,4,compressed_ring_ar
1778535342.2274153,5,66,0.955695,180.21,157.536,708.922,2,4,compressed_ring_ar
1778535342.9499714,5,67,0.98968,189.75,173.482,673.215,2,4,compressed_ring_ar
1778535343.6635287,5,68,0.852101,191.65,132.495,666.703,2,4,compressed_ring_ar
1778535344.4152794,5,69,0.886975,180.65,139.551,707.176,2,4,compressed_ring_ar
1778535345.189603,5,70,0.840572,174.66,297.312,730.67,2,4,compressed_ring_ar
1778535345.9064803,5,71,0.900069,187.88,245.657,679.926,2,4,compressed_ring_ar
1778535346.6592805,5,72,0.955144,178.6,214.488,715.526,2,4,compressed_ring_ar
1778535347.3577375,5,73,0.965217,198.46,160.363,642.428,2,4,compressed_ring_ar
1778535348.053944,5,74,0.990574,196.2,194.974,649.816,2,4,compressed_ring_ar
1778535348.7795162,5,75,0.88512,187.6,211.343,680.919,2,4,compressed_ring_ar
1778535349.5273442,5,76,0.980034,183.37,141.502,692.727,2,4,compressed_ring_ar
1778535350.2812116,5,77,0.806957,179.81,279.642,710.469,2,4,compressed_ring_ar
1778535351.0302677,5,78,0.935111,184.77,154.383,689.757,2,4,compressed_ring_ar
1778535351.9241343,5,79,0.929235,152.47,202.279,838.154,2,4,compressed_ring_ar
1778535352.9820478,5,80,0.936299,127.22,405.922,1004.873,2,4,compressed_ring_ar
1778535353.7241974,5,81,0.88926,184.21,267.183,693.668,2,4,compressed_ring_ar
1778535354.501346,5,82,0.895832,179.81,179.459,710.486,2,4,compressed_ring_ar
1778535355.2665586,5,83,0.908715,177.61,181.457,719.606,2,4,compressed_ring_ar
1778535355.986992,5,84,0.941085,192.21,131.674,662.28,2,4,compressed_ring_ar
1778535356.7402158,5,85,0.951679,183.73,172.714,695.383,2,4,compressed_ring_ar
1778535357.4638937,5,86,1.095715,186.59,211.143,683.367,2,4,compressed_ring_ar
1778535358.1942298,5,87,0.764156,186.64,300.997,684.581,2,4,compressed_ring_ar
1778535358.9016294,5,88,0.840783,194.69,153.809,656.054,2,4,compressed_ring_ar
1778535359.6292212,5,89,0.975258,186.72,172.031,683.295,2,4,compressed_ring_ar
1778535360.5118878,5,90,0.917388,154.1,175.981,826.217,2,4,compressed_ring_ar
1778535361.2822437,5,91,0.896161,176.51,165.312,720.049,2,4,compressed_ring_ar
1778535362.1639376,5,92,1.127369,153.33,214.476,833.759,2,4,compressed_ring_ar
1778535362.9499838,5,93,0.847922,175.68,205.359,726.892,2,4,compressed_ring_ar
1778535363.637066,5,94,0.872593,200.99,136.415,635.463,2,4,compressed_ring_ar
1778535364.378414,5,95,0.87467,184.0,144.898,694.303,2,4,compressed_ring_ar
1778535365.104937,5,96,0.988078,188.18,175.46,678.763,2,4,compressed_ring_ar
1778535365.7142622,5,97,1.017162,146.33,139.662,567.969,2,4,compressed_ring_ar
1778535377.175917,6,0,0.774147,175.63,249.194,724.255,2,4,compressed_ring_ar
1778535377.9298851,6,1,0.944341,185.34,213.931,686.811,2,4,compressed_ring_ar
1778535378.7147822,6,2,0.968969,177.91,203.658,718.26,2,4,compressed_ring_ar
1778535379.4088013,6,3,0.832047,203.23,127.805,628.436,2,4,compressed_ring_ar
1778535380.1295617,6,4,0.899858,189.84,152.853,672.973,2,4,compressed_ring_ar
1778535380.8417273,6,5,0.757079,192.03,146.846,665.195,2,4,compressed_ring_ar
1778535381.5839748,6,6,0.907122,181.41,226.756,702.495,2,4,compressed_ring_ar
1778535382.3166325,6,7,0.972734,186.73,206.948,683.383,2,4,compressed_ring_ar
1778535383.0840504,6,8,0.82823,180.43,169.175,706.128,2,4,compressed_ring_ar
1778535383.820258,6,9,0.923266,183.77,233.595,695.179,2,4,compressed_ring_ar
1778535384.5711715,6,10,0.912642,182.13,178.234,701.411,2,4,compressed_ring_ar
1778535385.3090863,6,11,0.940071,189.42,175.258,669.608,2,4,compressed_ring_ar
1778535386.0539045,6,12,0.791556,184.82,146.132,691.256,2,4,compressed_ring_ar
1778535386.8915184,6,13,0.841917,167.76,179.295,761.648,2,4,compressed_ring_ar
1778535387.604469,6,14,0.848608,194.74,140.241,656.144,2,4,compressed_ring_ar
1778535388.3280284,6,15,0.987994,188.44,145.801,675.881,2,4,compressed_ring_ar
1778535389.1024854,6,16,1.004895,174.18,446.989,732.134,2,4,compressed_ring_ar
1778535389.8865852,6,17,0.874661,171.41,274.177,743.7,2,4,compressed_ring_ar
1778535390.594005,6,18,0.83106,194.29,139.317,657.055,2,4,compressed_ring_ar
1778535391.2917533,6,19,0.735124,197.06,199.14,646.503,2,4,compressed_ring_ar
1778535392.1850355,6,20,0.924589,150.48,513.438,849.257,2,4,compressed_ring_ar
1778535392.9581308,6,21,1.023772,177.07,192.712,721.426,2,4,compressed_ring_ar
1778535393.6478882,6,22,0.817751,202.16,150.392,631.955,2,4,compressed_ring_ar
1778535394.394715,6,23,1.073354,184.12,138.413,692.682,2,4,compressed_ring_ar
1778535395.1663477,6,24,0.801221,174.66,241.929,731.633,2,4,compressed_ring_ar
1778535395.868963,6,25,0.880334,194.05,245.285,656.545,2,4,compressed_ring_ar
1778535396.6343522,6,26,0.895246,177.81,276.373,717.21,2,4,compressed_ring_ar
1778535397.366712,6,27,0.682276,183.78,273.795,692.041,2,4,compressed_ring_ar
1778535398.047615,6,28,0.952766,202.79,130.67,628.934,2,4,compressed_ring_ar
1778535398.7794313,6,29,0.893013,185.78,202.136,686.221,2,4,compressed_ring_ar
1778535399.4936552,6,30,1.065015,190.62,235.022,669.567,2,4,compressed_ring_ar
1778535400.2328253,6,31,0.931974,183.28,299.303,695.448,2,4,compressed_ring_ar
1778535401.0670116,6,32,0.844295,161.16,292.809,792.827,2,4,compressed_ring_ar
1778535401.8039408,6,33,0.846965,184.79,142.839,691.233,2,4,compressed_ring_ar
1778535402.5084908,6,34,0.833082,194.13,168.423,658.033,2,4,compressed_ring_ar
1778535403.2701337,6,35,0.914343,180.02,151.361,707.442,2,4,compressed_ring_ar
1778535404.0071678,6,36,0.961206,184.62,236.916,690.812,2,4,compressed_ring_ar
1778535404.7128332,6,37,0.926869,194.92,290.847,655.337,2,4,compressed_ring_ar
1778535405.4218676,6,38,0.92603,193.84,168.727,659.163,2,4,compressed_ring_ar
1778535406.160758,6,39,0.908774,184.55,161.569,692.24,2,4,compressed_ring_ar
1778535406.9088087,6,40,0.987067,181.76,155.371,702.936,2,4,compressed_ring_ar
1778535407.617721,6,41,0.944429,196.23,136.006,650.572,2,4,compressed_ring_ar
1778535408.337197,6,42,0.898523,191.21,187.395,665.903,2,4,compressed_ring_ar
1778535409.1089187,6,43,1.013417,177.25,365.323,719.428,2,4,compressed_ring_ar
1778535409.8598328,6,44,0.878788,180.29,394.701,707.609,2,4,compressed_ring_ar
1778535410.605719,6,45,0.849208,185.39,212.358,689.198,2,4,compressed_ring_ar
1778535411.3397238,6,46,0.878598,185.93,168.84,687.078,2,4,compressed_ring_ar
1778535412.108761,6,47,0.85984,179.3,141.81,712.512,2,4,compressed_ring_ar
1778535412.8646011,6,48,0.642911,178.61,232.67,715.017,2,4,compressed_ring_ar
1778535413.6937408,6,49,0.959732,164.07,468.307,777.79,2,4,compressed_ring_ar
1778535414.406164,6,50,0.736933,190.7,190.498,669.955,2,4,compressed_ring_ar
1778535415.2059433,6,51,0.789815,169.01,241.188,755.343,2,4,compressed_ring_ar
1778535415.932457,6,52,0.824501,188.52,172.983,677.642,2,4,compressed_ring_ar
1778535416.6885018,6,53,0.878735,178.98,193.944,708.524,2,4,compressed_ring_ar
1778535417.5530562,6,54,0.927502,155.36,269.31,822.615,2,4,compressed_ring_ar
1778535418.3328557,6,55,0.670696,174.78,262.013,729.269,2,4,compressed_ring_ar
1778535419.0205889,6,56,0.890869,198.09,167.387,643.178,2,4,compressed_ring_ar
1778535419.8126628,6,57,0.801061,175.03,153.213,729.071,2,4,compressed_ring_ar
1778535420.582564,6,58,0.790261,176.55,205.006,721.121,2,4,compressed_ring_ar
1778535421.3422463,6,59,0.918116,180.46,184.431,707.909,2,4,compressed_ring_ar
1778535422.0335884,6,60,0.903884,199.8,158.191,637.692,2,4,compressed_ring_ar
1778535422.7355616,6,61,0.820962,192.32,191.484,664.143,2,4,compressed_ring_ar
1778535423.4635308,6,62,0.802308,185.82,172.497,687.438,2,4,compressed_ring_ar
1778535424.2019901,6,63,0.922768,185.44,151.041,687.509,2,4,compressed_ring_ar
1778535425.00612,6,64,0.900801,168.33,292.406,753.754,2,4,compressed_ring_ar
1778535425.7749162,6,65,0.669848,176.65,206.269,718.008,2,4,compressed_ring_ar
1778535426.508374,6,66,0.960769,192.94,134.896,659.383,2,4,compressed_ring_ar
1778535427.2633407,6,67,0.897308,180.23,139.522,706.16,2,4,compressed_ring_ar
1778535428.022354,6,68,0.674943,182.5,164.795,698.983,2,4,compressed_ring_ar
1778535428.8250945,6,69,0.83141,172.18,181.662,741.159,2,4,compressed_ring_ar
1778535429.616793,6,70,0.983944,172.08,177.722,742.439,2,4,compressed_ring_ar
1778535430.3264403,6,71,1.016782,193.5,138.561,657.098,2,4,compressed_ring_ar
1778535431.0689776,6,72,0.800733,183.92,134.216,694.617,2,4,compressed_ring_ar
1778535431.8653357,6,73,0.658946,168.79,283.239,755.039,2,4,compressed_ring_ar
1778535432.6202226,6,74,0.788074,179.16,177.79,709.782,2,4,compressed_ring_ar
1778535433.3410985,6,75,0.780921,189.97,145.163,672.611,2,4,compressed_ring_ar
1778535434.06273,6,76,0.69179,192.48,148.156,663.607,2,4,compressed_ring_ar
1778535434.7708664,6,77,0.937766,193.37,146.881,660.568,2,4,compressed_ring_ar
1778535435.6499186,6,78,0.780214,154.15,333.727,829.109,2,4,compressed_ring_ar
1778535436.329418,6,79,0.799734,205.37,145.214,621.91,2,4,compressed_ring_ar
1778535437.2118938,6,80,0.914629,153.39,172.634,833.103,2,4,compressed_ring_ar
1778535437.9514222,6,81,0.821191,183.12,214.311,694.706,2,4,compressed_ring_ar
1778535438.657299,6,82,0.75268,196.26,162.471,649.185,2,4,compressed_ring_ar
1778535439.4188347,6,83,0.697475,181.4,215.889,703.24,2,4,compressed_ring_ar
1778535440.1519341,6,84,0.657521,185.14,292.747,690.175,2,4,compressed_ring_ar
1778535440.9074662,6,85,0.663795,182.59,192.855,699.667,2,4,compressed_ring_ar
1778535441.6125448,6,86,0.795161,197.74,137.123,645.927,2,4,compressed_ring_ar
1778535442.4237075,6,87,0.848993,166.99,184.828,765.194,2,4,compressed_ring_ar
1778535443.138816,6,88,0.836821,191.37,160.783,664.409,2,4,compressed_ring_ar
1778535443.8184588,6,89,0.878367,204.74,139.694,622.072,2,4,compressed_ring_ar
1778535444.5495262,6,90,0.896159,186.13,265.41,683.486,2,4,compressed_ring_ar
1778535445.2987502,6,91,0.708995,183.72,224.672,695.325,2,4,compressed_ring_ar
1778535446.1004834,6,92,0.661833,169.31,155.687,754.623,2,4,compressed_ring_ar
1778535446.820694,6,93,0.861006,191.04,144.494,668.565,2,4,compressed_ring_ar
1778535447.5538547,6,94,0.854828,190.75,153.63,669.419,2,4,compressed_ring_ar
1778535448.2744253,6,95,0.681915,194.08,153.128,658.261,2,4,compressed_ring_ar
1778535449.135323,6,96,0.755333,156.32,287.005,817.459,2,4,compressed_ring_ar
1778535449.72821,6,97,0.882937,152.73,135.737,540.061,2,4,compressed_ring_ar
1778535460.7049956,7,0,0.718262,178.82,237.167,714.691,2,4,compressed_ring_ar
1778535461.4491131,7,1,0.994135,183.51,189.479,696.102,2,4,compressed_ring_ar
1778535462.2302248,7,2,0.810786,173.86,140.43,733.207,2,4,compressed_ring_ar
1778535462.9885712,7,3,0.82717,182.02,151.441,697.935,2,4,compressed_ring_ar
1778535463.7117984,7,4,0.858326,192.03,158.542,665.214,2,4,compressed_ring_ar
1778535464.446514,7,5,0.769862,187.29,172.392,678.913,2,4,compressed_ring_ar
1778535465.1433163,7,6,0.876336,199.87,142.591,638.488,2,4,compressed_ring_ar
1778535465.8488553,7,7,0.819349,191.78,201.803,665.634,2,4,compressed_ring_ar
1778535466.5999165,7,8,0.711591,180.78,137.873,706.635,2,4,compressed_ring_ar
1778535467.3856578,7,9,0.855731,172.6,243.529,740.206,2,4,compressed_ring_ar
1778535468.126205,7,10,0.729297,186.28,163.548,685.764,2,4,compressed_ring_ar
1778535468.8513107,7,11,0.865623,192.62,143.917,660.551,2,4,compressed_ring_ar
1778535469.5830457,7,12,0.645277,186.35,170.925,685.41,2,4,compressed_ring_ar
1778535470.3157022,7,13,0.801163,187.83,133.359,680.134,2,4,compressed_ring_ar
1778535471.025789,7,14,0.728961,195.84,131.081,650.881,2,4,compressed_ring_ar
1778535471.8340166,7,15,0.829284,167.38,389.889,760.977,2,4,compressed_ring_ar
1778535472.546043,7,16,0.698373,196.86,156.027,648.875,2,4,compressed_ring_ar
1778535473.2704294,7,17,0.78187,190.64,145.215,670.07,2,4,compressed_ring_ar
1778535474.0025363,7,18,1.029538,185.24,198.637,689.016,2,4,compressed_ring_ar
1778535474.7217355,7,19,0.85869,191.14,161.99,668.073,2,4,compressed_ring_ar
1778535475.4661837,7,20,0.818475,183.34,147.095,696.833,2,4,compressed_ring_ar
1778535476.1731424,7,21,0.87657,193.45,151.787,660.321,2,4,compressed_ring_ar
1778535476.9299555,7,22,0.803421,181.32,148.103,704.556,2,4,compressed_ring_ar
1778535477.7011678,7,23,0.78913,176.49,143.867,724.262,2,4,compressed_ring_ar
1778535478.4798744,7,24,0.865596,176.87,219.952,722.277,2,4,compressed_ring_ar
1778535479.2174532,7,25,0.810759,185.63,132.634,688.166,2,4,compressed_ring_ar
1778535479.903627,7,26,0.866421,203.69,136.63,626.67,2,4,compressed_ring_ar
1778535480.6409543,7,27,0.678636,186.4,179.057,685.27,2,4,compressed_ring_ar
1778535481.3791883,7,28,0.849091,182.68,219.883,699.365,2,4,compressed_ring_ar
1778535482.1342633,7,29,0.869639,185.45,139.172,688.996,2,4,compressed_ring_ar
1778535482.8937733,7,30,0.684033,179.29,205.815,712.051,2,4,compressed_ring_ar
1778535483.6522748,7,31,0.786,177.87,304.197,718.175,2,4,compressed_ring_ar
1778535484.3501647,7,32,0.894632,195.96,140.134,651.432,2,4,compressed_ring_ar
1778535485.07377,7,33,0.905099,187.71,226.122,680.39,2,4,compressed_ring_ar
1778535485.8628016,7,34,0.7795,170.95,229.517,743.747,2,4,compressed_ring_ar
1778535486.5793953,7,35,0.892584,190.6,142.158,670.159,2,4,compressed_ring_ar
1778535487.2744775,7,36,0.901646,196.12,149.448,650.976,2,4,compressed_ring_ar
1778535488.0157406,7,37,0.852787,183.98,146.163,694.511,2,4,compressed_ring_ar
1778535488.7194562,7,38,0.963198,195.28,134.06,654.072,2,4,compressed_ring_ar
1778535489.5271523,7,39,0.784341,167.49,304.224,762.958,2,4,compressed_ring_ar
1778535490.2205398,7,40,0.650555,202.55,144.107,630.528,2,4,compressed_ring_ar
1778535490.9327638,7,41,0.697391,192.52,146.19,659.432,2,4,compressed_ring_ar
1778535491.6593776,7,42,0.814763,192.11,174.945,659.854,2,4,compressed_ring_ar
1778535492.4013016,7,43,0.627861,183.63,171.71,694.231,2,4,compressed_ring_ar
1778535493.1560762,7,44,0.613081,178.24,234.254,716.66,2,4,compressed_ring_ar
1778535493.9471202,7,45,0.909955,174.16,147.024,730.591,2,4,compressed_ring_ar
1778535494.6308267,7,46,0.792783,201.96,146.249,632.373,2,4,compressed_ring_ar
1778535495.4026444,7,47,1.032369,175.06,164.634,729.787,2,4,compressed_ring_ar
1778535496.1987877,7,48,0.707927,171.51,144.66,744.927,2,4,compressed_ring_ar
1778535496.9366858,7,49,0.638451,182.58,211.004,699.636,2,4,compressed_ring_ar
1778535497.6955364,7,50,0.72605,178.36,216.566,714.633,2,4,compressed_ring_ar
1778535498.438181,7,51,0.729871,182.58,213.848,699.749,2,4,compressed_ring_ar
1778535499.166619,7,52,0.744909,189.85,179.268,671.703,2,4,compressed_ring_ar
1778535499.930685,7,53,0.73331,180.94,379.109,705.991,2,4,compressed_ring_ar
1778535500.7310374,7,54,0.735772,169.96,142.044,751.812,2,4,compressed_ring_ar
1778535501.537816,7,55,0.774412,167.48,243.609,762.873,2,4,compressed_ring_ar
1778535502.3375921,7,56,0.816435,171.69,223.723,744.048,2,4,compressed_ring_ar
1778535503.1976273,7,57,0.890235,156.41,193.8,816.951,2,4,compressed_ring_ar
1778535503.9120526,7,58,0.865157,190.02,157.707,669.275,2,4,compressed_ring_ar
1778535504.6915662,7,59,0.823447,174.47,150.015,732.243,2,4,compressed_ring_ar
1778535505.421744,7,60,0.905778,188.85,166.314,676.509,2,4,compressed_ring_ar
1778535506.132194,7,61,0.855795,190.76,209.004,668.751,2,4,compressed_ring_ar
1778535506.9251902,7,62,0.873056,172.18,179.113,741.814,2,4,compressed_ring_ar
1778535507.6669812,7,63,0.843189,184.15,138.431,693.335,2,4,compressed_ring_ar
1778535508.4126182,7,64,0.889682,182.34,219.21,699.412,2,4,compressed_ring_ar
1778535509.1238763,7,65,0.870065,196.83,174.145,647.455,2,4,compressed_ring_ar
1778535509.889371,7,66,0.780945,177.17,265.73,721.128,2,4,compressed_ring_ar
1778535510.629624,7,67,0.733349,187.24,172.72,682.164,2,4,compressed_ring_ar
1778535511.3564122,7,68,0.723051,188.61,158.634,677.584,2,4,compressed_ring_ar
1778535512.0619307,7,69,0.835402,201.2,133.554,633.94,2,4,compressed_ring_ar
1778535512.8107414,7,70,0.66501,183.64,184.482,695.668,2,4,compressed_ring_ar
1778535513.5159833,7,71,0.810437,196.95,157.809,647.311,2,4,compressed_ring_ar
1778535514.252467,7,72,0.870755,185.19,220.463,685.831,2,4,compressed_ring_ar
1778535514.9779625,7,73,0.876406,188.13,213.19,677.1,2,4,compressed_ring_ar
1778535515.694015,7,74,0.770491,193.37,147.079,659.836,2,4,compressed_ring_ar
1778535516.412022,7,75,0.654641,192.14,151.931,664.771,2,4,compressed_ring_ar
1778535517.1506531,7,76,0.830901,186.74,148.522,683.156,2,4,compressed_ring_ar
1778535517.877913,7,77,0.787237,190.45,167.969,670.769,2,4,compressed_ring_ar
1778535518.6228826,7,78,0.815323,181.57,184.836,703.529,2,4,compressed_ring_ar
1778535519.387053,7,79,0.812975,178.51,133.987,715.759,2,4,compressed_ring_ar
1778535520.141239,7,80,0.9626,178.26,228.062,716.631,2,4,compressed_ring_ar
1778535520.908087,7,81,0.758839,176.24,182.638,725.127,2,4,compressed_ring_ar
1778535521.6383088,7,82,0.743217,189.21,148.17,675.056,2,4,compressed_ring_ar
1778535522.3730564,7,83,0.94936,188.45,144.684,677.805,2,4,compressed_ring_ar
1778535523.0879562,7,84,0.902819,192.53,154.164,661.846,2,4,compressed_ring_ar
1778535523.8087924,7,85,0.71484,190.76,148.202,669.791,2,4,compressed_ring_ar
1778535524.5341985,7,86,0.94571,193.19,139.744,661.204,2,4,compressed_ring_ar
1778535525.2555866,7,87,0.675084,188.36,182.55,678.207,2,4,compressed_ring_ar
1778535525.9674714,7,88,1.059851,189.57,267.364,672.282,2,4,compressed_ring_ar
1778535526.747699,7,89,0.781621,174.2,431.383,733.367,2,4,compressed_ring_ar
1778535527.4902048,7,90,0.7975,183.1,165.155,693.193,2,4,compressed_ring_ar
1778535528.2532065,7,91,0.820034,180.4,146.512,708.278,2,4,compressed_ring_ar
1778535528.9953473,7,92,0.775481,183.92,140.023,694.834,2,4,compressed_ring_ar
1778535529.8915546,7,93,0.738076,149.73,159.248,853.496,2,4,compressed_ring_ar
1778535530.668649,7,94,0.558305,174.05,211.881,734.389,2,4,compressed_ring_ar
1778535531.497281,7,95,0.667543,163.35,146.71,782.255,2,4,compressed_ring_ar
1778535532.2454462,7,96,0.777155,183.22,168.903,697.278,2,4,compressed_ring_ar
1778535532.8925514,7,97,0.826765,137.32,165.622,601.811,2,4,compressed_ring_ar
1778535544.0182676,8,0,0.595853,175.32,198.585,726.958,2,4,compressed_ring_ar
1778535544.8253741,8,1,0.717599,171.72,255.257,743.116,2,4,compressed_ring_ar
1778535545.5455146,8,2,0.887549,191.47,143.837,667.117,2,4,compressed_ring_ar
1778535546.2562883,8,3,0.785854,196.7,142.695,649.375,2,4,compressed_ring_ar
1778535547.0005205,8,4,0.794361,181.36,221.659,703.961,2,4,compressed_ring_ar
1778535547.7125044,8,5,0.881349,191.52,203.55,666.955,2,4,compressed_ring_ar
1778535548.4241936,8,6,0.841149,191.59,172.272,666.695,2,4,compressed_ring_ar
1778535549.1414313,8,7,0.681885,190.51,160.53,670.669,2,4,compressed_ring_ar
1778535549.848634,8,8,0.745775,194.61,165.018,655.522,2,4,compressed_ring_ar
1778535550.6074605,8,9,0.70466,179.28,219.963,710.823,2,4,compressed_ring_ar
1778535551.3080497,8,10,0.835788,196.3,173.909,649.962,2,4,compressed_ring_ar
1778535552.1059213,8,11,0.625256,170.59,258.339,748.331,2,4,compressed_ring_ar
1778535552.9730127,8,12,0.711861,155.02,282.045,824.402,2,4,compressed_ring_ar
1778535553.6574974,8,13,0.595789,209.89,130.849,608.084,2,4,compressed_ring_ar
1778535554.4117987,8,14,0.590738,178.9,347.576,712.643,2,4,compressed_ring_ar
1778535555.1861956,8,15,0.622029,175.21,221.351,724.289,2,4,compressed_ring_ar
1778535555.9203696,8,16,0.802113,185.86,137.177,687.311,2,4,compressed_ring_ar
1778535556.6765938,8,17,0.884695,180.11,230.719,706.423,2,4,compressed_ring_ar
1778535557.4214606,8,18,0.82094,183.87,138.94,693.913,2,4,compressed_ring_ar
1778535558.1080017,8,19,0.745393,200.68,158.934,633.81,2,4,compressed_ring_ar
1778535558.905497,8,20,0.751228,168.27,436.209,756.747,2,4,compressed_ring_ar
1778535559.6643317,8,21,0.69924,178.34,187.149,716.491,2,4,compressed_ring_ar
1778535560.3877792,8,22,0.705498,191.86,131.514,665.789,2,4,compressed_ring_ar
1778535561.1801112,8,23,0.697205,170.66,241.675,747.159,2,4,compressed_ring_ar
1778535561.8851576,8,24,0.756003,197.41,141.495,645.863,2,4,compressed_ring_ar
1778535562.6098604,8,25,0.762375,187.06,263.912,683.193,2,4,compressed_ring_ar
1778535563.3762045,8,26,0.836406,180.16,186.051,709.084,2,4,compressed_ring_ar
1778535564.114223,8,27,0.778211,189.3,148.259,673.602,2,4,compressed_ring_ar
1778535564.8582215,8,28,0.694495,181.36,197.112,702.808,2,4,compressed_ring_ar
1778535565.628329,8,29,0.724253,177.87,138.271,718.242,2,4,compressed_ring_ar
1778535566.3950171,8,30,0.741058,176.38,170.319,724.529,2,4,compressed_ring_ar
1778535567.121632,8,31,0.668506,188.08,169.67,679.177,2,4,compressed_ring_ar
1778535567.859824,8,32,0.694179,186.45,175.289,685.375,2,4,compressed_ring_ar
1778535568.5929968,8,33,0.667164,188.43,136.651,676.924,2,4,compressed_ring_ar
1778535569.3594434,8,34,0.839563,178.32,142.47,713.404,2,4,compressed_ring_ar
1778535570.143051,8,35,0.640655,176.38,175.458,724.329,2,4,compressed_ring_ar
1778535570.833279,8,36,0.863744,201.65,165.958,633.505,2,4,compressed_ring_ar
1778535571.5824454,8,37,0.888687,179.92,247.997,708.732,2,4,compressed_ring_ar
1778535572.3629315,8,38,0.835555,176.16,255.905,725.288,2,4,compressed_ring_ar
1778535573.1082594,8,39,0.773099,184.26,173.343,691.971,2,4,compressed_ring_ar
1778535573.906609,8,40,0.89736,170.8,363.588,746.467,2,4,compressed_ring_ar
1778535574.66442,8,41,0.659439,180.84,173.295,706.448,2,4,compressed_ring_ar
1778535575.3688273,8,42,0.675112,198.9,135.012,640.81,2,4,compressed_ring_ar
1778535576.196898,8,43,0.863435,162.12,459.54,788.322,2,4,compressed_ring_ar
1778535576.9203055,8,44,0.690121,186.34,262.991,684.252,2,4,compressed_ring_ar
1778535577.673999,8,45,0.679664,179.88,163.789,710.193,2,4,compressed_ring_ar
1778535578.362725,8,46,0.582191,199.58,133.779,639.995,2,4,compressed_ring_ar
1778535579.1075165,8,47,0.673024,186.53,142.399,685.082,2,4,compressed_ring_ar
1778535579.8071613,8,48,0.674578,194.63,160.363,656.265,2,4,compressed_ring_ar
1778535580.5464563,8,49,0.73654,184.8,164.537,690.366,2,4,compressed_ring_ar
1778535581.2757497,8,50,0.592291,188.43,189.059,677.25,2,4,compressed_ring_ar
1778535582.0762472,8,51,0.751003,169.56,260.818,753.726,2,4,compressed_ring_ar
1778535582.8640327,8,52,0.664416,174.56,167.7,731.85,2,4,compressed_ring_ar
1778535583.6054704,8,53,0.721721,185.14,155.394,689.23,2,4,compressed_ring_ar
1778535584.306664,8,54,0.858147,202.11,139.664,629.272,2,4,compressed_ring_ar
1778535585.0993989,8,55,0.591647,173.85,148.959,734.207,2,4,compressed_ring_ar
1778535585.8564427,8,56,0.707839,187.39,195.739,680.081,2,4,compressed_ring_ar
1778535586.5810606,8,57,0.653064,187.53,172.966,678.269,2,4,compressed_ring_ar
1778535587.3030686,8,58,0.868267,189.37,183.402,673.561,2,4,compressed_ring_ar
1778535588.0354874,8,59,0.69741,187.2,212.908,681.834,2,4,compressed_ring_ar
1778535588.7878191,8,60,0.709603,180.1,208.357,709.333,2,4,compressed_ring_ar
1778535589.5255444,8,61,0.808435,185.2,135.173,689.059,2,4,compressed_ring_ar
1778535590.2694354,8,62,0.63509,183.92,159.264,693.683,2,4,compressed_ring_ar
1778535590.9849129,8,63,0.706078,196.4,153.388,650.31,2,4,compressed_ring_ar
1778535591.7104795,8,64,0.714837,189.34,160.968,674.82,2,4,compressed_ring_ar
1778535592.474273,8,65,0.636974,179.44,181.156,711.99,2,4,compressed_ring_ar
1778535593.2104914,8,66,0.776052,184.46,163.816,692.682,2,4,compressed_ring_ar
1778535593.9052699,8,67,0.867671,198.91,159.487,642.101,2,4,compressed_ring_ar
1778535594.6167734,8,68,0.755332,190.97,150.363,666.24,2,4,compressed_ring_ar
1778535595.3525827,8,69,0.697111,182.77,249.332,697.283,2,4,compressed_ring_ar
1778535596.119495,8,70,0.740275,177.19,257.903,720.955,2,4,compressed_ring_ar
1778535596.8931534,8,71,0.741393,175.9,143.596,721.379,2,4,compressed_ring_ar
1778535597.7526846,8,72,0.791223,155.4,323.0,822.432,2,4,compressed_ring_ar
1778535598.4839272,8,73,0.4654,188.94,173.297,676.213,2,4,compressed_ring_ar
1778535599.2407978,8,74,0.644695,183.32,139.137,695.183,2,4,compressed_ring_ar
1778535600.1027853,8,75,0.671667,156.8,169.072,813.297,2,4,compressed_ring_ar
1778535600.844893,8,76,0.68881,188.82,179.28,674.885,2,4,compressed_ring_ar
1778535601.635787,8,77,0.60697,173.15,230.905,738.202,2,4,compressed_ring_ar
1778535602.3553886,8,78,0.794242,189.41,144.336,672.135,2,4,compressed_ring_ar
1778535603.079072,8,79,0.635686,191.55,138.164,665.203,2,4,compressed_ring_ar
1778535603.8934495,8,80,0.805704,167.78,263.894,760.081,2,4,compressed_ring_ar
1778535604.6112757,8,81,0.685064,193.15,137.272,659.518,2,4,compressed_ring_ar
1778535605.347313,8,82,0.635621,188.32,190.581,678.247,2,4,compressed_ring_ar
1778535606.0781527,8,83,0.735347,185.56,175.733,688.4,2,4,compressed_ring_ar
1778535606.8505733,8,84,0.520833,177.25,172.817,718.046,2,4,compressed_ring_ar
1778535607.5947187,8,85,0.559064,184.16,193.445,693.624,2,4,compressed_ring_ar
1778535608.2977784,8,86,0.757916,196.52,144.621,649.916,2,4,compressed_ring_ar
1778535608.9657803,8,87,0.574613,206.8,129.324,617.567,2,4,compressed_ring_ar
1778535609.6614518,8,88,0.728394,199.66,138.702,638.72,2,4,compressed_ring_ar
1778535610.4536028,8,89,0.6675,170.93,202.72,744.318,2,4,compressed_ring_ar
1778535611.189458,8,90,0.785612,186.36,191.017,685.301,2,4,compressed_ring_ar
1778535611.927015,8,91,0.768619,189.71,170.42,671.812,2,4,compressed_ring_ar
1778535612.6601884,8,92,0.651695,185.58,208.382,685.84,2,4,compressed_ring_ar
1778535613.41729,8,93,0.726909,184.87,149.994,690.175,2,4,compressed_ring_ar
1778535614.1617992,8,94,0.605943,181.66,213.697,703.163,2,4,compressed_ring_ar
1778535614.8843272,8,95,0.782527,187.89,145.193,679.935,2,4,compressed_ring_ar
1778535615.6265514,8,96,0.748208,183.28,167.969,693.768,2,4,compressed_ring_ar
1778535616.1884012,8,97,0.760889,158.57,129.141,522.332,2,4,compressed_ring_ar
1778535627.3516214,9,0,0.698565,173.29,217.98,737.269,2,4,compressed_ring_ar
1778535628.156897,9,1,0.772053,169.87,190.483,752.35,2,4,compressed_ring_ar
1778535628.8992379,9,2,0.64035,184.36,150.476,692.93,2,4,compressed_ring_ar
1778535629.6127622,9,3,0.726839,188.76,143.989,676.716,2,4,compressed_ring_ar
1778535630.270957,9,4,0.692248,209.02,164.627,611.094,2,4,compressed_ring_ar
1778535631.0575752,9,5,0.717779,174.54,144.641,728.641,2,4,compressed_ring_ar
1778535631.7932942,9,6,0.786075,187.96,134.811,678.373,2,4,compressed_ring_ar
1778535632.5336454,9,7,0.672281,184.12,201.897,692.997,2,4,compressed_ring_ar
1778535633.2692735,9,8,0.622765,184.05,218.117,694.049,2,4,compressed_ring_ar
1778535634.0077784,9,9,0.633655,185.32,151.869,689.319,2,4,compressed_ring_ar
1778535634.7912452,9,10,0.706859,177.41,152.624,720.222,2,4,compressed_ring_ar
1778535635.5449939,9,11,0.670814,181.79,152.195,701.95,2,4,compressed_ring_ar
1778535636.3019576,9,12,0.774696,184.78,177.711,688.273,2,4,compressed_ring_ar
1778535637.0574858,9,13,0.564122,180.77,166.182,706.663,2,4,compressed_ring_ar
1778535637.780372,9,14,0.668985,188.52,183.933,677.491,2,4,compressed_ring_ar
1778535638.588477,9,15,0.603173,166.76,185.085,766.204,2,4,compressed_ring_ar
1778535639.4188604,9,16,0.594713,163.91,154.078,779.49,2,4,compressed_ring_ar
1778535640.2135217,9,17,0.771464,174.76,148.407,730.194,2,4,compressed_ring_ar
1778535640.914218,9,18,0.703844,194.72,161.165,655.997,2,4,compressed_ring_ar
1778535641.657019,9,19,0.647669,181.92,233.511,702.508,2,4,compressed_ring_ar
1778535642.3739755,9,20,0.646633,191.15,173.94,668.571,2,4,compressed_ring_ar
1778535643.1376672,9,21,0.62088,176.51,217.369,724.131,2,4,compressed_ring_ar
1778535643.857399,9,22,0.600554,191.16,147.012,668.202,2,4,compressed_ring_ar
1778535644.5984988,9,23,0.681808,182.55,243.074,698.078,2,4,compressed_ring_ar
1778535645.3311956,9,24,0.788821,185.12,265.975,690.135,2,4,compressed_ring_ar
1778535646.0158987,9,25,0.666771,202.96,134.27,629.258,2,4,compressed_ring_ar
1778535646.8026106,9,26,0.736918,172.07,140.893,739.476,2,4,compressed_ring_ar
1778535647.6014328,9,27,0.673507,171.41,201.754,745.55,2,4,compressed_ring_ar
1778535648.3440495,9,28,0.62503,182.5,189.389,698.196,2,4,compressed_ring_ar
1778535649.0829518,9,29,0.764436,187.77,154.682,678.631,2,4,compressed_ring_ar
1778535649.8327284,9,30,0.679238,184.47,150.192,691.76,2,4,compressed_ring_ar
1778535650.582942,9,31,0.787706,181.76,163.237,701.711,2,4,compressed_ring_ar
1778535651.35008,9,32,0.634061,176.53,392.675,723.768,2,4,compressed_ring_ar
1778535652.119175,9,33,0.754756,177.11,139.619,721.267,2,4,compressed_ring_ar
1778535652.8686976,9,34,0.765007,189.94,137.734,669.396,2,4,compressed_ring_ar
1778535653.5805466,9,35,0.595587,193.94,141.58,657.916,2,4,compressed_ring_ar
1778535654.346566,9,36,0.700651,176.07,328.58,724.208,2,4,compressed_ring_ar
1778535655.0692995,9,37,0.893279,189.53,194.21,673.432,2,4,compressed_ring_ar
1778535655.83452,9,38,0.690938,176.84,234.431,722.372,2,4,compressed_ring_ar
1778535656.7059858,9,39,0.689057,155.47,163.941,821.052,2,4,compressed_ring_ar
1778535657.4412768,9,40,0.610661,184.14,157.505,692.682,2,4,compressed_ring_ar
1778535658.2117717,9,41,0.674962,174.3,341.165,732.97,2,4,compressed_ring_ar
1778535658.949106,9,42,0.656951,185.39,142.719,689.05,2,4,compressed_ring_ar
1778535659.710494,9,43,0.53732,178.83,172.107,714.348,2,4,compressed_ring_ar
1778535660.4644973,9,44,0.657621,182.52,184.333,696.912,2,4,compressed_ring_ar
1778535661.296044,9,45,0.770445,160.75,394.981,794.318,2,4,compressed_ring_ar
1778535662.0893714,9,46,0.597403,171.41,359.029,744.597,2,4,compressed_ring_ar
1778535662.8729334,9,47,0.518944,175.57,208.27,727.664,2,4,compressed_ring_ar
1778535663.6268764,9,48,0.741967,181.72,148.722,702.984,2,4,compressed_ring_ar
1778535664.3608553,9,49,0.789617,185.24,214.733,689.577,2,4,compressed_ring_ar
1778535665.0705645,9,50,0.597886,191.68,135.598,666.357,2,4,compressed_ring_ar
1778535665.7846959,9,51,0.571989,192.62,151.906,663.129,2,4,compressed_ring_ar
1778535666.5225034,9,52,0.622086,183.09,149.026,697.722,2,4,compressed_ring_ar
1778535667.2637446,9,53,0.690386,185.37,164.508,686.181,2,4,compressed_ring_ar
1778535667.9917598,9,54,0.656832,190.18,133.5,669.926,2,4,compressed_ring_ar
1778535668.7215545,9,55,0.669819,185.94,319.28,686.022,2,4,compressed_ring_ar
1778535669.4182854,9,56,0.573281,194.92,179.704,655.296,2,4,compressed_ring_ar
1778535670.179432,9,57,0.594111,177.36,212.76,720.366,2,4,compressed_ring_ar
1778535670.946731,9,58,0.681655,177.27,218.441,720.642,2,4,compressed_ring_ar
1778535671.7094727,9,59,0.807994,179.93,144.008,706.884,2,4,compressed_ring_ar
1778535672.5642633,9,60,0.676198,158.23,142.996,805.959,2,4,compressed_ring_ar
1778535673.3956113,9,61,0.625406,161.98,440.123,785.639,2,4,compressed_ring_ar
1778535674.1601307,9,62,0.729705,176.7,213.63,721.543,2,4,compressed_ring_ar
1778535674.9238663,9,63,0.653634,177.53,161.125,718.454,2,4,compressed_ring_ar
1778535675.6524365,9,64,0.595961,188.91,241.99,673.187,2,4,compressed_ring_ar
1778535676.4037566,9,65,0.708498,182.0,155.505,701.973,2,4,compressed_ring_ar
1778535677.1146188,9,66,0.706778,194.04,143.314,658.284,2,4,compressed_ring_ar
1778535677.8698997,9,67,0.731564,179.46,218.65,708.864,2,4,compressed_ring_ar
1778535678.6251037,9,68,0.602776,179.63,172.492,711.484,2,4,compressed_ring_ar
1778535679.337923,9,69,0.91143,191.91,215.301,664.93,2,4,compressed_ring_ar
1778535680.078527,9,70,0.816078,181.79,289.793,702.715,2,4,compressed_ring_ar
1778535680.7867463,9,71,0.615267,196.39,149.199,646.297,2,4,compressed_ring_ar
1778535681.6085765,9,72,0.544765,165.93,179.472,770.224,2,4,compressed_ring_ar
1778535682.3043463,9,73,0.612794,198.52,134.808,643.426,2,4,compressed_ring_ar
1778535683.037631,9,74,0.659328,185.76,158.401,686.671,2,4,compressed_ring_ar
1778535683.7587361,9,75,0.735255,193.07,168.429,658.535,2,4,compressed_ring_ar
1778535684.4938517,9,76,0.802753,187.86,141.684,677.49,2,4,compressed_ring_ar
1778535685.2547555,9,77,0.554305,178.19,146.049,714.41,2,4,compressed_ring_ar
1778535686.0245764,9,78,0.638179,175.22,181.13,729.15,2,4,compressed_ring_ar
1778535686.810238,9,79,0.549437,175.5,200.497,726.989,2,4,compressed_ring_ar
1778535687.595773,9,80,0.701751,176.01,254.705,726.139,2,4,compressed_ring_ar
1778535688.3035085,9,81,0.724531,197.15,142.082,647.963,2,4,compressed_ring_ar
1778535689.052458,9,82,0.757103,180.2,191.268,709.323,2,4,compressed_ring_ar
1778535689.82959,9,83,0.803097,179.81,177.918,710.651,2,4,compressed_ring_ar
1778535690.5404253,9,84,0.569554,193.95,139.744,658.546,2,4,compressed_ring_ar
1778535691.236833,9,85,0.642538,195.9,161.665,651.983,2,4,compressed_ring_ar
1778535692.0684633,9,86,0.842918,162.74,267.343,785.159,2,4,compressed_ring_ar
1778535692.839697,9,87,0.674098,174.62,272.77,731.614,2,4,compressed_ring_ar
1778535693.576801,9,88,0.58574,185.65,136.862,687.838,2,4,compressed_ring_ar
1778535694.334379,9,89,0.748159,181.59,236.102,703.75,2,4,compressed_ring_ar
1778535695.066449,9,90,0.591145,185.24,167.707,686.619,2,4,compressed_ring_ar
1778535695.8003075,9,91,0.621033,186.02,143.624,686.73,2,4,compressed_ring_ar
1778535696.6460695,9,92,0.562591,160.8,283.164,794.612,2,4,compressed_ring_ar
1778535697.4016192,9,93,0.709347,180.49,145.052,706.478,2,4,compressed_ring_ar
1778535698.2113123,9,94,0.66419,166.08,450.079,768.243,2,4,compressed_ring_ar
1778535698.9573832,9,95,0.591177,182.73,206.81,699.279,2,4,compressed_ring_ar
1778535699.6555882,9,96,0.524747,204.04,140.974,625.401,2,4,compressed_ring_ar
1778535700.2312927,9,97,0.545317,157.18,152.572,525.766,2,4,compressed_ring_ar
1778535711.4897194,10,0,0.697311,177.88,159.509,717.305,2,4,compressed_ring_ar
1778535712.2018082,10,1,0.82066,190.2,252.793,671.614,2,4,compressed_ring_ar
1778535712.9581985,10,2,0.552753,179.75,232.589,710.015,2,4,compressed_ring_ar
1778535713.7291627,10,3,0.639161,179.0,145.029,710.986,2,4,compressed_ring_ar
1778535714.4662044,10,4,0.642766,183.85,135.282,693.092,2,4,compressed_ring_ar
1778535715.1963966,10,5,0.686047,186.5,231.671,684.447,2,4,compressed_ring_ar
1778535716.044926,10,6,0.511957,161.8,300.422,788.502,2,4,compressed_ring_ar
1778535716.8451803,10,7,0.706075,170.21,272.01,747.643,2,4,compressed_ring_ar
1778535717.571445,10,8,0.783259,187.66,176.852,677.561,2,4,compressed_ring_ar
1778535718.348109,10,9,0.551092,180.67,165.778,707.016,2,4,compressed_ring_ar
1778535719.0666878,10,10,0.685142,190.59,138.401,667.711,2,4,compressed_ring_ar
1778535719.817351,10,11,0.582784,184.09,139.439,694.043,2,4,compressed_ring_ar
1778535720.571927,10,12,0.6238,184.68,153.03,691.659,2,4,compressed_ring_ar
1778535721.3183722,10,13,0.659205,184.99,178.045,690.702,2,4,compressed_ring_ar
1778535722.0662086,10,14,0.689397,181.7,143.906,702.501,2,4,compressed_ring_ar
1778535722.826032,10,15,0.606876,179.05,228.48,710.692,2,4,compressed_ring_ar
1778535723.5730522,10,16,0.665645,180.91,244.623,706.105,2,4,compressed_ring_ar
1778535724.3127253,10,17,0.642345,186.43,186.692,684.112,2,4,compressed_ring_ar
1778535725.1300328,10,18,0.681763,165.57,407.203,768.906,2,4,compressed_ring_ar
1778535725.795912,10,19,0.509229,208.86,129.645,609.808,2,4,compressed_ring_ar
1778535726.5703044,10,20,0.564543,175.75,259.74,723.804,2,4,compressed_ring_ar
1778535727.2813928,10,21,0.627066,192.93,164.147,658.041,2,4,compressed_ring_ar
1778535728.0683138,10,22,0.527413,174.43,152.347,732.445,2,4,compressed_ring_ar
1778535728.7952313,10,23,0.590204,186.81,181.276,683.806,2,4,compressed_ring_ar
1778535729.518117,10,24,0.593302,188.27,163.355,675.465,2,4,compressed_ring_ar
1778535730.264526,10,25,0.637969,183.3,144.64,696.933,2,4,compressed_ring_ar
1778535730.9653323,10,26,0.633458,193.38,211.136,660.626,2,4,compressed_ring_ar
1778535731.7061841,10,27,0.766135,184.26,181.092,692.033,2,4,compressed_ring_ar
1778535732.4698029,10,28,0.649222,178.28,400.034,716.627,2,4,compressed_ring_ar
1778535733.279909,10,29,0.591655,167.6,187.212,759.407,2,4,compressed_ring_ar
1778535734.0151608,10,30,0.664118,185.91,137.677,687.211,2,4,compressed_ring_ar
1778535734.784694,10,31,0.530978,175.09,200.508,729.739,2,4,compressed_ring_ar
1778535735.5207565,10,32,0.732826,187.86,175.405,679.962,2,4,compressed_ring_ar
1778535736.2790782,10,33,0.691077,178.38,179.551,716.154,2,4,compressed_ring_ar
1778535736.9958227,10,34,0.656936,192.77,177.41,659.755,2,4,compressed_ring_ar
1778535737.656965,10,35,0.629794,209.08,133.451,610.147,2,4,compressed_ring_ar
1778535738.5142689,10,36,0.62557,156.26,401.662,817.725,2,4,compressed_ring_ar
1778535739.2737477,10,37,0.683494,180.39,148.933,704.123,2,4,compressed_ring_ar
1778535739.9870465,10,38,0.595106,196.66,139.891,649.847,2,4,compressed_ring_ar
1778535740.7031462,10,39,0.676702,196.7,129.903,649.328,2,4,compressed_ring_ar
1778535741.495728,10,40,0.686017,170.33,151.56,750.279,2,4,compressed_ring_ar
1778535742.2091672,10,41,0.82956,192.5,138.242,662.864,2,4,compressed_ring_ar
1778535742.9854825,10,42,0.564623,174.27,232.304,733.17,2,4,compressed_ring_ar
1778535743.7127078,10,43,0.608239,187.92,162.555,679.706,2,4,compressed_ring_ar
1778535744.4284496,10,44,0.573397,190.05,145.759,672.157,2,4,compressed_ring_ar
1778535745.222059,10,45,0.486475,173.07,193.253,738.359,2,4,compressed_ring_ar
1778535745.944976,10,46,0.575904,192.19,172.308,664.645,2,4,compressed_ring_ar
1778535746.6814234,10,47,0.536788,185.71,143.577,688.069,2,4,compressed_ring_ar
1778535747.4520051,10,48,0.685962,175.15,229.504,729.491,2,4,compressed_ring_ar
1778535748.1800232,10,49,0.634217,187.66,185.938,680.67,2,4,compressed_ring_ar
1778535748.927143,10,50,0.629957,184.02,148.335,694.217,2,4,compressed_ring_ar
1778535749.80696,10,51,0.602056,154.59,158.868,826.907,2,4,compressed_ring_ar
1778535750.5168374,10,52,0.536781,196.82,142.955,648.907,2,4,compressed_ring_ar
1778535751.2159867,10,53,0.593044,198.79,140.844,640.997,2,4,compressed_ring_ar
1778535751.9748042,10,54,0.719313,179.59,345.284,710.631,2,4,compressed_ring_ar
1778535752.690779,10,55,0.728879,189.99,185.231,669.066,2,4,compressed_ring_ar
1778535753.6139572,10,56,0.678711,145.82,180.278,876.389,2,4,compressed_ring_ar
1778535754.3292828,10,57,0.762791,192.47,145.095,663.717,2,4,compressed_ring_ar
1778535755.066278,10,58,0.657332,188.75,179.291,676.788,2,4,compressed_ring_ar
1778535755.8586206,10,59,0.554895,170.16,267.179,750.862,2,4,compressed_ring_ar
1778535756.5809705,10,60,0.611511,189.41,203.437,674.52,2,4,compressed_ring_ar
1778535757.4360526,10,61,0.800319,157.68,174.977,810.436,2,4,compressed_ring_ar
1778535758.1255121,10,62,0.573117,204.7,130.077,623.951,2,4,compressed_ring_ar
1778535758.8580315,10,63,0.671052,187.76,171.05,680.289,2,4,compressed_ring_ar
1778535759.7244859,10,64,0.725438,155.09,301.664,821.154,2,4,compressed_ring_ar
1778535760.4278607,10,65,0.698993,192.58,168.202,661.329,2,4,compressed_ring_ar
1778535761.251175,10,66,0.783227,163.09,472.606,781.911,2,4,compressed_ring_ar
1778535762.0257738,10,67,0.549896,175.32,256.66,725.844,2,4,compressed_ring_ar
1778535762.7744596,10,68,0.685127,183.33,138.276,693.681,2,4,compressed_ring_ar
1778535763.5182106,10,69,0.736349,184.4,151.465,689.765,2,4,compressed_ring_ar
1778535764.259086,10,70,0.670353,187.26,146.004,682.181,2,4,compressed_ring_ar
1778535765.0225434,10,71,0.70306,180.21,142.694,708.877,2,4,compressed_ring_ar
1778535765.7463317,10,72,0.702996,188.53,167.5,677.487,2,4,compressed_ring_ar
1778535766.4715598,10,73,0.484286,194.48,145.976,656.735,2,4,compressed_ring_ar
1778535767.1819518,10,74,0.729493,194.6,139.401,654.614,2,4,compressed_ring_ar
1778535767.9869115,10,75,0.641227,168.07,236.032,760.265,2,4,compressed_ring_ar
1778535768.7299783,10,76,0.610724,183.44,135.265,694.698,2,4,compressed_ring_ar
1778535769.4503794,10,77,0.548156,188.92,164.724,675.578,2,4,compressed_ring_ar
1778535770.200232,10,78,0.613343,183.55,219.469,695.947,2,4,compressed_ring_ar
1778535770.9505641,10,79,0.461475,185.4,138.842,686.477,2,4,compressed_ring_ar
1778535771.7031996,10,80,0.779761,180.21,138.578,705.852,2,4,compressed_ring_ar
1778535772.4317307,10,81,0.732905,189.84,133.773,671.152,2,4,compressed_ring_ar
1778535773.181291,10,82,0.721093,181.52,320.704,703.756,2,4,compressed_ring_ar
1778535773.8925645,10,83,0.686266,200.25,154.362,637.477,2,4,compressed_ring_ar
1778535774.6877959,10,84,0.754993,169.32,258.475,754.566,2,4,compressed_ring_ar
1778535775.3741732,10,85,0.520579,199.07,173.118,641.652,2,4,compressed_ring_ar
1778535776.133476,10,86,0.703412,183.9,143.05,693.84,2,4,compressed_ring_ar
1778535776.8820317,10,87,0.687805,183.24,165.624,697.134,2,4,compressed_ring_ar
1778535777.6560514,10,88,0.486706,174.39,205.058,730.486,2,4,compressed_ring_ar
1778535778.4202383,10,89,0.715062,177.53,333.39,719.597,2,4,compressed_ring_ar
1778535779.1326585,10,90,0.717833,195.82,136.043,649.219,2,4,compressed_ring_ar
1778535779.879504,10,91,0.554357,182.33,197.264,700.783,2,4,compressed_ring_ar
1778535780.7114055,10,92,0.833055,161.57,328.159,789.19,2,4,compressed_ring_ar
1778535781.4784508,10,93,0.617806,175.54,370.205,726.498,2,4,compressed_ring_ar
1778535782.2227418,10,94,0.588049,183.55,234.823,695.977,2,4,compressed_ring_ar
1778535782.958871,10,95,0.654969,185.97,214.823,686.216,2,4,compressed_ring_ar
1778535783.7134056,10,96,0.464725,179.1,225.242,713.3,2,4,compressed_ring_ar
1778535784.278577,10,97,0.634595,157.46,161.475,529.763,2,4,compressed_ring_ar
1778535795.8373466,11,0,0.705729,180.89,200.491,706.14,2,4,compressed_ring_ar
1778535796.6432507,11,1,0.581807,168.44,181.196,758.521,2,4,compressed_ring_ar
1778535797.3839302,11,2,0.673543,186.83,140.246,681.477,2,4,compressed_ring_ar
1778535798.1346622,11,3,0.695092,184.05,148.152,694.053,2,4,compressed_ring_ar
1778535798.8947067,11,4,0.682133,178.88,170.431,714.594,2,4,compressed_ring_ar
1778535799.6286983,11,5,0.552567,186.75,210.003,684.135,2,4,compressed_ring_ar
1778535800.3487573,11,6,0.67851,191.77,143.414,666.284,2,4,compressed_ring_ar
1778535801.0435996,11,7,0.62204,198.91,142.816,642.113,2,4,compressed_ring_ar
1778535801.8037047,11,8,0.587168,179.2,208.161,713.108,2,4,compressed_ring_ar
1778535802.5256422,11,9,0.617597,192.38,194.841,660.606,2,4,compressed_ring_ar
1778535803.292279,11,10,0.517174,180.36,149.018,708.714,2,4,compressed_ring_ar
1778535803.9936476,11,11,0.599992,195.26,134.103,654.232,2,4,compressed_ring_ar
1778535804.7238767,11,12,0.613915,185.96,194.896,686.649,2,4,compressed_ring_ar
1778535805.4863534,11,13,0.620803,177.86,142.719,718.31,2,4,compressed_ring_ar
1778535806.2023273,11,14,0.488894,192.64,142.813,663.188,2,4,compressed_ring_ar
1778535806.8911006,11,15,0.632472,199.86,134.369,637.815,2,4,compressed_ring_ar
1778535807.597165,11,16,0.735126,191.44,273.565,667.231,2,4,compressed_ring_ar
1778535808.3313227,11,17,0.579714,188.17,146.797,678.941,2,4,compressed_ring_ar
1778535809.0516248,11,18,0.598678,192.66,164.685,663.128,2,4,compressed_ring_ar
1778535809.8862853,11,19,0.534374,160.48,400.428,795.386,2,4,compressed_ring_ar
1778535810.663118,11,20,0.491864,175.03,168.269,729.871,2,4,compressed_ring_ar
1778535811.3772507,11,21,0.643459,195.27,141.396,650.652,2,4,compressed_ring_ar
1778535812.0981996,11,22,0.529399,188.05,159.51,679.272,2,4,compressed_ring_ar
1778535812.8469896,11,23,0.611855,180.46,186.035,704.756,2,4,compressed_ring_ar
1778535813.5731983,11,24,0.60725,193.24,152.073,659.101,2,4,compressed_ring_ar
1778535814.2901118,11,25,0.680065,191.2,178.085,667.03,2,4,compressed_ring_ar
1778535815.1061957,11,26,0.525493,165.99,161.163,769.753,2,4,compressed_ring_ar
1778535815.879554,11,27,0.632258,177.69,141.448,719.086,2,4,compressed_ring_ar
1778535816.565758,11,28,0.594156,200.1,132.383,638.583,2,4,compressed_ring_ar
1778535817.3358607,11,29,0.872297,175.76,350.132,726.93,2,4,compressed_ring_ar
1778535818.0642724,11,30,0.520196,186.53,202.009,681.88,2,4,compressed_ring_ar
1778535818.8055863,11,31,0.691184,185.24,147.772,689.605,2,4,compressed_ring_ar
1778535819.5617375,11,32,0.648531,181.9,138.084,700.691,2,4,compressed_ring_ar
1778535820.2630062,11,33,0.505364,196.42,141.857,648.94,2,4,compressed_ring_ar
1778535821.1396973,11,34,0.474521,155.41,328.586,822.378,2,4,compressed_ring_ar
1778535821.8721128,11,35,0.647848,188.14,145.443,677.542,2,4,compressed_ring_ar
1778535822.6164436,11,36,0.578323,181.48,359.459,703.963,2,4,compressed_ring_ar
1778535823.3581712,11,37,0.459269,182.87,220.281,697.79,2,4,compressed_ring_ar
1778535824.112356,11,38,0.459698,180.47,160.564,707.938,2,4,compressed_ring_ar
1778535824.8901002,11,39,0.794393,175.09,177.651,729.523,2,4,compressed_ring_ar
1778535825.6223674,11,40,0.568515,190.71,144.899,669.804,2,4,compressed_ring_ar
1778535826.3228114,11,41,0.535768,195.99,169.641,651.837,2,4,compressed_ring_ar
1778535827.0162458,11,42,0.642728,204.53,132.248,623.472,2,4,compressed_ring_ar
1778535827.7985904,11,43,0.530798,172.86,324.41,739.106,2,4,compressed_ring_ar
1778535828.510139,11,44,0.652505,193.95,133.338,657.468,2,4,compressed_ring_ar
1778535829.2805789,11,45,0.603995,175.8,237.006,723.604,2,4,compressed_ring_ar
1778535829.9801934,11,46,0.744384,195.85,139.613,650.348,2,4,compressed_ring_ar
1778535830.7340615,11,47,0.632829,180.53,295.131,707.212,2,4,compressed_ring_ar
1778535831.4841084,11,48,0.633985,181.69,227.606,698.459,2,4,compressed_ring_ar
1778535832.2607262,11,49,0.577429,175.03,137.691,729.889,2,4,compressed_ring_ar
1778535832.960238,11,50,0.598122,194.28,159.991,652.634,2,4,compressed_ring_ar
1778535833.7499115,11,51,0.65793,171.28,174.969,744.232,2,4,compressed_ring_ar
1778535834.5473194,11,52,0.640607,169.28,226.704,754.714,2,4,compressed_ring_ar
1778535835.2809014,11,53,0.577179,185.82,136.654,685.845,2,4,compressed_ring_ar
1778535836.081931,11,54,0.590604,170.36,260.485,748.728,2,4,compressed_ring_ar
1778535836.8445873,11,55,0.61058,176.97,406.568,721.766,2,4,compressed_ring_ar
1778535837.6077054,11,56,0.683823,177.86,133.662,718.36,2,4,compressed_ring_ar
1778535838.350029,11,57,0.602058,184.36,193.904,692.821,2,4,compressed_ring_ar
1778535839.156163,11,58,0.561011,168.83,139.894,755.843,2,4,compressed_ring_ar
1778535839.8648546,11,59,0.566349,191.96,212.516,664.687,2,4,compressed_ring_ar
1778535840.6589804,11,60,0.574412,169.48,312.299,754.042,2,4,compressed_ring_ar
1778535841.350427,11,61,0.612428,196.75,163.745,648.383,2,4,compressed_ring_ar
1778535842.1403496,11,62,0.561759,177.18,218.934,721.063,2,4,compressed_ring_ar
1778535842.8787093,11,63,0.503805,182.4,196.417,700.414,2,4,compressed_ring_ar
1778535843.5959,11,64,0.648796,193.53,162.632,659.255,2,4,compressed_ring_ar
1778535844.3480504,11,65,0.557063,180.21,227.86,708.927,2,4,compressed_ring_ar
1778535845.0964656,11,66,0.675587,181.44,154.356,704.083,2,4,compressed_ring_ar
1778535845.919124,11,67,0.612241,163.72,277.589,780.393,2,4,compressed_ring_ar
1778535846.6679597,11,68,0.498231,180.05,223.972,709.648,2,4,compressed_ring_ar
1778535847.4264307,11,69,0.773086,177.97,228.779,717.898,2,4,compressed_ring_ar
1778535848.1485927,11,70,0.659943,190.7,169.365,668.912,2,4,compressed_ring_ar
1778535848.9049141,11,71,0.621129,178.99,217.887,712.466,2,4,compressed_ring_ar
1778535849.6915548,11,72,0.644777,174.83,259.312,730.955,2,4,compressed_ring_ar
1778535850.3842566,11,73,0.734769,202.95,141.557,628.231,2,4,compressed_ring_ar
1778535851.1063936,11,74,0.504866,189.1,171.116,675.153,2,4,compressed_ring_ar
1778535851.8453996,11,75,0.541777,184.27,165.361,693.166,2,4,compressed_ring_ar
1778535852.625725,11,76,0.49161,174.59,176.578,731.733,2,4,compressed_ring_ar
1778535853.4825165,11,77,0.567275,158.19,196.426,807.16,2,4,compressed_ring_ar
1778535854.3074415,11,78,0.673951,165.87,131.263,769.741,2,4,compressed_ring_ar
1778535855.0128345,11,79,0.49351,194.89,152.147,655.41,2,4,compressed_ring_ar
1778535855.7869942,11,80,0.640437,177.7,154.004,718.98,2,4,compressed_ring_ar
1778535856.4941597,11,81,0.553446,194.27,144.88,654.492,2,4,compressed_ring_ar
1778535857.2467723,11,82,0.616876,184.09,140.814,693.885,2,4,compressed_ring_ar
1778535857.9700313,11,83,0.544966,189.63,149.357,673.612,2,4,compressed_ring_ar
1778535858.7417495,11,84,0.585658,177.43,202.526,720.107,2,4,compressed_ring_ar
1778535859.478209,11,85,0.672505,189.34,140.65,674.802,2,4,compressed_ring_ar
1778535860.2036293,11,86,0.56774,189.01,141.027,672.626,2,4,compressed_ring_ar
1778535860.9887393,11,87,0.658944,171.32,223.691,742.041,2,4,compressed_ring_ar
1778535861.7185915,11,88,0.490724,188.36,135.764,678.162,2,4,compressed_ring_ar
1778535862.4432445,11,89,0.663876,186.52,201.61,683.618,2,4,compressed_ring_ar
1778535863.257595,11,90,0.716157,165.65,328.526,769.77,2,4,compressed_ring_ar
1778535864.018046,11,91,0.571178,184.86,202.498,690.796,2,4,compressed_ring_ar
1778535864.7204032,11,92,0.454796,197.0,161.345,648.568,2,4,compressed_ring_ar
1778535865.4603388,11,93,0.486275,184.02,212.322,691.205,2,4,compressed_ring_ar
1778535866.195563,11,94,0.592599,185.7,196.513,688.094,2,4,compressed_ring_ar
1778535867.0682583,11,95,0.626619,153.35,325.571,833.311,2,4,compressed_ring_ar
1778535867.7891693,11,96,0.493509,188.77,172.829,675.845,2,4,compressed_ring_ar
1778535868.3515077,11,97,0.574489,157.54,260.878,530.818,2,4,compressed_ring_ar
1778535879.6476357,12,0,0.65698,163.72,169.841,777.459,2,4,compressed_ring_ar
1778535880.3340054,12,1,0.706135,201.59,129.113,632.932,2,4,compressed_ring_ar
1778535881.0674462,12,2,0.638855,184.55,213.6,692.657,2,4,compressed_ring_ar
1778535881.8285959,12,3,0.600042,180.52,135.855,706.022,2,4,compressed_ring_ar
1778535882.5623698,12,4,0.537339,187.33,177.369,681.872,2,4,compressed_ring_ar
1778535883.27906,12,5,0.66411,190.54,165.001,670.494,2,4,compressed_ring_ar
1778535884.0041595,12,6,0.606941,191.33,186.953,666.058,2,4,compressed_ring_ar
1778535884.7304325,12,7,0.541962,189.37,171.549,674.622,2,4,compressed_ring_ar
1778535885.4266233,12,8,0.623286,194.7,185.188,654.845,2,4,compressed_ring_ar
1778535886.1547601,12,9,0.45967,187.3,270.27,682.343,2,4,compressed_ring_ar
1778535886.8506856,12,10,0.669072,195.68,178.392,651.119,2,4,compressed_ring_ar
1778535887.609211,12,11,0.591795,179.61,182.119,711.278,2,4,compressed_ring_ar
1778535888.385695,12,12,0.593641,180.18,166.828,709.098,2,4,compressed_ring_ar
1778535889.1522005,12,13,0.607665,179.12,159.145,713.281,2,4,compressed_ring_ar
1778535889.9169903,12,14,0.593982,183.22,197.477,697.301,2,4,compressed_ring_ar
1778535890.6164427,12,15,0.668204,198.17,145.284,644.595,2,4,compressed_ring_ar
1778535891.39679,12,16,0.572602,173.69,290.914,735.617,2,4,compressed_ring_ar
1778535892.0946062,12,17,0.428904,198.79,141.542,642.576,2,4,compressed_ring_ar
1778535892.8196409,12,18,0.652491,188.67,139.172,675.435,2,4,compressed_ring_ar
1778535893.5860176,12,19,0.716826,177.85,276.097,716.846,2,4,compressed_ring_ar
1778535894.4925768,12,20,0.555553,148.98,163.166,857.838,2,4,compressed_ring_ar
1778535895.341231,12,21,0.549797,160.84,180.197,794.54,2,4,compressed_ring_ar
1778535896.0662162,12,22,0.624114,192.08,167.323,665.013,2,4,compressed_ring_ar
1778535896.851612,12,23,0.495991,174.82,178.049,730.817,2,4,compressed_ring_ar
1778535897.8357823,12,24,0.509268,138.15,163.578,925.524,2,4,compressed_ring_ar
1778535898.5539024,12,25,0.589777,194.47,197.459,656.891,2,4,compressed_ring_ar
1778535899.2591693,12,26,0.565976,196.65,171.87,649.469,2,4,compressed_ring_ar
1778535900.010891,12,27,0.67599,182.48,174.317,700.269,2,4,compressed_ring_ar
1778535900.7330773,12,28,0.461801,190.61,169.216,664.926,2,4,compressed_ring_ar
1778535901.4528353,12,29,0.629559,187.43,212.586,681.599,2,4,compressed_ring_ar
1778535902.2273254,12,30,0.694559,175.84,226.766,726.745,2,4,compressed_ring_ar
1778535902.9690747,12,31,0.636982,181.9,166.138,702.269,2,4,compressed_ring_ar
1778535903.7101655,12,32,0.528463,184.81,141.7,691.414,2,4,compressed_ring_ar
1778535904.4564624,12,33,0.616544,183.61,182.89,695.756,2,4,compressed_ring_ar
1778535905.2277703,12,34,0.512628,175.31,233.049,727.035,2,4,compressed_ring_ar
1778535905.968892,12,35,0.604356,184.92,141.309,690.625,2,4,compressed_ring_ar
1778535906.6864104,12,36,0.55635,191.14,190.439,666.698,2,4,compressed_ring_ar
1778535907.485809,12,37,0.558421,170.09,162.417,748.235,2,4,compressed_ring_ar
1778535908.1847095,12,38,0.439748,196.47,141.331,650.109,2,4,compressed_ring_ar
1778535908.9774535,12,39,0.542868,172.78,153.625,739.428,2,4,compressed_ring_ar
1778535909.8392658,12,40,0.597436,157.27,142.06,812.434,2,4,compressed_ring_ar
1778535910.5087051,12,41,0.486026,205.48,131.23,620.685,2,4,compressed_ring_ar
1778535911.2784555,12,42,0.504249,175.01,307.276,728.76,2,4,compressed_ring_ar
1778535911.9984794,12,43,0.492289,190.58,154.185,670.262,2,4,compressed_ring_ar
1778535912.750649,12,44,0.609454,179.24,166.082,711.647,2,4,compressed_ring_ar
1778535913.488557,12,45,0.621101,186.08,270.361,681.695,2,4,compressed_ring_ar
1778535914.2319424,12,46,0.609174,181.8,196.507,700.85,2,4,compressed_ring_ar
1778535914.9500015,12,47,0.691089,192.6,135.852,663.2,2,4,compressed_ring_ar
1778535915.670959,12,48,0.506195,187.98,128.531,679.498,2,4,compressed_ring_ar
1778535916.4210694,12,49,0.693548,179.4,205.883,709.223,2,4,compressed_ring_ar
1778535917.166978,12,50,0.485907,182.44,208.141,700.167,2,4,compressed_ring_ar
1778535917.907239,12,51,0.533677,185.37,147.669,689.09,2,4,compressed_ring_ar
1778535918.6790915,12,52,0.588038,175.72,136.042,726.027,2,4,compressed_ring_ar
1778535919.396809,12,53,0.468236,188.89,196.47,676.338,2,4,compressed_ring_ar
1778535920.12403,12,54,0.460825,189.13,148.406,675.499,2,4,compressed_ring_ar
1778535920.861533,12,55,0.656718,184.2,223.56,693.575,2,4,compressed_ring_ar
1778535921.6350377,12,56,0.657352,174.68,150.383,731.426,2,4,compressed_ring_ar
1778535922.371575,12,57,0.665242,187.01,144.226,681.803,2,4,compressed_ring_ar
1778535923.1803706,12,58,0.563461,167.16,288.833,764.403,2,4,compressed_ring_ar
1778535923.859388,12,59,0.423298,205.25,143.627,622.311,2,4,compressed_ring_ar
1778535924.5843325,12,60,0.608963,187.26,204.861,682.221,2,4,compressed_ring_ar
1778535925.333679,12,61,0.633299,185.3,141.34,687.945,2,4,compressed_ring_ar
1778535926.064531,12,62,0.581206,190.02,134.689,672.171,2,4,compressed_ring_ar
1778535926.7718716,12,63,0.500715,191.21,197.216,668.127,2,4,compressed_ring_ar
1778535927.5173836,12,64,0.597865,184.68,214.782,690.987,2,4,compressed_ring_ar
1778535928.2989056,12,65,0.54508,172.17,280.859,737.913,2,4,compressed_ring_ar
1778535929.0397458,12,66,0.488844,183.62,205.895,694.983,2,4,compressed_ring_ar
1778535929.7929847,12,67,0.518114,180.29,133.063,707.584,2,4,compressed_ring_ar
1778535930.512228,12,68,0.482055,187.65,245.01,680.768,2,4,compressed_ring_ar
1778535931.2043762,12,69,0.558359,197.35,163.073,647.233,2,4,compressed_ring_ar
1778535931.933247,12,70,0.479807,186.63,198.381,683.102,2,4,compressed_ring_ar
1778535932.7026887,12,71,0.638949,178.97,161.411,710.782,2,4,compressed_ring_ar
1778535933.5336907,12,72,0.535674,161.41,393.937,791.658,2,4,compressed_ring_ar
1778535934.286716,12,73,0.529784,180.14,201.471,707.251,2,4,compressed_ring_ar
1778535935.0406265,12,74,0.493656,182.35,153.237,700.542,2,4,compressed_ring_ar
1778535935.7439256,12,75,0.608806,194.09,200.813,655.033,2,4,compressed_ring_ar
1778535936.5168128,12,76,0.51969,174.75,221.964,731.136,2,4,compressed_ring_ar
1778535937.2139778,12,77,0.684199,201.96,145.239,632.443,2,4,compressed_ring_ar
1778535937.9665556,12,78,0.537984,182.9,179.852,698.446,2,4,compressed_ring_ar
1778535938.6534526,12,79,0.505467,200.37,127.855,636.379,2,4,compressed_ring_ar
1778535939.3949652,12,80,0.442219,183.3,185.811,696.938,2,4,compressed_ring_ar
1778535940.1150599,12,81,0.726874,188.12,145.747,679.044,2,4,compressed_ring_ar
1778535940.856901,12,82,0.623666,186.69,173.866,684.192,2,4,compressed_ring_ar
1778535941.5720468,12,83,0.639582,189.2,188.745,672.817,2,4,compressed_ring_ar
1778535942.3031173,12,84,0.538776,184.77,375.623,691.569,2,4,compressed_ring_ar
1778535943.0368583,12,85,0.664849,184.94,194.658,689.976,2,4,compressed_ring_ar
1778535943.7563188,12,86,0.547421,188.38,206.897,678.123,2,4,compressed_ring_ar
1778535944.4950612,12,87,0.594908,181.81,300.726,702.662,2,4,compressed_ring_ar
1778535945.2029798,12,88,0.698046,192.05,161.154,662.234,2,4,compressed_ring_ar
1778535945.936884,12,89,0.650095,185.87,174.063,687.133,2,4,compressed_ring_ar
1778535946.632986,12,90,0.681596,196.85,168.886,648.573,2,4,compressed_ring_ar
1778535947.3640852,12,91,0.547241,185.22,215.554,689.9,2,4,compressed_ring_ar
1778535948.0695317,12,92,0.583686,192.34,196.084,664.062,2,4,compressed_ring_ar
1778535948.809116,12,93,0.645661,183.44,173.167,697.152,2,4,compressed_ring_ar
1778535949.5269387,12,94,0.613882,193.42,158.863,660.354,2,4,compressed_ring_ar
1778535950.2266414,12,95,0.396814,196.51,141.185,649.965,2,4,compressed_ring_ar
1778535950.9190924,12,96,0.561595,198.12,130.049,642.705,2,4,compressed_ring_ar
1778535951.5302396,12,97,0.568809,145.26,227.004,573.126,2,4,compressed_ring_ar
1778535962.709264,13,0,0.60513,187.35,160.345,681.921,2,4,compressed_ring_ar
1778535963.4687042,13,1,0.607013,177.36,231.176,719.017,2,4,compressed_ring_ar
1778535964.2125924,13,2,0.509723,187.01,153.291,683.236,2,4,compressed_ring_ar
1778535964.953711,13,3,0.476011,183.71,144.538,695.354,2,4,compressed_ring_ar
1778535965.7447152,13,4,0.585226,170.97,236.462,747.478,2,4,compressed_ring_ar
1778535966.4729817,13,5,0.520706,188.08,153.068,679.206,2,4,compressed_ring_ar
1778535967.1285207,13,6,0.562627,210.77,135.374,604.492,2,4,compressed_ring_ar
1778535967.87587,13,7,0.475598,181.15,341.575,703.898,2,4,compressed_ring_ar
1778535968.699869,13,8,0.573653,165.38,146.332,772.596,2,4,compressed_ring_ar
1778535969.6228578,13,9,0.6237,146.97,190.436,869.365,2,4,compressed_ring_ar
1778535970.3784764,13,10,0.545072,184.98,154.325,690.687,2,4,compressed_ring_ar
1778535971.138679,13,11,0.696619,183.27,188.885,697.702,2,4,compressed_ring_ar
1778535971.8742712,13,12,0.635916,183.8,207.607,695.258,2,4,compressed_ring_ar
1778535972.606887,13,13,0.582541,184.54,224.992,692.688,2,4,compressed_ring_ar
1778535973.2989159,13,14,0.419975,198.1,157.221,644.078,2,4,compressed_ring_ar
1778535974.088776,13,15,0.432967,173.98,330.005,731.445,2,4,compressed_ring_ar
1778535974.7970808,13,16,0.502846,198.47,141.96,643.702,2,4,compressed_ring_ar
1778535975.5120006,13,17,0.641018,192.66,145.987,663.001,2,4,compressed_ring_ar
1778535976.2910786,13,18,0.580376,172.52,202.679,740.602,2,4,compressed_ring_ar
1778535976.9869478,13,19,0.490265,196.86,157.495,649.054,2,4,compressed_ring_ar
1778535977.690203,13,20,0.561234,196.5,138.923,649.039,2,4,compressed_ring_ar
1778535978.418695,13,21,0.57398,186.09,179.175,686.551,2,4,compressed_ring_ar
1778535979.1774473,13,22,0.467648,184.27,141.336,693.234,2,4,compressed_ring_ar
1778535980.016322,13,23,0.602833,164.93,137.453,773.031,2,4,compressed_ring_ar
1778535980.7999997,13,24,0.569259,174.86,182.326,730.666,2,4,compressed_ring_ar
1778535981.5207283,13,25,0.538157,191.84,152.726,665.844,2,4,compressed_ring_ar
1778535982.2426834,13,26,0.521568,192.82,129.54,659.315,2,4,compressed_ring_ar
1778535982.9659357,13,27,0.599486,187.63,158.769,680.947,2,4,compressed_ring_ar
1778535983.7518744,13,28,0.485449,172.48,178.103,740.789,2,4,compressed_ring_ar
1778535984.4660635,13,29,0.788471,190.87,142.52,669.19,2,4,compressed_ring_ar
1778535985.1574228,13,30,0.469449,198.2,156.037,641.911,2,4,compressed_ring_ar
1778535985.8845034,13,31,0.600039,187.76,220.151,677.445,2,4,compressed_ring_ar
1778535986.652159,13,32,0.342901,177.45,147.994,719.991,2,4,compressed_ring_ar
1778535987.3801572,13,33,0.548424,185.68,156.085,688.012,2,4,compressed_ring_ar
1778535988.1274028,13,34,0.654248,182.77,138.8,698.872,2,4,compressed_ring_ar
1778535988.9028974,13,35,0.44468,174.98,170.055,730.183,2,4,compressed_ring_ar
1778535989.710183,13,36,0.496901,166.87,231.332,765.656,2,4,compressed_ring_ar
1778535990.6017737,13,37,0.551116,152.67,169.596,837.587,2,4,compressed_ring_ar
1778535991.4292257,13,38,0.453022,166.14,209.06,769.151,2,4,compressed_ring_ar
1778535992.202469,13,39,0.519317,187.54,158.653,681.385,2,4,compressed_ring_ar
1778535992.9155133,13,40,0.465372,198.56,155.214,643.236,2,4,compressed_ring_ar
1778535993.7276938,13,41,0.525168,170.04,199.96,751.354,2,4,compressed_ring_ar
1778535994.4895997,13,42,0.539589,181.14,171.066,705.35,2,4,compressed_ring_ar
1778535995.171475,13,43,0.519267,202.81,137.421,629.8,2,4,compressed_ring_ar
1778535995.8998194,13,44,0.61636,191.43,136.139,664.635,2,4,compressed_ring_ar
1778535996.6608174,13,45,0.520973,179.69,275.283,710.956,2,4,compressed_ring_ar
1778535997.38998,13,46,0.533588,185.33,251.363,689.28,2,4,compressed_ring_ar
1778535998.0850737,13,47,0.606087,196.21,142.782,650.379,2,4,compressed_ring_ar
1778535998.8375726,13,48,0.542757,183.19,142.143,697.388,2,4,compressed_ring_ar
1778535999.5517673,13,49,0.489749,198.6,148.008,643.34,2,4,compressed_ring_ar
1778536000.223493,13,50,0.629729,202.43,157.889,629.045,2,4,compressed_ring_ar
1778536000.9745812,13,51,0.542327,179.82,384.454,707.302,2,4,compressed_ring_ar
1778536001.7195666,13,52,0.51196,184.41,146.858,688.499,2,4,compressed_ring_ar
1778536002.562097,13,53,0.443647,160.95,142.904,794.004,2,4,compressed_ring_ar
1778536003.3030324,13,54,0.680878,183.97,222.87,694.422,2,4,compressed_ring_ar
1778536004.0022755,13,55,0.407225,199.44,167.023,640.471,2,4,compressed_ring_ar
1778536004.7806046,13,56,0.655115,174.46,258.715,732.591,2,4,compressed_ring_ar
1778536005.5066104,13,57,0.536267,189.35,147.667,675.199,2,4,compressed_ring_ar
1778536006.2021441,13,58,0.577953,198.7,170.434,642.769,2,4,compressed_ring_ar
1778536006.9176667,13,59,0.448692,189.22,182.083,675.137,2,4,compressed_ring_ar
1778536007.654013,13,60,0.565801,184.82,209.679,690.365,2,4,compressed_ring_ar
1778536008.3882942,13,61,0.629876,186.01,219.566,686.921,2,4,compressed_ring_ar
1778536009.0880282,13,62,0.546209,195.75,165.524,652.511,2,4,compressed_ring_ar
1778536009.800673,13,63,0.524903,191.93,173.38,664.004,2,4,compressed_ring_ar
1778536010.522562,13,64,0.688853,188.64,220.47,677.158,2,4,compressed_ring_ar
1778536011.2471042,13,65,0.512936,188.17,191.459,675.701,2,4,compressed_ring_ar
1778536011.9738855,13,66,0.553115,186.44,208.496,684.537,2,4,compressed_ring_ar
1778536012.7453518,13,67,0.645173,180.69,139.235,703.793,2,4,compressed_ring_ar
1778536013.5253081,13,68,0.556689,174.6,194.653,727.734,2,4,compressed_ring_ar
1778536014.2226906,13,69,0.494705,194.1,210.146,657.869,2,4,compressed_ring_ar
1778536015.0668814,13,70,0.464093,160.57,150.126,795.804,2,4,compressed_ring_ar
1778536015.8478203,13,71,0.556887,174.12,179.623,733.731,2,4,compressed_ring_ar
1778536016.6057808,13,72,0.574112,181.5,167.369,703.923,2,4,compressed_ring_ar
1778536017.3592045,13,73,0.66143,183.19,166.837,697.373,2,4,compressed_ring_ar
1778536018.0973706,13,74,0.681222,188.23,149.599,676.056,2,4,compressed_ring_ar
1778536018.9218433,13,75,0.76531,165.6,133.898,771.684,2,4,compressed_ring_ar
1778536019.6457396,13,76,0.558404,190.16,162.74,670.861,2,4,compressed_ring_ar
1778536020.3702178,13,77,0.543943,188.76,216.87,676.79,2,4,compressed_ring_ar
1778536021.0734468,13,78,0.497798,197.22,134.459,647.697,2,4,compressed_ring_ar
1778536021.8693197,13,79,0.486301,169.6,146.985,750.24,2,4,compressed_ring_ar
1778536022.6091356,13,80,0.479093,183.74,132.483,695.221,2,4,compressed_ring_ar
1778536023.3588736,13,81,0.584411,182.09,121.858,701.539,2,4,compressed_ring_ar
1778536024.1408634,13,82,0.47031,177.69,188.792,719.016,2,4,compressed_ring_ar
1778536024.889543,13,83,0.493406,184.55,161.471,691.586,2,4,compressed_ring_ar
1778536025.6213639,13,84,0.605873,185.7,217.2,687.949,2,4,compressed_ring_ar
1778536026.3837867,13,85,0.636658,179.37,142.047,712.286,2,4,compressed_ring_ar
1778536027.098924,13,86,0.484559,194.4,149.069,655.451,2,4,compressed_ring_ar
1778536027.843039,13,87,0.499749,182.86,209.681,698.591,2,4,compressed_ring_ar
1778536028.5935705,13,88,0.577306,179.6,227.833,710.536,2,4,compressed_ring_ar
1778536029.3670855,13,89,0.546211,174.28,273.451,733.051,2,4,compressed_ring_ar
1778536030.2651873,13,90,0.574349,150.49,134.392,849.092,2,4,compressed_ring_ar
1778536030.9877071,13,91,0.6374,187.47,201.537,680.632,2,4,compressed_ring_ar
1778536031.7753918,13,92,0.504888,173.79,207.785,735.384,2,4,compressed_ring_ar
1778536032.5019977,13,93,0.494337,187.29,141.507,682.037,2,4,compressed_ring_ar
1778536033.2533529,13,94,0.719775,178.68,291.481,715.037,2,4,compressed_ring_ar
1778536033.9794497,13,95,0.587859,187.28,146.79,681.39,2,4,compressed_ring_ar
1778536034.8000329,13,96,0.703872,164.92,290.65,774.791,2,4,compressed_ring_ar
1778536035.398922,13,97,0.435584,149.87,172.294,552.978,2,4,compressed_ring_ar
1778536046.8203423,14,0,0.605353,160.76,195.4,794.79,2,4,compressed_ring_ar
1778536047.567379,14,1,0.662527,184.68,144.722,689.87,2,4,compressed_ring_ar
1778536048.2902155,14,2,0.554814,193.2,140.771,658.376,2,4,compressed_ring_ar
1778536049.101249,14,3,0.592223,168.64,134.792,757.738,2,4,compressed_ring_ar
1778536049.8150113,14,4,0.505447,191.39,162.206,664.276,2,4,compressed_ring_ar
1778536050.5581255,14,5,0.466183,185.01,139.445,690.681,2,4,compressed_ring_ar
1778536051.2923777,14,6,0.435376,185.46,149.893,686.891,2,4,compressed_ring_ar
1778536051.9846458,14,7,0.619856,196.36,180.447,650.612,2,4,compressed_ring_ar
1778536052.7345102,14,8,0.447772,181.11,215.2,705.329,2,4,compressed_ring_ar
1778536053.47674,14,9,0.70631,186.5,157.915,684.941,2,4,compressed_ring_ar
1778536054.2133415,14,10,0.417326,189.24,156.263,672.874,2,4,compressed_ring_ar
1778536055.0049448,14,11,0.469826,170.29,203.18,744.613,2,4,compressed_ring_ar
1778536055.793131,14,12,0.493667,173.55,149.258,733.708,2,4,compressed_ring_ar
1778536056.5262845,14,13,0.320374,192.78,143.877,662.542,2,4,compressed_ring_ar
1778536057.2160575,14,14,0.449478,200.87,148.077,635.834,2,4,compressed_ring_ar
1778536057.9826958,14,15,0.483314,180.82,133.154,706.515,2,4,compressed_ring_ar
1778536058.6885295,14,16,0.539972,194.73,174.917,656.088,2,4,compressed_ring_ar
1778536059.3851626,14,17,0.526753,196.01,159.815,651.575,2,4,compressed_ring_ar
1778536060.0716686,14,18,0.539343,203.55,133.343,625.263,2,4,compressed_ring_ar
1778536060.886413,14,19,0.506239,169.05,289.972,755.899,2,4,compressed_ring_ar
1778536061.6508582,14,20,0.482875,176.52,221.528,719.601,2,4,compressed_ring_ar
1778536062.3506403,14,21,0.566232,204.75,133.582,623.792,2,4,compressed_ring_ar
1778536063.1521754,14,22,0.487258,168.57,263.723,758.171,2,4,compressed_ring_ar
1778536063.8826113,14,23,0.7556,189.23,140.687,674.393,2,4,compressed_ring_ar
1778536064.5948317,14,24,0.5288,191.38,209.938,667.412,2,4,compressed_ring_ar
1778536065.3245237,14,25,0.647549,185.71,222.704,687.887,2,4,compressed_ring_ar
1778536066.0405457,14,26,0.591652,190.67,191.745,664.522,2,4,compressed_ring_ar
1778536066.781196,14,27,0.346787,183.6,175.236,695.761,2,4,compressed_ring_ar
1778536067.5359495,14,28,0.529633,181.95,136.841,701.217,2,4,compressed_ring_ar
1778536068.2928834,14,29,0.460696,180.59,155.046,707.5,2,4,compressed_ring_ar
1778536068.99481,14,30,0.449379,196.27,144.675,647.699,2,4,compressed_ring_ar
1778536069.8503692,14,31,0.619921,157.05,164.862,813.763,2,4,compressed_ring_ar
1778536070.5717366,14,32,0.4915,192.87,201.101,662.256,2,4,compressed_ring_ar
1778536071.308788,14,33,0.494117,185.83,140.103,686.481,2,4,compressed_ring_ar
1778536072.0879302,14,34,0.495477,174.89,228.876,730.463,2,4,compressed_ring_ar
1778536072.7820728,14,35,0.554401,198.89,165.95,642.101,2,4,compressed_ring_ar
1778536073.5344336,14,36,0.485546,181.23,198.289,704.786,2,4,compressed_ring_ar
1778536074.2384996,14,37,0.570218,195.49,139.112,653.691,2,4,compressed_ring_ar
1778536074.9628289,14,38,0.457437,188.2,167.831,677.119,2,4,compressed_ring_ar
1778536075.6906664,14,39,0.68977,186.96,212.644,683.326,2,4,compressed_ring_ar
1778536076.53889,14,40,0.469849,158.99,160.155,803.712,2,4,compressed_ring_ar
1778536077.31054,14,41,0.54254,181.72,183.73,702.987,2,4,compressed_ring_ar
1778536078.057423,14,42,0.635143,184.32,141.197,693.174,2,4,compressed_ring_ar
1778536078.892837,14,43,0.547788,163.85,192.138,775.589,2,4,compressed_ring_ar
1778536079.5480263,14,44,0.51854,216.26,147.235,590.515,2,4,compressed_ring_ar
1778536080.4309647,14,45,0.42117,153.47,231.146,832.907,2,4,compressed_ring_ar
1778536081.1176496,14,46,0.400974,204.4,141.892,624.866,2,4,compressed_ring_ar
1778536081.8728805,14,47,0.492541,181.14,205.451,705.35,2,4,compressed_ring_ar
1778536082.5958824,14,48,0.565924,190.83,142.883,669.5,2,4,compressed_ring_ar
1778536083.3579717,14,49,0.44757,177.37,231.329,719.464,2,4,compressed_ring_ar
1778536084.1559765,14,50,0.572756,170.0,370.118,749.813,2,4,compressed_ring_ar
1778536084.9361944,14,51,0.583033,178.7,174.102,714.952,2,4,compressed_ring_ar
1778536085.6887343,14,52,0.679485,181.72,154.911,703.355,2,4,compressed_ring_ar
1778536086.4456868,14,53,0.460072,180.58,140.18,705.888,2,4,compressed_ring_ar
1778536087.2791412,14,54,0.541935,163.24,219.089,781.664,2,4,compressed_ring_ar
1778536088.0639703,14,55,0.391509,175.63,256.198,727.626,2,4,compressed_ring_ar
1778536088.7626348,14,56,0.442069,201.71,139.364,632.493,2,4,compressed_ring_ar
1778536089.4683373,14,57,0.494103,193.88,185.367,658.859,2,4,compressed_ring_ar
1778536090.1977832,14,58,0.570962,187.8,142.348,677.096,2,4,compressed_ring_ar
1778536090.9682312,14,59,0.554997,176.11,231.546,725.351,2,4,compressed_ring_ar
1778536091.7627776,14,60,0.456662,172.33,138.563,739.485,2,4,compressed_ring_ar
1778536092.4945707,14,61,0.497761,185.65,152.582,687.33,2,4,compressed_ring_ar
1778536093.232759,14,62,0.54369,185.86,143.126,687.308,2,4,compressed_ring_ar
1778536094.0909216,14,63,0.645743,157.85,144.759,809.527,2,4,compressed_ring_ar
1778536094.8515441,14,64,0.605965,179.59,145.794,711.402,2,4,compressed_ring_ar
1778536095.5419607,14,65,0.574929,200.77,130.652,634.839,2,4,compressed_ring_ar
1778536096.2783973,14,66,0.59561,184.95,192.536,690.198,2,4,compressed_ring_ar
1778536097.0013676,14,67,0.456884,191.84,159.261,665.788,2,4,compressed_ring_ar
1778536097.7447312,14,68,0.4889,182.26,183.303,700.873,2,4,compressed_ring_ar
1778536098.50594,14,69,0.447708,180.97,154.61,705.898,2,4,compressed_ring_ar
1778536099.2579796,14,70,0.535872,185.53,179.241,686.882,2,4,compressed_ring_ar
1778536100.0037076,14,71,0.634182,182.49,175.484,700.015,2,4,compressed_ring_ar
1778536100.7710924,14,72,0.542707,178.89,172.224,711.71,2,4,compressed_ring_ar
1778536101.4931157,14,73,0.582013,191.11,142.965,666.791,2,4,compressed_ring_ar
1778536102.273356,14,74,0.550567,174.08,144.494,733.921,2,4,compressed_ring_ar
1778536102.9958036,14,75,0.685519,191.13,139.597,668.544,2,4,compressed_ring_ar
1778536103.7719069,14,76,0.469229,178.14,169.388,717.164,2,4,compressed_ring_ar
1778536104.5021112,14,77,0.451387,186.08,210.985,686.763,2,4,compressed_ring_ar
1778536105.20202,14,78,0.484035,198.71,152.26,642.757,2,4,compressed_ring_ar
1778536105.9312081,14,79,0.561855,186.81,144.529,683.836,2,4,compressed_ring_ar
1778536106.669091,14,80,0.584098,183.86,165.43,694.896,2,4,compressed_ring_ar
1778536107.4390259,14,81,0.485265,178.24,156.669,716.707,2,4,compressed_ring_ar
1778536108.3064268,14,82,0.457122,156.95,154.386,812.279,2,4,compressed_ring_ar
1778536109.068083,14,83,0.49087,181.82,264.66,702.656,2,4,compressed_ring_ar
1778536109.8856869,14,84,0.45924,175.02,161.959,729.961,2,4,compressed_ring_ar
1778536110.6282122,14,85,0.47868,183.52,188.903,696.136,2,4,compressed_ring_ar
1778536111.4056842,14,86,0.588316,175.55,190.777,725.043,2,4,compressed_ring_ar
1778536112.159004,14,87,0.553976,179.55,138.211,711.498,2,4,compressed_ring_ar
1778536112.8881035,14,88,0.476322,185.99,218.609,686.848,2,4,compressed_ring_ar
1778536113.626936,14,89,0.484096,183.44,205.732,696.485,2,4,compressed_ring_ar
1778536114.4264612,14,90,0.547223,168.77,293.531,756.001,2,4,compressed_ring_ar
1778536115.1822515,14,91,0.438346,179.76,219.94,708.387,2,4,compressed_ring_ar
1778536115.9084718,14,92,0.539914,185.72,256.923,684.19,2,4,compressed_ring_ar
1778536116.64374,14,93,0.459601,183.58,189.623,692.841,2,4,compressed_ring_ar
1778536117.3671954,14,94,0.450303,187.94,145.527,679.921,2,4,compressed_ring_ar
1778536118.0937748,14,95,0.527736,186.83,221.692,680.303,2,4,compressed_ring_ar
1778536118.8283098,14,96,0.574964,184.5,251.816,692.411,2,4,compressed_ring_ar
1778536119.472158,14,97,0.601105,137.04,223.918,603.97,2,4,compressed_ring_ar
1778536130.4016047,15,0,0.482788,168.98,165.946,756.369,2,4,compressed_ring_ar
1778536131.2186804,15,1,0.566482,169.03,173.561,755.45,2,4,compressed_ring_ar
1778536131.992178,15,2,0.505918,177.03,235.523,721.776,2,4,compressed_ring_ar
1778536132.7132685,15,3,0.686514,188.36,187.393,678.403,2,4,compressed_ring_ar
1778536133.4506376,15,4,0.491991,183.68,205.206,694.377,2,4,compressed_ring_ar
1778536134.1948133,15,5,0.53301,183.39,356.16,696.591,2,4,compressed_ring_ar
1778536134.9329762,15,6,0.40143,182.46,267.119,700.206,2,4,compressed_ring_ar
1778536135.7035317,15,7,0.578567,178.34,195.355,713.822,2,4,compressed_ring_ar
1778536136.4459114,15,8,0.669681,183.54,162.256,696.126,2,4,compressed_ring_ar
1778536137.1891656,15,9,0.462389,182.41,193.097,700.366,2,4,compressed_ring_ar
1778536138.0019243,15,10,0.548746,166.28,158.074,768.344,2,4,compressed_ring_ar
1778536138.7240407,15,11,0.475337,190.35,136.709,671.234,2,4,compressed_ring_ar
1778536139.4606357,15,12,0.351625,186.9,166.971,683.429,2,4,compressed_ring_ar
1778536140.1966634,15,13,0.518849,184.47,190.112,692.529,2,4,compressed_ring_ar
1778536140.9157188,15,14,0.517275,188.87,167.906,676.309,2,4,compressed_ring_ar
1778536141.739008,15,15,0.456557,168.71,188.56,755.739,2,4,compressed_ring_ar
1778536142.437112,15,16,0.508481,194.51,206.389,655.892,2,4,compressed_ring_ar
1778536143.240522,15,17,0.594027,168.6,293.692,757.831,2,4,compressed_ring_ar
1778536144.0046322,15,18,0.564915,180.66,142.77,703.466,2,4,compressed_ring_ar
1778536144.7401857,15,19,0.439151,188.19,144.774,678.733,2,4,compressed_ring_ar
1778536145.467894,15,20,0.401245,186.74,167.621,684.111,2,4,compressed_ring_ar
1778536146.1980858,15,21,0.397491,185.95,207.623,687.127,2,4,compressed_ring_ar
1778536146.9447265,15,22,0.589391,185.86,143.313,687.344,2,4,compressed_ring_ar
1778536147.7033713,15,23,0.424812,177.4,249.242,716.006,2,4,compressed_ring_ar
1778536148.390832,15,24,0.650676,200.04,165.835,636.466,2,4,compressed_ring_ar
1778536149.1684172,15,25,0.498385,174.95,348.485,730.258,2,4,compressed_ring_ar
1778536149.88462,15,26,0.505925,191.52,137.03,665.01,2,4,compressed_ring_ar
1778536150.6617405,15,27,0.415215,174.95,412.145,727.4,2,4,compressed_ring_ar
1778536151.4006934,15,28,0.519513,183.8,161.042,695.013,2,4,compressed_ring_ar
1778536152.1505895,15,29,0.408623,180.76,218.608,706.839,2,4,compressed_ring_ar
1778536152.9052358,15,30,0.391591,183.66,176.353,692.687,2,4,compressed_ring_ar
1778536153.642213,15,31,0.370551,186.58,167.599,683.459,2,4,compressed_ring_ar
1778536154.421497,15,32,0.483697,176.84,320.654,722.462,2,4,compressed_ring_ar
1778536155.1719356,15,33,0.398977,181.44,152.88,704.076,2,4,compressed_ring_ar
1778536155.977765,15,34,0.418784,167.46,140.692,762.91,2,4,compressed_ring_ar
1778536156.7394397,15,35,0.646702,177.73,209.349,718.84,2,4,compressed_ring_ar
1778536157.4910922,15,36,0.528449,180.55,197.309,705.93,2,4,compressed_ring_ar
1778536158.1705782,15,37,0.525268,199.72,272.941,636.062,2,4,compressed_ring_ar
1778536158.8981676,15,38,0.572067,185.01,255.048,689.843,2,4,compressed_ring_ar
1778536159.7743697,15,39,0.446994,153.38,459.661,831.553,2,4,compressed_ring_ar
1778536160.471193,15,40,0.744962,199.17,159.145,640.272,2,4,compressed_ring_ar
1778536161.2973177,15,41,0.517333,164.56,297.439,773.535,2,4,compressed_ring_ar
1778536162.01331,15,42,0.500789,188.95,200.892,676.034,2,4,compressed_ring_ar
1778536162.7600148,15,43,0.446766,183.36,189.0,696.927,2,4,compressed_ring_ar
1778536163.512133,15,44,0.593534,179.96,176.55,708.404,2,4,compressed_ring_ar
1778536164.3179436,15,45,0.579876,172.6,223.617,740.193,2,4,compressed_ring_ar
1778536164.99378,15,46,0.451224,205.02,132.95,621.761,2,4,compressed_ring_ar
1778536165.7454767,15,47,0.513279,179.69,249.149,711.005,2,4,compressed_ring_ar
1778536166.5255253,15,48,0.562718,174.68,168.425,731.339,2,4,compressed_ring_ar
1778536167.2428665,15,49,0.427279,195.0,129.624,655.059,2,4,compressed_ring_ar
1778536167.9914465,15,50,0.543786,183.63,150.585,695.632,2,4,compressed_ring_ar
1778536168.704248,15,51,0.562505,191.83,183.149,664.658,2,4,compressed_ring_ar
1778536169.4829717,15,52,0.394125,173.28,326.827,735.472,2,4,compressed_ring_ar
1778536170.2161026,15,53,0.500148,187.77,150.554,680.363,2,4,compressed_ring_ar
1778536170.9171965,15,54,0.490979,196.5,157.489,650.015,2,4,compressed_ring_ar
1778536171.6476395,15,55,0.585517,187.0,156.964,681.333,2,4,compressed_ring_ar
1778536172.3443224,15,56,0.513536,196.51,181.196,648.615,2,4,compressed_ring_ar
1778536173.0657263,15,57,0.672278,187.5,346.949,681.294,2,4,compressed_ring_ar
1778536173.90842,15,58,0.358134,158.85,396.681,804.575,2,4,compressed_ring_ar
1778536174.590757,15,59,0.459856,202.06,133.812,632.016,2,4,compressed_ring_ar
1778536175.3286498,15,60,0.353185,184.99,229.938,690.507,2,4,compressed_ring_ar
1778536176.104834,15,61,0.413175,176.69,164.753,718.23,2,4,compressed_ring_ar
1778536176.8676066,15,62,0.550773,177.45,215.182,719.125,2,4,compressed_ring_ar
1778536177.6228054,15,63,0.56946,184.44,145.95,691.356,2,4,compressed_ring_ar
1778536178.3832495,15,64,0.600808,178.43,230.786,716.183,2,4,compressed_ring_ar
1778536179.1114883,15,65,0.476393,188.52,182.736,677.673,2,4,compressed_ring_ar
1778536179.8643453,15,66,0.554735,180.77,191.602,706.173,2,4,compressed_ring_ar
1778536180.6289332,15,67,0.542433,175.9,236.608,726.402,2,4,compressed_ring_ar
1778536181.4037104,15,68,0.49515,175.21,142.122,727.567,2,4,compressed_ring_ar
1778536182.1653814,15,69,0.52327,178.33,167.055,716.536,2,4,compressed_ring_ar
1778536183.0913682,15,70,0.407471,146.95,181.277,869.684,2,4,compressed_ring_ar
1778536183.9480762,15,71,0.372209,158.7,312.602,805.2,2,4,compressed_ring_ar
1778536184.6986928,15,72,0.4986,187.48,160.507,681.335,2,4,compressed_ring_ar
1778536185.4192207,15,73,0.444914,192.55,145.541,663.287,2,4,compressed_ring_ar
1778536186.145543,15,74,0.385893,189.47,175.968,674.154,2,4,compressed_ring_ar
1778536187.0020242,15,75,0.398651,158.13,167.686,807.673,2,4,compressed_ring_ar
1778536187.7068596,15,76,0.529064,199.36,146.86,640.515,2,4,compressed_ring_ar
1778536188.3999977,15,77,0.489785,202.43,155.396,630.235,2,4,compressed_ring_ar
1778536189.1570075,15,78,0.58153,179.41,307.171,712.09,2,4,compressed_ring_ar
1778536189.9069118,15,79,0.455684,180.09,159.849,706.254,2,4,compressed_ring_ar
1778536190.6390295,15,80,0.523917,185.24,160.507,689.657,2,4,compressed_ring_ar
1778536191.4218757,15,81,0.444444,173.57,133.162,736.107,2,4,compressed_ring_ar
1778536192.1923127,15,82,0.450718,175.63,262.475,727.544,2,4,compressed_ring_ar
1778536192.9178815,15,83,0.512894,188.95,153.469,675.218,2,4,compressed_ring_ar
1778536193.6845627,15,84,0.61144,176.79,200.603,722.586,2,4,compressed_ring_ar
1778536194.3945055,15,85,0.437466,191.43,193.832,667.283,2,4,compressed_ring_ar
1778536195.1344807,15,86,0.683545,183.88,185.01,692.267,2,4,compressed_ring_ar
1778536196.0641832,15,87,0.462434,148.31,165.532,861.636,2,4,compressed_ring_ar
1778536196.7932494,15,88,0.52838,189.17,142.922,675.36,2,4,compressed_ring_ar
1778536197.5751982,15,89,0.500352,173.54,136.043,736.186,2,4,compressed_ring_ar
1778536198.3532991,15,90,0.401399,172.96,274.495,738.772,2,4,compressed_ring_ar
1778536199.0738673,15,91,0.504578,189.74,152.771,668.063,2,4,compressed_ring_ar
1778536199.8043823,15,92,0.557038,184.54,199.391,692.222,2,4,compressed_ring_ar
1778536200.5034816,15,93,0.459192,195.9,159.402,651.678,2,4,compressed_ring_ar
1778536201.2448926,15,94,0.484716,183.79,135.163,695.008,2,4,compressed_ring_ar
1778536201.9706137,15,95,0.360243,188.27,140.974,678.552,2,4,compressed_ring_ar
1778536202.7102513,15,96,0.437626,186.95,143.097,683.3,2,4,compressed_ring_ar
1778536203.3570833,15,97,0.473994,136.27,251.429,610.127,2,4,compressed_ring_ar
1778536214.9258645,16,0,0.371677,183.55,197.548,696.019,2,4,compressed_ring_ar
1778536215.77751,16,1,0.446206,158.19,159.637,807.027,2,4,compressed_ring_ar
1778536216.4977617,16,2,0.560704,190.61,156.847,670.193,2,4,compressed_ring_ar
1778536217.2332244,16,3,0.577851,186.45,211.199,683.973,2,4,compressed_ring_ar
1778536217.948347,16,4,0.477071,191.05,175.928,666.821,2,4,compressed_ring_ar
1778536218.6781917,16,5,0.518097,188.59,137.572,677.346,2,4,compressed_ring_ar
1778536219.4078648,16,6,0.528589,188.06,195.609,677.477,2,4,compressed_ring_ar
1778536220.20005,16,7,0.335548,169.27,400.63,754.837,2,4,compressed_ring_ar
1778536220.8870325,16,8,0.478451,201.02,141.962,633.629,2,4,compressed_ring_ar
1778536221.6238496,16,9,0.532503,186.76,134.546,684.118,2,4,compressed_ring_ar
1778536222.3368773,16,10,0.547109,190.67,175.238,669.905,2,4,compressed_ring_ar
1778536223.0584807,16,11,0.536246,188.59,162.24,677.339,2,4,compressed_ring_ar
1778536223.8236542,16,12,0.4957,178.42,151.749,712.947,2,4,compressed_ring_ar
1778536224.5365727,16,13,0.390091,191.91,141.21,664.743,2,4,compressed_ring_ar
1778536225.2703004,16,14,0.672138,185.93,181.267,686.373,2,4,compressed_ring_ar
1778536225.998579,16,15,0.591064,186.61,181.508,684.545,2,4,compressed_ring_ar
1778536226.730143,16,16,0.560949,189.16,176.888,675.221,2,4,compressed_ring_ar
1778536227.4933217,16,17,0.532152,176.61,231.572,723.426,2,4,compressed_ring_ar
1778536228.2050593,16,18,0.510873,192.49,193.995,662.14,2,4,compressed_ring_ar
1778536228.9329112,16,19,0.516962,185.41,294.664,689.221,2,4,compressed_ring_ar
1778536229.6660264,16,20,0.447859,186.0,176.529,686.937,2,4,compressed_ring_ar
1778536230.40433,16,21,0.49762,185.5,143.876,688.654,2,4,compressed_ring_ar
1778536231.120384,16,22,0.457194,192.15,166.29,663.731,2,4,compressed_ring_ar
1778536231.819852,16,23,0.520334,195.64,160.854,652.528,2,4,compressed_ring_ar
1778536232.5586762,16,24,0.425391,184.91,166.765,690.695,2,4,compressed_ring_ar
1778536233.286666,16,25,0.464108,191.22,131.069,667.675,2,4,compressed_ring_ar
1778536234.0108721,16,26,0.391981,189.63,142.996,673.651,2,4,compressed_ring_ar
1778536234.7577746,16,27,0.401288,183.9,138.955,691.871,2,4,compressed_ring_ar
1778536235.4837897,16,28,0.478327,190.03,144.154,672.184,2,4,compressed_ring_ar
1778536236.198349,16,29,0.555821,193.76,172.008,659.514,2,4,compressed_ring_ar
1778536236.8779373,16,30,0.447397,207.84,131.002,614.421,2,4,compressed_ring_ar
1778536237.7147582,16,31,0.41995,161.55,282.091,791.214,2,4,compressed_ring_ar
1778536238.4716156,16,32,0.523553,183.69,158.375,692.481,2,4,compressed_ring_ar
1778536239.337726,16,33,0.368475,158.96,175.136,804.078,2,4,compressed_ring_ar
1778536240.112054,16,34,0.499581,174.42,214.216,732.439,2,4,compressed_ring_ar
1778536240.9154477,16,35,0.576655,169.04,174.928,756.004,2,4,compressed_ring_ar
1778536241.5988083,16,36,0.388622,205.47,130.064,620.037,2,4,compressed_ring_ar
1778536242.3178055,16,37,0.446421,187.95,269.382,677.586,2,4,compressed_ring_ar
1778536243.112205,16,38,0.424146,169.37,401.812,751.604,2,4,compressed_ring_ar
1778536243.885515,16,39,0.486157,174.93,265.997,730.353,2,4,compressed_ring_ar
1778536244.5813816,16,40,0.47912,197.81,137.972,643.886,2,4,compressed_ring_ar
1778536245.3535233,16,41,0.43407,176.86,163.5,722.378,2,4,compressed_ring_ar
1778536246.1169164,16,42,0.448238,181.04,187.441,705.724,2,4,compressed_ring_ar
1778536246.8446097,16,43,0.473728,189.4,147.491,672.756,2,4,compressed_ring_ar
1778536247.5888422,16,44,0.436055,182.13,179.105,700.485,2,4,compressed_ring_ar
1778536248.2840574,16,45,0.432535,197.21,135.91,645.964,2,4,compressed_ring_ar
1778536249.233006,16,46,0.486436,140.71,617.777,908.484,2,4,compressed_ring_ar
1778536249.9889166,16,47,0.506081,183.88,202.614,694.84,2,4,compressed_ring_ar
1778536250.700173,16,48,0.481409,196.25,140.82,649.636,2,4,compressed_ring_ar
1778536251.4119012,16,49,0.35923,191.51,172.979,664.242,2,4,compressed_ring_ar
1778536252.1870575,16,50,0.432189,174.07,225.802,733.96,2,4,compressed_ring_ar
1778536252.917692,16,51,0.340489,187.06,168.429,681.947,2,4,compressed_ring_ar
1778536253.7071524,16,52,0.427918,170.37,310.54,748.622,2,4,compressed_ring_ar
1778536254.4358222,16,53,0.614368,185.34,285.411,689.297,2,4,compressed_ring_ar
1778536255.205029,16,54,0.550535,175.75,186.487,726.768,2,4,compressed_ring_ar
1778536255.9280336,16,55,0.518268,187.75,162.902,679.548,2,4,compressed_ring_ar
1778536256.635302,16,56,0.399771,192.57,167.928,663.305,2,4,compressed_ring_ar
1778536257.4202044,16,57,0.443484,175.0,141.802,730.249,2,4,compressed_ring_ar
1778536258.1927269,16,58,0.710112,178.07,150.279,716.653,2,4,compressed_ring_ar
1778536258.9632316,16,59,0.587881,176.21,228.964,725.01,2,4,compressed_ring_ar
1778536259.7630966,16,60,0.389184,170.59,175.188,748.184,2,4,compressed_ring_ar
1778536260.520445,16,61,0.452372,182.17,207.73,701.099,2,4,compressed_ring_ar
1778536261.2373478,16,62,0.501741,190.68,203.244,667.625,2,4,compressed_ring_ar
1778536262.0050592,16,63,0.460665,175.62,313.212,724.879,2,4,compressed_ring_ar
1778536262.891306,16,64,0.587368,152.66,315.981,837.036,2,4,compressed_ring_ar
1778536263.6383617,16,65,0.537388,187.45,182.485,681.572,2,4,compressed_ring_ar
1778536264.398846,16,66,0.522885,180.42,243.567,708.071,2,4,compressed_ring_ar
1778536265.1357384,16,67,0.577465,191.48,131.594,667.191,2,4,compressed_ring_ar
1778536265.8805425,16,68,0.470381,183.47,165.255,696.646,2,4,compressed_ring_ar
1778536266.598001,16,69,0.325866,189.31,138.982,673.639,2,4,compressed_ring_ar
1778536267.3488767,16,70,0.581258,184.03,327.18,692.892,2,4,compressed_ring_ar
1778536268.1457636,16,71,0.545001,170.63,335.427,749.261,2,4,compressed_ring_ar
1778536268.896034,16,72,0.4469,186.53,161.652,684.808,2,4,compressed_ring_ar
1778536269.611809,16,73,0.511433,189.7,206.673,670.536,2,4,compressed_ring_ar
1778536270.4623044,16,74,0.450033,158.2,296.799,804.89,2,4,compressed_ring_ar
1778536271.2520075,16,75,0.427251,174.52,140.056,732.01,2,4,compressed_ring_ar
1778536272.0187576,16,76,0.462295,175.78,229.195,723.926,2,4,compressed_ring_ar
1778536272.7293642,16,77,0.561929,192.59,151.629,663.19,2,4,compressed_ring_ar
1778536273.4488473,16,78,0.581913,192.75,139.834,662.685,2,4,compressed_ring_ar
1778536274.2115383,16,79,0.355448,176.56,218.398,723.277,2,4,compressed_ring_ar
1778536274.9531436,16,80,0.501233,185.1,185.286,690.127,2,4,compressed_ring_ar
1778536275.6815972,16,81,0.438105,189.18,140.666,674.436,2,4,compressed_ring_ar
1778536276.400218,16,82,0.628609,191.87,149.912,664.751,2,4,compressed_ring_ar
1778536277.1749592,16,83,0.55323,176.58,224.379,717.867,2,4,compressed_ring_ar
1778536277.851327,16,84,0.547885,201.6,130.064,633.551,2,4,compressed_ring_ar
1778536278.601563,16,85,0.522776,179.57,200.916,711.462,2,4,compressed_ring_ar
1778536279.3433013,16,86,0.346842,187.23,153.198,682.332,2,4,compressed_ring_ar
1778536280.0641744,16,87,0.462455,195.64,140.485,650.683,2,4,compressed_ring_ar
1778536280.8058653,16,88,0.49058,184.6,179.017,692.121,2,4,compressed_ring_ar
1778536281.5315459,16,89,0.377665,188.74,154.538,676.809,2,4,compressed_ring_ar
1778536282.285368,16,90,0.604223,185.94,151.859,687.191,2,4,compressed_ring_ar
1778536283.0115237,16,91,0.411664,188.53,148.727,677.564,2,4,compressed_ring_ar
1778536283.7179544,16,92,0.454648,200.58,146.688,636.738,2,4,compressed_ring_ar
1778536284.500461,16,93,0.458182,174.06,149.616,733.988,2,4,compressed_ring_ar
1778536285.2733476,16,94,0.399098,176.01,138.531,726.004,2,4,compressed_ring_ar
1778536286.007212,16,95,0.545299,188.59,146.752,677.338,2,4,compressed_ring_ar
1778536286.7494316,16,96,0.473872,185.81,144.862,687.186,2,4,compressed_ring_ar
1778536287.358263,16,97,0.558906,145.48,273.208,573.075,2,4,compressed_ring_ar
1778536298.4261072,17,0,0.512484,158.63,161.773,803.219,2,4,compressed_ring_ar
1778536299.1602292,17,1,0.432081,183.89,287.016,691.831,2,4,compressed_ring_ar
1778536299.8996532,17,2,0.594349,183.36,213.253,696.802,2,4,compressed_ring_ar
1778536300.6796837,17,3,0.40545,172.96,275.023,738.756,2,4,compressed_ring_ar
1778536301.39141,17,4,0.420926,191.53,168.189,666.982,2,4,compressed_ring_ar
1778536302.1177382,17,5,0.483663,187.59,177.054,680.154,2,4,compressed_ring_ar
1778536303.0266507,17,6,0.392004,147.88,162.517,864.38,2,4,compressed_ring_ar
1778536303.7495286,17,7,0.343805,190.35,154.456,671.077,2,4,compressed_ring_ar
1778536304.4830935,17,8,0.327499,185.3,174.339,688.963,2,4,compressed_ring_ar
1778536305.1887114,17,9,0.498573,192.41,170.433,661.458,2,4,compressed_ring_ar
1778536305.8886533,17,10,0.508068,196.5,150.911,650.079,2,4,compressed_ring_ar
1778536306.6405401,17,11,0.467837,182.14,172.458,701.395,2,4,compressed_ring_ar
1778536307.4321127,17,12,0.505353,171.51,242.808,744.953,2,4,compressed_ring_ar
1778536308.128331,17,13,0.523721,196.01,168.813,651.894,2,4,compressed_ring_ar
1778536308.8325741,17,14,0.396786,194.91,132.801,654.067,2,4,compressed_ring_ar
1778536309.5591793,17,15,0.513333,186.07,220.801,686.592,2,4,compressed_ring_ar
1778536310.2990549,17,16,0.447144,184.97,136.499,687.475,2,4,compressed_ring_ar
1778536311.0414119,17,17,0.376767,185.07,143.468,688.622,2,4,compressed_ring_ar
1778536311.8298657,17,18,0.460355,172.27,431.912,739.108,2,4,compressed_ring_ar
1778536312.5566726,17,19,0.505238,188.55,130.909,676.645,2,4,compressed_ring_ar
1778536313.32192,17,20,0.516668,179.59,199.71,711.406,2,4,compressed_ring_ar
1778536313.997777,17,21,0.544992,205.91,153.311,618.0,2,4,compressed_ring_ar
1778536314.7176769,17,22,0.518186,191.61,206.992,666.796,2,4,compressed_ring_ar
1778536315.4516964,17,23,0.620737,184.61,198.327,691.805,2,4,compressed_ring_ar
1778536316.176533,17,24,0.568815,190.52,160.717,670.466,2,4,compressed_ring_ar
1778536316.933711,17,25,0.472636,179.2,141.369,712.835,2,4,compressed_ring_ar
1778536317.7080576,17,26,0.475452,173.78,214.138,735.357,2,4,compressed_ring_ar
1778536318.4987688,17,27,0.494193,173.84,157.095,734.943,2,4,compressed_ring_ar
1778536319.197954,17,28,0.47376,193.77,166.426,659.17,2,4,compressed_ring_ar
1778536319.8878012,17,29,0.467043,201.85,147.536,632.855,2,4,compressed_ring_ar
1778536320.6247408,17,30,0.369269,184.85,181.854,691.138,2,4,compressed_ring_ar
1778536321.3420537,17,31,0.438527,192.96,143.81,662.036,2,4,compressed_ring_ar
1778536322.0500631,17,32,0.491148,196.74,157.046,648.51,2,4,compressed_ring_ar
1778536322.7822368,17,33,0.393653,188.36,197.541,676.577,2,4,compressed_ring_ar
1778536323.5536032,17,34,0.437915,176.88,191.453,722.314,2,4,compressed_ring_ar
1778536324.309424,17,35,0.394767,184.84,189.934,691.404,2,4,compressed_ring_ar
1778536325.0578725,17,36,0.418517,186.07,134.235,684.932,2,4,compressed_ring_ar
1778536325.8274572,17,37,0.393705,176.39,242.408,724.237,2,4,compressed_ring_ar
1778536326.5534444,17,38,0.553224,193.69,136.847,656.875,2,4,compressed_ring_ar
1778536327.2959802,17,39,0.571463,183.39,175.795,696.547,2,4,compressed_ring_ar
1778536327.9709275,17,40,0.527608,203.73,138.236,625.936,2,4,compressed_ring_ar
1778536328.695247,17,41,0.437279,187.32,222.419,681.933,2,4,compressed_ring_ar
1778536329.44879,17,42,0.389135,181.12,171.221,704.1,2,4,compressed_ring_ar
1778536330.2240615,17,43,0.548434,174.01,357.127,734.236,2,4,compressed_ring_ar
1778536330.9592886,17,44,0.490573,187.82,136.559,679.008,2,4,compressed_ring_ar
1778536331.686904,17,45,0.460138,186.9,221.489,683.314,2,4,compressed_ring_ar
1778536332.4078963,17,46,0.460327,191.03,164.945,668.566,2,4,compressed_ring_ar
1778536333.2090464,17,47,0.557542,168.38,275.284,758.683,2,4,compressed_ring_ar
1778536333.955695,17,48,0.580028,184.48,148.749,692.387,2,4,compressed_ring_ar
1778536334.7766922,17,49,0.393501,164.32,235.398,777.649,2,4,compressed_ring_ar
1778536335.5361428,17,50,0.427757,180.69,156.284,707.039,2,4,compressed_ring_ar
1778536336.2463758,17,51,0.420216,193.11,171.898,661.384,2,4,compressed_ring_ar
1778536336.9714978,17,52,0.361878,186.59,154.529,684.633,2,4,compressed_ring_ar
1778536337.699142,17,53,0.416844,188.32,141.517,678.307,2,4,compressed_ring_ar
1778536338.4399655,17,54,0.37481,183.78,166.327,695.009,2,4,compressed_ring_ar
1778536339.186956,17,55,0.376487,187.58,131.047,679.732,2,4,compressed_ring_ar
1778536339.9393845,17,56,0.610965,178.7,267.367,711.764,2,4,compressed_ring_ar
1778536340.6708124,17,57,0.436116,186.22,144.964,686.074,2,4,compressed_ring_ar
1778536341.4023433,17,58,0.505511,184.32,246.638,693.096,2,4,compressed_ring_ar
1778536342.1678858,17,59,0.489976,177.91,203.146,718.109,2,4,compressed_ring_ar
1778536342.9381177,17,60,0.336706,178.13,139.525,717.2,2,4,compressed_ring_ar
1778536343.6486557,17,61,0.513564,196.65,137.447,649.278,2,4,compressed_ring_ar
1778536344.383503,17,62,0.32665,190.41,164.654,669.237,2,4,compressed_ring_ar
1778536345.162682,17,63,0.298511,173.28,214.802,734.173,2,4,compressed_ring_ar
1778536345.8880918,17,64,0.386251,186.57,190.501,684.714,2,4,compressed_ring_ar
1778536346.6802833,17,65,0.382761,171.79,255.881,743.757,2,4,compressed_ring_ar
1778536347.508354,17,66,0.564638,164.06,214.664,777.649,2,4,compressed_ring_ar
1778536348.2356913,17,67,0.418636,185.37,198.355,689.459,2,4,compressed_ring_ar
1778536348.9670494,17,68,0.495459,185.61,171.372,688.337,2,4,compressed_ring_ar
1778536349.7064924,17,69,0.576404,185.84,160.171,687.021,2,4,compressed_ring_ar
1778536350.4525294,17,70,0.52832,183.96,201.886,694.495,2,4,compressed_ring_ar
1778536351.1691024,17,71,0.380943,189.56,167.95,673.347,2,4,compressed_ring_ar
1778536351.8726556,17,72,0.628641,194.34,176.664,656.819,2,4,compressed_ring_ar
1778536352.5673335,17,73,0.487354,196.59,166.031,649.684,2,4,compressed_ring_ar
1778536353.3979006,17,74,0.431083,164.43,149.295,775.812,2,4,compressed_ring_ar
1778536354.1583238,17,75,0.496898,178.02,217.752,717.68,2,4,compressed_ring_ar
1778536354.8984718,17,76,0.575408,182.02,235.084,700.181,2,4,compressed_ring_ar
1778536355.5874743,17,77,0.406514,197.63,199.176,644.788,2,4,compressed_ring_ar
1778536356.3895645,17,78,0.386053,168.56,236.635,757.701,2,4,compressed_ring_ar
1778536357.0897658,17,79,0.602614,194.98,202.79,650.826,2,4,compressed_ring_ar
1778536357.803507,17,80,0.601343,193.99,148.27,658.423,2,4,compressed_ring_ar
1778536358.6185658,17,81,0.474101,170.23,174.549,749.75,2,4,compressed_ring_ar
1778536359.2756143,17,82,0.580979,214.29,134.935,594.959,2,4,compressed_ring_ar
1778536360.0349276,17,83,0.50657,182.6,144.079,698.729,2,4,compressed_ring_ar
1778536360.7824776,17,84,0.453969,183.1,149.933,697.803,2,4,compressed_ring_ar
1778536361.500559,17,85,0.45816,196.03,154.481,651.712,2,4,compressed_ring_ar
1778536362.2453594,17,86,0.391082,182.36,180.012,700.484,2,4,compressed_ring_ar
1778536363.035386,17,87,0.537608,171.88,167.197,737.999,2,4,compressed_ring_ar
1778536363.829129,17,88,0.432136,173.53,152.631,733.826,2,4,compressed_ring_ar
1778536364.5629003,17,89,0.380727,189.93,136.795,672.558,2,4,compressed_ring_ar
1778536365.330491,17,90,0.3798,179.43,195.406,711.136,2,4,compressed_ring_ar
1778536366.0534844,17,91,0.46475,187.04,246.168,681.345,2,4,compressed_ring_ar
1778536366.8215475,17,92,0.386343,175.53,208.531,727.869,2,4,compressed_ring_ar
1778536367.5182288,17,93,0.46755,199.26,134.056,639.165,2,4,compressed_ring_ar
1778536368.2979443,17,94,0.599807,178.36,133.665,716.263,2,4,compressed_ring_ar
1778536369.0425012,17,95,0.432763,183.32,158.695,696.923,2,4,compressed_ring_ar
1778536369.770398,17,96,0.637411,187.73,149.018,680.455,2,4,compressed_ring_ar
1778536370.4011228,17,97,0.416012,142.97,166.543,578.948,2,4,compressed_ring_ar
1778536381.5708578,18,0,0.467419,169.14,173.366,752.276,2,4,compressed_ring_ar
1778536382.2930257,18,1,0.558726,188.53,179.391,677.554,2,4,compressed_ring_ar
1778536382.997865,18,2,0.449126,197.16,138.04,647.114,2,4,compressed_ring_ar
1778536383.7237735,18,3,0.539843,186.19,259.245,686.472,2,4,compressed_ring_ar
1778536384.4061396,18,4,0.362048,205.18,131.643,621.74,2,4,compressed_ring_ar
1778536385.1576102,18,5,0.535969,179.68,367.997,710.223,2,4,compressed_ring_ar
1778536385.8334682,18,6,0.654758,206.45,146.236,617.224,2,4,compressed_ring_ar
1778536386.6170192,18,7,0.583442,176.58,172.193,723.46,2,4,compressed_ring_ar
1778536387.3239465,18,8,0.438936,192.1,181.958,663.529,2,4,compressed_ring_ar
1778536388.056122,18,9,0.44748,185.12,203.206,688.806,2,4,compressed_ring_ar
1778536388.7896266,18,10,0.435256,185.27,223.461,687.317,2,4,compressed_ring_ar
1778536389.570748,18,11,0.426164,174.26,241.402,731.549,2,4,compressed_ring_ar
1778536390.3194594,18,12,0.593995,180.11,247.925,709.215,2,4,compressed_ring_ar
1778536391.161405,18,13,0.586721,161.99,152.941,788.736,2,4,compressed_ring_ar
1778536391.8774197,18,14,0.460117,192.43,136.033,663.079,2,4,compressed_ring_ar
1778536392.637296,18,15,0.339176,177.28,213.732,720.649,2,4,compressed_ring_ar
1778536393.3163188,18,16,0.367422,200.02,150.004,635.567,2,4,compressed_ring_ar
1778536394.0478733,18,17,0.500151,187.81,167.924,680.158,2,4,compressed_ring_ar
1778536394.758239,18,18,0.497583,192.08,137.07,665.031,2,4,compressed_ring_ar
1778536395.451738,18,19,0.377927,201.66,159.109,633.38,2,4,compressed_ring_ar
1778536396.2120347,18,20,0.530658,178.63,245.926,714.401,2,4,compressed_ring_ar
1778536396.9284034,18,21,0.379667,190.15,188.741,671.925,2,4,compressed_ring_ar
1778536397.6692624,18,22,0.519053,181.71,308.739,700.373,2,4,compressed_ring_ar
1778536398.4182084,18,23,0.4559,180.4,191.774,708.111,2,4,compressed_ring_ar
1778536399.2179675,18,24,0.477747,171.04,147.549,746.946,2,4,compressed_ring_ar
1778536399.937514,18,25,0.522047,190.77,183.492,669.578,2,4,compressed_ring_ar
1778536400.6804209,18,26,0.524989,182.56,200.813,697.843,2,4,compressed_ring_ar
1778536401.390431,18,27,0.422054,194.79,137.174,655.785,2,4,compressed_ring_ar
1778536402.1114311,18,28,0.617205,188.25,220.18,677.861,2,4,compressed_ring_ar
1778536402.8607864,18,29,0.523743,181.98,215.405,702.019,2,4,compressed_ring_ar
1778536403.6092548,18,30,0.434368,184.0,134.879,694.446,2,4,compressed_ring_ar
1778536404.311368,18,31,0.502455,195.74,168.219,652.462,2,4,compressed_ring_ar
1778536405.070052,18,32,0.459961,180.63,140.955,704.636,2,4,compressed_ring_ar
1778536405.82554,18,33,0.445311,180.76,164.601,706.365,2,4,compressed_ring_ar
1778536406.5891545,18,34,0.491249,176.15,209.763,725.214,2,4,compressed_ring_ar
1778536407.3097873,18,35,0.488759,191.25,154.039,668.079,2,4,compressed_ring_ar
1778536408.0095413,18,36,0.442035,196.48,146.124,650.318,2,4,compressed_ring_ar
1778536408.7348647,18,37,0.571307,189.86,162.09,672.816,2,4,compressed_ring_ar
1778536409.4820118,18,38,0.407415,184.82,159.1,691.207,2,4,compressed_ring_ar
1778536410.3379817,18,39,0.349029,159.37,132.962,799.266,2,4,compressed_ring_ar
1778536411.0625496,18,40,0.402193,190.13,149.72,671.823,2,4,compressed_ring_ar
1778536411.7673323,18,41,0.410318,196.9,164.567,648.707,2,4,compressed_ring_ar
1778536412.5583463,18,42,0.455274,171.82,162.754,738.94,2,4,compressed_ring_ar
1778536413.3079362,18,43,0.45394,179.24,224.708,712.781,2,4,compressed_ring_ar
1778536414.0066051,18,44,0.406925,197.03,136.719,648.289,2,4,compressed_ring_ar
1778536414.7012393,18,45,0.467331,195.95,171.092,651.172,2,4,compressed_ring_ar
1778536415.4223592,18,46,0.453162,187.12,241.056,681.827,2,4,compressed_ring_ar
1778536416.160582,18,47,0.414493,182.94,197.685,698.305,2,4,compressed_ring_ar
1778536416.876751,18,48,0.428765,191.09,143.846,667.811,2,4,compressed_ring_ar
1778536417.6307065,18,49,0.394804,182.62,216.88,698.397,2,4,compressed_ring_ar
1778536418.3580418,18,50,0.44112,188.85,170.323,676.426,2,4,compressed_ring_ar
1778536419.1301386,18,51,0.503696,178.58,138.496,715.392,2,4,compressed_ring_ar
1778536419.8714597,18,52,0.482189,184.24,168.992,693.475,2,4,compressed_ring_ar
1778536420.6788304,18,53,0.314656,167.2,146.356,764.222,2,4,compressed_ring_ar
1778536421.4680178,18,54,0.451579,173.27,142.517,734.316,2,4,compressed_ring_ar
1778536422.176117,18,55,0.568444,198.09,136.919,644.81,2,4,compressed_ring_ar
1778536422.901709,18,56,0.421054,187.55,175.514,681.054,2,4,compressed_ring_ar
1778536423.6328895,18,57,0.409635,187.29,158.952,681.232,2,4,compressed_ring_ar
1778536424.4006164,18,58,0.288073,181.02,199.361,705.507,2,4,compressed_ring_ar
1778536425.2155774,18,59,0.61415,166.11,273.685,768.181,2,4,compressed_ring_ar
1778536426.0878613,18,60,0.468443,155.9,453.916,818.846,2,4,compressed_ring_ar
1778536426.8919067,18,61,0.328711,168.82,431.593,756.094,2,4,compressed_ring_ar
1778536427.6249106,18,62,0.570315,186.52,137.299,684.309,2,4,compressed_ring_ar
1778536428.3971567,18,63,0.497463,174.6,245.89,731.918,2,4,compressed_ring_ar
1778536429.1218963,18,64,0.302392,190.71,131.381,668.976,2,4,compressed_ring_ar
1778536429.8177464,18,65,0.463097,198.47,157.793,643.568,2,4,compressed_ring_ar
1778536430.5277517,18,66,0.51871,192.76,141.38,662.668,2,4,compressed_ring_ar
1778536431.2547956,18,67,0.482582,187.59,200.957,680.879,2,4,compressed_ring_ar
1778536432.0268219,18,68,0.544728,176.59,172.914,722.03,2,4,compressed_ring_ar
1778536432.8141844,18,69,0.479431,172.37,225.352,738.109,2,4,compressed_ring_ar
1778536433.5258644,18,70,0.435068,192.99,156.661,661.863,2,4,compressed_ring_ar
1778536434.2550955,18,71,0.382788,187.04,138.367,683.009,2,4,compressed_ring_ar
1778536435.0978484,18,72,0.499183,161.82,146.051,788.688,2,4,compressed_ring_ar
1778536435.867405,18,73,0.533591,177.52,228.982,718.867,2,4,compressed_ring_ar
1778536436.6519518,18,74,0.592155,172.82,206.958,738.533,2,4,compressed_ring_ar
1778536437.4067228,18,75,0.457271,184.11,204.877,693.948,2,4,compressed_ring_ar
1778536438.198542,18,76,0.496913,175.45,153.388,727.252,2,4,compressed_ring_ar
1778536438.9966743,18,77,0.45558,172.17,142.511,742.022,2,4,compressed_ring_ar
1778536439.8618386,18,78,0.366632,156.9,163.115,814.419,2,4,compressed_ring_ar
1778536440.5917087,18,79,0.477232,190.19,174.688,671.594,2,4,compressed_ring_ar
1778536441.3759367,18,80,0.474315,173.21,175.289,737.798,2,4,compressed_ring_ar
1778536442.1100335,18,81,0.566998,186.21,186.599,686.154,2,4,compressed_ring_ar
1778536442.846456,18,82,0.400693,190.55,143.228,668.791,2,4,compressed_ring_ar
1778536443.6469586,18,83,0.47923,169.48,179.409,753.929,2,4,compressed_ring_ar
1778536444.4016612,18,84,0.406835,189.67,136.414,668.59,2,4,compressed_ring_ar
1778536445.1985521,18,85,0.4198,171.17,142.679,743.268,2,4,compressed_ring_ar
1778536445.8960168,18,86,0.498243,197.17,143.967,646.123,2,4,compressed_ring_ar
1778536446.6948602,18,87,0.362906,173.97,261.982,733.855,2,4,compressed_ring_ar
1778536447.4143286,18,88,0.449072,188.97,169.403,675.004,2,4,compressed_ring_ar
1778536448.2084167,18,89,0.700262,170.18,249.559,747.737,2,4,compressed_ring_ar
1778536448.9645176,18,90,0.413084,185.54,154.487,685.725,2,4,compressed_ring_ar
1778536449.7417707,18,91,0.425313,177.17,120.003,718.996,2,4,compressed_ring_ar
1778536450.4552252,18,92,0.505989,189.04,371.156,674.513,2,4,compressed_ring_ar
1778536451.2202203,18,93,0.439262,176.42,265.81,723.143,2,4,compressed_ring_ar
1778536451.9417272,18,94,0.375652,189.6,135.273,673.069,2,4,compressed_ring_ar
1778536452.697861,18,95,0.568232,179.36,144.355,710.868,2,4,compressed_ring_ar
1778536453.4703388,18,96,0.47802,176.94,150.633,721.076,2,4,compressed_ring_ar
1778536454.1525455,18,97,0.542747,128.91,446.352,646.726,2,4,compressed_ring_ar
1778536465.2099178,19,0,0.488572,181.35,187.818,704.305,2,4,compressed_ring_ar
1778536466.0032623,19,1,0.44837,171.96,170.791,743.024,2,4,compressed_ring_ar
1778536466.758525,19,2,0.411227,181.71,139.088,700.032,2,4,compressed_ring_ar
1778536467.4530504,19,3,0.434638,198.75,144.727,642.604,2,4,compressed_ring_ar
1778536468.1682045,19,4,0.528475,194.67,171.112,656.186,2,4,compressed_ring_ar
1778536468.892893,19,5,0.538401,191.36,150.209,667.525,2,4,compressed_ring_ar
1778536469.7358994,19,6,0.558928,159.57,327.915,800.063,2,4,compressed_ring_ar
1778536470.4782403,19,7,0.517586,181.56,328.916,702.757,2,4,compressed_ring_ar
1778536471.1888785,19,8,0.476229,192.43,197.922,663.394,2,4,compressed_ring_ar
1778536471.9250307,19,9,0.350018,183.63,213.578,694.036,2,4,compressed_ring_ar
1778536472.6806653,19,10,0.481643,188.42,152.555,676.599,2,4,compressed_ring_ar
1778536473.4579384,19,11,0.487342,175.57,233.047,727.735,2,4,compressed_ring_ar
1778536474.1631613,19,12,0.47076,195.91,141.174,650.347,2,4,compressed_ring_ar
1778536474.8943067,19,13,0.488147,185.25,228.326,689.532,2,4,compressed_ring_ar
1778536475.6432657,19,14,0.457397,180.99,180.302,705.796,2,4,compressed_ring_ar
1778536476.3585613,19,15,0.43819,189.73,198.664,671.381,2,4,compressed_ring_ar
1778536477.0463257,19,16,0.428453,200.52,142.605,635.866,2,4,compressed_ring_ar
1778536477.8540974,19,17,0.412762,166.44,358.013,767.535,2,4,compressed_ring_ar
1778536478.5738688,19,18,0.632649,191.06,136.956,668.482,2,4,compressed_ring_ar
1778536479.3290007,19,19,0.420445,179.51,147.326,709.939,2,4,compressed_ring_ar
1778536480.0481818,19,20,0.45339,189.87,171.925,672.788,2,4,compressed_ring_ar
1778536480.769245,19,21,0.676483,188.48,181.568,677.762,2,4,compressed_ring_ar
1778536481.527599,19,22,0.353418,180.07,162.619,709.482,2,4,compressed_ring_ar
1778536482.2815204,19,23,0.320905,181.4,157.144,701.683,2,4,compressed_ring_ar
1778536483.0320103,19,24,0.465853,180.07,264.975,709.372,2,4,compressed_ring_ar
1778536483.7934656,19,25,0.375398,179.44,181.096,712.081,2,4,compressed_ring_ar
1778536484.5278296,19,26,0.439025,192.21,165.793,662.813,2,4,compressed_ring_ar
1778536485.2897098,19,27,0.470273,178.95,288.734,710.731,2,4,compressed_ring_ar
1778536486.0443683,19,28,0.284183,179.66,128.095,711.112,2,4,compressed_ring_ar
1778536486.78812,19,29,0.349365,181.62,204.097,703.475,2,4,compressed_ring_ar
1778536487.5131063,19,30,0.417936,192.53,128.362,663.447,2,4,compressed_ring_ar
1778536488.2316623,19,31,0.405509,192.94,149.438,662.105,2,4,compressed_ring_ar
1778536488.944759,19,32,0.35009,192.01,166.487,662.262,2,4,compressed_ring_ar
1778536489.6531157,19,33,0.413638,195.41,144.852,651.756,2,4,compressed_ring_ar
1778536490.412073,19,34,0.452448,177.44,395.212,719.193,2,4,compressed_ring_ar
1778536491.1492045,19,35,0.341362,182.79,209.274,698.879,2,4,compressed_ring_ar
1778536491.9506388,19,36,0.468532,168.51,285.496,756.768,2,4,compressed_ring_ar
1778536492.7211363,19,37,0.513615,175.92,197.05,726.397,2,4,compressed_ring_ar
1778536493.4104173,19,38,0.358374,199.27,158.951,639.353,2,4,compressed_ring_ar
1778536494.188545,19,39,0.512056,174.71,228.703,731.276,2,4,compressed_ring_ar
1778536494.9364185,19,40,0.571085,185.24,144.245,689.631,2,4,compressed_ring_ar
1778536495.679959,19,41,0.422362,183.29,173.135,696.982,2,4,compressed_ring_ar
1778536496.4121876,19,42,0.530051,184.64,253.696,691.011,2,4,compressed_ring_ar
1778536497.128391,19,43,0.345769,191.88,171.268,665.766,2,4,compressed_ring_ar
1778536497.8814123,19,44,0.468756,180.86,177.409,705.937,2,4,compressed_ring_ar
1778536498.61286,19,45,0.525451,186.32,228.758,685.923,2,4,compressed_ring_ar
1778536499.4513779,19,46,0.422508,162.61,184.424,785.799,2,4,compressed_ring_ar
1778536500.316233,19,47,0.493619,158.44,167.91,804.988,2,4,compressed_ring_ar
1778536501.2071068,19,48,0.350256,152.86,183.434,832.693,2,4,compressed_ring_ar
1778536502.018111,19,49,0.472967,167.08,346.164,763.892,2,4,compressed_ring_ar
1778536502.926955,19,50,0.414777,147.61,591.072,865.969,2,4,compressed_ring_ar
1778536503.6373155,19,51,0.324523,193.12,162.951,661.501,2,4,compressed_ring_ar
1778536504.4625697,19,52,0.523003,162.86,366.397,784.597,2,4,compressed_ring_ar
1778536505.2012575,19,53,0.408502,185.07,173.197,690.475,2,4,compressed_ring_ar
1778536505.9191065,19,54,0.484303,192.82,179.986,661.349,2,4,compressed_ring_ar
1778536506.6841261,19,55,0.450778,183.26,188.435,697.162,2,4,compressed_ring_ar
1778536507.4227278,19,56,0.475555,190.17,140.639,669.172,2,4,compressed_ring_ar
1778536508.1396372,19,57,0.380952,191.01,140.71,668.609,2,4,compressed_ring_ar
1778536508.9371302,19,58,0.451701,171.25,246.559,746.073,2,4,compressed_ring_ar
1778536509.6450233,19,59,0.410393,193.95,142.401,658.641,2,4,compressed_ring_ar
1778536510.3664446,19,60,0.600227,190.24,141.871,670.344,2,4,compressed_ring_ar
1778536511.0554686,19,61,0.40587,199.33,194.524,640.785,2,4,compressed_ring_ar
1778536511.8252327,19,62,0.442308,178.85,181.654,714.261,2,4,compressed_ring_ar
1778536512.562722,19,63,0.391924,184.67,173.754,687.321,2,4,compressed_ring_ar
1778536513.3073385,19,64,0.352493,184.66,131.666,691.805,2,4,compressed_ring_ar
1778536514.1495018,19,65,0.463178,159.71,285.129,800.112,2,4,compressed_ring_ar
1778536514.8961015,19,66,0.380068,184.08,163.147,693.636,2,4,compressed_ring_ar
1778536515.618287,19,67,0.576159,187.19,212.96,682.532,2,4,compressed_ring_ar
1778536516.3169675,19,68,0.592781,194.67,193.101,656.021,2,4,compressed_ring_ar
1778536517.1212816,19,69,0.391508,166.6,420.593,767.096,2,4,compressed_ring_ar
1778536517.8385715,19,70,0.528963,196.43,145.494,650.242,2,4,compressed_ring_ar
1778536518.549029,19,71,0.595202,191.04,162.428,668.627,2,4,compressed_ring_ar
1778536519.249055,19,72,0.547392,196.86,159.601,648.898,2,4,compressed_ring_ar
1778536519.995581,19,73,0.433711,182.59,173.556,696.684,2,4,compressed_ring_ar
1778536520.6821156,19,74,0.353267,197.17,181.216,646.131,2,4,compressed_ring_ar
1778536521.4196272,19,75,0.451409,183.86,385.008,692.485,2,4,compressed_ring_ar
1778536522.143271,19,76,0.423481,188.07,180.353,679.178,2,4,compressed_ring_ar
1778536522.8595414,19,77,0.528292,193.72,167.559,659.361,2,4,compressed_ring_ar
1778536523.5917847,19,78,0.509554,186.8,157.369,683.918,2,4,compressed_ring_ar
1778536524.367635,19,79,0.485868,176.56,137.909,722.048,2,4,compressed_ring_ar
1778536525.1234064,19,80,0.425168,181.39,167.434,700.446,2,4,compressed_ring_ar
1778536525.8479385,19,81,0.424128,187.41,199.25,681.081,2,4,compressed_ring_ar
1778536526.6092277,19,82,0.569456,183.07,192.098,695.03,2,4,compressed_ring_ar
1778536527.4816563,19,83,0.523897,154.83,155.617,821.652,2,4,compressed_ring_ar
1778536528.2979486,19,84,0.384502,165.05,323.159,774.035,2,4,compressed_ring_ar
1778536529.1176443,19,85,0.431799,164.4,277.161,772.541,2,4,compressed_ring_ar
1778536529.8780332,19,86,0.479004,176.61,255.42,723.582,2,4,compressed_ring_ar
1778536530.6397407,19,87,0.462572,180.51,179.942,708.068,2,4,compressed_ring_ar
1778536531.331147,19,88,0.463986,202.53,142.61,630.69,2,4,compressed_ring_ar
1778536532.0655003,19,89,0.342701,188.54,162.047,677.484,2,4,compressed_ring_ar
1778536532.8025184,19,90,0.352928,186.19,145.704,686.038,2,4,compressed_ring_ar
1778536533.6133862,19,91,0.352946,172.34,134.613,741.361,2,4,compressed_ring_ar
1778536534.3882833,19,92,0.528989,177.48,134.868,719.785,2,4,compressed_ring_ar
1778536535.1593726,19,93,0.449342,175.05,232.823,729.045,2,4,compressed_ring_ar
1778536535.8460898,19,94,0.517124,203.69,157.613,624.032,2,4,compressed_ring_ar
1778536536.5745256,19,95,0.534855,191.64,135.43,666.517,2,4,compressed_ring_ar
1778536537.2879577,19,96,0.42648,190.91,143.951,669.237,2,4,compressed_ring_ar
1778536537.847422,19,97,0.426384,163.79,138.42,511.053,2,4,compressed_ring_ar
1778536548.993081,20,0,0.472729,178.54,183.499,715.561,2,4,compressed_ring_ar
1778536549.796962,20,1,0.495003,169.73,302.602,752.723,2,4,compressed_ring_ar
1778536550.5301208,20,2,0.569038,185.54,211.204,688.497,2,4,compressed_ring_ar
1778536551.2386253,20,3,0.31802,193.22,142.798,660.739,2,4,compressed_ring_ar
1778536551.9481106,20,4,0.66472,190.37,222.913,671.18,2,4,compressed_ring_ar
1778536552.6490579,20,5,0.412761,197.23,168.409,647.726,2,4,compressed_ring_ar
1778536553.43508,20,6,0.392129,173.66,159.226,735.837,2,4,compressed_ring_ar
1778536554.2009764,20,7,0.433437,178.46,141.253,715.868,2,4,compressed_ring_ar
1778536554.937351,20,8,0.50249,184.97,137.591,689.353,2,4,compressed_ring_ar
1778536555.6284883,20,9,0.474281,198.49,180.529,641.173,2,4,compressed_ring_ar
1778536556.395854,20,10,0.389749,175.58,349.906,727.649,2,4,compressed_ring_ar
1778536557.1174667,20,11,0.466909,188.14,207.311,679.103,2,4,compressed_ring_ar
1778536557.8115623,20,12,0.422908,196.3,164.76,650.722,2,4,compressed_ring_ar
1778536558.5178277,20,13,0.392837,195.37,134.209,649.203,2,4,compressed_ring_ar
1778536559.3095546,20,14,0.472925,169.82,164.275,752.313,2,4,compressed_ring_ar
1778536560.1601708,20,15,0.371514,157.18,309.364,812.977,2,4,compressed_ring_ar
1778536560.9760149,20,16,0.521784,165.83,254.597,770.193,2,4,compressed_ring_ar
1778536561.7284424,20,17,0.437626,183.24,130.828,694.101,2,4,compressed_ring_ar
1778536562.4209068,20,18,0.53316,197.43,155.62,645.464,2,4,compressed_ring_ar
1778536563.1558723,20,19,0.373502,184.09,242.697,694.171,2,4,compressed_ring_ar
1778536563.9329088,20,20,0.645643,175.66,167.075,727.577,2,4,compressed_ring_ar
1778536564.6709461,20,21,0.48796,184.9,180.557,689.898,2,4,compressed_ring_ar
1778536565.3833458,20,22,0.50215,190.78,185.743,669.657,2,4,compressed_ring_ar
1778536566.1008239,20,23,0.482503,189.48,194.106,672.713,2,4,compressed_ring_ar
1778536566.8129826,20,24,0.519092,192.11,155.382,664.685,2,4,compressed_ring_ar
1778536567.5582387,20,25,0.370487,183.35,172.329,696.724,2,4,compressed_ring_ar
1778536568.2729356,20,26,0.532114,193.82,143.956,657.322,2,4,compressed_ring_ar
1778536569.1378043,20,27,0.549424,156.63,336.238,815.896,2,4,compressed_ring_ar
1778536569.8894422,20,28,0.584933,181.02,200.035,705.949,2,4,compressed_ring_ar
1778536570.7278843,20,29,0.462754,161.28,221.425,792.471,2,4,compressed_ring_ar
1778536571.4989436,20,30,0.489357,182.13,145.935,701.396,2,4,compressed_ring_ar
1778536572.2721465,20,31,0.378854,182.88,159.169,696.901,2,4,compressed_ring_ar
1778536573.0332415,20,32,0.494116,181.61,218.877,703.427,2,4,compressed_ring_ar
1778536573.7720914,20,33,0.503417,182.77,187.697,698.984,2,4,compressed_ring_ar
1778536574.6081502,20,34,0.453553,163.31,392.217,777.846,2,4,compressed_ring_ar
1778536575.343767,20,35,0.404749,189.45,195.711,671.423,2,4,compressed_ring_ar
1778536576.0520105,20,36,0.473698,193.93,178.644,658.61,2,4,compressed_ring_ar
1778536576.7387333,20,37,0.387757,198.0,160.215,645.109,2,4,compressed_ring_ar
1778536577.4358256,20,38,0.380094,198.11,174.539,644.699,2,4,compressed_ring_ar
1778536578.1925333,20,39,0.401643,179.99,172.565,707.938,2,4,compressed_ring_ar
1778536578.9387457,20,40,0.48824,182.43,322.765,700.242,2,4,compressed_ring_ar
1778536579.6499906,20,41,0.560257,191.99,146.915,663.188,2,4,compressed_ring_ar
1778536580.3756804,20,42,0.542574,185.57,208.1,688.468,2,4,compressed_ring_ar
1778536581.1040454,20,43,0.444949,188.69,144.543,676.969,2,4,compressed_ring_ar
1778536581.8634653,20,44,0.499511,182.33,168.547,697.757,2,4,compressed_ring_ar
1778536582.5499504,20,45,0.515604,202.59,138.031,629.016,2,4,compressed_ring_ar
1778536583.3456929,20,46,0.405018,169.8,337.331,751.528,2,4,compressed_ring_ar
1778536584.0877259,20,47,0.446284,182.55,271.302,699.696,2,4,compressed_ring_ar
1778536584.8680663,20,48,0.447455,174.42,221.973,726.542,2,4,compressed_ring_ar
1778536585.6463478,20,49,0.555309,175.68,159.968,727.259,2,4,compressed_ring_ar
1778536586.4973187,20,50,0.503071,158.08,167.63,807.238,2,4,compressed_ring_ar
1778536587.2435837,20,51,0.460368,184.04,219.229,693.107,2,4,compressed_ring_ar
1778536587.9189644,20,52,0.460344,206.83,158.884,616.625,2,4,compressed_ring_ar
1778536588.685672,20,53,0.526142,176.2,317.84,723.917,2,4,compressed_ring_ar
1778536589.4125493,20,54,0.494273,185.96,257.819,686.953,2,4,compressed_ring_ar
1778536590.1335113,20,55,0.484757,191.88,147.596,665.779,2,4,compressed_ring_ar
1778536590.882851,20,56,0.692403,182.55,156.356,698.983,2,4,compressed_ring_ar
1778536591.6560562,20,57,0.383857,177.21,144.074,720.888,2,4,compressed_ring_ar
1778536592.406689,20,58,0.457174,182.7,229.572,698.51,2,4,compressed_ring_ar
1778536593.109004,20,59,0.351817,193.86,166.485,657.626,2,4,compressed_ring_ar
1778536593.8702312,20,60,0.355928,179.12,207.708,711.5,2,4,compressed_ring_ar
1778536594.6025157,20,61,0.564637,189.13,147.526,675.442,2,4,compressed_ring_ar
1778536595.3111818,20,62,0.407421,190.61,183.371,668.677,2,4,compressed_ring_ar
1778536596.072612,20,63,0.460705,184.54,175.349,692.31,2,4,compressed_ring_ar
1778536596.8238866,20,64,0.462861,182.26,135.097,700.817,2,4,compressed_ring_ar
1778536597.6100774,20,65,0.46639,172.42,244.929,741.123,2,4,compressed_ring_ar
1778536598.4188566,20,66,0.531058,169.58,319.167,753.493,2,4,compressed_ring_ar
1778536599.1830935,20,67,0.43125,179.43,148.977,712.079,2,4,compressed_ring_ar
1778536599.9216433,20,68,0.361136,184.62,180.203,688.904,2,4,compressed_ring_ar
1778536600.680628,20,69,0.378412,180.05,228.677,707.585,2,4,compressed_ring_ar
1778536601.4132698,20,70,0.397349,187.27,165.46,682.121,2,4,compressed_ring_ar
1778536602.2167406,20,71,0.359981,169.7,165.573,752.046,2,4,compressed_ring_ar
1778536602.9300625,20,72,0.548344,195.75,173.438,650.703,2,4,compressed_ring_ar
1778536603.681189,20,73,0.453767,181.92,219.474,701.609,2,4,compressed_ring_ar
1778536604.4350584,20,74,0.405269,183.86,139.327,694.798,2,4,compressed_ring_ar
1778536605.1650276,20,75,0.393823,186.75,166.347,682.712,2,4,compressed_ring_ar
1778536605.972004,20,76,0.538196,171.57,149.153,744.751,2,4,compressed_ring_ar
1778536606.6673825,20,77,0.374082,197.45,131.433,644.939,2,4,compressed_ring_ar
1778536607.4422204,20,78,0.558712,175.64,398.849,726.779,2,4,compressed_ring_ar
1778536608.1875715,20,79,0.430185,183.41,200.977,696.486,2,4,compressed_ring_ar
1778536608.8844035,20,80,0.517348,206.04,144.74,619.983,2,4,compressed_ring_ar
1778536609.6356392,20,81,0.437233,180.68,218.133,706.545,2,4,compressed_ring_ar
1778536610.3724997,20,82,0.501527,183.06,259.187,696.646,2,4,compressed_ring_ar
1778536611.1524305,20,83,0.396974,174.18,344.323,730.389,2,4,compressed_ring_ar
1778536611.8606648,20,84,0.541092,196.87,134.822,645.915,2,4,compressed_ring_ar
1778536612.5573258,20,85,0.424282,197.93,137.568,645.293,2,4,compressed_ring_ar
1778536613.3780835,20,86,0.439283,165.19,165.052,773.463,2,4,compressed_ring_ar
1778536614.1241982,20,87,0.454786,187.41,188.684,681.89,2,4,compressed_ring_ar
1778536614.9435785,20,88,0.491259,165.61,150.09,771.485,2,4,compressed_ring_ar
1778536615.6500227,20,89,0.493973,200.37,145.549,636.809,2,4,compressed_ring_ar
1778536616.3586388,20,90,0.439287,195.42,143.172,652.704,2,4,compressed_ring_ar
1778536617.0771656,20,91,0.431223,195.74,140.736,652.562,2,4,compressed_ring_ar
1778536617.8901556,20,92,0.498682,166.03,264.057,769.6,2,4,compressed_ring_ar
1778536618.617055,20,93,0.530412,186.78,141.041,682.592,2,4,compressed_ring_ar
1778536619.3551195,20,94,0.450616,185.29,290.834,689.551,2,4,compressed_ring_ar
1778536620.0724769,20,95,0.535678,191.23,172.513,666.966,2,4,compressed_ring_ar
1778536620.8597724,20,96,0.403775,171.28,280.153,744.332,2,4,compressed_ring_ar
1778536621.4796875,20,97,0.556108,144.75,145.408,570.73,2,4,compressed_ring_ar
