timestamp,epoch,iteration,loss,throughput_samp_s,comm_latency_ms,iter_time_ms,rank,world_size,arch
1778539479.0559175,1,0,2.396962,81.31,219.37,1573.888,0,4,compressed_ring_ar
1778539480.5621572,1,1,2.339894,88.78,366.659,1441.008,0,4,compressed_ring_ar
1778539481.9755867,1,2,2.269366,93.66,202.24,1365.304,0,4,compressed_ring_ar
1778539483.4092066,1,3,2.307171,91.81,356.429,1390.879,0,4,compressed_ring_ar
1778539484.8392038,1,4,2.255939,93.31,197.63,1368.412,0,4,compressed_ring_ar
1778539486.2288117,1,5,2.299236,94.81,525.755,1348.675,0,4,compressed_ring_ar
1778539487.673155,1,6,2.314318,91.66,374.024,1395.138,0,4,compressed_ring_ar
1778539489.175124,1,7,2.301363,87.59,197.52,1456.626,0,4,compressed_ring_ar
1778539490.3645842,1,8,2.226979,111.36,391.104,1144.596,0,4,compressed_ring_ar
1778539491.55801,1,9,2.236048,111.34,215.17,1145.018,0,4,compressed_ring_ar
1778539493.0336702,1,10,2.209604,89.46,212.733,1426.932,0,4,compressed_ring_ar
1778539494.3540695,1,11,2.190882,101.02,236.085,1262.234,0,4,compressed_ring_ar
1778539495.6048393,1,12,2.204066,105.6,302.365,1207.511,0,4,compressed_ring_ar
1778539496.8176544,1,13,2.223218,109.6,222.396,1166.51,0,4,compressed_ring_ar
1778539498.1199684,1,14,2.168804,102.17,276.146,1247.778,0,4,compressed_ring_ar
1778539499.3827474,1,15,2.186234,104.74,175.425,1220.656,0,4,compressed_ring_ar
1778539500.7161999,1,16,2.175934,99.93,219.953,1278.585,0,4,compressed_ring_ar
1778539502.0681636,1,17,2.210921,98.12,235.856,1301.726,0,4,compressed_ring_ar
1778539503.5447206,1,18,2.222742,89.45,216.163,1426.173,0,4,compressed_ring_ar
1778539504.9250236,1,19,2.070985,96.85,271.808,1320.496,0,4,compressed_ring_ar
1778539506.2868168,1,20,2.029574,98.33,417.743,1298.872,0,4,compressed_ring_ar
1778539507.814447,1,21,2.107504,86.54,224.956,1472.71,0,4,compressed_ring_ar
1778539509.2282257,1,22,2.152906,93.77,314.345,1360.422,0,4,compressed_ring_ar
1778539510.6675134,1,23,1.901417,93.17,194.542,1369.188,0,4,compressed_ring_ar
1778539511.9840546,1,24,2.042802,101.25,207.664,1259.771,0,4,compressed_ring_ar
1778539513.264646,1,25,2.069861,103.12,203.21,1235.048,0,4,compressed_ring_ar
1778539514.527478,1,26,2.021979,104.74,201.103,1218.034,0,4,compressed_ring_ar
1778539515.8171344,1,27,2.179958,102.6,187.558,1241.571,0,4,compressed_ring_ar
1778539517.2146547,1,28,2.096176,93.88,276.48,1357.419,0,4,compressed_ring_ar
1778539518.6774714,1,29,1.985958,92.25,216.277,1385.383,0,4,compressed_ring_ar
1778539520.1967325,1,30,2.139338,86.68,433.394,1474.455,0,4,compressed_ring_ar
1778539521.4690235,1,31,1.905024,103.61,423.542,1233.478,0,4,compressed_ring_ar
1778539522.8418574,1,32,1.919941,96.5,215.916,1321.941,0,4,compressed_ring_ar
1778539524.190251,1,33,1.998103,98.72,200.134,1291.386,0,4,compressed_ring_ar
1778539525.52963,1,34,1.996289,98.77,330.724,1290.272,0,4,compressed_ring_ar
1778539526.655211,1,35,1.947923,118.38,384.197,1078.371,0,4,compressed_ring_ar
1778539528.0031755,1,36,1.988729,98.16,485.219,1297.889,0,4,compressed_ring_ar
1778539529.2732549,1,37,2.140266,104.83,223.982,1215.113,0,4,compressed_ring_ar
1778539530.5868132,1,38,2.056083,100.53,528.845,1272.009,0,4,compressed_ring_ar
1778539531.918246,1,39,2.024109,99.86,257.131,1277.004,0,4,compressed_ring_ar
1778539533.1907172,1,40,1.938313,104.54,240.202,1219.822,0,4,compressed_ring_ar
1778539534.4214723,1,41,1.868563,108.84,392.593,1171.539,0,4,compressed_ring_ar
1778539535.7746813,1,42,1.921896,98.49,217.267,1294.724,0,4,compressed_ring_ar
1778539537.159147,1,43,1.97448,96.56,200.871,1320.748,0,4,compressed_ring_ar
1778539538.41681,1,44,2.001866,106.75,214.917,1189.833,0,4,compressed_ring_ar
1778539539.7355196,1,45,1.841187,100.77,209.993,1265.374,0,4,compressed_ring_ar
1778539541.1638684,1,46,1.736249,98.55,302.821,1297.506,0,4,compressed_ring_ar
1778539542.6182518,1,47,1.886438,90.87,346.29,1401.1,0,4,compressed_ring_ar
1778539543.7988348,1,48,1.858637,112.73,183.257,1130.412,0,4,compressed_ring_ar
1778539545.149923,1,49,1.855324,98.53,218.149,1294.665,0,4,compressed_ring_ar
1778539546.5541663,1,50,1.905326,95.79,214.531,1334.587,0,4,compressed_ring_ar
1778539547.8234224,1,51,1.833408,104.46,325.157,1223.705,0,4,compressed_ring_ar
1778539549.1985312,1,52,1.822609,96.73,375.453,1321.799,0,4,compressed_ring_ar
1778539550.6175518,1,53,1.816473,93.14,357.174,1368.533,0,4,compressed_ring_ar
1778539551.896909,1,54,1.766147,103.28,188.439,1237.031,0,4,compressed_ring_ar
1778539553.1554337,1,55,1.873179,104.53,427.283,1219.917,0,4,compressed_ring_ar
1778539554.3968904,1,56,1.96327,107.63,289.368,1182.598,0,4,compressed_ring_ar
1778539555.6809802,1,57,1.721797,102.6,188.125,1246.315,0,4,compressed_ring_ar
1778539557.0566869,1,58,1.672993,96.19,387.0,1323.95,0,4,compressed_ring_ar
1778539558.3147593,1,59,1.825386,106.06,195.429,1202.376,0,4,compressed_ring_ar
1778539559.6713479,1,60,1.941665,100.04,267.402,1274.514,0,4,compressed_ring_ar
1778539560.9002163,1,61,1.68027,107.63,226.65,1182.512,0,4,compressed_ring_ar
1778539562.0751708,1,62,1.68553,112.15,252.81,1136.824,0,4,compressed_ring_ar
1778539563.2937922,1,63,1.84351,108.38,251.084,1177.661,0,4,compressed_ring_ar
1778539564.5537944,1,64,1.654431,105.07,200.269,1213.703,0,4,compressed_ring_ar
1778539565.9706922,1,65,1.870053,95.87,292.895,1330.164,0,4,compressed_ring_ar
1778539567.132906,1,66,1.676164,113.45,286.709,1127.099,0,4,compressed_ring_ar
1778539568.5963347,1,67,1.782332,91.9,191.844,1387.054,0,4,compressed_ring_ar
1778539569.814722,1,68,1.686103,108.66,232.605,1172.514,0,4,compressed_ring_ar
1778539570.9631424,1,69,1.718778,115.07,224.546,1110.721,0,4,compressed_ring_ar
1778539572.2677464,1,70,1.842131,102.6,515.421,1244.55,0,4,compressed_ring_ar
1778539573.5931003,1,71,1.81028,99.86,332.826,1276.774,0,4,compressed_ring_ar
1778539574.8412957,1,72,1.677716,105.83,213.35,1208.384,0,4,compressed_ring_ar
1778539575.9169579,1,73,1.570658,127.86,235.152,998.857,0,4,compressed_ring_ar
1778539577.2967937,1,74,1.723758,97.94,517.169,1302.088,0,4,compressed_ring_ar
1778539578.5281813,1,75,1.752012,107.51,221.641,1186.555,0,4,compressed_ring_ar
1778539580.1226146,1,76,1.750095,82.23,484.96,1551.65,0,4,compressed_ring_ar
1778539581.3145945,1,77,1.761988,113.0,188.286,1131.162,0,4,compressed_ring_ar
1778539582.617715,1,78,1.78325,103.37,282.914,1235.574,0,4,compressed_ring_ar
1778539583.9872677,1,79,1.837595,96.51,292.943,1321.709,0,4,compressed_ring_ar
1778539585.348848,1,80,1.68753,97.08,212.46,1314.297,0,4,compressed_ring_ar
1778539586.7145596,1,81,1.682399,96.86,281.152,1314.56,0,4,compressed_ring_ar
1778539587.916318,1,82,1.756181,110.84,208.795,1149.762,0,4,compressed_ring_ar
1778539589.0013793,1,83,1.75853,123.26,177.144,1037.837,0,4,compressed_ring_ar
1778539590.5025449,1,84,1.703749,89.48,379.148,1427.135,0,4,compressed_ring_ar
1778539591.8046916,1,85,1.725727,102.63,390.83,1242.779,0,4,compressed_ring_ar
1778539593.2122915,1,86,1.759925,93.58,208.474,1363.331,0,4,compressed_ring_ar
1778539594.5701141,1,87,1.670137,97.09,202.26,1317.276,0,4,compressed_ring_ar
1778539595.7325392,1,88,1.846184,116.45,213.149,1095.394,0,4,compressed_ring_ar
1778539596.9957304,1,89,1.675325,104.52,329.761,1220.078,0,4,compressed_ring_ar
1778539598.3778434,1,90,1.689276,95.36,270.646,1337.762,0,4,compressed_ring_ar
1778539599.6057768,1,91,1.71128,107.64,231.863,1188.028,0,4,compressed_ring_ar
1778539600.9344912,1,92,1.604307,100.77,314.171,1267.959,0,4,compressed_ring_ar
1778539602.3959188,1,93,1.770071,93.38,450.493,1369.119,0,4,compressed_ring_ar
1778539603.8125653,1,94,1.729218,92.96,487.162,1372.579,0,4,compressed_ring_ar
1778539604.9189034,1,95,1.703448,122.97,221.204,1032.344,0,4,compressed_ring_ar
1778539606.1352823,1,96,1.592662,109.98,222.095,1162.251,0,4,compressed_ring_ar
1778539607.7518072,1,97,1.596769,52.73,488.991,1583.443,0,4,compressed_ring_ar
1778539619.5565083,2,0,1.627067,85.66,461.181,1489.724,0,4,compressed_ring_ar
1778539620.7513237,2,1,1.664564,114.17,217.798,1116.459,0,4,compressed_ring_ar
1778539622.0785987,2,2,1.664669,99.49,192.501,1285.341,0,4,compressed_ring_ar
1778539623.494616,2,3,1.614922,95.69,231.785,1333.276,0,4,compressed_ring_ar
1778539624.84946,2,4,1.653456,97.8,192.176,1304.135,0,4,compressed_ring_ar
1778539626.0875013,2,5,1.535005,107.26,218.122,1187.926,0,4,compressed_ring_ar
1778539627.3940468,2,6,1.61252,100.94,181.31,1266.64,0,4,compressed_ring_ar
1778539628.578579,2,7,1.507661,112.43,144.972,1137.027,0,4,compressed_ring_ar
1778539630.01887,2,8,1.667198,92.42,403.841,1380.727,0,4,compressed_ring_ar
1778539631.2071795,2,9,1.625875,111.83,226.272,1143.361,0,4,compressed_ring_ar
1778539632.5424912,2,10,1.827203,99.21,177.372,1285.458,0,4,compressed_ring_ar
1778539633.9564662,2,11,1.566648,93.25,647.57,1368.01,0,4,compressed_ring_ar
1778539635.2120798,2,12,1.787511,105.6,248.586,1207.574,0,4,compressed_ring_ar
1778539636.4168444,2,13,1.636121,109.41,309.958,1165.41,0,4,compressed_ring_ar
1778539637.6579666,2,14,1.646456,106.48,228.83,1197.58,0,4,compressed_ring_ar
1778539638.9021685,2,15,1.682614,108.4,206.311,1179.462,0,4,compressed_ring_ar
1778539640.2737703,2,16,1.512777,96.48,233.089,1325.292,0,4,compressed_ring_ar
1778539641.5826817,2,17,1.662238,101.33,300.325,1256.469,0,4,compressed_ring_ar
1778539642.8092024,2,18,1.55322,109.07,172.665,1170.943,0,4,compressed_ring_ar
1778539644.1540406,2,19,1.638781,98.93,291.422,1289.318,0,4,compressed_ring_ar
1778539645.453657,2,20,1.690356,103.43,209.106,1236.131,0,4,compressed_ring_ar
1778539646.74251,2,21,1.708098,102.7,198.3,1243.285,0,4,compressed_ring_ar
1778539648.2398634,2,22,1.629765,87.95,383.912,1450.87,0,4,compressed_ring_ar
1778539649.6556475,2,23,1.721268,92.97,196.455,1376.044,0,4,compressed_ring_ar
1778539651.0051246,2,24,1.560232,100.56,318.423,1268.13,0,4,compressed_ring_ar
1778539652.2620761,2,25,1.763053,106.35,245.841,1197.748,0,4,compressed_ring_ar
1778539653.4204538,2,26,1.734666,116.0,231.001,1098.651,0,4,compressed_ring_ar
1778539654.7325726,2,27,1.554631,100.84,184.006,1268.195,0,4,compressed_ring_ar
1778539656.0486448,2,28,1.645067,101.89,252.603,1251.743,0,4,compressed_ring_ar
1778539657.2954953,2,29,1.742109,106.1,190.448,1201.934,0,4,compressed_ring_ar
1778539658.6340854,2,30,1.487605,99.65,339.909,1278.874,0,4,compressed_ring_ar
1778539659.9927552,2,31,1.57367,97.54,330.587,1305.551,0,4,compressed_ring_ar
1778539661.175994,2,32,1.794824,111.8,202.91,1140.82,0,4,compressed_ring_ar
1778539662.4551632,2,33,1.491054,103.53,179.99,1231.719,0,4,compressed_ring_ar
1778539663.837511,2,34,1.606236,96.32,189.694,1326.199,0,4,compressed_ring_ar
1778539665.012598,2,35,1.670718,116.19,267.03,1096.928,0,4,compressed_ring_ar
1778539666.3835566,2,36,1.720615,96.1,213.965,1330.609,0,4,compressed_ring_ar
1778539667.707915,2,37,1.519643,100.04,190.644,1274.891,0,4,compressed_ring_ar
1778539669.2271974,2,38,1.662935,86.78,303.778,1467.647,0,4,compressed_ring_ar
1778539670.5956254,2,39,1.596943,96.52,222.966,1324.812,0,4,compressed_ring_ar
1778539672.0227373,2,40,1.65854,92.85,226.52,1377.23,0,4,compressed_ring_ar
1778539673.3638551,2,41,1.651357,99.06,273.549,1286.548,0,4,compressed_ring_ar
1778539674.6910992,2,42,1.617654,99.61,207.872,1277.803,0,4,compressed_ring_ar
1778539675.9667761,2,43,1.676218,103.78,186.606,1231.677,0,4,compressed_ring_ar
1778539677.6461205,2,44,1.660687,79.06,235.285,1611.561,0,4,compressed_ring_ar
1778539678.9951627,2,45,1.5222,98.77,282.755,1291.834,0,4,compressed_ring_ar
1778539680.3129632,2,46,1.483292,100.77,195.498,1268.929,0,4,compressed_ring_ar
1778539681.7484195,2,47,1.625219,92.89,214.048,1372.009,0,4,compressed_ring_ar
1778539683.12554,2,48,1.636086,97.1,229.359,1311.083,0,4,compressed_ring_ar
1778539684.391949,2,49,1.60046,104.27,275.337,1226.165,0,4,compressed_ring_ar
1778539685.8006809,2,50,1.467349,93.81,322.923,1355.885,0,4,compressed_ring_ar
1778539687.0571506,2,51,1.581023,108.06,321.707,1183.19,0,4,compressed_ring_ar
1778539688.5174365,2,52,1.528935,90.44,205.967,1414.038,0,4,compressed_ring_ar
1778539689.9186397,2,53,1.554239,94.64,201.034,1348.047,0,4,compressed_ring_ar
1778539691.1835725,2,54,1.654513,105.0,229.422,1214.564,0,4,compressed_ring_ar
1778539692.4715397,2,55,1.594259,103.28,212.462,1235.374,0,4,compressed_ring_ar
1778539693.8135767,2,56,1.413094,99.11,246.852,1286.967,0,4,compressed_ring_ar
1778539695.142665,2,57,1.527056,100.09,201.314,1274.418,0,4,compressed_ring_ar
1778539696.619919,2,58,1.802391,89.63,400.726,1426.768,0,4,compressed_ring_ar
1778539698.0323946,2,59,1.5724,95.38,147.782,1340.586,0,4,compressed_ring_ar
1778539699.5717187,2,60,1.661345,88.33,216.54,1446.694,0,4,compressed_ring_ar
1778539700.9276278,2,61,1.502942,99.53,389.337,1281.082,0,4,compressed_ring_ar
1778539702.1855218,2,62,1.565587,106.31,194.311,1199.563,0,4,compressed_ring_ar
1778539703.5855443,2,63,1.61483,94.73,189.106,1346.163,0,4,compressed_ring_ar
1778539704.8576646,2,64,1.581209,105.32,233.705,1210.52,0,4,compressed_ring_ar
1778539706.0776377,2,65,1.620764,108.67,169.803,1175.34,0,4,compressed_ring_ar
1778539707.3830848,2,66,1.610978,101.85,174.443,1255.787,0,4,compressed_ring_ar
1778539708.7901216,2,67,1.437077,94.69,309.582,1344.295,0,4,compressed_ring_ar
1778539710.267702,2,68,1.52925,90.0,216.295,1417.366,0,4,compressed_ring_ar
1778539711.627243,2,69,1.577693,97.81,203.277,1301.989,0,4,compressed_ring_ar
1778539713.0045512,2,70,1.639288,96.15,203.108,1326.95,0,4,compressed_ring_ar
1778539714.301923,2,71,1.593363,103.84,197.047,1224.492,0,4,compressed_ring_ar
1778539715.5255673,2,72,1.572664,107.75,241.499,1183.389,0,4,compressed_ring_ar
1778539716.8267195,2,73,1.652608,101.72,221.096,1254.021,0,4,compressed_ring_ar
1778539718.1231964,2,74,1.591737,101.9,319.566,1250.907,0,4,compressed_ring_ar
1778539719.3646388,2,75,1.695641,109.01,227.415,1171.108,0,4,compressed_ring_ar
1778539721.001143,2,76,1.61761,81.3,194.017,1569.292,0,4,compressed_ring_ar
1778539722.476795,2,77,1.651329,89.31,384.929,1426.936,0,4,compressed_ring_ar
1778539723.5125127,2,78,1.634236,129.28,231.65,987.655,0,4,compressed_ring_ar
1778539724.949102,2,79,1.647177,91.96,560.13,1390.627,0,4,compressed_ring_ar
1778539726.2566643,2,80,1.664484,103.72,176.771,1232.253,0,4,compressed_ring_ar
1778539727.544573,2,81,1.460404,102.87,452.602,1240.288,0,4,compressed_ring_ar
1778539728.7850711,2,82,1.591057,106.85,160.752,1195.77,0,4,compressed_ring_ar
1778539730.2252192,2,83,1.425686,91.17,438.178,1401.551,0,4,compressed_ring_ar
1778539731.515076,2,84,1.58275,102.89,262.435,1241.24,0,4,compressed_ring_ar
1778539732.926839,2,85,1.592595,94.43,341.529,1354.233,0,4,compressed_ring_ar
1778539734.349616,2,86,1.688314,95.42,191.364,1338.795,0,4,compressed_ring_ar
1778539735.6619658,2,87,1.642662,101.47,263.995,1259.208,0,4,compressed_ring_ar
1778539736.9242911,2,88,1.497164,104.95,331.304,1213.831,0,4,compressed_ring_ar
1778539738.2416587,2,89,1.551046,100.76,207.315,1265.292,0,4,compressed_ring_ar
1778539739.5550404,2,90,1.556528,101.03,249.203,1262.317,0,4,compressed_ring_ar
1778539740.8774512,2,91,1.499945,101.65,202.903,1254.021,0,4,compressed_ring_ar
1778539742.135988,2,92,1.805417,105.31,254.583,1207.993,0,4,compressed_ring_ar
1778539743.517758,2,93,1.511873,96.22,211.456,1325.77,0,4,compressed_ring_ar
1778539744.901124,2,94,1.623085,95.25,186.279,1342.739,0,4,compressed_ring_ar
1778539746.2330494,2,95,1.540983,100.06,183.453,1273.234,0,4,compressed_ring_ar
1778539747.6609685,2,96,1.727857,92.23,246.977,1386.43,0,4,compressed_ring_ar
1778539748.8179185,2,97,1.496982,74.65,219.886,1119.6,0,4,compressed_ring_ar
1778539760.6741548,3,0,1.506079,89.32,441.26,1428.792,0,4,compressed_ring_ar
1778539762.0602849,3,1,1.468821,95.31,191.852,1341.909,0,4,compressed_ring_ar
1778539763.6671607,3,2,1.57199,82.79,286.686,1541.308,0,4,compressed_ring_ar
1778539764.8307006,3,3,1.650666,115.61,408.764,1104.965,0,4,compressed_ring_ar
1778539766.270229,3,4,1.64989,92.67,209.763,1376.598,0,4,compressed_ring_ar
1778539767.4766777,3,5,1.575565,109.8,212.022,1163.38,0,4,compressed_ring_ar
1778539768.7628696,3,6,1.535952,104.29,170.192,1226.144,0,4,compressed_ring_ar
1778539770.1668396,3,7,1.572912,96.29,570.773,1324.648,0,4,compressed_ring_ar
1778539771.4640062,3,8,1.431155,101.7,379.64,1251.59,0,4,compressed_ring_ar
1778539772.6527634,3,9,1.646563,113.73,227.117,1120.593,0,4,compressed_ring_ar
1778539773.8313951,3,10,1.524381,116.73,250.173,1089.1,0,4,compressed_ring_ar
1778539775.086186,3,11,1.462945,105.43,195.458,1212.998,0,4,compressed_ring_ar
1778539776.3713655,3,12,1.631236,105.19,387.485,1212.277,0,4,compressed_ring_ar
1778539777.7136018,3,13,1.511799,98.85,234.826,1291.141,0,4,compressed_ring_ar
1778539778.9745772,3,14,1.508783,104.92,199.924,1215.893,0,4,compressed_ring_ar
1778539780.2585058,3,15,1.357916,109.59,336.636,1166.817,0,4,compressed_ring_ar
1778539781.5219727,3,16,1.488669,105.55,213.014,1211.605,0,4,compressed_ring_ar
1778539782.9209101,3,17,1.622586,96.01,303.254,1326.184,0,4,compressed_ring_ar
1778539784.148535,3,18,1.569409,108.29,200.34,1177.542,0,4,compressed_ring_ar
1778539785.5588403,3,19,1.649245,93.83,234.478,1355.215,0,4,compressed_ring_ar
1778539786.8937204,3,20,1.438734,99.33,245.346,1283.136,0,4,compressed_ring_ar
1778539788.2182124,3,21,1.488775,99.72,248.553,1279.175,0,4,compressed_ring_ar
1778539789.384619,3,22,1.59093,114.36,187.804,1116.103,0,4,compressed_ring_ar
1778539790.9150085,3,23,1.546895,86.44,220.185,1479.37,0,4,compressed_ring_ar
1778539792.1495278,3,24,1.671314,109.52,202.496,1167.325,0,4,compressed_ring_ar
1778539793.3411891,3,25,1.601426,114.04,219.886,1116.77,0,4,compressed_ring_ar
1778539794.5909529,3,26,1.579881,108.28,240.393,1180.736,0,4,compressed_ring_ar
1778539795.860225,3,27,1.418106,105.58,201.594,1205.298,0,4,compressed_ring_ar
1778539797.2024357,3,28,1.430632,98.31,306.194,1297.532,0,4,compressed_ring_ar
1778539798.3233566,3,29,1.648184,124.45,186.64,1021.765,0,4,compressed_ring_ar
1778539799.5426443,3,30,1.579431,108.53,222.306,1174.331,0,4,compressed_ring_ar
1778539800.8852189,3,31,1.689445,98.38,200.494,1294.013,0,4,compressed_ring_ar
1778539801.9858139,3,32,1.70705,120.49,144.739,1057.424,0,4,compressed_ring_ar
1778539803.3234885,3,33,1.619201,101.72,229.702,1253.521,0,4,compressed_ring_ar
1778539804.6180325,3,34,1.486295,103.25,226.247,1233.455,0,4,compressed_ring_ar
1778539805.8744493,3,35,1.461378,105.37,217.179,1210.091,0,4,compressed_ring_ar
1778539807.0490813,3,36,1.487345,113.3,231.985,1124.831,0,4,compressed_ring_ar
1778539808.260407,3,37,1.436676,115.46,197.645,1104.436,0,4,compressed_ring_ar
1778539809.404566,3,38,1.576204,118.9,271.063,1070.382,0,4,compressed_ring_ar
1778539810.7408965,3,39,1.649693,98.77,209.57,1291.297,0,4,compressed_ring_ar
1778539811.8646004,3,40,1.428502,118.38,141.461,1077.937,0,4,compressed_ring_ar
1778539813.3180273,3,41,1.457908,91.34,745.37,1400.838,0,4,compressed_ring_ar
1778539814.6571743,3,42,1.62313,99.49,417.533,1285.218,0,4,compressed_ring_ar
1778539816.0058088,3,43,1.454634,97.93,171.737,1298.515,0,4,compressed_ring_ar
1778539817.2946937,3,44,1.631414,102.26,198.086,1250.408,0,4,compressed_ring_ar
1778539818.6170883,3,45,1.635704,100.26,223.273,1275.703,0,4,compressed_ring_ar
1778539819.8793097,3,46,1.635307,105.32,476.862,1214.617,0,4,compressed_ring_ar
1778539821.3775032,3,47,1.508077,90.34,716.515,1415.611,0,4,compressed_ring_ar
1778539823.0959258,3,48,1.446528,78.03,225.147,1635.826,0,4,compressed_ring_ar
1778539824.399628,3,49,1.625589,102.33,253.251,1249.55,0,4,compressed_ring_ar
1778539825.8723826,3,50,1.474357,90.48,189.962,1408.468,0,4,compressed_ring_ar
1778539827.0846643,3,51,1.418799,110.44,164.652,1157.673,0,4,compressed_ring_ar
1778539828.4234457,3,52,1.468394,101.21,221.529,1260.135,0,4,compressed_ring_ar
1778539829.8191,3,53,1.476684,95.02,318.452,1338.491,0,4,compressed_ring_ar
1778539830.993073,3,54,1.585114,114.52,256.555,1117.149,0,4,compressed_ring_ar
1778539832.3839138,3,55,1.447607,98.11,520.592,1298.897,0,4,compressed_ring_ar
1778539833.7620735,3,56,1.408049,95.43,205.519,1339.806,0,4,compressed_ring_ar
1778539835.0767934,3,57,1.330995,101.06,202.987,1264.047,0,4,compressed_ring_ar
1778539836.453673,3,58,1.588576,96.19,245.687,1326.054,0,4,compressed_ring_ar
1778539837.846379,3,59,1.629271,94.63,195.743,1351.465,0,4,compressed_ring_ar
1778539839.194665,3,60,1.643078,98.19,197.589,1301.749,0,4,compressed_ring_ar
1778539840.6279511,3,61,1.339086,93.0,215.937,1370.097,0,4,compressed_ring_ar
1778539841.9647937,3,62,1.510648,98.93,290.193,1292.57,0,4,compressed_ring_ar
1778539843.261829,3,63,1.425905,102.65,231.984,1244.219,0,4,compressed_ring_ar
1778539844.6118956,3,64,1.628548,98.11,231.086,1300.116,0,4,compressed_ring_ar
1778539845.9837966,3,65,1.56196,96.69,217.647,1318.784,0,4,compressed_ring_ar
1778539847.3028903,3,66,1.489101,101.1,313.486,1261.308,0,4,compressed_ring_ar
1778539848.7143445,3,67,1.572884,94.7,237.462,1346.958,0,4,compressed_ring_ar
1778539850.0276537,3,68,1.503827,100.7,231.043,1262.577,0,4,compressed_ring_ar
1778539851.3713934,3,69,1.674367,98.12,211.153,1300.283,0,4,compressed_ring_ar
1778539852.7661588,3,70,1.445552,95.24,677.829,1342.597,0,4,compressed_ring_ar
1778539854.0139003,3,71,1.507905,107.69,187.373,1187.09,0,4,compressed_ring_ar
1778539855.320027,3,72,1.529312,101.64,188.725,1257.291,0,4,compressed_ring_ar
1778539856.728278,3,73,1.369657,94.2,374.792,1354.231,0,4,compressed_ring_ar
1778539857.9434216,3,74,1.50087,109.37,405.204,1163.008,0,4,compressed_ring_ar
1778539859.174694,3,75,1.588637,108.53,195.239,1172.726,0,4,compressed_ring_ar
1778539860.4774172,3,76,1.623364,101.7,304.303,1251.424,0,4,compressed_ring_ar
1778539861.8069985,3,77,1.488376,99.14,213.687,1290.036,0,4,compressed_ring_ar
1778539863.0350018,3,78,1.561571,112.52,155.414,1136.26,0,4,compressed_ring_ar
1778539864.5276976,3,79,1.512555,88.81,257.513,1433.856,0,4,compressed_ring_ar
1778539865.8332155,3,80,1.604935,102.92,201.695,1242.334,0,4,compressed_ring_ar
1778539867.08499,3,81,1.535928,106.32,148.155,1202.037,0,4,compressed_ring_ar
1778539868.5579646,3,82,1.435067,89.6,246.86,1421.945,0,4,compressed_ring_ar
1778539869.9476752,3,83,1.46255,95.43,175.864,1339.987,0,4,compressed_ring_ar
1778539871.3010082,3,84,1.452186,101.11,236.484,1255.591,0,4,compressed_ring_ar
1778539872.5085895,3,85,1.397843,109.31,198.293,1169.795,0,4,compressed_ring_ar
1778539873.811762,3,86,1.415354,102.71,136.737,1242.45,0,4,compressed_ring_ar
1778539875.1845398,3,87,1.4524,97.16,200.558,1316.042,0,4,compressed_ring_ar
1778539876.5139272,3,88,1.489798,100.01,222.245,1275.505,0,4,compressed_ring_ar
1778539877.7318127,3,89,1.589752,109.43,269.889,1168.576,0,4,compressed_ring_ar
1778539879.0037732,3,90,1.573358,104.55,236.005,1219.681,0,4,compressed_ring_ar
1778539880.2393312,3,91,1.605382,108.01,139.528,1181.938,0,4,compressed_ring_ar
1778539881.7065945,3,92,1.481285,89.92,241.862,1416.451,0,4,compressed_ring_ar
1778539882.9905784,3,93,1.513749,103.63,183.889,1233.884,0,4,compressed_ring_ar
1778539884.526923,3,94,1.465896,85.93,268.95,1488.396,0,4,compressed_ring_ar
1778539885.960163,3,95,1.52778,93.66,268.965,1359.809,0,4,compressed_ring_ar
1778539887.3155587,3,96,1.543734,97.51,305.922,1305.759,0,4,compressed_ring_ar
1778539888.3830857,3,97,1.452869,81.44,213.767,1029.703,0,4,compressed_ring_ar
1778539900.2764044,4,0,1.555096,85.73,391.831,1491.809,0,4,compressed_ring_ar
1778539901.7366138,4,1,1.440012,90.91,229.743,1406.536,0,4,compressed_ring_ar
1778539903.1905367,4,2,1.45975,92.0,206.833,1384.007,0,4,compressed_ring_ar
1778539904.4777827,4,3,1.485958,104.7,237.757,1217.875,0,4,compressed_ring_ar
1778539905.891455,4,4,1.424411,94.94,258.898,1342.297,0,4,compressed_ring_ar
1778539907.0297585,4,5,1.431603,116.12,413.925,1101.018,0,4,compressed_ring_ar
1778539908.4618912,4,6,1.520371,92.11,469.398,1385.483,0,4,compressed_ring_ar
1778539910.0664592,4,7,1.476776,82.39,234.344,1552.317,0,4,compressed_ring_ar
1778539911.2279398,4,8,1.529662,115.3,309.237,1106.983,0,4,compressed_ring_ar
1778539912.5639126,4,9,1.619535,101.97,428.897,1252.658,0,4,compressed_ring_ar
1778539913.8009334,4,10,1.458002,107.34,296.656,1190.087,0,4,compressed_ring_ar
1778539915.1429834,4,11,1.451707,98.69,183.345,1295.854,0,4,compressed_ring_ar
1778539916.541221,4,12,1.509812,94.84,392.859,1345.392,0,4,compressed_ring_ar
1778539917.8459003,4,13,1.636,102.24,144.154,1249.518,0,4,compressed_ring_ar
1778539919.225693,4,14,1.45995,98.62,415.291,1290.441,0,4,compressed_ring_ar
1778539920.6279984,4,15,1.453267,94.63,311.666,1347.781,0,4,compressed_ring_ar
1778539921.7310255,4,16,1.586198,122.51,167.027,1043.625,0,4,compressed_ring_ar
1778539923.1810358,4,17,1.41765,93.66,690.537,1361.956,0,4,compressed_ring_ar
1778539924.4294374,4,18,1.522346,106.9,239.244,1189.992,0,4,compressed_ring_ar
1778539925.7646244,4,19,1.487989,98.75,256.868,1289.923,0,4,compressed_ring_ar
1778539927.0718372,4,20,1.490401,101.13,196.496,1261.413,0,4,compressed_ring_ar
1778539928.3703961,4,21,1.552789,102.0,190.37,1249.428,0,4,compressed_ring_ar
1778539929.5992968,4,22,1.453648,108.44,190.942,1178.657,0,4,compressed_ring_ar
1778539930.9506977,4,23,1.488767,99.64,389.028,1278.474,0,4,compressed_ring_ar
1778539932.356877,4,24,1.656115,93.48,527.034,1365.704,0,4,compressed_ring_ar
1778539933.6194441,4,25,1.471102,105.45,213.083,1209.482,0,4,compressed_ring_ar
1778539934.7889087,4,26,1.355595,114.31,163.604,1116.954,0,4,compressed_ring_ar
1778539936.155264,4,27,1.59468,98.84,413.049,1290.127,0,4,compressed_ring_ar
1778539937.415252,4,28,1.525354,104.43,226.844,1221.323,0,4,compressed_ring_ar
1778539938.7845132,4,29,1.535626,96.44,188.83,1325.928,0,4,compressed_ring_ar
1778539940.0987926,4,30,1.441398,101.9,248.722,1254.742,0,4,compressed_ring_ar
1778539941.579904,4,31,1.461043,89.77,246.948,1421.227,0,4,compressed_ring_ar
1778539943.010766,4,32,1.524881,92.77,241.751,1372.963,0,4,compressed_ring_ar
1778539944.5731819,4,33,1.349579,84.13,256.082,1514.991,0,4,compressed_ring_ar
1778539945.9158463,4,34,1.329726,98.84,273.698,1292.909,0,4,compressed_ring_ar
1778539947.2913704,4,35,1.478922,96.61,190.324,1318.349,0,4,compressed_ring_ar
1778539948.4981968,4,36,1.472754,109.71,206.477,1162.189,0,4,compressed_ring_ar
1778539949.7692528,4,37,1.496754,105.14,200.98,1208.754,0,4,compressed_ring_ar
1778539951.126206,4,38,1.563996,99.28,200.438,1285.204,0,4,compressed_ring_ar
1778539952.3709855,4,39,1.421828,106.66,239.32,1195.365,0,4,compressed_ring_ar
1778539953.6297696,4,40,1.622523,105.66,202.44,1207.701,0,4,compressed_ring_ar
1778539954.965648,4,41,1.422403,99.38,262.722,1280.744,0,4,compressed_ring_ar
1778539956.1744995,4,42,1.617708,109.3,303.185,1168.508,0,4,compressed_ring_ar
1778539957.4014273,4,43,1.491246,108.72,211.881,1170.441,0,4,compressed_ring_ar
1778539958.6553862,4,44,1.401665,105.16,285.453,1210.193,0,4,compressed_ring_ar
1778539959.9743166,4,45,1.431416,99.88,213.975,1280.372,0,4,compressed_ring_ar
1778539961.3344865,4,46,1.336288,97.98,266.069,1300.697,0,4,compressed_ring_ar
1778539962.5412796,4,47,1.473803,109.82,191.571,1159.665,0,4,compressed_ring_ar
1778539963.756812,4,48,1.503961,108.65,234.68,1176.758,0,4,compressed_ring_ar
1778539965.143184,4,49,1.542521,95.27,204.382,1337.63,0,4,compressed_ring_ar
1778539966.2887344,4,50,1.540917,115.94,224.272,1101.583,0,4,compressed_ring_ar
1778539967.8104877,4,51,1.439531,87.63,440.351,1456.066,0,4,compressed_ring_ar
1778539969.2077894,4,52,1.458738,95.55,224.693,1338.269,0,4,compressed_ring_ar
1778539970.6492858,4,53,1.387451,92.1,225.358,1382.958,0,4,compressed_ring_ar
1778539972.0108237,4,54,1.550208,97.48,186.837,1307.907,0,4,compressed_ring_ar
1778539973.16076,4,55,1.420319,116.88,233.479,1093.138,0,4,compressed_ring_ar
1778539974.502482,4,56,1.452157,98.62,232.618,1293.574,0,4,compressed_ring_ar
1778539975.8852239,4,57,1.476027,95.15,293.469,1338.858,0,4,compressed_ring_ar
1778539977.2521696,4,58,1.492504,98.7,198.317,1292.164,0,4,compressed_ring_ar
1778539978.549267,4,59,1.565768,101.53,239.109,1256.283,0,4,compressed_ring_ar
1778539979.8301752,4,60,1.368689,103.16,368.605,1234.987,0,4,compressed_ring_ar
1778539981.015514,4,61,1.341003,113.9,432.316,1119.165,0,4,compressed_ring_ar
1778539982.2391398,4,62,1.615403,110.63,149.673,1155.697,0,4,compressed_ring_ar
1778539983.611989,4,63,1.496355,96.7,463.821,1322.41,0,4,compressed_ring_ar
1778539984.9573498,4,64,1.339266,98.48,214.985,1298.551,0,4,compressed_ring_ar
1778539986.2605574,4,65,1.411551,103.19,221.422,1230.775,0,4,compressed_ring_ar
1778539987.325988,4,66,1.470192,126.99,156.938,1003.366,0,4,compressed_ring_ar
1778539988.7029262,4,67,1.501731,95.54,380.549,1335.557,0,4,compressed_ring_ar
1778539990.0136821,4,68,1.441019,100.57,219.818,1271.059,0,4,compressed_ring_ar
1778539991.3335068,4,69,1.546062,100.63,189.516,1265.105,0,4,compressed_ring_ar
1778539992.713099,4,70,1.63184,95.59,192.265,1334.781,0,4,compressed_ring_ar
1778539994.10685,4,71,1.477733,96.03,215.288,1331.591,0,4,compressed_ring_ar
1778539995.3481967,4,72,1.313719,107.46,223.452,1186.853,0,4,compressed_ring_ar
1778539996.6593764,4,73,1.546493,101.02,286.016,1262.131,0,4,compressed_ring_ar
1778539998.006457,4,74,1.276762,98.6,175.997,1295.795,0,4,compressed_ring_ar
1778539999.3295817,4,75,1.592194,99.88,316.689,1279.113,0,4,compressed_ring_ar
1778540000.6890929,4,76,1.503073,98.16,375.362,1302.754,0,4,compressed_ring_ar
1778540002.115325,4,77,1.490018,92.64,207.678,1374.626,0,4,compressed_ring_ar
1778540003.415306,4,78,1.287478,101.58,192.582,1258.029,0,4,compressed_ring_ar
1778540004.60048,4,79,1.463006,113.22,148.641,1128.614,0,4,compressed_ring_ar
1778540005.8666022,4,80,1.513449,104.53,362.53,1220.555,0,4,compressed_ring_ar
1778540007.2149038,4,81,1.355813,98.38,188.09,1299.731,0,4,compressed_ring_ar
1778540008.5674064,4,82,1.522646,98.5,210.645,1293.074,0,4,compressed_ring_ar
1778540009.8746583,4,83,1.401289,101.4,227.523,1255.126,0,4,compressed_ring_ar
1778540011.2758706,4,84,1.391782,95.82,320.287,1327.958,0,4,compressed_ring_ar
1778540012.676298,4,85,1.550009,96.03,233.106,1325.473,0,4,compressed_ring_ar
1778540013.9943974,4,86,1.441286,100.06,257.837,1274.849,0,4,compressed_ring_ar
1778540015.4979997,4,87,1.315163,88.05,143.898,1452.486,0,4,compressed_ring_ar
1778540016.8688405,4,88,1.464313,98.15,220.738,1299.332,0,4,compressed_ring_ar
1778540018.052438,4,89,1.321665,113.05,218.75,1130.999,0,4,compressed_ring_ar
1778540019.3692722,4,90,1.378472,101.2,213.8,1260.945,0,4,compressed_ring_ar
1778540020.6545174,4,91,1.457138,103.48,144.425,1234.53,0,4,compressed_ring_ar
1778540022.0694396,4,92,1.433642,93.67,507.741,1361.536,0,4,compressed_ring_ar
1778540023.3256676,4,93,1.565688,105.82,236.072,1208.694,0,4,compressed_ring_ar
1778540024.7414792,4,94,1.454252,94.19,187.649,1353.674,0,4,compressed_ring_ar
1778540026.0692582,4,95,1.446534,99.92,194.725,1277.197,0,4,compressed_ring_ar
1778540027.3939235,4,96,1.543137,99.54,222.935,1275.989,0,4,compressed_ring_ar
1778540028.4408538,4,97,1.750971,82.27,199.537,1011.687,0,4,compressed_ring_ar
1778540040.3352363,5,0,1.349829,76.5,495.798,1668.596,0,4,compressed_ring_ar
1778540041.6573787,5,1,1.343015,105.73,277.904,1206.343,0,4,compressed_ring_ar
1778540042.8332407,5,2,1.434974,112.85,152.832,1133.473,0,4,compressed_ring_ar
1778540044.17859,5,3,1.410977,98.5,330.146,1298.087,0,4,compressed_ring_ar
1778540045.5498185,5,4,1.459653,96.34,212.304,1321.82,0,4,compressed_ring_ar
1778540046.8978136,5,5,1.424466,98.0,227.638,1298.686,0,4,compressed_ring_ar
1778540048.1171522,5,6,1.431186,108.84,302.942,1174.773,0,4,compressed_ring_ar
1778540049.4346983,5,7,1.48624,101.27,289.638,1256.867,0,4,compressed_ring_ar
1778540050.6624455,5,8,1.221277,108.36,183.67,1180.139,0,4,compressed_ring_ar
1778540052.0218654,5,9,1.565753,97.33,187.376,1310.223,0,4,compressed_ring_ar
1778540053.2460382,5,10,1.498728,108.79,241.322,1175.118,0,4,compressed_ring_ar
1778540054.6631896,5,11,1.411715,94.07,221.379,1351.265,0,4,compressed_ring_ar
1778540055.9801505,5,12,1.32286,101.07,233.138,1265.56,0,4,compressed_ring_ar
1778540057.3978336,5,13,1.438525,94.69,304.764,1350.522,0,4,compressed_ring_ar
1778540058.6642458,5,14,1.413785,105.17,179.651,1208.457,0,4,compressed_ring_ar
1778540060.1840093,5,15,1.399107,86.97,201.426,1467.262,0,4,compressed_ring_ar
1778540061.4327714,5,16,1.371603,106.04,202.258,1202.164,0,4,compressed_ring_ar
1778540062.6281445,5,17,1.372333,112.31,208.191,1135.747,0,4,compressed_ring_ar
1778540063.8900383,5,18,1.520642,105.23,216.474,1212.016,0,4,compressed_ring_ar
1778540065.1890938,5,19,1.420198,103.58,215.913,1231.308,0,4,compressed_ring_ar
1778540066.450692,5,20,1.350699,105.63,202.549,1209.684,0,4,compressed_ring_ar
1778540067.773542,5,21,1.419413,100.38,206.962,1273.761,0,4,compressed_ring_ar
1778540069.2195165,5,22,1.40711,92.39,307.875,1377.91,0,4,compressed_ring_ar
1778540070.8859231,5,23,1.309252,78.89,245.788,1616.827,0,4,compressed_ring_ar
1778540072.1821935,5,24,1.471254,102.39,195.604,1247.622,0,4,compressed_ring_ar
1778540073.4963133,5,25,1.383209,102.05,187.169,1252.725,0,4,compressed_ring_ar
1778540074.853633,5,26,1.208953,98.69,304.841,1292.484,0,4,compressed_ring_ar
1778540076.1137903,5,27,1.368412,104.94,221.842,1215.197,0,4,compressed_ring_ar
1778540077.2894735,5,28,1.505049,112.86,182.017,1131.333,0,4,compressed_ring_ar
1778540078.8199399,5,29,1.325135,86.75,742.698,1469.113,0,4,compressed_ring_ar
1778540080.044097,5,30,1.39103,109.65,190.564,1166.205,0,4,compressed_ring_ar
1778540081.4592874,5,31,1.336756,93.64,215.508,1365.675,0,4,compressed_ring_ar
1778540082.8259506,5,32,1.516893,97.66,316.587,1306.015,0,4,compressed_ring_ar
1778540084.1367939,5,33,1.287035,101.84,311.032,1250.89,0,4,compressed_ring_ar
1778540085.2881174,5,34,1.46708,116.13,151.065,1099.749,0,4,compressed_ring_ar
1778540086.7199209,5,35,1.279539,94.04,355.003,1356.362,0,4,compressed_ring_ar
1778540088.1250114,5,36,1.365863,94.23,218.068,1348.369,0,4,compressed_ring_ar
1778540089.3822672,5,37,1.323698,105.25,193.532,1213.77,0,4,compressed_ring_ar
1778540090.886795,5,38,1.2461,88.16,354.221,1447.354,0,4,compressed_ring_ar
1778540092.1582937,5,39,1.430738,104.63,272.652,1214.997,0,4,compressed_ring_ar
1778540093.4669652,5,40,1.457823,101.73,200.902,1250.477,0,4,compressed_ring_ar
1778540094.6031978,5,41,1.331672,116.29,279.678,1093.486,0,4,compressed_ring_ar
1778540095.814579,5,42,1.479088,110.31,246.262,1152.915,0,4,compressed_ring_ar
1778540097.0315995,5,43,1.422297,108.54,144.195,1177.306,0,4,compressed_ring_ar
1778540098.3306055,5,44,1.359899,102.25,218.466,1246.665,0,4,compressed_ring_ar
1778540099.6141236,5,45,1.221431,103.53,200.045,1230.531,0,4,compressed_ring_ar
1778540101.112847,5,46,1.399841,88.35,201.666,1441.836,0,4,compressed_ring_ar
1778540102.479184,5,47,1.455991,96.44,261.97,1322.775,0,4,compressed_ring_ar
1778540103.8424149,5,48,1.3567,98.65,247.491,1296.219,0,4,compressed_ring_ar
1778540105.145881,5,49,1.240833,101.41,221.292,1254.892,0,4,compressed_ring_ar
1778540106.2945497,5,50,1.663883,115.38,167.042,1108.662,0,4,compressed_ring_ar
1778540107.7374074,5,51,1.331215,92.12,196.672,1385.081,0,4,compressed_ring_ar
1778540108.945871,5,52,1.442613,109.42,134.261,1168.498,0,4,compressed_ring_ar
1778540110.3482394,5,53,1.39331,96.78,467.311,1318.498,0,4,compressed_ring_ar
1778540111.8102062,5,54,1.236846,90.79,321.795,1403.023,0,4,compressed_ring_ar
1778540113.1439614,5,55,1.514911,99.79,353.396,1278.264,0,4,compressed_ring_ar
1778540114.4563699,5,56,1.408237,102.43,192.859,1244.896,0,4,compressed_ring_ar
1778540115.9050143,5,57,1.428243,91.29,201.361,1399.535,0,4,compressed_ring_ar
1778540117.2802908,5,58,1.560656,96.16,210.694,1324.329,0,4,compressed_ring_ar
1778540118.4755223,5,59,1.441243,110.99,237.429,1148.738,0,4,compressed_ring_ar
1778540119.8016717,5,60,1.450812,100.14,289.818,1273.272,0,4,compressed_ring_ar
1778540121.2294688,5,61,1.582159,92.44,222.378,1379.999,0,4,compressed_ring_ar
1778540122.4436135,5,62,1.429523,110.13,204.501,1161.113,0,4,compressed_ring_ar
1778540123.7756946,5,63,1.369074,99.9,232.147,1276.665,0,4,compressed_ring_ar
1778540125.0666168,5,64,1.667844,102.69,278.695,1242.023,0,4,compressed_ring_ar
1778540126.2882888,5,65,1.457319,108.26,189.131,1177.098,0,4,compressed_ring_ar
1778540127.613816,5,66,1.423385,101.41,181.572,1259.101,0,4,compressed_ring_ar
1778540128.9105318,5,67,1.443014,102.36,212.122,1249.361,0,4,compressed_ring_ar
1778540130.306004,5,68,1.576825,95.24,230.897,1336.009,0,4,compressed_ring_ar
1778540131.5002694,5,69,1.503907,112.44,195.289,1136.977,0,4,compressed_ring_ar
1778540132.843294,5,70,1.630973,98.82,203.238,1289.029,0,4,compressed_ring_ar
1778540134.2082531,5,71,1.37639,98.45,234.337,1296.134,0,4,compressed_ring_ar
1778540135.5104172,5,72,1.42975,104.44,198.897,1221.137,0,4,compressed_ring_ar
1778540136.6686566,5,73,1.393143,115.17,213.101,1101.997,0,4,compressed_ring_ar
1778540137.9468493,5,74,1.477314,104.46,177.355,1218.136,0,4,compressed_ring_ar
1778540139.124162,5,75,1.393292,114.64,190.965,1115.191,0,4,compressed_ring_ar
1778540140.7134023,5,76,1.575039,82.84,234.214,1535.215,0,4,compressed_ring_ar
1778540141.9259255,5,77,1.444374,108.61,232.624,1177.213,0,4,compressed_ring_ar
1778540143.1607134,5,78,1.344302,107.94,289.529,1181.153,0,4,compressed_ring_ar
1778540144.561756,5,79,1.398014,94.94,217.058,1343.645,0,4,compressed_ring_ar
1778540145.7788057,5,80,1.395515,109.56,259.137,1163.732,0,4,compressed_ring_ar
1778540146.9983544,5,81,1.491538,108.48,229.833,1175.678,0,4,compressed_ring_ar
1778540148.321647,5,82,1.533035,100.9,218.208,1263.337,0,4,compressed_ring_ar
1778540149.4639776,5,83,1.576109,116.4,360.908,1095.583,0,4,compressed_ring_ar
1778540150.8501794,5,84,1.574749,95.35,230.451,1332.435,0,4,compressed_ring_ar
1778540152.082386,5,85,1.569833,107.32,287.132,1187.758,0,4,compressed_ring_ar
1778540153.3727264,5,86,1.404105,102.4,389.018,1245.502,0,4,compressed_ring_ar
1778540154.8888798,5,87,1.426208,86.47,237.523,1471.724,0,4,compressed_ring_ar
1778540156.0978692,5,88,1.356093,111.99,280.432,1138.085,0,4,compressed_ring_ar
1778540157.388082,5,89,1.367356,103.94,206.867,1230.199,0,4,compressed_ring_ar
1778540158.679292,5,90,1.46288,102.95,193.917,1236.337,0,4,compressed_ring_ar
1778540160.236943,5,91,1.440144,84.51,295.498,1507.077,0,4,compressed_ring_ar
1778540161.3477123,5,92,1.383895,121.6,246.247,1049.733,0,4,compressed_ring_ar
1778540162.8139563,5,93,1.404172,91.04,575.894,1399.406,0,4,compressed_ring_ar
1778540164.1477733,5,94,1.424091,99.3,250.23,1283.263,0,4,compressed_ring_ar
1778540165.4772258,5,95,1.350046,101.35,261.308,1261.589,0,4,compressed_ring_ar
1778540166.8749716,5,96,1.301365,95.16,218.485,1338.787,0,4,compressed_ring_ar
1778540168.1172655,5,97,1.317637,69.21,238.119,1205.121,0,4,compressed_ring_ar
1778540180.1393266,6,0,1.511784,85.74,530.198,1488.487,0,4,compressed_ring_ar
1778540181.4657078,6,1,1.454573,102.91,265.19,1242.426,0,4,compressed_ring_ar
1778540182.9147353,6,2,1.278515,93.32,168.749,1369.416,0,4,compressed_ring_ar
1778540184.322628,6,3,1.263366,95.11,478.765,1343.311,0,4,compressed_ring_ar
1778540185.730259,6,4,1.530071,94.04,187.824,1358.173,0,4,compressed_ring_ar
1778540187.215395,6,5,1.369175,89.27,620.961,1432.928,0,4,compressed_ring_ar
1778540188.6525195,6,6,1.354158,93.45,200.381,1364.517,0,4,compressed_ring_ar
1778540189.8178473,6,7,1.417975,113.9,156.272,1122.493,0,4,compressed_ring_ar
1778540191.0952284,6,8,1.428519,104.45,303.636,1222.85,0,4,compressed_ring_ar
1778540192.3918343,6,9,1.370388,102.27,415.909,1248.465,0,4,compressed_ring_ar
1778540193.608835,6,10,1.353705,108.77,337.638,1175.556,0,4,compressed_ring_ar
1778540195.025359,6,11,1.313698,93.05,379.509,1373.211,0,4,compressed_ring_ar
1778540196.307819,6,12,1.367558,102.92,398.062,1241.779,0,4,compressed_ring_ar
1778540197.676652,6,13,1.406947,96.83,431.623,1318.223,0,4,compressed_ring_ar
1778540198.9983294,6,14,1.376513,100.25,203.641,1275.875,0,4,compressed_ring_ar
1778540200.3027546,6,15,1.389988,101.77,464.333,1256.607,0,4,compressed_ring_ar
1778540201.6954541,6,16,1.522548,95.48,248.338,1339.253,0,4,compressed_ring_ar
1778540203.1299303,6,17,1.252234,92.36,461.328,1382.775,0,4,compressed_ring_ar
1778540204.4686127,6,18,1.360114,99.81,209.462,1278.043,0,4,compressed_ring_ar
1778540205.7248933,6,19,1.319407,105.51,184.531,1210.584,0,4,compressed_ring_ar
1778540207.0115685,6,20,1.604679,103.73,247.25,1228.818,0,4,compressed_ring_ar
1778540208.1900058,6,21,1.322957,112.49,189.718,1135.386,0,4,compressed_ring_ar
1778540209.594874,6,22,1.269783,95.3,381.543,1341.904,0,4,compressed_ring_ar
1778540210.994368,6,23,1.307534,95.18,347.766,1342.427,0,4,compressed_ring_ar
1778540212.2944818,6,24,1.451698,102.11,201.139,1251.39,0,4,compressed_ring_ar
1778540213.6306536,6,25,1.375431,99.82,391.206,1279.633,0,4,compressed_ring_ar
1778540214.931479,6,26,1.354985,102.0,142.863,1249.93,0,4,compressed_ring_ar
1778540216.2335532,6,27,1.463573,105.89,658.475,1206.837,0,4,compressed_ring_ar
1778540217.5279014,6,28,1.32241,104.42,619.563,1224.374,0,4,compressed_ring_ar
1778540218.82313,6,29,1.396622,102.02,503.699,1252.139,0,4,compressed_ring_ar
1778540220.559614,6,30,1.552792,76.92,201.053,1655.223,0,4,compressed_ring_ar
1778540221.6947682,6,31,1.406681,119.48,216.679,1069.579,0,4,compressed_ring_ar
1778540222.9506075,6,32,1.400015,105.42,437.123,1212.033,0,4,compressed_ring_ar
1778540224.3443637,6,33,1.347456,96.18,423.414,1329.519,0,4,compressed_ring_ar
1778540225.5740254,6,34,1.298752,107.51,290.28,1188.222,0,4,compressed_ring_ar
1778540226.8778703,6,35,1.400347,102.76,369.792,1244.418,0,4,compressed_ring_ar
1778540228.1341958,6,36,1.251751,107.45,168.15,1188.871,0,4,compressed_ring_ar
1778540229.3785326,6,37,1.383527,108.2,146.049,1180.961,0,4,compressed_ring_ar
1778540230.771713,6,38,1.486987,98.14,283.899,1301.555,0,4,compressed_ring_ar
1778540232.2326999,6,39,1.490022,91.13,309.48,1403.163,0,4,compressed_ring_ar
1778540233.5122235,6,40,1.422769,104.31,154.26,1226.329,0,4,compressed_ring_ar
1778540234.8968697,6,41,1.435556,95.73,349.021,1334.435,0,4,compressed_ring_ar
1778540236.1635845,6,42,1.336125,105.07,383.747,1216.765,0,4,compressed_ring_ar
1778540237.4574633,6,43,1.388186,102.3,152.181,1250.04,0,4,compressed_ring_ar
1778540238.9042277,6,44,1.409758,92.78,440.525,1377.6,0,4,compressed_ring_ar
1778540240.1335154,6,45,1.500612,107.73,229.778,1186.204,0,4,compressed_ring_ar
1778540241.4030979,6,46,1.314134,106.57,410.494,1198.208,0,4,compressed_ring_ar
1778540242.71624,6,47,1.385725,101.94,585.323,1252.655,0,4,compressed_ring_ar
1778540243.982957,6,48,1.361866,105.06,405.971,1217.274,0,4,compressed_ring_ar
1778540245.2972183,6,49,1.451958,102.62,561.503,1245.003,0,4,compressed_ring_ar
1778540246.7669709,6,50,1.331764,89.59,238.999,1426.527,0,4,compressed_ring_ar
1778540248.0995333,6,51,1.465618,100.86,277.63,1262.485,0,4,compressed_ring_ar
1778540249.3007476,6,52,1.238309,111.3,243.188,1149.007,0,4,compressed_ring_ar
1778540250.7799058,6,53,1.451369,90.16,336.216,1419.326,0,4,compressed_ring_ar
1778540252.0799947,6,54,1.460184,106.42,318.66,1200.305,0,4,compressed_ring_ar
1778540253.5021222,6,55,1.457935,92.62,425.411,1379.513,0,4,compressed_ring_ar
1778540254.9596949,6,56,1.376319,91.19,194.985,1402.302,0,4,compressed_ring_ar
1778540256.3235207,6,57,1.434522,97.77,233.312,1301.678,0,4,compressed_ring_ar
1778540257.4714026,6,58,1.324783,117.54,164.374,1087.931,0,4,compressed_ring_ar
1778540258.7666,6,59,1.464843,103.87,153.403,1229.449,0,4,compressed_ring_ar
1778540260.051827,6,60,1.210378,102.69,389.379,1244.308,0,4,compressed_ring_ar
1778540261.4017618,6,61,1.435703,98.2,136.124,1302.167,0,4,compressed_ring_ar
1778540262.6828203,6,62,1.261838,105.14,454.033,1214.936,0,4,compressed_ring_ar
1778540263.9987497,6,63,1.240065,102.73,171.846,1243.493,0,4,compressed_ring_ar
1778540265.4305289,6,64,1.479533,93.01,320.506,1373.754,0,4,compressed_ring_ar
1778540266.7446792,6,65,1.50275,102.47,442.195,1245.909,0,4,compressed_ring_ar
1778540268.174162,6,66,1.466722,91.98,415.621,1389.513,0,4,compressed_ring_ar
1778540269.54385,6,67,1.405937,96.25,360.145,1328.142,0,4,compressed_ring_ar
1778540270.9510899,6,68,1.306698,93.64,457.761,1360.443,0,4,compressed_ring_ar
1778540272.2001154,6,69,1.421565,106.16,147.173,1202.956,0,4,compressed_ring_ar
1778540273.458084,6,70,1.311698,105.95,428.992,1206.856,0,4,compressed_ring_ar
1778540274.7840934,6,71,1.314354,101.13,449.816,1260.028,0,4,compressed_ring_ar
1778540276.064392,6,72,1.459607,103.82,172.788,1231.701,0,4,compressed_ring_ar
1778540277.3754103,6,73,1.183288,101.99,261.201,1252.725,0,4,compressed_ring_ar
1778540278.6993487,6,74,1.411487,100.37,234.863,1267.935,0,4,compressed_ring_ar
1778540279.9359896,6,75,1.342412,106.6,210.056,1194.876,0,4,compressed_ring_ar
1778540281.249317,6,76,1.354196,101.85,216.577,1252.172,0,4,compressed_ring_ar
1778540282.5491722,6,77,1.376892,102.11,179.75,1251.89,0,4,compressed_ring_ar
1778540283.9191089,6,78,1.433936,96.83,429.85,1320.722,0,4,compressed_ring_ar
1778540285.4844,6,79,1.295213,84.89,476.843,1506.303,0,4,compressed_ring_ar
1778540286.7468019,6,80,1.267269,107.21,178.945,1189.919,0,4,compressed_ring_ar
1778540288.0984545,6,81,1.410501,97.59,333.277,1309.047,0,4,compressed_ring_ar
1778540289.3202147,6,82,1.503492,108.89,366.18,1173.158,0,4,compressed_ring_ar
1778540290.719736,6,83,1.36077,97.29,160.374,1314.127,0,4,compressed_ring_ar
1778540291.9892592,6,84,1.236652,104.62,179.259,1222.18,0,4,compressed_ring_ar
1778540293.3344555,6,85,1.228218,98.71,404.512,1295.322,0,4,compressed_ring_ar
1778540294.5608191,6,86,1.527187,108.9,177.217,1173.152,0,4,compressed_ring_ar
1778540295.8049717,6,87,1.271534,106.91,368.503,1194.785,0,4,compressed_ring_ar
1778540297.1068435,6,88,1.353242,103.31,151.825,1235.927,0,4,compressed_ring_ar
1778540298.4609957,6,89,1.421615,98.75,595.536,1294.82,0,4,compressed_ring_ar
1778540299.883432,6,90,1.459791,95.15,185.416,1342.967,0,4,compressed_ring_ar
1778540301.1853535,6,91,1.54268,102.15,401.333,1251.762,0,4,compressed_ring_ar
1778540302.383539,6,92,1.435548,110.85,144.701,1151.805,0,4,compressed_ring_ar
1778540303.6506658,6,93,1.428285,106.09,421.669,1202.498,0,4,compressed_ring_ar
1778540305.0409389,6,94,1.467993,95.85,389.47,1332.205,0,4,compressed_ring_ar
1778540306.2972255,6,95,1.480033,105.71,197.223,1209.62,0,4,compressed_ring_ar
1778540307.7741506,6,96,1.368067,90.99,197.532,1404.091,0,4,compressed_ring_ar
1778540308.9085195,6,97,1.459665,76.24,205.122,1099.123,0,4,compressed_ring_ar
1778540320.5180867,7,0,1.443249,93.52,409.816,1366.402,0,4,compressed_ring_ar
1778540321.6914895,7,1,1.361273,113.82,232.097,1122.13,0,4,compressed_ring_ar
1778540322.9420383,7,2,1.312657,107.58,365.783,1187.315,0,4,compressed_ring_ar
1778540324.1890564,7,3,1.539572,107.2,424.389,1192.788,0,4,compressed_ring_ar
1778540325.4947534,7,4,1.432469,103.91,315.414,1230.87,0,4,compressed_ring_ar
1778540326.8615708,7,5,1.354851,97.45,527.401,1312.126,0,4,compressed_ring_ar
1778540328.118448,7,6,1.431174,105.95,416.132,1205.732,0,4,compressed_ring_ar
1778540329.4374528,7,7,1.278865,101.58,558.878,1259.012,0,4,compressed_ring_ar
1778540330.80743,7,8,1.610291,97.12,511.575,1315.55,0,4,compressed_ring_ar
1778540332.1672714,7,9,1.31292,97.43,444.501,1312.497,0,4,compressed_ring_ar
1778540333.5794327,7,10,1.549266,93.64,150.866,1365.3,0,4,compressed_ring_ar
1778540335.0780556,7,11,1.286033,88.32,557.509,1447.983,0,4,compressed_ring_ar
1778540336.2097256,7,12,1.492166,118.69,149.411,1075.502,0,4,compressed_ring_ar
1778540337.526089,7,13,1.307481,101.65,496.467,1256.647,0,4,compressed_ring_ar
1778540338.8687224,7,14,1.352569,98.17,377.071,1301.346,0,4,compressed_ring_ar
1778540340.1173966,7,15,1.384631,109.13,166.281,1170.211,0,4,compressed_ring_ar
1778540341.424305,7,16,1.32664,103.15,517.216,1239.088,0,4,compressed_ring_ar
1778540342.7152424,7,17,1.298144,103.67,463.475,1232.34,0,4,compressed_ring_ar
1778540344.0828755,7,18,1.264055,96.66,472.317,1321.716,0,4,compressed_ring_ar
1778540345.5049741,7,19,1.28615,94.63,243.358,1350.034,0,4,compressed_ring_ar
1778540346.8531783,7,20,1.300101,97.71,171.202,1309.63,0,4,compressed_ring_ar
1778540348.1322155,7,21,1.274821,105.8,340.756,1207.186,0,4,compressed_ring_ar
1778540349.4710166,7,22,1.427541,98.38,505.877,1298.598,0,4,compressed_ring_ar
1778540350.8672817,7,23,1.291995,94.75,185.595,1349.55,0,4,compressed_ring_ar
1778540352.0786262,7,24,1.210459,109.67,174.306,1164.758,0,4,compressed_ring_ar
1778540353.3476357,7,25,1.316257,104.21,421.76,1227.517,0,4,compressed_ring_ar
1778540354.7361834,7,26,1.392605,95.0,441.327,1340.475,0,4,compressed_ring_ar
1778540356.0097866,7,27,1.425951,104.84,199.947,1219.808,0,4,compressed_ring_ar
1778540357.2999854,7,28,1.475581,106.01,368.047,1204.295,0,4,compressed_ring_ar
1778540358.6122072,7,29,1.217038,101.16,228.756,1263.957,0,4,compressed_ring_ar
1778540359.9553092,7,30,1.436714,98.57,199.639,1297.207,0,4,compressed_ring_ar
1778540361.3237255,7,31,1.338943,97.78,278.48,1307.807,0,4,compressed_ring_ar
1778540362.619202,7,32,1.332491,103.15,186.527,1238.227,0,4,compressed_ring_ar
1778540363.990378,7,33,1.458752,96.37,486.228,1325.884,0,4,compressed_ring_ar
1778540365.2930677,7,34,1.389757,102.64,408.978,1245.765,0,4,compressed_ring_ar
1778540366.6748445,7,35,1.308999,95.64,379.346,1337.145,0,4,compressed_ring_ar
1778540368.0384874,7,36,1.381693,97.27,164.749,1314.445,0,4,compressed_ring_ar
1778540369.2658966,7,37,1.299086,109.0,184.04,1171.802,0,4,compressed_ring_ar
1778540370.5184155,7,38,1.415255,106.36,231.179,1202.271,0,4,compressed_ring_ar
1778540371.9912238,7,39,1.449128,92.49,680.715,1381.831,0,4,compressed_ring_ar
1778540373.2944279,7,40,1.411124,101.56,414.589,1255.415,0,4,compressed_ring_ar
1778540374.6418216,7,41,1.492464,97.98,248.512,1296.051,0,4,compressed_ring_ar
1778540375.8989046,7,42,1.23701,104.86,213.292,1219.373,0,4,compressed_ring_ar
1778540377.2862608,7,43,1.357605,97.02,179.285,1317.029,0,4,compressed_ring_ar
1778540378.5703588,7,44,1.307825,103.29,176.524,1236.681,0,4,compressed_ring_ar
1778540379.9707913,7,45,1.387066,96.01,458.339,1331.856,0,4,compressed_ring_ar
1778540381.2076123,7,46,1.328813,109.16,336.82,1172.013,0,4,compressed_ring_ar
1778540382.5552497,7,47,1.363484,99.23,436.936,1285.271,0,4,compressed_ring_ar
1778540383.90023,7,48,1.363148,98.59,230.104,1293.922,0,4,compressed_ring_ar
1778540385.1610944,7,49,1.430189,105.09,202.204,1216.715,0,4,compressed_ring_ar
1778540386.4750297,7,50,1.56565,100.89,328.907,1266.199,0,4,compressed_ring_ar
1778540387.7835164,7,51,1.271253,101.84,508.725,1254.489,0,4,compressed_ring_ar
1778540389.1741664,7,52,1.43255,97.72,442.688,1308.832,0,4,compressed_ring_ar
1778540390.4988172,7,53,1.260495,100.65,386.876,1270.533,0,4,compressed_ring_ar
1778540391.7656226,7,54,1.36559,105.66,155.907,1211.066,0,4,compressed_ring_ar
1778540393.1435528,7,55,1.429937,98.26,298.48,1301.261,0,4,compressed_ring_ar
1778540394.4046679,7,56,1.299376,108.45,635.904,1179.125,0,4,compressed_ring_ar
1778540395.764997,7,57,1.381254,98.49,400.433,1295.175,0,4,compressed_ring_ar
1778540397.0817957,7,58,1.172426,101.22,159.321,1262.486,0,4,compressed_ring_ar
1778540398.3242316,7,59,1.378007,106.82,298.013,1197.164,0,4,compressed_ring_ar
1778540399.6521778,7,60,1.189628,101.23,175.842,1262.267,0,4,compressed_ring_ar
1778540401.1427166,7,61,1.295512,89.34,198.98,1431.44,0,4,compressed_ring_ar
1778540402.7436411,7,62,1.252332,82.52,241.862,1549.914,0,4,compressed_ring_ar
1778540404.2107275,7,63,1.257323,91.02,526.231,1401.932,0,4,compressed_ring_ar
1778540405.7382605,7,64,1.412603,88.19,483.481,1446.905,0,4,compressed_ring_ar
1778540407.168702,7,65,1.286886,93.94,326.702,1361.073,0,4,compressed_ring_ar
1778540408.6192524,7,66,1.31618,92.99,485.052,1375.071,0,4,compressed_ring_ar
1778540409.98091,7,67,1.478957,97.61,346.076,1308.855,0,4,compressed_ring_ar
1778540411.4730144,7,68,1.443355,88.72,412.802,1440.669,0,4,compressed_ring_ar
1778540412.8050327,7,69,1.360201,99.77,210.571,1280.889,0,4,compressed_ring_ar
1778540414.1649885,7,70,1.293584,97.58,192.661,1310.497,0,4,compressed_ring_ar
1778540415.6919093,7,71,1.205423,86.78,245.683,1473.608,0,4,compressed_ring_ar
1778540416.9257493,7,72,1.295356,108.06,176.816,1183.343,0,4,compressed_ring_ar
1778540418.381849,7,73,1.302248,91.67,287.981,1394.014,0,4,compressed_ring_ar
1778540419.713995,7,74,1.397286,100.43,157.999,1273.314,0,4,compressed_ring_ar
1778540421.1494534,7,75,1.412409,92.28,469.647,1380.57,0,4,compressed_ring_ar
1778540422.5039077,7,76,1.248785,97.64,152.947,1308.444,0,4,compressed_ring_ar
1778540423.9051292,7,77,1.199756,96.48,230.548,1325.627,0,4,compressed_ring_ar
1778540425.281518,7,78,1.329091,98.97,203.9,1288.925,0,4,compressed_ring_ar
1778540426.6970012,7,79,1.330086,94.58,461.453,1349.616,0,4,compressed_ring_ar
1778540428.1520972,7,80,1.228708,91.49,432.697,1395.789,0,4,compressed_ring_ar
1778540429.6295807,7,81,1.299241,90.09,610.437,1419.918,0,4,compressed_ring_ar
1778540431.2922149,7,82,1.223381,80.99,203.95,1579.214,0,4,compressed_ring_ar
1778540432.7678456,7,83,1.400219,90.66,172.098,1410.588,0,4,compressed_ring_ar
1778540434.0082521,7,84,1.238984,108.51,282.922,1178.48,0,4,compressed_ring_ar
1778540435.281884,7,85,1.349315,104.7,209.384,1217.884,0,4,compressed_ring_ar
1778540436.6159935,7,86,1.317556,98.46,423.384,1296.609,0,4,compressed_ring_ar
1778540437.9954329,7,87,1.255386,96.31,316.527,1321.583,0,4,compressed_ring_ar
1778540439.1213987,7,88,1.279475,117.29,145.91,1088.403,0,4,compressed_ring_ar
1778540440.3460424,7,89,1.451056,109.73,184.803,1164.835,0,4,compressed_ring_ar
1778540441.7652464,7,90,1.384525,94.51,173.269,1353.308,0,4,compressed_ring_ar
1778540443.0653138,7,91,1.322844,102.56,235.417,1243.43,0,4,compressed_ring_ar
1778540444.2379334,7,92,1.456689,114.09,174.731,1118.7,0,4,compressed_ring_ar
1778540445.5633454,7,93,1.435602,101.92,169.169,1252.917,0,4,compressed_ring_ar
1778540446.8505514,7,94,1.396517,103.69,408.829,1233.441,0,4,compressed_ring_ar
1778540448.4073696,7,95,1.355441,85.02,572.169,1501.084,0,4,compressed_ring_ar
1778540449.6729496,7,96,1.348853,105.08,201.386,1213.516,0,4,compressed_ring_ar
1778540450.8127913,7,97,1.290552,75.55,352.59,1111.408,0,4,compressed_ring_ar
1778540462.6369069,8,0,1.307585,83.08,306.239,1533.881,0,4,compressed_ring_ar
1778540463.944939,8,1,1.222776,103.74,204.84,1232.488,0,4,compressed_ring_ar
1778540465.2171497,8,2,1.320659,104.82,184.849,1219.12,0,4,compressed_ring_ar
1778540466.4781604,8,3,1.228347,104.94,184.371,1217.182,0,4,compressed_ring_ar
1778540467.8207552,8,4,1.356681,98.26,374.514,1295.728,0,4,compressed_ring_ar
1778540469.0838268,8,5,1.367818,105.15,200.352,1212.34,0,4,compressed_ring_ar
1778540470.5067751,8,6,1.304492,92.42,261.708,1379.996,0,4,compressed_ring_ar
1778540471.8294482,8,7,1.193486,99.47,271.953,1282.457,0,4,compressed_ring_ar
1778540473.224664,8,8,1.3752,95.32,306.21,1335.601,0,4,compressed_ring_ar
1778540474.4025412,8,9,1.355741,115.38,248.299,1102.182,0,4,compressed_ring_ar
1778540475.6376069,8,10,1.30615,107.75,214.815,1180.981,0,4,compressed_ring_ar
1778540476.8739276,8,11,1.380287,107.08,226.901,1190.912,0,4,compressed_ring_ar
1778540478.1795812,8,12,1.207983,100.96,328.678,1265.777,0,4,compressed_ring_ar
1778540479.485884,8,13,1.27211,101.53,224.861,1259.317,0,4,compressed_ring_ar
1778540480.8423429,8,14,1.443837,97.59,245.732,1301.523,0,4,compressed_ring_ar
1778540482.0883222,8,15,1.384002,106.69,195.37,1193.921,0,4,compressed_ring_ar
1778540483.3692749,8,16,1.281835,104.88,255.412,1213.532,0,4,compressed_ring_ar
1778540484.5653307,8,17,1.354375,111.92,195.741,1138.95,0,4,compressed_ring_ar
1778540485.971257,8,18,1.363651,93.9,233.569,1358.796,0,4,compressed_ring_ar
1778540487.2846043,8,19,1.522546,101.19,213.404,1262.572,0,4,compressed_ring_ar
1778540488.6436229,8,20,1.340017,98.59,202.061,1290.712,0,4,compressed_ring_ar
1778540490.1898885,8,21,1.195695,85.22,293.866,1494.712,0,4,compressed_ring_ar
1778540491.3808222,8,22,1.276731,115.25,218.737,1108.0,0,4,compressed_ring_ar
1778540492.7570693,8,23,1.296252,98.73,199.414,1291.356,0,4,compressed_ring_ar
1778540494.065348,8,24,1.430926,100.57,309.685,1265.461,0,4,compressed_ring_ar
1778540495.3652785,8,25,1.325139,102.02,202.048,1249.821,0,4,compressed_ring_ar
1778540496.5986428,8,26,1.417378,107.33,247.544,1191.19,0,4,compressed_ring_ar
1778540497.9079752,8,27,1.590288,102.26,193.915,1243.208,0,4,compressed_ring_ar
1778540499.1981177,8,28,1.301752,102.71,316.677,1244.976,0,4,compressed_ring_ar
1778540500.467041,8,29,1.328452,106.38,236.628,1201.192,0,4,compressed_ring_ar
1778540501.7302852,8,30,1.195653,107.0,186.832,1194.789,0,4,compressed_ring_ar
1778540503.2084816,8,31,1.306073,90.13,218.351,1415.745,0,4,compressed_ring_ar
1778540504.5048459,8,32,1.268401,102.37,300.675,1248.941,0,4,compressed_ring_ar
1778540505.9171913,8,33,1.212283,93.39,202.538,1369.453,0,4,compressed_ring_ar
1778540507.2324836,8,34,1.262097,100.42,194.134,1271.82,0,4,compressed_ring_ar
1778540508.4827821,8,35,1.438635,106.87,238.709,1191.967,0,4,compressed_ring_ar
1778540509.854305,8,36,1.311168,96.78,286.61,1314.886,0,4,compressed_ring_ar
1778540511.192673,8,37,1.268761,98.63,199.478,1296.421,0,4,compressed_ring_ar
1778540512.6059792,8,38,1.19759,94.03,235.123,1354.267,0,4,compressed_ring_ar
1778540514.026748,8,39,1.166731,92.41,314.014,1383.759,0,4,compressed_ring_ar
1778540515.1610641,8,40,1.300828,119.51,219.908,1067.171,0,4,compressed_ring_ar
1778540516.4147167,8,41,1.051212,105.89,205.266,1201.951,0,4,compressed_ring_ar
1778540517.6670153,8,42,1.200845,105.67,226.931,1209.963,0,4,compressed_ring_ar
1778540519.0411415,8,43,1.20323,97.25,193.547,1313.273,0,4,compressed_ring_ar
1778540520.6735182,8,44,1.137983,80.49,252.356,1588.682,0,4,compressed_ring_ar
1778540521.911529,8,45,1.179815,110.33,240.886,1153.444,0,4,compressed_ring_ar
1778540523.1446319,8,46,1.126041,107.28,203.799,1188.391,0,4,compressed_ring_ar
1778540524.3996093,8,47,1.361248,105.5,202.63,1208.569,0,4,compressed_ring_ar
1778540525.6435115,8,48,1.325225,108.06,243.801,1177.046,0,4,compressed_ring_ar
1778540526.933291,8,49,1.163736,102.3,185.167,1246.126,0,4,compressed_ring_ar
1778540528.271787,8,50,1.125547,98.65,204.975,1293.557,0,4,compressed_ring_ar
1778540529.5973628,8,51,1.590929,100.16,209.018,1271.247,0,4,compressed_ring_ar
1778540530.976488,8,52,1.368805,96.67,211.407,1316.256,0,4,compressed_ring_ar
1778540532.3441722,8,53,1.201341,96.24,224.808,1323.763,0,4,compressed_ring_ar
1778540533.5812852,8,54,1.362436,108.94,193.61,1167.409,0,4,compressed_ring_ar
1778540534.9244192,8,55,1.365706,98.53,299.068,1289.744,0,4,compressed_ring_ar
1778540536.1983006,8,56,1.038475,104.88,274.717,1218.929,0,4,compressed_ring_ar
1778540537.5025225,8,57,1.256877,101.41,182.975,1260.892,0,4,compressed_ring_ar
1778540538.8138196,8,58,1.336103,101.84,211.866,1251.912,0,4,compressed_ring_ar
1778540540.090426,8,59,1.254365,103.37,249.524,1230.689,0,4,compressed_ring_ar
1778540541.4456275,8,60,1.319118,96.96,238.838,1313.017,0,4,compressed_ring_ar
1778540542.7525437,8,61,1.159535,101.52,224.558,1259.599,0,4,compressed_ring_ar
1778540544.1967018,8,62,1.277538,91.56,224.575,1390.434,0,4,compressed_ring_ar
1778540545.438404,8,63,1.140845,107.64,296.485,1187.854,0,4,compressed_ring_ar
1778540546.8821113,8,64,1.288064,92.38,239.293,1380.902,0,4,compressed_ring_ar
1778540548.167591,8,65,1.301483,102.71,257.744,1238.832,0,4,compressed_ring_ar
1778540549.5029151,8,66,1.379765,100.57,278.168,1264.873,0,4,compressed_ring_ar
1778540550.9602032,8,67,1.493159,92.04,424.223,1389.341,0,4,compressed_ring_ar
1778540552.1594937,8,68,1.201701,112.33,288.967,1129.636,0,4,compressed_ring_ar
1778540553.3976734,8,69,1.372202,107.48,206.844,1185.782,0,4,compressed_ring_ar
1778540554.6333683,8,70,1.438257,107.09,244.712,1193.744,0,4,compressed_ring_ar
1778540555.9155066,8,71,1.186433,104.73,207.894,1217.728,0,4,compressed_ring_ar
1778540557.3927224,8,72,1.337946,89.86,261.738,1419.78,0,4,compressed_ring_ar
1778540558.6843572,8,73,1.224492,102.62,189.893,1243.234,0,4,compressed_ring_ar
1778540560.007988,8,74,1.188008,100.75,261.385,1268.196,0,4,compressed_ring_ar
1778540561.4339614,8,75,1.205739,93.24,370.411,1366.165,0,4,compressed_ring_ar
1778540562.7397702,8,76,1.357236,101.17,256.952,1257.308,0,4,compressed_ring_ar
1778540564.0471995,8,77,1.196149,102.16,257.944,1247.935,0,4,compressed_ring_ar
1778540565.230142,8,78,1.288181,112.11,373.819,1138.904,0,4,compressed_ring_ar
1778540566.560476,8,79,1.425102,99.27,209.513,1282.468,0,4,compressed_ring_ar
1778540567.8355098,8,80,1.37964,103.84,241.283,1229.745,0,4,compressed_ring_ar
1778540569.189591,8,81,1.266752,97.95,255.882,1305.313,0,4,compressed_ring_ar
1778540570.6450481,8,82,1.264032,90.13,481.107,1418.764,0,4,compressed_ring_ar
1778540572.0736682,8,83,1.28125,93.61,209.693,1361.723,0,4,compressed_ring_ar
1778540573.3534966,8,84,1.522911,103.84,212.798,1231.376,0,4,compressed_ring_ar
1778540574.7997804,8,85,1.280794,91.13,195.065,1399.995,0,4,compressed_ring_ar
1778540576.1068974,8,86,1.355469,102.99,223.193,1241.559,0,4,compressed_ring_ar
1778540577.4146547,8,87,1.492602,101.63,229.675,1254.053,0,4,compressed_ring_ar
1778540578.822625,8,88,1.24664,94.13,230.807,1355.108,0,4,compressed_ring_ar
1778540580.0633595,8,89,1.161504,109.17,208.98,1167.211,0,4,compressed_ring_ar
1778540581.4974513,8,90,1.181284,91.59,504.634,1391.536,0,4,compressed_ring_ar
1778540582.955915,8,91,1.281569,91.1,246.987,1398.305,0,4,compressed_ring_ar
1778540584.2239127,8,92,1.231637,105.13,223.674,1210.784,0,4,compressed_ring_ar
1778540585.4603047,8,93,1.074237,107.22,189.876,1192.614,0,4,compressed_ring_ar
1778540586.8179479,8,94,1.255242,97.82,258.96,1305.632,0,4,compressed_ring_ar
1778540588.16873,8,95,1.437106,97.73,477.846,1307.391,0,4,compressed_ring_ar
1778540589.5537581,8,96,1.290606,95.26,413.558,1335.799,0,4,compressed_ring_ar
1778540590.9156544,8,97,1.072613,63.24,187.501,1323.113,0,4,compressed_ring_ar
1778540602.5747485,9,0,1.1578,91.13,414.648,1399.627,0,4,compressed_ring_ar
1778540603.8607833,9,1,1.243562,102.95,210.451,1235.909,0,4,compressed_ring_ar
1778540605.1211207,9,2,1.178274,105.9,215.843,1203.777,0,4,compressed_ring_ar
1778540606.3859837,9,3,1.385602,104.02,375.711,1229.402,0,4,compressed_ring_ar
1778540607.6743524,9,4,1.298666,105.15,255.808,1212.149,0,4,compressed_ring_ar
1778540608.9304242,9,5,1.282287,106.69,230.4,1194.414,0,4,compressed_ring_ar
1778540610.2085667,9,6,1.247728,105.15,223.999,1211.955,0,4,compressed_ring_ar
1778540611.5736558,9,7,1.3048,96.6,329.805,1323.704,0,4,compressed_ring_ar
1778540613.060991,9,8,1.198032,88.56,253.217,1444.401,0,4,compressed_ring_ar
1778540614.517333,9,9,1.250535,92.78,235.195,1378.343,0,4,compressed_ring_ar
1778540615.926706,9,10,1.28064,93.88,204.243,1359.722,0,4,compressed_ring_ar
1778540617.262368,9,11,1.397212,99.05,315.638,1290.925,0,4,compressed_ring_ar
1778540618.57755,9,12,1.252434,100.45,350.445,1270.097,0,4,compressed_ring_ar
1778540619.8609927,9,13,1.422337,103.5,197.581,1233.661,0,4,compressed_ring_ar
1778540621.1488235,9,14,1.244131,105.4,302.575,1213.233,0,4,compressed_ring_ar
1778540622.6322405,9,15,1.175886,89.27,518.441,1429.564,0,4,compressed_ring_ar
1778540624.0607383,9,16,1.165452,93.28,271.127,1367.706,0,4,compressed_ring_ar
1778540625.3048244,9,17,1.374402,106.98,343.768,1191.737,0,4,compressed_ring_ar
1778540626.5542626,9,18,1.200506,106.69,252.691,1195.025,0,4,compressed_ring_ar
1778540628.036661,9,19,1.406145,88.98,218.992,1433.956,0,4,compressed_ring_ar
1778540629.4040759,9,20,1.340627,100.27,215.996,1271.721,0,4,compressed_ring_ar
1778540630.685348,9,21,1.273756,104.7,302.705,1221.438,0,4,compressed_ring_ar
1778540631.937907,9,22,1.28518,108.29,198.884,1175.828,0,4,compressed_ring_ar
1778540633.2834592,9,23,1.333752,99.68,248.962,1279.613,0,4,compressed_ring_ar
1778540634.5466557,9,24,1.340755,106.68,239.294,1195.369,0,4,compressed_ring_ar
1778540636.0216,9,25,1.329633,90.26,267.233,1412.379,0,4,compressed_ring_ar
1778540637.3854218,9,26,1.223318,97.41,209.308,1308.509,0,4,compressed_ring_ar
1778540638.6078627,9,27,1.273712,111.49,208.427,1145.708,0,4,compressed_ring_ar
1778540640.1123788,9,28,1.284568,87.61,217.775,1451.561,0,4,compressed_ring_ar
1778540641.3603153,9,29,1.174452,107.3,187.704,1188.184,0,4,compressed_ring_ar
1778540642.4988024,9,30,1.326065,116.48,385.711,1094.008,0,4,compressed_ring_ar
1778540643.8372827,9,31,1.294915,99.0,202.893,1287.734,0,4,compressed_ring_ar
1778540645.2065403,9,32,1.233914,97.64,245.003,1304.387,0,4,compressed_ring_ar
1778540646.3216212,9,33,1.337464,124.27,196.65,1024.831,0,4,compressed_ring_ar
1778540647.7679858,9,34,1.227489,91.31,213.015,1393.31,0,4,compressed_ring_ar
1778540649.033724,9,35,1.280083,104.72,200.43,1217.463,0,4,compressed_ring_ar
1778540650.3249002,9,36,1.3049,102.18,347.748,1248.165,0,4,compressed_ring_ar
1778540651.6587665,9,37,1.19559,100.33,219.285,1271.113,0,4,compressed_ring_ar
1778540652.8522098,9,38,1.534877,111.16,233.3,1146.73,0,4,compressed_ring_ar
1778540654.221438,9,39,1.227013,96.83,193.069,1317.563,0,4,compressed_ring_ar
1778540655.6071882,9,40,1.461452,95.82,219.436,1334.39,0,4,compressed_ring_ar
1778540656.9536445,9,41,1.323547,97.8,305.535,1305.674,0,4,compressed_ring_ar
1778540658.3992198,9,42,1.262698,90.87,355.284,1403.632,0,4,compressed_ring_ar
1778540659.5142257,9,43,1.355031,121.56,252.045,1047.356,0,4,compressed_ring_ar
1778540660.9212732,9,44,1.380101,93.83,234.373,1359.533,0,4,compressed_ring_ar
1778540662.1884744,9,45,1.419826,104.26,217.921,1223.867,0,4,compressed_ring_ar
1778540663.3403757,9,46,1.341523,114.88,229.909,1109.066,0,4,compressed_ring_ar
1778540664.6752045,9,47,1.231421,98.51,239.513,1297.973,0,4,compressed_ring_ar
1778540666.1947975,9,48,1.075457,86.49,249.581,1475.583,0,4,compressed_ring_ar
1778540667.4743161,9,49,1.267225,104.14,234.687,1227.735,0,4,compressed_ring_ar
1778540669.0605261,9,50,1.2255,83.07,308.391,1538.003,0,4,compressed_ring_ar
1778540670.7134132,9,51,1.093349,80.86,590.991,1578.344,0,4,compressed_ring_ar
1778540672.0406098,9,52,1.330067,99.63,201.063,1281.174,0,4,compressed_ring_ar
1778540673.3401473,9,53,1.188546,101.64,225.145,1257.279,0,4,compressed_ring_ar
1778540674.609744,9,54,1.315719,105.01,181.62,1216.116,0,4,compressed_ring_ar
1778540676.0698583,9,55,1.291787,90.74,381.1,1406.725,0,4,compressed_ring_ar
1778540677.3582542,9,56,1.301034,104.53,261.685,1216.823,0,4,compressed_ring_ar
1778540678.5707572,9,57,1.303209,109.08,189.943,1168.983,0,4,compressed_ring_ar
1778540679.7884464,9,58,1.249472,110.43,190.882,1157.792,0,4,compressed_ring_ar
1778540681.1323903,9,59,1.29879,98.5,230.143,1292.881,0,4,compressed_ring_ar
1778540682.4031835,9,60,1.319176,104.13,183.745,1227.908,0,4,compressed_ring_ar
1778540683.7445354,9,61,1.179126,98.21,201.796,1300.435,0,4,compressed_ring_ar
1778540685.1468976,9,62,1.312527,94.76,245.309,1346.161,0,4,compressed_ring_ar
1778540686.4096131,9,63,1.366897,104.5,201.247,1220.326,0,4,compressed_ring_ar
1778540687.8258328,9,64,1.246196,92.96,207.645,1371.365,0,4,compressed_ring_ar
1778540689.1694694,9,65,1.247962,99.64,222.558,1279.635,0,4,compressed_ring_ar
1778540690.5174816,9,66,1.309877,98.89,216.921,1289.168,0,4,compressed_ring_ar
1778540691.93117,9,67,1.29362,93.62,237.552,1360.108,0,4,compressed_ring_ar
1778540693.1690052,9,68,1.204896,107.59,188.044,1184.812,0,4,compressed_ring_ar
1778540694.5241814,9,69,1.238264,97.44,258.373,1307.604,0,4,compressed_ring_ar
1778540695.7763724,9,70,1.212436,107.33,457.184,1186.359,0,4,compressed_ring_ar
1778540697.1083643,9,71,1.252052,99.65,299.178,1277.009,0,4,compressed_ring_ar
1778540698.432646,9,72,1.254453,99.19,232.85,1285.842,0,4,compressed_ring_ar
1778540699.7599952,9,73,1.180756,100.88,212.03,1264.015,0,4,compressed_ring_ar
1778540701.2533062,9,74,1.317334,88.39,270.9,1445.424,0,4,compressed_ring_ar
1778540702.7236788,9,75,1.233125,91.51,349.245,1394.075,0,4,compressed_ring_ar
1778540704.0239224,9,76,1.416397,101.9,196.229,1251.588,0,4,compressed_ring_ar
1778540705.3418348,9,77,1.208297,100.78,206.679,1265.555,0,4,compressed_ring_ar
1778540706.563297,9,78,1.190348,109.27,194.057,1166.772,0,4,compressed_ring_ar
1778540707.9180717,9,79,1.36035,97.69,200.07,1305.631,0,4,compressed_ring_ar
1778540709.1514497,9,80,1.241048,106.92,296.163,1194.126,0,4,compressed_ring_ar
1778540710.557621,9,81,1.238678,94.08,218.742,1355.753,0,4,compressed_ring_ar
1778540711.866542,9,82,1.178904,101.37,228.261,1259.165,0,4,compressed_ring_ar
1778540713.26924,9,83,1.176878,94.56,196.017,1350.857,0,4,compressed_ring_ar
1778540714.7209823,9,84,1.274023,90.88,552.523,1402.647,0,4,compressed_ring_ar
1778540716.1238043,9,85,1.058318,95.53,246.101,1335.024,0,4,compressed_ring_ar
1778540717.4673965,9,86,1.365218,99.03,184.286,1288.227,0,4,compressed_ring_ar
1778540718.933085,9,87,1.348007,89.56,295.654,1424.729,0,4,compressed_ring_ar
1778540720.2074597,9,88,1.492676,104.1,218.181,1227.063,0,4,compressed_ring_ar
1778540721.4739695,9,89,1.203156,105.56,373.3,1207.996,0,4,compressed_ring_ar
1778540722.7610776,9,90,1.13659,102.56,204.473,1243.247,0,4,compressed_ring_ar
1778540724.0387661,9,91,1.253651,103.54,195.891,1230.288,0,4,compressed_ring_ar
1778540725.2302911,9,92,1.292091,111.63,183.13,1141.315,0,4,compressed_ring_ar
1778540726.5140166,9,93,1.417503,102.62,219.108,1241.746,0,4,compressed_ring_ar
1778540727.797299,9,94,1.321025,104.15,196.975,1226.901,0,4,compressed_ring_ar
1778540729.3984468,9,95,1.310839,82.28,269.738,1549.956,0,4,compressed_ring_ar
1778540730.7156513,9,96,1.122865,100.84,231.253,1266.79,0,4,compressed_ring_ar
1778540732.088574,9,97,1.262066,62.91,344.887,1326.871,0,4,compressed_ring_ar
1778540743.6580021,10,0,1.105003,86.15,467.813,1481.761,0,4,compressed_ring_ar
1778540744.9678528,10,1,1.2431,100.9,212.392,1267.306,0,4,compressed_ring_ar
1778540746.3576498,10,2,1.145698,96.83,331.783,1314.781,0,4,compressed_ring_ar
1778540747.5283391,10,3,1.389209,114.19,201.116,1119.52,0,4,compressed_ring_ar
1778540748.9272535,10,4,1.226651,95.61,198.727,1332.446,0,4,compressed_ring_ar
1778540750.2454774,10,5,1.171887,99.94,311.87,1274.607,0,4,compressed_ring_ar
1778540751.5308003,10,6,1.273065,102.74,220.006,1241.235,0,4,compressed_ring_ar
1778540752.8052282,10,7,1.21178,104.84,288.505,1219.554,0,4,compressed_ring_ar
1778540753.9470978,10,8,1.043827,120.31,178.781,1061.348,0,4,compressed_ring_ar
1778540755.275123,10,9,1.225069,99.1,331.37,1287.144,0,4,compressed_ring_ar
1778540756.466819,10,10,1.250233,110.99,234.02,1149.923,0,4,compressed_ring_ar
1778540757.876322,10,11,1.180422,93.59,191.615,1363.299,0,4,compressed_ring_ar
1778540759.5005212,10,12,1.217362,80.98,256.465,1579.318,0,4,compressed_ring_ar
1778540760.9593341,10,13,1.329089,92.33,222.23,1381.463,0,4,compressed_ring_ar
1778540762.352376,10,14,1.17789,94.36,232.534,1351.882,0,4,compressed_ring_ar
1778540763.7517233,10,15,1.406112,95.0,234.834,1341.821,0,4,compressed_ring_ar
1778540765.0272028,10,16,1.190199,104.07,183.353,1223.459,0,4,compressed_ring_ar
1778540766.2562537,10,17,1.223028,109.98,251.272,1162.373,0,4,compressed_ring_ar
1778540767.6271086,10,18,1.277041,96.47,199.605,1320.626,0,4,compressed_ring_ar
1778540768.9742663,10,19,1.245813,97.75,330.404,1304.298,0,4,compressed_ring_ar
1778540770.147334,10,20,1.279974,115.22,190.022,1109.552,0,4,compressed_ring_ar
1778540771.5027037,10,21,1.223215,98.4,233.614,1299.343,0,4,compressed_ring_ar
1778540772.9741645,10,22,1.155462,90.83,221.263,1407.982,0,4,compressed_ring_ar
1778540774.258569,10,23,1.333925,105.43,223.37,1209.231,0,4,compressed_ring_ar
1778540775.5655463,10,24,1.314619,103.49,200.325,1227.616,0,4,compressed_ring_ar
1778540776.8002944,10,25,1.228521,107.91,213.065,1180.731,0,4,compressed_ring_ar
1778540778.1221602,10,26,1.12443,99.82,326.661,1280.899,0,4,compressed_ring_ar
1778540779.4281504,10,27,1.334768,101.75,213.272,1253.34,0,4,compressed_ring_ar
1778540780.8707871,10,28,1.202341,91.5,262.761,1397.484,0,4,compressed_ring_ar
1778540781.9984276,10,29,1.242779,122.22,206.16,1044.665,0,4,compressed_ring_ar
1778540783.331489,10,30,1.191702,99.81,230.217,1279.885,0,4,compressed_ring_ar
1778540784.668011,10,31,1.147039,99.68,331.599,1282.822,0,4,compressed_ring_ar
1778540786.2550297,10,32,1.271518,82.97,642.137,1537.449,0,4,compressed_ring_ar
1778540787.605367,10,33,1.232832,97.71,221.587,1308.794,0,4,compressed_ring_ar
1778540788.8139918,10,34,1.308542,110.75,256.196,1152.352,0,4,compressed_ring_ar
1778540790.2158897,10,35,1.420522,94.87,191.511,1345.063,0,4,compressed_ring_ar
1778540791.8486035,10,36,1.279406,80.35,273.377,1588.579,0,4,compressed_ring_ar
1778540793.323788,10,37,1.222506,92.38,224.767,1380.619,0,4,compressed_ring_ar
1778540794.59847,10,38,1.21777,103.67,203.406,1224.586,0,4,compressed_ring_ar
1778540795.687645,10,39,1.23692,126.31,186.057,1012.346,0,4,compressed_ring_ar
1778540797.1665802,10,40,1.357741,89.68,421.607,1422.66,0,4,compressed_ring_ar
1778540798.5109086,10,41,1.57118,98.54,207.622,1294.719,0,4,compressed_ring_ar
1778540799.735558,10,42,1.190338,107.96,285.33,1181.229,0,4,compressed_ring_ar
1778540801.154527,10,43,1.151934,92.68,206.561,1376.755,0,4,compressed_ring_ar
1778540802.4390695,10,44,1.181145,103.81,212.499,1228.363,0,4,compressed_ring_ar
1778540803.8629763,10,45,1.30228,92.67,223.482,1376.792,0,4,compressed_ring_ar
1778540805.1705353,10,46,1.157395,100.91,207.678,1263.115,0,4,compressed_ring_ar
1778540806.439332,10,47,1.156007,104.29,210.114,1221.377,0,4,compressed_ring_ar
1778540807.7872248,10,48,1.213575,97.84,380.419,1303.903,0,4,compressed_ring_ar
1778540809.1102197,10,49,1.42414,100.72,205.174,1269.001,0,4,compressed_ring_ar
1778540810.6409369,10,50,1.147257,85.9,468.56,1487.256,0,4,compressed_ring_ar
1778540812.0546741,10,51,1.09857,94.4,316.033,1350.911,0,4,compressed_ring_ar
1778540813.3666046,10,52,1.210136,100.79,214.856,1268.55,0,4,compressed_ring_ar
1778540814.7854495,10,53,1.268963,92.79,364.943,1370.148,0,4,compressed_ring_ar
1778540816.0637193,10,54,1.358118,103.62,269.235,1233.145,0,4,compressed_ring_ar
1778540817.4391508,10,55,1.373891,95.67,332.448,1333.243,0,4,compressed_ring_ar
1778540818.811298,10,56,1.186517,95.65,368.358,1333.775,0,4,compressed_ring_ar
1778540820.4710102,10,57,1.077542,78.9,437.324,1621.101,0,4,compressed_ring_ar
1778540821.8148093,10,58,1.34074,102.38,200.166,1240.145,0,4,compressed_ring_ar
1778540823.2095997,10,59,1.062614,94.99,206.628,1339.889,0,4,compressed_ring_ar
1778540824.3697083,10,60,1.202114,114.06,193.144,1117.275,0,4,compressed_ring_ar
1778540825.657006,10,61,1.101792,103.01,202.84,1236.912,0,4,compressed_ring_ar
1778540826.7795532,10,62,1.265027,118.4,399.407,1076.437,0,4,compressed_ring_ar
1778540828.0831745,10,63,1.186744,101.4,353.576,1257.991,0,4,compressed_ring_ar
1778540829.4355712,10,64,1.233927,97.09,404.95,1313.723,0,4,compressed_ring_ar
1778540830.8547914,10,65,1.086308,92.94,208.684,1371.976,0,4,compressed_ring_ar
1778540832.087894,10,66,1.194198,107.73,269.412,1183.726,0,4,compressed_ring_ar
1778540833.4191895,10,67,1.169636,100.14,240.869,1272.862,0,4,compressed_ring_ar
1778540834.7144258,10,68,1.216931,101.72,201.785,1251.371,0,4,compressed_ring_ar
1778540835.9535997,10,69,1.062013,106.6,210.003,1195.523,0,4,compressed_ring_ar
1778540837.278861,10,70,1.382369,100.1,355.203,1273.479,0,4,compressed_ring_ar
1778540838.4907815,10,71,1.107237,109.12,225.579,1168.625,0,4,compressed_ring_ar
1778540839.984822,10,72,1.076283,88.03,245.921,1453.017,0,4,compressed_ring_ar
1778540841.27146,10,73,1.263545,104.53,216.1,1219.268,0,4,compressed_ring_ar
1778540842.682518,10,74,1.187164,93.68,327.96,1361.825,0,4,compressed_ring_ar
1778540844.1202493,10,75,1.273516,92.44,217.059,1382.344,0,4,compressed_ring_ar
1778540845.5011346,10,76,1.197087,96.13,282.105,1326.462,0,4,compressed_ring_ar
1778540846.9331396,10,77,1.212245,93.49,188.203,1364.563,0,4,compressed_ring_ar
1778540848.239447,10,78,1.275734,102.2,202.237,1246.195,0,4,compressed_ring_ar
1778540849.5650945,10,79,1.209014,100.04,202.057,1272.734,0,4,compressed_ring_ar
1778540850.8269835,10,80,1.236651,104.73,332.841,1217.469,0,4,compressed_ring_ar
1778540852.366805,10,81,1.127394,85.54,302.222,1495.557,0,4,compressed_ring_ar
1778540853.8497372,10,82,1.195896,90.99,220.349,1402.37,0,4,compressed_ring_ar
1778540855.1066108,10,83,1.110627,105.13,207.89,1212.713,0,4,compressed_ring_ar
1778540856.3612387,10,84,1.240666,106.36,435.091,1198.445,0,4,compressed_ring_ar
1778540857.7028623,10,85,1.100024,98.02,275.412,1298.112,0,4,compressed_ring_ar
1778540858.9837317,10,86,1.172334,103.22,169.924,1237.119,0,4,compressed_ring_ar
1778540860.3680735,10,87,1.287237,95.57,465.726,1337.915,0,4,compressed_ring_ar
1778540861.9123497,10,88,1.349097,84.96,234.121,1498.939,0,4,compressed_ring_ar
1778540863.1953511,10,89,1.354525,104.02,198.635,1224.535,0,4,compressed_ring_ar
1778540864.4437943,10,90,1.153043,105.94,518.81,1205.105,0,4,compressed_ring_ar
1778540865.7974539,10,91,1.223467,97.65,348.193,1305.999,0,4,compressed_ring_ar
1778540867.0473943,10,92,1.232975,105.08,316.64,1213.614,0,4,compressed_ring_ar
1778540868.3740327,10,93,1.176613,101.63,256.194,1258.05,0,4,compressed_ring_ar
1778540869.8323886,10,94,1.151756,90.68,266.818,1410.184,0,4,compressed_ring_ar
1778540871.1308358,10,95,1.252659,102.14,182.83,1250.867,0,4,compressed_ring_ar
1778540872.4528294,10,96,1.077278,100.98,219.23,1266.485,0,4,compressed_ring_ar
1778540873.7913508,10,97,1.387655,64.65,290.321,1292.464,0,4,compressed_ring_ar
1778540886.110914,11,0,1.326654,76.36,629.626,1675.236,0,4,compressed_ring_ar
1778540887.3062253,11,1,1.194392,115.95,191.566,1099.674,0,4,compressed_ring_ar
1778540888.5596726,11,2,1.066468,105.41,219.177,1212.895,0,4,compressed_ring_ar
1778540889.9711523,11,3,1.226444,94.46,210.607,1350.308,0,4,compressed_ring_ar
1778540891.1968026,11,4,1.171174,108.25,265.586,1180.09,0,4,compressed_ring_ar
1778540892.6490786,11,5,1.10122,92.77,212.764,1374.107,0,4,compressed_ring_ar
1778540893.9210465,11,6,1.230969,103.51,365.573,1230.762,0,4,compressed_ring_ar
1778540895.2250197,11,7,1.215178,102.28,231.738,1246.855,0,4,compressed_ring_ar
1778540896.522,11,8,1.258229,102.22,248.274,1247.377,0,4,compressed_ring_ar
1778540897.8322134,11,9,1.142554,101.3,216.198,1262.308,0,4,compressed_ring_ar
1778540899.0942726,11,10,1.152547,106.02,377.952,1204.717,0,4,compressed_ring_ar
1778540900.4580538,11,11,1.161901,96.94,524.079,1315.215,0,4,compressed_ring_ar
1778540901.797177,11,12,1.208345,99.4,359.663,1281.667,0,4,compressed_ring_ar
1778540903.04593,11,13,1.113655,107.11,237.951,1193.784,0,4,compressed_ring_ar
1778540904.36949,11,14,1.035072,100.46,199.688,1271.705,0,4,compressed_ring_ar
1778540905.7011817,11,15,1.122425,100.15,314.222,1275.445,0,4,compressed_ring_ar
1778540907.2000868,11,16,1.147086,88.03,210.599,1447.97,0,4,compressed_ring_ar
1778540908.4692526,11,17,1.120875,104.04,368.226,1225.797,0,4,compressed_ring_ar
1778540909.7788148,11,18,1.069143,100.71,491.959,1266.354,0,4,compressed_ring_ar
1778540911.0964818,11,19,1.338425,102.46,187.098,1247.874,0,4,compressed_ring_ar
1778540912.501885,11,20,1.258613,93.99,286.229,1356.959,0,4,compressed_ring_ar
1778540913.8420706,11,21,1.329958,99.23,381.372,1283.383,0,4,compressed_ring_ar
1778540915.1223373,11,22,1.200026,104.76,241.042,1216.928,0,4,compressed_ring_ar
1778540916.526782,11,23,1.251771,94.69,424.776,1350.924,0,4,compressed_ring_ar
1778540918.0031295,11,24,1.192569,91.4,237.86,1395.495,0,4,compressed_ring_ar
1778540919.3182158,11,25,1.166316,100.2,230.726,1275.962,0,4,compressed_ring_ar
1778540920.646195,11,26,1.222634,99.57,287.333,1281.034,0,4,compressed_ring_ar
1778540922.0424492,11,27,1.2533,97.62,377.411,1304.981,0,4,compressed_ring_ar
1778540923.2996676,11,28,1.162793,105.12,174.572,1215.2,0,4,compressed_ring_ar
1778540924.7111273,11,29,1.062231,93.21,517.691,1371.031,0,4,compressed_ring_ar
1778540926.0559702,11,30,1.243909,99.75,277.495,1274.943,0,4,compressed_ring_ar
1778540927.239418,11,31,1.27569,114.57,227.076,1115.195,0,4,compressed_ring_ar
1778540928.6019528,11,32,1.143179,96.65,394.276,1320.663,0,4,compressed_ring_ar
1778540929.9516585,11,33,1.243443,99.21,195.31,1285.464,0,4,compressed_ring_ar
1778540931.2362032,11,34,1.314565,102.98,183.83,1237.757,0,4,compressed_ring_ar
1778540932.471159,11,35,1.311175,106.83,320.529,1193.151,0,4,compressed_ring_ar
1778540933.8248217,11,36,1.149797,97.17,225.482,1311.84,0,4,compressed_ring_ar
1778540935.1094494,11,37,1.329121,102.5,190.222,1246.449,0,4,compressed_ring_ar
1778540936.4772587,11,38,1.401104,96.52,377.715,1321.753,0,4,compressed_ring_ar
1778540937.9346766,11,39,1.135391,90.53,227.089,1408.73,0,4,compressed_ring_ar
1778540939.1512246,11,40,1.297221,109.47,195.437,1164.687,0,4,compressed_ring_ar
1778540940.4298735,11,41,1.305012,103.05,280.492,1237.416,0,4,compressed_ring_ar
1778540941.7636955,11,42,1.089351,99.47,234.205,1279.86,0,4,compressed_ring_ar
1778540942.9764175,11,43,1.247545,109.1,188.765,1170.805,0,4,compressed_ring_ar
1778540944.2980626,11,44,1.083186,99.77,391.262,1280.592,0,4,compressed_ring_ar
1778540945.6531856,11,45,1.104032,97.6,223.491,1306.761,0,4,compressed_ring_ar
1778540946.9408586,11,46,1.275695,102.32,196.819,1246.674,0,4,compressed_ring_ar
1778540948.0501819,11,47,1.238231,121.17,207.251,1051.845,0,4,compressed_ring_ar
1778540949.2983513,11,48,1.214473,107.2,319.994,1189.157,0,4,compressed_ring_ar
1778540950.5288684,11,49,1.268286,107.13,222.167,1189.125,0,4,compressed_ring_ar
1778540951.7609932,11,50,1.1794,108.73,205.64,1172.303,0,4,compressed_ring_ar
1778540953.3391893,11,51,1.256353,83.9,274.596,1521.015,0,4,compressed_ring_ar
1778540954.582472,11,52,1.225817,106.58,184.614,1199.074,0,4,compressed_ring_ar
1778540955.8797836,11,53,1.266837,102.39,325.767,1245.836,0,4,compressed_ring_ar
1778540957.2230985,11,54,1.133473,98.84,211.007,1292.266,0,4,compressed_ring_ar
1778540958.5157094,11,55,1.196657,102.41,343.526,1245.64,0,4,compressed_ring_ar
1778540959.9272263,11,56,1.033058,93.73,313.038,1364.354,0,4,compressed_ring_ar
1778540961.324706,11,57,1.22709,95.79,211.255,1335.113,0,4,compressed_ring_ar
1778540962.5543604,11,58,1.230003,109.73,199.86,1165.093,0,4,compressed_ring_ar
1778540963.9823608,11,59,1.032287,92.08,301.415,1388.88,0,4,compressed_ring_ar
1778540965.3084645,11,60,1.315506,100.21,212.601,1272.614,0,4,compressed_ring_ar
1778540966.6239007,11,61,1.18949,100.24,177.686,1272.429,0,4,compressed_ring_ar
1778540968.0923645,11,62,1.114718,89.49,211.047,1424.102,0,4,compressed_ring_ar
1778540969.3595104,11,63,1.100527,104.21,207.846,1223.245,0,4,compressed_ring_ar
1778540970.8042316,11,64,1.155295,90.75,231.136,1408.929,0,4,compressed_ring_ar
1778540972.165074,11,65,1.13102,97.2,431.459,1311.743,0,4,compressed_ring_ar
1778540973.3887167,11,66,1.165181,108.4,212.413,1174.923,0,4,compressed_ring_ar
1778540974.837009,11,67,1.153194,90.74,262.563,1405.686,0,4,compressed_ring_ar
1778540976.3425825,11,68,1.14495,88.98,221.022,1437.212,0,4,compressed_ring_ar
1778540977.7841194,11,69,1.080514,91.83,194.291,1391.381,0,4,compressed_ring_ar
1778540979.1447883,11,70,1.200559,97.11,478.186,1316.76,0,4,compressed_ring_ar
1778540980.527167,11,71,1.242369,95.61,188.436,1336.104,0,4,compressed_ring_ar
1778540981.9311323,11,72,1.101967,95.45,683.999,1338.674,0,4,compressed_ring_ar
1778540983.3291013,11,73,1.163339,94.84,331.208,1345.103,0,4,compressed_ring_ar
1778540984.5410645,11,74,1.170398,109.16,222.326,1170.465,0,4,compressed_ring_ar
1778540985.8532498,11,75,1.069984,100.71,307.261,1266.393,0,4,compressed_ring_ar
1778540987.262664,11,76,1.034811,93.5,296.8,1364.315,0,4,compressed_ring_ar
1778540988.3591385,11,77,1.074964,123.44,204.121,1030.825,0,4,compressed_ring_ar
1778540989.7270093,11,78,1.173747,96.46,350.766,1322.156,0,4,compressed_ring_ar
1778540991.2778678,11,79,1.320764,85.03,226.524,1497.54,0,4,compressed_ring_ar
1778540992.7439265,11,80,1.172485,92.13,358.387,1388.069,0,4,compressed_ring_ar
1778540994.1929057,11,81,1.090041,92.31,199.621,1385.331,0,4,compressed_ring_ar
1778540995.4964447,11,82,1.09579,102.03,201.053,1249.942,0,4,compressed_ring_ar
1778540996.7764034,11,83,1.130962,103.64,247.338,1225.139,0,4,compressed_ring_ar
1778540998.0424893,11,84,1.028419,104.16,202.866,1222.977,0,4,compressed_ring_ar
1778540999.2673032,11,85,1.166485,108.35,190.001,1179.943,0,4,compressed_ring_ar
1778541000.7006998,11,86,1.174354,91.91,208.571,1391.584,0,4,compressed_ring_ar
1778541002.111768,11,87,1.122024,95.13,208.227,1343.813,0,4,compressed_ring_ar
1778541003.4844453,11,88,1.2345,97.68,212.155,1305.887,0,4,compressed_ring_ar
1778541004.878774,11,89,1.331793,94.48,366.588,1349.694,0,4,compressed_ring_ar
1778541006.115361,11,90,1.197945,107.23,218.393,1192.441,0,4,compressed_ring_ar
1778541007.5501454,11,91,1.178983,92.2,207.027,1384.131,0,4,compressed_ring_ar
1778541008.7949483,11,92,1.170774,107.68,187.908,1187.322,0,4,compressed_ring_ar
1778541010.1980462,11,93,1.219077,94.06,232.498,1359.48,0,4,compressed_ring_ar
1778541011.559092,11,94,1.076037,98.9,186.332,1291.305,0,4,compressed_ring_ar
1778541012.9603784,11,95,1.089194,94.35,355.429,1352.152,0,4,compressed_ring_ar
1778541014.3875144,11,96,1.08711,92.26,225.599,1385.971,0,4,compressed_ring_ar
1778541015.6128912,11,97,1.251167,70.8,353.865,1178.361,0,4,compressed_ring_ar
1778541027.1232388,12,0,1.207125,98.54,359.857,1296.034,0,4,compressed_ring_ar
1778541028.4874463,12,1,1.218127,97.85,208.257,1305.796,0,4,compressed_ring_ar
1778541029.7712505,12,2,1.259706,104.11,208.565,1224.311,0,4,compressed_ring_ar
1778541031.1084218,12,3,1.04529,99.85,308.056,1277.645,0,4,compressed_ring_ar
1778541032.6242883,12,4,1.094756,86.55,274.498,1474.376,0,4,compressed_ring_ar
1778541034.0488904,12,5,1.26925,97.02,199.759,1316.819,0,4,compressed_ring_ar
1778541035.363657,12,6,1.237142,100.86,259.79,1263.737,0,4,compressed_ring_ar
1778541036.6316557,12,7,1.227537,105.61,234.949,1209.002,0,4,compressed_ring_ar
1778541038.0070364,12,8,1.216248,95.95,335.582,1327.068,0,4,compressed_ring_ar
1778541039.2589157,12,9,1.217048,106.31,219.496,1199.204,0,4,compressed_ring_ar
1778541040.4534602,12,10,1.13194,111.42,203.834,1146.469,0,4,compressed_ring_ar
1778541041.7243125,12,11,1.161875,105.18,290.794,1215.576,0,4,compressed_ring_ar
1778541043.1734571,12,12,1.181852,90.88,205.618,1402.077,0,4,compressed_ring_ar
1778541044.3129635,12,13,1.213155,116.2,192.912,1099.185,0,4,compressed_ring_ar
1778541045.6383395,12,14,1.159062,100.74,211.193,1266.434,0,4,compressed_ring_ar
1778541046.9765153,12,15,1.108807,100.35,206.483,1272.751,0,4,compressed_ring_ar
1778541048.3404157,12,16,1.232554,96.74,189.972,1318.348,0,4,compressed_ring_ar
1778541049.5588365,12,17,1.072417,108.47,198.818,1175.069,0,4,compressed_ring_ar
1778541050.9259841,12,18,1.254993,96.58,361.175,1320.848,0,4,compressed_ring_ar
1778541052.3940163,12,19,1.014106,90.52,226.583,1408.598,0,4,compressed_ring_ar
1778541053.830961,12,20,1.279888,92.34,266.34,1381.752,0,4,compressed_ring_ar
1778541055.3743086,12,21,1.239511,85.32,292.425,1495.73,0,4,compressed_ring_ar
1778541056.6086316,12,22,1.230612,107.94,328.887,1178.616,0,4,compressed_ring_ar
1778541057.9574692,12,23,1.218607,102.37,250.377,1249.091,0,4,compressed_ring_ar
1778541059.3207953,12,24,1.069322,96.72,456.308,1318.644,0,4,compressed_ring_ar
1778541060.540168,12,25,1.024969,108.84,235.07,1171.609,0,4,compressed_ring_ar
1778541061.8114898,12,26,1.134207,105.76,218.467,1209.227,0,4,compressed_ring_ar
1778541063.1626709,12,27,1.158998,97.96,215.339,1302.046,0,4,compressed_ring_ar
1778541064.4181778,12,28,1.097492,105.96,180.049,1206.714,0,4,compressed_ring_ar
1778541065.8427317,12,29,1.207947,92.11,480.732,1384.951,0,4,compressed_ring_ar
1778541067.0617633,12,30,1.076005,108.7,189.982,1175.89,0,4,compressed_ring_ar
1778541068.6631753,12,31,1.270576,82.08,281.998,1558.383,0,4,compressed_ring_ar
1778541070.0157712,12,32,1.063291,98.44,377.175,1295.751,0,4,compressed_ring_ar
1778541071.31499,12,33,1.153307,102.77,307.882,1243.115,0,4,compressed_ring_ar
1778541072.6462953,12,34,1.078935,99.19,410.834,1284.671,0,4,compressed_ring_ar
1778541073.925369,12,35,1.074971,103.66,232.073,1227.704,0,4,compressed_ring_ar
1778541075.1720507,12,36,1.152741,105.54,250.472,1206.294,0,4,compressed_ring_ar
1778541076.5040956,12,37,1.235673,98.96,218.749,1288.715,0,4,compressed_ring_ar
1778541077.8776212,12,38,1.094673,95.7,209.493,1332.769,0,4,compressed_ring_ar
1778541079.0937738,12,39,1.109243,109.85,192.841,1163.892,0,4,compressed_ring_ar
1778541080.4483438,12,40,1.150933,98.81,290.924,1288.753,0,4,compressed_ring_ar
1778541081.7628074,12,41,1.114201,100.44,191.774,1269.864,0,4,compressed_ring_ar
1778541083.0773244,12,42,1.092095,101.87,223.298,1250.729,0,4,compressed_ring_ar
1778541084.3463924,12,43,1.215972,104.06,190.542,1228.68,0,4,compressed_ring_ar
1778541085.7034638,12,44,1.133113,98.27,237.093,1293.5,0,4,compressed_ring_ar
1778541087.0660152,12,45,1.248292,97.08,214.794,1313.763,0,4,compressed_ring_ar
1778541088.320409,12,46,1.175936,106.06,280.942,1203.049,0,4,compressed_ring_ar
1778541089.4756458,12,47,1.092987,116.46,202.776,1090.562,0,4,compressed_ring_ar
1778541090.7541072,12,48,1.297602,104.11,198.849,1224.406,0,4,compressed_ring_ar
1778541092.1232853,12,49,1.227976,97.94,337.366,1305.672,0,4,compressed_ring_ar
1778541093.2988226,12,50,1.108989,116.39,186.437,1092.789,0,4,compressed_ring_ar
1778541094.604108,12,51,1.340057,103.59,315.208,1228.881,0,4,compressed_ring_ar
1778541095.8085911,12,52,1.126296,109.95,197.18,1159.607,0,4,compressed_ring_ar
1778541097.1351683,12,53,1.187394,99.54,230.69,1278.311,0,4,compressed_ring_ar
1778541098.3040087,12,54,1.099147,113.55,205.127,1121.9,0,4,compressed_ring_ar
1778541099.486692,12,55,1.172576,111.73,498.094,1139.931,0,4,compressed_ring_ar
1778541100.9714677,12,56,1.203939,88.64,189.726,1442.9,0,4,compressed_ring_ar
1778541102.280276,12,57,1.098715,102.91,353.519,1239.249,0,4,compressed_ring_ar
1778541103.553021,12,58,1.131364,103.85,310.944,1228.085,0,4,compressed_ring_ar
1778541104.8671608,12,59,1.119423,102.31,208.08,1246.512,0,4,compressed_ring_ar
1778541106.0740352,12,60,1.166312,112.15,300.022,1140.381,0,4,compressed_ring_ar
1778541107.4783711,12,61,1.149197,95.06,623.103,1342.314,0,4,compressed_ring_ar
1778541108.7952023,12,62,1.119188,101.59,201.669,1258.592,0,4,compressed_ring_ar
1778541110.2270522,12,63,1.137134,92.74,214.304,1378.928,0,4,compressed_ring_ar
1778541111.6810482,12,64,1.062899,90.55,344.942,1409.115,0,4,compressed_ring_ar
1778541112.953521,12,65,1.067759,105.12,201.972,1216.318,0,4,compressed_ring_ar
1778541114.3237236,12,66,1.240589,97.46,198.989,1309.404,0,4,compressed_ring_ar
1778541115.634418,12,67,1.301323,102.36,192.911,1249.195,0,4,compressed_ring_ar
1778541117.038611,12,68,1.283491,94.05,203.673,1356.124,0,4,compressed_ring_ar
1778541118.261921,12,69,1.220887,109.49,208.481,1163.573,0,4,compressed_ring_ar
1778541119.4077702,12,70,1.205406,115.85,351.689,1100.893,0,4,compressed_ring_ar
1778541120.6271198,12,71,1.30706,108.6,325.896,1174.753,0,4,compressed_ring_ar
1778541122.343432,12,72,1.112999,76.38,266.928,1675.255,0,4,compressed_ring_ar
1778541123.682969,12,73,1.106393,102.16,280.697,1248.244,0,4,compressed_ring_ar
1778541124.9076831,12,74,1.342635,109.91,230.008,1158.501,0,4,compressed_ring_ar
1778541126.1634724,12,75,1.179072,109.08,214.545,1167.562,0,4,compressed_ring_ar
1778541127.4381437,12,76,1.071938,103.67,288.927,1232.231,0,4,compressed_ring_ar
1778541128.8117626,12,77,1.030061,96.1,379.949,1327.379,0,4,compressed_ring_ar
1778541130.1550272,12,78,1.072797,98.55,186.713,1289.514,0,4,compressed_ring_ar
1778541131.4749029,12,79,1.347135,100.01,274.21,1278.419,0,4,compressed_ring_ar
1778541132.7237096,12,80,1.029148,107.33,330.699,1187.838,0,4,compressed_ring_ar
1778541134.069137,12,81,1.310595,98.61,274.211,1291.609,0,4,compressed_ring_ar
1778541135.2797542,12,82,1.04657,111.07,212.486,1145.493,0,4,compressed_ring_ar
1778541136.581797,12,83,1.264096,104.0,232.853,1228.147,0,4,compressed_ring_ar
1778541137.9960384,12,84,1.178972,92.8,521.063,1374.733,0,4,compressed_ring_ar
1778541139.1906958,12,85,1.387185,112.17,168.305,1137.944,0,4,compressed_ring_ar
1778541140.7223186,12,86,1.14693,86.08,477.389,1482.444,0,4,compressed_ring_ar
1778541142.1895823,12,87,1.307408,91.08,243.08,1400.635,0,4,compressed_ring_ar
1778541143.4632123,12,88,1.189032,103.67,378.206,1231.323,0,4,compressed_ring_ar
1778541144.9171195,12,89,1.032201,90.81,579.028,1405.288,0,4,compressed_ring_ar
1778541146.3856158,12,90,1.033886,90.31,252.538,1412.801,0,4,compressed_ring_ar
1778541147.602608,12,91,0.994496,109.49,339.957,1167.824,0,4,compressed_ring_ar
1778541149.0066688,12,92,1.215909,93.94,179.499,1357.201,0,4,compressed_ring_ar
1778541150.321363,12,93,1.189501,101.32,190.815,1261.219,0,4,compressed_ring_ar
1778541151.8526208,12,94,1.382399,86.76,181.624,1473.895,0,4,compressed_ring_ar
1778541153.2309587,12,95,1.348972,96.82,237.507,1317.258,0,4,compressed_ring_ar
1778541154.701373,12,96,1.160879,89.53,259.975,1428.655,0,4,compressed_ring_ar
1778541156.1123788,12,97,0.966965,62.63,228.02,1335.139,0,4,compressed_ring_ar
1778541167.673076,13,0,1.06628,92.83,439.861,1371.843,0,4,compressed_ring_ar
1778541168.9591773,13,1,1.063777,102.51,223.703,1243.752,0,4,compressed_ring_ar
1778541170.0768163,13,2,1.296875,121.51,188.285,1052.099,0,4,compressed_ring_ar
1778541171.4816542,13,3,1.131703,93.88,187.434,1362.414,0,4,compressed_ring_ar
1778541172.9162893,13,4,1.082344,92.7,200.58,1379.141,0,4,compressed_ring_ar
1778541174.4063017,13,5,1.178086,89.22,255.529,1429.585,0,4,compressed_ring_ar
1778541175.6095083,13,6,1.117123,115.88,245.092,1100.063,0,4,compressed_ring_ar
1778541176.8394372,13,7,1.24803,109.56,464.36,1165.891,0,4,compressed_ring_ar
1778541178.1334472,13,8,1.014721,103.67,279.501,1230.217,0,4,compressed_ring_ar
1778541179.4180984,13,9,1.165165,103.01,215.393,1241.291,0,4,compressed_ring_ar
1778541180.749188,13,10,1.226811,98.88,338.352,1288.172,0,4,compressed_ring_ar
1778541182.0980837,13,11,1.10114,98.86,223.272,1289.904,0,4,compressed_ring_ar
1778541183.3349798,13,12,1.241591,107.09,221.565,1189.01,0,4,compressed_ring_ar
1778541184.6939387,13,13,1.128451,97.04,184.147,1314.152,0,4,compressed_ring_ar
1778541186.1860495,13,14,1.059082,88.34,294.049,1444.541,0,4,compressed_ring_ar
1778541187.705186,13,15,1.062361,88.34,227.931,1446.684,0,4,compressed_ring_ar
1778541188.8946433,13,16,1.213773,114.52,200.035,1116.385,0,4,compressed_ring_ar
1778541190.2217305,13,17,1.094348,99.51,312.802,1280.58,0,4,compressed_ring_ar
1778541191.5785215,13,18,1.11297,96.87,217.927,1315.516,0,4,compressed_ring_ar
1778541192.9533072,13,19,1.091072,95.87,264.128,1330.635,0,4,compressed_ring_ar
1778541194.1896808,13,20,1.125079,107.78,194.917,1182.549,0,4,compressed_ring_ar
1778541195.479079,13,21,1.040072,101.99,331.629,1248.277,0,4,compressed_ring_ar
1778541196.7222574,13,22,1.16222,106.23,283.792,1200.239,0,4,compressed_ring_ar
1778541197.972107,13,23,1.127515,106.1,236.469,1201.983,0,4,compressed_ring_ar
1778541199.2802103,13,24,1.105011,101.4,200.488,1257.068,0,4,compressed_ring_ar
1778541200.7814689,13,25,1.000512,87.69,213.802,1455.004,0,4,compressed_ring_ar
1778541202.1228318,13,26,1.293657,102.37,281.216,1245.926,0,4,compressed_ring_ar
1778541203.6504261,13,27,1.160191,86.6,235.952,1476.787,0,4,compressed_ring_ar
1778541204.9847152,13,28,1.294745,99.51,320.083,1281.428,0,4,compressed_ring_ar
1778541206.243828,13,29,1.308742,104.84,218.272,1217.213,0,4,compressed_ring_ar
1778541207.4912913,13,30,1.111436,106.12,204.036,1201.034,0,4,compressed_ring_ar
1778541208.8691103,13,31,1.231839,96.32,380.33,1324.838,0,4,compressed_ring_ar
1778541210.2605777,13,32,1.071131,99.67,254.139,1279.055,0,4,compressed_ring_ar
1778541211.558453,13,33,1.255505,102.84,201.984,1239.898,0,4,compressed_ring_ar
1778541213.0233521,13,34,1.272135,90.52,220.523,1409.186,0,4,compressed_ring_ar
1778541214.485234,13,35,1.078334,90.18,257.203,1418.088,0,4,compressed_ring_ar
1778541215.916248,13,36,1.186185,91.76,364.83,1389.446,0,4,compressed_ring_ar
1778541217.2149796,13,37,1.156798,102.69,221.249,1241.907,0,4,compressed_ring_ar
1778541218.5002668,13,38,1.223951,102.92,276.113,1239.051,0,4,compressed_ring_ar
1778541219.8741622,13,39,1.255041,96.38,377.854,1323.285,0,4,compressed_ring_ar
1778541221.375551,13,40,1.169947,88.95,211.931,1434.115,0,4,compressed_ring_ar
1778541222.5039568,13,41,1.01833,118.57,328.589,1078.341,0,4,compressed_ring_ar
1778541223.949869,13,42,1.143314,91.22,313.097,1398.468,0,4,compressed_ring_ar
1778541225.1556444,13,43,1.068677,109.74,193.525,1164.971,0,4,compressed_ring_ar
1778541226.510772,13,44,1.127114,97.08,309.522,1317.215,0,4,compressed_ring_ar
1778541227.9806588,13,45,1.034561,90.38,691.132,1411.629,0,4,compressed_ring_ar
1778541229.218714,13,46,1.193239,107.14,229.724,1193.139,0,4,compressed_ring_ar
1778541230.481301,13,47,1.117073,105.47,285.266,1209.328,0,4,compressed_ring_ar
1778541231.9641852,13,48,1.091139,89.19,245.048,1430.604,0,4,compressed_ring_ar
1778541233.3458233,13,49,1.297855,95.28,269.906,1333.965,0,4,compressed_ring_ar
1778541234.6312459,13,50,1.254581,102.42,209.37,1244.503,0,4,compressed_ring_ar
1778541236.0484002,13,51,1.165802,92.81,362.345,1375.22,0,4,compressed_ring_ar
1778541237.1850631,13,52,1.146867,117.96,202.186,1081.467,0,4,compressed_ring_ar
1778541238.3718007,13,53,1.258482,111.94,194.809,1138.311,0,4,compressed_ring_ar
1778541239.7114253,13,54,1.023668,98.5,199.288,1292.351,0,4,compressed_ring_ar
1778541240.9443076,13,55,1.137168,107.3,216.912,1191.649,0,4,compressed_ring_ar
1778541242.2414756,13,56,1.178253,103.14,216.761,1239.669,0,4,compressed_ring_ar
1778541243.50488,13,57,1.181687,107.29,206.173,1190.321,0,4,compressed_ring_ar
1778541244.7739832,13,58,1.246608,106.33,202.191,1202.448,0,4,compressed_ring_ar
1778541246.1459036,13,59,1.242929,97.56,206.139,1307.9,0,4,compressed_ring_ar
1778541247.4416907,13,60,0.98319,102.08,218.467,1247.91,0,4,compressed_ring_ar
1778541248.567399,13,61,1.138367,117.41,337.188,1083.094,0,4,compressed_ring_ar
1778541249.8772194,13,62,1.288936,100.92,203.955,1263.486,0,4,compressed_ring_ar
1778541251.349813,13,63,1.110594,89.78,354.687,1424.458,0,4,compressed_ring_ar
1778541252.7741494,13,64,1.014962,94.9,424.599,1341.341,0,4,compressed_ring_ar
1778541254.085248,13,65,1.178105,100.93,192.704,1265.962,0,4,compressed_ring_ar
1778541255.4289894,13,66,1.124588,98.58,332.97,1293.627,0,4,compressed_ring_ar
1778541256.671325,13,67,1.162261,107.82,232.904,1182.565,0,4,compressed_ring_ar
1778541257.897953,13,68,1.050779,107.34,362.515,1188.172,0,4,compressed_ring_ar
1778541259.2578068,13,69,1.188339,97.21,201.34,1315.322,0,4,compressed_ring_ar
1778541260.4560006,13,70,1.168524,112.11,362.986,1139.191,0,4,compressed_ring_ar
1778541261.9018304,13,71,1.174732,91.13,425.285,1403.161,0,4,compressed_ring_ar
1778541263.2648346,13,72,1.208746,97.98,175.214,1303.492,0,4,compressed_ring_ar
1778541264.774902,13,73,1.016454,87.67,311.164,1455.034,0,4,compressed_ring_ar
1778541266.0615664,13,74,1.150697,103.59,184.113,1233.186,0,4,compressed_ring_ar
1778541267.4950495,13,75,1.165244,93.0,338.988,1375.121,0,4,compressed_ring_ar
1778541268.8524904,13,76,1.145494,99.87,240.645,1280.336,0,4,compressed_ring_ar
1778541270.2574525,13,77,1.290198,94.45,255.457,1350.235,0,4,compressed_ring_ar
1778541271.5720477,13,78,1.171166,101.79,181.665,1256.184,0,4,compressed_ring_ar
1778541273.105446,13,79,1.106232,86.31,214.828,1480.299,0,4,compressed_ring_ar
1778541274.591087,13,80,1.109241,89.21,184.995,1432.643,0,4,compressed_ring_ar
1778541276.0160494,13,81,1.212563,93.63,254.213,1365.763,0,4,compressed_ring_ar
1778541277.3707857,13,82,1.236544,97.76,187.193,1308.002,0,4,compressed_ring_ar
1778541278.9792006,13,83,1.189867,81.62,254.459,1566.114,0,4,compressed_ring_ar
1778541280.4338484,13,84,1.136346,93.37,272.28,1368.17,0,4,compressed_ring_ar
1778541282.0358334,13,85,0.972038,82.4,766.927,1552.044,0,4,compressed_ring_ar
1778541283.5045779,13,86,1.004079,89.89,222.247,1422.645,0,4,compressed_ring_ar
1778541284.856654,13,87,1.119752,98.26,190.845,1300.049,0,4,compressed_ring_ar
1778541286.292528,13,88,1.152928,91.97,494.326,1387.89,0,4,compressed_ring_ar
1778541287.5828154,13,89,1.047583,102.24,217.366,1248.939,0,4,compressed_ring_ar
1778541288.8522434,13,90,1.014083,104.79,324.921,1220.111,0,4,compressed_ring_ar
1778541290.1323168,13,91,1.033739,103.61,193.307,1234.793,0,4,compressed_ring_ar
1778541291.6001074,13,92,1.265526,91.23,586.689,1396.398,0,4,compressed_ring_ar
1778541292.9425752,13,93,1.124001,99.51,222.77,1282.146,0,4,compressed_ring_ar
1778541294.199073,13,94,1.072331,104.74,352.475,1217.648,0,4,compressed_ring_ar
1778541295.4958894,13,95,1.062239,101.7,201.348,1252.78,0,4,compressed_ring_ar
1778541296.8740153,13,96,1.12692,95.73,221.941,1329.939,0,4,compressed_ring_ar
1778541297.9124207,13,97,1.21169,85.73,187.384,975.575,0,4,compressed_ring_ar
1778541309.4269173,14,0,1.195645,99.62,396.142,1283.752,0,4,compressed_ring_ar
1778541310.7514334,14,1,0.939861,100.53,353.835,1268.588,0,4,compressed_ring_ar
1778541312.3244765,14,2,1.165184,83.58,354.616,1527.031,0,4,compressed_ring_ar
1778541313.6709104,14,3,0.993798,98.37,296.459,1297.404,0,4,compressed_ring_ar
1778541314.8893614,14,4,1.019954,108.98,241.075,1172.718,0,4,compressed_ring_ar
1778541316.3988092,14,5,0.956726,87.28,213.789,1461.988,0,4,compressed_ring_ar
1778541317.8062937,14,6,1.202538,94.41,202.123,1350.816,0,4,compressed_ring_ar
1778541319.1074684,14,7,1.043258,102.17,216.96,1249.846,0,4,compressed_ring_ar
1778541320.5136182,14,8,1.022349,95.0,228.669,1346.145,0,4,compressed_ring_ar
1778541322.0573573,14,9,1.036619,84.76,460.366,1508.884,0,4,compressed_ring_ar
1778541323.4661417,14,10,1.152228,93.34,519.874,1369.993,0,4,compressed_ring_ar
1778541324.9289987,14,11,1.100926,90.48,325.053,1409.426,0,4,compressed_ring_ar
1778541326.165393,14,12,1.118156,107.23,256.472,1190.784,0,4,compressed_ring_ar
1778541327.4826107,14,13,1.067287,100.18,390.068,1273.013,0,4,compressed_ring_ar
1778541328.9065757,14,14,1.121187,93.33,432.567,1368.555,0,4,compressed_ring_ar
1778541330.3939703,14,15,1.163465,89.65,203.735,1424.081,0,4,compressed_ring_ar
1778541331.8159277,14,16,1.123345,92.77,192.706,1375.732,0,4,compressed_ring_ar
1778541333.166428,14,17,1.08494,98.96,199.728,1292.301,0,4,compressed_ring_ar
1778541334.5449758,14,18,1.208976,97.26,246.572,1308.853,0,4,compressed_ring_ar
1778541335.829698,14,19,1.162915,103.9,225.408,1224.613,0,4,compressed_ring_ar
1778541337.0755148,14,20,1.102794,105.67,194.245,1205.413,0,4,compressed_ring_ar
1778541338.3002067,14,21,0.893739,107.76,305.014,1183.45,0,4,compressed_ring_ar
1778541339.8990748,14,22,1.127444,82.08,307.357,1554.381,0,4,compressed_ring_ar
1778541341.331445,14,23,1.083419,96.66,272.089,1323.076,0,4,compressed_ring_ar
1778541342.562887,14,24,1.364418,110.18,217.202,1160.408,0,4,compressed_ring_ar
1778541343.867609,14,25,1.098808,103.36,313.506,1233.906,0,4,compressed_ring_ar
1778541345.2008965,14,26,1.096231,100.39,212.326,1272.4,0,4,compressed_ring_ar
1778541346.4750826,14,27,1.114844,103.93,377.594,1227.143,0,4,compressed_ring_ar
1778541347.8182971,14,28,1.15279,98.9,198.823,1290.13,0,4,compressed_ring_ar
1778541349.2140105,14,29,1.238996,94.77,374.557,1345.627,0,4,compressed_ring_ar
1778541350.4895236,14,30,1.295385,103.86,181.82,1231.063,0,4,compressed_ring_ar
1778541351.91885,14,31,0.997087,93.24,350.968,1368.37,0,4,compressed_ring_ar
1778541353.2410903,14,32,1.122127,99.77,209.952,1280.255,0,4,compressed_ring_ar
1778541354.601317,14,33,1.040229,97.36,203.525,1312.056,0,4,compressed_ring_ar
1778541356.025877,14,34,1.266146,92.47,252.57,1378.203,0,4,compressed_ring_ar
1778541357.224724,14,35,1.024159,113.13,190.322,1129.052,0,4,compressed_ring_ar
1778541358.5990343,14,36,1.099347,96.9,397.282,1316.247,0,4,compressed_ring_ar
1778541359.886328,14,37,1.033043,102.76,208.012,1237.574,0,4,compressed_ring_ar
1778541361.344733,14,38,1.198675,90.1,233.007,1418.326,0,4,compressed_ring_ar
1778541362.7758167,14,39,1.259401,92.33,433.682,1384.916,0,4,compressed_ring_ar
1778541364.0800471,14,40,1.026503,101.8,244.429,1253.31,0,4,compressed_ring_ar
1778541365.6279836,14,41,1.318481,84.72,261.872,1506.325,0,4,compressed_ring_ar
1778541367.0342493,14,42,0.950162,95.56,221.957,1334.744,0,4,compressed_ring_ar
1778541368.3182452,14,43,0.921615,103.1,232.079,1236.786,0,4,compressed_ring_ar
1778541369.6697397,14,44,1.077235,97.55,195.504,1307.527,0,4,compressed_ring_ar
1778541370.9786744,14,45,1.102862,100.74,209.541,1265.804,0,4,compressed_ring_ar
1778541372.1658463,14,46,1.180903,117.18,220.219,1087.778,0,4,compressed_ring_ar
1778541373.4794266,14,47,1.146612,100.87,194.365,1267.492,0,4,compressed_ring_ar
1778541374.7667902,14,48,1.037822,103.97,184.107,1225.335,0,4,compressed_ring_ar
1778541376.0503752,14,49,1.142476,102.65,192.215,1244.008,0,4,compressed_ring_ar
1778541377.3158402,14,50,1.133187,105.62,313.294,1207.291,0,4,compressed_ring_ar
1778541378.5630293,14,51,1.041688,108.91,227.111,1173.143,0,4,compressed_ring_ar
1778541379.96295,14,52,1.033011,94.22,378.814,1352.763,0,4,compressed_ring_ar
1778541381.11124,14,53,1.131982,119.36,209.089,1068.075,0,4,compressed_ring_ar
1778541382.4461668,14,54,1.114476,98.88,168.497,1292.162,0,4,compressed_ring_ar
1778541383.8272345,14,55,1.122652,95.35,401.628,1337.484,0,4,compressed_ring_ar
1778541385.1229143,14,56,1.034105,102.06,320.081,1245.513,0,4,compressed_ring_ar
1778541386.6020954,14,57,1.158119,89.87,246.982,1422.842,0,4,compressed_ring_ar
1778541388.1270475,14,58,0.960637,86.63,224.719,1472.585,0,4,compressed_ring_ar
1778541389.3730328,14,59,1.076623,107.93,291.114,1180.845,0,4,compressed_ring_ar
1778541390.7564485,14,60,1.185123,95.21,340.268,1343.023,0,4,compressed_ring_ar
1778541392.241139,14,61,0.987362,88.91,302.808,1438.17,0,4,compressed_ring_ar
1778541393.5028093,14,62,1.228651,108.51,230.808,1179.137,0,4,compressed_ring_ar
1778541394.8319833,14,63,1.025447,101.67,348.957,1254.398,0,4,compressed_ring_ar
1778541396.1942637,14,64,1.164276,99.76,234.477,1278.343,0,4,compressed_ring_ar
1778541397.5685515,14,65,1.374997,98.64,242.391,1290.225,0,4,compressed_ring_ar
1778541398.866061,14,66,1.214261,101.55,208.958,1259.22,0,4,compressed_ring_ar
1778541400.1639335,14,67,1.192912,103.68,204.013,1229.522,0,4,compressed_ring_ar
1778541401.4531293,14,68,1.036814,102.35,304.184,1245.272,0,4,compressed_ring_ar
1778541402.7411978,14,69,1.198916,102.71,305.183,1244.382,0,4,compressed_ring_ar
1778541404.1311026,14,70,1.053911,95.96,211.662,1327.055,0,4,compressed_ring_ar
1778541405.4427795,14,71,1.368148,100.63,238.614,1263.81,0,4,compressed_ring_ar
1778541406.789623,14,72,1.198581,98.38,232.929,1295.104,0,4,compressed_ring_ar
1778541408.0194466,14,73,1.169188,108.63,265.922,1173.982,0,4,compressed_ring_ar
1778541409.3051064,14,74,0.952597,102.61,232.929,1242.437,0,4,compressed_ring_ar
1778541410.6214154,14,75,1.138878,101.52,468.739,1259.46,0,4,compressed_ring_ar
1778541411.7840903,14,76,1.172488,116.84,201.571,1090.983,0,4,compressed_ring_ar
1778541413.1370437,14,77,1.071461,97.58,267.057,1306.176,0,4,compressed_ring_ar
1778541414.3363612,14,78,1.088215,110.55,368.191,1153.163,0,4,compressed_ring_ar
1778541415.6408358,14,79,1.189798,100.93,224.775,1261.13,0,4,compressed_ring_ar
1778541416.9090369,14,80,1.062121,106.78,310.253,1194.347,0,4,compressed_ring_ar
1778541418.2244363,14,81,1.085254,100.53,204.72,1265.519,0,4,compressed_ring_ar
1778541419.5021346,14,82,1.133772,103.34,191.971,1233.425,0,4,compressed_ring_ar
1778541420.7741883,14,83,1.164816,103.64,265.991,1230.038,0,4,compressed_ring_ar
1778541422.046037,14,84,0.979669,104.1,212.369,1222.443,0,4,compressed_ring_ar
1778541423.2171705,14,85,1.247593,115.29,186.356,1105.761,0,4,compressed_ring_ar
1778541424.5132391,14,86,1.256068,101.49,339.856,1256.785,0,4,compressed_ring_ar
1778541425.8896556,14,87,1.110561,96.11,284.006,1327.495,0,4,compressed_ring_ar
1778541427.1893945,14,88,1.079889,102.65,183.595,1239.246,0,4,compressed_ring_ar
1778541428.4539318,14,89,1.07412,104.23,183.724,1220.852,0,4,compressed_ring_ar
1778541429.7849166,14,90,1.216848,99.35,182.526,1282.853,0,4,compressed_ring_ar
1778541431.114491,14,91,1.321848,99.97,223.414,1275.495,0,4,compressed_ring_ar
1778541432.5068762,14,92,1.284588,96.53,313.086,1321.404,0,4,compressed_ring_ar
1778541433.7791967,14,93,1.100456,105.21,359.625,1211.561,0,4,compressed_ring_ar
1778541435.1440527,14,94,0.942835,96.87,187.779,1316.392,0,4,compressed_ring_ar
1778541436.4918778,14,95,1.204542,97.91,213.382,1306.074,0,4,compressed_ring_ar
1778541437.9896996,14,96,1.047507,88.17,298.312,1445.9,0,4,compressed_ring_ar
1778541439.1173363,14,97,1.170613,77.39,188.556,1077.418,0,4,compressed_ring_ar
1778541450.6459916,15,0,1.147617,93.6,538.846,1366.172,0,4,compressed_ring_ar
1778541452.0958493,15,1,1.156094,90.91,196.452,1406.664,0,4,compressed_ring_ar
1778541453.4733999,15,2,1.116488,96.26,196.663,1326.957,0,4,compressed_ring_ar
1778541454.8244724,15,3,0.980461,97.46,447.453,1307.222,0,4,compressed_ring_ar
1778541456.3607695,15,4,1.126955,85.77,278.776,1491.294,0,4,compressed_ring_ar
1778541457.7149465,15,5,1.152948,97.38,406.907,1313.142,0,4,compressed_ring_ar
1778541459.1983185,15,6,1.022163,88.72,336.939,1441.404,0,4,compressed_ring_ar
1778541460.6894236,15,7,0.998312,88.73,187.038,1438.923,0,4,compressed_ring_ar
1778541462.0862186,15,8,1.019993,96.2,207.095,1328.703,0,4,compressed_ring_ar
1778541463.4735115,15,9,1.209976,95.97,235.68,1325.549,0,4,compressed_ring_ar
1778541464.679455,15,10,1.056043,110.53,196.818,1152.874,0,4,compressed_ring_ar
1778541465.9782636,15,11,1.187068,103.7,346.752,1230.915,0,4,compressed_ring_ar
1778541467.2698684,15,12,1.284598,102.1,268.405,1246.038,0,4,compressed_ring_ar
1778541468.5603454,15,13,1.207572,102.3,381.258,1249.911,0,4,compressed_ring_ar
1778541469.9796221,15,14,1.080381,92.82,340.978,1374.474,0,4,compressed_ring_ar
1778541471.3328362,15,15,1.14733,98.61,222.118,1296.74,0,4,compressed_ring_ar
1778541472.7102573,15,16,1.350143,96.18,253.04,1325.946,0,4,compressed_ring_ar
1778541474.0855236,15,17,1.014217,95.79,178.858,1335.035,0,4,compressed_ring_ar
1778541475.3730834,15,18,1.032052,103.3,198.182,1237.73,0,4,compressed_ring_ar
1778541476.7610028,15,19,1.036096,96.13,185.212,1327.018,0,4,compressed_ring_ar
1778541478.0390227,15,20,1.159096,103.45,210.029,1231.805,0,4,compressed_ring_ar
1778541479.3409326,15,21,1.2128,101.16,207.891,1260.132,0,4,compressed_ring_ar
1778541480.8710938,15,22,1.125099,86.16,237.775,1481.015,0,4,compressed_ring_ar
1778541482.1877441,15,23,1.13046,101.94,235.988,1250.133,0,4,compressed_ring_ar
1778541483.4854183,15,24,1.125525,102.52,197.636,1244.019,0,4,compressed_ring_ar
1778541484.9742477,15,25,0.933717,89.09,211.09,1435.341,0,4,compressed_ring_ar
1778541486.5325785,15,26,1.106137,85.0,268.236,1500.825,0,4,compressed_ring_ar
1778541487.835485,15,27,1.022436,105.53,249.19,1209.897,0,4,compressed_ring_ar
1778541489.1766937,15,28,0.980264,98.83,306.756,1293.872,0,4,compressed_ring_ar
1778541490.5765204,15,29,0.975571,94.03,512.034,1356.402,0,4,compressed_ring_ar
1778541491.8688421,15,30,1.12127,101.98,206.72,1249.945,0,4,compressed_ring_ar
1778541493.2043223,15,31,0.896471,99.34,356.518,1284.5,0,4,compressed_ring_ar
1778541494.5615158,15,32,1.095974,97.17,209.038,1313.303,0,4,compressed_ring_ar
1778541495.9225776,15,33,1.030629,97.18,207.167,1312.71,0,4,compressed_ring_ar
1778541497.2126908,15,34,1.20371,102.53,188.291,1243.859,0,4,compressed_ring_ar
1778541498.4775298,15,35,1.19333,104.32,163.372,1225.622,0,4,compressed_ring_ar
1778541499.9845858,15,36,1.137886,87.63,174.099,1459.242,0,4,compressed_ring_ar
1778541501.4212725,15,37,0.928329,91.51,231.662,1394.403,0,4,compressed_ring_ar
1778541502.8190033,15,38,1.288399,94.71,358.584,1344.112,0,4,compressed_ring_ar
1778541504.0928352,15,39,1.148791,109.17,251.558,1162.249,0,4,compressed_ring_ar
1778541505.361308,15,40,1.075879,103.78,230.921,1228.564,0,4,compressed_ring_ar
1778541506.6123772,15,41,0.993856,106.21,193.859,1200.464,0,4,compressed_ring_ar
1778541507.9479005,15,42,1.190026,99.01,328.092,1291.419,0,4,compressed_ring_ar
1778541509.4144225,15,43,1.055155,89.56,316.65,1426.204,0,4,compressed_ring_ar
1778541510.848157,15,44,1.168595,92.21,492.381,1382.517,0,4,compressed_ring_ar
1778541512.268452,15,45,1.175871,93.6,254.685,1366.705,0,4,compressed_ring_ar
1778541513.7730672,15,46,1.077446,89.29,427.859,1432.169,0,4,compressed_ring_ar
1778541515.1172776,15,47,1.18069,102.13,209.938,1248.547,0,4,compressed_ring_ar
1778541516.4752414,15,48,1.082407,97.65,297.072,1307.336,0,4,compressed_ring_ar
1778541517.687495,15,49,1.116785,110.66,292.038,1149.094,0,4,compressed_ring_ar
1778541519.0410402,15,50,1.129128,97.4,227.049,1308.341,0,4,compressed_ring_ar
1778541520.3809965,15,51,1.087302,99.74,596.384,1277.984,0,4,compressed_ring_ar
1778541521.7159164,15,52,1.190626,98.88,197.374,1293.093,0,4,compressed_ring_ar
1778541523.0239742,15,53,1.136789,100.51,275.446,1266.495,0,4,compressed_ring_ar
1778541524.3187947,15,54,0.988158,102.05,210.263,1253.036,0,4,compressed_ring_ar
1778541525.5321753,15,55,1.20455,111.87,188.284,1141.43,0,4,compressed_ring_ar
1778541526.9661002,15,56,1.245947,91.39,436.445,1397.352,0,4,compressed_ring_ar
1778541528.2723126,15,57,1.247584,101.14,262.003,1264.434,0,4,compressed_ring_ar
1778541529.5666044,15,58,1.096542,102.21,194.47,1247.723,0,4,compressed_ring_ar
1778541530.8098097,15,59,1.148832,106.27,195.726,1199.267,0,4,compressed_ring_ar
1778541532.126813,15,60,1.073232,100.28,228.711,1270.696,0,4,compressed_ring_ar
1778541533.2848382,15,61,1.241728,116.9,211.686,1092.675,0,4,compressed_ring_ar
1778541534.5143027,15,62,1.145256,109.23,397.649,1165.595,0,4,compressed_ring_ar
1778541535.9252446,15,63,0.989734,93.02,442.161,1374.719,0,4,compressed_ring_ar
1778541537.3225892,15,64,1.057279,94.66,210.167,1350.885,0,4,compressed_ring_ar
1778541538.8898232,15,65,1.081467,84.03,261.46,1518.415,0,4,compressed_ring_ar
1778541540.1829636,15,66,1.16259,104.54,229.179,1219.336,0,4,compressed_ring_ar
1778541541.4632146,15,67,1.11513,103.74,321.311,1226.627,0,4,compressed_ring_ar
1778541542.631921,15,68,1.127594,112.89,313.647,1132.372,0,4,compressed_ring_ar
1778541544.095181,15,69,1.057148,90.44,422.613,1414.109,0,4,compressed_ring_ar
1778541545.2904227,15,70,1.159645,113.11,189.626,1127.056,0,4,compressed_ring_ar
1778541546.7487514,15,71,1.099624,90.02,244.021,1417.61,0,4,compressed_ring_ar
1778541548.3887644,15,72,1.157966,81.88,210.016,1557.72,0,4,compressed_ring_ar
1778541549.4276154,15,73,1.089283,131.58,200.818,970.345,0,4,compressed_ring_ar
1778541550.8378558,15,74,1.013101,94.2,207.301,1352.919,0,4,compressed_ring_ar
1778541551.9401984,15,75,1.187835,123.96,238.802,1028.652,0,4,compressed_ring_ar
1778541553.3527284,15,76,0.949483,93.52,342.295,1364.467,0,4,compressed_ring_ar
1778541554.5510952,15,77,1.146872,110.02,219.166,1158.756,0,4,compressed_ring_ar
1778541555.8152087,15,78,1.061556,104.86,182.232,1214.451,0,4,compressed_ring_ar
1778541557.2658281,15,79,1.25253,90.28,419.028,1411.181,0,4,compressed_ring_ar
1778541558.4305935,15,80,1.111121,115.87,193.485,1100.087,0,4,compressed_ring_ar
1778541559.7271988,15,81,1.156139,102.4,211.038,1245.32,0,4,compressed_ring_ar
1778541561.039264,15,82,0.967166,100.71,191.603,1266.563,0,4,compressed_ring_ar
1778541562.346103,15,83,1.102055,101.66,367.813,1252.304,0,4,compressed_ring_ar
1778541563.664502,15,84,1.111833,100.59,210.068,1267.86,0,4,compressed_ring_ar
1778541564.8806493,15,85,0.943807,108.54,196.339,1173.552,0,4,compressed_ring_ar
1778541566.0989387,15,86,1.154277,108.4,274.152,1176.017,0,4,compressed_ring_ar
1778541567.3088841,15,87,1.104735,109.72,206.194,1165.233,0,4,compressed_ring_ar
1778541568.7892294,15,88,1.06878,88.86,288.109,1437.26,0,4,compressed_ring_ar
1778541570.198903,15,89,1.223539,93.95,237.996,1361.069,0,4,compressed_ring_ar
1778541571.4171658,15,90,1.11569,111.43,224.164,1139.523,0,4,compressed_ring_ar
1778541572.7599375,15,91,1.128193,98.44,193.221,1295.227,0,4,compressed_ring_ar
1778541574.0228693,15,92,1.223477,105.4,197.449,1210.803,0,4,compressed_ring_ar
1778541575.3934598,15,93,0.914066,96.5,386.095,1325.384,0,4,compressed_ring_ar
1778541576.6341996,15,94,1.178199,110.14,236.649,1157.502,0,4,compressed_ring_ar
1778541577.8740733,15,95,1.072971,106.84,197.133,1196.76,0,4,compressed_ring_ar
1778541579.2669673,15,96,1.186044,94.76,261.559,1346.813,0,4,compressed_ring_ar
1778541580.447136,15,97,1.154878,73.16,185.65,1143.865,0,4,compressed_ring_ar
1778541592.7405555,16,0,1.040773,77.2,260.291,1656.713,0,4,compressed_ring_ar
1778541594.1437466,16,1,1.044877,96.4,198.869,1324.102,0,4,compressed_ring_ar
1778541595.5377843,16,2,1.265366,94.63,284.9,1344.276,0,4,compressed_ring_ar
1778541596.7694001,16,3,1.082561,108.06,219.851,1183.067,0,4,compressed_ring_ar
1778541598.1980395,16,4,1.034556,92.41,200.365,1378.004,0,4,compressed_ring_ar
1778541599.5653765,16,5,1.170319,96.82,368.405,1321.016,0,4,compressed_ring_ar
1778541600.92814,16,6,0.979308,97.74,209.047,1302.722,0,4,compressed_ring_ar
1778541602.4132385,16,7,1.019088,88.31,196.649,1443.044,0,4,compressed_ring_ar
1778541603.6727943,16,8,1.093403,105.52,312.212,1210.834,0,4,compressed_ring_ar
1778541604.991007,16,9,1.138371,101.89,241.794,1251.513,0,4,compressed_ring_ar
1778541606.5463762,16,10,1.202241,85.2,220.05,1497.9,0,4,compressed_ring_ar
1778541608.1801612,16,11,0.946481,80.93,244.695,1577.076,0,4,compressed_ring_ar
1778541609.5166702,16,12,1.014022,100.78,213.352,1268.835,0,4,compressed_ring_ar
1778541610.8640556,16,13,1.259683,100.68,245.723,1266.661,0,4,compressed_ring_ar
1778541612.028884,16,14,1.1016,116.36,214.322,1096.695,0,4,compressed_ring_ar
1778541613.2638052,16,15,1.232378,107.63,203.85,1183.918,0,4,compressed_ring_ar
1778541614.5558827,16,16,1.024433,103.1,425.207,1240.056,0,4,compressed_ring_ar
1778541616.0648513,16,17,0.916393,87.07,473.261,1462.744,0,4,compressed_ring_ar
1778541617.3249123,16,18,0.927222,108.52,187.584,1178.331,0,4,compressed_ring_ar
1778541618.787303,16,19,1.168964,91.81,309.227,1383.53,0,4,compressed_ring_ar
1778541620.0153651,16,20,1.164924,107.17,237.898,1189.106,0,4,compressed_ring_ar
1778541621.2592604,16,21,1.11578,106.77,275.933,1194.025,0,4,compressed_ring_ar
1778541622.5701654,16,22,1.13417,100.43,325.472,1269.877,0,4,compressed_ring_ar
1778541623.8562617,16,23,1.250101,102.32,300.299,1243.115,0,4,compressed_ring_ar
1778541625.1123223,16,24,1.073844,105.26,186.53,1210.813,0,4,compressed_ring_ar
1778541626.3454344,16,25,1.340359,107.73,183.15,1181.413,0,4,compressed_ring_ar
1778541627.547522,16,26,1.135055,110.07,255.274,1160.261,0,4,compressed_ring_ar
1778541628.8181694,16,27,0.977128,104.42,337.51,1219.335,0,4,compressed_ring_ar
1778541630.1233492,16,28,1.000115,101.04,216.749,1262.369,0,4,compressed_ring_ar
1778541631.53473,16,29,0.98331,94.31,211.214,1350.055,0,4,compressed_ring_ar
1778541632.7250977,16,30,1.157132,113.35,222.918,1124.79,0,4,compressed_ring_ar
1778541634.1856704,16,31,1.118782,90.49,206.483,1409.618,0,4,compressed_ring_ar
1778541635.436089,16,32,1.067935,106.47,244.143,1197.733,0,4,compressed_ring_ar
1778541636.6084762,16,33,1.065281,117.27,224.103,1086.495,0,4,compressed_ring_ar
1778541637.8241537,16,34,1.047464,108.83,350.338,1171.141,0,4,compressed_ring_ar
1778541639.2643254,16,35,0.936364,92.57,291.823,1381.815,0,4,compressed_ring_ar
1778541640.5614588,16,36,0.945403,106.92,205.591,1189.197,0,4,compressed_ring_ar
1778541641.9141665,16,37,1.170161,99.34,194.344,1283.404,0,4,compressed_ring_ar
1778541643.3844497,16,38,1.022798,89.93,246.368,1418.534,0,4,compressed_ring_ar
1778541644.6366205,16,39,0.988989,106.64,229.624,1195.505,0,4,compressed_ring_ar
1778541645.900188,16,40,1.029652,105.64,208.918,1205.023,0,4,compressed_ring_ar
1778541647.169424,16,41,1.213005,103.57,297.83,1232.607,0,4,compressed_ring_ar
1778541648.5008595,16,42,1.037723,99.11,313.877,1286.588,0,4,compressed_ring_ar
1778541649.8267171,16,43,0.955662,99.97,294.944,1279.098,0,4,compressed_ring_ar
1778541651.1626892,16,44,1.036988,98.76,196.071,1289.702,0,4,compressed_ring_ar
1778541652.50536,16,45,1.247153,100.28,261.076,1275.135,0,4,compressed_ring_ar
1778541653.7942898,16,46,1.108814,104.98,270.852,1217.813,0,4,compressed_ring_ar
1778541655.2549424,16,47,0.993749,90.6,192.375,1411.179,0,4,compressed_ring_ar
1778541656.881543,16,48,1.049975,80.77,256.616,1583.602,0,4,compressed_ring_ar
1778541658.0564442,16,49,1.003037,116.14,188.717,1099.547,0,4,compressed_ring_ar
1778541659.372867,16,50,0.999265,100.9,345.636,1261.38,0,4,compressed_ring_ar
1778541660.605226,16,51,1.040168,106.97,309.343,1191.799,0,4,compressed_ring_ar
1778541661.909021,16,52,1.050488,101.74,254.021,1251.728,0,4,compressed_ring_ar
1778541663.1148663,16,53,0.830762,109.99,263.952,1159.38,0,4,compressed_ring_ar
1778541664.3247929,16,54,1.026762,109.95,332.792,1159.573,0,4,compressed_ring_ar
1778541665.770139,16,55,1.132024,91.27,245.124,1401.005,0,4,compressed_ring_ar
1778541666.9222362,16,56,1.012117,119.8,192.916,1062.397,0,4,compressed_ring_ar
1778541668.258643,16,57,1.147053,99.35,182.902,1281.705,0,4,compressed_ring_ar
1778541669.6641476,16,58,1.120488,93.7,243.127,1365.052,0,4,compressed_ring_ar
1778541671.029569,16,59,1.054058,97.96,226.165,1302.053,0,4,compressed_ring_ar
1778541672.2260747,16,60,1.129991,115.27,197.507,1105.213,0,4,compressed_ring_ar
1778541673.5900095,16,61,1.217288,97.3,214.092,1311.286,0,4,compressed_ring_ar
1778541674.90207,16,62,0.862326,101.81,196.448,1253.435,0,4,compressed_ring_ar
1778541676.2557862,16,63,1.214074,97.93,295.646,1301.719,0,4,compressed_ring_ar
1778541677.58589,16,64,1.148658,99.49,230.635,1281.431,0,4,compressed_ring_ar
1778541678.9083638,16,65,1.148682,99.84,404.283,1280.826,0,4,compressed_ring_ar
1778541680.1565301,16,66,1.087402,108.97,277.878,1169.06,0,4,compressed_ring_ar
1778541681.4307694,16,67,1.20937,104.49,194.275,1221.17,0,4,compressed_ring_ar
1778541682.83808,16,68,1.046963,93.65,287.975,1362.086,0,4,compressed_ring_ar
1778541684.1974027,16,69,1.062684,97.27,210.724,1311.12,0,4,compressed_ring_ar
1778541685.3928506,16,70,0.993456,113.19,201.569,1129.431,0,4,compressed_ring_ar
1778541686.7390027,16,71,1.046091,98.24,181.429,1301.526,0,4,compressed_ring_ar
1778541688.1014066,16,72,0.973764,97.3,212.739,1310.805,0,4,compressed_ring_ar
1778541689.4845235,16,73,1.226994,95.69,229.064,1333.004,0,4,compressed_ring_ar
1778541690.7084265,16,74,1.218909,108.15,179.016,1178.254,0,4,compressed_ring_ar
1778541692.0455177,16,75,1.119524,98.47,218.985,1293.528,0,4,compressed_ring_ar
1778541693.4740558,16,76,1.028749,91.88,206.354,1391.401,0,4,compressed_ring_ar
1778541694.8290834,16,77,1.089132,98.63,203.293,1293.156,0,4,compressed_ring_ar
1778541696.131563,16,78,1.085186,103.44,187.772,1234.819,0,4,compressed_ring_ar
1778541697.5509434,16,79,1.074603,92.87,231.756,1377.13,0,4,compressed_ring_ar
1778541699.0136058,16,80,1.036621,92.05,194.272,1389.216,0,4,compressed_ring_ar
1778541700.3634298,16,81,1.026849,99.35,199.733,1282.365,0,4,compressed_ring_ar
1778541701.6997085,16,82,1.122948,99.12,248.618,1286.8,0,4,compressed_ring_ar
1778541703.1768122,16,83,0.957957,89.71,219.134,1422.57,0,4,compressed_ring_ar
1778541704.4822202,16,84,1.179303,101.29,354.999,1262.297,0,4,compressed_ring_ar
1778541705.6697245,16,85,1.045625,114.03,224.78,1119.646,0,4,compressed_ring_ar
1778541706.9203532,16,86,0.955549,105.93,337.557,1201.143,0,4,compressed_ring_ar
1778541708.1691806,16,87,0.945213,106.15,367.883,1203.459,0,4,compressed_ring_ar
1778541709.7180297,16,88,1.00767,85.01,244.291,1501.085,0,4,compressed_ring_ar
1778541711.1837997,16,89,1.079187,90.03,221.808,1412.275,0,4,compressed_ring_ar
1778541712.5250669,16,90,1.039894,99.91,196.274,1279.906,0,4,compressed_ring_ar
1778541713.8890557,16,91,1.254259,97.9,265.382,1302.966,0,4,compressed_ring_ar
1778541715.1779172,16,92,1.030466,102.71,304.229,1244.247,0,4,compressed_ring_ar
1778541716.4506805,16,93,1.31126,103.29,300.985,1237.916,0,4,compressed_ring_ar
1778541717.840847,16,94,0.987723,94.47,464.64,1350.019,0,4,compressed_ring_ar
1778541719.2040126,16,95,1.122903,99.4,231.407,1279.64,0,4,compressed_ring_ar
1778541720.4366503,16,96,1.136293,109.19,317.605,1165.828,0,4,compressed_ring_ar
1778541721.7263834,16,97,0.983321,67.41,218.731,1240.033,0,4,compressed_ring_ar
1778541733.3287852,17,0,1.060447,95.54,518.877,1335.743,0,4,compressed_ring_ar
1778541734.8715377,17,1,1.173649,85.34,484.659,1498.587,0,4,compressed_ring_ar
1778541736.187563,17,2,0.996557,104.19,190.302,1223.611,0,4,compressed_ring_ar
1778541737.421944,17,3,1.112489,107.27,227.547,1186.712,0,4,compressed_ring_ar
1778541738.7083092,17,4,1.028399,103.37,194.683,1233.547,0,4,compressed_ring_ar
1778541739.906145,17,5,1.152282,110.67,194.623,1154.248,0,4,compressed_ring_ar
1778541741.2651796,17,6,1.102526,99.16,203.325,1289.141,0,4,compressed_ring_ar
1778541742.8346245,17,7,0.99545,86.21,214.425,1484.052,0,4,compressed_ring_ar
1778541744.2857654,17,8,1.073844,93.32,222.475,1369.081,0,4,compressed_ring_ar
1778541745.69872,17,9,1.13137,93.63,451.21,1361.96,0,4,compressed_ring_ar
1778541747.0557015,17,10,1.119485,97.39,202.13,1309.221,0,4,compressed_ring_ar
1778541748.1382604,17,11,1.095845,123.51,164.82,1032.839,0,4,compressed_ring_ar
1778541749.3677459,17,12,0.917319,107.79,319.939,1184.057,0,4,compressed_ring_ar
1778541750.7564893,17,13,1.029788,94.89,208.049,1344.275,0,4,compressed_ring_ar
1778541751.9834275,17,14,1.043472,107.9,225.988,1181.818,0,4,compressed_ring_ar
1778541753.3251884,17,15,1.190522,98.97,217.228,1288.783,0,4,compressed_ring_ar
1778541754.7606025,17,16,0.997706,91.53,481.556,1393.916,0,4,compressed_ring_ar
1778541756.0640388,17,17,1.093951,101.54,207.161,1258.221,0,4,compressed_ring_ar
1778541757.4204328,17,18,1.074577,98.35,221.958,1300.066,0,4,compressed_ring_ar
1778541758.7944896,17,19,1.237634,96.44,212.673,1322.387,0,4,compressed_ring_ar
1778541760.1125255,17,20,1.04684,100.4,250.543,1269.928,0,4,compressed_ring_ar
1778541761.3280725,17,21,0.998137,109.05,410.849,1172.686,0,4,compressed_ring_ar
1778541762.896824,17,22,1.073533,84.82,485.053,1502.511,0,4,compressed_ring_ar
1778541764.2543054,17,23,1.096945,96.89,243.265,1315.878,0,4,compressed_ring_ar
1778541765.6101875,17,24,1.009148,97.04,248.665,1314.422,0,4,compressed_ring_ar
1778541766.9389477,17,25,1.05468,99.66,180.918,1279.879,0,4,compressed_ring_ar
1778541768.0923822,17,26,1.217542,118.03,290.969,1077.696,0,4,compressed_ring_ar
1778541769.333194,17,27,1.044873,106.6,212.387,1199.468,0,4,compressed_ring_ar
1778541770.7889717,17,28,1.0587,90.48,398.937,1413.223,0,4,compressed_ring_ar
1778541772.038976,17,29,1.079524,108.02,199.579,1180.203,0,4,compressed_ring_ar
1778541773.3264616,17,30,0.956253,103.12,211.213,1235.378,0,4,compressed_ring_ar
1778541774.6453264,17,31,1.077382,99.76,632.271,1276.692,0,4,compressed_ring_ar
1778541775.9762657,17,32,0.95652,99.7,201.705,1277.171,0,4,compressed_ring_ar
1778541777.3093886,17,33,1.072739,99.01,203.912,1286.191,0,4,compressed_ring_ar
1778541778.536197,17,34,1.191061,109.21,236.761,1166.753,0,4,compressed_ring_ar
1778541779.842262,17,35,1.168956,101.14,212.649,1260.863,0,4,compressed_ring_ar
1778541781.0643039,17,36,1.026078,107.84,318.877,1180.624,0,4,compressed_ring_ar
1778541782.4375176,17,37,1.128761,96.31,239.462,1324.604,0,4,compressed_ring_ar
1778541783.6638653,17,38,1.251549,107.69,312.527,1187.431,0,4,compressed_ring_ar
1778541784.946548,17,39,1.081553,104.94,256.195,1219.004,0,4,compressed_ring_ar
1778541786.2030091,17,40,0.932162,109.06,215.732,1169.034,0,4,compressed_ring_ar
1778541787.4698272,17,41,1.164649,104.85,260.728,1212.948,0,4,compressed_ring_ar
1778541788.7855537,17,42,1.057502,101.04,277.433,1264.892,0,4,compressed_ring_ar
1778541790.2178166,17,43,1.074128,93.51,247.457,1367.678,0,4,compressed_ring_ar
1778541791.6061695,17,44,0.978766,96.84,205.036,1314.101,0,4,compressed_ring_ar
1778541792.9772441,17,45,0.787494,95.92,205.717,1328.758,0,4,compressed_ring_ar
1778541794.0797307,17,46,1.297975,122.74,182.38,1041.09,0,4,compressed_ring_ar
1778541795.406196,17,47,1.225464,99.58,345.87,1283.431,0,4,compressed_ring_ar
1778541796.881183,17,48,1.076039,89.62,216.238,1426.821,0,4,compressed_ring_ar
1778541798.1833704,17,49,1.168336,102.65,206.135,1242.761,0,4,compressed_ring_ar
1778541799.4409492,17,50,1.063595,105.75,292.026,1205.259,0,4,compressed_ring_ar
1778541800.7739704,17,51,1.004314,98.87,224.681,1288.227,0,4,compressed_ring_ar
1778541802.050022,17,52,1.2878,105.05,222.314,1208.322,0,4,compressed_ring_ar
1778541803.3591216,17,53,1.149069,100.81,221.091,1265.213,0,4,compressed_ring_ar
1778541804.6684582,17,54,0.970323,102.19,231.953,1248.13,0,4,compressed_ring_ar
1778541805.998876,17,55,0.942587,99.59,244.015,1279.041,0,4,compressed_ring_ar
1778541807.2269096,17,56,1.01164,107.66,234.287,1185.377,0,4,compressed_ring_ar
1778541808.5268402,17,57,1.241723,102.9,242.263,1238.859,0,4,compressed_ring_ar
1778541809.8065193,17,58,1.068041,103.9,233.438,1230.71,0,4,compressed_ring_ar
1778541811.1576412,17,59,1.235212,97.89,198.077,1302.497,0,4,compressed_ring_ar
1778541812.3617885,17,60,1.077417,110.82,283.026,1149.621,0,4,compressed_ring_ar
1778541813.6569173,17,61,1.048988,103.42,193.943,1236.256,0,4,compressed_ring_ar
1778541814.8329558,17,62,1.003131,114.47,185.075,1113.938,0,4,compressed_ring_ar
1778541816.0538127,17,63,1.111211,112.17,273.182,1136.78,0,4,compressed_ring_ar
1778541817.4415636,17,64,1.277759,94.92,272.619,1346.503,0,4,compressed_ring_ar
1778541818.8112855,17,65,0.958085,96.34,186.632,1327.193,0,4,compressed_ring_ar
1778541820.060332,17,66,1.178021,107.22,208.242,1192.541,0,4,compressed_ring_ar
1778541821.4664702,17,67,0.948698,93.8,203.166,1358.148,0,4,compressed_ring_ar
1778541822.9521832,17,68,1.015329,90.46,218.739,1410.087,0,4,compressed_ring_ar
1778541824.1607358,17,69,1.123518,109.63,195.777,1165.543,0,4,compressed_ring_ar
1778541825.4530294,17,70,1.040725,104.1,294.49,1223.297,0,4,compressed_ring_ar
1778541826.7460496,17,71,1.012012,102.27,259.338,1244.335,0,4,compressed_ring_ar
1778541827.9358647,17,72,1.106886,111.4,222.138,1143.106,0,4,compressed_ring_ar
1778541829.260258,17,73,0.988678,99.46,222.422,1282.263,0,4,compressed_ring_ar
1778541830.5006807,17,74,1.112209,106.12,220.874,1201.646,0,4,compressed_ring_ar
1778541831.8798652,17,75,1.086929,95.67,223.614,1333.164,0,4,compressed_ring_ar
1778541832.9450002,17,76,1.104431,128.54,205.264,994.722,0,4,compressed_ring_ar
1778541834.2939773,17,77,1.142919,99.04,324.794,1286.219,0,4,compressed_ring_ar
1778541835.5430934,17,78,0.9192,106.07,281.673,1205.364,0,4,compressed_ring_ar
1778541836.9716873,17,79,1.093099,92.3,225.785,1382.351,0,4,compressed_ring_ar
1778541838.267798,17,80,1.090312,104.05,210.397,1225.148,0,4,compressed_ring_ar
1778541839.5460293,17,81,1.024336,102.87,387.484,1240.924,0,4,compressed_ring_ar
1778541840.7743375,17,82,1.02728,110.21,374.788,1156.797,0,4,compressed_ring_ar
1778541842.1723733,17,83,1.024806,94.5,237.218,1347.275,0,4,compressed_ring_ar
1778541843.3197143,17,84,1.004192,115.47,217.153,1107.175,0,4,compressed_ring_ar
1778541844.713975,17,85,1.012054,94.39,230.767,1351.192,0,4,compressed_ring_ar
1778541846.027461,17,86,1.113985,100.24,209.584,1271.817,0,4,compressed_ring_ar
1778541847.2363467,17,87,0.953941,110.67,204.971,1155.238,0,4,compressed_ring_ar
1778541848.563442,17,88,1.189905,99.53,191.054,1280.38,0,4,compressed_ring_ar
1778541849.9769316,17,89,1.123325,93.03,189.739,1371.017,0,4,compressed_ring_ar
1778541851.3738377,17,90,1.106099,95.79,202.083,1331.52,0,4,compressed_ring_ar
1778541852.723832,17,91,1.097262,98.7,381.075,1294.896,0,4,compressed_ring_ar
1778541854.310633,17,92,1.036031,83.11,443.339,1535.578,0,4,compressed_ring_ar
1778541855.7100487,17,93,1.35069,94.52,190.303,1349.268,0,4,compressed_ring_ar
1778541857.0083675,17,94,1.121523,101.47,200.27,1258.964,0,4,compressed_ring_ar
1778541858.4638505,17,95,0.982446,91.51,226.528,1394.974,0,4,compressed_ring_ar
1778541859.5187922,17,96,1.032125,127.23,196.525,1001.842,0,4,compressed_ring_ar
1778541860.7622778,17,97,1.04271,68.89,340.628,1215.504,0,4,compressed_ring_ar
1778541872.5942461,18,0,0.886411,83.72,207.487,1524.478,0,4,compressed_ring_ar
1778541874.0084236,18,1,1.006025,93.4,186.973,1369.266,0,4,compressed_ring_ar
1778541875.4017966,18,2,1.199179,94.77,331.51,1345.323,0,4,compressed_ring_ar
1778541876.8121042,18,3,1.041381,93.58,399.19,1366.441,0,4,compressed_ring_ar
1778541878.074604,18,4,1.013447,104.53,335.295,1220.876,0,4,compressed_ring_ar
1778541879.5548975,18,5,0.955179,89.6,313.721,1419.273,0,4,compressed_ring_ar
1778541880.7162347,18,6,1.018273,113.8,179.522,1123.795,0,4,compressed_ring_ar
1778541882.203104,18,7,0.969802,88.95,448.624,1435.727,0,4,compressed_ring_ar
1778541883.5744991,18,8,1.20617,97.6,278.49,1306.102,0,4,compressed_ring_ar
1778541884.8620255,18,9,1.144804,102.78,508.752,1244.056,0,4,compressed_ring_ar
1778541886.4672916,18,10,1.089211,82.03,314.067,1558.961,0,4,compressed_ring_ar
1778541887.8969388,18,11,1.068742,91.77,353.032,1389.162,0,4,compressed_ring_ar
1778541889.1849887,18,12,1.119982,103.36,232.342,1235.756,0,4,compressed_ring_ar
1778541890.4965458,18,13,1.071225,101.0,207.441,1264.852,0,4,compressed_ring_ar
1778541891.8754606,18,14,0.996486,96.41,365.261,1326.321,0,4,compressed_ring_ar
1778541893.514668,18,15,1.087776,80.02,408.166,1592.528,0,4,compressed_ring_ar
1778541894.8985612,18,16,1.194101,96.52,258.637,1323.168,0,4,compressed_ring_ar
1778541896.2329533,18,17,1.027455,100.68,206.985,1265.985,0,4,compressed_ring_ar
1778541897.53951,18,18,1.083931,101.64,230.842,1254.539,0,4,compressed_ring_ar
1778541898.7903588,18,19,1.131035,107.26,208.509,1186.915,0,4,compressed_ring_ar
1778541900.0749614,18,20,0.926916,103.96,201.862,1228.935,0,4,compressed_ring_ar
1778541901.695648,18,21,0.92264,81.16,249.695,1575.687,0,4,compressed_ring_ar
1778541903.1937711,18,22,0.983048,87.59,303.634,1457.312,0,4,compressed_ring_ar
1778541904.4344015,18,23,1.051448,107.69,238.217,1182.451,0,4,compressed_ring_ar
1778541905.7905805,18,24,1.268529,98.69,219.896,1294.965,0,4,compressed_ring_ar
1778541907.128739,18,25,1.022866,98.56,416.968,1292.103,0,4,compressed_ring_ar
1778541908.2662044,18,26,1.067511,116.62,224.654,1096.328,0,4,compressed_ring_ar
1778541909.6643472,18,27,1.041256,95.71,455.019,1332.175,0,4,compressed_ring_ar
1778541911.145454,18,28,0.946796,89.13,272.228,1432.253,0,4,compressed_ring_ar
1778541912.4638996,18,29,1.060965,101.47,212.856,1257.001,0,4,compressed_ring_ar
1778541913.905461,18,30,1.098286,91.92,219.311,1391.422,0,4,compressed_ring_ar
1778541915.0275009,18,31,1.109041,120.29,276.467,1063.024,0,4,compressed_ring_ar
1778541916.4042423,18,32,1.132517,96.42,408.416,1323.081,0,4,compressed_ring_ar
1778541917.7702448,18,33,1.029366,96.25,194.572,1321.669,0,4,compressed_ring_ar
1778541918.952023,18,34,1.116115,112.26,217.041,1134.75,0,4,compressed_ring_ar
1778541920.2317524,18,35,1.055525,103.43,261.637,1235.206,0,4,compressed_ring_ar
1778541921.5447617,18,36,1.203525,100.19,406.99,1275.807,0,4,compressed_ring_ar
1778541922.950199,18,37,0.967103,95.36,537.586,1337.878,0,4,compressed_ring_ar
1778541924.2497418,18,38,0.850096,101.46,329.379,1256.894,0,4,compressed_ring_ar
1778541925.4588993,18,39,1.254524,109.72,184.246,1161.363,0,4,compressed_ring_ar
1778541926.7430248,18,40,0.942042,102.62,417.082,1242.874,0,4,compressed_ring_ar
1778541927.9438245,18,41,1.006431,111.03,468.954,1147.683,0,4,compressed_ring_ar
1778541929.1962,18,42,0.917062,105.06,292.625,1211.164,0,4,compressed_ring_ar
1778541930.4799843,18,43,1.162309,103.65,199.227,1230.148,0,4,compressed_ring_ar
1778541931.8216085,18,44,0.984041,98.6,222.126,1292.225,0,4,compressed_ring_ar
1778541933.148653,18,45,1.102239,99.07,376.713,1287.189,0,4,compressed_ring_ar
1778541934.4191604,18,46,1.162083,104.72,204.972,1216.421,0,4,compressed_ring_ar
1778541935.6805298,18,47,1.023798,105.12,232.559,1213.116,0,4,compressed_ring_ar
1778541937.0289242,18,48,1.020769,100.55,248.457,1268.589,0,4,compressed_ring_ar
1778541938.38244,18,49,0.982443,100.76,212.556,1270.011,0,4,compressed_ring_ar
1778541939.8800974,18,50,1.010378,88.8,239.901,1436.99,0,4,compressed_ring_ar
1778541941.2126777,18,51,1.224164,101.53,359.232,1256.25,0,4,compressed_ring_ar
1778541942.5314252,18,52,1.241721,100.27,179.459,1272.447,0,4,compressed_ring_ar
1778541943.75179,18,53,1.092676,108.46,191.533,1175.732,0,4,compressed_ring_ar
1778541945.1323824,18,54,1.256886,95.93,355.824,1333.186,0,4,compressed_ring_ar
1778541946.4684527,18,55,0.995307,102.24,215.458,1245.912,0,4,compressed_ring_ar
1778541947.7249455,18,56,1.064763,106.05,190.359,1204.833,0,4,compressed_ring_ar
1778541949.1318698,18,57,1.236653,94.26,243.114,1353.827,0,4,compressed_ring_ar
1778541950.4298408,18,58,0.947273,101.59,236.784,1255.084,0,4,compressed_ring_ar
1778541951.7535064,18,59,1.177133,100.03,426.179,1278.179,0,4,compressed_ring_ar
1778541952.9968762,18,60,1.055238,109.53,209.203,1163.99,0,4,compressed_ring_ar
1778541954.254624,18,61,0.930624,106.08,204.611,1201.616,0,4,compressed_ring_ar
1778541955.603576,18,62,1.012405,98.25,201.619,1295.307,0,4,compressed_ring_ar
1778541956.7772472,18,63,1.077044,112.32,194.495,1134.166,0,4,compressed_ring_ar
1778541958.0321875,18,64,1.152095,105.78,193.925,1205.557,0,4,compressed_ring_ar
1778541959.428149,18,65,1.162998,95.03,249.974,1343.904,0,4,compressed_ring_ar
1778541960.8251202,18,66,0.846264,94.82,366.271,1347.19,0,4,compressed_ring_ar
1778541962.1651871,18,67,1.034138,98.72,552.719,1291.754,0,4,compressed_ring_ar
1778541963.4505236,18,68,1.058384,102.36,503.701,1243.56,0,4,compressed_ring_ar
1778541964.6242118,18,69,0.965617,113.0,206.14,1128.153,0,4,compressed_ring_ar
1778541965.9361255,18,70,1.047873,100.94,239.638,1263.623,0,4,compressed_ring_ar
1778541967.20584,18,71,1.085057,104.0,187.223,1229.415,0,4,compressed_ring_ar
1778541968.6451943,18,72,1.154176,91.96,195.805,1387.02,0,4,compressed_ring_ar
1778541969.8857656,18,73,1.174908,109.16,237.316,1169.23,0,4,compressed_ring_ar
1778541971.1827352,18,74,1.03708,102.29,320.263,1249.473,0,4,compressed_ring_ar
1778541972.4625776,18,75,0.887278,104.4,302.024,1224.189,0,4,compressed_ring_ar
1778541973.885526,18,76,1.229913,93.6,199.398,1363.197,0,4,compressed_ring_ar
1778541975.2946458,18,77,1.019421,93.23,279.652,1371.83,0,4,compressed_ring_ar
1778541976.8422346,18,78,1.16592,85.93,199.285,1486.497,0,4,compressed_ring_ar
1778541978.2365167,18,79,1.059864,94.48,686.883,1348.965,0,4,compressed_ring_ar
1778541979.5643733,18,80,0.93584,100.03,219.33,1277.866,0,4,compressed_ring_ar
1778541980.9739394,18,81,1.166009,95.23,240.045,1339.766,0,4,compressed_ring_ar
1778541982.2711556,18,82,1.236667,102.62,231.844,1241.969,0,4,compressed_ring_ar
1778541983.547581,18,83,1.1027,103.64,222.02,1227.461,0,4,compressed_ring_ar
1778541984.9610913,18,84,0.928835,93.26,272.282,1367.903,0,4,compressed_ring_ar
1778541986.2190106,18,85,1.081928,105.87,229.582,1204.467,0,4,compressed_ring_ar
1778541987.596047,18,86,1.185256,96.54,189.25,1322.994,0,4,compressed_ring_ar
1778541989.1054204,18,87,1.116546,87.37,528.12,1462.707,0,4,compressed_ring_ar
1778541990.5993419,18,88,1.06265,88.92,410.242,1434.776,0,4,compressed_ring_ar
1778541991.918065,18,89,0.911728,100.25,221.7,1272.023,0,4,compressed_ring_ar
1778541993.1673408,18,90,1.075642,108.33,360.761,1173.936,0,4,compressed_ring_ar
1778541994.4301798,18,91,1.33652,104.56,220.863,1219.548,0,4,compressed_ring_ar
1778541995.7080977,18,92,1.020853,104.46,308.83,1220.727,0,4,compressed_ring_ar
1778541997.0550478,18,93,1.028144,99.22,192.224,1286.239,0,4,compressed_ring_ar
1778541998.2978232,18,94,0.960377,107.02,242.511,1193.545,0,4,compressed_ring_ar
1778541999.6820908,18,95,1.203456,95.34,267.01,1337.736,0,4,compressed_ring_ar
1778542001.0353723,18,96,1.106944,97.82,186.579,1303.88,0,4,compressed_ring_ar
1778542002.1885502,18,97,0.919373,76.67,299.751,1091.176,0,4,compressed_ring_ar
1778542013.8519793,19,0,0.956229,88.31,317.335,1448.094,0,4,compressed_ring_ar
1778542015.3095295,19,1,1.047191,90.69,214.225,1409.964,0,4,compressed_ring_ar
1778542016.6941345,19,2,1.024331,95.14,200.036,1344.311,0,4,compressed_ring_ar
1778542018.0787723,19,3,1.046912,95.85,198.492,1331.827,0,4,compressed_ring_ar
1778542019.3346138,19,4,1.046666,105.31,233.213,1209.14,0,4,compressed_ring_ar
1778542020.575655,19,5,1.026637,107.66,227.871,1184.234,0,4,compressed_ring_ar
1778542021.883946,19,6,1.010955,101.12,412.062,1258.078,0,4,compressed_ring_ar
1778542023.2083302,19,7,1.142982,99.51,236.965,1281.791,0,4,compressed_ring_ar
1778542024.509953,19,8,0.969035,102.99,247.921,1241.405,0,4,compressed_ring_ar
1778542025.9079058,19,9,1.097216,94.73,307.707,1346.203,0,4,compressed_ring_ar
1778542027.1499162,19,10,0.975262,107.1,302.81,1193.7,0,4,compressed_ring_ar
1778542028.5963948,19,11,1.033228,91.19,241.804,1399.245,0,4,compressed_ring_ar
1778542030.0530384,19,12,1.006016,90.57,308.459,1409.301,0,4,compressed_ring_ar
1778542031.1956124,19,13,1.176296,117.53,186.069,1084.8,0,4,compressed_ring_ar
1778542032.7059677,19,14,0.996605,87.11,434.352,1467.279,0,4,compressed_ring_ar
1778542034.0390446,19,15,1.118655,102.19,432.712,1248.008,0,4,compressed_ring_ar
1778542035.3303368,19,16,0.977995,102.17,256.833,1249.752,0,4,compressed_ring_ar
1778542036.7138855,19,17,0.945994,97.03,233.533,1314.232,0,4,compressed_ring_ar
1778542037.92224,19,18,1.323519,112.17,202.157,1135.717,0,4,compressed_ring_ar
1778542039.0424721,19,19,1.049923,119.69,523.651,1063.964,0,4,compressed_ring_ar
1778542040.2089028,19,20,1.138055,115.22,230.064,1109.555,0,4,compressed_ring_ar
1778542041.6985455,19,21,0.966643,89.26,188.409,1431.807,0,4,compressed_ring_ar
1778542043.14498,19,22,1.146913,91.37,200.153,1395.843,0,4,compressed_ring_ar
1778542044.5050104,19,23,1.164115,96.72,392.404,1318.551,0,4,compressed_ring_ar
1778542045.9342084,19,24,1.106502,93.59,282.445,1366.658,0,4,compressed_ring_ar
1778542047.297116,19,25,0.964865,97.55,191.199,1307.371,0,4,compressed_ring_ar
1778542048.5262682,19,26,1.12176,107.98,195.479,1180.513,0,4,compressed_ring_ar
1778542049.9407601,19,27,1.087516,93.02,355.598,1374.621,0,4,compressed_ring_ar
1778542051.3968136,19,28,1.066259,90.9,215.474,1403.643,0,4,compressed_ring_ar
1778542052.7561126,19,29,1.029176,97.55,252.232,1305.469,0,4,compressed_ring_ar
1778542054.1039813,19,30,1.019461,98.54,209.917,1293.994,0,4,compressed_ring_ar
1778542055.4071367,19,31,0.916285,101.78,259.954,1255.347,0,4,compressed_ring_ar
1778542056.7429552,19,32,1.040838,98.64,446.701,1295.651,0,4,compressed_ring_ar
1778542058.216252,19,33,1.081506,90.19,420.973,1411.21,0,4,compressed_ring_ar
1778542059.4703953,19,34,1.097289,105.84,172.386,1208.109,0,4,compressed_ring_ar
1778542060.8463027,19,35,1.190461,96.13,203.579,1325.431,0,4,compressed_ring_ar
1778542062.2109501,19,36,1.088137,97.42,182.156,1309.24,0,4,compressed_ring_ar
1778542063.4384146,19,37,1.135838,109.54,199.043,1162.583,0,4,compressed_ring_ar
1778542064.6938288,19,38,1.132692,105.36,480.947,1210.359,0,4,compressed_ring_ar
1778542066.1123888,19,39,1.143326,93.64,210.234,1362.211,0,4,compressed_ring_ar
1778542067.5635486,19,40,0.923666,90.59,280.637,1411.345,0,4,compressed_ring_ar
1778542068.9388762,19,41,0.920514,100.14,353.502,1270.765,0,4,compressed_ring_ar
1778542070.1613483,19,42,1.189907,108.34,240.665,1174.313,0,4,compressed_ring_ar
1778542071.397002,19,43,0.938572,107.44,180.427,1188.789,0,4,compressed_ring_ar
1778542072.7331407,19,44,0.988131,99.45,395.859,1285.0,0,4,compressed_ring_ar
1778542074.1231863,19,45,1.005507,95.38,354.108,1336.262,0,4,compressed_ring_ar
1778542075.5143518,19,46,0.991283,95.54,329.099,1330.687,0,4,compressed_ring_ar
1778542076.7654216,19,47,1.109083,105.28,225.176,1213.457,0,4,compressed_ring_ar
1778542078.175443,19,48,1.259691,94.41,279.332,1352.045,0,4,compressed_ring_ar
1778542079.4515364,19,49,1.155202,105.18,352.591,1212.21,0,4,compressed_ring_ar
1778542080.8086457,19,50,1.010158,97.47,237.146,1308.551,0,4,compressed_ring_ar
1778542082.0302112,19,51,1.060556,109.41,236.551,1164.804,0,4,compressed_ring_ar
1778542083.432075,19,52,0.893738,94.13,418.333,1355.224,0,4,compressed_ring_ar
1778542084.6668515,19,53,1.143157,109.51,193.87,1167.559,0,4,compressed_ring_ar
1778542086.000058,19,54,1.211127,100.28,299.503,1272.766,0,4,compressed_ring_ar
1778542087.4859126,19,55,1.104651,88.36,296.809,1447.247,0,4,compressed_ring_ar
1778542088.9520059,19,56,1.085484,89.8,181.515,1420.831,0,4,compressed_ring_ar
1778542090.18552,19,57,1.233969,108.73,409.699,1172.18,0,4,compressed_ring_ar
1778542091.4388983,19,58,1.089694,105.49,194.827,1207.725,0,4,compressed_ring_ar
1778542092.7158318,19,59,1.226427,103.99,553.165,1225.922,0,4,compressed_ring_ar
1778542094.0490732,19,60,0.95546,98.73,184.245,1291.851,0,4,compressed_ring_ar
1778542095.4739141,19,61,1.056579,93.05,283.569,1374.133,0,4,compressed_ring_ar
1778542096.6843002,19,62,0.960517,111.7,199.455,1141.468,0,4,compressed_ring_ar
1778542098.0798416,19,63,0.866658,95.46,217.643,1335.686,0,4,compressed_ring_ar
1778542099.3595002,19,64,0.980141,103.43,321.648,1233.416,0,4,compressed_ring_ar
1778542100.664957,19,65,1.218377,102.93,211.492,1238.846,0,4,compressed_ring_ar
1778542101.9357936,19,66,1.120149,105.66,252.072,1209.63,0,4,compressed_ring_ar
1778542103.2802286,19,67,1.120369,98.89,243.702,1289.075,0,4,compressed_ring_ar
1778542104.5150619,19,68,1.15682,106.49,318.418,1195.925,0,4,compressed_ring_ar
1778542105.8025095,19,69,1.104266,102.48,198.896,1244.416,0,4,compressed_ring_ar
1778542107.1989398,19,70,1.135309,94.3,214.545,1349.656,0,4,compressed_ring_ar
1778542108.4571855,19,71,1.110413,104.94,231.797,1214.424,0,4,compressed_ring_ar
1778542109.7908208,19,72,1.014624,99.27,401.449,1284.69,0,4,compressed_ring_ar
1778542111.1687694,19,73,1.117644,95.74,271.929,1332.108,0,4,compressed_ring_ar
1778542112.4748416,19,74,1.067847,101.7,524.461,1257.328,0,4,compressed_ring_ar
1778542113.9715552,19,75,1.074747,88.07,226.227,1452.011,0,4,compressed_ring_ar
1778542115.2434168,19,76,0.944801,105.43,282.649,1209.774,0,4,compressed_ring_ar
1778542116.6533003,19,77,1.070264,93.4,302.554,1365.957,0,4,compressed_ring_ar
1778542117.7757204,19,78,1.188972,121.59,182.173,1048.57,0,4,compressed_ring_ar
1778542119.2153835,19,79,1.111877,91.32,220.463,1394.643,0,4,compressed_ring_ar
1778542120.4908032,19,80,1.203045,103.74,256.652,1228.819,0,4,compressed_ring_ar
1778542121.8387907,19,81,1.094793,97.74,285.338,1308.461,0,4,compressed_ring_ar
1778542123.5162075,19,82,1.028862,79.49,273.791,1609.02,0,4,compressed_ring_ar
1778542124.9007165,19,83,1.019462,98.39,252.926,1299.542,0,4,compressed_ring_ar
1778542126.142942,19,84,1.093595,108.69,361.257,1176.376,0,4,compressed_ring_ar
1778542127.3473248,19,85,0.870099,113.81,201.557,1120.064,0,4,compressed_ring_ar
1778542128.5176146,19,86,1.104563,113.69,290.159,1120.933,0,4,compressed_ring_ar
1778542129.8503432,19,87,0.943286,98.62,328.161,1293.241,0,4,compressed_ring_ar
1778542131.0895994,19,88,1.114539,107.21,214.634,1189.004,0,4,compressed_ring_ar
1778542132.5796335,19,89,1.066656,88.12,219.138,1451.168,0,4,compressed_ring_ar
1778542133.9589236,19,90,0.89515,97.93,197.53,1304.468,0,4,compressed_ring_ar
1778542135.413887,19,91,0.924073,90.7,413.846,1405.327,0,4,compressed_ring_ar
1778542136.861151,19,92,0.987692,91.57,336.508,1392.615,0,4,compressed_ring_ar
1778542138.2130964,19,93,1.205803,97.56,231.378,1307.481,0,4,compressed_ring_ar
1778542139.4151561,19,94,1.071182,111.54,192.26,1138.759,0,4,compressed_ring_ar
1778542140.6175895,19,95,1.117026,109.7,199.011,1161.888,0,4,compressed_ring_ar
1778542142.02854,19,96,1.151171,93.42,204.118,1366.196,0,4,compressed_ring_ar
1778542143.2858207,19,97,1.094921,68.45,197.519,1221.978,0,4,compressed_ring_ar
1778542155.162717,20,0,1.113381,76.92,524.909,1662.402,0,4,compressed_ring_ar
1778542156.41898,20,1,1.095803,109.1,359.293,1166.887,0,4,compressed_ring_ar
1778542157.690243,20,2,0.928119,107.0,230.209,1188.101,0,4,compressed_ring_ar
1778542158.9234595,20,3,1.089037,106.87,329.817,1193.086,0,4,compressed_ring_ar
1778542160.1316633,20,4,0.947729,110.4,185.467,1156.34,0,4,compressed_ring_ar
1778542161.4690166,20,5,1.051885,98.48,354.11,1295.189,0,4,compressed_ring_ar
1778542162.7316556,20,6,1.047349,105.24,305.396,1211.546,0,4,compressed_ring_ar
1778542164.1190345,20,7,1.142351,95.71,200.852,1329.073,0,4,compressed_ring_ar
1778542165.5732813,20,8,1.166639,90.63,246.431,1407.497,0,4,compressed_ring_ar
1778542166.9013774,20,9,0.934827,99.66,371.879,1282.97,0,4,compressed_ring_ar
1778542168.3251288,20,10,0.976962,94.16,314.47,1354.308,0,4,compressed_ring_ar
1778542169.499564,20,11,0.98496,112.53,386.619,1132.171,0,4,compressed_ring_ar
1778542170.829184,20,12,1.212434,99.07,223.244,1282.631,0,4,compressed_ring_ar
1778542172.0628586,20,13,0.954552,106.69,233.975,1194.581,0,4,compressed_ring_ar
1778542173.4510944,20,14,1.085726,94.84,213.76,1344.559,0,4,compressed_ring_ar
1778542174.7521188,20,15,1.064557,101.81,222.906,1252.743,0,4,compressed_ring_ar
1778542176.2908502,20,16,1.004956,85.19,505.118,1501.308,0,4,compressed_ring_ar
1778542177.6850812,20,17,1.137089,94.29,455.488,1349.921,0,4,compressed_ring_ar
1778542178.887091,20,18,1.051797,109.84,216.493,1162.805,0,4,compressed_ring_ar
1778542180.2709792,20,19,1.054818,95.26,381.602,1334.574,0,4,compressed_ring_ar
1778542181.42855,20,20,1.071357,114.33,249.433,1113.895,0,4,compressed_ring_ar
1778542182.9667993,20,21,1.141708,85.59,725.631,1494.353,0,4,compressed_ring_ar
1778542184.2757473,20,22,1.168923,103.35,186.062,1237.196,0,4,compressed_ring_ar
1778542185.5829227,20,23,1.087304,101.82,313.914,1254.809,0,4,compressed_ring_ar
1778542187.0866542,20,24,1.185377,87.5,420.472,1457.894,0,4,compressed_ring_ar
1778542188.2731903,20,25,1.070906,113.08,366.972,1126.878,0,4,compressed_ring_ar
1778542189.494593,20,26,1.034459,109.25,237.904,1169.438,0,4,compressed_ring_ar
1778542191.0637865,20,27,0.91958,83.89,236.688,1524.38,0,4,compressed_ring_ar
1778542192.5124881,20,28,1.007244,91.92,233.69,1387.946,0,4,compressed_ring_ar
1778542194.112518,20,29,1.155272,82.28,270.535,1554.274,0,4,compressed_ring_ar
1778542195.4747007,20,30,0.96995,97.33,229.137,1310.304,0,4,compressed_ring_ar
1778542197.008559,20,31,1.084579,86.33,249.252,1472.913,0,4,compressed_ring_ar
1778542198.482997,20,32,0.924526,89.33,295.16,1431.538,0,4,compressed_ring_ar
1778542199.88566,20,33,1.064095,97.02,252.353,1314.186,0,4,compressed_ring_ar
1778542201.2513528,20,34,1.072749,97.35,339.605,1313.455,0,4,compressed_ring_ar
1778542202.6093078,20,35,0.998499,96.91,237.906,1319.117,0,4,compressed_ring_ar
1778542204.0224402,20,36,1.048015,93.14,547.273,1370.568,0,4,compressed_ring_ar
1778542205.3469768,20,37,1.092686,99.86,219.851,1276.491,0,4,compressed_ring_ar
1778542206.5212564,20,38,1.180762,112.79,424.832,1133.672,0,4,compressed_ring_ar
1778542207.9258285,20,39,1.013069,93.97,295.935,1357.65,0,4,compressed_ring_ar
1778542209.2528265,20,40,1.103623,99.46,197.366,1283.898,0,4,compressed_ring_ar
1778542210.6686003,20,41,0.921359,94.19,183.226,1355.385,0,4,compressed_ring_ar
1778542212.0600266,20,42,1.036588,94.62,612.575,1351.518,0,4,compressed_ring_ar
1778542213.703295,20,43,0.952617,79.83,353.812,1597.803,0,4,compressed_ring_ar
1778542214.96091,20,44,1.146883,107.04,392.972,1191.323,0,4,compressed_ring_ar
1778542216.2366269,20,45,1.150269,103.5,181.391,1233.238,0,4,compressed_ring_ar
1778542217.6151867,20,46,1.037189,96.04,191.383,1324.938,0,4,compressed_ring_ar
1778542218.8494794,20,47,1.041672,107.19,218.058,1189.932,0,4,compressed_ring_ar
1778542220.1810973,20,48,1.096677,99.25,341.035,1284.452,0,4,compressed_ring_ar
1778542221.5069447,20,49,1.017658,99.76,221.168,1277.827,0,4,compressed_ring_ar
1778542222.6702983,20,50,1.042336,115.7,242.727,1104.933,0,4,compressed_ring_ar
1778542224.0278444,20,51,1.261511,97.95,209.588,1302.499,0,4,compressed_ring_ar
1778542225.2784948,20,52,1.220966,105.82,220.624,1204.41,0,4,compressed_ring_ar
1778542226.6015532,20,53,0.986234,99.58,217.792,1277.534,0,4,compressed_ring_ar
1778542227.7930536,20,54,1.110023,110.89,196.203,1152.582,0,4,compressed_ring_ar
1778542229.2549064,20,55,1.051036,90.0,199.114,1417.424,0,4,compressed_ring_ar
1778542230.550889,20,56,1.256171,102.02,223.772,1249.849,0,4,compressed_ring_ar
1778542231.907348,20,57,1.121291,99.08,219.144,1287.045,0,4,compressed_ring_ar
1778542233.2421424,20,58,1.060515,98.68,166.266,1294.337,0,4,compressed_ring_ar
1778542234.605442,20,59,1.071075,97.14,352.786,1312.736,0,4,compressed_ring_ar
1778542235.9869597,20,60,1.04085,95.05,221.065,1342.68,0,4,compressed_ring_ar
1778542237.2842424,20,61,0.9281,101.41,347.432,1257.052,0,4,compressed_ring_ar
1778542238.655059,20,62,1.048899,96.02,235.154,1331.826,0,4,compressed_ring_ar
1778542239.9952078,20,63,1.081928,98.56,198.489,1294.669,0,4,compressed_ring_ar
1778542241.2598305,20,64,0.929872,104.12,209.804,1226.847,0,4,compressed_ring_ar
1778542242.7395399,20,65,0.865324,90.31,389.621,1412.536,0,4,compressed_ring_ar
1778542244.1070514,20,66,1.168698,96.49,213.496,1321.805,0,4,compressed_ring_ar
1778542245.352913,20,67,1.088538,106.57,226.28,1199.718,0,4,compressed_ring_ar
1778542246.7700152,20,68,1.141003,92.87,412.865,1376.097,0,4,compressed_ring_ar
1778542248.1754694,20,69,0.928522,93.53,393.4,1364.155,0,4,compressed_ring_ar
1778542249.5236652,20,70,1.117231,98.63,221.268,1293.481,0,4,compressed_ring_ar
1778542251.0252802,20,71,1.030072,87.76,293.145,1455.862,0,4,compressed_ring_ar
1778542252.43858,20,72,1.088988,94.28,194.525,1356.403,0,4,compressed_ring_ar
1778542253.8284676,20,73,1.162769,94.7,506.625,1347.163,0,4,compressed_ring_ar
1778542255.0942316,20,74,1.039122,105.04,306.51,1214.478,0,4,compressed_ring_ar
1778542256.5328321,20,75,1.078743,91.86,219.088,1388.368,0,4,compressed_ring_ar
1778542257.7616777,20,76,1.047533,107.37,234.09,1187.444,0,4,compressed_ring_ar
1778542259.0975475,20,77,1.199252,98.6,186.996,1293.655,0,4,compressed_ring_ar
1778542260.3181744,20,78,1.100088,109.84,283.89,1160.603,0,4,compressed_ring_ar
1778542261.641787,20,79,0.975534,99.44,303.808,1283.483,0,4,compressed_ring_ar
1778542262.9855914,20,80,1.186386,99.6,331.294,1280.318,0,4,compressed_ring_ar
1778542264.4195693,20,81,1.090238,92.84,213.691,1372.31,0,4,compressed_ring_ar
1778542265.7624123,20,82,1.006029,97.99,176.314,1303.543,0,4,compressed_ring_ar
1778542267.105819,20,83,1.054122,98.41,656.593,1298.298,0,4,compressed_ring_ar
1778542268.5305548,20,84,1.023467,93.64,371.559,1357.48,0,4,compressed_ring_ar
1778542269.6416476,20,85,1.086903,119.34,196.854,1068.761,0,4,compressed_ring_ar
1778542270.8684828,20,86,1.070734,113.06,383.33,1129.477,0,4,compressed_ring_ar
1778542272.1935115,20,87,1.058164,100.08,301.442,1272.663,0,4,compressed_ring_ar
1778542273.664315,20,88,0.975427,89.1,391.223,1434.904,0,4,compressed_ring_ar
1778542274.9890568,20,89,1.014078,102.29,414.616,1247.214,0,4,compressed_ring_ar
1778542276.3107824,20,90,0.858423,99.71,323.248,1282.567,0,4,compressed_ring_ar
1778542277.6435323,20,91,0.840282,100.1,405.276,1277.289,0,4,compressed_ring_ar
1778542279.0984826,20,92,1.024947,90.54,256.327,1412.407,0,4,compressed_ring_ar
1778542280.4470057,20,93,1.213646,97.82,201.734,1306.536,0,4,compressed_ring_ar
1778542281.8100703,20,94,1.123795,96.72,417.63,1319.172,0,4,compressed_ring_ar
1778542283.1312275,20,95,1.008911,100.14,241.272,1273.24,0,4,compressed_ring_ar
1778542284.3631706,20,96,0.985337,107.5,211.951,1189.553,0,4,compressed_ring_ar
1778542285.6764994,20,97,1.014789,65.88,244.438,1266.297,0,4,compressed_ring_ar
