timestamp,epoch,iteration,loss,throughput_samp_s,comm_latency_ms,iter_time_ms,rank,world_size,arch
1778534961.9991004,1,0,2.392778,68.71,933.976,1862.33,1,4,compressed_ring_ar
1778534962.820346,1,1,2.31283,170.63,318.711,748.152,1,4,compressed_ring_ar
1778534963.5130208,1,2,2.295374,196.89,213.206,647.032,1,4,compressed_ring_ar
1778534964.3612423,1,3,2.298812,158.9,445.283,802.919,1,4,compressed_ring_ar
1778534965.0812979,1,4,2.333442,190.35,300.931,670.323,1,4,compressed_ring_ar
1778534965.7671077,1,5,2.24372,199.31,135.857,640.131,1,4,compressed_ring_ar
1778534966.493339,1,6,2.258117,186.88,263.038,680.489,1,4,compressed_ring_ar
1778534967.2900066,1,7,2.175409,169.85,144.576,752.188,1,4,compressed_ring_ar
1778534968.0737004,1,8,2.201164,176.44,219.227,721.651,1,4,compressed_ring_ar
1778534968.8239405,1,9,2.220812,179.59,330.88,710.487,1,4,compressed_ring_ar
1778534969.515948,1,10,2.256902,195.5,311.248,650.309,1,4,compressed_ring_ar
1778534970.3043807,1,11,2.201706,172.18,300.556,740.427,1,4,compressed_ring_ar
1778534971.0026226,1,12,2.084662,196.32,303.753,650.622,1,4,compressed_ring_ar
1778534971.6469483,1,13,2.194275,219.0,151.742,582.48,1,4,compressed_ring_ar
1778534972.433304,1,14,2.183426,170.92,394.282,747.713,1,4,compressed_ring_ar
1778534973.242683,1,15,2.186877,166.03,413.972,769.79,1,4,compressed_ring_ar
1778534973.930795,1,16,2.171292,198.09,138.36,643.356,1,4,compressed_ring_ar
1778534974.7501407,1,17,2.0406,167.24,408.537,763.918,1,4,compressed_ring_ar
1778534975.422112,1,18,2.213507,203.42,267.968,625.898,1,4,compressed_ring_ar
1778534976.2123857,1,19,2.064253,169.99,463.484,750.305,1,4,compressed_ring_ar
1778534976.8960674,1,20,2.079714,198.76,304.173,641.401,1,4,compressed_ring_ar
1778534977.6356738,1,21,2.057053,181.74,336.898,702.463,1,4,compressed_ring_ar
1778534978.5139728,1,22,2.082408,155.78,208.411,820.406,1,4,compressed_ring_ar
1778534979.3770807,1,23,2.166763,157.49,153.099,810.522,1,4,compressed_ring_ar
1778534980.1021004,1,24,1.968313,188.74,243.543,676.021,1,4,compressed_ring_ar
1778534980.8788188,1,25,1.987463,176.13,184.425,723.696,1,4,compressed_ring_ar
1778534981.7669451,1,26,1.989037,152.36,179.465,836.06,1,4,compressed_ring_ar
1778534982.5741777,1,27,1.912232,166.96,337.516,765.311,1,4,compressed_ring_ar
1778534983.3217463,1,28,1.927664,185.09,300.555,690.184,1,4,compressed_ring_ar
1778534984.062062,1,29,1.850115,183.46,133.624,696.572,1,4,compressed_ring_ar
1778534984.8150668,1,30,2.0961,179.76,321.48,710.782,1,4,compressed_ring_ar
1778534985.521478,1,31,1.767556,191.77,234.996,665.744,1,4,compressed_ring_ar
1778534986.2176566,1,32,1.725577,196.86,212.259,649.141,1,4,compressed_ring_ar
1778534986.9810586,1,33,1.860763,176.85,208.024,718.105,1,4,compressed_ring_ar
1778534987.6902673,1,34,1.769944,196.58,157.748,648.338,1,4,compressed_ring_ar
1778534988.3703494,1,35,1.897051,199.81,266.0,637.304,1,4,compressed_ring_ar
1778534989.058089,1,36,1.816224,197.14,311.986,647.975,1,4,compressed_ring_ar
1778534989.7425783,1,37,1.904199,200.89,204.948,633.046,1,4,compressed_ring_ar
1778534990.504991,1,38,1.776982,176.21,340.035,724.879,1,4,compressed_ring_ar
1778534991.1771798,1,39,1.826295,205.51,197.9,620.148,1,4,compressed_ring_ar
1778534991.906462,1,40,1.947359,185.17,347.115,689.981,1,4,compressed_ring_ar
1778534992.6354291,1,41,1.703874,188.6,216.221,677.347,1,4,compressed_ring_ar
1778534993.3102558,1,42,1.704465,204.82,194.06,623.818,1,4,compressed_ring_ar
1778534993.9909852,1,43,1.71979,198.95,203.197,641.102,1,4,compressed_ring_ar
1778534994.6969838,1,44,1.71428,199.69,170.139,639.665,1,4,compressed_ring_ar
1778534995.4924283,1,45,1.748199,169.88,242.522,752.083,1,4,compressed_ring_ar
1778534996.1817994,1,46,1.731552,196.78,206.287,649.27,1,4,compressed_ring_ar
1778534996.890568,1,47,1.730143,195.98,184.98,651.217,1,4,compressed_ring_ar
1778534997.5791628,1,48,1.685129,196.32,209.371,650.081,1,4,compressed_ring_ar
1778534998.2730758,1,49,1.719533,197.9,154.766,644.344,1,4,compressed_ring_ar
1778534998.980581,1,50,1.736875,190.57,328.695,668.946,1,4,compressed_ring_ar
1778534999.7455733,1,51,1.706591,179.79,354.026,710.716,1,4,compressed_ring_ar
1778535000.4482868,1,52,1.730235,195.92,171.457,649.974,1,4,compressed_ring_ar
1778535001.1712258,1,53,1.772506,195.43,183.809,653.228,1,4,compressed_ring_ar
1778535001.8534727,1,54,1.605705,198.67,260.177,642.519,1,4,compressed_ring_ar
1778535002.5040038,1,55,1.752894,211.78,143.677,601.36,1,4,compressed_ring_ar
1778535003.2743926,1,56,1.601794,177.55,330.192,717.887,1,4,compressed_ring_ar
1778535003.968633,1,57,1.772359,195.96,138.877,650.994,1,4,compressed_ring_ar
1778535004.6523929,1,58,1.590351,197.93,246.846,645.504,1,4,compressed_ring_ar
1778535005.4380019,1,59,1.644927,178.35,203.798,716.301,1,4,compressed_ring_ar
1778535006.1239364,1,60,1.642727,199.76,204.68,637.817,1,4,compressed_ring_ar
1778535006.8461876,1,61,1.664545,188.63,300.457,675.939,1,4,compressed_ring_ar
1778535007.5953703,1,62,1.64995,183.53,421.114,696.031,1,4,compressed_ring_ar
1778535008.3039753,1,63,1.706074,191.34,279.445,665.934,1,4,compressed_ring_ar
1778535009.0363188,1,64,1.628751,183.8,278.9,695.019,1,4,compressed_ring_ar
1778535009.7124054,1,65,1.671966,203.98,173.31,624.479,1,4,compressed_ring_ar
1778535010.4661784,1,66,1.638547,178.85,413.295,713.291,1,4,compressed_ring_ar
1778535011.3845294,1,67,1.478095,146.14,359.328,874.604,1,4,compressed_ring_ar
1778535012.142314,1,68,1.57657,185.77,200.342,687.683,1,4,compressed_ring_ar
1778535012.8910308,1,69,1.520046,182.36,137.613,700.469,1,4,compressed_ring_ar
1778535013.7083027,1,70,1.497163,166.86,265.26,765.707,1,4,compressed_ring_ar
1778535014.427065,1,71,1.735252,194.42,154.41,656.984,1,4,compressed_ring_ar
1778535015.1399941,1,72,1.645997,194.8,172.797,654.347,1,4,compressed_ring_ar
1778535015.9194307,1,73,1.694677,172.2,398.836,741.994,1,4,compressed_ring_ar
1778535016.6003265,1,74,1.562279,202.17,164.911,630.312,1,4,compressed_ring_ar
1778535017.4754262,1,75,1.52694,153.19,224.426,831.287,1,4,compressed_ring_ar
1778535018.1487505,1,76,1.580956,205.98,144.133,619.123,1,4,compressed_ring_ar
1778535018.8635335,1,77,1.686677,190.12,321.781,671.903,1,4,compressed_ring_ar
1778535019.607048,1,78,1.536295,183.79,255.108,693.398,1,4,compressed_ring_ar
1778535020.309511,1,79,1.556731,192.31,309.055,662.603,1,4,compressed_ring_ar
1778535021.0533576,1,80,1.818091,183.35,241.779,696.215,1,4,compressed_ring_ar
1778535021.776363,1,81,1.548374,187.29,290.735,682.362,1,4,compressed_ring_ar
1778535022.46377,1,82,1.61142,198.21,210.459,643.536,1,4,compressed_ring_ar
1778535023.309342,1,83,1.648883,159.55,155.115,800.787,1,4,compressed_ring_ar
1778535023.9765012,1,84,1.575884,204.43,140.662,624.91,1,4,compressed_ring_ar
1778535024.676778,1,85,1.725695,194.81,206.288,655.7,1,4,compressed_ring_ar
1778535025.4128015,1,86,1.661993,184.61,157.218,690.379,1,4,compressed_ring_ar
1778535026.155761,1,87,1.431904,184.81,168.505,691.213,1,4,compressed_ring_ar
1778535026.8655047,1,88,1.556591,194.46,167.715,656.914,1,4,compressed_ring_ar
1778535027.6131256,1,89,1.633072,185.44,197.459,688.876,1,4,compressed_ring_ar
1778535028.4468434,1,90,1.550715,160.94,327.475,791.453,1,4,compressed_ring_ar
1778535029.1231182,1,91,1.431748,204.0,196.038,625.525,1,4,compressed_ring_ar
1778535029.8688085,1,92,1.563043,181.6,228.85,701.018,1,4,compressed_ring_ar
1778535030.5603807,1,93,1.640141,197.62,197.833,646.268,1,4,compressed_ring_ar
1778535031.2788603,1,94,1.577411,188.12,223.765,679.069,1,4,compressed_ring_ar
1778535031.9827833,1,95,1.507245,194.92,174.68,655.258,1,4,compressed_ring_ar
1778535032.748014,1,96,1.673831,178.55,159.481,715.498,1,4,compressed_ring_ar
1778535033.4313936,1,97,1.58185,130.43,265.293,637.451,1,4,compressed_ring_ar
1778535044.4637282,2,0,1.601223,178.02,174.66,717.843,1,4,compressed_ring_ar
1778535045.3110888,2,1,1.514877,162.06,438.657,786.956,1,4,compressed_ring_ar
1778535046.009424,2,2,1.48159,194.34,315.616,655.435,1,4,compressed_ring_ar
1778535046.7417374,2,3,1.454013,185.93,281.266,684.002,1,4,compressed_ring_ar
1778535047.4071455,2,4,1.46451,205.81,184.075,619.695,1,4,compressed_ring_ar
1778535048.270776,2,5,1.339874,155.06,424.344,824.291,1,4,compressed_ring_ar
1778535048.9847991,2,6,1.490799,191.55,191.63,666.969,1,4,compressed_ring_ar
1778535049.6971326,2,7,1.580171,192.86,146.345,661.709,1,4,compressed_ring_ar
1778535050.3889084,2,8,1.535665,198.32,196.86,644.231,1,4,compressed_ring_ar
1778535051.103166,2,9,1.378475,189.93,200.387,672.569,1,4,compressed_ring_ar
1778535051.887618,2,10,1.389793,175.25,158.132,727.988,1,4,compressed_ring_ar
1778535052.580122,2,11,1.496111,202.32,137.158,631.329,1,4,compressed_ring_ar
1778535053.4206536,2,12,1.369056,165.07,144.526,774.109,1,4,compressed_ring_ar
1778535054.179359,2,13,1.481774,179.23,187.778,712.976,1,4,compressed_ring_ar
1778535054.8641553,2,14,1.382629,204.94,151.983,623.341,1,4,compressed_ring_ar
1778535055.5752938,2,15,1.67691,193.09,171.377,661.601,1,4,compressed_ring_ar
1778535056.3091466,2,16,1.568311,186.06,177.142,683.873,1,4,compressed_ring_ar
1778535056.9953945,2,17,1.35195,201.82,137.233,629.74,1,4,compressed_ring_ar
1778535057.707106,2,18,1.374874,196.99,148.173,648.571,1,4,compressed_ring_ar
1778535058.45278,2,19,1.363598,180.57,216.871,707.438,1,4,compressed_ring_ar
1778535059.1616445,2,20,1.463615,192.63,185.654,662.917,1,4,compressed_ring_ar
1778535059.8812585,2,21,1.482869,187.92,137.853,679.792,1,4,compressed_ring_ar
1778535060.718405,2,22,1.346637,161.25,149.604,789.502,1,4,compressed_ring_ar
1778535061.4003916,2,23,1.40558,201.37,170.259,634.0,1,4,compressed_ring_ar
1778535062.1573398,2,24,1.439927,179.92,231.396,708.359,1,4,compressed_ring_ar
1778535062.8787825,2,25,1.251345,188.52,189.585,677.212,1,4,compressed_ring_ar
1778535063.5884044,2,26,1.516148,192.73,163.637,661.556,1,4,compressed_ring_ar
1778535064.3137286,2,27,1.433994,186.27,268.19,685.775,1,4,compressed_ring_ar
1778535065.052295,2,28,1.537317,184.31,174.481,689.157,1,4,compressed_ring_ar
1778535065.809144,2,29,1.460481,178.31,231.397,716.491,1,4,compressed_ring_ar
1778535066.528633,2,30,1.507211,188.27,227.776,678.495,1,4,compressed_ring_ar
1778535067.2284923,2,31,1.440981,194.78,161.22,655.904,1,4,compressed_ring_ar
1778535067.939073,2,32,1.511924,199.28,147.172,641.108,1,4,compressed_ring_ar
1778535068.6375048,2,33,1.55593,198.34,159.124,643.276,1,4,compressed_ring_ar
1778535069.3207648,2,34,1.351599,200.63,164.902,636.588,1,4,compressed_ring_ar
1778535070.007994,2,35,1.38599,200.16,176.24,638.077,1,4,compressed_ring_ar
1778535070.7563765,2,36,1.421292,183.12,164.364,694.419,1,4,compressed_ring_ar
1778535071.4527996,2,37,1.382657,199.52,182.059,637.315,1,4,compressed_ring_ar
1778535072.206766,2,38,1.379201,179.79,184.116,709.921,1,4,compressed_ring_ar
1778535073.0097609,2,39,1.35623,168.03,330.541,760.182,1,4,compressed_ring_ar
1778535073.7221584,2,40,1.464956,190.42,236.816,668.363,1,4,compressed_ring_ar
1778535074.4823706,2,41,1.327247,180.61,166.442,707.275,1,4,compressed_ring_ar
1778535075.1906297,2,42,1.417112,192.91,170.466,662.207,1,4,compressed_ring_ar
1778535075.895479,2,43,1.452527,193.38,192.142,660.625,1,4,compressed_ring_ar
1778535076.6157103,2,44,1.353855,191.29,163.636,667.037,1,4,compressed_ring_ar
1778535077.339746,2,45,1.213449,189.06,162.532,675.623,1,4,compressed_ring_ar
1778535078.1224818,2,46,1.315631,174.9,242.492,730.568,1,4,compressed_ring_ar
1778535078.8608525,2,47,1.509332,186.88,185.919,683.753,1,4,compressed_ring_ar
1778535079.5736275,2,48,1.443784,193.59,149.471,656.714,1,4,compressed_ring_ar
1778535080.2420113,2,49,1.37656,204.08,161.757,625.875,1,4,compressed_ring_ar
1778535080.989563,2,50,1.48224,182.1,245.786,701.534,1,4,compressed_ring_ar
1778535081.8456907,2,51,1.347625,157.81,301.854,809.773,1,4,compressed_ring_ar
1778535082.5405703,2,52,1.224269,196.5,195.958,649.991,1,4,compressed_ring_ar
1778535083.2257364,2,53,1.392578,205.29,140.523,622.123,1,4,compressed_ring_ar
1778535083.9413612,2,54,1.465645,189.11,206.102,673.038,1,4,compressed_ring_ar
1778535084.7016594,2,55,1.314755,180.01,184.341,709.686,1,4,compressed_ring_ar
1778535085.3839676,2,56,1.348549,202.96,139.77,628.814,1,4,compressed_ring_ar
1778535086.1786685,2,57,1.196922,172.59,281.054,740.087,1,4,compressed_ring_ar
1778535086.95501,2,58,1.429274,175.65,366.638,727.832,1,4,compressed_ring_ar
1778535087.692354,2,59,1.312819,185.6,210.205,688.591,1,4,compressed_ring_ar
1778535088.39241,2,60,1.363479,197.15,171.754,647.829,1,4,compressed_ring_ar
1778535089.0709686,2,61,1.369782,201.47,176.246,632.738,1,4,compressed_ring_ar
1778535089.967674,2,62,1.484739,152.11,604.978,840.18,1,4,compressed_ring_ar
1778535090.7265408,2,63,1.204035,178.34,279.542,716.378,1,4,compressed_ring_ar
1778535091.4655678,2,64,1.30366,184.81,163.259,691.229,1,4,compressed_ring_ar
1778535092.2254431,2,65,1.344248,179.06,229.704,710.762,1,4,compressed_ring_ar
1778535093.006055,2,66,1.522349,174.04,193.345,730.923,1,4,compressed_ring_ar
1778535093.7346444,2,67,1.26151,186.53,305.554,682.178,1,4,compressed_ring_ar
1778535094.42227,2,68,1.185162,201.36,145.559,634.429,1,4,compressed_ring_ar
1778535095.109144,2,69,1.367206,199.23,200.097,640.027,1,4,compressed_ring_ar
1778535095.7906797,2,70,1.312184,199.91,202.085,635.408,1,4,compressed_ring_ar
1778535096.5287323,2,71,1.253593,182.76,279.389,698.955,1,4,compressed_ring_ar
1778535097.39285,2,72,1.384832,155.32,339.626,822.802,1,4,compressed_ring_ar
1778535098.0969949,2,73,1.271474,196.04,136.828,651.764,1,4,compressed_ring_ar
1778535098.8286698,2,74,1.352112,187.31,220.816,682.065,1,4,compressed_ring_ar
1778535099.518407,2,75,1.061094,201.73,145.362,632.146,1,4,compressed_ring_ar
1778535100.2916672,2,76,1.13545,174.81,260.739,729.863,1,4,compressed_ring_ar
1778535101.03435,2,77,1.278252,184.14,250.529,692.07,1,4,compressed_ring_ar
1778535101.7111647,2,78,1.394219,201.43,214.133,632.757,1,4,compressed_ring_ar
1778535102.4770117,2,79,1.307037,177.19,239.872,720.999,1,4,compressed_ring_ar
1778535103.2466938,2,80,1.184324,177.86,157.594,717.589,1,4,compressed_ring_ar
1778535103.9391928,2,81,1.249833,206.65,158.209,617.651,1,4,compressed_ring_ar
1778535104.6379778,2,82,1.113702,195.36,173.55,652.014,1,4,compressed_ring_ar
1778535105.3405192,2,83,1.387429,197.02,134.291,648.704,1,4,compressed_ring_ar
1778535106.1073616,2,84,1.390459,179.49,208.5,711.78,1,4,compressed_ring_ar
1778535106.8537395,2,85,1.289982,183.53,151.275,696.194,1,4,compressed_ring_ar
1778535107.5663772,2,86,1.246086,193.39,154.15,660.422,1,4,compressed_ring_ar
1778535108.335944,2,87,1.386912,177.76,136.123,716.773,1,4,compressed_ring_ar
1778535109.0497947,2,88,1.305247,191.09,271.416,667.373,1,4,compressed_ring_ar
1778535109.7687345,2,89,1.416554,190.1,268.711,668.943,1,4,compressed_ring_ar
1778535110.4818566,2,90,1.25054,190.27,197.671,671.758,1,4,compressed_ring_ar
1778535111.2191038,2,91,1.291891,187.48,150.916,677.736,1,4,compressed_ring_ar
1778535111.9459248,2,92,1.320935,191.17,176.494,667.894,1,4,compressed_ring_ar
1778535112.6954365,2,93,1.248525,182.57,246.195,698.799,1,4,compressed_ring_ar
1778535113.461177,2,94,1.383705,183.25,224.0,695.437,1,4,compressed_ring_ar
1778535114.3117313,2,95,1.12299,160.13,148.018,797.964,1,4,compressed_ring_ar
1778535115.0415254,2,96,1.305717,185.43,240.01,685.342,1,4,compressed_ring_ar
1778535115.6500685,2,97,1.294129,144.28,229.603,575.315,1,4,compressed_ring_ar
1778535126.75676,3,0,1.283823,154.18,358.337,827.059,1,4,compressed_ring_ar
1778535127.558198,3,1,1.222205,167.69,327.433,761.949,1,4,compressed_ring_ar
1778535128.2556217,3,2,1.253304,197.63,136.135,646.305,1,4,compressed_ring_ar
1778535129.0761774,3,3,1.147013,163.15,375.365,782.074,1,4,compressed_ring_ar
1778535129.7689178,3,4,1.390097,197.4,194.407,646.968,1,4,compressed_ring_ar
1778535130.4888399,3,5,1.237282,195.2,160.755,652.246,1,4,compressed_ring_ar
1778535131.2244682,3,6,1.182989,183.88,406.198,692.799,1,4,compressed_ring_ar
1778535131.9677794,3,7,1.546501,180.9,286.507,706.182,1,4,compressed_ring_ar
1778535132.644127,3,8,1.23356,203.46,140.427,627.679,1,4,compressed_ring_ar
1778535133.394396,3,9,1.306156,181.64,216.033,703.431,1,4,compressed_ring_ar
1778535134.0967,3,10,1.209287,196.28,154.382,648.535,1,4,compressed_ring_ar
1778535134.8676138,3,11,1.229947,176.02,398.998,723.254,1,4,compressed_ring_ar
1778535135.6894877,3,12,1.192787,164.56,228.24,776.655,1,4,compressed_ring_ar
1778535136.3564,3,13,1.188487,204.3,156.193,623.398,1,4,compressed_ring_ar
1778535137.1530726,3,14,1.24104,169.68,364.672,750.505,1,4,compressed_ring_ar
1778535138.01472,3,15,1.107998,158.23,141.247,804.46,1,4,compressed_ring_ar
1778535138.7408893,3,16,1.29937,187.88,217.901,680.283,1,4,compressed_ring_ar
1778535139.5202742,3,17,1.417358,173.15,238.078,735.25,1,4,compressed_ring_ar
1778535140.2282465,3,18,1.236029,191.54,221.634,665.15,1,4,compressed_ring_ar
1778535141.0524583,3,19,1.336141,164.5,388.186,776.746,1,4,compressed_ring_ar
1778535141.8275342,3,20,1.322249,174.97,177.695,730.182,1,4,compressed_ring_ar
1778535142.556036,3,21,1.319025,191.89,162.097,665.626,1,4,compressed_ring_ar
1778535143.246858,3,22,1.247721,198.09,154.542,644.809,1,4,compressed_ring_ar
1778535144.0134015,3,23,1.135262,176.03,235.96,725.936,1,4,compressed_ring_ar
1778535144.7520015,3,24,1.31047,185.44,139.204,686.551,1,4,compressed_ring_ar
1778535145.4634938,3,25,1.09368,197.22,136.027,647.817,1,4,compressed_ring_ar
1778535146.166341,3,26,1.08489,192.29,214.184,662.84,1,4,compressed_ring_ar
1778535146.9279342,3,27,1.298612,182.61,339.579,699.589,1,4,compressed_ring_ar
1778535147.6726015,3,28,1.244927,184.27,167.217,692.162,1,4,compressed_ring_ar
1778535148.4557793,3,29,1.178488,171.45,336.273,741.799,1,4,compressed_ring_ar
1778535149.1867194,3,30,1.320052,186.61,130.805,684.642,1,4,compressed_ring_ar
1778535149.929348,3,31,1.214475,182.98,198.148,695.679,1,4,compressed_ring_ar
1778535150.6619692,3,32,1.260416,185.98,167.574,686.829,1,4,compressed_ring_ar
1778535151.3548145,3,33,1.263726,201.89,136.315,630.663,1,4,compressed_ring_ar
1778535152.2036006,3,34,1.191412,160.01,443.08,797.268,1,4,compressed_ring_ar
1778535152.900323,3,35,1.169861,196.73,215.413,647.78,1,4,compressed_ring_ar
1778535153.7103167,3,36,1.122682,168.92,423.677,756.316,1,4,compressed_ring_ar
1778535154.4221945,3,37,1.319081,192.42,146.588,663.94,1,4,compressed_ring_ar
1778535155.1502807,3,38,1.060967,188.58,157.756,675.862,1,4,compressed_ring_ar
1778535155.9066617,3,39,1.390255,181.18,313.124,704.086,1,4,compressed_ring_ar
1778535156.6332319,3,40,1.095724,186.97,193.229,683.264,1,4,compressed_ring_ar
1778535157.420394,3,41,1.315671,173.33,218.84,735.329,1,4,compressed_ring_ar
1778535158.128853,3,42,1.206688,191.71,278.492,664.866,1,4,compressed_ring_ar
1778535158.8798287,3,43,1.212985,183.35,251.673,695.04,1,4,compressed_ring_ar
1778535159.5771716,3,44,1.179058,195.28,217.357,652.107,1,4,compressed_ring_ar
1778535160.379903,3,45,1.236357,167.36,454.491,763.519,1,4,compressed_ring_ar
1778535161.2003307,3,46,1.12039,165.24,147.405,772.116,1,4,compressed_ring_ar
1778535161.9264736,3,47,1.135839,189.36,305.65,674.755,1,4,compressed_ring_ar
1778535162.6111975,3,48,1.323497,200.28,195.134,635.784,1,4,compressed_ring_ar
1778535163.3587863,3,49,1.266661,181.3,347.307,701.923,1,4,compressed_ring_ar
1778535164.1190062,3,50,1.214192,182.76,137.848,697.518,1,4,compressed_ring_ar
1778535164.888766,3,51,1.213966,177.52,281.327,719.629,1,4,compressed_ring_ar
1778535165.6216023,3,52,1.160517,189.7,137.649,673.327,1,4,compressed_ring_ar
1778535166.3052006,3,53,1.227531,202.07,149.031,630.092,1,4,compressed_ring_ar
1778535167.007397,3,54,1.217355,196.75,271.325,647.581,1,4,compressed_ring_ar
1778535167.7400029,3,55,1.251657,186.76,390.516,683.977,1,4,compressed_ring_ar
1778535168.5425274,3,56,1.146273,167.78,269.54,760.954,1,4,compressed_ring_ar
1778535169.2776012,3,57,1.055345,186.7,191.106,681.269,1,4,compressed_ring_ar
1778535170.0057416,3,58,1.356473,188.81,158.744,676.589,1,4,compressed_ring_ar
1778535170.7137039,3,59,1.064794,196.9,159.579,647.159,1,4,compressed_ring_ar
1778535171.4657688,3,60,1.205472,183.07,356.961,696.801,1,4,compressed_ring_ar
1778535172.2480614,3,61,1.232238,173.55,331.368,736.237,1,4,compressed_ring_ar
1778535173.2134693,3,62,1.183654,142.16,168.187,899.198,1,4,compressed_ring_ar
1778535173.896904,3,63,1.052181,202.65,138.692,630.22,1,4,compressed_ring_ar
1778535174.6550643,3,64,1.211925,177.95,229.151,718.03,1,4,compressed_ring_ar
1778535175.4091268,3,65,1.357062,181.42,212.094,704.253,1,4,compressed_ring_ar
1778535176.1315475,3,66,1.019386,189.35,143.434,674.578,1,4,compressed_ring_ar
1778535176.847637,3,67,1.162759,189.24,203.163,673.727,1,4,compressed_ring_ar
1778535177.5783305,3,68,1.219036,185.3,136.063,687.836,1,4,compressed_ring_ar
1778535178.380548,3,69,0.975727,168.38,369.876,758.901,1,4,compressed_ring_ar
1778535179.1543715,3,70,1.239992,178.93,135.047,714.066,1,4,compressed_ring_ar
1778535180.0015068,3,71,1.073888,162.62,183.84,785.766,1,4,compressed_ring_ar
1778535180.6752892,3,72,1.163972,208.75,145.456,609.046,1,4,compressed_ring_ar
1778535181.3647482,3,73,1.278466,197.28,184.179,646.108,1,4,compressed_ring_ar
1778535182.1087608,3,74,1.238189,186.05,287.128,685.696,1,4,compressed_ring_ar
1778535182.8616982,3,75,1.299638,179.55,295.659,712.05,1,4,compressed_ring_ar
1778535183.6748962,3,76,1.186459,167.67,152.84,761.94,1,4,compressed_ring_ar
1778535184.4046996,3,77,1.007153,190.17,142.55,671.711,1,4,compressed_ring_ar
1778535185.149512,3,78,1.453038,183.62,137.747,693.565,1,4,compressed_ring_ar
1778535185.8640423,3,79,1.132886,193.69,239.475,658.465,1,4,compressed_ring_ar
1778535186.630346,3,80,1.025204,176.3,380.178,724.698,1,4,compressed_ring_ar
1778535187.4240155,3,81,1.112126,170.09,261.561,751.142,1,4,compressed_ring_ar
1778535188.1554596,3,82,1.20101,187.0,204.222,683.113,1,4,compressed_ring_ar
1778535188.8933754,3,83,1.189532,182.91,252.989,696.31,1,4,compressed_ring_ar
1778535189.6147466,3,84,1.273384,191.6,269.138,666.032,1,4,compressed_ring_ar
1778535190.373803,3,85,1.202915,178.6,269.58,715.383,1,4,compressed_ring_ar
1778535191.0436516,3,86,1.243409,206.98,164.105,615.327,1,4,compressed_ring_ar
1778535191.8218548,3,87,1.046837,173.03,464.397,735.442,1,4,compressed_ring_ar
1778535192.5442855,3,88,1.057031,186.95,206.511,683.279,1,4,compressed_ring_ar
1778535193.3024461,3,89,1.122686,178.66,138.259,713.978,1,4,compressed_ring_ar
1778535194.0582623,3,90,1.10217,180.09,315.832,707.589,1,4,compressed_ring_ar
1778535194.8161366,3,91,1.033113,179.29,401.865,712.577,1,4,compressed_ring_ar
1778535195.5086448,3,92,1.133937,197.17,209.277,646.06,1,4,compressed_ring_ar
1778535196.2725813,3,93,1.208455,178.57,448.498,714.575,1,4,compressed_ring_ar
1778535196.9900043,3,94,1.008359,192.88,208.203,660.13,1,4,compressed_ring_ar
1778535197.763542,3,95,0.924574,174.66,421.456,730.854,1,4,compressed_ring_ar
1778535198.5352316,3,96,1.124331,178.38,214.874,713.376,1,4,compressed_ring_ar
1778535199.2155852,3,97,1.205354,128.73,304.396,644.562,1,4,compressed_ring_ar
1778535210.253317,4,0,1.159039,157.26,334.49,810.829,1,4,compressed_ring_ar
1778535211.0068004,4,1,1.115366,181.82,350.738,702.587,1,4,compressed_ring_ar
1778535211.7180576,4,2,0.912534,191.57,185.55,666.734,1,4,compressed_ring_ar
1778535212.417144,4,3,1.231898,195.61,167.47,652.829,1,4,compressed_ring_ar
1778535213.1881745,4,4,1.1206,177.29,156.328,720.526,1,4,compressed_ring_ar
1778535213.901175,4,5,1.093899,190.73,174.204,668.499,1,4,compressed_ring_ar
1778535214.6491592,4,6,1.031968,182.02,374.331,699.673,1,4,compressed_ring_ar
1778535215.4125369,4,7,1.152662,177.92,291.487,717.995,1,4,compressed_ring_ar
1778535216.098721,4,8,1.263152,198.48,191.381,643.06,1,4,compressed_ring_ar
1778535216.8086588,4,9,1.06244,193.24,216.444,660.088,1,4,compressed_ring_ar
1778535217.5858138,4,10,1.03296,177.02,364.358,721.736,1,4,compressed_ring_ar
1778535218.3141336,4,11,0.972696,192.84,204.862,662.401,1,4,compressed_ring_ar
1778535219.040848,4,12,1.279913,190.21,179.36,668.695,1,4,compressed_ring_ar
1778535219.7316225,4,13,1.001795,195.91,176.76,650.571,1,4,compressed_ring_ar
1778535220.447444,4,14,1.003356,189.68,274.754,672.225,1,4,compressed_ring_ar
1778535221.2325406,4,15,1.158217,174.65,265.433,729.848,1,4,compressed_ring_ar
1778535221.9439387,4,16,1.01831,192.46,148.107,662.696,1,4,compressed_ring_ar
1778535222.7118866,4,17,1.125004,177.34,222.93,720.69,1,4,compressed_ring_ar
1778535223.4099758,4,18,1.203634,200.53,166.395,635.905,1,4,compressed_ring_ar
1778535224.1256988,4,19,1.120887,190.35,205.287,671.061,1,4,compressed_ring_ar
1778535224.8411834,4,20,0.997762,190.7,161.691,667.873,1,4,compressed_ring_ar
1778535225.6017506,4,21,1.074723,181.56,228.933,703.62,1,4,compressed_ring_ar
1778535226.3178296,4,22,1.01731,189.31,168.53,672.49,1,4,compressed_ring_ar
1778535227.0359535,4,23,1.133011,188.19,225.955,678.519,1,4,compressed_ring_ar
1778535227.7658207,4,24,1.029719,184.63,293.987,690.611,1,4,compressed_ring_ar
1778535228.486475,4,25,1.030199,188.87,203.976,675.316,1,4,compressed_ring_ar
1778535229.3085191,4,26,0.996586,163.2,295.845,782.664,1,4,compressed_ring_ar
1778535230.0474749,4,27,1.126233,184.2,142.601,693.502,1,4,compressed_ring_ar
1778535230.845777,4,28,0.983397,172.79,180.022,739.232,1,4,compressed_ring_ar
1778535231.6341374,4,29,0.995426,170.49,232.318,749.481,1,4,compressed_ring_ar
1778535232.375869,4,30,1.049469,183.45,228.903,696.349,1,4,compressed_ring_ar
1778535233.1283274,4,31,0.959327,182.26,181.394,699.33,1,4,compressed_ring_ar
1778535233.8503506,4,32,1.263547,187.84,270.848,678.141,1,4,compressed_ring_ar
1778535234.558448,4,33,1.039199,193.56,159.939,658.406,1,4,compressed_ring_ar
1778535235.2986174,4,34,1.038898,183.52,365.756,695.369,1,4,compressed_ring_ar
1778535235.9951053,4,35,1.026599,195.69,180.439,651.164,1,4,compressed_ring_ar
1778535236.6828923,4,36,1.024241,198.02,215.824,643.417,1,4,compressed_ring_ar
1778535237.4792285,4,37,0.906535,169.35,391.979,750.133,1,4,compressed_ring_ar
1778535238.3148437,4,38,1.179156,163.72,161.736,779.262,1,4,compressed_ring_ar
1778535239.0399277,4,39,1.079362,187.53,212.888,678.804,1,4,compressed_ring_ar
1778535239.7453477,4,40,1.098277,194.63,167.11,654.742,1,4,compressed_ring_ar
1778535240.4733794,4,41,0.956873,186.05,229.348,686.631,1,4,compressed_ring_ar
1778535241.1608934,4,42,0.938661,200.9,152.99,635.808,1,4,compressed_ring_ar
1778535241.8794498,4,43,1.040126,188.65,218.111,677.29,1,4,compressed_ring_ar
1778535242.6979048,4,44,1.235366,165.18,317.026,772.278,1,4,compressed_ring_ar
1778535243.445812,4,45,1.003034,187.94,319.523,676.933,1,4,compressed_ring_ar
1778535244.1263788,4,46,1.180462,200.81,209.079,635.566,1,4,compressed_ring_ar
1778535244.9193153,4,47,1.041945,171.56,312.581,744.34,1,4,compressed_ring_ar
1778535245.6732845,4,48,0.999184,179.31,188.215,712.475,1,4,compressed_ring_ar
1778535246.3717163,4,49,0.968706,196.37,184.658,650.566,1,4,compressed_ring_ar
1778535247.095673,4,50,1.176211,190.21,143.336,672.065,1,4,compressed_ring_ar
1778535247.8009338,4,51,1.035809,194.06,204.357,658.144,1,4,compressed_ring_ar
1778535248.4655843,4,52,0.933116,212.62,131.276,599.11,1,4,compressed_ring_ar
1778535249.2129092,4,53,1.036301,180.88,247.935,705.617,1,4,compressed_ring_ar
1778535249.9821765,4,54,0.954041,175.03,239.881,725.902,1,4,compressed_ring_ar
1778535250.6891239,4,55,1.111955,194.78,195.582,654.094,1,4,compressed_ring_ar
1778535251.433044,4,56,0.881282,183.1,230.635,695.721,1,4,compressed_ring_ar
1778535252.204043,4,57,0.979003,177.06,145.409,719.337,1,4,compressed_ring_ar
1778535252.955137,4,58,1.002553,180.8,165.903,703.683,1,4,compressed_ring_ar
1778535253.7160616,4,59,0.892064,181.13,146.345,703.9,1,4,compressed_ring_ar
1778535254.4306412,4,60,1.095109,190.2,209.568,671.61,1,4,compressed_ring_ar
1778535255.1485906,4,61,0.981372,192.59,135.41,662.399,1,4,compressed_ring_ar
1778535255.877048,4,62,1.055921,187.12,207.284,681.003,1,4,compressed_ring_ar
1778535256.5820541,4,63,0.977714,194.83,159.002,653.796,1,4,compressed_ring_ar
1778535257.3430336,4,64,1.051529,177.04,242.55,719.827,1,4,compressed_ring_ar
1778535258.068799,4,65,0.984529,188.1,189.813,677.719,1,4,compressed_ring_ar
1778535258.811004,4,66,1.029788,182.07,368.367,701.346,1,4,compressed_ring_ar
1778535259.548223,4,67,1.027153,185.49,221.552,688.893,1,4,compressed_ring_ar
1778535260.374949,4,68,1.150394,162.28,316.531,786.817,1,4,compressed_ring_ar
1778535261.0853744,4,69,1.207198,190.05,259.19,668.595,1,4,compressed_ring_ar
1778535261.8457909,4,70,1.043439,176.7,245.744,721.455,1,4,compressed_ring_ar
1778535262.573145,4,71,1.036349,187.03,204.725,681.725,1,4,compressed_ring_ar
1778535263.3570375,4,72,0.986376,172.29,337.438,740.102,1,4,compressed_ring_ar
1778535264.1133437,4,73,1.108693,179.4,297.64,710.918,1,4,compressed_ring_ar
1778535264.8663132,4,74,1.052537,181.66,275.826,701.98,1,4,compressed_ring_ar
1778535265.5828302,4,75,1.105531,191.12,208.609,668.462,1,4,compressed_ring_ar
1778535266.3053617,4,76,0.971154,187.9,161.592,678.277,1,4,compressed_ring_ar
1778535267.0590568,4,77,0.986927,180.96,308.007,705.976,1,4,compressed_ring_ar
1778535267.8653967,4,78,1.13327,167.37,161.4,763.4,1,4,compressed_ring_ar
1778535268.5620465,4,79,1.190309,202.54,137.419,629.884,1,4,compressed_ring_ar
1778535269.3169916,4,80,0.938936,179.55,132.314,710.144,1,4,compressed_ring_ar
1778535270.0560093,4,81,0.967688,183.12,391.812,695.928,1,4,compressed_ring_ar
1778535270.7883003,4,82,0.957538,184.66,305.918,691.901,1,4,compressed_ring_ar
1778535271.5728176,4,83,0.988668,171.47,308.518,745.161,1,4,compressed_ring_ar
1778535272.2475002,4,84,1.061875,201.28,147.397,634.205,1,4,compressed_ring_ar
1778535272.9887888,4,85,0.957301,181.18,330.783,703.633,1,4,compressed_ring_ar
1778535273.7522707,4,86,0.963515,177.64,278.153,718.33,1,4,compressed_ring_ar
1778535274.5534976,4,87,0.98976,168.9,273.79,756.887,1,4,compressed_ring_ar
1778535275.2116783,4,88,1.089224,213.84,129.809,596.021,1,4,compressed_ring_ar
1778535276.033869,4,89,0.921453,169.01,229.229,751.87,1,4,compressed_ring_ar
1778535276.7892282,4,90,0.92439,178.72,229.155,712.518,1,4,compressed_ring_ar
1778535277.5222461,4,91,0.810602,185.71,215.537,687.859,1,4,compressed_ring_ar
1778535278.2379441,4,92,0.87525,190.49,143.596,670.587,1,4,compressed_ring_ar
1778535279.0195227,4,93,1.044514,173.15,145.382,737.851,1,4,compressed_ring_ar
1778535279.7567396,4,94,1.056439,189.25,145.139,674.889,1,4,compressed_ring_ar
1778535280.5107234,4,95,0.967369,179.38,220.843,712.348,1,4,compressed_ring_ar
1778535281.2260084,4,96,0.955117,192.63,136.365,661.445,1,4,compressed_ring_ar
1778535281.8387496,4,97,0.834996,147.36,176.185,560.202,1,4,compressed_ring_ar
1778535293.0195513,5,0,0.939996,177.4,216.124,717.314,1,4,compressed_ring_ar
1778535293.768038,5,1,0.977086,182.91,291.989,698.412,1,4,compressed_ring_ar
1778535294.5146718,5,2,0.786009,184.78,162.844,690.441,1,4,compressed_ring_ar
1778535295.283558,5,3,0.894915,179.39,214.364,711.245,1,4,compressed_ring_ar
1778535296.0072732,5,4,0.926078,188.53,286.682,677.575,1,4,compressed_ring_ar
1778535296.7471688,5,5,0.92497,185.07,206.767,690.559,1,4,compressed_ring_ar
1778535297.515696,5,6,0.900928,176.02,197.604,724.12,1,4,compressed_ring_ar
1778535298.2636535,5,7,1.056744,184.42,160.352,692.651,1,4,compressed_ring_ar
1778535298.926819,5,8,1.029966,207.73,167.441,613.821,1,4,compressed_ring_ar
1778535299.6255264,5,9,0.963176,195.84,214.665,652.566,1,4,compressed_ring_ar
1778535300.4021266,5,10,0.979915,173.93,282.238,734.701,1,4,compressed_ring_ar
1778535301.2726722,5,11,0.924866,153.68,423.648,830.751,1,4,compressed_ring_ar
1778535302.0208004,5,12,1.006984,183.15,155.474,697.53,1,4,compressed_ring_ar
1778535302.7387362,5,13,1.152122,192.05,143.852,664.706,1,4,compressed_ring_ar
1778535303.3932111,5,14,0.935534,216.51,164.618,590.408,1,4,compressed_ring_ar
1778535304.2652307,5,15,1.006295,154.68,314.789,824.54,1,4,compressed_ring_ar
1778535304.9487858,5,16,0.866583,205.6,133.161,619.485,1,4,compressed_ring_ar
1778535305.6687489,5,17,0.906141,189.26,231.099,673.185,1,4,compressed_ring_ar
1778535306.4108155,5,18,0.982991,182.14,290.645,698.839,1,4,compressed_ring_ar
1778535307.1465907,5,19,1.012515,184.13,288.592,690.667,1,4,compressed_ring_ar
1778535307.8712358,5,20,0.878415,191.25,132.232,665.461,1,4,compressed_ring_ar
1778535308.5542872,5,21,0.790017,199.09,157.745,638.348,1,4,compressed_ring_ar
1778535309.3028977,5,22,0.834717,184.72,152.095,691.49,1,4,compressed_ring_ar
1778535310.0430589,5,23,0.878098,183.99,182.654,692.343,1,4,compressed_ring_ar
1778535310.7715948,5,24,0.878499,185.9,322.087,685.346,1,4,compressed_ring_ar
1778535311.5501332,5,25,1.049826,173.79,387.931,733.701,1,4,compressed_ring_ar
1778535312.2934122,5,26,0.839725,181.06,215.974,704.746,1,4,compressed_ring_ar
1778535313.2307382,5,27,0.878886,142.51,414.01,897.22,1,4,compressed_ring_ar
1778535314.00869,5,28,0.980393,182.14,153.08,702.221,1,4,compressed_ring_ar
1778535314.6844506,5,29,0.850821,208.95,130.785,610.425,1,4,compressed_ring_ar
1778535315.493161,5,30,0.788479,167.08,332.256,764.767,1,4,compressed_ring_ar
1778535316.2405543,5,31,0.923964,182.16,146.529,701.275,1,4,compressed_ring_ar
1778535316.9764414,5,32,0.87204,188.75,142.878,676.738,1,4,compressed_ring_ar
1778535317.6905332,5,33,0.828085,193.1,169.79,661.459,1,4,compressed_ring_ar
1778535318.4355125,5,34,0.905477,183.96,176.431,691.514,1,4,compressed_ring_ar
1778535319.180025,5,35,1.069005,182.96,149.113,695.638,1,4,compressed_ring_ar
1778535319.9071314,5,36,0.766387,187.31,249.361,680.781,1,4,compressed_ring_ar
1778535320.6036105,5,37,1.1081,198.82,162.842,641.588,1,4,compressed_ring_ar
1778535321.3404932,5,38,0.994993,184.16,253.585,693.618,1,4,compressed_ring_ar
1778535322.0882628,5,39,0.805001,184.9,140.928,689.696,1,4,compressed_ring_ar
1778535322.8035011,5,40,1.072181,190.75,162.425,667.886,1,4,compressed_ring_ar
1778535323.5706189,5,41,0.87737,181.42,411.618,704.253,1,4,compressed_ring_ar
1778535324.3333886,5,42,0.867285,178.03,251.83,717.58,1,4,compressed_ring_ar
1778535325.0400097,5,43,0.815465,193.63,174.907,659.753,1,4,compressed_ring_ar
1778535325.806716,5,44,0.988326,178.01,139.914,714.263,1,4,compressed_ring_ar
1778535326.5056925,5,45,0.911446,196.45,209.894,648.287,1,4,compressed_ring_ar
1778535327.2710788,5,46,0.944536,177.31,362.684,720.542,1,4,compressed_ring_ar
1778535328.0969367,5,47,0.89577,166.87,183.62,765.952,1,4,compressed_ring_ar
1778535328.8235645,5,48,0.878826,189.56,172.865,672.399,1,4,compressed_ring_ar
1778535329.5276194,5,49,1.139906,196.38,260.622,648.593,1,4,compressed_ring_ar
1778535330.3156638,5,50,1.089145,170.83,432.641,747.942,1,4,compressed_ring_ar
1778535331.0653334,5,51,1.048208,181.52,198.631,703.772,1,4,compressed_ring_ar
1778535331.7789621,5,52,0.897532,191.7,140.047,666.363,1,4,compressed_ring_ar
1778535332.5682364,5,53,0.986475,171.16,292.636,746.0,1,4,compressed_ring_ar
1778535333.3343346,5,54,0.787098,181.74,208.355,703.105,1,4,compressed_ring_ar
1778535334.0178714,5,55,0.860122,203.21,131.849,626.621,1,4,compressed_ring_ar
1778535334.7530491,5,56,0.890761,183.85,270.457,693.032,1,4,compressed_ring_ar
1778535335.4302077,5,57,0.9849,205.8,161.32,619.299,1,4,compressed_ring_ar
1778535336.1993563,5,58,0.728681,176.65,289.177,720.061,1,4,compressed_ring_ar
1778535336.8846967,5,59,0.885958,203.89,137.661,624.766,1,4,compressed_ring_ar
1778535337.597168,5,60,1.125267,193.39,162.58,658.965,1,4,compressed_ring_ar
1778535338.4101536,5,61,0.905133,165.28,376.978,769.964,1,4,compressed_ring_ar
1778535339.1646101,5,62,1.023126,180.05,280.26,707.49,1,4,compressed_ring_ar
1778535339.9426045,5,63,0.995428,175.29,408.602,726.721,1,4,compressed_ring_ar
1778535340.7476523,5,64,1.012471,170.57,338.341,747.801,1,4,compressed_ring_ar
1778535341.45835,5,65,0.944158,191.14,203.37,668.314,1,4,compressed_ring_ar
1778535342.235675,5,66,1.059779,174.1,228.369,733.837,1,4,compressed_ring_ar
1778535342.951498,5,67,0.711991,192.26,156.942,664.263,1,4,compressed_ring_ar
1778535343.6224396,5,68,0.859359,200.97,202.681,634.102,1,4,compressed_ring_ar
1778535344.423336,5,69,0.937865,168.22,390.698,759.426,1,4,compressed_ring_ar
1778535345.1938357,5,70,0.894535,176.18,234.314,723.493,1,4,compressed_ring_ar
1778535345.9101474,5,71,1.085743,189.25,201.006,674.95,1,4,compressed_ring_ar
1778535346.644959,5,72,1.026728,183.93,168.911,693.285,1,4,compressed_ring_ar
1778535347.373013,5,73,1.110493,187.15,172.566,682.534,1,4,compressed_ring_ar
1778535348.0500245,5,74,0.842931,202.1,159.54,631.144,1,4,compressed_ring_ar
1778535348.7565072,5,75,0.947844,191.72,256.431,664.791,1,4,compressed_ring_ar
1778535349.5563521,5,76,1.014176,169.21,292.987,754.537,1,4,compressed_ring_ar
1778535350.2389936,5,77,1.082326,204.35,146.242,623.856,1,4,compressed_ring_ar
1778535351.0008798,5,78,0.830556,182.6,322.994,699.5,1,4,compressed_ring_ar
1778535351.928313,5,79,0.984949,146.98,377.711,869.494,1,4,compressed_ring_ar
1778535352.9922009,5,80,0.898048,127.92,295.487,997.707,1,4,compressed_ring_ar
1778535353.706536,5,81,0.770991,191.24,206.663,664.248,1,4,compressed_ring_ar
1778535354.4955308,5,82,0.896508,172.31,307.128,740.79,1,4,compressed_ring_ar
1778535355.2649162,5,83,1.004412,175.8,241.498,726.611,1,4,compressed_ring_ar
1778535355.9861372,5,84,1.081035,191.17,169.117,666.261,1,4,compressed_ring_ar
1778535356.7423005,5,85,0.947415,179.46,225.967,711.942,1,4,compressed_ring_ar
1778535357.483511,5,86,0.880697,183.9,146.088,693.476,1,4,compressed_ring_ar
1778535358.16847,5,87,0.790816,198.2,194.148,643.906,1,4,compressed_ring_ar
1778535358.8951733,5,88,0.752337,186.75,247.523,683.95,1,4,compressed_ring_ar
1778535359.6304288,5,89,1.035155,182.98,214.518,697.357,1,4,compressed_ring_ar
1778535360.5035634,5,90,1.020867,156.43,155.539,816.826,1,4,compressed_ring_ar
1778535361.279486,5,91,0.973164,174.59,206.333,727.888,1,4,compressed_ring_ar
1778535362.1332252,5,92,0.939376,157.62,296.737,809.242,1,4,compressed_ring_ar
1778535362.899304,5,93,0.949799,180.48,334.481,706.773,1,4,compressed_ring_ar
1778535363.6042109,5,94,0.814904,195.91,295.215,650.296,1,4,compressed_ring_ar
1778535364.34382,5,95,0.930897,182.48,349.51,698.962,1,4,compressed_ring_ar
1778535365.0898812,5,96,0.719672,181.21,410.206,703.587,1,4,compressed_ring_ar
1778535365.7153175,5,97,0.890759,140.0,264.886,593.87,1,4,compressed_ring_ar
1778535377.1625304,6,0,0.623101,177.17,298.383,720.946,1,4,compressed_ring_ar
1778535377.934929,6,1,0.78191,175.47,267.93,728.273,1,4,compressed_ring_ar
1778535378.719789,6,2,0.959361,177.61,146.839,719.281,1,4,compressed_ring_ar
1778535379.3941102,6,3,0.853762,201.16,174.297,633.797,1,4,compressed_ring_ar
1778535380.1128225,6,4,0.729506,190.1,194.859,670.616,1,4,compressed_ring_ar
1778535380.8396676,6,5,0.844457,190.54,171.935,670.449,1,4,compressed_ring_ar
1778535381.6091003,6,6,0.899824,178.71,179.691,712.993,1,4,compressed_ring_ar
1778535382.315482,6,7,0.713694,197.45,135.258,646.208,1,4,compressed_ring_ar
1778535383.1074138,6,8,0.823436,171.97,157.601,742.919,1,4,compressed_ring_ar
1778535383.7976801,6,9,0.84215,200.12,138.569,635.024,1,4,compressed_ring_ar
1778535384.5549786,6,10,0.904237,178.23,243.999,712.585,1,4,compressed_ring_ar
1778535385.3095953,6,11,0.827625,181.11,250.599,701.968,1,4,compressed_ring_ar
1778535386.0328228,6,12,0.864064,187.9,171.296,678.57,1,4,compressed_ring_ar
1778535386.8844695,6,13,0.753841,162.77,360.553,785.17,1,4,compressed_ring_ar
1778535387.5806541,6,14,0.79138,199.37,157.794,639.234,1,4,compressed_ring_ar
1778535388.3656895,6,15,0.81694,174.9,264.092,727.427,1,4,compressed_ring_ar
1778535389.125004,6,16,0.824467,179.29,142.951,712.491,1,4,compressed_ring_ar
1778535389.8497074,6,17,0.952047,186.3,169.424,684.27,1,4,compressed_ring_ar
1778535390.6141548,6,18,0.852453,176.68,357.802,723.076,1,4,compressed_ring_ar
1778535391.3253653,6,19,0.703102,193.13,175.48,661.37,1,4,compressed_ring_ar
1778535392.188342,6,20,0.720968,155.87,152.807,819.889,1,4,compressed_ring_ar
1778535392.9279375,6,21,0.763024,185.33,161.011,688.461,1,4,compressed_ring_ar
1778535393.6421177,6,22,0.845399,195.38,189.763,653.74,1,4,compressed_ring_ar
1778535394.3859522,6,23,0.962081,182.64,194.38,698.55,1,4,compressed_ring_ar
1778535395.169736,6,24,0.851472,171.28,319.972,745.894,1,4,compressed_ring_ar
1778535395.8809624,6,25,0.823247,193.41,185.006,660.539,1,4,compressed_ring_ar
1778535396.6518376,6,26,0.806235,177.35,132.365,717.281,1,4,compressed_ring_ar
1778535397.3431618,6,27,0.881072,196.87,169.093,648.581,1,4,compressed_ring_ar
1778535398.0442789,6,28,0.806333,194.54,194.087,653.202,1,4,compressed_ring_ar
1778535398.7667027,6,29,0.927946,186.68,262.227,682.773,1,4,compressed_ring_ar
1778535399.5176055,6,30,0.733252,185.37,206.001,689.145,1,4,compressed_ring_ar
1778535400.2232118,6,31,0.857729,195.17,135.143,653.141,1,4,compressed_ring_ar
1778535401.0585277,6,32,0.792675,160.79,368.682,793.947,1,4,compressed_ring_ar
1778535401.7852924,6,33,0.968813,187.42,222.49,678.704,1,4,compressed_ring_ar
1778535402.503895,6,34,0.788543,190.26,200.936,671.368,1,4,compressed_ring_ar
1778535403.2717907,6,35,0.939508,175.55,232.4,724.682,1,4,compressed_ring_ar
1778535404.0324008,6,36,0.989412,186.49,149.707,684.253,1,4,compressed_ring_ar
1778535404.7185445,6,37,0.88872,197.6,189.136,646.385,1,4,compressed_ring_ar
1778535405.4337332,6,38,0.826709,197.49,183.568,646.769,1,4,compressed_ring_ar
1778535406.155067,6,39,0.967214,194.28,139.54,657.387,1,4,compressed_ring_ar
1778535406.8899987,6,40,1.059172,183.95,196.784,691.972,1,4,compressed_ring_ar
1778535407.6089678,6,41,0.822909,191.2,194.011,667.233,1,4,compressed_ring_ar
1778535408.373937,6,42,0.878576,183.66,150.586,695.732,1,4,compressed_ring_ar
1778535409.1338608,6,43,0.934334,178.58,172.904,714.501,1,4,compressed_ring_ar
1778535409.8796,6,44,1.013709,185.33,132.776,689.311,1,4,compressed_ring_ar
1778535410.562605,6,45,0.72284,203.32,134.084,626.471,1,4,compressed_ring_ar
1778535411.3429985,6,46,0.76627,176.69,364.303,722.28,1,4,compressed_ring_ar
1778535412.0922482,6,47,0.895682,180.94,240.104,705.611,1,4,compressed_ring_ar
1778535412.8875725,6,48,0.839033,169.82,330.354,750.838,1,4,compressed_ring_ar
1778535413.7125444,6,49,0.996251,166.76,281.111,766.187,1,4,compressed_ring_ar
1778535414.3803232,6,50,0.903422,207.76,128.964,612.815,1,4,compressed_ring_ar
1778535415.1716642,6,51,0.940224,169.34,419.647,752.498,1,4,compressed_ring_ar
1778535415.9146693,6,52,0.88399,184.33,349.834,690.652,1,4,compressed_ring_ar
1778535416.6750932,6,53,0.785324,178.19,320.095,717.106,1,4,compressed_ring_ar
1778535417.5610685,6,54,0.757137,150.92,402.399,846.766,1,4,compressed_ring_ar
1778535418.3338206,6,55,1.074661,177.53,166.111,718.054,1,4,compressed_ring_ar
1778535419.0172234,6,56,1.011022,202.94,149.455,629.363,1,4,compressed_ring_ar
1778535419.7990484,6,57,0.847592,175.33,212.409,728.796,1,4,compressed_ring_ar
1778535420.5502696,6,58,0.72996,181.42,244.309,703.781,1,4,compressed_ring_ar
1778535421.3280332,6,59,0.92462,172.94,426.162,737.91,1,4,compressed_ring_ar
1778535422.0244217,6,60,0.863684,196.09,193.883,650.801,1,4,compressed_ring_ar
1778535422.7065892,6,61,0.867185,198.31,247.033,642.908,1,4,compressed_ring_ar
1778535423.453933,6,62,0.868766,183.63,260.771,692.002,1,4,compressed_ring_ar
1778535424.2118323,6,63,0.944575,178.26,253.135,716.679,1,4,compressed_ring_ar
1778535425.0057673,6,64,0.794396,170.96,151.323,741.959,1,4,compressed_ring_ar
1778535425.775005,6,65,0.904851,178.26,156.829,711.868,1,4,compressed_ring_ar
1778535426.47548,6,66,0.772471,192.88,203.006,660.597,1,4,compressed_ring_ar
1778535427.2618442,6,67,0.693867,170.93,387.455,745.553,1,4,compressed_ring_ar
1778535428.000343,6,68,0.848047,186.49,185.593,684.293,1,4,compressed_ring_ar
1778535428.8227835,6,69,0.936032,165.48,338.899,767.957,1,4,compressed_ring_ar
1778535429.6065192,6,70,0.86908,171.04,309.17,745.353,1,4,compressed_ring_ar
1778535430.326348,6,71,0.928144,190.47,156.619,667.691,1,4,compressed_ring_ar
1778535431.0653129,6,72,0.804261,183.9,166.638,694.673,1,4,compressed_ring_ar
1778535431.854994,6,73,0.723745,174.37,209.537,732.702,1,4,compressed_ring_ar
1778535432.5701973,6,74,0.906016,190.03,220.908,671.558,1,4,compressed_ring_ar
1778535433.3215125,6,75,0.878321,179.9,375.98,708.787,1,4,compressed_ring_ar
1778535434.054306,6,76,0.86999,187.11,196.551,681.772,1,4,compressed_ring_ar
1778535434.7467182,6,77,0.923273,196.07,258.142,650.082,1,4,compressed_ring_ar
1778535435.636506,6,78,0.803164,150.82,548.657,847.338,1,4,compressed_ring_ar
1778535436.319168,6,79,0.773078,200.29,182.881,634.005,1,4,compressed_ring_ar
1778535437.2188296,6,80,0.880531,148.72,352.555,859.868,1,4,compressed_ring_ar
1778535437.9513497,6,81,0.90233,184.55,164.43,689.521,1,4,compressed_ring_ar
1778535438.6929939,6,82,1.03675,182.15,212.528,698.602,1,4,compressed_ring_ar
1778535439.4288952,6,83,0.730592,189.46,139.747,674.412,1,4,compressed_ring_ar
1778535440.1272168,6,84,0.918898,196.25,201.924,649.713,1,4,compressed_ring_ar
1778535440.8927033,6,85,0.864891,178.4,343.39,714.454,1,4,compressed_ring_ar
1778535441.6151736,6,86,0.811687,190.38,191.852,671.011,1,4,compressed_ring_ar
1778535442.415039,6,87,0.664258,171.71,152.69,744.065,1,4,compressed_ring_ar
1778535443.1057951,6,88,0.885558,198.42,178.212,641.952,1,4,compressed_ring_ar
1778535443.8289592,6,89,0.900834,187.06,296.136,682.025,1,4,compressed_ring_ar
1778535444.5298464,6,90,0.873566,194.36,208.915,656.325,1,4,compressed_ring_ar
1778535445.277445,6,91,0.972316,182.82,261.379,698.048,1,4,compressed_ring_ar
1778535446.1076431,6,92,0.778965,161.49,267.58,791.383,1,4,compressed_ring_ar
1778535446.8104856,6,93,0.69838,196.59,133.55,649.755,1,4,compressed_ring_ar
1778535447.5470946,6,94,0.907899,184.37,253.111,692.911,1,4,compressed_ring_ar
1778535448.2819474,6,95,0.864065,184.42,227.45,691.628,1,4,compressed_ring_ar
1778535449.1270325,6,96,0.925612,159.89,247.862,799.2,1,4,compressed_ring_ar
1778535449.7233963,6,97,0.807948,150.03,182.633,553.009,1,4,compressed_ring_ar
1778535460.6803374,7,0,0.842241,187.84,198.695,678.538,1,4,compressed_ring_ar
1778535461.4193256,7,1,0.808275,184.01,281.918,692.88,1,4,compressed_ring_ar
1778535462.204605,7,2,0.811736,171.59,348.435,743.496,1,4,compressed_ring_ar
1778535462.9884918,7,3,0.816986,173.4,234.347,733.602,1,4,compressed_ring_ar
1778535463.6876984,7,4,0.723535,197.82,191.913,644.375,1,4,compressed_ring_ar
1778535464.4160674,7,5,0.959204,185.57,387.469,687.42,1,4,compressed_ring_ar
1778535465.1564786,7,6,0.927305,183.33,221.767,696.783,1,4,compressed_ring_ar
1778535465.845831,7,7,0.661658,199.81,134.648,638.877,1,4,compressed_ring_ar
1778535466.5847802,7,8,0.719597,183.71,223.37,693.666,1,4,compressed_ring_ar
1778535467.3402493,7,9,0.859187,178.32,357.224,715.138,1,4,compressed_ring_ar
1778535468.0858889,7,10,0.795569,186.85,310.188,681.902,1,4,compressed_ring_ar
1778535468.8365211,7,11,0.955955,180.12,402.42,708.376,1,4,compressed_ring_ar
1778535469.556362,7,12,0.733116,188.08,137.334,678.031,1,4,compressed_ring_ar
1778535470.296493,7,13,1.002534,184.81,243.864,691.409,1,4,compressed_ring_ar
1778535471.0427544,7,14,0.760917,184.24,249.271,693.325,1,4,compressed_ring_ar
1778535471.8335342,7,15,0.637273,172.6,169.727,737.795,1,4,compressed_ring_ar
1778535472.554828,7,16,0.83187,191.61,182.03,666.576,1,4,compressed_ring_ar
1778535473.2733278,7,17,0.823052,190.04,164.841,672.141,1,4,compressed_ring_ar
1778535473.9809122,7,18,0.881669,193.83,172.756,657.628,1,4,compressed_ring_ar
1778535474.7020156,7,19,0.965662,191.85,269.647,664.216,1,4,compressed_ring_ar
1778535475.4452736,7,20,0.695444,182.56,304.477,698.18,1,4,compressed_ring_ar
1778535476.1754773,7,21,0.870507,185.49,254.87,688.65,1,4,compressed_ring_ar
1778535476.8957438,7,22,0.720532,187.98,157.68,677.608,1,4,compressed_ring_ar
1778535477.680659,7,23,0.668552,172.5,415.543,740.39,1,4,compressed_ring_ar
1778535478.4463186,7,24,0.880696,180.85,243.446,705.021,1,4,compressed_ring_ar
1778535479.1872666,7,25,0.75342,183.52,321.373,694.843,1,4,compressed_ring_ar
1778535479.9001296,7,26,0.933977,189.65,295.282,672.838,1,4,compressed_ring_ar
1778535480.6195495,7,27,0.6964,189.23,225.073,672.995,1,4,compressed_ring_ar
1778535481.3511627,7,28,0.729345,184.81,354.693,689.958,1,4,compressed_ring_ar
1778535482.139987,7,29,0.832474,173.89,264.092,734.703,1,4,compressed_ring_ar
1778535482.902168,7,30,0.656427,176.3,265.122,724.637,1,4,compressed_ring_ar
1778535483.6410685,7,31,0.642076,186.38,183.901,683.785,1,4,compressed_ring_ar
1778535484.3665469,7,32,0.762675,185.93,220.407,686.195,1,4,compressed_ring_ar
1778535485.071068,7,33,0.682648,199.0,140.175,641.007,1,4,compressed_ring_ar
1778535485.8234239,7,34,0.754883,185.07,153.442,689.07,1,4,compressed_ring_ar
1778535486.5904787,7,35,0.73352,175.4,382.528,728.344,1,4,compressed_ring_ar
1778535487.241072,7,36,0.652744,210.12,131.452,605.885,1,4,compressed_ring_ar
1778535487.9756362,7,37,0.768524,183.81,366.362,693.164,1,4,compressed_ring_ar
1778535488.7223253,7,38,0.737129,181.62,330.715,703.448,1,4,compressed_ring_ar
1778535489.480017,7,39,0.852753,182.28,132.708,699.85,1,4,compressed_ring_ar
1778535490.2228844,7,40,0.79392,184.69,288.061,691.68,1,4,compressed_ring_ar
1778535490.9135358,7,41,0.672188,197.29,156.003,645.631,1,4,compressed_ring_ar
1778535491.6396706,7,42,0.827176,185.98,310.595,685.289,1,4,compressed_ring_ar
1778535492.4183347,7,43,0.959843,172.37,366.967,741.321,1,4,compressed_ring_ar
1778535493.1283765,7,44,0.805339,194.47,159.42,655.629,1,4,compressed_ring_ar
1778535493.9044423,7,45,0.761677,174.13,420.511,732.639,1,4,compressed_ring_ar
1778535494.6259596,7,46,0.878771,188.77,213.954,676.69,1,4,compressed_ring_ar
1778535495.3882148,7,47,0.787293,176.49,274.543,723.189,1,4,compressed_ring_ar
1778535496.1819491,7,48,0.759788,169.73,195.895,751.591,1,4,compressed_ring_ar
1778535496.9336104,7,49,0.788157,179.26,319.574,712.619,1,4,compressed_ring_ar
1778535497.7176526,7,50,0.798891,171.73,266.652,741.035,1,4,compressed_ring_ar
1778535498.4199226,7,51,0.823888,195.67,161.997,651.934,1,4,compressed_ring_ar
1778535499.201407,7,52,0.768391,173.32,368.946,737.169,1,4,compressed_ring_ar
1778535499.925985,7,53,0.767497,189.38,192.023,674.495,1,4,compressed_ring_ar
1778535500.689756,7,54,0.763529,176.91,243.169,721.179,1,4,compressed_ring_ar
1778535501.5465999,7,55,0.77351,159.16,485.928,802.872,1,4,compressed_ring_ar
1778535502.3325584,7,56,0.978911,175.17,145.408,729.453,1,4,compressed_ring_ar
1778535503.1829982,7,57,1.000781,157.43,324.263,810.76,1,4,compressed_ring_ar
1778535503.8882523,7,58,0.956923,192.43,201.611,661.751,1,4,compressed_ring_ar
1778535504.6714034,7,59,0.569021,172.19,391.904,739.328,1,4,compressed_ring_ar
1778535505.4320958,7,60,0.773582,176.84,274.467,722.443,1,4,compressed_ring_ar
1778535506.1539607,7,61,0.650976,189.96,154.505,672.508,1,4,compressed_ring_ar
1778535506.9100614,7,62,0.864858,179.89,135.848,706.803,1,4,compressed_ring_ar
1778535507.6883576,7,63,0.780491,175.14,168.783,729.752,1,4,compressed_ring_ar
1778535508.3946006,7,64,0.95307,195.94,141.449,650.498,1,4,compressed_ring_ar
1778535509.1367373,7,65,0.683528,184.1,233.03,693.962,1,4,compressed_ring_ar
1778535509.8934133,7,66,0.843636,179.92,197.693,710.049,1,4,compressed_ring_ar
1778535510.6065729,7,67,0.664619,194.92,139.129,653.574,1,4,compressed_ring_ar
1778535511.3249564,7,68,0.824906,193.08,244.762,660.058,1,4,compressed_ring_ar
1778535512.0647414,7,69,0.928593,182.82,345.208,696.24,1,4,compressed_ring_ar
1778535512.7858584,7,70,0.793043,190.95,142.938,666.331,1,4,compressed_ring_ar
1778535513.5269954,7,71,0.710346,182.13,343.745,701.368,1,4,compressed_ring_ar
1778535514.2787025,7,72,0.863268,184.72,147.573,691.581,1,4,compressed_ring_ar
1778535514.9406025,7,73,0.716551,209.56,133.617,608.008,1,4,compressed_ring_ar
1778535515.6847847,7,74,0.745032,182.09,398.97,701.542,1,4,compressed_ring_ar
1778535516.3768196,7,75,0.8122,196.86,201.423,647.301,1,4,compressed_ring_ar
1778535517.1555007,7,76,0.743735,174.78,374.258,730.898,1,4,compressed_ring_ar
1778535517.885214,7,77,0.667131,184.34,278.564,692.978,1,4,compressed_ring_ar
1778535518.61814,7,78,0.78624,185.95,146.847,687.064,1,4,compressed_ring_ar
1778535519.3847003,7,79,0.69564,180.07,174.163,709.625,1,4,compressed_ring_ar
1778535520.1099818,7,80,0.757592,189.28,180.21,673.542,1,4,compressed_ring_ar
1778535520.9100008,7,81,0.939014,171.44,294.822,745.242,1,4,compressed_ring_ar
1778535521.631737,7,82,0.74805,191.12,149.932,668.318,1,4,compressed_ring_ar
1778535522.3679948,7,83,0.941894,188.1,160.09,679.072,1,4,compressed_ring_ar
1778535523.0887194,7,84,0.910641,189.38,168.939,672.651,1,4,compressed_ring_ar
1778535523.8051417,7,85,0.801452,189.89,175.541,672.63,1,4,compressed_ring_ar
1778535524.5118053,7,86,0.741927,193.85,201.863,658.013,1,4,compressed_ring_ar
1778535525.2662895,7,87,0.918503,178.27,285.541,716.608,1,4,compressed_ring_ar
1778535526.0066621,7,88,0.747521,185.79,145.798,683.838,1,4,compressed_ring_ar
1778535526.7367885,7,89,0.881545,189.06,148.358,675.809,1,4,compressed_ring_ar
1778535527.4900007,7,90,0.820295,179.41,216.757,707.11,1,4,compressed_ring_ar
1778535528.2347255,7,91,0.784831,183.09,147.757,694.633,1,4,compressed_ring_ar
1778535528.9752922,7,92,0.765542,181.58,249.546,703.219,1,4,compressed_ring_ar
1778535529.903404,7,93,0.739804,148.88,143.141,855.996,1,4,compressed_ring_ar
1778535530.6749995,7,94,0.791022,175.5,183.286,728.157,1,4,compressed_ring_ar
1778535531.4643102,7,95,1.020522,173.76,174.873,734.332,1,4,compressed_ring_ar
1778535532.2387102,7,96,0.884262,178.04,221.348,717.569,1,4,compressed_ring_ar
1778535532.849819,7,97,0.674349,146.3,147.942,568.388,1,4,compressed_ring_ar
1778535544.0512478,8,0,0.767095,163.34,333.852,782.354,1,4,compressed_ring_ar
1778535544.8126023,8,1,0.743746,182.6,150.232,697.203,1,4,compressed_ring_ar
1778535545.5152874,8,2,0.707956,196.52,191.284,648.981,1,4,compressed_ring_ar
1778535546.231982,8,3,0.830284,189.89,293.271,671.057,1,4,compressed_ring_ar
1778535546.9894588,8,4,0.786591,180.24,330.49,707.273,1,4,compressed_ring_ar
1778535547.724603,8,5,0.673252,185.52,254.772,688.644,1,4,compressed_ring_ar
1778535548.4340796,8,6,0.771698,197.88,141.04,645.51,1,4,compressed_ring_ar
1778535549.134812,8,7,0.569826,194.9,135.314,655.416,1,4,compressed_ring_ar
1778535549.8596315,8,8,0.500033,188.23,200.568,678.612,1,4,compressed_ring_ar
1778535550.5779395,8,9,0.58094,190.47,163.301,668.646,1,4,compressed_ring_ar
1778535551.3094225,8,10,0.811132,184.41,333.747,692.627,1,4,compressed_ring_ar
1778535552.0948958,8,11,0.706852,171.19,323.569,745.586,1,4,compressed_ring_ar
1778535552.9702988,8,12,0.635452,152.9,436.624,835.789,1,4,compressed_ring_ar
1778535553.6736314,8,13,0.626407,200.29,169.171,637.704,1,4,compressed_ring_ar
1778535554.4081895,8,14,0.79284,187.27,191.611,681.633,1,4,compressed_ring_ar
1778535555.1349547,8,15,0.771205,186.67,256.414,683.068,1,4,compressed_ring_ar
1778535555.9266577,8,16,0.611639,171.83,472.727,743.541,1,4,compressed_ring_ar
1778535556.6598275,8,17,0.820044,187.11,126.994,681.304,1,4,compressed_ring_ar
1778535557.4167717,8,18,0.665487,178.82,210.041,714.415,1,4,compressed_ring_ar
1778535558.1350763,8,19,0.904242,188.76,192.087,676.77,1,4,compressed_ring_ar
1778535558.905507,8,20,0.777251,174.78,224.008,727.981,1,4,compressed_ring_ar
1778535559.6607854,8,21,0.873742,179.93,146.181,709.982,1,4,compressed_ring_ar
1778535560.3959498,8,22,0.641342,183.98,283.789,694.402,1,4,compressed_ring_ar
1778535561.1757078,8,23,0.696203,176.22,150.377,725.019,1,4,compressed_ring_ar
1778535561.8830674,8,24,0.775797,191.8,163.353,665.062,1,4,compressed_ring_ar
1778535562.568879,8,25,0.700224,201.42,181.567,633.004,1,4,compressed_ring_ar
1778535563.370595,8,26,0.74026,168.8,422.913,756.994,1,4,compressed_ring_ar
1778535564.088605,8,27,0.711667,192.53,171.826,662.335,1,4,compressed_ring_ar
1778535564.85905,8,28,0.788326,178.22,272.298,715.176,1,4,compressed_ring_ar
1778535565.6388113,8,29,0.716202,173.29,208.477,737.723,1,4,compressed_ring_ar
1778535566.3965042,8,30,0.729854,179.98,141.893,709.798,1,4,compressed_ring_ar
1778535567.0951204,8,31,0.5826,203.31,146.569,627.017,1,4,compressed_ring_ar
1778535567.8286912,8,32,0.766457,184.02,340.88,692.812,1,4,compressed_ring_ar
1778535568.585764,8,33,0.938662,180.9,303.985,705.334,1,4,compressed_ring_ar
1778535569.3432298,8,34,0.817667,180.32,199.845,708.426,1,4,compressed_ring_ar
1778535570.1064215,8,35,0.714558,180.06,244.278,706.418,1,4,compressed_ring_ar
1778535570.841175,8,36,0.703309,189.39,218.813,674.503,1,4,compressed_ring_ar
1778535571.594465,8,37,0.803605,179.81,131.694,710.567,1,4,compressed_ring_ar
1778535572.3645675,8,38,0.794772,179.15,184.717,713.15,1,4,compressed_ring_ar
1778535573.140364,8,39,0.74321,177.06,161.42,721.753,1,4,compressed_ring_ar
1778535573.907418,8,40,0.732013,178.25,138.34,714.617,1,4,compressed_ring_ar
1778535574.65259,8,41,0.777704,185.15,134.943,689.959,1,4,compressed_ring_ar
1778535575.3932173,8,42,0.766442,183.45,191.908,696.359,1,4,compressed_ring_ar
1778535576.2094934,8,43,0.78388,164.84,274.355,772.729,1,4,compressed_ring_ar
1778535576.9171872,8,44,0.71592,194.76,138.034,654.143,1,4,compressed_ring_ar
1778535577.6521854,8,45,0.863323,184.31,217.204,691.243,1,4,compressed_ring_ar
1778535578.3495898,8,46,0.747269,194.46,252.994,655.871,1,4,compressed_ring_ar
1778535579.0852637,8,47,0.757295,183.93,367.687,693.386,1,4,compressed_ring_ar
1778535579.8011336,8,48,0.94982,189.88,260.551,672.716,1,4,compressed_ring_ar
1778535580.5397906,8,49,0.821543,183.48,211.813,696.292,1,4,compressed_ring_ar
1778535581.264352,8,50,0.837827,187.16,235.348,681.426,1,4,compressed_ring_ar
1778535582.0532484,8,51,0.730021,171.88,346.189,742.254,1,4,compressed_ring_ar
1778535582.839943,8,52,0.737803,172.43,214.962,739.293,1,4,compressed_ring_ar
1778535583.5689485,8,53,0.767611,185.11,285.883,688.968,1,4,compressed_ring_ar
1778535584.2764199,8,54,0.881708,191.47,351.646,665.083,1,4,compressed_ring_ar
1778535585.0909293,8,55,0.768194,165.44,414.191,770.373,1,4,compressed_ring_ar
1778535585.8512197,8,56,0.863198,185.65,268.18,687.084,1,4,compressed_ring_ar
1778535586.5809937,8,57,0.737408,184.85,254.461,688.031,1,4,compressed_ring_ar
1778535587.3120444,8,58,0.678051,188.89,152.611,676.26,1,4,compressed_ring_ar
1778535588.0106633,8,59,0.72794,199.94,129.665,637.63,1,4,compressed_ring_ar
1778535588.7832806,8,60,0.624718,176.95,341.149,721.95,1,4,compressed_ring_ar
1778535589.5056064,8,61,0.685922,188.7,162.837,675.578,1,4,compressed_ring_ar
1778535590.2402947,8,62,0.725519,183.8,352.499,693.807,1,4,compressed_ring_ar
1778535590.9643233,8,63,0.788701,186.5,363.169,684.345,1,4,compressed_ring_ar
1778535591.6710608,8,64,0.740901,192.62,211.593,661.328,1,4,compressed_ring_ar
1778535592.4398015,8,65,0.748605,177.45,240.213,718.977,1,4,compressed_ring_ar
1778535593.1937597,8,66,0.726937,184.36,233.332,691.92,1,4,compressed_ring_ar
1778535593.8990703,8,67,0.670529,193.5,250.451,660.02,1,4,compressed_ring_ar
1778535594.628388,8,68,0.767544,185.38,183.703,689.217,1,4,compressed_ring_ar
1778535595.3662336,8,69,0.668031,184.07,171.793,693.958,1,4,compressed_ring_ar
1778535596.0932717,8,70,0.737455,188.59,175.408,675.928,1,4,compressed_ring_ar
1778535596.848882,8,71,0.758416,181.8,257.994,701.863,1,4,compressed_ring_ar
1778535597.7215016,8,72,0.640635,153.25,559.941,832.379,1,4,compressed_ring_ar
1778535598.475837,8,73,0.665067,181.33,380.867,704.583,1,4,compressed_ring_ar
1778535599.234193,8,74,0.618834,177.3,270.225,720.546,1,4,compressed_ring_ar
1778535600.1050804,8,75,0.749428,153.68,370.285,829.643,1,4,compressed_ring_ar
1778535600.8153522,8,76,0.686897,196.25,194.236,649.423,1,4,compressed_ring_ar
1778535601.6027489,8,77,0.740024,172.48,378.02,739.438,1,4,compressed_ring_ar
1778535602.3582008,8,78,0.753233,178.14,343.398,712.781,1,4,compressed_ring_ar
1778535603.0945804,8,79,0.638327,183.49,211.91,693.615,1,4,compressed_ring_ar
1778535603.886493,8,80,0.69686,172.59,224.105,740.235,1,4,compressed_ring_ar
1778535604.6019423,8,81,0.620364,192.94,161.84,662.023,1,4,compressed_ring_ar
1778535605.3198795,8,82,0.654723,188.86,232.731,674.739,1,4,compressed_ring_ar
1778535606.0751045,8,83,0.772594,180.97,274.134,705.869,1,4,compressed_ring_ar
1778535606.829661,8,84,0.892756,180.01,193.718,708.814,1,4,compressed_ring_ar
1778535607.5633166,8,85,0.761784,183.55,290.385,694.477,1,4,compressed_ring_ar
1778535608.2777624,8,86,0.62815,189.15,308.501,675.113,1,4,compressed_ring_ar
1778535608.9622784,8,87,0.763014,198.39,238.194,643.816,1,4,compressed_ring_ar
1778535609.676934,8,88,0.715691,190.64,177.259,670.04,1,4,compressed_ring_ar
1778535610.4405377,8,89,0.678694,178.5,171.385,715.712,1,4,compressed_ring_ar
1778535611.1994317,8,90,0.751664,178.94,243.287,713.636,1,4,compressed_ring_ar
1778535611.9069583,8,91,0.646259,192.64,207.761,662.107,1,4,compressed_ring_ar
1778535612.6600792,8,92,0.566564,183.08,266.732,694.723,1,4,compressed_ring_ar
1778535613.4008296,8,93,0.788026,182.69,222.374,696.852,1,4,compressed_ring_ar
1778535614.1549072,8,94,0.765543,179.88,309.596,710.203,1,4,compressed_ring_ar
1778535614.892086,8,95,0.908591,185.71,155.384,688.087,1,4,compressed_ring_ar
1778535615.5773215,8,96,0.578615,203.17,139.262,626.763,1,4,compressed_ring_ar
1778535616.1845274,8,97,0.689577,145.62,327.558,571.557,1,4,compressed_ring_ar
1778535627.3307524,9,0,0.775987,179.99,156.422,708.298,1,4,compressed_ring_ar
1778535628.1488159,9,1,0.772746,165.44,332.592,772.225,1,4,compressed_ring_ar
1778535628.8866405,9,2,0.613124,185.72,169.37,687.826,1,4,compressed_ring_ar
1778535629.594995,9,3,0.596047,197.21,165.362,646.329,1,4,compressed_ring_ar
1778535630.2551737,9,4,0.598185,207.92,195.623,611.458,1,4,compressed_ring_ar
1778535631.0451934,9,5,0.751868,170.51,201.883,749.313,1,4,compressed_ring_ar
1778535631.8112948,9,6,0.609074,178.2,217.801,713.817,1,4,compressed_ring_ar
1778535632.534808,9,7,0.73291,187.24,141.805,681.238,1,4,compressed_ring_ar
1778535633.2545764,9,8,0.626044,190.52,184.57,670.189,1,4,compressed_ring_ar
1778535633.9670315,9,9,0.717628,190.27,239.495,670.179,1,4,compressed_ring_ar
1778535634.7879238,9,10,0.808649,167.24,445.189,764.0,1,4,compressed_ring_ar
1778535635.5285587,9,11,0.694209,183.92,191.8,694.072,1,4,compressed_ring_ar
1778535636.2711806,9,12,0.549251,187.79,225.891,678.396,1,4,compressed_ring_ar
1778535637.032071,9,13,0.737321,178.39,408.563,713.694,1,4,compressed_ring_ar
1778535637.7713714,9,14,0.757354,185.66,276.586,688.219,1,4,compressed_ring_ar
1778535638.55802,9,15,0.715924,170.93,240.205,746.808,1,4,compressed_ring_ar
1778535639.386275,9,16,0.622769,167.4,346.584,762.384,1,4,compressed_ring_ar
1778535640.182387,9,17,0.730949,170.96,333.277,745.547,1,4,compressed_ring_ar
1778535640.9174626,9,18,0.642479,185.22,345.345,689.994,1,4,compressed_ring_ar
1778535641.6364715,9,19,0.762733,191.73,143.103,663.958,1,4,compressed_ring_ar
1778535642.3706605,9,20,0.752048,184.33,278.016,693.183,1,4,compressed_ring_ar
1778535643.1159804,9,21,0.693182,183.22,134.079,695.392,1,4,compressed_ring_ar
1778535643.8627765,9,22,0.860555,184.02,174.035,694.235,1,4,compressed_ring_ar
1778535644.6141243,9,23,0.62106,184.84,177.686,691.263,1,4,compressed_ring_ar
1778535645.2965908,9,24,0.564336,200.77,163.691,634.22,1,4,compressed_ring_ar
1778535645.9889035,9,25,0.851963,196.33,294.182,649.546,1,4,compressed_ring_ar
1778535646.7992687,9,26,0.720351,166.28,429.975,767.596,1,4,compressed_ring_ar
1778535647.6038005,9,27,0.770036,166.82,264.277,765.992,1,4,compressed_ring_ar
1778535648.3331099,9,28,0.693252,187.79,151.456,677.235,1,4,compressed_ring_ar
1778535649.0508294,9,29,0.830542,188.31,270.323,676.939,1,4,compressed_ring_ar
1778535649.8265262,9,30,0.688548,176.07,297.612,725.716,1,4,compressed_ring_ar
1778535650.6143956,9,31,0.846839,172.06,242.505,739.716,1,4,compressed_ring_ar
1778535651.3456335,9,32,0.605112,184.93,186.543,687.694,1,4,compressed_ring_ar
1778535652.092749,9,33,0.702837,179.85,266.701,709.102,1,4,compressed_ring_ar
1778535652.8145554,9,34,0.798641,187.51,352.73,679.411,1,4,compressed_ring_ar
1778535653.588066,9,35,0.562781,174.26,391.861,729.985,1,4,compressed_ring_ar
1778535654.3644633,9,36,0.760246,175.04,144.803,730.069,1,4,compressed_ring_ar
1778535655.0677986,9,37,0.735589,196.16,133.655,650.543,1,4,compressed_ring_ar
1778535655.8245776,9,38,0.756869,177.44,289.851,719.382,1,4,compressed_ring_ar
1778535656.7071793,9,39,0.788065,151.06,415.077,845.2,1,4,compressed_ring_ar
1778535657.4530041,9,40,0.633661,182.86,135.191,697.824,1,4,compressed_ring_ar
1778535658.1849911,9,41,0.600489,187.71,164.498,679.198,1,4,compressed_ring_ar
1778535658.9112842,9,42,0.714567,185.81,358.183,685.534,1,4,compressed_ring_ar
1778535659.694819,9,43,0.698088,174.08,394.36,734.008,1,4,compressed_ring_ar
1778535660.4443924,9,44,0.656896,185.81,137.476,686.393,1,4,compressed_ring_ar
1778535661.3155034,9,45,0.754396,159.09,307.375,803.189,1,4,compressed_ring_ar
1778535662.0828,9,46,0.694497,179.87,132.334,708.629,1,4,compressed_ring_ar
1778535662.847357,9,47,0.614778,176.41,362.098,722.534,1,4,compressed_ring_ar
1778535663.635546,9,48,0.551229,170.39,277.489,746.961,1,4,compressed_ring_ar
1778535664.3485763,9,49,0.569516,198.03,160.724,644.016,1,4,compressed_ring_ar
1778535665.046946,9,50,0.744448,195.06,194.234,654.365,1,4,compressed_ring_ar
1778535665.7789652,9,51,0.730588,186.91,211.569,683.412,1,4,compressed_ring_ar
1778535666.5199444,9,52,0.798881,182.63,210.109,698.193,1,4,compressed_ring_ar
1778535667.2742808,9,53,0.648609,179.57,201.084,711.538,1,4,compressed_ring_ar
1778535668.01438,9,54,0.562519,181.49,183.704,703.949,1,4,compressed_ring_ar
1778535668.6973734,9,55,0.560902,201.17,163.327,633.733,1,4,compressed_ring_ar
1778535669.4134507,9,56,0.71374,189.4,323.56,674.434,1,4,compressed_ring_ar
1778535670.1560202,9,57,0.565717,186.91,169.45,682.139,1,4,compressed_ring_ar
1778535670.923933,9,58,0.548788,175.26,427.705,728.577,1,4,compressed_ring_ar
1778535671.7094681,9,59,0.700334,175.1,225.656,726.94,1,4,compressed_ring_ar
1778535672.5826855,9,60,0.630805,154.07,328.236,828.673,1,4,compressed_ring_ar
1778535673.3662832,9,61,0.752892,173.66,250.16,734.587,1,4,compressed_ring_ar
1778535674.1430542,9,62,0.805259,173.04,433.222,738.278,1,4,compressed_ring_ar
1778535674.944093,9,63,0.682375,168.2,357.995,759.651,1,4,compressed_ring_ar
1778535675.638765,9,64,0.545549,201.3,127.737,634.53,1,4,compressed_ring_ar
1778535676.3766057,9,65,0.749133,184.11,231.419,692.816,1,4,compressed_ring_ar
1778535677.0925863,9,66,0.517168,188.98,340.517,674.487,1,4,compressed_ring_ar
1778535677.8601248,9,67,0.646915,175.45,397.083,728.282,1,4,compressed_ring_ar
1778535678.5936291,9,68,0.546735,183.35,276.747,695.909,1,4,compressed_ring_ar
1778535679.3453853,9,69,0.504129,183.03,377.888,696.789,1,4,compressed_ring_ar
1778535680.0662026,9,70,0.790841,188.71,190.832,676.888,1,4,compressed_ring_ar
1778535680.7469785,9,71,0.747034,199.33,206.098,639.176,1,4,compressed_ring_ar
1778535681.5752559,9,72,0.753215,163.19,505.242,781.27,1,4,compressed_ring_ar
1778535682.299932,9,73,0.703701,187.71,269.465,680.15,1,4,compressed_ring_ar
1778535683.0303428,9,74,0.714615,186.1,189.895,685.071,1,4,compressed_ring_ar
1778535683.7588303,9,75,0.711921,188.08,196.457,676.378,1,4,compressed_ring_ar
1778535684.4678295,9,76,0.542296,192.62,162.576,661.844,1,4,compressed_ring_ar
1778535685.237358,9,77,0.613813,174.86,373.855,728.209,1,4,compressed_ring_ar
1778535686.0185773,9,78,0.60227,171.78,301.87,743.85,1,4,compressed_ring_ar
1778535686.815903,9,79,0.589295,170.73,251.698,748.306,1,4,compressed_ring_ar
1778535687.5619931,9,80,0.610572,181.65,305.527,701.265,1,4,compressed_ring_ar
1778535688.3120308,9,81,0.666784,186.63,194.51,682.797,1,4,compressed_ring_ar
1778535689.0166676,9,82,0.708432,193.02,162.954,659.833,1,4,compressed_ring_ar
1778535689.825191,9,83,0.80704,167.88,421.789,761.041,1,4,compressed_ring_ar
1778535690.5172946,9,84,0.588267,198.58,146.011,641.547,1,4,compressed_ring_ar
1778535691.2067413,9,85,0.704407,198.68,201.25,641.007,1,4,compressed_ring_ar
1778535692.0661242,9,86,0.570006,158.71,424.419,805.082,1,4,compressed_ring_ar
1778535692.8381963,9,87,0.736357,177.28,200.992,720.628,1,4,compressed_ring_ar
1778535693.5900078,9,88,0.754817,179.74,202.938,710.775,1,4,compressed_ring_ar
1778535694.2978702,9,89,0.649862,197.1,156.09,646.828,1,4,compressed_ring_ar
1778535695.0309358,9,90,0.590871,187.39,302.255,680.391,1,4,compressed_ring_ar
1778535695.8050373,9,91,0.57244,173.82,396.812,735.157,1,4,compressed_ring_ar
1778535696.642834,9,92,0.594432,162.39,153.47,786.863,1,4,compressed_ring_ar
1778535697.435941,9,93,0.609208,172.17,189.607,742.182,1,4,compressed_ring_ar
1778535698.1965406,9,94,0.837616,178.8,156.542,713.32,1,4,compressed_ring_ar
1778535698.9408994,9,95,0.624185,183.14,310.38,697.202,1,4,compressed_ring_ar
1778535699.6511729,9,96,0.62053,190.36,198.01,669.788,1,4,compressed_ring_ar
1778535700.2173626,9,97,0.632087,156.43,183.631,532.793,1,4,compressed_ring_ar
1778535711.5078433,10,0,0.653826,171.63,218.501,741.458,1,4,compressed_ring_ar
1778535712.2095191,10,1,0.678217,197.75,130.116,646.478,1,4,compressed_ring_ar
1778535712.9734983,10,2,0.637931,179.93,156.491,709.941,1,4,compressed_ring_ar
1778535713.7028854,10,3,0.756231,190.26,168.574,670.37,1,4,compressed_ring_ar
1778535714.4514194,10,4,0.754851,182.7,301.58,698.054,1,4,compressed_ring_ar
1778535715.1856964,10,5,0.679747,187.35,274.749,680.858,1,4,compressed_ring_ar
1778535716.0643551,10,6,0.715278,155.29,386.699,823.068,1,4,compressed_ring_ar
1778535716.7990997,10,7,0.607393,191.53,142.723,666.314,1,4,compressed_ring_ar
1778535717.5221727,10,8,0.77412,192.13,323.988,663.956,1,4,compressed_ring_ar
1778535718.3375156,10,9,0.57297,165.19,472.728,773.53,1,4,compressed_ring_ar
1778535719.0755506,10,10,0.596538,184.55,168.491,692.243,1,4,compressed_ring_ar
1778535719.8189194,10,11,0.714791,181.74,176.017,703.393,1,4,compressed_ring_ar
1778535720.5554962,10,12,0.547283,187.08,178.582,682.792,1,4,compressed_ring_ar
1778535721.286668,10,13,0.617347,190.29,188.111,669.796,1,4,compressed_ring_ar
1778535722.0550556,10,14,0.638287,176.47,306.022,723.929,1,4,compressed_ring_ar
1778535722.8353455,10,15,0.614268,173.95,262.914,734.746,1,4,compressed_ring_ar
1778535723.5657265,10,16,0.454694,186.17,138.092,685.446,1,4,compressed_ring_ar
1778535724.3289237,10,17,0.738896,179.12,149.238,711.782,1,4,compressed_ring_ar
1778535725.1119542,10,18,0.611077,174.6,257.559,730.42,1,4,compressed_ring_ar
1778535725.829234,10,19,0.535665,188.48,321.232,677.664,1,4,compressed_ring_ar
1778535726.546333,10,20,0.649596,190.81,132.055,667.512,1,4,compressed_ring_ar
1778535727.2824693,10,21,0.596499,184.21,259.48,689.828,1,4,compressed_ring_ar
1778535728.0509548,10,22,0.693331,176.6,172.625,722.371,1,4,compressed_ring_ar
1778535728.8022628,10,23,0.666502,179.57,246.173,711.39,1,4,compressed_ring_ar
1778535729.5175898,10,24,0.611318,191.14,141.103,665.051,1,4,compressed_ring_ar
1778535730.2399883,10,25,0.692625,186.61,210.497,682.518,1,4,compressed_ring_ar
1778535730.959391,10,26,0.605723,190.99,294.742,668.929,1,4,compressed_ring_ar
1778535731.7405,10,27,0.677423,172.13,232.189,742.237,1,4,compressed_ring_ar
1778535732.4593267,10,28,0.575776,190.26,140.146,669.804,1,4,compressed_ring_ar
1778535733.2544155,10,29,0.514596,169.21,339.005,754.146,1,4,compressed_ring_ar
1778535734.007624,10,30,0.59439,180.4,233.182,708.337,1,4,compressed_ring_ar
1778535734.7506328,10,31,0.598419,186.83,148.568,682.291,1,4,compressed_ring_ar
1778535735.5132687,10,32,0.571906,180.32,369.1,708.544,1,4,compressed_ring_ar
1778535736.2531228,10,33,0.746122,181.62,256.11,699.598,1,4,compressed_ring_ar
1778535736.9611666,10,34,0.649626,190.11,235.313,668.987,1,4,compressed_ring_ar
1778535737.6647725,10,35,0.564299,196.1,176.085,650.385,1,4,compressed_ring_ar
1778535738.5089872,10,36,0.41862,159.4,306.177,801.652,1,4,compressed_ring_ar
1778535739.2726965,10,37,0.571438,178.52,167.609,711.719,1,4,compressed_ring_ar
1778535739.9925766,10,38,0.712323,190.52,162.08,670.481,1,4,compressed_ring_ar
1778535740.7083774,10,39,0.613539,188.83,189.62,676.445,1,4,compressed_ring_ar
1778535741.4744813,10,40,0.851968,176.93,165.526,719.282,1,4,compressed_ring_ar
1778535742.2141852,10,41,0.671277,181.8,267.398,702.366,1,4,compressed_ring_ar
1778535742.9589672,10,42,0.52769,188.75,148.329,675.207,1,4,compressed_ring_ar
1778535743.6980886,10,43,0.518075,184.63,221.613,689.429,1,4,compressed_ring_ar
1778535744.419924,10,44,0.635873,187.51,218.277,681.198,1,4,compressed_ring_ar
1778535745.207273,10,45,0.729062,173.17,221.676,737.668,1,4,compressed_ring_ar
1778535745.9479554,10,46,0.602101,187.65,203.479,680.119,1,4,compressed_ring_ar
1778535746.6868603,10,47,0.607939,185.31,171.655,689.341,1,4,compressed_ring_ar
1778535747.445546,10,48,0.769354,179.2,199.595,712.921,1,4,compressed_ring_ar
1778535748.1492383,10,49,0.562048,193.48,198.312,656.47,1,4,compressed_ring_ar
1778535748.922931,10,50,0.61933,177.15,209.562,721.187,1,4,compressed_ring_ar
1778535749.7798426,10,51,0.651084,156.91,307.45,812.71,1,4,compressed_ring_ar
1778535750.497634,10,52,0.646743,192.32,216.004,662.68,1,4,compressed_ring_ar
1778535751.2430675,10,53,0.648016,181.21,262.199,704.909,1,4,compressed_ring_ar
1778535751.9795225,10,54,0.589768,183.86,199.19,693.061,1,4,compressed_ring_ar
1778535752.684339,10,55,0.765324,193.89,141.41,658.732,1,4,compressed_ring_ar
1778535753.5804617,10,56,0.701682,149.6,373.136,852.446,1,4,compressed_ring_ar
1778535754.3238919,10,57,0.62975,182.48,335.56,697.505,1,4,compressed_ring_ar
1778535755.0683699,10,58,0.494269,180.79,241.989,706.626,1,4,compressed_ring_ar
1778535755.8735814,10,59,0.749522,169.88,219.888,752.358,1,4,compressed_ring_ar
1778535756.5773034,10,60,0.84624,197.48,136.694,646.794,1,4,compressed_ring_ar
1778535757.4263427,10,61,0.713898,157.68,247.454,809.947,1,4,compressed_ring_ar
1778535758.1080327,10,62,0.613879,199.51,208.378,639.912,1,4,compressed_ring_ar
1778535758.8413067,10,63,0.702129,185.85,282.248,685.495,1,4,compressed_ring_ar
1778535759.724393,10,64,0.526836,151.26,452.99,841.722,1,4,compressed_ring_ar
1778535760.446627,10,65,0.688626,193.39,146.108,660.515,1,4,compressed_ring_ar
1778535761.2109027,10,66,0.685875,181.6,140.138,702.258,1,4,compressed_ring_ar
1778535761.9670086,10,67,0.593471,181.64,438.348,701.173,1,4,compressed_ring_ar
1778535762.7744977,10,68,0.553639,169.65,290.339,750.026,1,4,compressed_ring_ar
1778535763.5116892,10,69,0.933411,184.48,178.962,692.515,1,4,compressed_ring_ar
1778535764.2323346,10,70,0.577123,187.46,201.041,679.891,1,4,compressed_ring_ar
1778535765.0202644,10,71,0.69581,171.2,370.646,743.252,1,4,compressed_ring_ar
1778535765.7103171,10,72,0.598494,195.99,207.017,650.933,1,4,compressed_ring_ar
1778535766.4642124,10,73,0.763376,179.65,461.64,711.321,1,4,compressed_ring_ar
1778535767.1776297,10,74,0.702051,197.69,170.83,644.617,1,4,compressed_ring_ar
1778535767.9639268,10,75,0.697931,172.26,265.15,739.569,1,4,compressed_ring_ar
1778535768.7207534,10,76,0.584933,177.91,338.415,717.163,1,4,compressed_ring_ar
1778535769.4479966,10,77,0.843647,187.61,140.843,679.052,1,4,compressed_ring_ar
1778535770.1941369,10,78,0.614757,181.5,308.383,703.937,1,4,compressed_ring_ar
1778535770.9091387,10,79,0.662053,194.48,160.846,656.273,1,4,compressed_ring_ar
1778535771.7031803,10,80,0.652486,171.33,396.646,742.98,1,4,compressed_ring_ar
1778535772.4509356,10,81,0.754504,183.2,174.13,696.508,1,4,compressed_ring_ar
1778535773.1732128,10,82,0.575639,190.67,162.162,669.333,1,4,compressed_ring_ar
1778535773.8969228,10,83,0.673397,193.15,193.394,660.123,1,4,compressed_ring_ar
1778535774.6680193,10,84,0.502043,175.22,225.682,727.975,1,4,compressed_ring_ar
1778535775.369287,10,85,0.679458,194.03,213.32,658.355,1,4,compressed_ring_ar
1778535776.1347733,10,86,0.511279,177.46,200.373,719.226,1,4,compressed_ring_ar
1778535776.8717833,10,87,0.501509,184.85,141.821,691.123,1,4,compressed_ring_ar
1778535777.6807919,10,88,0.659145,166.59,280.055,765.249,1,4,compressed_ring_ar
1778535778.404344,10,89,0.729677,193.01,141.386,661.069,1,4,compressed_ring_ar
1778535779.1147428,10,90,0.726242,193.44,195.416,659.797,1,4,compressed_ring_ar
1778535779.8711178,10,91,0.794149,182.72,224.932,699.323,1,4,compressed_ring_ar
1778535780.717,10,92,0.661258,158.76,384.3,803.614,1,4,compressed_ring_ar
1778535781.4734414,10,93,0.513213,182.02,214.659,700.365,1,4,compressed_ring_ar
1778535782.1999679,10,94,0.616901,187.48,277.389,679.588,1,4,compressed_ring_ar
1778535782.9323623,10,95,0.718947,186.37,246.035,684.314,1,4,compressed_ring_ar
1778535783.6969223,10,96,0.494581,178.03,355.08,716.079,1,4,compressed_ring_ar
1778535784.2579107,10,97,0.648253,157.29,249.94,531.311,1,4,compressed_ring_ar
1778535795.8059335,11,0,0.655615,190.34,158.122,670.339,1,4,compressed_ring_ar
1778535796.6205893,11,1,0.519662,165.93,479.723,768.985,1,4,compressed_ring_ar
1778535797.3834746,11,2,0.630519,177.0,336.621,719.483,1,4,compressed_ring_ar
1778535798.1282396,11,3,0.588199,183.55,161.742,695.979,1,4,compressed_ring_ar
1778535798.90643,11,4,0.661376,174.44,154.828,730.947,1,4,compressed_ring_ar
1778535799.5888493,11,5,0.652221,201.7,156.922,631.846,1,4,compressed_ring_ar
1778535800.3086941,11,6,0.649931,190.76,310.397,668.414,1,4,compressed_ring_ar
1778535801.0087378,11,7,0.588472,195.1,345.025,652.457,1,4,compressed_ring_ar
1778535801.8007379,11,8,0.680424,171.57,404.088,744.614,1,4,compressed_ring_ar
1778535802.4898708,11,9,0.605295,198.32,167.03,643.059,1,4,compressed_ring_ar
1778535803.2992613,11,10,0.682331,168.61,231.863,757.712,1,4,compressed_ring_ar
1778535804.000943,11,11,0.599099,198.5,150.229,643.38,1,4,compressed_ring_ar
1778535804.6766007,11,12,0.623597,202.05,164.348,632.291,1,4,compressed_ring_ar
1778535805.457025,11,13,0.621336,175.06,433.304,728.23,1,4,compressed_ring_ar
1778535806.197066,11,14,0.547473,182.12,298.306,699.765,1,4,compressed_ring_ar
1778535806.8995047,11,15,0.588886,194.05,191.543,657.762,1,4,compressed_ring_ar
1778535807.5905135,11,16,0.524605,197.09,184.083,648.012,1,4,compressed_ring_ar
1778535808.322943,11,17,0.810657,186.13,177.544,686.306,1,4,compressed_ring_ar
1778535809.066384,11,18,0.69529,184.39,190.477,689.695,1,4,compressed_ring_ar
1778535809.8619328,11,19,0.645452,169.49,275.688,752.646,1,4,compressed_ring_ar
1778535810.6440494,11,20,0.636678,172.83,345.353,738.275,1,4,compressed_ring_ar
1778535811.3772302,11,21,0.507207,187.08,188.143,679.635,1,4,compressed_ring_ar
1778535812.0736706,11,22,0.536178,196.8,134.228,648.02,1,4,compressed_ring_ar
1778535812.8279872,11,23,0.539894,181.03,337.761,705.55,1,4,compressed_ring_ar
1778535813.5724065,11,24,0.73795,185.71,180.439,686.23,1,4,compressed_ring_ar
1778535814.2524853,11,25,0.772608,209.44,132.087,608.369,1,4,compressed_ring_ar
1778535815.1084974,11,26,0.678905,157.91,479.997,809.28,1,4,compressed_ring_ar
1778535815.8663318,11,27,0.459636,177.84,227.175,717.643,1,4,compressed_ring_ar
1778535816.5760894,11,28,0.623842,191.77,194.714,666.242,1,4,compressed_ring_ar
1778535817.3210814,11,29,0.599823,186.11,167.838,685.703,1,4,compressed_ring_ar
1778535818.0139716,11,30,0.493524,196.68,135.796,647.653,1,4,compressed_ring_ar
1778535818.7921605,11,31,0.554953,173.95,337.915,733.347,1,4,compressed_ring_ar
1778535819.522799,11,32,0.532768,184.23,234.199,692.174,1,4,compressed_ring_ar
1778535820.2763486,11,33,0.705161,178.98,432.29,714.134,1,4,compressed_ring_ar
1778535821.1066296,11,34,0.659306,163.38,161.167,780.582,1,4,compressed_ring_ar
1778535821.8842068,11,35,0.571638,172.9,326.77,738.364,1,4,compressed_ring_ar
1778535822.6295311,11,36,0.636696,183.96,199.281,694.592,1,4,compressed_ring_ar
1778535823.320871,11,37,0.722664,200.67,149.883,634.562,1,4,compressed_ring_ar
1778535824.1101704,11,38,0.458905,173.68,359.393,735.637,1,4,compressed_ring_ar
1778535824.8618333,11,39,0.592683,185.54,177.238,685.503,1,4,compressed_ring_ar
1778535825.5923817,11,40,0.552652,185.46,343.346,687.317,1,4,compressed_ring_ar
1778535826.335188,11,41,0.561636,183.16,314.738,694.99,1,4,compressed_ring_ar
1778535827.0237985,11,42,0.705196,196.95,177.717,647.955,1,4,compressed_ring_ar
1778535827.778083,11,43,0.571369,182.11,142.134,700.166,1,4,compressed_ring_ar
1778535828.5154772,11,44,0.570714,183.26,322.352,695.532,1,4,compressed_ring_ar
1778535829.2327502,11,45,0.685733,189.64,197.663,671.684,1,4,compressed_ring_ar
1778535829.996759,11,46,0.670361,176.75,340.102,721.805,1,4,compressed_ring_ar
1778535830.7517302,11,47,0.771495,178.61,236.762,713.563,1,4,compressed_ring_ar
1778535831.4846325,11,48,0.605232,188.31,170.998,675.148,1,4,compressed_ring_ar
1778535832.2512414,11,49,0.575228,175.53,245.948,727.929,1,4,compressed_ring_ar
1778535832.9202619,11,50,0.67468,203.49,191.065,625.867,1,4,compressed_ring_ar
1778535833.7275488,11,51,0.571335,167.03,526.508,764.131,1,4,compressed_ring_ar
1778535834.5383537,11,52,0.722661,167.28,350.283,760.753,1,4,compressed_ring_ar
1778535835.2847776,11,53,0.615521,184.09,150.861,694.1,1,4,compressed_ring_ar
1778535836.1174483,11,54,0.695126,164.1,148.841,775.513,1,4,compressed_ring_ar
1778535836.8430865,11,55,0.48746,188.88,165.425,676.287,1,4,compressed_ring_ar
1778535837.599862,11,56,0.588755,181.18,157.517,701.864,1,4,compressed_ring_ar
1778535838.3093123,11,57,0.610061,192.7,217.727,661.57,1,4,compressed_ring_ar
1778535839.171866,11,58,0.643755,156.66,512.199,815.663,1,4,compressed_ring_ar
1778535839.886559,11,59,0.703598,190.44,182.482,670.783,1,4,compressed_ring_ar
1778535840.647831,11,60,0.505649,179.73,144.17,709.678,1,4,compressed_ring_ar
1778535841.3304796,11,61,0.660889,199.91,182.563,637.519,1,4,compressed_ring_ar
1778535842.1027045,11,62,0.738914,178.13,271.287,715.998,1,4,compressed_ring_ar
1778535842.8506155,11,63,0.548302,183.54,359.027,694.742,1,4,compressed_ring_ar
1778535843.5732193,11,64,0.692682,187.11,366.732,681.378,1,4,compressed_ring_ar
1778535844.3325162,11,65,0.824413,177.39,408.355,719.223,1,4,compressed_ring_ar
1778535845.0982122,11,66,0.71705,176.2,287.761,725.028,1,4,compressed_ring_ar
1778535845.9239066,11,67,0.486593,164.44,146.195,777.313,1,4,compressed_ring_ar
1778535846.6731381,11,68,0.616313,181.58,154.122,703.513,1,4,compressed_ring_ar
1778535847.4190998,11,69,0.538843,182.42,169.552,699.943,1,4,compressed_ring_ar
1778535848.130488,11,70,0.509984,193.53,131.21,658.403,1,4,compressed_ring_ar
1778535848.934694,11,71,0.671431,167.08,386.25,764.753,1,4,compressed_ring_ar
1778535849.6649563,11,72,0.578657,185.71,157.657,687.197,1,4,compressed_ring_ar
1778535850.3626504,11,73,0.518109,194.38,270.767,655.88,1,4,compressed_ring_ar
1778535851.121407,11,74,0.54854,177.43,370.398,720.094,1,4,compressed_ring_ar
1778535851.820349,11,75,0.540975,196.16,132.635,649.711,1,4,compressed_ring_ar
1778535852.5932662,11,76,0.409251,174.59,343.867,731.543,1,4,compressed_ring_ar
1778535853.4800823,11,77,0.648319,153.56,372.931,829.651,1,4,compressed_ring_ar
1778535854.2916844,11,78,0.682559,167.04,288.512,764.952,1,4,compressed_ring_ar
1778535854.9940143,11,79,0.570521,193.55,194.808,658.601,1,4,compressed_ring_ar
1778535855.7703598,11,80,0.611368,174.24,343.206,732.848,1,4,compressed_ring_ar
1778535856.4592485,11,81,0.553708,197.51,208.13,644.722,1,4,compressed_ring_ar
1778535857.2386806,11,82,0.410697,176.83,352.771,722.61,1,4,compressed_ring_ar
1778535857.9521859,11,83,0.67793,193.72,168.995,657.481,1,4,compressed_ring_ar
1778535858.7330015,11,84,0.586469,171.85,398.711,743.479,1,4,compressed_ring_ar
1778535859.4497,11,85,0.581404,190.48,187.424,669.192,1,4,compressed_ring_ar
1778535860.1778142,11,86,0.559695,189.52,195.785,672.657,1,4,compressed_ring_ar
1778535860.9888291,11,87,0.510526,166.28,381.85,764.678,1,4,compressed_ring_ar
1778535861.714799,11,88,0.576588,188.12,170.986,679.004,1,4,compressed_ring_ar
1778535862.4486303,11,89,0.503002,191.9,151.652,665.72,1,4,compressed_ring_ar
1778535863.285451,11,90,0.572888,161.64,256.212,790.729,1,4,compressed_ring_ar
1778535864.0038056,11,91,0.548853,194.92,138.943,655.324,1,4,compressed_ring_ar
1778535864.733415,11,92,0.617339,185.55,261.865,688.478,1,4,compressed_ring_ar
1778535865.4931657,11,93,0.627528,179.88,181.085,710.291,1,4,compressed_ring_ar
1778535866.177497,11,94,0.511067,200.5,129.893,635.693,1,4,compressed_ring_ar
1778535867.0628335,11,95,0.574409,151.75,422.008,839.402,1,4,compressed_ring_ar
1778535867.8075123,11,96,0.64673,182.14,207.591,700.617,1,4,compressed_ring_ar
1778535868.3997316,11,97,0.576056,158.78,147.375,521.418,1,4,compressed_ring_ar
1778535879.6136522,12,0,0.499302,167.92,193.531,758.598,1,4,compressed_ring_ar
1778535880.3218493,12,1,0.552127,191.09,357.938,667.543,1,4,compressed_ring_ar
1778535881.0535145,12,2,0.533418,185.89,261.889,684.51,1,4,compressed_ring_ar
1778535881.8294282,12,3,0.514569,178.08,168.132,715.481,1,4,compressed_ring_ar
1778535882.5435364,12,4,0.477674,189.88,209.983,671.345,1,4,compressed_ring_ar
1778535883.2651052,12,5,0.580848,187.15,271.32,682.625,1,4,compressed_ring_ar
1778535883.9760134,12,6,0.613404,195.47,277.778,652.115,1,4,compressed_ring_ar
1778535884.7324746,12,7,0.465198,182.21,245.76,701.138,1,4,compressed_ring_ar
1778535885.4573195,12,8,0.638402,187.53,169.577,681.538,1,4,compressed_ring_ar
1778535886.1685169,12,9,0.432016,192.38,136.005,661.032,1,4,compressed_ring_ar
1778535886.8602736,12,10,0.513255,197.52,154.471,646.822,1,4,compressed_ring_ar
1778535887.5983994,12,11,0.661994,184.67,141.42,691.768,1,4,compressed_ring_ar
1778535888.3833904,12,12,0.461491,174.62,226.759,731.709,1,4,compressed_ring_ar
1778535889.1205318,12,13,0.621138,189.23,190.559,673.289,1,4,compressed_ring_ar
1778535889.8789587,12,14,0.556189,183.45,334.308,695.379,1,4,compressed_ring_ar
1778535890.5915234,12,15,0.662916,192.1,374.461,663.803,1,4,compressed_ring_ar
1778535891.3789983,12,16,0.599289,171.38,481.242,744.39,1,4,compressed_ring_ar
1778535892.0603573,12,17,0.569666,202.23,156.29,630.832,1,4,compressed_ring_ar
1778535892.8328154,12,18,0.564278,174.64,408.258,730.534,1,4,compressed_ring_ar
1778535893.5765078,12,19,0.6026,181.99,222.97,701.93,1,4,compressed_ring_ar
1778535894.4445405,12,20,0.548129,154.61,324.716,825.357,1,4,compressed_ring_ar
1778535895.3378208,12,21,0.566849,152.26,558.911,839.28,1,4,compressed_ring_ar
1778535896.031717,12,22,0.681679,206.09,127.252,618.178,1,4,compressed_ring_ar
1778535896.8372972,12,23,0.493938,169.52,429.477,751.952,1,4,compressed_ring_ar
1778535897.808709,12,24,0.510065,137.45,468.512,928.483,1,4,compressed_ring_ar
1778535898.527969,12,25,0.513331,193.16,390.041,660.322,1,4,compressed_ring_ar
1778535899.2445028,12,26,0.49787,190.15,319.774,670.922,1,4,compressed_ring_ar
1778535899.9954846,12,27,0.491985,180.58,288.778,706.543,1,4,compressed_ring_ar
1778535900.6885688,12,28,0.506175,198.97,201.451,639.96,1,4,compressed_ring_ar
1778535901.457293,12,29,0.683221,178.29,437.539,716.713,1,4,compressed_ring_ar
1778535902.2339473,12,30,0.497114,176.32,150.293,724.649,1,4,compressed_ring_ar
1778535902.9664068,12,31,0.637234,185.71,148.988,688.323,1,4,compressed_ring_ar
1778535903.7060528,12,32,0.589457,183.35,173.604,696.736,1,4,compressed_ring_ar
1778535904.4467995,12,33,0.550585,183.81,217.103,694.514,1,4,compressed_ring_ar
1778535905.188118,12,34,0.752513,188.47,187.27,675.941,1,4,compressed_ring_ar
1778535905.9342067,12,35,0.620488,182.49,436.785,699.159,1,4,compressed_ring_ar
1778535906.6820548,12,36,0.558804,185.61,363.194,688.27,1,4,compressed_ring_ar
1778535907.4359431,12,37,0.459026,178.63,243.618,713.73,1,4,compressed_ring_ar
1778535908.1438453,12,38,0.535901,192.2,314.452,663.044,1,4,compressed_ring_ar
1778535908.9681776,12,39,0.566148,163.68,347.942,780.714,1,4,compressed_ring_ar
1778535909.8268545,12,40,0.511929,157.22,314.394,811.211,1,4,compressed_ring_ar
1778535910.5151134,12,41,0.648635,197.79,190.732,644.16,1,4,compressed_ring_ar
1778535911.266264,12,42,0.594864,180.54,225.441,705.878,1,4,compressed_ring_ar
1778535911.992434,12,43,0.614592,185.46,294.039,688.339,1,4,compressed_ring_ar
1778535912.7698908,12,44,0.624455,172.9,224.149,737.635,1,4,compressed_ring_ar
1778535913.4671311,12,45,0.575977,195.18,205.012,652.539,1,4,compressed_ring_ar
1778535914.2264156,12,46,0.725388,177.75,360.784,718.78,1,4,compressed_ring_ar
1778535914.9160998,12,47,0.449266,196.6,189.562,647.747,1,4,compressed_ring_ar
1778535915.678075,12,48,0.629692,176.89,396.624,721.452,1,4,compressed_ring_ar
1778535916.421055,12,49,0.492585,182.33,176.689,697.903,1,4,compressed_ring_ar
1778535917.1491406,12,50,0.7397,188.79,134.216,675.607,1,4,compressed_ring_ar
1778535917.8827553,12,51,0.627636,184.37,299.385,691.44,1,4,compressed_ring_ar
1778535918.6910279,12,52,0.621007,169.02,285.82,756.01,1,4,compressed_ring_ar
1778535919.3800032,12,53,0.646557,203.79,134.731,625.812,1,4,compressed_ring_ar
1778535920.1290727,12,54,0.430676,180.67,267.559,707.496,1,4,compressed_ring_ar
1778535920.859087,12,55,0.482262,188.14,163.666,679.052,1,4,compressed_ring_ar
1778535921.6069126,12,56,0.419761,181.75,162.289,701.231,1,4,compressed_ring_ar
1778535922.394787,12,57,0.492902,170.57,344.053,749.09,1,4,compressed_ring_ar
1778535923.175142,12,58,0.496344,176.68,141.37,723.075,1,4,compressed_ring_ar
1778535923.8568332,12,59,0.62561,200.56,160.559,636.982,1,4,compressed_ring_ar
1778535924.5575836,12,60,0.489713,198.0,167.558,642.897,1,4,compressed_ring_ar
1778535925.3328068,12,61,0.627881,174.03,394.728,732.786,1,4,compressed_ring_ar
1778535926.0679514,12,62,0.546084,187.78,165.011,680.379,1,4,compressed_ring_ar
1778535926.7850335,12,63,0.580576,193.3,150.119,657.872,1,4,compressed_ring_ar
1778535927.5185995,12,64,0.686552,191.67,146.251,665.715,1,4,compressed_ring_ar
1778535928.2950566,12,65,0.560813,174.76,244.503,729.555,1,4,compressed_ring_ar
1778535929.0366333,12,66,0.5591,182.34,254.322,699.855,1,4,compressed_ring_ar
1778535929.7988205,12,67,0.767327,177.3,242.602,717.437,1,4,compressed_ring_ar
1778535930.4874403,12,68,0.637234,197.41,188.395,645.588,1,4,compressed_ring_ar
1778535931.216404,12,69,0.575681,186.69,219.421,684.262,1,4,compressed_ring_ar
1778535931.9365516,12,70,0.518234,193.05,131.604,658.495,1,4,compressed_ring_ar
1778535932.7223234,12,71,0.520453,170.88,252.647,745.861,1,4,compressed_ring_ar
1778535933.5138023,12,72,0.582654,169.54,257.57,752.512,1,4,compressed_ring_ar
1778535934.2687607,12,73,0.530558,180.36,313.728,706.302,1,4,compressed_ring_ar
1778535935.024388,12,74,0.563073,177.96,292.215,717.429,1,4,compressed_ring_ar
1778535935.772545,12,75,0.53085,180.53,350.991,707.84,1,4,compressed_ring_ar
1778535936.4722557,12,76,0.359213,196.13,142.266,650.316,1,4,compressed_ring_ar
1778535937.1869764,12,77,0.490237,191.06,274.902,667.444,1,4,compressed_ring_ar
1778535937.937447,12,78,0.577537,182.66,323.886,698.214,1,4,compressed_ring_ar
1778535938.6907356,12,79,0.521575,179.47,351.952,707.401,1,4,compressed_ring_ar
1778535939.3870556,12,80,0.483409,196.25,139.57,651.067,1,4,compressed_ring_ar
1778535940.0902588,12,81,0.575411,197.68,125.118,644.345,1,4,compressed_ring_ar
1778535940.8405511,12,82,0.451356,180.2,337.885,708.469,1,4,compressed_ring_ar
1778535941.5977762,12,83,0.582927,178.03,310.568,717.766,1,4,compressed_ring_ar
1778535942.300298,12,84,0.617392,193.18,174.511,661.577,1,4,compressed_ring_ar
1778535943.0408168,12,85,0.48157,188.79,148.79,673.792,1,4,compressed_ring_ar
1778535943.7598436,12,86,0.553337,189.76,195.91,672.244,1,4,compressed_ring_ar
1778535944.4657078,12,87,0.412215,196.31,180.075,649.245,1,4,compressed_ring_ar
1778535945.1738658,12,88,0.639455,192.1,287.666,664.011,1,4,compressed_ring_ar
1778535945.9354396,12,89,0.522559,178.05,300.552,717.511,1,4,compressed_ring_ar
1778535946.642473,12,90,0.580325,195.56,138.371,652.787,1,4,compressed_ring_ar
1778535947.3402438,12,91,0.560423,194.74,160.887,654.334,1,4,compressed_ring_ar
1778535948.052646,12,92,0.441877,190.49,346.906,670.252,1,4,compressed_ring_ar
1778535948.8119915,12,93,0.679813,177.23,301.417,720.968,1,4,compressed_ring_ar
1778535949.5215168,12,94,0.643196,196.44,132.762,650.126,1,4,compressed_ring_ar
1778535950.2224743,12,95,0.544957,194.72,141.864,655.881,1,4,compressed_ring_ar
1778535950.9377017,12,96,0.578773,189.9,165.064,670.215,1,4,compressed_ring_ar
1778535951.5330324,12,97,0.318943,151.41,172.037,548.355,1,4,compressed_ring_ar
1778535962.7206557,13,0,0.67965,176.85,280.864,721.666,1,4,compressed_ring_ar
1778535963.4675062,13,1,0.497325,184.59,162.469,686.229,1,4,compressed_ring_ar
1778535964.1776478,13,2,0.652864,192.32,195.864,662.256,1,4,compressed_ring_ar
1778535964.95046,13,3,0.610938,174.57,364.56,730.602,1,4,compressed_ring_ar
1778535965.7024317,13,4,0.655275,179.23,272.384,710.783,1,4,compressed_ring_ar
1778535966.4654605,13,5,0.592061,178.29,369.783,716.538,1,4,compressed_ring_ar
1778535967.1633,13,6,0.45681,195.07,169.041,654.881,1,4,compressed_ring_ar
1778535967.876507,13,7,0.594142,191.08,140.578,666.807,1,4,compressed_ring_ar
1778535968.708541,13,8,0.612281,161.42,235.883,791.516,1,4,compressed_ring_ar
1778535969.5851786,13,9,0.579256,155.5,213.694,820.277,1,4,compressed_ring_ar
1778535970.3809452,13,10,0.539584,170.83,394.339,748.306,1,4,compressed_ring_ar
1778535971.1544921,13,11,0.683045,183.25,144.72,697.054,1,4,compressed_ring_ar
1778535971.8814967,13,12,0.495921,192.55,150.505,663.374,1,4,compressed_ring_ar
1778535972.6182544,13,13,0.515861,185.61,184.491,688.393,1,4,compressed_ring_ar
1778535973.3298445,13,14,0.484792,195.39,153.327,653.93,1,4,compressed_ring_ar
1778535974.0615954,13,15,0.467184,191.57,205.03,665.82,1,4,compressed_ring_ar
1778535974.7767031,13,16,0.523014,189.46,363.98,673.414,1,4,compressed_ring_ar
1778535975.4731271,13,17,0.616764,194.86,210.576,653.997,1,4,compressed_ring_ar
1778535976.2543893,13,18,0.471077,173.17,426.552,736.332,1,4,compressed_ring_ar
1778535976.969586,13,19,0.477873,188.82,318.787,675.409,1,4,compressed_ring_ar
1778535977.685649,13,20,0.59192,189.52,218.417,673.007,1,4,compressed_ring_ar
1778535978.3838425,13,21,0.455511,195.1,229.644,653.369,1,4,compressed_ring_ar
1778535979.151926,13,22,0.707776,176.27,359.425,723.797,1,4,compressed_ring_ar
1778535979.9747057,13,23,0.586918,163.04,500.28,782.705,1,4,compressed_ring_ar
1778535980.7627652,13,24,0.572111,172.91,442.589,736.933,1,4,compressed_ring_ar
1778535981.526046,13,25,0.58177,178.69,323.422,714.91,1,4,compressed_ring_ar
1778535982.222027,13,26,0.480209,198.0,162.699,643.18,1,4,compressed_ring_ar
1778535982.9716318,13,27,0.65846,179.49,306.791,711.958,1,4,compressed_ring_ar
1778535983.7214677,13,28,0.566296,182.34,167.032,698.9,1,4,compressed_ring_ar
1778535984.4422991,13,29,0.50175,187.53,300.445,679.005,1,4,compressed_ring_ar
1778535985.1976576,13,30,0.557178,181.65,269.797,701.821,1,4,compressed_ring_ar
1778535985.8730273,13,31,0.48419,203.68,134.85,627.316,1,4,compressed_ring_ar
1778535986.6486936,13,32,0.558344,174.87,246.473,729.756,1,4,compressed_ring_ar
1778535987.368701,13,33,0.386562,186.65,177.346,684.415,1,4,compressed_ring_ar
1778535988.117828,13,34,0.545008,182.54,161.898,699.811,1,4,compressed_ring_ar
1778535988.8654027,13,35,0.645308,179.79,258.622,709.246,1,4,compressed_ring_ar
1778535989.6803906,13,36,0.516111,167.22,427.28,761.656,1,4,compressed_ring_ar
1778535990.5768707,13,37,0.515685,149.23,528.493,855.239,1,4,compressed_ring_ar
1778535991.378595,13,38,0.516778,171.55,293.267,745.185,1,4,compressed_ring_ar
1778535992.204915,13,39,0.585623,168.54,319.687,758.141,1,4,compressed_ring_ar
1778535992.9103234,13,40,0.60925,197.57,183.507,646.544,1,4,compressed_ring_ar
1778535993.7208407,13,41,0.637892,167.29,320.086,760.795,1,4,compressed_ring_ar
1778535994.4779084,13,42,0.501731,179.51,218.847,710.876,1,4,compressed_ring_ar
1778535995.174709,13,43,0.571105,195.93,186.458,651.094,1,4,compressed_ring_ar
1778535995.896945,13,44,0.657283,187.16,197.479,681.018,1,4,compressed_ring_ar
1778535996.6646016,13,45,0.411762,181.25,206.057,702.998,1,4,compressed_ring_ar
1778535997.3806767,13,46,0.433855,189.96,214.061,671.638,1,4,compressed_ring_ar
1778535998.0977523,13,47,0.535624,188.39,222.777,678.006,1,4,compressed_ring_ar
1778535998.8172336,13,48,0.518352,188.5,185.626,676.908,1,4,compressed_ring_ar
1778535999.5380795,13,49,0.484289,188.5,214.995,677.828,1,4,compressed_ring_ar
1778536000.2464476,13,50,0.463213,190.7,194.821,669.85,1,4,compressed_ring_ar
1778536000.945992,13,51,0.691078,194.24,215.808,656.135,1,4,compressed_ring_ar
1778536001.684082,13,52,0.481761,183.03,330.584,696.595,1,4,compressed_ring_ar
1778536002.53782,13,53,0.526377,160.31,444.046,795.657,1,4,compressed_ring_ar
1778536003.3101065,13,54,0.573126,176.92,364.601,722.07,1,4,compressed_ring_ar
1778536003.9996836,13,55,0.46576,206.74,143.048,617.93,1,4,compressed_ring_ar
1778536004.7356303,13,56,0.610528,184.4,252.515,689.882,1,4,compressed_ring_ar
1778536005.4730408,13,57,0.511929,189.89,204.729,672.718,1,4,compressed_ring_ar
1778536006.2094026,13,58,0.534347,185.44,245.587,688.839,1,4,compressed_ring_ar
1778536006.92948,13,59,0.549691,191.26,134.5,668.018,1,4,compressed_ring_ar
1778536007.6637397,13,60,0.625521,187.55,145.39,681.097,1,4,compressed_ring_ar
1778536008.3425586,13,61,0.580748,201.85,156.577,631.782,1,4,compressed_ring_ar
1778536009.072625,13,62,0.758063,187.51,321.514,680.576,1,4,compressed_ring_ar
1778536009.8319626,13,63,0.508722,180.31,216.16,708.454,1,4,compressed_ring_ar
1778536010.5339403,13,64,0.450343,194.88,171.765,655.508,1,4,compressed_ring_ar
1778536011.2501996,13,65,0.552588,193.84,143.33,659.344,1,4,compressed_ring_ar
1778536011.9701335,13,66,0.445901,193.13,133.351,660.176,1,4,compressed_ring_ar
1778536012.7270725,13,67,0.481901,181.15,290.316,705.236,1,4,compressed_ring_ar
1778536013.4844818,13,68,0.532602,177.45,289.682,718.236,1,4,compressed_ring_ar
1778536014.2117958,13,69,0.528765,187.11,418.628,682.803,1,4,compressed_ring_ar
1778536015.0434668,13,70,0.557471,162.53,148.987,784.053,1,4,compressed_ring_ar
1778536015.8309593,13,71,0.670755,170.51,397.688,748.217,1,4,compressed_ring_ar
1778536016.6091082,13,72,0.494055,178.27,206.016,716.707,1,4,compressed_ring_ar
1778536017.341498,13,73,0.556859,187.18,184.531,681.258,1,4,compressed_ring_ar
1778536018.0720208,13,74,0.539243,189.19,196.992,674.391,1,4,compressed_ring_ar
1778536018.9104762,13,75,0.524021,161.32,151.903,792.122,1,4,compressed_ring_ar
1778536019.6326618,13,76,0.483418,191.49,127.331,666.258,1,4,compressed_ring_ar
1778536020.3480706,13,77,0.463956,191.0,303.494,667.042,1,4,compressed_ring_ar
1778536021.0858586,13,78,0.46065,182.65,269.656,699.669,1,4,compressed_ring_ar
1778536021.8693252,13,79,0.540492,174.11,213.119,730.966,1,4,compressed_ring_ar
1778536022.5885718,13,80,0.491522,189.33,151.569,672.17,1,4,compressed_ring_ar
1778536023.3364875,13,81,0.398759,182.84,204.19,697.237,1,4,compressed_ring_ar
1778536024.107697,13,82,0.549611,176.96,371.629,719.73,1,4,compressed_ring_ar
1778536024.8707957,13,83,0.67869,177.02,418.371,721.005,1,4,compressed_ring_ar
1778536025.616371,13,84,0.547155,182.17,337.959,701.408,1,4,compressed_ring_ar
1778536026.3565562,13,85,0.607459,183.86,247.334,694.213,1,4,compressed_ring_ar
1778536027.0998592,13,86,0.51603,185.4,342.269,687.628,1,4,compressed_ring_ar
1778536027.8400528,13,87,0.458461,188.36,133.072,678.155,1,4,compressed_ring_ar
1778536028.5948582,13,88,0.556273,182.27,165.421,700.195,1,4,compressed_ring_ar
1778536029.3695345,13,89,0.591678,175.6,224.26,727.604,1,4,compressed_ring_ar
1778536030.2254956,13,90,0.59534,156.68,302.96,813.839,1,4,compressed_ring_ar
1778536030.967769,13,91,0.467797,187.02,348.933,680.897,1,4,compressed_ring_ar
1778536031.7592804,13,92,0.43787,169.43,417.444,750.892,1,4,compressed_ring_ar
1778536032.51117,13,93,0.496066,180.87,193.444,703.504,1,4,compressed_ring_ar
1778536033.2564268,13,94,0.524301,180.97,203.733,705.907,1,4,compressed_ring_ar
1778536033.9614332,13,95,0.545536,194.98,170.387,652.883,1,4,compressed_ring_ar
1778536034.7975333,13,96,0.491046,163.21,361.07,782.82,1,4,compressed_ring_ar
1778536035.3409436,13,97,0.691507,170.83,138.764,489.092,1,4,compressed_ring_ar
1778536046.8192017,14,0,0.65461,159.79,291.054,799.305,1,4,compressed_ring_ar
1778536047.566553,14,1,0.660985,182.76,169.718,697.379,1,4,compressed_ring_ar
1778536048.2896998,14,2,0.504622,190.63,167.161,667.644,1,4,compressed_ring_ar
1778536049.0963297,14,3,0.388742,167.74,160.891,760.639,1,4,compressed_ring_ar
1778536049.7995794,14,4,0.542634,193.19,188.564,661.325,1,4,compressed_ring_ar
1778536050.546944,14,5,0.59447,183.49,205.129,694.702,1,4,compressed_ring_ar
1778536051.260398,14,6,0.551549,189.81,283.818,671.49,1,4,compressed_ring_ar
1778536051.960692,14,7,0.600637,193.54,288.563,659.03,1,4,compressed_ring_ar
1778536052.7328844,14,8,0.538495,174.63,325.277,731.684,1,4,compressed_ring_ar
1778536053.483707,14,9,0.595938,180.9,224.456,706.344,1,4,compressed_ring_ar
1778536054.216024,14,10,0.505498,191.7,156.67,662.57,1,4,compressed_ring_ar
1778536055.005799,14,11,0.421155,171.26,139.129,739.71,1,4,compressed_ring_ar
1778536055.79365,14,12,0.534686,171.6,227.456,741.69,1,4,compressed_ring_ar
1778536056.5280066,14,13,0.559767,191.23,150.366,667.946,1,4,compressed_ring_ar
1778536057.1960394,14,14,0.509364,204.0,156.637,625.18,1,4,compressed_ring_ar
1778536057.9679039,14,15,0.475917,174.51,324.837,731.293,1,4,compressed_ring_ar
1778536058.6667929,14,16,0.453327,195.08,209.908,653.652,1,4,compressed_ring_ar
1778536059.387184,14,17,0.385447,188.11,201.893,679.171,1,4,compressed_ring_ar
1778536060.1057634,14,18,0.503489,189.91,164.844,671.885,1,4,compressed_ring_ar
1778536060.8879242,14,19,0.382214,173.93,148.037,734.54,1,4,compressed_ring_ar
1778536061.6516376,14,20,0.462277,181.47,150.29,701.971,1,4,compressed_ring_ar
1778536062.3641298,14,21,0.631271,192.07,167.663,665.257,1,4,compressed_ring_ar
1778536063.133527,14,22,0.544229,177.68,134.161,718.681,1,4,compressed_ring_ar
1778536063.8814502,14,23,0.470243,181.68,225.628,702.333,1,4,compressed_ring_ar
1778536064.5759587,14,24,0.566212,203.26,140.216,626.985,1,4,compressed_ring_ar
1778536065.3354905,14,25,0.53707,180.6,283.63,707.5,1,4,compressed_ring_ar
1778536066.0398104,14,26,0.671025,195.88,145.058,647.901,1,4,compressed_ring_ar
1778536066.7417762,14,27,0.438327,198.16,146.531,642.762,1,4,compressed_ring_ar
1778536067.5264456,14,28,0.474204,175.98,364.313,723.518,1,4,compressed_ring_ar
1778536068.2674677,14,29,0.616046,182.16,266.248,700.286,1,4,compressed_ring_ar
1778536068.983969,14,30,0.510409,189.71,197.864,673.4,1,4,compressed_ring_ar
1778536069.827144,14,31,0.63328,159.81,312.696,798.8,1,4,compressed_ring_ar
1778536070.5441012,14,32,0.544365,189.96,253.626,671.029,1,4,compressed_ring_ar
1778536071.2782257,14,33,0.462404,183.95,321.211,692.859,1,4,compressed_ring_ar
1778536072.0636046,14,34,0.457756,174.38,388.856,731.787,1,4,compressed_ring_ar
1778536072.7647724,14,35,0.440467,198.28,199.679,642.681,1,4,compressed_ring_ar
1778536073.505311,14,36,0.644284,183.45,245.215,694.424,1,4,compressed_ring_ar
1778536074.2272584,14,37,0.528817,187.47,398.615,681.424,1,4,compressed_ring_ar
1778536074.9400802,14,38,0.5857,191.68,193.222,664.415,1,4,compressed_ring_ar
1778536075.6989586,14,39,0.452231,179.79,359.091,710.512,1,4,compressed_ring_ar
1778536076.504561,14,40,0.468084,168.62,146.292,755.533,1,4,compressed_ring_ar
1778536077.304421,14,41,0.556469,171.95,394.138,743.033,1,4,compressed_ring_ar
1778536078.053896,14,42,0.490709,181.7,211.86,703.076,1,4,compressed_ring_ar
1778536078.8380322,14,43,0.42679,173.47,214.634,736.68,1,4,compressed_ring_ar
1778536079.5539057,14,44,0.546421,192.25,205.542,664.406,1,4,compressed_ring_ar
1778536080.4281514,14,45,0.554347,155.33,163.782,822.749,1,4,compressed_ring_ar
1778536081.1307538,14,46,0.473525,195.93,155.687,651.646,1,4,compressed_ring_ar
1778536081.8521972,14,47,0.678181,191.58,163.606,663.236,1,4,compressed_ring_ar
1778536082.606554,14,48,0.485513,181.0,203.324,705.759,1,4,compressed_ring_ar
1778536083.3702514,14,49,0.508582,178.96,140.302,712.173,1,4,compressed_ring_ar
1778536084.1521227,14,50,0.523691,174.98,257.676,730.241,1,4,compressed_ring_ar
1778536084.9166374,14,51,0.478837,181.85,139.629,701.22,1,4,compressed_ring_ar
1778536085.6651926,14,52,0.650306,182.05,353.131,701.455,1,4,compressed_ring_ar
1778536086.4416249,14,53,0.500268,174.25,217.871,732.885,1,4,compressed_ring_ar
1778536087.2590287,14,54,0.533227,166.1,266.894,767.823,1,4,compressed_ring_ar
1778536088.017492,14,55,0.496078,181.71,389.154,702.109,1,4,compressed_ring_ar
1778536088.7748895,14,56,0.527188,184.08,301.01,693.996,1,4,compressed_ring_ar
1778536089.4560063,14,57,0.555199,200.93,152.337,635.541,1,4,compressed_ring_ar
1778536090.1979601,14,58,0.564886,182.62,223.385,696.692,1,4,compressed_ring_ar
1778536090.9625537,14,59,0.531717,182.37,148.266,700.431,1,4,compressed_ring_ar
1778536091.755229,14,60,0.645917,171.6,248.533,742.747,1,4,compressed_ring_ar
1778536092.4602282,14,61,0.462409,191.08,254.032,667.081,1,4,compressed_ring_ar
1778536093.2241812,14,62,0.494755,181.54,273.892,703.647,1,4,compressed_ring_ar
1778536094.0728292,14,63,0.470213,159.91,146.389,797.631,1,4,compressed_ring_ar
1778536094.8172495,14,64,0.560378,182.69,248.363,698.431,1,4,compressed_ring_ar
1778536095.5456395,14,65,0.595734,186.62,324.967,684.523,1,4,compressed_ring_ar
1778536096.2470386,14,66,0.525081,194.48,140.62,655.105,1,4,compressed_ring_ar
1778536096.9931407,14,67,0.599786,181.92,402.021,702.288,1,4,compressed_ring_ar
1778536097.72741,14,68,0.600102,184.3,220.558,691.973,1,4,compressed_ring_ar
1778536098.4730875,14,69,0.515199,183.0,235.264,696.71,1,4,compressed_ring_ar
1778536099.2571328,14,70,0.557463,176.54,283.435,722.153,1,4,compressed_ring_ar
1778536099.9972622,14,71,0.540057,183.7,150.398,695.386,1,4,compressed_ring_ar
1778536100.7621439,14,72,0.439609,176.09,216.465,725.495,1,4,compressed_ring_ar
1778536101.5052252,14,73,0.369139,181.85,256.579,702.495,1,4,compressed_ring_ar
1778536102.268217,14,74,0.474686,178.75,168.74,714.807,1,4,compressed_ring_ar
1778536102.9868205,14,75,0.619814,189.18,200.49,675.206,1,4,compressed_ring_ar
1778536103.7557492,14,76,0.566938,176.33,252.206,722.796,1,4,compressed_ring_ar
1778536104.4729023,14,77,0.532908,188.28,230.715,673.597,1,4,compressed_ring_ar
1778536105.1633098,14,78,0.42973,200.92,162.068,633.475,1,4,compressed_ring_ar
1778536105.9167554,14,79,0.546197,181.05,360.648,705.648,1,4,compressed_ring_ar
1778536106.6471753,14,80,0.476135,187.02,136.783,681.887,1,4,compressed_ring_ar
1778536107.4358685,14,81,0.508095,170.61,328.086,749.002,1,4,compressed_ring_ar
1778536108.295676,14,82,0.538286,158.28,184.25,806.202,1,4,compressed_ring_ar
1778536109.0643523,14,83,0.586303,184.39,225.635,692.811,1,4,compressed_ring_ar
1778536109.898015,14,84,0.549141,164.49,291.818,776.961,1,4,compressed_ring_ar
1778536110.6248431,14,85,0.445042,190.85,140.324,669.201,1,4,compressed_ring_ar
1778536111.3998253,14,86,0.434588,174.52,228.607,729.548,1,4,compressed_ring_ar
1778536112.1384885,14,87,0.521356,181.98,245.028,700.436,1,4,compressed_ring_ar
1778536112.8991673,14,88,0.503577,179.02,320.855,709.953,1,4,compressed_ring_ar
1778536113.5918524,14,89,0.710631,195.5,174.54,652.078,1,4,compressed_ring_ar
1778536114.3988342,14,90,0.521194,168.81,455.261,755.462,1,4,compressed_ring_ar
1778536115.1857271,14,91,0.537717,173.0,363.432,738.201,1,4,compressed_ring_ar
1778536115.9099612,14,92,0.469719,188.94,191.777,673.857,1,4,compressed_ring_ar
1778536116.6317785,14,93,0.447284,189.64,158.041,673.595,1,4,compressed_ring_ar
1778536117.3364193,14,94,0.471488,192.69,230.994,661.051,1,4,compressed_ring_ar
1778536118.0942776,14,95,0.523457,179.3,422.148,709.357,1,4,compressed_ring_ar
1778536118.8159742,14,96,0.477877,190.05,211.778,670.61,1,4,compressed_ring_ar
1778536119.450539,14,97,0.578035,138.68,248.245,603.433,1,4,compressed_ring_ar
1778536130.3616714,15,0,0.524441,176.64,259.628,721.417,1,4,compressed_ring_ar
1778536131.1961741,15,1,0.592698,161.66,491.074,788.508,1,4,compressed_ring_ar
1778536131.9677186,15,2,0.553893,178.63,357.434,713.932,1,4,compressed_ring_ar
1778536132.7179303,15,3,0.460544,180.86,355.807,706.303,1,4,compressed_ring_ar
1778536133.4668386,15,4,0.444997,182.15,148.13,698.951,1,4,compressed_ring_ar
1778536134.196425,15,5,0.461879,195.02,142.788,655.033,1,4,compressed_ring_ar
1778536134.9169507,15,6,0.507989,196.33,132.368,647.194,1,4,compressed_ring_ar
1778536135.672742,15,7,0.623691,183.9,160.872,692.704,1,4,compressed_ring_ar
1778536136.4249785,15,8,0.517335,180.76,370.009,705.164,1,4,compressed_ring_ar
1778536137.182258,15,9,0.421384,178.79,353.804,714.539,1,4,compressed_ring_ar
1778536137.9693015,15,10,0.505858,170.55,311.119,747.565,1,4,compressed_ring_ar
1778536138.7177193,15,11,0.44169,180.66,286.74,706.461,1,4,compressed_ring_ar
1778536139.4452467,15,12,0.631378,187.17,203.509,681.17,1,4,compressed_ring_ar
1778536140.1982698,15,13,0.438126,178.93,260.556,714.304,1,4,compressed_ring_ar
1778536140.89092,15,14,0.440955,198.9,133.944,640.906,1,4,compressed_ring_ar
1778536141.704349,15,15,0.432668,165.04,446.22,772.817,1,4,compressed_ring_ar
1778536142.4609554,15,16,0.443651,180.24,419.079,708.831,1,4,compressed_ring_ar
1778536143.229214,15,17,0.465387,179.51,133.824,711.769,1,4,compressed_ring_ar
1778536144.0057592,15,18,0.502622,177.37,163.247,719.385,1,4,compressed_ring_ar
1778536144.7451842,15,19,0.50619,182.95,201.091,698.256,1,4,compressed_ring_ar
1778536145.4791267,15,20,0.497382,187.11,163.828,682.81,1,4,compressed_ring_ar
1778536146.1753123,15,21,0.414989,197.85,162.327,641.652,1,4,compressed_ring_ar
1778536146.9523976,15,22,0.546133,174.78,185.994,730.959,1,4,compressed_ring_ar
1778536147.6671085,15,23,0.435251,192.5,138.043,661.75,1,4,compressed_ring_ar
1778536148.4088724,15,24,0.468013,183.26,406.982,696.012,1,4,compressed_ring_ar
1778536149.1412785,15,25,0.464698,185.96,222.785,685.008,1,4,compressed_ring_ar
1778536149.9220912,15,26,0.506808,175.34,212.459,724.684,1,4,compressed_ring_ar
1778536150.660878,15,27,0.472172,182.55,213.352,695.599,1,4,compressed_ring_ar
1778536151.4081426,15,28,0.506963,180.27,206.656,708.69,1,4,compressed_ring_ar
1778536152.1177692,15,29,0.341021,192.62,190.454,661.762,1,4,compressed_ring_ar
1778536152.8872273,15,30,0.636596,179.12,347.245,712.45,1,4,compressed_ring_ar
1778536153.6537158,15,31,0.568114,177.51,297.899,718.845,1,4,compressed_ring_ar
1778536154.4093468,15,32,0.396454,183.33,223.09,696.897,1,4,compressed_ring_ar
1778536155.163808,15,33,0.519168,181.34,173.719,704.808,1,4,compressed_ring_ar
1778536155.981656,15,34,0.503154,165.29,243.232,771.583,1,4,compressed_ring_ar
1778536156.7475348,15,35,0.505708,178.47,148.484,715.896,1,4,compressed_ring_ar
1778536157.4959793,15,36,0.479174,182.78,142.536,697.299,1,4,compressed_ring_ar
1778536158.1708047,15,37,0.431524,203.64,206.236,623.202,1,4,compressed_ring_ar
1778536158.9280176,15,38,0.39997,180.38,151.494,708.285,1,4,compressed_ring_ar
1778536159.775305,15,39,0.461195,160.29,166.196,795.717,1,4,compressed_ring_ar
1778536160.5074842,15,40,0.471804,190.2,160.065,671.943,1,4,compressed_ring_ar
1778536161.290273,15,41,0.419192,177.07,164.591,721.739,1,4,compressed_ring_ar
1778536161.9979305,15,42,0.650744,196.37,165.829,647.479,1,4,compressed_ring_ar
1778536162.7318234,15,43,0.592498,184.39,327.406,691.301,1,4,compressed_ring_ar
1778536163.4893043,15,44,0.46504,179.6,303.236,709.778,1,4,compressed_ring_ar
1778536164.3103404,15,45,0.503171,170.76,348.301,748.078,1,4,compressed_ring_ar
1778536164.983039,15,46,0.500981,202.86,146.847,628.02,1,4,compressed_ring_ar
1778536165.740032,15,47,0.550975,178.28,307.978,716.567,1,4,compressed_ring_ar
1778536166.4984636,15,48,0.574556,177.81,137.993,717.091,1,4,compressed_ring_ar
1778536167.2335613,15,49,0.565381,185.91,370.464,687.121,1,4,compressed_ring_ar
1778536167.9997678,15,50,0.413215,177.31,215.834,717.75,1,4,compressed_ring_ar
1778536168.7212405,15,51,0.504692,190.79,139.825,667.913,1,4,compressed_ring_ar
1778536169.4812112,15,52,0.572077,177.73,212.695,716.036,1,4,compressed_ring_ar
1778536170.1855512,15,53,0.490694,194.17,155.722,657.085,1,4,compressed_ring_ar
1778536170.9127374,15,54,0.407048,190.74,197.878,669.042,1,4,compressed_ring_ar
1778536171.6267555,15,55,0.467881,190.16,190.384,671.58,1,4,compressed_ring_ar
1778536172.3672993,15,56,0.394632,184.68,233.623,691.716,1,4,compressed_ring_ar
1778536173.0837126,15,57,0.474241,188.3,221.875,675.793,1,4,compressed_ring_ar
1778536173.898389,15,58,0.523635,165.87,198.374,770.464,1,4,compressed_ring_ar
1778536174.5974445,15,59,0.401327,194.41,197.332,657.042,1,4,compressed_ring_ar
1778536175.322933,15,60,0.57535,190.37,133.721,667.528,1,4,compressed_ring_ar
1778536176.1042616,15,61,0.409018,172.12,294.227,738.728,1,4,compressed_ring_ar
1778536176.8456028,15,62,0.374865,186.35,159.667,684.114,1,4,compressed_ring_ar
1778536177.6175807,15,63,0.436086,175.28,342.472,727.446,1,4,compressed_ring_ar
1778536178.3815641,15,64,0.541274,177.38,267.528,720.2,1,4,compressed_ring_ar
1778536179.080105,15,65,0.492832,200.91,139.134,634.267,1,4,compressed_ring_ar
1778536179.8840396,15,66,0.452424,167.08,409.39,764.858,1,4,compressed_ring_ar
1778536180.5916555,15,67,0.44656,196.57,159.435,647.831,1,4,compressed_ring_ar
1778536181.3995569,15,68,0.586491,170.3,332.066,750.277,1,4,compressed_ring_ar
1778536182.1389496,15,69,0.463093,182.26,221.818,699.927,1,4,compressed_ring_ar
1778536183.0716867,15,70,0.55207,146.06,151.902,873.416,1,4,compressed_ring_ar
1778536183.9279864,15,71,0.509121,158.81,439.252,804.269,1,4,compressed_ring_ar
1778536184.6579342,15,72,0.514074,187.33,247.09,681.979,1,4,compressed_ring_ar
1778536185.3997278,15,73,0.533407,184.68,394.438,690.726,1,4,compressed_ring_ar
1778536186.1316893,15,74,0.612253,185.0,296.245,689.56,1,4,compressed_ring_ar
1778536186.9720404,15,75,0.545137,159.42,423.601,800.678,1,4,compressed_ring_ar
1778536187.7299244,15,76,0.504861,180.51,272.64,707.176,1,4,compressed_ring_ar
1778536188.415573,15,77,0.639887,202.29,137.845,631.435,1,4,compressed_ring_ar
1778536189.1523037,15,78,0.606766,183.12,232.413,698.318,1,4,compressed_ring_ar
1778536189.8959537,15,79,0.606706,181.79,208.634,702.684,1,4,compressed_ring_ar
1778536190.6086533,15,80,0.528609,190.41,203.091,669.162,1,4,compressed_ring_ar
1778536191.4156663,15,81,0.512684,167.38,422.044,763.333,1,4,compressed_ring_ar
1778536192.1899288,15,82,0.532609,173.9,321.6,732.957,1,4,compressed_ring_ar
1778536192.9148562,15,83,0.382687,196.73,152.351,649.296,1,4,compressed_ring_ar
1778536193.650166,15,84,0.614503,184.23,229.838,692.538,1,4,compressed_ring_ar
1778536194.3708196,15,85,0.364885,190.65,273.52,669.274,1,4,compressed_ring_ar
1778536195.090173,15,86,0.605485,191.68,213.724,664.434,1,4,compressed_ring_ar
1778536196.067604,15,87,0.597468,138.79,688.957,920.844,1,4,compressed_ring_ar
1778536196.7770524,15,88,0.500538,190.85,205.027,668.967,1,4,compressed_ring_ar
1778536197.581794,15,89,0.425823,167.37,339.108,759.941,1,4,compressed_ring_ar
1778536198.355179,15,90,0.564397,177.14,139.264,721.389,1,4,compressed_ring_ar
1778536199.0729878,15,91,0.520414,191.5,139.516,662.356,1,4,compressed_ring_ar
1778536199.8113086,15,92,0.62974,185.28,143.897,689.442,1,4,compressed_ring_ar
1778536200.5203297,15,93,0.449599,194.21,137.293,657.747,1,4,compressed_ring_ar
1778536201.2388012,15,94,0.504693,191.96,153.898,665.515,1,4,compressed_ring_ar
1778536201.9492226,15,95,0.473489,189.5,240.62,673.46,1,4,compressed_ring_ar
1778536202.7064617,15,96,0.455653,181.27,223.501,704.906,1,4,compressed_ring_ar
1778536203.3580117,15,97,0.35509,135.0,292.819,617.11,1,4,compressed_ring_ar
1778536214.8954809,16,0,0.678615,189.63,241.93,672.793,1,4,compressed_ring_ar
1778536215.7763762,16,1,0.765108,156.48,335.496,814.749,1,4,compressed_ring_ar
1778536216.4653065,16,2,0.528555,197.85,134.885,644.195,1,4,compressed_ring_ar
1778536217.2316988,16,3,0.503292,177.67,448.207,717.212,1,4,compressed_ring_ar
1778536217.9298472,16,4,0.392885,194.79,193.41,655.066,1,4,compressed_ring_ar
1778536218.6850271,16,5,0.484746,179.11,263.871,713.259,1,4,compressed_ring_ar
1778536219.432319,16,6,0.455216,184.09,135.805,692.278,1,4,compressed_ring_ar
1778536220.1643715,16,7,0.374754,186.11,132.485,684.938,1,4,compressed_ring_ar
1778536220.886225,16,8,0.482813,191.61,204.318,664.957,1,4,compressed_ring_ar
1778536221.626417,16,9,0.555358,183.38,162.0,696.651,1,4,compressed_ring_ar
1778536222.3003953,16,10,0.58042,209.86,135.401,607.445,1,4,compressed_ring_ar
1778536223.0607324,16,11,0.353322,178.69,293.235,714.918,1,4,compressed_ring_ar
1778536223.8047957,16,12,0.536974,184.28,178.161,692.57,1,4,compressed_ring_ar
1778536224.4974253,16,13,0.417822,198.25,209.32,642.797,1,4,compressed_ring_ar
1778536225.2713985,16,14,0.489725,177.56,368.832,718.605,1,4,compressed_ring_ar
1778536225.982766,16,15,0.404639,194.39,148.695,655.883,1,4,compressed_ring_ar
1778536226.7344496,16,16,0.543446,182.79,238.274,698.891,1,4,compressed_ring_ar
1778536227.5052278,16,17,0.527986,175.09,159.287,729.695,1,4,compressed_ring_ar
1778536228.226389,16,18,0.479195,197.69,158.925,646.166,1,4,compressed_ring_ar
1778536228.93658,16,19,0.524016,191.22,181.088,668.263,1,4,compressed_ring_ar
1778536229.6445076,16,20,0.557882,194.75,130.572,654.949,1,4,compressed_ring_ar
1778536230.410968,16,21,0.409294,176.2,224.634,723.412,1,4,compressed_ring_ar
1778536231.0994568,16,22,0.632183,196.73,186.829,645.893,1,4,compressed_ring_ar
1778536231.8053641,16,23,0.414162,191.45,213.087,666.575,1,4,compressed_ring_ar
1778536232.54362,16,24,0.470271,187.24,203.863,678.204,1,4,compressed_ring_ar
1778536233.2794785,16,25,0.40551,185.92,240.57,686.338,1,4,compressed_ring_ar
1778536233.994488,16,26,0.532756,189.08,236.788,674.431,1,4,compressed_ring_ar
1778536234.7576902,16,27,0.609259,177.94,217.621,714.868,1,4,compressed_ring_ar
1778536235.4761448,16,28,0.461428,190.89,158.496,669.222,1,4,compressed_ring_ar
1778536236.1580396,16,29,0.442022,198.03,186.206,644.162,1,4,compressed_ring_ar
1778536236.881118,16,30,0.472571,188.14,256.39,679.025,1,4,compressed_ring_ar
1778536237.6897018,16,31,0.477214,169.03,182.833,755.256,1,4,compressed_ring_ar
1778536238.4715564,16,32,0.446992,175.99,180.006,723.13,1,4,compressed_ring_ar
1778536239.3506877,16,33,0.531633,154.41,306.816,825.359,1,4,compressed_ring_ar
1778536240.0835664,16,34,0.441475,190.09,146.117,670.383,1,4,compressed_ring_ar
1778536240.8986855,16,35,0.451989,170.14,315.026,749.11,1,4,compressed_ring_ar
1778536241.6165307,16,36,0.615383,190.17,192.361,671.902,1,4,compressed_ring_ar
1778536242.3424234,16,37,0.497186,189.28,141.983,674.83,1,4,compressed_ring_ar
1778536243.096849,16,38,0.630216,178.79,218.068,714.486,1,4,compressed_ring_ar
1778536243.8502162,16,39,0.510291,186.05,157.58,685.213,1,4,compressed_ring_ar
1778536244.5964797,16,40,0.584957,184.85,258.688,691.206,1,4,compressed_ring_ar
1778536245.3550029,16,41,0.47566,182.75,165.226,699.0,1,4,compressed_ring_ar
1778536246.1134217,16,42,0.438951,179.29,208.599,712.538,1,4,compressed_ring_ar
1778536246.8265395,16,43,0.380926,189.82,200.477,671.205,1,4,compressed_ring_ar
1778536247.549573,16,44,0.622555,187.75,216.844,678.469,1,4,compressed_ring_ar
1778536248.3295357,16,45,0.54424,173.76,435.816,732.157,1,4,compressed_ring_ar
1778536249.1837027,16,46,0.523989,157.85,190.434,807.823,1,4,compressed_ring_ar
1778536249.951839,16,47,0.626766,183.53,412.125,694.522,1,4,compressed_ring_ar
1778536250.7106154,16,48,0.575238,180.54,355.855,707.617,1,4,compressed_ring_ar
1778536251.4118881,16,49,0.535917,200.36,144.084,634.499,1,4,compressed_ring_ar
1778536252.1642916,16,50,0.521477,180.92,145.183,705.164,1,4,compressed_ring_ar
1778536252.9077249,16,51,0.546439,181.33,246.803,703.124,1,4,compressed_ring_ar
1778536253.7259083,16,52,0.474525,163.91,392.477,779.521,1,4,compressed_ring_ar
1778536254.4287276,16,53,0.503569,194.98,161.597,654.465,1,4,compressed_ring_ar
1778536255.179068,16,54,0.463173,179.92,256.908,708.65,1,4,compressed_ring_ar
1778536255.943017,16,55,0.560457,176.49,317.805,724.053,1,4,compressed_ring_ar
1778536256.6265528,16,56,0.410013,201.15,148.432,635.007,1,4,compressed_ring_ar
1778536257.3865077,16,57,0.464264,177.38,255.746,719.255,1,4,compressed_ring_ar
1778536258.1728032,16,58,0.504895,170.52,410.02,748.119,1,4,compressed_ring_ar
1778536258.9587617,16,59,0.430735,175.33,292.073,726.021,1,4,compressed_ring_ar
1778536259.737562,16,60,0.527026,174.72,151.416,730.75,1,4,compressed_ring_ar
1778536260.5175219,16,61,0.567085,177.57,350.912,719.448,1,4,compressed_ring_ar
1778536261.2411392,16,62,0.427259,192.39,163.447,661.966,1,4,compressed_ring_ar
1778536262.0062962,16,63,0.518041,178.41,213.275,714.046,1,4,compressed_ring_ar
1778536262.8897595,16,64,0.393441,154.41,166.614,827.806,1,4,compressed_ring_ar
1778536263.599909,16,65,0.438848,201.89,144.198,628.96,1,4,compressed_ring_ar
1778536264.3629308,16,66,0.612352,179.64,357.197,710.361,1,4,compressed_ring_ar
1778536265.1312032,16,67,0.451738,176.77,420.267,722.281,1,4,compressed_ring_ar
1778536265.8569536,16,68,0.45098,188.2,188.951,677.553,1,4,compressed_ring_ar
1778536266.6247754,16,69,0.530385,175.31,319.825,728.095,1,4,compressed_ring_ar
1778536267.3723748,16,70,0.45667,182.97,149.785,698.177,1,4,compressed_ring_ar
1778536268.1319947,16,71,0.473616,179.85,136.263,710.343,1,4,compressed_ring_ar
1778536268.9001148,16,72,0.496177,177.97,200.5,717.856,1,4,compressed_ring_ar
1778536269.625827,16,73,0.470236,188.07,181.947,679.152,1,4,compressed_ring_ar
1778536270.462031,16,74,0.503968,161.94,264.312,785.934,1,4,compressed_ring_ar
1778536271.2216783,16,75,0.542659,183.68,158.986,694.114,1,4,compressed_ring_ar
1778536272.018664,16,76,0.507783,168.27,338.927,756.815,1,4,compressed_ring_ar
1778536272.710804,16,77,0.45726,196.07,163.695,651.36,1,4,compressed_ring_ar
1778536273.4581614,16,78,0.500259,181.14,243.738,705.347,1,4,compressed_ring_ar
1778536274.1888006,16,79,0.494394,187.69,169.237,679.7,1,4,compressed_ring_ar
1778536274.928899,16,80,0.613284,182.94,281.157,696.676,1,4,compressed_ring_ar
1778536275.6697278,16,81,0.464135,182.5,287.088,700.026,1,4,compressed_ring_ar
1778536276.380586,16,82,0.625144,190.51,229.541,668.762,1,4,compressed_ring_ar
1778536277.1184,16,83,0.489681,183.69,411.556,693.369,1,4,compressed_ring_ar
1778536277.818789,16,84,0.450537,193.3,263.554,658.869,1,4,compressed_ring_ar
1778536278.5616982,16,85,0.495561,184.52,344.15,690.065,1,4,compressed_ring_ar
1778536279.3123066,16,86,0.590918,180.31,430.334,707.543,1,4,compressed_ring_ar
1778536280.0670474,16,87,0.541187,179.1,293.449,710.146,1,4,compressed_ring_ar
1778536280.774166,16,88,0.534889,195.99,133.458,650.055,1,4,compressed_ring_ar
1778536281.525929,16,89,0.640507,179.08,348.964,713.481,1,4,compressed_ring_ar
1778536282.2758956,16,90,0.432546,182.18,175.185,701.213,1,4,compressed_ring_ar
1778536283.0056975,16,91,0.554037,187.64,172.976,680.782,1,4,compressed_ring_ar
1778536283.6924922,16,92,0.64547,198.84,169.841,640.525,1,4,compressed_ring_ar
1778536284.497606,16,93,0.539395,166.83,385.654,764.47,1,4,compressed_ring_ar
1778536285.2306457,16,94,0.492375,186.3,196.548,684.98,1,4,compressed_ring_ar
1778536285.9689755,16,95,0.571251,185.65,280.191,686.082,1,4,compressed_ring_ar
1778536286.7607915,16,96,0.463119,174.19,297.644,733.427,1,4,compressed_ring_ar
1778536287.3481255,16,97,0.415746,151.14,214.063,553.405,1,4,compressed_ring_ar
1778536298.4428303,17,0,0.497433,150.64,348.431,848.223,1,4,compressed_ring_ar
1778536299.1246617,17,1,0.477537,205.27,139.317,621.819,1,4,compressed_ring_ar
1778536299.9086525,17,2,0.508099,173.15,433.119,735.318,1,4,compressed_ring_ar
1778536300.6831746,17,3,0.415,175.33,172.035,728.856,1,4,compressed_ring_ar
1778536301.3705974,17,4,0.398284,203.59,133.493,624.017,1,4,compressed_ring_ar
1778536302.1123536,17,5,0.463941,182.16,232.315,701.293,1,4,compressed_ring_ar
1778536303.0232465,17,6,0.464264,146.67,385.574,871.297,1,4,compressed_ring_ar
1778536303.7531667,17,7,0.582895,187.35,198.451,681.844,1,4,compressed_ring_ar
1778536304.5101297,17,8,0.504793,180.58,149.376,704.197,1,4,compressed_ring_ar
1778536305.1898878,17,9,0.484942,201.45,156.437,633.022,1,4,compressed_ring_ar
1778536305.8745916,17,10,0.633634,198.43,142.239,641.75,1,4,compressed_ring_ar
1778536306.6434126,17,11,0.440877,174.29,364.945,731.588,1,4,compressed_ring_ar
1778536307.4373107,17,12,0.514574,172.4,149.29,741.099,1,4,compressed_ring_ar
1778536308.1148875,17,13,0.408411,202.17,132.898,630.737,1,4,compressed_ring_ar
1778536308.847337,17,14,0.562014,186.09,171.764,686.457,1,4,compressed_ring_ar
1778536309.5390894,17,15,0.504938,197.88,146.919,642.101,1,4,compressed_ring_ar
1778536310.2842693,17,16,0.397318,183.26,197.325,697.108,1,4,compressed_ring_ar
1778536311.0771184,17,17,0.342172,171.81,217.915,743.624,1,4,compressed_ring_ar
1778536311.8258553,17,18,0.349272,184.85,145.051,690.306,1,4,compressed_ring_ar
1778536312.5578232,17,19,0.388871,185.34,212.636,688.329,1,4,compressed_ring_ar
1778536313.2859554,17,20,0.498826,184.72,278.991,690.043,1,4,compressed_ring_ar
1778536313.9951959,17,21,0.4961,193.29,273.22,659.25,1,4,compressed_ring_ar
1778536314.7289214,17,22,0.605378,184.26,314.542,693.271,1,4,compressed_ring_ar
1778536315.4148984,17,23,0.411042,200.19,138.059,636.559,1,4,compressed_ring_ar
1778536316.1679583,17,24,0.506298,184.5,340.624,691.91,1,4,compressed_ring_ar
1778536316.9111779,17,25,0.530845,186.76,162.376,682.861,1,4,compressed_ring_ar
1778536317.7034543,17,26,0.42853,171.95,303.116,743.388,1,4,compressed_ring_ar
1778536318.481761,17,27,0.459043,173.16,319.852,737.179,1,4,compressed_ring_ar
1778536319.156952,17,28,0.42356,202.27,195.18,629.995,1,4,compressed_ring_ar
1778536319.8816717,17,29,0.523397,187.14,285.729,681.258,1,4,compressed_ring_ar
1778536320.5852606,17,30,0.470897,193.2,192.134,659.877,1,4,compressed_ring_ar
1778536321.3159177,17,31,0.616173,185.31,342.636,687.9,1,4,compressed_ring_ar
1778536322.05612,17,32,0.572233,182.51,387.468,699.195,1,4,compressed_ring_ar
1778536322.7830455,17,33,0.480079,185.55,249.966,686.813,1,4,compressed_ring_ar
1778536323.5375068,17,34,0.472297,179.03,149.74,712.232,1,4,compressed_ring_ar
1778536324.2983959,17,35,0.45769,179.96,296.979,709.921,1,4,compressed_ring_ar
1778536325.0509784,17,36,0.446359,181.35,224.053,703.112,1,4,compressed_ring_ar
1778536325.821772,17,37,0.47994,175.51,307.535,728.041,1,4,compressed_ring_ar
1778536326.5529616,17,38,0.450604,187.49,168.748,678.952,1,4,compressed_ring_ar
1778536327.2621338,17,39,0.598333,193.82,132.873,657.068,1,4,compressed_ring_ar
1778536327.9548724,17,40,0.506156,197.52,264.767,644.823,1,4,compressed_ring_ar
1778536328.6715903,17,41,0.47083,188.89,330.506,674.3,1,4,compressed_ring_ar
1778536329.466862,17,42,0.694021,168.8,369.864,756.082,1,4,compressed_ring_ar
1778536330.2006435,17,43,0.518433,188.07,154.657,677.412,1,4,compressed_ring_ar
1778536330.954611,17,44,0.411579,178.59,366.833,714.009,1,4,compressed_ring_ar
1778536331.669566,17,45,0.385259,189.43,273.607,672.571,1,4,compressed_ring_ar
1778536332.4143083,17,46,0.334289,181.83,323.741,702.56,1,4,compressed_ring_ar
1778536333.2071986,17,47,0.45456,176.56,176.123,723.698,1,4,compressed_ring_ar
1778536333.9449196,17,48,0.513752,182.57,221.537,699.343,1,4,compressed_ring_ar
1778536334.771588,17,49,0.380088,163.62,154.78,780.893,1,4,compressed_ring_ar
1778536335.524589,17,50,0.624036,185.35,141.018,688.858,1,4,compressed_ring_ar
1778536336.2295585,17,51,0.538951,195.21,179.602,653.217,1,4,compressed_ring_ar
1778536336.9674292,17,52,0.45267,183.24,219.199,697.143,1,4,compressed_ring_ar
1778536337.6774898,17,53,0.554703,190.98,200.406,666.94,1,4,compressed_ring_ar
1778536338.4290802,17,54,0.510744,178.88,343.843,714.21,1,4,compressed_ring_ar
1778536339.1941125,17,55,0.486347,176.99,181.141,720.156,1,4,compressed_ring_ar
1778536339.9358325,17,56,0.513472,181.93,196.847,701.423,1,4,compressed_ring_ar
1778536340.675884,17,57,0.609322,183.66,226.094,695.535,1,4,compressed_ring_ar
1778536341.3820162,17,58,0.554155,192.54,179.338,662.184,1,4,compressed_ring_ar
1778536342.1524227,17,59,0.603045,174.28,375.3,733.143,1,4,compressed_ring_ar
1778536342.9233305,17,60,0.557301,175.72,358.39,725.207,1,4,compressed_ring_ar
1778536343.658468,17,61,0.451056,184.95,217.699,690.783,1,4,compressed_ring_ar
1778536344.3825958,17,62,0.459053,194.21,134.593,656.098,1,4,compressed_ring_ar
1778536345.135603,17,63,0.476614,180.82,170.269,706.091,1,4,compressed_ring_ar
1778536345.8960223,17,64,0.381414,177.65,244.409,719.051,1,4,compressed_ring_ar
1778536346.6758761,17,65,0.439321,173.83,180.314,734.935,1,4,compressed_ring_ar
1778536347.5134633,17,66,0.54998,160.99,143.128,792.629,1,4,compressed_ring_ar
1778536348.2141964,17,67,0.52211,194.44,167.937,656.987,1,4,compressed_ring_ar
1778536348.9317782,17,68,0.462706,189.32,208.813,673.116,1,4,compressed_ring_ar
1778536349.7027133,17,69,0.444297,174.52,401.056,730.985,1,4,compressed_ring_ar
1778536350.4418123,17,70,0.374386,183.09,302.99,697.103,1,4,compressed_ring_ar
1778536351.1480372,17,71,0.649579,192.01,197.792,664.339,1,4,compressed_ring_ar
1778536351.8537242,17,72,0.488274,193.08,256.042,659.694,1,4,compressed_ring_ar
1778536352.5377367,17,73,0.408491,199.54,238.977,638.586,1,4,compressed_ring_ar
1778536353.4276307,17,74,0.489961,151.6,459.836,839.89,1,4,compressed_ring_ar
1778536354.1597383,17,75,0.518073,185.22,144.047,689.647,1,4,compressed_ring_ar
1778536354.917884,17,76,0.534033,178.17,161.027,717.229,1,4,compressed_ring_ar
1778536355.574978,17,77,0.326612,209.92,151.466,607.318,1,4,compressed_ring_ar
1778536356.4076686,17,78,0.435828,162.1,335.567,788.233,1,4,compressed_ring_ar
1778536357.089642,17,79,0.484089,205.74,137.052,617.284,1,4,compressed_ring_ar
1778536357.7923477,17,80,0.518118,194.64,197.208,656.22,1,4,compressed_ring_ar
1778536358.5781014,17,81,0.450424,175.22,193.752,728.158,1,4,compressed_ring_ar
1778536359.2705476,17,82,0.4854,195.42,241.89,652.571,1,4,compressed_ring_ar
1778536360.0361116,17,83,0.657806,180.04,198.91,708.709,1,4,compressed_ring_ar
1778536360.7806628,17,84,0.494396,181.76,169.43,703.114,1,4,compressed_ring_ar
1778536361.4715848,17,85,0.391686,202.37,165.895,630.069,1,4,compressed_ring_ar
1778536362.247412,17,86,0.507867,174.21,386.116,733.335,1,4,compressed_ring_ar
1778536363.0093865,17,87,0.613329,180.75,143.998,705.747,1,4,compressed_ring_ar
1778536363.8283143,17,88,0.479278,164.23,409.092,774.282,1,4,compressed_ring_ar
1778536364.578818,17,89,0.546124,180.7,170.331,704.872,1,4,compressed_ring_ar
1778536365.3368511,17,90,0.410994,184.28,140.641,688.913,1,4,compressed_ring_ar
1778536366.0612905,17,91,0.547414,191.1,134.027,668.423,1,4,compressed_ring_ar
1778536366.8246624,17,92,0.388622,180.76,160.23,706.747,1,4,compressed_ring_ar
1778536367.4974406,17,93,0.413244,206.97,156.025,616.076,1,4,compressed_ring_ar
1778536368.290726,17,94,0.603377,172.95,381.167,738.747,1,4,compressed_ring_ar
1778536369.0341601,17,95,0.375506,181.38,234.984,704.303,1,4,compressed_ring_ar
1778536369.7806149,17,96,0.382051,180.7,213.441,706.943,1,4,compressed_ring_ar
1778536370.3604841,17,97,0.60379,156.61,135.88,534.289,1,4,compressed_ring_ar
1778536381.5613751,18,0,0.423725,168.2,208.464,759.579,1,4,compressed_ring_ar
1778536382.294546,18,1,0.509951,184.84,212.439,691.292,1,4,compressed_ring_ar
1778536383.0000625,18,2,0.519651,198.81,153.865,640.732,1,4,compressed_ring_ar
1778536383.681306,18,3,0.379835,201.34,191.906,632.901,1,4,compressed_ring_ar
1778536384.4359984,18,4,0.537572,189.67,186.39,673.48,1,4,compressed_ring_ar
1778536385.1370578,18,5,0.571752,194.15,165.643,657.023,1,4,compressed_ring_ar
1778536385.8091297,18,6,0.486398,201.63,265.304,632.387,1,4,compressed_ring_ar
1778536386.631753,18,7,0.399384,164.45,298.834,774.244,1,4,compressed_ring_ar
1778536387.3036108,18,8,0.532465,209.21,140.668,610.766,1,4,compressed_ring_ar
1778536388.040939,18,9,0.474028,184.83,250.968,689.337,1,4,compressed_ring_ar
1778536388.7883904,18,10,0.411137,182.63,291.168,697.966,1,4,compressed_ring_ar
1778536389.5667377,18,11,0.402429,173.34,296.4,737.066,1,4,compressed_ring_ar
1778536390.3103378,18,12,0.562753,185.96,199.9,686.878,1,4,compressed_ring_ar
1778536391.1636338,18,13,0.379907,157.84,161.577,809.635,1,4,compressed_ring_ar
1778536391.8762932,18,14,0.474599,190.8,159.048,668.111,1,4,compressed_ring_ar
1778536392.6431131,18,15,0.45892,177.08,168.171,721.349,1,4,compressed_ring_ar
1778536393.3022962,18,16,0.520692,208.52,133.549,610.838,1,4,compressed_ring_ar
1778536394.0120156,18,17,0.404739,192.72,249.95,660.868,1,4,compressed_ring_ar
1778536394.7325852,18,18,0.357039,200.13,191.918,636.694,1,4,compressed_ring_ar
1778536395.4578629,18,19,0.435869,189.42,263.652,674.475,1,4,compressed_ring_ar
1778536396.2191184,18,20,0.321555,180.14,149.842,709.28,1,4,compressed_ring_ar
1778536396.941956,18,21,0.442252,189.18,150.782,674.511,1,4,compressed_ring_ar
1778536397.6691492,18,22,0.486507,196.35,156.663,647.41,1,4,compressed_ring_ar
1778536398.399178,18,23,0.418719,186.62,132.614,684.576,1,4,compressed_ring_ar
1778536399.2040925,18,24,0.544433,169.42,259.327,752.168,1,4,compressed_ring_ar
1778536399.9442077,18,25,0.575848,182.52,283.277,699.188,1,4,compressed_ring_ar
1778536400.6489732,18,26,0.470146,194.04,154.637,656.768,1,4,compressed_ring_ar
1778536401.3862517,18,27,0.567055,183.33,366.499,696.639,1,4,compressed_ring_ar
1778536402.1390715,18,28,0.491589,183.26,182.787,697.13,1,4,compressed_ring_ar
1778536402.8437269,18,29,0.388934,195.65,136.811,651.363,1,4,compressed_ring_ar
1778536403.6041307,18,30,0.442152,177.36,370.945,720.394,1,4,compressed_ring_ar
1778536404.2962918,18,31,0.523609,207.64,141.179,614.758,1,4,compressed_ring_ar
1778536405.0247529,18,32,0.339113,185.67,302.761,686.094,1,4,compressed_ring_ar
1778536405.8034563,18,33,0.596595,176.58,408.289,722.07,1,4,compressed_ring_ar
1778536406.5732143,18,34,0.445953,176.17,317.742,723.962,1,4,compressed_ring_ar
1778536407.2822556,18,35,0.442297,191.88,208.601,664.29,1,4,compressed_ring_ar
1778536407.9889424,18,36,0.421689,194.21,207.994,656.921,1,4,compressed_ring_ar
1778536408.726112,18,37,0.548253,184.54,256.289,692.228,1,4,compressed_ring_ar
1778536409.4523087,18,38,0.396842,188.53,126.683,676.502,1,4,compressed_ring_ar
1778536410.313687,18,39,0.453049,156.19,468.716,817.784,1,4,compressed_ring_ar
1778536411.053642,18,40,0.439706,182.78,269.492,698.998,1,4,compressed_ring_ar
1778536411.75657,18,41,0.416717,193.42,191.317,660.412,1,4,compressed_ring_ar
1778536412.5391061,18,42,0.366608,174.43,186.51,731.161,1,4,compressed_ring_ar
1778536413.2844555,18,43,0.502919,181.69,320.324,701.752,1,4,compressed_ring_ar
1778536414.012146,18,44,0.393616,188.03,213.329,679.379,1,4,compressed_ring_ar
1778536414.7178953,18,45,0.44789,196.86,130.93,648.214,1,4,compressed_ring_ar
1778536415.4260366,18,46,0.485408,193.36,152.671,660.644,1,4,compressed_ring_ar
1778536416.1438134,18,47,0.311202,192.05,136.637,665.171,1,4,compressed_ring_ar
1778536416.8562863,18,48,0.52137,191.37,204.437,665.509,1,4,compressed_ring_ar
1778536417.6197405,18,49,0.480544,177.35,417.404,719.928,1,4,compressed_ring_ar
1778536418.339843,18,50,0.318112,190.92,196.574,666.138,1,4,compressed_ring_ar
1778536419.1058517,18,51,0.559666,175.96,425.491,724.515,1,4,compressed_ring_ar
1778536419.8770692,18,52,0.467483,180.16,210.436,709.203,1,4,compressed_ring_ar
1778536420.674862,18,53,0.549946,170.05,219.759,751.34,1,4,compressed_ring_ar
1778536421.467936,18,54,0.368974,171.93,261.886,740.647,1,4,compressed_ring_ar
1778536422.179921,18,55,0.471745,191.94,164.906,665.585,1,4,compressed_ring_ar
1778536422.891613,18,56,0.48753,193.26,154.802,659.287,1,4,compressed_ring_ar
1778536423.6211832,18,57,0.445406,184.96,290.393,689.912,1,4,compressed_ring_ar
1778536424.4135795,18,58,0.405717,173.86,323.432,734.767,1,4,compressed_ring_ar
1778536425.2452316,18,59,0.602417,162.41,175.529,786.724,1,4,compressed_ring_ar
1778536426.1260552,18,60,0.39396,155.49,163.54,820.277,1,4,compressed_ring_ar
1778536426.8547828,18,61,0.396813,192.29,170.54,662.39,1,4,compressed_ring_ar
1778536427.616211,18,62,0.467363,177.95,407.075,716.89,1,4,compressed_ring_ar
1778536428.3574662,18,63,0.479608,186.47,172.236,684.421,1,4,compressed_ring_ar
1778536429.1207364,18,64,0.49381,179.03,371.066,712.765,1,4,compressed_ring_ar
1778536429.7976477,18,65,0.583568,201.63,163.387,633.273,1,4,compressed_ring_ar
1778536430.501777,18,66,0.631048,195.14,199.065,653.052,1,4,compressed_ring_ar
1778536431.2235513,18,67,0.482533,187.16,287.775,680.605,1,4,compressed_ring_ar
1778536432.0512846,18,68,0.399364,162.79,422.64,781.999,1,4,compressed_ring_ar
1778536432.814197,18,69,0.42837,178.49,134.269,712.823,1,4,compressed_ring_ar
1778536433.5197546,18,70,0.597222,192.54,145.391,663.38,1,4,compressed_ring_ar
1778536434.2713108,18,71,0.551524,179.61,216.261,711.359,1,4,compressed_ring_ar
1778536435.0812502,18,72,0.397975,168.82,144.536,755.572,1,4,compressed_ring_ar
1778536435.8584986,18,73,0.57145,174.36,273.598,733.12,1,4,compressed_ring_ar
1778536436.637942,18,74,0.493504,173.9,249.347,734.669,1,4,compressed_ring_ar
1778536437.3829222,18,75,0.506592,186.87,234.841,682.07,1,4,compressed_ring_ar
1778536438.1894484,18,76,0.480922,169.42,430.106,754.226,1,4,compressed_ring_ar
1778536438.9886725,18,77,0.414942,170.89,248.883,747.647,1,4,compressed_ring_ar
1778536439.857006,18,78,0.290505,155.69,157.478,820.902,1,4,compressed_ring_ar
1778536440.5870278,18,79,0.334749,189.43,211.429,674.398,1,4,compressed_ring_ar
1778536441.3596854,18,80,0.5729,174.99,251.227,727.742,1,4,compressed_ring_ar
1778536442.1148255,18,81,0.377141,181.29,212.6,704.664,1,4,compressed_ring_ar
1778536442.8332558,18,82,0.565809,191.15,171.194,668.23,1,4,compressed_ring_ar
1778536443.6089802,18,83,0.607514,173.8,204.778,732.945,1,4,compressed_ring_ar
1778536444.4027698,18,84,0.396209,173.62,382.271,731.404,1,4,compressed_ring_ar
1778536445.1742737,18,85,0.564458,177.28,160.326,719.731,1,4,compressed_ring_ar
1778536445.921504,18,86,0.51962,181.72,217.548,702.983,1,4,compressed_ring_ar
1778536446.7165685,18,87,0.432824,174.43,172.522,732.434,1,4,compressed_ring_ar
1778536447.3953433,18,88,0.587593,203.92,147.758,625.153,1,4,compressed_ring_ar
1778536448.1925366,18,89,0.624898,169.47,371.19,754.121,1,4,compressed_ring_ar
1778536448.9548848,18,90,0.43159,181.82,207.754,702.688,1,4,compressed_ring_ar
1778536449.7721632,18,91,0.514327,163.92,356.088,779.585,1,4,compressed_ring_ar
1778536450.4477117,18,92,0.512065,204.44,159.972,623.039,1,4,compressed_ring_ar
1778536451.2190356,18,93,0.446109,175.18,311.572,727.758,1,4,compressed_ring_ar
1778536451.950508,18,94,0.507296,184.7,224.104,691.588,1,4,compressed_ring_ar
1778536452.6743357,18,95,0.43169,189.85,172.757,671.861,1,4,compressed_ring_ar
1778536453.5099256,18,96,0.521202,163.79,325.193,775.637,1,4,compressed_ring_ar
1778536454.164013,18,97,0.48537,137.28,152.249,606.515,1,4,compressed_ring_ar
1778536465.2033103,19,0,0.447758,178.94,235.105,713.877,1,4,compressed_ring_ar
1778536465.9963748,19,1,0.28599,170.95,230.823,747.395,1,4,compressed_ring_ar
1778536466.7276413,19,2,0.598976,185.4,164.785,687.646,1,4,compressed_ring_ar
1778536467.4298062,19,3,0.543876,193.41,276.79,658.209,1,4,compressed_ring_ar
1778536468.1522412,19,4,0.40056,188.16,288.182,675.351,1,4,compressed_ring_ar
1778536468.8969827,19,5,0.461542,181.44,252.085,704.07,1,4,compressed_ring_ar
1778536469.7496264,19,6,0.50193,158.94,142.066,804.032,1,4,compressed_ring_ar
1778536470.486144,19,7,0.49511,184.13,201.906,692.622,1,4,compressed_ring_ar
1778536471.2071636,19,8,0.504243,189.58,169.065,671.207,1,4,compressed_ring_ar
1778536471.9300992,19,9,0.385835,188.09,167.906,675.227,1,4,compressed_ring_ar
1778536472.728573,19,10,0.442813,167.77,275.367,757.205,1,4,compressed_ring_ar
1778536473.438036,19,11,0.500198,192.49,149.034,663.131,1,4,compressed_ring_ar
1778536474.148079,19,12,0.454092,192.75,204.235,661.215,1,4,compressed_ring_ar
1778536474.8803716,19,13,0.427919,186.32,292.045,684.612,1,4,compressed_ring_ar
1778536475.6342628,19,14,0.392681,179.68,277.472,711.059,1,4,compressed_ring_ar
1778536476.357719,19,15,0.451199,195.8,143.71,650.839,1,4,compressed_ring_ar
1778536477.0705295,19,16,0.45051,190.42,181.299,670.792,1,4,compressed_ring_ar
1778536477.8469238,19,17,0.573886,176.08,136.105,725.592,1,4,compressed_ring_ar
1778536478.56482,19,18,0.565145,189.9,203.411,672.682,1,4,compressed_ring_ar
1778536479.295769,19,19,0.327705,186.29,203.367,684.036,1,4,compressed_ring_ar
1778536480.028297,19,20,0.457181,184.65,344.027,690.899,1,4,compressed_ring_ar
1778536480.7568343,19,21,0.467712,185.09,204.77,690.156,1,4,compressed_ring_ar
1778536481.5287795,19,22,0.438956,175.65,141.333,727.588,1,4,compressed_ring_ar
1778536482.29344,19,23,0.361098,180.41,142.322,708.189,1,4,compressed_ring_ar
1778536483.0366378,19,24,0.389746,182.6,142.999,696.58,1,4,compressed_ring_ar
1778536483.7757504,19,25,0.51595,184.03,153.518,694.335,1,4,compressed_ring_ar
1778536484.5413384,19,26,0.566626,184.97,209.314,690.882,1,4,compressed_ring_ar
1778536485.2895825,19,27,0.393429,184.66,181.614,688.885,1,4,compressed_ring_ar
1778536486.015879,19,28,0.55362,186.19,182.841,683.966,1,4,compressed_ring_ar
1778536486.7777069,19,29,0.401245,177.02,406.269,721.881,1,4,compressed_ring_ar
1778536487.5185633,19,30,0.555072,182.24,200.418,698.588,1,4,compressed_ring_ar
1778536488.2392411,19,31,0.619318,193.69,145.294,659.696,1,4,compressed_ring_ar
1778536488.9447331,19,32,0.511289,194.35,143.77,654.119,1,4,compressed_ring_ar
1778536489.6674037,19,33,0.511219,188.8,184.763,676.217,1,4,compressed_ring_ar
1778536490.4132292,19,34,0.42309,184.74,190.095,690.664,1,4,compressed_ring_ar
1778536491.15144,19,35,0.427311,184.67,161.872,691.654,1,4,compressed_ring_ar
1778536491.9514081,19,36,0.602379,170.91,142.375,745.922,1,4,compressed_ring_ar
1778536492.7337663,19,37,0.563117,175.11,165.458,729.546,1,4,compressed_ring_ar
1778536493.4022012,19,38,0.303961,210.34,132.736,605.664,1,4,compressed_ring_ar
1778536494.1650674,19,39,0.362474,178.57,279.527,713.374,1,4,compressed_ring_ar
1778536494.9304123,19,40,0.390662,179.28,269.785,710.173,1,4,compressed_ring_ar
1778536495.6687388,19,41,0.473522,185.24,146.024,689.613,1,4,compressed_ring_ar
1778536496.3947809,19,42,0.376238,192.1,188.9,664.937,1,4,compressed_ring_ar
1778536497.124376,19,43,0.39925,188.27,201.658,678.463,1,4,compressed_ring_ar
1778536497.8912911,19,44,0.408854,182.55,147.447,699.839,1,4,compressed_ring_ar
1778536498.589842,19,45,0.429502,197.47,174.015,646.513,1,4,compressed_ring_ar
1778536499.4454486,19,46,0.399651,157.03,352.278,811.871,1,4,compressed_ring_ar
1778536500.3018212,19,47,0.491897,158.42,263.818,805.411,1,4,compressed_ring_ar
1778536501.2068732,19,48,0.675031,148.31,461.423,858.449,1,4,compressed_ring_ar
1778536502.0509946,19,49,0.578806,161.33,261.851,792.037,1,4,compressed_ring_ar
1778536502.9109738,19,50,0.388373,161.32,145.542,790.301,1,4,compressed_ring_ar
1778536503.6488988,19,51,0.486737,185.26,205.085,688.634,1,4,compressed_ring_ar
1778536504.450192,19,52,0.420252,171.01,140.692,747.121,1,4,compressed_ring_ar
1778536505.1983578,19,53,0.546026,183.75,204.627,695.338,1,4,compressed_ring_ar
1778536505.9219265,19,54,0.56882,193.96,138.074,658.038,1,4,compressed_ring_ar
1778536506.6715248,19,55,0.518996,182.87,224.811,698.635,1,4,compressed_ring_ar
1778536507.377753,19,56,0.456221,196.18,211.162,649.5,1,4,compressed_ring_ar
1778536508.1366441,19,57,0.444042,179.17,397.817,713.26,1,4,compressed_ring_ar
1778536508.9109979,19,58,0.654345,175.62,249.508,725.615,1,4,compressed_ring_ar
1778536509.6434047,19,59,0.403585,184.02,312.621,694.176,1,4,compressed_ring_ar
1778536510.3510876,19,60,0.444018,194.71,143.939,654.944,1,4,compressed_ring_ar
1778536511.0327685,19,61,0.467437,202.3,272.655,629.927,1,4,compressed_ring_ar
1778536511.8347046,19,62,0.376904,167.52,430.985,762.597,1,4,compressed_ring_ar
1778536512.5622766,19,63,0.452186,187.5,139.03,676.829,1,4,compressed_ring_ar
1778536513.3195412,19,64,0.520212,178.0,141.877,717.938,1,4,compressed_ring_ar
1778536514.13692,19,65,0.341119,166.2,144.28,768.731,1,4,compressed_ring_ar
1778536514.8774142,19,66,0.452596,183.47,214.515,695.462,1,4,compressed_ring_ar
1778536515.6240141,19,67,0.459226,182.58,293.153,699.669,1,4,compressed_ring_ar
1778536516.3425362,19,68,0.490277,193.6,149.421,656.106,1,4,compressed_ring_ar
1778536517.11092,19,69,0.568175,176.71,150.488,723.1,1,4,compressed_ring_ar
1778536517.819732,19,70,0.375151,194.18,255.76,656.544,1,4,compressed_ring_ar
1778536518.5247684,19,71,0.440096,193.47,210.433,658.858,1,4,compressed_ring_ar
1778536519.2389598,19,72,0.454329,189.72,264.382,673.383,1,4,compressed_ring_ar
1778536519.986687,19,73,0.637239,179.85,276.894,710.322,1,4,compressed_ring_ar
1778536520.7029107,19,74,0.578797,196.67,135.383,648.243,1,4,compressed_ring_ar
1778536521.4347441,19,75,0.540423,187.24,196.223,682.197,1,4,compressed_ring_ar
1778536522.1061175,19,76,0.464114,204.06,154.228,624.638,1,4,compressed_ring_ar
1778536522.8224714,19,77,0.449889,189.36,345.455,673.05,1,4,compressed_ring_ar
1778536523.5937283,19,78,0.578083,178.0,235.261,717.899,1,4,compressed_ring_ar
1778536524.3683844,19,79,0.418594,174.44,218.18,730.897,1,4,compressed_ring_ar
1778536525.1217713,19,80,0.521357,179.99,204.12,707.161,1,4,compressed_ring_ar
1778536525.8307903,19,81,0.627881,193.9,132.218,658.795,1,4,compressed_ring_ar
1778536526.61362,19,82,0.442528,176.32,357.651,724.586,1,4,compressed_ring_ar
1778536527.4821444,19,83,0.490885,155.95,155.684,817.226,1,4,compressed_ring_ar
1778536528.2936263,19,84,0.429852,167.81,248.799,756.584,1,4,compressed_ring_ar
1778536529.11971,19,85,0.428839,165.96,137.709,765.069,1,4,compressed_ring_ar
1778536529.8673353,19,86,0.435322,182.71,131.81,699.004,1,4,compressed_ring_ar
1778536530.5958698,19,87,0.504739,186.27,274.525,685.197,1,4,compressed_ring_ar
1778536531.3136742,19,88,0.515372,190.87,260.887,668.426,1,4,compressed_ring_ar
1778536532.0446444,19,89,0.39942,186.15,276.604,686.506,1,4,compressed_ring_ar
1778536532.8066094,19,90,0.420926,177.76,239.083,717.855,1,4,compressed_ring_ar
1778536533.6047828,19,91,0.437433,174.38,208.375,731.458,1,4,compressed_ring_ar
1778536534.3964307,19,92,0.488314,170.25,229.213,750.613,1,4,compressed_ring_ar
1778536535.1582162,19,93,0.505405,178.89,138.723,713.348,1,4,compressed_ring_ar
1778536535.8215504,19,94,0.416166,205.51,160.664,620.293,1,4,compressed_ring_ar
1778536536.547889,19,95,0.458867,188.45,278.308,673.911,1,4,compressed_ring_ar
1778536537.2791984,19,96,0.45411,184.28,276.461,693.246,1,4,compressed_ring_ar
1778536537.879024,19,97,0.40355,146.98,215.973,563.38,1,4,compressed_ring_ar
1778536549.0041423,20,0,0.36623,172.07,260.359,742.647,1,4,compressed_ring_ar
1778536549.8023765,20,1,0.434855,175.89,159.333,726.363,1,4,compressed_ring_ar
1778536550.5249486,20,2,0.644878,192.24,131.898,664.488,1,4,compressed_ring_ar
1778536551.260641,20,3,0.44393,184.85,182.468,690.284,1,4,compressed_ring_ar
1778536551.9271965,20,4,0.531809,208.1,132.581,610.543,1,4,compressed_ring_ar
1778536552.625403,20,5,0.352782,193.39,269.65,658.512,1,4,compressed_ring_ar
1778536553.4160018,20,6,0.53012,171.09,360.525,743.236,1,4,compressed_ring_ar
1778536554.1945026,20,7,0.439878,175.26,217.139,725.515,1,4,compressed_ring_ar
1778536554.9458983,20,8,0.363837,179.01,266.247,713.655,1,4,compressed_ring_ar
1778536555.645307,20,9,0.509141,196.45,144.215,650.316,1,4,compressed_ring_ar
1778536556.4058487,20,10,0.501471,177.68,226.401,717.377,1,4,compressed_ring_ar
1778536557.0806086,20,11,0.604385,206.38,129.409,617.716,1,4,compressed_ring_ar
1778536557.7870264,20,12,0.496713,192.62,301.158,659.336,1,4,compressed_ring_ar
1778536558.499266,20,13,0.389861,191.67,188.103,666.459,1,4,compressed_ring_ar
1778536559.2962883,20,14,0.475126,168.35,353.256,757.213,1,4,compressed_ring_ar
1778536560.15837,20,15,0.579245,154.89,412.927,824.238,1,4,compressed_ring_ar
1778536560.9664009,20,16,0.458807,168.54,134.97,757.003,1,4,compressed_ring_ar
1778536561.7285044,20,17,0.463634,180.69,198.203,703.836,1,4,compressed_ring_ar
1778536562.4378242,20,18,0.36932,194.65,133.701,655.333,1,4,compressed_ring_ar
1778536563.129215,20,19,0.426451,197.63,161.281,645.526,1,4,compressed_ring_ar
1778536563.9215393,20,20,0.366085,173.58,236.236,736.171,1,4,compressed_ring_ar
1778536564.651139,20,21,0.550389,187.32,208.055,678.689,1,4,compressed_ring_ar
1778536565.3914359,20,22,0.415721,183.04,234.882,698.031,1,4,compressed_ring_ar
1778536566.0854611,20,23,0.515574,196.66,164.105,649.687,1,4,compressed_ring_ar
1778536566.8112001,20,24,0.510472,186.22,251.615,685.999,1,4,compressed_ring_ar
1778536567.5461578,20,25,0.481945,183.39,201.528,694.817,1,4,compressed_ring_ar
1778536568.2608957,20,26,0.422053,189.97,228.71,671.138,1,4,compressed_ring_ar
1778536569.1135514,20,27,0.384886,157.75,453.224,809.118,1,4,compressed_ring_ar
1778536569.893046,20,28,0.493247,174.21,380.55,733.378,1,4,compressed_ring_ar
1778536570.725431,20,29,0.473469,164.6,150.326,776.288,1,4,compressed_ring_ar
1778536571.5012364,20,30,0.575614,178.52,188.982,715.639,1,4,compressed_ring_ar
1778536572.247982,20,31,0.459012,187.39,197.348,679.705,1,4,compressed_ring_ar
1778536573.0024316,20,32,0.345565,183.35,259.35,695.387,1,4,compressed_ring_ar
1778536573.7845273,20,33,0.371691,171.92,336.051,741.444,1,4,compressed_ring_ar
1778536574.6098113,20,34,0.498772,169.01,151.787,751.796,1,4,compressed_ring_ar
1778536575.343316,20,35,0.5754,186.84,158.617,681.385,1,4,compressed_ring_ar
1778536576.0498877,20,36,0.493049,196.98,154.554,648.427,1,4,compressed_ring_ar
1778536576.71826,20,37,0.428168,206.26,132.254,618.08,1,4,compressed_ring_ar
1778536577.4151468,20,38,0.457358,195.3,225.918,650.952,1,4,compressed_ring_ar
1778536578.2271106,20,39,0.440243,166.4,279.641,768.033,1,4,compressed_ring_ar
1778536578.911907,20,40,0.476622,200.62,131.556,635.09,1,4,compressed_ring_ar
1778536579.6526833,20,41,0.448107,182.32,289.616,697.832,1,4,compressed_ring_ar
1778536580.3681102,20,42,0.507615,192.89,156.93,662.385,1,4,compressed_ring_ar
1778536581.0964653,20,43,0.338157,188.23,225.254,676.22,1,4,compressed_ring_ar
1778536581.828619,20,44,0.360293,190.27,186.042,669.933,1,4,compressed_ring_ar
1778536582.5667646,20,45,0.362293,183.5,325.802,696.134,1,4,compressed_ring_ar
1778536583.3569095,20,46,0.402482,171.49,142.639,745.024,1,4,compressed_ring_ar
1778536584.0586452,20,47,0.303053,198.44,183.394,641.86,1,4,compressed_ring_ar
1778536584.8680573,20,48,0.454616,166.75,384.361,760.791,1,4,compressed_ring_ar
1778536585.6242957,20,49,0.456872,179.32,170.155,711.61,1,4,compressed_ring_ar
1778536586.5173278,20,50,0.447938,152.28,138.302,839.447,1,4,compressed_ring_ar
1778536587.231654,20,51,0.561038,192.24,130.676,663.519,1,4,compressed_ring_ar
1778536587.9210563,20,52,0.292223,197.43,254.791,646.235,1,4,compressed_ring_ar
1778536588.695717,20,53,0.536834,176.18,215.389,725.215,1,4,compressed_ring_ar
1778536589.3972597,20,54,0.471298,194.06,162.209,658.39,1,4,compressed_ring_ar
1778536590.115498,20,55,0.644628,188.23,207.397,676.393,1,4,compressed_ring_ar
1778536590.8840396,20,56,0.469933,178.36,199.861,715.428,1,4,compressed_ring_ar
1778536591.672066,20,57,0.493695,172.02,176.064,742.767,1,4,compressed_ring_ar
1778536592.4114285,20,58,0.465195,185.89,180.11,687.185,1,4,compressed_ring_ar
1778536593.0927644,20,59,0.468123,201.79,145.228,631.84,1,4,compressed_ring_ar
1778536593.870815,20,60,0.554794,172.78,393.123,737.865,1,4,compressed_ring_ar
1778536594.609684,20,61,0.340805,188.26,136.186,678.681,1,4,compressed_ring_ar
1778536595.3045855,20,62,0.570191,195.15,149.978,654.663,1,4,compressed_ring_ar
1778536596.0551202,20,63,0.370782,184.71,140.214,691.276,1,4,compressed_ring_ar
1778536596.7873578,20,64,0.499633,186.05,233.201,684.788,1,4,compressed_ring_ar
1778536597.6266985,20,65,0.44129,160.37,505.809,794.61,1,4,compressed_ring_ar
1778536598.3947015,20,66,0.511417,178.59,138.582,714.104,1,4,compressed_ring_ar
1778536599.1907525,20,67,0.428393,170.48,262.037,749.511,1,4,compressed_ring_ar
1778536599.883274,20,68,0.544682,198.3,141.756,642.011,1,4,compressed_ring_ar
1778536600.685861,20,69,0.490809,169.36,490.103,754.434,1,4,compressed_ring_ar
1778536601.4021559,20,70,0.552166,190.15,146.384,671.896,1,4,compressed_ring_ar
1778536602.202823,20,71,0.51906,169.97,138.062,749.371,1,4,compressed_ring_ar
1778536602.9487844,20,72,0.575532,185.48,218.462,688.9,1,4,compressed_ring_ar
1778536603.6628249,20,73,0.361688,191.33,145.068,667.018,1,4,compressed_ring_ar
1778536604.405295,20,74,0.442549,183.16,185.378,696.576,1,4,compressed_ring_ar
1778536605.159786,20,75,0.403153,181.94,282.485,701.72,1,4,compressed_ring_ar
1778536605.9634478,20,76,0.378098,171.64,181.861,744.401,1,4,compressed_ring_ar
1778536606.708902,20,77,0.532601,180.51,194.341,704.89,1,4,compressed_ring_ar
1778536607.4296658,20,78,0.482135,189.73,135.501,672.265,1,4,compressed_ring_ar
1778536608.1631093,20,79,0.52974,185.98,316.767,685.791,1,4,compressed_ring_ar
1778536608.8694353,20,80,0.444388,194.44,286.373,656.373,1,4,compressed_ring_ar
1778536609.660734,20,81,0.45956,170.47,277.637,749.676,1,4,compressed_ring_ar
1778536610.3901823,20,82,0.395103,186.68,151.436,682.806,1,4,compressed_ring_ar
1778536611.152427,20,83,0.451313,185.14,136.784,687.382,1,4,compressed_ring_ar
1778536611.8386705,20,84,0.484509,199.36,169.075,640.003,1,4,compressed_ring_ar
1778536612.5547004,20,85,0.41425,190.03,202.055,671.011,1,4,compressed_ring_ar
1778536613.3835003,20,86,0.493204,162.4,280.451,786.851,1,4,compressed_ring_ar
1778536614.1043737,20,87,0.410096,194.91,141.903,654.785,1,4,compressed_ring_ar
1778536614.9465623,20,88,0.509244,159.21,345.471,802.685,1,4,compressed_ring_ar
1778536615.6199572,20,89,0.488291,206.97,146.335,615.734,1,4,compressed_ring_ar
1778536616.3369443,20,90,0.416132,189.0,382.749,676.46,1,4,compressed_ring_ar
1778536617.0575242,20,91,0.524368,189.35,293.34,672.035,1,4,compressed_ring_ar
1778536617.8815954,20,92,0.427469,166.33,302.141,767.676,1,4,compressed_ring_ar
1778536618.6460707,20,93,0.389733,176.02,236.637,725.825,1,4,compressed_ring_ar
1778536619.3181622,20,94,0.468023,202.61,155.928,629.348,1,4,compressed_ring_ar
1778536620.0939226,20,95,0.544237,173.75,444.162,735.333,1,4,compressed_ring_ar
1778536620.8589942,20,96,0.420345,177.68,234.858,717.257,1,4,compressed_ring_ar
1778536621.4433203,20,97,0.504653,151.99,160.257,550.106,1,4,compressed_ring_ar
