timestamp,epoch,iteration,loss,throughput_samp_s,comm_latency_ms,iter_time_ms,rank,world_size,arch
1778539479.0936599,1,0,2.457768,61.17,509.502,2092.257,3,4,compressed_ring_ar
1778539480.5774508,1,1,2.363362,89.91,211.017,1422.924,3,4,compressed_ring_ar
1778539481.969186,1,2,2.276038,95.49,331.728,1338.215,3,4,compressed_ring_ar
1778539483.3909662,1,3,2.289021,92.43,533.894,1380.384,3,4,compressed_ring_ar
1778539484.8848596,1,4,2.29466,87.87,335.629,1452.188,3,4,compressed_ring_ar
1778539486.18834,1,5,2.27803,101.34,214.292,1260.448,3,4,compressed_ring_ar
1778539487.6533718,1,6,2.332946,91.15,553.987,1401.624,3,4,compressed_ring_ar
1778539489.186023,1,7,2.274809,86.46,553.134,1475.818,3,4,compressed_ring_ar
1778539490.3189619,1,8,2.264808,118.54,195.544,1073.984,3,4,compressed_ring_ar
1778539491.5227768,1,9,2.229519,110.35,333.891,1157.504,3,4,compressed_ring_ar
1778539493.0108771,1,10,2.186929,88.83,307.028,1438.617,3,4,compressed_ring_ar
1778539494.3456085,1,11,2.230465,99.11,200.004,1287.622,3,4,compressed_ring_ar
1778539495.613235,1,12,2.253574,108.12,231.449,1180.048,3,4,compressed_ring_ar
1778539496.788182,1,13,2.210945,112.96,174.812,1130.675,3,4,compressed_ring_ar
1778539497.935953,1,14,2.118025,116.72,266.113,1095.595,3,4,compressed_ring_ar
1778539499.3749475,1,15,2.163923,94.69,667.705,1349.452,3,4,compressed_ring_ar
1778539500.702331,1,16,2.170552,99.29,225.868,1287.87,3,4,compressed_ring_ar
1778539502.100523,1,17,2.110732,93.94,495.564,1358.099,3,4,compressed_ring_ar
1778539503.5312464,1,18,2.169121,92.03,257.631,1386.365,3,4,compressed_ring_ar
1778539504.941913,1,19,2.115633,93.96,224.539,1360.985,3,4,compressed_ring_ar
1778539506.2858953,1,20,2.108809,99.79,180.872,1278.896,3,4,compressed_ring_ar
1778539507.813756,1,21,2.163996,85.96,416.902,1483.264,3,4,compressed_ring_ar
1778539509.1849575,1,22,2.044702,96.25,196.614,1327.523,3,4,compressed_ring_ar
1778539510.6566179,1,23,2.088827,90.52,372.762,1410.341,3,4,compressed_ring_ar
1778539511.9790866,1,24,2.141722,100.09,291.305,1272.435,3,4,compressed_ring_ar
1778539513.229725,1,25,2.017016,105.73,226.311,1206.418,3,4,compressed_ring_ar
1778539514.589407,1,26,2.151698,96.71,360.12,1314.413,3,4,compressed_ring_ar
1778539515.8462763,1,27,2.091926,105.5,258.156,1208.738,3,4,compressed_ring_ar
1778539517.1962237,1,28,2.004803,97.75,273.271,1304.984,3,4,compressed_ring_ar
1778539518.6803699,1,29,2.007907,90.28,403.409,1416.743,3,4,compressed_ring_ar
1778539520.2048614,1,30,1.969684,86.56,185.085,1477.094,3,4,compressed_ring_ar
1778539521.4818783,1,31,2.099522,103.59,319.661,1231.483,3,4,compressed_ring_ar
1778539522.8377273,1,32,2.050393,97.53,197.434,1305.65,3,4,compressed_ring_ar
1778539524.1979966,1,33,1.969911,98.73,200.325,1291.646,3,4,compressed_ring_ar
1778539525.5543234,1,34,2.08422,97.84,305.197,1306.877,3,4,compressed_ring_ar
1778539526.6810665,1,35,1.925079,120.35,195.677,1061.888,3,4,compressed_ring_ar
1778539528.0298553,1,36,1.955688,97.85,286.035,1303.488,3,4,compressed_ring_ar
1778539529.2943456,1,37,1.967895,104.7,199.261,1218.069,3,4,compressed_ring_ar
1778539530.560858,1,38,1.895446,106.01,275.495,1204.833,3,4,compressed_ring_ar
1778539531.9452946,1,39,1.904185,95.56,218.635,1336.469,3,4,compressed_ring_ar
1778539533.1929958,1,40,1.903924,106.97,215.069,1192.61,3,4,compressed_ring_ar
1778539534.4111722,1,41,2.003145,111.73,192.88,1140.641,3,4,compressed_ring_ar
1778539535.7769587,1,42,1.91655,96.73,244.117,1316.999,3,4,compressed_ring_ar
1778539537.1659648,1,43,1.928725,96.06,233.566,1328.175,3,4,compressed_ring_ar
1778539538.4145062,1,44,1.848281,106.47,201.735,1193.086,3,4,compressed_ring_ar
1778539539.765871,1,45,1.822902,97.68,203.332,1309.285,3,4,compressed_ring_ar
1778539541.1503499,1,46,1.889107,100.78,213.16,1268.717,3,4,compressed_ring_ar
1778539542.5836942,1,47,1.887743,91.84,577.696,1389.012,3,4,compressed_ring_ar
1778539543.809926,1,48,1.860835,108.07,224.45,1180.087,3,4,compressed_ring_ar
1778539545.1181223,1,49,1.91805,101.56,190.285,1257.492,3,4,compressed_ring_ar
1778539546.590254,1,50,1.879348,91.28,215.524,1397.648,3,4,compressed_ring_ar
1778539547.8611028,1,51,1.93599,104.84,197.655,1214.453,3,4,compressed_ring_ar
1778539549.192315,1,52,1.889511,99.8,194.444,1281.225,3,4,compressed_ring_ar
1778539550.608715,1,53,1.787213,93.1,217.913,1373.589,3,4,compressed_ring_ar
1778539551.9188044,1,54,1.874689,100.8,299.35,1266.605,3,4,compressed_ring_ar
1778539553.1116323,1,55,1.87009,111.28,171.464,1147.983,3,4,compressed_ring_ar
1778539554.3674073,1,56,1.789957,105.73,334.772,1206.471,3,4,compressed_ring_ar
1778539555.7184105,1,57,1.804805,97.3,351.746,1314.156,3,4,compressed_ring_ar
1778539557.0351872,1,58,1.823855,101.17,179.124,1260.452,3,4,compressed_ring_ar
1778539558.273868,1,59,1.808139,106.6,354.785,1198.363,3,4,compressed_ring_ar
1778539559.6545408,1,60,1.82643,96.07,393.923,1327.513,3,4,compressed_ring_ar
1778539560.8995774,1,61,1.714812,106.89,293.676,1190.753,3,4,compressed_ring_ar
1778539562.1019788,1,62,1.811697,110.66,203.054,1152.204,3,4,compressed_ring_ar
1778539563.3212352,1,63,1.924962,108.52,256.741,1174.218,3,4,compressed_ring_ar
1778539564.5648139,1,64,1.720632,106.25,178.757,1203.485,3,4,compressed_ring_ar
1778539565.973863,1,65,1.869331,95.62,261.334,1334.158,3,4,compressed_ring_ar
1778539567.239368,1,66,1.833957,104.36,211.84,1218.941,3,4,compressed_ring_ar
1778539568.5849571,1,67,1.815728,97.86,280.359,1303.47,3,4,compressed_ring_ar
1778539569.837142,1,68,1.80853,105.37,317.318,1209.437,3,4,compressed_ring_ar
1778539571.0376809,1,69,1.875547,110.15,276.569,1155.49,3,4,compressed_ring_ar
1778539572.2966146,1,70,1.805735,105.82,190.399,1208.288,3,4,compressed_ring_ar
1778539573.5638723,1,71,1.832012,104.6,200.079,1217.993,3,4,compressed_ring_ar
1778539574.8464427,1,72,1.679402,103.15,258.208,1239.771,3,4,compressed_ring_ar
1778539576.0181584,1,73,1.87135,116.09,196.384,1097.993,3,4,compressed_ring_ar
1778539577.2840464,1,74,1.653398,104.68,198.42,1218.962,3,4,compressed_ring_ar
1778539578.5354586,1,75,1.789851,105.81,187.626,1204.821,3,4,compressed_ring_ar
1778539580.1299293,1,76,1.79912,82.31,237.112,1548.233,3,4,compressed_ring_ar
1778539581.3613882,1,77,1.727656,107.23,216.878,1192.329,3,4,compressed_ring_ar
1778539582.6323059,1,78,1.797024,104.27,222.751,1226.163,3,4,compressed_ring_ar
1778539583.9982615,1,79,1.797654,97.18,219.569,1312.581,3,4,compressed_ring_ar
1778539585.3100827,1,80,1.722435,101.84,189.234,1253.736,3,4,compressed_ring_ar
1778539586.6866474,1,81,1.916911,96.5,207.816,1322.044,3,4,compressed_ring_ar
1778539587.8784368,1,82,1.626297,110.86,348.309,1149.866,3,4,compressed_ring_ar
1778539588.9670134,1,83,1.652308,122.04,324.709,1046.318,3,4,compressed_ring_ar
1778539590.5018115,1,84,1.697924,87.44,564.678,1459.787,3,4,compressed_ring_ar
1778539591.7382634,1,85,1.82336,109.1,164.874,1172.009,3,4,compressed_ring_ar
1778539593.2046645,1,86,1.753037,90.0,690.948,1417.534,3,4,compressed_ring_ar
1778539594.5488205,1,87,1.722965,97.85,248.223,1303.115,3,4,compressed_ring_ar
1778539595.7391284,1,88,1.623747,112.94,375.744,1129.04,3,4,compressed_ring_ar
1778539596.970479,1,89,1.827133,107.36,176.578,1190.843,3,4,compressed_ring_ar
1778539598.4425552,1,90,1.67129,89.72,228.169,1417.086,3,4,compressed_ring_ar
1778539599.621901,1,91,1.652167,111.85,179.137,1143.093,3,4,compressed_ring_ar
1778539601.0195873,1,92,1.600851,96.06,258.774,1331.204,3,4,compressed_ring_ar
1778539602.4142113,1,93,1.700027,95.02,215.201,1345.725,3,4,compressed_ring_ar
1778539603.7924683,1,94,1.707385,96.46,273.88,1322.835,3,4,compressed_ring_ar
1778539604.918622,1,95,1.765684,118.14,421.471,1074.83,3,4,compressed_ring_ar
1778539606.1490464,1,96,1.716756,107.79,173.115,1186.173,3,4,compressed_ring_ar
1778539607.7100296,1,97,1.584253,54.79,225.164,1528.15,3,4,compressed_ring_ar
1778539619.4793065,2,0,1.690415,92.23,176.527,1387.539,3,4,compressed_ring_ar
1778539620.7130108,2,1,1.633433,109.75,313.987,1165.196,3,4,compressed_ring_ar
1778539622.1274781,2,2,1.545939,93.95,408.756,1357.579,3,4,compressed_ring_ar
1778539623.460293,2,3,1.714806,100.4,247.213,1272.211,3,4,compressed_ring_ar
1778539624.7796156,2,4,1.83049,100.7,165.646,1269.972,3,4,compressed_ring_ar
1778539626.0391548,2,5,1.746246,109.12,229.947,1170.785,3,4,compressed_ring_ar
1778539627.3890593,2,6,1.702743,99.21,331.547,1288.715,3,4,compressed_ring_ar
1778539628.5724669,2,7,1.59484,112.18,175.322,1139.064,3,4,compressed_ring_ar
1778539629.9544702,2,8,1.752685,95.49,464.95,1339.293,3,4,compressed_ring_ar
1778539631.2037234,2,9,1.50757,108.72,346.781,1175.989,3,4,compressed_ring_ar
1778539632.6038685,2,10,1.714831,94.33,330.128,1348.783,3,4,compressed_ring_ar
1778539633.9472866,2,11,1.706208,100.38,272.402,1270.594,3,4,compressed_ring_ar
1778539635.2147768,2,12,1.697405,104.76,211.739,1216.763,3,4,compressed_ring_ar
1778539636.3584862,2,13,1.572435,116.93,146.94,1092.129,3,4,compressed_ring_ar
1778539637.703463,2,14,1.585935,99.78,296.326,1277.994,3,4,compressed_ring_ar
1778539638.8762069,2,15,1.568349,113.8,190.184,1122.789,3,4,compressed_ring_ar
1778539640.2332547,2,16,1.656956,97.33,227.122,1312.807,3,4,compressed_ring_ar
1778539641.5123765,2,17,1.611652,103.55,410.064,1234.693,3,4,compressed_ring_ar
1778539642.788765,2,18,1.682025,104.97,386.483,1217.743,3,4,compressed_ring_ar
1778539644.0909731,2,19,1.635858,101.64,382.204,1257.963,3,4,compressed_ring_ar
1778539645.406746,2,20,1.710374,102.0,162.118,1251.937,3,4,compressed_ring_ar
1778539646.763521,2,21,1.590096,98.15,470.063,1300.284,3,4,compressed_ring_ar
1778539648.2318318,2,22,1.717103,89.77,250.487,1421.541,3,4,compressed_ring_ar
1778539649.6017926,2,23,1.685247,96.99,180.35,1318.465,3,4,compressed_ring_ar
1778539651.020953,2,24,1.685963,96.02,204.982,1328.185,3,4,compressed_ring_ar
1778539652.2633278,2,25,1.629403,109.1,222.603,1165.621,3,4,compressed_ring_ar
1778539653.359579,2,26,1.627656,121.69,297.012,1050.543,3,4,compressed_ring_ar
1778539654.6670406,2,27,1.540718,102.91,336.974,1239.675,3,4,compressed_ring_ar
1778539655.9969056,2,28,1.592713,102.34,281.53,1249.603,3,4,compressed_ring_ar
1778539657.2216942,2,29,1.666189,109.48,323.459,1168.139,3,4,compressed_ring_ar
1778539658.5517983,2,30,1.743265,101.29,397.103,1262.458,3,4,compressed_ring_ar
1778539659.8092587,2,31,1.605977,106.66,411.001,1199.079,3,4,compressed_ring_ar
1778539661.1435807,2,32,1.645647,103.44,536.983,1235.103,3,4,compressed_ring_ar
1778539662.3719583,2,33,1.592534,108.15,320.07,1182.143,3,4,compressed_ring_ar
1778539663.8204412,2,34,1.585685,93.89,328.626,1362.209,3,4,compressed_ring_ar
1778539665.034511,2,35,1.610185,111.95,331.582,1136.783,3,4,compressed_ring_ar
1778539666.3597882,2,36,1.552163,99.98,262.092,1277.556,3,4,compressed_ring_ar
1778539667.657315,2,37,1.627834,102.65,263.13,1244.955,3,4,compressed_ring_ar
1778539669.098138,2,38,1.639892,93.05,385.004,1374.411,3,4,compressed_ring_ar
1778539670.567543,2,39,1.582208,93.75,370.314,1363.413,3,4,compressed_ring_ar
1778539671.9871693,2,40,1.541116,93.49,320.16,1366.833,3,4,compressed_ring_ar
1778539673.298608,2,41,1.69152,101.87,336.662,1255.017,3,4,compressed_ring_ar
1778539674.578566,2,42,1.601532,104.2,271.869,1227.341,3,4,compressed_ring_ar
1778539675.912697,2,43,1.620157,101.41,352.499,1260.494,3,4,compressed_ring_ar
1778539677.5444477,2,44,1.77935,81.91,419.964,1562.252,3,4,compressed_ring_ar
1778539678.9834933,2,45,1.717641,93.75,457.436,1361.634,3,4,compressed_ring_ar
1778539680.243363,2,46,1.637577,107.47,168.61,1189.72,3,4,compressed_ring_ar
1778539681.6262186,2,47,1.606543,97.38,463.874,1312.754,3,4,compressed_ring_ar
1778539683.0242534,2,48,1.633422,96.98,621.169,1318.438,3,4,compressed_ring_ar
1778539684.3447387,2,49,1.54963,101.87,146.296,1255.257,3,4,compressed_ring_ar
1778539685.7311254,2,50,1.695706,95.64,416.685,1334.767,3,4,compressed_ring_ar
1778539687.0253763,2,51,1.638028,102.59,367.568,1245.041,3,4,compressed_ring_ar
1778539688.4693499,2,52,1.631343,91.49,324.274,1397.809,3,4,compressed_ring_ar
1778539689.8626227,2,53,1.555473,95.43,448.473,1339.494,3,4,compressed_ring_ar
1778539691.1343079,2,54,1.469444,105.88,277.183,1205.366,3,4,compressed_ring_ar
1778539692.4381669,2,55,1.62112,102.71,293.195,1243.132,3,4,compressed_ring_ar
1778539693.7448275,2,56,1.696227,101.35,318.911,1261.813,3,4,compressed_ring_ar
1778539695.0764737,2,57,1.810767,100.02,487.995,1274.584,3,4,compressed_ring_ar
1778539696.5229692,2,58,1.597197,92.78,409.24,1378.504,3,4,compressed_ring_ar
1778539698.1401834,2,59,1.771644,84.62,436.744,1506.022,3,4,compressed_ring_ar
1778539699.6300807,2,60,1.594539,88.94,205.413,1434.157,3,4,compressed_ring_ar
1778539700.8599072,2,61,1.57504,109.98,268.336,1162.656,3,4,compressed_ring_ar
1778539702.1703508,2,62,1.539416,103.13,260.573,1239.905,3,4,compressed_ring_ar
1778539703.5362325,2,63,1.526487,98.01,280.336,1304.63,3,4,compressed_ring_ar
1778539704.7990594,2,64,1.666177,105.56,362.962,1211.225,3,4,compressed_ring_ar
1778539706.0620706,2,65,1.861021,105.39,445.997,1213.287,3,4,compressed_ring_ar
1778539707.3770885,2,66,1.549131,100.58,431.818,1271.234,3,4,compressed_ring_ar
1778539708.7069743,2,67,1.592744,101.76,149.631,1257.265,3,4,compressed_ring_ar
1778539710.1746674,2,68,1.697705,91.33,408.648,1399.895,3,4,compressed_ring_ar
1778539711.5653865,2,69,1.59252,97.76,404.047,1307.139,3,4,compressed_ring_ar
1778539712.9476476,2,70,1.657807,95.76,462.532,1335.054,3,4,compressed_ring_ar
1778539714.2174895,2,71,1.531993,104.55,438.192,1223.317,3,4,compressed_ring_ar
1778539715.480886,2,72,1.452085,106.44,340.452,1199.979,3,4,compressed_ring_ar
1778539716.8232458,2,73,1.478493,98.51,332.773,1293.232,3,4,compressed_ring_ar
1778539718.116876,2,74,1.72536,103.16,221.558,1234.639,3,4,compressed_ring_ar
1778539719.2989693,2,75,1.727468,116.35,202.212,1098.873,3,4,compressed_ring_ar
1778539721.0189164,2,76,1.666191,77.73,237.354,1642.491,3,4,compressed_ring_ar
1778539722.4433324,2,77,1.505476,92.88,203.473,1373.302,3,4,compressed_ring_ar
1778539723.5279808,2,78,1.615517,122.6,339.903,1041.215,3,4,compressed_ring_ar
1778539724.9200847,2,79,1.574488,95.43,401.1,1339.42,3,4,compressed_ring_ar
1778539726.2798324,2,80,1.686254,98.7,497.817,1295.251,3,4,compressed_ring_ar
1778539727.4629934,2,81,1.517651,112.8,143.696,1133.936,3,4,compressed_ring_ar
1778539728.7665567,2,82,1.49886,103.55,256.06,1234.865,3,4,compressed_ring_ar
1778539730.1711638,2,83,1.52675,95.34,154.217,1341.268,3,4,compressed_ring_ar
1778539731.4514468,2,84,1.672391,105.21,359.984,1215.356,3,4,compressed_ring_ar
1778539732.8580837,2,85,1.391098,95.03,408.162,1345.682,3,4,compressed_ring_ar
1778539734.3294137,2,86,1.575859,91.99,389.164,1390.394,3,4,compressed_ring_ar
1778539735.682381,2,87,1.742381,99.2,432.362,1285.985,3,4,compressed_ring_ar
1778539736.8629344,2,88,1.518485,113.07,158.532,1129.783,3,4,compressed_ring_ar
1778539738.1966598,2,89,1.556703,100.12,389.72,1273.971,3,4,compressed_ring_ar
1778539739.5063732,2,90,1.452242,101.36,156.908,1261.651,3,4,compressed_ring_ar
1778539740.869508,2,91,1.643467,97.8,399.55,1303.87,3,4,compressed_ring_ar
1778539742.0338137,2,92,1.629255,113.31,317.781,1128.451,3,4,compressed_ring_ar
1778539743.4542224,2,93,1.529683,96.24,159.769,1328.149,3,4,compressed_ring_ar
1778539744.845193,2,94,1.654063,95.82,427.758,1334.725,3,4,compressed_ring_ar
1778539746.1260426,2,95,1.58693,104.42,342.376,1224.015,3,4,compressed_ring_ar
1778539747.6774993,2,96,1.726325,86.63,609.702,1476.237,3,4,compressed_ring_ar
1778539748.8907325,2,97,1.72451,72.71,213.629,1146.939,3,4,compressed_ring_ar
1778539760.651467,3,0,1.393286,91.76,156.449,1393.691,3,4,compressed_ring_ar
1778539762.0433037,3,1,1.702729,94.79,361.859,1349.017,3,4,compressed_ring_ar
1778539763.7042627,3,2,1.613058,79.93,224.253,1596.569,3,4,compressed_ring_ar
1778539764.8790097,3,3,1.533193,119.4,259.31,1067.721,3,4,compressed_ring_ar
1778539766.280273,3,4,1.593278,95.15,219.375,1340.676,3,4,compressed_ring_ar
1778539767.4958167,3,5,1.62598,108.82,207.011,1174.77,3,4,compressed_ring_ar
1778539768.8643115,3,6,1.386678,97.06,223.852,1314.183,3,4,compressed_ring_ar
1778539770.1452353,3,7,1.468785,104.34,213.724,1221.598,3,4,compressed_ring_ar
1778539771.425638,3,8,1.615887,105.71,284.346,1203.23,3,4,compressed_ring_ar
1778539772.644155,3,9,1.541275,108.71,244.846,1172.291,3,4,compressed_ring_ar
1778539773.794901,3,10,1.587986,116.79,392.19,1090.823,3,4,compressed_ring_ar
1778539775.1964874,3,11,1.488207,94.06,353.317,1352.325,3,4,compressed_ring_ar
1778539776.3540328,3,12,1.451222,114.09,230.593,1120.567,3,4,compressed_ring_ar
1778539777.6666698,3,13,1.475006,100.66,232.105,1270.488,3,4,compressed_ring_ar
1778539779.0405962,3,14,1.471044,99.09,295.284,1290.34,3,4,compressed_ring_ar
1778539780.2196646,3,15,1.418705,116.63,196.33,1094.755,3,4,compressed_ring_ar
1778539781.6130993,3,16,1.509071,95.11,511.655,1338.762,3,4,compressed_ring_ar
1778539782.8767097,3,17,1.536783,105.64,276.236,1206.698,3,4,compressed_ring_ar
1778539784.111813,3,18,1.616168,107.71,187.65,1185.327,3,4,compressed_ring_ar
1778539785.5545416,3,19,1.488422,91.46,280.9,1390.756,3,4,compressed_ring_ar
1778539786.8605921,3,20,1.581861,101.07,213.77,1260.717,3,4,compressed_ring_ar
1778539788.2078528,3,21,1.63452,98.51,389.932,1294.836,3,4,compressed_ring_ar
1778539789.4088433,3,22,1.534588,110.64,219.452,1149.932,3,4,compressed_ring_ar
1778539790.9003124,3,23,1.628666,88.34,257.828,1447.652,3,4,compressed_ring_ar
1778539792.1339183,3,24,1.593013,108.01,473.79,1180.716,3,4,compressed_ring_ar
1778539793.2975063,3,25,1.648022,115.46,378.084,1102.914,3,4,compressed_ring_ar
1778539794.5870206,3,26,1.484933,103.14,462.933,1239.496,3,4,compressed_ring_ar
1778539795.838791,3,27,1.582504,107.93,265.366,1182.224,3,4,compressed_ring_ar
1778539797.1891644,3,28,1.628122,97.91,196.608,1301.976,3,4,compressed_ring_ar
1778539798.323416,3,29,1.494622,116.38,397.864,1093.479,3,4,compressed_ring_ar
1778539799.5283191,3,30,1.555067,111.01,207.201,1148.162,3,4,compressed_ring_ar
1778539800.8725364,3,31,1.664759,97.98,219.029,1301.783,3,4,compressed_ring_ar
1778539802.0884535,3,32,1.637167,108.44,220.665,1174.123,3,4,compressed_ring_ar
1778539803.313951,3,33,1.484545,108.27,233.907,1177.558,3,4,compressed_ring_ar
1778539804.6191473,3,34,1.397329,100.85,366.059,1263.5,3,4,compressed_ring_ar
1778539805.8663578,3,35,1.626217,106.52,203.19,1197.074,3,4,compressed_ring_ar
1778539807.0182688,3,36,1.570366,120.57,212.523,1056.312,3,4,compressed_ring_ar
1778539808.2969832,3,37,1.601966,104.79,235.239,1214.306,3,4,compressed_ring_ar
1778539809.40862,3,38,1.478482,121.36,208.44,1050.659,3,4,compressed_ring_ar
1778539810.747507,3,39,1.387353,98.55,217.362,1294.342,3,4,compressed_ring_ar
1778539811.9115965,3,40,1.758591,113.9,192.566,1122.333,3,4,compressed_ring_ar
1778539813.394619,3,41,1.533497,88.69,207.923,1436.32,3,4,compressed_ring_ar
1778539814.6370606,3,42,1.419324,106.91,195.333,1196.016,3,4,compressed_ring_ar
1778539816.006878,3,43,1.649116,96.92,268.244,1312.733,3,4,compressed_ring_ar
1778539817.3150976,3,44,1.422922,101.78,265.27,1251.145,3,4,compressed_ring_ar
1778539818.651692,3,45,1.392696,98.76,199.828,1294.676,3,4,compressed_ring_ar
1778539819.982742,3,46,1.636087,99.34,327.206,1283.735,3,4,compressed_ring_ar
1778539821.305646,3,47,1.546383,100.21,166.961,1276.151,3,4,compressed_ring_ar
1778539823.0478961,3,48,1.513364,77.82,252.732,1642.686,3,4,compressed_ring_ar
1778539824.3591962,3,49,1.543999,101.37,155.137,1260.57,3,4,compressed_ring_ar
1778539825.7891955,3,50,1.606515,94.14,391.715,1358.431,3,4,compressed_ring_ar
1778539827.0821972,3,51,1.460188,103.17,332.716,1239.41,3,4,compressed_ring_ar
1778539828.3945808,3,52,1.613231,100.77,339.07,1264.903,3,4,compressed_ring_ar
1778539829.706017,3,53,1.621814,100.95,195.593,1267.244,3,4,compressed_ring_ar
1778539831.1697192,3,54,1.511969,92.57,468.618,1373.481,3,4,compressed_ring_ar
1778539832.3853476,3,55,1.407805,109.47,275.938,1161.952,3,4,compressed_ring_ar
1778539833.7932568,3,56,1.439333,93.68,209.646,1362.443,3,4,compressed_ring_ar
1778539835.1347597,3,57,1.49777,98.08,224.507,1297.881,3,4,compressed_ring_ar
1778539836.428868,3,58,1.696999,102.01,182.865,1250.516,3,4,compressed_ring_ar
1778539837.8679163,3,59,1.47971,91.43,222.059,1394.186,3,4,compressed_ring_ar
1778539839.1673393,3,60,1.377061,102.01,310.636,1254.269,3,4,compressed_ring_ar
1778539840.5997875,3,61,1.424034,92.32,296.124,1384.109,3,4,compressed_ring_ar
1778539841.9599478,3,62,1.479748,97.8,167.171,1307.368,3,4,compressed_ring_ar
1778539843.1972818,3,63,1.593463,107.08,196.194,1193.355,3,4,compressed_ring_ar
1778539844.5512586,3,64,1.415565,99.31,517.925,1286.167,3,4,compressed_ring_ar
1778539845.909017,3,65,1.335566,99.72,344.259,1282.487,3,4,compressed_ring_ar
1778539847.2752473,3,66,1.479436,98.6,406.579,1292.437,3,4,compressed_ring_ar
1778539848.722765,3,67,1.391474,92.69,519.187,1376.191,3,4,compressed_ring_ar
1778539849.9787283,3,68,1.502663,105.49,185.044,1208.613,3,4,compressed_ring_ar
1778539851.405382,3,69,1.517747,92.34,465.082,1381.555,3,4,compressed_ring_ar
1778539852.739094,3,70,1.616891,102.44,240.005,1244.025,3,4,compressed_ring_ar
1778539853.9618633,3,71,1.468949,111.89,231.113,1142.987,3,4,compressed_ring_ar
1778539855.345186,3,72,1.489374,96.26,468.879,1325.309,3,4,compressed_ring_ar
1778539856.7526379,3,73,1.608808,94.75,203.522,1346.647,3,4,compressed_ring_ar
1778539857.9265678,3,74,1.439238,114.19,272.562,1116.213,3,4,compressed_ring_ar
1778539859.1076992,3,75,1.478508,113.08,169.033,1130.693,3,4,compressed_ring_ar
1778539860.4011583,3,76,1.456962,103.22,419.187,1237.735,3,4,compressed_ring_ar
1778539861.7591748,3,77,1.588957,97.91,297.172,1301.994,3,4,compressed_ring_ar
1778539863.0271683,3,78,1.639007,104.92,320.518,1216.244,3,4,compressed_ring_ar
1778539864.420721,3,79,1.509348,94.73,312.144,1350.505,3,4,compressed_ring_ar
1778539865.788402,3,80,1.356114,99.45,292.129,1285.852,3,4,compressed_ring_ar
1778539867.1038022,3,81,1.547825,101.02,460.258,1265.726,3,4,compressed_ring_ar
1778539868.4822514,3,82,1.517899,95.88,168.562,1333.822,3,4,compressed_ring_ar
1778539869.8644488,3,83,1.4444,96.99,484.148,1317.066,3,4,compressed_ring_ar
1778539871.1354175,3,84,1.586074,107.93,346.905,1184.781,3,4,compressed_ring_ar
1778539872.5243635,3,85,1.436821,97.07,220.939,1317.182,3,4,compressed_ring_ar
1778539873.81612,3,86,1.479638,103.68,276.315,1233.023,3,4,compressed_ring_ar
1778539875.1456962,3,87,1.608277,100.6,161.419,1269.861,3,4,compressed_ring_ar
1778539876.5393093,3,88,1.556546,95.13,464.578,1340.737,3,4,compressed_ring_ar
1778539877.6808767,3,89,1.444379,117.06,145.374,1092.211,3,4,compressed_ring_ar
1778539878.9595585,3,90,1.495131,104.52,394.143,1222.249,3,4,compressed_ring_ar
1778539880.251239,3,91,1.427688,103.0,366.933,1241.038,3,4,compressed_ring_ar
1778539881.7567782,3,92,1.452392,88.11,232.989,1445.926,3,4,compressed_ring_ar
1778539882.9613025,3,93,1.470191,109.65,156.641,1164.176,3,4,compressed_ring_ar
1778539884.4605372,3,94,1.581124,87.83,568.817,1456.5,3,4,compressed_ring_ar
1778539885.859988,3,95,1.489015,98.57,285.8,1297.463,3,4,compressed_ring_ar
1778539887.2394183,3,96,1.591614,98.57,367.283,1296.474,3,4,compressed_ring_ar
1778539888.3935323,3,97,1.668216,75.53,351.878,1104.91,3,4,compressed_ring_ar
1778539900.2341712,4,0,1.592297,89.52,168.779,1426.436,3,4,compressed_ring_ar
1778539901.684456,4,1,1.514704,91.74,477.488,1394.042,3,4,compressed_ring_ar
1778539903.0719585,4,2,1.394401,96.61,350.33,1322.81,3,4,compressed_ring_ar
1778539904.429544,4,3,1.438044,100.14,154.282,1275.656,3,4,compressed_ring_ar
1778539905.9517262,4,4,1.507251,86.93,464.481,1463.747,3,4,compressed_ring_ar
1778539907.0416322,4,5,1.318927,125.07,168.129,1022.01,3,4,compressed_ring_ar
1778539908.429229,4,6,1.433659,95.53,228.354,1337.345,3,4,compressed_ring_ar
1778539910.0847275,4,7,1.578216,80.07,205.75,1597.332,3,4,compressed_ring_ar
1778539911.2636857,4,8,1.611438,113.86,199.069,1121.694,3,4,compressed_ring_ar
1778539912.5485604,4,9,1.33531,104.48,362.584,1222.454,3,4,compressed_ring_ar
1778539913.7928858,4,10,1.468069,108.93,154.257,1172.79,3,4,compressed_ring_ar
1778539915.0956028,4,11,1.44629,101.21,311.135,1263.468,3,4,compressed_ring_ar
1778539916.5406046,4,12,1.441619,92.24,165.985,1383.448,3,4,compressed_ring_ar
1778539917.8941317,4,13,1.346062,99.07,169.11,1290.448,3,4,compressed_ring_ar
1778539919.1413274,4,14,1.463138,106.27,288.853,1201.501,3,4,compressed_ring_ar
1778539920.6030605,4,15,1.415398,90.46,567.28,1409.81,3,4,compressed_ring_ar
1778539921.9043486,4,16,1.483203,102.36,215.316,1243.61,3,4,compressed_ring_ar
1778539923.144726,4,17,1.6093,106.29,192.39,1199.342,3,4,compressed_ring_ar
1778539924.3405018,4,18,1.51487,110.82,304.592,1153.704,3,4,compressed_ring_ar
1778539925.7291365,4,19,1.485178,96.72,311.358,1320.86,3,4,compressed_ring_ar
1778539927.039047,4,20,1.413077,101.38,364.567,1259.325,3,4,compressed_ring_ar
1778539928.310776,4,21,1.597983,104.59,314.604,1221.364,3,4,compressed_ring_ar
1778539929.6164525,4,22,1.622348,101.88,327.322,1255.04,3,4,compressed_ring_ar
1778539930.951403,4,23,1.613283,100.57,274.819,1265.603,3,4,compressed_ring_ar
1778539932.2746437,4,24,1.534138,101.96,156.425,1253.255,3,4,compressed_ring_ar
1778539933.566888,4,25,1.499028,102.93,519.412,1242.259,3,4,compressed_ring_ar
1778539934.8346357,4,26,1.489503,104.65,399.078,1221.225,3,4,compressed_ring_ar
1778539936.086929,4,27,1.488005,105.91,162.738,1206.709,3,4,compressed_ring_ar
1778539937.3221762,4,28,1.511603,107.98,612.98,1183.92,3,4,compressed_ring_ar
1778539938.7734625,4,29,1.550532,92.54,529.566,1381.09,3,4,compressed_ring_ar
1778539940.0552003,4,30,1.495467,103.5,328.099,1235.425,3,4,compressed_ring_ar
1778539941.5336494,4,31,1.471204,90.52,252.991,1411.316,3,4,compressed_ring_ar
1778539942.9322119,4,32,1.493159,94.55,358.446,1351.469,3,4,compressed_ring_ar
1778539944.4855552,4,33,1.417741,85.39,281.629,1497.876,3,4,compressed_ring_ar
1778539945.8560033,4,34,1.469614,101.07,279.306,1265.163,3,4,compressed_ring_ar
1778539947.2648509,4,35,1.475425,96.61,354.39,1320.598,3,4,compressed_ring_ar
1778539948.4570708,4,36,1.365012,111.61,263.209,1144.152,3,4,compressed_ring_ar
1778539949.7098072,4,37,1.350658,106.9,301.298,1195.014,3,4,compressed_ring_ar
1778539951.0999374,4,38,1.455493,95.42,411.135,1338.843,3,4,compressed_ring_ar
1778539952.3298562,4,39,1.383109,111.28,189.319,1148.152,3,4,compressed_ring_ar
1778539953.595953,4,40,1.576723,104.8,180.832,1218.878,3,4,compressed_ring_ar
1778539954.8785815,4,41,1.536436,103.15,274.559,1238.569,3,4,compressed_ring_ar
1778539956.1274395,4,42,1.528898,107.15,337.633,1193.358,3,4,compressed_ring_ar
1778539957.3267975,4,43,1.412604,111.16,350.802,1150.262,3,4,compressed_ring_ar
1778539958.534062,4,44,1.423546,111.08,332.986,1151.134,3,4,compressed_ring_ar
1778539959.9040997,4,45,1.41637,98.44,404.223,1298.37,3,4,compressed_ring_ar
1778539961.3368394,4,46,1.744265,94.03,382.812,1355.362,3,4,compressed_ring_ar
1778539962.5770807,4,47,1.425332,107.5,235.04,1185.944,3,4,compressed_ring_ar
1778539963.7738354,4,48,1.395318,110.61,189.318,1153.291,3,4,compressed_ring_ar
1778539965.0617144,4,49,1.393243,103.46,186.53,1235.906,3,4,compressed_ring_ar
1778539966.328972,4,50,1.717131,107.4,332.611,1189.392,3,4,compressed_ring_ar
1778539967.7383015,4,51,1.592985,93.57,208.8,1367.584,3,4,compressed_ring_ar
1778539969.1743538,4,52,1.49199,93.23,481.644,1369.473,3,4,compressed_ring_ar
1778539970.5463078,4,53,1.548763,96.07,288.981,1330.036,3,4,compressed_ring_ar
1778539971.958651,4,54,1.497785,95.61,431.94,1334.215,3,4,compressed_ring_ar
1778539973.1528003,4,55,1.488329,111.9,384.538,1141.793,3,4,compressed_ring_ar
1778539974.5179129,4,56,1.258233,96.79,311.783,1316.146,3,4,compressed_ring_ar
1778539975.7679062,4,57,1.332308,105.97,225.166,1207.254,3,4,compressed_ring_ar
1778539977.2567682,4,58,1.503397,92.36,417.743,1380.849,3,4,compressed_ring_ar
1778539978.5940583,4,59,1.576684,98.77,215.668,1290.018,3,4,compressed_ring_ar
1778539979.861803,4,60,1.377076,107.2,194.54,1188.896,3,4,compressed_ring_ar
1778539980.9180498,4,61,1.321828,130.24,232.268,979.994,3,4,compressed_ring_ar
1778539982.2581053,4,62,1.499691,100.02,652.803,1278.427,3,4,compressed_ring_ar
1778539983.5623884,4,63,1.566477,102.05,305.867,1253.019,3,4,compressed_ring_ar
1778539984.9607508,4,64,1.511775,95.13,436.703,1344.254,3,4,compressed_ring_ar
1778539986.2049813,4,65,1.514514,108.91,191.9,1168.609,3,4,compressed_ring_ar
1778539987.3360653,4,66,1.477659,117.88,172.586,1083.368,3,4,compressed_ring_ar
1778539988.6093862,4,67,1.364068,104.06,247.857,1229.082,3,4,compressed_ring_ar
1778539989.9721537,4,68,1.456817,99.15,507.607,1288.882,3,4,compressed_ring_ar
1778539991.3204823,4,69,1.36111,99.07,445.497,1287.643,3,4,compressed_ring_ar
1778539992.7223134,4,70,1.413401,93.58,260.549,1363.126,3,4,compressed_ring_ar
1778539994.057058,4,71,1.449501,99.07,170.06,1290.632,3,4,compressed_ring_ar
1778539995.2589176,4,72,1.437599,113.4,233.475,1126.318,3,4,compressed_ring_ar
1778539996.5919988,4,73,1.618518,100.86,525.988,1267.907,3,4,compressed_ring_ar
1778539997.963025,4,74,1.389379,98.04,178.52,1303.441,3,4,compressed_ring_ar
1778539999.341534,4,75,1.549215,97.26,432.879,1313.331,3,4,compressed_ring_ar
1778540000.6420505,4,76,1.428285,103.33,224.829,1237.462,3,4,compressed_ring_ar
1778540001.9818044,4,77,1.434008,98.92,472.803,1292.379,3,4,compressed_ring_ar
1778540003.3538914,4,78,1.398734,99.21,519.885,1289.182,3,4,compressed_ring_ar
1778540004.6224978,4,79,1.453776,106.95,350.341,1195.487,3,4,compressed_ring_ar
1778540005.8659134,4,80,1.429874,106.81,245.665,1194.22,3,4,compressed_ring_ar
1778540007.2050352,4,81,1.415422,99.85,273.848,1280.639,3,4,compressed_ring_ar
1778540008.4814317,4,82,1.558646,104.6,253.277,1222.397,3,4,compressed_ring_ar
1778540009.7828677,4,83,1.446517,103.42,422.219,1232.447,3,4,compressed_ring_ar
1778540011.215278,4,84,1.500265,93.82,430.134,1361.696,3,4,compressed_ring_ar
1778540012.592275,4,85,1.394271,96.88,458.423,1320.801,3,4,compressed_ring_ar
1778540013.9362974,4,86,1.575977,100.59,330.777,1270.257,3,4,compressed_ring_ar
1778540015.5525515,4,87,1.338336,82.21,369.398,1555.552,3,4,compressed_ring_ar
1778540016.8555765,4,88,1.430043,102.14,211.811,1247.978,3,4,compressed_ring_ar
1778540018.0442328,4,89,1.325957,111.4,275.748,1146.651,3,4,compressed_ring_ar
1778540019.2913544,4,90,1.366176,107.03,154.0,1192.699,3,4,compressed_ring_ar
1778540020.6736398,4,91,1.431428,97.38,426.368,1312.534,3,4,compressed_ring_ar
1778540022.1130095,4,92,1.52337,91.69,375.493,1388.244,3,4,compressed_ring_ar
1778540023.2567759,4,93,1.414658,116.97,168.502,1093.171,3,4,compressed_ring_ar
1778540024.715627,4,94,1.48901,94.08,343.332,1357.667,3,4,compressed_ring_ar
1778540026.0245533,4,95,1.375702,101.38,144.057,1260.003,3,4,compressed_ring_ar
1778540027.272913,4,96,1.409737,106.36,158.969,1202.242,3,4,compressed_ring_ar
1778540028.364662,4,97,1.476304,79.88,350.571,1046.189,3,4,compressed_ring_ar
1778540040.2951984,5,0,1.432796,78.96,253.173,1616.618,3,4,compressed_ring_ar
1778540041.6330352,5,1,1.435396,100.38,370.526,1273.976,3,4,compressed_ring_ar
1778540042.8570335,5,2,1.273364,109.58,311.792,1166.16,3,4,compressed_ring_ar
1778540044.133601,5,3,1.493627,104.17,165.053,1227.57,3,4,compressed_ring_ar
1778540045.4610832,5,4,1.419717,101.04,331.543,1264.56,3,4,compressed_ring_ar
1778540046.7791178,5,5,1.387775,102.63,341.071,1245.863,3,4,compressed_ring_ar
1778540048.0864182,5,6,1.488078,103.37,313.735,1235.585,3,4,compressed_ring_ar
1778540049.3416348,5,7,1.362949,105.45,282.333,1212.323,3,4,compressed_ring_ar
1778540050.6180332,5,8,1.393204,104.71,405.816,1220.046,3,4,compressed_ring_ar
1778540051.9733214,5,9,1.502463,97.88,506.094,1305.721,3,4,compressed_ring_ar
1778540053.180798,5,10,1.531633,110.41,292.553,1158.757,3,4,compressed_ring_ar
1778540054.5807462,5,11,1.311702,96.5,405.604,1325.006,3,4,compressed_ring_ar
1778540055.8973837,5,12,1.574863,102.07,218.721,1252.141,3,4,compressed_ring_ar
1778540057.347326,5,13,1.556413,93.78,438.446,1363.825,3,4,compressed_ring_ar
1778540058.6038594,5,14,1.318705,106.45,413.1,1201.186,3,4,compressed_ring_ar
1778540060.0865407,5,15,1.45111,89.24,529.634,1433.277,3,4,compressed_ring_ar
1778540061.3909435,5,16,1.419776,103.46,642.952,1231.583,3,4,compressed_ring_ar
1778540062.6021035,5,17,1.644802,109.67,235.352,1161.067,3,4,compressed_ring_ar
1778540063.8371377,5,18,1.377431,107.82,225.234,1185.056,3,4,compressed_ring_ar
1778540065.1023438,5,19,1.593839,105.11,336.967,1216.698,3,4,compressed_ring_ar
1778540066.4123197,5,20,1.399833,102.83,465.297,1242.294,3,4,compressed_ring_ar
1778540067.7091074,5,21,1.462577,103.51,296.712,1233.808,3,4,compressed_ring_ar
1778540069.1424696,5,22,1.334637,94.36,302.324,1354.036,3,4,compressed_ring_ar
1778540070.8189588,5,23,1.444527,79.39,479.293,1611.31,3,4,compressed_ring_ar
1778540072.1139026,5,24,1.427166,103.79,327.206,1232.034,3,4,compressed_ring_ar
1778540073.44328,5,25,1.408696,103.34,218.478,1236.549,3,4,compressed_ring_ar
1778540074.7664974,5,26,1.394458,100.72,409.828,1268.712,3,4,compressed_ring_ar
1778540076.04557,5,27,1.379942,107.49,309.41,1189.667,3,4,compressed_ring_ar
1778540077.316803,5,28,1.509205,104.96,444.345,1217.866,3,4,compressed_ring_ar
1778540078.7034094,5,29,1.451204,96.63,323.469,1323.33,3,4,compressed_ring_ar
1778540079.9750576,5,30,1.441629,107.46,403.166,1190.106,3,4,compressed_ring_ar
1778540081.4064996,5,31,1.449639,94.24,265.173,1357.157,3,4,compressed_ring_ar
1778540082.750208,5,32,1.527623,100.81,160.248,1268.309,3,4,compressed_ring_ar
1778540084.0750558,5,33,1.413507,101.16,412.111,1264.318,3,4,compressed_ring_ar
1778540085.2900949,5,34,1.325366,110.38,266.859,1156.397,3,4,compressed_ring_ar
1778540086.6844723,5,35,1.276318,96.06,486.609,1330.447,3,4,compressed_ring_ar
1778540088.049424,5,36,1.468618,99.0,227.383,1291.753,3,4,compressed_ring_ar
1778540089.3544798,5,37,1.33894,102.53,345.658,1247.034,3,4,compressed_ring_ar
1778540090.820187,5,38,1.403734,90.53,397.853,1412.097,3,4,compressed_ring_ar
1778540092.0865588,5,39,1.312889,105.57,402.55,1211.169,3,4,compressed_ring_ar
1778540093.3251023,5,40,1.413571,108.67,345.946,1177.055,3,4,compressed_ring_ar
1778540094.5153224,5,41,1.549408,113.98,257.172,1120.978,3,4,compressed_ring_ar
1778540095.754863,5,42,1.495852,108.51,347.801,1178.175,3,4,compressed_ring_ar
1778540096.991535,5,43,1.390311,107.99,384.99,1183.276,3,4,compressed_ring_ar
1778540098.2754314,5,44,1.497938,104.03,476.431,1229.612,3,4,compressed_ring_ar
1778540099.5673068,5,45,1.412694,104.08,227.401,1226.968,3,4,compressed_ring_ar
1778540101.020268,5,46,1.294452,91.33,377.351,1390.4,3,4,compressed_ring_ar
1778540102.4124503,5,47,1.248253,97.01,405.785,1317.095,3,4,compressed_ring_ar
1778540103.8098977,5,48,1.512804,96.76,354.019,1320.248,3,4,compressed_ring_ar
1778540105.015138,5,49,1.313906,110.26,399.633,1159.886,3,4,compressed_ring_ar
1778540106.2971888,5,50,1.438867,105.84,481.706,1208.082,3,4,compressed_ring_ar
1778540107.723478,5,51,1.438547,92.52,394.391,1379.147,3,4,compressed_ring_ar
1778540109.0554245,5,52,1.414874,100.78,206.357,1264.356,3,4,compressed_ring_ar
1778540110.3420782,5,53,1.464657,103.72,280.404,1229.994,3,4,compressed_ring_ar
1778540111.719633,5,54,1.407508,95.75,178.061,1335.424,3,4,compressed_ring_ar
1778540113.0908637,5,55,1.417338,98.55,180.563,1297.872,3,4,compressed_ring_ar
1778540114.400204,5,56,1.375811,102.12,179.502,1251.9,3,4,compressed_ring_ar
1778540115.8874526,5,57,1.37749,89.02,690.811,1436.594,3,4,compressed_ring_ar
1778540117.1806707,5,58,1.319713,103.6,152.087,1234.377,3,4,compressed_ring_ar
1778540118.4343834,5,59,1.366255,107.64,360.577,1188.029,3,4,compressed_ring_ar
1778540119.7761834,5,60,1.454642,99.59,372.44,1283.694,3,4,compressed_ring_ar
1778540121.2038512,5,61,1.368276,92.32,382.841,1381.47,3,4,compressed_ring_ar
1778540122.3963072,5,62,1.341394,110.95,261.796,1150.085,3,4,compressed_ring_ar
1778540123.698061,5,63,1.424328,102.24,404.515,1250.772,3,4,compressed_ring_ar
1778540125.041257,5,64,1.565027,100.4,381.259,1272.113,3,4,compressed_ring_ar
1778540126.247399,5,65,1.554101,109.73,261.931,1164.901,3,4,compressed_ring_ar
1778540127.5269868,5,66,1.364825,104.01,332.567,1224.351,3,4,compressed_ring_ar
1778540128.8755827,5,67,1.58121,100.62,385.758,1270.159,3,4,compressed_ring_ar
1778540130.1936438,5,68,1.278672,101.24,334.628,1263.306,3,4,compressed_ring_ar
1778540131.4592457,5,69,1.457413,107.12,352.11,1192.751,3,4,compressed_ring_ar
1778540132.7441063,5,70,1.375368,103.22,364.908,1239.011,3,4,compressed_ring_ar
1778540134.1995904,5,71,1.285588,92.81,403.063,1374.748,3,4,compressed_ring_ar
1778540135.5161371,5,72,1.384748,102.67,303.514,1242.298,3,4,compressed_ring_ar
1778540136.6120214,5,73,1.700986,122.3,222.609,1041.167,3,4,compressed_ring_ar
1778540137.8563092,5,74,1.340115,106.41,206.818,1200.477,3,4,compressed_ring_ar
1778540139.0931633,5,75,1.541118,109.67,298.223,1163.388,3,4,compressed_ring_ar
1778540140.5547678,5,76,1.279577,90.81,192.484,1408.505,3,4,compressed_ring_ar
1778540141.8777013,5,77,1.421035,102.37,298.187,1249.366,3,4,compressed_ring_ar
1778540143.0791404,5,78,1.434107,111.81,262.949,1143.679,3,4,compressed_ring_ar
1778540144.4898148,5,79,1.627113,96.65,383.844,1321.896,3,4,compressed_ring_ar
1778540145.7038035,5,80,1.638094,111.94,257.771,1141.559,3,4,compressed_ring_ar
1778540146.9435103,5,81,1.518361,108.31,382.142,1180.517,3,4,compressed_ring_ar
1778540148.3360918,5,82,1.302868,95.28,365.087,1338.69,3,4,compressed_ring_ar
1778540149.3934336,5,83,1.389297,128.18,173.071,997.099,3,4,compressed_ring_ar
1778540150.7253811,5,84,1.380534,102.01,319.08,1253.566,3,4,compressed_ring_ar
1778540152.1082838,5,85,1.411151,97.27,378.066,1311.285,3,4,compressed_ring_ar
1778540153.3911777,5,86,1.356046,105.24,183.782,1211.4,3,4,compressed_ring_ar
1778540154.8888946,5,87,1.432903,87.74,309.374,1451.618,3,4,compressed_ring_ar
1778540156.0599473,5,88,1.422363,115.83,163.586,1102.619,3,4,compressed_ring_ar
1778540157.3789928,5,89,1.279991,100.42,346.035,1273.01,3,4,compressed_ring_ar
1778540158.6061425,5,90,1.410961,107.65,289.012,1186.799,3,4,compressed_ring_ar
1778540160.016867,5,91,1.419463,94.28,256.734,1356.779,3,4,compressed_ring_ar
1778540161.400105,5,92,1.379129,103.17,696.612,1237.995,3,4,compressed_ring_ar
1778540162.7612174,5,93,1.442792,97.97,150.172,1304.233,3,4,compressed_ring_ar
1778540164.0813723,5,94,1.558226,100.88,363.444,1267.585,3,4,compressed_ring_ar
1778540165.4725683,5,95,1.639853,95.84,382.53,1334.296,3,4,compressed_ring_ar
1778540166.823019,5,96,1.60341,98.26,164.109,1301.271,3,4,compressed_ring_ar
1778540168.0298793,5,97,1.466733,71.97,171.404,1161.81,3,4,compressed_ring_ar
1778540180.1969812,6,0,1.46647,83.76,244.415,1523.506,3,4,compressed_ring_ar
1778540181.5010078,6,1,1.282912,102.85,231.002,1243.175,3,4,compressed_ring_ar
1778540182.95126,6,2,1.402134,92.1,224.331,1388.573,3,4,compressed_ring_ar
1778540184.326261,6,3,1.377152,97.09,192.289,1316.114,3,4,compressed_ring_ar
1778540185.7653675,6,4,1.443591,93.04,249.917,1373.128,3,4,compressed_ring_ar
1778540187.2263567,6,5,1.221116,90.05,457.333,1420.2,3,4,compressed_ring_ar
1778540188.6222956,6,6,1.448846,96.04,329.104,1330.991,3,4,compressed_ring_ar
1778540189.8114822,6,7,1.33863,112.26,271.216,1139.034,3,4,compressed_ring_ar
1778540191.1184952,6,8,1.687415,101.75,398.728,1256.02,3,4,compressed_ring_ar
1778540192.3962486,6,9,1.251932,103.66,197.888,1232.457,3,4,compressed_ring_ar
1778540193.6176417,6,10,1.294124,109.27,163.33,1168.785,3,4,compressed_ring_ar
1778540195.0398643,6,11,1.317005,93.43,169.093,1367.523,3,4,compressed_ring_ar
1778540196.3356445,6,12,1.283196,102.21,156.266,1250.111,3,4,compressed_ring_ar
1778540197.632276,6,13,1.314248,102.09,187.725,1250.913,3,4,compressed_ring_ar
1778540199.0138118,6,14,1.310858,97.59,324.217,1309.854,3,4,compressed_ring_ar
1778540200.2930477,6,15,1.372683,105.71,203.724,1209.703,3,4,compressed_ring_ar
1778540201.701879,6,16,1.595113,94.09,352.601,1357.918,3,4,compressed_ring_ar
1778540203.1276495,6,17,1.453732,93.14,220.559,1372.617,3,4,compressed_ring_ar
1778540204.4602969,6,18,1.364514,99.47,422.111,1282.265,3,4,compressed_ring_ar
1778540205.6997738,6,19,1.383811,106.5,179.46,1199.605,3,4,compressed_ring_ar
1778540207.0409725,6,20,1.453165,98.86,272.268,1290.032,3,4,compressed_ring_ar
1778540208.2380807,6,21,1.339559,110.85,204.267,1153.281,3,4,compressed_ring_ar
1778540209.612343,6,22,1.457901,96.43,198.475,1325.008,3,4,compressed_ring_ar
1778540210.9983144,6,23,1.439441,95.78,184.085,1333.978,3,4,compressed_ring_ar
1778540212.2892048,6,24,1.283014,103.53,174.164,1235.075,3,4,compressed_ring_ar
1778540213.6236732,6,25,1.252031,100.95,246.971,1265.044,3,4,compressed_ring_ar
1778540215.0367525,6,26,1.363387,93.03,383.907,1372.729,3,4,compressed_ring_ar
1778540216.2941196,6,27,1.558098,105.03,361.413,1216.693,3,4,compressed_ring_ar
1778540217.5422282,6,28,1.264708,106.57,315.718,1198.584,3,4,compressed_ring_ar
1778540218.8177261,6,29,1.4396,105.03,261.821,1216.652,3,4,compressed_ring_ar
1778540220.5038989,6,30,1.404779,79.38,260.605,1610.078,3,4,compressed_ring_ar
1778540221.7230856,6,31,1.302437,109.25,339.694,1168.708,3,4,compressed_ring_ar
1778540222.9718852,6,32,1.228845,106.99,151.985,1195.08,3,4,compressed_ring_ar
1778540224.3249996,6,33,1.369472,98.4,263.688,1299.021,3,4,compressed_ring_ar
1778540225.6026177,6,34,1.412283,103.72,415.706,1232.927,3,4,compressed_ring_ar
1778540226.9001925,6,35,1.550173,102.38,286.322,1248.87,3,4,compressed_ring_ar
1778540228.1453335,6,36,1.404277,107.22,165.109,1191.445,3,4,compressed_ring_ar
1778540229.4111016,6,37,1.361715,104.95,266.574,1216.919,3,4,compressed_ring_ar
1778540230.7925365,6,38,1.292521,95.11,412.005,1344.359,3,4,compressed_ring_ar
1778540232.1919954,6,39,1.289885,94.94,177.184,1345.847,3,4,compressed_ring_ar
1778540233.5249739,6,40,1.457032,99.53,403.066,1285.03,3,4,compressed_ring_ar
1778540234.9105632,6,41,1.371837,95.9,275.661,1332.234,3,4,compressed_ring_ar
1778540236.160063,6,42,1.338905,106.2,179.578,1201.973,3,4,compressed_ring_ar
1778540237.5252295,6,43,1.400856,96.34,394.476,1326.084,3,4,compressed_ring_ar
1778540238.8756893,6,44,1.372099,97.85,155.359,1305.765,3,4,compressed_ring_ar
1778540240.1899755,6,45,1.417637,103.55,181.81,1234.848,3,4,compressed_ring_ar
1778540241.437282,6,46,1.40118,106.5,181.195,1197.964,3,4,compressed_ring_ar
1778540242.7636597,6,47,1.443211,101.86,189.304,1255.452,3,4,compressed_ring_ar
1778540244.0496044,6,48,1.368335,103.55,195.33,1233.869,3,4,compressed_ring_ar
1778540245.3031683,6,49,1.573032,105.92,225.936,1206.448,3,4,compressed_ring_ar
1778540246.7477593,6,50,1.413578,91.48,372.644,1397.916,3,4,compressed_ring_ar
1778540248.0035703,6,51,1.28959,106.16,150.807,1204.461,3,4,compressed_ring_ar
1778540249.3310728,6,52,1.536787,101.37,459.265,1260.149,3,4,compressed_ring_ar
1778540250.8650727,6,53,1.362982,85.76,304.989,1488.064,3,4,compressed_ring_ar
1778540252.0849938,6,54,1.254206,111.47,245.035,1145.865,3,4,compressed_ring_ar
1778540253.4977992,6,55,1.29536,93.85,180.788,1360.641,3,4,compressed_ring_ar
1778540254.9213467,6,56,1.354671,92.51,506.437,1381.25,3,4,compressed_ring_ar
1778540256.276734,6,57,1.550066,97.36,427.399,1309.51,3,4,compressed_ring_ar
1778540257.4752266,6,58,1.33279,111.04,203.898,1151.595,3,4,compressed_ring_ar
1778540258.78064,6,59,1.273418,101.94,409.429,1253.991,3,4,compressed_ring_ar
1778540260.0436862,6,60,1.410211,104.51,337.95,1222.16,3,4,compressed_ring_ar
1778540261.5170407,6,61,1.572216,89.84,482.812,1417.16,3,4,compressed_ring_ar
1778540262.7010174,6,62,1.323769,112.21,184.476,1135.773,3,4,compressed_ring_ar
1778540264.0047655,6,63,1.54572,100.95,283.439,1264.698,3,4,compressed_ring_ar
1778540265.4827726,6,64,1.401007,89.6,200.688,1427.302,3,4,compressed_ring_ar
1778540266.7468042,6,65,1.232163,105.29,231.54,1212.835,3,4,compressed_ring_ar
1778540268.1426072,6,66,1.391102,94.51,164.575,1351.724,3,4,compressed_ring_ar
1778540269.5650353,6,67,1.31034,92.76,634.32,1378.549,3,4,compressed_ring_ar
1778540270.850357,6,68,1.422452,103.15,175.185,1240.676,3,4,compressed_ring_ar
1778540272.2136102,6,69,1.365707,99.21,397.579,1288.982,3,4,compressed_ring_ar
1778540273.5061526,6,70,1.173482,103.45,281.93,1235.305,3,4,compressed_ring_ar
1778540274.779431,6,71,1.461537,104.65,233.72,1219.914,3,4,compressed_ring_ar
1778540276.1083555,6,72,1.374694,99.45,401.621,1285.687,3,4,compressed_ring_ar
1778540277.3402143,6,73,1.495059,107.58,151.336,1187.277,3,4,compressed_ring_ar
1778540278.6462865,6,74,1.488475,101.69,463.768,1253.751,3,4,compressed_ring_ar
1778540279.9261243,6,75,1.282048,102.87,330.152,1242.802,3,4,compressed_ring_ar
1778540281.1750495,6,76,1.373281,106.53,289.831,1199.685,3,4,compressed_ring_ar
1778540282.5722911,6,77,1.235222,95.5,574.396,1337.803,3,4,compressed_ring_ar
1778540283.9205806,6,78,1.363241,98.12,162.934,1303.364,3,4,compressed_ring_ar
1778540285.4067838,6,79,1.483016,91.0,177.566,1405.472,3,4,compressed_ring_ar
1778540286.7275653,6,80,1.304059,104.83,347.539,1219.744,3,4,compressed_ring_ar
1778540288.124119,6,81,1.436724,94.56,517.641,1351.293,3,4,compressed_ring_ar
1778540289.378854,6,82,1.407248,106.13,196.043,1203.426,3,4,compressed_ring_ar
1778540290.706934,6,83,1.567229,99.58,216.058,1284.068,3,4,compressed_ring_ar
1778540291.997602,6,84,1.518599,102.14,157.718,1251.783,3,4,compressed_ring_ar
1778540293.2985275,6,85,1.538942,102.37,193.08,1247.32,3,4,compressed_ring_ar
1778540294.5831242,6,86,1.369644,102.66,380.884,1244.585,3,4,compressed_ring_ar
1778540295.8120222,6,87,1.350898,108.12,167.167,1181.837,3,4,compressed_ring_ar
1778540297.1496816,6,88,1.33788,98.66,294.644,1295.493,3,4,compressed_ring_ar
1778540298.4736118,6,89,1.2165,99.89,343.011,1280.016,3,4,compressed_ring_ar
1778540299.9187553,6,90,1.209522,91.5,448.933,1396.496,3,4,compressed_ring_ar
1778540301.1670184,6,91,1.364878,106.41,149.322,1202.006,3,4,compressed_ring_ar
1778540302.4251857,6,92,1.286183,105.76,429.084,1207.822,3,4,compressed_ring_ar
1778540303.65063,6,93,1.470576,108.3,155.637,1177.519,3,4,compressed_ring_ar
1778540304.9737372,6,94,1.462443,101.97,276.852,1254.212,3,4,compressed_ring_ar
1778540306.3017135,6,95,1.459903,101.32,475.028,1262.06,3,4,compressed_ring_ar
1778540307.770745,6,96,1.349251,89.95,408.491,1421.059,3,4,compressed_ring_ar
1778540308.931588,6,97,1.282095,73.99,425.431,1127.745,3,4,compressed_ring_ar
1778540320.487356,7,0,1.328192,96.32,266.2,1327.12,3,4,compressed_ring_ar
1778540321.7364259,7,1,1.220377,106.92,441.999,1195.091,3,4,compressed_ring_ar
1778540322.9775002,7,2,1.296366,106.99,166.925,1195.251,3,4,compressed_ring_ar
1778540324.3189688,7,3,1.367629,99.15,211.553,1282.14,3,4,compressed_ring_ar
1778540325.5467625,7,4,1.341141,107.46,183.276,1189.992,3,4,compressed_ring_ar
1778540326.8661923,7,5,1.359728,99.97,184.557,1279.463,3,4,compressed_ring_ar
1778540328.166484,7,6,1.355624,103.75,205.457,1231.871,3,4,compressed_ring_ar
1778540329.45379,7,7,1.443693,104.33,167.503,1225.586,3,4,compressed_ring_ar
1778540330.8310413,7,8,1.314703,97.22,212.842,1314.257,3,4,compressed_ring_ar
1778540332.1611714,7,9,1.272118,101.0,156.107,1266.085,3,4,compressed_ring_ar
1778540333.6135342,7,10,1.151687,91.14,370.629,1403.415,3,4,compressed_ring_ar
1778540335.0736122,7,11,1.283715,90.89,194.594,1401.387,3,4,compressed_ring_ar
1778540336.2547688,7,12,1.517905,112.81,377.404,1131.133,3,4,compressed_ring_ar
1778540337.5484152,7,13,1.365879,102.45,306.855,1247.011,3,4,compressed_ring_ar
1778540338.9008942,7,14,1.353372,99.29,315.727,1288.053,3,4,compressed_ring_ar
1778540340.1512864,7,15,1.351587,107.75,170.556,1185.466,3,4,compressed_ring_ar
1778540341.4548798,7,16,1.357824,102.42,363.644,1248.002,3,4,compressed_ring_ar
1778540342.7375922,7,17,1.401475,103.56,377.707,1233.597,3,4,compressed_ring_ar
1778540344.0582602,7,18,1.325146,100.46,199.196,1272.141,3,4,compressed_ring_ar
1778540345.5081444,7,19,1.299685,93.73,356.79,1362.696,3,4,compressed_ring_ar
1778540346.9351907,7,20,1.359923,92.5,329.236,1379.421,3,4,compressed_ring_ar
1778540348.1400704,7,21,1.307221,109.99,267.39,1162.358,3,4,compressed_ring_ar
1778540349.458751,7,22,1.306896,101.22,159.179,1263.256,3,4,compressed_ring_ar
1778540350.8189175,7,23,1.486167,97.68,345.207,1309.273,3,4,compressed_ring_ar
1778540352.0891383,7,24,1.366647,107.12,277.225,1192.432,3,4,compressed_ring_ar
1778540353.3712838,7,25,1.365615,102.98,203.086,1240.499,3,4,compressed_ring_ar
1778540354.6409242,7,26,1.265023,104.25,186.757,1226.512,3,4,compressed_ring_ar
1778540356.1017058,7,27,1.363201,92.13,354.752,1381.387,3,4,compressed_ring_ar
1778540357.3016806,7,28,1.436488,110.82,265.943,1151.223,3,4,compressed_ring_ar
1778540358.5631618,7,29,1.27304,105.09,197.074,1216.814,3,4,compressed_ring_ar
1778540359.9569094,7,30,1.339236,95.42,517.258,1339.903,3,4,compressed_ring_ar
1778540361.2875543,7,31,1.362237,100.9,160.722,1265.378,3,4,compressed_ring_ar
1778540362.6602457,7,32,1.522574,96.15,499.288,1330.05,3,4,compressed_ring_ar
1778540364.019018,7,33,1.297704,97.9,256.312,1305.18,3,4,compressed_ring_ar
1778540365.286778,7,34,1.336787,104.59,319.474,1222.411,3,4,compressed_ring_ar
1778540366.6701474,7,35,1.206306,96.65,143.521,1323.088,3,4,compressed_ring_ar
1778540368.0502927,7,36,1.304042,95.51,356.252,1337.768,3,4,compressed_ring_ar
1778540369.283135,7,37,1.424457,108.49,213.753,1177.295,3,4,compressed_ring_ar
1778540370.6161468,7,38,1.378807,99.29,159.757,1284.38,3,4,compressed_ring_ar
1778540372.0078907,7,39,1.17039,95.19,195.669,1342.562,3,4,compressed_ring_ar
1778540373.2650695,7,40,1.342348,105.1,290.512,1215.711,3,4,compressed_ring_ar
1778540374.4994285,7,41,1.335815,108.84,144.815,1175.107,3,4,compressed_ring_ar
1778540375.8508308,7,42,1.465311,99.29,346.49,1287.15,3,4,compressed_ring_ar
1778540377.306482,7,43,1.317069,92.33,428.719,1384.453,3,4,compressed_ring_ar
1778540378.6272233,7,44,1.247537,100.61,200.551,1270.514,3,4,compressed_ring_ar
1778540380.046102,7,45,1.237742,93.21,326.1,1365.706,3,4,compressed_ring_ar
1778540381.2251272,7,46,1.156482,113.66,274.038,1124.437,3,4,compressed_ring_ar
1778540382.5021658,7,47,1.253989,104.75,300.47,1219.259,3,4,compressed_ring_ar
1778540383.8237698,7,48,1.387388,101.55,317.927,1259.697,3,4,compressed_ring_ar
1778540385.147558,7,49,1.385402,101.23,488.663,1262.663,3,4,compressed_ring_ar
1778540386.5191088,7,50,1.301829,96.5,502.36,1324.042,3,4,compressed_ring_ar
1778540387.8399377,7,51,1.420292,100.12,158.757,1276.449,3,4,compressed_ring_ar
1778540389.1911092,7,52,1.263175,97.83,294.328,1307.221,3,4,compressed_ring_ar
1778540390.493043,7,53,1.31399,102.05,351.778,1252.849,3,4,compressed_ring_ar
1778540391.8451588,7,54,1.220427,98.31,452.993,1296.296,3,4,compressed_ring_ar
1778540393.2643192,7,55,1.37959,92.91,203.811,1372.949,3,4,compressed_ring_ar
1778540394.431966,7,56,1.403346,116.22,186.133,1099.049,3,4,compressed_ring_ar
1778540395.7649794,7,57,1.378972,99.27,342.144,1284.556,3,4,compressed_ring_ar
1778540397.113812,7,58,1.230301,97.97,228.822,1304.472,3,4,compressed_ring_ar
1778540398.3842292,7,59,1.391175,105.37,273.349,1209.755,3,4,compressed_ring_ar
1778540399.6366124,7,60,1.49835,105.94,343.714,1206.803,3,4,compressed_ring_ar
1778540401.1400716,7,61,1.342544,88.24,219.434,1449.261,3,4,compressed_ring_ar
1778540402.8070772,7,62,1.197336,78.74,212.724,1623.664,3,4,compressed_ring_ar
1778540404.2492268,7,63,1.241069,93.7,182.747,1364.194,3,4,compressed_ring_ar
1778540405.738655,7,64,1.378014,90.58,197.733,1408.432,3,4,compressed_ring_ar
1778540407.1835268,7,65,1.366337,92.58,170.497,1381.123,3,4,compressed_ring_ar
1778540408.615191,7,66,1.310076,94.19,380.177,1357.749,3,4,compressed_ring_ar
1778540409.997606,7,67,1.317783,98.18,161.994,1302.375,3,4,compressed_ring_ar
1778540411.4071913,7,68,1.188795,94.67,178.641,1350.615,3,4,compressed_ring_ar
1778540412.7398367,7,69,1.441827,100.83,481.371,1268.577,3,4,compressed_ring_ar
1778540414.1257823,7,70,1.271026,96.83,480.634,1319.418,3,4,compressed_ring_ar
1778540415.5808005,7,71,1.299864,91.18,553.095,1402.168,3,4,compressed_ring_ar
1778540416.9361649,7,72,1.262107,102.79,400.029,1243.784,3,4,compressed_ring_ar
1778540418.3595746,7,73,1.378724,93.86,188.641,1361.85,3,4,compressed_ring_ar
1778540419.7124476,7,74,1.20379,98.8,392.941,1293.601,3,4,compressed_ring_ar
1778540421.0724022,7,75,1.329378,98.64,310.613,1296.827,3,4,compressed_ring_ar
1778540422.518174,7,76,1.320898,92.77,454.237,1378.129,3,4,compressed_ring_ar
1778540423.8143365,7,77,1.250751,102.24,254.286,1249.639,3,4,compressed_ring_ar
1778540425.3370662,7,78,1.397215,89.3,735.455,1431.26,3,4,compressed_ring_ar
1778540426.6965187,7,79,1.119844,98.12,158.001,1300.756,3,4,compressed_ring_ar
1778540428.1859472,7,80,1.365142,90.68,207.167,1409.029,3,4,compressed_ring_ar
1778540429.6364677,7,81,1.294741,92.01,178.046,1388.244,3,4,compressed_ring_ar
1778540431.2983787,7,82,1.300991,80.05,522.162,1598.038,3,4,compressed_ring_ar
1778540432.7378144,7,83,1.295244,92.25,406.113,1385.009,3,4,compressed_ring_ar
1778540434.0159488,7,84,1.38975,106.08,397.6,1204.271,3,4,compressed_ring_ar
1778540435.2949364,7,85,1.457588,103.94,209.235,1230.099,3,4,compressed_ring_ar
1778540436.6054451,7,86,1.23961,101.38,304.298,1260.099,3,4,compressed_ring_ar
1778540437.9339275,7,87,1.260648,99.1,469.481,1290.285,3,4,compressed_ring_ar
1778540439.1084409,7,88,1.379484,113.78,323.326,1123.783,3,4,compressed_ring_ar
1778540440.348156,7,89,1.260909,107.19,413.612,1191.863,3,4,compressed_ring_ar
1778540441.7265413,7,90,1.446773,96.41,477.664,1325.292,3,4,compressed_ring_ar
1778540442.9784882,7,91,1.616672,106.19,490.809,1202.926,3,4,compressed_ring_ar
1778540444.2724278,7,92,1.258381,103.3,658.062,1237.825,3,4,compressed_ring_ar
1778540445.5848017,7,93,1.517854,100.82,163.342,1268.359,3,4,compressed_ring_ar
1778540446.8792963,7,94,1.677903,102.76,308.702,1242.917,3,4,compressed_ring_ar
1778540448.3476183,7,95,1.305393,90.29,359.802,1416.381,3,4,compressed_ring_ar
1778540449.6828098,7,96,1.1397,100.75,353.375,1267.97,3,4,compressed_ring_ar
1778540450.8236067,7,97,1.399506,75.95,158.385,1100.946,3,4,compressed_ring_ar
1778540462.5337605,8,0,1.286856,90.61,167.719,1412.048,3,4,compressed_ring_ar
1778540463.9339292,8,1,1.201543,97.19,345.375,1314.497,3,4,compressed_ring_ar
1778540465.1838803,8,2,1.183721,106.75,335.774,1196.937,3,4,compressed_ring_ar
1778540466.467728,8,3,1.26887,104.0,423.044,1229.716,3,4,compressed_ring_ar
1778540467.7360127,8,4,1.38402,106.27,152.334,1203.231,3,4,compressed_ring_ar
1778540469.1278334,8,5,1.15711,96.66,355.709,1315.945,3,4,compressed_ring_ar
1778540470.522597,8,6,1.435145,94.14,221.682,1355.162,3,4,compressed_ring_ar
1778540471.7930236,8,7,1.302178,103.88,159.702,1229.818,3,4,compressed_ring_ar
1778540473.0592558,8,8,1.476813,105.02,301.643,1217.663,3,4,compressed_ring_ar
1778540474.3599477,8,9,1.426725,104.22,215.846,1222.584,3,4,compressed_ring_ar
1778540475.5741014,8,10,1.271729,108.86,258.806,1173.23,3,4,compressed_ring_ar
1778540476.9379718,8,11,1.258412,97.36,338.295,1305.574,3,4,compressed_ring_ar
1778540478.1243405,8,12,1.358501,113.15,210.552,1129.739,3,4,compressed_ring_ar
1778540479.4268565,8,13,1.174121,103.65,208.901,1233.923,3,4,compressed_ring_ar
1778540480.7100399,8,14,1.3175,104.8,400.092,1220.116,3,4,compressed_ring_ar
1778540482.0261333,8,15,1.357941,102.43,320.851,1248.777,3,4,compressed_ring_ar
1778540483.3088956,8,16,1.171785,104.5,183.552,1224.038,3,4,compressed_ring_ar
1778540484.5173154,8,17,1.191735,110.72,258.566,1155.34,3,4,compressed_ring_ar
1778540485.8881993,8,18,1.329036,96.96,142.605,1318.944,3,4,compressed_ring_ar
1778540487.246309,8,19,1.167225,98.62,572.424,1295.901,3,4,compressed_ring_ar
1778540488.5781598,8,20,1.364839,100.93,360.635,1263.789,3,4,compressed_ring_ar
1778540489.9983797,8,21,1.158195,94.17,195.323,1358.34,3,4,compressed_ring_ar
1778540491.335745,8,22,1.263839,104.51,312.76,1222.166,3,4,compressed_ring_ar
1778540492.7834458,8,23,1.254329,93.32,367.39,1366.968,3,4,compressed_ring_ar
1778540493.995812,8,24,1.278865,109.68,185.829,1164.643,3,4,compressed_ring_ar
1778540495.3059742,8,25,1.157232,100.91,342.701,1267.281,3,4,compressed_ring_ar
1778540496.5965497,8,26,1.272712,104.62,318.46,1222.146,3,4,compressed_ring_ar
1778540497.792538,8,27,1.464502,111.79,304.126,1143.741,3,4,compressed_ring_ar
1778540499.1842558,8,28,1.268264,97.07,480.053,1317.407,3,4,compressed_ring_ar
1778540500.4030855,8,29,1.282873,110.74,219.014,1154.666,3,4,compressed_ring_ar
1778540501.7036436,8,30,1.230985,103.52,378.066,1235.08,3,4,compressed_ring_ar
1778540503.155344,8,31,1.367815,91.47,175.691,1394.837,3,4,compressed_ring_ar
1778540504.4641538,8,32,1.2172,101.15,435.802,1260.986,3,4,compressed_ring_ar
1778540505.8856337,8,33,1.214887,92.71,370.961,1377.581,3,4,compressed_ring_ar
1778540507.1716275,8,34,1.332244,103.43,212.886,1236.224,3,4,compressed_ring_ar
1778540508.4280362,8,35,1.467818,107.57,312.294,1188.602,3,4,compressed_ring_ar
1778540509.7420344,8,36,1.283774,102.71,353.718,1244.916,3,4,compressed_ring_ar
1778540511.1723206,8,37,1.298509,93.85,325.062,1361.383,3,4,compressed_ring_ar
1778540512.4956627,8,38,1.235235,100.78,284.173,1268.817,3,4,compressed_ring_ar
1778540514.0019374,8,39,1.26107,90.12,302.641,1414.314,3,4,compressed_ring_ar
1778540515.1208458,8,40,1.341568,121.35,379.901,1052.248,3,4,compressed_ring_ar
1778540516.3414392,8,41,1.301678,111.77,205.009,1143.539,3,4,compressed_ring_ar
1778540517.6089032,8,42,1.487049,106.32,314.141,1201.289,3,4,compressed_ring_ar
1778540519.012459,8,43,1.159806,95.9,595.682,1332.305,3,4,compressed_ring_ar
1778540520.6529026,8,44,1.284885,80.05,539.943,1593.781,3,4,compressed_ring_ar
1778540521.8413372,8,45,1.386779,114.37,150.34,1116.732,3,4,compressed_ring_ar
1778540523.0627406,8,46,1.205011,109.78,195.492,1164.718,3,4,compressed_ring_ar
1778540524.321616,8,47,1.377793,107.3,373.53,1191.794,3,4,compressed_ring_ar
1778540525.5286312,8,48,1.257631,111.73,380.427,1144.499,3,4,compressed_ring_ar
1778540526.8935459,8,49,1.229414,98.81,431.192,1292.801,3,4,compressed_ring_ar
1778540528.2057161,8,50,1.321275,101.47,221.605,1259.94,3,4,compressed_ring_ar
1778540529.5089853,8,51,1.269153,102.38,497.549,1249.356,3,4,compressed_ring_ar
1778540530.891504,8,52,1.201184,96.86,146.873,1320.159,3,4,compressed_ring_ar
1778540532.3219273,8,53,1.376114,93.3,195.61,1366.474,3,4,compressed_ring_ar
1778540533.473902,8,54,1.307227,115.29,226.736,1108.878,3,4,compressed_ring_ar
1778540534.8013015,8,55,1.258119,101.02,462.969,1264.413,3,4,compressed_ring_ar
1778540536.150534,8,56,1.288903,99.3,335.728,1287.767,3,4,compressed_ring_ar
1778540537.4480376,8,57,1.243257,105.22,278.928,1214.124,3,4,compressed_ring_ar
1778540538.7376823,8,58,1.379868,104.83,209.818,1219.777,3,4,compressed_ring_ar
1778540539.9888012,8,59,1.267983,110.46,284.782,1157.934,3,4,compressed_ring_ar
1778540541.374963,8,60,1.369486,97.36,279.901,1309.054,3,4,compressed_ring_ar
1778540542.6715007,8,61,1.406873,102.02,521.504,1252.364,3,4,compressed_ring_ar
1778540544.0660057,8,62,1.176869,97.82,444.253,1307.355,3,4,compressed_ring_ar
1778540545.4024215,8,63,1.197009,101.68,335.138,1256.797,3,4,compressed_ring_ar
1778540546.8377583,8,64,1.356394,92.85,376.558,1376.433,3,4,compressed_ring_ar
1778540548.0968392,8,65,1.175197,105.6,299.689,1210.839,3,4,compressed_ring_ar
1778540549.378509,8,66,1.31575,104.11,420.944,1228.357,3,4,compressed_ring_ar
1778540550.970743,8,67,1.387713,83.99,591.556,1522.993,3,4,compressed_ring_ar
1778540552.0839415,8,68,1.305548,124.06,162.867,1029.187,3,4,compressed_ring_ar
1778540553.3319807,8,69,1.429458,106.83,186.34,1196.803,3,4,compressed_ring_ar
1778540554.5865428,8,70,1.440252,106.72,364.889,1197.366,3,4,compressed_ring_ar
1778540555.8910968,8,71,1.232807,101.93,429.218,1253.645,3,4,compressed_ring_ar
1778540557.3379014,8,72,1.3789,91.36,184.699,1399.721,3,4,compressed_ring_ar
1778540558.6256835,8,73,1.351195,104.7,302.977,1218.25,3,4,compressed_ring_ar
1778540560.060555,8,74,1.25094,93.93,371.331,1358.058,3,4,compressed_ring_ar
1778540561.2970648,8,75,1.199626,107.55,171.885,1189.244,3,4,compressed_ring_ar
1778540562.6059675,8,76,1.434284,103.8,628.701,1232.042,3,4,compressed_ring_ar
1778540563.8852794,8,77,1.425043,106.24,390.189,1203.766,3,4,compressed_ring_ar
1778540565.1709185,8,78,1.396302,105.74,633.799,1209.255,3,4,compressed_ring_ar
1778540566.382148,8,79,1.396549,111.55,453.91,1146.62,3,4,compressed_ring_ar
1778540567.8320606,8,80,1.219475,93.85,560.75,1361.224,3,4,compressed_ring_ar
1778540569.201177,8,81,1.358588,96.27,436.417,1327.433,3,4,compressed_ring_ar
1778540570.6168144,8,82,1.196206,92.97,343.248,1375.033,3,4,compressed_ring_ar
1778540571.942924,8,83,1.362747,99.67,160.624,1282.994,3,4,compressed_ring_ar
1778540573.350608,8,84,1.236733,96.89,579.67,1319.656,3,4,compressed_ring_ar
1778540574.6938064,8,85,1.324644,97.92,500.239,1305.946,3,4,compressed_ring_ar
1778540576.0881922,8,86,1.395338,96.57,702.478,1323.174,3,4,compressed_ring_ar
1778540577.223947,8,87,1.206107,116.53,274.986,1097.283,3,4,compressed_ring_ar
1778540578.6601815,8,88,1.159106,95.15,757.869,1344.749,3,4,compressed_ring_ar
1778540579.9095685,8,89,1.310867,109.57,596.507,1167.095,3,4,compressed_ring_ar
1778540581.4957373,8,90,1.533621,85.06,582.743,1499.477,3,4,compressed_ring_ar
1778540582.7514486,8,91,1.093693,105.12,375.816,1216.551,3,4,compressed_ring_ar
1778540584.1194606,8,92,1.198954,101.21,690.769,1263.743,3,4,compressed_ring_ar
1778540585.374837,8,93,1.058273,107.57,312.032,1188.62,3,4,compressed_ring_ar
1778540586.853853,8,94,1.278837,92.01,707.022,1389.694,3,4,compressed_ring_ar
1778540588.2065501,8,95,1.403322,97.87,267.036,1303.194,3,4,compressed_ring_ar
1778540589.3991761,8,96,1.275052,111.45,239.871,1147.365,3,4,compressed_ring_ar
1778540590.8095727,8,97,1.241231,63.2,582.838,1327.812,3,4,compressed_ring_ar
1778540602.4941456,9,0,1.189502,98.45,176.317,1299.374,3,4,compressed_ring_ar
1778540603.7576737,9,1,1.050629,106.8,449.77,1197.243,3,4,compressed_ring_ar
1778540604.963286,9,2,1.41437,112.83,638.637,1133.237,3,4,compressed_ring_ar
1778540606.179643,9,3,1.36063,113.59,648.395,1125.934,3,4,compressed_ring_ar
1778540607.5723617,9,4,1.206326,98.2,781.292,1302.233,3,4,compressed_ring_ar
1778540608.7840402,9,5,1.247343,113.32,671.017,1127.564,3,4,compressed_ring_ar
1778540610.1086562,9,6,1.293049,104.26,649.682,1226.527,3,4,compressed_ring_ar
1778540611.544289,9,7,1.116807,94.71,626.748,1349.359,3,4,compressed_ring_ar
1778540612.9934669,9,8,1.567911,91.05,625.486,1401.597,3,4,compressed_ring_ar
1778540614.4602294,9,9,1.456188,93.32,294.993,1370.493,3,4,compressed_ring_ar
1778540615.8007557,9,10,1.377706,100.01,171.554,1278.652,3,4,compressed_ring_ar
1778540617.2089372,9,11,1.254308,96.73,785.232,1318.74,3,4,compressed_ring_ar
1778540618.4866447,9,12,1.224494,104.67,602.214,1221.897,3,4,compressed_ring_ar
1778540619.7846973,9,13,1.153993,103.27,664.737,1234.831,3,4,compressed_ring_ar
1778540621.2221668,9,14,1.306363,94.3,581.016,1349.919,3,4,compressed_ring_ar
1778540622.5214658,9,15,1.256361,101.72,135.034,1257.289,3,4,compressed_ring_ar
1778540623.9587684,9,16,1.160251,94.68,633.878,1351.422,3,4,compressed_ring_ar
1778540625.207773,9,17,1.286684,108.94,657.366,1173.882,3,4,compressed_ring_ar
1778540626.463208,9,18,1.390582,108.26,586.857,1181.951,3,4,compressed_ring_ar
1778540627.8427596,9,19,1.337581,97.31,641.907,1314.15,3,4,compressed_ring_ar
1778540629.2206907,9,20,1.310744,99.59,754.063,1284.082,3,4,compressed_ring_ar
1778540630.4502149,9,21,1.268755,111.65,637.135,1145.285,3,4,compressed_ring_ar
1778540631.8331687,9,22,1.265933,100.2,660.997,1276.373,3,4,compressed_ring_ar
1778540633.1109765,9,23,1.352099,105.8,630.871,1208.683,3,4,compressed_ring_ar
1778540634.3894787,9,24,1.281059,106.88,647.802,1192.839,3,4,compressed_ring_ar
1778540635.9195504,9,25,1.198345,90.37,633.474,1415.035,3,4,compressed_ring_ar
1778540637.23441,9,26,1.33005,102.87,713.117,1243.23,3,4,compressed_ring_ar
1778540638.4949663,9,27,1.257139,108.24,596.811,1181.781,3,4,compressed_ring_ar
1778540639.9575326,9,28,1.164122,94.53,593.823,1352.916,3,4,compressed_ring_ar
1778540641.2220674,9,29,1.238936,108.76,425.759,1175.713,3,4,compressed_ring_ar
1778540642.3773296,9,30,1.329293,120.4,508.178,1062.102,3,4,compressed_ring_ar
1778540643.6581688,9,31,1.229959,106.51,690.658,1201.325,3,4,compressed_ring_ar
1778540645.0432353,9,32,1.20041,99.31,731.652,1287.804,3,4,compressed_ring_ar
1778540646.2306552,9,33,1.239287,114.94,576.575,1112.648,3,4,compressed_ring_ar
1778540647.6567843,9,34,1.426755,94.37,848.428,1355.231,3,4,compressed_ring_ar
1778540648.9032254,9,35,1.249934,108.87,684.884,1174.477,3,4,compressed_ring_ar
1778540650.2274854,9,36,1.579647,103.06,733.067,1240.641,3,4,compressed_ring_ar
1778540651.4834096,9,37,1.318401,108.87,682.556,1174.59,3,4,compressed_ring_ar
1778540652.7436285,9,38,1.121911,110.35,639.854,1159.19,3,4,compressed_ring_ar
1778540654.1909094,9,39,1.235488,93.37,769.578,1368.317,3,4,compressed_ring_ar
1778540655.6108737,9,40,1.084553,92.61,506.884,1379.975,3,4,compressed_ring_ar
1778540656.9862316,9,41,1.204531,96.02,214.355,1331.709,3,4,compressed_ring_ar
1778540658.2096372,9,42,1.288055,108.74,124.317,1176.098,3,4,compressed_ring_ar
1778540659.4170723,9,43,1.207849,115.13,559.473,1110.529,3,4,compressed_ring_ar
1778540660.8296728,9,44,1.288176,95.13,797.647,1344.569,3,4,compressed_ring_ar
1778540662.0293646,9,45,1.213912,112.36,650.624,1137.815,3,4,compressed_ring_ar
1778540663.229529,9,46,1.36151,114.26,554.573,1119.016,3,4,compressed_ring_ar
1778540664.626351,9,47,1.415931,96.91,726.31,1318.583,3,4,compressed_ring_ar
1778540666.1250584,9,48,1.277587,88.41,595.263,1445.389,3,4,compressed_ring_ar
1778540667.4322011,9,49,1.268832,103.13,529.033,1238.791,3,4,compressed_ring_ar
1778540669.0995936,9,50,1.260385,79.34,710.895,1611.975,3,4,compressed_ring_ar
1778540670.6091275,9,51,1.189654,88.91,223.512,1434.642,3,4,compressed_ring_ar
1778540671.9525132,9,52,1.154054,100.12,772.009,1277.194,3,4,compressed_ring_ar
1778540673.306466,9,53,1.286693,100.07,499.672,1276.351,3,4,compressed_ring_ar
1778540674.5517268,9,54,1.408206,107.43,263.632,1190.422,3,4,compressed_ring_ar
1778540675.9075668,9,55,1.245271,99.88,567.628,1280.256,3,4,compressed_ring_ar
1778540677.2235358,9,56,1.265673,103.37,695.645,1236.766,3,4,compressed_ring_ar
1778540678.4716084,9,57,1.39262,109.21,442.786,1170.895,3,4,compressed_ring_ar
1778540679.6954129,9,58,1.256158,111.59,597.543,1145.796,3,4,compressed_ring_ar
1778540681.0396802,9,59,1.427574,102.77,484.673,1245.017,3,4,compressed_ring_ar
1778540682.4016812,9,60,1.231827,98.83,718.283,1293.81,3,4,compressed_ring_ar
1778540683.6793983,9,61,1.2355,104.21,147.373,1221.506,3,4,compressed_ring_ar
1778540685.0604892,9,62,1.284773,98.03,614.027,1304.017,3,4,compressed_ring_ar
1778540686.2801678,9,63,1.116162,111.4,623.208,1147.871,3,4,compressed_ring_ar
1778540687.6431634,9,64,1.405259,100.69,565.744,1270.278,3,4,compressed_ring_ar
1778540689.0562003,9,65,1.169037,97.54,679.099,1311.036,3,4,compressed_ring_ar
1778540690.3788645,9,66,1.121144,103.52,688.868,1235.271,3,4,compressed_ring_ar
1778540691.806133,9,67,1.125183,96.8,680.603,1321.843,3,4,compressed_ring_ar
1778540693.0947983,9,68,1.248438,106.32,693.185,1202.245,3,4,compressed_ring_ar
1778540694.360768,9,69,1.255626,106.43,511.268,1202.283,3,4,compressed_ring_ar
1778540695.608896,9,70,1.292125,109.49,675.554,1167.948,3,4,compressed_ring_ar
1778540696.9493883,9,71,1.251126,101.78,700.447,1256.5,3,4,compressed_ring_ar
1778540698.3095157,9,72,1.245406,100.52,493.27,1272.389,3,4,compressed_ring_ar
1778540699.6385179,9,73,1.48183,102.26,684.281,1251.028,3,4,compressed_ring_ar
1778540701.2480323,9,74,1.289432,84.86,609.791,1505.909,3,4,compressed_ring_ar
1778540702.6006572,9,75,1.331853,99.13,354.245,1290.433,3,4,compressed_ring_ar
1778540703.9230587,9,76,1.18762,103.09,637.031,1240.426,3,4,compressed_ring_ar
1778540705.2297244,9,77,1.19851,103.17,499.336,1239.344,3,4,compressed_ring_ar
1778540706.4728053,9,78,1.150523,109.54,630.425,1167.729,3,4,compressed_ring_ar
1778540707.804378,9,79,1.343327,101.34,466.672,1262.79,3,4,compressed_ring_ar
1778540709.044781,9,80,1.305332,111.82,611.632,1143.138,3,4,compressed_ring_ar
1778540710.3987608,9,81,1.29725,102.68,644.451,1245.347,3,4,compressed_ring_ar
1778540711.8624382,9,82,1.409406,93.12,733.663,1373.364,3,4,compressed_ring_ar
1778540713.3095295,9,83,1.223457,91.24,315.892,1401.612,3,4,compressed_ring_ar
1778540714.6291683,9,84,1.183433,100.44,215.666,1273.455,3,4,compressed_ring_ar
1778540716.0113826,9,85,1.163047,97.59,651.445,1310.45,3,4,compressed_ring_ar
1778540717.4439476,9,86,1.336487,94.58,579.51,1351.355,3,4,compressed_ring_ar
1778540718.7822144,9,87,1.349807,98.34,465.618,1300.515,3,4,compressed_ring_ar
1778540720.1324282,9,88,1.362553,104.03,605.516,1229.258,3,4,compressed_ring_ar
1778540721.352135,9,89,1.092422,113.18,406.282,1129.932,3,4,compressed_ring_ar
1778540722.6758504,9,90,1.33744,102.61,695.453,1246.32,3,4,compressed_ring_ar
1778540723.9378157,9,91,1.376988,105.8,565.759,1205.484,3,4,compressed_ring_ar
1778540725.108316,9,92,1.390272,117.1,559.956,1091.898,3,4,compressed_ring_ar
1778540726.437387,9,93,1.222995,102.94,653.23,1241.048,3,4,compressed_ring_ar
1778540727.7304072,9,94,1.249315,103.0,619.241,1241.792,3,4,compressed_ring_ar
1778540729.244871,9,95,1.13345,88.85,646.468,1439.649,3,4,compressed_ring_ar
1778540730.6619184,9,96,1.324484,97.28,734.381,1311.484,3,4,compressed_ring_ar
1778540731.8905723,9,97,1.119264,71.92,530.538,1166.799,3,4,compressed_ring_ar
1778540743.5097063,10,0,1.287432,96.4,314.927,1326.623,3,4,compressed_ring_ar
1778540744.9960914,10,1,1.37266,91.82,777.176,1390.13,3,4,compressed_ring_ar
1778540746.1968212,10,2,1.280635,112.47,152.298,1137.098,3,4,compressed_ring_ar
1778540747.4870236,10,3,1.174525,105.09,430.136,1215.086,3,4,compressed_ring_ar
1778540748.9344456,10,4,1.30065,93.43,267.684,1365.396,3,4,compressed_ring_ar
1778540750.0981894,10,5,1.157814,113.85,158.356,1123.082,3,4,compressed_ring_ar
1778540751.3416317,10,6,1.143896,110.8,610.952,1154.224,3,4,compressed_ring_ar
1778540752.6140583,10,7,1.123137,108.71,655.575,1176.199,3,4,compressed_ring_ar
1778540753.8848891,10,8,1.209149,107.72,565.982,1187.491,3,4,compressed_ring_ar
1778540755.0932465,10,9,1.303493,111.9,443.973,1143.247,3,4,compressed_ring_ar
1778540756.4850874,10,10,1.286409,98.72,661.062,1295.161,3,4,compressed_ring_ar
1778540757.8036757,10,11,1.337598,100.16,157.294,1276.746,3,4,compressed_ring_ar
1778540759.4376926,10,12,1.263587,80.96,850.789,1579.17,3,4,compressed_ring_ar
1778540760.809636,10,13,1.071668,100.32,443.496,1275.331,3,4,compressed_ring_ar
1778540762.2298577,10,14,1.203195,97.47,619.151,1312.515,3,4,compressed_ring_ar
1778540763.66033,10,15,1.179262,96.35,786.009,1319.959,3,4,compressed_ring_ar
1778540764.9477718,10,16,1.253514,104.61,613.009,1222.396,3,4,compressed_ring_ar
1778540766.1519895,10,17,1.169767,112.58,629.368,1135.766,3,4,compressed_ring_ar
1778540767.5550625,10,18,1.080241,98.43,496.514,1299.216,3,4,compressed_ring_ar
1778540768.7806969,10,19,1.236113,108.45,705.086,1179.008,3,4,compressed_ring_ar
1778540770.1210532,10,20,1.146748,102.53,644.961,1245.826,3,4,compressed_ring_ar
1778540771.4819117,10,21,1.263803,96.83,437.124,1320.577,3,4,compressed_ring_ar
1778540772.7594721,10,22,1.206707,103.35,490.143,1237.015,3,4,compressed_ring_ar
1778540774.080508,10,23,1.138573,104.92,644.172,1218.967,3,4,compressed_ring_ar
1778540775.36861,10,24,1.25717,107.02,519.056,1194.84,3,4,compressed_ring_ar
1778540776.656676,10,25,1.248657,108.11,620.178,1182.801,3,4,compressed_ring_ar
1778540778.1309543,10,26,1.135538,92.7,763.025,1379.464,3,4,compressed_ring_ar
1778540779.297565,10,27,1.282509,114.36,127.455,1118.134,3,4,compressed_ring_ar
1778540780.6582289,10,28,1.373665,100.0,639.708,1278.749,3,4,compressed_ring_ar
1778540781.9482505,10,29,1.233773,105.09,584.488,1217.202,3,4,compressed_ring_ar
1778540783.3413918,10,30,1.164914,96.5,573.276,1325.087,3,4,compressed_ring_ar
1778540784.6863463,10,31,1.111576,99.52,180.099,1284.998,3,4,compressed_ring_ar
1778540786.11278,10,32,1.196477,93.74,135.68,1364.684,3,4,compressed_ring_ar
1778540787.414868,10,33,1.149847,104.86,558.635,1219.45,3,4,compressed_ring_ar
1778540788.7333646,10,34,1.295563,103.97,675.09,1229.036,3,4,compressed_ring_ar
1778540790.081215,10,35,1.473724,100.25,522.504,1275.68,3,4,compressed_ring_ar
1778540791.6532784,10,36,1.35608,86.47,597.235,1479.211,3,4,compressed_ring_ar
1778540793.176718,10,37,1.345991,90.54,864.302,1412.537,3,4,compressed_ring_ar
1778540794.3956454,10,38,1.243347,112.13,676.146,1140.371,3,4,compressed_ring_ar
1778540795.6268823,10,39,1.248735,112.23,569.334,1139.317,3,4,compressed_ring_ar
1778540797.047005,10,40,1.154989,94.92,541.843,1347.613,3,4,compressed_ring_ar
1778540798.4277816,10,41,1.256546,98.35,727.065,1300.158,3,4,compressed_ring_ar
1778540799.676148,10,42,1.334495,108.26,638.761,1181.171,3,4,compressed_ring_ar
1778540800.9920256,10,43,1.095209,101.43,603.583,1260.636,3,4,compressed_ring_ar
1778540802.3603463,10,44,1.169476,100.46,665.181,1273.721,3,4,compressed_ring_ar
1778540803.7656393,10,45,1.13064,95.6,654.184,1337.877,3,4,compressed_ring_ar
1778540805.0302968,10,46,1.18948,107.06,532.703,1194.297,3,4,compressed_ring_ar
1778540806.3545144,10,47,1.31749,103.34,638.085,1237.545,3,4,compressed_ring_ar
1778540807.6995842,10,48,1.265186,100.28,665.215,1275.22,3,4,compressed_ring_ar
1778540809.129886,10,49,1.245303,93.53,754.343,1366.096,3,4,compressed_ring_ar
1778540810.6799638,10,50,1.146716,85.02,298.289,1503.408,3,4,compressed_ring_ar
1778540811.9399576,10,51,1.243709,106.21,215.32,1204.676,3,4,compressed_ring_ar
1778540813.3473134,10,52,1.216942,97.01,709.368,1316.645,3,4,compressed_ring_ar
1778540814.7167275,10,53,1.171804,96.61,502.437,1322.404,3,4,compressed_ring_ar
1778540816.0734863,10,54,1.189151,98.12,387.565,1303.214,3,4,compressed_ring_ar
1778540817.3058925,10,55,1.144319,107.85,143.071,1185.699,3,4,compressed_ring_ar
1778540818.8224525,10,56,1.221826,88.97,787.296,1437.261,3,4,compressed_ring_ar
1778540820.2348597,10,57,1.266647,93.69,189.217,1365.262,3,4,compressed_ring_ar
1778540821.6603734,10,58,1.022826,96.47,770.054,1325.639,3,4,compressed_ring_ar
1778540823.0062323,10,59,1.335677,100.5,551.65,1272.349,3,4,compressed_ring_ar
1778540824.2851167,10,60,1.172595,108.07,498.56,1183.149,3,4,compressed_ring_ar
1778540825.5177917,10,61,1.17231,109.17,501.028,1172.106,3,4,compressed_ring_ar
1778540826.6858046,10,62,1.173471,118.02,512.058,1083.21,3,4,compressed_ring_ar
1778540827.939268,10,63,1.209119,107.89,672.157,1185.157,3,4,compressed_ring_ar
1778540829.3582368,10,64,1.200338,96.79,772.014,1321.925,3,4,compressed_ring_ar
1778540830.7244768,10,65,1.305819,98.16,565.505,1302.836,3,4,compressed_ring_ar
1778540831.9324677,10,66,1.086018,116.04,586.439,1102.001,3,4,compressed_ring_ar
1778540833.3206303,10,67,1.078653,97.89,738.66,1306.325,3,4,compressed_ring_ar
1778540834.5621765,10,68,1.420144,108.21,662.822,1181.624,3,4,compressed_ring_ar
1778540835.8408587,10,69,1.305582,106.64,696.829,1199.359,3,4,compressed_ring_ar
1778540837.1142018,10,70,1.206874,107.8,683.96,1186.134,3,4,compressed_ring_ar
1778540838.3931053,10,71,1.087623,107.21,648.308,1192.809,3,4,compressed_ring_ar
1778540839.7536669,10,72,1.19467,99.8,572.835,1281.927,3,4,compressed_ring_ar
1778540841.1662817,10,73,1.177213,95.87,797.949,1333.048,3,4,compressed_ring_ar
1778540842.5364778,10,74,1.351403,99.38,449.717,1286.691,3,4,compressed_ring_ar
1778540844.028673,10,75,1.172707,90.9,819.906,1407.055,3,4,compressed_ring_ar
1778540845.3545933,10,76,1.124088,103.92,609.509,1230.465,3,4,compressed_ring_ar
1778540846.8439212,10,77,1.229965,91.37,655.668,1400.376,3,4,compressed_ring_ar
1778540848.106364,10,78,1.339757,106.91,585.192,1195.967,3,4,compressed_ring_ar
1778540849.4357443,10,79,1.11807,104.17,692.502,1227.481,3,4,compressed_ring_ar
1778540850.7038743,10,80,1.231161,108.07,643.621,1183.327,3,4,compressed_ring_ar
1778540852.3538873,10,81,1.170519,81.64,795.425,1566.509,3,4,compressed_ring_ar
1778540853.724893,10,82,1.234228,98.77,142.26,1295.41,3,4,compressed_ring_ar
1778540854.997209,10,83,1.276335,108.25,646.389,1181.22,3,4,compressed_ring_ar
1778540856.2572699,10,84,1.261468,109.38,538.926,1169.357,3,4,compressed_ring_ar
1778540857.5694845,10,85,1.058613,103.69,703.316,1233.328,3,4,compressed_ring_ar
1778540859.0200603,10,86,1.068578,93.61,595.516,1366.072,3,4,compressed_ring_ar
1778540860.377008,10,87,1.195714,97.73,233.864,1308.406,3,4,compressed_ring_ar
1778540861.7257478,10,88,1.291144,98.45,315.202,1299.029,3,4,compressed_ring_ar
1778540863.0266128,10,89,1.229409,107.06,522.086,1194.497,3,4,compressed_ring_ar
1778540864.383688,10,90,1.157185,101.23,691.592,1264.009,3,4,compressed_ring_ar
1778540865.678915,10,91,1.170349,104.11,513.947,1228.55,3,4,compressed_ring_ar
1778540866.9887109,10,92,1.160733,103.8,681.864,1231.921,3,4,compressed_ring_ar
1778540868.3604372,10,93,1.152035,97.53,459.594,1311.024,3,4,compressed_ring_ar
1778540869.7887113,10,94,1.233942,91.88,443.374,1391.197,3,4,compressed_ring_ar
1778540871.075771,10,95,1.256391,103.05,468.689,1240.825,3,4,compressed_ring_ar
1778540872.4308853,10,96,1.163722,98.57,681.194,1297.297,3,4,compressed_ring_ar
1778540873.6282072,10,97,1.15185,71.74,409.124,1169.467,3,4,compressed_ring_ar
1778540885.813271,11,0,1.275027,94.46,230.272,1354.621,3,4,compressed_ring_ar
1778540887.166977,11,1,1.144141,101.77,643.012,1256.714,3,4,compressed_ring_ar
1778540888.5411367,11,2,1.386052,99.68,698.222,1282.33,3,4,compressed_ring_ar
1778540889.8522534,11,3,1.222222,100.82,396.166,1268.35,3,4,compressed_ring_ar
1778540891.1623154,11,4,1.327195,105.06,673.096,1215.707,3,4,compressed_ring_ar
1778540892.5139024,11,5,1.338453,99.33,671.742,1287.576,3,4,compressed_ring_ar
1778540893.7537045,11,6,1.012059,110.67,586.66,1155.838,3,4,compressed_ring_ar
1778540895.1045625,11,7,0.982588,102.29,664.892,1250.252,3,4,compressed_ring_ar
1778540896.4229386,11,8,1.056057,104.03,512.293,1229.181,3,4,compressed_ring_ar
1778540897.643265,11,9,1.11876,110.4,479.839,1158.369,3,4,compressed_ring_ar
1778540899.1053724,11,10,1.213408,92.88,795.846,1376.713,3,4,compressed_ring_ar
1778540900.360402,11,11,1.321861,106.02,285.078,1206.115,3,4,compressed_ring_ar
1778540901.6170912,11,12,1.22535,107.77,694.282,1186.459,3,4,compressed_ring_ar
1778540903.034777,11,13,1.18159,95.83,734.109,1333.378,3,4,compressed_ring_ar
1778540904.309606,11,14,1.138702,104.22,417.82,1225.952,3,4,compressed_ring_ar
1778540905.626952,11,15,1.202732,102.75,604.669,1244.648,3,4,compressed_ring_ar
1778540907.0422945,11,16,1.246809,96.13,642.425,1330.198,3,4,compressed_ring_ar
1778540908.3232644,11,17,1.280896,106.28,677.644,1203.051,3,4,compressed_ring_ar
1778540909.6469278,11,18,1.134153,102.92,672.307,1242.361,3,4,compressed_ring_ar
1778540911.048174,11,19,1.134827,99.07,511.706,1289.49,3,4,compressed_ring_ar
1778540912.3748991,11,20,1.338102,100.09,573.721,1277.522,3,4,compressed_ring_ar
1778540913.719097,11,21,1.29175,103.37,736.59,1237.151,3,4,compressed_ring_ar
1778540914.9271457,11,22,1.34085,113.55,647.365,1126.041,3,4,compressed_ring_ar
1778540916.264892,11,23,1.341404,103.43,708.681,1236.69,3,4,compressed_ring_ar
1778540917.8657203,11,24,1.223146,86.11,937.969,1485.339,3,4,compressed_ring_ar
1778540919.3121462,11,25,1.092278,94.47,773.786,1353.809,3,4,compressed_ring_ar
1778540920.474618,11,26,1.111079,114.02,136.216,1121.407,3,4,compressed_ring_ar
1778540921.9301124,11,27,1.220829,94.18,795.042,1358.3,3,4,compressed_ring_ar
1778540923.331195,11,28,1.248355,97.8,443.535,1304.546,3,4,compressed_ring_ar
1778540924.7073276,11,29,1.233962,96.13,216.41,1330.059,3,4,compressed_ring_ar
1778540925.9496603,11,30,1.070476,106.97,269.546,1196.215,3,4,compressed_ring_ar
1778540927.2066536,11,31,1.226707,108.2,554.523,1180.761,3,4,compressed_ring_ar
1778540928.5242329,11,32,1.195653,101.24,504.814,1261.783,3,4,compressed_ring_ar
1778540929.9222162,11,33,1.14053,96.3,512.541,1323.326,3,4,compressed_ring_ar
1778540931.1133006,11,34,1.12634,110.78,216.43,1154.263,3,4,compressed_ring_ar
1778540932.3564725,11,35,1.274307,109.63,496.126,1166.322,3,4,compressed_ring_ar
1778540933.71173,11,36,1.08445,101.54,584.968,1259.386,3,4,compressed_ring_ar
1778540935.1460905,11,37,1.241671,94.92,687.248,1344.027,3,4,compressed_ring_ar
1778540936.4501138,11,38,1.178988,101.63,212.907,1257.95,3,4,compressed_ring_ar
1778540937.8394468,11,39,1.098102,95.1,235.481,1344.481,3,4,compressed_ring_ar
1778540939.0690176,11,40,1.193005,109.94,583.497,1163.195,3,4,compressed_ring_ar
1778540940.2961402,11,41,1.151054,109.47,667.661,1166.32,3,4,compressed_ring_ar
1778540941.565084,11,42,1.176159,108.22,495.145,1181.588,3,4,compressed_ring_ar
1778540942.9730678,11,43,1.282584,97.82,642.342,1307.213,3,4,compressed_ring_ar
1778540944.223322,11,44,1.196358,106.84,242.511,1196.846,3,4,compressed_ring_ar
1778540945.5024836,11,45,1.251196,106.2,582.637,1203.695,3,4,compressed_ring_ar
1778540946.7711017,11,46,1.077334,109.48,637.032,1167.999,3,4,compressed_ring_ar
1778540947.9333885,11,47,1.087111,118.1,474.394,1082.597,3,4,compressed_ring_ar
1778540949.1650405,11,48,1.25114,111.16,618.808,1150.318,3,4,compressed_ring_ar
1778540950.425237,11,49,1.142529,108.89,602.17,1174.297,3,4,compressed_ring_ar
1778540951.64404,11,50,1.200691,112.3,615.853,1138.682,3,4,compressed_ring_ar
1778540953.1298,11,51,1.409417,90.99,798.214,1405.605,3,4,compressed_ring_ar
1778540954.5610623,11,52,1.250823,96.44,785.451,1324.979,3,4,compressed_ring_ar
1778540955.8191843,11,53,1.241562,105.21,435.044,1213.575,3,4,compressed_ring_ar
1778540957.1952555,11,54,1.326504,97.15,336.607,1315.475,3,4,compressed_ring_ar
1778540958.4685872,11,55,1.219058,104.74,345.966,1219.933,3,4,compressed_ring_ar
1778540959.9357712,11,56,1.114659,89.54,442.085,1428.071,3,4,compressed_ring_ar
1778540961.1261458,11,57,1.284464,112.07,154.112,1140.99,3,4,compressed_ring_ar
1778540962.5603905,11,58,1.23006,94.66,724.524,1350.833,3,4,compressed_ring_ar
1778540963.9689298,11,59,1.136293,93.58,241.085,1363.694,3,4,compressed_ring_ar
1778540965.2393377,11,60,1.237697,103.99,192.432,1229.365,3,4,compressed_ring_ar
1778540966.540116,11,61,1.359288,102.56,474.211,1246.903,3,4,compressed_ring_ar
1778540967.9711933,11,62,1.24578,93.63,625.882,1366.112,3,4,compressed_ring_ar
1778540969.221674,11,63,1.151707,110.2,613.404,1160.226,3,4,compressed_ring_ar
1778540970.815084,11,64,1.077558,84.48,851.476,1513.729,3,4,compressed_ring_ar
1778540971.9863634,11,65,1.184508,114.46,131.932,1117.052,3,4,compressed_ring_ar
1778540973.2719727,11,66,1.139012,107.06,677.172,1194.346,3,4,compressed_ring_ar
1778540974.6684983,11,67,1.140074,98.42,695.445,1299.299,3,4,compressed_ring_ar
1778540976.3525014,11,68,1.115439,82.45,846.397,1548.514,3,4,compressed_ring_ar
1778540977.8123684,11,69,1.108118,90.4,191.214,1414.673,3,4,compressed_ring_ar
1778540979.1254256,11,70,1.23708,101.79,195.886,1254.897,3,4,compressed_ring_ar
1778540980.585259,11,71,1.314527,90.17,519.613,1418.917,3,4,compressed_ring_ar
1778540981.926812,11,72,1.232719,99.96,233.954,1278.467,3,4,compressed_ring_ar
1778540983.2235935,11,73,1.168015,102.03,460.321,1252.547,3,4,compressed_ring_ar
1778540984.4561105,11,74,1.273211,110.34,391.91,1158.857,3,4,compressed_ring_ar
1778540985.8032265,11,75,1.130322,101.34,551.654,1260.787,3,4,compressed_ring_ar
1778540987.056313,11,76,1.152428,107.72,329.981,1186.905,3,4,compressed_ring_ar
1778540988.2361786,11,77,1.043089,119.18,562.841,1072.873,3,4,compressed_ring_ar
1778540989.5662398,11,78,1.223871,102.22,676.092,1250.993,3,4,compressed_ring_ar
1778540991.0493808,11,79,1.204494,92.34,816.577,1385.633,3,4,compressed_ring_ar
1778540992.7322698,11,80,1.31097,82.15,849.727,1556.852,3,4,compressed_ring_ar
1778540994.1240087,11,81,1.409545,95.97,168.466,1332.524,3,4,compressed_ring_ar
1778540995.3853302,11,82,1.166359,107.91,642.228,1185.133,3,4,compressed_ring_ar
1778540996.6268508,11,83,1.367015,109.14,623.076,1172.401,3,4,compressed_ring_ar
1778540997.9335198,11,84,1.218475,103.81,632.576,1231.024,3,4,compressed_ring_ar
1778540999.1957598,11,85,1.187119,106.91,400.683,1196.536,3,4,compressed_ring_ar
1778541000.6206515,11,86,1.165371,94.51,522.827,1353.1,3,4,compressed_ring_ar
1778541002.0493734,11,87,1.52793,95.14,784.672,1342.946,3,4,compressed_ring_ar
1778541003.3860366,11,88,1.081099,100.44,501.037,1269.909,3,4,compressed_ring_ar
1778541004.7529166,11,89,1.14656,99.56,681.51,1284.508,3,4,compressed_ring_ar
1778541006.075882,11,90,1.134374,103.09,659.582,1239.229,3,4,compressed_ring_ar
1778541007.3479025,11,91,1.125098,104.64,541.872,1222.003,3,4,compressed_ring_ar
1778541008.7302048,11,92,1.158167,98.59,767.484,1297.304,3,4,compressed_ring_ar
1778541010.191267,11,93,1.079981,91.86,672.22,1391.016,3,4,compressed_ring_ar
1778541011.5636604,11,94,1.118025,96.27,199.364,1327.292,3,4,compressed_ring_ar
1778541012.8511639,11,95,1.201174,103.13,214.438,1239.969,3,4,compressed_ring_ar
1778541014.2244794,11,96,1.176032,100.22,516.683,1275.943,3,4,compressed_ring_ar
1778541015.4911554,11,97,1.224174,69.71,649.729,1203.073,3,4,compressed_ring_ar
1778541027.0590308,12,0,1.212858,106.77,214.88,1197.863,3,4,compressed_ring_ar
1778541028.4328742,12,1,1.155345,98.45,602.724,1297.922,3,4,compressed_ring_ar
1778541029.6855545,12,2,1.067041,107.53,624.365,1188.123,3,4,compressed_ring_ar
1778541031.0446157,12,3,1.218128,99.03,507.753,1291.836,3,4,compressed_ring_ar
1778541032.4679604,12,4,1.107083,94.04,645.952,1359.96,3,4,compressed_ring_ar
1778541034.001842,12,5,1.178718,89.13,619.194,1434.166,3,4,compressed_ring_ar
1778541035.256517,12,6,1.211475,108.62,374.222,1173.772,3,4,compressed_ring_ar
1778541036.6041312,12,7,1.178745,101.29,582.024,1263.063,3,4,compressed_ring_ar
1778541037.8317213,12,8,1.077918,109.17,366.426,1171.176,3,4,compressed_ring_ar
1778541039.1386595,12,9,1.140482,104.72,576.366,1221.821,3,4,compressed_ring_ar
1778541040.3342261,12,10,1.073063,114.64,630.223,1116.112,3,4,compressed_ring_ar
1778541041.6671991,12,11,1.173071,106.78,368.894,1197.761,3,4,compressed_ring_ar
1778541043.019655,12,12,1.174258,98.99,607.51,1291.912,3,4,compressed_ring_ar
1778541044.2831912,12,13,1.118916,107.8,612.67,1185.047,3,4,compressed_ring_ar
1778541045.5602558,12,14,1.204204,105.08,229.747,1212.706,3,4,compressed_ring_ar
1778541046.9178982,12,15,1.34353,98.88,713.869,1293.375,3,4,compressed_ring_ar
1778541048.1777368,12,16,1.122234,107.14,530.283,1193.507,3,4,compressed_ring_ar
1778541049.4064553,12,17,1.274397,111.53,633.656,1146.479,3,4,compressed_ring_ar
1778541050.8344069,12,18,1.055972,96.99,678.499,1318.485,3,4,compressed_ring_ar
1778541052.269238,12,19,1.171947,93.73,672.794,1364.361,3,4,compressed_ring_ar
1778541053.8398702,12,20,1.08075,85.56,690.218,1494.63,3,4,compressed_ring_ar
1778541055.1965408,12,21,1.224398,97.56,342.759,1310.958,3,4,compressed_ring_ar
1778541056.3672805,12,22,0.993624,118.02,589.358,1084.341,3,4,compressed_ring_ar
1778541057.967088,12,23,1.095445,86.39,403.894,1480.257,3,4,compressed_ring_ar
1778541059.2182822,12,24,1.092334,105.64,161.06,1210.624,3,4,compressed_ring_ar
1778541060.4484942,12,25,1.259342,110.15,574.529,1160.958,3,4,compressed_ring_ar
1778541061.7255814,12,26,1.136494,105.19,492.868,1216.061,3,4,compressed_ring_ar
1778541063.0974474,12,27,1.338015,99.69,486.772,1281.408,3,4,compressed_ring_ar
1778541064.430144,12,28,1.230056,99.64,667.056,1278.532,3,4,compressed_ring_ar
1778541065.715789,12,29,1.265741,102.37,293.919,1247.794,3,4,compressed_ring_ar
1778541067.006691,12,30,1.334576,105.63,641.952,1207.23,3,4,compressed_ring_ar
1778541068.460159,12,31,1.230989,91.87,761.463,1392.151,3,4,compressed_ring_ar
1778541069.929615,12,32,1.014693,92.3,837.872,1385.415,3,4,compressed_ring_ar
1778541071.3250115,12,33,1.120627,96.34,616.687,1326.469,3,4,compressed_ring_ar
1778541072.526843,12,34,1.258478,110.76,217.151,1154.443,3,4,compressed_ring_ar
1778541073.7539685,12,35,1.166772,111.9,660.499,1142.758,3,4,compressed_ring_ar
1778541075.020086,12,36,1.163116,109.84,449.357,1164.036,3,4,compressed_ring_ar
1778541076.4256604,12,37,1.31933,97.02,684.949,1318.193,3,4,compressed_ring_ar
1778541077.68963,12,38,1.144604,105.74,656.799,1209.648,3,4,compressed_ring_ar
1778541079.040597,12,39,1.078094,100.96,677.778,1266.622,3,4,compressed_ring_ar
1778541080.3483033,12,40,1.273408,102.29,475.082,1250.21,3,4,compressed_ring_ar
1778541081.621291,12,41,1.241676,107.57,620.662,1188.734,3,4,compressed_ring_ar
1778541082.939547,12,42,1.287132,103.4,703.33,1236.75,3,4,compressed_ring_ar
1778541084.2807176,12,43,1.135359,103.35,671.949,1237.639,3,4,compressed_ring_ar
1778541085.489029,12,44,1.045617,112.06,455.589,1141.25,3,4,compressed_ring_ar
1778541086.906839,12,45,1.336333,97.69,712.16,1309.416,3,4,compressed_ring_ar
1778541088.1196792,12,46,1.070635,112.75,616.217,1134.172,3,4,compressed_ring_ar
1778541089.3737657,12,47,1.100618,108.36,621.035,1180.062,3,4,compressed_ring_ar
1778541090.6380887,12,48,1.126737,107.37,672.12,1189.954,3,4,compressed_ring_ar
1778541091.902666,12,49,1.132194,108.33,583.379,1180.715,3,4,compressed_ring_ar
1778541093.2355533,12,50,1.193147,103.3,689.125,1237.905,3,4,compressed_ring_ar
1778541094.4928784,12,51,1.07872,106.0,544.163,1207.179,3,4,compressed_ring_ar
1778541095.7063823,12,52,1.191427,112.39,569.863,1138.253,3,4,compressed_ring_ar
1778541096.931381,12,53,1.334929,111.11,453.651,1150.606,3,4,compressed_ring_ar
1778541098.1471262,12,54,1.195984,114.45,588.481,1117.237,3,4,compressed_ring_ar
1778541099.3584685,12,55,1.179112,113.69,596.548,1124.847,3,4,compressed_ring_ar
1778541100.7489393,12,56,1.136387,100.03,419.946,1278.38,3,4,compressed_ring_ar
1778541102.120131,12,57,1.327576,102.28,762.577,1250.201,3,4,compressed_ring_ar
1778541103.4668076,12,58,1.135284,101.89,700.555,1255.93,3,4,compressed_ring_ar
1778541104.6907322,12,59,1.168648,109.66,455.416,1166.434,3,4,compressed_ring_ar
1778541106.1507359,12,60,1.191679,93.43,718.635,1364.342,3,4,compressed_ring_ar
1778541107.269071,12,61,1.100839,118.19,172.863,1081.82,3,4,compressed_ring_ar
1778541108.7772548,12,62,1.206985,89.51,852.351,1425.105,3,4,compressed_ring_ar
1778541110.2046494,12,63,1.146784,92.29,191.564,1383.706,3,4,compressed_ring_ar
1778541111.644402,12,64,1.239183,91.34,583.362,1396.632,3,4,compressed_ring_ar
1778541112.9641287,12,65,1.093323,100.08,317.013,1277.65,3,4,compressed_ring_ar
1778541114.2474153,12,66,1.205082,104.9,163.836,1219.777,3,4,compressed_ring_ar
1778541115.600051,12,67,1.109225,99.03,734.351,1290.204,3,4,compressed_ring_ar
1778541116.8895333,12,68,1.035873,102.58,466.235,1246.576,3,4,compressed_ring_ar
1778541118.0900314,12,69,1.21633,116.1,647.532,1101.549,3,4,compressed_ring_ar
1778541119.294227,12,70,1.110102,113.59,656.922,1126.174,3,4,compressed_ring_ar
1778541120.5275915,12,71,1.111923,111.48,609.515,1146.98,3,4,compressed_ring_ar
1778541122.0348237,12,72,1.256623,89.47,739.51,1429.776,3,4,compressed_ring_ar
1778541123.5113652,12,73,1.30501,95.65,760.41,1337.532,3,4,compressed_ring_ar
1778541124.752216,12,74,1.320162,110.25,643.819,1159.786,3,4,compressed_ring_ar
1778541126.0607708,12,75,1.105005,106.38,507.457,1202.129,3,4,compressed_ring_ar
1778541127.3897848,12,76,1.285725,102.8,665.454,1242.828,3,4,compressed_ring_ar
1778541128.7126722,12,77,1.248125,101.47,483.483,1260.956,3,4,compressed_ring_ar
1778541129.9555304,12,78,1.134008,108.58,487.456,1177.753,3,4,compressed_ring_ar
1778541131.2854497,12,79,1.146151,104.74,666.51,1220.852,3,4,compressed_ring_ar
1778541132.550051,12,80,1.154066,107.49,644.817,1189.566,3,4,compressed_ring_ar
1778541133.8950133,12,81,1.311495,101.65,747.891,1258.066,3,4,compressed_ring_ar
1778541135.0962884,12,82,1.114261,113.78,640.235,1123.977,3,4,compressed_ring_ar
1778541136.5947633,12,83,1.295602,90.94,817.292,1406.212,3,4,compressed_ring_ar
1778541137.8363256,12,84,1.103633,107.42,132.52,1190.38,3,4,compressed_ring_ar
1778541139.2264094,12,85,1.170622,97.77,710.987,1308.047,3,4,compressed_ring_ar
1778541140.6032827,12,86,1.242292,96.92,173.107,1319.546,3,4,compressed_ring_ar
1778541142.0462596,12,87,1.175634,93.93,794.768,1361.488,3,4,compressed_ring_ar
1778541143.3479872,12,88,1.086512,105.41,610.113,1213.222,3,4,compressed_ring_ar
1778541144.7998526,12,89,0.981579,93.68,740.948,1365.12,3,4,compressed_ring_ar
1778541146.1932194,12,90,1.130975,97.59,715.547,1310.554,3,4,compressed_ring_ar
1778541147.5942252,12,91,1.257087,98.1,685.023,1303.469,3,4,compressed_ring_ar
1778541148.8775957,12,92,1.129862,102.94,356.834,1242.533,3,4,compressed_ring_ar
1778541150.3169348,12,93,1.146145,94.07,699.201,1359.323,3,4,compressed_ring_ar
1778541151.8258076,12,94,1.10137,88.99,213.138,1435.682,3,4,compressed_ring_ar
1778541153.0904524,12,95,1.297078,104.96,364.631,1218.404,3,4,compressed_ring_ar
1778541154.4749832,12,96,1.214014,99.9,644.854,1280.221,3,4,compressed_ring_ar
1778541155.927998,12,97,0.95576,61.48,769.103,1365.207,3,4,compressed_ring_ar
1778541167.529448,13,0,1.176418,104.84,240.043,1219.877,3,4,compressed_ring_ar
1778541168.7731538,13,1,1.08316,110.18,376.817,1160.599,3,4,compressed_ring_ar
1778541170.0791802,13,2,1.107037,103.79,639.219,1231.122,3,4,compressed_ring_ar
1778541171.466023,13,3,1.107991,96.4,191.626,1326.545,3,4,compressed_ring_ar
1778541172.9119422,13,4,1.222043,91.91,405.787,1391.48,3,4,compressed_ring_ar
1778541174.2547884,13,5,1.073964,98.82,138.592,1294.117,3,4,compressed_ring_ar
1778541175.4813306,13,6,1.092558,111.38,625.822,1147.924,3,4,compressed_ring_ar
1778541176.732825,13,7,1.064165,110.59,610.789,1155.967,3,4,compressed_ring_ar
1778541178.133367,13,8,1.103277,98.9,670.785,1289.765,3,4,compressed_ring_ar
1778541179.364768,13,9,1.201578,108.0,160.88,1184.123,3,4,compressed_ring_ar
1778541180.6478608,13,10,1.093368,106.43,370.71,1201.471,3,4,compressed_ring_ar
1778541181.9567776,13,11,1.311925,103.32,690.027,1237.675,3,4,compressed_ring_ar
1778541183.2355268,13,12,1.073699,106.21,678.387,1199.976,3,4,compressed_ring_ar
1778541184.5653653,13,13,1.238156,102.41,579.839,1248.613,3,4,compressed_ring_ar
1778541186.1860054,13,14,1.268053,84.33,772.922,1513.49,3,4,compressed_ring_ar
1778541187.624161,13,15,1.297179,93.99,174.662,1357.188,3,4,compressed_ring_ar
1778541188.9059894,13,16,1.17315,106.57,432.804,1199.706,3,4,compressed_ring_ar
1778541190.1222987,13,17,1.215911,109.22,132.304,1170.655,3,4,compressed_ring_ar
1778541191.5085344,13,18,1.015616,98.2,654.343,1302.286,3,4,compressed_ring_ar
1778541192.81618,13,19,1.011467,102.98,642.87,1241.445,3,4,compressed_ring_ar
1778541194.1099315,13,20,1.235873,105.8,679.426,1208.781,3,4,compressed_ring_ar
1778541195.3119874,13,21,1.380592,111.84,584.245,1143.359,3,4,compressed_ring_ar
1778541196.6848207,13,22,1.115611,99.6,490.406,1281.994,3,4,compressed_ring_ar
1778541197.8925996,13,23,1.236777,109.39,299.918,1168.189,3,4,compressed_ring_ar
1778541199.1593325,13,24,1.118189,105.98,410.985,1206.665,3,4,compressed_ring_ar
1778541200.633077,13,25,1.209505,91.63,773.801,1396.04,3,4,compressed_ring_ar
1778541202.0569155,13,26,1.273188,95.57,618.667,1336.844,3,4,compressed_ring_ar
1778541203.4350622,13,27,1.150926,96.96,697.924,1315.606,3,4,compressed_ring_ar
1778541204.8556325,13,28,1.034718,95.58,792.967,1338.15,3,4,compressed_ring_ar
1778541206.202896,13,29,1.199071,101.29,659.667,1261.94,3,4,compressed_ring_ar
1778541207.406072,13,30,0.892624,110.7,247.487,1155.961,3,4,compressed_ring_ar
1778541208.7474787,13,31,1.18355,101.23,759.129,1263.264,3,4,compressed_ring_ar
1778541210.147755,13,32,1.070794,97.77,694.93,1308.054,3,4,compressed_ring_ar
1778541211.4552855,13,33,1.22523,104.79,473.032,1220.392,3,4,compressed_ring_ar
1778541212.88058,13,34,1.025486,94.11,755.119,1358.965,3,4,compressed_ring_ar
1778541214.4701204,13,35,1.106884,85.88,786.687,1487.689,3,4,compressed_ring_ar
1778541215.7758346,13,36,0.983291,100.8,502.704,1268.687,3,4,compressed_ring_ar
1778541217.1442702,13,37,1.333331,99.55,628.733,1283.359,3,4,compressed_ring_ar
1778541218.3747525,13,38,1.134912,108.75,469.752,1176.614,3,4,compressed_ring_ar
1778541219.7437341,13,39,1.175304,100.24,730.975,1276.139,3,4,compressed_ring_ar
1778541221.198435,13,40,1.332336,93.92,788.456,1361.588,3,4,compressed_ring_ar
1778541222.424818,13,41,1.119855,112.23,543.021,1139.444,3,4,compressed_ring_ar
1778541223.8069282,13,42,1.133158,98.26,620.423,1302.243,3,4,compressed_ring_ar
1778541225.170593,13,43,1.14498,100.88,614.034,1267.72,3,4,compressed_ring_ar
1778541226.561779,13,44,1.119551,95.16,228.177,1340.586,3,4,compressed_ring_ar
1778541227.8383286,13,45,1.03401,104.32,149.847,1226.632,3,4,compressed_ring_ar
1778541229.1534286,13,46,1.033661,103.76,648.858,1233.017,3,4,compressed_ring_ar
1778541230.370307,13,47,0.991117,111.11,561.449,1151.037,3,4,compressed_ring_ar
1778541231.82783,13,48,1.115285,93.29,836.433,1371.03,3,4,compressed_ring_ar
1778541233.1477315,13,49,1.153309,103.1,712.047,1240.881,3,4,compressed_ring_ar
1778541234.5557342,13,50,1.080823,97.88,683.82,1306.506,3,4,compressed_ring_ar
1778541235.8468966,13,51,1.027415,104.42,699.877,1224.622,3,4,compressed_ring_ar
1778541237.0782208,13,52,0.966809,113.64,601.769,1125.15,3,4,compressed_ring_ar
1778541238.2642722,13,53,1.222758,115.78,548.919,1104.392,3,4,compressed_ring_ar
1778541239.614128,13,54,1.033459,101.1,453.666,1264.843,3,4,compressed_ring_ar
1778541240.8941653,13,55,1.198216,105.17,358.794,1215.434,3,4,compressed_ring_ar
1778541242.1786318,13,56,0.991743,104.41,390.498,1224.704,3,4,compressed_ring_ar
1778541243.4545152,13,57,1.320933,106.64,279.733,1199.109,3,4,compressed_ring_ar
1778541244.7785828,13,58,1.181808,101.4,424.233,1260.193,3,4,compressed_ring_ar
1778541246.049793,13,59,1.200996,104.48,232.665,1224.2,3,4,compressed_ring_ar
1778541247.30594,13,60,1.108049,108.3,640.988,1181.072,3,4,compressed_ring_ar
1778541248.4246573,13,61,1.192017,122.54,469.317,1043.277,3,4,compressed_ring_ar
1778541249.7467163,13,62,1.32877,105.02,547.932,1217.7,3,4,compressed_ring_ar
1778541251.0972586,13,63,1.112814,100.21,696.999,1276.338,3,4,compressed_ring_ar
1778541252.6357336,13,64,1.18022,89.17,862.893,1434.272,3,4,compressed_ring_ar
1778541254.0174975,13,65,1.132181,99.46,733.948,1285.919,3,4,compressed_ring_ar
1778541255.2674417,13,66,1.299277,108.81,423.387,1175.246,3,4,compressed_ring_ar
1778541256.5604863,13,67,1.037918,105.56,671.769,1211.313,3,4,compressed_ring_ar
1778541257.8261225,13,68,1.166422,109.23,403.295,1167.546,3,4,compressed_ring_ar
1778541259.074048,13,69,1.391731,108.13,452.079,1182.489,3,4,compressed_ring_ar
1778541260.4698443,13,70,0.98699,97.29,696.315,1314.573,3,4,compressed_ring_ar
1778541261.8908727,13,71,1.278893,92.54,355.155,1380.911,3,4,compressed_ring_ar
1778541263.2483587,13,72,1.164002,97.55,394.276,1310.777,3,4,compressed_ring_ar
1778541264.6899922,13,73,1.247219,91.06,518.54,1403.496,3,4,compressed_ring_ar
1778541266.0905151,13,74,1.096609,95.79,520.156,1334.906,3,4,compressed_ring_ar
1778541267.5028245,13,75,1.208284,94.01,216.614,1361.26,3,4,compressed_ring_ar
1778541268.8206599,13,76,1.112145,101.54,400.863,1257.738,3,4,compressed_ring_ar
1778541270.2397985,13,77,1.094811,92.54,529.864,1376.01,3,4,compressed_ring_ar
1778541271.5646958,13,78,1.046608,99.8,226.265,1281.173,3,4,compressed_ring_ar
1778541273.0935795,13,79,1.166781,86.46,272.243,1478.035,3,4,compressed_ring_ar
1778541274.5949404,13,80,1.190159,87.66,458.98,1456.941,3,4,compressed_ring_ar
1778541276.0302675,13,81,1.218812,92.98,235.841,1375.298,3,4,compressed_ring_ar
1778541277.3848493,13,82,1.183389,98.35,235.418,1299.267,3,4,compressed_ring_ar
1778541278.9803405,13,83,1.194436,82.62,314.772,1547.415,3,4,compressed_ring_ar
1778541280.4668226,13,84,1.10394,90.5,182.777,1412.215,3,4,compressed_ring_ar
1778541282.0392258,13,85,1.185208,83.76,243.866,1526.708,3,4,compressed_ring_ar
1778541283.4804363,13,86,1.15792,91.8,188.05,1391.645,3,4,compressed_ring_ar
1778541284.8748608,13,87,1.118824,94.48,532.026,1352.833,3,4,compressed_ring_ar
1778541286.1598878,13,88,1.121211,103.79,127.348,1232.128,3,4,compressed_ring_ar
1778541287.5026221,13,89,0.967754,101.72,639.251,1257.697,3,4,compressed_ring_ar
1778541288.7621598,13,90,1.056873,108.68,570.064,1176.69,3,4,compressed_ring_ar
1778541290.196802,13,91,1.238214,95.28,559.862,1342.042,3,4,compressed_ring_ar
1778541291.4712796,13,92,1.02544,104.45,159.916,1225.035,3,4,compressed_ring_ar
1778541292.818333,13,93,1.098393,100.79,803.201,1268.688,3,4,compressed_ring_ar
1778541294.0488808,13,94,1.068507,111.07,653.929,1151.326,3,4,compressed_ring_ar
1778541295.3845415,13,95,1.005324,102.55,663.038,1246.996,3,4,compressed_ring_ar
1778541296.7247188,13,96,1.049148,100.96,659.65,1267.172,3,4,compressed_ring_ar
1778541297.7885742,13,97,1.177225,83.11,426.525,1009.56,3,4,compressed_ring_ar
1778541309.4980066,14,0,1.150347,96.01,226.392,1324.926,3,4,compressed_ring_ar
1778541310.6645894,14,1,1.074539,113.78,208.829,1124.708,3,4,compressed_ring_ar
1778541312.2084327,14,2,1.225015,86.48,894.196,1475.512,3,4,compressed_ring_ar
1778541313.5103464,14,3,1.08042,104.42,716.539,1224.561,3,4,compressed_ring_ar
1778541314.887376,14,4,1.223934,98.84,691.744,1292.276,3,4,compressed_ring_ar
1778541316.3680518,14,5,1.28879,88.93,493.393,1436.543,3,4,compressed_ring_ar
1778541317.6979933,14,6,0.962623,99.33,327.927,1287.692,3,4,compressed_ring_ar
1778541319.0574405,14,7,1.126558,99.86,628.828,1279.586,3,4,compressed_ring_ar
1778541320.5183487,14,8,1.213234,92.2,608.37,1386.158,3,4,compressed_ring_ar
1778541322.070244,14,9,1.177595,84.58,190.27,1511.915,3,4,compressed_ring_ar
1778541323.4767966,14,10,1.027556,93.69,362.481,1364.747,3,4,compressed_ring_ar
1778541324.7883937,14,11,1.171761,101.25,169.797,1262.924,3,4,compressed_ring_ar
1778541326.0739536,14,12,0.980738,107.81,643.645,1186.165,3,4,compressed_ring_ar
1778541327.5587692,14,13,1.18261,91.61,564.722,1389.215,3,4,compressed_ring_ar
1778541328.9000049,14,14,1.205097,98.62,213.91,1296.584,3,4,compressed_ring_ar
1778541330.3239737,14,15,1.18955,92.97,432.075,1375.706,3,4,compressed_ring_ar
1778541331.762274,14,16,1.04527,92.66,454.79,1379.706,3,4,compressed_ring_ar
1778541333.10792,14,17,1.270057,98.19,466.447,1301.262,3,4,compressed_ring_ar
1778541334.4442766,14,18,1.180556,100.49,490.055,1273.12,3,4,compressed_ring_ar
1778541335.6643958,14,19,1.17519,110.92,646.19,1152.875,3,4,compressed_ring_ar
1778541336.945517,14,20,1.194451,106.72,532.767,1198.143,3,4,compressed_ring_ar
1778541338.177016,14,21,1.222312,112.8,608.805,1133.566,3,4,compressed_ring_ar
1778541339.658225,14,22,1.069726,91.71,737.619,1395.183,3,4,compressed_ring_ar
1778541341.119909,14,23,1.040595,95.98,418.648,1332.404,3,4,compressed_ring_ar
1778541342.5497096,14,24,0.98179,95.28,708.619,1342.452,3,4,compressed_ring_ar
1778541343.7967672,14,25,1.035407,107.72,365.047,1187.834,3,4,compressed_ring_ar
1778541345.16072,14,26,1.061621,98.09,761.513,1302.296,3,4,compressed_ring_ar
1778541346.3787673,14,27,1.220844,110.67,373.268,1155.272,3,4,compressed_ring_ar
1778541347.7427752,14,28,1.009242,99.55,738.951,1284.52,3,4,compressed_ring_ar
1778541349.0306149,14,29,1.24731,104.41,662.809,1224.857,3,4,compressed_ring_ar
1778541350.5001798,14,30,1.237891,93.07,667.977,1373.779,3,4,compressed_ring_ar
1778541351.7993333,14,31,1.089578,102.9,171.119,1242.516,3,4,compressed_ring_ar
1778541353.1812248,14,32,1.201054,99.66,631.021,1283.029,3,4,compressed_ring_ar
1778541354.4980967,14,33,1.225639,102.37,613.349,1249.618,3,4,compressed_ring_ar
1778541355.9012105,14,34,1.146105,98.25,613.793,1302.512,3,4,compressed_ring_ar
1778541357.1457298,14,35,1.257364,112.58,570.268,1135.57,3,4,compressed_ring_ar
1778541358.498451,14,36,1.046091,101.45,618.225,1261.206,3,4,compressed_ring_ar
1778541359.7535408,14,37,0.922119,108.07,633.627,1183.176,3,4,compressed_ring_ar
1778541361.3730338,14,38,0.93814,82.32,817.057,1551.976,3,4,compressed_ring_ar
1778541362.745656,14,39,1.027725,96.57,183.693,1323.384,3,4,compressed_ring_ar
1778541363.9912133,14,40,1.128926,106.54,405.922,1200.366,3,4,compressed_ring_ar
1778541365.4979901,14,41,1.121753,90.75,585.146,1409.847,3,4,compressed_ring_ar
1778541366.9680614,14,42,1.088687,93.48,659.42,1367.545,3,4,compressed_ring_ar
1778541368.2320514,14,43,1.100453,105.91,444.23,1207.608,3,4,compressed_ring_ar
1778541369.5711188,14,44,1.04226,100.97,721.485,1266.455,3,4,compressed_ring_ar
1778541370.8157365,14,45,1.03844,109.23,523.805,1170.578,3,4,compressed_ring_ar
1778541372.0529141,14,46,1.065266,111.53,546.457,1142.771,3,4,compressed_ring_ar
1778541373.48138,14,47,1.21113,94.37,648.865,1354.986,3,4,compressed_ring_ar
1778541374.6742842,14,48,1.20733,111.45,162.183,1147.327,3,4,compressed_ring_ar
1778541375.9833376,14,49,1.039576,103.86,450.138,1231.816,3,4,compressed_ring_ar
1778541377.19833,14,50,1.149733,111.36,623.168,1148.284,3,4,compressed_ring_ar
1778541378.5147753,14,51,1.125939,105.63,471.959,1209.447,3,4,compressed_ring_ar
1778541379.7791045,14,52,1.13236,106.52,478.967,1200.419,3,4,compressed_ring_ar
1778541381.0187905,14,53,1.144226,110.74,567.911,1154.733,3,4,compressed_ring_ar
1778541382.4505346,14,54,0.924173,94.38,589.963,1354.208,3,4,compressed_ring_ar
1778541383.7169967,14,55,1.142006,104.67,286.928,1221.787,3,4,compressed_ring_ar
1778541385.0381536,14,56,1.231461,104.27,593.347,1227.266,3,4,compressed_ring_ar
1778541386.556671,14,57,1.261992,87.73,881.445,1457.846,3,4,compressed_ring_ar
1778541387.9693139,14,58,1.274321,94.61,661.606,1351.723,3,4,compressed_ring_ar
1778541389.2383735,14,59,1.106699,107.62,554.267,1188.83,3,4,compressed_ring_ar
1778541390.7376506,14,60,1.032619,90.48,727.676,1412.492,3,4,compressed_ring_ar
1778541391.9944143,14,61,1.032847,104.73,394.358,1221.164,3,4,compressed_ring_ar
1778541393.2954645,14,62,1.007248,108.43,606.728,1179.408,3,4,compressed_ring_ar
1778541394.6354725,14,63,1.183122,102.53,737.558,1247.338,3,4,compressed_ring_ar
1778541396.0103235,14,64,1.15611,99.75,680.04,1282.374,3,4,compressed_ring_ar
1778541397.439693,14,65,1.111967,96.92,618.375,1319.457,3,4,compressed_ring_ar
1778541398.673443,14,66,1.279695,109.45,202.027,1168.573,3,4,compressed_ring_ar
1778541400.0598352,14,67,0.959107,97.79,811.654,1307.759,3,4,compressed_ring_ar
1778541401.3518882,14,68,1.100928,105.58,642.17,1211.603,3,4,compressed_ring_ar
1778541402.680769,14,69,0.981723,103.08,647.254,1238.683,3,4,compressed_ring_ar
1778541403.9747343,14,70,1.09721,103.56,701.367,1234.862,3,4,compressed_ring_ar
1778541405.342437,14,71,0.93853,101.95,686.776,1254.236,3,4,compressed_ring_ar
1778541406.6208901,14,72,1.094486,105.52,718.084,1211.998,3,4,compressed_ring_ar
1778541407.901519,14,73,0.973986,106.59,685.508,1199.551,3,4,compressed_ring_ar
1778541409.1266036,14,74,1.367667,112.33,664.191,1138.333,3,4,compressed_ring_ar
1778541410.4369276,14,75,1.191521,103.88,726.67,1231.131,3,4,compressed_ring_ar
1778541411.6349585,14,76,1.145126,114.87,542.364,1113.138,3,4,compressed_ring_ar
1778541413.0292416,14,77,1.202624,98.59,719.247,1297.075,3,4,compressed_ring_ar
1778541414.1942217,14,78,0.987453,117.29,590.47,1090.427,3,4,compressed_ring_ar
1778541415.580321,14,79,1.173435,98.48,563.4,1298.37,3,4,compressed_ring_ar
1778541416.8220243,14,80,1.110073,108.65,312.48,1177.38,3,4,compressed_ring_ar
1778541418.1276517,14,81,1.188415,102.74,555.053,1244.305,3,4,compressed_ring_ar
1778541419.3948624,14,82,1.121897,107.9,238.088,1185.53,3,4,compressed_ring_ar
1778541420.6634135,14,83,1.020817,106.67,681.35,1198.773,3,4,compressed_ring_ar
1778541421.890036,14,84,1.027405,111.66,612.821,1145.158,3,4,compressed_ring_ar
1778541423.1607604,14,85,1.142412,109.52,602.279,1166.743,3,4,compressed_ring_ar
1778541424.4509444,14,86,1.368213,103.03,628.248,1241.07,3,4,compressed_ring_ar
1778541425.764319,14,87,1.121448,101.04,624.269,1265.838,3,4,compressed_ring_ar
1778541427.1067042,14,88,1.204951,101.75,674.744,1256.775,3,4,compressed_ring_ar
1778541428.3722675,14,89,1.21075,106.36,351.334,1202.364,3,4,compressed_ring_ar
1778541429.6881127,14,90,1.122842,101.95,719.473,1254.333,3,4,compressed_ring_ar
1778541430.9388344,14,91,1.04708,108.28,679.532,1180.951,3,4,compressed_ring_ar
1778541432.3833425,14,92,0.983792,94.49,802.362,1353.567,3,4,compressed_ring_ar
1778541433.6586432,14,93,1.157351,108.65,673.212,1176.883,3,4,compressed_ring_ar
1778541435.007283,14,94,1.101109,102.02,726.784,1253.508,3,4,compressed_ring_ar
1778541436.474369,14,95,1.040926,94.84,673.489,1347.443,3,4,compressed_ring_ar
1778541437.8480625,14,96,1.058736,96.99,152.959,1318.715,3,4,compressed_ring_ar
1778541438.9963315,14,97,1.102662,77.45,483.272,1083.672,3,4,compressed_ring_ar
1778541450.58518,15,0,1.037883,99.23,216.965,1287.812,3,4,compressed_ring_ar
1778541452.0438073,15,1,1.222566,92.08,512.936,1389.02,3,4,compressed_ring_ar
1778541453.4885166,15,2,0.999981,92.04,738.206,1389.356,3,4,compressed_ring_ar
1778541454.8244467,15,3,1.329871,99.31,180.008,1282.987,3,4,compressed_ring_ar
1778541456.3773277,15,4,1.131288,85.49,228.384,1495.532,3,4,compressed_ring_ar
1778541457.7116811,15,5,1.068713,99.38,299.073,1286.206,3,4,compressed_ring_ar
1778541459.1872497,15,6,1.165494,88.94,418.588,1437.933,3,4,compressed_ring_ar
1778541460.6922438,15,7,1.039042,87.63,236.9,1455.934,3,4,compressed_ring_ar
1778541462.0066044,15,8,1.020724,101.36,175.385,1261.205,3,4,compressed_ring_ar
1778541463.3023431,15,9,1.000715,106.97,341.688,1195.839,3,4,compressed_ring_ar
1778541464.5816224,15,10,1.06609,106.96,613.371,1196.252,3,4,compressed_ring_ar
1778541465.8862686,15,11,1.146145,105.39,689.678,1213.346,3,4,compressed_ring_ar
1778541467.1528072,15,12,1.116711,109.86,418.832,1164.127,3,4,compressed_ring_ar
1778541468.5419774,15,13,1.003425,96.95,757.413,1318.157,3,4,compressed_ring_ar
1778541469.8403747,15,14,1.13248,102.1,483.089,1252.577,3,4,compressed_ring_ar
1778541471.3118424,15,15,1.141555,93.96,695.693,1359.252,3,4,compressed_ring_ar
1778541472.5880225,15,16,1.325719,104.03,130.035,1229.955,3,4,compressed_ring_ar
1778541474.0775113,15,17,0.994129,91.17,780.869,1400.181,3,4,compressed_ring_ar
1778541475.3242385,15,18,1.148442,106.03,244.085,1205.338,3,4,compressed_ring_ar
1778541476.6662123,15,19,1.123059,99.28,458.429,1288.03,3,4,compressed_ring_ar
1778541477.9243433,15,20,1.144378,107.5,670.91,1189.718,3,4,compressed_ring_ar
1778541479.230468,15,21,1.188446,105.54,614.72,1211.709,3,4,compressed_ring_ar
1778541480.7736385,15,22,1.101536,88.15,780.008,1450.895,3,4,compressed_ring_ar
1778541482.0383503,15,23,1.208587,107.43,502.526,1190.372,3,4,compressed_ring_ar
1778541483.4656963,15,24,0.954763,96.48,694.833,1325.279,3,4,compressed_ring_ar
1778541484.9723997,15,25,1.043765,87.26,338.711,1465.498,3,4,compressed_ring_ar
1778541486.2783818,15,26,1.00472,102.28,142.936,1250.469,3,4,compressed_ring_ar
1778541487.758239,15,27,0.964587,94.37,790.878,1355.086,3,4,compressed_ring_ar
1778541489.1956584,15,28,1.091523,93.86,555.107,1359.195,3,4,compressed_ring_ar
1778541490.4422877,15,29,1.192554,106.51,181.104,1200.524,3,4,compressed_ring_ar
1778541491.7759902,15,30,1.180686,101.64,737.356,1258.556,3,4,compressed_ring_ar
1778541493.064322,15,31,1.199224,105.72,653.571,1209.546,3,4,compressed_ring_ar
1778541494.4769156,15,32,1.185531,98.56,688.889,1297.486,3,4,compressed_ring_ar
1778541495.8199782,15,33,1.114645,100.08,536.529,1278.005,3,4,compressed_ring_ar
1778541497.128638,15,34,0.938137,103.57,633.262,1233.85,3,4,compressed_ring_ar
1778541498.4806845,15,35,1.307619,99.72,394.516,1282.112,3,4,compressed_ring_ar
1778541499.975074,15,36,1.121298,89.19,333.936,1433.735,3,4,compressed_ring_ar
1778541501.3453176,15,37,0.972934,96.09,466.346,1331.042,3,4,compressed_ring_ar
1778541502.6474676,15,38,1.117049,103.95,684.194,1230.211,3,4,compressed_ring_ar
1778541503.9142532,15,39,1.112031,107.75,537.505,1186.844,3,4,compressed_ring_ar
1778541505.2422872,15,40,1.059727,102.45,668.477,1248.183,3,4,compressed_ring_ar
1778541506.4940395,15,41,1.041961,109.31,634.572,1169.907,3,4,compressed_ring_ar
1778541507.9442763,15,42,1.033545,93.84,609.795,1362.759,3,4,compressed_ring_ar
1778541509.4137697,15,43,1.229134,90.05,212.884,1418.671,3,4,compressed_ring_ar
1778541510.7145982,15,44,1.138408,103.34,153.779,1237.797,3,4,compressed_ring_ar
1778541512.053974,15,45,1.285231,104.1,538.093,1228.75,3,4,compressed_ring_ar
1778541513.5482082,15,46,1.096132,91.44,846.64,1399.302,3,4,compressed_ring_ar
1778541515.0278676,15,47,1.05472,93.58,727.043,1366.863,3,4,compressed_ring_ar
1778541516.2645404,15,48,1.0303,111.43,333.335,1147.438,3,4,compressed_ring_ar
1778541517.561407,15,49,1.004741,104.82,667.083,1220.467,3,4,compressed_ring_ar
1778541518.881085,15,50,1.000914,102.41,550.475,1248.955,3,4,compressed_ring_ar
1778541520.2888253,15,51,1.021529,99.07,696.17,1290.748,3,4,compressed_ring_ar
1778541521.667205,15,52,1.07652,98.93,671.933,1291.359,3,4,compressed_ring_ar
1778541522.8491282,15,53,1.33821,112.85,563.668,1133.076,3,4,compressed_ring_ar
1778541524.1057885,15,54,1.201042,109.69,599.044,1165.631,3,4,compressed_ring_ar
1778541525.5361216,15,55,1.039182,95.03,738.271,1341.455,3,4,compressed_ring_ar
1778541526.9655337,15,56,1.108428,92.29,258.873,1383.745,3,4,compressed_ring_ar
1778541528.2277672,15,57,1.102501,105.67,190.129,1208.973,3,4,compressed_ring_ar
1778541529.446777,15,58,1.276417,109.94,395.412,1163.251,3,4,compressed_ring_ar
1778541530.6803598,15,59,1.225734,110.17,653.752,1160.65,3,4,compressed_ring_ar
1778541531.9232728,15,60,1.028232,110.1,698.576,1161.575,3,4,compressed_ring_ar
1778541533.0953565,15,61,0.925839,119.76,569.927,1067.605,3,4,compressed_ring_ar
1778541534.3919728,15,62,1.008169,105.47,695.998,1212.544,3,4,compressed_ring_ar
1778541535.8476055,15,63,1.153424,92.36,855.776,1384.682,3,4,compressed_ring_ar
1778541537.3162107,15,64,1.148549,92.59,559.576,1381.129,3,4,compressed_ring_ar
1778541538.7350821,15,65,1.114152,92.93,156.668,1376.143,3,4,compressed_ring_ar
1778541540.0303166,15,66,1.066077,106.81,622.893,1197.231,3,4,compressed_ring_ar
1778541541.3897338,15,67,1.152487,101.01,705.336,1266.041,3,4,compressed_ring_ar
1778541542.5585992,15,68,1.207405,115.07,335.559,1107.901,3,4,compressed_ring_ar
1778541543.8620598,15,69,1.141264,104.29,678.408,1221.265,3,4,compressed_ring_ar
1778541545.1768217,15,70,1.060756,105.06,714.456,1217.226,3,4,compressed_ring_ar
1778541546.6073182,15,71,0.940792,95.69,748.356,1336.882,3,4,compressed_ring_ar
1778541548.1871448,15,72,1.105264,86.14,753.385,1484.906,3,4,compressed_ring_ar
1778541549.3401873,15,73,1.047726,118.34,536.826,1080.478,3,4,compressed_ring_ar
1778541550.6650467,15,74,1.049113,104.02,594.495,1229.528,3,4,compressed_ring_ar
1778541551.8840885,15,75,1.29827,112.12,413.997,1139.856,3,4,compressed_ring_ar
1778541553.2187362,15,76,1.092237,100.84,504.626,1264.549,3,4,compressed_ring_ar
1778541554.45839,15,77,1.024277,111.12,570.388,1150.286,3,4,compressed_ring_ar
1778541555.733494,15,78,1.170264,104.99,667.753,1217.976,3,4,compressed_ring_ar
1778541557.043424,15,79,1.04287,102.3,752.114,1250.517,3,4,compressed_ring_ar
1778541558.3287227,15,80,1.023933,107.73,650.566,1187.054,3,4,compressed_ring_ar
1778541559.6029737,15,81,1.144766,105.97,494.541,1207.043,3,4,compressed_ring_ar
1778541560.9336166,15,82,1.117473,105.4,461.021,1213.453,3,4,compressed_ring_ar
1778541562.3447466,15,83,1.081798,96.25,753.661,1322.608,3,4,compressed_ring_ar
1778541563.6425784,15,84,1.15189,101.53,212.068,1254.995,3,4,compressed_ring_ar
1778541564.777088,15,85,1.077891,116.39,295.362,1098.495,3,4,compressed_ring_ar
1778541565.9515405,15,86,1.194429,115.83,579.286,1103.906,3,4,compressed_ring_ar
1778541567.3039882,15,87,1.09654,101.14,659.039,1259.546,3,4,compressed_ring_ar
1778541568.8118205,15,88,0.942463,86.88,420.868,1471.949,3,4,compressed_ring_ar
1778541569.99808,15,89,0.991329,113.19,211.668,1129.915,3,4,compressed_ring_ar
1778541571.3426826,15,90,0.923212,101.1,691.439,1261.652,3,4,compressed_ring_ar
1778541572.631197,15,91,0.914192,103.64,289.693,1233.918,3,4,compressed_ring_ar
1778541574.0585985,15,92,1.175099,96.79,720.6,1315.572,3,4,compressed_ring_ar
1778541575.1928172,15,93,1.014039,118.16,127.271,1082.253,3,4,compressed_ring_ar
1778541576.4841688,15,94,1.173572,106.32,683.949,1202.815,3,4,compressed_ring_ar
1778541577.884465,15,95,1.036841,96.37,703.625,1326.982,3,4,compressed_ring_ar
1778541579.166804,15,96,1.118829,103.86,133.279,1231.948,3,4,compressed_ring_ar
1778541580.521509,15,97,1.167132,66.6,495.782,1252.363,3,4,compressed_ring_ar
1778541592.6860373,16,0,1.087417,79.66,356.524,1605.616,3,4,compressed_ring_ar
1778541594.0710375,16,1,1.117685,96.64,482.374,1323.476,3,4,compressed_ring_ar
1778541595.3971088,16,2,1.076474,101.26,662.665,1263.141,3,4,compressed_ring_ar
1778541596.7353992,16,3,0.926565,102.45,475.277,1246.221,3,4,compressed_ring_ar
1778541598.0890172,16,4,1.188788,99.18,189.567,1289.649,3,4,compressed_ring_ar
1778541599.3522935,16,5,1.298109,108.82,717.073,1175.044,3,4,compressed_ring_ar
1778541600.8546638,16,6,1.102443,90.19,864.61,1418.114,3,4,compressed_ring_ar
1778541602.220076,16,7,1.292546,97.66,745.813,1309.475,3,4,compressed_ring_ar
1778541603.4615786,16,8,1.2228,111.23,562.434,1150.215,3,4,compressed_ring_ar
1778541604.9108264,16,9,1.102049,93.57,775.666,1366.751,3,4,compressed_ring_ar
1778541606.531073,16,10,1.045049,82.68,574.728,1545.447,3,4,compressed_ring_ar
1778541607.9676762,16,11,1.073925,91.38,587.64,1399.802,3,4,compressed_ring_ar
1778541609.3289564,16,12,0.944791,102.39,727.086,1248.874,3,4,compressed_ring_ar
1778541610.631576,16,13,1.206908,104.51,707.091,1223.764,3,4,compressed_ring_ar
1778541611.9775803,16,14,0.932748,103.65,572.551,1232.354,3,4,compressed_ring_ar
1778541613.1378174,16,15,1.001009,115.37,562.755,1108.537,3,4,compressed_ring_ar
1778541614.5610495,16,16,1.136045,96.5,632.339,1323.728,3,4,compressed_ring_ar
1778541615.8865275,16,17,1.055736,99.75,275.138,1281.877,3,4,compressed_ring_ar
1778541617.3309972,16,18,1.06673,93.87,709.327,1362.133,3,4,compressed_ring_ar
1778541618.6356251,16,19,1.032968,101.64,321.173,1258.113,3,4,compressed_ring_ar
1778541619.8906581,16,20,1.198617,108.05,615.704,1183.172,3,4,compressed_ring_ar
1778541621.1558802,16,21,1.187002,108.31,666.296,1180.669,3,4,compressed_ring_ar
1778541622.4312563,16,22,1.036353,106.96,646.084,1195.539,3,4,compressed_ring_ar
1778541623.6932411,16,23,1.123808,110.05,686.682,1162.189,3,4,compressed_ring_ar
1778541624.9609404,16,24,1.174969,108.15,546.803,1182.826,3,4,compressed_ring_ar
1778541626.1840942,16,25,0.996613,112.31,626.353,1138.405,3,4,compressed_ring_ar
1778541627.5037994,16,26,0.998486,103.92,670.018,1228.19,3,4,compressed_ring_ar
1778541628.6897721,16,27,1.177272,114.23,357.123,1119.375,3,4,compressed_ring_ar
1778541630.0481458,16,28,1.216625,99.51,599.95,1285.321,3,4,compressed_ring_ar
1778541631.3291223,16,29,1.045401,105.08,523.136,1217.251,3,4,compressed_ring_ar
1778541632.643271,16,30,1.058956,104.09,614.8,1228.84,3,4,compressed_ring_ar
1778541634.0286403,16,31,1.246995,97.62,663.133,1310.006,3,4,compressed_ring_ar
1778541635.2667015,16,32,1.079226,109.44,660.426,1168.598,3,4,compressed_ring_ar
1778541636.4871924,16,33,1.228811,112.11,604.507,1140.553,3,4,compressed_ring_ar
1778541637.643983,16,34,1.120955,119.54,560.657,1069.138,3,4,compressed_ring_ar
1778541639.0324564,16,35,1.238697,97.32,817.933,1314.223,3,4,compressed_ring_ar
1778541640.3792655,16,36,1.056994,105.33,688.199,1214.591,3,4,compressed_ring_ar
1778541641.8106163,16,37,1.114444,95.16,749.622,1343.945,3,4,compressed_ring_ar
1778541643.2430234,16,38,0.916364,96.44,714.265,1326.919,3,4,compressed_ring_ar
1778541644.4997706,16,39,0.939516,111.6,611.723,1145.784,3,4,compressed_ring_ar
1778541645.782581,16,40,1.042593,105.97,660.844,1206.987,3,4,compressed_ring_ar
1778541647.1163483,16,41,0.986693,101.82,677.993,1255.527,3,4,compressed_ring_ar
1778541648.3792388,16,42,1.162016,105.93,590.137,1207.169,3,4,compressed_ring_ar
1778541649.794307,16,43,1.110357,95.28,637.546,1341.012,3,4,compressed_ring_ar
1778541651.0479352,16,44,1.18894,105.95,433.547,1206.92,3,4,compressed_ring_ar
1778541652.3112304,16,45,1.185799,107.07,519.218,1194.25,3,4,compressed_ring_ar
1778541653.699247,16,46,1.123509,98.76,567.116,1294.67,3,4,compressed_ring_ar
1778541655.2124672,16,47,1.094557,90.3,646.362,1415.516,3,4,compressed_ring_ar
1778541656.647903,16,48,1.136589,92.64,633.134,1381.269,3,4,compressed_ring_ar
1778541657.9949348,16,49,1.098361,103.92,704.241,1230.456,3,4,compressed_ring_ar
1778541659.251091,16,50,1.010178,108.64,480.52,1176.97,3,4,compressed_ring_ar
1778541660.520284,16,51,1.067094,107.27,685.141,1192.551,3,4,compressed_ring_ar
1778541661.8604186,16,52,1.10803,100.01,757.319,1277.651,3,4,compressed_ring_ar
1778541663.0169067,16,53,1.060813,115.74,314.266,1105.519,3,4,compressed_ring_ar
1778541664.238826,16,54,1.135854,112.29,582.89,1139.419,3,4,compressed_ring_ar
1778541665.5250878,16,55,1.061233,106.03,510.932,1205.985,3,4,compressed_ring_ar
1778541666.8121734,16,56,1.166501,108.01,641.771,1183.937,3,4,compressed_ring_ar
1778541668.2207289,16,57,1.111779,96.81,731.029,1318.749,3,4,compressed_ring_ar
1778541669.6450815,16,58,1.111815,92.24,655.136,1386.369,3,4,compressed_ring_ar
1778541670.880473,16,59,1.095315,108.77,236.682,1175.848,3,4,compressed_ring_ar
1778541672.12424,16,60,1.02079,110.6,643.175,1156.263,3,4,compressed_ring_ar
1778541673.4978607,16,61,0.962927,99.07,713.193,1290.851,3,4,compressed_ring_ar
1778541674.8388288,16,62,1.019403,100.62,658.902,1267.304,3,4,compressed_ring_ar
1778541676.1226125,16,63,1.052775,104.36,640.163,1224.297,3,4,compressed_ring_ar
1778541677.3974566,16,64,1.095747,107.39,645.752,1190.617,3,4,compressed_ring_ar
1778541678.7093554,16,65,1.097108,106.02,697.13,1206.08,3,4,compressed_ring_ar
1778541680.0587413,16,66,1.052002,101.53,694.581,1258.704,3,4,compressed_ring_ar
1778541681.363327,16,67,0.920967,103.45,439.401,1235.139,3,4,compressed_ring_ar
1778541682.7419608,16,68,1.01783,97.01,562.368,1314.183,3,4,compressed_ring_ar
1778541684.0258424,16,69,1.146617,103.89,584.29,1230.817,3,4,compressed_ring_ar
1778541685.3371615,16,70,1.125879,104.64,629.827,1220.883,3,4,compressed_ring_ar
1778541686.7435887,16,71,1.131637,94.94,517.496,1347.49,3,4,compressed_ring_ar
1778541688.0086887,16,72,1.142409,105.38,145.778,1213.415,3,4,compressed_ring_ar
1778541689.355358,16,73,1.077462,100.1,749.284,1277.687,3,4,compressed_ring_ar
1778541690.618828,16,74,0.928881,109.28,593.305,1170.131,3,4,compressed_ring_ar
1778541691.9583435,16,75,1.039977,101.25,635.747,1263.923,3,4,compressed_ring_ar
1778541693.4358249,16,76,1.112478,90.29,849.081,1415.288,3,4,compressed_ring_ar
1778541694.6560078,16,77,0.930654,109.34,425.407,1170.288,3,4,compressed_ring_ar
1778541696.0931852,16,78,1.044976,95.0,720.78,1344.567,3,4,compressed_ring_ar
1778541697.4054224,16,79,1.185568,101.09,524.457,1265.166,3,4,compressed_ring_ar
1778541698.9678695,16,80,1.136621,90.4,532.913,1414.299,3,4,compressed_ring_ar
1778541700.2365673,16,81,1.153421,104.86,420.027,1219.622,3,4,compressed_ring_ar
1778541701.5318072,16,82,1.163799,105.76,693.928,1209.283,3,4,compressed_ring_ar
1778541703.0825937,16,83,1.116552,87.42,896.477,1463.655,3,4,compressed_ring_ar
1778541704.292257,16,84,1.051279,112.16,619.105,1140.015,3,4,compressed_ring_ar
1778541705.593525,16,85,1.161954,104.66,703.249,1221.838,3,4,compressed_ring_ar
1778541706.816972,16,86,1.03648,111.65,414.297,1145.34,3,4,compressed_ring_ar
1778541708.0960815,16,87,1.141495,106.47,680.9,1200.988,3,4,compressed_ring_ar
1778541709.593859,16,88,1.120157,91.73,403.908,1394.279,3,4,compressed_ring_ar
1778541711.123973,16,89,1.029164,89.26,671.9,1431.6,3,4,compressed_ring_ar
1778541712.489913,16,90,0.959044,96.78,390.089,1319.482,3,4,compressed_ring_ar
1778541713.7563791,16,91,1.149099,104.18,518.847,1227.459,3,4,compressed_ring_ar
1778541715.1079879,16,92,1.036211,102.93,626.43,1242.502,3,4,compressed_ring_ar
1778541716.4722366,16,93,1.103018,99.14,480.822,1289.625,3,4,compressed_ring_ar
1778541717.6776838,16,94,1.065418,111.58,232.999,1145.945,3,4,compressed_ring_ar
1778541719.0022082,16,95,1.044906,102.58,561.793,1246.786,3,4,compressed_ring_ar
1778541720.3995392,16,96,1.055721,97.98,336.759,1303.793,3,4,compressed_ring_ar
1778541721.5587118,16,97,1.095207,74.36,464.864,1128.547,3,4,compressed_ring_ar
1778541733.2226484,17,0,1.141856,106.05,278.789,1205.874,3,4,compressed_ring_ar
1778541734.6184435,17,1,1.085271,97.4,794.772,1313.184,3,4,compressed_ring_ar
1778541736.028845,17,2,1.104381,99.61,732.815,1284.281,3,4,compressed_ring_ar
1778541737.3259757,17,3,1.126001,105.98,649.853,1203.012,3,4,compressed_ring_ar
1778541738.5734,17,4,0.85971,107.96,666.21,1184.468,3,4,compressed_ring_ar
1778541739.8567553,17,5,0.992355,106.09,625.37,1204.085,3,4,compressed_ring_ar
1778541741.1663475,17,6,1.128959,104.59,473.279,1219.06,3,4,compressed_ring_ar
1778541742.8512235,17,7,1.205719,81.99,692.355,1559.891,3,4,compressed_ring_ar
1778541744.2960358,17,8,1.417474,94.0,225.995,1358.985,3,4,compressed_ring_ar
1778541745.5552576,17,9,1.043253,105.49,298.838,1212.36,3,4,compressed_ring_ar
1778541746.8992658,17,10,1.240865,103.15,678.26,1239.694,3,4,compressed_ring_ar
1778541748.1132908,17,11,1.15532,113.35,546.339,1128.389,3,4,compressed_ring_ar
1778541749.3098536,17,12,1.038774,110.94,380.536,1152.529,3,4,compressed_ring_ar
1778541750.6192596,17,13,0.970866,101.93,668.812,1254.565,3,4,compressed_ring_ar
1778541751.886763,17,14,1.098171,107.71,663.588,1187.091,3,4,compressed_ring_ar
1778541753.1965873,17,15,1.288059,103.49,682.688,1235.647,3,4,compressed_ring_ar
1778541754.6622334,17,16,1.081269,93.06,875.066,1374.353,3,4,compressed_ring_ar
1778541755.9974325,17,17,1.117439,100.77,741.082,1269.087,3,4,compressed_ring_ar
1778541757.4024906,17,18,1.145323,97.59,505.91,1309.573,3,4,compressed_ring_ar
1778541758.6953647,17,19,1.075114,101.93,350.863,1254.79,3,4,compressed_ring_ar
1778541759.9655218,17,20,0.890924,108.15,608.541,1182.457,3,4,compressed_ring_ar
1778541761.321432,17,21,1.15363,99.43,587.294,1286.293,3,4,compressed_ring_ar
1778541762.8978298,17,22,1.062875,84.06,635.31,1517.093,3,4,compressed_ring_ar
1778541764.1660259,17,23,1.24635,105.37,165.546,1209.801,3,4,compressed_ring_ar
1778541765.5024061,17,24,1.01034,100.83,700.966,1268.209,3,4,compressed_ring_ar
1778541766.7515397,17,25,0.934447,108.53,494.253,1178.194,3,4,compressed_ring_ar
1778541767.9686317,17,26,0.951371,113.08,572.642,1131.498,3,4,compressed_ring_ar
1778541769.2620387,17,27,1.144652,105.33,684.295,1214.209,3,4,compressed_ring_ar
1778541770.5788677,17,28,1.033728,102.77,590.269,1244.405,3,4,compressed_ring_ar
1778541771.890878,17,29,1.035398,104.41,688.467,1224.777,3,4,compressed_ring_ar
1778541773.1734555,17,30,0.973215,108.04,687.024,1183.747,3,4,compressed_ring_ar
1778541774.5075276,17,31,0.987969,103.32,649.637,1236.828,3,4,compressed_ring_ar
1778541775.8951044,17,32,1.054149,99.52,744.723,1284.951,3,4,compressed_ring_ar
1778541777.2246745,17,33,1.146711,101.59,491.947,1258.659,3,4,compressed_ring_ar
1778541778.4603071,17,34,1.228057,108.95,368.365,1173.532,3,4,compressed_ring_ar
1778541779.7293239,17,35,1.135024,106.03,659.423,1206.299,3,4,compressed_ring_ar
1778541780.9613552,17,36,0.927227,111.74,624.737,1144.238,3,4,compressed_ring_ar
1778541782.287617,17,37,0.986572,102.97,587.085,1241.836,3,4,compressed_ring_ar
1778541783.4614384,17,38,0.956004,117.99,482.551,1083.766,3,4,compressed_ring_ar
1778541784.7434504,17,39,1.029043,105.74,676.975,1208.938,3,4,compressed_ring_ar
1778541786.1270418,17,40,1.129381,98.34,711.183,1300.41,3,4,compressed_ring_ar
1778541787.3065336,17,41,1.071917,113.71,600.127,1124.981,3,4,compressed_ring_ar
1778541788.584338,17,42,1.267132,107.35,640.5,1191.251,3,4,compressed_ring_ar
1778541790.2147245,17,43,1.093874,83.22,842.041,1536.867,3,4,compressed_ring_ar
1778541791.5278287,17,44,0.937087,102.38,174.222,1248.986,3,4,compressed_ring_ar
1778541792.7886465,17,45,0.99328,106.45,353.15,1201.204,3,4,compressed_ring_ar
1778541794.1041574,17,46,1.11018,103.59,584.956,1234.422,3,4,compressed_ring_ar
1778541795.3694139,17,47,1.055601,104.41,177.64,1223.978,3,4,compressed_ring_ar
1778541796.820311,17,48,1.128454,91.58,386.53,1396.375,3,4,compressed_ring_ar
1778541798.095787,17,49,1.353117,105.61,427.394,1210.078,3,4,compressed_ring_ar
1778541799.3126676,17,50,0.959465,110.9,432.06,1152.628,3,4,compressed_ring_ar
1778541800.5873694,17,51,1.06337,108.82,590.417,1175.081,3,4,compressed_ring_ar
1778541801.8672795,17,52,1.228179,107.43,644.207,1190.241,3,4,compressed_ring_ar
1778541803.270553,17,53,1.013305,97.86,679.498,1306.88,3,4,compressed_ring_ar
1778541804.560674,17,54,0.88123,104.6,716.975,1222.532,3,4,compressed_ring_ar
1778541805.8066397,17,55,1.108801,109.04,636.635,1173.363,3,4,compressed_ring_ar
1778541807.1659424,17,56,1.06657,101.98,659.654,1253.027,3,4,compressed_ring_ar
1778541808.3685753,17,57,1.13173,111.43,686.279,1147.768,3,4,compressed_ring_ar
1778541809.762208,17,58,1.02684,99.11,689.456,1289.032,3,4,compressed_ring_ar
1778541810.9761622,17,59,1.004817,109.38,512.119,1169.096,3,4,compressed_ring_ar
1778541812.2873101,17,60,1.186023,104.86,638.257,1219.372,3,4,compressed_ring_ar
1778541813.4678025,17,61,1.015872,113.95,610.97,1113.316,3,4,compressed_ring_ar
1778541814.6626475,17,62,1.193823,115.16,611.549,1110.19,3,4,compressed_ring_ar
1778541815.9869132,17,63,1.053616,105.26,551.465,1214.768,3,4,compressed_ring_ar
1778541817.3689857,17,64,0.981693,96.66,652.554,1323.119,3,4,compressed_ring_ar
1778541818.7923634,17,65,1.243309,94.61,650.755,1349.541,3,4,compressed_ring_ar
1778541820.0176268,17,66,1.039976,108.27,428.069,1179.943,3,4,compressed_ring_ar
1778541821.358408,17,67,1.011497,99.88,125.321,1280.393,3,4,compressed_ring_ar
1778541822.8223732,17,68,1.127036,92.47,767.848,1383.545,3,4,compressed_ring_ar
1778541824.0713735,17,69,1.0761,110.0,447.079,1162.618,3,4,compressed_ring_ar
1778541825.3493557,17,70,1.193565,107.85,639.141,1186.088,3,4,compressed_ring_ar
1778541826.5572636,17,71,1.13427,114.42,584.249,1117.5,3,4,compressed_ring_ar
1778541827.8165214,17,72,1.147491,110.01,599.627,1162.32,3,4,compressed_ring_ar
1778541829.155309,17,73,1.016637,102.01,739.88,1253.229,3,4,compressed_ring_ar
1778541830.399186,17,74,0.891075,109.28,632.131,1170.205,3,4,compressed_ring_ar
1778541831.6904933,17,75,1.189078,104.87,695.57,1219.318,3,4,compressed_ring_ar
1778541832.9063926,17,76,1.012061,114.15,587.116,1119.635,3,4,compressed_ring_ar
1778541834.1801188,17,77,1.111128,106.08,282.302,1204.473,3,4,compressed_ring_ar
1778541835.4649305,17,78,1.018714,105.29,620.674,1214.69,3,4,compressed_ring_ar
1778541836.8886118,17,79,1.004233,96.04,495.521,1330.282,3,4,compressed_ring_ar
1778541838.132223,17,80,1.126363,108.41,429.997,1179.456,3,4,compressed_ring_ar
1778541839.355905,17,81,1.002156,112.37,584.369,1137.268,3,4,compressed_ring_ar
1778541840.6381476,17,82,1.255978,107.4,671.706,1190.683,3,4,compressed_ring_ar
1778541841.9610398,17,83,0.990422,103.2,733.376,1239.146,3,4,compressed_ring_ar
1778541843.2520955,17,84,1.016335,107.86,562.471,1185.465,3,4,compressed_ring_ar
1778541844.6252322,17,85,1.155437,98.05,642.594,1304.168,3,4,compressed_ring_ar
1778541845.8754878,17,86,1.230738,108.2,477.698,1182.015,3,4,compressed_ring_ar
1778541847.153213,17,87,1.01381,107.36,589.43,1191.124,3,4,compressed_ring_ar
1778541848.4798207,17,88,0.965742,103.3,363.983,1237.786,3,4,compressed_ring_ar
1778541849.8556974,17,89,0.992465,97.23,792.583,1315.257,3,4,compressed_ring_ar
1778541851.2567859,17,90,0.95872,98.69,722.808,1295.688,3,4,compressed_ring_ar
1778541852.6409762,17,91,1.016968,98.48,643.059,1298.423,3,4,compressed_ring_ar
1778541854.312263,17,92,1.243827,80.48,896.104,1589.224,3,4,compressed_ring_ar
1778541855.599685,17,93,0.917777,103.32,164.992,1237.997,3,4,compressed_ring_ar
1778541856.9692893,17,94,0.960764,99.56,686.292,1282.257,3,4,compressed_ring_ar
1778541858.2371454,17,95,1.139093,104.31,540.744,1225.969,3,4,compressed_ring_ar
1778541859.4279816,17,96,1.081165,115.53,473.481,1106.815,3,4,compressed_ring_ar
1778541860.6607306,17,97,0.903102,72.0,569.087,1165.286,3,4,compressed_ring_ar
1778541872.4941719,18,0,1.158088,90.19,266.633,1416.027,3,4,compressed_ring_ar
1778541874.010911,18,1,1.066053,89.29,768.029,1432.23,3,4,compressed_ring_ar
1778541875.2879462,18,2,1.146453,104.19,185.257,1227.634,3,4,compressed_ring_ar
1778541876.7976375,18,3,0.896317,90.27,800.84,1416.028,3,4,compressed_ring_ar
1778541878.121459,18,4,1.185521,99.37,405.618,1283.157,3,4,compressed_ring_ar
1778541879.492946,18,5,1.157079,97.79,209.136,1304.218,3,4,compressed_ring_ar
1778541880.7346318,18,6,1.102511,107.2,299.612,1192.683,3,4,compressed_ring_ar
1778541881.9954455,18,7,1.077379,104.81,305.412,1220.027,3,4,compressed_ring_ar
1778541883.428313,18,8,1.082591,96.31,789.679,1327.252,3,4,compressed_ring_ar
1778541884.8704162,18,9,1.11473,95.87,688.046,1333.69,3,4,compressed_ring_ar
1778541886.4740095,18,10,1.076522,82.54,249.856,1549.339,3,4,compressed_ring_ar
1778541887.778845,18,11,0.968578,101.31,152.927,1262.444,3,4,compressed_ring_ar
1778541889.1075969,18,12,1.118043,102.74,715.497,1245.509,3,4,compressed_ring_ar
1778541890.429467,18,13,1.101468,102.94,653.777,1242.163,3,4,compressed_ring_ar
1778541891.8853385,18,14,1.15911,92.78,570.067,1376.202,3,4,compressed_ring_ar
1778541893.3534746,18,15,1.071115,89.7,167.135,1425.983,3,4,compressed_ring_ar
1778541894.88344,18,16,1.065604,91.42,765.087,1398.903,3,4,compressed_ring_ar
1778541896.1114812,18,17,1.025258,108.26,316.691,1181.204,3,4,compressed_ring_ar
1778541897.3954146,18,18,1.082182,105.8,498.28,1209.236,3,4,compressed_ring_ar
1778541898.6666574,18,19,1.000859,107.79,566.759,1186.677,3,4,compressed_ring_ar
1778541900.0188265,18,20,0.965493,101.32,629.355,1262.168,3,4,compressed_ring_ar
1778541901.6864674,18,21,1.132258,79.81,692.349,1601.767,3,4,compressed_ring_ar
1778541902.9814851,18,22,1.104822,101.69,397.938,1257.804,3,4,compressed_ring_ar
1778541904.3398454,18,23,1.093853,99.83,714.115,1280.998,3,4,compressed_ring_ar
1778541905.7488382,18,24,1.018294,96.15,731.619,1328.67,3,4,compressed_ring_ar
1778541906.9595091,18,25,1.08802,114.7,262.921,1115.017,3,4,compressed_ring_ar
1778541908.3234324,18,26,1.050206,100.42,665.501,1273.243,3,4,compressed_ring_ar
1778541909.6880078,18,27,1.098982,96.45,316.281,1325.721,3,4,compressed_ring_ar
1778541911.0849879,18,28,0.998143,94.6,161.569,1352.387,3,4,compressed_ring_ar
1778541912.3627381,18,29,1.027416,106.85,292.594,1196.988,3,4,compressed_ring_ar
1778541913.7135768,18,30,1.101606,100.5,579.275,1272.555,3,4,compressed_ring_ar
1778541914.9646657,18,31,1.218954,109.35,628.175,1169.409,3,4,compressed_ring_ar
1778541916.3002186,18,32,1.084598,101.06,526.92,1265.262,3,4,compressed_ring_ar
1778541917.6161714,18,33,1.106102,103.88,643.026,1230.997,3,4,compressed_ring_ar
1778541918.867384,18,34,1.121627,109.26,614.291,1170.303,3,4,compressed_ring_ar
1778541920.2573626,18,35,1.038222,97.03,628.362,1315.308,3,4,compressed_ring_ar
1778541921.5987177,18,36,1.201714,98.83,191.355,1292.914,3,4,compressed_ring_ar
1778541922.8675776,18,37,1.12063,104.46,233.844,1224.245,3,4,compressed_ring_ar
1778541924.1447127,18,38,1.095834,105.49,645.172,1212.051,3,4,compressed_ring_ar
1778541925.3237498,18,39,1.042016,115.32,613.411,1109.034,3,4,compressed_ring_ar
1778541926.6143227,18,40,1.014989,107.54,530.953,1187.564,3,4,compressed_ring_ar
1778541927.8144853,18,41,0.982365,115.26,573.969,1109.376,3,4,compressed_ring_ar
1778541929.0271883,18,42,0.877806,112.77,637.026,1133.967,3,4,compressed_ring_ar
1778541930.3885489,18,43,1.252277,100.56,523.112,1271.576,3,4,compressed_ring_ar
1778541931.6518419,18,44,1.148464,108.28,485.938,1180.957,3,4,compressed_ring_ar
1778541933.0178032,18,45,1.095505,100.78,732.61,1268.713,3,4,compressed_ring_ar
1778541934.3242621,18,46,1.008893,103.7,618.6,1233.114,3,4,compressed_ring_ar
1778541935.5049717,18,47,0.91021,114.99,614.5,1110.521,3,4,compressed_ring_ar
1778541936.87435,18,48,0.911935,100.75,660.076,1269.461,3,4,compressed_ring_ar
1778541938.3423657,18,49,1.015138,93.38,765.711,1367.667,3,4,compressed_ring_ar
1778541939.672064,18,50,0.948551,100.44,343.021,1273.146,3,4,compressed_ring_ar
1778541941.1162338,18,51,0.9248,98.46,721.282,1298.551,3,4,compressed_ring_ar
1778541942.3714879,18,52,1.109807,109.09,460.08,1172.041,3,4,compressed_ring_ar
1778541943.618203,18,53,1.021092,108.99,643.837,1173.658,3,4,compressed_ring_ar
1778541944.8828619,18,54,0.90586,109.04,629.25,1172.978,3,4,compressed_ring_ar
1778541946.253407,18,55,0.98449,100.28,739.804,1275.671,3,4,compressed_ring_ar
1778541947.7288074,18,56,0.942299,91.77,795.301,1393.429,3,4,compressed_ring_ar
1778541949.0319555,18,57,1.034607,102.04,131.456,1253.318,3,4,compressed_ring_ar
1778541950.2990935,18,58,1.201189,108.01,604.883,1184.084,3,4,compressed_ring_ar
1778541951.5664692,18,59,1.070006,107.56,705.341,1188.823,3,4,compressed_ring_ar
1778541952.8496842,18,60,1.239688,106.01,697.211,1206.325,3,4,compressed_ring_ar
1778541954.1438615,18,61,1.100187,106.52,673.433,1201.276,3,4,compressed_ring_ar
1778541955.435356,18,62,1.045516,104.8,743.976,1220.53,3,4,compressed_ring_ar
1778541956.616959,18,63,1.065085,116.92,516.345,1093.568,3,4,compressed_ring_ar
1778541957.8209267,18,64,0.977546,114.4,587.911,1117.725,3,4,compressed_ring_ar
1778541959.4290779,18,65,1.116626,84.05,878.424,1519.796,3,4,compressed_ring_ar
1778541960.8528426,18,66,1.057862,93.38,229.62,1369.462,3,4,compressed_ring_ar
1778541962.0387204,18,67,1.018978,113.41,126.952,1127.424,3,4,compressed_ring_ar
1778541963.2679338,18,68,1.136316,111.7,631.167,1144.638,3,4,compressed_ring_ar
1778541964.5147603,18,69,1.088463,110.28,642.453,1159.24,3,4,compressed_ring_ar
1778541965.8485374,18,70,0.914344,101.72,650.838,1257.149,3,4,compressed_ring_ar
1778541967.1689293,18,71,0.972637,101.86,636.324,1253.053,3,4,compressed_ring_ar
1778541968.4447336,18,72,1.025054,104.58,487.954,1222.726,3,4,compressed_ring_ar
1778541969.7699008,18,73,1.107717,102.91,589.718,1242.988,3,4,compressed_ring_ar
1778541971.1324348,18,74,0.933128,101.96,693.803,1253.059,3,4,compressed_ring_ar
1778541972.464871,18,75,0.933746,101.01,503.121,1264.95,3,4,compressed_ring_ar
1778541973.8955948,18,76,0.971577,92.33,465.878,1379.37,3,4,compressed_ring_ar
1778541975.3040147,18,77,0.983293,93.48,266.862,1368.096,3,4,compressed_ring_ar
1778541976.8682158,18,78,1.066395,85.35,186.027,1498.322,3,4,compressed_ring_ar
1778541978.1198986,18,79,1.037909,106.64,131.74,1199.431,3,4,compressed_ring_ar
1778541979.5364606,18,80,1.19615,96.42,755.198,1324.562,3,4,compressed_ring_ar
1778541980.8920143,18,81,1.074243,97.36,527.557,1313.571,3,4,compressed_ring_ar
1778541982.165215,18,82,1.179933,106.66,614.993,1198.922,3,4,compressed_ring_ar
1778541983.417231,18,83,1.202409,108.8,596.343,1175.247,3,4,compressed_ring_ar
1778541984.7904835,18,84,1.237853,99.85,550.898,1280.612,3,4,compressed_ring_ar
1778541986.140619,18,85,0.95069,101.59,613.94,1257.469,3,4,compressed_ring_ar
1778541987.6188471,18,86,0.97281,90.11,631.697,1419.611,3,4,compressed_ring_ar
1778541989.1379642,18,87,1.068301,87.11,214.234,1467.868,3,4,compressed_ring_ar
1778541990.4117541,18,88,1.073687,104.92,166.777,1219.079,3,4,compressed_ring_ar
1778541991.7264519,18,89,1.143497,104.78,671.751,1220.85,3,4,compressed_ring_ar
1778541992.990148,18,90,1.030372,109.47,628.96,1167.272,3,4,compressed_ring_ar
1778541994.3660522,18,91,1.133572,99.82,688.719,1281.759,3,4,compressed_ring_ar
1778541995.6279156,18,92,0.939995,106.77,676.278,1197.725,3,4,compressed_ring_ar
1778541996.9724064,18,93,0.973106,100.59,631.806,1270.513,3,4,compressed_ring_ar
1778541998.2439528,18,94,1.211293,105.2,521.232,1215.427,3,4,compressed_ring_ar
1778541999.5517464,18,95,1.147303,102.84,134.378,1243.393,3,4,compressed_ring_ar
1778542000.8585958,18,96,1.042595,104.76,572.713,1220.573,3,4,compressed_ring_ar
1778542002.0381615,18,97,0.968746,76.54,496.253,1096.234,3,4,compressed_ring_ar
1778542013.8304806,19,0,0.90361,88.69,293.029,1439.982,3,4,compressed_ring_ar
1778542015.2498372,19,1,1.027973,93.9,199.09,1361.884,3,4,compressed_ring_ar
1778542016.6075768,19,2,1.062773,99.07,720.235,1290.779,3,4,compressed_ring_ar
1778542017.9265983,19,3,1.018526,104.17,689.313,1227.565,3,4,compressed_ring_ar
1778542019.2190046,19,4,1.010327,105.7,621.782,1209.751,3,4,compressed_ring_ar
1778542020.455296,19,5,1.209179,110.02,645.274,1162.434,3,4,compressed_ring_ar
1778542021.756961,19,6,1.204895,104.72,647.155,1221.002,3,4,compressed_ring_ar
1778542023.094367,19,7,1.170931,100.87,618.622,1267.663,3,4,compressed_ring_ar
1778542024.4863405,19,8,1.1951,97.65,626.303,1309.12,3,4,compressed_ring_ar
1778542025.7785213,19,9,1.118442,102.44,429.104,1244.629,3,4,compressed_ring_ar
1778542027.1295068,19,10,1.064414,102.33,663.382,1248.865,3,4,compressed_ring_ar
1778542028.4900753,19,11,1.185407,96.67,571.732,1323.012,3,4,compressed_ring_ar
1778542029.8481848,19,12,0.871555,100.82,563.219,1268.265,3,4,compressed_ring_ar
1778542031.0821302,19,13,1.096344,111.62,558.789,1145.531,3,4,compressed_ring_ar
1778542032.4569678,19,14,1.335074,100.38,613.692,1274.29,3,4,compressed_ring_ar
1778542033.8683546,19,15,0.958093,100.99,692.216,1265.773,3,4,compressed_ring_ar
1778542035.3007922,19,16,0.9887,95.65,711.579,1333.677,3,4,compressed_ring_ar
1778542036.541506,19,17,1.118172,107.89,140.466,1185.406,3,4,compressed_ring_ar
1778542037.7450526,19,18,1.069386,113.88,644.467,1122.944,3,4,compressed_ring_ar
1778542038.925276,19,19,1.144626,116.78,555.587,1094.847,3,4,compressed_ring_ar
1778542040.2208138,19,20,1.021451,106.03,653.614,1205.675,3,4,compressed_ring_ar
1778542041.7406855,19,21,1.206376,87.46,227.474,1459.188,3,4,compressed_ring_ar
1778542043.03211,19,22,0.944189,102.68,156.042,1245.389,3,4,compressed_ring_ar
1778542044.3371882,19,23,1.083696,104.57,685.755,1223.27,3,4,compressed_ring_ar
1778542045.9263737,19,24,1.055855,85.5,879.521,1494.747,3,4,compressed_ring_ar
1778542047.1666117,19,25,0.97128,107.63,242.687,1188.393,3,4,compressed_ring_ar
1778542048.4250247,19,26,1.038207,108.31,621.128,1181.34,3,4,compressed_ring_ar
1778542049.9236004,19,27,0.880809,90.22,839.8,1417.336,3,4,compressed_ring_ar
1778542051.396747,19,28,1.110471,90.16,295.973,1415.343,3,4,compressed_ring_ar
1778542052.6406717,19,29,1.002188,107.87,126.711,1185.536,3,4,compressed_ring_ar
1778542054.1079314,19,30,1.083255,93.91,666.56,1357.595,3,4,compressed_ring_ar
1778542055.4275763,19,31,1.131855,100.74,192.641,1269.268,3,4,compressed_ring_ar
1778542056.7921605,19,32,0.991165,96.55,310.958,1324.222,3,4,compressed_ring_ar
1778542058.1016743,19,33,1.061339,101.68,270.098,1257.588,3,4,compressed_ring_ar
1778542059.4371228,19,34,1.151845,101.92,723.9,1253.335,3,4,compressed_ring_ar
1778542060.7138417,19,35,1.073097,104.59,417.245,1222.524,3,4,compressed_ring_ar
1778542062.0337377,19,36,0.951004,104.23,776.574,1226.752,3,4,compressed_ring_ar
1778542063.3167398,19,37,1.048326,108.13,607.276,1182.653,3,4,compressed_ring_ar
1778542064.5806122,19,38,1.2274,107.79,585.272,1185.977,3,4,compressed_ring_ar
1778542065.9974298,19,39,1.054179,97.41,586.073,1313.481,3,4,compressed_ring_ar
1778542067.3366976,19,40,1.079803,101.67,665.496,1258.215,3,4,compressed_ring_ar
1778542068.7625237,19,41,1.092107,97.88,741.294,1302.658,3,4,compressed_ring_ar
1778542070.049788,19,42,1.138069,106.62,618.73,1198.056,3,4,compressed_ring_ar
1778542071.3607004,19,43,1.067809,102.25,660.941,1250.273,3,4,compressed_ring_ar
1778542072.6575525,19,44,1.18191,103.32,444.612,1237.5,3,4,compressed_ring_ar
1778542073.9530947,19,45,1.016085,105.91,515.763,1207.269,3,4,compressed_ring_ar
1778542075.3494477,19,46,0.990841,97.35,808.023,1313.488,3,4,compressed_ring_ar
1778542076.7052865,19,47,1.096663,100.85,459.105,1268.177,3,4,compressed_ring_ar
1778542077.99079,19,48,0.992088,107.1,280.828,1194.029,3,4,compressed_ring_ar
1778542079.3990126,19,49,1.071642,97.56,671.863,1310.029,3,4,compressed_ring_ar
1778542080.7010505,19,50,1.027145,101.45,412.356,1260.481,3,4,compressed_ring_ar
1778542081.9051187,19,51,1.205566,113.17,627.83,1130.109,3,4,compressed_ring_ar
1778542083.2745523,19,52,1.153786,100.8,716.871,1269.342,3,4,compressed_ring_ar
1778542084.6196225,19,53,1.116948,104.22,524.957,1226.057,3,4,compressed_ring_ar
1778542085.9295504,19,54,0.978728,103.64,456.022,1233.814,3,4,compressed_ring_ar
1778542087.4894612,19,55,1.088395,85.08,719.545,1503.064,3,4,compressed_ring_ar
1778542088.7750711,19,56,0.921576,103.56,261.124,1235.018,3,4,compressed_ring_ar
1778542090.078324,19,57,1.051311,105.27,648.098,1214.619,3,4,compressed_ring_ar
1778542091.3190584,19,58,1.243648,109.9,630.895,1163.516,3,4,compressed_ring_ar
1778542092.6245847,19,59,1.000319,104.39,594.464,1225.344,3,4,compressed_ring_ar
1778542093.9530504,19,60,1.02969,100.79,719.02,1268.706,3,4,compressed_ring_ar
1778542095.214324,19,61,0.994829,107.67,666.721,1187.776,3,4,compressed_ring_ar
1778542096.5919511,19,62,0.983001,103.17,696.975,1239.423,3,4,compressed_ring_ar
1778542097.9844162,19,63,1.021142,96.62,717.344,1323.544,3,4,compressed_ring_ar
1778542099.2364426,19,64,1.013826,108.74,685.57,1175.952,3,4,compressed_ring_ar
1778542100.5441802,19,65,1.00016,105.52,624.528,1211.039,3,4,compressed_ring_ar
1778542101.9050088,19,66,0.926905,100.06,633.0,1276.716,3,4,compressed_ring_ar
1778542103.1761503,19,67,1.045624,104.14,475.707,1227.882,3,4,compressed_ring_ar
1778542104.4107714,19,68,1.036832,110.88,586.807,1153.363,3,4,compressed_ring_ar
1778542105.7134345,19,69,0.961158,104.29,662.526,1226.145,3,4,compressed_ring_ar
1778542107.0252998,19,70,1.053073,102.68,531.571,1245.627,3,4,compressed_ring_ar
1778542108.3474572,19,71,1.146058,103.06,689.473,1240.821,3,4,compressed_ring_ar
1778542109.6756666,19,72,1.041799,102.38,701.495,1249.01,3,4,compressed_ring_ar
1778542111.0294647,19,73,0.925095,100.85,607.853,1268.087,3,4,compressed_ring_ar
1778542112.4452167,19,74,1.061346,97.3,581.966,1312.998,3,4,compressed_ring_ar
1778542113.957488,19,75,0.996415,87.31,714.004,1464.69,3,4,compressed_ring_ar
1778542115.1261785,19,76,0.987098,113.09,377.115,1130.529,3,4,compressed_ring_ar
1778542116.4598575,19,77,0.913279,103.42,680.117,1236.448,3,4,compressed_ring_ar
1778542117.6776876,19,78,1.016123,112.24,647.112,1138.872,3,4,compressed_ring_ar
1778542119.0396724,19,79,1.184129,100.45,622.142,1273.01,3,4,compressed_ring_ar
1778542120.4093633,19,80,1.091792,98.78,554.553,1291.072,3,4,compressed_ring_ar
1778542121.8412778,19,81,1.163597,93.2,742.214,1371.913,3,4,compressed_ring_ar
1778542123.28636,19,82,1.095115,92.46,156.565,1382.915,3,4,compressed_ring_ar
1778542124.7152696,19,83,1.207529,97.72,715.167,1308.587,3,4,compressed_ring_ar
1778542125.9523602,19,84,1.129475,110.52,687.697,1156.852,3,4,compressed_ring_ar
1778542127.188033,19,85,0.99584,110.9,598.334,1152.74,3,4,compressed_ring_ar
1778542128.4050095,19,86,1.057248,113.31,595.137,1128.469,3,4,compressed_ring_ar
1778542129.7083669,19,87,1.135941,104.88,639.368,1219.632,3,4,compressed_ring_ar
1778542131.000017,19,88,1.041071,105.92,635.909,1207.182,3,4,compressed_ring_ar
1778542132.572234,19,89,1.050228,85.37,816.381,1498.127,3,4,compressed_ring_ar
1778542133.9697936,19,90,0.903437,95.61,228.37,1337.343,3,4,compressed_ring_ar
1778542135.4143867,19,91,1.198228,91.45,401.696,1395.782,3,4,compressed_ring_ar
1778542136.7609723,19,92,1.08593,98.17,133.912,1300.714,3,4,compressed_ring_ar
1778542138.035643,19,93,1.07476,106.2,571.158,1204.123,3,4,compressed_ring_ar
1778542139.252637,19,94,1.157179,113.5,626.914,1126.575,3,4,compressed_ring_ar
1778542140.4875097,19,95,1.073086,111.5,627.475,1146.923,3,4,compressed_ring_ar
1778542141.9305203,19,96,0.988585,94.06,753.866,1359.66,3,4,compressed_ring_ar
1778542143.1749296,19,97,1.245032,72.29,473.868,1160.75,3,4,compressed_ring_ar
1778542154.948705,20,0,1.129252,89.46,364.159,1430.255,3,4,compressed_ring_ar
1778542156.3318288,20,1,1.123906,100.5,630.51,1272.419,3,4,compressed_ring_ar
1778542157.571204,20,2,0.97557,109.04,637.748,1173.007,3,4,compressed_ring_ar
1778542158.8395662,20,3,1.127461,107.78,661.862,1186.597,3,4,compressed_ring_ar
1778542160.0711966,20,4,1.187298,109.59,620.625,1166.416,3,4,compressed_ring_ar
1778542161.2963328,20,5,1.027575,111.06,417.134,1151.276,3,4,compressed_ring_ar
1778542162.627729,20,6,1.032193,104.01,591.813,1229.557,3,4,compressed_ring_ar
1778542164.117374,20,7,1.077646,90.63,661.528,1405.649,3,4,compressed_ring_ar
1778542165.4651067,20,8,1.062197,99.08,133.723,1290.692,3,4,compressed_ring_ar
1778542166.8587797,20,9,1.139725,97.29,774.368,1312.976,3,4,compressed_ring_ar
1778542168.168903,20,10,1.142878,101.14,445.533,1264.308,3,4,compressed_ring_ar
1778542169.37653,20,11,0.963728,115.2,567.628,1110.132,3,4,compressed_ring_ar
1778542170.6462858,20,12,1.225346,108.74,681.596,1176.005,3,4,compressed_ring_ar
1778542171.9712896,20,13,1.048145,103.39,580.88,1236.839,3,4,compressed_ring_ar
1778542173.3462694,20,14,1.065528,98.23,716.383,1301.922,3,4,compressed_ring_ar
1778542174.7616155,20,15,1.129121,96.55,619.339,1324.397,3,4,compressed_ring_ar
1778542176.3011668,20,16,1.024214,86.31,367.257,1477.503,3,4,compressed_ring_ar
1778542177.4930966,20,17,1.015192,111.84,237.551,1143.25,3,4,compressed_ring_ar
1778542178.9525764,20,18,1.176628,94.01,658.223,1354.512,3,4,compressed_ring_ar
1778542180.0962412,20,19,1.071431,116.05,217.082,1102.052,3,4,compressed_ring_ar
1778542181.3047156,20,20,0.969613,113.91,593.255,1122.572,3,4,compressed_ring_ar
1778542182.7497876,20,21,0.930386,93.8,707.688,1363.4,3,4,compressed_ring_ar
1778542184.2963736,20,22,1.125174,87.49,830.175,1461.682,3,4,compressed_ring_ar
1778542185.5405757,20,23,1.089276,108.57,159.833,1176.568,3,4,compressed_ring_ar
1778542186.8974137,20,24,1.10143,98.27,518.118,1301.327,3,4,compressed_ring_ar
1778542188.11009,20,25,1.237732,114.29,565.974,1118.665,3,4,compressed_ring_ar
1778542189.496678,20,26,1.098033,97.39,718.031,1312.693,3,4,compressed_ring_ar
1778542190.9907625,20,27,1.029513,87.79,409.856,1455.777,3,4,compressed_ring_ar
1778542192.499744,20,28,1.085645,89.11,582.399,1435.051,3,4,compressed_ring_ar
1778542194.1265297,20,29,1.103222,80.62,311.607,1586.436,3,4,compressed_ring_ar
1778542195.485705,20,30,1.068232,98.42,216.516,1299.18,3,4,compressed_ring_ar
1778542196.8304012,20,31,1.185039,99.35,175.203,1287.117,3,4,compressed_ring_ar
1778542198.253221,20,32,1.044555,95.31,738.409,1342.179,3,4,compressed_ring_ar
1778542199.7821393,20,33,1.229908,90.41,797.935,1411.482,3,4,compressed_ring_ar
1778542201.2415636,20,34,1.296966,93.33,766.026,1369.204,3,4,compressed_ring_ar
1778542202.631687,20,35,1.161115,94.54,365.58,1352.429,3,4,compressed_ring_ar
1778542203.926006,20,36,1.045887,102.46,146.67,1248.144,3,4,compressed_ring_ar
1778542205.2192845,20,37,0.931821,105.51,524.804,1212.79,3,4,compressed_ring_ar
1778542206.50683,20,38,1.276029,106.29,602.621,1201.805,3,4,compressed_ring_ar
1778542207.8130915,20,39,1.127057,101.12,446.402,1264.609,3,4,compressed_ring_ar
1778542209.2520008,20,40,1.154275,94.34,712.982,1353.747,3,4,compressed_ring_ar
1778542210.703988,20,41,0.943696,91.09,340.224,1403.853,3,4,compressed_ring_ar
1778542212.070777,20,42,1.059709,97.21,351.965,1315.302,3,4,compressed_ring_ar
1778542213.543152,20,43,0.948058,90.45,167.667,1413.935,3,4,compressed_ring_ar
1778542214.7977912,20,44,0.994766,113.54,554.861,1126.019,3,4,compressed_ring_ar
1778542216.1795018,20,45,0.855703,100.73,743.369,1268.49,3,4,compressed_ring_ar
1778542217.4510078,20,46,1.200263,103.8,532.11,1232.099,3,4,compressed_ring_ar
1778542218.739698,20,47,1.179876,106.69,589.942,1198.489,3,4,compressed_ring_ar
1778542220.0779812,20,48,1.159183,102.41,670.983,1248.455,3,4,compressed_ring_ar
1778542221.3228972,20,49,1.033384,109.31,645.66,1170.587,3,4,compressed_ring_ar
1778542222.6611948,20,50,0.998956,102.46,573.796,1247.891,3,4,compressed_ring_ar
1778542223.9551148,20,51,1.173676,102.21,166.811,1250.012,3,4,compressed_ring_ar
1778542225.1528764,20,52,1.064906,112.49,344.298,1137.166,3,4,compressed_ring_ar
1778542226.4031925,20,53,1.047169,110.53,633.131,1157.057,3,4,compressed_ring_ar
1778542227.717587,20,54,0.986582,105.83,657.98,1208.612,3,4,compressed_ring_ar
1778542229.1672485,20,55,1.086172,93.44,612.384,1368.624,3,4,compressed_ring_ar
1778542230.4257863,20,56,0.990423,107.94,575.964,1184.546,3,4,compressed_ring_ar
1778542231.816251,20,57,1.164885,98.37,732.866,1300.051,3,4,compressed_ring_ar
1778542233.2524443,20,58,1.190095,93.61,747.382,1366.021,3,4,compressed_ring_ar
1778542234.511264,20,59,0.949738,105.13,170.81,1216.597,3,4,compressed_ring_ar
1778542235.9031537,20,60,1.224389,97.83,524.753,1307.245,3,4,compressed_ring_ar
1778542237.183166,20,61,1.197762,105.34,642.78,1213.932,3,4,compressed_ring_ar
1778542238.4124646,20,62,1.118936,110.69,496.759,1155.267,3,4,compressed_ring_ar
1778542239.9314442,20,63,1.117081,89.19,927.182,1434.272,3,4,compressed_ring_ar
1778542241.1901248,20,64,1.081535,106.11,623.799,1205.061,3,4,compressed_ring_ar
1778542242.6119075,20,65,0.96737,95.15,645.511,1344.503,3,4,compressed_ring_ar
1778542243.9901066,20,66,1.116284,99.18,621.508,1289.379,3,4,compressed_ring_ar
1778542245.3591917,20,67,1.112571,98.63,580.017,1296.406,3,4,compressed_ring_ar
1778542246.742081,20,68,1.096841,95.39,134.523,1339.199,3,4,compressed_ring_ar
1778542248.049149,20,69,1.000175,100.66,519.739,1270.775,3,4,compressed_ring_ar
1778542249.456988,20,70,1.01021,96.87,511.564,1320.121,3,4,compressed_ring_ar
1778542251.0163593,20,71,0.910261,85.82,843.781,1489.149,3,4,compressed_ring_ar
1778542252.446638,20,72,1.24244,92.78,302.619,1376.593,3,4,compressed_ring_ar
1778542253.6968908,20,73,1.01275,107.39,225.039,1190.801,3,4,compressed_ring_ar
1778542254.9938555,20,74,0.975523,106.59,647.533,1199.763,3,4,compressed_ring_ar
1778542256.3975742,20,75,1.091616,95.78,674.757,1335.295,3,4,compressed_ring_ar
1778542257.621581,20,76,1.161497,111.86,618.961,1143.334,3,4,compressed_ring_ar
1778542258.9215088,20,77,1.086582,105.85,682.087,1208.011,3,4,compressed_ring_ar
1778542260.240843,20,78,1.124769,102.91,510.427,1242.627,3,4,compressed_ring_ar
1778542261.6394362,20,79,1.021917,96.18,645.207,1327.358,3,4,compressed_ring_ar
1778542262.8671267,20,80,1.091699,111.31,130.274,1148.939,3,4,compressed_ring_ar
1778542264.2852523,20,81,1.057499,97.15,524.274,1316.383,3,4,compressed_ring_ar
1778542265.8041122,20,82,1.157467,89.2,650.871,1433.685,3,4,compressed_ring_ar
1778542267.150256,20,83,1.114532,99.71,200.627,1282.555,3,4,compressed_ring_ar
1778542268.3483093,20,84,1.167203,111.79,163.609,1143.898,3,4,compressed_ring_ar
1778542269.5602605,20,85,1.042451,113.55,594.773,1126.208,3,4,compressed_ring_ar
1778542270.8175628,20,86,1.045002,110.9,424.601,1152.027,3,4,compressed_ring_ar
1778542272.0645823,20,87,1.13615,107.44,624.319,1190.154,3,4,compressed_ring_ar
1778542273.4142368,20,88,1.116932,101.19,767.798,1263.836,3,4,compressed_ring_ar
1778542274.888315,20,89,1.081924,96.2,754.703,1329.59,3,4,compressed_ring_ar
1778542276.1120472,20,90,1.064705,112.12,651.746,1140.414,3,4,compressed_ring_ar
1778542277.6469874,20,91,0.929757,87.68,877.862,1458.559,3,4,compressed_ring_ar
1778542279.0684476,20,92,0.914061,93.15,287.995,1371.562,3,4,compressed_ring_ar
1778542280.4623485,20,93,0.981406,94.43,553.334,1354.176,3,4,compressed_ring_ar
1778542281.7305357,20,94,1.039582,104.18,289.459,1227.683,3,4,compressed_ring_ar
1778542282.987773,20,95,1.00386,107.49,691.409,1189.76,3,4,compressed_ring_ar
1778542284.3453784,20,96,1.141414,101.43,638.406,1257.258,3,4,compressed_ring_ar
1778542285.472621,20,97,1.073499,77.13,261.937,1087.227,3,4,compressed_ring_ar
