timestamp,epoch,iteration,loss,throughput_samp_s,comm_latency_ms,iter_time_ms,rank,world_size,arch
1778545150.0424106,1,0,2.396962,83.85,191.643,1526.322,0,4,compressed_ring_ar
1778545151.698276,1,1,2.339894,80.32,249.35,1593.001,0,4,compressed_ring_ar
1778545153.1426032,1,2,2.269366,91.07,330.888,1404.436,0,4,compressed_ring_ar
1778545154.6316023,1,3,2.30716,89.23,226.072,1433.163,0,4,compressed_ring_ar
1778545156.1640406,1,4,2.256072,85.71,255.149,1488.617,0,4,compressed_ring_ar
1778545157.6045215,1,5,2.298335,92.04,355.322,1388.496,0,4,compressed_ring_ar
1778545158.9839385,1,6,2.314466,96.28,183.126,1329.239,0,4,compressed_ring_ar
1778545160.4474857,1,7,2.29845,92.09,634.371,1389.364,0,4,compressed_ring_ar
1778545162.0510118,1,8,2.228801,83.45,612.228,1532.699,0,4,compressed_ring_ar
1778545163.3642054,1,9,2.234189,101.48,177.091,1258.848,0,4,compressed_ring_ar
1778545164.7583964,1,10,2.204417,94.97,518.314,1343.518,0,4,compressed_ring_ar
1778545166.2307854,1,11,2.189008,89.7,226.642,1425.662,0,4,compressed_ring_ar
1778545167.6021063,1,12,2.210303,96.7,198.48,1322.318,0,4,compressed_ring_ar
1778545168.967931,1,13,2.223955,96.57,215.997,1322.755,0,4,compressed_ring_ar
1778545170.496425,1,14,2.169895,86.42,416.555,1479.741,0,4,compressed_ring_ar
1778545171.8614058,1,15,2.181457,97.75,177.848,1304.463,0,4,compressed_ring_ar
1778545173.5233026,1,16,2.171383,79.22,202.645,1613.263,0,4,compressed_ring_ar
1778545174.821012,1,17,2.220079,103.44,183.203,1233.588,0,4,compressed_ring_ar
1778545176.325508,1,18,2.218459,87.99,304.26,1452.081,0,4,compressed_ring_ar
1778545177.6145625,1,19,2.078783,102.89,392.396,1242.901,0,4,compressed_ring_ar
1778545179.161596,1,20,2.022087,85.57,751.461,1493.099,0,4,compressed_ring_ar
1778545180.6502066,1,21,2.100683,89.41,303.382,1429.321,0,4,compressed_ring_ar
1778545181.958135,1,22,2.150917,101.79,184.16,1254.597,0,4,compressed_ring_ar
1778545183.734162,1,23,1.917434,74.05,259.512,1726.429,0,4,compressed_ring_ar
1778545185.2641554,1,24,2.034037,88.53,663.483,1442.754,0,4,compressed_ring_ar
1778545186.796002,1,25,2.0548,86.43,578.3,1477.952,0,4,compressed_ring_ar
1778545188.2035758,1,26,2.017376,93.99,388.934,1360.815,0,4,compressed_ring_ar
1778545189.6186855,1,27,2.192024,93.56,345.687,1365.984,0,4,compressed_ring_ar
1778545191.2023103,1,28,2.087456,83.59,741.8,1526.929,0,4,compressed_ring_ar
1778545192.6279614,1,29,1.995514,92.5,290.048,1382.428,0,4,compressed_ring_ar
1778545194.0233252,1,30,2.111089,94.99,187.599,1340.91,0,4,compressed_ring_ar
1778545195.6053634,1,31,1.910503,83.51,249.14,1529.589,0,4,compressed_ring_ar
1778545197.0418174,1,32,1.913951,91.45,404.178,1395.448,0,4,compressed_ring_ar
1778545198.5023544,1,33,1.980217,90.92,243.625,1406.369,0,4,compressed_ring_ar
1778545199.9271657,1,34,2.008489,92.82,210.087,1377.74,0,4,compressed_ring_ar
1778545201.3691688,1,35,1.965793,91.27,360.367,1401.017,0,4,compressed_ring_ar
1778545202.765134,1,36,1.979629,95.47,210.867,1337.674,0,4,compressed_ring_ar
1778545204.2282624,1,37,2.095326,91.02,162.932,1401.625,0,4,compressed_ring_ar
1778545205.700181,1,38,2.065396,89.75,207.899,1424.854,0,4,compressed_ring_ar
1778545207.1491313,1,39,2.0056,91.02,361.309,1404.059,0,4,compressed_ring_ar
1778545208.4851043,1,40,1.932645,98.85,266.147,1293.666,0,4,compressed_ring_ar
1778545209.8449364,1,41,1.86399,96.82,451.842,1320.668,0,4,compressed_ring_ar
1778545211.232373,1,42,1.904633,96.07,290.886,1331.021,0,4,compressed_ring_ar
1778545212.7259219,1,43,1.973007,88.19,185.639,1449.173,0,4,compressed_ring_ar
1778545214.1254923,1,44,2.045284,94.0,353.65,1355.295,0,4,compressed_ring_ar
1778545215.5972228,1,45,1.826236,89.42,172.696,1429.085,0,4,compressed_ring_ar
1778545216.991912,1,46,1.757643,94.66,414.257,1350.938,0,4,compressed_ring_ar
1778545218.3305635,1,47,1.896057,99.11,188.823,1290.195,0,4,compressed_ring_ar
1778545219.903913,1,48,1.864209,83.84,268.158,1524.459,0,4,compressed_ring_ar
1778545221.2883978,1,49,1.855726,95.86,287.045,1330.296,0,4,compressed_ring_ar
1778545222.5670605,1,50,1.914486,103.81,201.196,1231.644,0,4,compressed_ring_ar
1778545223.8379247,1,51,1.832397,104.93,190.161,1218.684,0,4,compressed_ring_ar
1778545225.145391,1,52,1.79542,100.55,420.135,1270.74,0,4,compressed_ring_ar
1778545226.50196,1,53,1.811059,97.74,377.799,1307.799,0,4,compressed_ring_ar
1778545228.0444455,1,54,1.770653,85.85,289.854,1489.568,0,4,compressed_ring_ar
1778545229.4521856,1,55,1.88482,93.64,187.513,1365.467,0,4,compressed_ring_ar
1778545230.9354954,1,56,1.984041,89.18,202.876,1430.458,0,4,compressed_ring_ar
1778545232.23194,1,57,1.690758,102.3,215.001,1250.035,0,4,compressed_ring_ar
1778545233.5222692,1,58,1.647846,102.93,165.589,1240.247,0,4,compressed_ring_ar
1778545234.9556005,1,59,1.86377,92.47,627.301,1379.903,0,4,compressed_ring_ar
1778545236.351615,1,60,1.926872,95.02,213.676,1346.022,0,4,compressed_ring_ar
1778545237.7398806,1,61,1.669206,95.8,687.656,1334.033,0,4,compressed_ring_ar
1778545239.3452444,1,62,1.722257,82.75,722.744,1544.619,0,4,compressed_ring_ar
1778545240.715019,1,63,1.810536,96.6,184.902,1322.944,0,4,compressed_ring_ar
1778545242.079556,1,64,1.694386,97.32,365.61,1313.228,0,4,compressed_ring_ar
1778545243.5935943,1,65,1.873763,86.67,476.321,1474.788,0,4,compressed_ring_ar
1778545244.9060273,1,66,1.701039,100.49,441.805,1270.933,0,4,compressed_ring_ar
1778545246.229515,1,67,1.802884,99.76,373.074,1281.633,0,4,compressed_ring_ar
1778545247.6029959,1,68,1.710271,97.13,246.264,1316.213,0,4,compressed_ring_ar
1778545248.9962416,1,69,1.744305,94.41,443.751,1354.284,0,4,compressed_ring_ar
1778545250.5131304,1,70,1.819071,86.77,514.585,1474.043,0,4,compressed_ring_ar
1778545252.0671742,1,71,1.800618,86.65,174.345,1475.273,0,4,compressed_ring_ar
1778545253.3865497,1,72,1.663947,100.61,427.044,1269.572,0,4,compressed_ring_ar
1778545254.6976686,1,73,1.530827,101.7,161.877,1257.39,0,4,compressed_ring_ar
1778545256.1051645,1,74,1.750935,96.77,690.171,1319.588,0,4,compressed_ring_ar
1778545257.5335166,1,75,1.712752,92.07,495.097,1388.189,0,4,compressed_ring_ar
1778545258.9256804,1,76,1.788729,95.13,443.641,1344.33,0,4,compressed_ring_ar
1778545260.3875935,1,77,1.761574,91.51,493.343,1397.314,0,4,compressed_ring_ar
1778545261.7572296,1,78,1.737247,96.16,447.041,1329.74,0,4,compressed_ring_ar
1778545263.0609186,1,79,1.84445,102.07,225.935,1250.862,0,4,compressed_ring_ar
1778545264.3881538,1,80,1.668016,99.38,676.437,1285.255,0,4,compressed_ring_ar
1778545265.8483694,1,81,1.732475,90.22,657.301,1415.746,0,4,compressed_ring_ar
1778545267.2121172,1,82,1.711901,97.82,199.79,1307.013,0,4,compressed_ring_ar
1778545268.6102095,1,83,1.758765,95.33,274.705,1341.87,0,4,compressed_ring_ar
1778545270.1954987,1,84,1.75432,83.93,756.255,1523.874,0,4,compressed_ring_ar
1778545271.6161125,1,85,1.715904,92.67,405.712,1378.784,0,4,compressed_ring_ar
1778545273.0079558,1,86,1.800637,95.24,451.058,1341.604,0,4,compressed_ring_ar
1778545274.3856578,1,87,1.661926,96.17,168.405,1328.694,0,4,compressed_ring_ar
1778545275.804864,1,88,1.8631,93.69,225.667,1364.84,0,4,compressed_ring_ar
1778545277.503756,1,89,1.722528,77.65,840.418,1646.259,0,4,compressed_ring_ar
1778545279.020008,1,90,1.657487,88.5,424.933,1443.354,0,4,compressed_ring_ar
1778545280.3594747,1,91,1.662992,99.03,390.233,1288.44,0,4,compressed_ring_ar
1778545281.7535663,1,92,1.590914,94.53,181.253,1348.882,0,4,compressed_ring_ar
1778545283.207844,1,93,1.762108,91.36,327.019,1399.27,0,4,compressed_ring_ar
1778545284.5248067,1,94,1.776885,100.14,225.933,1276.553,0,4,compressed_ring_ar
1778545285.9387276,1,95,1.69829,93.21,534.63,1370.755,0,4,compressed_ring_ar
1778545287.3987663,1,96,1.630077,90.97,468.132,1405.66,0,4,compressed_ring_ar
1778545288.7182417,1,97,1.552295,65.71,181.159,1274.298,0,4,compressed_ring_ar
1778545300.4855037,2,0,1.658253,86.22,207.056,1483.269,0,4,compressed_ring_ar
1778545301.864329,2,1,1.673514,97.15,253.236,1314.848,0,4,compressed_ring_ar
1778545303.1808622,2,2,1.630952,101.85,149.757,1256.126,0,4,compressed_ring_ar
1778545304.4306612,2,3,1.651483,110.83,638.732,1153.96,0,4,compressed_ring_ar
1778545305.7238762,2,4,1.658601,104.44,690.796,1224.32,0,4,compressed_ring_ar
1778545307.0087934,2,5,1.560994,104.54,649.505,1223.763,0,4,compressed_ring_ar
1778545308.5421276,2,6,1.600593,89.89,759.787,1422.887,0,4,compressed_ring_ar
1778545309.7781272,2,7,1.548211,110.65,638.43,1154.111,0,4,compressed_ring_ar
1778545311.223666,2,8,1.686432,91.52,183.847,1396.098,0,4,compressed_ring_ar
1778545312.5188668,2,9,1.605868,103.98,336.905,1229.677,0,4,compressed_ring_ar
1778545314.0065107,2,10,1.825757,89.64,333.391,1426.371,0,4,compressed_ring_ar
1778545315.3276265,2,11,1.687292,100.98,424.598,1265.493,0,4,compressed_ring_ar
1778545316.676846,2,12,1.737324,100.07,408.792,1277.285,0,4,compressed_ring_ar
1778545317.9692657,2,13,1.667917,102.51,389.766,1247.416,0,4,compressed_ring_ar
1778545319.1764622,2,14,1.717807,110.89,420.281,1153.35,0,4,compressed_ring_ar
1778545320.5802941,2,15,1.658859,97.61,712.688,1310.212,0,4,compressed_ring_ar
1778545321.9412208,2,16,1.55336,98.98,324.778,1292.103,0,4,compressed_ring_ar
1778545323.2795353,2,17,1.742234,100.42,415.945,1273.342,0,4,compressed_ring_ar
1778545324.638095,2,18,1.541831,98.15,418.453,1303.0,0,4,compressed_ring_ar
1778545325.911662,2,19,1.607975,105.23,250.566,1215.24,0,4,compressed_ring_ar
1778545327.1355143,2,20,1.719097,111.81,583.243,1143.576,0,4,compressed_ring_ar
1778545328.4467454,2,21,1.684568,103.46,662.489,1236.078,0,4,compressed_ring_ar
1778545329.767833,2,22,1.707172,103.03,559.954,1240.918,0,4,compressed_ring_ar
1778545331.0456364,2,23,1.687579,104.61,467.141,1222.46,0,4,compressed_ring_ar
1778545332.4097946,2,24,1.607613,99.08,644.959,1287.306,0,4,compressed_ring_ar
1778545333.6992562,2,25,1.776603,102.7,218.947,1245.964,0,4,compressed_ring_ar
1778545335.191782,2,26,1.71072,90.73,450.181,1406.541,0,4,compressed_ring_ar
1778545336.5837615,2,27,1.562978,97.89,145.963,1305.064,0,4,compressed_ring_ar
1778545337.9155755,2,28,1.63764,99.83,440.596,1279.811,0,4,compressed_ring_ar
1778545339.1813724,2,29,1.723853,104.71,282.471,1221.314,0,4,compressed_ring_ar
1778545340.3706775,2,30,1.488362,112.91,401.854,1133.408,0,4,compressed_ring_ar
1778545341.6330864,2,31,1.63151,108.6,545.526,1177.432,0,4,compressed_ring_ar
1778545343.1078362,2,32,1.757217,91.37,520.841,1395.365,0,4,compressed_ring_ar
1778545344.5137742,2,33,1.487637,95.0,219.989,1340.303,0,4,compressed_ring_ar
1778545345.642081,2,34,1.667704,117.78,151.156,1085.578,0,4,compressed_ring_ar
1778545347.018598,2,35,1.676159,97.58,175.392,1307.076,0,4,compressed_ring_ar
1778545348.3698967,2,36,1.667877,99.42,434.68,1285.019,0,4,compressed_ring_ar
1778545349.5698934,2,37,1.546055,113.56,351.765,1121.113,0,4,compressed_ring_ar
1778545350.8253703,2,38,1.665686,106.17,203.418,1198.225,0,4,compressed_ring_ar
1778545351.9588053,2,39,1.63425,117.67,163.607,1085.099,0,4,compressed_ring_ar
1778545353.339407,2,40,1.744532,96.81,426.378,1320.903,0,4,compressed_ring_ar
1778545354.788288,2,41,1.653519,90.73,377.726,1406.36,0,4,compressed_ring_ar
1778545356.2354643,2,42,1.609788,90.92,319.575,1406.806,0,4,compressed_ring_ar
1778545357.6768775,2,43,1.64595,91.51,318.988,1397.033,0,4,compressed_ring_ar
1778545359.0556536,2,44,1.609209,96.04,354.709,1324.77,0,4,compressed_ring_ar
1778545360.3751767,2,45,1.576844,99.98,197.51,1277.932,0,4,compressed_ring_ar
1778545361.5899353,2,46,1.447027,111.15,376.536,1150.394,0,4,compressed_ring_ar
1778545362.8175137,2,47,1.604667,109.97,371.217,1162.87,0,4,compressed_ring_ar
1778545364.1453907,2,48,1.655948,102.08,624.194,1252.685,0,4,compressed_ring_ar
1778545365.4777262,2,49,1.590237,101.31,475.316,1260.938,0,4,compressed_ring_ar
1778545366.8419304,2,50,1.493825,97.1,273.065,1316.007,0,4,compressed_ring_ar
1778545368.6344364,2,51,1.61267,73.78,485.679,1733.636,0,4,compressed_ring_ar
1778545369.907194,2,52,1.550836,104.96,152.665,1218.408,0,4,compressed_ring_ar
1778545371.2805352,2,53,1.620192,97.21,460.154,1315.383,0,4,compressed_ring_ar
1778545372.4280088,2,54,1.629755,116.25,173.257,1099.807,0,4,compressed_ring_ar
1778545373.6758225,2,55,1.593029,109.57,460.498,1167.004,0,4,compressed_ring_ar
1778545374.8652442,2,56,1.438989,114.53,613.783,1117.016,0,4,compressed_ring_ar
1778545376.2509558,2,57,1.543118,97.91,637.834,1305.998,0,4,compressed_ring_ar
1778545377.547898,2,58,1.714724,103.12,315.234,1239.118,0,4,compressed_ring_ar
1778545378.851546,2,59,1.581297,103.94,418.206,1228.551,0,4,compressed_ring_ar
1778545380.3030648,2,60,1.557863,91.97,731.099,1388.927,0,4,compressed_ring_ar
1778545381.5273974,2,61,1.511902,108.98,302.394,1173.271,0,4,compressed_ring_ar
1778545382.8337789,2,62,1.610579,102.18,549.402,1247.619,0,4,compressed_ring_ar
1778545384.133002,2,63,1.608683,103.13,207.722,1239.896,0,4,compressed_ring_ar
1778545385.4008777,2,64,1.599511,108.36,629.946,1180.221,0,4,compressed_ring_ar
1778545386.7344146,2,65,1.663427,102.67,647.057,1245.336,0,4,compressed_ring_ar
1778545388.0312583,2,66,1.628818,103.56,341.651,1234.735,0,4,compressed_ring_ar
1778545389.4036334,2,67,1.468685,97.35,674.314,1310.621,0,4,compressed_ring_ar
1778545391.066581,2,68,1.596908,80.48,625.094,1589.527,0,4,compressed_ring_ar
1778545392.2800674,2,69,1.593675,113.04,193.171,1131.217,0,4,compressed_ring_ar
1778545393.838533,2,70,1.650235,85.65,442.329,1487.399,0,4,compressed_ring_ar
1778545395.0460887,2,71,1.571632,110.98,167.684,1151.8,0,4,compressed_ring_ar
1778545396.4359124,2,72,1.526385,96.58,417.326,1324.301,0,4,compressed_ring_ar
1778545397.7814667,2,73,1.581217,102.84,387.93,1242.134,0,4,compressed_ring_ar
1778545399.0852406,2,74,1.661924,102.59,390.047,1246.511,0,4,compressed_ring_ar
1778545400.3022394,2,75,1.7101,110.31,200.226,1159.126,0,4,compressed_ring_ar
1778545401.575947,2,76,1.632553,106.39,588.45,1198.641,0,4,compressed_ring_ar
1778545402.7379766,2,77,1.608326,114.17,170.238,1118.559,0,4,compressed_ring_ar
1778545403.994449,2,78,1.635287,107.22,365.106,1191.885,0,4,compressed_ring_ar
1778545405.2417145,2,79,1.597822,107.39,299.123,1190.421,0,4,compressed_ring_ar
1778545406.4571047,2,80,1.683213,112.69,659.556,1135.304,0,4,compressed_ring_ar
1778545407.704171,2,81,1.508492,109.69,452.425,1165.67,0,4,compressed_ring_ar
1778545408.9300025,2,82,1.591975,110.66,232.122,1154.275,0,4,compressed_ring_ar
1778545410.1766744,2,83,1.42885,109.58,371.397,1166.74,0,4,compressed_ring_ar
1778545411.687652,2,84,1.592739,88.64,393.67,1441.371,0,4,compressed_ring_ar
1778545413.012997,2,85,1.593939,103.81,357.819,1230.919,0,4,compressed_ring_ar
1778545414.3356237,2,86,1.6324,100.6,413.61,1270.073,0,4,compressed_ring_ar
1778545415.5778832,2,87,1.64206,110.4,338.07,1157.784,0,4,compressed_ring_ar
1778545416.9493804,2,88,1.535,98.02,455.824,1303.688,0,4,compressed_ring_ar
1778545418.3470697,2,89,1.560942,96.78,487.322,1318.177,0,4,compressed_ring_ar
1778545419.6147852,2,90,1.59447,104.3,137.917,1224.748,0,4,compressed_ring_ar
1778545421.0449162,2,91,1.455223,92.74,197.197,1379.349,0,4,compressed_ring_ar
1778545422.4756756,2,92,1.756576,93.4,414.827,1368.588,0,4,compressed_ring_ar
1778545423.7596698,2,93,1.503693,103.97,302.102,1229.605,0,4,compressed_ring_ar
1778545425.13165,2,94,1.55342,97.83,551.398,1305.884,0,4,compressed_ring_ar
1778545426.504011,2,95,1.531193,98.93,532.791,1292.56,0,4,compressed_ring_ar
1778545428.0075674,2,96,1.695962,89.43,271.967,1424.081,0,4,compressed_ring_ar
1778545429.566192,2,97,1.44023,56.44,318.712,1481.318,0,4,compressed_ring_ar
1778545441.0443673,3,0,1.465308,93.03,331.558,1370.855,0,4,compressed_ring_ar
1778545442.3653204,3,1,1.452359,100.04,193.787,1271.141,0,4,compressed_ring_ar
1778545443.5912511,3,2,1.593586,108.02,291.461,1174.612,0,4,compressed_ring_ar
1778545444.9244115,3,3,1.676689,100.9,238.797,1267.134,0,4,compressed_ring_ar
1778545446.0615864,3,4,1.601566,119.34,141.137,1071.333,0,4,compressed_ring_ar
1778545447.424906,3,5,1.614622,98.21,303.733,1298.302,0,4,compressed_ring_ar
1778545448.6452491,3,6,1.484167,108.6,292.882,1174.187,0,4,compressed_ring_ar
1778545449.9188776,3,7,1.492056,103.63,266.474,1233.783,0,4,compressed_ring_ar
1778545451.4659448,3,8,1.345622,85.7,313.52,1487.789,0,4,compressed_ring_ar
1778545452.8137052,3,9,1.629122,99.41,216.634,1281.374,0,4,compressed_ring_ar
1778545454.1415267,3,10,1.53152,99.75,209.753,1278.506,0,4,compressed_ring_ar
1778545455.5214937,3,11,1.487959,95.92,259.301,1327.025,0,4,compressed_ring_ar
1778545456.6939974,3,12,1.669187,116.1,259.22,1098.085,0,4,compressed_ring_ar
1778545457.9353254,3,13,1.558671,106.73,349.041,1194.664,0,4,compressed_ring_ar
1778545459.1324763,3,14,1.522858,110.31,294.804,1157.913,0,4,compressed_ring_ar
1778545460.5610554,3,15,1.346494,94.02,370.974,1356.428,0,4,compressed_ring_ar
1778545461.7797985,3,16,1.478285,110.71,293.828,1149.308,0,4,compressed_ring_ar
1778545463.086828,3,17,1.700967,101.07,224.575,1261.816,0,4,compressed_ring_ar
1778545464.265316,3,18,1.524729,112.19,227.44,1139.369,0,4,compressed_ring_ar
1778545465.6540983,3,19,1.639535,95.23,361.952,1342.858,0,4,compressed_ring_ar
1778545467.0155704,3,20,1.448464,98.93,229.547,1292.511,0,4,compressed_ring_ar
1778545468.2641346,3,21,1.449265,107.98,221.753,1180.725,0,4,compressed_ring_ar
1778545469.7243433,3,22,1.512662,90.38,257.759,1414.324,0,4,compressed_ring_ar
1778545471.0561829,3,23,1.546201,102.56,463.648,1243.373,0,4,compressed_ring_ar
1778545472.3360229,3,24,1.664958,103.82,303.712,1228.115,0,4,compressed_ring_ar
1778545473.6353073,3,25,1.55872,102.05,194.661,1252.94,0,4,compressed_ring_ar
1778545474.9920025,3,26,1.540863,97.38,233.391,1309.66,0,4,compressed_ring_ar
1778545476.1354861,3,27,1.393609,115.95,162.355,1103.19,0,4,compressed_ring_ar
1778545477.471463,3,28,1.396258,102.58,704.027,1246.553,0,4,compressed_ring_ar
1778545478.865675,3,29,1.625353,95.72,356.485,1329.424,0,4,compressed_ring_ar
1778545480.2306263,3,30,1.561757,96.85,199.208,1317.753,0,4,compressed_ring_ar
1778545481.7216213,3,31,1.634637,88.28,225.135,1442.317,0,4,compressed_ring_ar
1778545483.1260455,3,32,1.747056,93.68,217.678,1361.464,0,4,compressed_ring_ar
1778545484.4112263,3,33,1.519406,103.04,218.109,1237.898,0,4,compressed_ring_ar
1778545485.7194564,3,34,1.432536,100.96,210.524,1266.754,0,4,compressed_ring_ar
1778545487.2400396,3,35,1.407126,88.16,224.252,1446.762,0,4,compressed_ring_ar
1778545488.6043355,3,36,1.479815,96.93,246.013,1315.959,0,4,compressed_ring_ar
1778545489.796183,3,37,1.404621,112.49,216.759,1137.129,0,4,compressed_ring_ar
1778545491.1383169,3,38,1.574727,101.44,684.069,1260.445,0,4,compressed_ring_ar
1778545492.437432,3,39,1.636614,102.98,271.44,1240.908,0,4,compressed_ring_ar
1778545493.9692664,3,40,1.466708,86.7,281.46,1470.618,0,4,compressed_ring_ar
1778545495.09842,3,41,1.502865,117.09,264.336,1092.233,0,4,compressed_ring_ar
1778545496.4496405,3,42,1.64087,100.83,733.769,1268.317,0,4,compressed_ring_ar
1778545497.8111057,3,43,1.482884,98.79,490.475,1290.489,0,4,compressed_ring_ar
1778545499.0569232,3,44,1.576169,106.67,196.878,1194.474,0,4,compressed_ring_ar
1778545500.3763578,3,45,1.613547,101.89,196.895,1251.755,0,4,compressed_ring_ar
1778545501.7246456,3,46,1.57892,98.89,191.561,1289.621,0,4,compressed_ring_ar
1778545502.9996393,3,47,1.454528,106.37,178.444,1201.185,0,4,compressed_ring_ar
1778545504.2916057,3,48,1.419296,102.56,197.371,1246.672,0,4,compressed_ring_ar
1778545505.5574362,3,49,1.580252,104.35,308.269,1223.688,0,4,compressed_ring_ar
1778545506.8368948,3,50,1.462041,103.42,290.494,1237.251,0,4,compressed_ring_ar
1778545508.1966178,3,51,1.432352,97.25,370.187,1311.715,0,4,compressed_ring_ar
1778545509.6236198,3,52,1.465958,92.11,215.013,1388.403,0,4,compressed_ring_ar
1778545511.0394757,3,53,1.538673,93.89,419.936,1357.95,0,4,compressed_ring_ar
1778545512.2067783,3,54,1.671833,113.4,440.616,1127.675,0,4,compressed_ring_ar
1778545513.4201763,3,55,1.414077,109.87,315.177,1163.773,0,4,compressed_ring_ar
1778545514.8611789,3,56,1.432164,93.54,806.987,1362.797,0,4,compressed_ring_ar
1778545516.3363502,3,57,1.261204,88.97,228.212,1433.545,0,4,compressed_ring_ar
1778545517.529066,3,58,1.575001,113.21,210.206,1122.707,0,4,compressed_ring_ar
1778545518.7438369,3,59,1.708611,110.97,216.1,1147.826,0,4,compressed_ring_ar
1778545520.099299,3,60,1.593645,97.46,243.857,1307.063,0,4,compressed_ring_ar
1778545521.3689928,3,61,1.359825,104.65,193.085,1218.745,0,4,compressed_ring_ar
1778545522.925073,3,62,1.51764,85.79,230.195,1487.061,0,4,compressed_ring_ar
1778545524.2038603,3,63,1.425207,104.52,308.782,1223.226,0,4,compressed_ring_ar
1778545525.4730148,3,64,1.625276,105.34,139.199,1213.769,0,4,compressed_ring_ar
1778545526.827574,3,65,1.580639,97.66,231.373,1306.578,0,4,compressed_ring_ar
1778545528.0976312,3,66,1.527899,103.68,198.949,1231.694,0,4,compressed_ring_ar
1778545529.5314188,3,67,1.539487,91.81,387.835,1389.203,0,4,compressed_ring_ar
1778545531.0272775,3,68,1.454678,87.85,245.655,1454.306,0,4,compressed_ring_ar
1778545532.4399972,3,69,1.636377,93.06,574.799,1369.765,0,4,compressed_ring_ar
1778545533.768163,3,70,1.393503,99.22,236.563,1288.719,0,4,compressed_ring_ar
1778545534.9267612,3,71,1.475847,115.93,240.31,1099.463,0,4,compressed_ring_ar
1778545536.101597,3,72,1.496354,113.84,234.926,1119.147,0,4,compressed_ring_ar
1778545537.6276283,3,73,1.44818,86.15,213.922,1480.906,0,4,compressed_ring_ar
1778545539.02117,3,74,1.39578,94.86,240.97,1343.988,0,4,compressed_ring_ar
1778545540.3270602,3,75,1.562046,101.35,224.453,1256.058,0,4,compressed_ring_ar
1778545541.6661296,3,76,1.704419,100.29,209.476,1275.059,0,4,compressed_ring_ar
1778545543.1952457,3,77,1.518553,86.12,225.348,1485.077,0,4,compressed_ring_ar
1778545544.520575,3,78,1.58506,99.47,376.676,1283.843,0,4,compressed_ring_ar
1778545545.836362,3,79,1.532211,101.32,386.291,1258.556,0,4,compressed_ring_ar
1778545547.09141,3,80,1.637737,105.4,209.281,1208.911,0,4,compressed_ring_ar
1778545548.3002675,3,81,1.566091,109.84,209.146,1163.855,0,4,compressed_ring_ar
1778545549.693014,3,82,1.4441,95.59,329.348,1334.033,0,4,compressed_ring_ar
1778545550.926846,3,83,1.493283,108.54,186.78,1174.721,0,4,compressed_ring_ar
1778545552.0909925,3,84,1.452319,116.45,197.217,1094.355,0,4,compressed_ring_ar
1778545553.4283493,3,85,1.416567,100.27,327.732,1274.301,0,4,compressed_ring_ar
1778545554.8091397,3,86,1.420458,96.44,204.177,1324.298,0,4,compressed_ring_ar
1778545556.1272218,3,87,1.440152,100.72,189.517,1264.509,0,4,compressed_ring_ar
1778545557.3962438,3,88,1.499082,104.29,285.958,1223.156,0,4,compressed_ring_ar
1778545558.6119752,3,89,1.60402,109.1,163.098,1170.953,0,4,compressed_ring_ar
1778545559.9413905,3,90,1.53409,99.45,386.245,1285.633,0,4,compressed_ring_ar
1778545561.399824,3,91,1.640304,90.22,243.211,1409.846,0,4,compressed_ring_ar
1778545562.5720873,3,92,1.440547,112.63,220.598,1131.876,0,4,compressed_ring_ar
1778545564.1302063,3,93,1.547799,84.49,334.412,1514.043,0,4,compressed_ring_ar
1778545565.38225,3,94,1.472781,109.12,205.91,1165.262,0,4,compressed_ring_ar
1778545566.4873168,3,95,1.599153,119.84,140.065,1066.733,0,4,compressed_ring_ar
1778545567.9373114,3,96,1.500934,92.91,602.704,1370.528,0,4,compressed_ring_ar
1778545569.0752416,3,97,1.570579,75.47,185.542,1103.88,0,4,compressed_ring_ar
1778545580.7343996,4,0,1.54763,86.75,388.708,1474.101,0,4,compressed_ring_ar
1778545581.9934123,4,1,1.477337,108.67,279.538,1170.808,0,4,compressed_ring_ar
1778545583.4191883,4,2,1.521847,92.11,269.05,1385.241,0,4,compressed_ring_ar
1778545585.018601,4,3,1.429141,86.87,257.101,1465.567,0,4,compressed_ring_ar
1778545586.4098072,4,4,1.445915,95.26,208.895,1339.226,0,4,compressed_ring_ar
1778545587.739831,4,5,1.410618,99.75,345.96,1278.874,0,4,compressed_ring_ar
1778545589.0928972,4,6,1.531604,97.45,392.991,1311.831,0,4,compressed_ring_ar
1778545590.513215,4,7,1.418553,93.08,211.919,1371.052,0,4,compressed_ring_ar
1778545591.8558607,4,8,1.470126,98.15,302.376,1299.988,0,4,compressed_ring_ar
1778545593.05213,4,9,1.556888,110.54,132.67,1156.907,0,4,compressed_ring_ar
1778545594.456339,4,10,1.411791,96.08,628.378,1330.226,0,4,compressed_ring_ar
1778545595.7733493,4,11,1.506192,104.42,366.569,1218.42,0,4,compressed_ring_ar
1778545596.9602199,4,12,1.431639,111.64,204.857,1141.386,0,4,compressed_ring_ar
1778545598.1947837,4,13,1.610098,107.86,197.731,1182.219,0,4,compressed_ring_ar
1778545599.4425874,4,14,1.475941,105.85,191.703,1204.182,0,4,compressed_ring_ar
1778545600.7338612,4,15,1.437629,102.56,207.643,1241.189,0,4,compressed_ring_ar
1778545602.0430605,4,16,1.525342,102.71,223.77,1239.892,0,4,compressed_ring_ar
1778545603.4120653,4,17,1.434783,96.26,199.42,1324.691,0,4,compressed_ring_ar
1778545604.5465398,4,18,1.575052,119.23,342.76,1069.287,0,4,compressed_ring_ar
1778545605.9234376,4,19,1.62987,95.52,214.684,1334.234,0,4,compressed_ring_ar
1778545607.2684395,4,20,1.533953,98.04,200.693,1303.21,0,4,compressed_ring_ar
1778545608.7926705,4,21,1.571163,86.33,233.096,1481.264,0,4,compressed_ring_ar
1778545610.2397842,4,22,1.488454,91.68,220.491,1389.172,0,4,compressed_ring_ar
1778545611.606161,4,23,1.517023,96.69,226.636,1318.59,0,4,compressed_ring_ar
1778545612.9298673,4,24,1.694163,99.69,213.6,1279.855,0,4,compressed_ring_ar
1778545614.188783,4,25,1.450567,106.8,206.332,1196.295,0,4,compressed_ring_ar
1778545615.5239549,4,26,1.38209,99.17,251.829,1288.731,0,4,compressed_ring_ar
1778545617.0311103,4,27,1.521311,87.6,306.732,1458.873,0,4,compressed_ring_ar
1778545618.3135493,4,28,1.536345,105.27,354.587,1208.231,0,4,compressed_ring_ar
1778545619.6813147,4,29,1.539431,96.16,189.238,1328.781,0,4,compressed_ring_ar
1778545621.153822,4,30,1.441159,90.48,216.04,1410.187,0,4,compressed_ring_ar
1778545622.316502,4,31,1.409026,114.36,190.55,1117.998,0,4,compressed_ring_ar
1778545623.6394284,4,32,1.431401,100.84,262.628,1264.24,0,4,compressed_ring_ar
1778545624.877912,4,33,1.350365,107.8,259.827,1180.964,0,4,compressed_ring_ar
1778545626.1855261,4,34,1.286925,100.98,391.046,1266.21,0,4,compressed_ring_ar
1778545627.5420818,4,35,1.554997,97.52,200.53,1306.086,0,4,compressed_ring_ar
1778545628.8517675,4,36,1.5436,100.53,308.184,1267.668,0,4,compressed_ring_ar
1778545630.125508,4,37,1.422739,103.74,222.966,1232.535,0,4,compressed_ring_ar
1778545631.5485315,4,38,1.581877,93.04,258.705,1368.146,0,4,compressed_ring_ar
1778545632.9124644,4,39,1.496699,96.63,215.415,1320.189,0,4,compressed_ring_ar
1778545634.2386365,4,40,1.554287,99.58,211.327,1280.755,0,4,compressed_ring_ar
1778545635.3967428,4,41,1.521639,118.15,201.271,1081.416,0,4,compressed_ring_ar
1778545636.6918635,4,42,1.628459,102.47,235.29,1244.065,0,4,compressed_ring_ar
1778545638.0593226,4,43,1.486322,96.55,285.09,1323.375,0,4,compressed_ring_ar
1778545639.3697035,4,44,1.432327,100.89,251.828,1264.051,0,4,compressed_ring_ar
1778545640.6858187,4,45,1.459915,101.46,228.508,1260.335,0,4,compressed_ring_ar
1778545641.9894958,4,46,1.33283,103.11,295.658,1236.213,0,4,compressed_ring_ar
1778545643.3008707,4,47,1.544725,101.59,222.549,1252.748,0,4,compressed_ring_ar
1778545644.577549,4,48,1.496313,103.68,216.233,1233.291,0,4,compressed_ring_ar
1778545645.8433259,4,49,1.704825,104.67,245.577,1220.668,0,4,compressed_ring_ar
1778545647.485241,4,50,1.570919,80.33,498.666,1591.324,0,4,compressed_ring_ar
1778545648.9021847,4,51,1.471769,94.73,206.946,1345.796,0,4,compressed_ring_ar
1778545650.2740707,4,52,1.513918,95.76,381.571,1332.026,0,4,compressed_ring_ar
1778545651.6155202,4,53,1.306907,101.78,401.59,1251.965,0,4,compressed_ring_ar
1778545652.9419925,4,54,1.538635,99.51,196.225,1285.085,0,4,compressed_ring_ar
1778545654.245078,4,55,1.417622,101.94,210.176,1249.319,0,4,compressed_ring_ar
1778545655.4880772,4,56,1.3826,106.92,203.388,1195.142,0,4,compressed_ring_ar
1778545656.7973049,4,57,1.490505,101.49,203.55,1255.195,0,4,compressed_ring_ar
1778545658.0069385,4,58,1.522553,109.69,242.175,1162.315,0,4,compressed_ring_ar
1778545659.1966825,4,59,1.575438,111.2,391.422,1146.627,0,4,compressed_ring_ar
1778545660.4243813,4,60,1.396594,107.32,313.179,1190.994,0,4,compressed_ring_ar
1778545661.8399513,4,61,1.438961,94.26,176.777,1356.706,0,4,compressed_ring_ar
1778545663.2132154,4,62,1.585522,98.04,682.821,1299.704,0,4,compressed_ring_ar
1778545664.5395062,4,63,1.56439,99.21,328.05,1283.414,0,4,compressed_ring_ar
1778545665.894067,4,64,1.386392,97.32,203.248,1313.673,0,4,compressed_ring_ar
1778545667.237825,4,65,1.378947,98.55,518.045,1293.98,0,4,compressed_ring_ar
1778545668.5762281,4,66,1.518325,98.62,351.911,1294.287,0,4,compressed_ring_ar
1778545669.9841692,4,67,1.464,93.67,300.846,1361.665,0,4,compressed_ring_ar
1778545671.2061365,4,68,1.48676,108.63,226.253,1172.352,0,4,compressed_ring_ar
1778545672.490086,4,69,1.610891,103.65,405.323,1232.407,0,4,compressed_ring_ar
1778545673.8080251,4,70,1.553638,100.75,337.19,1263.644,0,4,compressed_ring_ar
1778545675.0455496,4,71,1.4378,107.2,212.323,1189.56,0,4,compressed_ring_ar
1778545676.3775077,4,72,1.286725,99.64,216.093,1283.237,0,4,compressed_ring_ar
1778545677.570951,4,73,1.533075,113.14,266.769,1129.982,0,4,compressed_ring_ar
1778545678.932953,4,74,1.340573,97.11,318.415,1312.815,0,4,compressed_ring_ar
1778545680.2261784,4,75,1.574406,102.02,184.523,1247.75,0,4,compressed_ring_ar
1778545681.692051,4,76,1.476297,89.94,325.632,1422.043,0,4,compressed_ring_ar
1778545683.1255553,4,77,1.59645,93.59,261.507,1360.807,0,4,compressed_ring_ar
1778545684.4120624,4,78,1.243471,102.79,204.749,1243.818,0,4,compressed_ring_ar
1778545685.9125721,4,79,1.436362,88.11,188.746,1449.539,0,4,compressed_ring_ar
1778545687.3600528,4,80,1.534869,91.15,313.598,1399.331,0,4,compressed_ring_ar
1778545688.8027935,4,81,1.322521,92.02,209.111,1384.932,0,4,compressed_ring_ar
1778545690.0369978,4,82,1.56733,107.98,213.969,1184.495,0,4,compressed_ring_ar
1778545691.6420455,4,83,1.441448,81.85,186.51,1562.551,0,4,compressed_ring_ar
1778545692.9703944,4,84,1.458172,100.09,228.971,1277.498,0,4,compressed_ring_ar
1778545694.3735342,4,85,1.565186,94.21,199.999,1356.429,0,4,compressed_ring_ar
1778545695.7102022,4,86,1.401412,98.57,331.565,1295.866,0,4,compressed_ring_ar
1778545697.023534,4,87,1.291188,100.28,406.312,1273.841,0,4,compressed_ring_ar
1778545698.4270868,4,88,1.426994,94.19,551.037,1357.822,0,4,compressed_ring_ar
1778545699.8197389,4,89,1.355122,96.6,723.008,1320.481,0,4,compressed_ring_ar
1778545701.229754,4,90,1.353051,93.29,384.043,1370.669,0,4,compressed_ring_ar
1778545702.639357,4,91,1.539676,93.8,262.731,1361.21,0,4,compressed_ring_ar
1778545704.0060706,4,92,1.342564,96.26,436.5,1324.622,0,4,compressed_ring_ar
1778545705.420762,4,93,1.558514,93.27,209.572,1367.689,0,4,compressed_ring_ar
1778545706.8210466,4,94,1.36672,96.32,212.492,1323.742,0,4,compressed_ring_ar
1778545708.2330265,4,95,1.534158,93.26,378.182,1366.103,0,4,compressed_ring_ar
1778545709.413966,4,96,1.471553,112.67,282.314,1131.295,0,4,compressed_ring_ar
1778545710.479654,4,97,1.748019,81.09,282.815,1031.84,0,4,compressed_ring_ar
1778545722.5453322,5,0,1.324367,79.26,209.893,1608.778,0,4,compressed_ring_ar
1778545723.925566,5,1,1.348854,96.26,192.281,1328.55,0,4,compressed_ring_ar
1778545725.291831,5,2,1.340966,96.99,208.634,1314.211,0,4,compressed_ring_ar
1778545726.6129663,5,3,1.451259,100.79,218.6,1268.859,0,4,compressed_ring_ar
1778545728.0067902,5,4,1.533861,95.63,211.774,1331.022,0,4,compressed_ring_ar
1778545729.2984195,5,5,1.445256,102.08,175.873,1251.817,0,4,compressed_ring_ar
1778545730.7833233,5,6,1.455693,90.5,700.248,1413.182,0,4,compressed_ring_ar
1778545732.2012303,5,7,1.576026,93.73,219.934,1364.35,0,4,compressed_ring_ar
1778545733.604535,5,8,1.256193,94.81,363.23,1345.343,0,4,compressed_ring_ar
1778545734.8990824,5,9,1.502277,105.3,193.695,1210.004,0,4,compressed_ring_ar
1778545736.1693861,5,10,1.485745,103.8,329.799,1224.024,0,4,compressed_ring_ar
1778545737.5026171,5,11,1.474986,98.6,262.336,1291.535,0,4,compressed_ring_ar
1778545738.771589,5,12,1.297268,103.88,232.972,1227.185,0,4,compressed_ring_ar
1778545740.1042824,5,13,1.417733,98.93,204.09,1292.515,0,4,compressed_ring_ar
1778545741.3478801,5,14,1.406685,110.74,228.766,1149.006,0,4,compressed_ring_ar
1778545742.5298784,5,15,1.431172,115.73,197.58,1104.575,0,4,compressed_ring_ar
1778545743.9828873,5,16,1.331202,90.98,237.767,1402.301,0,4,compressed_ring_ar
1778545745.1569216,5,17,1.429052,114.85,280.817,1112.624,0,4,compressed_ring_ar
1778545746.7032993,5,18,1.353451,86.21,200.859,1480.018,0,4,compressed_ring_ar
1778545748.0850086,5,19,1.482252,95.68,199.529,1335.47,0,4,compressed_ring_ar
1778545749.528006,5,20,1.300338,92.62,524.721,1377.275,0,4,compressed_ring_ar
1778545750.6888516,5,21,1.545807,114.28,233.456,1117.612,0,4,compressed_ring_ar
1778545752.0206761,5,22,1.373152,99.41,245.625,1283.159,0,4,compressed_ring_ar
1778545753.315676,5,23,1.310603,102.98,140.506,1240.449,0,4,compressed_ring_ar
1778545754.7548382,5,24,1.488569,94.46,228.331,1350.269,0,4,compressed_ring_ar
1778545755.997292,5,25,1.306555,106.73,272.302,1192.385,0,4,compressed_ring_ar
1778545757.28966,5,26,1.331936,102.05,206.72,1249.796,0,4,compressed_ring_ar
1778545758.5615902,5,27,1.336171,103.92,156.501,1229.808,0,4,compressed_ring_ar
1778545759.8492496,5,28,1.453209,105.05,289.464,1213.504,0,4,compressed_ring_ar
1778545761.117625,5,29,1.384476,104.03,324.801,1224.859,0,4,compressed_ring_ar
1778545762.2488463,5,30,1.426654,117.13,167.649,1092.332,0,4,compressed_ring_ar
1778545763.632192,5,31,1.304201,97.41,713.397,1312.911,0,4,compressed_ring_ar
1778545765.0980036,5,32,1.475648,91.62,700.139,1394.562,0,4,compressed_ring_ar
1778545766.446639,5,33,1.249335,97.64,421.438,1309.63,0,4,compressed_ring_ar
1778545767.8931353,5,34,1.41324,91.68,218.551,1391.694,0,4,compressed_ring_ar
1778545769.1893666,5,35,1.25076,101.61,226.403,1255.39,0,4,compressed_ring_ar
1778545770.6525328,5,36,1.321687,91.76,354.755,1391.304,0,4,compressed_ring_ar
1778545771.981375,5,37,1.361056,100.28,212.477,1270.408,0,4,compressed_ring_ar
1778545773.3113806,5,38,1.180157,99.62,213.605,1280.187,0,4,compressed_ring_ar
1778545774.4569218,5,39,1.384968,115.47,171.597,1104.413,0,4,compressed_ring_ar
1778545775.8859053,5,40,1.410325,92.2,210.224,1383.818,0,4,compressed_ring_ar
1778545777.193484,5,41,1.317104,101.86,236.15,1255.279,0,4,compressed_ring_ar
1778545778.563759,5,42,1.481886,95.96,483.523,1332.271,0,4,compressed_ring_ar
1778545779.9314113,5,43,1.368568,96.31,235.4,1327.177,0,4,compressed_ring_ar
1778545781.2603617,5,44,1.289059,99.68,354.347,1281.783,0,4,compressed_ring_ar
1778545782.6567152,5,45,1.235361,94.22,374.123,1357.232,0,4,compressed_ring_ar
1778545784.0260668,5,46,1.451573,96.3,183.423,1326.727,0,4,compressed_ring_ar
1778545785.253544,5,47,1.450552,108.53,149.988,1178.289,0,4,compressed_ring_ar
1778545786.5915205,5,48,1.402089,101.52,308.441,1255.801,0,4,compressed_ring_ar
1778545787.8042753,5,49,1.297421,110.15,224.696,1156.727,0,4,compressed_ring_ar
1778545789.1173,5,50,1.60147,101.07,267.865,1259.967,0,4,compressed_ring_ar
1778545790.36498,5,51,1.367971,106.6,262.886,1198.305,0,4,compressed_ring_ar
1778545791.971073,5,52,1.339362,81.57,605.833,1564.631,0,4,compressed_ring_ar
1778545793.2695973,5,53,1.324058,103.33,210.011,1234.113,0,4,compressed_ring_ar
1778545794.5555923,5,54,1.254418,104.43,222.704,1216.527,0,4,compressed_ring_ar
1778545795.8017998,5,55,1.361737,106.27,218.758,1199.049,0,4,compressed_ring_ar
1778545797.0728014,5,56,1.463587,105.14,214.9,1211.143,0,4,compressed_ring_ar
1778545798.3503625,5,57,1.481409,103.35,334.177,1233.546,0,4,compressed_ring_ar
1778545799.623197,5,58,1.589964,104.88,194.771,1215.392,0,4,compressed_ring_ar
1778545800.9815726,5,59,1.467637,96.68,407.878,1322.902,0,4,compressed_ring_ar
1778545802.314559,5,60,1.51149,100.26,197.467,1275.505,0,4,compressed_ring_ar
1778545803.5852165,5,61,1.572068,105.38,261.61,1213.414,0,4,compressed_ring_ar
1778545804.827946,5,62,1.455539,109.4,181.41,1167.847,0,4,compressed_ring_ar
1778545806.2004855,5,63,1.384894,97.54,464.728,1308.045,0,4,compressed_ring_ar
1778545807.2807674,5,64,1.551505,126.06,237.033,1012.823,0,4,compressed_ring_ar
1778545808.6901162,5,65,1.46716,93.59,225.357,1363.101,0,4,compressed_ring_ar
1778545809.9879134,5,66,1.469715,102.42,206.618,1242.363,0,4,compressed_ring_ar
1778545811.2934408,5,67,1.460275,101.04,380.901,1260.866,0,4,compressed_ring_ar
1778545812.8227828,5,68,1.517995,86.02,239.742,1483.779,0,4,compressed_ring_ar
1778545814.1267915,5,69,1.43525,102.04,197.109,1251.124,0,4,compressed_ring_ar
1778545815.6454325,5,70,1.586462,86.63,238.686,1473.254,0,4,compressed_ring_ar
1778545816.9210358,5,71,1.455407,104.82,203.717,1219.795,0,4,compressed_ring_ar
1778545818.3451788,5,72,1.360503,93.45,235.506,1368.5,0,4,compressed_ring_ar
1778545819.7854118,5,73,1.409873,94.56,781.45,1352.336,0,4,compressed_ring_ar
1778545821.2455647,5,74,1.481552,90.0,435.883,1414.57,0,4,compressed_ring_ar
1778545822.5031974,5,75,1.455802,105.27,199.035,1211.686,0,4,compressed_ring_ar
1778545823.8627021,5,76,1.509604,96.49,333.092,1321.973,0,4,compressed_ring_ar
1778545825.1643326,5,77,1.45428,102.32,209.383,1243.834,0,4,compressed_ring_ar
1778545826.4432306,5,78,1.408395,103.09,225.12,1240.222,0,4,compressed_ring_ar
1778545827.6272318,5,79,1.342529,113.96,350.558,1117.263,0,4,compressed_ring_ar
1778545828.8702087,5,80,1.359588,106.87,241.333,1196.378,0,4,compressed_ring_ar
1778545830.3074467,5,81,1.458007,91.51,474.909,1396.505,0,4,compressed_ring_ar
1778545831.7451742,5,82,1.551556,93.21,384.62,1368.091,0,4,compressed_ring_ar
1778545833.0851963,5,83,1.471731,98.48,222.827,1295.489,0,4,compressed_ring_ar
1778545834.3027816,5,84,1.494131,108.51,294.137,1173.837,0,4,compressed_ring_ar
1778545835.706063,5,85,1.534377,95.14,276.665,1337.679,0,4,compressed_ring_ar
1778545836.795867,5,86,1.446174,121.7,233.53,1045.786,0,4,compressed_ring_ar
1778545838.252357,5,87,1.363967,90.12,274.583,1413.138,0,4,compressed_ring_ar
1778545839.4357176,5,88,1.29303,117.68,198.794,1082.027,0,4,compressed_ring_ar
1778545840.5991337,5,89,1.414135,113.95,357.086,1121.227,0,4,compressed_ring_ar
1778545841.8592005,5,90,1.36523,104.93,310.115,1218.915,0,4,compressed_ring_ar
1778545843.3822138,5,91,1.409438,87.58,450.947,1460.106,0,4,compressed_ring_ar
1778545844.7329388,5,92,1.36234,98.08,215.236,1300.507,0,4,compressed_ring_ar
1778545846.0060604,5,93,1.500208,103.64,179.507,1232.537,0,4,compressed_ring_ar
1778545847.3229153,5,94,1.31697,102.74,477.887,1244.665,0,4,compressed_ring_ar
1778545848.580238,5,95,1.30727,107.8,274.079,1185.45,0,4,compressed_ring_ar
1778545849.9844997,5,96,1.231314,94.14,433.526,1351.72,0,4,compressed_ring_ar
1778545851.014295,5,97,1.324241,83.59,161.046,1003.663,0,4,compressed_ring_ar
1778545863.165205,6,0,1.455069,84.54,484.107,1509.925,0,4,compressed_ring_ar
1778545864.4583752,6,1,1.4693,102.58,255.818,1245.706,0,4,compressed_ring_ar
1778545865.8358228,6,2,1.219735,95.87,476.105,1333.663,0,4,compressed_ring_ar
1778545867.1901608,6,3,1.351505,98.15,223.398,1302.764,0,4,compressed_ring_ar
1778545868.3602023,6,4,1.557784,117.39,161.366,1087.979,0,4,compressed_ring_ar
1778545869.8633983,6,5,1.40452,90.01,548.585,1419.602,0,4,compressed_ring_ar
1778545871.285294,6,6,1.392734,93.77,541.474,1361.863,0,4,compressed_ring_ar
1778545872.6599746,6,7,1.367204,96.21,507.854,1329.046,0,4,compressed_ring_ar
1778545874.0358667,6,8,1.363649,96.3,174.574,1327.387,0,4,compressed_ring_ar
1778545875.4369507,6,9,1.259821,94.8,551.664,1346.584,0,4,compressed_ring_ar
1778545876.7330346,6,10,1.394584,102.23,323.889,1249.2,0,4,compressed_ring_ar
1778545878.1038644,6,11,1.365246,96.5,534.598,1321.584,0,4,compressed_ring_ar
1778545879.2022142,6,12,1.35301,121.6,193.414,1051.34,0,4,compressed_ring_ar
1778545880.5866225,6,13,1.445116,96.14,384.149,1327.347,0,4,compressed_ring_ar
1778545881.93854,6,14,1.479998,97.45,226.88,1312.275,0,4,compressed_ring_ar
1778545883.3166964,6,15,1.305094,96.26,195.062,1325.198,0,4,compressed_ring_ar
1778545884.6796424,6,16,1.532554,99.08,245.615,1286.84,0,4,compressed_ring_ar
1778545885.952055,6,17,1.266798,104.49,240.083,1219.881,0,4,compressed_ring_ar
1778545887.4270413,6,18,1.28835,90.23,325.348,1412.57,0,4,compressed_ring_ar
1778545888.8350346,6,19,1.285985,94.73,313.157,1343.609,0,4,compressed_ring_ar
1778545890.3135128,6,20,1.501505,88.93,256.434,1436.79,0,4,compressed_ring_ar
1778545891.6950006,6,21,1.403887,97.33,395.661,1310.267,0,4,compressed_ring_ar
1778545893.0047247,6,22,1.334854,100.67,290.803,1270.029,0,4,compressed_ring_ar
1778545894.3583846,6,23,1.32033,97.27,379.286,1310.396,0,4,compressed_ring_ar
1778545895.6275628,6,24,1.452769,103.94,258.346,1226.387,0,4,compressed_ring_ar
1778545896.8233101,6,25,1.436119,111.52,203.607,1145.114,0,4,compressed_ring_ar
1778545898.0692625,6,26,1.242186,107.09,229.503,1190.865,0,4,compressed_ring_ar
1778545899.449703,6,27,1.449254,95.7,178.779,1336.201,0,4,compressed_ring_ar
1778545900.7564387,6,28,1.270025,102.47,355.962,1239.742,0,4,compressed_ring_ar
1778545902.1341388,6,29,1.57992,98.54,220.461,1292.849,0,4,compressed_ring_ar
1778545903.465966,6,30,1.512074,99.38,219.968,1286.636,0,4,compressed_ring_ar
1778545904.8005817,6,31,1.435029,99.51,316.495,1285.159,0,4,compressed_ring_ar
1778545906.3670866,6,32,1.430037,83.69,635.643,1528.072,0,4,compressed_ring_ar
1778545907.6676326,6,33,1.268898,101.77,236.357,1256.366,0,4,compressed_ring_ar
1778545908.9960918,6,34,1.267703,101.74,298.604,1253.253,0,4,compressed_ring_ar
1778545910.2582724,6,35,1.463406,104.91,245.507,1214.254,0,4,compressed_ring_ar
1778545911.642943,6,36,1.203704,97.14,210.454,1313.044,0,4,compressed_ring_ar
1778545913.0138009,6,37,1.393096,96.21,204.315,1325.892,0,4,compressed_ring_ar
1778545914.266253,6,38,1.478866,105.52,202.89,1208.419,0,4,compressed_ring_ar
1778545915.8090358,6,39,1.489965,85.01,231.142,1504.39,0,4,compressed_ring_ar
1778545917.2764657,6,40,1.320949,90.96,216.997,1403.355,0,4,compressed_ring_ar
1778545918.6171935,6,41,1.360695,98.32,205.145,1300.748,0,4,compressed_ring_ar
1778545919.9660048,6,42,1.290462,98.25,161.58,1301.702,0,4,compressed_ring_ar
1778545921.3960161,6,43,1.386594,93.45,754.345,1365.197,0,4,compressed_ring_ar
1778545922.6759117,6,44,1.451387,104.18,224.779,1224.25,0,4,compressed_ring_ar
1778545924.0752742,6,45,1.425746,94.76,300.407,1344.189,0,4,compressed_ring_ar
1778545925.3410678,6,46,1.341631,105.6,206.534,1207.158,0,4,compressed_ring_ar
1778545926.5803285,6,47,1.362197,106.83,203.649,1193.029,0,4,compressed_ring_ar
1778545927.9322138,6,48,1.318674,97.5,183.192,1309.147,0,4,compressed_ring_ar
1778545929.4076865,6,49,1.422978,88.95,379.477,1437.695,0,4,compressed_ring_ar
1778545930.6995063,6,50,1.266551,103.0,196.189,1241.475,0,4,compressed_ring_ar
1778545932.0809507,6,51,1.34652,96.68,232.179,1322.913,0,4,compressed_ring_ar
1778545933.3610828,6,52,1.311098,106.3,431.01,1198.84,0,4,compressed_ring_ar
1778545934.6214418,6,53,1.407428,104.73,253.206,1217.701,0,4,compressed_ring_ar
1778545935.924991,6,54,1.444181,100.85,300.594,1264.654,0,4,compressed_ring_ar
1778545937.2167225,6,55,1.433638,105.94,195.303,1206.08,0,4,compressed_ring_ar
1778545938.6409078,6,56,1.355269,93.44,220.825,1364.286,0,4,compressed_ring_ar
1778545939.8147018,6,57,1.470016,113.99,250.185,1121.513,0,4,compressed_ring_ar
1778545941.1793716,6,58,1.379677,96.78,275.921,1317.853,0,4,compressed_ring_ar
1778545942.5320017,6,59,1.331476,98.81,206.485,1288.854,0,4,compressed_ring_ar
1778545943.8333888,6,60,1.198043,102.23,199.023,1250.752,0,4,compressed_ring_ar
1778545945.2210202,6,61,1.388704,94.83,355.945,1345.094,0,4,compressed_ring_ar
1778545946.7342832,6,62,1.233445,87.43,205.417,1458.979,0,4,compressed_ring_ar
1778545948.1382923,6,63,1.262364,95.56,203.986,1334.426,0,4,compressed_ring_ar
1778545949.4304163,6,64,1.358677,102.55,226.707,1243.71,0,4,compressed_ring_ar
1778545950.9560733,6,65,1.373777,87.12,299.873,1464.637,0,4,compressed_ring_ar
1778545952.2751055,6,66,1.376939,104.7,173.534,1219.463,0,4,compressed_ring_ar
1778545953.6696765,6,67,1.394393,94.91,307.292,1342.117,0,4,compressed_ring_ar
1778545954.9140332,6,68,1.37173,107.79,208.442,1182.777,0,4,compressed_ring_ar
1778545956.2142773,6,69,1.376956,101.51,309.609,1256.361,0,4,compressed_ring_ar
1778545957.4726796,6,70,1.360157,105.05,191.604,1216.56,0,4,compressed_ring_ar
1778545958.838634,6,71,1.226427,96.44,416.302,1322.58,0,4,compressed_ring_ar
1778545960.1020713,6,72,1.377701,104.83,205.74,1213.778,0,4,compressed_ring_ar
1778545961.4317698,6,73,1.203005,99.58,224.416,1280.92,0,4,compressed_ring_ar
1778545962.7409754,6,74,1.448355,101.31,215.52,1257.965,0,4,compressed_ring_ar
1778545964.0814784,6,75,1.342145,98.2,209.134,1295.823,0,4,compressed_ring_ar
1778545965.499449,6,76,1.254854,92.94,231.864,1370.825,0,4,compressed_ring_ar
1778545966.7583814,6,77,1.381604,105.45,181.542,1212.472,0,4,compressed_ring_ar
1778545968.1326811,6,78,1.377817,97.0,219.243,1317.034,0,4,compressed_ring_ar
1778545969.549314,6,79,1.356155,92.73,569.856,1375.779,0,4,compressed_ring_ar
1778545970.8145869,6,80,1.377076,104.41,221.183,1221.249,0,4,compressed_ring_ar
1778545972.1511796,6,81,1.438199,98.63,199.387,1292.789,0,4,compressed_ring_ar
1778545973.5478168,6,82,1.476106,94.89,250.365,1342.269,0,4,compressed_ring_ar
1778545974.6606464,6,83,1.417352,122.93,181.186,1038.511,0,4,compressed_ring_ar
1778545976.2537138,6,84,1.34115,82.89,684.05,1541.327,0,4,compressed_ring_ar
1778545978.0408454,6,85,1.279627,74.58,400.339,1711.35,0,4,compressed_ring_ar
1778545979.5351195,6,86,1.480524,88.23,261.986,1449.338,0,4,compressed_ring_ar
1778545980.8718443,6,87,1.331914,102.99,204.008,1241.527,0,4,compressed_ring_ar
1778545982.2769475,6,88,1.403317,93.84,336.609,1358.848,0,4,compressed_ring_ar
1778545983.5533028,6,89,1.419931,103.24,203.418,1235.169,0,4,compressed_ring_ar
1778545984.8760865,6,90,1.352381,99.74,192.938,1277.938,0,4,compressed_ring_ar
1778545986.1253486,6,91,1.608591,106.61,221.181,1195.286,0,4,compressed_ring_ar
1778545987.6139286,6,92,1.472301,88.18,230.564,1450.56,0,4,compressed_ring_ar
1778545988.9811873,6,93,1.491278,99.73,341.46,1278.709,0,4,compressed_ring_ar
1778545990.3565865,6,94,1.468739,97.03,267.942,1314.765,0,4,compressed_ring_ar
1778545991.7831147,6,95,1.46672,92.1,302.427,1382.832,0,4,compressed_ring_ar
1778545992.966951,6,96,1.370841,117.42,237.196,1088.85,0,4,compressed_ring_ar
1778545994.3098328,6,97,1.367934,64.15,355.335,1300.359,0,4,compressed_ring_ar
1778546005.821967,7,0,1.440953,95.01,462.226,1341.296,0,4,compressed_ring_ar
1778546007.2399666,7,1,1.337829,92.86,270.099,1373.297,0,4,compressed_ring_ar
1778546008.6334932,7,2,1.40216,95.17,268.187,1337.313,0,4,compressed_ring_ar
1778546010.0025754,7,3,1.471051,98.07,206.15,1298.65,0,4,compressed_ring_ar
1778546011.3126683,7,4,1.416838,101.42,203.891,1257.342,0,4,compressed_ring_ar
1778546012.5772123,7,5,1.369115,105.84,200.424,1207.87,0,4,compressed_ring_ar
1778546013.7961934,7,6,1.271452,108.55,205.776,1176.599,0,4,compressed_ring_ar
1778546014.9972117,7,7,1.406574,110.13,257.058,1161.09,0,4,compressed_ring_ar
1778546016.3114512,7,8,1.677536,102.71,675.753,1245.609,0,4,compressed_ring_ar
1778546017.611635,7,9,1.362899,103.42,321.551,1235.228,0,4,compressed_ring_ar
1778546018.9125483,7,10,1.551813,102.4,467.456,1248.717,0,4,compressed_ring_ar
1778546020.5395634,7,11,1.352028,80.86,909.732,1578.025,0,4,compressed_ring_ar
1778546021.8223283,7,12,1.401151,103.64,229.773,1233.645,0,4,compressed_ring_ar
1778546023.3149312,7,13,1.310774,88.33,347.706,1447.859,0,4,compressed_ring_ar
1778546024.6070487,7,14,1.369634,106.02,197.382,1206.007,0,4,compressed_ring_ar
1778546025.8314853,7,15,1.374451,107.44,377.995,1190.127,0,4,compressed_ring_ar
1778546027.528511,7,16,1.256664,79.53,827.354,1604.552,0,4,compressed_ring_ar
1778546028.7821758,7,17,1.243979,107.17,230.368,1190.173,0,4,compressed_ring_ar
1778546030.0874865,7,18,1.258901,101.12,202.714,1259.044,0,4,compressed_ring_ar
1778546031.3951902,7,19,1.274351,101.21,226.829,1256.623,0,4,compressed_ring_ar
1778546032.554945,7,20,1.349843,114.51,130.536,1116.514,0,4,compressed_ring_ar
1778546034.050279,7,21,1.214906,88.44,212.347,1440.803,0,4,compressed_ring_ar
1778546035.2611296,7,22,1.496199,109.27,229.253,1165.227,0,4,compressed_ring_ar
1778546036.6467474,7,23,1.357436,95.46,211.568,1334.578,0,4,compressed_ring_ar
1778546037.9147184,7,24,1.179939,104.34,282.972,1222.046,0,4,compressed_ring_ar
1778546039.2458127,7,25,1.335266,99.73,224.68,1278.59,0,4,compressed_ring_ar
1778546040.5330746,7,26,1.344752,103.26,224.243,1235.007,0,4,compressed_ring_ar
1778546041.940662,7,27,1.398016,93.78,218.36,1359.011,0,4,compressed_ring_ar
1778546043.2694218,7,28,1.424722,99.15,359.029,1283.135,0,4,compressed_ring_ar
1778546044.5111277,7,29,1.267789,106.54,195.734,1197.07,0,4,compressed_ring_ar
1778546045.8847854,7,30,1.41671,97.18,331.371,1312.715,0,4,compressed_ring_ar
1778546047.3113906,7,31,1.261535,92.29,350.59,1379.331,0,4,compressed_ring_ar
1778546048.473544,7,32,1.285871,113.95,205.471,1121.932,0,4,compressed_ring_ar
1778546049.7205234,7,33,1.573712,106.91,209.516,1193.394,0,4,compressed_ring_ar
1778546051.0464396,7,34,1.464729,100.41,190.033,1270.158,0,4,compressed_ring_ar
1778546052.3689804,7,35,1.37946,101.73,246.953,1257.092,0,4,compressed_ring_ar
1778546053.8036387,7,36,1.458862,93.02,251.147,1371.173,0,4,compressed_ring_ar
1778546055.2138546,7,37,1.324234,94.84,222.135,1348.322,0,4,compressed_ring_ar
1778546056.5832253,7,38,1.347476,96.18,192.985,1325.288,0,4,compressed_ring_ar
1778546057.8806841,7,39,1.4123,101.47,320.825,1256.553,0,4,compressed_ring_ar
1778546059.2057009,7,40,1.278133,99.31,205.548,1284.148,0,4,compressed_ring_ar
1778546060.3730726,7,41,1.543928,113.56,219.689,1122.661,0,4,compressed_ring_ar
1778546061.6839182,7,42,1.290761,100.87,182.998,1267.552,0,4,compressed_ring_ar
1778546063.1922882,7,43,1.316016,88.11,779.721,1451.182,0,4,compressed_ring_ar
1778546064.4090886,7,44,1.253078,110.63,191.465,1155.881,0,4,compressed_ring_ar
1778546065.926074,7,45,1.366997,88.02,402.802,1447.229,0,4,compressed_ring_ar
1778546067.209596,7,46,1.320501,103.06,185.508,1240.629,0,4,compressed_ring_ar
1778546068.5878143,7,47,1.432896,96.14,201.758,1325.21,0,4,compressed_ring_ar
1778546069.8398068,7,48,1.365775,105.53,285.278,1212.189,0,4,compressed_ring_ar
1778546071.169906,7,49,1.495573,100.87,385.489,1264.215,0,4,compressed_ring_ar
1778546072.3942552,7,50,1.529493,109.41,231.394,1167.196,0,4,compressed_ring_ar
1778546073.467578,7,51,1.172866,126.56,136.33,1010.387,0,4,compressed_ring_ar
1778546074.8568296,7,52,1.517596,98.24,690.715,1301.403,0,4,compressed_ring_ar
1778546076.26239,7,53,1.36156,94.27,415.824,1355.032,0,4,compressed_ring_ar
1778546077.550363,7,54,1.396682,102.53,431.721,1247.765,0,4,compressed_ring_ar
1778546078.935193,7,55,1.345807,101.37,338.243,1257.904,0,4,compressed_ring_ar
1778546080.2728975,7,56,1.214727,100.84,417.6,1265.744,0,4,compressed_ring_ar
1778546081.4635277,7,57,1.392555,112.13,145.402,1137.968,0,4,compressed_ring_ar
1778546082.850442,7,58,1.268895,98.29,607.11,1297.238,0,4,compressed_ring_ar
1778546084.1907973,7,59,1.405887,101.05,343.71,1258.987,0,4,compressed_ring_ar
1778546085.5028522,7,60,1.118134,101.82,209.343,1250.294,0,4,compressed_ring_ar
1778546086.7270293,7,61,1.273607,107.91,213.021,1184.862,0,4,compressed_ring_ar
1778546088.1093967,7,62,1.285736,96.83,309.576,1314.361,0,4,compressed_ring_ar
1778546089.3119936,7,63,1.161376,111.35,137.087,1148.435,0,4,compressed_ring_ar
1778546090.6360137,7,64,1.445116,100.67,359.188,1268.786,0,4,compressed_ring_ar
1778546092.0553124,7,65,1.261173,93.06,224.783,1374.276,0,4,compressed_ring_ar
1778546093.4986515,7,66,1.309569,91.84,564.614,1386.214,0,4,compressed_ring_ar
1778546094.770652,7,67,1.506717,103.9,187.151,1230.526,0,4,compressed_ring_ar
1778546096.3862162,7,68,1.337854,81.5,246.651,1566.31,0,4,compressed_ring_ar
1778546097.5292473,7,69,1.401248,116.24,360.789,1097.366,0,4,compressed_ring_ar
1778546098.8141448,7,70,1.303031,103.74,199.083,1232.489,0,4,compressed_ring_ar
1778546100.0902457,7,71,1.251541,103.59,335.692,1230.558,0,4,compressed_ring_ar
1778546101.3310204,7,72,1.247624,106.17,220.862,1204.17,0,4,compressed_ring_ar
1778546102.8291728,7,73,1.352823,88.14,432.144,1447.542,0,4,compressed_ring_ar
1778546104.109061,7,74,1.394534,102.72,366.952,1241.691,0,4,compressed_ring_ar
1778546105.3788385,7,75,1.392463,105.19,146.243,1215.627,0,4,compressed_ring_ar
1778546106.723362,7,76,1.271415,100.6,475.829,1269.91,0,4,compressed_ring_ar
1778546107.9840856,7,77,1.335759,106.84,305.813,1195.77,0,4,compressed_ring_ar
1778546109.3240807,7,78,1.321815,101.41,375.446,1259.206,0,4,compressed_ring_ar
1778546110.6791534,7,79,1.302221,97.3,461.496,1310.533,0,4,compressed_ring_ar
1778546112.1836455,7,80,1.224398,88.58,241.077,1443.804,0,4,compressed_ring_ar
1778546113.397917,7,81,1.358665,111.66,193.251,1140.757,0,4,compressed_ring_ar
1778546114.7071009,7,82,1.17979,102.95,198.194,1238.348,0,4,compressed_ring_ar
1778546116.0802839,7,83,1.28183,96.1,351.801,1325.609,0,4,compressed_ring_ar
1778546117.4371088,7,84,1.282636,98.08,197.738,1303.714,0,4,compressed_ring_ar
1778546118.7875545,7,85,1.263762,99.3,394.624,1287.787,0,4,compressed_ring_ar
1778546120.0308354,7,86,1.369046,110.21,467.056,1159.158,0,4,compressed_ring_ar
1778546121.3675997,7,87,1.194279,100.99,492.449,1265.14,0,4,compressed_ring_ar
1778546122.6442435,7,88,1.308612,106.77,401.943,1197.525,0,4,compressed_ring_ar
1778546123.9243503,7,89,1.436989,104.32,452.81,1224.025,0,4,compressed_ring_ar
1778546125.3213122,7,90,1.341534,95.71,204.002,1334.674,0,4,compressed_ring_ar
1778546126.5983317,7,91,1.420183,104.81,271.157,1219.668,0,4,compressed_ring_ar
1778546127.877788,7,92,1.38746,105.26,261.045,1213.588,0,4,compressed_ring_ar
1778546129.3640308,7,93,1.385677,88.86,719.955,1436.188,0,4,compressed_ring_ar
1778546130.5314689,7,94,1.419019,113.99,145.954,1120.469,0,4,compressed_ring_ar
1778546131.8904915,7,95,1.341723,99.84,218.657,1280.481,0,4,compressed_ring_ar
1778546133.1211083,7,96,1.250001,108.4,217.234,1179.577,0,4,compressed_ring_ar
1778546134.379261,7,97,1.392226,69.65,150.19,1205.052,0,4,compressed_ring_ar
1778546145.977681,8,0,1.273455,96.19,167.321,1329.524,0,4,compressed_ring_ar
1778546147.198367,8,1,1.263011,111.54,417.509,1144.782,0,4,compressed_ring_ar
1778546148.4044611,8,2,1.320318,109.49,436.821,1168.11,0,4,compressed_ring_ar
1778546149.7637796,8,3,1.256474,100.26,694.778,1274.204,0,4,compressed_ring_ar
1778546151.0185714,8,4,1.414258,105.38,405.578,1213.568,0,4,compressed_ring_ar
1778546152.3032556,8,5,1.436843,107.62,631.154,1188.226,0,4,compressed_ring_ar
1778546153.5647898,8,6,1.323336,107.41,288.552,1190.703,0,4,compressed_ring_ar
1778546154.837273,8,7,1.247427,106.9,439.733,1196.482,0,4,compressed_ring_ar
1778546156.1803417,8,8,1.448024,99.72,400.312,1283.087,0,4,compressed_ring_ar
1778546157.3513255,8,9,1.244553,116.57,567.718,1095.657,0,4,compressed_ring_ar
1778546158.6065397,8,10,1.35385,108.52,403.781,1176.556,0,4,compressed_ring_ar
1778546159.8586545,8,11,1.38404,106.12,246.836,1205.14,0,4,compressed_ring_ar
1778546161.1038566,8,12,1.176419,109.58,389.502,1166.806,0,4,compressed_ring_ar
1778546162.4319994,8,13,1.286057,105.19,343.924,1215.865,0,4,compressed_ring_ar
1778546163.7564108,8,14,1.356976,103.12,482.798,1238.714,0,4,compressed_ring_ar
1778546165.0075355,8,15,1.416458,110.32,378.342,1159.141,0,4,compressed_ring_ar
1778546166.536582,8,16,1.291401,87.78,548.997,1456.842,0,4,compressed_ring_ar
1778546167.7670913,8,17,1.255914,110.72,317.479,1154.303,0,4,compressed_ring_ar
1778546169.0284834,8,18,1.424217,105.71,418.18,1209.874,0,4,compressed_ring_ar
1778546170.2844627,8,19,1.554265,107.69,315.552,1186.96,0,4,compressed_ring_ar
1778546171.6986582,8,20,1.406618,94.75,711.243,1349.844,0,4,compressed_ring_ar
1778546172.9487545,8,21,1.247952,107.02,395.337,1194.178,0,4,compressed_ring_ar
1778546174.351942,8,22,1.270952,96.2,512.89,1328.182,0,4,compressed_ring_ar
1778546175.6675577,8,23,1.35109,100.63,223.934,1269.571,0,4,compressed_ring_ar
1778546176.953185,8,24,1.389715,103.66,317.606,1232.335,0,4,compressed_ring_ar
1778546178.2542021,8,25,1.292322,102.3,328.582,1249.293,0,4,compressed_ring_ar
1778546179.5520456,8,26,1.335807,103.06,386.482,1232.436,0,4,compressed_ring_ar
1778546180.8539464,8,27,1.559717,102.86,433.665,1241.985,0,4,compressed_ring_ar
1778546182.1913168,8,28,1.397982,98.76,410.916,1295.03,0,4,compressed_ring_ar
1778546183.4501936,8,29,1.305267,106.86,324.602,1196.441,0,4,compressed_ring_ar
1778546184.7443879,8,30,1.190438,105.99,265.25,1207.32,0,4,compressed_ring_ar
1778546186.0163536,8,31,1.335918,107.4,554.194,1190.625,0,4,compressed_ring_ar
1778546187.241052,8,32,1.319527,110.5,380.907,1156.367,0,4,compressed_ring_ar
1778546188.5583363,8,33,1.212732,101.15,312.266,1264.558,0,4,compressed_ring_ar
1778546189.8117359,8,34,1.282295,108.49,377.54,1177.615,0,4,compressed_ring_ar
1778546191.1739497,8,35,1.389862,97.18,368.118,1314.846,0,4,compressed_ring_ar
1778546192.4305246,8,36,1.383456,107.55,430.708,1188.194,0,4,compressed_ring_ar
1778546193.7316027,8,37,1.35136,103.29,527.502,1237.973,0,4,compressed_ring_ar
1778546195.0179877,8,38,1.174911,106.0,399.785,1206.149,0,4,compressed_ring_ar
1778546196.234305,8,39,1.151876,110.96,278.693,1152.399,0,4,compressed_ring_ar
1778546197.5654638,8,40,1.216983,101.9,487.7,1255.199,0,4,compressed_ring_ar
1778546198.9749007,8,41,1.086226,98.31,729.6,1300.809,0,4,compressed_ring_ar
1778546200.3469195,8,42,1.167439,98.99,506.53,1292.327,0,4,compressed_ring_ar
1778546201.6538913,8,43,1.297625,103.24,334.72,1238.072,0,4,compressed_ring_ar
1778546202.9645,8,44,1.179907,100.72,319.517,1269.594,0,4,compressed_ring_ar
1778546204.292214,8,45,1.179877,101.53,344.851,1259.443,0,4,compressed_ring_ar
1778546205.6241927,8,46,1.188769,101.38,463.088,1259.61,0,4,compressed_ring_ar
1778546206.8657072,8,47,1.429277,106.66,303.733,1199.324,0,4,compressed_ring_ar
1778546208.09149,8,48,1.366239,110.67,348.55,1155.125,0,4,compressed_ring_ar
1778546209.3748145,8,49,1.102977,105.95,382.834,1205.303,0,4,compressed_ring_ar
1778546210.7505631,8,50,1.226436,99.36,146.587,1285.937,0,4,compressed_ring_ar
1778546212.0869668,8,51,1.495583,100.91,380.456,1267.885,0,4,compressed_ring_ar
1778546213.4406767,8,52,1.45332,99.68,573.801,1283.301,0,4,compressed_ring_ar
1778546214.7895584,8,53,1.197383,101.02,312.212,1265.857,0,4,compressed_ring_ar
1778546216.082654,8,54,1.337923,104.84,361.254,1219.53,0,4,compressed_ring_ar
1778546217.428767,8,55,1.378782,99.95,403.439,1279.699,0,4,compressed_ring_ar
1778546218.6166463,8,56,1.060347,113.25,356.622,1128.419,0,4,compressed_ring_ar
1778546219.859209,8,57,1.28656,110.44,393.511,1157.793,0,4,compressed_ring_ar
1778546221.1148946,8,58,1.324216,108.79,359.602,1175.299,0,4,compressed_ring_ar
1778546222.3563757,8,59,1.295908,112.06,472.928,1141.494,0,4,compressed_ring_ar
1778546223.7027428,8,60,1.255772,100.71,395.125,1269.534,0,4,compressed_ring_ar
1778546224.9913967,8,61,1.196904,105.18,441.025,1215.014,0,4,compressed_ring_ar
1778546226.6593766,8,62,1.346598,80.16,765.454,1595.801,0,4,compressed_ring_ar
1778546227.9465919,8,63,1.261127,105.75,304.267,1205.083,0,4,compressed_ring_ar
1778546229.227493,8,64,1.454886,106.29,642.482,1201.491,0,4,compressed_ring_ar
1778546230.5668907,8,65,1.254199,100.27,141.603,1275.399,0,4,compressed_ring_ar
1778546231.842349,8,66,1.373096,106.99,421.771,1191.443,0,4,compressed_ring_ar
1778546233.1088705,8,67,1.489503,107.48,671.195,1189.69,0,4,compressed_ring_ar
1778546234.5062299,8,68,1.285326,97.0,712.001,1318.313,0,4,compressed_ring_ar
1778546235.8509007,8,69,1.444686,99.48,186.147,1285.081,0,4,compressed_ring_ar
1778546237.1260846,8,70,1.456181,103.67,312.929,1232.448,0,4,compressed_ring_ar
1778546238.506127,8,71,1.187449,97.59,530.179,1309.737,0,4,compressed_ring_ar
1778546239.8999119,8,72,1.412662,96.4,171.483,1326.169,0,4,compressed_ring_ar
1778546241.1523278,8,73,1.177934,107.24,439.175,1192.485,0,4,compressed_ring_ar
1778546242.4109828,8,74,1.207179,109.33,459.476,1165.526,0,4,compressed_ring_ar
1778546243.7794363,8,75,1.246366,100.05,564.785,1277.34,0,4,compressed_ring_ar
1778546245.0370286,8,76,1.372718,105.55,275.447,1211.507,0,4,compressed_ring_ar
1778546246.2546003,8,77,1.211861,111.98,376.089,1142.156,0,4,compressed_ring_ar
1778546247.492581,8,78,1.294258,110.07,279.266,1160.097,0,4,compressed_ring_ar
1778546248.760581,8,79,1.506034,106.26,155.58,1201.862,0,4,compressed_ring_ar
1778546249.9884558,8,80,1.293757,108.56,257.534,1177.797,0,4,compressed_ring_ar
1778546251.4176366,8,81,1.320107,94.0,264.633,1357.064,0,4,compressed_ring_ar
1778546252.6374006,8,82,1.24438,108.35,191.031,1178.509,0,4,compressed_ring_ar
1778546254.0401592,8,83,1.39337,95.02,478.198,1346.626,0,4,compressed_ring_ar
1778546255.4482784,8,84,1.469451,96.52,379.272,1323.507,0,4,compressed_ring_ar
1778546256.7746596,8,85,1.254389,100.74,130.458,1269.399,0,4,compressed_ring_ar
1778546258.060175,8,86,1.395948,103.47,604.078,1234.758,0,4,compressed_ring_ar
1778546259.4005926,8,87,1.372314,100.99,401.92,1266.332,0,4,compressed_ring_ar
1778546260.6607275,8,88,1.22388,108.41,398.683,1179.701,0,4,compressed_ring_ar
1778546261.9039316,8,89,1.152486,110.05,303.755,1160.658,0,4,compressed_ring_ar
1778546263.2442434,8,90,1.18731,98.64,359.602,1295.634,0,4,compressed_ring_ar
1778546264.5508654,8,91,1.326251,100.87,372.289,1267.791,0,4,compressed_ring_ar
1778546265.8657014,8,92,1.185122,101.48,356.454,1260.007,0,4,compressed_ring_ar
1778546267.1412516,8,93,1.142623,105.21,138.034,1215.677,0,4,compressed_ring_ar
1778546268.3747413,8,94,1.308229,112.42,593.607,1137.576,0,4,compressed_ring_ar
1778546269.6789904,8,95,1.425088,106.54,641.915,1200.231,0,4,compressed_ring_ar
1778546270.9645836,8,96,1.412134,104.74,641.076,1220.911,0,4,compressed_ring_ar
1778546272.2665908,8,97,1.059947,67.28,526.379,1247.258,0,4,compressed_ring_ar
1778546283.9862053,9,0,1.169702,94.26,483.535,1357.084,0,4,compressed_ring_ar
1778546285.222532,9,1,1.292315,113.8,356.659,1123.663,0,4,compressed_ring_ar
1778546286.4380302,9,2,1.265841,112.28,403.653,1138.937,0,4,compressed_ring_ar
1778546287.7332575,9,3,1.308393,105.51,641.979,1208.865,0,4,compressed_ring_ar
1778546288.9983935,9,4,1.26171,105.63,173.323,1210.602,0,4,compressed_ring_ar
1778546290.2470624,9,5,1.301756,108.05,373.934,1182.262,0,4,compressed_ring_ar
1778546291.6888363,9,6,1.317445,92.61,615.359,1380.982,0,4,compressed_ring_ar
1778546292.9208024,9,7,1.348818,110.55,342.096,1155.597,0,4,compressed_ring_ar
1778546294.2305083,9,8,1.108249,103.38,476.891,1236.959,0,4,compressed_ring_ar
1778546295.4444165,9,9,1.122783,112.82,607.774,1133.463,0,4,compressed_ring_ar
1778546296.6874466,9,10,1.254259,108.26,368.114,1181.072,0,4,compressed_ring_ar
1778546297.968397,9,11,1.369987,103.73,364.358,1232.828,0,4,compressed_ring_ar
1778546299.2631962,9,12,1.234242,102.75,487.622,1244.392,0,4,compressed_ring_ar
1778546300.6015332,9,13,1.455019,101.98,185.043,1254.082,0,4,compressed_ring_ar
1778546301.9804378,9,14,1.26023,97.58,337.297,1309.725,0,4,compressed_ring_ar
1778546303.3875594,9,15,1.202398,96.42,158.906,1325.514,0,4,compressed_ring_ar
1778546304.741076,9,16,1.278959,100.51,369.267,1272.579,0,4,compressed_ring_ar
1778546305.9825962,9,17,1.373776,108.53,348.323,1178.381,0,4,compressed_ring_ar
1778546307.2978926,9,18,1.147542,105.39,634.182,1211.555,0,4,compressed_ring_ar
1778546308.6613007,9,19,1.420055,96.72,514.434,1322.191,0,4,compressed_ring_ar
1778546309.991016,9,20,1.290455,101.33,583.761,1261.941,0,4,compressed_ring_ar
1778546311.276934,9,21,1.333118,106.63,672.44,1199.309,0,4,compressed_ring_ar
1778546312.6152625,9,22,1.321953,102.89,359.0,1242.892,0,4,compressed_ring_ar
1778546313.9033327,9,23,1.309524,105.26,493.456,1213.952,0,4,compressed_ring_ar
1778546315.1269672,9,24,1.358411,111.06,367.587,1151.325,0,4,compressed_ring_ar
1778546316.421439,9,25,1.366941,103.03,348.757,1241.122,0,4,compressed_ring_ar
1778546317.7020066,9,26,1.286424,104.77,368.352,1219.21,0,4,compressed_ring_ar
1778546319.1522632,9,27,1.235596,91.86,531.137,1392.539,0,4,compressed_ring_ar
1778546320.5579581,9,28,1.184098,96.01,365.782,1331.218,0,4,compressed_ring_ar
1778546321.997573,9,29,1.170247,92.05,155.76,1388.17,0,4,compressed_ring_ar
1778546323.3043976,9,30,1.275989,102.05,333.974,1252.631,0,4,compressed_ring_ar
1778546324.5210469,9,31,1.28488,111.86,583.175,1141.938,0,4,compressed_ring_ar
1778546325.7965708,9,32,1.250906,105.68,421.59,1209.919,0,4,compressed_ring_ar
1778546327.070581,9,33,1.351948,106.2,503.806,1204.076,0,4,compressed_ring_ar
1778546328.3411777,9,34,1.354779,105.62,394.712,1206.994,0,4,compressed_ring_ar
1778546329.5719965,9,35,1.28469,110.87,457.763,1153.163,0,4,compressed_ring_ar
1778546330.9794211,9,36,1.305537,97.33,658.271,1312.571,0,4,compressed_ring_ar
1778546332.2955832,9,37,1.221492,100.36,426.922,1274.223,0,4,compressed_ring_ar
1778546333.5569108,9,38,1.452861,106.71,190.012,1198.244,0,4,compressed_ring_ar
1778546335.0361397,9,39,1.331487,88.91,193.562,1434.144,0,4,compressed_ring_ar
1778546336.2815917,9,40,1.445647,106.48,241.138,1197.4,0,4,compressed_ring_ar
1778546337.5665348,9,41,1.331382,104.6,200.637,1218.558,0,4,compressed_ring_ar
1778546338.9722764,9,42,1.287996,94.14,217.388,1357.192,0,4,compressed_ring_ar
1778546340.1272483,9,43,1.409912,116.64,255.994,1096.292,0,4,compressed_ring_ar
1778546341.3275847,9,44,1.355399,114.1,494.531,1120.719,0,4,compressed_ring_ar
1778546342.6712701,9,45,1.429831,101.75,366.862,1255.435,0,4,compressed_ring_ar
1778546343.880045,9,46,1.249172,113.2,451.054,1129.584,0,4,compressed_ring_ar
1778546345.357889,9,47,1.262519,93.34,479.037,1369.943,0,4,compressed_ring_ar
1778546346.504725,9,48,1.15195,116.23,145.699,1098.77,0,4,compressed_ring_ar
1778546347.9236426,9,49,1.250022,94.68,551.319,1349.344,0,4,compressed_ring_ar
1778546349.3932736,9,50,1.208196,93.86,415.933,1361.965,0,4,compressed_ring_ar
1778546350.6221626,9,51,1.185365,109.31,265.868,1169.17,0,4,compressed_ring_ar
1778546351.9362352,9,52,1.330441,104.31,486.197,1224.708,0,4,compressed_ring_ar
1778546353.2574894,9,53,1.212849,102.05,390.439,1252.613,0,4,compressed_ring_ar
1778546354.4637284,9,54,1.287,112.28,372.607,1139.035,0,4,compressed_ring_ar
1778546355.6993275,9,55,1.345782,112.25,604.634,1139.046,0,4,compressed_ring_ar
1778546357.0491126,9,56,1.279462,101.0,385.729,1263.328,0,4,compressed_ring_ar
1778546358.210252,9,57,1.334511,115.69,237.246,1105.203,0,4,compressed_ring_ar
1778546359.4978518,9,58,1.277555,104.74,472.755,1220.891,0,4,compressed_ring_ar
1778546360.8844552,9,59,1.322748,96.12,402.886,1326.899,0,4,compressed_ring_ar
1778546362.134268,9,60,1.355062,106.02,285.189,1202.831,0,4,compressed_ring_ar
1778546363.3146398,9,61,1.213948,112.08,218.42,1136.852,0,4,compressed_ring_ar
1778546364.546332,9,62,1.395445,107.91,361.939,1179.896,0,4,compressed_ring_ar
1778546365.6596305,9,63,1.316771,119.29,133.296,1072.43,0,4,compressed_ring_ar
1778546367.128657,9,64,1.215857,94.57,796.649,1352.119,0,4,compressed_ring_ar
1778546368.4884708,9,65,1.194746,99.03,651.963,1291.848,0,4,compressed_ring_ar
1778546369.8175557,9,66,1.259339,102.42,556.716,1247.417,0,4,compressed_ring_ar
1778546371.0978987,9,67,1.314049,104.59,261.535,1222.521,0,4,compressed_ring_ar
1778546372.3654761,9,68,1.205884,106.03,328.699,1206.003,0,4,compressed_ring_ar
1778546373.7118635,9,69,1.267105,99.33,435.954,1287.535,0,4,compressed_ring_ar
1778546375.022783,9,70,1.186275,103.26,527.361,1234.39,0,4,compressed_ring_ar
1778546376.174262,9,71,1.33808,118.61,384.85,1073.132,0,4,compressed_ring_ar
1778546377.522325,9,72,1.277633,97.83,198.063,1303.76,0,4,compressed_ring_ar
1778546378.7160356,9,73,1.140263,112.87,224.384,1129.218,0,4,compressed_ring_ar
1778546380.2009394,9,74,1.445729,88.98,250.992,1437.164,0,4,compressed_ring_ar
1778546381.579701,9,75,1.234614,97.81,384.816,1307.254,0,4,compressed_ring_ar
1778546382.5974665,9,76,1.377109,133.59,166.729,957.654,0,4,compressed_ring_ar
1778546383.9809413,9,77,1.286,98.57,719.88,1297.314,0,4,compressed_ring_ar
1778546385.2547786,9,78,1.148347,105.05,244.179,1217.512,0,4,compressed_ring_ar
1778546386.4918737,9,79,1.314336,109.67,377.511,1164.554,0,4,compressed_ring_ar
1778546387.803973,9,80,1.202945,103.89,408.968,1230.906,0,4,compressed_ring_ar
1778546389.2518163,9,81,1.188958,92.29,156.678,1384.868,0,4,compressed_ring_ar
1778546390.469685,9,82,1.184479,109.46,269.65,1168.323,0,4,compressed_ring_ar
1778546391.81451,9,83,1.183346,100.49,181.524,1272.132,0,4,compressed_ring_ar
1778546393.0708318,9,84,1.276703,107.64,403.573,1187.763,0,4,compressed_ring_ar
1778546394.5338268,9,85,1.029151,92.27,387.429,1380.691,0,4,compressed_ring_ar
1778546395.7876632,9,86,1.409497,106.75,207.867,1194.191,0,4,compressed_ring_ar
1778546397.0808702,9,87,1.358888,102.22,227.827,1247.615,0,4,compressed_ring_ar
1778546398.3979936,9,88,1.310293,100.44,218.466,1268.112,0,4,compressed_ring_ar
1778546399.865982,9,89,1.147117,90.31,244.291,1412.843,0,4,compressed_ring_ar
1778546401.161794,9,90,1.154446,103.9,234.872,1230.646,0,4,compressed_ring_ar
1778546402.4279401,9,91,1.222507,106.65,198.613,1198.95,0,4,compressed_ring_ar
1778546403.6179123,9,92,1.203522,112.81,352.26,1133.579,0,4,compressed_ring_ar
1778546404.8736145,9,93,1.415131,109.07,593.645,1172.322,0,4,compressed_ring_ar
1778546406.3077478,9,94,1.409488,94.47,678.916,1350.339,0,4,compressed_ring_ar
1778546407.878295,9,95,1.216204,83.9,376.12,1521.046,0,4,compressed_ring_ar
1778546409.1601634,9,96,1.167175,103.3,412.126,1237.983,0,4,compressed_ring_ar
1778546410.430073,9,97,1.288235,69.14,248.739,1205.187,0,4,compressed_ring_ar
1778546422.00221,10,0,1.126863,86.67,468.582,1469.411,0,4,compressed_ring_ar
1778546423.2194872,10,1,1.250694,108.53,200.241,1174.155,0,4,compressed_ring_ar
1778546424.4671938,10,2,1.182836,105.98,379.255,1206.499,0,4,compressed_ring_ar
1778546425.5399573,10,3,1.427798,127.74,214.676,997.241,0,4,compressed_ring_ar
1778546426.9545057,10,4,1.287743,93.2,204.376,1368.884,0,4,compressed_ring_ar
1778546428.2616751,10,5,1.137762,102.91,195.664,1237.411,0,4,compressed_ring_ar
1778546429.5553606,10,6,1.224966,102.24,310.712,1247.738,0,4,compressed_ring_ar
1778546430.8128352,10,7,1.180468,107.17,196.945,1189.11,0,4,compressed_ring_ar
1778546432.1712003,10,8,1.123747,97.26,367.542,1310.141,0,4,compressed_ring_ar
1778546433.3843057,10,9,1.266155,108.93,381.315,1172.709,0,4,compressed_ring_ar
1778546435.0057068,10,10,1.273888,81.3,426.04,1570.901,0,4,compressed_ring_ar
1778546436.4578383,10,11,1.199516,90.98,222.246,1401.001,0,4,compressed_ring_ar
1778546437.6894133,10,12,1.216572,107.7,205.392,1186.506,0,4,compressed_ring_ar
1778546438.9915102,10,13,1.286988,101.63,333.164,1254.221,0,4,compressed_ring_ar
1778546440.2943723,10,14,1.205834,101.79,194.655,1254.116,0,4,compressed_ring_ar
1778546441.705449,10,15,1.400641,93.1,734.827,1369.859,0,4,compressed_ring_ar
1778546443.0902064,10,16,1.224884,94.9,337.741,1341.485,0,4,compressed_ring_ar
1778546444.3795302,10,17,1.173691,104.49,196.635,1220.389,0,4,compressed_ring_ar
1778546445.5798576,10,18,1.240978,112.34,206.218,1132.392,0,4,compressed_ring_ar
1778546446.9662766,10,19,1.151648,94.83,331.735,1345.114,0,4,compressed_ring_ar
1778546448.186006,10,20,1.289341,108.86,191.195,1169.639,0,4,compressed_ring_ar
1778546449.6764045,10,21,1.230549,87.96,430.119,1453.495,0,4,compressed_ring_ar
1778546451.0325534,10,22,1.197794,97.18,276.674,1315.712,0,4,compressed_ring_ar
1778546452.4672782,10,23,1.369159,92.11,205.585,1384.908,0,4,compressed_ring_ar
1778546453.7233407,10,24,1.246292,105.36,225.251,1213.696,0,4,compressed_ring_ar
1778546455.0611591,10,25,1.187211,101.65,349.237,1257.806,0,4,compressed_ring_ar
1778546456.4582345,10,26,1.25722,95.09,195.296,1344.643,0,4,compressed_ring_ar
1778546457.8282247,10,27,1.274942,96.39,201.801,1326.561,0,4,compressed_ring_ar
1778546459.121622,10,28,1.237264,102.05,411.717,1252.047,0,4,compressed_ring_ar
1778546460.5356948,10,29,1.265006,94.21,391.588,1357.285,0,4,compressed_ring_ar
1778546462.007533,10,30,1.203882,89.52,179.495,1426.958,0,4,compressed_ring_ar
1778546463.4405818,10,31,1.197843,92.3,212.062,1380.13,0,4,compressed_ring_ar
1778546464.7623308,10,32,1.361295,100.08,206.413,1276.71,0,4,compressed_ring_ar
1778546466.1476386,10,33,1.211714,95.58,385.076,1332.018,0,4,compressed_ring_ar
1778546467.3757641,10,34,1.244522,108.18,221.403,1179.38,0,4,compressed_ring_ar
1778546468.600868,10,35,1.354466,108.59,317.019,1172.114,0,4,compressed_ring_ar
1778546469.8076258,10,36,1.294572,109.63,187.536,1164.916,0,4,compressed_ring_ar
1778546471.1267495,10,37,1.253633,100.37,433.901,1273.688,0,4,compressed_ring_ar
1778546472.6969442,10,38,1.185551,84.08,259.887,1517.495,0,4,compressed_ring_ar
1778546473.982313,10,39,1.307218,102.14,360.657,1245.583,0,4,compressed_ring_ar
1778546475.33855,10,40,1.262813,97.1,209.615,1312.487,0,4,compressed_ring_ar
1778546476.6392825,10,41,1.488652,102.11,378.761,1249.174,0,4,compressed_ring_ar
1778546477.9188097,10,42,1.128784,103.16,331.709,1236.68,0,4,compressed_ring_ar
1778546479.282044,10,43,1.13155,97.28,217.143,1313.347,0,4,compressed_ring_ar
1778546480.6225498,10,44,1.243235,98.61,309.761,1293.778,0,4,compressed_ring_ar
1778546481.9399729,10,45,1.328513,100.54,222.399,1272.065,0,4,compressed_ring_ar
1778546483.4527678,10,46,1.203693,88.36,285.709,1447.415,0,4,compressed_ring_ar
1778546484.7872288,10,47,1.113752,99.71,264.958,1282.387,0,4,compressed_ring_ar
1778546486.1616452,10,48,1.262734,96.28,310.653,1328.198,0,4,compressed_ring_ar
1778546487.710846,10,49,1.563357,86.08,330.361,1481.57,0,4,compressed_ring_ar
1778546488.9738035,10,50,1.216708,105.87,313.861,1207.76,0,4,compressed_ring_ar
1778546490.3939013,10,51,1.199045,96.44,777.41,1324.504,0,4,compressed_ring_ar
1778546491.8560345,10,52,1.249272,90.54,629.272,1408.352,0,4,compressed_ring_ar
1778546493.1491904,10,53,1.383913,101.71,206.235,1257.052,0,4,compressed_ring_ar
1778546494.493799,10,54,1.325728,97.85,346.536,1301.344,0,4,compressed_ring_ar
1778546495.8460352,10,55,1.31941,98.05,345.11,1304.08,0,4,compressed_ring_ar
1778546497.1690814,10,56,1.1805,99.62,307.91,1283.298,0,4,compressed_ring_ar
1778546498.5926554,10,57,1.096349,92.86,390.728,1377.009,0,4,compressed_ring_ar
1778546500.0129814,10,58,1.297373,93.14,202.831,1369.74,0,4,compressed_ring_ar
1778546501.407137,10,59,1.070568,94.68,179.629,1349.456,0,4,compressed_ring_ar
1778546502.8839073,10,60,1.377128,89.87,726.112,1417.016,0,4,compressed_ring_ar
1778546504.1390636,10,61,1.234891,105.04,199.558,1213.435,0,4,compressed_ring_ar
1778546505.4881713,10,62,1.301866,98.01,215.038,1304.617,0,4,compressed_ring_ar
1778546506.8924005,10,63,1.264255,94.51,207.349,1352.944,0,4,compressed_ring_ar
1778546508.3054655,10,64,1.272116,94.56,184.4,1352.31,0,4,compressed_ring_ar
1778546509.7266371,10,65,1.154783,93.68,202.075,1363.882,0,4,compressed_ring_ar
1778546511.0700374,10,66,1.295226,98.69,393.011,1292.261,0,4,compressed_ring_ar
1778546512.3997881,10,67,1.180767,98.9,198.609,1287.99,0,4,compressed_ring_ar
1778546513.7541406,10,68,1.263464,97.41,141.613,1311.504,0,4,compressed_ring_ar
1778546515.1698232,10,69,1.139687,94.24,360.508,1349.478,0,4,compressed_ring_ar
1778546516.4755843,10,70,1.259708,101.03,196.382,1262.487,0,4,compressed_ring_ar
1778546517.7026048,10,71,1.023927,108.8,206.359,1171.87,0,4,compressed_ring_ar
1778546518.9752011,10,72,1.080003,103.57,335.075,1231.266,0,4,compressed_ring_ar
1778546520.3692405,10,73,1.225518,94.54,217.726,1352.612,0,4,compressed_ring_ar
1778546521.8983219,10,74,1.280431,88.03,511.765,1447.37,0,4,compressed_ring_ar
1778546523.0229068,10,75,1.277622,120.17,272.356,1063.95,0,4,compressed_ring_ar
1778546524.3949401,10,76,1.241677,96.14,190.582,1330.18,0,4,compressed_ring_ar
1778546525.8167264,10,77,1.338304,92.71,350.138,1378.436,0,4,compressed_ring_ar
1778546527.2657642,10,78,1.417744,91.86,368.2,1388.949,0,4,compressed_ring_ar
1778546528.612301,10,79,1.273234,98.0,188.506,1303.827,0,4,compressed_ring_ar
1778546530.2244182,10,80,1.226764,81.22,276.968,1571.363,0,4,compressed_ring_ar
1778546531.5531368,10,81,1.174031,102.5,209.532,1244.487,0,4,compressed_ring_ar
1778546532.7357569,10,82,1.203356,112.53,430.768,1135.881,0,4,compressed_ring_ar
1778546534.0726483,10,83,1.032731,98.75,191.653,1294.808,0,4,compressed_ring_ar
1778546535.462808,10,84,1.234742,95.18,280.44,1341.473,0,4,compressed_ring_ar
1778546536.7733967,10,85,1.12435,102.03,346.768,1253.41,0,4,compressed_ring_ar
1778546538.22257,10,86,1.149414,92.13,568.715,1387.446,0,4,compressed_ring_ar
1778546539.52143,10,87,1.233459,102.22,176.95,1248.091,0,4,compressed_ring_ar
1778546540.8819938,10,88,1.324243,99.0,222.016,1286.905,0,4,compressed_ring_ar
1778546542.1957633,10,89,1.275381,100.84,258.421,1267.282,0,4,compressed_ring_ar
1778546543.5694604,10,90,1.155429,98.31,355.941,1300.02,0,4,compressed_ring_ar
1778546545.046842,10,91,1.257369,89.62,242.148,1427.149,0,4,compressed_ring_ar
1778546546.6068923,10,92,1.329789,85.29,202.425,1498.667,0,4,compressed_ring_ar
1778546548.0600393,10,93,1.18502,93.19,196.245,1368.96,0,4,compressed_ring_ar
1778546549.421566,10,94,1.147331,97.1,208.531,1313.634,0,4,compressed_ring_ar
1778546550.6400023,10,95,1.239418,108.46,241.924,1175.541,0,4,compressed_ring_ar
1778546552.0738077,10,96,1.1202,91.69,227.461,1390.188,0,4,compressed_ring_ar
1778546553.2779157,10,97,1.346416,71.46,236.643,1166.197,0,4,compressed_ring_ar
1778546565.417286,11,0,1.273474,75.67,547.532,1689.139,0,4,compressed_ring_ar
1778546566.8180354,11,1,1.163138,98.48,294.522,1298.508,0,4,compressed_ring_ar
1778546568.1902864,11,2,1.069151,96.12,366.284,1325.925,0,4,compressed_ring_ar
1778546569.4360845,11,3,1.245359,109.14,356.432,1168.702,0,4,compressed_ring_ar
1778546570.682512,11,4,1.145725,106.16,156.452,1203.874,0,4,compressed_ring_ar
1778546572.100451,11,5,1.128734,95.44,525.12,1335.931,0,4,compressed_ring_ar
1778546573.4681256,11,6,1.279718,96.51,356.973,1321.16,0,4,compressed_ring_ar
1778546574.6947632,11,7,1.259671,108.56,216.995,1174.308,0,4,compressed_ring_ar
1778546575.9146414,11,8,1.23726,108.86,272.956,1170.1,0,4,compressed_ring_ar
1778546577.2701964,11,9,1.223314,97.0,397.282,1318.113,0,4,compressed_ring_ar
1778546578.605523,11,10,1.150774,98.86,187.954,1289.928,0,4,compressed_ring_ar
1778546579.9132543,11,11,1.206116,101.56,221.036,1255.688,0,4,compressed_ring_ar
1778546581.1822157,11,12,1.241678,104.67,201.616,1220.052,0,4,compressed_ring_ar
1778546582.41573,11,13,1.114791,107.29,440.905,1191.812,0,4,compressed_ring_ar
1778546583.8883708,11,14,1.032243,91.89,731.55,1388.059,0,4,compressed_ring_ar
1778546585.2365906,11,15,1.215465,99.45,180.101,1283.736,0,4,compressed_ring_ar
1778546586.5854416,11,16,1.237955,98.21,230.403,1296.722,0,4,compressed_ring_ar
1778546587.9076357,11,17,1.133454,99.77,324.147,1281.762,0,4,compressed_ring_ar
1778546589.03268,11,18,1.134977,120.56,198.096,1060.379,0,4,compressed_ring_ar
1778546590.1681693,11,19,1.309368,118.38,196.368,1079.012,0,4,compressed_ring_ar
1778546591.6269786,11,20,1.290983,90.13,526.006,1418.752,0,4,compressed_ring_ar
1778546592.8893695,11,21,1.322214,105.24,315.528,1214.884,0,4,compressed_ring_ar
1778546594.265737,11,22,1.199208,99.21,697.816,1287.214,0,4,compressed_ring_ar
1778546595.7312534,11,23,1.127455,90.08,565.125,1416.564,0,4,compressed_ring_ar
1778546597.2352967,11,24,1.260674,87.32,298.87,1465.42,0,4,compressed_ring_ar
1778546598.6059883,11,25,1.1505,99.69,232.107,1280.954,0,4,compressed_ring_ar
1778546600.0521073,11,26,1.296833,92.14,232.941,1382.415,0,4,compressed_ring_ar
1778546601.2663727,11,27,1.179792,108.87,306.651,1173.578,0,4,compressed_ring_ar
1778546602.5786595,11,28,1.091178,100.98,329.693,1262.881,0,4,compressed_ring_ar
1778546603.8872228,11,29,1.123066,101.1,237.721,1260.687,0,4,compressed_ring_ar
1778546605.1570761,11,30,1.243074,104.78,211.663,1219.021,0,4,compressed_ring_ar
1778546606.5451844,11,31,1.273281,94.95,301.661,1344.642,0,4,compressed_ring_ar
1778546607.8873503,11,32,1.105503,98.09,452.089,1303.551,0,4,compressed_ring_ar
1778546609.2527428,11,33,1.174658,96.52,369.336,1324.925,0,4,compressed_ring_ar
1778546610.666188,11,34,1.363765,94.63,210.173,1346.334,0,4,compressed_ring_ar
1778546611.989678,11,35,1.293491,101.39,185.114,1260.986,0,4,compressed_ring_ar
1778546613.4246845,11,36,1.176596,91.9,205.371,1391.479,0,4,compressed_ring_ar
1778546614.9446597,11,37,1.225427,86.36,234.237,1473.582,0,4,compressed_ring_ar
1778546616.189849,11,38,1.403856,105.82,207.524,1207.426,0,4,compressed_ring_ar
1778546617.620456,11,39,1.093955,91.93,353.762,1390.878,0,4,compressed_ring_ar
1778546619.0563977,11,40,1.31524,91.85,218.775,1392.39,0,4,compressed_ring_ar
1778546620.3694267,11,41,1.332716,101.26,178.103,1261.135,0,4,compressed_ring_ar
1778546621.7476668,11,42,1.08943,96.39,322.075,1326.509,0,4,compressed_ring_ar
1778546623.0614123,11,43,1.242882,100.39,312.966,1272.59,0,4,compressed_ring_ar
1778546624.504614,11,44,1.102918,91.49,168.795,1395.337,0,4,compressed_ring_ar
1778546625.9817715,11,45,1.108148,88.96,283.968,1437.524,0,4,compressed_ring_ar
1778546627.584161,11,46,1.282712,81.86,457.444,1557.822,0,4,compressed_ring_ar
1778546629.1424687,11,47,1.174921,84.44,374.298,1511.618,0,4,compressed_ring_ar
1778546630.5441217,11,48,1.273675,94.26,173.455,1356.736,0,4,compressed_ring_ar
1778546632.193395,11,49,1.193519,80.45,234.215,1590.53,0,4,compressed_ring_ar
1778546633.6220965,11,50,1.098014,94.17,185.359,1357.761,0,4,compressed_ring_ar
1778546634.9455013,11,51,1.221513,99.69,325.432,1281.876,0,4,compressed_ring_ar
1778546636.323976,11,52,1.314858,95.49,186.711,1332.5,0,4,compressed_ring_ar
1778546637.50786,11,53,1.199028,112.43,178.653,1134.635,0,4,compressed_ring_ar
1778546638.8285348,11,54,1.072377,101.08,234.207,1264.91,0,4,compressed_ring_ar
1778546640.1761887,11,55,1.31443,98.03,272.368,1304.36,0,4,compressed_ring_ar
1778546641.5645993,11,56,1.043472,95.65,280.278,1337.096,0,4,compressed_ring_ar
1778546643.0159254,11,57,1.176718,93.11,199.318,1373.065,0,4,compressed_ring_ar
1778546644.4382517,11,58,1.14542,92.4,371.589,1379.878,0,4,compressed_ring_ar
1778546645.74063,11,59,1.032851,101.81,214.577,1252.239,0,4,compressed_ring_ar
1778546646.99622,11,60,1.306555,105.4,208.368,1213.848,0,4,compressed_ring_ar
1778546648.3168058,11,61,1.134559,102.29,709.012,1250.187,0,4,compressed_ring_ar
1778546649.679245,11,62,1.085549,100.61,646.962,1270.129,0,4,compressed_ring_ar
1778546651.0279973,11,63,1.089442,99.43,445.198,1282.638,0,4,compressed_ring_ar
1778546652.3725088,11,64,1.141407,98.98,190.231,1288.367,0,4,compressed_ring_ar
1778546653.9075415,11,65,1.118733,85.52,304.618,1493.053,0,4,compressed_ring_ar
1778546655.2311103,11,66,1.091372,102.23,155.685,1250.312,0,4,compressed_ring_ar
1778546656.716823,11,67,1.149202,91.35,384.128,1396.616,0,4,compressed_ring_ar
1778546658.0789328,11,68,1.11555,97.18,225.984,1311.757,0,4,compressed_ring_ar
1778546659.3528254,11,69,1.151397,104.43,208.223,1221.056,0,4,compressed_ring_ar
1778546660.7897623,11,70,1.196413,91.85,389.368,1385.004,0,4,compressed_ring_ar
1778546662.0521603,11,71,1.168447,104.39,332.432,1223.662,0,4,compressed_ring_ar
1778546663.3313477,11,72,1.137082,103.32,359.244,1236.12,0,4,compressed_ring_ar
1778546664.7133687,11,73,1.153867,96.02,216.658,1328.165,0,4,compressed_ring_ar
1778546665.9420726,11,74,1.195843,107.46,196.763,1185.938,0,4,compressed_ring_ar
1778546667.1626658,11,75,1.077302,108.81,277.606,1171.955,0,4,compressed_ring_ar
1778546668.4764757,11,76,1.001206,101.54,176.457,1258.569,0,4,compressed_ring_ar
1778546669.803892,11,77,1.112702,99.13,414.869,1287.718,0,4,compressed_ring_ar
1778546671.2536492,11,78,1.101975,90.94,657.028,1406.229,0,4,compressed_ring_ar
1778546672.630206,11,79,1.297532,95.87,313.667,1330.379,0,4,compressed_ring_ar
1778546673.8469002,11,80,1.164724,108.96,202.441,1170.436,0,4,compressed_ring_ar
1778546675.111572,11,81,1.093356,105.81,320.884,1207.363,0,4,compressed_ring_ar
1778546676.4162183,11,82,1.070229,101.16,282.762,1264.451,0,4,compressed_ring_ar
1778546677.7013247,11,83,1.147047,105.32,650.186,1212.895,0,4,compressed_ring_ar
1778546679.0469959,11,84,1.051093,99.3,152.047,1287.382,0,4,compressed_ring_ar
1778546680.3079607,11,85,1.115535,106.76,351.553,1196.384,0,4,compressed_ring_ar
1778546681.8333745,11,86,1.235781,86.64,380.372,1475.119,0,4,compressed_ring_ar
1778546682.9562933,11,87,1.080529,121.95,213.522,1047.338,0,4,compressed_ring_ar
1778546684.3088908,11,88,1.307856,97.34,352.489,1309.056,0,4,compressed_ring_ar
1778546685.5651584,11,89,1.321339,105.19,190.014,1209.712,0,4,compressed_ring_ar
1778546686.8227332,11,90,1.136178,104.51,311.317,1217.679,0,4,compressed_ring_ar
1778546688.1406567,11,91,1.08789,100.01,354.369,1274.982,0,4,compressed_ring_ar
1778546689.4310827,11,92,1.2251,104.35,192.652,1219.509,0,4,compressed_ring_ar
1778546690.664482,11,93,1.112642,106.75,213.379,1193.784,0,4,compressed_ring_ar
1778546691.8816724,11,94,1.099861,108.61,217.75,1176.83,0,4,compressed_ring_ar
1778546693.115554,11,95,1.03851,109.52,383.254,1163.686,0,4,compressed_ring_ar
1778546694.5670605,11,96,1.09655,91.05,200.659,1398.208,0,4,compressed_ring_ar
1778546695.6015124,11,97,1.393292,84.4,130.041,989.302,0,4,compressed_ring_ar
1778546707.0847027,12,0,1.194444,102.54,163.935,1246.283,0,4,compressed_ring_ar
1778546708.5708535,12,1,1.196007,91.14,488.57,1403.092,0,4,compressed_ring_ar
1778546709.9018073,12,2,1.25058,101.15,199.154,1257.706,0,4,compressed_ring_ar
1778546711.0873246,12,3,1.129518,111.77,203.011,1143.682,0,4,compressed_ring_ar
1778546712.5125756,12,4,1.146111,93.69,367.656,1363.565,0,4,compressed_ring_ar
1778546713.7770767,12,5,1.176905,105.11,341.313,1215.264,0,4,compressed_ring_ar
1778546715.14928,12,6,1.173891,98.34,363.856,1297.787,0,4,compressed_ring_ar
1778546716.776196,12,7,1.163628,82.07,428.482,1558.264,0,4,compressed_ring_ar
1778546718.1745985,12,8,1.215032,95.37,147.319,1340.347,0,4,compressed_ring_ar
1778546719.4735088,12,9,1.173838,104.2,547.967,1226.419,0,4,compressed_ring_ar
1778546720.8509014,12,10,1.087538,99.32,572.798,1287.635,0,4,compressed_ring_ar
1778546722.2776875,12,11,1.124792,93.82,687.568,1361.958,0,4,compressed_ring_ar
1778546723.6411147,12,12,1.189834,97.13,315.552,1316.357,0,4,compressed_ring_ar
1778546724.8601902,12,13,1.148215,109.18,153.817,1171.42,0,4,compressed_ring_ar
1778546726.2879941,12,14,1.162532,95.0,641.688,1345.992,0,4,compressed_ring_ar
1778546727.7178226,12,15,1.144827,92.59,244.212,1377.391,0,4,compressed_ring_ar
1778546728.981955,12,16,1.333742,104.41,257.514,1220.294,0,4,compressed_ring_ar
1778546730.2055197,12,17,1.128183,108.69,140.878,1176.753,0,4,compressed_ring_ar
1778546731.5297005,12,18,1.217694,102.16,268.071,1251.858,0,4,compressed_ring_ar
1778546732.787376,12,19,1.043585,108.04,414.112,1182.027,0,4,compressed_ring_ar
1778546734.190787,12,20,1.256738,95.13,391.162,1343.694,0,4,compressed_ring_ar
1778546735.4895859,12,21,1.171988,103.1,414.255,1237.267,0,4,compressed_ring_ar
1778546736.6949008,12,22,1.307796,111.68,307.559,1142.351,0,4,compressed_ring_ar
1778546737.9849691,12,23,1.250464,102.51,227.658,1243.957,0,4,compressed_ring_ar
1778546739.2925212,12,24,1.124414,101.54,199.818,1258.712,0,4,compressed_ring_ar
1778546740.5953965,12,25,1.013422,102.73,216.744,1240.236,0,4,compressed_ring_ar
1778546741.810875,12,26,1.11304,109.38,220.456,1165.445,0,4,compressed_ring_ar
1778546743.2087808,12,27,1.173122,94.19,422.074,1351.885,0,4,compressed_ring_ar
1778546744.4060018,12,28,1.02176,110.62,212.093,1155.995,0,4,compressed_ring_ar
1778546745.8053293,12,29,1.240709,95.54,277.561,1338.381,0,4,compressed_ring_ar
1778546747.1830788,12,30,1.204988,96.05,201.387,1331.218,0,4,compressed_ring_ar
1778546748.8370564,12,31,1.327376,79.88,386.259,1601.079,0,4,compressed_ring_ar
1778546750.4358907,12,32,1.172021,82.56,228.159,1548.932,0,4,compressed_ring_ar
1778546751.9084673,12,33,1.154683,89.36,333.583,1431.087,0,4,compressed_ring_ar
1778546753.3563993,12,34,0.999745,92.56,244.185,1381.601,0,4,compressed_ring_ar
1778546754.703372,12,35,1.050118,98.13,320.116,1303.013,0,4,compressed_ring_ar
1778546756.0439105,12,36,1.073114,100.16,221.192,1276.586,0,4,compressed_ring_ar
1778546757.5184214,12,37,1.177722,90.04,350.051,1416.854,0,4,compressed_ring_ar
1778546758.8397686,12,38,1.082516,100.01,196.692,1278.61,0,4,compressed_ring_ar
1778546760.147695,12,39,1.147601,101.44,286.432,1257.107,0,4,compressed_ring_ar
1778546761.3955162,12,40,1.164276,106.32,222.559,1199.692,0,4,compressed_ring_ar
1778546762.7148564,12,41,1.072312,101.58,237.085,1255.366,0,4,compressed_ring_ar
1778546763.973565,12,42,1.132681,105.85,194.415,1204.226,0,4,compressed_ring_ar
1778546765.2563255,12,43,1.136088,103.01,181.923,1241.452,0,4,compressed_ring_ar
1778546766.755747,12,44,1.070032,88.9,498.079,1435.656,0,4,compressed_ring_ar
1778546768.057091,12,45,1.260988,101.66,145.609,1257.005,0,4,compressed_ring_ar
1778546769.6188154,12,46,1.195616,84.94,468.506,1501.569,0,4,compressed_ring_ar
1778546770.8842015,12,47,1.180655,104.5,204.25,1221.108,0,4,compressed_ring_ar
1778546772.3184745,12,48,1.275866,91.84,267.015,1392.35,0,4,compressed_ring_ar
1778546773.6723545,12,49,1.241779,99.18,227.144,1286.782,0,4,compressed_ring_ar
1778546774.802244,12,50,1.190438,117.41,143.434,1086.91,0,4,compressed_ring_ar
1778546776.243628,12,51,1.263828,92.28,634.419,1384.423,0,4,compressed_ring_ar
1778546777.6456816,12,52,1.21679,94.01,420.703,1356.988,0,4,compressed_ring_ar
1778546778.7716312,12,53,1.16694,118.42,144.142,1079.383,0,4,compressed_ring_ar
1778546780.206965,12,54,1.050874,93.39,691.651,1369.391,0,4,compressed_ring_ar
1778546781.680732,12,55,1.179532,90.87,493.574,1407.32,0,4,compressed_ring_ar
1778546782.8222113,12,56,1.30062,119.16,157.061,1073.46,0,4,compressed_ring_ar
1778546784.2312217,12,57,1.036355,95.2,483.588,1341.947,0,4,compressed_ring_ar
1778546785.6741118,12,58,1.049285,91.4,217.358,1395.928,0,4,compressed_ring_ar
1778546786.9127016,12,59,1.108838,108.06,145.32,1183.173,0,4,compressed_ring_ar
1778546788.2108738,12,60,1.117965,102.44,352.309,1248.236,0,4,compressed_ring_ar
1778546789.6387842,12,61,1.069156,94.22,243.171,1349.512,0,4,compressed_ring_ar
1778546790.8783324,12,62,1.099778,107.01,217.89,1189.897,0,4,compressed_ring_ar
1778546792.1885357,12,63,1.06367,104.2,276.01,1223.818,0,4,compressed_ring_ar
1778546793.2890522,12,64,1.074726,120.78,151.434,1058.319,0,4,compressed_ring_ar
1778546794.8112104,12,65,1.080367,90.15,578.351,1416.222,0,4,compressed_ring_ar
1778546795.8841856,12,66,1.201902,125.51,121.906,1018.694,0,4,compressed_ring_ar
1778546797.068616,12,67,1.351918,114.46,622.917,1117.36,0,4,compressed_ring_ar
1778546798.29362,12,68,1.138558,112.14,543.836,1140.329,0,4,compressed_ring_ar
1778546799.7435284,12,69,1.222477,91.28,417.933,1397.395,0,4,compressed_ring_ar
1778546801.0105548,12,70,1.10089,105.76,191.087,1200.096,0,4,compressed_ring_ar
1778546802.530997,12,71,1.239223,90.85,468.37,1406.372,0,4,compressed_ring_ar
1778546803.9122386,12,72,1.051015,96.57,359.467,1319.741,0,4,compressed_ring_ar
1778546805.1926162,12,73,1.099409,103.16,195.766,1235.993,0,4,compressed_ring_ar
1778546806.3455796,12,74,1.327959,114.48,196.131,1113.252,0,4,compressed_ring_ar
1778546807.6101317,12,75,1.243046,104.33,164.712,1225.622,0,4,compressed_ring_ar
1778546808.815456,12,76,1.178971,111.44,363.99,1146.028,0,4,compressed_ring_ar
1778546810.1706908,12,77,1.019567,99.43,495.801,1284.872,0,4,compressed_ring_ar
1778546811.744619,12,78,1.106161,83.86,219.268,1524.9,0,4,compressed_ring_ar
1778546813.3108015,12,79,1.399435,85.58,218.38,1489.903,0,4,compressed_ring_ar
1778546814.6163263,12,80,1.05762,101.17,207.217,1257.687,0,4,compressed_ring_ar
1778546815.7422051,12,81,1.273832,117.13,181.41,1090.723,0,4,compressed_ring_ar
1778546816.9897683,12,82,1.056033,106.07,238.132,1205.341,0,4,compressed_ring_ar
1778546818.19852,12,83,1.306234,109.29,259.446,1168.869,0,4,compressed_ring_ar
1778546819.4866703,12,84,1.225123,103.11,329.148,1240.21,0,4,compressed_ring_ar
1778546820.7365801,12,85,1.215968,107.87,373.359,1185.319,0,4,compressed_ring_ar
1778546821.940627,12,86,1.166812,112.81,615.032,1133.457,0,4,compressed_ring_ar
1778546823.3692262,12,87,1.346506,94.65,795.174,1349.38,0,4,compressed_ring_ar
1778546824.7414742,12,88,1.208973,96.63,374.927,1319.919,0,4,compressed_ring_ar
1778546826.0670757,12,89,1.01223,99.07,338.581,1285.135,0,4,compressed_ring_ar
1778546827.3202915,12,90,0.98862,108.56,217.897,1174.203,0,4,compressed_ring_ar
1778546828.6974952,12,91,1.114715,95.83,238.643,1329.001,0,4,compressed_ring_ar
1778546829.964896,12,92,1.232327,104.47,214.564,1221.313,0,4,compressed_ring_ar
1778546831.1361127,12,93,1.224972,114.13,357.805,1117.684,0,4,compressed_ring_ar
1778546832.4987411,12,94,1.322509,97.27,269.448,1308.683,0,4,compressed_ring_ar
1778546833.8967059,12,95,1.308271,94.84,229.975,1347.622,0,4,compressed_ring_ar
1778546835.3714323,12,96,1.179238,90.66,473.565,1405.314,0,4,compressed_ring_ar
1778546836.6759107,12,97,0.92791,65.61,222.893,1277.417,0,4,compressed_ring_ar
1778546848.3583612,13,0,1.029198,88.21,603.295,1449.692,0,4,compressed_ring_ar
1778546849.7748318,13,1,1.132509,94.31,210.493,1353.039,0,4,compressed_ring_ar
1778546851.1032035,13,2,1.289147,101.85,175.507,1253.29,0,4,compressed_ring_ar
1778546852.6363354,13,3,1.145696,85.75,481.033,1491.397,0,4,compressed_ring_ar
1778546854.1008835,13,4,1.144225,90.19,201.216,1416.525,0,4,compressed_ring_ar
1778546855.6164143,13,5,1.11986,86.81,508.453,1470.028,0,4,compressed_ring_ar
1778546857.0387073,13,6,1.085776,92.91,379.604,1376.17,0,4,compressed_ring_ar
1778546858.467909,13,7,1.244162,92.1,374.629,1384.511,0,4,compressed_ring_ar
1778546859.7183297,13,8,1.05229,106.55,321.459,1200.058,0,4,compressed_ring_ar
1778546861.0723639,13,9,1.184799,98.42,196.415,1295.398,0,4,compressed_ring_ar
1778546862.4278438,13,10,1.143817,98.39,338.215,1296.205,0,4,compressed_ring_ar
1778546863.8420596,13,11,1.124141,94.68,216.937,1350.547,0,4,compressed_ring_ar
1778546864.941408,13,12,1.170753,124.44,234.779,1025.727,0,4,compressed_ring_ar
1778546866.2449918,13,13,1.106773,100.7,263.448,1269.793,0,4,compressed_ring_ar
1778546867.6134045,13,14,1.087141,99.22,307.267,1288.745,0,4,compressed_ring_ar
1778546868.9594688,13,15,1.11831,99.52,417.31,1281.15,0,4,compressed_ring_ar
1778546870.3126075,13,16,1.255566,97.56,348.542,1310.687,0,4,compressed_ring_ar
1778546871.6001546,13,17,1.077831,102.75,225.707,1244.418,0,4,compressed_ring_ar
1778546872.9573488,13,18,1.142897,100.33,202.656,1271.124,0,4,compressed_ring_ar
1778546874.1294172,13,19,1.133719,112.65,162.407,1134.936,0,4,compressed_ring_ar
1778546875.40347,13,20,1.014328,105.38,458.812,1213.44,0,4,compressed_ring_ar
1778546876.7787182,13,21,0.986665,100.22,132.652,1275.878,0,4,compressed_ring_ar
1778546878.2021272,13,22,1.12375,94.13,330.552,1357.647,0,4,compressed_ring_ar
1778546879.5718727,13,23,1.147873,96.37,196.941,1325.411,0,4,compressed_ring_ar
1778546880.906646,13,24,1.065052,101.19,244.939,1262.502,0,4,compressed_ring_ar
1778546882.4389749,13,25,0.959853,86.03,430.882,1480.143,0,4,compressed_ring_ar
1778546883.7597687,13,26,1.144427,100.87,214.083,1258.605,0,4,compressed_ring_ar
1778546885.0561714,13,27,1.214122,102.11,353.851,1250.796,0,4,compressed_ring_ar
1778546886.4344106,13,28,1.240532,96.12,194.493,1326.151,0,4,compressed_ring_ar
1778546887.5750563,13,29,1.24541,116.79,352.167,1090.306,0,4,compressed_ring_ar
1778546888.926378,13,30,1.070264,99.57,190.004,1277.845,0,4,compressed_ring_ar
1778546890.2131486,13,31,1.206015,102.81,298.807,1236.307,0,4,compressed_ring_ar
1778546891.7661958,13,32,1.180468,84.38,242.947,1515.529,0,4,compressed_ring_ar
1778546893.173968,13,33,1.181197,94.64,283.565,1344.917,0,4,compressed_ring_ar
1778546894.4836295,13,34,1.365493,100.45,288.651,1269.843,0,4,compressed_ring_ar
1778546895.7166226,13,35,1.078408,108.02,206.998,1182.174,0,4,compressed_ring_ar
1778546897.0872443,13,36,1.202344,97.18,201.383,1311.518,0,4,compressed_ring_ar
1778546898.4500396,13,37,1.220583,101.03,390.639,1262.681,0,4,compressed_ring_ar
1778546899.8708436,13,38,1.135102,93.58,218.442,1363.024,0,4,compressed_ring_ar
1778546901.1082351,13,39,1.220178,106.36,266.178,1193.007,0,4,compressed_ring_ar
1778546902.4343505,13,40,1.283639,99.02,203.154,1284.788,0,4,compressed_ring_ar
1778546903.6665998,13,41,0.984434,108.48,196.935,1172.97,0,4,compressed_ring_ar
1778546904.949092,13,42,1.183672,103.93,261.469,1224.269,0,4,compressed_ring_ar
1778546906.1575572,13,43,0.998086,109.38,290.514,1160.949,0,4,compressed_ring_ar
1778546907.3642416,13,44,1.12689,109.14,199.651,1167.49,0,4,compressed_ring_ar
1778546908.7126455,13,45,1.006142,98.02,343.279,1299.419,0,4,compressed_ring_ar
1778546909.9451911,13,46,1.164706,107.01,230.172,1191.636,0,4,compressed_ring_ar
1778546911.2192056,13,47,1.171615,104.13,240.624,1223.648,0,4,compressed_ring_ar
1778546912.4736476,13,48,1.101222,105.29,244.103,1208.607,0,4,compressed_ring_ar
1778546913.7461183,13,49,1.387263,103.69,227.325,1229.08,0,4,compressed_ring_ar
1778546914.9326525,13,50,1.201607,111.29,192.493,1145.325,0,4,compressed_ring_ar
1778546916.2421803,13,51,1.121295,101.52,215.519,1257.45,0,4,compressed_ring_ar
1778546917.4826071,13,52,1.094202,107.77,203.759,1183.285,0,4,compressed_ring_ar
1778546918.7369432,13,53,1.280754,105.45,205.073,1212.483,0,4,compressed_ring_ar
1778546920.205019,13,54,1.096544,89.44,486.705,1424.497,0,4,compressed_ring_ar
1778546921.4573927,13,55,1.129023,108.46,179.42,1179.19,0,4,compressed_ring_ar
1778546923.002974,13,56,1.158845,85.44,258.379,1492.937,0,4,compressed_ring_ar
1778546924.2455475,13,57,1.243835,109.7,330.678,1163.59,0,4,compressed_ring_ar
1778546925.5850503,13,58,1.195574,98.59,349.823,1292.849,0,4,compressed_ring_ar
1778546926.8232162,13,59,1.302783,107.03,184.593,1193.934,0,4,compressed_ring_ar
1778546928.1108239,13,60,1.01154,104.03,331.439,1225.74,0,4,compressed_ring_ar
1778546929.5440676,13,61,1.109242,92.13,213.532,1384.825,0,4,compressed_ring_ar
1778546930.9297645,13,62,1.336157,95.02,279.795,1345.489,0,4,compressed_ring_ar
1778546932.2668798,13,63,1.013516,100.75,284.943,1266.192,0,4,compressed_ring_ar
1778546933.5078297,13,64,1.051048,106.31,290.321,1202.967,0,4,compressed_ring_ar
1778546934.862735,13,65,1.077468,98.25,184.875,1295.892,0,4,compressed_ring_ar
1778546936.0292547,13,66,1.204454,113.24,245.769,1125.932,0,4,compressed_ring_ar
1778546937.2751565,13,67,1.174571,106.02,225.351,1205.227,0,4,compressed_ring_ar
1778546938.6397681,13,68,1.046923,97.44,196.601,1312.2,0,4,compressed_ring_ar
1778546940.1544666,13,69,1.219188,87.14,236.217,1467.729,0,4,compressed_ring_ar
1778546941.4490895,13,70,1.184869,103.32,336.166,1234.68,0,4,compressed_ring_ar
1778546942.869463,13,71,1.187145,93.97,225.604,1361.401,0,4,compressed_ring_ar
1778546944.0281594,13,72,1.185393,116.67,216.426,1093.198,0,4,compressed_ring_ar
1778546945.392778,13,73,1.0722,96.43,229.856,1326.021,0,4,compressed_ring_ar
1778546946.7590117,13,74,1.180603,96.23,342.546,1325.212,0,4,compressed_ring_ar
1778546948.0530448,13,75,1.210884,102.48,191.433,1246.596,0,4,compressed_ring_ar
1778546949.4200487,13,76,1.204841,98.1,395.167,1303.418,0,4,compressed_ring_ar
1778546950.7416506,13,77,1.366358,100.18,220.537,1270.887,0,4,compressed_ring_ar
1778546952.0027606,13,78,1.16343,105.08,198.358,1212.205,0,4,compressed_ring_ar
1778546953.3705285,13,79,1.144306,97.61,237.393,1309.888,0,4,compressed_ring_ar
1778546954.745623,13,80,0.993816,96.37,233.951,1326.308,0,4,compressed_ring_ar
1778546956.1165054,13,81,1.223665,97.57,352.99,1309.602,0,4,compressed_ring_ar
1778546957.4534285,13,82,1.242326,99.09,349.675,1290.559,0,4,compressed_ring_ar
1778546958.7671967,13,83,1.217222,101.99,572.265,1253.836,0,4,compressed_ring_ar
1778546960.046583,13,84,1.208982,105.59,468.73,1211.271,0,4,compressed_ring_ar
1778546961.5403907,13,85,1.01211,91.22,591.009,1401.901,0,4,compressed_ring_ar
1778546962.7935941,13,86,1.15994,105.9,126.996,1207.513,0,4,compressed_ring_ar
1778546964.1538947,13,87,1.098212,99.62,544.301,1283.669,0,4,compressed_ring_ar
1778546965.5036492,13,88,1.048955,101.42,749.392,1261.045,0,4,compressed_ring_ar
1778546966.8982685,13,89,1.068162,98.53,363.309,1298.233,0,4,compressed_ring_ar
1778546968.2105312,13,90,1.065064,104.3,377.25,1224.627,0,4,compressed_ring_ar
1778546969.449823,13,91,1.10079,108.19,286.864,1180.56,0,4,compressed_ring_ar
1778546970.7659228,13,92,1.203824,101.77,485.195,1256.746,0,4,compressed_ring_ar
1778546971.9999397,13,93,1.156947,108.4,462.112,1180.252,0,4,compressed_ring_ar
1778546973.253835,13,94,1.084315,109.13,361.247,1170.746,0,4,compressed_ring_ar
1778546974.5621817,13,95,1.108218,102.78,164.483,1243.133,0,4,compressed_ring_ar
1778546975.8966453,13,96,1.109203,101.55,451.751,1259.677,0,4,compressed_ring_ar
1778546977.083121,13,97,1.153486,73.66,464.554,1135.746,0,4,compressed_ring_ar
1778546988.74095,14,0,1.240994,97.66,266.292,1309.726,0,4,compressed_ring_ar
1778546990.0451157,14,1,1.045042,102.72,406.054,1244.946,0,4,compressed_ring_ar
1778546991.37275,14,2,1.160308,102.01,420.094,1253.488,0,4,compressed_ring_ar
1778546992.9016047,14,3,0.910313,86.56,506.56,1471.843,0,4,compressed_ring_ar
1778546994.1261437,14,4,0.991827,108.22,449.629,1177.203,0,4,compressed_ring_ar
1778546995.6097803,14,5,1.064671,89.62,292.396,1424.035,0,4,compressed_ring_ar
1778546996.9711204,14,6,1.144184,97.19,159.489,1315.404,0,4,compressed_ring_ar
1778546998.3904254,14,7,1.033318,94.79,350.647,1347.842,0,4,compressed_ring_ar
1778546999.6855972,14,8,1.030594,104.63,191.1,1222.204,0,4,compressed_ring_ar
1778547001.053681,14,9,0.986074,97.89,431.474,1301.752,0,4,compressed_ring_ar
1778547002.3760302,14,10,1.092781,99.55,217.946,1278.989,0,4,compressed_ring_ar
1778547003.6637492,14,11,1.182969,103.06,220.167,1236.69,0,4,compressed_ring_ar
1778547004.8614733,14,12,1.057006,111.97,240.993,1136.43,0,4,compressed_ring_ar
1778547006.186941,14,13,1.058552,99.51,202.452,1281.503,0,4,compressed_ring_ar
1778547007.3677194,14,14,1.114733,113.79,292.724,1117.882,0,4,compressed_ring_ar
1778547008.685309,14,15,1.213475,101.02,198.344,1265.698,0,4,compressed_ring_ar
1778547010.0486972,14,16,1.125785,97.21,208.789,1309.905,0,4,compressed_ring_ar
1778547011.4529552,14,17,1.028021,94.68,274.91,1345.158,0,4,compressed_ring_ar
1778547012.9875855,14,18,1.100105,85.54,278.373,1490.915,0,4,compressed_ring_ar
1778547014.2680306,14,19,1.161635,107.23,310.277,1189.388,0,4,compressed_ring_ar
1778547015.6101763,14,20,1.120001,98.38,269.85,1296.122,0,4,compressed_ring_ar
1778547016.9211578,14,21,0.928173,100.11,372.376,1277.149,0,4,compressed_ring_ar
1778547018.3779457,14,22,1.112327,90.48,230.685,1413.237,0,4,compressed_ring_ar
1778547019.732711,14,23,1.104084,97.93,362.214,1302.387,0,4,compressed_ring_ar
1778547021.0244124,14,24,1.312082,102.33,190.93,1245.541,0,4,compressed_ring_ar
1778547022.3672278,14,25,1.143213,98.03,203.016,1303.472,0,4,compressed_ring_ar
1778547023.734786,14,26,1.086857,98.84,456.8,1291.124,0,4,compressed_ring_ar
1778547025.1318305,14,27,1.088469,95.13,208.876,1340.864,0,4,compressed_ring_ar
1778547026.4412117,14,28,1.162683,101.19,197.909,1257.45,0,4,compressed_ring_ar
1778547027.663309,14,29,1.281736,109.26,195.037,1165.775,0,4,compressed_ring_ar
1778547029.032867,14,30,1.251786,97.68,263.731,1307.311,0,4,compressed_ring_ar
1778547030.4685304,14,31,1.043818,91.7,397.114,1393.378,0,4,compressed_ring_ar
1778547031.8330233,14,32,1.120891,97.55,373.123,1310.988,0,4,compressed_ring_ar
1778547033.1701238,14,33,1.038538,99.81,204.946,1277.134,0,4,compressed_ring_ar
1778547034.401856,14,34,1.372484,107.55,199.421,1185.501,0,4,compressed_ring_ar
1778547035.7172375,14,35,1.159343,100.22,210.57,1269.72,0,4,compressed_ring_ar
1778547036.911868,14,36,0.992478,111.53,200.823,1143.153,0,4,compressed_ring_ar
1778547038.1302032,14,37,0.987713,108.53,192.243,1177.287,0,4,compressed_ring_ar
1778547039.40974,14,38,1.19167,103.22,227.77,1234.506,0,4,compressed_ring_ar
1778547040.7008379,14,39,1.278762,103.82,319.047,1226.573,0,4,compressed_ring_ar
1778547042.0270016,14,40,1.060441,99.65,209.324,1278.728,0,4,compressed_ring_ar
1778547043.1254597,14,41,1.285299,122.41,261.87,1043.096,0,4,compressed_ring_ar
1778547044.4727623,14,42,0.955683,98.34,223.162,1295.557,0,4,compressed_ring_ar
1778547045.7946181,14,43,0.930483,99.85,201.69,1277.356,0,4,compressed_ring_ar
1778547047.0478606,14,44,1.139037,105.63,280.993,1204.566,0,4,compressed_ring_ar
1778547048.3479993,14,45,1.13268,101.44,209.445,1256.139,0,4,compressed_ring_ar
1778547049.6434376,14,46,1.125827,102.03,476.76,1250.533,0,4,compressed_ring_ar
1778547051.0173779,14,47,1.125735,96.49,281.814,1321.641,0,4,compressed_ring_ar
1778547052.3456612,14,48,0.985673,101.19,206.31,1263.513,0,4,compressed_ring_ar
1778547053.6616957,14,49,1.205871,102.16,204.152,1248.352,0,4,compressed_ring_ar
1778547054.919953,14,50,1.126426,105.5,211.938,1207.372,0,4,compressed_ring_ar
1778547056.1436849,14,51,1.092542,108.94,169.847,1173.816,0,4,compressed_ring_ar
1778547057.5590348,14,52,1.119627,96.3,396.023,1322.545,0,4,compressed_ring_ar
1778547058.8328362,14,53,1.012664,105.09,215.036,1213.236,0,4,compressed_ring_ar
1778547060.148907,14,54,1.068166,100.05,293.846,1272.414,0,4,compressed_ring_ar
1778547061.4564059,14,55,1.12754,100.85,195.264,1261.886,0,4,compressed_ring_ar
1778547062.750576,14,56,1.029863,102.59,256.578,1240.457,0,4,compressed_ring_ar
1778547064.0185773,14,57,1.173728,104.93,200.031,1213.868,0,4,compressed_ring_ar
1778547065.2700202,14,58,0.972346,105.46,198.204,1204.762,0,4,compressed_ring_ar
1778547066.5568151,14,59,1.126978,102.55,133.261,1247.056,0,4,compressed_ring_ar
1778547067.8521168,14,60,1.090333,103.96,148.69,1228.857,0,4,compressed_ring_ar
1778547069.2488074,14,61,0.957438,94.84,498.86,1342.538,0,4,compressed_ring_ar
1778547070.5103207,14,62,1.234376,104.54,193.451,1219.346,0,4,compressed_ring_ar
1778547071.7714887,14,63,1.010882,105.11,200.09,1216.573,0,4,compressed_ring_ar
1778547073.09452,14,64,1.18849,102.78,255.904,1240.09,0,4,compressed_ring_ar
1778547074.3915122,14,65,1.337547,102.77,212.854,1239.601,0,4,compressed_ring_ar
1778547075.6002445,14,66,1.216526,110.69,195.93,1151.926,0,4,compressed_ring_ar
1778547076.8225713,14,67,1.278244,108.43,203.606,1179.16,0,4,compressed_ring_ar
1778547078.1332028,14,68,1.083245,101.62,202.265,1255.146,0,4,compressed_ring_ar
1778547079.7099607,14,69,1.234755,83.51,254.0,1526.52,0,4,compressed_ring_ar
1778547081.0864437,14,70,1.060778,96.05,366.7,1328.913,0,4,compressed_ring_ar
1778547082.34951,14,71,1.324917,105.55,289.56,1211.482,0,4,compressed_ring_ar
1778547083.7370613,14,72,1.233761,95.97,293.6,1328.789,0,4,compressed_ring_ar
1778547085.0216637,14,73,1.159666,104.6,215.507,1222.022,0,4,compressed_ring_ar
1778547086.4869916,14,74,1.097156,90.94,219.477,1404.883,0,4,compressed_ring_ar
1778547087.8128138,14,75,1.090455,100.21,417.199,1275.806,0,4,compressed_ring_ar
1778547089.1278634,14,76,1.163556,101.09,407.745,1264.982,0,4,compressed_ring_ar
1778547090.4165115,14,77,1.003689,106.47,626.622,1200.341,0,4,compressed_ring_ar
1778547091.7021031,14,78,1.085319,105.62,447.434,1209.229,0,4,compressed_ring_ar
1778547093.022991,14,79,1.12066,101.17,564.817,1262.745,0,4,compressed_ring_ar
1778547094.3958058,14,80,1.037787,98.86,510.297,1289.566,0,4,compressed_ring_ar
1778547095.8032973,14,81,1.10665,94.02,268.104,1355.808,0,4,compressed_ring_ar
1778547097.0306876,14,82,1.171201,108.04,194.464,1183.489,0,4,compressed_ring_ar
1778547098.2851272,14,83,1.157803,106.05,128.298,1205.743,0,4,compressed_ring_ar
1778547099.6578,14,84,1.035558,98.17,405.66,1298.482,0,4,compressed_ring_ar
1778547100.9091244,14,85,1.204622,105.46,232.186,1207.126,0,4,compressed_ring_ar
1778547102.2929933,14,86,1.279028,95.31,223.615,1337.336,0,4,compressed_ring_ar
1778547103.535879,14,87,1.025018,107.21,201.575,1188.365,0,4,compressed_ring_ar
1778547105.1129565,14,88,0.991415,83.07,208.845,1539.904,0,4,compressed_ring_ar
1778547106.525645,14,89,1.101507,96.09,433.757,1330.691,0,4,compressed_ring_ar
1778547107.865045,14,90,1.236066,98.25,199.331,1299.313,0,4,compressed_ring_ar
1778547109.1876335,14,91,1.426274,99.6,428.157,1282.341,0,4,compressed_ring_ar
1778547110.4983401,14,92,1.255737,101.31,314.594,1258.951,0,4,compressed_ring_ar
1778547111.8284624,14,93,1.199015,98.95,266.662,1292.243,0,4,compressed_ring_ar
1778547113.309182,14,94,0.914977,89.62,408.052,1423.679,0,4,compressed_ring_ar
1778547114.6948323,14,95,1.286551,95.25,203.486,1334.77,0,4,compressed_ring_ar
1778547115.930689,14,96,0.960514,106.6,209.38,1195.213,0,4,compressed_ring_ar
1778547117.3026645,14,97,1.100594,62.76,254.519,1328.631,0,4,compressed_ring_ar
1778547128.8695967,15,0,1.100984,94.32,300.731,1351.366,0,4,compressed_ring_ar
1778547130.0993657,15,1,1.098105,107.7,365.085,1181.805,0,4,compressed_ring_ar
1778547131.376974,15,2,1.195802,103.83,181.839,1229.202,0,4,compressed_ring_ar
1778547132.6882606,15,3,1.074949,100.65,369.048,1269.153,0,4,compressed_ring_ar
1778547134.031176,15,4,1.135653,99.22,199.04,1285.246,0,4,compressed_ring_ar
1778547135.2068057,15,5,1.075811,112.42,208.778,1133.84,0,4,compressed_ring_ar
1778547136.5388503,15,6,1.029442,98.9,359.481,1292.324,0,4,compressed_ring_ar
1778547137.975906,15,7,0.980619,91.75,287.617,1387.978,0,4,compressed_ring_ar
1778547139.2167425,15,8,1.03325,106.63,227.449,1195.816,0,4,compressed_ring_ar
1778547140.4486575,15,9,1.196598,108.54,350.775,1174.012,0,4,compressed_ring_ar
1778547141.9150457,15,10,1.078911,90.1,263.996,1415.729,0,4,compressed_ring_ar
1778547143.1830556,15,11,1.262551,106.52,237.534,1194.685,0,4,compressed_ring_ar
1778547144.3939207,15,12,1.269395,111.49,196.499,1142.745,0,4,compressed_ring_ar
1778547145.5974143,15,13,1.240989,111.32,438.365,1145.138,0,4,compressed_ring_ar
1778547146.868573,15,14,1.206967,103.91,204.37,1227.056,0,4,compressed_ring_ar
1778547148.1765053,15,15,1.106466,100.96,247.434,1266.887,0,4,compressed_ring_ar
1778547149.618179,15,16,1.311292,92.2,202.653,1383.733,0,4,compressed_ring_ar
1778547150.8853245,15,17,1.083483,105.05,208.592,1217.166,0,4,compressed_ring_ar
1778547152.3368373,15,18,1.010634,90.69,375.964,1410.037,0,4,compressed_ring_ar
1778547153.6440012,15,19,0.981598,101.1,222.967,1262.193,0,4,compressed_ring_ar
1778547154.9617558,15,20,1.170575,100.64,385.589,1267.466,0,4,compressed_ring_ar
1778547156.2600496,15,21,1.286855,102.1,224.335,1251.667,0,4,compressed_ring_ar
1778547157.5697172,15,22,1.094437,100.99,347.713,1264.3,0,4,compressed_ring_ar
1778547158.9013317,15,23,1.048408,99.79,357.932,1278.942,0,4,compressed_ring_ar
1778547160.1090877,15,24,1.266722,114.37,198.56,1114.48,0,4,compressed_ring_ar
1778547161.4639373,15,25,0.93683,97.96,241.448,1305.225,0,4,compressed_ring_ar
1778547162.9183016,15,26,1.055732,90.85,199.717,1403.899,0,4,compressed_ring_ar
1778547164.2304077,15,27,1.04359,101.38,302.423,1255.561,0,4,compressed_ring_ar
1778547165.4743044,15,28,1.079623,105.86,185.979,1207.784,0,4,compressed_ring_ar
1778547166.777361,15,29,0.999281,101.81,199.114,1250.843,0,4,compressed_ring_ar
1778547167.997775,15,30,1.070059,108.55,185.307,1177.804,0,4,compressed_ring_ar
1778547169.3263667,15,31,0.895101,99.9,229.997,1276.608,0,4,compressed_ring_ar
1778547170.735536,15,32,1.111924,93.73,220.866,1361.259,0,4,compressed_ring_ar
1778547172.0307834,15,33,1.00412,102.74,222.44,1241.131,0,4,compressed_ring_ar
1778547173.5541658,15,34,1.240718,86.85,237.591,1467.127,0,4,compressed_ring_ar
1778547174.9917178,15,35,1.09878,92.36,246.104,1378.967,0,4,compressed_ring_ar
1778547176.2192678,15,36,1.181114,107.56,229.055,1187.488,0,4,compressed_ring_ar
1778547177.669604,15,37,0.941934,92.26,355.439,1386.267,0,4,compressed_ring_ar
1778547179.1676145,15,38,1.263761,93.53,631.127,1367.296,0,4,compressed_ring_ar
1778547180.564562,15,39,1.188644,94.71,517.448,1344.215,0,4,compressed_ring_ar
1778547182.0179992,15,40,1.098524,90.71,203.787,1409.956,0,4,compressed_ring_ar
1778547183.1961765,15,41,1.025109,114.65,220.019,1111.142,0,4,compressed_ring_ar
1778547184.4133935,15,42,1.154849,108.69,209.616,1176.272,0,4,compressed_ring_ar
1778547185.739618,15,43,0.985272,99.63,195.864,1279.988,0,4,compressed_ring_ar
1778547186.9037158,15,44,1.136702,115.68,214.579,1097.977,0,4,compressed_ring_ar
1778547188.1455636,15,45,1.15614,107.26,217.405,1188.431,0,4,compressed_ring_ar
1778547189.421406,15,46,1.116375,103.43,177.839,1230.001,0,4,compressed_ring_ar
1778547190.7101674,15,47,1.085449,102.07,322.951,1251.78,0,4,compressed_ring_ar
1778547192.0426679,15,48,1.176281,99.44,241.038,1285.797,0,4,compressed_ring_ar
1778547193.498015,15,49,1.12747,91.71,191.464,1393.746,0,4,compressed_ring_ar
1778547194.8669422,15,50,1.028648,96.9,184.25,1319.539,0,4,compressed_ring_ar
1778547196.3018715,15,51,1.043625,92.4,209.467,1377.964,0,4,compressed_ring_ar
1778547197.621702,15,52,1.223194,99.9,340.949,1279.819,0,4,compressed_ring_ar
1778547199.0442812,15,53,1.131,93.76,312.446,1360.343,0,4,compressed_ring_ar
1778547200.1779459,15,54,0.840082,122.92,177.007,1040.057,0,4,compressed_ring_ar
1778547201.617289,15,55,1.239235,92.64,202.682,1376.097,0,4,compressed_ring_ar
1778547203.2549326,15,56,1.27858,82.13,215.06,1550.909,0,4,compressed_ring_ar
1778547204.3773437,15,57,1.248555,117.66,142.54,1086.42,0,4,compressed_ring_ar
1778547205.7980185,15,58,1.129514,94.04,474.279,1353.547,0,4,compressed_ring_ar
1778547207.0887265,15,59,1.152775,102.75,317.627,1244.52,0,4,compressed_ring_ar
1778547208.5772662,15,60,1.021037,89.26,197.849,1429.935,0,4,compressed_ring_ar
1778547209.6881614,15,61,1.204661,119.49,145.775,1069.624,0,4,compressed_ring_ar
1778547211.0152624,15,62,1.12262,103.2,254.863,1238.136,0,4,compressed_ring_ar
1778547212.3712077,15,63,1.060641,98.9,485.711,1292.92,0,4,compressed_ring_ar
1778547213.6241367,15,64,1.018044,107.3,347.247,1191.625,0,4,compressed_ring_ar
1778547215.1174636,15,65,1.066407,90.49,631.18,1409.707,0,4,compressed_ring_ar
1778547216.236908,15,66,1.078774,120.55,218.878,1056.151,0,4,compressed_ring_ar
1778547217.5372982,15,67,1.192063,101.44,384.599,1257.435,0,4,compressed_ring_ar
1778547218.8080719,15,68,1.177143,104.35,530.363,1223.883,0,4,compressed_ring_ar
1778547220.2377431,15,69,1.052629,91.95,223.701,1389.287,0,4,compressed_ring_ar
1778547221.56853,15,70,1.175649,100.64,263.36,1267.239,0,4,compressed_ring_ar
1778547222.8632743,15,71,1.070477,102.58,227.238,1242.689,0,4,compressed_ring_ar
1778547224.3028421,15,72,1.139254,91.81,203.324,1393.068,0,4,compressed_ring_ar
1778547225.4333155,15,73,1.109915,121.07,197.834,1056.183,0,4,compressed_ring_ar
1778547226.815009,15,74,0.941051,96.37,445.006,1325.035,0,4,compressed_ring_ar
1778547228.2158198,15,75,1.199472,93.8,509.264,1359.981,0,4,compressed_ring_ar
1778547229.3304193,15,76,0.89889,121.08,217.82,1052.299,0,4,compressed_ring_ar
1778547230.7034864,15,77,1.152318,96.41,159.001,1326.968,0,4,compressed_ring_ar
1778547232.1694465,15,78,1.118358,92.47,376.592,1376.719,0,4,compressed_ring_ar
1778547233.5574973,15,79,1.203688,95.76,180.052,1330.695,0,4,compressed_ring_ar
1778547234.83384,15,80,1.114831,105.74,228.03,1208.254,0,4,compressed_ring_ar
1778547236.1363504,15,81,1.218383,101.6,130.201,1259.475,0,4,compressed_ring_ar
1778547237.544442,15,82,0.964533,95.45,376.63,1339.745,0,4,compressed_ring_ar
1778547239.0092452,15,83,1.116366,90.4,453.497,1411.455,0,4,compressed_ring_ar
1778547240.4202826,15,84,1.112165,94.29,206.007,1356.09,0,4,compressed_ring_ar
1778547241.9505928,15,85,0.916897,86.88,558.148,1470.462,0,4,compressed_ring_ar
1778547243.3231058,15,86,1.042215,99.2,217.079,1286.751,0,4,compressed_ring_ar
1778547244.638008,15,87,1.112926,100.82,195.358,1264.449,0,4,compressed_ring_ar
1778547245.8718176,15,88,1.035742,107.14,229.37,1190.319,0,4,compressed_ring_ar
1778547247.1117282,15,89,1.169677,107.83,193.363,1185.303,0,4,compressed_ring_ar
1778547248.5710902,15,90,1.047865,90.15,390.413,1415.073,0,4,compressed_ring_ar
1778547249.9011745,15,91,1.159107,98.9,207.459,1287.026,0,4,compressed_ring_ar
1778547251.0834067,15,92,1.262036,113.79,188.967,1119.855,0,4,compressed_ring_ar
1778547252.5218065,15,93,0.924614,91.7,204.737,1393.332,0,4,compressed_ring_ar
1778547253.767682,15,94,1.169569,107.2,321.825,1192.888,0,4,compressed_ring_ar
1778547255.129439,15,95,1.116085,100.25,497.004,1274.829,0,4,compressed_ring_ar
1778547256.416658,15,96,1.099099,104.33,201.645,1219.789,0,4,compressed_ring_ar
1778547257.7411363,15,97,1.125317,65.0,221.374,1282.53,0,4,compressed_ring_ar
1778547269.8918824,16,0,1.087118,81.06,531.148,1574.458,0,4,compressed_ring_ar
1778547271.148686,16,1,1.047721,107.6,202.051,1184.255,0,4,compressed_ring_ar
1778547272.5295477,16,2,1.177745,96.01,247.705,1328.228,0,4,compressed_ring_ar
1778547273.7337615,16,3,1.094867,111.9,220.766,1139.432,0,4,compressed_ring_ar
1778547275.0009525,16,4,1.092811,107.3,379.343,1190.516,0,4,compressed_ring_ar
1778547276.3006907,16,5,1.238452,103.59,375.74,1233.186,0,4,compressed_ring_ar
1778547277.593718,16,6,1.000783,103.83,329.931,1231.692,0,4,compressed_ring_ar
1778547279.0066156,16,7,1.000918,93.6,441.622,1364.562,0,4,compressed_ring_ar
1778547280.4458516,16,8,1.112362,92.29,511.625,1385.393,0,4,compressed_ring_ar
1778547281.8591685,16,9,1.034821,94.02,328.451,1355.969,0,4,compressed_ring_ar
1778547283.1862605,16,10,1.160968,99.86,194.009,1275.441,0,4,compressed_ring_ar
1778547284.3762345,16,11,1.08768,114.04,180.586,1121.313,0,4,compressed_ring_ar
1778547285.7220044,16,12,1.074993,100.39,365.433,1269.702,0,4,compressed_ring_ar
1778547287.0602326,16,13,1.284088,98.47,197.805,1297.144,0,4,compressed_ring_ar
1778547288.496099,16,14,1.126981,91.53,219.068,1392.604,0,4,compressed_ring_ar
1778547289.7727652,16,15,1.220557,103.17,163.7,1239.759,0,4,compressed_ring_ar
1778547291.2803857,16,16,1.01865,87.98,225.579,1453.434,0,4,compressed_ring_ar
1778547292.6691878,16,17,0.906318,95.05,189.601,1342.188,0,4,compressed_ring_ar
1778547293.8916135,16,18,0.976288,108.62,252.401,1176.457,0,4,compressed_ring_ar
1778547295.1024594,16,19,1.177528,110.64,148.256,1154.309,0,4,compressed_ring_ar
1778547296.4044256,16,20,1.097995,101.45,417.128,1258.786,0,4,compressed_ring_ar
1778547297.7303314,16,21,1.184869,100.82,499.03,1267.179,0,4,compressed_ring_ar
1778547298.9502006,16,22,1.104995,109.74,177.473,1164.634,0,4,compressed_ring_ar
1778547300.2356527,16,23,1.124714,105.28,406.906,1213.418,0,4,compressed_ring_ar
1778547301.609914,16,24,1.006871,98.58,460.243,1296.967,0,4,compressed_ring_ar
1778547302.9232829,16,25,1.260847,101.11,242.708,1262.906,0,4,compressed_ring_ar
1778547304.338998,16,26,1.118863,94.98,185.101,1343.24,0,4,compressed_ring_ar
1778547305.6516109,16,27,0.914571,100.88,172.054,1267.681,0,4,compressed_ring_ar
1778547306.932788,16,28,0.970922,103.05,333.605,1240.799,0,4,compressed_ring_ar
1778547308.394376,16,29,0.953339,91.7,501.955,1394.518,0,4,compressed_ring_ar
1778547309.9372094,16,30,1.11358,87.03,235.286,1469.755,0,4,compressed_ring_ar
1778547311.465002,16,31,1.162962,86.42,490.086,1476.03,0,4,compressed_ring_ar
1778547312.9396522,16,32,0.974685,89.62,239.254,1423.331,0,4,compressed_ring_ar
1778547314.0845537,16,33,1.099281,118.88,338.502,1074.512,0,4,compressed_ring_ar
1778547315.4223368,16,34,1.050703,99.46,203.33,1282.901,0,4,compressed_ring_ar
1778547316.5318875,16,35,0.951642,118.93,318.723,1074.114,0,4,compressed_ring_ar
1778547318.0076022,16,36,0.958655,91.25,226.427,1398.342,0,4,compressed_ring_ar
1778547319.2507064,16,37,1.110002,106.58,237.936,1194.598,0,4,compressed_ring_ar
1778547320.5936835,16,38,1.019359,98.03,298.695,1304.309,0,4,compressed_ring_ar
1778547321.816214,16,39,1.068118,112.96,143.472,1130.312,0,4,compressed_ring_ar
1778547323.2277246,16,40,0.930655,95.9,406.195,1329.76,0,4,compressed_ring_ar
1778547324.4781463,16,41,1.165393,105.7,327.15,1206.906,0,4,compressed_ring_ar
1778547325.8072803,16,42,1.029059,99.12,192.23,1285.704,0,4,compressed_ring_ar
1778547327.1421566,16,43,0.970099,100.11,253.263,1274.237,0,4,compressed_ring_ar
1778547328.5103958,16,44,1.074381,96.74,273.469,1321.705,0,4,compressed_ring_ar
1778547329.9498022,16,45,1.171327,91.76,188.305,1392.532,0,4,compressed_ring_ar
1778547331.3429043,16,46,1.073981,94.95,319.964,1345.777,0,4,compressed_ring_ar
1778547332.727719,16,47,1.018586,95.37,205.417,1337.528,0,4,compressed_ring_ar
1778547333.96499,16,48,1.048945,108.53,191.064,1174.638,0,4,compressed_ring_ar
1778547335.157006,16,49,1.037712,112.61,201.987,1134.36,0,4,compressed_ring_ar
1778547336.5397167,16,50,0.975937,96.23,479.612,1328.925,0,4,compressed_ring_ar
1778547337.753861,16,51,1.041793,111.78,281.363,1140.792,0,4,compressed_ring_ar
1778547339.0727644,16,52,1.114023,99.9,399.669,1279.841,0,4,compressed_ring_ar
1778547340.4542341,16,53,0.806877,95.86,210.846,1327.816,0,4,compressed_ring_ar
1778547341.7849572,16,54,0.977526,99.66,280.515,1277.399,0,4,compressed_ring_ar
1778547343.1172407,16,55,1.1203,98.69,288.339,1292.925,0,4,compressed_ring_ar
1778547344.251561,16,56,1.067704,119.28,189.98,1068.263,0,4,compressed_ring_ar
1778547345.5185416,16,57,1.203833,107.97,202.784,1179.665,0,4,compressed_ring_ar
1778547346.7279735,16,58,1.078603,109.63,177.778,1165.126,0,4,compressed_ring_ar
1778547348.1112058,16,59,1.088131,96.62,421.405,1323.415,0,4,compressed_ring_ar
1778547349.548726,16,60,1.107194,91.49,398.483,1391.997,0,4,compressed_ring_ar
1778547350.800359,16,61,1.185035,105.63,283.547,1206.553,0,4,compressed_ring_ar
1778547352.2696302,16,62,0.897021,89.38,359.36,1424.96,0,4,compressed_ring_ar
1778547353.3248327,16,63,1.335541,126.12,179.612,1009.623,0,4,compressed_ring_ar
1778547354.6254022,16,64,1.106164,101.64,181.91,1257.366,0,4,compressed_ring_ar
1778547355.9727402,16,65,1.05984,98.5,397.542,1298.247,0,4,compressed_ring_ar
1778547357.4844515,16,66,1.051787,88.02,314.736,1451.696,0,4,compressed_ring_ar
1778547359.0341163,16,67,1.300743,87.58,348.142,1457.054,0,4,compressed_ring_ar
1778547360.3162754,16,68,0.951789,104.1,250.965,1224.946,0,4,compressed_ring_ar
1778547361.5478299,16,69,0.978583,107.23,229.605,1192.919,0,4,compressed_ring_ar
1778547363.1568518,16,70,1.03126,84.02,757.085,1521.701,0,4,compressed_ring_ar
1778547364.4408777,16,71,1.024702,103.0,230.867,1240.44,0,4,compressed_ring_ar
1778547365.7878249,16,72,0.903014,99.13,233.439,1286.709,0,4,compressed_ring_ar
1778547367.2164197,16,73,1.230403,92.64,202.479,1379.826,0,4,compressed_ring_ar
1778547368.5721228,16,74,1.175371,98.01,202.918,1304.504,0,4,compressed_ring_ar
1778547369.8920372,16,75,1.12971,100.49,228.218,1272.245,0,4,compressed_ring_ar
1778547371.2334566,16,76,1.031798,99.06,202.805,1286.212,0,4,compressed_ring_ar
1778547372.4883907,16,77,1.090238,108.29,285.838,1177.194,0,4,compressed_ring_ar
1778547373.6796322,16,78,1.052701,115.42,189.227,1103.742,0,4,compressed_ring_ar
1778547375.0813394,16,79,1.005857,94.18,222.824,1352.646,0,4,compressed_ring_ar
1778547376.3675854,16,80,1.018528,104.44,237.54,1220.94,0,4,compressed_ring_ar
1778547377.669629,16,81,0.940074,101.99,294.874,1246.615,0,4,compressed_ring_ar
1778547378.9143198,16,82,1.135781,106.36,282.468,1201.281,0,4,compressed_ring_ar
1778547380.3226683,16,83,0.934515,93.36,451.445,1366.333,0,4,compressed_ring_ar
1778547381.5694406,16,84,1.138122,106.54,170.562,1199.236,0,4,compressed_ring_ar
1778547382.9519029,16,85,0.929619,96.14,473.483,1330.283,0,4,compressed_ring_ar
1778547384.2734258,16,86,0.954958,100.7,295.42,1265.629,0,4,compressed_ring_ar
1778547385.5386128,16,87,0.980404,104.67,493.352,1221.681,0,4,compressed_ring_ar
1778547386.8440754,16,88,1.013584,102.17,205.082,1250.37,0,4,compressed_ring_ar
1778547388.3938923,16,89,1.029141,85.71,264.972,1488.039,0,4,compressed_ring_ar
1778547389.5914147,16,90,1.039559,112.11,342.459,1138.514,0,4,compressed_ring_ar
1778547390.7654335,16,91,1.215832,113.96,183.915,1122.684,0,4,compressed_ring_ar
1778547392.2826462,16,92,1.018358,88.99,583.906,1433.614,0,4,compressed_ring_ar
1778547393.6358838,16,93,1.312349,97.45,204.805,1306.22,0,4,compressed_ring_ar
1778547394.8695421,16,94,1.078982,108.29,152.144,1180.722,0,4,compressed_ring_ar
1778547396.2609658,16,95,1.088075,97.05,356.64,1314.357,0,4,compressed_ring_ar
1778547397.6351075,16,96,1.165476,96.02,237.989,1325.426,0,4,compressed_ring_ar
1778547398.7313147,16,97,1.024114,78.83,309.086,1060.477,0,4,compressed_ring_ar
1778547410.5287936,17,0,1.032214,77.4,219.217,1652.499,0,4,compressed_ring_ar
1778547412.0168507,17,1,1.235757,89.86,238.853,1419.658,0,4,compressed_ring_ar
1778547413.4666104,17,2,0.989071,92.27,243.432,1381.881,0,4,compressed_ring_ar
1778547414.7836063,17,3,1.076487,101.08,203.204,1262.811,0,4,compressed_ring_ar
1778547416.147129,17,4,0.937807,97.35,446.936,1313.163,0,4,compressed_ring_ar
1778547417.552806,17,5,1.162558,93.92,464.454,1356.672,0,4,compressed_ring_ar
1778547418.835294,17,6,1.000057,103.33,200.432,1231.936,0,4,compressed_ring_ar
1778547420.1395986,17,7,0.936168,101.25,284.443,1254.857,0,4,compressed_ring_ar
1778547421.362305,17,8,1.173751,108.68,236.308,1167.838,0,4,compressed_ring_ar
1778547422.70263,17,9,1.117743,98.64,196.15,1293.267,0,4,compressed_ring_ar
1778547424.052503,17,10,1.14036,97.6,232.058,1304.159,0,4,compressed_ring_ar
1778547425.2734313,17,11,1.132882,107.93,361.342,1183.809,0,4,compressed_ring_ar
1778547426.7178519,17,12,0.930654,91.02,195.608,1401.359,0,4,compressed_ring_ar
1778547428.044738,17,13,1.032856,99.58,293.692,1284.158,0,4,compressed_ring_ar
1778547429.1582136,17,14,1.042916,122.11,204.35,1043.891,0,4,compressed_ring_ar
1778547430.4135375,17,15,1.335475,106.04,233.2,1205.511,0,4,compressed_ring_ar
1778547431.6281917,17,16,0.983337,111.38,280.078,1146.735,0,4,compressed_ring_ar
1778547433.0418658,17,17,1.099908,95.42,235.307,1340.309,0,4,compressed_ring_ar
1778547434.458797,17,18,1.121148,96.22,697.907,1325.238,0,4,compressed_ring_ar
1778547435.6274192,17,19,1.162639,115.69,210.094,1101.49,0,4,compressed_ring_ar
1778547437.01978,17,20,1.18806,95.08,247.038,1341.421,0,4,compressed_ring_ar
1778547438.2984486,17,21,0.961161,107.81,307.732,1184.423,0,4,compressed_ring_ar
1778547439.7795262,17,22,1.098747,89.3,236.464,1432.067,0,4,compressed_ring_ar
1778547441.2575974,17,23,1.068472,89.68,206.731,1422.963,0,4,compressed_ring_ar
1778547442.7299528,17,24,1.026206,90.12,269.284,1414.642,0,4,compressed_ring_ar
1778547444.1347966,17,25,1.033847,93.66,173.874,1365.062,0,4,compressed_ring_ar
1778547445.471461,17,26,1.276041,98.59,362.81,1297.2,0,4,compressed_ring_ar
1778547446.8724892,17,27,1.069222,97.7,552.426,1305.686,0,4,compressed_ring_ar
1778547448.1908884,17,28,1.052561,100.35,324.403,1272.706,0,4,compressed_ring_ar
1778547449.612521,17,29,1.108886,93.82,215.057,1359.172,0,4,compressed_ring_ar
1778547450.8805065,17,30,1.002403,103.77,227.99,1228.618,0,4,compressed_ring_ar
1778547452.2215016,17,31,1.161708,98.51,241.048,1298.089,0,4,compressed_ring_ar
1778547453.6852272,17,32,0.945984,91.27,200.761,1397.927,0,4,compressed_ring_ar
1778547454.8311381,17,33,1.142348,117.12,199.134,1091.597,0,4,compressed_ring_ar
1778547456.0906844,17,34,1.157412,105.18,312.409,1213.319,0,4,compressed_ring_ar
1778547457.6140559,17,35,1.155254,86.2,238.83,1478.962,0,4,compressed_ring_ar
1778547458.8653955,17,36,0.98978,105.99,187.136,1204.235,0,4,compressed_ring_ar
1778547460.1972394,17,37,1.184036,99.38,379.061,1283.317,0,4,compressed_ring_ar
1778547461.513825,17,38,1.150355,100.26,212.447,1275.13,0,4,compressed_ring_ar
1778547462.83494,17,39,1.100561,100.8,227.55,1261.676,0,4,compressed_ring_ar
1778547464.0061903,17,40,1.014887,118.08,196.86,1079.305,0,4,compressed_ring_ar
1778547465.3062265,17,41,1.179955,104.25,238.427,1220.653,0,4,compressed_ring_ar
1778547466.4332004,17,42,1.107562,118.53,284.311,1074.674,0,4,compressed_ring_ar
1778547467.7371314,17,43,1.067153,101.15,204.856,1263.411,0,4,compressed_ring_ar
1778547469.1472266,17,44,0.949952,93.86,237.057,1358.856,0,4,compressed_ring_ar
1778547470.5887742,17,45,0.840885,93.06,297.421,1367.332,0,4,compressed_ring_ar
1778547471.723385,17,46,1.173922,116.73,224.301,1092.13,0,4,compressed_ring_ar
1778547473.0451512,17,47,1.114071,99.89,193.799,1276.254,0,4,compressed_ring_ar
1778547474.445632,17,48,1.062323,94.73,213.221,1349.792,0,4,compressed_ring_ar
1778547475.803868,17,49,1.092413,97.17,367.47,1315.913,0,4,compressed_ring_ar
1778547477.1228032,17,50,1.099435,99.94,196.568,1278.645,0,4,compressed_ring_ar
1778547478.4768922,17,51,1.068706,98.17,230.154,1303.453,0,4,compressed_ring_ar
1778547479.812791,17,52,1.202403,101.15,297.389,1258.187,0,4,compressed_ring_ar
1778547481.0847595,17,53,1.185053,103.67,229.44,1228.746,0,4,compressed_ring_ar
1778547482.3707457,17,54,0.987185,102.62,254.057,1244.82,0,4,compressed_ring_ar
1778547483.8049061,17,55,0.942104,93.16,516.667,1370.829,0,4,compressed_ring_ar
1778547485.2753687,17,56,1.052974,89.7,560.683,1425.171,0,4,compressed_ring_ar
1778547486.655885,17,57,1.216957,97.94,351.099,1302.066,0,4,compressed_ring_ar
1778547488.0130944,17,58,1.071196,97.49,269.74,1310.376,0,4,compressed_ring_ar
1778547489.466624,17,59,1.207184,90.33,408.594,1412.929,0,4,compressed_ring_ar
1778547490.5389593,17,60,1.092413,127.77,176.116,999.664,0,4,compressed_ring_ar
1778547491.8572917,17,61,1.093902,100.48,195.51,1269.058,0,4,compressed_ring_ar
1778547493.1151557,17,62,1.042109,105.6,221.146,1204.542,0,4,compressed_ring_ar
1778547494.324003,17,63,1.134192,110.58,182.07,1152.61,0,4,compressed_ring_ar
1778547495.6554017,17,64,1.214464,99.35,311.811,1281.737,0,4,compressed_ring_ar
1778547496.882616,17,65,0.973153,108.51,188.289,1177.673,0,4,compressed_ring_ar
1778547498.346067,17,66,1.147098,90.58,284.655,1411.761,0,4,compressed_ring_ar
1778547499.6474662,17,67,0.951438,103.54,140.1,1234.875,0,4,compressed_ring_ar
1778547501.138633,17,68,1.012882,90.04,462.27,1416.923,0,4,compressed_ring_ar
1778547502.3503344,17,69,1.174339,109.66,200.958,1162.423,0,4,compressed_ring_ar
1778547503.6184669,17,70,1.064837,104.72,240.27,1217.488,0,4,compressed_ring_ar
1778547504.8931909,17,71,0.970696,104.14,232.758,1222.556,0,4,compressed_ring_ar
1778547506.2059,17,72,0.998974,100.24,354.326,1270.144,0,4,compressed_ring_ar
1778547507.577587,17,73,0.980754,97.85,207.16,1307.615,0,4,compressed_ring_ar
1778547508.958023,17,74,1.064817,96.49,381.353,1320.503,0,4,compressed_ring_ar
1778547510.290151,17,75,1.039405,100.83,209.883,1267.66,0,4,compressed_ring_ar
1778547511.6522222,17,76,1.018743,96.73,360.809,1318.464,0,4,compressed_ring_ar
1778547513.0155685,17,77,1.070095,97.21,249.23,1310.922,0,4,compressed_ring_ar
1778547514.3042037,17,78,1.00664,102.96,200.812,1238.653,0,4,compressed_ring_ar
1778547515.564829,17,79,1.067149,105.28,177.017,1210.242,0,4,compressed_ring_ar
1778547516.9103725,17,80,1.104875,99.8,352.779,1275.921,0,4,compressed_ring_ar
1778547518.1573143,17,81,1.032275,105.76,194.817,1205.785,0,4,compressed_ring_ar
1778547519.5017457,17,82,1.047202,98.85,382.909,1288.05,0,4,compressed_ring_ar
1778547520.6810422,17,83,1.005936,111.86,206.206,1139.721,0,4,compressed_ring_ar
1778547521.8654983,17,84,0.94401,114.11,193.887,1117.546,0,4,compressed_ring_ar
1778547523.334047,17,85,0.989409,89.82,216.01,1423.553,0,4,compressed_ring_ar
1778547524.6689332,17,86,1.140755,99.4,209.508,1286.361,0,4,compressed_ring_ar
1778547526.0838675,17,87,1.049558,94.06,208.978,1359.155,0,4,compressed_ring_ar
1778547527.388629,17,88,1.157154,101.88,292.442,1255.02,0,4,compressed_ring_ar
1778547528.9364877,17,89,1.150888,85.02,212.948,1502.174,0,4,compressed_ring_ar
1778547530.2291608,17,90,1.130981,102.47,249.229,1247.716,0,4,compressed_ring_ar
1778547531.7837849,17,91,1.091118,84.49,237.586,1513.858,0,4,compressed_ring_ar
1778547533.1393034,17,92,1.024059,99.05,231.374,1290.949,0,4,compressed_ring_ar
1778547534.461856,17,93,1.207985,100.21,187.595,1272.443,0,4,compressed_ring_ar
1778547535.7270122,17,94,1.18366,104.18,145.454,1226.054,0,4,compressed_ring_ar
1778547537.0625045,17,95,0.999393,99.18,449.374,1285.887,0,4,compressed_ring_ar
1778547538.3329248,17,96,1.043598,104.08,254.762,1224.763,0,4,compressed_ring_ar
1778547539.7797394,17,97,1.066319,59.19,666.142,1415.034,0,4,compressed_ring_ar
1778547551.4077952,18,0,0.989544,92.01,417.507,1385.446,0,4,compressed_ring_ar
1778547552.675099,18,1,1.057213,104.57,203.678,1219.635,0,4,compressed_ring_ar
1778547554.0726082,18,2,1.122506,94.44,187.005,1352.51,0,4,compressed_ring_ar
1778547555.3172936,18,3,1.139943,106.46,200.172,1200.138,0,4,compressed_ring_ar
1778547556.5269456,18,4,0.925914,109.16,301.583,1170.756,0,4,compressed_ring_ar
1778547557.8872302,18,5,0.966876,99.01,543.667,1288.098,0,4,compressed_ring_ar
1778547559.1504083,18,6,1.067963,105.06,211.973,1212.869,0,4,compressed_ring_ar
1778547560.326488,18,7,1.011998,112.55,250.39,1132.615,0,4,compressed_ring_ar
1778547561.598125,18,8,1.193087,103.65,240.157,1230.874,0,4,compressed_ring_ar
1778547562.9006076,18,9,1.136759,101.34,188.964,1258.342,0,4,compressed_ring_ar
1778547564.1468036,18,10,1.125411,106.77,159.41,1197.381,0,4,compressed_ring_ar
1778547565.8932981,18,11,1.132583,75.54,323.733,1693.117,0,4,compressed_ring_ar
1778547567.145683,18,12,1.052982,108.37,313.35,1179.834,0,4,compressed_ring_ar
1778547568.5193872,18,13,1.080729,96.64,214.437,1319.565,0,4,compressed_ring_ar
1778547569.7538066,18,14,1.049972,106.72,347.538,1190.207,0,4,compressed_ring_ar
1778547571.0047078,18,15,1.03181,105.95,209.958,1206.698,0,4,compressed_ring_ar
1778547572.6756518,18,16,1.187494,78.86,264.758,1616.967,0,4,compressed_ring_ar
1778547573.944206,18,17,0.983222,105.3,234.234,1210.438,0,4,compressed_ring_ar
1778547575.4043767,18,18,1.037287,89.98,242.628,1416.621,0,4,compressed_ring_ar
1778547576.760297,18,19,1.07758,98.99,197.147,1288.43,0,4,compressed_ring_ar
1778547577.9662182,18,20,0.995694,111.04,191.589,1151.422,0,4,compressed_ring_ar
1778547579.2409613,18,21,0.935297,105.57,212.408,1209.9,0,4,compressed_ring_ar
1778547580.561814,18,22,0.944263,99.9,203.487,1278.625,0,4,compressed_ring_ar
1778547581.8157148,18,23,1.053727,105.97,204.467,1200.925,0,4,compressed_ring_ar
1778547583.2433088,18,24,1.237794,92.05,187.075,1383.586,0,4,compressed_ring_ar
1778547584.563756,18,25,1.114857,100.32,196.75,1269.212,0,4,compressed_ring_ar
1778547585.8102477,18,26,1.017838,107.32,254.893,1187.837,0,4,compressed_ring_ar
1778547587.1998882,18,27,1.032423,94.37,426.037,1350.557,0,4,compressed_ring_ar
1778547588.5082726,18,28,1.021105,101.52,366.883,1259.456,0,4,compressed_ring_ar
1778547589.8042846,18,29,1.051804,102.16,201.892,1248.284,0,4,compressed_ring_ar
1778547591.141,18,30,1.059538,99.51,224.662,1285.032,0,4,compressed_ring_ar
1778547592.265348,18,31,1.150567,121.4,197.037,1049.149,0,4,compressed_ring_ar
1778547593.4589736,18,32,1.086202,113.64,326.635,1125.348,0,4,compressed_ring_ar
1778547594.8476892,18,33,1.118817,97.0,326.375,1317.101,0,4,compressed_ring_ar
1778547596.2534826,18,34,1.145644,95.65,235.774,1330.39,0,4,compressed_ring_ar
1778547597.359695,18,35,0.98243,120.21,239.211,1063.716,0,4,compressed_ring_ar
1778547598.6096373,18,36,1.231119,108.77,632.201,1175.511,0,4,compressed_ring_ar
1778547599.8810885,18,37,0.900492,105.38,389.632,1213.41,0,4,compressed_ring_ar
1778547601.163092,18,38,0.899757,104.09,348.413,1225.14,0,4,compressed_ring_ar
1778547602.5867395,18,39,1.232647,92.67,241.946,1372.995,0,4,compressed_ring_ar
1778547603.8019059,18,40,0.910609,110.36,136.209,1158.96,0,4,compressed_ring_ar
1778547605.316421,18,41,0.918234,88.29,558.11,1448.467,0,4,compressed_ring_ar
1778547606.6974947,18,42,0.957624,96.71,188.126,1317.952,0,4,compressed_ring_ar
1778547607.944696,18,43,1.244217,106.02,232.667,1200.426,0,4,compressed_ring_ar
1778547609.1802163,18,44,0.988476,106.71,178.082,1193.945,0,4,compressed_ring_ar
1778547610.5588202,18,45,1.029174,95.45,326.307,1338.663,0,4,compressed_ring_ar
1778547611.7503743,18,46,1.16259,114.03,227.672,1117.773,0,4,compressed_ring_ar
1778547613.07402,18,47,1.106293,99.76,188.066,1281.725,0,4,compressed_ring_ar
1778547614.4620705,18,48,1.029981,95.8,274.796,1334.954,0,4,compressed_ring_ar
1778547615.9238925,18,49,0.946088,90.06,211.75,1419.141,0,4,compressed_ring_ar
1778547617.24452,18,50,1.072025,100.52,209.525,1269.08,0,4,compressed_ring_ar
1778547618.5890098,18,51,1.231339,98.05,390.674,1298.447,0,4,compressed_ring_ar
1778547619.6966221,18,52,1.169847,122.09,208.595,1047.812,0,4,compressed_ring_ar
1778547621.0520878,18,53,0.98159,98.24,401.552,1298.35,0,4,compressed_ring_ar
1778547622.5149477,18,54,1.174976,90.16,253.609,1414.973,0,4,compressed_ring_ar
1778547623.9003153,18,55,1.024668,96.62,232.111,1322.344,0,4,compressed_ring_ar
1778547625.2826812,18,56,1.040904,95.77,365.842,1331.937,0,4,compressed_ring_ar
1778547626.633044,18,57,1.170678,98.38,309.891,1296.909,0,4,compressed_ring_ar
1778547627.8626263,18,58,0.936945,107.96,342.034,1180.023,0,4,compressed_ring_ar
1778547629.0321825,18,59,1.198333,112.81,180.846,1132.173,0,4,compressed_ring_ar
1778547630.407602,18,60,0.987076,98.19,481.79,1298.786,0,4,compressed_ring_ar
1778547631.5001307,18,61,0.94347,121.97,123.508,1048.7,0,4,compressed_ring_ar
1778547632.9328349,18,62,1.017467,95.99,610.398,1328.56,0,4,compressed_ring_ar
1778547634.27524,18,63,1.200284,98.33,320.294,1291.4,0,4,compressed_ring_ar
1778547635.4651327,18,64,1.017059,110.97,222.966,1152.096,0,4,compressed_ring_ar
1778547636.856746,18,65,1.128255,94.57,259.149,1346.348,0,4,compressed_ring_ar
1778547638.149409,18,66,0.923912,102.26,214.391,1244.754,0,4,compressed_ring_ar
1778547639.430234,18,67,1.140151,103.84,191.166,1228.249,0,4,compressed_ring_ar
1778547640.722922,18,68,0.939556,102.27,190.653,1246.414,0,4,compressed_ring_ar
1778547641.9847925,18,69,0.893298,105.14,196.051,1212.97,0,4,compressed_ring_ar
1778547643.2996962,18,70,1.017316,100.6,209.847,1270.015,0,4,compressed_ring_ar
1778547644.6184642,18,71,1.004443,99.97,305.45,1271.487,0,4,compressed_ring_ar
1778547645.8605285,18,72,1.210709,106.62,193.575,1195.992,0,4,compressed_ring_ar
1778547647.147073,18,73,1.128826,103.05,218.624,1238.709,0,4,compressed_ring_ar
1778547648.4693122,18,74,1.026972,100.01,211.487,1275.171,0,4,compressed_ring_ar
1778547649.7293205,18,75,0.876647,105.11,341.778,1210.767,0,4,compressed_ring_ar
1778547651.023864,18,76,1.200869,101.89,289.719,1251.615,0,4,compressed_ring_ar
1778547652.377874,18,77,1.036641,98.14,201.969,1299.849,0,4,compressed_ring_ar
1778547653.5220282,18,78,1.192828,116.71,176.516,1095.678,0,4,compressed_ring_ar
1778547654.9765189,18,79,1.018391,92.53,428.129,1382.06,0,4,compressed_ring_ar
1778547656.2635734,18,80,1.017637,104.79,417.033,1220.358,0,4,compressed_ring_ar
1778547657.719579,18,81,1.080092,91.65,546.363,1394.215,0,4,compressed_ring_ar
1778547659.1113534,18,82,1.229988,94.41,457.513,1350.815,0,4,compressed_ring_ar
1778547660.321411,18,83,1.099352,110.71,243.612,1152.325,0,4,compressed_ring_ar
1778547661.5794783,18,84,0.959687,105.41,195.989,1211.408,0,4,compressed_ring_ar
1778547663.0240843,18,85,1.058756,92.26,218.167,1386.148,0,4,compressed_ring_ar
1778547664.34421,18,86,1.181113,101.07,214.224,1265.074,0,4,compressed_ring_ar
1778547665.7513044,18,87,1.052183,94.27,297.418,1353.286,0,4,compressed_ring_ar
1778547667.0783827,18,88,1.064256,99.45,227.585,1280.793,0,4,compressed_ring_ar
1778547668.34955,18,89,0.947125,104.41,235.695,1221.278,0,4,compressed_ring_ar
1778547669.797244,18,90,1.097689,90.77,220.51,1405.2,0,4,compressed_ring_ar
1778547670.9270105,18,91,1.423798,120.18,257.691,1057.421,0,4,compressed_ring_ar
1778547672.1217606,18,92,1.064599,110.66,141.965,1154.922,0,4,compressed_ring_ar
1778547673.4698417,18,93,0.941813,98.87,494.169,1289.828,0,4,compressed_ring_ar
1778547674.7071855,18,94,0.987763,108.65,203.404,1174.311,0,4,compressed_ring_ar
1778547675.9495378,18,95,1.176847,106.37,319.748,1201.986,0,4,compressed_ring_ar
1778547677.417991,18,96,1.03877,91.98,494.721,1385.013,0,4,compressed_ring_ar
1778547678.7514958,18,97,0.934367,64.36,252.236,1298.073,0,4,compressed_ring_ar
1778547690.301319,19,0,0.977588,94.75,189.402,1349.633,0,4,compressed_ring_ar
1778547691.6533616,19,1,1.05296,97.97,312.23,1301.889,0,4,compressed_ring_ar
1778547692.7625222,19,2,1.019223,125.97,204.006,1011.414,0,4,compressed_ring_ar
1778547694.0456161,19,3,1.037042,103.02,181.165,1238.417,0,4,compressed_ring_ar
1778547695.2491462,19,4,1.033164,110.47,133.369,1157.621,0,4,compressed_ring_ar
1778547696.5191808,19,5,1.017842,106.78,252.194,1196.297,0,4,compressed_ring_ar
1778547697.7880468,19,6,1.002356,105.21,332.489,1215.092,0,4,compressed_ring_ar
1778547699.016492,19,7,1.096081,110.51,142.908,1156.27,0,4,compressed_ring_ar
1778547700.2703245,19,8,0.94439,109.29,260.916,1169.99,0,4,compressed_ring_ar
1778547701.562187,19,9,1.085705,104.57,245.113,1219.548,0,4,compressed_ring_ar
1778547702.876673,19,10,0.998154,102.79,314.744,1243.176,0,4,compressed_ring_ar
1778547704.295507,19,11,1.033956,95.45,583.17,1338.602,0,4,compressed_ring_ar
1778547705.5816057,19,12,0.966212,103.51,306.197,1234.234,0,4,compressed_ring_ar
1778547706.9188664,19,13,1.099608,99.14,600.034,1289.496,0,4,compressed_ring_ar
1778547708.17585,19,14,1.013323,106.0,310.628,1206.619,0,4,compressed_ring_ar
1778547709.4049175,19,15,1.04209,109.17,301.156,1170.253,0,4,compressed_ring_ar
1778547710.7293096,19,16,0.950771,102.07,373.36,1251.712,0,4,compressed_ring_ar
1778547712.1702275,19,17,0.973902,93.74,146.372,1360.792,0,4,compressed_ring_ar
1778547713.3966296,19,18,1.295418,108.6,177.502,1177.025,0,4,compressed_ring_ar
1778547714.8197649,19,19,1.021509,95.85,191.324,1334.228,0,4,compressed_ring_ar
1778547716.1719968,19,20,1.114109,99.7,504.906,1282.555,0,4,compressed_ring_ar
1778547717.605415,19,21,0.943939,92.21,219.117,1383.305,0,4,compressed_ring_ar
1778547719.0123715,19,22,1.108873,93.34,422.628,1368.945,0,4,compressed_ring_ar
1778547720.3796282,19,23,1.155413,96.85,374.839,1319.686,0,4,compressed_ring_ar
1778547721.7481537,19,24,1.135964,97.13,501.035,1317.274,0,4,compressed_ring_ar
1778547723.2206352,19,25,0.935033,90.78,401.946,1408.859,0,4,compressed_ring_ar
1778547724.543216,19,26,1.111897,101.72,405.382,1255.773,0,4,compressed_ring_ar
1778547725.905595,19,27,1.133022,99.38,528.965,1285.556,0,4,compressed_ring_ar
1778547727.2848978,19,28,1.057087,97.15,557.548,1313.277,0,4,compressed_ring_ar
1778547728.538821,19,29,1.05023,106.44,346.742,1201.062,0,4,compressed_ring_ar
1778547729.8430603,19,30,1.107381,105.36,690.804,1212.47,0,4,compressed_ring_ar
1778547731.1113913,19,31,0.859834,107.47,386.576,1189.767,0,4,compressed_ring_ar
1778547732.3999736,19,32,1.037318,104.78,250.297,1219.167,0,4,compressed_ring_ar
1778547733.661076,19,33,1.135532,106.61,168.425,1199.569,0,4,compressed_ring_ar
1778547734.968865,19,34,1.07996,103.47,319.275,1236.177,0,4,compressed_ring_ar
1778547736.2269092,19,35,1.217325,106.71,401.286,1198.446,0,4,compressed_ring_ar
1778547737.643093,19,36,1.076107,94.31,397.085,1355.762,0,4,compressed_ring_ar
1778547739.061395,19,37,1.1724,95.99,164.115,1332.253,0,4,compressed_ring_ar
1778547740.270421,19,38,1.146118,110.93,306.542,1149.027,0,4,compressed_ring_ar
1778547741.758,19,39,1.141351,88.62,205.145,1443.695,0,4,compressed_ring_ar
1778547743.1923828,19,40,0.929815,95.07,369.387,1345.157,0,4,compressed_ring_ar
1778547744.4588223,19,41,0.949983,107.0,380.973,1195.166,0,4,compressed_ring_ar
1778547745.8271992,19,42,1.177255,100.0,366.374,1278.765,0,4,compressed_ring_ar
1778547747.1125977,19,43,1.034492,106.28,423.975,1203.123,0,4,compressed_ring_ar
1778547748.453753,19,44,1.007546,100.93,453.165,1265.544,0,4,compressed_ring_ar
1778547749.6466265,19,45,1.09248,111.12,270.43,1151.279,0,4,compressed_ring_ar
1778547750.94601,19,46,0.940353,106.16,504.261,1204.757,0,4,compressed_ring_ar
1778547752.3229165,19,47,1.175553,100.21,396.445,1275.601,0,4,compressed_ring_ar
1778547753.7009199,19,48,1.180426,97.65,409.531,1308.258,0,4,compressed_ring_ar
1778547755.038167,19,49,1.185732,101.88,466.137,1255.003,0,4,compressed_ring_ar
1778547756.2670655,19,50,0.949084,109.79,430.122,1164.79,0,4,compressed_ring_ar
1778547757.5657094,19,51,1.044571,104.55,431.393,1219.35,0,4,compressed_ring_ar
1778547758.9206147,19,52,0.87658,99.24,602.496,1288.662,0,4,compressed_ring_ar
1778547760.24094,19,53,1.148083,102.77,384.06,1242.967,0,4,compressed_ring_ar
1778547761.5319538,19,54,1.16794,103.94,465.994,1230.279,0,4,compressed_ring_ar
1778547762.7981312,19,55,1.117363,105.5,310.151,1212.119,0,4,compressed_ring_ar
1778547764.2487006,19,56,1.063233,93.09,734.695,1373.735,0,4,compressed_ring_ar
1778547765.5938916,19,57,1.184495,99.94,402.991,1279.632,0,4,compressed_ring_ar
1778547766.8269172,19,58,1.066937,107.71,318.045,1186.847,0,4,compressed_ring_ar
1778547768.2018266,19,59,1.239183,96.85,427.455,1320.289,0,4,compressed_ring_ar
1778547769.8023803,19,60,0.905676,82.9,283.658,1542.882,0,4,compressed_ring_ar
1778547770.9288929,19,61,1.120343,122.42,205.764,1044.351,0,4,compressed_ring_ar
1778547772.4077332,19,62,1.091392,90.06,205.283,1418.796,0,4,compressed_ring_ar
1778547773.7928085,19,63,0.897822,95.95,254.209,1326.406,0,4,compressed_ring_ar
1778547775.084831,19,64,0.995259,102.48,200.328,1243.761,0,4,compressed_ring_ar
1778547776.459094,19,65,1.183219,97.31,211.474,1310.248,0,4,compressed_ring_ar
1778547777.702116,19,66,1.065355,106.97,194.926,1193.78,0,4,compressed_ring_ar
1778547779.122836,19,67,1.022388,92.76,207.298,1374.526,0,4,compressed_ring_ar
1778547780.3417103,19,68,1.152816,108.76,195.338,1172.37,0,4,compressed_ring_ar
1778547781.729933,19,69,1.120487,95.62,207.799,1334.75,0,4,compressed_ring_ar
1778547783.0716298,19,70,1.130638,97.92,316.697,1302.025,0,4,compressed_ring_ar
1778547784.1983178,19,71,1.103397,118.3,275.623,1077.064,0,4,compressed_ring_ar
1778547785.5432477,19,72,0.94978,98.35,214.597,1297.015,0,4,compressed_ring_ar
1778547786.8209994,19,73,1.127763,103.2,227.396,1235.757,0,4,compressed_ring_ar
1778547788.1472092,19,74,0.982488,99.48,207.885,1280.885,0,4,compressed_ring_ar
1778547789.5202975,19,75,1.06198,96.31,281.762,1322.19,0,4,compressed_ring_ar
1778547790.7962363,19,76,1.032097,103.47,231.062,1233.324,0,4,compressed_ring_ar
1778547792.013691,19,77,1.028096,111.67,221.674,1144.773,0,4,compressed_ring_ar
1778547793.4519727,19,78,1.187422,92.3,232.117,1385.32,0,4,compressed_ring_ar
1778547794.738637,19,79,1.180182,103.39,192.913,1233.738,0,4,compressed_ring_ar
1778547796.0170722,19,80,1.104587,103.65,563.117,1227.986,0,4,compressed_ring_ar
1778547797.4489822,19,81,1.177816,92.68,213.623,1376.124,0,4,compressed_ring_ar
1778547798.9070802,19,82,1.089458,94.49,294.489,1349.37,0,4,compressed_ring_ar
1778547800.6817853,19,83,1.069609,75.27,317.62,1699.183,0,4,compressed_ring_ar
1778547802.3140285,19,84,1.044271,82.85,242.042,1543.4,0,4,compressed_ring_ar
1778547803.6046605,19,85,0.814149,107.08,263.164,1194.001,0,4,compressed_ring_ar
1778547804.9505785,19,86,1.035638,99.88,234.524,1280.232,0,4,compressed_ring_ar
1778547806.4994397,19,87,0.905549,85.9,321.882,1487.513,0,4,compressed_ring_ar
1778547808.0879614,19,88,1.108541,84.46,217.991,1513.771,0,4,compressed_ring_ar
1778547809.603265,19,89,1.055726,87.3,469.281,1461.347,0,4,compressed_ring_ar
1778547810.9832244,19,90,0.993186,96.17,231.896,1328.762,0,4,compressed_ring_ar
1778547812.4565957,19,91,0.835892,90.97,318.943,1405.975,0,4,compressed_ring_ar
1778547813.904074,19,92,0.985253,94.42,324.288,1346.001,0,4,compressed_ring_ar
1778547815.1881704,19,93,1.20589,104.04,205.513,1224.645,0,4,compressed_ring_ar
1778547816.494957,19,94,1.028118,101.57,332.829,1258.672,0,4,compressed_ring_ar
1778547817.9030564,19,95,1.111684,94.42,210.458,1349.281,0,4,compressed_ring_ar
1778547819.3498359,19,96,1.127123,91.14,364.428,1394.955,0,4,compressed_ring_ar
1778547820.8525596,19,97,1.144856,57.37,287.712,1455.147,0,4,compressed_ring_ar
1778547832.7526205,20,0,1.100411,88.28,213.573,1444.64,0,4,compressed_ring_ar
1778547834.13002,20,1,1.153393,95.79,371.33,1325.877,0,4,compressed_ring_ar
1778547835.434157,20,2,0.954149,101.19,281.643,1260.178,0,4,compressed_ring_ar
1778547836.7443106,20,3,1.129709,102.54,356.987,1243.333,0,4,compressed_ring_ar
1778547837.9960687,20,4,0.971881,106.18,286.296,1201.217,0,4,compressed_ring_ar
1778547839.3431048,20,5,1.049169,97.83,187.985,1303.058,0,4,compressed_ring_ar
1778547840.6233435,20,6,1.04546,103.29,365.897,1234.365,0,4,compressed_ring_ar
1778547841.826235,20,7,1.160423,110.43,220.675,1154.054,0,4,compressed_ring_ar
1778547843.1739266,20,8,1.146333,98.33,218.517,1296.56,0,4,compressed_ring_ar
1778547844.579038,20,9,0.961206,94.16,375.941,1357.978,0,4,compressed_ring_ar
1778547845.7335367,20,10,0.966211,116.51,197.013,1093.487,0,4,compressed_ring_ar
1778547847.0589542,20,11,0.939269,99.5,206.217,1281.487,0,4,compressed_ring_ar
1778547848.4125004,20,12,1.223285,97.29,207.874,1314.552,0,4,compressed_ring_ar
1778547849.62892,20,13,0.988395,111.47,312.691,1143.817,0,4,compressed_ring_ar
1778547850.937042,20,14,1.018462,101.1,225.333,1261.189,0,4,compressed_ring_ar
1778547852.4081352,20,15,1.057869,90.34,283.26,1409.604,0,4,compressed_ring_ar
1778547853.8291671,20,16,1.034027,96.01,280.678,1326.135,0,4,compressed_ring_ar
1778547855.188998,20,17,1.125561,97.51,313.668,1308.026,0,4,compressed_ring_ar
1778547856.583044,20,18,1.043954,96.8,206.593,1320.288,0,4,compressed_ring_ar
1778547857.8395052,20,19,1.019424,105.78,153.202,1208.776,0,4,compressed_ring_ar
1778547859.1198318,20,20,1.109127,105.88,277.036,1206.927,0,4,compressed_ring_ar
1778547860.3739588,20,21,1.098608,105.66,193.005,1208.509,0,4,compressed_ring_ar
1778547861.721655,20,22,1.167933,98.71,350.558,1291.86,0,4,compressed_ring_ar
1778547863.0642211,20,23,1.106033,100.04,149.857,1278.142,0,4,compressed_ring_ar
1778547864.4650135,20,24,1.201663,93.8,369.35,1363.135,0,4,compressed_ring_ar
1778547865.8834534,20,25,1.018703,92.83,193.714,1377.517,0,4,compressed_ring_ar
1778547867.362073,20,26,1.085523,89.61,408.057,1427.109,0,4,compressed_ring_ar
1778547868.641079,20,27,0.968326,103.68,303.083,1232.407,0,4,compressed_ring_ar
1778547869.9289174,20,28,0.996763,103.22,436.836,1237.497,0,4,compressed_ring_ar
1778547871.3887277,20,29,1.113934,90.23,435.642,1413.854,0,4,compressed_ring_ar
1778547872.716813,20,30,1.017042,101.9,221.136,1248.877,0,4,compressed_ring_ar
1778547873.7592168,20,31,1.088697,127.46,177.985,1003.054,0,4,compressed_ring_ar
1778547875.0156584,20,32,0.976377,105.5,411.074,1211.042,0,4,compressed_ring_ar
1778547876.4277859,20,33,1.08521,93.32,405.449,1368.519,0,4,compressed_ring_ar
1778547877.6340902,20,34,1.061015,113.34,175.924,1127.961,0,4,compressed_ring_ar
1778547879.0619574,20,35,0.982075,92.47,231.873,1379.723,0,4,compressed_ring_ar
1778547880.2610607,20,36,1.075613,110.18,323.714,1155.189,0,4,compressed_ring_ar
1778547881.5794108,20,37,1.01677,100.98,206.328,1262.9,0,4,compressed_ring_ar
1778547882.8678327,20,38,1.128652,103.02,228.043,1237.715,0,4,compressed_ring_ar
1778547884.053576,20,39,1.058232,112.18,211.061,1139.581,0,4,compressed_ring_ar
1778547885.42006,20,40,1.121569,96.44,282.162,1320.992,0,4,compressed_ring_ar
1778547886.8316154,20,41,0.944738,93.09,334.961,1369.278,0,4,compressed_ring_ar
1778547888.0483394,20,42,1.033205,109.66,153.73,1165.999,0,4,compressed_ring_ar
1778547889.36305,20,43,0.997664,101.59,207.608,1255.718,0,4,compressed_ring_ar
1778547890.589855,20,44,1.10114,108.02,266.843,1182.917,0,4,compressed_ring_ar
1778547891.8720033,20,45,1.11283,104.76,205.58,1219.416,0,4,compressed_ring_ar
1778547893.1344516,20,46,1.027869,107.49,293.316,1189.533,0,4,compressed_ring_ar
1778547894.440247,20,47,1.107937,106.42,583.817,1201.91,0,4,compressed_ring_ar
1778547895.8331335,20,48,1.052024,99.04,364.783,1286.88,0,4,compressed_ring_ar
1778547897.2755668,20,49,1.141918,91.67,239.164,1391.708,0,4,compressed_ring_ar
1778547898.6861434,20,50,1.059904,93.12,212.562,1369.654,0,4,compressed_ring_ar
1778547899.9997184,20,51,1.225631,101.14,249.05,1261.347,0,4,compressed_ring_ar
1778547901.3862717,20,52,1.21602,95.85,237.831,1330.797,0,4,compressed_ring_ar
1778547902.8738048,20,53,0.940062,89.66,303.847,1422.909,0,4,compressed_ring_ar
1778547904.2904017,20,54,1.081803,95.81,207.299,1331.074,0,4,compressed_ring_ar
1778547905.57665,20,55,1.074564,106.09,205.391,1204.3,0,4,compressed_ring_ar
1778547906.916047,20,56,1.212884,98.89,146.553,1291.283,0,4,compressed_ring_ar
1778547908.2097833,20,57,1.16704,102.15,329.077,1248.656,0,4,compressed_ring_ar
1778547909.5071297,20,58,1.023078,102.01,220.0,1253.513,0,4,compressed_ring_ar
1778547910.7568786,20,59,1.144578,106.22,224.217,1202.018,0,4,compressed_ring_ar
1778547912.0947843,20,60,1.112267,98.72,338.353,1292.139,0,4,compressed_ring_ar
1778547913.5821733,20,61,0.851906,89.24,218.67,1430.936,0,4,compressed_ring_ar
1778547914.8878324,20,62,1.059571,101.52,492.595,1258.182,0,4,compressed_ring_ar
1778547916.2998395,20,63,1.007767,93.22,354.109,1365.293,0,4,compressed_ring_ar
1778547917.4177537,20,64,0.964674,118.12,190.42,1082.314,0,4,compressed_ring_ar
1778547918.8204324,20,65,0.921617,96.36,215.772,1323.264,0,4,compressed_ring_ar
1778547920.1100695,20,66,1.25809,102.25,356.18,1247.439,0,4,compressed_ring_ar
1778547921.3446445,20,67,1.108359,107.12,356.473,1193.135,0,4,compressed_ring_ar
1778547922.7321415,20,68,1.159981,95.64,197.399,1331.321,0,4,compressed_ring_ar
1778547924.0551658,20,69,0.980983,101.73,246.409,1255.929,0,4,compressed_ring_ar
1778547925.6281931,20,70,1.020768,83.33,421.805,1535.0,0,4,compressed_ring_ar
1778547927.0902655,20,71,1.019244,92.32,237.676,1379.333,0,4,compressed_ring_ar
1778547928.3079777,20,72,1.200649,108.42,190.998,1179.079,0,4,compressed_ring_ar
1778547929.6853533,20,73,1.217455,95.47,462.225,1339.474,0,4,compressed_ring_ar
1778547931.0995378,20,74,1.062823,94.91,440.94,1344.874,0,4,compressed_ring_ar
1778547932.2800899,20,75,1.051316,112.21,139.105,1138.158,0,4,compressed_ring_ar
1778547933.648422,20,76,1.113918,97.87,426.877,1300.52,0,4,compressed_ring_ar
1778547934.9375165,20,77,1.213206,102.73,192.013,1241.156,0,4,compressed_ring_ar
1778547936.2877593,20,78,1.12002,97.41,184.954,1307.89,0,4,compressed_ring_ar
1778547937.4476078,20,79,1.017772,114.74,249.533,1112.881,0,4,compressed_ring_ar
1778547938.870938,20,80,1.12012,93.9,536.615,1359.403,0,4,compressed_ring_ar
1778547940.3079762,20,81,1.114912,91.68,231.277,1390.614,0,4,compressed_ring_ar
1778547941.6458473,20,82,0.971896,99.7,238.935,1278.954,0,4,compressed_ring_ar
1778547943.0625696,20,83,1.144475,93.14,378.909,1368.742,0,4,compressed_ring_ar
1778547944.3789673,20,84,1.094964,101.01,211.757,1260.821,0,4,compressed_ring_ar
1778547945.6833224,20,85,1.041971,101.88,187.774,1249.841,0,4,compressed_ring_ar
1778547946.9370236,20,86,1.00272,105.25,208.748,1208.488,0,4,compressed_ring_ar
1778547948.2125354,20,87,0.982158,103.87,215.621,1223.828,0,4,compressed_ring_ar
1778547949.5220516,20,88,0.947194,100.76,197.381,1264.43,0,4,compressed_ring_ar
1778547950.7974408,20,89,1.091602,104.25,196.758,1223.042,0,4,compressed_ring_ar
1778547951.9979584,20,90,0.858974,112.27,181.606,1137.508,0,4,compressed_ring_ar
1778547953.5886,20,91,0.868375,82.65,742.926,1541.533,0,4,compressed_ring_ar
1778547954.8232844,20,92,1.058395,107.37,247.954,1190.873,0,4,compressed_ring_ar
1778547956.4037404,20,93,1.192134,83.22,425.034,1536.962,0,4,compressed_ring_ar
1778547957.7262902,20,94,1.080038,102.44,241.136,1248.158,0,4,compressed_ring_ar
1778547959.099763,20,95,1.05927,97.46,392.452,1311.942,0,4,compressed_ring_ar
1778547960.5753968,20,96,0.987968,89.43,237.95,1430.141,0,4,compressed_ring_ar
1778547961.657715,20,97,1.071928,81.17,260.455,1032.17,0,4,compressed_ring_ar
