timestamp,epoch,iteration,loss,throughput_samp_s,comm_latency_ms,iter_time_ms,rank,world_size,arch
1778545150.0535462,1,0,2.392778,61.02,564.087,2097.4,1,4,compressed_ring_ar
1778545151.710801,1,1,2.346196,80.25,214.887,1594.155,1,4,compressed_ring_ar
1778545153.139281,1,2,2.289842,92.19,270.557,1387.03,1,4,compressed_ring_ar
1778545154.6186423,1,3,2.286318,89.49,305.123,1428.867,1,4,compressed_ring_ar
1778545156.1617396,1,4,2.328501,84.89,217.634,1504.739,1,4,compressed_ring_ar
1778545157.597611,1,5,2.278796,92.81,241.161,1374.685,1,4,compressed_ring_ar
1778545159.0544317,1,6,2.285734,90.16,376.9,1418.579,1,4,compressed_ring_ar
1778545160.5184124,1,7,2.246154,90.39,208.208,1414.762,1,4,compressed_ring_ar
1778545162.0622954,1,8,2.263944,85.94,293.754,1488.487,1,4,compressed_ring_ar
1778545163.4093726,1,9,2.1998,99.96,213.867,1279.046,1,4,compressed_ring_ar
1778545164.75852,1,10,2.295556,99.57,197.102,1281.056,1,4,compressed_ring_ar
1778545166.210845,1,11,2.237405,90.9,372.213,1405.588,1,4,compressed_ring_ar
1778545167.5741253,1,12,2.191657,96.82,474.411,1319.641,1,4,compressed_ring_ar
1778545168.979276,1,13,2.23497,94.03,620.638,1359.781,1,4,compressed_ring_ar
1778545170.4312084,1,14,2.19983,90.86,284.623,1407.495,1,4,compressed_ring_ar
1778545171.8619342,1,15,2.221611,93.97,465.331,1357.726,1,4,compressed_ring_ar
1778545173.4367092,1,16,2.210364,83.43,215.309,1531.848,1,4,compressed_ring_ar
1778545174.8195832,1,17,2.113951,96.98,667.824,1316.752,1,4,compressed_ring_ar
1778545176.3487144,1,18,2.311056,86.84,238.374,1472.587,1,4,compressed_ring_ar
1778545177.6717532,1,19,2.203277,99.6,189.766,1280.501,1,4,compressed_ring_ar
1778545179.1604948,1,20,2.120356,88.3,205.016,1447.09,1,4,compressed_ring_ar
1778545180.6438673,1,21,2.14858,89.29,456.202,1431.965,1,4,compressed_ring_ar
1778545181.9503381,1,22,2.192613,101.49,288.188,1258.863,1,4,compressed_ring_ar
1778545183.8026998,1,23,2.255208,70.86,615.661,1805.1,1,4,compressed_ring_ar
1778545185.2862825,1,24,1.991765,91.77,219.986,1391.466,1,4,compressed_ring_ar
1778545186.83626,1,25,2.03017,84.69,214.861,1510.154,1,4,compressed_ring_ar
1778545188.2112758,1,26,2.099282,96.28,280.244,1328.032,1,4,compressed_ring_ar
1778545189.6672888,1,27,2.000672,91.55,192.841,1395.649,1,4,compressed_ring_ar
1778545191.1343117,1,28,2.046635,89.5,197.053,1429.023,1,4,compressed_ring_ar
1778545192.6241329,1,29,1.935832,89.66,669.952,1426.393,1,4,compressed_ring_ar
1778545193.9728873,1,30,2.172825,98.42,296.118,1295.841,1,4,compressed_ring_ar
1778545195.6081607,1,31,1.945268,80.05,252.553,1596.975,1,4,compressed_ring_ar
1778545197.0031607,1,32,1.891302,94.47,265.298,1352.297,1,4,compressed_ring_ar
1778545198.4838705,1,33,1.934405,89.6,560.738,1425.841,1,4,compressed_ring_ar
1778545199.943212,1,34,1.847219,89.98,587.663,1421.176,1,4,compressed_ring_ar
1778545201.3596203,1,35,1.970563,94.48,181.558,1353.353,1,4,compressed_ring_ar
1778545202.7723768,1,36,1.884586,93.23,430.81,1371.56,1,4,compressed_ring_ar
1778545204.20539,1,37,1.972311,93.49,215.39,1365.846,1,4,compressed_ring_ar
1778545205.7023957,1,38,1.946473,87.58,569.612,1460.169,1,4,compressed_ring_ar
1778545207.1687264,1,39,1.889932,90.4,174.501,1414.655,1,4,compressed_ring_ar
1778545208.5022655,1,40,2.012407,100.05,256.774,1277.938,1,4,compressed_ring_ar
1778545209.8517263,1,41,1.897493,98.48,211.708,1298.255,1,4,compressed_ring_ar
1778545211.2469087,1,42,1.825517,94.49,191.261,1353.195,1,4,compressed_ring_ar
1778545212.7318144,1,43,1.85882,89.2,201.826,1428.455,1,4,compressed_ring_ar
1778545214.1230536,1,44,1.873194,95.61,179.692,1332.194,1,4,compressed_ring_ar
1778545215.6092293,1,45,1.818706,87.98,427.257,1452.528,1,4,compressed_ring_ar
1778545216.9646902,1,46,1.898315,98.35,173.968,1299.057,1,4,compressed_ring_ar
1778545218.311394,1,47,1.906949,97.9,479.646,1304.752,1,4,compressed_ring_ar
1778545219.905162,1,48,1.783569,82.13,583.82,1556.07,1,4,compressed_ring_ar
1778545221.214229,1,49,1.819204,100.79,160.537,1267.471,1,4,compressed_ring_ar
1778545222.5112224,1,50,1.856649,102.85,399.293,1243.371,1,4,compressed_ring_ar
1778545223.851381,1,51,1.824828,100.07,587.135,1277.713,1,4,compressed_ring_ar
1778545225.159938,1,52,1.805159,100.76,307.48,1268.93,1,4,compressed_ring_ar
1778545226.5334618,1,53,1.840433,96.1,298.02,1330.594,1,4,compressed_ring_ar
1778545228.034299,1,54,1.788483,88.86,216.194,1439.049,1,4,compressed_ring_ar
1778545229.4393694,1,55,1.84596,94.02,319.414,1360.171,1,4,compressed_ring_ar
1778545230.934522,1,56,1.717352,88.22,394.107,1446.499,1,4,compressed_ring_ar
1778545232.1900263,1,57,1.942904,105.13,275.028,1214.371,1,4,compressed_ring_ar
1778545233.562989,1,58,1.771899,97.04,460.988,1317.695,1,4,compressed_ring_ar
1778545234.9555006,1,59,1.709656,95.25,201.169,1339.384,1,4,compressed_ring_ar
1778545236.4175243,1,60,1.814008,89.99,183.682,1417.18,1,4,compressed_ring_ar
1778545237.804874,1,61,1.895252,95.84,197.827,1330.236,1,4,compressed_ring_ar
1778545239.3341298,1,62,1.782517,86.92,176.43,1471.242,1,4,compressed_ring_ar
1778545240.677956,1,63,1.811206,97.92,398.744,1303.879,1,4,compressed_ring_ar
1778545242.1008813,1,64,1.72193,93.56,473.431,1366.894,1,4,compressed_ring_ar
1778545243.6131802,1,65,1.767265,86.85,215.021,1472.481,1,4,compressed_ring_ar
1778545244.9496193,1,66,1.747268,100.2,287.39,1276.233,1,4,compressed_ring_ar
1778545246.2320764,1,67,1.66907,103.55,191.38,1234.77,1,4,compressed_ring_ar
1778545247.6331038,1,68,1.634481,94.22,179.088,1357.164,1,4,compressed_ring_ar
1778545249.016111,1,69,1.684742,95.85,234.241,1333.567,1,4,compressed_ring_ar
1778545250.4939256,1,70,1.691766,89.36,227.307,1430.383,1,4,compressed_ring_ar
1778545252.103819,1,71,1.934515,83.93,304.509,1523.688,1,4,compressed_ring_ar
1778545253.4001672,1,72,1.732376,102.43,213.197,1248.319,1,4,compressed_ring_ar
1778545254.811697,1,73,1.870916,93.92,188.15,1356.119,1,4,compressed_ring_ar
1778545256.1230893,1,74,1.730614,101.22,273.8,1263.096,1,4,compressed_ring_ar
1778545257.5625286,1,75,1.773022,91.42,206.088,1398.776,1,4,compressed_ring_ar
1778545258.963247,1,76,1.812867,94.87,193.713,1347.481,1,4,compressed_ring_ar
1778545260.3900316,1,77,1.876942,93.09,363.496,1373.737,1,4,compressed_ring_ar
1778545261.7517235,1,78,1.806283,97.65,175.732,1309.491,1,4,compressed_ring_ar
1778545263.084982,1,79,1.792578,99.45,313.556,1285.757,1,4,compressed_ring_ar
1778545264.4201515,1,80,1.967718,99.67,346.392,1282.866,1,4,compressed_ring_ar
1778545265.8491955,1,81,1.655487,93.07,216.484,1372.019,1,4,compressed_ring_ar
1778545267.1999762,1,82,1.754771,98.02,240.763,1304.584,1,4,compressed_ring_ar
1778545268.6644237,1,83,1.701273,89.58,436.965,1427.527,1,4,compressed_ring_ar
1778545270.2015705,1,84,1.744742,85.55,221.795,1493.722,1,4,compressed_ring_ar
1778545271.6398628,1,85,1.85737,92.37,195.544,1381.638,1,4,compressed_ring_ar
1778545273.0067823,1,86,1.747508,96.39,361.75,1325.842,1,4,compressed_ring_ar
1778545274.4211247,1,87,1.691123,94.22,262.112,1354.68,1,4,compressed_ring_ar
1778545275.851055,1,88,1.656002,92.19,190.935,1387.157,1,4,compressed_ring_ar
1778545277.5422065,1,89,1.723507,77.82,332.425,1643.549,1,4,compressed_ring_ar
1778545279.0442863,1,90,1.778186,89.35,345.568,1431.222,1,4,compressed_ring_ar
1778545280.3549895,1,91,1.691388,101.6,211.781,1258.463,1,4,compressed_ring_ar
1778545281.813015,1,92,1.702784,90.17,211.562,1413.584,1,4,compressed_ring_ar
1778545283.21307,1,93,1.744885,96.48,191.165,1325.35,1,4,compressed_ring_ar
1778545284.5405521,1,94,1.704056,99.78,192.028,1281.451,1,4,compressed_ring_ar
1778545285.9487414,1,95,1.782082,94.31,187.93,1355.992,1,4,compressed_ring_ar
1778545287.4160104,1,96,1.861448,90.62,358.669,1411.3,1,4,compressed_ring_ar
1778545288.7321632,1,97,1.709991,65.56,212.758,1273.925,1,4,compressed_ring_ar
1778545300.4650521,2,0,1.746009,87.83,205.381,1454.725,1,4,compressed_ring_ar
1778545301.8038983,2,1,1.650918,99.81,186.386,1281.179,1,4,compressed_ring_ar
1778545303.3721008,2,2,1.548647,85.89,658.204,1485.239,1,4,compressed_ring_ar
1778545304.5196514,2,3,1.583307,117.11,336.069,1087.374,1,4,compressed_ring_ar
1778545305.8110538,2,4,1.763096,103.86,352.701,1228.143,1,4,compressed_ring_ar
1778545307.1507492,2,5,1.567434,98.6,228.949,1294.301,1,4,compressed_ring_ar
1778545308.6754026,2,6,1.65111,87.43,364.37,1458.737,1,4,compressed_ring_ar
1778545309.8093913,2,7,1.809355,117.97,262.831,1083.742,1,4,compressed_ring_ar
1778545311.282854,2,8,1.726675,89.79,192.672,1424.161,1,4,compressed_ring_ar
1778545312.5849335,2,9,1.565588,101.82,243.507,1252.516,1,4,compressed_ring_ar
1778545314.0711389,2,10,1.637233,88.78,227.14,1437.173,1,4,compressed_ring_ar
1778545315.4133232,2,11,1.758588,98.95,215.191,1288.997,1,4,compressed_ring_ar
1778545316.6984394,2,12,1.587493,103.78,254.165,1231.643,1,4,compressed_ring_ar
1778545317.9764173,2,13,1.675861,103.89,166.034,1230.195,1,4,compressed_ring_ar
1778545319.3605943,2,14,1.647176,97.71,337.631,1303.578,1,4,compressed_ring_ar
1778545320.5717099,2,15,1.790184,110.47,148.35,1158.341,1,4,compressed_ring_ar
1778545322.0464628,2,16,1.832743,91.33,365.109,1391.533,1,4,compressed_ring_ar
1778545323.3555632,2,17,1.66358,101.06,268.754,1261.09,1,4,compressed_ring_ar
1778545324.7197976,2,18,1.636811,97.56,277.512,1306.002,1,4,compressed_ring_ar
1778545326.0253265,2,19,1.63662,101.48,198.072,1256.982,1,4,compressed_ring_ar
1778545327.2666268,2,20,1.657769,106.31,209.285,1199.537,1,4,compressed_ring_ar
1778545328.573638,2,21,1.624302,101.46,309.779,1255.325,1,4,compressed_ring_ar
1778545329.8480697,2,22,1.652126,103.64,216.573,1230.175,1,4,compressed_ring_ar
1778545331.1445272,2,23,1.674358,102.57,199.312,1243.698,1,4,compressed_ring_ar
1778545332.4218645,2,24,1.64436,103.83,207.418,1228.519,1,4,compressed_ring_ar
1778545333.7966049,2,25,1.548585,96.36,248.241,1322.594,1,4,compressed_ring_ar
1778545335.1683316,2,26,1.696553,96.62,209.471,1323.511,1,4,compressed_ring_ar
1778545336.6268013,2,27,1.699286,91.99,205.95,1389.994,1,4,compressed_ring_ar
1778545337.9498053,2,28,1.766601,100.97,192.844,1264.489,1,4,compressed_ring_ar
1778545339.2294452,2,29,1.667276,103.02,183.796,1240.942,1,4,compressed_ring_ar
1778545340.5226188,2,30,1.671143,102.34,213.251,1243.755,1,4,compressed_ring_ar
1778545341.7598445,2,31,1.540737,109.26,243.508,1163.586,1,4,compressed_ring_ar
1778545343.1057985,2,32,1.641622,99.14,220.22,1284.893,1,4,compressed_ring_ar
1778545344.4563348,2,33,1.714801,97.96,233.057,1301.864,1,4,compressed_ring_ar
1778545345.6981688,2,34,1.577156,106.08,390.391,1205.199,1,4,compressed_ring_ar
1778545347.0983458,2,35,1.588942,95.34,335.728,1338.688,1,4,compressed_ring_ar
1778545348.378252,2,36,1.823683,104.76,228.844,1219.692,1,4,compressed_ring_ar
1778545349.5210273,2,37,1.686775,120.07,178.702,1061.386,1,4,compressed_ring_ar
1778545350.7538037,2,38,1.642793,107.77,305.935,1185.255,1,4,compressed_ring_ar
1778545352.017163,2,39,1.498062,105.55,340.188,1211.285,1,4,compressed_ring_ar
1778545353.3313935,2,40,1.754873,102.33,191.914,1248.251,1,4,compressed_ring_ar
1778545354.787104,2,41,1.437758,90.12,483.638,1416.466,1,4,compressed_ring_ar
1778545356.2313871,2,42,1.621491,92.14,189.938,1387.764,1,4,compressed_ring_ar
1778545357.6863415,2,43,1.706409,91.28,283.6,1400.878,1,4,compressed_ring_ar
1778545359.050424,2,44,1.638249,96.97,232.454,1313.723,1,4,compressed_ring_ar
1778545360.4691796,2,45,1.54196,92.56,207.589,1378.146,1,4,compressed_ring_ar
1778545361.666305,2,46,1.52503,111.6,199.0,1142.396,1,4,compressed_ring_ar
1778545362.9147606,2,47,1.580178,106.7,213.312,1195.12,1,4,compressed_ring_ar
1778545364.263889,2,48,1.703167,97.48,226.9,1306.106,1,4,compressed_ring_ar
1778545365.5085425,2,49,1.54643,106.63,196.777,1199.078,1,4,compressed_ring_ar
1778545366.8991346,2,50,1.681411,95.04,241.859,1343.055,1,4,compressed_ring_ar
1778545368.6297545,2,51,1.541461,75.71,374.316,1689.234,1,4,compressed_ring_ar
1778545369.9725296,2,52,1.434185,98.93,332.212,1289.958,1,4,compressed_ring_ar
1778545371.2569077,2,53,1.633575,102.63,148.044,1243.915,1,4,compressed_ring_ar
1778545372.5977783,2,54,1.691601,99.34,323.37,1279.694,1,4,compressed_ring_ar
1778545373.7502012,2,55,1.697532,116.09,199.243,1100.574,1,4,compressed_ring_ar
1778545375.0213299,2,56,1.597151,104.34,205.237,1219.011,1,4,compressed_ring_ar
1778545376.338828,2,57,1.474827,99.94,221.458,1272.657,1,4,compressed_ring_ar
1778545377.6737728,2,58,1.619494,99.49,218.502,1279.284,1,4,compressed_ring_ar
1778545378.8861048,2,59,1.569511,108.9,235.407,1174.063,1,4,compressed_ring_ar
1778545380.36364,2,60,1.543618,90.11,220.193,1415.926,1,4,compressed_ring_ar
1778545381.5708518,2,61,1.665154,109.61,219.05,1165.679,1,4,compressed_ring_ar
1778545382.8928893,2,62,1.647107,100.36,206.591,1269.595,1,4,compressed_ring_ar
1778545384.2750387,2,63,1.490026,95.85,291.232,1330.701,1,4,compressed_ring_ar
1778545385.525656,2,64,1.575971,105.72,194.506,1205.697,1,4,compressed_ring_ar
1778545386.809686,2,65,1.629935,103.25,190.067,1234.49,1,4,compressed_ring_ar
1778545388.1138544,2,66,1.715348,101.66,209.785,1252.299,1,4,compressed_ring_ar
1778545389.5081444,2,67,1.571254,94.4,336.513,1349.188,1,4,compressed_ring_ar
1778545391.0687628,2,68,1.562613,85.26,326.543,1500.414,1,4,compressed_ring_ar
1778545392.4065301,2,69,1.542269,101.25,303.611,1254.513,1,4,compressed_ring_ar
1778545393.7483854,2,70,1.503168,98.77,258.235,1294.741,1,4,compressed_ring_ar
1778545395.1127229,2,71,1.567573,98.77,344.63,1293.89,1,4,compressed_ring_ar
1778545396.5963957,2,72,1.643912,89.22,244.132,1427.198,1,4,compressed_ring_ar
1778545397.8445332,2,73,1.513975,106.19,207.479,1201.112,1,4,compressed_ring_ar
1778545399.1289947,2,74,1.636049,104.89,206.269,1217.976,1,4,compressed_ring_ar
1778545400.463414,2,75,1.434369,99.31,270.765,1281.884,1,4,compressed_ring_ar
1778545401.563729,2,76,1.378527,120.65,198.298,1056.694,1,4,compressed_ring_ar
1778545402.814834,2,77,1.541435,107.2,210.838,1188.852,1,4,compressed_ring_ar
1778545404.0556967,2,78,1.461891,106.65,195.856,1193.85,1,4,compressed_ring_ar
1778545405.411964,2,79,1.631533,97.27,221.38,1311.781,1,4,compressed_ring_ar
1778545406.5158129,2,80,1.470137,121.33,345.035,1053.784,1,4,compressed_ring_ar
1778545407.7840555,2,81,1.67381,105.68,376.898,1204.205,1,4,compressed_ring_ar
1778545408.9727502,2,82,1.463862,112.01,182.457,1141.543,1,4,compressed_ring_ar
1778545410.2785568,2,83,1.556939,102.74,310.187,1238.099,1,4,compressed_ring_ar
1778545411.783006,2,84,1.614842,87.8,208.591,1456.222,1,4,compressed_ring_ar
1778545413.0720444,2,85,1.513672,104.02,197.937,1226.047,1,4,compressed_ring_ar
1778545414.4166353,2,86,1.517163,98.52,206.315,1297.329,1,4,compressed_ring_ar
1778545415.6502595,2,87,1.577027,108.55,208.9,1174.468,1,4,compressed_ring_ar
1778545417.0132565,2,88,1.630784,96.69,259.091,1322.404,1,4,compressed_ring_ar
1778545418.352349,2,89,1.72464,98.8,283.278,1290.459,1,4,compressed_ring_ar
1778545419.6488965,2,90,1.481086,102.23,221.109,1250.755,1,4,compressed_ring_ar
1778545421.1023984,2,91,1.570453,90.77,212.038,1408.815,1,4,compressed_ring_ar
1778545422.4842727,2,92,1.598056,96.39,395.286,1326.196,1,4,compressed_ring_ar
1778545423.8332753,2,93,1.517181,99.06,186.361,1286.9,1,4,compressed_ring_ar
1778545425.2410562,2,94,1.619677,94.8,206.425,1345.912,1,4,compressed_ring_ar
1778545426.5900447,2,95,1.470917,97.65,318.183,1303.89,1,4,compressed_ring_ar
1778545428.1017091,2,96,1.583811,87.32,242.49,1459.226,1,4,compressed_ring_ar
1778545429.5752075,2,97,1.63039,59.39,218.532,1405.655,1,4,compressed_ring_ar
1778545441.048534,3,0,1.537568,92.08,433.271,1385.041,1,4,compressed_ring_ar
1778545442.312486,3,1,1.591024,105.04,262.178,1213.879,1,4,compressed_ring_ar
1778545443.5186272,3,2,1.670783,109.66,361.35,1162.905,1,4,compressed_ring_ar
1778545444.9122953,3,3,1.450189,95.65,321.391,1337.19,1,4,compressed_ring_ar
1778545446.105515,3,4,1.643769,112.15,363.546,1136.856,1,4,compressed_ring_ar
1778545447.436461,3,5,1.510024,99.49,196.959,1281.773,1,4,compressed_ring_ar
1778545448.65183,3,6,1.496263,108.8,253.848,1171.824,1,4,compressed_ring_ar
1778545449.906433,3,7,1.650995,105.78,191.322,1208.826,1,4,compressed_ring_ar
1778545451.4658551,3,8,1.501318,85.02,293.169,1499.551,1,4,compressed_ring_ar
1778545452.7858818,3,9,1.614051,101.6,191.634,1258.166,1,4,compressed_ring_ar
1778545454.1289215,3,10,1.610185,100.14,317.556,1271.778,1,4,compressed_ring_ar
1778545455.4704952,3,11,1.51228,98.21,358.675,1299.162,1,4,compressed_ring_ar
1778545456.763326,3,12,1.462795,102.0,303.435,1247.744,1,4,compressed_ring_ar
1778545457.9592848,3,13,1.445284,111.51,204.366,1141.804,1,4,compressed_ring_ar
1778545459.172868,3,14,1.523738,109.46,205.398,1168.106,1,4,compressed_ring_ar
1778545460.5526004,3,15,1.416818,95.38,188.1,1338.058,1,4,compressed_ring_ar
1778545461.7463298,3,16,1.515516,112.01,210.388,1141.386,1,4,compressed_ring_ar
1778545463.0551918,3,17,1.618296,101.17,214.723,1259.548,1,4,compressed_ring_ar
1778545464.2919114,3,18,1.449401,106.45,319.393,1198.147,1,4,compressed_ring_ar
1778545465.6336007,3,19,1.516777,98.84,202.78,1290.976,1,4,compressed_ring_ar
1778545467.0307498,3,20,1.539251,96.17,206.593,1326.326,1,4,compressed_ring_ar
1778545468.2309227,3,21,1.51621,110.23,175.64,1159.187,1,4,compressed_ring_ar
1778545469.7757483,3,22,1.610603,85.32,296.4,1499.654,1,4,compressed_ring_ar
1778545471.0516024,3,23,1.496029,106.54,245.233,1196.775,1,4,compressed_ring_ar
1778545472.3249774,3,24,1.537888,103.97,198.485,1229.798,1,4,compressed_ring_ar
1778545473.642485,3,25,1.483055,100.46,220.631,1269.131,1,4,compressed_ring_ar
1778545474.9777584,3,26,1.387479,99.12,202.875,1286.523,1,4,compressed_ring_ar
1778545476.25102,3,27,1.680644,103.44,204.262,1233.141,1,4,compressed_ring_ar
1778545477.5257096,3,28,1.570931,104.88,223.554,1215.858,1,4,compressed_ring_ar
1778545478.8350115,3,29,1.470737,101.73,198.439,1253.595,1,4,compressed_ring_ar
1778545480.262116,3,30,1.703768,92.44,271.149,1377.826,1,4,compressed_ring_ar
1778545481.7160175,3,31,1.5001,90.71,214.341,1403.377,1,4,compressed_ring_ar
1778545483.0847695,3,32,1.612774,96.28,232.611,1324.075,1,4,compressed_ring_ar
1778545484.3758712,3,33,1.631328,104.56,347.505,1222.928,1,4,compressed_ring_ar
1778545485.7167754,3,34,1.627175,98.6,304.066,1297.115,1,4,compressed_ring_ar
1778545487.2581906,3,35,1.476068,86.69,325.585,1471.42,1,4,compressed_ring_ar
1778545488.5389895,3,36,1.491931,103.34,254.936,1237.333,1,4,compressed_ring_ar
1778545489.9469225,3,37,1.50645,94.43,460.211,1348.493,1,4,compressed_ring_ar
1778545491.2056537,3,38,1.519551,105.06,226.589,1211.3,1,4,compressed_ring_ar
1778545492.4607031,3,39,1.832647,105.21,196.664,1212.08,1,4,compressed_ring_ar
1778545494.0222049,3,40,1.539871,84.37,282.141,1510.139,1,4,compressed_ring_ar
1778545495.2050896,3,41,1.604947,111.81,212.57,1138.633,1,4,compressed_ring_ar
1778545496.5179405,3,42,1.569844,100.59,319.561,1270.981,1,4,compressed_ring_ar
1778545497.792987,3,43,1.51015,104.51,184.052,1219.684,1,4,compressed_ring_ar
1778545499.0852823,3,44,1.571756,102.31,367.537,1246.912,1,4,compressed_ring_ar
1778545500.3522606,3,45,1.496888,103.69,324.647,1232.358,1,4,compressed_ring_ar
1778545501.7327578,3,46,1.485494,95.56,314.038,1332.415,1,4,compressed_ring_ar
1778545503.0183785,3,47,1.496406,103.08,376.297,1237.478,1,4,compressed_ring_ar
1778545504.3037634,3,48,1.546196,102.83,234.937,1240.532,1,4,compressed_ring_ar
1778545505.599236,3,49,1.578423,102.11,209.149,1249.004,1,4,compressed_ring_ar
1778545506.8595977,3,50,1.560569,105.04,248.027,1213.96,1,4,compressed_ring_ar
1778545508.1796699,3,51,1.68386,100.01,210.819,1278.485,1,4,compressed_ring_ar
1778545509.6170616,3,52,1.466118,91.64,209.871,1395.415,1,4,compressed_ring_ar
1778545511.1019578,3,53,1.562782,90.03,230.112,1414.063,1,4,compressed_ring_ar
1778545512.2861536,3,54,1.702312,112.89,262.689,1125.912,1,4,compressed_ring_ar
1778545513.5238037,3,55,1.548377,107.67,310.849,1184.504,1,4,compressed_ring_ar
1778545514.895944,3,56,1.550549,96.66,284.198,1318.727,1,4,compressed_ring_ar
1778545516.2755601,3,57,1.499224,95.1,321.204,1341.13,1,4,compressed_ring_ar
1778545517.4398003,3,58,1.649724,114.24,239.688,1116.34,1,4,compressed_ring_ar
1778545518.7309713,3,59,1.524967,103.13,528.439,1237.329,1,4,compressed_ring_ar
1778545520.100397,3,60,1.489646,96.33,207.528,1323.662,1,4,compressed_ring_ar
1778545521.3497615,3,61,1.435821,106.0,256.574,1205.838,1,4,compressed_ring_ar
1778545523.0113418,3,62,1.487912,79.24,260.299,1605.463,1,4,compressed_ring_ar
1778545524.2173786,3,63,1.369116,110.34,220.794,1154.831,1,4,compressed_ring_ar
1778545525.4859977,3,64,1.504142,103.82,335.439,1228.565,1,4,compressed_ring_ar
1778545526.7804391,3,65,1.528422,102.37,254.536,1245.809,1,4,compressed_ring_ar
1778545528.1204195,3,66,1.499228,101.18,385.15,1259.833,1,4,compressed_ring_ar
1778545529.5559542,3,67,1.554039,92.62,211.707,1376.287,1,4,compressed_ring_ar
1778545531.0221546,3,68,1.479735,90.95,289.029,1404.961,1,4,compressed_ring_ar
1778545532.43423,3,69,1.350856,95.02,358.201,1343.388,1,4,compressed_ring_ar
1778545533.757246,3,70,1.452418,101.0,229.14,1265.709,1,4,compressed_ring_ar
1778545534.8938768,3,71,1.424573,117.65,378.802,1083.465,1,4,compressed_ring_ar
1778545536.0978975,3,72,1.573323,109.75,346.3,1161.274,1,4,compressed_ring_ar
1778545537.6161625,3,73,1.719812,87.3,229.862,1462.075,1,4,compressed_ring_ar
1778545538.9764404,3,74,1.658786,96.59,221.753,1322.175,1,4,compressed_ring_ar
1778545540.325238,3,75,1.641968,98.75,258.873,1289.623,1,4,compressed_ring_ar
1778545541.670634,3,76,1.488329,99.14,202.847,1289.995,1,4,compressed_ring_ar
1778545543.2210672,3,77,1.417918,84.92,212.649,1501.952,1,4,compressed_ring_ar
1778545544.560827,3,78,1.658992,98.64,282.187,1293.76,1,4,compressed_ring_ar
1778545545.8151608,3,79,1.537483,105.85,184.373,1204.56,1,4,compressed_ring_ar
1778545547.0879529,3,80,1.365574,103.49,275.832,1231.775,1,4,compressed_ring_ar
1778545548.3120582,3,81,1.605509,107.95,231.582,1178.965,1,4,compressed_ring_ar
1778545549.675288,3,82,1.506284,97.3,197.392,1310.946,1,4,compressed_ring_ar
1778545550.9235325,3,83,1.535877,107.01,219.437,1190.88,1,4,compressed_ring_ar
1778545552.1256356,3,84,1.613651,112.18,196.303,1137.073,1,4,compressed_ring_ar
1778545553.4271796,3,85,1.505333,102.62,235.135,1245.04,1,4,compressed_ring_ar
1778545554.7883546,3,86,1.625494,96.79,339.107,1320.065,1,4,compressed_ring_ar
1778545556.1163263,3,87,1.45379,99.31,314.914,1284.17,1,4,compressed_ring_ar
1778545557.386134,3,88,1.372592,103.89,178.185,1227.89,1,4,compressed_ring_ar
1778545558.6362102,3,89,1.597077,105.47,307.593,1212.454,1,4,compressed_ring_ar
1778545559.9246824,3,90,1.397923,102.96,196.099,1242.067,1,4,compressed_ring_ar
1778545561.3525705,3,91,1.521253,92.04,449.958,1385.706,1,4,compressed_ring_ar
1778545562.5395544,3,92,1.46154,111.82,301.439,1142.476,1,4,compressed_ring_ar
1778545564.1119764,3,93,1.634249,83.26,540.179,1536.096,1,4,compressed_ring_ar
1778545565.3472044,3,94,1.423948,110.89,255.843,1149.858,1,4,compressed_ring_ar
1778545566.6127129,3,95,1.368687,104.54,209.921,1216.567,1,4,compressed_ring_ar
1778545567.8408265,3,96,1.364964,107.44,134.731,1190.267,1,4,compressed_ring_ar
1778545569.0401695,3,97,1.478167,72.92,406.7,1147.505,1,4,compressed_ring_ar
1778545580.7282681,4,0,1.550649,88.14,347.828,1449.15,1,4,compressed_ring_ar
1778545581.9393547,4,1,1.594527,114.03,204.135,1116.652,1,4,compressed_ring_ar
1778545583.397393,4,2,1.371567,90.39,317.675,1411.509,1,4,compressed_ring_ar
1778545585.0058253,4,3,1.507018,85.06,210.609,1497.415,1,4,compressed_ring_ar
1778545586.4173572,4,4,1.570348,93.64,397.359,1362.59,1,4,compressed_ring_ar
1778545587.7799664,4,5,1.406118,98.35,241.253,1296.909,1,4,compressed_ring_ar
1778545589.124692,4,6,1.423779,98.83,191.622,1288.048,1,4,compressed_ring_ar
1778545590.522607,4,7,1.63663,94.1,193.999,1355.08,1,4,compressed_ring_ar
1778545591.8805256,4,8,1.604033,97.09,214.848,1312.375,1,4,compressed_ring_ar
1778545593.1387825,4,9,1.390921,104.79,235.293,1216.431,1,4,compressed_ring_ar
1778545594.4987295,4,10,1.404211,96.71,219.441,1318.282,1,4,compressed_ring_ar
1778545595.7294848,4,11,1.414185,107.36,299.302,1188.085,1,4,compressed_ring_ar
1778545596.9659078,4,12,1.63202,107.68,206.341,1181.63,1,4,compressed_ring_ar
1778545598.1745045,4,13,1.47778,110.23,289.002,1158.522,1,4,compressed_ring_ar
1778545599.468803,4,14,1.372059,101.87,289.143,1249.468,1,4,compressed_ring_ar
1778545600.7361197,4,15,1.546782,104.24,261.986,1220.853,1,4,compressed_ring_ar
1778545602.0534966,4,16,1.382665,101.49,300.823,1255.466,1,4,compressed_ring_ar
1778545603.4368007,4,17,1.492154,95.09,208.788,1344.639,1,4,compressed_ring_ar
1778545604.5563214,4,18,1.69502,123.16,183.938,1034.247,1,4,compressed_ring_ar
1778545605.8960557,4,19,1.499561,98.27,236.933,1300.923,1,4,compressed_ring_ar
1778545607.3061738,4,20,1.439515,94.03,395.864,1359.42,1,4,compressed_ring_ar
1778545608.7799525,4,21,1.446941,89.51,228.991,1427.274,1,4,compressed_ring_ar
1778545610.238637,4,22,1.556099,90.55,391.799,1406.672,1,4,compressed_ring_ar
1778545611.5941155,4,23,1.615943,97.57,206.9,1306.964,1,4,compressed_ring_ar
1778545612.8987997,4,24,1.56445,101.51,361.424,1259.65,1,4,compressed_ring_ar
1778545614.1922164,4,25,1.307412,103.02,218.469,1238.046,1,4,compressed_ring_ar
1778545615.5449092,4,26,1.51458,99.49,199.338,1285.07,1,4,compressed_ring_ar
1778545617.0529053,4,27,1.500358,89.52,326.601,1428.721,1,4,compressed_ring_ar
1778545618.2996416,4,28,1.467961,108.33,241.446,1174.46,1,4,compressed_ring_ar
1778545619.6777563,4,29,1.412714,95.4,186.544,1339.117,1,4,compressed_ring_ar
1778545621.1169493,4,30,1.402394,92.4,367.887,1380.089,1,4,compressed_ring_ar
1778545622.3363545,4,31,1.332512,108.81,333.295,1171.94,1,4,compressed_ring_ar
1778545623.6219144,4,32,1.446075,104.43,193.034,1221.123,1,4,compressed_ring_ar
1778545624.790689,4,33,1.594864,114.13,128.845,1120.364,1,4,compressed_ring_ar
1778545626.2085469,4,34,1.33486,94.8,777.665,1343.145,1,4,compressed_ring_ar
1778545627.5684242,4,35,1.397065,97.85,260.803,1300.515,1,4,compressed_ring_ar
1778545628.8537436,4,36,1.449367,103.28,207.059,1232.575,1,4,compressed_ring_ar
1778545630.1237655,4,37,1.299182,105.35,192.183,1213.544,1,4,compressed_ring_ar
1778545631.522138,4,38,1.596533,94.18,187.181,1353.802,1,4,compressed_ring_ar
1778545632.8942933,4,39,1.400815,95.83,209.298,1334.364,1,4,compressed_ring_ar
1778545634.225385,4,40,1.57269,99.79,210.532,1276.843,1,4,compressed_ring_ar
1778545635.4294496,4,41,1.365882,111.29,375.721,1143.792,1,4,compressed_ring_ar
1778545636.6792414,4,42,1.463756,106.15,184.843,1204.576,1,4,compressed_ring_ar
1778545638.0838802,4,43,1.618749,93.96,195.952,1360.873,1,4,compressed_ring_ar
1778545639.4304123,4,44,1.494702,98.57,241.348,1292.032,1,4,compressed_ring_ar
1778545640.7026038,4,45,1.522187,106.15,187.392,1202.035,1,4,compressed_ring_ar
1778545641.976942,4,46,1.537831,105.39,186.285,1210.293,1,4,compressed_ring_ar
1778545643.2752671,4,47,1.488096,101.84,314.383,1255.494,1,4,compressed_ring_ar
1778545644.5894878,4,48,1.501532,100.64,209.39,1267.475,1,4,compressed_ring_ar
1778545645.883472,4,49,1.385684,102.32,181.611,1249.804,1,4,compressed_ring_ar
1778545647.4864624,4,50,1.507631,82.01,268.813,1558.544,1,4,compressed_ring_ar
1778545648.8987312,4,51,1.407375,95.33,301.624,1338.247,1,4,compressed_ring_ar
1778545650.2923882,4,52,1.459805,94.94,219.092,1346.687,1,4,compressed_ring_ar
1778545651.6182065,4,53,1.553057,102.38,251.891,1244.446,1,4,compressed_ring_ar
1778545652.9089744,4,54,1.541144,104.28,188.087,1225.094,1,4,compressed_ring_ar
1778545654.2429216,4,55,1.495202,99.23,376.266,1284.727,1,4,compressed_ring_ar
1778545655.5123262,4,56,1.381035,105.24,228.616,1211.753,1,4,compressed_ring_ar
1778545656.7304573,4,57,1.438057,110.47,242.594,1154.162,1,4,compressed_ring_ar
1778545658.0535598,4,58,1.620045,101.63,324.263,1252.694,1,4,compressed_ring_ar
1778545659.206517,4,59,1.400374,115.79,193.955,1098.74,1,4,compressed_ring_ar
1778545660.3861506,4,60,1.520742,112.02,186.075,1140.144,1,4,compressed_ring_ar
1778545661.9216542,4,61,1.323891,86.05,499.066,1483.278,1,4,compressed_ring_ar
1778545663.2214944,4,62,1.453075,102.1,209.917,1248.939,1,4,compressed_ring_ar
1778545664.5401995,4,63,1.35086,100.17,173.284,1270.791,1,4,compressed_ring_ar
1778545665.9491143,4,64,1.516036,94.01,201.6,1357.283,1,4,compressed_ring_ar
1778545667.2586882,4,65,1.468363,101.65,222.587,1253.275,1,4,compressed_ring_ar
1778545668.5882485,4,66,1.472365,99.96,180.309,1279.029,1,4,compressed_ring_ar
1778545669.953905,4,67,1.561661,97.17,210.032,1309.81,1,4,compressed_ring_ar
1778545671.228348,4,68,1.448748,105.23,229.106,1215.186,1,4,compressed_ring_ar
1778545672.5167031,4,69,1.582967,104.21,285.881,1221.345,1,4,compressed_ring_ar
1778545673.8086803,4,70,1.496419,102.47,236.437,1242.17,1,4,compressed_ring_ar
1778545675.0263271,4,71,1.522239,108.53,244.984,1178.131,1,4,compressed_ring_ar
1778545676.362208,4,72,1.486343,99.22,235.012,1284.989,1,4,compressed_ring_ar
1778545677.5822966,4,73,1.609424,110.51,405.569,1156.788,1,4,compressed_ring_ar
1778545678.9513183,4,74,1.545954,96.86,196.433,1316.852,1,4,compressed_ring_ar
1778545680.2300093,4,75,1.545864,103.52,235.79,1229.006,1,4,compressed_ring_ar
1778545681.7044294,4,76,1.467497,89.59,210.875,1424.88,1,4,compressed_ring_ar
1778545683.13164,4,77,1.444923,92.59,201.222,1378.037,1,4,compressed_ring_ar
1778545684.4014742,4,78,1.447028,104.07,182.461,1228.593,1,4,compressed_ring_ar
1778545685.8996253,4,79,1.627515,88.41,292.574,1446.441,1,4,compressed_ring_ar
1778545687.3093667,4,80,1.352944,93.68,527.599,1361.217,1,4,compressed_ring_ar
1778545688.8016012,4,81,1.345539,90.05,370.082,1415.065,1,4,compressed_ring_ar
1778545690.0615816,4,82,1.535246,105.32,164.701,1214.111,1,4,compressed_ring_ar
1778545691.6018498,4,83,1.533339,85.74,217.509,1489.429,1,4,compressed_ring_ar
1778545692.9344172,4,84,1.617936,99.06,653.656,1289.787,1,4,compressed_ring_ar
1778545694.3621037,4,85,1.505982,92.26,579.907,1384.786,1,4,compressed_ring_ar
1778545695.7405062,4,86,1.49967,95.52,449.388,1338.57,1,4,compressed_ring_ar
1778545697.0787442,4,87,1.391918,98.61,197.622,1293.038,1,4,compressed_ring_ar
1778545698.5097845,4,88,1.495847,92.23,215.081,1382.147,1,4,compressed_ring_ar
1778545699.7759442,4,89,1.389022,106.39,148.965,1200.389,1,4,compressed_ring_ar
1778545701.2239575,4,90,1.437712,91.1,708.091,1403.861,1,4,compressed_ring_ar
1778545702.6366777,4,91,1.39455,93.32,446.674,1368.972,1,4,compressed_ring_ar
1778545704.00099,4,92,1.340773,97.33,187.176,1312.502,1,4,compressed_ring_ar
1778545705.3805828,4,93,1.410897,96.8,203.954,1319.653,1,4,compressed_ring_ar
1778545706.842443,4,94,1.453726,91.69,392.491,1392.179,1,4,compressed_ring_ar
1778545708.2119286,4,95,1.627785,96.36,229.911,1323.197,1,4,compressed_ring_ar
1778545709.4200518,4,96,1.360993,111.21,181.149,1146.828,1,4,compressed_ring_ar
1778545710.5926092,4,97,1.248906,73.75,234.097,1131.941,1,4,compressed_ring_ar
1778545722.5464866,5,0,1.332301,79.99,316.142,1594.766,1,4,compressed_ring_ar
1778545723.905415,5,1,1.47235,98.24,185.85,1297.681,1,4,compressed_ring_ar
1778545725.2586594,5,2,1.269923,97.05,402.88,1315.769,1,4,compressed_ring_ar
1778545726.601045,5,3,1.448169,98.27,427.445,1301.193,1,4,compressed_ring_ar
1778545727.988156,5,4,1.393349,95.44,279.23,1337.424,1,4,compressed_ring_ar
1778545729.3446252,5,5,1.393701,97.55,244.614,1309.748,1,4,compressed_ring_ar
1778545730.796337,5,6,1.332701,91.81,195.069,1392.846,1,4,compressed_ring_ar
1778545732.2504978,5,7,1.510454,93.16,366.586,1372.678,1,4,compressed_ring_ar
1778545733.63307,5,8,1.418501,95.5,285.629,1336.505,1,4,compressed_ring_ar
1778545734.8979015,5,9,1.507416,105.06,363.919,1212.051,1,4,compressed_ring_ar
1778545736.1040013,5,10,1.360257,110.29,221.395,1159.359,1,4,compressed_ring_ar
1778545737.5116146,5,11,1.423537,94.29,404.54,1352.764,1,4,compressed_ring_ar
1778545738.7064564,5,12,1.663333,112.03,180.216,1138.809,1,4,compressed_ring_ar
1778545740.0844727,5,13,1.532473,95.65,483.393,1334.804,1,4,compressed_ring_ar
1778545741.2041116,5,14,1.395095,121.99,295.642,1048.939,1,4,compressed_ring_ar
1778545742.5253336,5,15,1.467231,103.75,671.046,1232.343,1,4,compressed_ring_ar
1778545743.97246,5,16,1.390917,91.11,208.935,1400.302,1,4,compressed_ring_ar
1778545745.2163444,5,17,1.336479,108.39,203.428,1175.543,1,4,compressed_ring_ar
1778545746.638178,5,18,1.437145,92.91,194.396,1375.727,1,4,compressed_ring_ar
1778545748.146904,5,19,1.476802,87.59,623.803,1459.98,1,4,compressed_ring_ar
1778545749.5198226,5,20,1.380218,96.5,204.523,1322.225,1,4,compressed_ring_ar
1778545750.7341676,5,21,1.363724,108.73,237.804,1172.609,1,4,compressed_ring_ar
1778545752.02799,5,22,1.314691,102.81,226.137,1241.19,1,4,compressed_ring_ar
1778545753.3939703,5,23,1.531243,97.66,213.996,1305.887,1,4,compressed_ring_ar
1778545754.7448947,5,24,1.332809,98.36,321.528,1296.734,1,4,compressed_ring_ar
1778545755.9618611,5,25,1.532155,108.6,306.356,1173.043,1,4,compressed_ring_ar
1778545757.2500546,5,26,1.362757,102.69,199.076,1243.365,1,4,compressed_ring_ar
1778545758.6783662,5,27,1.370773,92.69,369.999,1374.255,1,4,compressed_ring_ar
1778545759.8768945,5,28,1.480676,110.9,197.833,1147.459,1,4,compressed_ring_ar
1778545761.076745,5,29,1.34296,110.36,233.379,1154.493,1,4,compressed_ring_ar
1778545762.3567858,5,30,1.280075,103.07,208.922,1237.448,1,4,compressed_ring_ar
1778545763.7204144,5,31,1.336,97.26,200.488,1311.526,1,4,compressed_ring_ar
1778545765.1137702,5,32,1.295227,94.54,222.814,1352.525,1,4,compressed_ring_ar
1778545766.4769304,5,33,1.347854,96.36,303.374,1327.027,1,4,compressed_ring_ar
1778545767.8665454,5,34,1.404035,95.58,328.52,1336.468,1,4,compressed_ring_ar
1778545769.2062552,5,35,1.426349,98.6,306.415,1294.698,1,4,compressed_ring_ar
1778545770.647789,5,36,1.265387,93.93,253.378,1357.969,1,4,compressed_ring_ar
1778545771.9342678,5,37,1.467508,103.06,215.809,1237.344,1,4,compressed_ring_ar
1778545773.305585,5,38,1.351694,96.31,361.671,1324.63,1,4,compressed_ring_ar
1778545774.5092933,5,39,1.283172,109.39,334.699,1163.299,1,4,compressed_ring_ar
1778545775.863865,5,40,1.47551,97.27,217.042,1313.393,1,4,compressed_ring_ar
1778545777.2034545,5,41,1.353521,98.52,420.809,1297.811,1,4,compressed_ring_ar
1778545778.5482757,5,42,1.415785,99.43,203.002,1283.808,1,4,compressed_ring_ar
1778545779.9074848,5,43,1.344898,96.87,473.66,1318.998,1,4,compressed_ring_ar
1778545781.3057868,5,44,1.540264,94.86,521.85,1345.459,1,4,compressed_ring_ar
1778545782.6531653,5,45,1.47529,98.09,243.601,1303.58,1,4,compressed_ring_ar
1778545784.033575,5,46,1.37422,95.4,254.295,1339.026,1,4,compressed_ring_ar
1778545785.3367405,5,47,1.381174,101.93,205.857,1250.611,1,4,compressed_ring_ar
1778545786.6388433,5,48,1.493633,101.21,252.029,1257.823,1,4,compressed_ring_ar
1778545787.7153428,5,49,1.592341,123.57,146.194,1034.423,1,4,compressed_ring_ar
1778545789.1166375,5,50,1.551074,96.21,452.105,1324.273,1,4,compressed_ring_ar
1778545790.4031596,5,51,1.636131,103.82,197.648,1231.607,1,4,compressed_ring_ar
1778545791.9608073,5,52,1.400729,85.99,205.46,1483.662,1,4,compressed_ring_ar
1778545793.2578595,5,53,1.37736,102.28,270.815,1246.661,1,4,compressed_ring_ar
1778545794.5537977,5,54,1.336884,102.41,303.155,1242.429,1,4,compressed_ring_ar
1778545795.768124,5,55,1.254357,108.58,315.608,1175.494,1,4,compressed_ring_ar
1778545797.0752141,5,56,1.251665,101.35,210.191,1257.083,1,4,compressed_ring_ar
1778545798.3397338,5,57,1.326151,104.79,208.351,1216.905,1,4,compressed_ring_ar
1778545799.6546822,5,58,1.346645,101.05,227.751,1261.804,1,4,compressed_ring_ar
1778545800.988908,5,59,1.374839,99.09,215.474,1287.144,1,4,compressed_ring_ar
1778545802.3108919,5,60,1.491346,99.97,322.093,1278.951,1,4,compressed_ring_ar
1778545803.598835,5,61,1.433712,103.63,199.975,1232.781,1,4,compressed_ring_ar
1778545804.910583,5,62,1.386215,100.62,266.471,1267.512,1,4,compressed_ring_ar
1778545806.1726635,5,63,1.526049,104.49,216.097,1220.87,1,4,compressed_ring_ar
1778545807.2993846,5,64,1.485677,119.74,195.318,1065.003,1,4,compressed_ring_ar
1778545808.7255955,5,65,1.479953,92.35,233.942,1378.871,1,4,compressed_ring_ar
1778545809.9590702,5,66,1.55032,106.94,222.922,1191.213,1,4,compressed_ring_ar
1778545811.2786984,5,67,1.32518,99.73,244.574,1279.266,1,4,compressed_ring_ar
1778545812.7841513,5,68,1.4191,87.64,218.106,1455.007,1,4,compressed_ring_ar
1778545814.1601608,5,69,1.420081,95.8,319.273,1334.667,1,4,compressed_ring_ar
1778545815.6575348,5,70,1.2548,89.09,179.263,1430.668,1,4,compressed_ring_ar
1778545816.9898803,5,71,1.584617,98.74,378.132,1289.313,1,4,compressed_ring_ar
1778545818.4551046,5,72,1.447204,89.56,207.92,1421.054,1,4,compressed_ring_ar
1778545819.7697163,5,73,1.430589,100.82,209.714,1266.929,1,4,compressed_ring_ar
1778545821.1590025,5,74,1.369601,95.17,403.723,1342.609,1,4,compressed_ring_ar
1778545822.486608,5,75,1.343264,100.86,332.437,1265.455,1,4,compressed_ring_ar
1778545823.8360214,5,76,1.375762,97.22,205.716,1314.125,1,4,compressed_ring_ar
1778545825.1855776,5,77,1.466345,97.94,341.572,1300.1,1,4,compressed_ring_ar
1778545826.4808645,5,78,1.347118,102.32,215.351,1249.571,1,4,compressed_ring_ar
1778545827.5734437,5,79,1.458087,123.73,177.493,1032.576,1,4,compressed_ring_ar
1778545828.891085,5,80,1.327742,100.16,461.099,1273.857,1,4,compressed_ring_ar
1778545830.329461,5,81,1.405199,91.61,185.223,1396.082,1,4,compressed_ring_ar
1778545831.7885592,5,82,1.561314,93.86,229.745,1355.607,1,4,compressed_ring_ar
1778545833.0925577,5,83,1.44684,101.1,296.1,1261.68,1,4,compressed_ring_ar
1778545834.3153052,5,84,1.564947,108.75,184.678,1173.126,1,4,compressed_ring_ar
1778545835.6367698,5,85,1.480078,100.9,180.861,1263.315,1,4,compressed_ring_ar
1778545836.7947524,5,86,1.346694,114.18,351.26,1114.866,1,4,compressed_ring_ar
1778545838.1738355,5,87,1.397467,95.95,251.355,1328.501,1,4,compressed_ring_ar
1778545839.485522,5,88,1.28862,102.33,359.159,1243.313,1,4,compressed_ring_ar
1778545840.6180012,5,89,1.682362,119.25,218.84,1072.052,1,4,compressed_ring_ar
1778545841.9379792,5,90,1.585182,101.96,197.254,1248.254,1,4,compressed_ring_ar
1778545843.3769689,5,91,1.473489,91.69,201.218,1394.625,1,4,compressed_ring_ar
1778545844.7174444,5,92,1.463746,98.57,317.884,1294.021,1,4,compressed_ring_ar
1778545846.0779712,5,93,1.529776,96.91,382.322,1318.454,1,4,compressed_ring_ar
1778545847.4193451,5,94,1.399943,98.63,269.621,1289.766,1,4,compressed_ring_ar
1778545848.6285417,5,95,1.48305,109.77,209.621,1163.07,1,4,compressed_ring_ar
1778545849.954945,5,96,1.370662,100.27,234.68,1269.664,1,4,compressed_ring_ar
1778545851.1514652,5,97,1.2734,71.62,178.533,1163.406,1,4,compressed_ring_ar
1778545863.1738434,6,0,1.244344,85.42,233.516,1491.605,1,4,compressed_ring_ar
1778545864.47568,6,1,1.34066,101.73,249.926,1256.463,1,4,compressed_ring_ar
1778545865.8325481,6,2,1.52562,97.88,174.554,1306.269,1,4,compressed_ring_ar
1778545867.1883464,6,3,1.328397,97.65,224.744,1309.519,1,4,compressed_ring_ar
1778545868.452965,6,4,1.314925,106.04,319.909,1203.22,1,4,compressed_ring_ar
1778545869.898108,6,5,1.435539,92.26,268.805,1386.261,1,4,compressed_ring_ar
1778545871.31921,6,6,1.420031,93.48,295.795,1364.958,1,4,compressed_ring_ar
1778545872.6569052,6,7,1.195937,98.72,328.442,1295.267,1,4,compressed_ring_ar
1778545874.0697346,6,8,1.432799,92.95,251.414,1374.565,1,4,compressed_ring_ar
1778545875.4449632,6,9,1.433136,96.25,361.168,1325.259,1,4,compressed_ring_ar
1778545876.7748115,6,10,1.30576,101.29,217.388,1262.167,1,4,compressed_ring_ar
1778545878.1534925,6,11,1.433564,97.53,226.015,1309.517,1,4,compressed_ring_ar
1778545879.2594664,6,12,1.59291,123.54,223.565,1030.602,1,4,compressed_ring_ar
1778545880.6436193,6,13,1.371145,95.54,209.466,1331.831,1,4,compressed_ring_ar
1778545881.9127874,6,14,1.396508,104.16,212.088,1227.395,1,4,compressed_ring_ar
1778545883.3337207,6,15,1.241638,93.11,400.213,1370.147,1,4,compressed_ring_ar
1778545884.6501453,6,16,1.356611,100.58,214.738,1268.269,1,4,compressed_ring_ar
1778545885.93049,6,17,1.379138,103.45,244.72,1236.055,1,4,compressed_ring_ar
1778545887.3826182,6,18,1.408923,91.63,224.175,1394.65,1,4,compressed_ring_ar
1778545888.803209,6,19,1.399353,92.74,427.068,1376.491,1,4,compressed_ring_ar
1778545890.336273,6,20,1.201321,85.67,351.774,1492.921,1,4,compressed_ring_ar
1778545891.749807,6,21,1.332893,94.41,327.111,1348.571,1,4,compressed_ring_ar
1778545892.9716647,6,22,1.2744,109.54,178.839,1165.763,1,4,compressed_ring_ar
1778545894.390333,6,23,1.417884,92.78,598.981,1372.138,1,4,compressed_ring_ar
1778545895.6140213,6,24,1.481178,108.17,192.647,1179.916,1,4,compressed_ring_ar
1778545896.8634098,6,25,1.399374,106.25,215.477,1197.528,1,4,compressed_ring_ar
1778545898.097162,6,26,1.421752,107.83,202.113,1179.547,1,4,compressed_ring_ar
1778545899.4583478,6,27,1.231271,97.32,315.123,1314.427,1,4,compressed_ring_ar
1778545900.6851292,6,28,1.293084,110.9,185.746,1150.107,1,4,compressed_ring_ar
1778545902.1284127,6,29,1.500937,92.12,231.611,1383.723,1,4,compressed_ring_ar
1778545903.4903357,6,30,1.44687,96.82,416.789,1316.004,1,4,compressed_ring_ar
1778545904.8146338,6,31,1.431283,101.21,232.773,1263.323,1,4,compressed_ring_ar
1778545906.3745244,6,32,1.314742,84.16,496.384,1519.603,1,4,compressed_ring_ar
1778545907.6654158,6,33,1.451311,103.01,217.834,1241.191,1,4,compressed_ring_ar
1778545908.9774153,6,34,1.253521,100.76,209.072,1265.934,1,4,compressed_ring_ar
1778545910.2454019,6,35,1.368527,104.69,270.043,1218.073,1,4,compressed_ring_ar
1778545911.622172,6,36,1.48488,96.89,426.779,1319.846,1,4,compressed_ring_ar
1778545913.0020704,6,37,1.560288,95.46,398.494,1336.482,1,4,compressed_ring_ar
1778545914.2582471,6,38,1.302756,104.88,219.905,1218.411,1,4,compressed_ring_ar
1778545915.8125424,6,39,1.489601,84.32,229.087,1516.727,1,4,compressed_ring_ar
1778545917.2570446,6,40,1.470694,92.21,381.404,1382.724,1,4,compressed_ring_ar
1778545918.6251261,6,41,1.320846,96.39,216.16,1326.488,1,4,compressed_ring_ar
1778545920.0262861,6,42,1.401193,94.52,338.699,1352.958,1,4,compressed_ring_ar
1778545921.377331,6,43,1.569443,98.49,249.524,1294.848,1,4,compressed_ring_ar
1778545922.646658,6,44,1.506634,103.96,186.142,1229.23,1,4,compressed_ring_ar
1778545924.035166,6,45,1.229164,95.24,228.202,1338.322,1,4,compressed_ring_ar
1778545925.3344922,6,46,1.322783,101.72,235.069,1254.406,1,4,compressed_ring_ar
1778545926.583648,6,47,1.378547,107.31,239.023,1187.567,1,4,compressed_ring_ar
1778545927.9709532,6,48,1.313511,95.47,326.244,1338.717,1,4,compressed_ring_ar
1778545929.391456,6,49,1.514842,93.59,179.354,1365.096,1,4,compressed_ring_ar
1778545930.7070854,6,50,1.41761,100.54,449.18,1271.697,1,4,compressed_ring_ar
1778545932.2249212,6,51,1.288479,86.69,227.895,1468.952,1,4,compressed_ring_ar
1778545933.4199965,6,52,1.4185,110.35,320.883,1150.179,1,4,compressed_ring_ar
1778545934.63466,6,53,1.336547,111.46,209.698,1143.628,1,4,compressed_ring_ar
1778545935.9138768,6,54,1.243784,103.26,197.726,1238.215,1,4,compressed_ring_ar
1778545937.1727824,6,55,1.603564,105.03,249.78,1215.58,1,4,compressed_ring_ar
1778545938.6093795,6,56,1.611493,91.97,697.2,1386.223,1,4,compressed_ring_ar
1778545939.8365967,6,57,1.389933,107.86,338.365,1185.446,1,4,compressed_ring_ar
1778545941.1749136,6,58,1.261996,98.69,188.586,1292.511,1,4,compressed_ring_ar
1778545942.5123436,6,59,1.493318,99.16,233.353,1286.222,1,4,compressed_ring_ar
1778545943.8214433,6,60,1.332086,100.99,242.325,1264.587,1,4,compressed_ring_ar
1778545945.2237294,6,61,1.243604,93.87,491.136,1357.335,1,4,compressed_ring_ar
1778545946.6120684,6,62,1.396747,95.05,129.358,1345.805,1,4,compressed_ring_ar
1778545948.1145248,6,63,1.566365,90.2,864.172,1413.79,1,4,compressed_ring_ar
1778545949.420318,6,64,1.376793,101.31,380.497,1259.045,1,4,compressed_ring_ar
1778545950.9395318,6,65,1.218954,86.7,279.466,1471.775,1,4,compressed_ring_ar
1778545952.3007317,6,66,1.210697,102.04,316.45,1250.023,1,4,compressed_ring_ar
1778545953.6545832,6,67,1.180166,97.16,202.286,1310.213,1,4,compressed_ring_ar
1778545954.9185596,6,68,1.380075,105.25,305.947,1212.192,1,4,compressed_ring_ar
1778545956.2129538,6,69,1.33655,102.62,199.755,1241.203,1,4,compressed_ring_ar
1778545957.4761229,6,70,1.416781,105.12,196.67,1215.583,1,4,compressed_ring_ar
1778545958.8200476,6,71,1.463214,98.34,237.062,1297.867,1,4,compressed_ring_ar
1778545960.0436907,6,72,1.310095,108.3,273.965,1179.104,1,4,compressed_ring_ar
1778545961.4243073,6,73,1.126011,96.7,380.255,1318.919,1,4,compressed_ring_ar
1778545962.7468119,6,74,1.511773,100.13,357.479,1273.162,1,4,compressed_ring_ar
1778545964.0775328,6,75,1.267157,99.12,196.471,1285.028,1,4,compressed_ring_ar
1778545965.4583154,6,76,1.340805,95.14,326.22,1342.767,1,4,compressed_ring_ar
1778545966.7211692,6,77,1.359791,105.87,221.818,1206.732,1,4,compressed_ring_ar
1778545968.1570907,6,78,1.223843,91.55,539.428,1396.675,1,4,compressed_ring_ar
1778545969.55446,6,79,1.391342,95.67,199.174,1334.061,1,4,compressed_ring_ar
1778545970.7783322,6,80,1.45085,108.48,146.276,1177.368,1,4,compressed_ring_ar
1778545972.1236157,6,81,1.454538,98.18,288.261,1297.828,1,4,compressed_ring_ar
1778545973.5464325,6,82,1.327352,93.09,254.839,1368.615,1,4,compressed_ring_ar
1778545974.6841402,6,83,1.160602,119.15,277.179,1071.688,1,4,compressed_ring_ar
1778545976.2545233,6,84,1.653879,84.51,413.181,1511.758,1,4,compressed_ring_ar
1778545978.020492,6,85,1.305718,74.6,289.171,1710.435,1,4,compressed_ring_ar
1778545979.5101852,6,86,1.401299,87.97,258.654,1449.804,1,4,compressed_ring_ar
1778545980.8756523,6,87,1.27057,100.49,213.662,1272.341,1,4,compressed_ring_ar
1778545982.3251603,6,88,1.422311,91.27,226.524,1393.372,1,4,compressed_ring_ar
1778545983.5226395,6,89,1.450546,110.27,237.548,1158.787,1,4,compressed_ring_ar
1778545984.8597,6,90,1.377645,99.15,399.865,1285.62,1,4,compressed_ring_ar
1778545986.1891322,6,91,1.549355,99.08,327.181,1282.25,1,4,compressed_ring_ar
1778545987.6282,6,92,1.187706,92.26,216.285,1387.228,1,4,compressed_ring_ar
1778545988.9589128,6,93,1.340662,102.7,201.106,1243.467,1,4,compressed_ring_ar
1778545990.3690543,6,94,1.491129,93.58,207.068,1363.223,1,4,compressed_ring_ar
1778545991.7837212,6,95,1.537179,93.22,200.665,1366.661,1,4,compressed_ring_ar
1778545992.9711652,6,96,1.397182,110.98,348.56,1151.976,1,4,compressed_ring_ar
1778545994.3054655,6,97,1.334257,64.18,188.211,1300.463,1,4,compressed_ring_ar
1778546005.8253703,7,0,1.514895,95.94,364.521,1327.89,1,4,compressed_ring_ar
1778546007.32714,7,1,1.336937,87.63,255.981,1450.451,1,4,compressed_ring_ar
1778546008.578477,7,2,1.537276,105.39,236.354,1207.09,1,4,compressed_ring_ar
1778546009.958424,7,3,1.300908,97.34,238.576,1312.262,1,4,compressed_ring_ar
1778546011.2873359,7,4,1.285015,101.69,356.462,1254.467,1,4,compressed_ring_ar
1778546012.5927732,7,5,1.554079,102.71,221.011,1241.834,1,4,compressed_ring_ar
1778546013.837609,7,6,1.424649,106.27,193.964,1199.974,1,4,compressed_ring_ar
1778546015.091991,7,7,1.179718,105.49,207.789,1206.55,1,4,compressed_ring_ar
1778546016.3821826,7,8,1.237025,104.96,225.514,1213.517,1,4,compressed_ring_ar
1778546017.697788,7,9,1.394177,100.37,204.883,1268.233,1,4,compressed_ring_ar
1778546018.9690669,7,10,1.283098,103.77,217.059,1228.698,1,4,compressed_ring_ar
1778546020.5361886,7,11,1.471602,84.69,222.116,1507.635,1,4,compressed_ring_ar
1778546021.7877784,7,12,1.475161,105.83,174.011,1206.61,1,4,compressed_ring_ar
1778546023.2868087,7,13,1.394052,87.83,780.391,1451.95,1,4,compressed_ring_ar
1778546024.6235557,7,14,1.342544,99.0,380.282,1291.646,1,4,compressed_ring_ar
1778546025.9737687,7,15,1.341357,98.84,285.816,1290.476,1,4,compressed_ring_ar
1778546027.5045218,7,16,1.398468,86.67,222.311,1472.601,1,4,compressed_ring_ar
1778546028.816999,7,17,1.427444,100.32,343.927,1268.209,1,4,compressed_ring_ar
1778546030.0449004,7,18,1.272133,107.86,294.516,1179.363,1,4,compressed_ring_ar
1778546031.3916576,7,19,1.648527,98.62,352.308,1290.382,1,4,compressed_ring_ar
1778546032.6265407,7,20,1.364568,106.72,283.388,1192.484,1,4,compressed_ring_ar
1778546034.0324905,7,21,1.394035,93.58,204.282,1363.214,1,4,compressed_ring_ar
1778546035.2666924,7,22,1.263373,107.19,200.27,1186.763,1,4,compressed_ring_ar
1778546036.6543036,7,23,1.219036,95.34,202.57,1334.917,1,4,compressed_ring_ar
1778546037.8994415,7,24,1.443806,106.5,238.713,1200.872,1,4,compressed_ring_ar
1778546039.2100556,7,25,1.322156,101.43,227.388,1259.418,1,4,compressed_ring_ar
1778546040.5275898,7,26,1.491699,100.28,357.757,1271.738,1,4,compressed_ring_ar
1778546041.9898608,7,27,1.307722,89.99,209.146,1414.816,1,4,compressed_ring_ar
1778546043.202711,7,28,1.382557,110.1,263.765,1156.87,1,4,compressed_ring_ar
1778546044.55524,7,29,1.361288,97.95,200.243,1303.157,1,4,compressed_ring_ar
1778546045.8684938,7,30,1.405351,100.77,184.686,1268.808,1,4,compressed_ring_ar
1778546047.23169,7,31,1.253331,98.48,191.562,1297.746,1,4,compressed_ring_ar
1778546048.482186,7,32,1.290455,106.53,284.514,1200.117,1,4,compressed_ring_ar
1778546049.7417367,7,33,1.303063,105.95,193.284,1206.81,1,4,compressed_ring_ar
1778546051.063543,7,34,1.36734,100.5,241.407,1266.103,1,4,compressed_ring_ar
1778546052.393542,7,35,1.330925,101.03,318.794,1265.724,1,4,compressed_ring_ar
1778546053.7862613,7,36,1.287409,95.55,296.79,1338.341,1,4,compressed_ring_ar
1778546055.2092793,7,37,1.253387,94.28,332.672,1356.263,1,4,compressed_ring_ar
1778546056.620134,7,38,1.448593,92.99,412.539,1372.142,1,4,compressed_ring_ar
1778546057.8978076,7,39,1.347509,103.29,219.201,1234.41,1,4,compressed_ring_ar
1778546059.2269747,7,40,1.347323,99.14,203.602,1283.481,1,4,compressed_ring_ar
1778546060.387497,7,41,1.339684,114.56,216.799,1112.955,1,4,compressed_ring_ar
1778546061.7468197,7,42,1.390354,97.57,198.141,1308.12,1,4,compressed_ring_ar
1778546063.1768641,7,43,1.449858,92.12,236.185,1388.327,1,4,compressed_ring_ar
1778546064.4658294,7,44,1.396109,104.85,396.842,1216.25,1,4,compressed_ring_ar
1778546065.925963,7,45,1.399356,90.19,220.014,1412.42,1,4,compressed_ring_ar
1778546067.202155,7,46,1.481576,104.61,193.374,1222.177,1,4,compressed_ring_ar
1778546068.514848,7,47,1.322629,100.77,345.375,1269.101,1,4,compressed_ring_ar
1778546069.9198134,7,48,1.32746,94.84,327.743,1341.399,1,4,compressed_ring_ar
1778546071.1648712,7,49,1.365534,105.97,202.078,1203.063,1,4,compressed_ring_ar
1778546072.388544,7,50,1.395607,108.75,336.499,1172.393,1,4,compressed_ring_ar
1778546073.652119,7,51,1.203156,105.62,278.431,1207.073,1,4,compressed_ring_ar
1778546074.8783083,7,52,1.313977,111.29,186.63,1147.405,1,4,compressed_ring_ar
1778546076.270272,7,53,1.305431,94.32,260.617,1354.423,1,4,compressed_ring_ar
1778546077.71193,7,54,1.31001,91.44,203.567,1394.715,1,4,compressed_ring_ar
1778546079.082622,7,55,1.320054,101.06,277.25,1257.033,1,4,compressed_ring_ar
1778546080.2245517,7,56,1.318198,115.33,168.665,1107.541,1,4,compressed_ring_ar
1778546081.6343257,7,57,1.531512,94.21,448.46,1353.836,1,4,compressed_ring_ar
1778546082.8515344,7,58,1.27462,109.26,222.01,1169.362,1,4,compressed_ring_ar
1778546084.1580732,7,59,1.139107,104.07,202.822,1225.723,1,4,compressed_ring_ar
1778546085.4028172,7,60,1.381267,106.66,207.975,1199.245,1,4,compressed_ring_ar
1778546086.778786,7,61,1.191577,98.76,365.322,1294.878,1,4,compressed_ring_ar
1778546088.1023211,7,62,1.315213,100.16,206.714,1270.335,1,4,compressed_ring_ar
1778546089.3852665,7,63,1.32552,102.48,210.913,1241.553,1,4,compressed_ring_ar
1778546090.671413,7,64,1.366449,102.9,230.895,1242.477,1,4,compressed_ring_ar
1778546092.1025026,7,65,1.310844,92.19,191.169,1387.131,1,4,compressed_ring_ar
1778546093.4641314,7,66,1.332004,96.91,211.677,1315.601,1,4,compressed_ring_ar
1778546094.7516215,7,67,1.301712,102.57,222.825,1242.658,1,4,compressed_ring_ar
1778546096.4024563,7,68,1.357203,80.15,344.364,1592.407,1,4,compressed_ring_ar
1778546097.5140274,7,69,1.425381,122.8,208.993,1041.141,1,4,compressed_ring_ar
1778546098.8345604,7,70,1.282196,100.37,232.296,1271.517,1,4,compressed_ring_ar
1778546100.1196752,7,71,1.268335,104.71,229.739,1218.309,1,4,compressed_ring_ar
1778546101.3648632,7,72,1.27328,106.37,220.386,1202.143,1,4,compressed_ring_ar
1778546102.8141575,7,73,1.340502,91.5,289.021,1392.154,1,4,compressed_ring_ar
1778546104.0742142,7,74,1.292549,106.82,210.802,1196.283,1,4,compressed_ring_ar
1778546105.4864407,7,75,1.310161,93.61,231.393,1362.42,1,4,compressed_ring_ar
1778546106.7836545,7,76,1.26402,103.43,261.326,1232.963,1,4,compressed_ring_ar
1778546108.0816522,7,77,1.331931,102.24,207.928,1247.572,1,4,compressed_ring_ar
1778546109.362747,7,78,1.264277,103.52,201.733,1232.002,1,4,compressed_ring_ar
1778546110.6943688,7,79,1.271235,99.12,237.726,1287.019,1,4,compressed_ring_ar
1778546112.1762702,7,80,1.395591,90.2,252.678,1417.292,1,4,compressed_ring_ar
1778546113.4234583,7,81,1.348934,108.49,288.573,1174.888,1,4,compressed_ring_ar
1778546114.759096,7,82,1.334091,99.44,235.396,1278.695,1,4,compressed_ring_ar
1778546116.0660617,7,83,1.617854,100.54,220.286,1271.682,1,4,compressed_ring_ar
1778546117.501152,7,84,1.393941,92.75,242.509,1378.095,1,4,compressed_ring_ar
1778546118.9557388,7,85,1.431081,91.7,222.765,1388.251,1,4,compressed_ring_ar
1778546120.150775,7,86,1.32048,110.21,292.448,1151.999,1,4,compressed_ring_ar
1778546121.5140092,7,87,1.472244,96.45,269.42,1317.824,1,4,compressed_ring_ar
1778546122.7185628,7,88,1.384342,109.81,277.439,1158.92,1,4,compressed_ring_ar
1778546123.966064,7,89,1.469614,107.54,296.308,1186.437,1,4,compressed_ring_ar
1778546125.3598948,7,90,1.237923,94.73,212.832,1344.778,1,4,compressed_ring_ar
1778546126.6465492,7,91,1.44172,103.09,196.13,1240.434,1,4,compressed_ring_ar
1778546127.9359758,7,92,1.366263,103.82,201.145,1229.088,1,4,compressed_ring_ar
1778546129.3314753,7,93,1.310642,95.07,246.97,1344.157,1,4,compressed_ring_ar
1778546130.5716171,7,94,1.401323,108.16,334.589,1182.118,1,4,compressed_ring_ar
1778546131.9249902,7,95,1.357598,97.88,188.244,1303.634,1,4,compressed_ring_ar
1778546133.1958947,7,96,1.320165,103.64,202.957,1228.39,1,4,compressed_ring_ar
1778546134.4926515,7,97,1.137808,66.28,268.451,1261.405,1,4,compressed_ring_ar
1778546146.0837348,8,0,1.378976,88.77,394.661,1435.866,1,4,compressed_ring_ar
1778546147.2357314,8,1,1.408251,115.02,192.323,1111.393,1,4,compressed_ring_ar
1778546148.4969716,8,2,1.353028,104.77,197.564,1216.619,1,4,compressed_ring_ar
1778546149.7875733,8,3,1.473867,103.37,363.546,1237.112,1,4,compressed_ring_ar
1778546151.139759,8,4,1.39077,98.03,186.175,1301.468,1,4,compressed_ring_ar
1778546152.3519118,8,5,1.15236,111.42,221.497,1147.545,1,4,compressed_ring_ar
1778546153.6214588,8,6,1.398976,104.78,260.088,1218.983,1,4,compressed_ring_ar
1778546154.894014,8,7,1.290488,104.14,323.57,1227.694,1,4,compressed_ring_ar
1778546156.2731452,8,8,1.207194,96.01,204.532,1328.584,1,4,compressed_ring_ar
1778546157.5548716,8,9,1.213722,102.78,230.591,1235.185,1,4,compressed_ring_ar
1778546158.643658,8,10,1.303027,121.23,201.486,1054.578,1,4,compressed_ring_ar
1778546160.0068424,8,11,1.273546,96.91,323.611,1314.023,1,4,compressed_ring_ar
1778546161.2210107,8,12,1.303267,111.19,224.177,1144.807,1,4,compressed_ring_ar
1778546162.5605855,8,13,1.270405,100.58,235.178,1265.282,1,4,compressed_ring_ar
1778546163.8828979,8,14,1.353859,99.81,245.771,1272.526,1,4,compressed_ring_ar
1778546165.1136458,8,15,1.395809,108.58,263.29,1173.469,1,4,compressed_ring_ar
1778546166.6030164,8,16,1.139537,88.46,226.624,1442.346,1,4,compressed_ring_ar
1778546167.8411942,8,17,1.382088,106.93,211.366,1191.29,1,4,compressed_ring_ar
1778546169.126563,8,18,1.222074,102.86,307.88,1237.792,1,4,compressed_ring_ar
1778546170.3753295,8,19,1.430136,105.93,259.477,1203.742,1,4,compressed_ring_ar
1778546171.7654119,8,20,1.365813,94.97,235.574,1343.335,1,4,compressed_ring_ar
1778546173.0504382,8,21,1.262985,103.16,205.218,1236.241,1,4,compressed_ring_ar
1778546174.400886,8,22,1.341052,98.08,273.813,1299.99,1,4,compressed_ring_ar
1778546175.715631,8,23,1.331378,100.86,203.967,1265.327,1,4,compressed_ring_ar
1778546177.0079045,8,24,1.390203,102.26,245.783,1245.243,1,4,compressed_ring_ar
1778546178.3106115,8,25,1.178345,101.73,210.264,1256.775,1,4,compressed_ring_ar
1778546179.6096673,8,26,1.531394,102.82,196.375,1243.425,1,4,compressed_ring_ar
1778546180.8947084,8,27,1.316476,102.84,270.354,1243.237,1,4,compressed_ring_ar
1778546182.2591152,8,28,1.378875,98.28,193.387,1296.908,1,4,compressed_ring_ar
1778546183.5332308,8,29,1.309499,103.74,280.497,1229.471,1,4,compressed_ring_ar
1778546184.8821652,8,30,1.340476,98.33,195.312,1296.337,1,4,compressed_ring_ar
1778546186.112128,8,31,1.324315,107.0,380.626,1189.136,1,4,compressed_ring_ar
1778546187.3082166,8,32,1.401461,110.78,221.076,1147.894,1,4,compressed_ring_ar
1778546188.6472425,8,33,1.556676,98.56,232.685,1293.831,1,4,compressed_ring_ar
1778546189.854609,8,34,1.301476,111.01,206.618,1151.688,1,4,compressed_ring_ar
1778546191.2032976,8,35,1.317336,98.7,230.551,1295.731,1,4,compressed_ring_ar
1778546192.5210552,8,36,1.281285,102.79,219.803,1240.774,1,4,compressed_ring_ar
1778546193.9047997,8,37,1.311441,96.89,205.994,1311.792,1,4,compressed_ring_ar
1778546195.0678766,8,38,1.292402,113.77,187.449,1120.882,1,4,compressed_ring_ar
1778546196.293343,8,39,1.24445,109.13,230.568,1171.552,1,4,compressed_ring_ar
1778546197.8327794,8,40,1.234288,85.24,293.715,1500.453,1,4,compressed_ring_ar
1778546199.080657,8,41,1.367119,109.15,198.033,1163.614,1,4,compressed_ring_ar
1778546200.4073954,8,42,1.353271,99.09,206.518,1286.949,1,4,compressed_ring_ar
1778546201.6910853,8,43,1.29089,102.98,278.823,1238.987,1,4,compressed_ring_ar
1778546203.0244386,8,44,1.305572,99.64,296.727,1279.96,1,4,compressed_ring_ar
1778546204.3604856,8,45,1.235106,99.53,195.012,1283.422,1,4,compressed_ring_ar
1778546205.6545448,8,46,1.251537,103.26,202.955,1238.238,1,4,compressed_ring_ar
1778546206.9783077,8,47,1.211683,100.29,229.278,1269.054,1,4,compressed_ring_ar
1778546208.200972,8,48,1.383363,108.13,210.991,1174.656,1,4,compressed_ring_ar
1778546209.437994,8,49,1.281926,106.7,181.268,1198.235,1,4,compressed_ring_ar
1778546210.8631318,8,50,1.403947,92.49,308.945,1377.162,1,4,compressed_ring_ar
1778546212.1851976,8,51,1.383567,99.79,262.129,1277.68,1,4,compressed_ring_ar
1778546213.5473397,8,52,1.336633,96.57,231.079,1318.17,1,4,compressed_ring_ar
1778546214.912259,8,53,1.446999,96.5,239.519,1318.919,1,4,compressed_ring_ar
1778546216.1867492,8,54,1.298239,104.94,261.87,1212.48,1,4,compressed_ring_ar
1778546217.5479586,8,55,1.291517,96.9,255.034,1312.004,1,4,compressed_ring_ar
1778546218.7236006,8,56,1.459394,112.67,227.113,1132.209,1,4,compressed_ring_ar
1778546219.9591718,8,57,1.409023,108.16,199.587,1178.609,1,4,compressed_ring_ar
1778546221.2511055,8,58,1.274997,103.31,248.153,1234.207,1,4,compressed_ring_ar
1778546222.4456992,8,59,1.418762,112.72,186.605,1130.9,1,4,compressed_ring_ar
1778546223.80136,8,60,1.182125,97.84,259.551,1303.495,1,4,compressed_ring_ar
1778546225.1000702,8,61,1.122473,102.17,234.331,1248.294,1,4,compressed_ring_ar
1778546226.7077253,8,62,1.235429,81.75,311.758,1564.298,1,4,compressed_ring_ar
1778546228.053946,8,63,1.246322,100.21,229.892,1272.508,1,4,compressed_ring_ar
1778546229.2740862,8,64,1.204651,108.61,215.91,1175.868,1,4,compressed_ring_ar
1778546230.6776686,8,65,1.335243,94.17,297.748,1352.555,1,4,compressed_ring_ar
1778546231.9259589,8,66,1.289828,105.75,263.441,1206.68,1,4,compressed_ring_ar
1778546233.2931225,8,67,1.168399,97.8,205.498,1307.693,1,4,compressed_ring_ar
1778546234.5547864,8,68,1.296695,107.05,192.415,1194.302,1,4,compressed_ring_ar
1778546235.878869,8,69,1.358854,100.15,221.697,1273.403,1,4,compressed_ring_ar
1778546237.2098863,8,70,1.278705,100.57,208.641,1267.896,1,4,compressed_ring_ar
1778546238.5079927,8,71,1.251502,101.95,272.444,1253.034,1,4,compressed_ring_ar
1778546239.9852896,8,72,1.243945,89.81,214.679,1419.732,1,4,compressed_ring_ar
1778546241.2653923,8,73,1.162593,103.88,310.027,1227.798,1,4,compressed_ring_ar
1778546242.5311637,8,74,1.225002,106.48,200.67,1197.115,1,4,compressed_ring_ar
1778546243.815607,8,75,1.330576,103.16,279.677,1239.429,1,4,compressed_ring_ar
1778546245.1186748,8,76,1.317605,101.92,218.466,1251.877,1,4,compressed_ring_ar
1778546246.3035378,8,77,1.227902,111.95,211.423,1141.877,1,4,compressed_ring_ar
1778546247.532176,8,78,1.344381,107.86,241.346,1185.502,1,4,compressed_ring_ar
1778546248.801232,8,79,1.232491,105.19,207.127,1212.279,1,4,compressed_ring_ar
1778546250.0501127,8,80,1.316114,106.26,213.596,1203.342,1,4,compressed_ring_ar
1778546251.4244502,8,81,1.20675,96.2,268.608,1325.796,1,4,compressed_ring_ar
1778546252.7056825,8,82,1.327349,104.3,194.1,1220.334,1,4,compressed_ring_ar
1778546254.1290169,8,83,1.399999,92.95,271.957,1372.539,1,4,compressed_ring_ar
1778546255.5652843,8,84,1.299984,93.98,220.282,1352.757,1,4,compressed_ring_ar
1778546256.8185754,8,85,1.408095,105.01,212.854,1217.51,1,4,compressed_ring_ar
1778546258.135911,8,86,1.154604,100.4,202.537,1269.925,1,4,compressed_ring_ar
1778546259.505479,8,87,1.251641,97.47,240.079,1308.618,1,4,compressed_ring_ar
1778546260.7541525,8,88,1.276227,105.84,193.956,1203.158,1,4,compressed_ring_ar
1778546261.938156,8,89,1.103807,111.85,209.597,1140.02,1,4,compressed_ring_ar
1778546263.2808194,8,90,1.280572,98.43,187.656,1298.996,1,4,compressed_ring_ar
1778546264.6262214,8,91,1.286869,98.64,247.792,1291.996,1,4,compressed_ring_ar
1778546265.918871,8,92,1.275468,103.84,253.018,1227.597,1,4,compressed_ring_ar
1778546267.299939,8,93,1.324572,95.59,214.201,1332.108,1,4,compressed_ring_ar
1778546268.5089586,8,94,1.258416,109.49,218.717,1162.717,1,4,compressed_ring_ar
1778546269.777878,8,95,1.340808,104.16,322.954,1222.089,1,4,compressed_ring_ar
1778546271.062477,8,96,1.07249,103.66,223.292,1230.857,1,4,compressed_ring_ar
1778546272.4335077,8,97,1.23809,63.85,209.8,1305.89,1,4,compressed_ring_ar
1778546284.213301,9,0,1.403614,81.37,375.868,1568.533,1,4,compressed_ring_ar
1778546285.3549552,9,1,1.245734,120.61,309.949,1052.384,1,4,compressed_ring_ar
1778546286.600415,9,2,1.154834,105.82,235.246,1201.485,1,4,compressed_ring_ar
1778546287.7323909,9,3,1.118793,116.69,165.38,1093.213,1,4,compressed_ring_ar
1778546289.0840364,9,4,1.380171,98.02,216.43,1298.46,1,4,compressed_ring_ar
1778546290.3280482,9,5,1.388034,106.4,248.77,1198.366,1,4,compressed_ring_ar
1778546291.7907712,9,6,1.116669,90.56,292.942,1406.492,1,4,compressed_ring_ar
1778546293.0215857,9,7,1.392012,107.58,306.597,1185.289,1,4,compressed_ring_ar
1778546294.3640735,9,8,1.180225,98.1,193.206,1300.561,1,4,compressed_ring_ar
1778546295.5360239,9,9,1.200877,113.7,349.887,1118.708,1,4,compressed_ring_ar
1778546296.7688093,9,10,1.267656,106.81,218.384,1191.583,1,4,compressed_ring_ar
1778546298.0258908,9,11,1.379343,106.5,202.616,1198.806,1,4,compressed_ring_ar
1778546299.3125424,9,12,1.203146,104.2,199.557,1223.997,1,4,compressed_ring_ar
1778546300.6603854,9,13,1.455695,98.26,225.822,1297.424,1,4,compressed_ring_ar
1778546302.0440025,9,14,1.373909,95.21,215.37,1341.95,1,4,compressed_ring_ar
1778546303.5276136,9,15,1.358929,89.62,199.653,1421.095,1,4,compressed_ring_ar
1778546304.8277745,9,16,1.320889,102.01,278.55,1247.343,1,4,compressed_ring_ar
1778546306.117913,9,17,1.317225,102.81,321.443,1239.665,1,4,compressed_ring_ar
1778546307.306885,9,18,1.238463,111.01,213.615,1151.069,1,4,compressed_ring_ar
1778546308.7604241,9,19,1.314251,91.23,223.436,1398.686,1,4,compressed_ring_ar
1778546310.1167939,9,20,1.33372,97.9,219.732,1302.855,1,4,compressed_ring_ar
1778546311.3489263,9,21,1.268046,107.92,184.206,1183.184,1,4,compressed_ring_ar
1778546312.703954,9,22,1.32797,98.63,230.244,1292.823,1,4,compressed_ring_ar
1778546314.0364134,9,23,1.324217,99.36,219.825,1281.416,1,4,compressed_ring_ar
1778546315.1835752,9,24,1.125736,116.62,187.772,1093.216,1,4,compressed_ring_ar
1778546316.4864,9,25,1.435384,102.97,199.917,1236.702,1,4,compressed_ring_ar
1778546317.7814379,9,26,1.284341,101.69,195.166,1253.6,1,4,compressed_ring_ar
1778546319.2651634,9,27,1.356971,89.05,399.059,1429.998,1,4,compressed_ring_ar
1778546320.5952177,9,28,1.166618,98.84,208.364,1293.666,1,4,compressed_ring_ar
1778546322.042167,9,29,1.285769,91.36,280.322,1396.79,1,4,compressed_ring_ar
1778546323.3907094,9,30,1.420282,98.66,316.345,1292.038,1,4,compressed_ring_ar
1778546324.6418498,9,31,1.279017,108.2,238.015,1175.452,1,4,compressed_ring_ar
1778546325.8579895,9,32,1.206803,108.6,288.089,1176.148,1,4,compressed_ring_ar
1778546327.1435907,9,33,1.17979,102.88,302.366,1236.966,1,4,compressed_ring_ar
1778546328.4034526,9,34,1.311983,106.51,306.989,1199.69,1,4,compressed_ring_ar
1778546329.6974971,9,35,1.1861,103.23,224.284,1235.331,1,4,compressed_ring_ar
1778546331.020581,9,36,1.47249,100.23,202.212,1275.457,1,4,compressed_ring_ar
1778546332.2897403,9,37,1.236844,105.44,241.557,1211.898,1,4,compressed_ring_ar
1778546333.5604584,9,38,1.297171,106.01,326.322,1206.223,1,4,compressed_ring_ar
1778546335.026869,9,39,1.28046,89.76,289.258,1422.488,1,4,compressed_ring_ar
1778546336.2935755,9,40,1.208827,103.87,229.037,1227.618,1,4,compressed_ring_ar
1778546337.516137,9,41,1.151626,108.17,198.295,1180.937,1,4,compressed_ring_ar
1778546339.0032032,9,42,1.327967,89.73,296.972,1421.863,1,4,compressed_ring_ar
1778546340.2389963,9,43,1.241362,107.78,191.996,1182.568,1,4,compressed_ring_ar
1778546341.3994951,9,44,1.233085,114.9,371.096,1112.729,1,4,compressed_ring_ar
1778546342.8009942,9,45,1.173622,95.36,217.546,1335.166,1,4,compressed_ring_ar
1778546343.9926047,9,46,1.218837,111.03,229.889,1148.109,1,4,compressed_ring_ar
1778546345.352247,9,47,1.26455,96.86,367.56,1320.11,1,4,compressed_ring_ar
1778546346.5665753,9,48,1.210333,111.52,232.921,1145.718,1,4,compressed_ring_ar
1778546348.0441442,9,49,1.104474,89.19,273.415,1430.052,1,4,compressed_ring_ar
1778546349.4123647,9,50,1.241294,98.0,237.301,1304.817,1,4,compressed_ring_ar
1778546350.773444,9,51,1.283931,98.95,306.321,1285.754,1,4,compressed_ring_ar
1778546352.036314,9,52,1.480151,105.08,201.023,1210.587,1,4,compressed_ring_ar
1778546353.3474066,9,53,1.116713,100.47,266.634,1267.413,1,4,compressed_ring_ar
1778546354.6123884,9,54,1.413785,104.58,208.491,1219.067,1,4,compressed_ring_ar
1778546355.806293,9,55,1.097665,111.01,198.362,1146.451,1,4,compressed_ring_ar
1778546357.0713587,9,56,1.349106,104.78,222.507,1220.314,1,4,compressed_ring_ar
1778546358.2957852,9,57,1.023384,109.24,192.521,1164.573,1,4,compressed_ring_ar
1778546359.567599,9,58,1.220497,104.15,335.201,1219.648,1,4,compressed_ring_ar
1778546360.8978436,9,59,1.406795,99.14,356.349,1286.462,1,4,compressed_ring_ar
1778546362.163395,9,60,1.246089,104.89,200.195,1213.624,1,4,compressed_ring_ar
1778546363.378339,9,61,1.348412,108.58,219.122,1171.669,1,4,compressed_ring_ar
1778546364.5262172,9,62,1.311878,115.71,262.285,1101.431,1,4,compressed_ring_ar
1778546365.8138397,9,63,1.252876,102.46,232.614,1245.263,1,4,compressed_ring_ar
1778546367.210849,9,64,1.193805,94.55,224.707,1349.201,1,4,compressed_ring_ar
1778546368.5804987,9,65,1.296227,96.48,238.058,1322.173,1,4,compressed_ring_ar
1778546369.854975,9,66,1.219696,104.02,212.334,1226.442,1,4,compressed_ring_ar
1778546371.1805935,9,67,1.219679,100.23,207.644,1270.372,1,4,compressed_ring_ar
1778546372.4339483,9,68,1.194751,105.73,186.975,1204.869,1,4,compressed_ring_ar
1778546373.839029,9,69,1.18739,93.99,219.464,1353.131,1,4,compressed_ring_ar
1778546375.0783217,9,70,1.265303,106.22,283.058,1200.0,1,4,compressed_ring_ar
1778546376.1121519,9,71,1.358096,131.01,223.64,975.111,1,4,compressed_ring_ar
1778546377.4701264,9,72,1.33629,98.15,411.326,1298.385,1,4,compressed_ring_ar
1778546378.6992106,9,73,1.3286,109.59,200.191,1163.897,1,4,compressed_ring_ar
1778546380.2100391,9,74,1.293958,87.26,437.705,1465.622,1,4,compressed_ring_ar
1778546381.5949807,9,75,1.277819,98.49,194.412,1293.901,1,4,compressed_ring_ar
1778546382.6900914,9,76,1.139561,125.48,208.973,1015.755,1,4,compressed_ring_ar
1778546384.0527017,9,77,1.126005,97.72,233.99,1302.224,1,4,compressed_ring_ar
1778546385.364102,9,78,1.191772,100.52,216.871,1268.425,1,4,compressed_ring_ar
1778546386.571447,9,79,1.162952,109.61,208.749,1166.432,1,4,compressed_ring_ar
1778546387.8892179,9,80,1.3398,100.59,287.724,1265.293,1,4,compressed_ring_ar
1778546389.2856414,9,81,1.303377,95.75,265.082,1331.651,1,4,compressed_ring_ar
1778546390.5610237,9,82,1.143004,103.66,222.873,1227.557,1,4,compressed_ring_ar
1778546391.9313707,9,83,1.222403,96.85,328.684,1314.44,1,4,compressed_ring_ar
1778546393.1310096,9,84,1.198078,110.24,259.838,1159.685,1,4,compressed_ring_ar
1778546394.4912596,9,85,1.27963,97.25,326.579,1313.892,1,4,compressed_ring_ar
1778546395.7767684,9,86,1.180579,103.43,359.731,1233.094,1,4,compressed_ring_ar
1778546397.042121,9,87,1.214393,104.06,363.627,1227.701,1,4,compressed_ring_ar
1778546398.3997588,9,88,1.251938,98.33,297.135,1295.761,1,4,compressed_ring_ar
1778546399.7925384,9,89,1.296474,94.71,224.006,1346.412,1,4,compressed_ring_ar
1778546401.1532557,9,90,1.217523,98.49,502.101,1298.249,1,4,compressed_ring_ar
1778546402.4911718,9,91,1.130381,98.72,337.109,1292.119,1,4,compressed_ring_ar
1778546403.7176397,9,92,1.150911,108.4,217.629,1175.674,1,4,compressed_ring_ar
1778546405.0192244,9,93,1.204036,101.66,261.81,1252.225,1,4,compressed_ring_ar
1778546406.3191643,9,94,1.407842,102.3,213.05,1247.381,1,4,compressed_ring_ar
1778546407.8884194,9,95,1.17308,84.08,265.295,1515.974,1,4,compressed_ring_ar
1778546409.1668487,9,96,1.164673,105.4,209.394,1213.705,1,4,compressed_ring_ar
1778546410.415838,9,97,1.314201,69.12,375.656,1209.535,1,4,compressed_ring_ar
1778546421.9317338,10,0,1.258044,92.14,190.996,1383.64,1,4,compressed_ring_ar
1778546423.2720022,10,1,1.223299,99.23,228.187,1284.455,1,4,compressed_ring_ar
1778546424.4068766,10,2,1.339074,119.66,248.812,1063.833,1,4,compressed_ring_ar
1778546425.5335543,10,3,1.427978,120.03,384.998,1064.959,1,4,compressed_ring_ar
1778546426.933722,10,4,1.25233,94.04,259.639,1359.811,1,4,compressed_ring_ar
1778546428.263349,10,5,1.38544,99.65,223.08,1278.63,1,4,compressed_ring_ar
1778546429.5766528,10,6,1.248711,101.31,189.538,1258.49,1,4,compressed_ring_ar
1778546430.8419645,10,7,1.321087,103.92,250.706,1227.51,1,4,compressed_ring_ar
1778546432.2025213,10,8,1.384193,96.99,227.044,1315.129,1,4,compressed_ring_ar
1778546433.3968363,10,9,1.161786,112.44,258.798,1136.941,1,4,compressed_ring_ar
1778546435.0052,10,10,1.162167,81.5,293.789,1565.607,1,4,compressed_ring_ar
1778546436.4607553,10,11,1.417794,90.5,201.475,1409.686,1,4,compressed_ring_ar
1778546437.7291715,10,12,1.186442,105.01,236.355,1214.847,1,4,compressed_ring_ar
1778546439.0677412,10,13,1.233105,98.98,223.63,1283.812,1,4,compressed_ring_ar
1778546440.3407197,10,14,1.235628,105.06,191.721,1209.584,1,4,compressed_ring_ar
1778546441.7140152,10,15,1.26221,95.59,369.062,1334.213,1,4,compressed_ring_ar
1778546443.0497692,10,16,1.107477,99.36,236.138,1283.671,1,4,compressed_ring_ar
1778546444.3571277,10,17,1.263651,103.14,277.68,1235.448,1,4,compressed_ring_ar
1778546445.5927813,10,18,1.206901,106.48,429.045,1197.447,1,4,compressed_ring_ar
1778546446.9516108,10,19,1.036894,98.07,204.864,1300.639,1,4,compressed_ring_ar
1778546448.1853604,10,20,1.17075,107.51,187.897,1185.407,1,4,compressed_ring_ar
1778546449.690901,10,21,1.169294,88.4,224.895,1444.493,1,4,compressed_ring_ar
1778546451.018251,10,22,1.17193,99.41,198.818,1286.229,1,4,compressed_ring_ar
1778546452.4402256,10,23,1.226964,92.4,368.331,1382.828,1,4,compressed_ring_ar
1778546453.7865694,10,24,1.214071,99.79,202.519,1277.866,1,4,compressed_ring_ar
1778546455.0333135,10,25,1.305601,106.69,179.513,1197.0,1,4,compressed_ring_ar
1778546456.4445386,10,26,1.299692,93.59,485.02,1366.361,1,4,compressed_ring_ar
1778546457.8298569,10,27,1.255393,94.87,477.094,1347.963,1,4,compressed_ring_ar
1778546459.1511555,10,28,1.177423,100.4,272.246,1270.518,1,4,compressed_ring_ar
1778546460.5185323,10,29,1.076837,97.78,191.081,1307.074,1,4,compressed_ring_ar
1778546462.0108228,10,30,1.24442,88.0,535.196,1450.124,1,4,compressed_ring_ar
1778546463.4188187,10,31,1.269783,94.22,200.805,1354.579,1,4,compressed_ring_ar
1778546464.8030553,10,32,1.107325,95.17,297.871,1340.469,1,4,compressed_ring_ar
1778546466.1088045,10,33,1.294881,102.53,196.948,1242.639,1,4,compressed_ring_ar
1778546467.3924115,10,34,1.282559,103.6,335.461,1230.922,1,4,compressed_ring_ar
1778546468.5868275,10,35,1.21879,112.08,218.442,1138.159,1,4,compressed_ring_ar
1778546469.8343039,10,36,1.120638,105.87,279.66,1207.674,1,4,compressed_ring_ar
1778546471.1741495,10,37,1.150699,98.8,300.726,1293.797,1,4,compressed_ring_ar
1778546472.7104142,10,38,1.260291,86.1,218.795,1481.58,1,4,compressed_ring_ar
1778546473.9484794,10,39,1.330299,106.5,221.725,1197.358,1,4,compressed_ring_ar
1778546475.390494,10,40,1.412829,90.93,278.417,1401.524,1,4,compressed_ring_ar
1778546476.664007,10,41,1.290159,105.82,201.232,1204.416,1,4,compressed_ring_ar
1778546477.8868818,10,42,1.115913,107.94,201.397,1184.159,1,4,compressed_ring_ar
1778546479.2499611,10,43,1.157916,96.82,195.339,1320.568,1,4,compressed_ring_ar
1778546480.566616,10,44,1.137235,101.18,454.166,1260.284,1,4,compressed_ring_ar
1778546481.9448547,10,45,1.400256,96.99,203.695,1315.336,1,4,compressed_ring_ar
1778546483.4336057,10,46,1.347942,88.79,169.163,1436.106,1,4,compressed_ring_ar
1778546484.8036206,10,47,1.263797,96.92,490.313,1316.688,1,4,compressed_ring_ar
1778546486.2167401,10,48,1.290356,93.45,211.33,1365.726,1,4,compressed_ring_ar
1778546487.764229,10,49,1.11677,86.19,209.457,1480.091,1,4,compressed_ring_ar
1778546489.11119,10,50,1.243523,98.28,213.497,1295.158,1,4,compressed_ring_ar
1778546490.4310915,10,51,1.339698,99.71,217.845,1282.494,1,4,compressed_ring_ar
1778546491.8711812,10,52,1.215179,92.48,211.519,1379.338,1,4,compressed_ring_ar
1778546493.160595,10,53,1.203416,102.49,208.743,1247.548,1,4,compressed_ring_ar
1778546494.493796,10,54,1.225976,99.11,186.927,1286.041,1,4,compressed_ring_ar
1778546495.822638,10,55,1.453608,100.3,177.671,1273.379,1,4,compressed_ring_ar
1778546497.1736207,10,56,1.296676,97.73,507.416,1308.369,1,4,compressed_ring_ar
1778546498.562963,10,57,1.127347,95.49,224.307,1338.29,1,4,compressed_ring_ar
1778546499.968265,10,58,1.323967,94.46,430.122,1352.151,1,4,compressed_ring_ar
1778546501.434576,10,59,1.270307,89.43,515.814,1430.019,1,4,compressed_ring_ar
1778546502.857156,10,60,1.238572,94.03,209.842,1356.776,1,4,compressed_ring_ar
1778546504.1356015,10,61,1.264225,103.62,209.353,1230.713,1,4,compressed_ring_ar
1778546505.4584007,10,62,1.23833,99.64,194.238,1282.828,1,4,compressed_ring_ar
1778546506.8971467,10,63,1.21658,91.36,193.247,1399.678,1,4,compressed_ring_ar
1778546508.3002088,10,64,1.187363,94.11,288.206,1358.666,1,4,compressed_ring_ar
1778546509.7573047,10,65,1.296971,90.88,374.844,1405.254,1,4,compressed_ring_ar
1778546511.0494008,10,66,1.278197,102.28,188.132,1245.895,1,4,compressed_ring_ar
1778546512.400807,10,67,1.274744,97.55,256.355,1306.441,1,4,compressed_ring_ar
1778546513.8016875,10,68,1.114302,94.01,377.607,1356.961,1,4,compressed_ring_ar
1778546515.1678658,10,69,1.337087,97.01,236.296,1311.422,1,4,compressed_ring_ar
1778546516.448102,10,70,1.041832,102.74,352.362,1240.301,1,4,compressed_ring_ar
1778546517.7105048,10,71,1.334116,104.34,215.971,1219.757,1,4,compressed_ring_ar
1778546518.9393947,10,72,1.068956,108.17,196.188,1180.255,1,4,compressed_ring_ar
1778546520.5005808,10,73,1.364094,84.43,238.686,1508.844,1,4,compressed_ring_ar
1778546521.8215485,10,74,1.044525,100.36,315.388,1270.118,1,4,compressed_ring_ar
1778546522.9939432,10,75,1.222365,113.7,422.236,1123.475,1,4,compressed_ring_ar
1778546524.414318,10,76,1.174034,92.67,429.871,1380.071,1,4,compressed_ring_ar
1778546525.8409438,10,77,1.347634,92.49,204.532,1382.759,1,4,compressed_ring_ar
1778546527.2522159,10,78,1.239936,93.88,206.909,1361.391,1,4,compressed_ring_ar
1778546528.613445,10,79,1.378076,97.03,210.0,1316.965,1,4,compressed_ring_ar
1778546530.2101278,10,80,1.198131,82.87,298.552,1539.48,1,4,compressed_ring_ar
1778546531.5897067,10,81,1.223266,97.79,250.035,1302.2,1,4,compressed_ring_ar
1778546532.7489822,10,82,1.102548,115.86,278.284,1098.998,1,4,compressed_ring_ar
1778546534.08677,10,83,1.304952,100.17,314.237,1276.462,1,4,compressed_ring_ar
1778546535.4941847,10,84,1.04364,94.22,326.365,1357.079,1,4,compressed_ring_ar
1778546536.830042,10,85,1.199055,99.19,218.64,1289.331,1,4,compressed_ring_ar
1778546538.1811264,10,86,1.136294,97.28,360.616,1313.479,1,4,compressed_ring_ar
1778546539.5054872,10,87,1.120826,99.85,465.659,1280.582,1,4,compressed_ring_ar
1778546540.8796382,10,88,1.204175,98.09,242.039,1299.36,1,4,compressed_ring_ar
1778546542.2878091,10,89,1.275376,93.54,403.598,1360.899,1,4,compressed_ring_ar
1778546543.5757666,10,90,1.45234,104.08,224.371,1225.786,1,4,compressed_ring_ar
1778546545.0239782,10,91,1.288316,91.29,261.133,1400.154,1,4,compressed_ring_ar
1778546546.6824806,10,92,1.216197,79.6,384.688,1603.425,1,4,compressed_ring_ar
1778546548.04668,10,93,1.07492,97.83,220.501,1304.176,1,4,compressed_ring_ar
1778546549.2955215,10,94,1.202763,105.56,169.838,1211.47,1,4,compressed_ring_ar
1778546550.653565,10,95,1.225258,100.98,639.375,1263.019,1,4,compressed_ring_ar
1778546552.040461,10,96,1.198558,96.04,232.062,1326.97,1,4,compressed_ring_ar
1778546553.2731895,10,97,1.319935,69.91,386.549,1194.898,1,4,compressed_ring_ar
1778546565.475588,11,0,1.26988,73.5,369.68,1740.78,1,4,compressed_ring_ar
1778546566.8360136,11,1,1.203926,99.89,194.731,1276.605,1,4,compressed_ring_ar
1778546568.2157552,11,2,1.213528,95.78,244.122,1335.033,1,4,compressed_ring_ar
1778546569.4293442,11,3,1.171144,110.54,226.714,1153.173,1,4,compressed_ring_ar
1778546570.7820165,11,4,1.179371,97.34,217.917,1310.345,1,4,compressed_ring_ar
1778546572.1625915,11,5,1.278572,95.34,322.715,1335.031,1,4,compressed_ring_ar
1778546573.439451,11,6,1.241763,103.41,209.768,1232.85,1,4,compressed_ring_ar
1778546574.7039487,11,7,1.247242,105.37,211.015,1210.34,1,4,compressed_ring_ar
1778546575.9734128,11,8,1.200368,107.56,244.355,1182.645,1,4,compressed_ring_ar
1778546577.2484004,11,9,1.255528,103.26,189.801,1236.846,1,4,compressed_ring_ar
1778546578.5861118,11,10,1.274339,98.38,402.948,1297.012,1,4,compressed_ring_ar
1778546579.9086208,11,11,1.289892,100.19,206.331,1273.373,1,4,compressed_ring_ar
1778546581.210272,11,12,1.218501,101.73,220.046,1252.962,1,4,compressed_ring_ar
1778546582.5554748,11,13,1.417312,97.74,346.377,1304.726,1,4,compressed_ring_ar
1778546583.8696012,11,14,1.180748,100.29,214.485,1274.954,1,4,compressed_ring_ar
1778546585.2357588,11,15,1.25907,97.49,185.892,1309.894,1,4,compressed_ring_ar
1778546586.5881422,11,16,1.167069,97.32,342.68,1308.389,1,4,compressed_ring_ar
1778546587.695182,11,17,1.281493,120.32,138.405,1062.622,1,4,compressed_ring_ar
1778546589.036112,11,18,1.195049,102.19,592.941,1250.873,1,4,compressed_ring_ar
1778546590.1837564,11,19,1.204148,115.59,333.962,1106.116,1,4,compressed_ring_ar
1778546591.6361728,11,20,1.249075,90.76,390.245,1408.819,1,4,compressed_ring_ar
1778546593.027656,11,21,1.076048,95.15,224.679,1340.258,1,4,compressed_ring_ar
1778546594.3017309,11,22,1.096958,103.43,199.417,1234.97,1,4,compressed_ring_ar
1778546595.7556882,11,23,1.010468,90.49,220.299,1409.922,1,4,compressed_ring_ar
1778546597.2165048,11,24,1.210279,89.96,325.866,1421.766,1,4,compressed_ring_ar
1778546598.616186,11,25,1.229651,97.37,352.731,1313.107,1,4,compressed_ring_ar
1778546600.0159667,11,26,1.246763,94.61,183.596,1347.739,1,4,compressed_ring_ar
1778546601.2948866,11,27,1.055898,103.4,225.707,1233.33,1,4,compressed_ring_ar
1778546602.5712326,11,28,1.139821,104.16,191.383,1226.69,1,4,compressed_ring_ar
1778546603.8826456,11,29,1.423535,101.15,214.141,1263.289,1,4,compressed_ring_ar
1778546605.14414,11,30,0.997852,105.04,167.29,1215.977,1,4,compressed_ring_ar
1778546606.5721056,11,31,1.106832,92.01,463.374,1389.964,1,4,compressed_ring_ar
1778546607.8458018,11,32,1.108038,103.72,304.212,1231.521,1,4,compressed_ring_ar
1778546609.2377,11,33,1.242178,95.24,538.699,1341.558,1,4,compressed_ring_ar
1778546610.6672297,11,34,1.255194,92.67,347.797,1375.715,1,4,compressed_ring_ar
1778546611.9864066,11,35,1.051179,100.39,218.623,1272.939,1,4,compressed_ring_ar
1778546613.4205496,11,36,1.364354,91.61,389.068,1395.766,1,4,compressed_ring_ar
1778546614.8796024,11,37,1.391979,91.71,185.956,1393.263,1,4,compressed_ring_ar
1778546616.1804216,11,38,1.166439,101.21,426.231,1261.891,1,4,compressed_ring_ar
1778546617.614892,11,39,1.14131,91.5,420.615,1397.529,1,4,compressed_ring_ar
1778546619.031074,11,40,1.175337,92.89,185.102,1374.406,1,4,compressed_ring_ar
1778546620.2949088,11,41,1.118648,104.78,302.381,1220.63,1,4,compressed_ring_ar
1778546621.7535987,11,42,1.2941,92.4,554.792,1383.846,1,4,compressed_ring_ar
1778546623.0933025,11,43,1.153894,98.77,264.131,1294.514,1,4,compressed_ring_ar
1778546624.5120509,11,44,1.246296,93.26,207.757,1370.049,1,4,compressed_ring_ar
1778546625.9942234,11,45,1.148674,89.41,198.733,1430.245,1,4,compressed_ring_ar
1778546627.584657,11,46,1.405329,82.83,235.177,1538.953,1,4,compressed_ring_ar
1778546629.1210666,11,47,1.310515,86.83,215.916,1471.493,1,4,compressed_ring_ar
1778546630.535557,11,48,1.18859,92.85,471.214,1377.075,1,4,compressed_ring_ar
1778546632.164821,11,49,1.144879,81.13,366.006,1575.398,1,4,compressed_ring_ar
1778546633.626209,11,50,1.285781,91.46,500.626,1398.076,1,4,compressed_ring_ar
1778546634.9675233,11,51,1.182772,98.76,256.186,1292.173,1,4,compressed_ring_ar
1778546636.262122,11,52,1.190389,102.06,264.117,1252.957,1,4,compressed_ring_ar
1778546637.5302765,11,53,1.146149,104.3,312.003,1222.763,1,4,compressed_ring_ar
1778546638.800434,11,54,1.189939,105.08,195.981,1214.992,1,4,compressed_ring_ar
1778546640.181979,11,55,1.122807,96.03,523.41,1331.574,1,4,compressed_ring_ar
1778546641.5763383,11,56,1.128326,95.57,180.532,1338.037,1,4,compressed_ring_ar
1778546643.0378535,11,57,1.266473,92.27,221.815,1385.894,1,4,compressed_ring_ar
1778546644.4248295,11,58,1.198691,95.24,212.66,1339.973,1,4,compressed_ring_ar
1778546645.7492518,11,59,1.151332,99.39,327.875,1284.066,1,4,compressed_ring_ar
1778546647.0948105,11,60,1.172477,98.48,213.812,1295.773,1,4,compressed_ring_ar
1778546648.4419875,11,61,1.123066,98.0,227.498,1301.605,1,4,compressed_ring_ar
1778546649.7681708,11,62,1.253567,99.19,364.826,1283.272,1,4,compressed_ring_ar
1778546650.9921458,11,63,1.247379,108.3,212.292,1176.312,1,4,compressed_ring_ar
1778546652.3451018,11,64,1.20262,99.03,197.209,1286.943,1,4,compressed_ring_ar
1778546653.8909278,11,65,1.291051,84.94,285.423,1502.554,1,4,compressed_ring_ar
1778546655.343922,11,66,1.209722,92.15,411.632,1382.39,1,4,compressed_ring_ar
1778546656.7011857,11,67,1.088858,97.59,302.575,1305.653,1,4,compressed_ring_ar
1778546658.0546985,11,68,1.183846,97.39,245.841,1310.328,1,4,compressed_ring_ar
1778546659.3260515,11,69,1.292953,104.08,194.932,1225.206,1,4,compressed_ring_ar
1778546660.789692,11,70,1.288901,89.77,238.042,1417.306,1,4,compressed_ring_ar
1778546662.0864532,11,71,1.211964,102.4,227.268,1245.397,1,4,compressed_ring_ar
1778546663.3690984,11,72,1.20659,104.63,297.6,1219.344,1,4,compressed_ring_ar
1778546664.697469,11,73,1.178808,100.41,196.829,1270.324,1,4,compressed_ring_ar
1778546665.9385264,11,74,1.124376,106.23,355.612,1199.235,1,4,compressed_ring_ar
1778546667.145078,11,75,1.266591,111.04,218.542,1151.324,1,4,compressed_ring_ar
1778546668.493991,11,76,1.111515,97.78,316.919,1307.678,1,4,compressed_ring_ar
1778546669.8443477,11,77,1.075781,98.31,196.284,1300.583,1,4,compressed_ring_ar
1778546671.2739842,11,78,1.235427,92.64,236.76,1376.138,1,4,compressed_ring_ar
1778546672.5906992,11,79,1.043295,100.53,226.028,1268.693,1,4,compressed_ring_ar
1778546673.875218,11,80,1.282901,102.73,282.924,1240.765,1,4,compressed_ring_ar
1778546675.0989065,11,81,0.999418,107.79,238.07,1185.195,1,4,compressed_ring_ar
1778546676.5087454,11,82,0.987627,93.58,403.647,1362.393,1,4,compressed_ring_ar
1778546677.7170992,11,83,1.259253,109.32,197.684,1168.764,1,4,compressed_ring_ar
1778546679.1137364,11,84,1.410259,95.15,218.585,1340.236,1,4,compressed_ring_ar
1778546680.3722427,11,85,1.103577,106.64,192.74,1193.626,1,4,compressed_ring_ar
1778546681.8018544,11,86,1.069219,92.15,249.904,1383.777,1,4,compressed_ring_ar
1778546682.9738998,11,87,1.205101,115.38,417.894,1108.302,1,4,compressed_ring_ar
1778546684.262008,11,88,1.046497,104.73,227.189,1219.719,1,4,compressed_ring_ar
1778546685.561121,11,89,1.085985,101.85,356.262,1251.996,1,4,compressed_ring_ar
1778546686.830887,11,90,1.086515,105.74,192.817,1206.013,1,4,compressed_ring_ar
1778546688.1280422,11,91,1.054244,102.97,218.191,1237.706,1,4,compressed_ring_ar
1778546689.4561121,11,92,1.25041,99.46,321.46,1282.381,1,4,compressed_ring_ar
1778546690.633172,11,93,1.095316,112.71,212.633,1130.513,1,4,compressed_ring_ar
1778546691.9055622,11,94,1.021901,104.87,361.791,1220.132,1,4,compressed_ring_ar
1778546693.0881312,11,95,1.088298,113.9,285.228,1122.595,1,4,compressed_ring_ar
1778546694.5715861,11,96,1.182483,89.02,347.418,1431.092,1,4,compressed_ring_ar
1778546695.7106864,11,97,1.314081,76.71,273.34,1086.0,1,4,compressed_ring_ar
1778546707.1837127,12,0,1.191698,94.25,331.768,1351.915,1,4,compressed_ring_ar
1778546708.5791957,12,1,1.145933,94.33,208.827,1353.173,1,4,compressed_ring_ar
1778546709.861074,12,2,1.02774,102.87,220.948,1239.099,1,4,compressed_ring_ar
1778546711.163109,12,3,1.106258,101.56,189.92,1255.017,1,4,compressed_ring_ar
1778546712.5640142,12,4,1.211262,94.42,223.052,1347.694,1,4,compressed_ring_ar
1778546713.8769035,12,5,1.082958,101.1,331.604,1258.984,1,4,compressed_ring_ar
1778546715.2426226,12,6,1.184716,96.72,317.134,1316.661,1,4,compressed_ring_ar
1778546716.7845073,12,7,1.136789,85.5,331.134,1494.933,1,4,compressed_ring_ar
1778546718.29195,12,8,1.319624,88.44,214.176,1437.728,1,4,compressed_ring_ar
1778546719.6182752,12,9,1.009756,99.46,368.78,1278.267,1,4,compressed_ring_ar
1778546720.9490454,12,10,0.9998,98.99,206.107,1288.299,1,4,compressed_ring_ar
1778546722.3006146,12,11,1.227863,97.55,199.751,1307.784,1,4,compressed_ring_ar
1778546723.607451,12,12,1.127062,102.0,217.807,1253.313,1,4,compressed_ring_ar
1778546725.0393965,12,13,1.300741,91.97,569.446,1386.892,1,4,compressed_ring_ar
1778546726.2977057,12,14,1.213655,110.24,183.259,1159.748,1,4,compressed_ring_ar
1778546727.7563925,12,15,1.225417,91.32,218.864,1397.029,1,4,compressed_ring_ar
1778546728.9786153,12,16,1.104196,108.55,209.779,1174.86,1,4,compressed_ring_ar
1778546730.2665503,12,17,1.060123,102.39,213.351,1247.598,1,4,compressed_ring_ar
1778546731.5905566,12,18,1.167148,100.1,193.724,1276.185,1,4,compressed_ring_ar
1778546732.814716,12,19,1.29107,110.0,180.892,1162.215,1,4,compressed_ring_ar
1778546734.2632897,12,20,1.306618,91.0,222.561,1402.23,1,4,compressed_ring_ar
1778546735.5139592,12,21,1.130219,105.78,222.776,1205.472,1,4,compressed_ring_ar
1778546736.7223098,12,22,1.272511,113.54,199.059,1125.184,1,4,compressed_ring_ar
1778546737.9736254,12,23,1.085494,107.6,210.857,1184.338,1,4,compressed_ring_ar
1778546739.3395824,12,24,1.096781,96.23,346.479,1323.191,1,4,compressed_ring_ar
1778546740.5755255,12,25,1.161618,106.74,213.945,1194.515,1,4,compressed_ring_ar
1778546741.8547006,12,26,1.111582,102.84,342.845,1238.805,1,4,compressed_ring_ar
1778546743.1936433,12,27,1.072693,98.96,215.732,1288.955,1,4,compressed_ring_ar
1778546744.4484603,12,28,1.186681,105.24,199.465,1213.702,1,4,compressed_ring_ar
1778546745.7879083,12,29,1.215235,98.43,355.049,1297.633,1,4,compressed_ring_ar
1778546747.196748,12,30,1.143993,93.32,427.32,1370.244,1,4,compressed_ring_ar
1778546748.8400636,12,31,1.238903,81.79,286.596,1563.551,1,4,compressed_ring_ar
1778546750.4262805,12,32,1.1005,82.87,174.728,1541.911,1,4,compressed_ring_ar
1778546751.8828526,12,33,1.103971,90.13,447.598,1418.183,1,4,compressed_ring_ar
1778546753.3675156,12,34,1.352332,88.91,543.898,1438.176,1,4,compressed_ring_ar
1778546754.6457186,12,35,1.147473,104.85,174.808,1219.602,1,4,compressed_ring_ar
1778546756.03835,12,36,1.227325,95.93,422.03,1332.914,1,4,compressed_ring_ar
1778546757.497944,12,37,1.165226,90.32,198.572,1413.562,1,4,compressed_ring_ar
1778546758.8340616,12,38,1.091376,98.44,302.812,1298.904,1,4,compressed_ring_ar
1778546760.134686,12,39,1.136181,102.11,222.032,1249.484,1,4,compressed_ring_ar
1778546761.322208,12,40,1.095119,112.02,276.72,1140.731,1,4,compressed_ring_ar
1778546762.7208607,12,41,1.266334,95.28,470.694,1338.707,1,4,compressed_ring_ar
1778546763.9690876,12,42,1.418858,107.45,252.902,1186.559,1,4,compressed_ring_ar
1778546765.28481,12,43,1.191211,99.95,331.891,1277.608,1,4,compressed_ring_ar
1778546766.723413,12,44,1.18077,91.54,459.763,1396.978,1,4,compressed_ring_ar
1778546768.131365,12,45,1.08476,93.82,362.355,1357.845,1,4,compressed_ring_ar
1778546769.6443207,12,46,1.336588,86.61,217.231,1473.274,1,4,compressed_ring_ar
1778546770.8978188,12,47,1.032117,106.09,204.894,1202.457,1,4,compressed_ring_ar
1778546772.3396363,12,48,1.177252,91.84,248.736,1388.394,1,4,compressed_ring_ar
1778546773.6416092,12,49,1.178967,103.7,192.716,1229.261,1,4,compressed_ring_ar
1778546774.8879323,12,50,1.253798,105.83,299.725,1204.963,1,4,compressed_ring_ar
1778546776.2706635,12,51,1.036897,95.39,191.601,1340.554,1,4,compressed_ring_ar
1778546777.631096,12,52,1.261211,97.34,200.944,1311.13,1,4,compressed_ring_ar
1778546778.8694198,12,53,1.313171,106.52,287.111,1194.873,1,4,compressed_ring_ar
1778546780.2539997,12,54,1.21428,96.31,281.18,1327.711,1,4,compressed_ring_ar
1778546781.6664412,12,55,1.149803,94.6,196.474,1351.613,1,4,compressed_ring_ar
1778546782.886351,12,56,1.076056,111.67,349.926,1144.824,1,4,compressed_ring_ar
1778546784.2720811,12,57,1.06894,95.23,233.048,1338.882,1,4,compressed_ring_ar
1778546785.6831706,12,58,1.126995,93.48,235.661,1364.389,1,4,compressed_ring_ar
1778546786.9715817,12,59,1.243233,102.46,216.992,1244.668,1,4,compressed_ring_ar
1778546788.2781014,12,60,1.203015,101.04,236.873,1263.523,1,4,compressed_ring_ar
1778546789.5466173,12,61,1.216385,104.46,221.284,1223.516,1,4,compressed_ring_ar
1778546790.8812163,12,62,1.088379,100.55,371.289,1267.309,1,4,compressed_ring_ar
1778546792.2361228,12,63,1.187799,99.81,243.031,1276.708,1,4,compressed_ring_ar
1778546793.4251173,12,64,1.463705,111.22,236.77,1145.978,1,4,compressed_ring_ar
1778546794.6129303,12,65,1.159585,112.16,131.59,1139.984,1,4,compressed_ring_ar
1778546796.0333743,12,66,1.153864,96.01,679.558,1327.166,1,4,compressed_ring_ar
1778546797.1790488,12,67,1.192672,115.71,352.827,1100.704,1,4,compressed_ring_ar
1778546798.3484182,12,68,1.211666,112.82,317.818,1130.892,1,4,compressed_ring_ar
1778546799.7383971,12,69,1.196267,95.48,204.682,1333.968,1,4,compressed_ring_ar
1778546801.113456,12,70,1.306883,97.79,242.213,1307.734,1,4,compressed_ring_ar
1778546802.5675,12,71,1.179881,92.4,173.113,1383.709,1,4,compressed_ring_ar
1778546803.8732495,12,72,1.10833,101.99,281.133,1247.988,1,4,compressed_ring_ar
1778546805.1617007,12,73,1.150437,102.5,221.603,1244.261,1,4,compressed_ring_ar
1778546806.3939111,12,74,1.082533,106.81,307.905,1191.401,1,4,compressed_ring_ar
1778546807.6561038,12,75,1.036894,104.72,207.733,1220.934,1,4,compressed_ring_ar
1778546808.9147081,12,76,1.007579,106.34,209.369,1197.965,1,4,compressed_ring_ar
1778546810.1980348,12,77,1.096225,103.99,196.602,1229.437,1,4,compressed_ring_ar
1778546811.7551723,12,78,1.22903,84.85,331.549,1507.469,1,4,compressed_ring_ar
1778546813.3022313,12,79,1.093796,86.47,253.385,1475.641,1,4,compressed_ring_ar
1778546814.6235895,12,80,1.092198,99.69,362.882,1276.676,1,4,compressed_ring_ar
1778546815.7675426,12,81,1.100649,116.55,273.315,1093.769,1,4,compressed_ring_ar
1778546817.0059483,12,82,1.099329,107.27,196.494,1191.933,1,4,compressed_ring_ar
1778546818.2364473,12,83,1.171885,109.6,229.929,1163.538,1,4,compressed_ring_ar
1778546819.5630744,12,84,1.173297,100.78,213.537,1265.567,1,4,compressed_ring_ar
1778546820.8175795,12,85,1.023337,105.34,170.116,1210.155,1,4,compressed_ring_ar
1778546822.0723171,12,86,1.327625,106.91,199.736,1190.135,1,4,compressed_ring_ar
1778546823.3933709,12,87,1.069663,99.55,266.308,1284.43,1,4,compressed_ring_ar
1778546824.7514622,12,88,1.121053,98.15,194.496,1299.758,1,4,compressed_ring_ar
1778546826.0359476,12,89,1.068178,102.51,215.678,1243.597,1,4,compressed_ring_ar
1778546827.279457,12,90,1.162064,105.89,363.286,1206.434,1,4,compressed_ring_ar
1778546828.636841,12,91,1.142774,97.49,361.657,1311.037,1,4,compressed_ring_ar
1778546829.974426,12,92,1.075048,98.93,252.661,1291.373,1,4,compressed_ring_ar
1778546831.1039505,12,93,1.339446,119.19,232.226,1069.029,1,4,compressed_ring_ar
1778546832.449771,12,94,1.303382,97.79,376.208,1304.534,1,4,compressed_ring_ar
1778546833.895378,12,95,1.128429,91.61,230.202,1394.202,1,4,compressed_ring_ar
1778546835.3015661,12,96,1.074836,97.34,145.075,1313.812,1,4,compressed_ring_ar
1778546836.7090836,12,97,0.807284,61.51,424.669,1360.578,1,4,compressed_ring_ar
1778546848.3504424,13,0,1.339303,90.23,175.318,1417.306,1,4,compressed_ring_ar
1778546849.7770815,13,1,1.080583,92.81,216.302,1373.683,1,4,compressed_ring_ar
1778546851.1051185,13,2,1.157283,100.22,419.815,1273.083,1,4,compressed_ring_ar
1778546852.6446712,13,3,1.208037,85.52,201.813,1495.291,1,4,compressed_ring_ar
1778546854.1139758,13,4,1.237339,90.61,191.135,1409.44,1,4,compressed_ring_ar
1778546855.6280885,13,5,1.251767,87.45,349.792,1462.384,1,4,compressed_ring_ar
1778546857.0219805,13,6,1.049096,95.52,280.805,1337.043,1,4,compressed_ring_ar
1778546858.4448335,13,7,1.160651,92.27,549.716,1382.76,1,4,compressed_ring_ar
1778546859.7584631,13,8,1.272895,100.17,223.319,1276.508,1,4,compressed_ring_ar
1778546861.0901158,13,9,1.191429,100.03,200.377,1274.923,1,4,compressed_ring_ar
1778546862.400894,13,10,1.358105,101.2,228.284,1258.163,1,4,compressed_ring_ar
1778546863.8319755,13,11,1.2794,92.63,327.072,1380.593,1,4,compressed_ring_ar
1778546864.959202,13,12,1.231946,123.36,192.068,1036.155,1,4,compressed_ring_ar
1778546866.3396728,13,13,1.113075,95.2,278.902,1337.401,1,4,compressed_ring_ar
1778546867.6636233,13,14,1.017662,100.3,181.298,1274.806,1,4,compressed_ring_ar
1778546868.9561734,13,15,1.026053,102.39,220.431,1244.632,1,4,compressed_ring_ar
1778546870.3335817,13,16,1.133228,95.39,228.589,1337.454,1,4,compressed_ring_ar
1778546871.5929818,13,17,1.247036,104.94,224.599,1218.608,1,4,compressed_ring_ar
1778546872.9702516,13,18,1.036555,97.29,201.405,1311.144,1,4,compressed_ring_ar
1778546874.190602,13,19,1.020566,109.56,186.154,1166.537,1,4,compressed_ring_ar
1778546875.4850364,13,20,1.07,102.41,227.511,1248.424,1,4,compressed_ring_ar
1778546876.8585756,13,21,1.05228,96.22,307.159,1324.326,1,4,compressed_ring_ar
1778546878.2009408,13,22,1.291466,98.91,187.561,1291.983,1,4,compressed_ring_ar
1778546879.5779705,13,23,1.231273,96.35,274.45,1326.164,1,4,compressed_ring_ar
1778546880.8889613,13,24,1.136874,101.87,306.896,1255.14,1,4,compressed_ring_ar
1778546882.4026768,13,25,1.090608,87.54,596.074,1458.145,1,4,compressed_ring_ar
1778546883.7059,13,26,1.123572,102.5,232.187,1244.254,1,4,compressed_ring_ar
1778546885.0698256,13,27,1.28542,96.52,202.465,1321.814,1,4,compressed_ring_ar
1778546886.471518,13,28,1.308112,94.09,233.381,1353.83,1,4,compressed_ring_ar
1778546887.5818677,13,29,1.131314,121.17,223.64,1050.528,1,4,compressed_ring_ar
1778546888.893797,13,30,1.108808,100.62,238.309,1266.755,1,4,compressed_ring_ar
1778546890.2154222,13,31,1.149902,100.34,194.546,1267.382,1,4,compressed_ring_ar
1778546891.7766109,13,32,1.097927,84.27,278.656,1517.66,1,4,compressed_ring_ar
1778546893.1339207,13,33,1.022055,98.35,204.598,1296.409,1,4,compressed_ring_ar
1778546894.4888744,13,34,1.152558,97.22,204.55,1311.766,1,4,compressed_ring_ar
1778546895.754135,13,35,1.231589,104.98,211.251,1214.662,1,4,compressed_ring_ar
1778546897.1136563,13,36,1.199898,97.18,248.807,1312.535,1,4,compressed_ring_ar
1778546898.4510343,13,37,1.067894,102.24,180.456,1246.779,1,4,compressed_ring_ar
1778546899.8623533,13,38,1.209546,93.42,447.995,1365.412,1,4,compressed_ring_ar
1778546901.0304732,13,39,1.277548,112.71,329.813,1131.356,1,4,compressed_ring_ar
1778546902.3763523,13,40,1.331643,99.12,307.798,1286.727,1,4,compressed_ring_ar
1778546903.6601224,13,41,1.18677,102.83,320.742,1239.479,1,4,compressed_ring_ar
1778546904.8780358,13,42,0.969722,108.31,349.493,1176.918,1,4,compressed_ring_ar
1778546906.0545716,13,43,1.08574,112.17,388.376,1137.116,1,4,compressed_ring_ar
1778546907.4130762,13,44,1.241993,96.91,288.843,1312.601,1,4,compressed_ring_ar
1778546908.672119,13,45,1.222695,105.25,200.055,1211.415,1,4,compressed_ring_ar
1778546909.9324367,13,46,1.053427,104.47,365.226,1220.943,1,4,compressed_ring_ar
1778546911.1183755,13,47,1.075555,112.26,140.979,1139.029,1,4,compressed_ring_ar
1778546912.4496164,13,48,1.074946,101.67,451.38,1255.099,1,4,compressed_ring_ar
1778546913.742233,13,49,1.00485,102.09,196.953,1248.622,1,4,compressed_ring_ar
1778546914.9216847,13,50,1.117857,111.71,320.295,1141.909,1,4,compressed_ring_ar
1778546916.233617,13,51,1.268978,101.02,199.345,1262.822,1,4,compressed_ring_ar
1778546917.4970524,13,52,1.132702,105.2,213.358,1212.311,1,4,compressed_ring_ar
1778546918.756408,13,53,1.140228,105.52,201.454,1208.635,1,4,compressed_ring_ar
1778546920.2037647,13,54,1.201769,91.91,249.357,1385.597,1,4,compressed_ring_ar
1778546921.4658074,13,55,1.046936,106.79,273.188,1195.797,1,4,compressed_ring_ar
1778546923.0280836,13,56,1.11532,84.66,242.05,1510.307,1,4,compressed_ring_ar
1778546924.2673163,13,57,0.983548,111.04,184.439,1151.36,1,4,compressed_ring_ar
1778546925.5804904,13,58,0.959147,100.22,185.537,1273.301,1,4,compressed_ring_ar
1778546926.8756945,13,59,1.25544,101.77,202.593,1251.402,1,4,compressed_ring_ar
1778546928.1172903,13,60,1.095618,106.18,194.991,1201.203,1,4,compressed_ring_ar
1778546929.5170069,13,61,1.325878,94.59,192.23,1346.548,1,4,compressed_ring_ar
1778546930.9024835,13,62,1.376071,95.49,211.478,1334.401,1,4,compressed_ring_ar
1778546932.2563047,13,63,1.156918,97.83,560.685,1304.234,1,4,compressed_ring_ar
1778546933.5312047,13,64,1.018643,103.96,191.716,1226.337,1,4,compressed_ring_ar
1778546934.8239443,13,65,1.158571,102.71,298.087,1241.058,1,4,compressed_ring_ar
1778546936.0486088,13,66,1.024168,107.76,184.42,1181.255,1,4,compressed_ring_ar
1778546937.3343675,13,67,1.133917,102.59,204.249,1240.158,1,4,compressed_ring_ar
1778546938.663425,13,68,1.136831,99.41,218.234,1282.904,1,4,compressed_ring_ar
1778546940.1663222,13,69,1.054379,88.01,224.164,1453.097,1,4,compressed_ring_ar
1778546941.4290943,13,70,1.006366,105.85,184.526,1206.834,1,4,compressed_ring_ar
1778546942.873163,13,71,1.295451,91.32,376.291,1400.63,1,4,compressed_ring_ar
1778546944.0151477,13,72,1.246801,117.48,184.823,1085.314,1,4,compressed_ring_ar
1778546945.382608,13,73,1.161096,96.15,201.367,1329.886,1,4,compressed_ring_ar
1778546946.668802,13,74,1.201654,103.48,132.842,1235.945,1,4,compressed_ring_ar
1778546948.092888,13,75,1.151098,94.94,711.899,1343.555,1,4,compressed_ring_ar
1778546949.4141152,13,76,0.991946,99.89,240.103,1280.014,1,4,compressed_ring_ar
1778546950.7210164,13,77,1.137857,102.96,203.004,1238.591,1,4,compressed_ring_ar
1778546951.9811695,13,78,0.945206,104.99,222.233,1217.956,1,4,compressed_ring_ar
1778546953.3797047,13,79,1.271416,94.44,218.999,1354.026,1,4,compressed_ring_ar
1778546954.8057384,13,80,1.14263,92.98,243.623,1375.443,1,4,compressed_ring_ar
1778546956.159849,13,81,1.108422,99.53,201.842,1284.839,1,4,compressed_ring_ar
1778546957.562312,13,82,1.183176,94.3,195.341,1349.796,1,4,compressed_ring_ar
1778546958.8496413,13,83,1.44386,102.4,309.84,1245.123,1,4,compressed_ring_ar
1778546960.13031,13,84,1.095353,104.61,299.101,1220.201,1,4,compressed_ring_ar
1778546961.543826,13,85,1.095631,93.05,370.566,1374.161,1,4,compressed_ring_ar
1778546962.8921404,13,86,1.037033,97.53,374.436,1307.849,1,4,compressed_ring_ar
1778546964.2895386,13,87,1.143694,94.45,294.915,1350.473,1,4,compressed_ring_ar
1778546965.6158526,13,88,1.199314,100.14,216.718,1273.687,1,4,compressed_ring_ar
1778546967.0135128,13,89,0.979481,94.52,328.032,1346.911,1,4,compressed_ring_ar
1778546968.251382,13,90,1.314833,106.77,202.447,1197.094,1,4,compressed_ring_ar
1778546969.527878,13,91,0.995506,103.56,199.974,1232.17,1,4,compressed_ring_ar
1778546970.8133664,13,92,0.935966,102.9,195.013,1241.352,1,4,compressed_ring_ar
1778546972.201255,13,93,1.263596,97.52,261.434,1302.772,1,4,compressed_ring_ar
1778546973.3049588,13,94,1.112625,119.57,196.121,1069.254,1,4,compressed_ring_ar
1778546974.658057,13,95,1.149223,97.98,251.238,1300.167,1,4,compressed_ring_ar
1778546975.981255,13,96,1.062112,99.98,215.151,1275.298,1,4,compressed_ring_ar
1778546977.2117717,13,97,1.202415,70.65,218.152,1180.238,1,4,compressed_ring_ar
1778546988.8028176,14,0,1.06401,92.83,417.749,1375.994,1,4,compressed_ring_ar
1778546990.1515455,14,1,1.267583,98.84,205.485,1288.418,1,4,compressed_ring_ar
1778546991.4279952,14,2,1.140321,103.82,313.559,1228.235,1,4,compressed_ring_ar
1778546992.9322057,14,3,1.065738,88.35,195.767,1444.115,1,4,compressed_ring_ar
1778546994.191998,14,4,1.10386,106.58,293.455,1193.91,1,4,compressed_ring_ar
1778546995.6000586,14,5,1.162217,95.96,204.85,1329.909,1,4,compressed_ring_ar
1778546997.0208616,14,6,1.062381,94.21,302.166,1357.911,1,4,compressed_ring_ar
1778546998.4195962,14,7,1.16943,95.3,197.758,1341.897,1,4,compressed_ring_ar
1778546999.755906,14,8,1.310473,100.02,277.67,1272.428,1,4,compressed_ring_ar
1778547001.0525625,14,9,1.148476,102.61,229.751,1241.341,1,4,compressed_ring_ar
1778547002.3995786,14,10,1.007552,98.36,242.368,1293.965,1,4,compressed_ring_ar
1778547003.6464195,14,11,1.101541,105.7,199.036,1206.942,1,4,compressed_ring_ar
1778547004.8631434,14,12,1.004969,108.18,377.124,1176.865,1,4,compressed_ring_ar
1778547006.2138155,14,13,1.200886,98.2,219.988,1299.279,1,4,compressed_ring_ar
1778547007.2596374,14,14,0.988573,130.74,150.787,977.936,1,4,compressed_ring_ar
1778547008.6995735,14,15,1.185251,94.36,521.677,1355.096,1,4,compressed_ring_ar
1778547010.048638,14,16,1.058337,98.16,335.122,1297.327,1,4,compressed_ring_ar
1778547011.4154093,14,17,1.077317,96.71,196.59,1318.497,1,4,compressed_ring_ar
1778547012.9896796,14,18,1.207694,83.94,322.187,1520.065,1,4,compressed_ring_ar
1778547014.2393181,14,19,1.034109,109.88,211.33,1163.177,1,4,compressed_ring_ar
1778547015.6278117,14,20,1.153718,95.05,197.654,1342.017,1,4,compressed_ring_ar
1778547016.89907,14,21,1.32328,103.91,230.084,1228.767,1,4,compressed_ring_ar
1778547018.367413,14,22,1.061082,89.35,510.368,1430.607,1,4,compressed_ring_ar
1778547019.7453392,14,23,1.009259,96.24,490.046,1324.648,1,4,compressed_ring_ar
1778547020.9961433,14,24,1.046228,105.93,193.017,1203.923,1,4,compressed_ring_ar
1778547022.51621,14,25,1.129334,86.41,224.247,1473.532,1,4,compressed_ring_ar
1778547023.7242181,14,26,1.249925,110.32,228.755,1158.17,1,4,compressed_ring_ar
1778547025.1166077,14,27,1.083518,94.69,217.937,1350.364,1,4,compressed_ring_ar
1778547026.423965,14,28,1.105635,100.88,203.546,1263.314,1,4,compressed_ring_ar
1778547027.6672673,14,29,1.28477,108.16,228.706,1176.032,1,4,compressed_ring_ar
1778547029.05985,14,30,1.058831,94.31,216.584,1355.853,1,4,compressed_ring_ar
1778547030.483974,14,31,1.178722,93.14,176.301,1372.406,1,4,compressed_ring_ar
1778547031.8086925,14,32,1.152834,100.9,237.067,1266.183,1,4,compressed_ring_ar
1778547033.196386,14,33,1.120462,96.65,310.645,1317.054,1,4,compressed_ring_ar
1778547034.3723161,14,34,1.042771,112.36,218.731,1136.66,1,4,compressed_ring_ar
1778547035.7086766,14,35,0.999173,98.77,371.184,1288.547,1,4,compressed_ring_ar
1778547036.9061296,14,36,1.288603,111.09,236.357,1148.43,1,4,compressed_ring_ar
1778547038.1527488,14,37,1.159087,105.74,197.836,1206.584,1,4,compressed_ring_ar
1778547039.4357781,14,38,1.335768,103.09,200.167,1237.564,1,4,compressed_ring_ar
1778547040.6744044,14,39,1.063998,107.1,182.259,1193.731,1,4,compressed_ring_ar
1778547041.9969685,14,40,1.213572,100.45,241.755,1268.785,1,4,compressed_ring_ar
1778547043.1479611,14,41,1.10981,115.17,383.155,1106.601,1,4,compressed_ring_ar
1778547044.479312,14,42,1.104478,99.07,199.409,1287.439,1,4,compressed_ring_ar
1778547045.7760558,14,43,1.216871,101.96,271.813,1251.147,1,4,compressed_ring_ar
1778547047.0483944,14,44,1.08464,104.47,191.593,1217.795,1,4,compressed_ring_ar
1778547048.3708298,14,45,1.063934,100.42,208.803,1270.637,1,4,compressed_ring_ar
1778547049.675243,14,46,1.169607,107.91,188.662,1178.637,1,4,compressed_ring_ar
1778547051.0023005,14,47,1.308335,99.91,206.708,1277.335,1,4,compressed_ring_ar
1778547052.3372362,14,48,1.219175,100.04,317.484,1275.304,1,4,compressed_ring_ar
1778547053.6700473,14,49,1.115185,102.14,233.354,1248.776,1,4,compressed_ring_ar
1778547054.911188,14,50,1.213478,107.63,200.909,1184.846,1,4,compressed_ring_ar
1778547056.2041492,14,51,1.250681,101.7,266.252,1254.646,1,4,compressed_ring_ar
1778547057.5141132,14,52,1.235094,100.8,199.018,1263.901,1,4,compressed_ring_ar
1778547058.8210707,14,53,1.0779,100.96,333.603,1263.716,1,4,compressed_ring_ar
1778547060.1108859,14,54,1.101626,103.83,189.124,1228.211,1,4,compressed_ring_ar
1778547061.419265,14,55,1.094766,101.96,260.27,1250.026,1,4,compressed_ring_ar
1778547062.715769,14,56,1.131668,103.59,204.15,1232.379,1,4,compressed_ring_ar
1778547064.0158672,14,57,1.173604,101.6,240.256,1253.979,1,4,compressed_ring_ar
1778547065.272326,14,58,1.133447,106.06,246.962,1197.786,1,4,compressed_ring_ar
1778547066.6202374,14,59,1.04382,98.21,238.213,1299.375,1,4,compressed_ring_ar
1778547067.875642,14,60,1.106642,105.35,229.633,1213.568,1,4,compressed_ring_ar
1778547069.226124,14,61,1.149141,98.05,188.921,1298.512,1,4,compressed_ring_ar
1778547070.476109,14,62,1.187206,105.91,240.913,1202.796,1,4,compressed_ring_ar
1778547071.7376463,14,63,1.090875,104.51,154.163,1222.251,1,4,compressed_ring_ar
1778547073.0767674,14,64,1.104147,98.91,444.699,1292.687,1,4,compressed_ring_ar
1778547074.3849657,14,65,1.080154,101.67,216.457,1255.203,1,4,compressed_ring_ar
1778547075.5013194,14,66,1.18362,119.34,177.831,1071.372,1,4,compressed_ring_ar
1778547076.8326902,14,67,1.186374,102.03,649.547,1249.863,1,4,compressed_ring_ar
1778547078.108126,14,68,1.165808,104.53,211.596,1221.711,1,4,compressed_ring_ar
1778547079.6998558,14,69,1.270545,82.36,464.443,1549.5,1,4,compressed_ring_ar
1778547081.0548582,14,70,1.076398,97.0,216.701,1317.488,1,4,compressed_ring_ar
1778547082.3440914,14,71,1.073721,103.39,208.529,1236.57,1,4,compressed_ring_ar
1778547083.7099202,14,72,1.048953,96.56,231.08,1324.12,1,4,compressed_ring_ar
1778547085.043642,14,73,1.066569,99.57,229.919,1284.167,1,4,compressed_ring_ar
1778547086.5261278,14,74,1.269489,89.52,250.098,1428.464,1,4,compressed_ring_ar
1778547087.8640656,14,75,1.179546,100.22,219.232,1275.218,1,4,compressed_ring_ar
1778547089.250961,14,76,1.063707,96.98,293.003,1313.992,1,4,compressed_ring_ar
1778547090.5330539,14,77,1.184186,102.46,276.479,1244.622,1,4,compressed_ring_ar
1778547091.7439797,14,78,0.934197,109.75,251.548,1161.882,1,4,compressed_ring_ar
1778547093.128989,14,79,1.179039,96.72,245.218,1319.267,1,4,compressed_ring_ar
1778547094.4349868,14,80,1.020059,102.34,241.135,1245.807,1,4,compressed_ring_ar
1778547095.8009865,14,81,1.08277,97.2,197.501,1310.969,1,4,compressed_ring_ar
1778547097.0278044,14,82,0.894204,107.45,286.693,1189.915,1,4,compressed_ring_ar
1778547098.3718915,14,83,1.175914,98.48,339.879,1294.293,1,4,compressed_ring_ar
1778547099.6513665,14,84,1.157989,103.18,186.51,1236.034,1,4,compressed_ring_ar
1778547100.9099786,14,85,0.974031,104.67,276.288,1215.721,1,4,compressed_ring_ar
1778547102.2771838,14,86,0.991524,96.12,365.847,1327.822,1,4,compressed_ring_ar
1778547103.5726922,14,87,1.16925,101.85,298.94,1252.3,1,4,compressed_ring_ar
1778547105.175544,14,88,1.113482,82.89,203.137,1542.8,1,4,compressed_ring_ar
1778547106.49988,14,89,1.304563,101.25,180.105,1262.088,1,4,compressed_ring_ar
1778547107.8867183,14,90,0.999359,94.73,486.81,1349.765,1,4,compressed_ring_ar
1778547109.2073348,14,91,1.055181,100.23,256.485,1275.669,1,4,compressed_ring_ar
1778547110.5091221,14,92,1.202389,101.8,234.724,1252.757,1,4,compressed_ring_ar
1778547111.8035517,14,93,1.129991,102.19,180.447,1249.513,1,4,compressed_ring_ar
1778547113.314552,14,94,1.076005,87.85,599.451,1452.426,1,4,compressed_ring_ar
1778547114.6443412,14,95,1.213636,99.6,215.883,1281.17,1,4,compressed_ring_ar
1778547115.9048095,14,96,0.980476,104.76,218.167,1220.298,1,4,compressed_ring_ar
1778547117.2895904,14,97,1.18427,62.39,417.903,1339.106,1,4,compressed_ring_ar
1778547128.9108036,15,0,1.164698,90.66,528.257,1404.76,1,4,compressed_ring_ar
1778547130.0953314,15,1,1.1791,112.68,215.807,1132.554,1,4,compressed_ring_ar
1778547131.3998444,15,2,1.076569,101.09,233.75,1261.727,1,4,compressed_ring_ar
1778547132.6298542,15,3,1.082898,107.44,147.131,1190.506,1,4,compressed_ring_ar
1778547133.9924307,15,4,1.104377,98.05,473.058,1300.345,1,4,compressed_ring_ar
1778547135.223096,15,5,1.023903,107.72,317.226,1183.133,1,4,compressed_ring_ar
1778547136.5423872,15,6,1.290959,100.03,207.643,1278.164,1,4,compressed_ring_ar
1778547137.8515239,15,7,1.244388,101.15,165.749,1264.596,1,4,compressed_ring_ar
1778547139.2347972,15,8,1.145024,97.76,476.043,1302.725,1,4,compressed_ring_ar
1778547140.4090295,15,9,1.050261,113.94,178.686,1116.583,1,4,compressed_ring_ar
1778547141.8404317,15,10,1.087025,91.78,312.817,1389.589,1,4,compressed_ring_ar
1778547143.1836824,15,11,1.033728,99.74,532.136,1277.067,1,4,compressed_ring_ar
1778547144.4188032,15,12,1.326639,111.0,322.537,1150.508,1,4,compressed_ring_ar
1778547145.6056924,15,13,1.065028,116.43,253.689,1094.109,1,4,compressed_ring_ar
1778547146.8516357,15,14,1.204729,106.69,312.281,1194.533,1,4,compressed_ring_ar
1778547148.139914,15,15,1.221227,102.2,363.072,1250.85,1,4,compressed_ring_ar
1778547149.5909069,15,16,1.048443,91.66,459.855,1393.558,1,4,compressed_ring_ar
1778547150.8916624,15,17,1.128359,103.31,237.515,1237.76,1,4,compressed_ring_ar
1778547152.3406703,15,18,1.072317,90.96,199.317,1405.866,1,4,compressed_ring_ar
1778547153.678288,15,19,1.040242,98.71,223.243,1291.668,1,4,compressed_ring_ar
1778547154.947332,15,20,1.251834,104.96,220.743,1217.289,1,4,compressed_ring_ar
1778547156.2784274,15,21,1.059333,99.05,192.816,1287.424,1,4,compressed_ring_ar
1778547157.6089928,15,22,1.269317,99.5,201.859,1280.155,1,4,compressed_ring_ar
1778547158.910651,15,23,1.083856,101.42,192.219,1256.938,1,4,compressed_ring_ar
1778547160.162341,15,24,1.124725,106.31,353.477,1198.268,1,4,compressed_ring_ar
1778547161.4541154,15,25,1.099783,102.18,195.372,1251.3,1,4,compressed_ring_ar
1778547162.892258,15,26,1.023382,91.46,239.488,1398.088,1,4,compressed_ring_ar
1778547164.2398875,15,27,0.999938,98.59,203.486,1291.496,1,4,compressed_ring_ar
1778547165.4929154,15,28,1.041889,106.04,246.182,1203.504,1,4,compressed_ring_ar
1778547166.7627363,15,29,0.939906,104.54,185.273,1219.793,1,4,compressed_ring_ar
1778547167.9952896,15,30,1.098035,106.88,290.687,1196.288,1,4,compressed_ring_ar
1778547169.316297,15,31,1.367592,99.97,201.355,1278.973,1,4,compressed_ring_ar
1778547170.7115412,15,32,1.00167,94.61,220.681,1351.595,1,4,compressed_ring_ar
1778547172.0221107,15,33,1.060429,101.52,194.689,1259.445,1,4,compressed_ring_ar
1778547173.5462868,15,34,1.035805,86.47,202.769,1476.493,1,4,compressed_ring_ar
1778547174.953645,15,35,1.166831,93.28,393.107,1366.67,1,4,compressed_ring_ar
1778547176.2682424,15,36,1.1635,100.42,200.548,1273.368,1,4,compressed_ring_ar
1778547177.832903,15,37,0.902228,84.69,262.243,1506.488,1,4,compressed_ring_ar
1778547179.1934326,15,38,1.03625,100.72,181.37,1268.663,1,4,compressed_ring_ar
1778547180.5250342,15,39,0.976278,99.31,247.643,1283.535,1,4,compressed_ring_ar
1778547181.9960291,15,40,1.139369,89.45,251.299,1429.385,1,4,compressed_ring_ar
1778547183.2221375,15,41,1.024444,109.58,248.304,1160.938,1,4,compressed_ring_ar
1778547184.4338305,15,42,1.107438,108.79,197.799,1172.766,1,4,compressed_ring_ar
1778547185.7215595,15,43,1.155988,102.88,245.862,1239.431,1,4,compressed_ring_ar
1778547186.9058995,15,44,1.209865,111.3,253.423,1140.982,1,4,compressed_ring_ar
1778547188.1580577,15,45,1.024562,106.65,198.522,1195.304,1,4,compressed_ring_ar
1778547189.422623,15,46,0.989386,104.64,265.129,1216.187,1,4,compressed_ring_ar
1778547190.6567268,15,47,1.144211,107.14,177.065,1193.577,1,4,compressed_ring_ar
1778547192.0377445,15,48,1.179942,97.3,474.396,1314.13,1,4,compressed_ring_ar
1778547193.500304,15,49,1.195978,90.36,359.554,1414.27,1,4,compressed_ring_ar
1778547194.8610032,15,50,1.140885,96.96,261.277,1318.806,1,4,compressed_ring_ar
1778547196.2724135,15,51,1.197234,93.75,398.602,1362.4,1,4,compressed_ring_ar
1778547197.5938194,15,52,1.21752,100.3,198.14,1273.796,1,4,compressed_ring_ar
1778547199.0274892,15,53,1.070557,91.77,203.5,1389.835,1,4,compressed_ring_ar
1778547200.1808476,15,54,0.913588,116.59,260.742,1096.448,1,4,compressed_ring_ar
1778547201.6162243,15,55,0.85052,91.81,215.142,1387.956,1,4,compressed_ring_ar
1778547203.2645485,15,56,0.905321,81.34,258.06,1566.361,1,4,compressed_ring_ar
1778547204.411319,15,57,1.117197,115.42,240.1,1105.353,1,4,compressed_ring_ar
1778547205.7977517,15,58,1.103604,94.84,245.888,1342.84,1,4,compressed_ring_ar
1778547207.0788572,15,59,1.03805,102.93,224.795,1241.558,1,4,compressed_ring_ar
1778547208.6092596,15,60,1.162065,86.79,432.672,1469.837,1,4,compressed_ring_ar
1778547209.7965071,15,61,1.114482,111.64,228.37,1139.657,1,4,compressed_ring_ar
1778547211.0508583,15,62,0.942495,106.23,243.412,1203.016,1,4,compressed_ring_ar
1778547212.4529033,15,63,1.024911,94.48,446.135,1346.353,1,4,compressed_ring_ar
1778547213.7519984,15,64,1.195525,101.31,219.699,1259.222,1,4,compressed_ring_ar
1778547215.1111681,15,65,1.147181,97.42,226.758,1309.088,1,4,compressed_ring_ar
1778547216.3089082,15,66,0.9986,110.57,380.267,1148.16,1,4,compressed_ring_ar
1778547217.5700336,15,67,1.137511,105.22,189.744,1211.003,1,4,compressed_ring_ar
1778547218.8236504,15,68,1.173297,107.34,203.449,1188.563,1,4,compressed_ring_ar
1778547220.2749135,15,69,1.110129,90.7,206.464,1406.774,1,4,compressed_ring_ar
1778547221.5208442,15,70,1.082885,106.03,210.392,1205.0,1,4,compressed_ring_ar
1778547222.786794,15,71,1.121466,105.04,282.809,1215.997,1,4,compressed_ring_ar
1778547224.3100948,15,72,0.988603,87.66,473.46,1459.108,1,4,compressed_ring_ar
1778547225.4956577,15,73,1.074091,115.51,200.625,1103.893,1,4,compressed_ring_ar
1778547226.842308,15,74,1.332788,97.85,195.038,1306.699,1,4,compressed_ring_ar
1778547228.1951091,15,75,0.989236,97.76,198.851,1304.179,1,4,compressed_ring_ar
1778547229.3166478,15,76,1.11017,118.07,350.43,1082.686,1,4,compressed_ring_ar
1778547230.8019652,15,77,1.070146,88.99,316.337,1430.948,1,4,compressed_ring_ar
1778547232.142992,15,78,1.152606,99.87,212.439,1279.494,1,4,compressed_ring_ar
1778547233.5563796,15,79,1.220503,93.18,233.65,1367.152,1,4,compressed_ring_ar
1778547234.8284166,15,80,1.104005,103.7,204.641,1231.807,1,4,compressed_ring_ar
1778547236.2502925,15,81,1.066547,92.48,479.995,1376.273,1,4,compressed_ring_ar
1778547237.6123574,15,82,1.292488,96.31,213.66,1321.542,1,4,compressed_ring_ar
1778547238.9934385,15,83,0.990209,95.38,210.543,1340.952,1,4,compressed_ring_ar
1778547240.4844043,15,84,1.112232,89.4,215.883,1426.15,1,4,compressed_ring_ar
1778547241.900782,15,85,1.124376,93.83,222.874,1359.729,1,4,compressed_ring_ar
1778547243.307699,15,86,1.215596,95.58,707.337,1336.872,1,4,compressed_ring_ar
1778547244.687622,15,87,1.186682,95.38,430.23,1335.463,1,4,compressed_ring_ar
1778547245.84421,15,88,1.029287,117.84,198.864,1080.744,1,4,compressed_ring_ar
1778547247.1181042,15,89,0.941401,106.21,232.613,1202.399,1,4,compressed_ring_ar
1778547248.5560045,15,90,1.186557,91.66,282.095,1392.495,1,4,compressed_ring_ar
1778547249.8793514,15,91,1.035399,99.48,245.375,1278.894,1,4,compressed_ring_ar
1778547251.1047897,15,92,1.167467,107.52,190.404,1185.181,1,4,compressed_ring_ar
1778547252.5080595,15,93,0.948505,94.73,182.722,1348.781,1,4,compressed_ring_ar
1778547253.838779,15,94,1.086387,100.0,449.636,1277.416,1,4,compressed_ring_ar
1778547255.1283736,15,95,0.890998,103.43,349.249,1235.439,1,4,compressed_ring_ar
1778547256.3789186,15,96,1.081157,107.67,191.566,1186.817,1,4,compressed_ring_ar
1778547257.7291176,15,97,1.051836,63.58,360.681,1315.72,1,4,compressed_ring_ar
1778547269.899961,16,0,1.209492,81.16,246.173,1572.569,1,4,compressed_ring_ar
1778547271.130865,16,1,1.117985,111.02,225.401,1151.569,1,4,compressed_ring_ar
1778547272.5449727,16,2,1.188531,93.22,308.057,1367.987,1,4,compressed_ring_ar
1778547273.832501,16,3,1.200081,105.71,222.261,1206.001,1,4,compressed_ring_ar
1778547275.0920737,16,4,1.067449,105.21,299.974,1209.181,1,4,compressed_ring_ar
1778547276.3662467,16,5,1.129433,103.47,208.828,1231.349,1,4,compressed_ring_ar
1778547277.658636,16,6,1.029181,102.17,204.659,1245.146,1,4,compressed_ring_ar
1778547279.0429132,16,7,0.970282,95.15,205.757,1343.883,1,4,compressed_ring_ar
1778547280.4255745,16,8,1.229162,95.33,335.269,1340.941,1,4,compressed_ring_ar
1778547281.8065922,16,9,1.223467,95.52,387.491,1337.526,1,4,compressed_ring_ar
1778547283.137565,16,10,1.153841,99.84,402.964,1277.86,1,4,compressed_ring_ar
1778547284.46784,16,11,1.103567,99.44,583.722,1280.368,1,4,compressed_ring_ar
1778547285.7443967,16,12,1.071152,103.23,225.256,1235.367,1,4,compressed_ring_ar
1778547287.078695,16,13,1.036374,99.05,203.318,1287.58,1,4,compressed_ring_ar
1778547288.5034437,16,14,1.115408,92.66,274.617,1373.802,1,4,compressed_ring_ar
1778547289.832256,16,15,0.862702,99.14,297.704,1285.477,1,4,compressed_ring_ar
1778547291.2672577,16,16,1.158717,92.86,232.533,1377.091,1,4,compressed_ring_ar
1778547292.6808052,16,17,1.082446,93.11,297.795,1369.77,1,4,compressed_ring_ar
1778547293.926639,16,18,1.067055,106.73,206.102,1192.136,1,4,compressed_ring_ar
1778547295.1419113,16,19,1.089773,109.07,179.549,1172.22,1,4,compressed_ring_ar
1778547296.4820046,16,20,1.223528,99.18,186.395,1286.896,1,4,compressed_ring_ar
1778547297.7671037,16,21,0.998941,103.69,211.519,1233.077,1,4,compressed_ring_ar
1778547299.047232,16,22,1.108507,103.68,216.775,1229.065,1,4,compressed_ring_ar
1778547300.3471408,16,23,1.059964,102.22,306.236,1245.874,1,4,compressed_ring_ar
1778547301.663431,16,24,1.188753,100.66,261.856,1265.192,1,4,compressed_ring_ar
1778547302.96319,16,25,1.094307,103.13,187.122,1239.826,1,4,compressed_ring_ar
1778547304.321141,16,26,1.141793,97.19,213.97,1312.75,1,4,compressed_ring_ar
1778547305.6672173,16,27,1.113795,97.9,195.268,1306.013,1,4,compressed_ring_ar
1778547306.986174,16,28,1.167794,100.75,218.105,1268.507,1,4,compressed_ring_ar
1778547308.380351,16,29,0.985245,95.09,213.19,1344.632,1,4,compressed_ring_ar
1778547309.9513383,16,30,1.072619,84.67,219.23,1510.45,1,4,compressed_ring_ar
1778547311.4628394,16,31,1.008698,87.96,205.363,1449.254,1,4,compressed_ring_ar
1778547312.9605548,16,32,1.044991,88.11,211.818,1448.074,1,4,compressed_ring_ar
1778547314.0803366,16,33,1.073267,123.08,210.486,1038.603,1,4,compressed_ring_ar
1778547315.4354715,16,34,1.07745,97.81,362.116,1303.91,1,4,compressed_ring_ar
1778547316.5879996,16,35,0.971125,115.59,200.629,1105.93,1,4,compressed_ring_ar
1778547318.0127082,16,36,1.17031,93.01,203.872,1369.582,1,4,compressed_ring_ar
1778547319.2537384,16,37,1.176178,108.71,210.989,1171.946,1,4,compressed_ring_ar
1778547320.601423,16,38,1.24344,98.09,282.959,1302.078,1,4,compressed_ring_ar
1778547321.855952,16,39,1.135205,107.99,270.318,1182.81,1,4,compressed_ring_ar
1778547323.2425559,16,40,1.117386,96.25,189.013,1325.547,1,4,compressed_ring_ar
1778547324.500364,16,41,1.078186,104.93,215.354,1215.184,1,4,compressed_ring_ar
1778547325.8065786,16,42,1.191578,101.55,199.103,1255.728,1,4,compressed_ring_ar
1778547327.1144228,16,43,1.029588,101.44,192.389,1259.94,1,4,compressed_ring_ar
1778547328.5284383,16,44,1.200842,93.2,213.206,1372.03,1,4,compressed_ring_ar
1778547329.9484859,16,45,1.106217,93.33,228.615,1368.518,1,4,compressed_ring_ar
1778547331.3205588,16,46,1.190191,95.87,453.735,1332.76,1,4,compressed_ring_ar
1778547332.6923168,16,47,1.261925,96.26,447.615,1324.485,1,4,compressed_ring_ar
1778547333.9730933,16,48,1.049506,103.52,227.006,1231.5,1,4,compressed_ring_ar
1778547335.199169,16,49,1.124072,107.76,204.434,1186.293,1,4,compressed_ring_ar
1778547336.5350935,16,50,1.145353,98.89,300.519,1292.979,1,4,compressed_ring_ar
1778547337.8087375,16,51,1.201718,105.44,345.452,1205.437,1,4,compressed_ring_ar
1778547339.080365,16,52,1.099537,103.58,195.012,1232.859,1,4,compressed_ring_ar
1778547340.4224205,16,53,0.952908,99.21,235.483,1288.887,1,4,compressed_ring_ar
1778547341.7528062,16,54,1.017901,99.67,187.949,1283.056,1,4,compressed_ring_ar
1778547343.1023736,16,55,1.297887,100.45,208.978,1269.351,1,4,compressed_ring_ar
1778547344.2470298,16,56,1.136915,116.95,229.375,1091.672,1,4,compressed_ring_ar
1778547345.5057323,16,57,1.144404,106.23,235.25,1201.968,1,4,compressed_ring_ar
1778547346.7739553,16,58,1.218071,105.07,349.479,1216.838,1,4,compressed_ring_ar
1778547348.1034868,16,59,0.968864,99.42,184.911,1286.357,1,4,compressed_ring_ar
1778547349.5525115,16,60,1.056138,90.49,541.651,1407.205,1,4,compressed_ring_ar
1778547350.8204532,16,61,1.027212,106.13,220.766,1201.566,1,4,compressed_ring_ar
1778547352.2120903,16,62,1.112259,94.74,204.875,1345.219,1,4,compressed_ring_ar
1778547353.3203146,16,63,1.177652,119.66,325.039,1065.296,1,4,compressed_ring_ar
1778547354.6608655,16,64,1.068347,98.11,337.002,1300.154,1,4,compressed_ring_ar
1778547355.9653192,16,65,0.99077,102.56,281.874,1243.853,1,4,compressed_ring_ar
1778547357.481709,16,66,1.026394,88.43,225.559,1446.143,1,4,compressed_ring_ar
1778547358.9995456,16,67,0.98173,88.04,230.877,1449.564,1,4,compressed_ring_ar
1778547360.323947,16,68,1.010407,99.66,376.414,1278.959,1,4,compressed_ring_ar
1778547361.6405838,16,69,1.234491,101.04,194.203,1262.965,1,4,compressed_ring_ar
1778547363.0927753,16,70,1.027372,90.77,159.996,1409.003,1,4,compressed_ring_ar
1778547364.4811149,16,71,1.086202,96.73,452.284,1315.654,1,4,compressed_ring_ar
1778547365.6771138,16,72,1.120579,110.49,145.464,1157.071,1,4,compressed_ring_ar
1778547367.2547565,16,73,1.061579,85.82,660.125,1490.076,1,4,compressed_ring_ar
1778547368.5441678,16,74,1.154386,103.23,189.499,1238.249,1,4,compressed_ring_ar
1778547369.8760386,16,75,1.293818,100.2,230.622,1276.13,1,4,compressed_ring_ar
1778547371.229853,16,76,1.076696,98.08,229.428,1300.431,1,4,compressed_ring_ar
1778547372.452673,16,77,0.970549,109.37,211.969,1165.353,1,4,compressed_ring_ar
1778547373.6722891,16,78,1.150182,108.52,309.493,1174.587,1,4,compressed_ring_ar
1778547375.0621471,16,79,1.04472,94.9,204.875,1347.464,1,4,compressed_ring_ar
1778547376.3497374,16,80,1.091895,102.5,338.539,1247.413,1,4,compressed_ring_ar
1778547377.6659315,16,81,1.165943,101.37,214.246,1253.89,1,4,compressed_ring_ar
1778547378.9483197,16,82,1.176696,102.69,193.961,1245.189,1,4,compressed_ring_ar
1778547380.3095071,16,83,1.133377,97.7,221.876,1305.591,1,4,compressed_ring_ar
1778547381.6368058,16,84,1.237593,99.18,199.501,1286.723,1,4,compressed_ring_ar
1778547382.972351,16,85,1.217739,99.08,200.249,1286.203,1,4,compressed_ring_ar
1778547384.3076582,16,86,1.186629,98.73,190.902,1292.676,1,4,compressed_ring_ar
1778547385.5685456,16,87,1.25423,107.65,202.029,1182.108,1,4,compressed_ring_ar
1778547386.8842378,16,88,1.090775,100.85,272.979,1265.379,1,4,compressed_ring_ar
1778547388.427259,16,89,1.243601,85.7,275.653,1488.841,1,4,compressed_ring_ar
1778547389.6975658,16,90,1.011888,106.47,283.743,1194.667,1,4,compressed_ring_ar
1778547390.8672583,16,91,1.164493,114.61,215.577,1112.853,1,4,compressed_ring_ar
1778547392.2771225,16,92,1.189225,93.35,223.593,1367.814,1,4,compressed_ring_ar
1778547393.6272595,16,93,1.132924,97.44,324.205,1308.818,1,4,compressed_ring_ar
1778547394.9423068,16,94,1.133645,101.12,217.635,1260.932,1,4,compressed_ring_ar
1778547396.2749228,16,95,1.275144,98.9,231.777,1286.998,1,4,compressed_ring_ar
1778547397.6421635,16,96,1.036662,96.72,207.249,1317.897,1,4,compressed_ring_ar
1778547398.718373,16,97,1.05144,82.76,211.231,1010.883,1,4,compressed_ring_ar
1778547410.536577,17,0,1.090986,76.54,498.2,1671.091,1,4,compressed_ring_ar
1778547411.988491,17,1,1.192919,92.41,235.691,1383.374,1,4,compressed_ring_ar
1778547413.4566917,17,2,1.039615,90.38,208.381,1411.568,1,4,compressed_ring_ar
1778547414.8066885,17,3,0.967039,98.66,175.463,1295.395,1,4,compressed_ring_ar
1778547416.1568916,17,4,0.891089,98.23,187.067,1300.982,1,4,compressed_ring_ar
1778547417.5504897,17,5,0.974862,94.65,196.632,1346.84,1,4,compressed_ring_ar
1778547418.8482616,17,6,1.009336,101.5,357.986,1253.865,1,4,compressed_ring_ar
1778547420.0190532,17,7,1.114726,112.92,200.336,1131.415,1,4,compressed_ring_ar
1778547421.3629768,17,8,1.150514,100.03,393.437,1270.917,1,4,compressed_ring_ar
1778547422.7158616,17,9,1.180242,97.08,262.779,1313.942,1,4,compressed_ring_ar
1778547424.073401,17,10,1.179874,97.34,191.793,1310.322,1,4,compressed_ring_ar
1778547425.2941895,17,11,1.098964,108.55,213.796,1177.857,1,4,compressed_ring_ar
1778547426.7242298,17,12,1.102917,92.12,209.9,1385.732,1,4,compressed_ring_ar
1778547428.0283222,17,13,1.012481,102.02,235.711,1253.304,1,4,compressed_ring_ar
1778547429.1464667,17,14,0.907638,121.5,227.748,1052.066,1,4,compressed_ring_ar
1778547430.452193,17,15,1.192989,101.4,332.925,1257.828,1,4,compressed_ring_ar
1778547431.7000253,17,16,1.133731,106.63,277.29,1195.825,1,4,compressed_ring_ar
1778547433.1585855,17,17,0.981421,90.57,227.032,1406.492,1,4,compressed_ring_ar
1778547434.4825635,17,18,1.068079,99.54,267.249,1278.114,1,4,compressed_ring_ar
1778547435.6221292,17,19,0.97373,118.39,235.98,1077.103,1,4,compressed_ring_ar
1778547437.0730953,17,20,1.136834,90.95,301.018,1406.85,1,4,compressed_ring_ar
1778547438.3390512,17,21,1.16254,109.42,224.278,1168.43,1,4,compressed_ring_ar
1778547439.774666,17,22,1.14475,92.41,196.978,1383.725,1,4,compressed_ring_ar
1778547441.2471154,17,23,1.036932,89.83,189.646,1423.57,1,4,compressed_ring_ar
1778547442.7311296,17,24,1.12897,88.88,473.938,1435.23,1,4,compressed_ring_ar
1778547444.154305,17,25,1.153283,92.76,250.92,1378.653,1,4,compressed_ring_ar
1778547445.6187794,17,26,1.056939,90.61,192.017,1405.719,1,4,compressed_ring_ar
1778547446.8358357,17,27,1.058,108.65,211.168,1176.349,1,4,compressed_ring_ar
1778547448.174807,17,28,0.913436,98.62,199.841,1296.635,1,4,compressed_ring_ar
1778547449.6256828,17,29,1.011644,91.29,184.829,1397.367,1,4,compressed_ring_ar
1778547450.8844597,17,30,1.193816,106.35,197.319,1198.587,1,4,compressed_ring_ar
1778547452.2467654,17,31,1.230813,97.23,205.339,1312.061,1,4,compressed_ring_ar
1778547453.678945,17,32,1.202494,92.93,298.143,1372.292,1,4,compressed_ring_ar
1778547454.8549397,17,33,1.101546,114.22,235.564,1115.852,1,4,compressed_ring_ar
1778547456.1261096,17,34,1.101807,103.52,218.53,1234.343,1,4,compressed_ring_ar
1778547457.6270382,17,35,1.049952,87.88,216.01,1452.069,1,4,compressed_ring_ar
1778547458.8839488,17,36,1.05119,105.44,230.243,1209.687,1,4,compressed_ring_ar
1778547460.256046,17,37,1.117966,95.95,276.605,1327.282,1,4,compressed_ring_ar
1778547461.5405083,17,38,0.989428,104.56,230.449,1218.928,1,4,compressed_ring_ar
1778547462.8355813,17,39,1.073357,103.33,231.872,1231.6,1,4,compressed_ring_ar
1778547464.0593445,17,40,1.169183,111.01,333.702,1148.295,1,4,compressed_ring_ar
1778547465.2384768,17,41,1.052168,112.85,197.63,1129.079,1,4,compressed_ring_ar
1778547466.4374688,17,42,1.2718,111.15,385.168,1145.995,1,4,compressed_ring_ar
1778547467.751974,17,43,1.06319,100.61,192.576,1269.262,1,4,compressed_ring_ar
1778547469.1527805,17,44,1.009439,94.84,279.711,1345.176,1,4,compressed_ring_ar
1778547470.5076516,17,45,1.082895,99.55,214.865,1281.421,1,4,compressed_ring_ar
1778547471.644578,17,46,0.937115,116.3,344.482,1098.349,1,4,compressed_ring_ar
1778547472.994158,17,47,1.006844,99.14,434.897,1288.563,1,4,compressed_ring_ar
1778547474.442917,17,48,1.207646,91.27,316.521,1401.134,1,4,compressed_ring_ar
1778547475.7872837,17,49,1.02071,99.42,218.004,1286.066,1,4,compressed_ring_ar
1778547477.0840776,17,50,1.073754,102.09,323.345,1251.58,1,4,compressed_ring_ar
1778547478.463417,17,51,1.235047,97.21,220.597,1315.304,1,4,compressed_ring_ar
1778547479.7824848,17,52,1.1156,100.58,207.594,1270.495,1,4,compressed_ring_ar
1778547481.0653808,17,53,1.116653,103.84,190.951,1231.116,1,4,compressed_ring_ar
1778547482.4292839,17,54,1.211548,96.85,206.259,1319.056,1,4,compressed_ring_ar
1778547483.828214,17,55,0.96752,95.03,287.168,1345.511,1,4,compressed_ring_ar
1778547485.3270335,17,56,1.087996,88.09,398.011,1451.299,1,4,compressed_ring_ar
1778547486.6400294,17,57,1.197355,101.0,186.418,1265.825,1,4,compressed_ring_ar
1778547488.0373306,17,58,1.155253,94.56,172.839,1352.484,1,4,compressed_ring_ar
1778547489.4119143,17,59,1.187436,96.42,302.249,1323.38,1,4,compressed_ring_ar
1778547490.5496743,17,60,1.159122,116.43,395.767,1095.399,1,4,compressed_ring_ar
1778547491.8847892,17,61,1.102268,99.11,267.455,1284.04,1,4,compressed_ring_ar
1778547493.0439978,17,62,1.10758,114.45,188.676,1116.89,1,4,compressed_ring_ar
1778547494.3526113,17,63,1.091293,101.78,348.526,1251.237,1,4,compressed_ring_ar
1778547495.563171,17,64,1.076736,109.15,206.056,1171.827,1,4,compressed_ring_ar
1778547496.9691234,17,65,0.964915,95.49,461.24,1330.945,1,4,compressed_ring_ar
1778547498.3332725,17,66,1.160963,96.64,219.471,1323.223,1,4,compressed_ring_ar
1778547499.7553008,17,67,1.125349,93.86,413.136,1357.46,1,4,compressed_ring_ar
1778547501.1137712,17,68,1.006486,96.82,190.964,1318.84,1,4,compressed_ring_ar
1778547502.3115432,17,69,0.948964,112.38,213.446,1135.926,1,4,compressed_ring_ar
1778547503.5815792,17,70,0.911332,103.92,328.907,1226.04,1,4,compressed_ring_ar
1778547504.9069405,17,71,1.239019,99.5,280.005,1281.837,1,4,compressed_ring_ar
1778547506.2065303,17,72,1.102334,102.33,213.289,1243.915,1,4,compressed_ring_ar
1778547507.5707328,17,73,1.049235,97.49,197.637,1310.019,1,4,compressed_ring_ar
1778547508.949787,17,74,1.008932,96.25,452.871,1326.909,1,4,compressed_ring_ar
1778547510.3198674,17,75,1.1217,96.22,197.215,1324.231,1,4,compressed_ring_ar
1778547511.6444476,17,76,1.102977,99.73,206.692,1279.152,1,4,compressed_ring_ar
1778547513.0187373,17,77,0.895491,96.09,374.767,1326.287,1,4,compressed_ring_ar
1778547514.3092544,17,78,1.150908,102.28,300.797,1246.887,1,4,compressed_ring_ar
1778547515.5857556,17,79,1.071773,104.18,213.886,1223.979,1,4,compressed_ring_ar
1778547516.9119596,17,80,1.107681,98.99,202.344,1286.366,1,4,compressed_ring_ar
1778547518.1756973,17,81,1.215938,104.69,268.145,1216.561,1,4,compressed_ring_ar
1778547519.455894,17,82,0.938741,104.69,196.998,1217.876,1,4,compressed_ring_ar
1778547520.6660101,17,83,1.178175,109.23,324.312,1167.137,1,4,compressed_ring_ar
1778547521.8546968,17,84,1.087108,112.15,219.366,1136.88,1,4,compressed_ring_ar
1778547523.3290424,17,85,0.982476,89.39,206.112,1429.958,1,4,compressed_ring_ar
1778547524.6600912,17,86,1.114026,99.13,225.345,1290.028,1,4,compressed_ring_ar
1778547526.1060314,17,87,1.052163,91.27,471.224,1397.966,1,4,compressed_ring_ar
1778547527.399628,17,88,0.974184,102.09,196.575,1252.409,1,4,compressed_ring_ar
1778547528.9691591,17,89,1.221631,83.74,260.163,1524.338,1,4,compressed_ring_ar
1778547530.1985283,17,90,1.087329,108.16,180.01,1182.027,1,4,compressed_ring_ar
1778547531.7750375,17,91,1.237151,83.12,883.171,1539.054,1,4,compressed_ring_ar
1778547533.155787,17,92,1.243412,97.32,199.593,1310.659,1,4,compressed_ring_ar
1778547534.4773028,17,93,1.242308,99.67,240.625,1279.842,1,4,compressed_ring_ar
1778547535.7690687,17,94,1.451737,103.55,248.836,1234.918,1,4,compressed_ring_ar
1778547537.0458233,17,95,0.988451,103.55,206.631,1230.205,1,4,compressed_ring_ar
1778547538.413168,17,96,1.011491,97.23,241.201,1309.353,1,4,compressed_ring_ar
1778547539.8086107,17,97,1.172852,62.03,211.851,1346.545,1,4,compressed_ring_ar
1778547551.4054627,18,0,0.972867,93.13,369.273,1368.698,1,4,compressed_ring_ar
1778547552.682145,18,1,0.987395,103.4,212.67,1233.569,1,4,compressed_ring_ar
1778547554.0875359,18,2,1.085835,94.03,265.02,1356.695,1,4,compressed_ring_ar
1778547555.35044,18,3,1.157087,106.75,295.343,1193.536,1,4,compressed_ring_ar
1778547556.6034825,18,4,1.106676,105.69,177.842,1206.707,1,4,compressed_ring_ar
1778547557.902195,18,5,1.14617,102.67,231.128,1242.044,1,4,compressed_ring_ar
1778547559.1404564,18,6,1.142959,107.41,225.947,1186.992,1,4,compressed_ring_ar
1778547560.3024125,18,7,1.023883,113.96,335.639,1118.126,1,4,compressed_ring_ar
1778547561.6078649,18,8,1.133333,101.32,386.657,1259.002,1,4,compressed_ring_ar
1778547562.8906927,18,9,1.026497,103.13,278.809,1236.634,1,4,compressed_ring_ar
1778547564.2306714,18,10,1.084166,99.06,222.51,1285.032,1,4,compressed_ring_ar
1778547565.868201,18,11,0.977622,80.09,256.874,1593.919,1,4,compressed_ring_ar
1778547567.1102688,18,12,1.134594,107.26,391.949,1191.458,1,4,compressed_ring_ar
1778547568.5312438,18,13,1.095593,92.65,334.808,1377.165,1,4,compressed_ring_ar
1778547569.7532694,18,14,1.007301,108.12,183.832,1175.19,1,4,compressed_ring_ar
1778547571.0143714,18,15,1.068297,107.96,213.704,1184.221,1,4,compressed_ring_ar
1778547572.6438687,18,16,1.051199,80.72,258.905,1584.164,1,4,compressed_ring_ar
1778547573.957794,18,17,0.98664,100.97,203.341,1263.368,1,4,compressed_ring_ar
1778547575.4031286,18,18,1.16556,91.05,217.159,1400.046,1,4,compressed_ring_ar
1778547576.76822,18,19,1.115924,96.4,382.442,1323.203,1,4,compressed_ring_ar
1778547577.992087,18,20,0.848304,109.58,241.538,1162.406,1,4,compressed_ring_ar
1778547579.2717128,18,21,1.060076,103.93,177.255,1230.358,1,4,compressed_ring_ar
1778547580.5508544,18,22,1.066661,104.65,230.054,1221.691,1,4,compressed_ring_ar
1778547581.7854123,18,23,1.076512,107.5,198.774,1186.696,1,4,compressed_ring_ar
1778547583.2231276,18,24,1.121047,91.67,269.11,1391.444,1,4,compressed_ring_ar
1778547584.5241907,18,25,1.131494,104.42,353.613,1224.681,1,4,compressed_ring_ar
1778547585.8267267,18,26,1.131602,101.61,383.949,1255.202,1,4,compressed_ring_ar
1778547587.235051,18,27,1.166888,93.86,348.72,1359.186,1,4,compressed_ring_ar
1778547588.532205,18,28,1.120579,105.09,325.58,1213.381,1,4,compressed_ring_ar
1778547589.8110037,18,29,1.028851,103.29,204.173,1234.642,1,4,compressed_ring_ar
1778547591.1127641,18,30,0.900958,102.41,238.752,1245.407,1,4,compressed_ring_ar
1778547592.2856436,18,31,1.019585,115.18,210.82,1106.842,1,4,compressed_ring_ar
1778547593.5942385,18,32,0.934872,103.88,221.637,1223.016,1,4,compressed_ring_ar
1778547594.852113,18,33,1.193128,105.26,189.167,1214.717,1,4,compressed_ring_ar
1778547596.2229187,18,34,1.062184,97.18,411.83,1315.789,1,4,compressed_ring_ar
1778547597.4460046,18,35,1.161171,109.38,170.051,1166.517,1,4,compressed_ring_ar
1778547598.6903741,18,36,1.002411,106.37,225.392,1198.515,1,4,compressed_ring_ar
1778547599.944241,18,37,0.916951,106.65,212.258,1193.403,1,4,compressed_ring_ar
1778547601.1573544,18,38,1.104394,110.0,228.034,1159.197,1,4,compressed_ring_ar
1778547602.5827825,18,39,1.052352,92.29,206.553,1380.764,1,4,compressed_ring_ar
1778547603.8943093,18,40,0.944376,101.11,245.214,1261.356,1,4,compressed_ring_ar
1778547605.313375,18,41,0.968125,93.21,189.542,1368.773,1,4,compressed_ring_ar
1778547606.7003117,18,42,0.98688,94.84,273.974,1344.349,1,4,compressed_ring_ar
1778547607.9539654,18,43,1.084122,105.61,203.703,1206.292,1,4,compressed_ring_ar
1778547609.2490075,18,44,1.008611,101.82,321.51,1248.454,1,4,compressed_ring_ar
1778547610.5597777,18,45,1.027331,101.9,225.771,1253.778,1,4,compressed_ring_ar
1778547611.7001355,18,46,1.071501,120.09,193.992,1063.37,1,4,compressed_ring_ar
1778547613.0425262,18,47,0.901266,99.37,265.542,1285.414,1,4,compressed_ring_ar
1778547614.4243693,18,48,1.131124,95.25,419.259,1340.998,1,4,compressed_ring_ar
1778547615.924907,18,49,1.201908,87.83,208.714,1455.047,1,4,compressed_ring_ar
1778547617.295102,18,50,1.086892,98.26,237.538,1295.252,1,4,compressed_ring_ar
1778547618.5666368,18,51,1.053285,103.76,199.23,1228.722,1,4,compressed_ring_ar
1778547619.7692902,18,52,0.984297,110.62,192.897,1150.504,1,4,compressed_ring_ar
1778547621.0447316,18,53,1.084494,104.76,189.08,1217.446,1,4,compressed_ring_ar
1778547622.5044951,18,54,0.920206,90.33,293.214,1412.894,1,4,compressed_ring_ar
1778547623.9239404,18,55,1.020642,94.54,388.107,1349.261,1,4,compressed_ring_ar
1778547625.2722397,18,56,0.975879,98.43,281.826,1296.04,1,4,compressed_ring_ar
1778547626.6442509,18,57,1.08357,96.87,196.306,1314.348,1,4,compressed_ring_ar
1778547627.8961663,18,58,1.052383,106.57,240.169,1196.213,1,4,compressed_ring_ar
1778547629.119163,18,59,1.082741,108.19,192.707,1178.584,1,4,compressed_ring_ar
1778547630.4160144,18,60,0.968077,101.72,264.081,1251.463,1,4,compressed_ring_ar
1778547631.6503677,18,61,0.932448,108.26,226.33,1177.789,1,4,compressed_ring_ar
1778547632.9980416,18,62,1.034893,98.52,230.035,1291.623,1,4,compressed_ring_ar
1778547634.2183447,18,63,1.083667,108.3,199.8,1177.08,1,4,compressed_ring_ar
1778547635.4758108,18,64,1.124794,105.28,215.775,1212.816,1,4,compressed_ring_ar
1778547636.8306358,18,65,1.082216,98.06,211.409,1303.243,1,4,compressed_ring_ar
1778547638.1101875,18,66,1.125712,104.22,335.547,1223.044,1,4,compressed_ring_ar
1778547639.4369085,18,67,0.992159,99.74,231.103,1278.797,1,4,compressed_ring_ar
1778547640.7195697,18,68,0.965794,103.33,219.19,1233.27,1,4,compressed_ring_ar
1778547641.9788373,18,69,0.934685,104.86,273.67,1216.346,1,4,compressed_ring_ar
1778547643.3275335,18,70,1.356727,98.11,260.77,1298.07,1,4,compressed_ring_ar
1778547644.6177077,18,71,1.212196,102.24,210.962,1242.969,1,4,compressed_ring_ar
1778547645.8526132,18,72,1.11167,106.56,254.34,1196.468,1,4,compressed_ring_ar
1778547647.1408124,18,73,1.138395,102.63,241.397,1242.396,1,4,compressed_ring_ar
1778547648.4773755,18,74,1.113768,98.65,254.496,1293.575,1,4,compressed_ring_ar
1778547649.7196972,18,75,1.33749,107.09,231.792,1188.933,1,4,compressed_ring_ar
1778547651.0169678,18,76,1.132985,101.73,189.831,1253.247,1,4,compressed_ring_ar
1778547652.367813,18,77,0.938473,97.73,215.93,1304.912,1,4,compressed_ring_ar
1778547653.6150138,18,78,0.787024,106.99,204.953,1188.562,1,4,compressed_ring_ar
1778547655.0692077,18,79,0.896464,91.25,393.215,1396.937,1,4,compressed_ring_ar
1778547656.3433444,18,80,1.318662,103.89,219.071,1228.208,1,4,compressed_ring_ar
1778547657.7296815,18,81,1.100214,95.34,193.842,1339.521,1,4,compressed_ring_ar
1778547659.093836,18,82,1.201644,96.62,351.991,1320.73,1,4,compressed_ring_ar
1778547660.2997437,18,83,1.206729,110.33,292.521,1154.74,1,4,compressed_ring_ar
1778547661.5845664,18,84,1.015037,103.22,302.934,1235.654,1,4,compressed_ring_ar
1778547662.9884176,18,85,1.186425,94.04,182.646,1358.662,1,4,compressed_ring_ar
1778547664.3376913,18,86,1.102808,98.11,215.001,1303.279,1,4,compressed_ring_ar
1778547665.7660966,18,87,1.150153,92.4,335.874,1380.357,1,4,compressed_ring_ar
1778547667.121923,18,88,1.175971,97.49,232.87,1305.784,1,4,compressed_ring_ar
1778547668.304582,18,89,1.130637,114.38,282.148,1113.606,1,4,compressed_ring_ar
1778547669.749807,18,90,1.14382,91.57,222.709,1392.868,1,4,compressed_ring_ar
1778547670.9657056,18,91,1.089009,108.68,415.534,1171.787,1,4,compressed_ring_ar
1778547672.1881974,18,92,1.135777,109.32,240.082,1166.204,1,4,compressed_ring_ar
1778547673.4773934,18,93,1.065746,103.87,194.933,1227.894,1,4,compressed_ring_ar
1778547674.7082849,18,94,1.117169,107.44,184.02,1188.316,1,4,compressed_ring_ar
1778547676.0221725,18,95,1.104923,101.4,279.853,1259.699,1,4,compressed_ring_ar
1778547677.3400552,18,96,1.186537,100.72,323.353,1269.348,1,4,compressed_ring_ar
1778547678.7738564,18,97,1.194914,60.94,511.743,1369.664,1,4,compressed_ring_ar
1778547690.3178313,19,0,1.144253,92.71,328.157,1379.354,1,4,compressed_ring_ar
1778547691.6653395,19,1,0.884874,98.56,254.188,1293.283,1,4,compressed_ring_ar
1778547692.7733877,19,2,1.120153,122.67,227.388,1037.212,1,4,compressed_ring_ar
1778547694.0961008,19,3,1.067909,99.79,200.297,1274.549,1,4,compressed_ring_ar
1778547695.3364277,19,4,0.993811,106.46,200.474,1195.172,1,4,compressed_ring_ar
1778547696.6134405,19,5,1.051126,103.59,200.116,1225.575,1,4,compressed_ring_ar
1778547697.8134432,19,6,1.187068,109.74,195.724,1165.023,1,4,compressed_ring_ar
1778547699.0850625,19,7,1.110609,105.03,223.047,1214.041,1,4,compressed_ring_ar
1778547700.3406935,19,8,1.247084,105.52,216.994,1211.015,1,4,compressed_ring_ar
1778547701.614802,19,9,1.057103,105.57,205.495,1208.119,1,4,compressed_ring_ar
1778547703.0131369,19,10,1.007551,94.23,246.76,1349.273,1,4,compressed_ring_ar
1778547704.3163579,19,11,1.071402,103.03,270.469,1241.031,1,4,compressed_ring_ar
1778547705.6747062,19,12,1.038192,97.33,198.351,1307.385,1,4,compressed_ring_ar
1778547706.9798262,19,13,1.171099,100.89,198.772,1261.839,1,4,compressed_ring_ar
1778547708.226721,19,14,1.000254,106.15,199.443,1202.235,1,4,compressed_ring_ar
1778547709.4917588,19,15,1.081276,104.38,185.13,1221.702,1,4,compressed_ring_ar
1778547710.7918105,19,16,0.941689,102.18,315.76,1251.348,1,4,compressed_ring_ar
1778547712.2107,19,17,1.172994,94.52,209.752,1349.864,1,4,compressed_ring_ar
1778547713.47888,19,18,1.008778,105.93,241.782,1203.86,1,4,compressed_ring_ar
1778547714.9073806,19,19,1.026249,93.18,216.148,1369.103,1,4,compressed_ring_ar
1778547716.2281342,19,20,1.039374,100.16,207.446,1270.196,1,4,compressed_ring_ar
1778547717.6148472,19,21,1.101146,95.16,183.523,1343.649,1,4,compressed_ring_ar
1778547719.0559735,19,22,0.952121,91.87,197.318,1391.805,1,4,compressed_ring_ar
1778547720.4403374,19,23,0.976744,95.39,236.11,1336.993,1,4,compressed_ring_ar
1778547721.8449285,19,24,0.991669,93.57,250.382,1361.093,1,4,compressed_ring_ar
1778547723.3310168,19,25,1.207438,89.12,226.951,1428.97,1,4,compressed_ring_ar
1778547724.6076276,19,26,1.108179,103.21,331.173,1238.809,1,4,compressed_ring_ar
1778547725.9873595,19,27,0.985538,97.0,239.426,1315.396,1,4,compressed_ring_ar
1778547727.3321648,19,28,1.164331,98.6,306.98,1297.041,1,4,compressed_ring_ar
1778547728.6600761,19,29,0.889755,99.67,207.779,1279.917,1,4,compressed_ring_ar
1778547729.9840767,19,30,1.066833,100.22,229.6,1269.667,1,4,compressed_ring_ar
1778547731.1606102,19,31,1.273593,112.37,190.284,1137.702,1,4,compressed_ring_ar
1778547732.448106,19,32,1.122349,102.74,195.149,1242.315,1,4,compressed_ring_ar
1778547733.7520974,19,33,1.15296,102.21,199.12,1244.881,1,4,compressed_ring_ar
1778547735.0263503,19,34,1.127113,103.79,195.669,1231.911,1,4,compressed_ring_ar
1778547736.3112807,19,35,0.873216,103.12,271.756,1233.74,1,4,compressed_ring_ar
1778547737.7044742,19,36,1.155336,94.37,243.58,1354.979,1,4,compressed_ring_ar
1778547739.127175,19,37,1.066791,92.87,262.241,1371.112,1,4,compressed_ring_ar
1778547740.3004897,19,38,1.139871,112.51,208.613,1136.288,1,4,compressed_ring_ar
1778547741.839763,19,39,1.06635,86.12,295.709,1481.7,1,4,compressed_ring_ar
1778547743.2681239,19,40,1.0406,92.65,203.696,1377.622,1,4,compressed_ring_ar
1778547744.5661263,19,41,1.040015,102.6,208.629,1242.976,1,4,compressed_ring_ar
1778547745.9450557,19,42,0.973631,96.02,237.999,1326.193,1,4,compressed_ring_ar
1778547747.2336583,19,43,0.958194,102.74,302.167,1238.316,1,4,compressed_ring_ar
1778547748.4910543,19,44,0.972477,105.12,191.433,1213.728,1,4,compressed_ring_ar
1778547749.7505481,19,45,0.962178,105.24,250.326,1211.723,1,4,compressed_ring_ar
1778547751.0610332,19,46,1.088262,101.61,224.269,1253.093,1,4,compressed_ring_ar
1778547752.379647,19,47,1.016043,99.83,187.836,1280.863,1,4,compressed_ring_ar
1778547753.8030741,19,48,1.271381,93.64,244.306,1362.61,1,4,compressed_ring_ar
1778547755.1084416,19,49,1.146652,101.49,235.804,1257.214,1,4,compressed_ring_ar
1778547756.3684018,19,50,1.114602,104.91,220.576,1216.042,1,4,compressed_ring_ar
1778547757.6301675,19,51,0.953423,105.32,215.11,1213.931,1,4,compressed_ring_ar
1778547759.039159,19,52,0.904427,94.01,207.609,1354.929,1,4,compressed_ring_ar
1778547760.335208,19,53,1.159243,101.77,310.875,1248.778,1,4,compressed_ring_ar
1778547761.5861301,19,54,1.057688,105.94,291.541,1204.202,1,4,compressed_ring_ar
1778547762.9516675,19,55,1.075447,97.15,262.695,1310.797,1,4,compressed_ring_ar
1778547764.3104224,19,56,1.058605,96.78,230.661,1321.163,1,4,compressed_ring_ar
1778547765.6555529,19,57,1.130839,98.54,226.49,1292.592,1,4,compressed_ring_ar
1778547766.8892915,19,58,1.121582,107.57,205.062,1186.121,1,4,compressed_ring_ar
1778547768.2488399,19,59,1.114007,97.61,325.949,1309.289,1,4,compressed_ring_ar
1778547769.723635,19,60,1.03395,90.55,263.179,1407.928,1,4,compressed_ring_ar
1778547770.8893032,19,61,0.994258,121.0,310.095,1055.434,1,4,compressed_ring_ar
1778547772.446634,19,62,0.864052,85.98,408.151,1484.08,1,4,compressed_ring_ar
1778547773.731653,19,63,1.007517,103.03,213.34,1237.163,1,4,compressed_ring_ar
1778547775.0814292,19,64,1.105255,99.3,347.187,1284.62,1,4,compressed_ring_ar
1778547776.3945472,19,65,0.946707,100.27,239.778,1274.795,1,4,compressed_ring_ar
1778547777.7270055,19,66,1.070686,99.59,427.137,1284.007,1,4,compressed_ring_ar
1778547779.1065555,19,67,1.024097,96.72,221.498,1318.622,1,4,compressed_ring_ar
1778547780.3447468,19,68,1.214393,106.75,354.594,1197.773,1,4,compressed_ring_ar
1778547781.753938,19,69,1.172434,93.42,370.322,1365.455,1,4,compressed_ring_ar
1778547783.025415,19,70,1.001596,103.88,241.56,1226.737,1,4,compressed_ring_ar
1778547784.1893353,19,71,1.058629,114.22,388.801,1115.992,1,4,compressed_ring_ar
1778547785.5706155,19,72,0.927446,95.7,183.473,1331.098,1,4,compressed_ring_ar
1778547786.8094046,19,73,0.922292,107.2,206.142,1190.318,1,4,compressed_ring_ar
1778547788.1499743,19,74,1.190848,98.35,262.191,1295.423,1,4,compressed_ring_ar
1778547789.4262557,19,75,1.130837,103.31,274.443,1234.14,1,4,compressed_ring_ar
1778547790.7968853,19,76,1.059777,96.96,317.286,1316.0,1,4,compressed_ring_ar
1778547791.9875872,19,77,1.074727,113.44,173.181,1126.071,1,4,compressed_ring_ar
1778547793.4330163,19,78,1.131574,91.51,286.543,1397.401,1,4,compressed_ring_ar
1778547794.8327398,19,79,1.009887,94.26,364.4,1353.284,1,4,compressed_ring_ar
1778547795.9966602,19,80,1.119426,115.18,208.46,1109.937,1,4,compressed_ring_ar
1778547797.4313915,19,81,1.22289,91.75,344.757,1390.393,1,4,compressed_ring_ar
1778547798.9198756,19,82,0.996555,90.01,408.155,1420.641,1,4,compressed_ring_ar
1778547800.6691697,19,83,1.034556,76.61,305.977,1670.054,1,4,compressed_ring_ar
1778547802.2564754,19,84,1.02165,85.37,504.687,1493.963,1,4,compressed_ring_ar
1778547803.5788267,19,85,1.057035,101.21,378.075,1263.143,1,4,compressed_ring_ar
1778547804.9195056,19,86,0.976612,100.49,429.117,1271.166,1,4,compressed_ring_ar
1778547806.5451736,19,87,1.127708,81.42,224.535,1567.553,1,4,compressed_ring_ar
1778547808.1112392,19,88,1.208411,85.18,360.128,1501.441,1,4,compressed_ring_ar
1778547809.5762367,19,89,1.010516,91.25,196.591,1400.041,1,4,compressed_ring_ar
1778547810.9532247,19,90,1.064111,96.05,369.052,1331.677,1,4,compressed_ring_ar
1778547812.4686418,19,91,1.053407,88.73,517.628,1441.278,1,4,compressed_ring_ar
1778547813.9046202,19,92,1.104778,93.69,447.269,1356.586,1,4,compressed_ring_ar
1778547815.2201068,19,93,1.086682,102.03,223.506,1249.982,1,4,compressed_ring_ar
1778547816.4926164,19,94,0.998156,104.02,225.729,1229.09,1,4,compressed_ring_ar
1778547817.855018,19,95,0.990293,98.66,236.526,1294.642,1,4,compressed_ring_ar
1778547819.3004723,19,96,1.068262,91.66,204.487,1388.964,1,4,compressed_ring_ar
1778547820.8532004,19,97,1.180264,55.07,354.23,1516.698,1,4,compressed_ring_ar
1778547832.8001533,20,0,1.085116,86.21,316.55,1478.233,1,4,compressed_ring_ar
1778547834.0556262,20,1,1.034293,105.85,202.242,1204.832,1,4,compressed_ring_ar
1778547835.447665,20,2,1.221279,94.92,273.306,1343.131,1,4,compressed_ring_ar
1778547836.755143,20,3,0.92711,102.68,199.529,1241.313,1,4,compressed_ring_ar
1778547837.893714,20,4,1.134219,117.67,164.851,1086.521,1,4,compressed_ring_ar
1778547839.3516643,20,5,1.182155,93.77,406.771,1361.132,1,4,compressed_ring_ar
1778547840.5986345,20,6,1.10118,107.07,179.874,1188.556,1,4,compressed_ring_ar
1778547841.8693273,20,7,1.009549,103.22,207.664,1232.301,1,4,compressed_ring_ar
1778547843.1910467,20,8,1.032029,99.51,189.239,1281.699,1,4,compressed_ring_ar
1778547844.6019657,20,9,1.061186,93.65,319.199,1365.666,1,4,compressed_ring_ar
1778547845.7858248,20,10,1.123464,112.9,220.848,1125.61,1,4,compressed_ring_ar
1778547847.0242481,20,11,1.157675,107.35,184.76,1190.104,1,4,compressed_ring_ar
1778547848.406304,20,12,0.998451,96.81,252.63,1320.405,1,4,compressed_ring_ar
1778547849.6369941,20,13,1.029258,109.12,430.523,1168.769,1,4,compressed_ring_ar
1778547850.9501956,20,14,1.183598,100.68,214.991,1269.813,1,4,compressed_ring_ar
1778547852.3287737,20,15,1.215787,98.07,148.536,1303.846,1,4,compressed_ring_ar
1778547853.784098,20,16,1.158025,91.65,474.839,1394.636,1,4,compressed_ring_ar
1778547855.1545625,20,17,1.02017,97.56,215.106,1309.973,1,4,compressed_ring_ar
1778547856.6104205,20,18,0.924621,92.45,196.827,1379.984,1,4,compressed_ring_ar
1778547857.8962138,20,19,1.004098,104.23,221.495,1226.674,1,4,compressed_ring_ar
1778547859.1617825,20,20,1.129957,105.83,240.523,1202.317,1,4,compressed_ring_ar
1778547860.4090827,20,21,1.153978,105.76,277.031,1205.541,1,4,compressed_ring_ar
1778547861.602363,20,22,1.016107,110.56,169.332,1155.824,1,4,compressed_ring_ar
1778547863.0804431,20,23,1.027018,93.69,593.414,1364.776,1,4,compressed_ring_ar
1778547864.488553,20,24,1.045541,93.89,207.72,1358.868,1,4,compressed_ring_ar
1778547865.897896,20,25,1.043193,94.12,253.044,1355.451,1,4,compressed_ring_ar
1778547867.357637,20,26,0.838209,91.32,181.096,1399.444,1,4,compressed_ring_ar
1778547868.6895897,20,27,0.99705,100.55,202.347,1271.559,1,4,compressed_ring_ar
1778547869.9617105,20,28,1.063446,104.59,217.723,1219.285,1,4,compressed_ring_ar
1778547871.3599122,20,29,1.097557,95.23,200.211,1338.814,1,4,compressed_ring_ar
1778547872.6085942,20,30,1.161164,105.83,387.549,1208.303,1,4,compressed_ring_ar
1778547873.8046594,20,31,0.967373,111.72,355.176,1143.616,1,4,compressed_ring_ar
1778547875.029967,20,32,1.009592,109.04,188.89,1172.148,1,4,compressed_ring_ar
1778547876.3959649,20,33,0.97197,96.99,202.546,1313.954,1,4,compressed_ring_ar
1778547877.6190927,20,34,1.031299,108.29,358.188,1180.663,1,4,compressed_ring_ar
1778547879.0715294,20,35,1.130806,90.68,396.589,1406.813,1,4,compressed_ring_ar
1778547880.2735567,20,36,0.998924,110.1,201.652,1155.379,1,4,compressed_ring_ar
1778547881.547334,20,37,1.04598,104.27,333.919,1222.441,1,4,compressed_ring_ar
1778547882.846826,20,38,0.890072,102.43,237.769,1244.728,1,4,compressed_ring_ar
1778547884.0554411,20,39,0.967815,111.1,187.061,1150.808,1,4,compressed_ring_ar
1778547885.384332,20,40,1.016107,101.7,197.468,1255.96,1,4,compressed_ring_ar
1778547886.8280532,20,41,1.09956,91.53,249.722,1393.298,1,4,compressed_ring_ar
1778547888.022561,20,42,1.029287,110.69,168.655,1154.055,1,4,compressed_ring_ar
1778547889.391818,20,43,1.082982,98.17,217.517,1299.175,1,4,compressed_ring_ar
1778547890.6442904,20,44,0.948457,105.72,216.161,1209.415,1,4,compressed_ring_ar
1778547891.9520936,20,45,1.001335,101.32,232.647,1258.878,1,4,compressed_ring_ar
1778547893.325214,20,46,1.062159,96.62,213.951,1317.941,1,4,compressed_ring_ar
1778547894.491445,20,47,0.871845,114.72,213.674,1113.493,1,4,compressed_ring_ar
1778547895.9077077,20,48,1.036481,96.43,292.987,1320.312,1,4,compressed_ring_ar
1778547897.2924848,20,49,1.110472,96.21,248.52,1323.338,1,4,compressed_ring_ar
1778547898.6733103,20,50,1.085161,95.47,248.97,1336.054,1,4,compressed_ring_ar
1778547900.0122266,20,51,0.993165,98.42,358.096,1296.893,1,4,compressed_ring_ar
1778547901.3504927,20,52,0.945652,99.3,233.114,1284.266,1,4,compressed_ring_ar
1778547902.8207953,20,53,1.115939,89.59,321.059,1426.002,1,4,compressed_ring_ar
1778547904.2721684,20,54,1.076168,93.43,476.854,1365.029,1,4,compressed_ring_ar
1778547905.6004643,20,55,1.409313,101.4,239.816,1257.676,1,4,compressed_ring_ar
1778547906.9357538,20,56,0.997133,99.37,208.255,1286.722,1,4,compressed_ring_ar
1778547908.225311,20,57,1.285826,103.02,214.392,1237.273,1,4,compressed_ring_ar
1778547909.4521224,20,58,0.968805,107.91,203.843,1184.904,1,4,compressed_ring_ar
1778547910.790366,20,59,1.050269,99.75,356.627,1278.367,1,4,compressed_ring_ar
1778547912.07243,20,60,1.042229,103.36,216.798,1234.056,1,4,compressed_ring_ar
1778547913.604593,20,61,0.947255,85.59,551.918,1494.11,1,4,compressed_ring_ar
1778547914.9036973,20,62,1.064685,102.42,301.958,1245.082,1,4,compressed_ring_ar
1778547916.3561165,20,63,1.026216,91.04,223.81,1397.251,1,4,compressed_ring_ar
1778547917.4785986,20,64,0.976424,117.44,190.009,1088.494,1,4,compressed_ring_ar
1778547918.85002,20,65,1.011334,96.16,307.267,1326.437,1,4,compressed_ring_ar
1778547920.1785893,20,66,1.155631,100.11,207.21,1271.497,1,4,compressed_ring_ar
1778547921.3488586,20,67,1.049949,114.65,220.793,1112.351,1,4,compressed_ring_ar
1778547922.6786172,20,68,1.140262,99.03,281.323,1288.038,1,4,compressed_ring_ar
1778547924.099163,20,69,1.046422,92.43,257.556,1380.139,1,4,compressed_ring_ar
1778547925.635958,20,70,1.044722,85.71,335.245,1492.208,1,4,compressed_ring_ar
1778547927.0262415,20,71,1.086902,96.52,372.888,1321.475,1,4,compressed_ring_ar
1778547928.300451,20,72,1.097515,103.51,194.438,1235.167,1,4,compressed_ring_ar
1778547929.773301,20,73,1.090051,90.07,198.886,1412.632,1,4,compressed_ring_ar
1778547931.0835853,20,74,0.888219,101.3,317.176,1258.402,1,4,compressed_ring_ar
1778547932.3655205,20,75,0.987719,102.93,362.281,1236.159,1,4,compressed_ring_ar
1778547933.6212246,20,76,0.936295,105.48,204.955,1211.292,1,4,compressed_ring_ar
1778547934.955005,20,77,1.07777,99.58,284.969,1280.796,1,4,compressed_ring_ar
1778547936.285362,20,78,0.984325,99.25,327.943,1284.472,1,4,compressed_ring_ar
1778547937.525629,20,79,1.048289,107.96,209.889,1181.048,1,4,compressed_ring_ar
1778547938.8871655,20,80,1.093299,97.16,295.519,1316.076,1,4,compressed_ring_ar
1778547940.3073444,20,81,1.100984,93.61,223.784,1361.297,1,4,compressed_ring_ar
1778547941.6717072,20,82,1.112365,96.5,321.366,1321.919,1,4,compressed_ring_ar
1778547943.0606818,20,83,1.103221,96.94,198.661,1316.309,1,4,compressed_ring_ar
1778547944.4130428,20,84,1.142464,97.73,236.314,1302.813,1,4,compressed_ring_ar
1778547945.6571336,20,85,1.019847,106.98,325.561,1195.275,1,4,compressed_ring_ar
1778547946.9330297,20,86,1.134616,103.84,275.876,1224.846,1,4,compressed_ring_ar
1778547948.2120826,20,87,1.041857,103.21,265.031,1231.303,1,4,compressed_ring_ar
1778547949.5176127,20,88,1.077582,101.84,220.781,1251.596,1,4,compressed_ring_ar
1778547950.7794495,20,89,1.027789,105.02,215.536,1214.053,1,4,compressed_ring_ar
1778547952.0544486,20,90,1.033739,103.46,199.292,1231.494,1,4,compressed_ring_ar
1778547953.5249825,20,91,1.001195,89.59,332.683,1426.421,1,4,compressed_ring_ar
1778547954.8485527,20,92,1.057681,100.79,376.921,1268.645,1,4,compressed_ring_ar
1778547956.3474555,20,93,1.021909,88.11,237.76,1452.006,1,4,compressed_ring_ar
1778547957.81181,20,94,1.135317,93.0,450.573,1369.723,1,4,compressed_ring_ar
1778547959.092947,20,95,1.064809,103.18,220.034,1239.131,1,4,compressed_ring_ar
1778547960.5947888,20,96,0.944961,88.06,228.321,1452.287,1,4,compressed_ring_ar
1778547961.819194,20,97,1.127994,71.42,256.797,1167.592,1,4,compressed_ring_ar
