timestamp,epoch,iteration,loss,throughput_samp_s,comm_latency_ms,iter_time_ms,rank,world_size,arch
1778545150.0008802,1,0,2.478465,61.55,490.839,2079.188,2,4,compressed_ring_ar
1778545151.692437,1,1,2.32792,79.29,667.504,1613.439,2,4,compressed_ring_ar
1778545153.129226,1,2,2.283378,92.2,194.723,1386.84,2,4,compressed_ring_ar
1778545154.628292,1,3,2.267374,87.72,408.101,1457.711,2,4,compressed_ring_ar
1778545156.1669168,1,4,2.286427,85.76,182.728,1487.786,2,4,compressed_ring_ar
1778545157.597623,1,5,2.275378,92.5,172.808,1380.011,2,4,compressed_ring_ar
1778545159.0559442,1,6,2.272185,90.3,192.106,1416.171,2,4,compressed_ring_ar
1778545160.4700155,1,7,2.281535,94.55,192.502,1351.856,2,4,compressed_ring_ar
1778545162.0287166,1,8,2.195107,86.09,361.795,1484.286,2,4,compressed_ring_ar
1778545163.4202712,1,9,2.192037,95.24,482.909,1339.381,2,4,compressed_ring_ar
1778545164.7627323,1,10,2.232947,98.5,195.34,1298.215,2,4,compressed_ring_ar
1778545166.233406,1,11,2.235874,89.45,183.08,1429.679,2,4,compressed_ring_ar
1778545167.5889378,1,12,2.242054,97.97,214.34,1305.143,2,4,compressed_ring_ar
1778545168.99313,1,13,2.230615,95.33,185.555,1341.256,2,4,compressed_ring_ar
1778545170.4537094,1,14,2.20733,90.37,179.021,1413.669,2,4,compressed_ring_ar
1778545171.8592024,1,15,2.271372,94.94,381.806,1344.769,2,4,compressed_ring_ar
1778545173.4920723,1,16,2.143342,80.31,223.636,1593.252,2,4,compressed_ring_ar
1778545174.816016,1,17,2.156168,100.91,307.449,1266.033,2,4,compressed_ring_ar
1778545176.3399248,1,18,2.174083,86.5,503.29,1478.25,2,4,compressed_ring_ar
1778545177.6608942,1,19,2.094722,101.24,217.493,1262.543,2,4,compressed_ring_ar
1778545179.1882591,1,20,2.069297,86.42,206.471,1479.771,2,4,compressed_ring_ar
1778545180.6745749,1,21,2.187412,88.65,300.167,1442.862,2,4,compressed_ring_ar
1778545181.988882,1,22,2.08089,101.16,213.666,1263.954,2,4,compressed_ring_ar
1778545183.7822795,1,23,1.991963,73.63,364.2,1737.479,2,4,compressed_ring_ar
1778545185.2854564,1,24,1.982607,90.19,242.794,1416.288,2,4,compressed_ring_ar
1778545186.807932,1,25,1.970216,86.5,215.922,1477.906,2,4,compressed_ring_ar
1778545188.2059026,1,26,2.064983,94.27,178.272,1356.568,2,4,compressed_ring_ar
1778545189.666149,1,27,2.097248,91.02,208.036,1404.25,2,4,compressed_ring_ar
1778545191.1941893,1,28,2.120279,86.74,291.704,1474.331,2,4,compressed_ring_ar
1778545192.6216831,1,29,2.063387,92.39,168.959,1384.018,2,4,compressed_ring_ar
1778545193.9713387,1,30,1.956218,97.87,211.944,1303.19,2,4,compressed_ring_ar
1778545195.624866,1,31,2.010458,79.13,504.891,1616.102,2,4,compressed_ring_ar
1778545197.041778,1,32,2.028653,93.45,171.499,1365.408,2,4,compressed_ring_ar
1778545198.4944692,1,33,2.03508,90.57,308.817,1411.84,2,4,compressed_ring_ar
1778545199.9005797,1,34,1.940727,94.16,374.861,1357.289,2,4,compressed_ring_ar
1778545201.371596,1,35,2.059427,89.98,490.225,1420.352,2,4,compressed_ring_ar
1778545202.7837942,1,36,2.018911,93.24,202.486,1371.41,2,4,compressed_ring_ar
1778545204.2282507,1,37,1.941026,92.47,290.035,1379.372,2,4,compressed_ring_ar
1778545205.6983078,1,38,1.996155,89.3,375.955,1432.033,2,4,compressed_ring_ar
1778545207.1775317,1,39,1.98113,88.65,413.353,1442.428,2,4,compressed_ring_ar
1778545208.4982438,1,40,2.02777,99.72,174.052,1282.107,2,4,compressed_ring_ar
1778545209.858207,1,41,1.86246,97.32,209.66,1313.839,2,4,compressed_ring_ar
1778545211.2158751,1,42,1.947053,97.82,199.439,1303.913,2,4,compressed_ring_ar
1778545212.7310998,1,43,1.950732,86.6,408.095,1471.589,2,4,compressed_ring_ar
1778545214.124972,1,44,1.882163,95.49,342.722,1334.248,2,4,compressed_ring_ar
1778545215.630355,1,45,1.911846,87.14,302.406,1467.679,2,4,compressed_ring_ar
1778545217.0005863,1,46,1.923359,97.72,263.972,1308.402,2,4,compressed_ring_ar
1778545218.3273108,1,47,1.772676,100.38,253.154,1273.764,2,4,compressed_ring_ar
1778545219.896944,1,48,1.938467,83.81,219.3,1525.783,2,4,compressed_ring_ar
1778545221.259477,1,49,1.961538,96.69,284.685,1321.733,2,4,compressed_ring_ar
1778545222.589767,1,50,1.833205,100.82,186.182,1264.0,2,4,compressed_ring_ar
1778545223.8555317,1,51,1.911716,104.86,295.651,1217.547,2,4,compressed_ring_ar
1778545225.157321,1,52,1.829671,101.59,172.416,1258.258,2,4,compressed_ring_ar
1778545226.503925,1,53,1.888255,98.56,171.584,1297.578,2,4,compressed_ring_ar
1778545228.046533,1,54,1.844221,85.73,381.354,1491.744,2,4,compressed_ring_ar
1778545229.4371345,1,55,1.742097,95.25,191.722,1342.427,2,4,compressed_ring_ar
1778545230.906643,1,56,1.79591,89.4,425.668,1429.68,2,4,compressed_ring_ar
1778545232.2398117,1,57,1.936967,99.24,426.738,1288.504,2,4,compressed_ring_ar
1778545233.559486,1,58,1.826206,100.69,212.954,1269.792,2,4,compressed_ring_ar
1778545234.933889,1,59,1.860226,96.13,204.422,1329.343,2,4,compressed_ring_ar
1778545236.4208653,1,60,1.84788,88.3,512.868,1444.14,2,4,compressed_ring_ar
1778545237.7787664,1,61,1.705166,97.52,214.648,1309.363,2,4,compressed_ring_ar
1778545239.3395064,1,62,1.687683,84.96,210.384,1505.271,2,4,compressed_ring_ar
1778545240.7161012,1,63,1.748781,97.4,224.517,1312.02,2,4,compressed_ring_ar
1778545242.0840826,1,64,1.665236,97.38,207.858,1312.34,2,4,compressed_ring_ar
1778545243.6078672,1,65,1.948387,86.36,370.012,1480.785,2,4,compressed_ring_ar
1778545244.9282916,1,66,1.863647,101.05,184.46,1264.268,2,4,compressed_ring_ar
1778545246.2251103,1,67,1.735631,101.63,262.886,1258.065,2,4,compressed_ring_ar
1778545247.6093798,1,68,1.903364,94.98,404.273,1345.507,2,4,compressed_ring_ar
1778545249.0075896,1,69,1.813072,94.39,304.663,1353.43,2,4,compressed_ring_ar
1778545250.519469,1,70,1.777741,87.05,383.473,1469.366,2,4,compressed_ring_ar
1778545252.0911956,1,71,1.763195,86.04,187.689,1486.295,2,4,compressed_ring_ar
1778545253.392243,1,72,1.760412,102.1,173.772,1252.652,2,4,compressed_ring_ar
1778545254.8310726,1,73,1.752028,91.49,432.741,1394.468,2,4,compressed_ring_ar
1778545256.1136208,1,74,1.756542,104.29,206.045,1225.951,2,4,compressed_ring_ar
1778545257.5421307,1,75,1.777751,92.22,342.452,1385.209,2,4,compressed_ring_ar
1778545258.9824579,1,76,1.897302,92.03,317.919,1389.589,2,4,compressed_ring_ar
1778545260.4045212,1,77,1.683788,94.6,238.406,1351.687,2,4,compressed_ring_ar
1778545261.7269015,1,78,1.615464,100.61,294.987,1269.306,2,4,compressed_ring_ar
1778545263.0968575,1,79,1.720014,96.23,647.359,1328.004,2,4,compressed_ring_ar
1778545264.4382179,1,80,1.594001,98.79,190.569,1291.098,2,4,compressed_ring_ar
1778545265.8313377,1,81,1.724953,95.23,175.44,1342.66,2,4,compressed_ring_ar
1778545267.2089188,1,82,1.73324,95.95,386.058,1330.97,2,4,compressed_ring_ar
1778545268.6848087,1,83,1.640651,88.9,216.261,1436.042,2,4,compressed_ring_ar
1778545270.2002985,1,84,1.802657,86.94,274.911,1470.152,2,4,compressed_ring_ar
1778545271.6509302,1,85,1.798427,91.02,201.547,1404.877,2,4,compressed_ring_ar
1778545273.0012739,1,86,1.801421,98.85,202.009,1293.501,2,4,compressed_ring_ar
1778545274.3920524,1,87,1.571833,95.19,420.695,1342.554,2,4,compressed_ring_ar
1778545275.8618898,1,88,1.696349,89.28,383.493,1429.392,2,4,compressed_ring_ar
1778545277.5170352,1,89,1.669789,80.56,280.017,1587.536,2,4,compressed_ring_ar
1778545279.021292,1,90,1.82553,88.95,200.543,1437.109,2,4,compressed_ring_ar
1778545280.3589385,1,91,1.783126,99.75,320.014,1279.328,2,4,compressed_ring_ar
1778545281.753411,1,92,1.684517,95.11,306.247,1340.622,2,4,compressed_ring_ar
1778545283.2277322,1,93,1.756781,89.52,414.698,1428.622,2,4,compressed_ring_ar
1778545284.5542386,1,94,1.686674,99.96,228.421,1279.003,2,4,compressed_ring_ar
1778545285.9669082,1,95,1.594006,94.2,193.89,1357.471,2,4,compressed_ring_ar
1778545287.407543,1,96,1.701389,92.67,236.541,1379.841,2,4,compressed_ring_ar
1778545288.7175767,1,97,1.818126,66.56,217.197,1259.1,2,4,compressed_ring_ar
1778545300.4386628,2,0,1.722154,88.48,430.136,1444.648,2,4,compressed_ring_ar
1778545301.9074702,2,1,1.56152,91.45,479.073,1395.087,2,4,compressed_ring_ar
1778545303.3772438,2,2,1.646554,90.53,214.812,1409.241,2,4,compressed_ring_ar
1778545304.5777519,2,3,1.75586,112.86,251.273,1129.456,2,4,compressed_ring_ar
1778545305.7926664,2,4,1.626533,111.93,191.473,1138.436,2,4,compressed_ring_ar
1778545307.1583977,2,5,1.680948,96.23,293.232,1326.456,2,4,compressed_ring_ar
1778545308.6702259,2,6,1.656994,89.6,247.627,1424.61,2,4,compressed_ring_ar
1778545309.7633889,2,7,1.6511,125.18,140.944,1021.336,2,4,compressed_ring_ar
1778545311.2650871,2,8,1.657732,88.11,511.929,1450.34,2,4,compressed_ring_ar
1778545312.5607734,2,9,1.698805,102.03,224.726,1252.835,2,4,compressed_ring_ar
1778545314.0288699,2,10,1.643978,89.88,177.231,1421.407,2,4,compressed_ring_ar
1778545315.408291,2,11,1.570138,95.61,192.116,1334.251,2,4,compressed_ring_ar
1778545316.7173848,2,12,1.588153,101.14,197.116,1264.243,2,4,compressed_ring_ar
1778545318.0310066,2,13,1.686819,100.92,204.818,1263.856,2,4,compressed_ring_ar
1778545319.3162727,2,14,1.57322,103.46,288.171,1231.884,2,4,compressed_ring_ar
1778545320.6560738,2,15,1.630453,98.31,297.403,1296.439,2,4,compressed_ring_ar
1778545322.0465531,2,16,1.77572,94.97,208.997,1339.023,2,4,compressed_ring_ar
1778545323.3511178,2,17,1.77773,100.86,192.768,1264.053,2,4,compressed_ring_ar
1778545324.645255,2,18,1.68073,102.54,149.927,1247.603,2,4,compressed_ring_ar
1778545326.0494463,2,19,1.552249,94.94,228.022,1342.186,2,4,compressed_ring_ar
1778545327.2355227,2,20,1.668371,112.62,193.753,1131.007,2,4,compressed_ring_ar
1778545328.5600839,2,21,1.622928,99.33,366.085,1283.99,2,4,compressed_ring_ar
1778545329.7967143,2,22,1.597623,106.98,200.938,1195.265,2,4,compressed_ring_ar
1778545331.1726553,2,23,1.70356,96.42,281.174,1321.513,2,4,compressed_ring_ar
1778545332.3990576,2,24,1.601086,108.09,198.179,1182.835,2,4,compressed_ring_ar
1778545333.8117998,2,25,1.586619,93.54,274.281,1361.392,2,4,compressed_ring_ar
1778545335.1008985,2,26,1.618535,102.58,209.51,1246.655,2,4,compressed_ring_ar
1778545336.642366,2,27,1.62519,87.57,486.226,1457.09,2,4,compressed_ring_ar
1778545338.018362,2,28,1.534127,98.29,290.173,1293.036,2,4,compressed_ring_ar
1778545339.2520432,2,29,1.444412,107.09,234.905,1190.327,2,4,compressed_ring_ar
1778545340.5069737,2,30,1.661905,106.06,268.302,1201.813,2,4,compressed_ring_ar
1778545341.728571,2,31,1.672472,110.88,237.828,1151.945,2,4,compressed_ring_ar
1778545343.076118,2,32,1.491005,98.39,257.0,1296.481,2,4,compressed_ring_ar
1778545344.4685004,2,33,1.662165,94.97,444.878,1343.028,2,4,compressed_ring_ar
1778545345.706957,2,34,1.688901,108.54,234.921,1175.426,2,4,compressed_ring_ar
1778545347.0827267,2,35,1.554528,97.29,200.398,1314.259,2,4,compressed_ring_ar
1778545348.4081676,2,36,1.773005,101.08,260.268,1265.085,2,4,compressed_ring_ar
1778545349.5349548,2,37,1.590084,119.71,214.649,1064.045,2,4,compressed_ring_ar
1778545350.7911458,2,38,1.669731,106.25,214.075,1199.287,2,4,compressed_ring_ar
1778545352.0022838,2,39,1.535947,109.16,188.272,1171.285,2,4,compressed_ring_ar
1778545353.3429646,2,40,1.600215,98.4,173.864,1299.46,2,4,compressed_ring_ar
1778545354.7642453,2,41,1.575552,93.37,190.616,1368.759,2,4,compressed_ring_ar
1778545356.2295442,2,42,1.639712,89.47,582.342,1429.192,2,4,compressed_ring_ar
1778545357.703776,2,43,1.693873,89.41,204.002,1429.506,2,4,compressed_ring_ar
1778545358.9797757,2,44,1.540273,104.29,146.652,1226.08,2,4,compressed_ring_ar
1778545360.4748857,2,45,1.57869,88.74,428.814,1437.134,2,4,compressed_ring_ar
1778545361.6488554,2,46,1.601519,114.04,238.36,1121.081,2,4,compressed_ring_ar
1778545362.9769764,2,47,1.600604,100.31,235.244,1268.484,2,4,compressed_ring_ar
1778545364.1714604,2,48,1.738925,110.62,176.052,1156.236,2,4,compressed_ring_ar
1778545365.4939628,2,49,1.572276,103.25,397.676,1238.319,2,4,compressed_ring_ar
1778545366.8802557,2,50,1.608882,95.29,196.398,1341.854,2,4,compressed_ring_ar
1778545368.632073,2,51,1.629305,74.92,272.148,1707.322,2,4,compressed_ring_ar
1778545369.9834661,2,52,1.775867,99.08,184.521,1286.672,2,4,compressed_ring_ar
1778545371.3060155,2,53,1.572896,100.27,214.023,1272.157,2,4,compressed_ring_ar
1778545372.5449784,2,54,1.71202,107.32,198.982,1187.211,2,4,compressed_ring_ar
1778545373.7681205,2,55,1.510133,108.08,220.442,1180.445,2,4,compressed_ring_ar
1778545374.9699786,2,56,1.750081,111.3,225.454,1145.345,2,4,compressed_ring_ar
1778545376.3310094,2,57,1.541199,97.4,214.133,1307.651,2,4,compressed_ring_ar
1778545377.6803467,2,58,1.690371,97.55,229.306,1306.75,2,4,compressed_ring_ar
1778545378.9028091,2,59,1.535292,108.28,210.326,1180.744,2,4,compressed_ring_ar
1778545380.374024,2,60,1.586861,90.64,271.947,1405.378,2,4,compressed_ring_ar
1778545381.59105,2,61,1.590173,109.25,196.563,1167.171,2,4,compressed_ring_ar
1778545382.894207,2,62,1.548336,101.54,207.777,1253.787,2,4,compressed_ring_ar
1778545384.2449298,2,63,1.493295,97.6,194.182,1306.716,2,4,compressed_ring_ar
1778545385.5704002,2,64,1.56696,99.17,363.19,1285.893,2,4,compressed_ring_ar
1778545386.7417154,2,65,1.455348,117.02,176.605,1091.295,2,4,compressed_ring_ar
1778545388.100562,2,66,1.615322,98.84,366.165,1290.481,2,4,compressed_ring_ar
1778545389.5075736,2,67,1.486384,93.39,248.488,1365.257,2,4,compressed_ring_ar
1778545391.055594,2,68,1.694287,85.54,242.446,1495.0,2,4,compressed_ring_ar
1778545392.3352098,2,69,1.519087,106.25,402.603,1200.443,2,4,compressed_ring_ar
1778545393.811828,2,70,1.650615,89.57,239.761,1423.832,2,4,compressed_ring_ar
1778545395.1454632,2,71,1.534659,99.4,209.763,1280.913,2,4,compressed_ring_ar
1778545396.5840733,2,72,1.643853,91.8,339.354,1387.086,2,4,compressed_ring_ar
1778545397.8569605,2,73,1.524644,103.48,262.177,1231.004,2,4,compressed_ring_ar
1778545399.1735413,2,74,1.720714,100.39,230.95,1268.448,2,4,compressed_ring_ar
1778545400.4337313,2,75,1.496298,104.7,212.037,1216.911,2,4,compressed_ring_ar
1778545401.5712895,2,76,1.513687,117.02,171.099,1089.304,2,4,compressed_ring_ar
1778545402.7990806,2,77,1.544301,107.06,278.547,1194.369,2,4,compressed_ring_ar
1778545404.0274253,2,78,1.596244,110.09,207.715,1160.94,2,4,compressed_ring_ar
1778545405.4245937,2,79,1.611109,94.2,261.044,1357.446,2,4,compressed_ring_ar
1778545406.6620681,2,80,1.53129,108.68,199.49,1170.318,2,4,compressed_ring_ar
1778545407.7726116,2,81,1.531024,119.46,234.312,1066.936,2,4,compressed_ring_ar
1778545409.0308578,2,82,1.594062,105.19,199.629,1211.852,2,4,compressed_ring_ar
1778545410.2641923,2,83,1.496825,107.17,222.933,1188.374,2,4,compressed_ring_ar
1778545411.7699156,2,84,1.468049,87.22,215.378,1465.969,2,4,compressed_ring_ar
1778545413.0569696,2,85,1.693484,104.33,214.963,1225.641,2,4,compressed_ring_ar
1778545414.4496198,2,86,1.466637,95.1,248.778,1338.361,2,4,compressed_ring_ar
1778545415.660092,2,87,1.547864,109.76,213.004,1161.426,2,4,compressed_ring_ar
1778545417.0093384,2,88,1.544197,97.84,206.62,1306.945,2,4,compressed_ring_ar
1778545418.3231366,2,89,1.390713,100.81,201.115,1265.938,2,4,compressed_ring_ar
1778545419.6694252,2,90,1.593029,98.84,214.75,1289.784,2,4,compressed_ring_ar
1778545421.1192136,2,91,1.607919,92.05,355.153,1385.571,2,4,compressed_ring_ar
1778545422.5132253,2,92,1.393185,94.92,249.564,1344.623,2,4,compressed_ring_ar
1778545423.835259,2,93,1.427348,101.43,287.89,1256.401,2,4,compressed_ring_ar
1778545425.2555463,2,94,1.559097,93.02,248.731,1369.163,2,4,compressed_ring_ar
1778545426.6055074,2,95,1.533725,98.08,216.33,1297.833,2,4,compressed_ring_ar
1778545428.1119719,2,96,1.626464,88.22,342.894,1443.2,2,4,compressed_ring_ar
1778545429.5557852,2,97,1.483681,60.68,192.871,1379.587,2,4,compressed_ring_ar
1778545441.0392811,3,0,1.430633,94.31,209.092,1353.506,2,4,compressed_ring_ar
1778545442.3713584,3,1,1.714844,98.8,285.897,1287.577,2,4,compressed_ring_ar
1778545443.454347,3,2,1.481579,125.48,145.559,1019.203,2,4,compressed_ring_ar
1778545444.917495,3,3,1.478847,92.95,200.033,1376.134,2,4,compressed_ring_ar
1778545446.0503914,3,4,1.499505,118.92,193.535,1075.25,2,4,compressed_ring_ar
1778545447.4526744,3,5,1.326549,94.31,482.835,1352.374,2,4,compressed_ring_ar
1778545448.5552332,3,6,1.528922,121.69,142.728,1050.643,2,4,compressed_ring_ar
1778545449.8978143,3,7,1.456129,100.77,655.85,1268.428,2,4,compressed_ring_ar
1778545451.4652746,3,8,1.519722,84.44,255.164,1509.993,2,4,compressed_ring_ar
1778545452.815366,3,9,1.558762,99.0,394.109,1286.84,2,4,compressed_ring_ar
1778545454.1289644,3,10,1.578188,100.71,241.18,1264.574,2,4,compressed_ring_ar
1778545455.4868233,3,11,1.565303,97.67,191.354,1305.526,2,4,compressed_ring_ar
1778545456.7061443,3,12,1.586176,108.76,201.059,1171.517,2,4,compressed_ring_ar
1778545457.9564226,3,13,1.536078,107.25,274.558,1187.856,2,4,compressed_ring_ar
1778545459.1403604,3,14,1.460919,111.84,178.374,1142.374,2,4,compressed_ring_ar
1778545460.5048683,3,15,1.513481,96.77,523.795,1316.964,2,4,compressed_ring_ar
1778545461.6972108,3,16,1.650246,114.29,329.352,1118.236,2,4,compressed_ring_ar
1778545462.9199321,3,17,1.612963,109.79,401.773,1164.639,2,4,compressed_ring_ar
1778545464.3046558,3,18,1.691374,98.37,708.18,1296.589,2,4,compressed_ring_ar
1778545465.615257,3,19,1.463801,101.01,275.85,1262.197,2,4,compressed_ring_ar
1778545466.9571068,3,20,1.624819,99.08,541.101,1289.779,2,4,compressed_ring_ar
1778545468.1745574,3,21,1.610851,110.34,395.358,1158.723,2,4,compressed_ring_ar
1778545469.7609477,3,22,1.417271,85.94,291.164,1488.393,2,4,compressed_ring_ar
1778545471.0159273,3,23,1.436468,108.25,274.367,1179.858,2,4,compressed_ring_ar
1778545472.2804265,3,24,1.550127,104.53,362.167,1222.712,2,4,compressed_ring_ar
1778545473.595344,3,25,1.515306,101.04,417.299,1264.433,2,4,compressed_ring_ar
1778545474.9690928,3,26,1.572586,96.52,297.591,1322.075,2,4,compressed_ring_ar
1778545476.2354262,3,27,1.554871,103.99,264.09,1225.546,2,4,compressed_ring_ar
1778545477.477491,3,28,1.623727,108.14,300.86,1181.825,2,4,compressed_ring_ar
1778545478.7885582,3,29,1.538028,100.56,406.808,1266.571,2,4,compressed_ring_ar
1778545480.2163541,3,30,1.536647,93.06,405.37,1370.498,2,4,compressed_ring_ar
1778545481.6277068,3,31,1.408809,93.16,280.997,1372.823,2,4,compressed_ring_ar
1778545483.160346,3,32,1.633629,87.14,530.127,1464.137,2,4,compressed_ring_ar
1778545484.4053228,3,33,1.679258,108.87,206.298,1171.054,2,4,compressed_ring_ar
1778545485.6873608,3,34,1.516476,102.92,185.126,1239.603,2,4,compressed_ring_ar
1778545487.261615,3,35,1.624843,84.36,454.092,1512.407,2,4,compressed_ring_ar
1778545488.5585842,3,36,1.58908,102.51,224.883,1246.192,2,4,compressed_ring_ar
1778545489.928395,3,37,1.465137,96.87,310.529,1316.871,2,4,compressed_ring_ar
1778545491.2188365,3,38,1.412781,103.19,193.84,1232.845,2,4,compressed_ring_ar
1778545492.4698775,3,39,1.488804,106.24,263.794,1199.89,2,4,compressed_ring_ar
1778545493.9991348,3,40,1.454159,86.48,261.778,1476.026,2,4,compressed_ring_ar
1778545495.2108953,3,41,1.554782,109.04,202.202,1169.378,2,4,compressed_ring_ar
1778545496.5115488,3,42,1.518217,101.83,199.415,1255.902,2,4,compressed_ring_ar
1778545497.6914337,3,43,1.532677,113.28,206.898,1128.743,2,4,compressed_ring_ar
1778545499.1155512,3,44,1.647583,94.62,754.443,1347.813,2,4,compressed_ring_ar
1778545500.337647,3,45,1.480652,108.5,220.282,1177.129,2,4,compressed_ring_ar
1778545501.7321043,3,46,1.368538,94.62,253.122,1346.675,2,4,compressed_ring_ar
1778545503.0528991,3,47,1.507086,100.57,262.184,1265.91,2,4,compressed_ring_ar
1778545504.3101878,3,48,1.596346,105.05,211.433,1214.493,2,4,compressed_ring_ar
1778545505.5814195,3,49,1.540796,104.32,224.332,1225.624,2,4,compressed_ring_ar
1778545506.8630073,3,50,1.674568,103.45,182.937,1231.863,2,4,compressed_ring_ar
1778545508.166948,3,51,1.536934,101.78,207.432,1255.888,2,4,compressed_ring_ar
1778545509.6317925,3,52,1.525813,89.86,405.227,1423.15,2,4,compressed_ring_ar
1778545511.117811,3,53,1.415927,89.3,272.923,1426.145,2,4,compressed_ring_ar
1778545512.2910588,3,54,1.527101,114.02,197.046,1115.318,2,4,compressed_ring_ar
1778545513.5097477,3,55,1.604472,109.71,202.747,1161.931,2,4,compressed_ring_ar
1778545514.8918736,3,56,1.590482,95.47,197.49,1335.508,2,4,compressed_ring_ar
1778545516.30591,3,57,1.436957,93.82,215.939,1358.886,2,4,compressed_ring_ar
1778545517.5423799,3,58,1.493963,107.11,213.099,1187.545,2,4,compressed_ring_ar
1778545518.690634,3,59,1.44682,117.58,179.598,1086.412,2,4,compressed_ring_ar
1778545520.113274,3,60,1.494952,93.17,406.601,1369.242,2,4,compressed_ring_ar
1778545521.3835135,3,61,1.749313,105.13,228.813,1213.138,2,4,compressed_ring_ar
1778545522.9602158,3,62,1.614318,84.38,228.628,1511.947,2,4,compressed_ring_ar
1778545524.2452338,3,63,1.564224,102.65,239.829,1242.427,2,4,compressed_ring_ar
1778545525.4915836,3,64,1.410815,106.49,249.623,1198.203,2,4,compressed_ring_ar
1778545526.8449738,3,65,1.625505,98.71,202.487,1292.07,2,4,compressed_ring_ar
1778545528.1176581,3,66,1.535018,105.41,258.619,1208.27,2,4,compressed_ring_ar
1778545529.4277244,3,67,1.542358,101.47,128.48,1260.279,2,4,compressed_ring_ar
1778545531.0569904,3,68,1.511666,82.32,735.859,1554.02,2,4,compressed_ring_ar
1778545532.3609295,3,69,1.618814,101.62,183.245,1258.483,2,4,compressed_ring_ar
1778545533.5620308,3,70,1.344744,111.8,660.641,1143.606,2,4,compressed_ring_ar
1778545534.9344358,3,71,1.394341,99.35,690.273,1282.858,2,4,compressed_ring_ar
1778545536.0902479,3,72,1.539532,115.48,187.21,1103.912,2,4,compressed_ring_ar
1778545537.6054537,3,73,1.55659,86.89,246.946,1469.237,2,4,compressed_ring_ar
1778545539.0251713,3,74,1.545785,92.6,383.044,1377.59,2,4,compressed_ring_ar
1778545540.3303604,3,75,1.493979,101.87,236.371,1251.644,2,4,compressed_ring_ar
1778545541.6620853,3,76,1.554101,98.69,383.365,1295.6,2,4,compressed_ring_ar
1778545543.2244313,3,77,1.464246,83.93,452.879,1520.037,2,4,compressed_ring_ar
1778545544.540522,3,78,1.584739,100.75,190.637,1268.843,2,4,compressed_ring_ar
1778545545.8115656,3,79,1.418033,104.16,298.674,1223.02,2,4,compressed_ring_ar
1778545547.0669374,3,80,1.580169,106.39,203.269,1197.379,2,4,compressed_ring_ar
1778545548.2252386,3,81,1.62355,114.07,261.409,1119.651,2,4,compressed_ring_ar
1778545549.68252,3,82,1.592117,92.63,204.985,1377.23,2,4,compressed_ring_ar
1778545550.912975,3,83,1.544944,107.22,323.81,1189.212,2,4,compressed_ring_ar
1778545552.1018937,3,84,1.464692,111.81,334.674,1139.52,2,4,compressed_ring_ar
1778545553.3907273,3,85,1.485574,104.14,181.529,1226.021,2,4,compressed_ring_ar
1778545554.8099585,3,86,1.546731,92.87,638.271,1375.089,2,4,compressed_ring_ar
1778545556.074513,3,87,1.523006,104.78,204.548,1216.157,2,4,compressed_ring_ar
1778545557.4254105,3,88,1.607893,98.16,387.443,1298.684,2,4,compressed_ring_ar
1778545558.624642,3,89,1.445711,110.43,215.383,1157.006,2,4,compressed_ring_ar
1778545559.9501898,3,90,1.507344,99.55,285.513,1284.434,2,4,compressed_ring_ar
1778545561.3188627,3,91,1.439045,96.73,209.248,1320.446,2,4,compressed_ring_ar
1778545562.5662003,3,92,1.405577,106.33,166.722,1199.155,2,4,compressed_ring_ar
1778545564.0909426,3,93,1.381183,86.25,259.288,1481.803,2,4,compressed_ring_ar
1778545565.3163202,3,94,1.48553,112.1,356.827,1137.216,2,4,compressed_ring_ar
1778545566.5540073,3,95,1.56488,106.43,249.194,1199.58,2,4,compressed_ring_ar
1778545567.8595884,3,96,1.543863,101.18,325.06,1263.923,2,4,compressed_ring_ar
1778545569.0687811,3,97,1.534935,71.94,209.057,1161.411,2,4,compressed_ring_ar
1778545580.7292464,4,0,1.716953,89.1,203.001,1433.372,2,4,compressed_ring_ar
1778545581.9853861,4,1,1.387889,108.19,352.425,1177.122,2,4,compressed_ring_ar
1778545583.3727083,4,2,1.392276,95.87,244.565,1329.768,2,4,compressed_ring_ar
1778545584.893565,4,3,1.517451,90.73,327.557,1410.16,2,4,compressed_ring_ar
1778545586.3313427,4,4,1.445271,94.24,533.764,1357.088,2,4,compressed_ring_ar
1778545587.7670465,4,5,1.512022,93.66,739.299,1361.965,2,4,compressed_ring_ar
1778545589.0298166,4,6,1.698746,104.83,162.137,1218.825,2,4,compressed_ring_ar
1778545590.4073849,4,7,1.493083,97.99,484.308,1304.976,2,4,compressed_ring_ar
1778545591.8218148,4,8,1.445621,96.93,694.392,1314.372,2,4,compressed_ring_ar
1778545593.1439898,4,9,1.538975,99.62,401.924,1279.761,2,4,compressed_ring_ar
1778545594.537863,4,10,1.48521,94.55,354.201,1348.958,2,4,compressed_ring_ar
1778545595.7053144,4,11,1.606132,115.08,211.988,1106.649,2,4,compressed_ring_ar
1778545596.8701034,4,12,1.317885,113.49,272.247,1126.246,2,4,compressed_ring_ar
1778545598.204706,4,13,1.427955,101.22,487.427,1260.31,2,4,compressed_ring_ar
1778545599.364986,4,14,1.314406,115.64,161.201,1105.339,2,4,compressed_ring_ar
1778545600.6738093,4,15,1.572405,102.94,454.876,1242.245,2,4,compressed_ring_ar
1778545601.9669437,4,16,1.309508,103.52,335.402,1235.511,2,4,compressed_ring_ar
1778545603.4430916,4,17,1.471255,90.46,401.249,1414.066,2,4,compressed_ring_ar
1778545604.4728715,4,18,1.48955,132.68,203.738,962.597,2,4,compressed_ring_ar
1778545605.8176553,4,19,1.544383,99.75,476.155,1282.769,2,4,compressed_ring_ar
1778545607.3195674,4,20,1.555279,89.95,815.216,1415.983,2,4,compressed_ring_ar
1778545608.8095343,4,21,1.475249,88.24,228.244,1446.234,2,4,compressed_ring_ar
1778545610.2038462,4,22,1.387783,94.83,205.261,1345.434,2,4,compressed_ring_ar
1778545611.4854288,4,23,1.447837,102.71,350.796,1245.08,2,4,compressed_ring_ar
1778545612.8879235,4,24,1.462838,97.15,748.505,1315.964,2,4,compressed_ring_ar
1778545614.1274889,4,25,1.643286,107.69,250.202,1187.064,2,4,compressed_ring_ar
1778545615.4997025,4,26,1.518438,97.55,554.563,1308.787,2,4,compressed_ring_ar
1778545617.0678997,4,27,1.333856,84.64,281.984,1511.095,2,4,compressed_ring_ar
1778545618.2318287,4,28,1.345032,116.53,142.879,1095.687,2,4,compressed_ring_ar
1778545619.6425185,4,29,1.27608,93.81,398.473,1362.072,2,4,compressed_ring_ar
1778545621.1279738,4,30,1.53765,89.24,714.608,1429.113,2,4,compressed_ring_ar
1778545622.3136473,4,31,1.504664,112.0,240.325,1141.431,2,4,compressed_ring_ar
1778545623.5763943,4,32,1.488299,105.26,216.654,1213.759,2,4,compressed_ring_ar
1778545624.8806994,4,33,1.442261,102.91,294.938,1236.273,2,4,compressed_ring_ar
1778545626.1452906,4,34,1.401184,105.03,183.446,1216.152,2,4,compressed_ring_ar
1778545627.420102,4,35,1.40353,104.74,236.162,1220.915,2,4,compressed_ring_ar
1778545628.8424828,4,36,1.329042,94.93,553.96,1344.754,2,4,compressed_ring_ar
1778545630.080053,4,37,1.57527,106.63,335.718,1199.091,2,4,compressed_ring_ar
1778545631.483998,4,38,1.40555,95.8,363.668,1331.999,2,4,compressed_ring_ar
1778545632.8771372,4,39,1.279516,94.56,162.961,1351.057,2,4,compressed_ring_ar
1778545634.2276871,4,40,1.437588,98.37,354.449,1295.306,2,4,compressed_ring_ar
1778545635.3291306,4,41,1.432257,122.28,160.282,1045.644,2,4,compressed_ring_ar
1778545636.610832,4,42,1.500752,105.36,453.797,1213.547,2,4,compressed_ring_ar
1778545638.0436094,4,43,1.453567,94.29,711.076,1354.67,2,4,compressed_ring_ar
1778545639.3823252,4,44,1.302985,98.86,465.43,1289.675,2,4,compressed_ring_ar
1778545640.636281,4,45,1.590628,107.24,313.651,1192.508,2,4,compressed_ring_ar
1778545642.0238001,4,46,1.374086,96.99,400.698,1313.238,2,4,compressed_ring_ar
1778545643.2243912,4,47,1.467523,110.66,144.388,1155.514,2,4,compressed_ring_ar
1778545644.518108,4,48,1.49345,103.46,377.448,1235.951,2,4,compressed_ring_ar
1778545645.9021327,4,49,1.583239,96.92,459.338,1316.852,2,4,compressed_ring_ar
1778545647.4815392,4,50,1.505891,83.23,308.58,1536.599,2,4,compressed_ring_ar
1778545648.9176095,4,51,1.548047,94.56,223.464,1349.102,2,4,compressed_ring_ar
1778545650.300474,4,52,1.467369,95.48,271.938,1339.282,2,4,compressed_ring_ar
1778545651.5878315,4,53,1.49829,104.97,139.778,1217.489,2,4,compressed_ring_ar
1778545652.9248447,4,54,1.437144,99.21,272.496,1288.817,2,4,compressed_ring_ar
1778545654.2251084,4,55,1.584184,101.52,300.731,1256.194,2,4,compressed_ring_ar
1778545655.463928,4,56,1.442935,106.62,239.555,1199.266,2,4,compressed_ring_ar
1778545656.7944634,4,57,1.567907,100.17,330.189,1271.833,2,4,compressed_ring_ar
1778545658.0232968,4,58,1.411594,107.41,194.002,1186.59,2,4,compressed_ring_ar
1778545659.2065387,4,59,1.58833,117.83,227.445,1079.251,2,4,compressed_ring_ar
1778545660.441011,4,60,1.445457,108.01,251.263,1180.402,2,4,compressed_ring_ar
1778545661.9070926,4,61,1.237054,90.54,282.044,1412.585,2,4,compressed_ring_ar
1778545663.2120721,4,62,1.556697,101.96,202.145,1249.071,2,4,compressed_ring_ar
1778545664.4954662,4,63,1.576729,104.68,247.581,1220.357,2,4,compressed_ring_ar
1778545665.918993,4,64,1.386053,92.67,365.4,1378.68,2,4,compressed_ring_ar
1778545667.2560174,4,65,1.415564,99.41,311.847,1281.918,2,4,compressed_ring_ar
1778545668.5767233,4,66,1.561141,100.22,216.619,1273.392,2,4,compressed_ring_ar
1778545669.9529116,4,67,1.597702,96.29,242.953,1322.215,2,4,compressed_ring_ar
1778545671.2374263,4,68,1.420781,102.74,332.581,1244.72,2,4,compressed_ring_ar
1778545672.5167818,4,69,1.371083,106.19,209.697,1198.504,2,4,compressed_ring_ar
1778545673.7938592,4,70,1.353709,103.16,214.467,1236.134,2,4,compressed_ring_ar
1778545674.9772956,4,71,1.567403,112.11,182.254,1140.477,2,4,compressed_ring_ar
1778545676.3798428,4,72,1.342777,95.85,288.899,1334.142,2,4,compressed_ring_ar
1778545677.5407066,4,73,1.401668,117.91,136.487,1083.67,2,4,compressed_ring_ar
1778545678.8205106,4,74,1.580678,103.42,426.724,1236.476,2,4,compressed_ring_ar
1778545680.1469731,4,75,1.582559,103.62,630.409,1233.979,2,4,compressed_ring_ar
1778545681.6399434,4,76,1.615532,90.24,391.629,1416.547,2,4,compressed_ring_ar
1778545683.120294,4,77,1.417723,90.09,604.199,1416.141,2,4,compressed_ring_ar
1778545684.405992,4,78,1.424984,105.39,293.128,1213.165,2,4,compressed_ring_ar
1778545685.914527,4,79,1.516244,87.04,396.756,1466.056,2,4,compressed_ring_ar
1778545687.366324,4,80,1.558269,91.25,211.654,1398.253,2,4,compressed_ring_ar
1778545688.7927666,4,81,1.621303,94.06,212.017,1356.178,2,4,compressed_ring_ar
1778545690.0542378,4,82,1.393266,104.6,246.976,1222.49,2,4,compressed_ring_ar
1778545691.64767,4,83,1.570811,83.57,301.048,1527.242,2,4,compressed_ring_ar
1778545692.964407,4,84,1.555869,101.2,223.616,1261.658,2,4,compressed_ring_ar
1778545694.3950624,4,85,1.524309,91.98,358.332,1390.231,2,4,compressed_ring_ar
1778545695.7427382,4,86,1.47924,98.43,175.457,1299.184,2,4,compressed_ring_ar
1778545697.080337,4,87,1.540108,99.17,199.531,1285.858,2,4,compressed_ring_ar
1778545698.5016124,4,88,1.428092,93.47,202.343,1365.705,2,4,compressed_ring_ar
1778545699.8325224,4,89,1.398094,98.81,210.901,1290.937,2,4,compressed_ring_ar
1778545701.232112,4,90,1.426713,94.67,216.46,1350.963,2,4,compressed_ring_ar
1778545702.6631675,4,91,1.418333,92.43,261.749,1383.37,2,4,compressed_ring_ar
1778545704.0687206,4,92,1.47255,95.44,311.29,1331.483,2,4,compressed_ring_ar
1778545705.4147625,4,93,1.415374,99.04,250.103,1287.584,2,4,compressed_ring_ar
1778545706.8696432,4,94,1.462198,91.89,241.983,1385.27,2,4,compressed_ring_ar
1778545708.1870375,4,95,1.27182,101.23,206.596,1259.769,2,4,compressed_ring_ar
1778545709.4491773,4,96,1.42822,104.65,361.396,1217.595,2,4,compressed_ring_ar
1778545710.6010463,4,97,1.383947,76.19,210.507,1094.016,2,4,compressed_ring_ar
1778545722.4968233,5,0,1.582338,81.39,379.09,1569.055,2,4,compressed_ring_ar
1778545723.9067636,5,1,1.570587,93.36,731.57,1365.382,2,4,compressed_ring_ar
1778545725.29585,5,2,1.537872,94.85,235.828,1344.44,2,4,compressed_ring_ar
1778545726.5711732,5,3,1.540987,104.99,176.43,1217.071,2,4,compressed_ring_ar
1778545727.9420736,5,4,1.498719,96.21,443.7,1329.207,2,4,compressed_ring_ar
1778545729.3611522,5,5,1.510266,93.89,401.501,1360.954,2,4,compressed_ring_ar
1778545730.780189,5,6,1.334235,93.55,213.802,1366.977,2,4,compressed_ring_ar
1778545732.2679696,5,7,1.251265,89.36,190.416,1426.209,2,4,compressed_ring_ar
1778545733.6449149,5,8,1.401376,96.27,224.538,1325.726,2,4,compressed_ring_ar
1778545734.9124508,5,9,1.52504,105.9,263.417,1203.914,2,4,compressed_ring_ar
1778545736.1708357,5,10,1.282964,105.49,193.464,1205.966,2,4,compressed_ring_ar
1778545737.502631,5,11,1.351474,98.84,212.335,1288.089,2,4,compressed_ring_ar
1778545738.7444751,5,12,1.312043,107.53,207.929,1188.281,2,4,compressed_ring_ar
1778545740.0748417,5,13,1.501541,99.16,216.264,1286.139,2,4,compressed_ring_ar
1778545741.3555305,5,14,1.350596,103.48,428.496,1232.429,2,4,compressed_ring_ar
1778545742.5328555,5,15,1.434928,112.94,363.542,1132.039,2,4,compressed_ring_ar
1778545743.9670012,5,16,1.535874,92.63,328.84,1377.232,2,4,compressed_ring_ar
1778545745.2452838,5,17,1.533933,103.67,354.098,1227.635,2,4,compressed_ring_ar
1778545746.6646736,5,18,1.397176,92.61,194.114,1379.503,2,4,compressed_ring_ar
1778545748.1376562,5,19,1.378383,89.69,391.282,1425.948,2,4,compressed_ring_ar
1778545749.5422075,5,20,1.482711,94.2,257.097,1354.236,2,4,compressed_ring_ar
1778545750.7023993,5,21,1.450408,115.64,214.103,1105.668,2,4,compressed_ring_ar
1778545752.0080054,5,22,1.361553,101.76,202.489,1256.576,2,4,compressed_ring_ar
1778545753.3651059,5,23,1.540496,97.56,218.019,1309.533,2,4,compressed_ring_ar
1778545754.7692246,5,24,1.306759,94.27,209.083,1353.34,2,4,compressed_ring_ar
1778545755.9981267,5,25,1.291048,108.37,223.499,1174.499,2,4,compressed_ring_ar
1778545757.2702415,5,26,1.542197,105.24,230.068,1211.474,2,4,compressed_ring_ar
1778545758.6504438,5,27,1.35703,95.4,237.552,1334.149,2,4,compressed_ring_ar
1778545759.8748846,5,28,1.484561,108.22,210.254,1176.061,2,4,compressed_ring_ar
1778545761.0878878,5,29,1.359804,108.92,196.301,1171.101,2,4,compressed_ring_ar
1778545762.3748593,5,30,1.443196,102.92,208.497,1237.996,2,4,compressed_ring_ar
1778545763.7278354,5,31,1.477799,98.37,329.446,1296.658,2,4,compressed_ring_ar
1778545765.1072965,5,32,1.299769,95.76,284.188,1335.32,2,4,compressed_ring_ar
1778545766.4521701,5,33,1.322162,99.11,195.543,1286.448,2,4,compressed_ring_ar
1778545767.8789492,5,34,1.296006,92.9,198.581,1373.93,2,4,compressed_ring_ar
1778545769.155695,5,35,1.364599,105.5,206.178,1208.027,2,4,compressed_ring_ar
1778545770.6405978,5,36,1.460261,88.99,592.347,1434.003,2,4,compressed_ring_ar
1778545771.9561884,5,37,1.511791,100.5,327.63,1269.48,2,4,compressed_ring_ar
1778545773.3005931,5,38,1.495578,98.39,246.088,1296.152,2,4,compressed_ring_ar
1778545774.482522,5,39,1.559443,116.22,262.023,1097.499,2,4,compressed_ring_ar
1778545775.8756356,5,40,1.613939,94.59,189.164,1351.848,2,4,compressed_ring_ar
1778545777.1968672,5,41,1.541735,99.63,231.297,1283.299,2,4,compressed_ring_ar
1778545778.5871415,5,42,1.308616,95.32,342.724,1341.395,2,4,compressed_ring_ar
1778545779.943754,5,43,1.428468,99.18,188.157,1289.238,2,4,compressed_ring_ar
1778545781.2767472,5,44,1.333428,99.68,167.244,1281.123,2,4,compressed_ring_ar
1778545782.6610484,5,45,1.392711,95.84,167.585,1334.276,2,4,compressed_ring_ar
1778545784.0635507,5,46,1.332812,94.22,374.949,1353.706,2,4,compressed_ring_ar
1778545785.3282783,5,47,1.641208,105.08,339.243,1214.226,2,4,compressed_ring_ar
1778545786.583357,5,48,1.463367,105.13,190.074,1212.066,2,4,compressed_ring_ar
1778545787.8782907,5,49,1.495494,101.88,334.137,1249.041,2,4,compressed_ring_ar
1778545789.0629885,5,50,1.645324,111.48,199.066,1145.774,2,4,compressed_ring_ar
1778545790.3751216,5,51,1.25597,101.52,232.767,1258.312,2,4,compressed_ring_ar
1778545791.9378529,5,52,1.424638,83.85,222.88,1521.099,2,4,compressed_ring_ar
1778545793.2773056,5,53,1.519801,98.8,393.923,1291.976,2,4,compressed_ring_ar
1778545794.555514,5,54,1.584604,103.48,200.409,1228.657,2,4,compressed_ring_ar
1778545795.804069,5,55,1.38872,107.21,185.654,1188.469,2,4,compressed_ring_ar
1778545797.1118922,5,56,1.427632,101.2,245.488,1260.008,2,4,compressed_ring_ar
1778545798.3037024,5,57,1.35982,111.63,215.594,1143.116,2,4,compressed_ring_ar
1778545799.628557,5,58,1.445356,100.76,334.155,1265.403,2,4,compressed_ring_ar
1778545800.9071772,5,59,1.517937,103.17,149.214,1239.681,2,4,compressed_ring_ar
1778545802.2919962,5,60,1.546855,97.62,676.083,1309.629,2,4,compressed_ring_ar
1778545803.6305203,5,61,1.503869,99.77,214.302,1278.801,2,4,compressed_ring_ar
1778545804.922173,5,62,1.445725,102.38,194.971,1244.994,2,4,compressed_ring_ar
1778545806.143959,5,63,1.387658,108.24,219.586,1177.144,2,4,compressed_ring_ar
1778545807.3155596,5,64,1.489917,112.84,485.944,1129.962,2,4,compressed_ring_ar
1778545808.6093898,5,65,1.329177,103.01,149.268,1240.701,2,4,compressed_ring_ar
1778545809.8737097,5,66,1.525314,107.39,426.828,1189.903,2,4,compressed_ring_ar
1778545811.1992202,5,67,1.397011,100.96,441.92,1266.118,2,4,compressed_ring_ar
1778545812.6730514,5,68,1.381803,91.42,525.15,1399.184,2,4,compressed_ring_ar
1778545814.1425185,5,69,1.330423,92.38,723.346,1384.278,2,4,compressed_ring_ar
1778545815.655979,5,70,1.507627,87.17,216.618,1461.965,2,4,compressed_ring_ar
1778545816.9769094,5,71,1.440841,100.88,203.262,1264.128,2,4,compressed_ring_ar
1778545818.4562232,5,72,1.504907,90.03,457.222,1415.533,2,4,compressed_ring_ar
1778545819.7915306,5,73,1.468651,99.11,192.265,1290.142,2,4,compressed_ring_ar
1778545821.2063737,5,74,1.510409,93.31,208.304,1367.256,2,4,compressed_ring_ar
1778545822.5123413,5,75,1.233014,101.58,306.583,1255.394,2,4,compressed_ring_ar
1778545823.8925183,5,76,1.395738,95.7,255.2,1329.91,2,4,compressed_ring_ar
1778545825.0920208,5,77,1.273886,112.0,175.611,1141.524,2,4,compressed_ring_ar
1778545826.253183,5,78,1.331634,115.98,250.942,1102.388,2,4,compressed_ring_ar
1778545827.6260884,5,79,1.425649,98.92,681.166,1287.921,2,4,compressed_ring_ar
1778545828.8910081,5,80,1.48799,104.3,170.885,1222.704,2,4,compressed_ring_ar
1778545830.3317113,5,81,1.423515,91.97,246.74,1390.368,2,4,compressed_ring_ar
1778545831.7364275,5,82,1.359439,94.95,201.504,1346.066,2,4,compressed_ring_ar
1778545833.1258624,5,83,1.442459,94.86,204.56,1344.186,2,4,compressed_ring_ar
1778545834.2824442,5,84,1.396288,114.89,223.155,1111.863,2,4,compressed_ring_ar
1778545835.7139082,5,85,1.488025,93.18,372.972,1366.493,2,4,compressed_ring_ar
1778545836.8041854,5,86,1.542712,122.16,185.946,1042.952,2,4,compressed_ring_ar
1778545838.2108715,5,87,1.220245,93.91,231.975,1358.206,2,4,compressed_ring_ar
1778545839.4724402,5,88,1.372131,106.7,193.819,1194.726,2,4,compressed_ring_ar
1778545840.6027882,5,89,1.483105,118.65,189.241,1077.471,2,4,compressed_ring_ar
1778545841.916097,5,90,1.453925,101.92,255.256,1254.524,2,4,compressed_ring_ar
1778545843.368117,5,91,1.38134,91.29,190.318,1400.371,2,4,compressed_ring_ar
1778545844.7793946,5,92,1.430586,93.36,446.448,1362.757,2,4,compressed_ring_ar
1778545846.1040883,5,93,1.334526,99.27,204.542,1284.395,2,4,compressed_ring_ar
1778545847.3750594,5,94,1.299438,104.35,199.5,1224.11,2,4,compressed_ring_ar
1778545848.6138573,5,95,1.439913,108.24,164.806,1181.21,2,4,compressed_ring_ar
1778545849.8756695,5,96,1.668725,105.47,266.156,1212.874,2,4,compressed_ring_ar
1778545851.1317255,5,97,1.57539,69.65,305.064,1198.892,2,4,compressed_ring_ar
1778545863.172032,6,0,1.362015,84.61,231.623,1506.025,2,4,compressed_ring_ar
1778545864.4951015,6,1,1.421056,100.46,210.582,1272.674,2,4,compressed_ring_ar
1778545865.8340452,6,2,1.409797,99.44,228.763,1285.714,2,4,compressed_ring_ar
1778545867.2011395,6,3,1.433782,96.24,225.105,1328.786,2,4,compressed_ring_ar
1778545868.4151006,6,4,1.518055,111.78,258.732,1143.958,2,4,compressed_ring_ar
1778545869.887894,6,5,1.399708,90.07,392.454,1418.351,2,4,compressed_ring_ar
1778545871.3199842,6,6,1.42746,94.38,227.191,1352.156,2,4,compressed_ring_ar
1778545872.6500194,6,7,1.335224,101.23,228.064,1263.021,2,4,compressed_ring_ar
1778545874.1033285,6,8,1.265549,90.52,386.817,1410.87,2,4,compressed_ring_ar
1778545875.317075,6,9,1.32032,109.65,136.064,1166.166,2,4,compressed_ring_ar
1778545876.7642303,6,10,1.498828,93.72,690.942,1364.55,2,4,compressed_ring_ar
1778545878.117052,6,11,1.487005,97.59,250.985,1307.209,2,4,compressed_ring_ar
1778545879.2504945,6,12,1.343337,117.29,204.168,1087.641,2,4,compressed_ring_ar
1778545880.4729471,6,13,1.451715,110.17,173.864,1160.691,2,4,compressed_ring_ar
1778545881.9331694,6,14,1.287109,93.68,710.335,1365.368,2,4,compressed_ring_ar
1778545883.2706146,6,15,1.440888,99.28,187.744,1288.273,2,4,compressed_ring_ar
1778545884.636315,6,16,1.525577,98.86,375.793,1290.47,2,4,compressed_ring_ar
1778545885.893212,6,17,1.403456,105.43,308.148,1211.902,2,4,compressed_ring_ar
1778545887.4012663,6,18,1.389684,87.79,470.939,1453.219,2,4,compressed_ring_ar
1778545888.679687,6,19,1.34602,102.98,155.142,1241.748,2,4,compressed_ring_ar
1778545890.3523138,6,20,1.300611,81.41,602.935,1571.18,2,4,compressed_ring_ar
1778545891.6824002,6,21,1.40498,101.58,197.484,1256.112,2,4,compressed_ring_ar
1778545893.0063584,6,22,1.358209,102.42,204.658,1248.416,2,4,compressed_ring_ar
1778545894.289675,6,23,1.503468,103.38,137.229,1237.092,2,4,compressed_ring_ar
1778545895.5973878,6,24,1.511367,102.76,190.969,1244.191,2,4,compressed_ring_ar
1778545896.790698,6,25,1.398292,110.78,266.839,1153.92,2,4,compressed_ring_ar
1778545898.0182226,6,26,1.597274,108.96,306.773,1173.525,2,4,compressed_ring_ar
1778545899.4564903,6,27,1.257932,92.47,391.024,1382.886,2,4,compressed_ring_ar
1778545900.667404,6,28,1.484809,111.69,198.303,1143.42,2,4,compressed_ring_ar
1778545902.131837,6,29,1.421567,91.5,220.511,1392.097,2,4,compressed_ring_ar
1778545903.4121747,6,30,1.512895,104.98,166.488,1216.736,2,4,compressed_ring_ar
1778545904.8098552,6,31,1.285719,95.89,162.441,1333.624,2,4,compressed_ring_ar
1778545906.360935,6,32,1.315205,85.33,198.688,1498.681,2,4,compressed_ring_ar
1778545907.655568,6,33,1.328695,101.98,374.933,1253.656,2,4,compressed_ring_ar
1778545908.992693,6,34,1.408452,98.9,197.084,1289.112,2,4,compressed_ring_ar
1778545910.261512,6,35,1.527406,103.85,197.645,1226.886,2,4,compressed_ring_ar
1778545911.5846424,6,36,1.422624,103.26,197.29,1236.891,2,4,compressed_ring_ar
1778545913.0237792,6,37,1.561171,91.81,552.657,1389.817,2,4,compressed_ring_ar
1778545914.2726254,6,38,1.483372,106.26,231.147,1200.161,2,4,compressed_ring_ar
1778545915.8186848,6,39,1.302189,84.97,249.441,1504.961,2,4,compressed_ring_ar
1778545917.3114812,6,40,1.463305,88.74,199.905,1435.979,2,4,compressed_ring_ar
1778545918.5821629,6,41,1.339846,104.27,301.687,1224.58,2,4,compressed_ring_ar
1778545920.0498216,6,42,1.299887,90.19,672.917,1414.244,2,4,compressed_ring_ar
1778545921.3789186,6,43,1.51712,99.48,284.333,1281.42,2,4,compressed_ring_ar
1778545922.609836,6,44,1.492466,108.47,298.073,1177.863,2,4,compressed_ring_ar
1778545924.0771482,6,45,1.270432,90.24,546.452,1411.863,2,4,compressed_ring_ar
1778545925.3075473,6,46,1.41261,107.47,221.502,1189.859,2,4,compressed_ring_ar
1778545926.527971,6,47,1.304713,108.53,222.005,1177.012,2,4,compressed_ring_ar
1778545927.9335444,6,48,1.213024,95.03,391.081,1343.309,2,4,compressed_ring_ar
1778545929.425998,6,49,1.472508,88.09,220.758,1451.598,2,4,compressed_ring_ar
1778545930.673531,6,50,1.299934,106.73,198.848,1196.382,2,4,compressed_ring_ar
1778545932.2203267,6,51,1.197894,84.84,624.726,1500.493,2,4,compressed_ring_ar
1778545933.355261,6,52,1.334712,118.27,211.796,1077.396,2,4,compressed_ring_ar
1778545934.6270916,6,53,1.419932,105.08,192.855,1214.263,2,4,compressed_ring_ar
1778545935.864097,6,54,1.358886,106.68,174.878,1198.187,2,4,compressed_ring_ar
1778545937.2181149,6,55,1.273173,98.5,538.542,1297.292,2,4,compressed_ring_ar
1778545938.6386034,6,56,1.319512,92.98,192.781,1370.921,2,4,compressed_ring_ar
1778545939.800373,6,57,1.272533,113.9,187.883,1122.469,2,4,compressed_ring_ar
1778545941.157509,6,58,1.250585,97.48,311.027,1308.6,2,4,compressed_ring_ar
1778545942.482986,6,59,1.34131,100.03,336.407,1276.415,2,4,compressed_ring_ar
1778545943.85407,6,60,1.300362,96.25,353.296,1328.439,2,4,compressed_ring_ar
1778545945.167136,6,61,1.343734,100.55,223.039,1270.569,2,4,compressed_ring_ar
1778545946.7383552,6,62,1.179033,84.65,226.736,1507.003,2,4,compressed_ring_ar
1778545948.1127708,6,63,1.397444,95.85,404.97,1329.227,2,4,compressed_ring_ar
1778545949.3918445,6,64,1.315001,104.71,209.232,1219.906,2,4,compressed_ring_ar
1778545950.9903471,6,65,1.253288,82.61,278.257,1548.206,2,4,compressed_ring_ar
1778545952.3130198,6,66,1.469057,103.03,254.158,1238.015,2,4,compressed_ring_ar
1778545953.588772,6,67,1.517065,103.63,199.022,1229.963,2,4,compressed_ring_ar
1778545954.9223096,6,68,1.232341,99.34,492.057,1283.996,2,4,compressed_ring_ar
1778545956.250924,6,69,1.484319,100.52,216.462,1268.932,2,4,compressed_ring_ar
1778545957.5052183,6,70,1.498155,106.25,215.539,1203.451,2,4,compressed_ring_ar
1778545958.79879,6,71,1.395252,102.59,197.649,1245.011,2,4,compressed_ring_ar
1778545960.1029024,6,72,1.271437,101.19,222.596,1257.636,2,4,compressed_ring_ar
1778545961.4397676,6,73,1.250814,98.54,270.821,1294.341,2,4,compressed_ring_ar
1778545962.772507,6,74,1.397136,98.89,223.26,1289.59,2,4,compressed_ring_ar
1778545964.0821767,6,75,1.294017,101.05,190.148,1259.226,2,4,compressed_ring_ar
1778545965.4184015,6,76,1.233209,98.76,154.624,1293.863,2,4,compressed_ring_ar
1778545966.7423031,6,77,1.412521,100.29,373.348,1274.933,2,4,compressed_ring_ar
1778545968.1646442,6,78,1.31772,93.29,220.525,1370.696,2,4,compressed_ring_ar
1778545969.4702554,6,79,1.347956,101.45,189.641,1260.767,2,4,compressed_ring_ar
1778545970.8236485,6,80,1.399672,98.88,615.821,1288.784,2,4,compressed_ring_ar
1778545972.1876166,6,81,1.361541,97.3,226.162,1308.47,2,4,compressed_ring_ar
1778545973.4931195,6,82,1.27712,101.11,203.878,1260.38,2,4,compressed_ring_ar
1778545974.7127137,6,83,1.220123,108.02,450.243,1181.142,2,4,compressed_ring_ar
1778545976.2596025,6,84,1.169402,85.62,282.666,1493.95,2,4,compressed_ring_ar
1778545978.0222306,6,85,1.268111,74.21,493.61,1719.481,2,4,compressed_ring_ar
1778545979.5044124,6,86,1.295958,88.65,331.865,1438.85,2,4,compressed_ring_ar
1778545980.858866,6,87,1.461716,101.04,306.321,1264.389,2,4,compressed_ring_ar
1778545982.259486,6,88,1.415817,93.85,523.166,1358.923,2,4,compressed_ring_ar
1778545983.5571668,6,89,1.332434,101.54,219.731,1255.18,2,4,compressed_ring_ar
1778545984.9392636,6,90,1.522879,97.17,233.618,1306.865,2,4,compressed_ring_ar
1778545986.1371355,6,91,1.254001,110.69,188.415,1150.936,2,4,compressed_ring_ar
1778545987.6324656,6,92,1.199432,87.71,377.165,1458.868,2,4,compressed_ring_ar
1778545989.041722,6,93,1.310478,95.63,246.042,1330.975,2,4,compressed_ring_ar
1778545990.3430765,6,94,1.292834,101.44,216.946,1256.856,2,4,compressed_ring_ar
1778545991.774428,6,95,1.284452,91.68,192.532,1392.392,2,4,compressed_ring_ar
1778545992.9830546,6,96,1.289316,110.47,184.695,1157.279,2,4,compressed_ring_ar
1778545994.2810419,6,97,1.378486,66.41,221.52,1259.497,2,4,compressed_ring_ar
1778546005.7440763,7,0,1.317529,103.93,218.653,1230.495,2,4,compressed_ring_ar
1778546007.1529136,7,1,1.3807,96.17,347.008,1329.727,2,4,compressed_ring_ar
1778546008.577761,7,2,1.433717,95.54,376.024,1333.776,2,4,compressed_ring_ar
1778546010.0042887,7,3,1.345061,92.29,246.18,1380.524,2,4,compressed_ring_ar
1778546011.3042748,7,4,1.270581,101.58,217.476,1255.361,2,4,compressed_ring_ar
1778546012.564806,7,5,1.4227,104.55,321.099,1222.937,2,4,compressed_ring_ar
1778546013.8040543,7,6,1.333826,106.49,326.39,1199.919,2,4,compressed_ring_ar
1778546015.0749388,7,7,1.303399,104.03,212.523,1226.005,2,4,compressed_ring_ar
1778546016.3794532,7,8,1.222632,101.24,352.222,1257.901,2,4,compressed_ring_ar
1778546017.6577017,7,9,1.478222,104.66,253.711,1220.903,2,4,compressed_ring_ar
1778546018.9547865,7,10,1.297204,102.01,186.263,1253.414,2,4,compressed_ring_ar
1778546020.4430208,7,11,1.377427,88.44,386.76,1445.162,2,4,compressed_ring_ar
1778546021.8349693,7,12,1.25907,96.94,413.622,1316.104,2,4,compressed_ring_ar
1778546023.3001544,7,13,1.325223,90.53,246.526,1410.157,2,4,compressed_ring_ar
1778546024.6212542,7,14,1.327784,101.37,186.844,1261.407,2,4,compressed_ring_ar
1778546025.9449065,7,15,1.584911,99.15,347.804,1286.645,2,4,compressed_ring_ar
1778546027.51305,7,16,1.220038,84.08,232.583,1517.584,2,4,compressed_ring_ar
1778546028.6367671,7,17,1.347052,118.12,182.104,1082.537,2,4,compressed_ring_ar
1778546029.899694,7,18,1.536044,108.31,593.791,1180.834,2,4,compressed_ring_ar
1778546031.2708986,7,19,1.497427,99.88,479.173,1280.646,2,4,compressed_ring_ar
1778546032.608836,7,20,1.269414,101.81,732.416,1252.24,2,4,compressed_ring_ar
1778546033.9441578,7,21,1.526038,99.41,213.777,1286.184,2,4,compressed_ring_ar
1778546035.1723852,7,22,1.310937,111.45,357.324,1146.623,2,4,compressed_ring_ar
1778546036.593416,7,23,1.281078,94.83,562.994,1349.373,2,4,compressed_ring_ar
1778546037.8572693,7,24,1.388129,105.25,307.853,1213.654,2,4,compressed_ring_ar
1778546039.2698429,7,25,1.455436,95.43,383.884,1334.18,2,4,compressed_ring_ar
1778546040.524319,7,26,1.449842,105.43,212.61,1208.789,2,4,compressed_ring_ar
1778546042.0067275,7,27,1.363535,88.47,381.846,1439.02,2,4,compressed_ring_ar
1778546043.2215984,7,28,1.353158,109.44,201.561,1165.327,2,4,compressed_ring_ar
1778546044.511038,7,29,1.413469,103.98,315.741,1226.369,2,4,compressed_ring_ar
1778546045.8245995,7,30,1.201393,101.35,169.445,1258.678,2,4,compressed_ring_ar
1778546047.2654107,7,31,1.282594,92.63,271.634,1376.822,2,4,compressed_ring_ar
1778546048.4602914,7,32,1.444958,112.14,174.592,1139.332,2,4,compressed_ring_ar
1778546049.7265818,7,33,1.335288,104.34,308.243,1225.361,2,4,compressed_ring_ar
1778546050.9816349,7,34,1.307455,105.78,257.297,1208.687,2,4,compressed_ring_ar
1778546052.368866,7,35,1.392744,97.12,191.751,1313.329,2,4,compressed_ring_ar
1778546053.8075113,7,36,1.454373,92.52,235.477,1378.282,2,4,compressed_ring_ar
1778546055.2163944,7,37,1.303931,99.34,188.506,1287.36,2,4,compressed_ring_ar
1778546056.6371155,7,38,1.397037,92.95,236.494,1369.654,2,4,compressed_ring_ar
1778546057.9327664,7,39,1.273381,101.96,215.829,1247.931,2,4,compressed_ring_ar
1778546059.1581876,7,40,1.189026,108.88,263.925,1170.443,2,4,compressed_ring_ar
1778546060.3632731,7,41,1.334965,110.94,362.238,1152.093,2,4,compressed_ring_ar
1778546061.7628548,7,42,1.313831,94.22,198.294,1353.999,2,4,compressed_ring_ar
1778546063.1934114,7,43,1.376044,91.68,260.081,1394.076,2,4,compressed_ring_ar
1778546064.4737117,7,44,1.159211,105.15,211.379,1212.535,2,4,compressed_ring_ar
1778546065.9165366,7,45,1.339653,91.59,219.565,1392.989,2,4,compressed_ring_ar
1778546067.1988578,7,46,1.293558,102.79,343.449,1243.856,2,4,compressed_ring_ar
1778546068.6180494,7,47,1.514133,92.58,456.908,1375.715,2,4,compressed_ring_ar
1778546069.9198577,7,48,1.334848,101.66,206.938,1251.676,2,4,compressed_ring_ar
1778546071.1824667,7,49,1.29073,105.05,209.934,1213.832,2,4,compressed_ring_ar
1778546072.34942,7,50,1.208688,115.78,218.031,1099.838,2,4,compressed_ring_ar
1778546073.5726087,7,51,1.251307,109.35,410.757,1165.147,2,4,compressed_ring_ar
1778546074.9014738,7,52,1.253803,101.67,536.334,1257.641,2,4,compressed_ring_ar
1778546076.292641,7,53,1.337348,95.14,301.049,1343.916,2,4,compressed_ring_ar
1778546077.773681,7,54,1.210166,89.21,249.534,1429.806,2,4,compressed_ring_ar
1778546079.0340824,7,55,1.355678,109.59,199.12,1161.865,2,4,compressed_ring_ar
1778546080.2872891,7,56,1.543497,105.09,280.915,1212.463,2,4,compressed_ring_ar
1778546081.6553078,7,57,1.367638,96.68,314.273,1317.518,2,4,compressed_ring_ar
1778546082.8626199,7,58,1.282269,111.35,230.69,1148.109,2,4,compressed_ring_ar
1778546084.068558,7,59,1.398641,113.04,134.589,1131.386,2,4,compressed_ring_ar
1778546085.536353,7,60,1.316853,92.35,545.825,1378.604,2,4,compressed_ring_ar
1778546086.808936,7,61,1.438545,103.95,202.705,1224.501,2,4,compressed_ring_ar
1778546088.0122948,7,62,1.306586,110.12,246.335,1157.389,2,4,compressed_ring_ar
1778546089.3730288,7,63,1.308854,99.0,363.374,1288.499,2,4,compressed_ring_ar
1778546090.6575122,7,64,1.377044,103.19,209.079,1238.989,2,4,compressed_ring_ar
1778546092.1248078,7,65,1.460751,89.93,218.643,1418.501,2,4,compressed_ring_ar
1778546093.434315,7,66,1.273081,101.08,206.686,1265.092,2,4,compressed_ring_ar
1778546094.7722871,7,67,1.333042,99.26,282.78,1288.193,2,4,compressed_ring_ar
1778546096.3707895,7,68,1.389486,82.3,199.944,1551.222,2,4,compressed_ring_ar
1778546097.485477,7,69,1.253919,124.32,233.394,1028.045,2,4,compressed_ring_ar
1778546098.8435895,7,70,1.25487,98.41,372.162,1296.165,2,4,compressed_ring_ar
1778546100.0985608,7,71,1.419754,105.75,205.084,1205.165,2,4,compressed_ring_ar
1778546101.3861263,7,72,1.250764,102.38,270.559,1245.175,2,4,compressed_ring_ar
1778546102.7465544,7,73,1.435492,99.32,176.582,1287.488,2,4,compressed_ring_ar
1778546104.0941699,7,74,1.202422,98.93,726.107,1289.266,2,4,compressed_ring_ar
1778546105.4526782,7,75,1.238679,96.93,211.914,1317.932,2,4,compressed_ring_ar
1778546106.8021762,7,76,1.250941,98.29,230.079,1295.747,2,4,compressed_ring_ar
1778546108.1377776,7,77,1.266103,99.47,260.441,1277.326,2,4,compressed_ring_ar
1778546109.3628147,7,78,1.366414,107.72,225.93,1184.149,2,4,compressed_ring_ar
1778546110.7290394,7,79,1.31688,98.47,199.428,1295.248,2,4,compressed_ring_ar
1778546112.1580715,7,80,1.455364,94.87,193.798,1343.724,2,4,compressed_ring_ar
1778546113.4617372,7,81,1.272411,102.72,489.35,1241.207,2,4,compressed_ring_ar
1778546114.6983626,7,82,1.24917,110.09,211.463,1157.732,2,4,compressed_ring_ar
1778546116.0167766,7,83,1.439943,100.05,175.466,1278.404,2,4,compressed_ring_ar
1778546117.4583118,7,84,1.452375,92.53,233.39,1379.079,2,4,compressed_ring_ar
1778546118.984716,7,85,1.201474,87.07,251.338,1463.275,2,4,compressed_ring_ar
1778546120.0978298,7,86,1.391559,119.1,187.641,1072.186,2,4,compressed_ring_ar
1778546121.4460537,7,87,1.195079,97.99,254.463,1304.091,2,4,compressed_ring_ar
1778546122.7132094,7,88,1.608822,105.01,203.214,1213.592,2,4,compressed_ring_ar
1778546123.8994913,7,89,1.479547,112.1,144.297,1139.336,2,4,compressed_ring_ar
1778546125.2967615,7,90,1.325091,94.87,721.78,1347.259,2,4,compressed_ring_ar
1778546126.5943642,7,91,1.426225,103.16,188.711,1238.691,2,4,compressed_ring_ar
1778546127.8942595,7,92,1.299208,103.06,438.52,1239.472,2,4,compressed_ring_ar
1778546129.3565993,7,93,1.298389,92.12,202.175,1385.613,2,4,compressed_ring_ar
1778546130.5354345,7,94,1.223518,112.45,175.415,1135.104,2,4,compressed_ring_ar
1778546131.9486852,7,95,1.269405,95.56,269.509,1332.684,2,4,compressed_ring_ar
1778546133.1855893,7,96,1.345569,106.96,241.5,1189.552,2,4,compressed_ring_ar
1778546134.5118496,7,97,1.422123,64.58,210.875,1292.08,2,4,compressed_ring_ar
1778546146.0511086,8,0,1.210222,91.71,216.483,1394.407,2,4,compressed_ring_ar
1778546147.2167375,8,1,1.418864,115.13,188.857,1110.065,2,4,compressed_ring_ar
1778546148.509933,8,2,1.383271,101.84,316.578,1252.495,2,4,compressed_ring_ar
1778546149.7967894,8,3,1.358221,103.57,242.214,1234.474,2,4,compressed_ring_ar
1778546151.1915996,8,4,1.341652,95.86,297.049,1330.633,2,4,compressed_ring_ar
1778546152.373,8,5,1.339154,115.34,195.772,1106.062,2,4,compressed_ring_ar
1778546153.6676545,8,6,1.314228,102.06,214.987,1248.572,2,4,compressed_ring_ar
1778546154.8977416,8,7,1.262424,107.29,234.336,1191.65,2,4,compressed_ring_ar
1778546156.2889283,8,8,1.398469,95.94,316.299,1329.397,2,4,compressed_ring_ar
1778546157.4573057,8,9,1.255409,113.55,206.901,1121.941,2,4,compressed_ring_ar
1778546158.6649404,8,10,1.387299,109.6,228.658,1161.21,2,4,compressed_ring_ar
1778546159.962358,8,11,1.184857,101.73,187.301,1251.974,2,4,compressed_ring_ar
1778546161.2564137,8,12,1.196195,103.3,245.583,1232.0,2,4,compressed_ring_ar
1778546162.5383713,8,13,1.161807,104.37,216.701,1222.673,2,4,compressed_ring_ar
1778546163.881667,8,14,1.337583,98.33,226.517,1292.459,2,4,compressed_ring_ar
1778546165.149417,8,15,1.273837,103.96,209.012,1223.819,2,4,compressed_ring_ar
1778546166.6148124,8,16,1.335758,89.96,188.503,1417.675,2,4,compressed_ring_ar
1778546167.7859406,8,17,1.45063,114.71,172.247,1114.446,2,4,compressed_ring_ar
1778546169.1036565,8,18,1.433323,101.01,388.572,1263.516,2,4,compressed_ring_ar
1778546170.3449554,8,19,1.22858,106.75,165.78,1197.843,2,4,compressed_ring_ar
1778546171.7750814,8,20,1.467137,92.47,207.118,1378.603,2,4,compressed_ring_ar
1778546173.0604625,8,21,1.327518,103.25,295.397,1232.847,2,4,compressed_ring_ar
1778546174.3843045,8,22,1.232048,100.15,204.707,1276.724,2,4,compressed_ring_ar
1778546175.7080903,8,23,1.357987,99.87,220.273,1276.877,2,4,compressed_ring_ar
1778546177.0027988,8,24,1.374952,103.38,201.997,1233.237,2,4,compressed_ring_ar
1778546178.2962654,8,25,1.425947,102.59,317.276,1246.294,2,4,compressed_ring_ar
1778546179.6271918,8,26,1.322637,99.67,225.182,1277.681,2,4,compressed_ring_ar
1778546180.9073324,8,27,1.345119,103.51,203.854,1230.665,2,4,compressed_ring_ar
1778546182.2654383,8,28,1.347395,98.48,328.86,1294.555,2,4,compressed_ring_ar
1778546183.4484985,8,29,1.278141,112.28,140.921,1139.351,2,4,compressed_ring_ar
1778546184.9135458,8,30,1.299413,92.34,408.675,1381.652,2,4,compressed_ring_ar
1778546186.0227497,8,31,1.186218,119.15,175.788,1072.641,2,4,compressed_ring_ar
1778546187.2994406,8,32,1.161956,106.85,340.987,1192.05,2,4,compressed_ring_ar
1778546188.6562798,8,33,1.235686,97.25,345.358,1308.835,2,4,compressed_ring_ar
1778546189.8220234,8,34,1.494241,113.29,226.569,1125.507,2,4,compressed_ring_ar
1778546191.2286696,8,35,1.211443,94.67,191.795,1350.945,2,4,compressed_ring_ar
1778546192.5097225,8,36,1.423351,105.07,194.797,1213.771,2,4,compressed_ring_ar
1778546193.847183,8,37,1.38874,98.67,297.885,1292.014,2,4,compressed_ring_ar
1778546195.0748475,8,38,1.218911,107.62,272.19,1184.928,2,4,compressed_ring_ar
1778546196.3066888,8,39,1.370944,108.85,195.334,1174.566,2,4,compressed_ring_ar
1778546197.7817025,8,40,1.397067,89.86,247.075,1422.543,2,4,compressed_ring_ar
1778546199.0823107,8,41,1.403229,105.1,409.184,1208.981,2,4,compressed_ring_ar
1778546200.425729,8,42,1.178626,98.32,192.914,1294.507,2,4,compressed_ring_ar
1778546201.6647685,8,43,1.45233,107.68,221.493,1186.639,2,4,compressed_ring_ar
1778546203.017633,8,44,1.18541,97.58,183.203,1307.031,2,4,compressed_ring_ar
1778546204.405565,8,45,1.24679,96.74,234.279,1316.173,2,4,compressed_ring_ar
1778546205.679498,8,46,1.21714,104.23,287.065,1220.661,2,4,compressed_ring_ar
1778546206.9465563,8,47,1.38085,104.75,206.281,1216.908,2,4,compressed_ring_ar
1778546208.2027261,8,48,1.503936,105.52,211.866,1204.044,2,4,compressed_ring_ar
1778546209.451009,8,49,1.329534,106.25,218.123,1203.352,2,4,compressed_ring_ar
1778546210.8289492,8,50,1.192654,96.1,248.18,1327.713,2,4,compressed_ring_ar
1778546212.2012763,8,51,1.330028,96.12,193.144,1327.22,2,4,compressed_ring_ar
1778546213.5070581,8,52,1.338397,101.1,194.543,1263.76,2,4,compressed_ring_ar
1778546214.8719985,8,53,1.35722,96.88,267.78,1317.522,2,4,compressed_ring_ar
1778546216.1657956,8,54,1.43164,102.7,247.828,1240.493,2,4,compressed_ring_ar
1778546217.49319,8,55,1.157428,99.39,204.669,1283.079,2,4,compressed_ring_ar
1778546218.7185965,8,56,1.396977,108.37,242.259,1176.936,2,4,compressed_ring_ar
1778546220.004887,8,57,1.234425,104.7,252.954,1214.93,2,4,compressed_ring_ar
1778546221.2422323,8,58,1.35153,107.17,211.727,1189.649,2,4,compressed_ring_ar
1778546222.4287205,8,59,1.296169,113.39,203.984,1127.463,2,4,compressed_ring_ar
1778546223.7843812,8,60,1.224606,98.42,214.152,1296.016,2,4,compressed_ring_ar
1778546225.0874221,8,61,1.387321,101.54,207.203,1256.933,2,4,compressed_ring_ar
1778546226.7469997,8,62,1.250384,79.02,253.964,1611.98,2,4,compressed_ring_ar
1778546228.0470684,8,63,1.297464,103.28,202.25,1233.815,2,4,compressed_ring_ar
1778546229.3063571,8,64,1.274084,104.56,314.757,1217.263,2,4,compressed_ring_ar
1778546230.63315,8,65,1.360643,99.67,233.175,1282.078,2,4,compressed_ring_ar
1778546231.9462562,8,66,1.394729,101.16,212.545,1260.585,2,4,compressed_ring_ar
1778546233.2531817,8,67,1.361551,101.61,241.177,1254.704,2,4,compressed_ring_ar
1778546234.580086,8,68,1.207438,100.26,324.46,1270.071,2,4,compressed_ring_ar
1778546235.874603,8,69,1.27982,102.45,208.192,1244.489,2,4,compressed_ring_ar
1778546237.1891594,8,70,1.271253,100.25,248.913,1275.738,2,4,compressed_ring_ar
1778546238.5599267,8,71,1.328067,96.63,200.411,1323.454,2,4,compressed_ring_ar
1778546239.9998336,8,72,1.344763,92.34,266.93,1378.824,2,4,compressed_ring_ar
1778546241.30462,8,73,1.001533,101.28,195.272,1256.957,2,4,compressed_ring_ar
1778546242.6034718,8,74,1.170901,102.9,212.383,1234.101,2,4,compressed_ring_ar
1778546243.7770703,8,75,1.237505,112.8,145.267,1133.304,2,4,compressed_ring_ar
1778546245.1399753,8,76,1.395239,96.62,427.288,1317.573,2,4,compressed_ring_ar
1778546246.3148353,8,77,1.186712,113.34,191.053,1124.924,2,4,compressed_ring_ar
1778546247.4948335,8,78,1.384109,112.61,149.003,1135.016,2,4,compressed_ring_ar
1778546248.809672,8,79,1.265085,101.33,284.922,1258.931,2,4,compressed_ring_ar
1778546250.0655615,8,80,1.444615,105.5,242.283,1206.241,2,4,compressed_ring_ar
1778546251.4141276,8,81,1.267338,98.26,215.328,1297.855,2,4,compressed_ring_ar
1778546252.7050245,8,82,1.294419,101.86,373.779,1250.458,2,4,compressed_ring_ar
1778546254.116997,8,83,1.299693,93.54,298.14,1367.145,2,4,compressed_ring_ar
1778546255.51088,8,84,1.27716,95.94,195.351,1328.496,2,4,compressed_ring_ar
1778546256.835138,8,85,1.171296,99.4,266.697,1281.926,2,4,compressed_ring_ar
1778546258.135993,8,86,1.293571,102.65,212.688,1242.182,2,4,compressed_ring_ar
1778546259.5154457,8,87,1.157857,96.11,199.34,1324.184,2,4,compressed_ring_ar
1778546260.8014636,8,88,1.292833,103.37,219.024,1229.796,2,4,compressed_ring_ar
1778546261.9469018,8,89,1.296631,115.48,248.319,1103.755,2,4,compressed_ring_ar
1778546263.2742815,8,90,1.341121,99.99,331.278,1278.782,2,4,compressed_ring_ar
1778546264.5811741,8,91,1.445917,101.33,203.828,1257.638,2,4,compressed_ring_ar
1778546265.854169,8,92,1.321057,106.05,226.612,1205.687,2,4,compressed_ring_ar
1778546267.3016925,8,93,1.23007,92.34,387.147,1378.15,2,4,compressed_ring_ar
1778546268.511899,8,94,1.204962,109.98,192.094,1157.362,2,4,compressed_ring_ar
1778546269.7467296,8,95,1.443225,108.3,193.385,1178.085,2,4,compressed_ring_ar
1778546271.0581243,8,96,1.36635,100.71,332.588,1266.997,2,4,compressed_ring_ar
1778546272.4119878,8,97,1.261918,63.29,210.971,1320.163,2,4,compressed_ring_ar
1778546284.229998,9,0,1.376848,81.0,353.731,1577.738,2,4,compressed_ring_ar
1778546285.3566868,9,1,1.276506,126.13,211.207,1006.747,2,4,compressed_ring_ar
1778546286.6008859,9,2,1.279142,107.41,203.894,1183.305,2,4,compressed_ring_ar
1778546287.7529776,9,3,1.428705,115.18,200.124,1109.977,2,4,compressed_ring_ar
1778546289.0611365,9,4,1.254088,101.58,295.691,1258.947,2,4,compressed_ring_ar
1778546290.3234668,9,5,1.157758,105.09,204.645,1213.439,2,4,compressed_ring_ar
1778546291.7646556,9,6,1.273935,91.63,218.039,1392.421,2,4,compressed_ring_ar
1778546293.0043259,9,7,1.316168,106.89,190.986,1193.134,2,4,compressed_ring_ar
1778546294.4090264,9,8,1.187894,94.12,263.174,1358.838,2,4,compressed_ring_ar
1778546295.5092268,9,9,1.239821,123.6,218.718,1032.972,2,4,compressed_ring_ar
1778546296.7313051,9,10,1.45357,108.28,206.451,1180.799,2,4,compressed_ring_ar
1778546298.0168664,9,11,1.233184,103.33,240.783,1237.308,2,4,compressed_ring_ar
1778546299.325447,9,12,1.328624,101.62,330.321,1254.506,2,4,compressed_ring_ar
1778546300.706276,9,13,1.230071,95.62,204.39,1330.201,2,4,compressed_ring_ar
1778546302.0845811,9,14,1.139599,95.29,246.739,1335.251,2,4,compressed_ring_ar
1778546303.513318,9,15,1.270597,92.39,382.183,1379.166,2,4,compressed_ring_ar
1778546304.8191073,9,16,1.167109,100.79,205.007,1265.291,2,4,compressed_ring_ar
1778546306.1363056,9,17,1.373157,100.16,208.644,1273.309,2,4,compressed_ring_ar
1778546307.345646,9,18,1.43455,109.07,227.766,1169.115,2,4,compressed_ring_ar
1778546308.7374763,9,19,1.137138,95.68,200.668,1332.392,2,4,compressed_ring_ar
1778546310.1023467,9,20,1.035142,96.52,285.724,1319.263,2,4,compressed_ring_ar
1778546311.3481247,9,21,1.160724,106.02,362.346,1204.444,2,4,compressed_ring_ar
1778546312.7594066,9,22,1.173332,95.63,256.519,1328.582,2,4,compressed_ring_ar
1778546314.027543,9,23,1.354442,104.52,260.36,1217.089,2,4,compressed_ring_ar
1778546315.2128587,9,24,1.406326,111.85,272.861,1137.8,2,4,compressed_ring_ar
1778546316.4685383,9,25,1.241876,105.23,289.344,1215.205,2,4,compressed_ring_ar
1778546317.7758868,9,26,1.208354,102.82,324.762,1240.45,2,4,compressed_ring_ar
1778546319.2428577,9,27,1.172492,89.87,246.364,1418.165,2,4,compressed_ring_ar
1778546320.6070175,9,28,1.200564,96.82,200.459,1320.55,2,4,compressed_ring_ar
1778546322.0569377,9,29,1.317138,91.95,224.134,1385.712,2,4,compressed_ring_ar
1778546323.3867083,9,30,1.289003,99.66,196.008,1279.184,2,4,compressed_ring_ar
1778546324.6110187,9,31,1.389301,110.01,200.859,1158.923,2,4,compressed_ring_ar
1778546325.893557,9,32,1.169435,103.06,190.602,1236.065,2,4,compressed_ring_ar
1778546327.1391141,9,33,1.391836,107.1,214.922,1189.437,2,4,compressed_ring_ar
1778546328.4318297,9,34,1.25358,103.0,181.759,1237.433,2,4,compressed_ring_ar
1778546329.6835177,9,35,1.281369,106.59,211.616,1196.384,2,4,compressed_ring_ar
1778546331.0081508,9,36,1.264452,99.57,234.408,1284.158,2,4,compressed_ring_ar
1778546332.302191,9,37,1.425539,103.37,207.05,1236.981,2,4,compressed_ring_ar
1778546333.5774019,9,38,1.483898,105.9,281.426,1204.07,2,4,compressed_ring_ar
1778546335.032672,9,39,1.408241,90.51,216.848,1408.629,2,4,compressed_ring_ar
1778546336.2667847,9,40,1.217127,106.97,209.618,1192.323,2,4,compressed_ring_ar
1778546337.6035178,9,41,1.328869,98.63,323.602,1290.429,2,4,compressed_ring_ar
1778546339.0141902,9,42,1.084618,93.95,263.013,1357.747,2,4,compressed_ring_ar
1778546340.2787201,9,43,1.200775,105.22,216.773,1211.614,2,4,compressed_ring_ar
1778546341.3915782,9,44,1.309469,122.37,186.515,1044.648,2,4,compressed_ring_ar
1778546342.8349683,9,45,1.500712,93.46,253.276,1362.315,2,4,compressed_ring_ar
1778546344.003691,9,46,1.140644,113.43,183.554,1123.482,2,4,compressed_ring_ar
1778546345.3135433,9,47,1.192508,101.03,261.251,1264.532,2,4,compressed_ring_ar
1778546346.6082194,9,48,1.387038,103.15,417.603,1234.212,2,4,compressed_ring_ar
1778546348.0952816,9,49,1.429399,88.38,289.484,1441.565,2,4,compressed_ring_ar
1778546349.4031696,9,50,1.258084,102.62,196.594,1246.096,2,4,compressed_ring_ar
1778546350.743238,9,51,1.231411,100.33,212.435,1271.173,2,4,compressed_ring_ar
1778546352.004176,9,52,1.376158,104.57,230.37,1222.902,2,4,compressed_ring_ar
1778546353.327448,9,53,1.192432,100.09,191.68,1275.897,2,4,compressed_ring_ar
1778546354.6220162,9,54,1.286065,102.29,219.201,1246.66,2,4,compressed_ring_ar
1778546355.8182447,9,55,1.328339,110.74,238.014,1148.903,2,4,compressed_ring_ar
1778546357.089952,9,56,1.207409,105.41,189.48,1212.803,2,4,compressed_ring_ar
1778546358.3047357,9,57,1.027893,109.32,202.267,1163.183,2,4,compressed_ring_ar
1778546359.564684,9,58,1.467942,105.17,183.403,1208.665,2,4,compressed_ring_ar
1778546360.875537,9,59,1.370093,100.37,208.567,1270.005,2,4,compressed_ring_ar
1778546362.1156678,9,60,1.236185,106.12,369.957,1200.767,2,4,compressed_ring_ar
1778546363.3884687,9,61,1.300465,103.84,225.549,1226.871,2,4,compressed_ring_ar
1778546364.4918802,9,62,1.22783,120.38,177.873,1060.624,2,4,compressed_ring_ar
1778546365.8279622,9,63,1.312343,99.41,333.327,1282.876,2,4,compressed_ring_ar
1778546367.1983662,9,64,1.176298,96.86,241.582,1319.718,2,4,compressed_ring_ar
1778546368.5601654,9,65,1.257655,96.96,193.864,1319.431,2,4,compressed_ring_ar
1778546369.8142436,9,66,1.215187,105.97,215.98,1205.587,2,4,compressed_ring_ar
1778546371.1634023,9,67,1.230103,98.54,286.131,1293.566,2,4,compressed_ring_ar
1778546372.431141,9,68,1.27194,103.94,204.778,1226.543,2,4,compressed_ring_ar
1778546373.8361819,9,69,1.388595,94.58,208.275,1345.879,2,4,compressed_ring_ar
1778546375.109638,9,70,1.349067,103.32,197.341,1233.649,2,4,compressed_ring_ar
1778546376.1747453,9,71,1.185201,128.21,192.592,991.639,2,4,compressed_ring_ar
1778546377.4739602,9,72,1.222327,102.31,193.716,1246.316,2,4,compressed_ring_ar
1778546378.7529352,9,73,1.400332,105.45,352.532,1206.789,2,4,compressed_ring_ar
1778546380.2116501,9,74,1.094369,90.15,324.103,1418.949,2,4,compressed_ring_ar
1778546381.5487783,9,75,1.231564,101.32,309.506,1257.846,2,4,compressed_ring_ar
1778546382.7236674,9,76,1.320534,113.14,488.078,1126.619,2,4,compressed_ring_ar
1778546384.0361078,9,77,1.31975,101.01,203.408,1262.591,2,4,compressed_ring_ar
1778546385.334659,9,78,1.238798,102.19,229.418,1247.31,2,4,compressed_ring_ar
1778546386.595348,9,79,1.189938,104.4,332.739,1219.507,2,4,compressed_ring_ar
1778546387.8539567,9,80,1.423099,104.85,205.655,1218.141,2,4,compressed_ring_ar
1778546389.3162844,9,81,1.182225,90.46,312.531,1408.277,2,4,compressed_ring_ar
1778546390.531131,9,82,1.412217,108.97,177.726,1173.352,2,4,compressed_ring_ar
1778546391.893972,9,83,1.338519,97.38,213.028,1309.261,2,4,compressed_ring_ar
1778546393.1449108,9,84,1.188064,105.6,200.531,1210.698,2,4,compressed_ring_ar
1778546394.5337868,9,85,1.365671,95.39,220.756,1335.102,2,4,compressed_ring_ar
1778546395.7655275,9,86,1.431958,107.92,219.391,1181.06,2,4,compressed_ring_ar
1778546397.0572784,9,87,1.250487,103.44,220.139,1231.8,2,4,compressed_ring_ar
1778546398.3737853,9,88,1.26748,101.6,182.684,1258.781,2,4,compressed_ring_ar
1778546399.8447118,9,89,1.283206,89.56,342.359,1427.785,2,4,compressed_ring_ar
1778546401.1135314,9,90,1.208289,106.26,296.642,1202.728,2,4,compressed_ring_ar
1778546402.5113857,9,91,1.282443,95.16,497.917,1339.533,2,4,compressed_ring_ar
1778546403.771047,9,92,1.129308,105.18,204.366,1209.802,2,4,compressed_ring_ar
1778546404.9698658,9,93,1.315598,110.46,203.726,1153.458,2,4,compressed_ring_ar
1778546406.2963805,9,94,1.323474,99.91,344.251,1279.786,2,4,compressed_ring_ar
1778546407.8866265,9,95,1.206622,82.89,235.288,1537.836,2,4,compressed_ring_ar
1778546409.1644766,9,96,1.094859,104.94,301.829,1218.357,2,4,compressed_ring_ar
1778546410.4148667,9,97,1.213149,69.43,233.992,1204.038,2,4,compressed_ring_ar
1778546421.967241,10,0,1.285324,90.09,233.297,1415.466,2,4,compressed_ring_ar
1778546423.225182,10,1,1.410436,104.84,256.697,1215.837,2,4,compressed_ring_ar
1778546424.455865,10,2,1.163624,108.17,199.673,1182.179,2,4,compressed_ring_ar
1778546425.477581,10,3,1.250548,138.11,153.534,925.511,2,4,compressed_ring_ar
1778546426.9423044,10,4,1.238273,92.82,201.444,1377.696,2,4,compressed_ring_ar
1778546428.268527,10,5,1.371544,99.88,350.073,1276.642,2,4,compressed_ring_ar
1778546429.5878453,10,6,1.174519,100.39,220.859,1270.214,2,4,compressed_ring_ar
1778546430.819592,10,7,1.216596,108.01,208.521,1179.836,2,4,compressed_ring_ar
1778546432.2175224,10,8,1.341575,94.67,229.928,1346.974,2,4,compressed_ring_ar
1778546433.3885489,10,9,1.08638,115.75,187.076,1103.766,2,4,compressed_ring_ar
1778546435.0023475,10,10,1.274083,82.05,225.976,1557.343,2,4,compressed_ring_ar
1778546436.4841955,10,11,1.122553,88.62,428.988,1439.839,2,4,compressed_ring_ar
1778546437.7019467,10,12,1.157979,110.89,230.148,1152.207,2,4,compressed_ring_ar
1778546438.98373,10,13,1.21398,103.21,236.91,1235.26,2,4,compressed_ring_ar
1778546440.341161,10,14,1.305333,97.31,388.232,1308.768,2,4,compressed_ring_ar
1778546441.7476928,10,15,1.2722,93.48,201.27,1362.738,2,4,compressed_ring_ar
1778546443.0064204,10,16,1.320968,105.32,234.288,1210.479,2,4,compressed_ring_ar
1778546444.3760707,10,17,1.245809,97.17,375.982,1311.889,2,4,compressed_ring_ar
1778546445.5805428,10,18,1.28709,111.31,303.438,1143.161,2,4,compressed_ring_ar
1778546446.9308858,10,19,1.057757,98.21,264.224,1297.632,2,4,compressed_ring_ar
1778546448.1865027,10,20,1.309175,104.92,285.899,1214.738,2,4,compressed_ring_ar
1778546449.7031653,10,21,1.260393,86.56,231.593,1473.881,2,4,compressed_ring_ar
1778546451.0077732,10,22,1.221374,101.44,188.636,1259.608,2,4,compressed_ring_ar
1778546452.3804286,10,23,1.173403,95.77,392.419,1334.26,2,4,compressed_ring_ar
1778546453.7919888,10,24,1.110224,95.21,679.493,1339.99,2,4,compressed_ring_ar
1778546455.046811,10,25,1.183457,105.74,187.99,1209.101,2,4,compressed_ring_ar
1778546456.455224,10,26,1.077942,94.18,230.188,1357.684,2,4,compressed_ring_ar
1778546457.8411462,10,27,1.271862,94.9,197.465,1347.45,2,4,compressed_ring_ar
1778546459.1511657,10,28,1.309022,101.16,190.516,1260.842,2,4,compressed_ring_ar
1778546460.5317316,10,29,1.217712,97.3,229.44,1314.038,2,4,compressed_ring_ar
1778546461.99591,10,30,1.24311,89.91,216.948,1422.262,2,4,compressed_ring_ar
1778546463.4414444,10,31,1.173946,90.88,464.548,1401.21,2,4,compressed_ring_ar
1778546464.79192,10,32,1.232013,99.13,278.818,1286.575,2,4,compressed_ring_ar
1778546466.1476202,10,33,1.376102,98.82,229.522,1288.199,2,4,compressed_ring_ar
1778546467.4095926,10,34,1.219774,104.76,208.076,1217.144,2,4,compressed_ring_ar
1778546468.6014776,10,35,1.157098,112.66,194.173,1129.478,2,4,compressed_ring_ar
1778546469.8243878,10,36,1.202041,108.83,203.736,1174.749,2,4,compressed_ring_ar
1778546471.1584516,10,37,1.230254,98.78,290.868,1294.464,2,4,compressed_ring_ar
1778546472.7460034,10,38,1.143623,82.81,268.873,1538.86,2,4,compressed_ring_ar
1778546473.9348238,10,39,1.276171,111.13,181.862,1146.953,2,4,compressed_ring_ar
1778546475.3820028,10,40,1.272115,90.65,220.087,1407.366,2,4,compressed_ring_ar
1778546476.7042847,10,41,1.301036,100.54,211.969,1265.651,2,4,compressed_ring_ar
1778546477.8760934,10,42,1.209654,112.74,171.441,1131.249,2,4,compressed_ring_ar
1778546479.3233678,10,43,1.15638,90.69,244.047,1406.669,2,4,compressed_ring_ar
1778546480.6640878,10,44,1.273524,98.57,248.284,1291.069,2,4,compressed_ring_ar
1778546481.9381447,10,45,1.148068,104.75,201.782,1220.711,2,4,compressed_ring_ar
1778546483.4564714,10,46,1.219985,87.54,206.09,1460.791,2,4,compressed_ring_ar
1778546484.7845993,10,47,1.237272,100.46,190.671,1272.792,2,4,compressed_ring_ar
1778546486.2473023,10,48,1.140487,89.76,540.697,1419.286,2,4,compressed_ring_ar
1778546487.7865715,10,49,1.256011,85.85,233.055,1483.177,2,4,compressed_ring_ar
1778546489.1038737,10,50,1.171222,100.1,239.842,1274.888,2,4,compressed_ring_ar
1778546490.4518278,10,51,1.245188,97.44,323.828,1309.429,2,4,compressed_ring_ar
1778546491.8593845,10,52,1.27517,95.39,227.019,1338.268,2,4,compressed_ring_ar
1778546493.1521683,10,53,1.159344,102.08,176.734,1252.661,2,4,compressed_ring_ar
1778546494.5092864,10,54,1.184825,97.64,229.087,1306.346,2,4,compressed_ring_ar
1778546495.853706,10,55,1.164278,98.99,224.065,1291.837,2,4,compressed_ring_ar
1778546497.1949036,10,56,1.348585,98.64,228.944,1296.341,2,4,compressed_ring_ar
1778546498.629539,10,57,1.232794,93.44,192.292,1362.723,2,4,compressed_ring_ar
1778546499.9837565,10,58,1.225303,98.07,228.113,1302.988,2,4,compressed_ring_ar
1778546501.439204,10,59,1.139483,90.72,221.024,1409.657,2,4,compressed_ring_ar
1778546502.8299713,10,60,1.111894,96.32,208.953,1323.5,2,4,compressed_ring_ar
1778546504.1079895,10,61,1.382664,103.3,315.505,1235.999,2,4,compressed_ring_ar
1778546505.4632823,10,62,1.110922,97.36,242.447,1312.209,2,4,compressed_ring_ar
1778546506.8683047,10,63,1.267136,93.84,326.575,1360.595,2,4,compressed_ring_ar
1778546508.2916334,10,64,1.341394,92.52,561.685,1382.101,2,4,compressed_ring_ar
1778546509.7693746,10,65,1.357463,88.85,544.461,1436.035,2,4,compressed_ring_ar
1778546511.0756016,10,66,1.498217,101.35,297.017,1259.165,2,4,compressed_ring_ar
1778546512.4108806,10,67,1.12818,98.9,195.118,1290.272,2,4,compressed_ring_ar
1778546513.7673855,10,68,1.324325,97.32,208.664,1312.571,2,4,compressed_ring_ar
1778546515.16953,10,69,1.196234,94.86,201.085,1340.985,2,4,compressed_ring_ar
1778546516.4680421,10,70,1.196775,101.65,212.212,1254.605,2,4,compressed_ring_ar
1778546517.709852,10,71,1.161966,106.44,241.188,1195.817,2,4,compressed_ring_ar
1778546518.9988787,10,72,1.298231,102.47,245.32,1242.121,2,4,compressed_ring_ar
1778546520.4830542,10,73,1.254852,88.91,195.25,1433.714,2,4,compressed_ring_ar
1778546521.8983095,10,74,1.22478,93.41,252.769,1363.704,2,4,compressed_ring_ar
1778546523.0295753,10,75,1.190229,120.15,177.12,1064.157,2,4,compressed_ring_ar
1778546524.38732,10,76,1.314068,97.5,190.285,1311.432,2,4,compressed_ring_ar
1778546525.8194792,10,77,1.193182,91.92,497.171,1389.794,2,4,compressed_ring_ar
1778546527.2842174,10,78,1.114327,90.02,477.107,1417.328,2,4,compressed_ring_ar
1778546528.6043615,10,79,1.057863,100.03,324.374,1278.193,2,4,compressed_ring_ar
1778546530.2381403,10,80,1.340397,80.91,355.612,1577.314,2,4,compressed_ring_ar
1778546531.588914,10,81,1.114932,100.33,217.495,1268.599,2,4,compressed_ring_ar
1778546532.7511792,10,82,1.252364,116.06,194.088,1097.129,2,4,compressed_ring_ar
1778546534.066641,10,83,1.140028,100.19,172.835,1275.162,2,4,compressed_ring_ar
1778546535.4385738,10,84,1.25627,96.22,396.051,1329.067,2,4,compressed_ring_ar
1778546536.850634,10,85,1.123023,94.39,576.35,1350.685,2,4,compressed_ring_ar
1778546538.2213695,10,86,1.217945,95.87,202.724,1332.876,2,4,compressed_ring_ar
1778546539.5209217,10,87,1.277615,101.61,220.251,1256.05,2,4,compressed_ring_ar
1778546540.8697474,10,88,1.141044,97.43,359.34,1309.548,2,4,compressed_ring_ar
1778546542.2264652,10,89,1.308362,99.34,202.917,1283.227,2,4,compressed_ring_ar
1778546543.5996747,10,90,1.293395,98.1,212.0,1303.529,2,4,compressed_ring_ar
1778546545.0113456,10,91,1.001106,95.35,172.723,1341.42,2,4,compressed_ring_ar
1778546546.6768768,10,92,1.48523,79.05,573.102,1614.325,2,4,compressed_ring_ar
1778546548.0766408,10,93,1.19159,94.39,239.555,1351.222,2,4,compressed_ring_ar
1778546549.4568856,10,94,1.035075,95.81,231.617,1331.267,2,4,compressed_ring_ar
1778546550.624032,10,95,1.303715,114.27,189.156,1118.363,2,4,compressed_ring_ar
1778546552.0992825,10,96,1.021276,89.47,411.895,1423.9,2,4,compressed_ring_ar
1778546553.273664,10,97,1.047396,73.61,189.03,1134.32,2,4,compressed_ring_ar
1778546565.392416,11,0,1.503142,77.37,271.29,1653.053,2,4,compressed_ring_ar
1778546566.8309562,11,1,1.180318,96.06,381.787,1328.648,2,4,compressed_ring_ar
1778546568.2175524,11,2,1.161044,95.0,217.909,1346.057,2,4,compressed_ring_ar
1778546569.4610336,11,3,1.345388,107.95,197.13,1180.963,2,4,compressed_ring_ar
1778546570.7749615,11,4,1.240206,100.74,250.483,1265.937,2,4,compressed_ring_ar
1778546572.1288073,11,5,1.209419,98.37,189.158,1295.863,2,4,compressed_ring_ar
1778546573.5015116,11,6,1.240574,96.13,262.88,1324.203,2,4,compressed_ring_ar
1778546574.6834135,11,7,1.199803,114.71,207.761,1111.424,2,4,compressed_ring_ar
1778546575.9655645,11,8,1.31874,105.09,273.865,1210.886,2,4,compressed_ring_ar
1778546577.2741513,11,9,1.219946,100.43,202.715,1273.093,2,4,compressed_ring_ar
1778546578.5534322,11,10,1.159684,103.73,262.049,1231.869,2,4,compressed_ring_ar
1778546579.8897698,11,11,1.171799,99.73,218.211,1282.078,2,4,compressed_ring_ar
1778546581.2096066,11,12,1.18282,99.82,242.735,1277.194,2,4,compressed_ring_ar
1778546582.527254,11,13,1.163736,100.34,206.375,1270.253,2,4,compressed_ring_ar
1778546583.8595605,11,14,1.079129,99.17,367.644,1289.557,2,4,compressed_ring_ar
1778546585.2192159,11,15,1.194251,97.24,245.296,1314.561,2,4,compressed_ring_ar
1778546586.5892985,11,16,1.261384,96.09,483.546,1324.005,2,4,compressed_ring_ar
1778546587.8880365,11,17,1.093247,102.25,270.891,1250.469,2,4,compressed_ring_ar
1778546589.0409448,11,18,1.109341,117.16,227.653,1091.218,2,4,compressed_ring_ar
1778546590.2018793,11,19,1.220797,117.24,185.956,1088.75,2,4,compressed_ring_ar
1778546591.640288,11,20,1.098181,92.16,214.141,1387.486,2,4,compressed_ring_ar
1778546593.0166624,11,21,1.287155,97.03,212.183,1314.024,2,4,compressed_ring_ar
1778546594.3272045,11,22,1.164506,100.37,229.68,1270.715,2,4,compressed_ring_ar
1778546595.769199,11,23,1.158612,91.36,247.937,1396.237,2,4,compressed_ring_ar
1778546597.2234895,11,24,1.259419,91.05,269.413,1404.811,2,4,compressed_ring_ar
1778546598.5821972,11,25,1.27759,100.56,181.766,1269.74,2,4,compressed_ring_ar
1778546599.9956636,11,26,1.105629,93.63,588.85,1362.383,2,4,compressed_ring_ar
1778546601.2816553,11,27,1.29687,102.39,188.072,1248.761,2,4,compressed_ring_ar
1778546602.5205843,11,28,1.222705,106.87,208.814,1195.941,2,4,compressed_ring_ar
1778546603.8333676,11,29,1.339148,101.19,643.726,1263.684,2,4,compressed_ring_ar
1778546605.1722302,11,30,1.109535,100.37,316.722,1273.749,2,4,compressed_ring_ar
1778546606.6047204,11,31,1.464395,91.91,241.848,1389.242,2,4,compressed_ring_ar
1778546607.9085736,11,32,1.252872,103.08,197.567,1236.427,2,4,compressed_ring_ar
1778546609.2177975,11,33,1.084513,102.52,213.335,1246.167,2,4,compressed_ring_ar
1778546610.6280062,11,34,1.011096,94.65,438.043,1349.29,2,4,compressed_ring_ar
1778546611.9946532,11,35,1.346396,96.68,270.556,1322.612,2,4,compressed_ring_ar
1778546613.399594,11,36,1.205536,94.19,310.686,1356.627,2,4,compressed_ring_ar
1778546614.889162,11,37,1.134582,88.17,535.492,1447.811,2,4,compressed_ring_ar
1778546616.2081902,11,38,1.052654,100.68,184.807,1270.015,2,4,compressed_ring_ar
1778546617.5810347,11,39,1.180776,96.66,244.241,1321.584,2,4,compressed_ring_ar
1778546619.051144,11,40,1.257507,89.6,691.018,1427.054,2,4,compressed_ring_ar
1778546620.4130433,11,41,1.157001,97.23,254.554,1312.231,2,4,compressed_ring_ar
1778546621.7322536,11,42,1.269289,101.49,189.991,1258.728,2,4,compressed_ring_ar
1778546623.0816374,11,43,1.124439,97.37,481.737,1313.106,2,4,compressed_ring_ar
1778546624.503786,11,44,1.244377,92.72,275.011,1376.125,2,4,compressed_ring_ar
1778546625.9898949,11,45,1.385495,88.22,447.258,1449.603,2,4,compressed_ring_ar
1778546627.5768967,11,46,1.214615,82.71,223.771,1546.2,2,4,compressed_ring_ar
1778546629.142462,11,47,1.173162,83.85,521.258,1522.995,2,4,compressed_ring_ar
1778546630.5620246,11,48,1.218354,92.8,228.481,1377.897,2,4,compressed_ring_ar
1778546632.2064247,11,49,1.241353,80.68,273.366,1585.114,2,4,compressed_ring_ar
1778546633.6329696,11,50,1.317513,94.55,232.732,1352.463,2,4,compressed_ring_ar
1778546634.9508746,11,51,1.111186,101.34,179.874,1261.77,2,4,compressed_ring_ar
1778546636.284719,11,52,1.23899,98.92,209.696,1289.048,2,4,compressed_ring_ar
1778546637.4907992,11,53,1.153552,110.1,240.56,1159.859,2,4,compressed_ring_ar
1778546638.835123,11,54,1.238808,99.16,306.401,1289.339,2,4,compressed_ring_ar
1778546640.1418316,11,55,1.14758,101.61,163.292,1256.883,2,4,compressed_ring_ar
1778546641.543401,11,56,1.09046,93.99,481.603,1359.359,2,4,compressed_ring_ar
1778546643.0412486,11,57,1.185556,89.77,191.827,1424.505,2,4,compressed_ring_ar
1778546644.4347365,11,58,1.161498,94.96,200.707,1342.39,2,4,compressed_ring_ar
1778546645.781128,11,59,1.180179,97.97,213.76,1302.416,2,4,compressed_ring_ar
1778546647.0895493,11,60,1.166429,102.44,206.388,1244.753,2,4,compressed_ring_ar
1778546648.4837928,11,61,1.15988,94.32,208.444,1350.53,2,4,compressed_ring_ar
1778546649.7362247,11,62,1.049601,106.33,207.42,1201.128,2,4,compressed_ring_ar
1778546650.9957855,11,63,0.98008,106.35,217.996,1198.716,2,4,compressed_ring_ar
1778546652.3671803,11,64,1.308558,95.77,385.727,1332.034,2,4,compressed_ring_ar
1778546653.9429474,11,65,1.138875,84.51,269.105,1509.7,2,4,compressed_ring_ar
1778546655.3557837,11,66,1.258202,96.7,228.246,1316.423,2,4,compressed_ring_ar
1778546656.6995146,11,67,1.201952,98.21,176.517,1297.08,2,4,compressed_ring_ar
1778546658.0367348,11,68,1.094064,98.45,249.985,1296.819,2,4,compressed_ring_ar
1778546659.341197,11,69,1.437651,102.37,312.503,1245.908,2,4,compressed_ring_ar
1778546660.7885532,11,70,1.149129,91.58,184.455,1389.048,2,4,compressed_ring_ar
1778546662.0748467,11,71,1.215147,103.02,209.398,1238.607,2,4,compressed_ring_ar
1778546663.3285382,11,72,1.191616,105.49,183.934,1211.062,2,4,compressed_ring_ar
1778546664.708725,11,73,1.267911,95.71,224.594,1332.773,2,4,compressed_ring_ar
1778546665.974697,11,74,1.074719,105.39,233.284,1209.974,2,4,compressed_ring_ar
1778546667.152584,11,75,1.299483,115.56,197.67,1106.468,2,4,compressed_ring_ar
1778546668.4898021,11,76,0.914968,99.26,210.635,1288.181,2,4,compressed_ring_ar
1778546669.839048,11,77,1.212435,97.51,275.094,1311.384,2,4,compressed_ring_ar
1778546671.2762318,11,78,1.262731,91.93,216.917,1387.272,2,4,compressed_ring_ar
1778546672.6165786,11,79,1.144355,99.07,193.562,1287.86,2,4,compressed_ring_ar
1778546673.8947608,11,80,1.202352,104.0,227.806,1226.283,2,4,compressed_ring_ar
1778546675.1469216,11,81,1.095269,106.52,192.998,1197.026,2,4,compressed_ring_ar
1778546676.5020418,11,82,1.340526,98.12,190.643,1299.886,2,4,compressed_ring_ar
1778546677.7570424,11,83,1.18545,104.99,219.194,1214.813,2,4,compressed_ring_ar
1778546679.110834,11,84,1.203988,98.73,222.632,1293.458,2,4,compressed_ring_ar
1778546680.334489,11,85,1.179,108.14,220.355,1181.491,2,4,compressed_ring_ar
1778546681.861839,11,86,1.132847,86.35,314.562,1481.087,2,4,compressed_ring_ar
1778546682.988144,11,87,1.277999,121.05,226.855,1052.868,2,4,compressed_ring_ar
1778546684.3028486,11,88,1.031441,100.46,212.875,1269.613,2,4,compressed_ring_ar
1778546685.566818,11,89,1.242586,104.64,281.675,1216.382,2,4,compressed_ring_ar
1778546686.8230584,11,90,1.153303,105.24,214.38,1209.48,2,4,compressed_ring_ar
1778546688.17922,11,91,1.143057,97.54,213.182,1304.946,2,4,compressed_ring_ar
1778546689.4309433,11,92,1.17187,105.73,249.413,1203.502,2,4,compressed_ring_ar
1778546690.7092197,11,93,1.025623,103.8,193.935,1224.997,2,4,compressed_ring_ar
1778546691.9209204,11,94,1.117846,110.18,292.533,1160.422,2,4,compressed_ring_ar
1778546693.1678896,11,95,1.294271,107.61,209.907,1180.551,2,4,compressed_ring_ar
1778546694.51342,11,96,1.188672,97.98,211.104,1303.614,2,4,compressed_ring_ar
1778546695.7053473,11,97,1.202933,72.51,369.094,1150.979,2,4,compressed_ring_ar
1778546707.1957479,12,0,1.297464,92.73,428.839,1372.966,2,4,compressed_ring_ar
1778546708.5361078,12,1,1.077822,98.39,201.59,1298.435,2,4,compressed_ring_ar
1778546709.7420743,12,2,1.286562,109.55,431.39,1167.343,2,4,compressed_ring_ar
1778546711.1558554,12,3,1.211667,95.19,781.167,1340.046,2,4,compressed_ring_ar
1778546712.562823,12,4,1.224684,93.9,206.917,1355.789,2,4,compressed_ring_ar
1778546713.8628182,12,5,1.361848,101.85,213.891,1251.927,2,4,compressed_ring_ar
1778546715.2110105,12,6,1.160659,97.65,208.733,1308.585,2,4,compressed_ring_ar
1778546716.7701893,12,7,1.120539,84.51,226.411,1513.299,2,4,compressed_ring_ar
1778546718.2908027,12,8,1.058401,87.3,514.422,1456.773,2,4,compressed_ring_ar
1778546719.6153948,12,9,1.106014,100.37,213.969,1266.884,2,4,compressed_ring_ar
1778546720.9213243,12,10,1.278669,100.67,235.744,1266.113,2,4,compressed_ring_ar
1778546722.3050165,12,11,1.350822,95.28,225.754,1339.092,2,4,compressed_ring_ar
1778546723.6482816,12,12,1.159196,98.33,204.145,1300.474,2,4,compressed_ring_ar
1778546725.0353653,12,13,1.214168,96.51,217.774,1320.83,2,4,compressed_ring_ar
1778546726.2752728,12,14,1.193442,110.11,196.177,1160.117,2,4,compressed_ring_ar
1778546727.7370105,12,15,1.291336,90.62,338.252,1407.885,2,4,compressed_ring_ar
1778546728.9478517,12,16,1.113237,108.94,218.505,1173.074,2,4,compressed_ring_ar
1778546730.3021219,12,17,1.144987,97.4,337.868,1306.708,2,4,compressed_ring_ar
1778546731.6230526,12,18,1.225658,100.25,291.381,1270.589,2,4,compressed_ring_ar
1778546732.8322823,12,19,1.302246,111.13,284.678,1150.708,2,4,compressed_ring_ar
1778546734.2416458,12,20,1.112367,93.92,206.479,1361.56,2,4,compressed_ring_ar
1778546735.4681325,12,21,1.281562,108.59,195.051,1172.982,2,4,compressed_ring_ar
1778546736.7153733,12,22,1.123553,105.87,471.225,1204.249,2,4,compressed_ring_ar
1778546738.0079908,12,23,1.113317,102.09,204.591,1249.239,2,4,compressed_ring_ar
1778546739.3396592,12,24,1.046356,99.13,232.936,1284.114,2,4,compressed_ring_ar
1778546740.5981796,12,25,1.029756,105.55,254.673,1206.484,2,4,compressed_ring_ar
1778546741.8250186,12,26,1.105785,107.5,220.444,1185.712,2,4,compressed_ring_ar
1778546743.1476297,12,27,1.217472,100.03,226.644,1275.213,2,4,compressed_ring_ar
1778546744.4778678,12,28,0.955028,99.36,323.063,1281.758,2,4,compressed_ring_ar
1778546745.8209662,12,29,1.188922,97.99,184.011,1304.879,2,4,compressed_ring_ar
1778546747.1746686,12,30,1.228908,98.18,214.528,1301.101,2,4,compressed_ring_ar
1778546748.8337164,12,31,1.310166,79.27,475.318,1613.119,2,4,compressed_ring_ar
1778546750.4535923,12,32,1.065995,80.98,382.207,1579.24,2,4,compressed_ring_ar
1778546751.904616,12,33,1.190307,91.07,234.787,1401.135,2,4,compressed_ring_ar
1778546753.345897,12,34,1.198562,91.44,374.477,1397.256,2,4,compressed_ring_ar
1778546754.6691127,12,35,1.232318,99.92,400.956,1278.515,2,4,compressed_ring_ar
1778546756.0534408,12,36,1.140756,95.24,342.231,1342.449,2,4,compressed_ring_ar
1778546757.5058405,12,37,1.133714,90.52,192.247,1409.5,2,4,compressed_ring_ar
1778546758.7990997,12,38,1.139017,102.01,205.169,1252.234,2,4,compressed_ring_ar
1778546760.1618295,12,39,1.124344,96.76,454.604,1318.23,2,4,compressed_ring_ar
1778546761.354211,12,40,1.184107,112.05,151.737,1140.071,2,4,compressed_ring_ar
1778546762.674618,12,41,1.094773,101.42,356.173,1257.876,2,4,compressed_ring_ar
1778546763.9607663,12,42,1.123087,103.15,387.189,1239.542,2,4,compressed_ring_ar
1778546765.3229125,12,43,1.059767,97.76,218.006,1304.609,2,4,compressed_ring_ar
1778546766.749474,12,44,1.18845,92.77,226.843,1376.027,2,4,compressed_ring_ar
1778546768.1207173,12,45,1.199412,96.02,202.61,1329.22,2,4,compressed_ring_ar
1778546769.6036985,12,46,1.155613,89.5,315.517,1425.349,2,4,compressed_ring_ar
1778546770.9257162,12,47,1.278327,99.91,340.31,1276.208,2,4,compressed_ring_ar
1778546772.3423367,12,48,1.10442,93.36,302.602,1366.87,2,4,compressed_ring_ar
1778546773.6619601,12,49,1.129088,103.13,233.39,1236.435,2,4,compressed_ring_ar
1778546774.8577862,12,50,1.001987,110.62,217.379,1154.677,2,4,compressed_ring_ar
1778546776.2822287,12,51,1.091355,92.45,236.684,1382.983,2,4,compressed_ring_ar
1778546777.636564,12,52,1.201901,98.01,229.332,1301.509,2,4,compressed_ring_ar
1778546778.8689141,12,53,1.093723,109.49,218.918,1162.221,2,4,compressed_ring_ar
1778546780.280107,12,54,1.122916,93.8,212.99,1360.06,2,4,compressed_ring_ar
1778546781.676162,12,55,1.231467,96.13,298.392,1330.003,2,4,compressed_ring_ar
1778546782.9068882,12,56,1.237432,110.46,253.008,1152.825,2,4,compressed_ring_ar
1778546784.274803,12,57,1.246658,97.12,213.46,1313.364,2,4,compressed_ring_ar
1778546785.6452577,12,58,1.182315,97.67,194.092,1305.0,2,4,compressed_ring_ar
1778546786.985829,12,59,1.00047,98.35,385.596,1294.536,2,4,compressed_ring_ar
1778546788.2681572,12,60,1.222071,103.05,207.213,1240.841,2,4,compressed_ring_ar
1778546789.5843573,12,61,1.064391,100.67,197.122,1269.621,2,4,compressed_ring_ar
1778546790.9265935,12,62,1.247282,98.8,278.584,1290.809,2,4,compressed_ring_ar
1778546792.2151723,12,63,1.058352,103.94,192.345,1226.422,2,4,compressed_ring_ar
1778546793.4672265,12,64,1.048949,105.6,202.718,1204.964,2,4,compressed_ring_ar
1778546794.7648382,12,65,1.213812,102.26,260.749,1246.566,2,4,compressed_ring_ar
1778546796.0304737,12,66,1.030984,104.01,338.456,1224.597,2,4,compressed_ring_ar
1778546797.225556,12,67,1.057686,111.89,194.185,1138.484,2,4,compressed_ring_ar
1778546798.3362606,12,68,1.123895,120.35,197.051,1062.111,2,4,compressed_ring_ar
1778546799.740115,12,69,1.102949,94.2,221.973,1352.523,2,4,compressed_ring_ar
1778546801.138517,12,70,1.119009,95.36,308.357,1337.953,2,4,compressed_ring_ar
1778546802.5998447,12,71,1.272378,91.68,304.218,1389.796,2,4,compressed_ring_ar
1778546803.871211,12,72,1.098783,104.31,188.221,1221.181,2,4,compressed_ring_ar
1778546805.2065403,12,73,1.096891,98.44,302.84,1294.766,2,4,compressed_ring_ar
1778546806.3518527,12,74,1.144092,115.36,187.821,1104.751,2,4,compressed_ring_ar
1778546807.6655252,12,75,1.077723,100.92,332.993,1266.948,2,4,compressed_ring_ar
1778546808.8982463,12,76,1.189154,108.65,213.641,1173.785,2,4,compressed_ring_ar
1778546810.2089667,12,77,1.269042,101.38,230.907,1261.172,2,4,compressed_ring_ar
1778546811.7481487,12,78,1.113839,86.58,196.22,1477.1,2,4,compressed_ring_ar
1778546813.3137057,12,79,1.084355,84.3,396.195,1512.52,2,4,compressed_ring_ar
1778546814.5310364,12,80,1.037139,109.15,192.872,1171.537,2,4,compressed_ring_ar
1778546815.7259696,12,81,1.212623,112.09,339.157,1139.944,2,4,compressed_ring_ar
1778546816.9602373,12,82,1.085163,107.37,229.12,1190.163,2,4,compressed_ring_ar
1778546818.2223842,12,83,1.282048,105.27,441.654,1214.558,2,4,compressed_ring_ar
1778546819.577746,12,84,1.224671,97.49,262.898,1307.406,2,4,compressed_ring_ar
1778546820.804309,12,85,1.401432,107.9,247.838,1184.912,2,4,compressed_ring_ar
1778546822.0716603,12,86,1.171657,106.33,327.641,1196.491,2,4,compressed_ring_ar
1778546823.36721,12,87,1.155179,102.37,182.06,1248.053,2,4,compressed_ring_ar
1778546824.7702727,12,88,1.196375,95.23,235.268,1339.369,2,4,compressed_ring_ar
1778546826.0669866,12,89,1.060615,101.88,194.264,1249.251,2,4,compressed_ring_ar
1778546827.3061578,12,90,1.160546,106.65,194.491,1196.139,2,4,compressed_ring_ar
1778546828.6573918,12,91,1.195853,98.08,189.068,1300.091,2,4,compressed_ring_ar
1778546829.9768069,12,92,1.096224,100.21,187.073,1275.961,2,4,compressed_ring_ar
1778546831.12768,12,93,1.370258,117.91,189.008,1080.914,2,4,compressed_ring_ar
1778546832.4436867,12,94,1.235949,100.47,191.106,1269.644,2,4,compressed_ring_ar
1778546833.8934243,12,95,1.047328,91.18,263.956,1401.786,2,4,compressed_ring_ar
1778546835.3559074,12,96,1.273023,92.52,342.498,1379.524,2,4,compressed_ring_ar
1778546836.735203,12,97,1.177073,62.18,204.752,1341.642,2,4,compressed_ring_ar
1778546848.3320236,13,0,1.012652,91.94,224.142,1390.631,2,4,compressed_ring_ar
1778546849.5699115,13,1,1.253407,107.97,274.417,1184.359,2,4,compressed_ring_ar
1778546851.1420994,13,2,0.919369,85.89,892.797,1488.878,2,4,compressed_ring_ar
1778546852.6530654,13,3,1.088824,89.47,328.76,1429.446,2,4,compressed_ring_ar
1778546854.1372209,13,4,1.175758,89.74,213.785,1425.082,2,4,compressed_ring_ar
1778546855.6163914,13,5,1.184421,89.21,166.542,1430.503,2,4,compressed_ring_ar
1778546857.046967,13,6,1.106603,92.84,166.843,1375.788,2,4,compressed_ring_ar
1778546858.3506749,13,7,1.155158,102.0,220.767,1253.708,2,4,compressed_ring_ar
1778546859.726563,13,8,1.173367,98.56,548.069,1296.69,2,4,compressed_ring_ar
1778546861.094374,13,9,1.185243,96.31,365.875,1324.365,2,4,compressed_ring_ar
1778546862.4022295,13,10,1.063702,102.75,200.509,1239.078,2,4,compressed_ring_ar
1778546863.8232002,13,11,1.366499,93.88,249.254,1358.627,2,4,compressed_ring_ar
1778546864.9641557,13,12,1.245829,118.19,391.006,1081.616,2,4,compressed_ring_ar
1778546866.3227448,13,13,1.034542,97.09,187.883,1313.799,2,4,compressed_ring_ar
1778546867.6849332,13,14,1.017497,97.35,234.879,1310.419,2,4,compressed_ring_ar
1778546868.9953208,13,15,0.971057,101.11,199.592,1260.032,2,4,compressed_ring_ar
1778546870.3053758,13,16,1.077997,101.09,216.802,1263.773,2,4,compressed_ring_ar
1778546871.5738118,13,17,1.155214,104.22,312.567,1226.094,2,4,compressed_ring_ar
1778546872.9484477,13,18,1.152447,97.42,329.418,1309.783,2,4,compressed_ring_ar
1778546874.241096,13,19,1.202688,101.84,344.072,1248.236,2,4,compressed_ring_ar
1778546875.5022838,13,20,1.127947,106.48,181.973,1196.028,2,4,compressed_ring_ar
1778546876.8477209,13,21,1.11939,98.26,266.567,1297.196,2,4,compressed_ring_ar
1778546878.1856418,13,22,1.031738,100.77,221.366,1267.998,2,4,compressed_ring_ar
1778546879.5864258,13,23,1.16937,94.34,201.738,1355.679,2,4,compressed_ring_ar
1778546880.9603705,13,24,1.128005,95.51,527.642,1335.29,2,4,compressed_ring_ar
1778546882.2744107,13,25,1.172657,100.09,150.572,1277.792,2,4,compressed_ring_ar
1778546883.6928725,13,26,1.0407,96.43,610.787,1322.521,2,4,compressed_ring_ar
1778546885.080034,13,27,1.096409,94.92,223.755,1344.684,2,4,compressed_ring_ar
1778546886.4726262,13,28,1.070853,94.96,343.217,1341.314,2,4,compressed_ring_ar
1778546887.5789986,13,29,1.286293,122.01,190.19,1042.265,2,4,compressed_ring_ar
1778546888.839409,13,30,1.159448,105.82,187.657,1208.335,2,4,compressed_ring_ar
1778546890.1021478,13,31,1.248112,106.37,279.545,1202.068,2,4,compressed_ring_ar
1778546891.7630205,13,32,0.968369,80.74,309.915,1584.167,2,4,compressed_ring_ar
1778546893.0438118,13,33,1.144914,103.88,349.669,1231.046,2,4,compressed_ring_ar
1778546894.4734573,13,34,1.079051,94.42,691.731,1351.736,2,4,compressed_ring_ar
1778546895.7465482,13,35,1.169889,104.59,246.105,1219.388,2,4,compressed_ring_ar
1778546897.1320481,13,36,1.03001,95.04,263.212,1346.457,2,4,compressed_ring_ar
1778546898.4701247,13,37,1.184462,100.98,276.714,1266.214,2,4,compressed_ring_ar
1778546899.8800964,13,38,1.10694,94.93,237.853,1343.812,2,4,compressed_ring_ar
1778546901.0552447,13,39,1.126373,114.01,192.18,1117.723,2,4,compressed_ring_ar
1778546902.3935552,13,40,1.057964,98.46,200.189,1294.899,2,4,compressed_ring_ar
1778546903.6653748,13,41,1.312058,104.6,235.083,1216.64,2,4,compressed_ring_ar
1778546904.9312432,13,42,1.078817,104.3,201.198,1219.468,2,4,compressed_ring_ar
1778546905.9609902,13,43,1.173567,128.91,141.863,991.386,2,4,compressed_ring_ar
1778546907.3512611,13,44,1.240906,97.52,507.498,1309.286,2,4,compressed_ring_ar
1778546908.7238019,13,45,1.005822,96.13,222.032,1324.412,2,4,compressed_ring_ar
1778546909.9252794,13,46,1.173069,110.49,222.042,1154.789,2,4,compressed_ring_ar
1778546911.3042557,13,47,1.154031,95.72,334.632,1326.641,2,4,compressed_ring_ar
1778546912.357412,13,48,1.051638,125.63,139.577,1017.615,2,4,compressed_ring_ar
1778546913.7490041,13,49,1.076382,97.39,466.715,1308.119,2,4,compressed_ring_ar
1778546914.915496,13,50,1.267954,113.8,228.806,1124.024,2,4,compressed_ring_ar
1778546916.1664112,13,51,1.240708,105.92,166.142,1206.602,2,4,compressed_ring_ar
1778546917.4480412,13,52,0.984316,104.68,428.928,1219.934,2,4,compressed_ring_ar
1778546918.7564216,13,53,0.974223,104.67,207.242,1218.673,2,4,compressed_ring_ar
1778546920.1992552,13,54,1.275856,91.64,214.383,1390.987,2,4,compressed_ring_ar
1778546921.420702,13,55,0.967207,108.55,272.524,1176.67,2,4,compressed_ring_ar
1778546923.0167217,13,56,1.102783,82.34,348.213,1549.825,2,4,compressed_ring_ar
1778546924.2792892,13,57,1.136738,108.43,259.366,1175.67,2,4,compressed_ring_ar
1778546925.5639484,13,58,1.328716,102.91,250.439,1241.742,2,4,compressed_ring_ar
1778546926.876798,13,59,1.034927,100.3,352.109,1269.833,2,4,compressed_ring_ar
1778546928.0852165,13,60,1.211188,110.13,229.356,1159.453,2,4,compressed_ring_ar
1778546929.5162845,13,61,1.287471,92.2,263.612,1382.205,2,4,compressed_ring_ar
1778546930.9319777,13,62,1.198732,92.94,444.612,1375.894,2,4,compressed_ring_ar
1778546932.261683,13,63,1.133122,100.44,224.802,1269.701,2,4,compressed_ring_ar
1778546933.5189562,13,64,1.210525,104.62,222.702,1222.12,2,4,compressed_ring_ar
1778546934.8002207,13,65,1.143336,102.93,233.46,1238.134,2,4,compressed_ring_ar
1778546935.9873216,13,66,1.169188,111.17,245.219,1148.93,2,4,compressed_ring_ar
1778546937.2526085,13,67,1.277739,104.58,295.469,1221.329,2,4,compressed_ring_ar
1778546938.6273377,13,68,1.236982,96.3,367.523,1326.765,2,4,compressed_ring_ar
1778546940.156248,13,69,1.208648,86.38,224.036,1480.637,2,4,compressed_ring_ar
1778546941.4734712,13,70,1.144214,101.79,229.909,1252.487,2,4,compressed_ring_ar
1778546942.8625607,13,71,1.121433,95.09,198.693,1344.73,2,4,compressed_ring_ar
1778546944.068188,13,72,1.107581,111.13,325.336,1144.993,2,4,compressed_ring_ar
1778546945.344168,13,73,1.275266,104.13,186.393,1228.055,2,4,compressed_ring_ar
1778546946.771043,13,74,1.190656,92.81,659.799,1374.684,2,4,compressed_ring_ar
1778546948.100816,13,75,1.21045,99.63,232.616,1280.031,2,4,compressed_ring_ar
1778546949.3705838,13,76,1.145911,104.1,129.452,1227.214,2,4,compressed_ring_ar
1778546950.6828735,13,77,1.11501,101.38,438.199,1259.693,2,4,compressed_ring_ar
1778546951.9522822,13,78,1.144455,104.56,241.515,1222.141,2,4,compressed_ring_ar
1778546953.3757622,13,79,1.081099,92.85,403.32,1377.152,2,4,compressed_ring_ar
1778546954.7781808,13,80,1.180413,95.36,241.853,1340.282,2,4,compressed_ring_ar
1778546956.1251223,13,81,0.987543,99.88,220.776,1278.476,2,4,compressed_ring_ar
1778546957.5258036,13,82,1.17216,94.48,318.423,1349.733,2,4,compressed_ring_ar
1778546958.8379061,13,83,0.994819,100.95,191.285,1265.005,2,4,compressed_ring_ar
1778546960.1525161,13,84,1.195684,101.54,209.485,1255.929,2,4,compressed_ring_ar
1778546961.554792,13,85,1.176059,93.9,181.027,1358.978,2,4,compressed_ring_ar
1778546962.922863,13,86,1.194215,96.72,284.411,1318.668,2,4,compressed_ring_ar
1778546964.3061981,13,87,1.202104,95.64,417.175,1333.592,2,4,compressed_ring_ar
1778546965.5734675,13,88,1.029657,105.29,195.888,1212.757,2,4,compressed_ring_ar
1778546966.9788408,13,89,1.278822,93.79,303.284,1360.466,2,4,compressed_ring_ar
1778546968.2626326,13,90,1.177613,103.7,327.905,1230.43,2,4,compressed_ring_ar
1778546969.4903724,13,91,0.947382,108.34,211.494,1179.9,2,4,compressed_ring_ar
1778546970.8438988,13,92,0.979856,97.75,376.592,1303.463,2,4,compressed_ring_ar
1778546972.125303,13,93,1.0896,102.8,259.786,1237.521,2,4,compressed_ring_ar
1778546973.317601,13,94,1.249358,112.28,266.298,1135.596,2,4,compressed_ring_ar
1778546974.6461153,13,95,1.15523,99.96,201.692,1276.801,2,4,compressed_ring_ar
1778546975.9546864,13,96,1.284968,103.06,198.714,1235.862,2,4,compressed_ring_ar
1778546977.148337,13,97,0.971431,72.13,304.093,1157.686,2,4,compressed_ring_ar
1778546988.8209863,14,0,1.173232,93.25,230.163,1365.088,2,4,compressed_ring_ar
1778546990.1789966,14,1,1.251175,97.23,304.42,1309.463,2,4,compressed_ring_ar
1778546991.4241333,14,2,1.133427,105.94,204.406,1205.962,2,4,compressed_ring_ar
1778546992.900203,14,3,1.333189,88.82,256.546,1434.47,2,4,compressed_ring_ar
1778546994.11398,14,4,1.101172,114.32,197.338,1115.199,2,4,compressed_ring_ar
1778546995.5295222,14,5,1.08751,93.92,404.647,1361.578,2,4,compressed_ring_ar
1778546996.9934456,14,6,1.063178,91.12,568.162,1402.97,2,4,compressed_ring_ar
1778546998.387073,14,7,1.235715,95.85,193.24,1333.32,2,4,compressed_ring_ar
1778546999.7609859,14,8,1.1187,96.31,506.927,1321.266,2,4,compressed_ring_ar
1778547001.0216548,14,9,1.213832,106.01,198.177,1205.275,2,4,compressed_ring_ar
1778547002.2926526,14,10,0.932821,105.34,329.943,1213.959,2,4,compressed_ring_ar
1778547003.666975,14,11,1.06008,98.29,337.323,1298.373,2,4,compressed_ring_ar
1778547004.8372443,14,12,0.961114,116.89,197.539,1090.257,2,4,compressed_ring_ar
1778547006.1657412,14,13,0.977117,99.1,388.886,1285.984,2,4,compressed_ring_ar
1778547007.339111,14,14,1.047981,112.6,405.018,1135.43,2,4,compressed_ring_ar
1778547008.6362338,14,15,1.092256,103.77,186.421,1229.275,2,4,compressed_ring_ar
1778547009.9923985,14,16,1.306562,100.11,156.78,1277.551,2,4,compressed_ring_ar
1778547011.3227,14,17,1.186934,100.57,222.561,1271.862,2,4,compressed_ring_ar
1778547012.9701881,14,18,1.154347,81.66,559.041,1563.1,2,4,compressed_ring_ar
1778547014.2002199,14,19,1.089668,111.73,320.315,1143.327,2,4,compressed_ring_ar
1778547015.6166422,14,20,1.112221,93.56,533.875,1363.615,2,4,compressed_ring_ar
1778547016.9230487,14,21,1.154769,100.67,214.239,1270.213,2,4,compressed_ring_ar
1778547018.3925807,14,22,1.116606,90.17,220.59,1418.109,2,4,compressed_ring_ar
1778547019.6893837,14,23,1.364731,103.79,137.548,1231.057,2,4,compressed_ring_ar
1778547021.0283065,14,24,1.179536,99.52,349.762,1281.463,2,4,compressed_ring_ar
1778547022.4589548,14,25,1.257456,92.24,227.225,1382.37,2,4,compressed_ring_ar
1778547023.712756,14,26,1.169076,106.89,183.298,1196.238,2,4,compressed_ring_ar
1778547025.0570323,14,27,1.009336,98.3,355.321,1299.798,2,4,compressed_ring_ar
1778547026.3751447,14,28,1.126994,101.76,624.382,1255.896,2,4,compressed_ring_ar
1778547027.6155725,14,29,1.177646,106.84,332.177,1195.532,2,4,compressed_ring_ar
1778547029.034092,14,30,1.05988,92.74,388.763,1376.358,2,4,compressed_ring_ar
1778547030.4599926,14,31,1.221239,92.74,364.319,1378.888,2,4,compressed_ring_ar
1778547031.8155415,14,32,1.139561,97.65,487.154,1309.524,2,4,compressed_ring_ar
1778547033.1957788,14,33,1.193961,97.35,220.259,1308.07,2,4,compressed_ring_ar
1778547034.4180734,14,34,0.998424,108.79,218.689,1170.17,2,4,compressed_ring_ar
1778547035.61993,14,35,1.247627,109.95,179.399,1163.006,2,4,compressed_ring_ar
1778547036.9187555,14,36,1.106646,103.5,304.695,1231.726,2,4,compressed_ring_ar
1778547038.2074256,14,37,1.18074,102.56,285.03,1237.738,2,4,compressed_ring_ar
1778547039.4691932,14,38,1.03395,105.19,235.203,1212.536,2,4,compressed_ring_ar
1778547040.6053238,14,39,1.166367,117.64,171.472,1087.34,2,4,compressed_ring_ar
1778547042.029925,14,40,0.969847,94.45,426.735,1350.005,2,4,compressed_ring_ar
1778547043.1661527,14,41,1.156258,119.16,189.833,1069.658,2,4,compressed_ring_ar
1778547044.471793,14,42,1.141545,101.65,215.791,1252.522,2,4,compressed_ring_ar
1778547045.7449646,14,43,1.282559,103.22,146.326,1237.986,2,4,compressed_ring_ar
1778547047.024762,14,44,1.112065,104.04,316.74,1224.417,2,4,compressed_ring_ar
1778547048.3837695,14,45,1.02442,97.57,288.334,1310.45,2,4,compressed_ring_ar
1778547049.562476,14,46,0.930548,117.5,254.689,1088.068,2,4,compressed_ring_ar
1778547050.8871002,14,47,1.057984,101.15,516.346,1264.357,2,4,compressed_ring_ar
1778547052.347274,14,48,1.145223,93.13,739.766,1372.999,2,4,compressed_ring_ar
1778547053.6401887,14,49,0.95169,103.62,228.028,1233.655,2,4,compressed_ring_ar
1778547054.9228747,14,50,1.266026,102.93,271.298,1237.457,2,4,compressed_ring_ar
1778547056.2115636,14,51,1.084324,102.52,212.382,1244.045,2,4,compressed_ring_ar
1778547057.5174277,14,52,1.31708,101.24,289.296,1259.106,2,4,compressed_ring_ar
1778547058.8383858,14,53,1.089199,100.23,185.509,1272.287,2,4,compressed_ring_ar
1778547060.0739686,14,54,1.003734,107.91,242.373,1180.821,2,4,compressed_ring_ar
1778547061.3591118,14,55,1.071755,103.07,336.304,1240.694,2,4,compressed_ring_ar
1778547062.6388652,14,56,1.100524,105.03,319.984,1216.253,2,4,compressed_ring_ar
1778547063.9178584,14,57,1.064262,106.28,374.169,1202.868,2,4,compressed_ring_ar
1778547065.1720972,14,58,1.099709,108.95,584.013,1173.923,2,4,compressed_ring_ar
1778547066.6366339,14,59,1.056629,91.44,521.589,1393.572,2,4,compressed_ring_ar
1778547067.8307307,14,60,1.105773,110.89,145.767,1152.411,2,4,compressed_ring_ar
1778547069.1366858,14,61,1.093306,104.48,337.326,1223.839,2,4,compressed_ring_ar
1778547070.4736485,14,62,1.171159,100.18,438.214,1272.334,2,4,compressed_ring_ar
1778547071.744128,14,63,1.147326,103.71,201.6,1232.731,2,4,compressed_ring_ar
1778547073.0523596,14,64,1.251128,102.41,282.752,1246.824,2,4,compressed_ring_ar
1778547074.3945327,14,65,1.096727,98.29,389.059,1296.186,2,4,compressed_ring_ar
1778547075.5909393,14,66,1.114812,111.08,186.393,1147.874,2,4,compressed_ring_ar
1778547076.7769585,14,67,1.135255,111.92,239.147,1142.412,2,4,compressed_ring_ar
1778547078.1264682,14,68,1.054345,99.18,257.159,1286.583,2,4,compressed_ring_ar
1778547079.711574,14,69,1.097677,82.76,202.828,1540.848,2,4,compressed_ring_ar
1778547081.0466502,14,70,1.100192,98.5,182.091,1297.25,2,4,compressed_ring_ar
1778547082.3125904,14,71,1.236776,105.43,149.825,1208.631,2,4,compressed_ring_ar
1778547083.64976,14,72,1.160126,98.47,523.284,1298.325,2,4,compressed_ring_ar
1778547085.0034096,14,73,1.217027,99.06,506.264,1290.063,2,4,compressed_ring_ar
1778547086.4922545,14,74,1.16886,89.89,365.148,1422.339,2,4,compressed_ring_ar
1778547087.8277073,14,75,1.361823,99.89,244.729,1277.846,2,4,compressed_ring_ar
1778547089.2477949,14,76,1.026367,93.98,184.223,1355.741,2,4,compressed_ring_ar
1778547090.5667408,14,77,1.08346,101.65,240.498,1251.631,2,4,compressed_ring_ar
1778547091.7493768,14,78,1.145324,112.11,178.187,1140.307,2,4,compressed_ring_ar
1778547093.1936707,14,79,1.170121,91.53,210.008,1388.68,2,4,compressed_ring_ar
1778547094.38172,14,80,1.077291,110.9,320.983,1149.319,2,4,compressed_ring_ar
1778547095.817179,14,81,1.288281,92.37,206.668,1381.124,2,4,compressed_ring_ar
1778547097.016369,14,82,1.096727,111.26,183.428,1148.106,2,4,compressed_ring_ar
1778547098.394186,14,83,1.106902,95.41,477.841,1335.286,2,4,compressed_ring_ar
1778547099.6610997,14,84,1.121813,104.54,252.761,1220.146,2,4,compressed_ring_ar
1778547100.944128,14,85,1.112396,103.15,220.321,1236.243,2,4,compressed_ring_ar
1778547102.290408,14,86,1.119379,98.08,243.378,1300.082,2,4,compressed_ring_ar
1778547103.5626588,14,87,0.989758,104.11,212.188,1224.363,2,4,compressed_ring_ar
1778547105.1805267,14,88,1.072548,80.95,205.373,1579.809,2,4,compressed_ring_ar
1778547106.527719,14,89,0.987865,98.47,207.919,1298.626,2,4,compressed_ring_ar
1778547107.8841746,14,90,1.09793,97.49,293.86,1311.476,2,4,compressed_ring_ar
1778547109.2184663,14,91,1.020161,99.69,208.841,1279.332,2,4,compressed_ring_ar
1778547110.4807544,14,92,1.117796,104.82,188.473,1215.533,2,4,compressed_ring_ar
1778547111.8395545,14,93,1.084696,96.79,284.071,1321.019,2,4,compressed_ring_ar
1778547113.2864947,14,94,1.013008,91.84,192.286,1392.517,2,4,compressed_ring_ar
1778547114.6379073,14,95,1.091329,97.61,347.992,1307.25,2,4,compressed_ring_ar
1778547115.989889,14,96,1.072312,97.3,306.452,1305.134,2,4,compressed_ring_ar
1778547117.2375114,14,97,1.053131,68.77,181.895,1216.17,2,4,compressed_ring_ar
1778547128.911363,15,0,1.014522,92.25,240.936,1380.902,2,4,compressed_ring_ar
1778547130.0740497,15,1,1.082219,115.28,237.941,1107.886,2,4,compressed_ring_ar
1778547131.4049134,15,2,1.066784,101.78,286.059,1252.967,2,4,compressed_ring_ar
1778547132.7264256,15,3,1.217772,100.98,236.671,1260.226,2,4,compressed_ring_ar
1778547134.0469148,15,4,1.265942,100.19,237.124,1270.746,2,4,compressed_ring_ar
1778547135.2616444,15,5,1.066957,110.04,213.924,1156.125,2,4,compressed_ring_ar
1778547136.5646858,15,6,0.916109,100.79,202.634,1265.396,2,4,compressed_ring_ar
1778547137.9456446,15,7,1.09449,95.98,185.884,1329.292,2,4,compressed_ring_ar
1778547139.2329757,15,8,1.169969,103.81,291.329,1226.458,2,4,compressed_ring_ar
1778547140.4102774,15,9,1.142924,113.81,294.535,1118.213,2,4,compressed_ring_ar
1778547141.927995,15,10,1.184387,86.82,284.599,1469.529,2,4,compressed_ring_ar
1778547143.164536,15,11,0.960101,109.12,196.289,1168.086,2,4,compressed_ring_ar
1778547144.2256196,15,12,1.074197,125.47,372.052,1018.911,2,4,compressed_ring_ar
1778547145.5623078,15,13,1.030995,102.51,583.286,1244.564,2,4,compressed_ring_ar
1778547146.8790832,15,14,1.103091,100.25,354.889,1271.965,2,4,compressed_ring_ar
1778547148.193679,15,15,1.151696,100.96,198.535,1266.486,2,4,compressed_ring_ar
1778547149.6233938,15,16,1.117036,93.77,251.305,1360.647,2,4,compressed_ring_ar
1778547150.882352,15,17,1.191383,108.79,245.802,1175.216,2,4,compressed_ring_ar
1778547152.3324072,15,18,0.976007,90.52,386.155,1412.61,2,4,compressed_ring_ar
1778547153.6817205,15,19,1.105721,97.49,402.571,1308.009,2,4,compressed_ring_ar
1778547154.936101,15,20,0.947975,111.27,220.042,1148.57,2,4,compressed_ring_ar
1778547156.2896771,15,21,0.918375,97.61,355.588,1306.797,2,4,compressed_ring_ar
1778547157.609388,15,22,1.233642,100.25,204.995,1272.121,2,4,compressed_ring_ar
1778547158.9389896,15,23,0.964149,99.91,286.206,1276.319,2,4,compressed_ring_ar
1778547160.1211758,15,24,1.134157,112.74,216.37,1130.302,2,4,compressed_ring_ar
1778547161.4598937,15,25,1.027176,99.11,212.631,1290.103,2,4,compressed_ring_ar
1778547162.8589864,15,26,1.19895,94.53,155.857,1352.213,2,4,compressed_ring_ar
1778547164.071547,15,27,1.153858,110.72,300.738,1154.929,2,4,compressed_ring_ar
1778547165.4610012,15,28,1.112513,97.59,540.887,1309.278,2,4,compressed_ring_ar
1778547166.7762306,15,29,1.050561,100.39,286.131,1269.425,2,4,compressed_ring_ar
1778547167.9604993,15,30,0.999703,113.17,205.33,1128.493,2,4,compressed_ring_ar
1778547169.2662315,15,31,1.09375,101.11,474.255,1264.762,2,4,compressed_ring_ar
1778547170.6552675,15,32,1.262008,95.58,428.872,1338.149,2,4,compressed_ring_ar
1778547171.9700806,15,33,1.016197,101.67,451.785,1257.578,2,4,compressed_ring_ar
1778547173.553051,15,34,0.930285,84.04,226.845,1516.932,2,4,compressed_ring_ar
1778547174.9178393,15,35,1.30618,96.42,195.532,1324.876,2,4,compressed_ring_ar
1778547176.228177,15,36,1.059408,100.74,354.857,1268.35,2,4,compressed_ring_ar
1778547177.8192525,15,37,1.075475,83.71,344.28,1525.179,2,4,compressed_ring_ar
1778547179.213574,15,38,1.266709,97.81,273.482,1307.186,2,4,compressed_ring_ar
1778547180.4917655,15,39,1.152001,103.92,225.633,1230.348,2,4,compressed_ring_ar
1778547181.9870436,15,40,1.2167,88.29,418.986,1445.322,2,4,compressed_ring_ar
1778547183.071519,15,41,1.150463,124.24,334.85,1029.023,2,4,compressed_ring_ar
1778547184.3816814,15,42,1.086797,103.43,548.519,1234.907,2,4,compressed_ring_ar
1778547185.7300897,15,43,1.170401,98.19,418.68,1298.915,2,4,compressed_ring_ar
1778547186.80683,15,44,1.261568,123.13,139.226,1038.655,2,4,compressed_ring_ar
1778547188.1368504,15,45,1.151113,102.01,349.557,1250.225,2,4,compressed_ring_ar
1778547189.462307,15,46,1.038921,99.13,345.856,1284.979,2,4,compressed_ring_ar
1778547190.7453647,15,47,1.131258,102.93,275.982,1239.66,2,4,compressed_ring_ar
1778547192.0499694,15,48,1.063825,103.63,227.119,1233.968,2,4,compressed_ring_ar
1778547193.4905372,15,49,1.101875,91.73,242.119,1393.319,2,4,compressed_ring_ar
1778547194.8771067,15,50,1.168006,94.89,473.319,1347.609,2,4,compressed_ring_ar
1778547196.2090962,15,51,1.042739,99.79,176.673,1281.513,2,4,compressed_ring_ar
1778547197.6169984,15,52,0.967456,95.0,463.916,1345.951,2,4,compressed_ring_ar
1778547199.0013473,15,53,1.166319,95.49,217.243,1335.665,2,4,compressed_ring_ar
1778547200.1905534,15,54,1.003956,111.42,369.714,1147.45,2,4,compressed_ring_ar
1778547201.6093557,15,55,1.096692,94.03,207.744,1356.74,2,4,compressed_ring_ar
1778547203.1957905,15,56,1.21627,83.79,303.095,1522.329,2,4,compressed_ring_ar
1778547204.4584033,15,57,1.163117,104.71,372.211,1215.844,2,4,compressed_ring_ar
1778547205.8339674,15,58,0.998046,95.67,206.872,1333.108,2,4,compressed_ring_ar
1778547207.1010852,15,59,1.260881,104.54,187.947,1223.01,2,4,compressed_ring_ar
1778547208.5664127,15,60,1.028658,90.74,243.861,1405.473,2,4,compressed_ring_ar
1778547209.76977,15,61,1.054439,110.03,226.699,1161.941,2,4,compressed_ring_ar
1778547211.1011615,15,62,1.17675,99.53,193.087,1281.121,2,4,compressed_ring_ar
1778547212.4548492,15,63,1.353747,99.1,327.409,1282.846,2,4,compressed_ring_ar
1778547213.8272028,15,64,1.007556,96.08,258.471,1322.433,2,4,compressed_ring_ar
1778547215.128213,15,65,1.038612,102.3,189.21,1247.095,2,4,compressed_ring_ar
1778547216.2579107,15,66,1.17549,120.6,199.924,1055.771,2,4,compressed_ring_ar
1778547217.5732121,15,67,1.087723,100.24,224.697,1271.72,2,4,compressed_ring_ar
1778547218.8113737,15,68,1.16994,108.81,179.396,1171.626,2,4,compressed_ring_ar
1778547220.250121,15,69,1.02388,91.72,185.188,1393.607,2,4,compressed_ring_ar
1778547221.5403807,15,70,0.981836,101.89,278.707,1251.192,2,4,compressed_ring_ar
1778547222.867136,15,71,0.898021,99.51,203.591,1281.421,2,4,compressed_ring_ar
1778547224.2850978,15,72,1.161274,93.42,316.708,1368.852,2,4,compressed_ring_ar
1778547225.5134144,15,73,1.089038,111.32,348.75,1142.67,2,4,compressed_ring_ar
1778547226.8319383,15,74,1.101227,99.66,321.519,1282.93,2,4,compressed_ring_ar
1778547228.1996465,15,75,1.102092,96.39,317.681,1323.072,2,4,compressed_ring_ar
1778547229.2714365,15,76,1.07741,125.63,158.107,1017.536,2,4,compressed_ring_ar
1778547230.7826657,15,77,1.129261,87.61,388.373,1456.544,2,4,compressed_ring_ar
1778547232.0646553,15,78,1.13388,105.43,169.985,1212.203,2,4,compressed_ring_ar
1778547233.5454392,15,79,0.946012,91.19,447.693,1399.311,2,4,compressed_ring_ar
1778547234.853112,15,80,1.134653,100.54,216.276,1271.864,2,4,compressed_ring_ar
1778547236.2537386,15,81,0.916163,94.78,300.53,1341.518,2,4,compressed_ring_ar
1778547237.6003973,15,82,1.047303,97.54,200.171,1306.881,2,4,compressed_ring_ar
1778547238.9690108,15,83,1.181086,96.31,261.849,1326.061,2,4,compressed_ring_ar
1778547240.4803855,15,84,1.168775,87.69,440.827,1457.062,2,4,compressed_ring_ar
1778547241.951465,15,85,0.907823,91.26,285.956,1399.391,2,4,compressed_ring_ar
1778547243.34463,15,86,1.199666,98.18,229.75,1302.605,2,4,compressed_ring_ar
1778547244.6341493,15,87,1.00414,103.12,245.32,1235.698,2,4,compressed_ring_ar
1778547245.855123,15,88,0.956325,110.04,212.671,1159.013,2,4,compressed_ring_ar
1778547247.1200473,15,89,0.957052,104.82,283.044,1219.0,2,4,compressed_ring_ar
1778547248.5776372,15,90,0.980457,90.57,188.103,1408.519,2,4,compressed_ring_ar
1778547249.8144276,15,91,0.95515,107.64,218.646,1186.939,2,4,compressed_ring_ar
1778547251.066092,15,92,1.224927,106.14,370.157,1200.864,2,4,compressed_ring_ar
1778547252.5546794,15,93,1.186218,88.13,208.506,1450.387,2,4,compressed_ring_ar
1778547253.8911386,15,94,1.094708,99.62,262.096,1280.353,2,4,compressed_ring_ar
1778547255.099637,15,95,0.935889,112.53,183.115,1134.458,2,4,compressed_ring_ar
1778547256.3972366,15,96,1.051304,102.11,392.331,1252.187,2,4,compressed_ring_ar
1778547257.7143052,15,97,0.911498,65.52,252.455,1278.138,2,4,compressed_ring_ar
1778547269.8858519,16,0,0.870764,83.15,425.404,1534.889,2,4,compressed_ring_ar
1778547271.14529,16,1,1.092657,107.1,321.177,1190.887,2,4,compressed_ring_ar
1778547272.539899,16,2,1.159525,94.63,204.189,1347.957,2,4,compressed_ring_ar
1778547273.809054,16,3,1.16041,104.98,182.501,1218.056,2,4,compressed_ring_ar
1778547275.049352,16,4,1.151217,107.15,190.184,1192.223,2,4,compressed_ring_ar
1778547276.3526342,16,5,1.017376,102.09,268.475,1249.501,2,4,compressed_ring_ar
1778547277.653763,16,6,1.177862,101.66,214.317,1251.394,2,4,compressed_ring_ar
1778547279.048677,16,7,0.978732,94.32,200.294,1355.688,2,4,compressed_ring_ar
1778547280.438914,16,8,1.232219,95.05,186.237,1345.462,2,4,compressed_ring_ar
1778547281.830738,16,9,1.104058,95.23,204.267,1339.847,2,4,compressed_ring_ar
1778547283.1768456,16,10,1.130377,98.94,230.544,1289.226,2,4,compressed_ring_ar
1778547284.4748654,16,11,1.207906,104.85,224.493,1213.334,2,4,compressed_ring_ar
1778547285.7260997,16,12,1.042244,105.63,211.927,1206.464,2,4,compressed_ring_ar
1778547287.0849159,16,13,0.988723,97.15,230.768,1313.132,2,4,compressed_ring_ar
1778547288.3984523,16,14,1.297031,100.71,158.844,1268.706,2,4,compressed_ring_ar
1778547289.7782915,16,15,1.175781,97.66,482.504,1309.57,2,4,compressed_ring_ar
1778547291.2424264,16,16,1.11603,91.18,264.461,1399.036,2,4,compressed_ring_ar
1778547292.675751,16,17,1.109128,92.87,427.442,1373.556,2,4,compressed_ring_ar
1778547293.8280158,16,18,1.16517,115.47,143.256,1107.448,2,4,compressed_ring_ar
1778547295.1362317,16,19,1.192449,103.58,339.543,1234.495,2,4,compressed_ring_ar
1778547296.4456348,16,20,1.071187,101.54,156.04,1258.054,2,4,compressed_ring_ar
1778547297.717722,16,21,1.127632,105.09,181.95,1216.71,2,4,compressed_ring_ar
1778547299.0319033,16,22,1.047626,101.22,448.587,1259.565,2,4,compressed_ring_ar
1778547300.331564,16,23,1.041752,101.68,222.47,1253.797,2,4,compressed_ring_ar
1778547301.6263611,16,24,1.022135,102.41,196.837,1247.818,2,4,compressed_ring_ar
1778547302.970597,16,25,0.975898,98.41,280.336,1299.359,2,4,compressed_ring_ar
1778547304.3126087,16,26,0.949351,98.66,265.29,1292.476,2,4,compressed_ring_ar
1778547305.659636,16,27,1.000339,97.63,178.4,1309.65,2,4,compressed_ring_ar
1778547306.940686,16,28,1.144479,103.98,203.753,1228.897,2,4,compressed_ring_ar
1778547308.3576605,16,29,1.141165,94.8,254.133,1347.964,2,4,compressed_ring_ar
1778547309.9595907,16,30,1.117205,82.69,619.47,1546.527,2,4,compressed_ring_ar
1778547311.4218388,16,31,1.020792,91.22,277.769,1400.462,2,4,compressed_ring_ar
1778547312.98832,16,32,1.065355,84.22,403.409,1515.332,2,4,compressed_ring_ar
1778547314.0704496,16,33,0.968665,130.45,186.654,979.892,2,4,compressed_ring_ar
1778547315.4520895,16,34,1.213511,97.23,228.631,1311.936,2,4,compressed_ring_ar
1778547316.5787094,16,35,1.316318,119.63,221.559,1068.586,2,4,compressed_ring_ar
1778547317.8723025,16,36,1.011756,103.16,280.981,1239.52,2,4,compressed_ring_ar
1778547319.2991953,16,37,1.004124,94.54,657.677,1345.616,2,4,compressed_ring_ar
1778547320.5314872,16,38,1.06727,107.4,169.553,1190.639,2,4,compressed_ring_ar
1778547321.8764117,16,39,1.108036,100.07,344.715,1277.57,2,4,compressed_ring_ar
1778547323.2860754,16,40,0.982216,94.67,274.171,1343.127,2,4,compressed_ring_ar
1778547324.4667711,16,41,0.931064,111.75,195.933,1139.987,2,4,compressed_ring_ar
1778547325.8080885,16,42,0.942822,98.01,222.918,1302.151,2,4,compressed_ring_ar
1778547327.0674324,16,43,1.169107,104.96,284.424,1216.969,2,4,compressed_ring_ar
1778547328.524286,16,44,1.056112,91.26,621.138,1401.159,2,4,compressed_ring_ar
1778547329.966682,16,45,1.137349,91.48,382.601,1397.625,2,4,compressed_ring_ar
1778547331.3306034,16,46,1.209751,98.37,251.529,1299.161,2,4,compressed_ring_ar
1778547332.5898373,16,47,1.058792,104.85,158.537,1219.728,2,4,compressed_ring_ar
1778547333.939056,16,48,1.040248,100.44,707.037,1271.595,2,4,compressed_ring_ar
1778547335.1943524,16,49,1.029159,105.36,262.353,1212.23,2,4,compressed_ring_ar
1778547336.5496004,16,50,0.931562,98.92,212.408,1292.709,2,4,compressed_ring_ar
1778547337.807506,16,51,0.906535,106.37,191.832,1193.49,2,4,compressed_ring_ar
1778547339.001548,16,52,1.086915,110.8,160.901,1154.791,2,4,compressed_ring_ar
1778547340.379077,16,53,1.10465,98.28,518.462,1301.438,2,4,compressed_ring_ar
1778547341.66384,16,54,1.237358,103.58,375.438,1234.648,2,4,compressed_ring_ar
1778547343.0623627,16,55,1.112889,97.97,396.757,1302.325,2,4,compressed_ring_ar
1778547344.22046,16,56,0.932196,115.04,353.296,1110.121,2,4,compressed_ring_ar
1778547345.5213215,16,57,1.086022,102.25,342.503,1246.163,2,4,compressed_ring_ar
1778547346.7616162,16,58,1.220624,107.46,219.379,1189.04,2,4,compressed_ring_ar
1778547348.1195946,16,59,1.120491,97.1,235.59,1316.005,2,4,compressed_ring_ar
1778547349.5519545,16,60,0.917263,92.63,208.777,1374.858,2,4,compressed_ring_ar
1778547350.8333514,16,61,0.979529,104.07,230.946,1225.386,2,4,compressed_ring_ar
1778547352.288639,16,62,0.892643,91.34,283.026,1394.409,2,4,compressed_ring_ar
1778547353.3412783,16,63,1.27014,130.7,224.47,974.737,2,4,compressed_ring_ar
1778547354.644773,16,64,1.072457,102.11,232.99,1250.819,2,4,compressed_ring_ar
1778547355.9652948,16,65,1.089838,101.06,166.369,1262.608,2,4,compressed_ring_ar
1778547357.5184186,16,66,1.044659,85.72,241.424,1489.608,2,4,compressed_ring_ar
1778547359.0067585,16,67,1.130208,92.22,195.173,1382.908,2,4,compressed_ring_ar
1778547360.2176037,16,68,1.022073,109.43,139.417,1168.616,2,4,compressed_ring_ar
1778547361.689265,16,69,0.955552,91.07,540.822,1396.981,2,4,compressed_ring_ar
1778547363.1944141,16,70,1.199737,87.15,245.384,1461.263,2,4,compressed_ring_ar
1778547364.4064455,16,71,1.177394,109.13,146.502,1171.022,2,4,compressed_ring_ar
1778547365.741588,16,72,1.043939,99.53,295.517,1283.722,2,4,compressed_ring_ar
1778547367.2173433,16,73,1.150846,90.09,461.881,1418.609,2,4,compressed_ring_ar
1778547368.5800803,16,74,1.049724,96.99,342.633,1318.372,2,4,compressed_ring_ar
1778547369.8255472,16,75,0.970638,106.72,158.953,1198.115,2,4,compressed_ring_ar
1778547371.215839,16,76,0.970621,96.8,450.235,1318.515,2,4,compressed_ring_ar
1778547372.4451463,16,77,1.081881,107.36,360.985,1188.043,2,4,compressed_ring_ar
1778547373.7189686,16,78,1.158001,105.79,212.49,1203.35,2,4,compressed_ring_ar
1778547375.0142922,16,79,0.911027,102.33,142.849,1245.734,2,4,compressed_ring_ar
1778547376.2949092,16,80,1.063519,104.44,404.564,1223.185,2,4,compressed_ring_ar
1778547377.5804026,16,81,1.012645,103.96,398.425,1228.017,2,4,compressed_ring_ar
1778547378.92928,16,82,1.160747,99.2,415.555,1288.059,2,4,compressed_ring_ar
1778547380.2984147,16,83,1.183589,96.55,189.365,1320.684,2,4,compressed_ring_ar
1778547381.6011555,16,84,1.240968,101.1,299.708,1263.841,2,4,compressed_ring_ar
1778547382.9741437,16,85,1.087082,96.14,288.733,1325.468,2,4,compressed_ring_ar
1778547384.3016315,16,86,0.912576,99.89,238.406,1276.779,2,4,compressed_ring_ar
1778547385.4777977,16,87,1.053255,115.55,145.616,1106.566,2,4,compressed_ring_ar
1778547386.8761368,16,88,1.106196,97.0,380.631,1315.192,2,4,compressed_ring_ar
1778547388.3816147,16,89,1.1091,89.55,323.207,1424.065,2,4,compressed_ring_ar
1778547389.6106675,16,90,1.152493,111.51,208.934,1142.806,2,4,compressed_ring_ar
1778547390.905705,16,91,1.0966,103.3,242.554,1231.621,2,4,compressed_ring_ar
1778547392.285414,16,92,1.212605,96.01,329.766,1327.22,2,4,compressed_ring_ar
1778547393.5637305,16,93,1.000201,104.08,203.792,1228.227,2,4,compressed_ring_ar
1778547394.946849,16,94,1.09409,96.86,387.689,1315.001,2,4,compressed_ring_ar
1778547396.2022464,16,95,1.037079,105.91,154.339,1207.396,2,4,compressed_ring_ar
1778547397.5830047,16,96,1.098236,96.85,352.166,1316.23,2,4,compressed_ring_ar
1778547398.7667124,16,97,1.031337,72.66,332.418,1147.949,2,4,compressed_ring_ar
1778547410.5268972,17,0,1.187727,77.94,454.909,1640.919,2,4,compressed_ring_ar
1778547411.973708,17,1,0.986883,92.32,350.671,1384.367,2,4,compressed_ring_ar
1778547413.5225112,17,2,1.245441,85.33,250.286,1493.822,2,4,compressed_ring_ar
1778547414.7909217,17,3,1.01211,107.53,206.151,1188.427,2,4,compressed_ring_ar
1778547416.1681347,17,4,1.168359,96.49,298.631,1325.139,2,4,compressed_ring_ar
1778547417.5624192,17,5,1.044819,94.55,285.701,1349.373,2,4,compressed_ring_ar
1778547418.7883532,17,6,1.100063,108.86,210.949,1170.245,2,4,compressed_ring_ar
1778547420.0774612,17,7,1.022744,102.12,383.923,1248.156,2,4,compressed_ring_ar
1778547421.2903132,17,8,0.942262,110.46,220.588,1154.301,2,4,compressed_ring_ar
1778547422.7119164,17,9,1.133154,92.45,268.205,1379.879,2,4,compressed_ring_ar
1778547424.0532372,17,10,1.270768,99.33,196.756,1281.315,2,4,compressed_ring_ar
1778547425.3163965,17,11,1.120438,105.24,231.023,1211.282,2,4,compressed_ring_ar
1778547426.7046912,17,12,1.111009,96.24,222.002,1328.555,2,4,compressed_ring_ar
1778547428.0062258,17,13,1.104646,101.61,178.258,1253.976,2,4,compressed_ring_ar
1778547429.170216,17,14,1.077404,114.55,374.016,1113.172,2,4,compressed_ring_ar
1778547430.446396,17,15,1.109821,104.47,189.649,1220.738,2,4,compressed_ring_ar
1778547431.6753325,17,16,1.090178,108.0,180.405,1182.661,2,4,compressed_ring_ar
1778547433.1566107,17,17,1.084739,89.1,202.797,1430.449,2,4,compressed_ring_ar
1778547434.4309072,17,18,1.155325,104.36,207.161,1220.885,2,4,compressed_ring_ar
1778547435.6166644,17,19,1.160127,111.2,428.884,1146.725,2,4,compressed_ring_ar
1778547437.0511317,17,20,1.090726,91.58,329.026,1396.237,2,4,compressed_ring_ar
1778547438.319388,17,21,1.061892,109.11,203.032,1171.325,2,4,compressed_ring_ar
1778547439.76503,17,22,1.012222,91.35,186.469,1399.868,2,4,compressed_ring_ar
1778547441.2658074,17,23,1.142047,87.42,429.647,1463.049,2,4,compressed_ring_ar
1778547442.7306032,17,24,1.082678,91.0,208.581,1400.458,2,4,compressed_ring_ar
1778547444.1380692,17,25,1.126719,94.69,218.108,1349.482,2,4,compressed_ring_ar
1778547445.5689912,17,26,1.218684,92.31,255.519,1381.789,2,4,compressed_ring_ar
1778547446.8568108,17,27,1.124226,102.41,203.837,1245.505,2,4,compressed_ring_ar
1778547448.108144,17,28,1.094819,105.57,153.262,1211.43,2,4,compressed_ring_ar
1778547449.6187263,17,29,1.033233,89.39,685.435,1427.499,2,4,compressed_ring_ar
1778547450.827807,17,30,1.086307,109.17,177.206,1171.209,2,4,compressed_ring_ar
1778547452.188066,17,31,1.063644,98.8,345.543,1293.241,2,4,compressed_ring_ar
1778547453.6067958,17,32,1.064166,94.46,409.669,1349.547,2,4,compressed_ring_ar
1778547454.850937,17,33,0.956882,105.99,554.934,1202.458,2,4,compressed_ring_ar
1778547456.092142,17,34,1.24816,107.4,146.312,1188.915,2,4,compressed_ring_ar
1778547457.6128497,17,35,0.936789,86.82,211.108,1468.036,2,4,compressed_ring_ar
1778547458.8976693,17,36,1.02342,102.47,316.002,1244.576,2,4,compressed_ring_ar
1778547460.211686,17,37,1.063679,100.2,200.773,1272.451,2,4,compressed_ring_ar
1778547461.5366225,17,38,1.213588,99.87,230.011,1276.592,2,4,compressed_ring_ar
1778547462.8314526,17,39,1.296004,101.86,226.031,1249.907,2,4,compressed_ring_ar
1778547464.0205538,17,40,0.977373,111.15,372.224,1146.451,2,4,compressed_ring_ar
1778547465.346858,17,41,1.00039,99.53,304.585,1282.476,2,4,compressed_ring_ar
1778547466.4950824,17,42,1.107327,117.73,201.502,1076.919,2,4,compressed_ring_ar
1778547467.7382443,17,43,1.005305,106.04,292.569,1204.979,2,4,compressed_ring_ar
1778547469.1906695,17,44,0.925041,90.45,287.122,1410.728,2,4,compressed_ring_ar
1778547470.5835915,17,45,1.032226,97.25,201.805,1308.342,2,4,compressed_ring_ar
1778547471.7176263,17,46,1.088462,116.41,198.177,1095.207,2,4,compressed_ring_ar
1778547473.035201,17,47,1.129064,100.01,247.268,1275.438,2,4,compressed_ring_ar
1778547474.4364655,17,48,1.137585,94.24,200.143,1356.855,2,4,compressed_ring_ar
1778547475.7958117,17,49,0.96214,98.47,189.846,1298.482,2,4,compressed_ring_ar
1778547477.1585386,17,50,0.9249,97.95,273.641,1300.023,2,4,compressed_ring_ar
1778547478.4534676,17,51,1.014529,102.02,189.167,1252.225,2,4,compressed_ring_ar
1778547479.739353,17,52,0.905433,103.03,258.032,1239.977,2,4,compressed_ring_ar
1778547481.0263183,17,53,0.969975,103.37,444.844,1234.587,2,4,compressed_ring_ar
1778547482.5045218,17,54,1.153572,89.49,401.414,1419.705,2,4,compressed_ring_ar
1778547483.8340056,17,55,0.990586,99.23,203.75,1288.692,2,4,compressed_ring_ar
1778547485.3585882,17,56,1.196821,86.77,244.068,1467.921,2,4,compressed_ring_ar
1778547486.5561645,17,57,1.03642,110.74,235.793,1153.467,2,4,compressed_ring_ar
1778547488.0165493,17,58,0.891372,92.99,500.349,1374.386,2,4,compressed_ring_ar
1778547489.4392257,17,59,1.064147,92.69,219.917,1376.027,2,4,compressed_ring_ar
1778547490.5122068,17,60,0.992339,126.08,214.719,1012.138,2,4,compressed_ring_ar
1778547491.7676506,17,61,1.001692,105.35,310.764,1212.751,2,4,compressed_ring_ar
1778547493.0902965,17,62,1.00424,102.08,391.235,1249.519,2,4,compressed_ring_ar
1778547494.3538117,17,63,1.000098,105.34,225.603,1208.291,2,4,compressed_ring_ar
1778547495.5646505,17,64,0.99393,109.89,171.836,1163.812,2,4,compressed_ring_ar
1778547496.9205742,17,65,1.08229,100.05,275.666,1274.586,2,4,compressed_ring_ar
1778547498.3488593,17,66,1.217614,92.06,267.273,1389.033,2,4,compressed_ring_ar
1778547499.7388427,17,67,1.055363,96.57,237.742,1320.104,2,4,compressed_ring_ar
1778547501.1231978,17,68,1.059987,95.12,279.17,1341.222,2,4,compressed_ring_ar
1778547502.3358192,17,69,1.226047,108.65,344.187,1173.568,2,4,compressed_ring_ar
1778547503.642337,17,70,1.176932,101.19,204.187,1257.315,2,4,compressed_ring_ar
1778547504.8938274,17,71,1.056789,106.09,207.479,1199.824,2,4,compressed_ring_ar
1778547506.1873858,17,72,1.273205,102.05,207.985,1249.534,2,4,compressed_ring_ar
1778547507.5899472,17,73,1.183286,94.3,398.471,1355.962,2,4,compressed_ring_ar
1778547508.955407,17,74,1.041107,97.75,206.161,1303.215,2,4,compressed_ring_ar
1778547510.3181567,17,75,1.010968,96.59,251.157,1319.164,2,4,compressed_ring_ar
1778547511.6325212,17,76,1.14202,100.18,200.729,1273.961,2,4,compressed_ring_ar
1778547513.0644274,17,77,1.0934,91.82,212.166,1386.882,2,4,compressed_ring_ar
1778547514.300832,17,78,0.993625,107.87,216.823,1181.55,2,4,compressed_ring_ar
1778547515.6319695,17,79,1.170835,99.27,249.042,1281.635,2,4,compressed_ring_ar
1778547516.8917313,17,80,1.084151,105.05,223.1,1213.803,2,4,compressed_ring_ar
1778547518.1729858,17,81,1.002969,102.65,346.553,1241.01,2,4,compressed_ring_ar
1778547519.510717,17,82,1.043496,99.55,275.63,1279.109,2,4,compressed_ring_ar
1778547520.6572955,17,83,1.156157,115.45,266.651,1104.007,2,4,compressed_ring_ar
1778547521.8371103,17,84,0.926972,113.01,342.88,1130.376,2,4,compressed_ring_ar
1778547523.356661,17,85,0.99722,86.85,195.23,1472.767,2,4,compressed_ring_ar
1778547524.6737208,17,86,1.043146,100.99,205.053,1266.131,2,4,compressed_ring_ar
1778547526.1122131,17,87,1.019008,91.62,376.828,1393.729,2,4,compressed_ring_ar
1778547527.391271,17,88,0.986927,103.72,219.535,1232.85,2,4,compressed_ring_ar
1778547528.9519925,17,89,1.066041,83.87,479.137,1522.252,2,4,compressed_ring_ar
1778547530.2260268,17,90,1.030836,104.79,231.214,1219.354,2,4,compressed_ring_ar
1778547531.7644331,17,91,1.108299,86.73,288.121,1474.642,2,4,compressed_ring_ar
1778547533.1189106,17,92,0.865866,99.39,234.824,1285.337,2,4,compressed_ring_ar
1778547534.5052629,17,93,1.03221,94.91,233.179,1342.512,2,4,compressed_ring_ar
1778547535.791002,17,94,1.295214,103.5,213.836,1230.199,2,4,compressed_ring_ar
1778547537.0683527,17,95,1.05556,103.83,280.117,1227.915,2,4,compressed_ring_ar
1778547538.4131885,17,96,1.09137,98.31,207.052,1295.482,2,4,compressed_ring_ar
1778547539.7561216,17,97,0.949142,64.96,239.025,1290.204,2,4,compressed_ring_ar
1778547551.3875728,18,0,1.133844,94.93,232.933,1343.418,2,4,compressed_ring_ar
1778547552.6486034,18,1,0.965654,104.43,248.973,1223.375,2,4,compressed_ring_ar
1778547554.083589,18,2,1.011575,91.82,407.583,1388.927,2,4,compressed_ring_ar
1778547555.2517726,18,3,1.083967,113.4,147.178,1127.633,2,4,compressed_ring_ar
1778547556.569858,18,4,1.077178,103.28,427.215,1236.534,2,4,compressed_ring_ar
1778547557.8774183,18,5,1.132657,102.57,328.636,1242.941,2,4,compressed_ring_ar
1778547559.145557,18,6,1.235635,104.59,349.156,1219.676,2,4,compressed_ring_ar
1778547560.3054013,18,7,1.259739,116.25,201.007,1095.741,2,4,compressed_ring_ar
1778547561.5373342,18,8,1.16927,109.88,143.943,1163.76,2,4,compressed_ring_ar
1778547562.8026614,18,9,1.006839,105.45,351.399,1212.702,2,4,compressed_ring_ar
1778547564.2217987,18,10,1.000346,95.21,765.446,1340.606,2,4,compressed_ring_ar
1778547565.884634,18,11,1.040852,78.6,348.157,1624.059,2,4,compressed_ring_ar
1778547567.123104,18,12,1.111381,111.61,192.309,1144.505,2,4,compressed_ring_ar
1778547568.3733122,18,13,1.250818,106.29,129.756,1203.574,2,4,compressed_ring_ar
1778547569.7544637,18,14,1.037755,98.65,672.59,1289.204,2,4,compressed_ring_ar
1778547571.0019846,18,15,1.064538,105.64,245.928,1210.513,2,4,compressed_ring_ar
1778547572.5964284,18,16,0.894555,82.59,579.501,1547.219,2,4,compressed_ring_ar
1778547573.9799635,18,17,1.062707,96.64,455.681,1319.988,2,4,compressed_ring_ar
1778547575.43297,18,18,1.146429,90.8,227.396,1404.774,2,4,compressed_ring_ar
1778547576.7452047,18,19,1.098299,100.89,229.178,1263.249,2,4,compressed_ring_ar
1778547577.90487,18,20,1.180331,113.88,254.233,1122.336,2,4,compressed_ring_ar
1778547579.244139,18,21,0.980244,100.61,375.395,1269.481,2,4,compressed_ring_ar
1778547580.5104077,18,22,1.131709,105.38,191.595,1212.157,2,4,compressed_ring_ar
1778547581.7070875,18,23,0.995717,111.4,395.215,1147.513,2,4,compressed_ring_ar
1778547583.1612601,18,24,1.08059,92.58,352.197,1381.577,2,4,compressed_ring_ar
1778547584.5625656,18,25,1.137098,95.61,420.235,1333.238,2,4,compressed_ring_ar
1778547585.817752,18,26,1.036256,105.64,189.703,1207.229,2,4,compressed_ring_ar
1778547587.1957746,18,27,0.977837,95.23,211.91,1338.631,2,4,compressed_ring_ar
1778547588.510283,18,28,1.124796,102.25,208.973,1250.639,2,4,compressed_ring_ar
1778547589.7955499,18,29,1.03754,105.13,305.055,1213.608,2,4,compressed_ring_ar
1778547591.0825288,18,30,0.913067,102.27,226.858,1247.042,2,4,compressed_ring_ar
1778547592.2982216,18,31,1.07209,111.91,312.112,1139.297,2,4,compressed_ring_ar
1778547593.5428472,18,32,1.159372,111.06,245.009,1144.628,2,4,compressed_ring_ar
1778547594.8642025,18,33,1.053857,100.12,278.558,1277.13,2,4,compressed_ring_ar
1778547596.1901526,18,34,1.19734,101.2,279.193,1262.527,2,4,compressed_ring_ar
1778547597.4625692,18,35,1.034916,104.76,362.327,1217.027,2,4,compressed_ring_ar
1778547598.7006464,18,36,0.981272,107.75,250.936,1180.983,2,4,compressed_ring_ar
1778547599.9225423,18,37,1.218034,107.81,243.491,1185.879,2,4,compressed_ring_ar
1778547601.1373713,18,38,1.036346,110.15,221.697,1159.317,2,4,compressed_ring_ar
1778547602.5310955,18,39,0.997738,94.49,201.432,1353.331,2,4,compressed_ring_ar
1778547603.8860393,18,40,1.10257,97.94,358.509,1302.331,2,4,compressed_ring_ar
1778547605.3065126,18,41,1.283435,92.82,231.222,1377.36,2,4,compressed_ring_ar
1778547606.7051034,18,42,1.003835,93.85,454.109,1358.849,2,4,compressed_ring_ar
1778547607.8576624,18,43,1.03447,115.9,177.152,1103.526,2,4,compressed_ring_ar
1778547609.2524033,18,44,0.945748,96.07,439.78,1324.678,2,4,compressed_ring_ar
1778547610.538339,18,45,1.096689,102.16,196.295,1248.128,2,4,compressed_ring_ar
1778547611.7273884,18,46,0.94886,112.98,355.944,1127.943,2,4,compressed_ring_ar
1778547613.0484352,18,47,1.058782,100.89,186.519,1265.727,2,4,compressed_ring_ar
1778547614.4265444,18,48,1.039042,95.71,224.277,1334.063,2,4,compressed_ring_ar
1778547615.9202027,18,49,0.96679,87.68,422.876,1458.773,2,4,compressed_ring_ar
1778547617.2833393,18,50,0.961328,96.92,280.741,1316.873,2,4,compressed_ring_ar
1778547618.5077853,18,51,1.01563,108.17,221.094,1182.139,2,4,compressed_ring_ar
1778547619.7467995,18,52,1.031456,107.37,390.621,1190.788,2,4,compressed_ring_ar
1778547621.0386305,18,53,0.978051,103.2,222.89,1235.863,2,4,compressed_ring_ar
1778547622.5213466,18,54,1.053043,88.69,270.692,1438.813,2,4,compressed_ring_ar
1778547623.8365192,18,55,1.039164,102.23,161.011,1250.82,2,4,compressed_ring_ar
1778547625.2265875,18,56,1.14716,98.21,160.721,1301.042,2,4,compressed_ring_ar
1778547626.6443038,18,57,1.035003,93.93,382.942,1355.801,2,4,compressed_ring_ar
1778547627.8745394,18,58,0.968135,108.94,196.985,1171.21,2,4,compressed_ring_ar
1778547629.0707111,18,59,1.147037,111.28,184.602,1149.287,2,4,compressed_ring_ar
1778547630.3054602,18,60,1.206054,109.15,287.616,1171.702,2,4,compressed_ring_ar
1778547631.6054788,18,61,0.940704,104.6,426.684,1218.976,2,4,compressed_ring_ar
1778547633.0104656,18,62,0.997657,94.68,242.735,1343.902,2,4,compressed_ring_ar
1778547634.205525,18,63,1.052864,112.22,204.585,1135.751,2,4,compressed_ring_ar
1778547635.4527316,18,64,0.999794,106.25,174.235,1203.512,2,4,compressed_ring_ar
1778547636.857306,18,65,1.139729,93.59,510.925,1361.674,2,4,compressed_ring_ar
1778547638.103393,18,66,1.02934,106.72,244.479,1195.361,2,4,compressed_ring_ar
1778547639.4017742,18,67,1.240908,101.41,363.017,1260.101,2,4,compressed_ring_ar
1778547640.7374434,18,68,1.131865,99.05,285.494,1287.672,2,4,compressed_ring_ar
1778547641.9089544,18,69,0.961036,115.44,152.605,1107.431,2,4,compressed_ring_ar
1778547643.2289994,18,70,1.167809,101.95,411.27,1253.467,2,4,compressed_ring_ar
1778547644.547064,18,71,1.016814,103.44,356.774,1236.213,2,4,compressed_ring_ar
1778547645.821255,18,72,1.249376,104.32,373.411,1224.566,2,4,compressed_ring_ar
1778547647.152719,18,73,1.140916,99.51,201.691,1281.659,2,4,compressed_ring_ar
1778547648.3569498,18,74,1.247708,111.36,166.421,1148.617,2,4,compressed_ring_ar
1778547649.647022,18,75,1.09062,106.51,678.521,1200.661,2,4,compressed_ring_ar
1778547650.9203713,18,76,1.254291,106.03,334.33,1206.085,2,4,compressed_ring_ar
1778547652.2430608,18,77,0.992118,102.55,648.543,1247.003,2,4,compressed_ring_ar
1778547653.6151197,18,78,1.040306,98.79,666.077,1287.465,2,4,compressed_ring_ar
1778547655.0675282,18,79,0.971299,90.65,267.962,1405.564,2,4,compressed_ring_ar
1778547656.3194845,18,80,1.025212,106.46,204.196,1200.265,2,4,compressed_ring_ar
1778547657.7502177,18,81,1.128149,92.23,237.024,1383.947,2,4,compressed_ring_ar
1778547659.1165364,18,82,0.978398,97.31,239.439,1310.415,2,4,compressed_ring_ar
1778547660.305192,18,83,1.097907,113.48,198.222,1123.445,2,4,compressed_ring_ar
1778547661.5064993,18,84,1.044982,111.17,173.161,1150.08,2,4,compressed_ring_ar
1778547662.9986749,18,85,1.120016,90.55,353.647,1411.006,2,4,compressed_ring_ar
1778547664.3502507,18,86,1.159485,97.99,213.358,1304.943,2,4,compressed_ring_ar
1778547665.7382996,18,87,1.027758,95.92,186.68,1332.176,2,4,compressed_ring_ar
1778547667.0745037,18,88,1.10325,98.81,197.219,1290.083,2,4,compressed_ring_ar
1778547668.3414671,18,89,1.164346,104.28,219.494,1222.764,2,4,compressed_ring_ar
1778547669.780822,18,90,1.141062,92.24,208.196,1383.017,2,4,compressed_ring_ar
1778547670.927004,18,91,0.879501,117.26,214.188,1083.862,2,4,compressed_ring_ar
1778547672.1438549,18,92,1.101194,108.18,300.027,1180.882,2,4,compressed_ring_ar
1778547673.4481595,18,93,1.152663,102.03,312.707,1250.239,2,4,compressed_ring_ar
1778547674.7361314,18,94,1.095523,103.36,338.07,1233.657,2,4,compressed_ring_ar
1778547676.054334,18,95,1.197317,100.12,211.339,1271.426,2,4,compressed_ring_ar
1778547677.4393935,18,96,0.961027,95.31,251.166,1337.54,2,4,compressed_ring_ar
1778547678.699942,18,97,1.231479,68.13,198.096,1227.64,2,4,compressed_ring_ar
1778547690.2931812,19,0,1.118854,93.83,401.226,1361.71,2,4,compressed_ring_ar
1778547691.6169696,19,1,1.134,99.89,418.747,1276.942,2,4,compressed_ring_ar
1778547692.7065668,19,2,1.001276,121.48,402.405,1052.442,2,4,compressed_ring_ar
1778547694.0131116,19,3,0.949645,101.77,386.192,1255.631,2,4,compressed_ring_ar
1778547695.3151374,19,4,1.055016,101.78,476.217,1253.528,2,4,compressed_ring_ar
1778547696.5570798,19,5,1.094565,107.1,211.887,1193.082,2,4,compressed_ring_ar
1778547697.7840955,19,6,1.329851,108.04,226.748,1182.299,2,4,compressed_ring_ar
1778547699.0716298,19,7,1.020551,102.65,454.46,1245.398,2,4,compressed_ring_ar
1778547700.36355,19,8,1.118676,102.33,207.942,1243.396,2,4,compressed_ring_ar
1778547701.6428714,19,9,0.992968,103.94,270.129,1224.095,2,4,compressed_ring_ar
1778547703.013566,19,10,1.176937,95.99,220.13,1325.631,2,4,compressed_ring_ar
1778547704.3192747,19,11,1.091348,102.11,188.892,1252.266,2,4,compressed_ring_ar
1778547705.6284204,19,12,1.188683,101.63,269.548,1257.684,2,4,compressed_ring_ar
1778547706.9791157,19,13,1.109953,97.82,339.373,1301.693,2,4,compressed_ring_ar
1778547708.2490578,19,14,0.9934,104.93,256.801,1213.782,2,4,compressed_ring_ar
1778547709.5397093,19,15,0.970774,102.32,273.889,1243.202,2,4,compressed_ring_ar
1778547710.7281294,19,16,1.013048,111.71,172.704,1143.993,2,4,compressed_ring_ar
1778547712.1380596,19,17,1.014487,95.34,339.836,1341.572,2,4,compressed_ring_ar
1778547713.4459124,19,18,1.209666,101.73,500.802,1255.785,2,4,compressed_ring_ar
1778547714.8855422,19,19,0.960917,92.61,209.71,1380.805,2,4,compressed_ring_ar
1778547716.1739619,19,20,1.068398,103.11,254.133,1240.071,2,4,compressed_ring_ar
1778547717.6271112,19,21,1.303855,91.24,346.523,1401.723,2,4,compressed_ring_ar
1778547719.0575001,19,22,0.988215,92.4,296.085,1384.09,2,4,compressed_ring_ar
1778547720.4277053,19,23,1.000255,96.91,345.071,1319.37,2,4,compressed_ring_ar
1778547721.8327675,19,24,1.070922,94.92,238.612,1342.816,2,4,compressed_ring_ar
1778547723.3235028,19,25,1.062996,88.26,201.005,1444.456,2,4,compressed_ring_ar
1778547724.5912604,19,26,1.004041,105.5,203.654,1211.763,2,4,compressed_ring_ar
1778547725.9818747,19,27,1.155637,96.07,186.211,1327.909,2,4,compressed_ring_ar
1778547727.3514204,19,28,0.890807,96.53,212.277,1319.162,2,4,compressed_ring_ar
1778547728.7329917,19,29,1.004625,95.69,297.836,1328.288,2,4,compressed_ring_ar
1778547729.949331,19,30,1.069632,108.54,196.806,1175.237,2,4,compressed_ring_ar
1778547731.184687,19,31,1.074508,106.82,232.715,1192.067,2,4,compressed_ring_ar
1778547732.36649,19,32,0.945408,113.93,270.702,1122.647,2,4,compressed_ring_ar
1778547733.7256217,19,33,1.055098,99.51,462.507,1281.51,2,4,compressed_ring_ar
1778547735.0481846,19,34,1.08891,100.03,288.63,1276.088,2,4,compressed_ring_ar
1778547736.2804053,19,35,0.954794,107.61,188.942,1187.048,2,4,compressed_ring_ar
1778547737.6958141,19,36,1.034345,93.14,214.094,1372.865,2,4,compressed_ring_ar
1778547739.1323097,19,37,1.221708,92.83,216.91,1370.94,2,4,compressed_ring_ar
1778547740.2707248,19,38,0.968128,116.41,169.297,1094.154,2,4,compressed_ring_ar
1778547741.8477936,19,39,1.121798,83.04,543.999,1537.664,2,4,compressed_ring_ar
1778547743.3037562,19,40,1.233986,90.94,301.122,1402.325,2,4,compressed_ring_ar
1778547744.5878212,19,41,1.060617,103.04,182.204,1234.861,2,4,compressed_ring_ar
1778547745.928508,19,42,1.05106,98.44,242.552,1293.58,2,4,compressed_ring_ar
1778547747.2191768,19,43,0.951614,102.36,203.886,1246.147,2,4,compressed_ring_ar
1778547748.4334168,19,44,1.156809,109.6,250.238,1165.715,2,4,compressed_ring_ar
1778547749.7401576,19,45,1.111229,101.26,438.558,1262.688,2,4,compressed_ring_ar
1778547751.0559535,19,46,1.003785,100.8,224.964,1265.245,2,4,compressed_ring_ar
1778547752.344953,19,47,1.070756,103.44,239.259,1235.257,2,4,compressed_ring_ar
1778547753.771639,19,48,0.841395,93.5,367.231,1366.453,2,4,compressed_ring_ar
1778547755.1228836,19,49,1.101815,98.43,202.328,1296.479,2,4,compressed_ring_ar
1778547756.431939,19,50,1.234811,101.28,214.786,1254.384,2,4,compressed_ring_ar
1778547757.6337194,19,51,0.872981,110.98,201.638,1150.656,2,4,compressed_ring_ar
1778547759.0230966,19,52,1.193175,95.14,239.153,1338.492,2,4,compressed_ring_ar
1778547760.3372078,19,53,1.026829,100.45,204.39,1266.121,2,4,compressed_ring_ar
1778547761.5737638,19,54,1.000725,107.81,187.08,1185.883,2,4,compressed_ring_ar
1778547762.8646224,19,55,1.05757,102.89,208.604,1242.868,2,4,compressed_ring_ar
1778547764.25551,19,56,1.142641,96.24,204.153,1327.552,2,4,compressed_ring_ar
1778547765.6391377,19,57,1.023638,97.14,217.997,1316.352,2,4,compressed_ring_ar
1778547766.903286,19,58,0.985294,105.15,209.643,1211.389,2,4,compressed_ring_ar
1778547768.2847555,19,59,1.156538,95.68,212.432,1331.072,2,4,compressed_ring_ar
1778547769.7967243,19,60,1.239152,87.05,326.798,1469.594,2,4,compressed_ring_ar
1778547770.9098845,19,61,1.036595,123.91,164.654,1031.357,2,4,compressed_ring_ar
1778547772.4651828,19,62,1.227697,84.42,429.671,1510.124,2,4,compressed_ring_ar
1778547773.7198398,19,63,1.07078,105.92,236.997,1203.761,2,4,compressed_ring_ar
1778547775.057179,19,64,0.990514,98.98,219.759,1288.653,2,4,compressed_ring_ar
1778547776.4307625,19,65,1.135351,96.02,174.672,1330.425,2,4,compressed_ring_ar
1778547777.6963305,19,66,1.029511,105.47,244.313,1211.347,2,4,compressed_ring_ar
1778547779.165929,19,67,1.109102,89.44,426.315,1425.878,2,4,compressed_ring_ar
1778547780.3417492,19,68,1.201526,114.1,248.393,1117.541,2,4,compressed_ring_ar
1778547781.7363799,19,69,1.085635,94.27,221.049,1353.035,2,4,compressed_ring_ar
1778547783.079762,19,70,1.059548,98.02,221.491,1298.83,2,4,compressed_ring_ar
1778547784.168937,19,71,1.047229,124.4,184.591,1026.953,2,4,compressed_ring_ar
1778547785.5698786,19,72,1.101694,94.11,222.414,1353.322,2,4,compressed_ring_ar
1778547786.8288817,19,73,1.052999,104.93,209.321,1215.137,2,4,compressed_ring_ar
1778547788.162557,19,74,0.918977,99.04,207.699,1287.705,2,4,compressed_ring_ar
1778547789.499264,19,75,1.096727,100.95,236.771,1261.003,2,4,compressed_ring_ar
1778547790.7617495,19,76,1.046448,105.42,199.651,1208.553,2,4,compressed_ring_ar
1778547792.0066893,19,77,1.133268,107.08,526.83,1194.091,2,4,compressed_ring_ar
1778547793.4380286,19,78,0.948472,92.2,236.59,1386.926,2,4,compressed_ring_ar
1778547794.8395374,19,79,1.098976,94.4,311.51,1351.158,2,4,compressed_ring_ar
1778547796.0176218,19,80,1.011115,115.05,191.842,1105.603,2,4,compressed_ring_ar
1778547797.4433835,19,81,1.103455,92.43,250.362,1380.656,2,4,compressed_ring_ar
1778547798.9350185,19,82,1.025998,90.19,216.765,1417.999,2,4,compressed_ring_ar
1778547800.6891003,19,83,1.180708,76.34,339.468,1675.778,2,4,compressed_ring_ar
1778547802.284798,19,84,1.102921,84.82,230.833,1504.041,2,4,compressed_ring_ar
1778547803.5866067,19,85,1.063673,105.5,211.44,1211.838,2,4,compressed_ring_ar
1778547804.920528,19,86,1.068255,101.31,294.236,1262.236,2,4,compressed_ring_ar
1778547806.4807007,19,87,1.035215,84.44,542.322,1514.415,2,4,compressed_ring_ar
1778547808.0822186,19,88,0.990734,82.68,725.038,1546.818,2,4,compressed_ring_ar
1778547809.546517,19,89,1.003423,89.87,497.932,1421.965,2,4,compressed_ring_ar
1778547811.010516,19,90,0.92955,90.44,499.074,1414.175,2,4,compressed_ring_ar
1778547812.2471135,19,91,0.995536,107.56,133.524,1189.221,2,4,compressed_ring_ar
1778547813.7169616,19,92,1.048103,92.53,822.926,1382.246,2,4,compressed_ring_ar
1778547815.2247584,19,93,1.019769,89.17,733.159,1430.711,2,4,compressed_ring_ar
1778547816.446193,19,94,1.076538,109.08,228.526,1169.936,2,4,compressed_ring_ar
1778547817.9019394,19,95,1.187607,90.89,436.211,1401.945,2,4,compressed_ring_ar
1778547819.2183816,19,96,1.013504,102.35,180.857,1249.224,2,4,compressed_ring_ar
1778547820.8267164,19,97,1.123368,53.93,323.525,1552.78,2,4,compressed_ring_ar
1778547832.7704215,20,0,1.033653,86.42,499.219,1476.076,2,4,compressed_ring_ar
1778547834.065367,20,1,1.046372,102.31,266.52,1246.838,2,4,compressed_ring_ar
1778547835.488989,20,2,1.044604,92.91,241.612,1373.193,2,4,compressed_ring_ar
1778547836.787009,20,3,1.028111,105.28,229.277,1211.599,2,4,compressed_ring_ar
1778547838.0100152,20,4,1.338089,108.41,196.655,1174.962,2,4,compressed_ring_ar
1778547839.3601098,20,5,1.06677,97.74,297.962,1308.379,2,4,compressed_ring_ar
1778547840.600143,20,6,0.853624,108.02,231.713,1177.485,2,4,compressed_ring_ar
1778547841.817534,20,7,1.094676,108.25,198.127,1177.586,2,4,compressed_ring_ar
1778547843.199966,20,8,0.980915,95.11,226.32,1340.872,2,4,compressed_ring_ar
1778547844.572096,20,9,0.973587,96.89,205.407,1319.305,2,4,compressed_ring_ar
1778547845.7464533,20,10,0.884711,114.02,346.208,1117.408,2,4,compressed_ring_ar
1778547847.0696747,20,11,1.055423,99.37,264.124,1283.436,2,4,compressed_ring_ar
1778547848.4185958,20,12,0.93818,98.21,227.681,1302.11,2,4,compressed_ring_ar
1778547849.6122856,20,13,0.998898,114.04,190.365,1120.155,2,4,compressed_ring_ar
1778547850.9307957,20,14,0.919505,101.01,268.512,1262.835,2,4,compressed_ring_ar
1778547852.2331328,20,15,1.007207,102.43,310.294,1244.328,2,4,compressed_ring_ar
1778547853.7281663,20,16,1.097548,92.52,515.436,1382.254,2,4,compressed_ring_ar
1778547855.1340945,20,17,1.09796,95.91,426.012,1332.349,2,4,compressed_ring_ar
1778547856.5738013,20,18,1.171599,94.33,404.155,1354.868,2,4,compressed_ring_ar
1778547857.9163177,20,19,0.946831,98.52,343.669,1294.076,2,4,compressed_ring_ar
1778547859.1049073,20,20,1.145902,112.68,151.808,1133.562,2,4,compressed_ring_ar
1778547860.419956,20,21,1.030676,100.36,338.544,1270.536,2,4,compressed_ring_ar
1778547861.7568307,20,22,1.082066,99.27,253.798,1281.954,2,4,compressed_ring_ar
1778547863.0693471,20,23,1.029024,101.98,223.424,1254.035,2,4,compressed_ring_ar
1778547864.4247785,20,24,1.147102,97.26,277.134,1313.632,2,4,compressed_ring_ar
1778547865.8763065,20,25,0.946495,90.94,644.735,1406.307,2,4,compressed_ring_ar
1778547867.3587923,20,26,1.147173,89.18,222.373,1433.166,2,4,compressed_ring_ar
1778547868.6764076,20,27,1.257305,101.55,202.613,1259.112,2,4,compressed_ring_ar
1778547869.9522007,20,28,1.071759,104.59,193.693,1219.28,2,4,compressed_ring_ar
1778547871.3769784,20,29,1.019336,92.89,215.088,1373.623,2,4,compressed_ring_ar
1778547872.702285,20,30,1.081975,99.26,197.923,1282.692,2,4,compressed_ring_ar
1778547873.782206,20,31,1.005446,123.02,194.881,1037.727,2,4,compressed_ring_ar
1778547875.064341,20,32,1.048986,103.93,225.277,1225.812,2,4,compressed_ring_ar
1778547876.469151,20,33,1.138779,95.0,277.73,1343.946,2,4,compressed_ring_ar
1778547877.6323495,20,34,1.023913,119.48,253.615,1070.061,2,4,compressed_ring_ar
1778547879.0803337,20,35,0.983462,91.71,201.174,1391.166,2,4,compressed_ring_ar
1778547880.1740513,20,36,1.178618,124.57,161.722,1026.461,2,4,compressed_ring_ar
1778547881.5326905,20,37,1.076681,99.54,321.994,1281.624,2,4,compressed_ring_ar
1778547882.8432171,20,38,1.021859,101.32,379.604,1258.294,2,4,compressed_ring_ar
1778547884.0054154,20,39,1.108444,114.05,257.552,1120.324,2,4,compressed_ring_ar
1778547885.3268108,20,40,1.098191,100.76,492.312,1268.173,2,4,compressed_ring_ar
1778547886.7962618,20,41,1.085047,91.35,281.886,1395.779,2,4,compressed_ring_ar
1778547888.0169168,20,42,1.101547,107.86,222.477,1185.546,2,4,compressed_ring_ar
1778547889.3684134,20,43,1.093631,99.05,432.766,1288.128,2,4,compressed_ring_ar
1778547890.662698,20,44,1.0759,102.49,201.36,1241.265,2,4,compressed_ring_ar
1778547891.9660778,20,45,1.323408,101.29,203.634,1256.991,2,4,compressed_ring_ar
1778547893.3002448,20,46,1.147306,99.2,219.992,1284.884,2,4,compressed_ring_ar
1778547894.529921,20,47,1.015022,108.59,193.322,1174.084,2,4,compressed_ring_ar
1778547895.8802407,20,48,1.0625,100.24,218.575,1272.128,2,4,compressed_ring_ar
1778547897.292457,20,49,1.194432,93.89,239.87,1356.452,2,4,compressed_ring_ar
1778547898.68165,20,50,1.126786,95.26,397.837,1339.177,2,4,compressed_ring_ar
1778547899.9698637,20,51,1.154258,102.77,198.519,1243.233,2,4,compressed_ring_ar
1778547901.3782144,20,52,1.132554,94.58,392.806,1348.636,2,4,compressed_ring_ar
1778547902.8444967,20,53,1.119396,90.27,241.382,1416.605,2,4,compressed_ring_ar
1778547904.2384496,20,54,1.147034,97.72,332.941,1303.79,2,4,compressed_ring_ar
1778547905.5185752,20,55,1.146215,103.26,520.061,1238.258,2,4,compressed_ring_ar
1778547906.9042196,20,56,1.177598,97.46,360.455,1310.486,2,4,compressed_ring_ar
1778547908.1625347,20,57,1.041755,104.97,355.199,1217.155,2,4,compressed_ring_ar
1778547909.4625716,20,58,0.999164,103.21,332.98,1238.719,2,4,compressed_ring_ar
1778547910.7415683,20,59,0.956205,104.52,173.462,1223.482,2,4,compressed_ring_ar
1778547912.0948007,20,60,0.924943,97.63,440.192,1306.683,2,4,compressed_ring_ar
1778547913.6153276,20,61,1.088193,87.79,211.467,1456.774,2,4,compressed_ring_ar
1778547914.916881,20,62,0.963404,102.7,219.303,1241.818,2,4,compressed_ring_ar
1778547916.1612983,20,63,0.983472,107.05,155.522,1194.66,2,4,compressed_ring_ar
1778547917.4928524,20,64,1.061763,101.51,448.68,1257.237,2,4,compressed_ring_ar
1778547918.8329363,20,65,1.015662,98.47,227.949,1295.394,2,4,compressed_ring_ar
1778547920.1460218,20,66,1.215874,101.04,231.98,1262.067,2,4,compressed_ring_ar
1778547921.2683184,20,67,1.06905,119.11,142.16,1073.543,2,4,compressed_ring_ar
1778547922.5718915,20,68,0.915101,104.07,399.63,1225.396,2,4,compressed_ring_ar
1778547924.079335,20,69,0.889125,89.7,727.371,1425.597,2,4,compressed_ring_ar
1778547925.622373,20,70,1.041318,85.22,187.369,1500.523,2,4,compressed_ring_ar
1778547927.0734217,20,71,1.031746,91.99,236.224,1383.988,2,4,compressed_ring_ar
1778547928.3064063,20,72,1.083459,106.79,207.185,1197.267,2,4,compressed_ring_ar
1778547929.7707615,20,73,1.109051,90.98,211.213,1397.938,2,4,compressed_ring_ar
1778547931.1397312,20,74,1.073584,97.27,222.837,1309.793,2,4,compressed_ring_ar
1778547932.3106909,20,75,0.976008,113.05,179.329,1130.196,2,4,compressed_ring_ar
1778547933.5779846,20,76,1.187028,104.55,311.238,1222.49,2,4,compressed_ring_ar
1778547934.8494089,20,77,0.887728,105.05,305.261,1217.325,2,4,compressed_ring_ar
1778547936.2948618,20,78,1.145468,93.56,644.203,1363.321,2,4,compressed_ring_ar
1778547937.5198665,20,79,1.00125,109.98,218.737,1160.043,2,4,compressed_ring_ar
1778547938.8846474,20,80,1.012251,96.54,193.172,1324.448,2,4,compressed_ring_ar
1778547940.3074176,20,81,1.024055,93.03,178.748,1369.812,2,4,compressed_ring_ar
1778547941.5454142,20,82,1.15715,107.29,123.128,1191.624,2,4,compressed_ring_ar
1778547943.0081646,20,83,1.001109,92.85,815.569,1376.098,2,4,compressed_ring_ar
1778547944.3247833,20,84,1.076648,101.01,403.645,1264.801,2,4,compressed_ring_ar
1778547945.6070354,20,85,1.083522,103.89,376.386,1227.159,2,4,compressed_ring_ar
1778547946.8497226,20,86,1.049114,107.47,409.122,1189.954,2,4,compressed_ring_ar
1778547948.1182284,20,87,1.011719,105.45,394.443,1212.167,2,4,compressed_ring_ar
1778547949.4267328,20,88,1.234389,103.13,374.975,1239.617,2,4,compressed_ring_ar
1778547950.7684054,20,89,1.216018,100.49,370.988,1269.737,2,4,compressed_ring_ar
1778547952.0348194,20,90,1.119774,104.44,269.112,1224.268,2,4,compressed_ring_ar
1778547953.5632298,20,91,1.059109,85.86,221.616,1489.496,2,4,compressed_ring_ar
1778547954.8183398,20,92,1.09457,106.01,151.519,1205.171,2,4,compressed_ring_ar
1778547956.4225674,20,93,1.119903,81.69,610.893,1565.892,2,4,compressed_ring_ar
1778547957.7772532,20,94,0.990157,100.13,211.745,1277.023,2,4,compressed_ring_ar
1778547959.0868702,20,95,1.179715,101.26,190.331,1262.84,2,4,compressed_ring_ar
1778547960.588129,20,96,1.102308,87.87,213.192,1455.447,2,4,compressed_ring_ar
1778547961.7273214,20,97,1.060841,76.73,197.427,1087.944,2,4,compressed_ring_ar
